Iteration	Posterior	Likelihood	Prior	alpha_dir	alpha_morpho	brlens[1]	brlens[2]	brlens[3]	brlens[4]	brlens[5]	brlens[6]	brlens[7]	brlens[8]	brlens[9]	brlens[10]	brlens[11]	char_rates[1]	char_rates[2]	char_rates[3]	char_rates[4]	model_indicator	tree_length
0	-309.0842	-361.5651	52.4809	10	0.4957078	0.384985	0.0392104	0.0501907	0.0933205	0.0917685	0.0680536	0.0388294	0.036679	0.11466	0.0309048	0.0517384	0.032595	0.249105	0.81712	2.90118	5	1.00034
1000	-123.1823	-179.8031	56.6208	10	0.2443807	0.00279476	0.00320435	0.0013494	0.0396713	0.0151139	0.00738486	0.00134895	0.0828954	0.00777931	0.0129893	0.548282	0.00186013	0.0626629	0.489485	3.44599	5	0.7228139
2000	-133.6558	-183.5461	49.89026	10	1.163229	0.0386243	0.0127864	0.00971189	0.0525189	0.00368979	0.00809763	0.0313584	0.141992	0.0331022	0.0203629	0.643679	0.168326	0.52086	1.02254	2.28827	5	0.9959231
3000	-118.9819	-178.7065	59.7246	10	0.8861881	0.00170863	0.0137581	0.0149653	0.000762933	0.00324943	0.0135637	0.0313715	0.111607	0.00435974	0.0205596	0.539423	0.113724	0.439651	0.978247	2.46838	5	0.7553285
4000	-129.5075	-178.7487	49.2412	10	2.486723	0.0222456	0.0146952	0.00990102	3.39531e-05	0.0161179	0.0223915	0.011192	0.161325	0.00817663	0.0296571	0.763367	0.345194	0.698462	1.07848	1.87787	5	1.059103
5000	-123.6907	-183.3628	59.6721	10	1.729635	0.0190493	0.0023084	0.00047414	0.0284872	0.010796	0.0181437	0.0424798	0.0127492	0.210565	0.0156527	0.401937	0.258718	0.622795	1.06148	2.05701	5	0.7626422
6000	-117.3621	-177.5247	60.16264	10	1.008019	0.00400869	0.00266155	0.0655513	0.0181792	0.00783065	0.016983	0.0255936	0.0102992	0.10668	0.0150059	0.555316	0.138551	0.479149	1.00132	2.38098	5	0.8281084
7000	-120.6795	-183.9187	63.23912	10	0.7219861	0.0230518	0.00963444	0.00449475	0.0552947	0.0170127	0.0161085	0.00236212	0.0373788	0.128081	0.00581702	0.481843	0.0788893	0.373722	0.932751	2.61464	5	0.7810786
8000	-134.1442	-181.4209	47.27667	10	7.741112	0.00732547	0.0146416	0.0135246	0.00447226	0.0196565	0.0102899	0.00887381	0.247296	0.0140296	0.0516768	0.670466	0.58713	0.849572	1.07723	1.48606	5	1.062252
9000	-127.0034	-179.3613	52.35791	10	1.695966	0.00102865	0.00184836	0.0451983	0.00559869	0.00116112	0.0155127	0.0207946	0.00224085	0.0901835	0.0194175	0.460517	0.25407	0.618227	1.06012	2.06758	5	0.6635011
10000	-125.6998	-183.8009	58.10113	10	0.7778894	0.0121733	0.0131796	0.00152754	0.0108666	0.000509966	0.0466521	0.00854813	0.0767374	0.0200171	0.0831655	0.744554	0.0908459	0.398077	0.950635	2.56044	5	1.017931
11000	-128.4467	-180.3832	51.9365	10	0.7041191	0.00197553	0.022501	0.0131032	0.0267145	0.0160745	0.0118516	0.0148129	0.124348	0.0176447	0.00625418	0.894098	0.0750683	0.365467	0.926385	2.63308	5	1.149378
12000	-126.173	-178.6588	52.48582	10	0.6981592	0.0083494	0.00424901	0.000673568	0.00991117	0.0145202	0.0240505	0.00632776	0.0940336	0.0111238	0.024411	0.488205	0.0737951	0.36266	0.924184	2.63936	5	0.6858555
13000	-123.9448	-180.2768	56.33198	10	1.399721	0.0161171	0.0218489	0.0170094	0.0228186	0.0121202	0.00745716	0.0188753	0.151201	0.00714457	0.0331033	0.480316	0.209407	0.570967	1.04395	2.17568	5	0.7880107
14000	-123.7124	-179.073	55.36058	10	1.848215	0.0165378	0.00918158	0.0448145	0.00502754	0.0170403	0.0391897	0.0174923	0.0672477	0.0113787	0.0562952	0.655805	0.274457	0.637837	1.06568	2.02202	5	0.94001
15000	-126.6783	-180.7322	54.05395	10	0.5245438	0.0127772	0.00148556	0.206529	0.0160976	0.00284078	0.0355591	0.0170427	0.00116006	0.0130723	0.0494742	0.843768	0.0380221	0.267637	0.837337	2.857	5	1.199806
16000	-134.289	-181.4839	47.19489	10	5.422579	0.0173347	0.0175394	0.150017	0.000848775	0.0142844	0.0155436	0.0103359	0.00519962	0.164001	0.0749113	0.830933	0.518735	0.813429	1.0825	1.58534	5	1.300949
17000	-131.9722	-180.592	48.61978	10	1.244831	0.0119572	0.0197566	0.023812	0.034638	0.00891903	0.0625174	0.0422359	0.219695	0.0033243	0.0327662	1.07265	0.183083	0.539727	1.03112	2.24607	5	1.532272
18000	-132.7209	-182.6527	49.9318	10	2.155908	0.00653125	0.0145197	0.00233875	0.0622069	0.00318253	0.0452189	0.0127112	0.118502	0.027171	0.025529	0.687378	0.311201	0.670631	1.07344	1.94473	5	1.005288
19000	-128.8084	-184.2434	55.43508	10	1.08698	0.0202632	0.00632393	0.0999535	0.0204054	0.00709781	0.0248102	0.0261734	0.07275	0.0339895	0.00412857	0.672321	0.153975	0.50142	1.01304	2.33157	5	0.9882167
20000	-139.0711	-178.501	39.42986	2	1.718672	0.0185858	0.000130375	0.00271825	0.00616799	0.00528767	0.00607627	0.0114965	0.119776	0.00763606	0.0250305	0.389446	0.257214	0.621323	1.06104	2.06042	4	0.5923513
21000	-146.5061	-180.3229	33.81679	1	0.2241337	0.0044832	0.00639438	0.0138211	0.00214847	0.0106401	0.00879045	0.00929407	0.0065158	0.209235	0.0200719	0.388655	0.00111696	0.0487547	0.443677	3.50645	3	0.6800488
22000	-122.6653	-182.1837	59.51841	10	2.176729	0.0204071	0.0115587	0.0052524	0.0124817	0.0249438	0.0139307	0.0267196	0.000669804	0.0705748	0.0376984	0.448355	0.313496	0.672581	1.07384	1.94008	5	0.6725925
23000	-131.2356	-189.9709	58.73529	10	1.297806	0.0280344	0.0633732	0.0496717	0.0154493	0.0172684	0.0581486	0.014365	0.184286	0.0217801	0.0542871	0.436049	0.192332	0.551033	1.03596	2.22068	5	0.9427135
24000	-150.5784	-186.2944	35.71605	2	2.03948	0.0141284	0.000162389	0.0999784	0.0239319	0.00123865	0.0209326	0.0465865	0.0447212	0.011251	0.0285752	0.397195	0.297942	0.659147	1.07095	1.97196	4	0.6887013
25000	-125.361	-183.7142	58.35319	10	0.6319765	0.0115053	0.0170225	0.000710083	0.0376806	0.0163728	0.0499764	0.0169365	0.208511	0.000556541	0.0084212	0.465714	0.0597631	0.329587	0.896795	2.71386	5	0.8334072
26000	-129.1097	-184.6023	55.49259	10	2.717746	0.0089998	0.0231878	0.00324076	0.0493903	0.0332325	0.0510327	0.0129468	0.0257041	0.079733	0.026252	0.591334	0.366175	0.714597	1.08072	1.83851	5	0.9050537
27000	-130.8274	-183.8043	52.97694	10	0.7956632	0.01221	0.00336209	0.154587	0.00545391	0.0042172	0.00832834	0.00434764	0.0116366	0.0412757	0.0255911	0.564467	0.0946356	0.405382	0.955746	2.54424	5	0.8354759
28000	-131.8922	-186.1986	54.30642	10	0.8776639	0.00794938	0.0155167	0.0310304	0.0992715	0.00209919	0.00804016	0.0291073	0.0204603	0.169523	0.00975788	0.490103	0.111946	0.43662	0.976352	2.47508	5	0.8828588
29000	-130.0334	-182.347	52.31361	10	1.538117	0.0125859	0.013555	0.0398752	0.0152681	0.0221434	0.015864	0.0128575	0.00111331	0.155202	0.0455146	0.392092	0.231151	0.59478	1.05258	2.12148	5	0.7260711
30000	-120.4164	-180.6407	60.22435	10	1.074986	0.00715825	0.0156565	0.025025	0.00306743	0.0135076	0.0106402	0.00415686	0.10314	0.0194162	0.0322668	0.429866	0.151668	0.498186	1.01139	2.33875	5	0.663901
31000	-126.05	-180.8644	54.81435	10	2.275511	0.00562685	0.0102777	0.00224811	0.0321201	0.012973	0.0144307	0.023921	0.00198497	0.199798	0.0185099	0.350722	0.324085	0.68144	1.07557	1.91891	5	0.6726128
32000	-121.9635	-181.9771	60.01361	10	1.413655	0.0111453	0.0012951	0.107226	0.000269233	0.00370615	0.0270513	0.0172303	0.0176326	0.0583931	0.0483842	0.386732	0.211671	0.573524	1.04492	2.16988	5	0.6790656
33000	-126.6181	-181.2604	54.64234	10	4.053814	0.0145611	0.0242565	0.0666187	0.000642482	0.0201032	0.0213382	0.00397872	0.00780658	0.159568	0.0356642	0.498741	0.457294	0.77705	1.08439	1.68127	5	0.853278
34000	-128.6218	-182.8067	54.18494	10	3.702798	0.0411887	0.00420911	0.094252	0.0437904	0.00968539	0.0203619	0.0168483	0.203692	0.0278067	0.00807108	0.724793	0.437251	0.764261	1.08432	1.71417	5	1.194698
35000	-124.8309	-178.7436	53.91271	10	2.455018	0.00801442	0.00318717	0.00152253	0.0337858	0.0101231	0.00661223	0.0100625	0.00400965	0.160728	0.0139618	0.418126	0.34215	0.696058	1.0781	1.88369	5	0.6701329
36000	-121.8436	-180.3743	58.53074	10	1.783666	0.0194697	0.00934837	0.00583309	0.0178486	0.00301414	0.0274654	0.0265756	0.00204163	0.0871699	0.028823	0.418243	0.266008	0.629843	1.0635	2.04065	5	0.6458327
37000	-128.0364	-179.8948	51.85845	10	0.4169617	0.0124893	0.00742864	0.0545728	0.00926438	0.00148025	0.00785646	0.0328313	0.00191876	0.0562562	0.0142397	0.831151	0.0192355	0.194309	0.749001	3.03745	5	1.029489
38000	-132.8747	-183.1889	50.31416	10	2.901452	0.00249604	0.00277597	0.124381	0.000520261	0.0109414	0.000139281	0.0182399	0.0164439	0.0646103	0.0511031	0.74733	0.381491	0.725921	1.08198	1.8106	5	1.038981
39000	-121.9031	-179.6202	57.71717	10	0.7353185	0.00818908	0.0123177	0.0326638	0.0113969	0.00606635	0.0142385	0.0158553	0.0161773	0.191867	0.0217815	0.538562	0.0817426	0.379729	0.937285	2.60124	5	0.8691158
40000	-122.4577	-179.3773	56.91954	10	1.858166	0.00234915	0.000837849	0.0323146	0.018994	0.000810914	0.0282622	0.0363309	0.00406903	0.0487171	0.0248717	0.723948	0.275735	0.639031	1.066	2.01924	5	0.9215054
41000	-129.4264	-180.5688	51.14245	10	2.197256	0.00985503	0.0110141	0.0322044	0.0265512	0.0197541	0.0316363	0.0310619	0.0121483	0.10215	0.00202941	0.822881	0.315736	0.674474	1.07422	1.93557	5	1.101286
42000	-132.1865	-187.5494	55.36295	10	2.013199	0.0256245	0.0157267	0.0170601	0.0422218	0.0121058	0.00725966	0.0151746	0.0408417	0.0155839	0.0253405	0.466795	0.294845	0.65641	1.07032	1.97843	5	0.6837339
43000	-126.7984	-183.2793	56.48091	10	2.689561	0.015753	0.0179785	0.0753393	0.0118678	0.00413796	0.0261784	0.0410132	0.0101392	0.0211864	0.0448093	0.499654	0.363722	0.712749	1.08049	1.84304	5	0.7680572
44000	-126.3323	-178.0632	51.73083	10	0.6175888	0.00439039	0.00665857	0.00691777	0.0107685	0.00523176	0.032312	0.00872817	0.172584	0.00022783	0.0303183	0.606725	0.0567548	0.321909	0.890034	2.7313	5	0.8848616
45000	-127.714	-182.3205	54.60656	10	1.250235	0.0369425	0.0213098	0.0866286	0.00519479	0.0102984	0.0117908	0.0153186	0.0359163	0.0594034	0.0212143	0.926495	0.184039	0.540913	1.03163	2.24341	5	1.230513
46000	-133.1838	-179.8231	46.63927	10	1.044743	0.00526743	0.00281158	0.00230107	0.044114	0.00665807	0.0058051	0.0116641	0.0693883	0.0291817	0.0171217	0.735887	0.145794	0.489799	1.00704	2.35737	5	0.9302003
47000	-125.8071	-180.3912	54.5841	10	0.9587437	0.00419058	0.00431691	0.00525782	0.0199647	0.00493871	0.00312255	0.0286417	0.00828084	0.0617472	0.0316041	0.665373	0.12865	0.46399	0.992813	2.41455	5	0.8374384
48000	-130.4857	-186.9416	56.45586	10	1.53689	0.00977956	0.0291197	0.0543716	0.0693115	0.0165632	0.0309208	0.0480909	0.133876	0.0195704	0.0170981	0.607216	0.230965	0.594584	1.05252	2.12193	5	1.035917
49000	-131.4807	-182.657	51.17635	10	1.192475	0.0026456	0.0220438	0.0320317	0.00410473	0.0155269	0.0433874	0.0298071	0.293799	0.00148016	0.0422383	0.569497	0.173687	0.527837	1.02578	2.27269	5	1.056562
50000	-120.4913	-178.8424	58.35111	10	0.6693089	0.00882539	0.0023572	0.0316475	0.017765	0.0283506	0.0057693	0.0209134	0.0189661	0.0652745	0.0168829	0.536226	0.0676485	0.348682	0.912942	2.67073	5	0.7529776
51000	-136.3075	-186.3539	50.04634	10	1.647377	0.034117	0.0207137	0.0818887	0.0391208	0.0186529	0.0437954	0.0190832	0.0177042	0.148549	0.0965692	0.798684	0.247218	0.611381	1.05802	2.08338	5	1.318879
52000	-136.5909	-183.4422	46.85131	10	3.016935	0.00668063	0.00446464	0.124656	0.0229706	0.00456982	0.00771587	0.0491122	0.0834247	0.0688375	0.0699742	0.824337	0.390568	0.732461	1.0826	1.79437	5	1.266743
53000	-127.9094	-177.7906	49.88122	10	0.3915203	0.00215262	0.00158282	0.0363464	0.0051263	0.0120877	0.00300807	0.0162938	0.0208136	0.0115985	0.0425625	1.06851	0.0155103	0.175394	0.721939	3.08716	5	1.220078
54000	-125.779	-179.2875	53.5085	10	1.51721	0.0077283	0.0101851	0.0667664	0.0246694	0.0344214	0.0479812	0.0233517	0.000569556	0.213557	0.030242	0.946124	0.227969	0.591396	1.05142	2.12922	5	1.405596
55000	-132.5684	-187.3745	54.80607	10	0.9185353	0.0195591	0.0318339	0.0127699	0.0139424	0.00577916	0.00413155	0.0225141	0.00522285	0.0831437	0.0651057	0.361063	0.120426	0.450818	0.985071	2.44368	5	0.6250657
56000	-122.5862	-184.3231	61.73693	10	1.727115	0.0210198	0.0156449	0.0470696	0.0162075	0.00340336	0.0128124	0.00528006	0.0603151	0.00380969	0.0247949	0.298562	0.258373	0.622458	1.06138	2.05779	5	0.5089187
57000	-124.5801	-180.305	55.72495	10	1.769519	0.00307168	0.00276501	0.0450201	0.000716864	0.0077631	0.00726378	0.0316396	0.0312731	0.117075	0.0885482	0.482711	0.264119	0.62803	1.06299	2.04486	5	0.8178468
58000	-134.2194	-181.8815	47.6621	10	1.275059	0.00912275	0.00817806	0.0396431	0.000160876	0.00914342	0.0808161	0.0258003	0.253964	0.00187081	0.0508988	0.602168	0.188392	0.546264	1.03394	2.2314	5	1.081766
59000	-127.657	-183.4796	55.82258	10	0.5733916	0.0345647	0.0118006	0.0304061	0.0222425	0.0182588	0.00725597	0.020295	0.02973	0.131286	0.000730499	0.569187	0.0476706	0.297154	0.867112	2.78806	5	0.8757572
60000	-126.6438	-182.0843	55.44052	10	0.6139436	0.00353878	0.0100346	0.00334934	0.0178677	0.00586818	0.0385664	0.0122203	0.119099	0.000966917	0.0542574	0.362429	0.0559961	0.319934	0.888269	2.7358	5	0.6281975
61000	-119.6021	-178.0491	58.44699	10	0.6099262	0.00182065	0.00429682	0.000689588	0.00127233	0.0200675	0.016087	0.027094	0.0158009	0.168259	0.0647131	0.659605	0.0551616	0.317745	0.8863	2.74079	5	0.9797064
62000	-127.7062	-183.5708	55.86463	10	0.6649945	0.0111174	0.0103213	0.060466	0.040076	0.0137135	0.0298046	0.00950533	0.02339	0.000207313	0.00380001	0.792443	0.0667325	0.346534	0.911172	2.67556	5	0.994845
63000	-129.0106	-181.1191	52.10848	10	1.51573	0.0140012	0.0181302	0.125336	0.0223467	0.0085943	0.0159168	0.0261512	0.0115319	0.00585894	0.0299181	0.793761	0.227742	0.591154	1.05133	2.12977	5	1.071547
64000	-130.3521	-183.4716	53.11954	10	1.669522	0.0278816	0.0408849	0.0307155	0.0506162	0.00610209	0.0229254	0.0293323	0.168042	0.00171241	0.0226447	0.578108	0.250363	0.61454	1.059	2.0761	5	0.9789655
65000	-122.4467	-182.8417	60.39507	10	0.775262	0.0190861	0.00189799	0.102356	0.0217692	0.0169959	0.0123108	0.0057956	0.0118846	0.107803	0.00976619	0.431657	0.0902849	0.39698	0.949857	2.56288	5	0.7413224
66000	-116.5027	-180.6567	64.15409	10	0.8358989	0.0112661	0.0108374	0.0111529	0.0255107	0.00195674	0.0333189	0.00997517	0.00799726	0.106726	0.0104217	0.388245	0.103171	0.421195	0.966426	2.50921	5	0.6174076
67000	-129.9215	-180.4862	50.56475	10	4.935904	0.0196644	0.0025017	0.00113491	0.00724372	0.0167577	0.0515229	0.010032	0.00908254	0.179624	0.038028	0.425868	0.499394	0.802408	1.08341	1.61479	5	0.7614596
68000	-122.8648	-184.413	61.54818	10	2.418276	0.000439826	0.00121209	0.0412473	0.000682687	0.00663832	0.00895517	0.0346579	0.00645916	0.111285	0.022332	0.220765	0.338569	0.693209	1.07764	1.89059	5	0.4546751
69000	-128.5535	-182.7661	54.2126	10	4.959527	0.00869465	0.00155141	0.044194	0.0107704	0.0126568	0.0185243	0.0135897	0.00510294	0.11027	0.0341634	0.242	0.500388	0.802984	1.08337	1.61326	5	0.5015182
70000	-124.5275	-181.0473	56.51977	10	1.064456	0.00516356	0.0232406	0.0204909	0.0362243	0.0104103	0.0171123	0.00669878	0.0112898	0.0929744	0.00335483	0.432983	0.149632	0.495304	1.00991	2.34515	5	0.6599433
71000	-123.3331	-178.2481	54.91508	10	0.861755	0.0154963	0.013732	0.000743256	0.0092012	0.00978809	0.00401164	0.0138493	0.0171396	0.152289	0.0523941	0.843602	0.108616	0.430858	0.9727	2.48783	5	1.132247
72000	-130.8537	-181.937	51.08329	10	0.5928789	0.0110495	0.0103915	0.0307249	0.0118996	0.00822951	0.0131939	0.0133913	0.0418344	0.0340098	0.0663789	0.649698	0.0516427	0.308291	0.877642	2.76242	5	0.8908013
73000	-138.9648	-184.8369	45.87209	10	1.499029	0.0572234	0.026455	0.0428574	0.0172597	0.0336301	0.0385433	0.0018656	0.0935504	0.0129881	0.0201026	0.831332	0.225172	0.588395	1.05036	2.13607	5	1.175808
74000	-124.4498	-182.8841	58.4342	10	1.724955	0.0334164	0.00805238	0.00978632	0.00657334	0.000259197	0.00315697	0.0351091	0.00490685	0.142826	0.0199107	0.575506	0.258077	0.622169	1.06129	2.05846	5	0.8395031
75000	-131.0906	-184.4272	53.33658	10	3.459487	0.0146553	0.00039629	0.0655336	0.0466797	0.0140901	0.0795316	0.00463253	0.15562	0.0283742	0.00973494	0.566158	0.421956	0.754165	1.084	1.73987	5	0.9854069
76000	-122.458	-182.2646	59.80657	10	1.009062	0.0176027	0.00578866	0.0392168	0.0265696	0.00884863	0.0599636	0.0372589	0.00893644	0.0778702	0.0178173	0.638868	0.138758	0.479459	1.00149	2.3803	5	0.9387409
77000	-133.8298	-181.6297	47.79987	10	3.526019	0.0258229	0.0108846	0.0545599	0.00605224	0.0160478	0.0374313	0.0409446	0.109976	0.0217322	0.0261716	0.702335	0.426263	0.757039	1.08412	1.73258	5	1.051958
78000	-144.5067	-182.7686	38.26189	2	1.533165	0.00938927	0.00212374	0.0301913	0.0113924	0.00731553	0.00254761	0.00163616	0.083265	0.0175776	0.00661689	0.510853	0.230401	0.593985	1.05231	2.1233	4	0.6829084
79000	-130.0076	-181.6306	51.62298	10	1.549415	0.00335323	0.0134726	0.0635745	0.0744566	0.0233793	0.026331	0.0348968	0.016844	0.0874534	0.00856278	0.770013	0.232856	0.59658	1.0532	2.11737	5	1.122337
80000	-132.1427	-188.2791	56.13644	10	2.947595	0.00404556	0.0380914	0.0144681	0.0293637	0.0208046	0.039906	0.00909457	0.0047397	0.122853	0.0145109	0.39445	0.385167	0.728585	1.08224	1.804	5	0.6923273
81000	-127.7613	-180.6915	52.93014	10	3.129807	0.00932964	0.0243344	0.0167231	0.0110644	0.0176734	0.030675	0.012461	0.0316109	0.108295	0.0483925	0.823097	0.399061	0.738471	1.08309	1.77938	5	1.133656
82000	-127.9984	-181.9186	53.92026	10	3.559376	0.00420105	0.00644116	0.0631267	0.0153594	0.0246525	0.0265447	0.00496051	0.00594781	0.0975319	0.0226211	0.635301	0.428387	0.758447	1.08416	1.729	5	0.9066881
83000	-120.1752	-179.2541	59.07885	10	0.9154087	0.00439102	0.00518341	0.0746966	0.0208126	0.0191608	0.014491	0.00252575	0.0259541	0.0619318	0.036281	0.68626	0.119782	0.449761	0.984436	2.44602	5	0.951688
84000	-125.3713	-181.0298	55.65853	10	1.051225	0.0134819	0.00309663	0.147916	0.0411011	0.00070726	0.0258709	0.00637286	0.0135648	0.00330178	0.00250522	0.740957	0.14706	0.491625	1.00799	2.35332	5	0.9988751
85000	-137.5143	-186.9052	49.39081	10	1.399175	0.0157991	0.0015716	0.0258145	0.0502157	0.041367	0.0102537	0.0344234	0.00731598	0.457035	0.00929543	0.757354	0.209319	0.570866	1.04391	2.17591	5	1.410446
86000	-125.1777	-180.6905	55.51287	10	2.277958	0.00286276	0.00503556	0.136282	0.0324019	0.00726411	0.020065	0.00794081	0.00926287	0.0313491	0.037749	0.754733	0.324341	0.681652	1.07561	1.9184	5	1.044946
87000	-129.0477	-182.4984	53.45066	10	1.262451	0.00159627	0.0338714	0.00650759	0.0244104	0.0228424	0.0254004	0.0167331	0.0301679	0.166695	0.0669378	0.6694	0.186188	0.543565	1.03278	2.23746	5	1.064562
88000	-124.7014	-181.9102	57.20881	10	1.631728	0.0218914	0.0242985	0.0103695	0.00102446	0.00429444	0.0096965	0.055644	0.0270636	0.134075	0.0301042	0.647675	0.244973	0.609109	1.0573	2.08861	5	0.9661369
89000	-123.2255	-182.7267	59.50122	10	0.5355989	0.00178241	0.00536279	0.0174656	0.0346362	0.00352874	0.0307703	0.0370999	0.0127877	0.097436	0.0394028	0.494831	0.0401606	0.274522	0.844537	2.84078	5	0.7751039
90000	-127.34	-179.4518	52.11181	10	1.481748	0.00136784	0.0232013	0.0265592	0.01603	0.0113571	0.0154256	0.0145977	0.0405127	0.0752248	0.0349199	1.01019	0.222489	0.58549	1.04933	2.14269	5	1.269389
91000	-131.7021	-181.8019	50.09974	10	1.689947	0.0471514	0.00971375	0.0229788	0.00269122	0.0247542	0.0155304	0.0142475	0.010689	0.14341	0.0177682	0.839264	0.253231	0.617396	1.05987	2.0695	5	1.148198
92000	-125.4231	-180.1111	54.68801	10	1.228018	0.00603629	0.00395734	0.0595291	0.00861763	0.0136851	0.0443927	0.0272981	0.0103061	0.22847	0.0346443	0.667103	0.180094	0.53599	1.02947	2.25445	5	1.10404
93000	-132.6309	-190.3417	57.71086	10	1.616146	0.016347	0.000647411	0.0529121	0.0227502	0.0777747	0.04316	0.0321623	0.0248238	0.0838598	0.0190542	0.568405	0.24272	0.606813	1.05657	2.0939	5	0.9418969
94000	-127.1639	-183.3738	56.20993	10	0.855592	0.00659211	0.0148229	0.0364895	0.0242229	0.00104326	0.0320955	0.0124974	0.0402551	0.0150312	0.00933052	0.347797	0.107321	0.428589	0.971244	2.49285	5	0.5401772
95000	-134.7842	-177.6465	42.86221	10	5.974662	0.00292193	0.0102365	0.00375227	0.019183	0.00952919	0.028371	0.0194337	0.132019	0.00165183	0.0397023	0.662253	0.538131	0.824111	1.08132	1.55644	5	0.9290531
96000	-128.8465	-181.9719	53.12541	10	1.395889	0.0110017	0.0295584	0.0475157	0.066673	0.0146304	0.0173218	0.0137652	0.137237	0.0190529	0.0141194	0.791759	0.208782	0.570257	1.04367	2.17729	5	1.162634
97000	-123.9314	-181.8356	57.90424	10	1.305412	0.0266248	0.00551267	0.0351329	0.0220597	0.0130695	0.00422349	0.0181086	0.124783	0.00590117	0.0278918	0.392923	0.193639	0.552601	1.03661	2.21715	5	0.6762301
98000	-129.837	-181.489	51.65201	10	1.237753	0.0140114	0.00250116	0.00554467	0.0162888	0.00104367	0.024701	0.0345702	0.0904223	0.0109458	0.00221542	0.582429	0.181828	0.538163	1.03043	2.24958	5	0.7846732
99000	-130.7154	-181.7982	51.08279	10	2.081864	0.0232315	0.0142241	0.0569663	0.0202198	0.00719582	0.0340629	0.0174271	0.0126693	0.173554	0.0217986	0.46588	0.302855	0.663446	1.07191	1.96179	5	0.8472289
100000	-127.9961	-182.2324	54.23635	10	0.4291757	0.0184869	0.00365188	0.0177827	0.0302845	0.0106513	0.0146577	0.0101958	0.0937705	0.0247835	0.0378578	0.574877	0.0211386	0.203194	0.761016	3.01465	5	0.8369997
101000	-125.8009	-179.9294	54.12849	10	0.6078234	0.0176002	0.00999981	0.00570824	0.00365133	0.00585322	0.0268605	0.0291502	0.081243	0.0115022	0.0216809	0.670627	0.0547255	0.316593	0.885258	2.74342	5	0.8838761
102000	-124.3804	-178.2631	53.88271	10	1.978626	0.00532628	0.0010457	0.0152193	0.00115081	0.00384567	0.01926	0.00418197	0.0156656	0.140194	0.0476809	0.434524	0.29071	0.652721	1.06945	1.98712	5	0.6880937
103000	-122.878	-181.1298	58.25186	10	2.307436	0.00587632	0.0349113	0.0113324	0.0568536	0.00501173	0.0146203	0.0209597	0.0126331	0.113129	0.0111767	0.529322	0.327405	0.684173	1.07607	1.91235	5	0.8158265
104000	-123.576	-184.037	60.46099	10	0.9771248	0.0140433	0.000304914	0.0188923	0.00456437	0.0072297	0.015758	0.0478883	0.0124616	0.198383	0.0742272	0.36751	0.132367	0.469766	0.996104	2.40176	5	0.7612628
105000	-142.2118	-179.4953	37.28347	2	2.404916	0.00878651	0.0024544	0.043244	0.0293444	0.00121982	0.0155697	0.00643317	0.00934658	0.0731246	0.0209388	0.469727	0.337252	0.692155	1.07746	1.89313	4	0.6801887
106000	-122.9627	-179.176	56.21324	10	1.720155	0.00174618	0.0228711	0.0677134	0.0309702	0.00693841	0.00430776	0.0160011	0.10097	0.0235176	0.0268005	0.862676	0.257417	0.621523	1.0611	2.05996	5	1.164513
107000	-121.7395	-179.3894	57.64987	10	1.626386	0.00326078	0.0112515	0.0114281	0.00254074	0.0111442	0.00884171	0.000501095	0.0270097	0.118281	0.0466475	0.451628	0.244203	0.608325	1.05706	2.09042	5	0.6925342
108000	-130.9406	-188.1717	57.23111	10	0.4465112	0.00872815	0.00584002	0.0739076	0.0487842	0.00768185	0.015909	0.00632494	0.0183697	0.10413	0.00630296	0.340353	0.0239561	0.215571	0.777078	2.98339	5	0.6363308
109000	-118.7111	-178.2764	59.56528	10	2.550304	0.00394229	0.00243756	0.0038454	0.000699321	0.00293848	0.00801186	0.0242403	0.0147479	0.167645	0.0261439	0.331137	0.351175	0.703138	1.07918	1.86651	5	0.585789
110000	-121.1993	-178.2839	57.08463	10	0.5585524	0.0107772	0.00728011	0.0254366	0.0124035	0.020882	0.00244213	0.0152821	0.0143357	0.135667	0.0163116	0.789807	0.0446884	0.288433	0.858605	2.80827	5	1.050624
111000	-125.1827	-178.9617	53.77907	10	1.560285	0.018153	0.00275854	0.0405704	0.0211136	0.0144366	0.0319017	0.0136846	0.1097	0.00135475	0.0274962	0.554896	0.234487	0.598293	1.05377	2.11345	5	0.8360655
112000	-150.7066	-184.2142	33.50762	2	2.145527	0.00231988	0.0117631	0.0377533	0.00919629	0.00765455	0.0082327	0.0115901	0.174844	0.0441756	0.0711655	0.492539	0.310049	0.669647	1.07324	1.94707	4	0.8712333
113000	-130.5156	-179.6875	49.17187	10	1.035983	0.0164473	0.00567084	0.170318	0.0167836	0.00159402	0.0431244	0.0266618	0.00657274	0.00862656	0.0331952	1.01341	0.144077	0.487306	1.00572	2.3629	5	1.342408
114000	-131.9122	-180.5929	48.68068	10	1.116612	0.00643698	0.00124135	0.103809	0.00582615	0.0117376	0.0272721	0.0706649	0.00596895	0.111684	0.0400135	0.874504	0.159616	0.5092	1.01692	2.31426	5	1.259158
115000	-130.0319	-179.4604	49.42844	10	3.128298	0.0103908	0.00158584	0.163292	0.0109186	0.00478255	0.0111233	0.0294042	0.0540008	0.0387697	0.0439623	0.700033	0.39895	0.738393	1.08308	1.77958	5	1.068263
116000	-121.9994	-183.7231	61.72375	10	1.014059	0.0147657	0.00701465	0.028795	0.0447131	0.00823598	0.0115729	0.00952154	0.0165896	0.0398049	0.0517322	0.529004	0.13975	0.480937	1.00229	2.37702	5	0.7617494
117000	-124.3919	-183.7939	59.40204	10	1.27759	0.00200876	0.00732568	0.00246919	0.0255069	0.00701629	0.00244748	0.0391906	0.0820293	0.0198461	0.0249357	0.569536	0.188833	0.5468	1.03417	2.2302	5	0.7823118
118000	-143.7082	-184.0812	40.37305	2	0.9461173	0.00811271	0.00137132	0.0114365	0.0173319	0.00399309	0.00316719	0.00700656	0.0305154	0.125499	0.0513807	0.323976	0.126081	0.459935	0.990465	2.42352	4	0.5837902
119000	-126.3845	-178.1005	51.716	10	1.416535	0.0135075	0.0152595	0.0288452	0.0483055	0.00851939	0.0203376	0.0164146	0.000781115	0.153796	0.00431868	0.904982	0.212136	0.574047	1.04512	2.1687	5	1.215067
120000	-120.0737	-179.0032	58.92951	10	0.470095	0.0147305	0.00317761	0.0111246	0.014878	0.00123494	0.00976159	0.015016	0.00751486	0.0678545	0.0280061	0.420027	0.0279881	0.231945	0.797227	2.94284	5	0.5933253
121000	-132.2962	-186.861	54.56479	10	0.2356822	0.021998	0.01344	0.00491671	0.000670726	0.00821389	0.0230208	0.019331	0.00739819	0.0550484	0.0413257	0.349429	0.00151027	0.0565628	0.470303	3.47162	5	0.544792
122000	-135.3338	-184.1681	48.83433	10	0.9180848	0.0085407	0.0258534	0.104072	0.0227749	0.0163232	0.0137704	0.0370153	0.0266244	0.164548	0.00933242	0.737575	0.120334	0.450666	0.98498	2.44402	5	1.16643
123000	-121.3799	-179.5926	58.21269	10	1.988733	0.0220129	0.00972443	0.0121848	0.00316127	0.0106969	0.0229509	0.000803998	0.022122	0.164957	0.0227095	0.422937	0.291926	0.65381	1.06971	1.98456	5	0.7142602
124000	-125.7698	-181.2503	55.48045	10	2.247988	0.0301994	0.000651023	0.0336709	0.0154028	0.0107056	0.00548014	0.0256739	0.0137043	0.197767	0.0163388	0.400716	0.321183	0.679035	1.07512	1.92467	5	0.7503095
125000	-129.7385	-182.8932	53.15474	10	1.044798	0.0207531	0.0119386	0.0450435	0.0224055	0.00488658	0.00105919	0.0214239	0.0338962	0.0754981	0.0434465	0.485303	0.145805	0.489815	1.00704	2.35734	5	0.7656544
126000	-133.8889	-182.457	48.56811	10	3.06579	0.0453312	0.0197616	0.0284638	0.0466644	0.018806	0.0611415	0.0403731	0.201856	0.00304946	0.0360673	1.09149	0.394288	0.735107	1.08282	1.78778	5	1.593004
127000	-132.0896	-180.8904	48.80088	10	0.7797768	0.00533017	0.0323604	0.0276251	0.00344781	0.00670245	0.018685	0.0332542	0.000704859	0.196203	0.0216275	0.680544	0.0912487	0.398863	0.95119	2.5587	5	1.026484
128000	-127.9291	-178.3111	50.38194	10	1.08208	0.00797311	0.00146329	0.0804858	0.0321096	0.00385666	0.0147647	0.0173634	0.0453526	0.00982198	0.00998903	0.642065	0.153034	0.500105	1.01237	2.33449	5	0.8652447
129000	-141.0333	-186.5072	45.47396	10	0.9234089	0.0119783	0.0391383	0.0347853	0.0391815	0.0137872	0.0266291	0.0434247	0.00202493	0.15397	0.0255274	0.461588	0.12143	0.452455	0.986052	2.44006	5	0.8520349
130000	-134.0019	-186.9414	52.93955	10	0.6447594	0.00820121	0.00993707	0.0607847	0.0194531	0.0115963	0.0272338	0.0404017	0.00468976	0.14806	0.00954261	0.625231	0.0624517	0.336257	0.902542	2.69875	5	0.965131
131000	-120.5757	-179.9298	59.35408	10	0.2850703	0.00333991	0.0213172	0.0108191	0.000792109	0.00368751	0.00653094	0.00746536	0.0104289	0.0748216	0.0255232	0.460233	0.00416257	0.0929434	0.569857	3.33304	5	0.6249593
132000	-122.4626	-183.9151	61.45249	10	4.222974	0.0139472	0.000478236	0.00375272	0.00217246	0.0112881	0.0189464	0.0266761	0.200224	0.0107265	0.0160572	0.249594	0.466207	0.782583	1.08431	1.6669	5	0.5538622
133000	-125.16	-180.265	55.10497	10	2.393515	0.00770054	0.000857654	0.00968324	0.0107405	0.0174115	0.00224382	0.0181087	0.0214052	0.0918089	0.0723623	0.628827	0.336123	0.691249	1.07731	1.89532	5	0.8811496
134000	-120.1624	-180.8259	60.66357	10	0.6843449	6.30706e-05	0.0180519	0.060308	0.00142329	0.00388604	0.0135974	0.0145988	0.0149857	0.107314	0.0376803	0.445738	0.0708479	0.356049	0.918926	2.65418	5	0.717647
135000	-122.1395	-180.3811	58.24158	10	1.005064	0.0242165	0.00268185	0.0125762	0.0394112	0.000185522	0.0151498	0.0296358	0.0261001	0.128485	0.00346688	0.594787	0.137963	0.478269	1.00083	2.38293	5	0.8766959
136000	-134.4771	-184.9897	50.51255	10	0.4704638	0.025522	0.06868	0.00912483	0.0212151	0.00455402	0.0204992	0.0164822	0.00606153	0.219093	0.0467783	0.898006	0.0280528	0.232197	0.797527	2.94222	5	1.336016
137000	-127.4354	-182.8477	55.41232	10	0.9302855	0.0203609	0.010723	0.0984454	0.0228845	0.0257826	0.0126844	0.0081766	0.0147358	0.00333022	0.022855	0.677602	0.122843	0.454746	0.987415	2.435	5	0.9175807
138000	-133.978	-183.0366	49.05862	10	1.498744	0.0113753	0.0265318	0.0707472	0.0112864	0.0154826	0.0430203	0.0165514	0.0355622	0.114485	0.022096	0.843573	0.225129	0.588347	1.05035	2.13618	5	1.210711
139000	-151.5071	-180.6554	29.14837	2	1.594608	0.018026	0.0161636	0.0929646	0.000346095	0.0112172	0.0159637	0.0184381	0.0209065	0.0829268	0.0569448	1.07215	0.239574	0.603582	1.05553	2.10132	4	1.406043
140000	-121.2567	-178.4494	57.19266	10	1.163603	0.00827328	0.0179975	0.0154999	0.00868773	0.0142888	0.0172324	0.0213403	0.132123	0.0353886	0.0349484	0.661722	0.168395	0.520951	1.02258	2.28807	5	0.9675009
141000	-123.1913	-179.7792	56.58794	10	0.3588462	0.0124756	0.00406425	0.0308462	0.00907992	0.00526352	0.00737844	0.0265404	0.0333981	0.00585475	0.0123574	0.421433	0.0112523	0.150418	0.682611	3.15572	5	0.5686916
142000	-129.7242	-184.9675	55.24324	10	0.7684548	0.00804047	0.00494458	0.00291715	0.0254727	0.0206394	0.0696891	0.0129861	0.0209683	0.190973	0.0737342	0.577406	0.0888308	0.394117	0.947816	2.56924	5	1.00777
143000	-125.5485	-183.3054	57.75692	10	1.697927	0.00447962	0.0132087	0.181655	0.0198066	0.0158946	0.0131198	0.0335657	0.00465358	0.00811242	0.0372064	0.566754	0.254343	0.618497	1.0602	2.06696	5	0.8984566
144000	-130.7916	-182.738	51.94648	10	0.4921199	0.0269565	0.00434452	0.0341207	0.0244667	0.00654152	0.00491822	0.0078125	0.00533899	0.140846	0.0189506	0.522965	0.0319367	0.24674	0.814449	2.90687	5	0.7972614
145000	-123.9976	-179.3675	55.36996	10	1.840695	0.0055737	0.000271117	0.00157884	0.0563748	0.0165458	0.00100636	0.0146742	0.122818	0.00962115	0.00586336	0.556225	0.273487	0.636929	1.06544	2.02414	5	0.7905528
146000	-137.9857	-187.8764	49.89068	10	3.860425	0.0102297	0.00463619	0.0672994	0.031661	0.0181752	0.0743912	0.0280274	0.010197	0.0867926	0.0574091	0.439753	0.446526	0.77024	1.0844	1.69884	5	0.8285717
147000	-125.0934	-178.7872	53.69383	10	2.424665	0.0247201	0.010436	0.0113539	0.021922	0.0173009	0.00893145	0.01038	0.00589793	0.130881	0.0432198	0.673254	0.339196	0.693709	1.07772	1.88938	5	0.9582978
148000	-132.271	-178.5597	46.28867	10	2.853716	0.0101728	0.00217592	0.0113446	0.0119521	0.0226205	0.0181995	0.00606252	0.0127083	0.194834	0.030305	0.529746	0.377619	0.723093	1.08169	1.8176	5	0.8501212
149000	-130.3173	-180.19	49.87262	10	3.270942	0.0173301	0.00694359	0.0208781	0.0394974	0.0107927	0.0175234	0.0173223	0.00637747	0.108452	0.00619208	0.53666	0.409194	0.745506	1.08356	1.76174	5	0.7879686
150000	-137.8147	-181.431	43.61626	10	0.8987645	0.0055173	0.00252742	0.125469	0.0386422	0.0252169	0.00566718	0.0248859	0.242993	0.00619309	0.00212612	0.574929	0.116339	0.444056	0.980968	2.45864	5	1.054168
151000	-120.7203	-178.9605	58.24026	10	1.250533	0.00848851	8.23077e-05	0.0236621	0.0242668	0.00416291	0.0487434	0.0171525	0.0984094	0.00167223	0.0276952	0.422693	0.184091	0.540978	1.03166	2.24327	5	0.6770283
152000	-135.3952	-183.4168	48.02166	10	1.886352	0.013627	0.0159911	0.0176307	0.0298135	0.0194391	0.0249941	0.0306169	0.0522501	0.0055065	0.0106396	0.483528	0.27932	0.642357	1.06687	2.01146	5	0.7040369
153000	-128.7635	-184.8951	56.13153	10	2.066998	0.017702	0.00507414	0.0599299	0.0406138	0.0466417	0.073943	0.020183	0.0246927	0.109408	0.0228853	0.631765	0.301143	0.661954	1.07158	1.96532	5	1.052839
154000	-152.3774	-187.7832	35.40581	2	1.076901	0.0107489	0.00377791	0.00873418	0.0074259	0.0244676	0.0133898	0.0392047	0.018112	0.144253	0.0208697	0.527268	0.152037	0.498706	1.01166	2.3376	4	0.8182517
155000	-151.1682	-186.4811	35.31294	2	1.20089	0.0039391	0.00892236	0.0127075	0.0253859	0.0129079	0.0396716	0.00994585	0.0127437	0.0516319	0.0473275	0.655101	0.175214	0.529799	1.02668	2.26831	4	0.8802842
156000	-146.5396	-180.0135	33.47386	2	0.8425804	0.000412368	0.0219008	0.0105484	0.00389499	0.0164257	0.015905	0.0117159	0.0108096	0.102272	0.024896	0.671624	0.104582	0.423728	0.968089	2.5036	4	0.8904046
157000	-131.7572	-183.6433	51.88607	10	1.973782	0.0150437	0.00115769	0.0643917	0.0233479	0.00465755	0.0831054	0.0199033	0.00185223	0.105339	0.0333151	0.644785	0.290125	0.652196	1.06932	1.98836	5	0.9968982
158000	-122.8451	-180.1697	57.32459	10	3.618881	0.02553	0.000240121	0.00254969	0.00722082	0.00812232	0.0246724	0.0344471	0.00367471	0.136911	0.0495647	0.416223	0.432116	0.760905	1.08424	1.72274	5	0.7091555
159000	-129.4176	-180.8128	51.39522	10	1.328992	0.0228991	0.00577912	0.0799912	0.0535541	0.020011	0.022781	0.00751588	0.0334213	0.215418	0.0162512	0.800009	0.197656	0.557375	1.03857	2.2064	5	1.277631
160000	-138.4594	-184.226	45.76655	10	2.034241	0.0624681	0.00757814	0.0753324	0.0106755	0.00873515	0.00960503	0.0252351	0.117795	0.0415311	0.0730395	0.796303	0.297328	0.658606	1.07082	1.97324	5	1.228298
161000	-131.0376	-183.5573	52.51968	10	2.777416	0.00049214	0.00417729	0.0479173	0.0648793	0.0282462	0.0311517	0.0134429	0.122564	0.00317905	0.0350764	0.716622	0.371274	0.718409	1.08117	1.82915	5	1.067749
162000	-127.8852	-183.1548	55.2696	10	1.648151	0.0125443	0.0239344	0.00244787	0.0392869	0.00629567	0.0288471	0.0264163	0.114991	0.00754417	0.00834543	0.449128	0.247328	0.611492	1.05805	2.08312	5	0.7197813
163000	-125.891	-179.8339	53.94289	10	4.402372	0.0128944	0.0060266	0.00612296	0.0212509	0.00721789	0.0090305	0.0156271	0.186164	0.00539185	0.0130781	0.358408	0.475187	0.788067	1.08415	1.65259	5	0.6412123
164000	-123.2138	-177.919	54.70516	10	1.030998	0.0108905	0.00112404	0.0634422	0.0137569	0.0056618	0.0133535	0.0145471	0.101518	0.00434299	0.0232822	0.567947	0.143097	0.485875	1.00495	2.36608	5	0.8198661
165000	-131.4217	-178.8124	47.39073	10	0.5943852	0.0156826	0.00701537	0.0706418	0.0190194	0.00729096	0.00995506	0.0222535	0.0121417	0.0325645	0.0210417	0.901703	0.0519521	0.309137	0.878427	2.76048	5	1.119309
166000	-135.9261	-185.8066	49.88047	10	0.9229294	0.0139696	0.000328613	0.0387002	0.00232216	0.0228416	0.069543	0.0819373	0.0228913	0.32189	0.0284692	0.816945	0.121331	0.452294	0.985956	2.44042	5	1.419837
167000	-131.03	-186.1859	55.15593	10	1.753149	0.00121991	0.000299424	0.0103559	0.0272096	0.0101513	0.0746541	0.00934109	0.0120406	0.106785	0.00293442	0.341718	0.261916	0.625904	1.06238	2.0498	5	0.5967094
168000	-124.721	-180.3251	55.60413	10	2.596266	0.00301263	0.0271618	0.00215668	0.0112145	0.00677874	0.0229615	0.0295316	0.0162941	0.114314	0.0523142	0.428087	0.355398	0.706402	1.07964	1.85856	5	0.713827
169000	-126.5997	-180.0284	53.42874	10	1.6728	0.0183088	0.000698802	0.0268442	0.00130007	0.0137749	0.00356253	0.0173435	0.0235679	0.0110157	0.0325883	0.558989	0.250825	0.615002	1.05914	2.07503	5	0.7079937
170000	-126.1037	-184.9709	58.86723	10	2.336879	0.0101161	0.00383898	0.0224953	0.0259973	0.0170773	0.00915591	0.0183178	0.00586048	0.140718	0.0252157	0.348123	0.330425	0.68664	1.07652	1.90642	5	0.6269155
171000	-120.0492	-179.3941	59.34487	10	1.366523	0.0203343	0.0117326	0.0262205	0.000906717	0.0210559	0.00486393	0.0135521	0.0778357	0.0045404	0.0303768	0.545012	0.203947	0.564718	1.04152	2.18982	5	0.7564306
172000	-129.8726	-183.4441	53.57151	10	1.806971	0.0141251	0.0156748	0.0118783	0.0309564	0.00319316	0.0259876	0.0048534	0.12294	0.0383678	0.00777519	0.478315	0.269091	0.632781	1.06431	2.03381	5	0.7540672
173000	-127.239	-182.8485	55.60947	10	0.9392	0.0357368	0.00968159	0.0615486	0.0187291	0.00166594	0.0179991	0.0097542	0.00572632	0.0593372	0.0130487	0.491288	0.124669	0.457682	0.989147	2.4285	5	0.724516
174000	-127.5787	-186.4871	58.90835	10	0.9603678	0.0540585	0.00510859	0.0239732	0.0299145	0.0158006	0.000406487	0.00931955	0.0749689	0.0134278	0.021856	0.626736	0.12898	0.464506	0.99311	2.4134	5	0.87557
175000	-134.0462	-185.9763	51.93008	10	1.573846	0.00459373	0.0237819	0.0323063	0.0314553	0.0120949	0.0423944	0.0148155	0.113725	0.0157734	0.00810052	0.485639	0.236508	0.600404	1.05448	2.10861	5	0.7846796
176000	-120.6285	-177.2188	56.59025	10	0.1537269	0.00401131	0.003849	0.00504609	0.032625	0.0128365	0.010303	0.00848407	0.0694285	0.00752384	0.00271145	0.970646	6.63721e-05	0.012029	0.253037	3.73487	5	1.127465
177000	-118.6609	-175.8513	57.19049	10	0.5141521	0.00145778	0.00228385	1.235e-05	0.00692283	0.00552274	0.00534921	0.0140618	0.0753104	0.00994309	0.0246513	0.495337	0.0360398	0.261054	0.830299	2.87261	5	0.6408522
178000	-122.7253	-178.9976	56.27236	10	0.4824755	0.0116971	0.00484132	0.0179829	0.0345303	0.011382	0.0112279	0.00760694	0.00719097	0.0614406	0.00795788	0.57202	0.0301874	0.240321	0.807086	2.92241	5	0.7478776
179000	-123.5171	-180.1045	56.58737	10	0.5363806	0.0112374	0.000487821	0.00344628	0.0151683	0.036174	0.0129904	0.0101553	0.0155699	0.0964916	0.0225929	0.573458	0.0403129	0.275004	0.845036	2.83965	5	0.7977719
180000	-121.5541	-179.3646	57.81052	10	2.546115	0.0111425	0.00698475	0.0616663	0.0156179	0.000701694	0.0140141	0.0118802	0.0875	0.0161514	0.0462899	0.612431	0.350786	0.702836	1.07913	1.86725	5	0.8843797
181000	-127.5103	-180.2103	52.70004	10	0.2384572	0.00490768	0.0195495	0.0207962	0.0339885	0.0152113	0.00667464	0.0119366	0.0240752	0.0861828	0.0163574	0.998491	0.00161675	0.05849	0.476503	3.46339	5	1.23817
182000	-125.1389	-181.8964	56.75744	10	1.489694	0.01327	0.0031726	0.0755225	0.0695425	0.0192087	0.017836	0.0295413	0.110682	0.00586289	0.0337482	0.64913	0.223726	0.586832	1.04981	2.13963	5	1.027517
183000	-121.6968	-178.0974	56.40065	10	0.4969957	0.001267	0.00413581	0.0201742	0.00432772	0.0181951	0.0228407	0.0128332	0.00598664	0.111697	0.038025	0.535055	0.0328323	0.24995	0.81807	2.89915	5	0.7745372
184000	-139.7502	-186.831	47.08075	10	4.259446	0.0323384	0.0131647	0.0673225	0.0235501	0.00952799	0.00497959	0.0117585	0.0239627	0.420818	0.000679122	0.679741	0.468071	0.783729	1.08428	1.66392	5	1.287843
185000	-125.7786	-178.3455	52.56691	10	4.38847	0.0033505	0.004176	0.0737208	0.00713198	0.00261161	0.0192768	0.0270861	0.0712065	0.0149642	0.0349902	0.72056	0.474508	0.787655	1.08417	1.65367	5	0.9790744
186000	-128.0354	-180.337	52.30161	10	3.288637	0.00622269	0.00408579	0.0286606	0.00819257	0.017125	0.0137055	0.0215344	0.00743065	0.110082	0.0479661	0.410654	0.410428	0.746353	1.08361	1.75961	5	0.6756593
187000	-129.3349	-181.7417	52.40682	10	2.345131	0.00144256	0.000304056	0.0303482	0.00701842	0.008397	0.0243714	0.0204535	0.0896675	0.00253573	0.0107083	0.463107	0.331264	0.687323	1.07664	1.90478	5	0.6583542
188000	-119.1133	-180.0945	60.98119	10	1.273067	0.0206563	0.00157616	0.00380017	0.00922685	0.0118538	0.0128057	0.0259378	0.0876287	0.00700978	0.0227213	0.292507	0.188045	0.54584	1.03376	2.23235	5	0.4957237
189000	-120.3759	-179.2655	58.88953	10	0.8528459	0.0116487	0.00308369	0.0248746	0.00692828	0.00485181	0.0195346	0.0199698	0.0655738	0.00939777	0.0544855	0.481502	0.106744	0.427571	0.970587	2.4951	5	0.7018509
190000	-121.6147	-181.1543	59.53968	10	0.8249064	0.00408787	0.000502794	0.0813855	0.016761	0.0126588	0.000892107	0.0132634	0.00925179	0.0311524	0.0295159	0.599058	0.100846	0.416972	0.963624	2.51856	5	0.7985291
191000	-140.4061	-188.0872	47.68111	10	5.082627	0.0186031	0.00191647	0.0803498	0.0704624	0.0575365	0.00459229	0.075856	0.00729654	0.106742	0.0452654	0.721266	0.505474	0.805913	1.08315	1.60546	5	1.189886
192000	-133.9405	-182.0039	48.06333	10	2.353318	0.0171077	0.00485728	0.104816	0.0888648	0.0320081	0.0161557	0.0704033	0.0854195	0.0120004	0.00306924	1.17618	0.332094	0.687996	1.07675	1.90316	5	1.610884
193000	-117.4303	-177.7679	60.33756	10	0.5311926	0.00859052	0.00344448	0.0447313	0.00352883	0.0029455	0.0122911	0.00890892	0.0542809	0.00097232	0.0188358	0.660735	0.0393047	0.271792	0.841702	2.8472	5	0.8192652
194000	-122.1189	-178.5907	56.47181	10	0.4586163	0.00180919	0.00119247	0.0119825	0.00156323	0.0275326	0.0135025	0.0266282	0.138566	0.02225	0.0347502	0.74943	0.0259985	0.224043	0.787653	2.9623	5	1.029207
195000	-114.7649	-178.1498	63.38492	10	0.6764331	0.00711773	0.0035811	0.0124206	0.0011484	0.00512087	0.0346491	0.014022	0.00760564	0.0609604	0.0248596	0.455027	0.0691632	0.352195	0.915812	2.66283	5	0.6265123
196000	-123.9687	-179.92	55.95125	10	2.35556	0.0127818	0.0106288	0.0346962	0.0432857	0.0194446	0.00676025	0.0287792	0.0245016	0.0952214	0.000609619	0.612289	0.33232	0.68818	1.07679	1.90271	5	0.8889987
197000	-130.9109	-181.3381	50.42723	10	2.155956	0.0199212	0.000580123	0.00308877	0.00876256	0.0286457	0.0452098	0.0134564	0.0306606	0.194684	0.0379311	0.496814	0.311207	0.670635	1.07344	1.94471	5	0.8797542
198000	-127.0959	-179.6499	52.55401	10	0.478468	0.00326323	0.00330499	0.175514	0.0410873	0.00927795	0.0162849	0.0125939	0.00419694	0.0151422	0.00901719	0.895809	0.0294697	0.237627	0.803946	2.92896	5	1.185491
199000	-127.5695	-183.9001	56.33068	10	1.806816	0.018477	0.00875423	0.149619	0.0278465	0.0202091	0.0118735	0.0406662	0.0168269	0.0930595	0.0290061	0.599365	0.26907	0.632762	1.06431	2.03386	5	1.015703
200000	-127.8492	-184.9543	57.10511	10	1.193846	0.0369508	0.00445596	0.0337423	0.0559862	0.0106854	0.0239092	0.016194	0.00821462	0.0628456	0.00100776	0.491292	0.173936	0.528158	1.02593	2.27197	5	0.7452839
201000	-123.694	-179.9121	56.21809	10	1.513229	0.0161709	0.00187044	0.0218682	0.043873	0.0104993	0.0257588	0.0208732	0.0478804	0.0387839	0.00434141	0.829808	0.227359	0.590744	1.05119	2.13071	5	1.061727
202000	-127.493	-180.2033	52.71029	10	1.780898	0.00914978	0.0160975	0.06245	0.0311739	0.00487205	0.0182455	0.0013831	0.18057	0.0145168	0.0511286	0.652795	0.26564	0.62949	1.0634	2.04147	5	1.042383
203000	-123.987	-176.8036	52.81657	10	1.883109	0.00960909	0.000874048	0.0100023	0.00625715	0.00876318	0.00748428	0.023384	0.0940624	0.0117595	0.0365747	0.689812	0.27891	0.641979	1.06677	2.01234	5	0.898583
204000	-119.9361	-180.0481	60.11193	10	1.637708	0.0071557	0.00693953	0.0400233	0.00450898	0.00571159	0.0168556	0.0157532	0.102392	0.00389997	0.0273145	0.277086	0.245833	0.609981	1.05758	2.08661	5	0.5076404
205000	-137.0314	-188.1515	51.12011	10	5.581946	0.0322681	0.011202	0.0536209	0.029282	0.0118435	0.0142165	0.00899879	0.122645	0.0711883	0.0572879	0.501397	0.524588	0.816691	1.08217	1.57655	5	0.9139501
206000	-124.0889	-180.4995	56.41057	10	0.5594382	0.00483138	0.00795517	0.00338239	0.054061	0.00972625	0.0182767	0.00857048	0.0103323	0.192126	0.00987097	0.691349	0.0448652	0.288959	0.859125	2.80705	5	1.010481
207000	-131.3848	-185.6271	54.24233	10	1.899935	0.0424878	0.0232255	0.0875815	0.0175531	0.0105843	0.0325265	0.00720612	0.224399	0.0191181	0.0297949	0.632374	0.28103	0.643933	1.06727	2.00777	5	1.12685
208000	-126.3005	-182.1317	55.83127	10	0.6341124	0.00832574	0.00573699	0.0770513	0.0458839	0.0117038	0.0393736	0.00434026	0.157945	0.00307895	0.0292337	0.880315	0.0602113	0.330711	0.897772	2.71131	5	1.262988
209000	-124.4026	-181.1788	56.7762	10	1.143111	0.00222557	0.00456438	0.0681229	0.00482512	0.00390951	0.00734134	0.0234126	0.0615623	0.0286744	0.0270714	0.347838	0.164592	0.515912	1.02018	2.29931	5	0.5795478
210000	-126.4762	-182.0904	55.61417	10	1.692991	0.00611881	0.0144788	0.0263498	0.0372523	0.00668895	0.00224844	0.0109007	0.00127439	0.128177	0.0069463	0.639894	0.253656	0.617817	1.06	2.06853	5	0.8803303
211000	-141.8158	-189.0935	47.27771	10	3.791979	0.0201467	0.00120533	0.241547	0.0149165	0.0100628	0.0315681	0.0637437	0.00226232	0.015549	0.00801345	1.04594	0.442556	0.767694	1.08437	1.70538	5	1.454958
212000	-124.6228	-185.3913	60.7685	10	0.2924783	0.00479764	0.0346876	0.0303634	0.0184239	0.0177991	0.000975579	0.0193259	0.0825243	0.0299067	0.0103963	0.566227	0.00470503	0.0986579	0.582952	3.31369	5	0.8154271
213000	-130.4092	-181.1552	50.74602	10	2.383658	0.0318078	0.012477	0.206633	0.0650765	0.0072461	0.0277857	0.0139308	0.0151268	0.0194827	0.00170323	1.18189	0.335141	0.690459	1.07718	1.89722	5	1.583161
214000	-124.5443	-180.166	55.62171	10	5.09505	0.0168803	0.00686601	0.0242552	0.00375226	0.00742294	0.0133763	0.0295619	0.164374	0.0232091	0.0530914	0.385546	0.505978	0.806202	1.08313	1.60469	5	0.7283353
215000	-129.2026	-181.0075	51.80481	10	1.135391	0.0283285	0.0212645	0.0650579	0.00189312	0.0139947	0.0106144	0.00851355	0.0164613	0.0622305	0.0453869	0.730272	0.163149	0.513979	1.01925	2.30362	5	1.004018
216000	-125.9835	-180.9719	54.98842	10	0.8095197	0.0030908	0.000652102	0.00629512	0.0661946	0.00856584	0.0239389	0.0158036	0.00575571	0.140131	0.0233954	0.468328	0.0975828	0.410939	0.959558	2.53192	5	0.762151
217000	-137.0556	-183.2717	46.21606	10	0.5721708	0.00920072	0.00159538	0.188811	0.0384718	0.00867311	0.00914709	0.0282102	0.256123	0.0332134	0.00837952	0.532768	0.0474238	0.296445	0.866429	2.7897	5	1.114594
218000	-125.3975	-184.2799	58.88243	10	1.657814	0.0208846	0.0309906	0.0338276	0.00293305	0.0209178	0.00184029	0.00883664	0.0950895	0.0469511	0.0242502	0.444896	0.248704	0.612878	1.05849	2.07993	5	0.7314174
219000	-121.0686	-178.3462	57.27764	10	0.653408	0.00446068	2.67205e-06	0.0524057	0.0266489	0.00023312	0.00989904	0.00941791	0.0138032	0.0712414	0.011644	0.484931	0.064278	0.340692	0.906299	2.68873	5	0.6846877
220000	-125.5931	-179.5889	53.99582	10	1.225581	0.0195852	0.00224124	0.00621907	0.00322542	0.00634004	0.0160594	0.0100384	0.175435	0.00882154	0.0712705	0.503819	0.179658	0.535442	1.02922	2.25568	5	0.8230544
221000	-122.6446	-181.8799	59.23524	10	1.045677	0.00530138	0.0357669	0.0239483	0.025775	0.0186782	0.0120206	0.0146366	0.00943794	0.128718	0.0605231	0.523932	0.145977	0.490063	1.00717	2.35679	5	0.858738
222000	-124.8918	-180.176	55.28419	10	1.625915	0.0393654	0.00364042	0.0168396	0.00679065	0.0123526	0.00875915	0.0323721	0.133999	0.0103249	0.0525436	0.573889	0.244135	0.608256	1.05703	2.09058	5	0.890877
223000	-131.9624	-190.3712	58.40875	10	0.479715	0.00318641	0.0437462	0.11181	0.0113347	0.00676869	0.0396629	0.0122634	0.00157023	0.0142177	0.0600594	0.393619	0.0296924	0.238467	0.804928	2.92691	5	0.6982394
224000	-132.9268	-178.542	45.61525	10	2.777902	0.00896412	0.0247888	0.0610225	0.0027076	0.0195857	0.0247174	0.014134	0.0117574	0.078444	0.0331254	0.968813	0.371315	0.718439	1.08118	1.82907	5	1.24806
225000	-135.6993	-184.6454	48.94611	10	4.599733	0.0575513	0.00821118	0.129667	0.0158458	0.0101859	0.0397163	0.0424125	0.00411706	0.0388253	0.0389141	0.760449	0.484553	0.793691	1.08392	1.63784	5	1.145896
226000	-144.5466	-179.009	34.46238	2	2.396196	0.00944871	0.00342916	0.00329882	0.00481919	0.012429	0.0172734	0.0130119	0.0184004	0.156318	0.0383654	0.454854	0.336389	0.691462	1.07735	1.8948	4	0.7316477
227000	-152.8081	-183.4131	30.60491	1	1.695651	0.00529521	0.0107949	0.114386	0.0379904	0.011265	0.0104723	0.0047816	0.0163759	0.00134778	0.0201841	0.621192	0.254026	0.618184	1.06011	2.06768	3	0.8540849
228000	-136.4646	-184.9741	48.50949	10	2.882943	0.0138457	0.0466655	0.106372	0.076604	0.0253329	0.0495168	0.01205	0.0125019	0.165623	0.025469	0.931208	0.379998	0.724834	1.08187	1.81329	5	1.465188
229000	-156.2895	-186.0017	29.71219	2	2.390572	0.0234994	0.00870623	0.0796747	0.102189	0.0111567	0.0393979	0.00560032	0.00825845	0.217115	0.0197026	0.793572	0.33583	0.691013	1.07727	1.89589	4	1.308873
230000	-120.7572	-179.0549	58.29769	10	1.737663	0.00386923	0.000640346	0.0187364	0.00200877	0.0172593	0.00967687	0.0231746	0.000562528	0.138209	0.0217792	0.365079	0.259814	0.623864	1.06179	2.05453	5	0.600995
231000	-120.5344	-179.1405	58.60607	10	1.041943	0.00460967	0.000119656	0.0455813	0.0111438	0.0274537	0.0114588	0.0108153	0.00847874	0.0995174	0.0364043	0.614013	0.145246	0.489006	1.00662	2.35913	5	0.8695959
232000	-127.356	-186.4322	59.07619	10	1.86467	0.0142487	0.00142196	0.0655107	0.0107271	0.0232148	0.0148381	0.0200129	0.126997	0.00837587	0.0427782	0.217359	0.276567	0.639806	1.0662	2.01742	5	0.5454838
233000	-120.9992	-178.2973	57.29805	10	1.910696	0.00434196	0.0117356	0.0237905	0.00869224	0.0173223	0.0222539	0.00215233	0.176805	0.0123401	0.0303024	0.5359	0.282376	0.645168	1.06759	2.00487	5	0.8456373
234000	-119.615	-180.7784	61.16338	10	1.230378	0.00977182	0.00319096	0.0160302	0.00151354	0.0172807	0.0071961	0.0132451	0.151816	0.0382709	0.0429892	0.34603	0.180515	0.536519	1.0297	2.25326	5	0.6473347
235000	-117.4178	-177.0726	59.65476	10	2.725691	0.00399146	0.000185262	0.0045378	0.0320729	0.0035301	0.0161709	0.0164075	0.00900042	0.118962	0.0167504	0.542404	0.366861	0.715113	1.08078	1.83725	5	0.7640123
236000	-128.3406	-181.913	53.57243	10	2.569631	0.0126892	0.00350621	0.0622575	0.0446604	0.0111984	0.0534399	0.0233385	0.0141445	0.0971865	0.0496781	0.620621	0.35296	0.704522	1.07938	1.86314	5	0.9927198
237000	-123.1244	-180.6891	57.56469	10	2.31696	0.0284099	0.0011888	0.0383137	0.0152837	0.000964883	0.0473048	0.0224937	0.0711948	0.0252601	0.0332497	0.66262	0.328386	0.684977	1.07622	1.91042	5	0.9462846
238000	-129.4923	-184.9737	55.4814	10	2.72345	0.00115422	0.0213403	0.00181946	0.0233991	0.013433	0.0321067	0.0283595	0.0393009	0.0397689	0.0200052	0.470832	0.366668	0.714967	1.08076	1.8376	5	0.6915196
239000	-124.8518	-180.0622	55.21038	10	0.8587457	0.006506	0.00278434	0.00631829	0.067359	0.0249238	0.0334087	0.0124159	0.125344	0.00574641	0.00673502	0.616001	0.107984	0.429752	0.971992	2.49027	5	0.907543
240000	-132.1524	-181.794	49.64162	10	4.269636	0.0199964	0.00626882	0.178078	0.037118	0.0190095	0.0654539	0.0332582	0.0130483	0.0190441	0.017285	0.931707	0.468588	0.784046	1.08427	1.6631	5	1.340267
241000	-124.9336	-182.765	57.83139	10	2.335752	0.00731147	0.00683601	0.0052401	0.0203132	0.00487252	0.00480334	0.00849522	0.0311735	0.112054	0.0134252	0.358319	0.33031	0.686547	1.0765	1.90664	5	0.5728438
242000	-136.3766	-187.9	51.52348	10	3.173595	0.025728	0.00969054	0.000484206	0.0438561	0.0256895	0.0441052	0.0256754	0.036016	0.140937	0.00718013	0.534603	0.402261	0.740708	1.08325	1.77378	5	0.8939653
243000	-125.8187	-180.5271	54.70836	10	0.1574758	0.0118926	0.00311405	0.0381029	0.0315084	0.0112781	0.0215655	0.00333144	0.0290746	0.00733535	0.00420432	0.727785	8.22201e-05	0.0133811	0.264242	3.72229	5	0.8891927
244000	-121.1114	-181.7261	60.61474	10	0.5892634	0.014484	0.0129767	0.0133171	0.0253301	0.00753748	0.0192488	0.020332	0.101776	0.0167138	0.0110294	0.350239	0.0509014	0.306251	0.875741	2.76711	5	0.5929848
245000	-125.5482	-183.471	57.92274	10	2.980904	0.0024116	0.044024	0.0784783	0.0358762	0.00484149	0.0184407	0.0341474	0.0135451	0.0710024	0.024844	0.570462	0.387779	0.730465	1.08242	1.79934	5	0.8980731
246000	-123.066	-182.0163	58.95026	10	0.3124165	0.00934247	0.0111037	0.0247683	0.0151501	0.00101318	0.0128095	0.00752902	0.076535	0.000151314	0.000729573	0.375683	0.00635644	0.114182	0.616077	3.26338	5	0.5348154
247000	-117.1401	-181.7774	64.63738	10	0.8890516	0.00229123	0.0034578	0.101961	0.0242666	0.0131758	0.0163718	0.0214041	0.00681485	0.00167635	0.00840422	0.503751	0.11432	0.440661	0.978874	2.46614	5	0.7035751
248000	-121.7356	-178.8104	57.07482	10	2.226338	0.0205491	0.00209759	0.0307915	0.00392902	0.00562729	0.0381701	0.00725711	0.225148	0.047444	0.0317983	0.804883	0.318874	0.677109	1.07474	1.92927	5	1.217694
249000	-127.7768	-181.5125	53.73577	10	1.634344	0.00631223	0.00975056	0.101198	0.016397	0.0110042	0.0311948	0.0436909	0.0363311	0.0428581	0.0295558	0.780012	0.24535	0.609491	1.05743	2.08773	5	1.108304
250000	-129.2319	-179.2696	50.03769	10	1.394629	0.0196653	0.00343742	0.0777479	0.0119748	0.0183251	0.0144907	0.00558964	0.191124	0.0182457	0.0450719	0.745264	0.208576	0.570023	1.04358	2.17782	5	1.150936
251000	-125.2005	-179.9388	54.73836	10	1.10041	0.00556744	0.036036	0.00840835	0.0131239	0.00155737	0.0271144	0.0193053	0.0102532	0.101042	0.0242852	0.540482	0.156542	0.504983	1.01483	2.32364	5	0.787175
252000	-119.6154	-179.4028	59.78747	10	1.802334	0.0125094	0.00969728	0.0137819	0.024667	0.00532906	0.00992537	0.0302816	0.0972418	0.0072494	0.0150047	0.498829	0.26848	0.632201	1.06415	2.03516	5	0.7245163
253000	-134.6604	-183.0095	48.34905	10	3.205694	0.0184313	0.00907793	0.0303279	0.005127	0.0103331	0.0387923	0.0242271	0.207701	0.0115815	0.0267607	0.452078	0.404574	0.742316	1.08336	1.76975	5	0.8344381
254000	-130.8245	-182.396	51.57158	10	5.322143	0.00183637	0.0251456	0.027881	0.0350866	0.0130449	0.0261673	0.0248002	0.0439851	0.00799334	0.0194261	1.03042	0.514931	0.811291	1.0827	1.59108	5	1.255782
255000	-123.7263	-183.4802	59.75395	10	0.9544609	0.0193572	0.0013674	0.00716327	0.0189193	0.00428066	0.00577755	0.000629717	0.141546	0.0161772	0.00569554	0.360419	0.12778	0.462623	0.992025	2.41757	5	0.5813326
256000	-143.4066	-180.232	36.82542	2	0.9144803	0.00244237	0.0025225	0.00467441	0.0224671	0.0256497	0.022115	0.0148542	0.0183392	0.0747306	0.0167242	0.661851	0.11959	0.449446	0.984246	2.44672	4	0.8663704
257000	-132.7073	-189.3776	56.67031	10	2.826591	0.0135988	0.0198929	0.068888	0.0600296	0.00545252	0.00573767	0.0580474	0.14233	0.00857865	0.0299418	0.368857	0.375385	0.721451	1.08151	1.82165	5	0.7813544
258000	-124.215	-179.5251	55.31007	10	0.3137747	0.0163717	0.00151133	0.0112657	0.0202284	0.00262373	0.00673286	0.0101926	0.00262573	0.050588	0.00285642	0.432959	0.00647903	0.115245	0.618227	3.26005	5	0.5579558
259000	-127.4955	-182.479	54.98353	10	0.3568095	0.00700851	0.00146229	0.108216	0.00222558	0.013479	0.0111826	0.0156154	0.00566515	0.127099	0.0281422	0.335842	0.0110081	0.148841	0.679971	3.16018	5	0.655937
260000	-131.7483	-178.5863	46.83807	10	2.137276	0.0145567	0.0181937	0.0451848	0.00171121	0.0141853	0.0252822	0.020708	0.00663682	0.0982627	0.0410101	0.804472	0.309129	0.66886	1.07307	1.94894	5	1.090204
261000	-132.6308	-185.5011	52.87027	10	1.298192	0.0270291	0.00796922	0.0901	0.0267178	0.011191	0.0123558	0.0515654	0.0104219	0.0229159	0.0298851	0.595116	0.192398	0.551113	1.03599	2.2205	5	0.8852677
262000	-122.325	-179.0323	56.70735	10	1.818193	0.0238944	0.00398819	0.0345475	0.00945376	0.0017818	0.0268687	0.00651025	0.0720983	0.0142589	0.0404701	0.667627	0.270562	0.634175	1.0647	2.03057	5	0.9014991
263000	-124.4352	-179.885	55.44976	10	3.553379	0.0127549	0.00168816	0.0739863	0.00331003	0.0541483	0.0283657	0.0173927	0.112606	0.0153518	0.0606615	0.707931	0.428007	0.758195	1.08416	1.72964	5	1.088197
264000	-128.926	-183.5889	54.66289	10	3.518696	0.000614169	0.000672342	0.0319762	0.00562477	0.00848663	0.0494626	0.0306155	0.00837889	0.215281	0.0156201	0.335209	0.425794	0.756727	1.0841	1.73337	5	0.7019414
265000	-136.4638	-179.6081	43.14433	10	0.8880148	0.013341	0.0272161	0.0118596	0.0361676	0.00192332	0.0173366	0.0351368	0.123621	0.0111661	0.013083	0.867388	0.114104	0.440296	0.978648	2.46695	5	1.158239
266000	-124.6498	-180.8334	56.18359	10	1.385393	0.0127126	0.0020622	0.0338355	0.00445293	0.00769214	0.0230997	0.0127428	0.144816	0.0271294	0.0276952	0.352426	0.207063	0.568298	1.04292	2.18172	5	0.6486645
267000	-125.8934	-180.2851	54.39176	10	1.606523	0.00290106	0.001752	0.0779354	0.0100914	0.000272443	0.0442914	0.00215161	0.097359	0.016391	0.0474459	0.582562	0.241319	0.605378	1.05611	2.09719	5	0.8831537
268000	-142.6209	-180.8319	38.21097	2	1.422569	0.0083938	0.0128705	0.00539455	0.0100052	0.0433743	0.019981	0.0269661	0.00722835	0.130868	0.0539299	0.63157	0.213109	0.575139	1.04553	2.16622	4	0.9505814
269000	-124.4842	-185.7521	61.26788	10	1.75663	0.0247866	0.00724575	0.140276	0.000396176	0.0109444	0.000768521	0.0375201	0.0306732	0.0150479	0.0097493	0.535286	0.262386	0.626359	1.06251	2.04875	5	0.8126939
270000	-118.3208	-180.4021	62.08129	10	0.6085049	0.014661	0.00250416	0.00652712	0.0152556	0.000151266	0.00512254	0.0130848	0.0509305	0.00712289	0.0118074	0.264359	0.0548668	0.316967	0.885597	2.74257	5	0.3915263
271000	-127.3587	-177.9709	50.61221	10	2.293202	0.00753148	0.00270875	0.093598	0.00177955	0.0101541	0.0384982	0.0104462	0.00562778	0.0856852	0.0465933	0.617851	0.325931	0.682962	1.07585	1.91526	5	0.9204739
272000	-133.9378	-183.9538	50.01593	10	0.8753837	0.0044175	0.00191691	0.0549696	0.0257889	0.0534137	0.0616085	0.0117929	0.149782	0.00759912	0.0391207	0.662092	0.11147	0.435802	0.975838	2.47689	5	1.072502
273000	-119.2588	-181.5755	62.31661	10	1.070847	0.00967806	0.00446063	0.131882	0.00347024	0.0126879	0.0259735	0.0115122	0.122974	0.00217615	0.0652778	0.472417	0.150869	0.497058	1.01081	2.34126	5	0.8625094
274000	-124.5011	-179.6969	55.19577	10	1.126458	0.0130812	0.0165213	0.00635262	0.00763088	0.00942916	0.0175846	0.0186262	0.000851163	0.105076	0.0586496	0.432246	0.161473	0.51172	1.01816	2.30865	5	0.6860492
275000	-124.9622	-179.8158	54.85356	10	0.3739386	0.000539797	0.000388112	0.0874387	0.00148909	0.00188443	9.51322e-05	0.0139358	0.00769754	0.00586317	0.0482794	0.631176	0.0131412	0.162037	0.701466	3.12336	5	0.798787
276000	-132.6049	-180.7179	48.11303	10	3.562763	0.0158669	0.00719473	0.106777	0.0112646	0.00448293	0.0186242	0.0202985	0.21712	0.021604	0.039419	0.553206	0.428601	0.758588	1.08417	1.72864	5	1.015858
277000	-127.758	-181.5164	53.75835	10	0.8948696	0.00955274	0.0037542	0.0300956	0.0031465	0.00593122	0.038944	0.00724003	0.0702052	0.00528228	0.0602144	0.4037	0.11553	0.4427	0.980134	2.46164	5	0.6380666
278000	-151.4456	-184.1144	32.66882	1	0.8694741	0.011797	0.000677411	0.0434427	0.0274735	0.00698911	0.00105759	0.012828	0.0595924	0.0225713	0.0017798	0.542103	0.110233	0.433671	0.974491	2.48161	3	0.7303121
279000	-145.5909	-182.621	37.0301	2	1.173754	0.010377	0.00349786	0.070981	0.0205641	0.000365686	0.0229244	0.0103272	0.106703	0.00806137	0.00275783	0.409911	0.170265	0.5234	1.02373	2.2826	4	0.6664708
280000	-120.8616	-179.3477	58.48612	10	2.190557	0.00937905	0.00507275	0.0432392	0.00762449	0.0112942	0.016973	0.0097251	0.126385	0.000277828	0.0550458	0.475165	0.315008	0.673859	1.0741	1.93703	5	0.7601813
281000	-133.7393	-180.1508	46.41146	10	0.6813893	0.0146777	0.0221766	0.113208	0.0157007	0.0021945	0.0228751	0.0157495	0.0236335	0.00172101	0.029338	1.25548	0.0702182	0.354615	0.917772	2.65739	5	1.51675
282000	-128.2839	-185.4892	57.20529	10	0.7786238	0.0184537	0.0268668	0.00106785	0.0410755	0.00303265	0.042853	0.0117919	0.0238316	0.0806249	5.82883e-05	0.518829	0.0910026	0.398383	0.950851	2.55976	5	0.768485
283000	-142.1543	-179.6598	37.50551	2	1.548647	0.00399375	0.0065492	0.0132641	0.00335886	0.00530096	0.02588	0.012922	0.098551	0.00746079	0.032361	0.367569	0.23274	0.596458	1.05316	2.11765	4	0.5772103
284000	-129.5756	-182.091	52.51538	10	2.557654	0.00581544	0.000226034	0.0206118	0.0210617	0.0414124	0.0106898	0.0376602	0.101779	0.0102145	0.0658745	0.66919	0.351855	0.703666	1.07925	1.86522	5	0.984535
285000	-127.6788	-180.1498	52.47096	10	5.213382	0.0148429	0.000652439	0.0466494	0.0095534	0.00753513	0.0113922	0.0145636	0.0147605	0.0579831	0.0287966	0.541249	0.510706	0.808899	1.08291	1.59748	5	0.7479782
286000	-133.78	-182.2749	48.49485	10	0.6940152	0.00536178	0.0157889	0.222724	0.0416915	0.00226032	0.0140432	0.0244851	0.015249	0.0159031	0.0501032	1.20742	0.0729104	0.360693	0.92263	2.64377	5	1.615028
287000	-134.5013	-182.1337	47.6324	10	1.913989	0.00829929	0.00983032	0.0382563	0.0275258	0.014081	0.00612149	0.0033458	0.0158292	0.148605	0.00437722	0.578182	0.282787	0.645544	1.06768	2.00399	5	0.8544529
288000	-126.9915	-183.6459	56.65436	10	1.504365	0.0147916	0.00540735	0.0136715	0.0568084	0.0126833	0.0242027	0.0173024	0.00811391	0.0691882	0.0121898	0.455833	0.225996	0.589281	1.05068	2.13405	5	0.6901924
289000	-134.6548	-185.4494	50.79465	10	0.6339306	0.00118219	0.0336424	0.0854975	0.0652862	0.00161627	0.0654906	0.0106585	0.0103767	0.102129	0.00600163	0.680299	0.0601732	0.330615	0.897689	2.71152	5	1.06218
290000	-119.7865	-181.2731	61.48658	10	0.4263032	0.00766337	0.0136765	0.0141646	0.00551206	0.00511602	0.0377762	0.0446787	0.00143296	0.104148	0.0332872	0.550656	0.0206847	0.201117	0.758244	3.01995	5	0.818112
291000	-132.1925	-182.1453	49.95284	10	2.710211	0.00905028	0.00760651	0.0149612	0.00166756	0.00891238	0.055014	0.0582041	0.0123662	0.131474	0.064235	0.567394	0.365522	0.714106	1.08066	1.83972	5	0.9308851
292000	-127.1407	-180.8384	53.69774	10	7.768307	0.00375795	0.0122832	0.0130623	0.0541649	0.00280786	0.0189862	0.00691985	0.0235707	0.13198	0.0443465	0.63718	0.587765	0.849888	1.07717	1.48517	5	0.9490595
293000	-120.6309	-180.7398	60.10887	10	0.6343397	0.0134675	8.24739e-05	0.154872	0.0356636	0.0141133	0.000546222	0.0124423	0.02144	0.0389887	0.00123144	0.790339	0.0602591	0.33083	0.897875	2.71104	5	1.083186
294000	-127.3122	-181.4176	54.10543	10	0.8550173	0.0193833	0.00500322	0.00456152	0.031876	0.00452569	0.0539583	0.0122235	0.00129673	0.0715596	0.00377461	0.602766	0.1072	0.428376	0.971107	2.49332	5	0.8109283
295000	-121.6396	-181.5242	59.88454	10	2.077832	0.00995122	0.0151352	0.0161069	0.00435524	0.0100732	0.0100672	0.00748687	0.00571938	0.148683	0.0355979	0.299717	0.302392	0.663043	1.07182	1.96274	5	0.5628934
296000	-123.3036	-177.3729	54.06932	10	2.038679	0.0024503	0.00576245	0.00954387	0.0172033	0.00153434	0.0282336	0.0201284	0.154015	0.0205415	0.0477302	0.605129	0.297849	0.659065	1.07093	1.97216	5	0.9122717
297000	-125.8163	-181.0239	55.20758	10	2.698484	0.00883326	0.0203936	0.0446447	0.000597773	0.0128788	0.0204227	0.0642158	0.00084418	0.112877	0.0509563	0.701754	0.364502	0.713338	1.08056	1.8416	5	1.038418
298000	-123.951	-179.4668	55.51585	10	1.333959	0.00449508	0.0119293	0.029841	0.00671339	0.00793526	0.00766489	0.0295182	0.147132	0.0174019	0.0361114	0.519765	0.198496	0.558364	1.03898	2.20416	5	0.8185068
299000	-134.0437	-180.7444	46.70062	10	1.968753	0.0284765	0.00196602	0.0205221	0.0160864	0.00212307	0.047018	0.0211641	0.228394	0.00491872	0.0748027	0.660178	0.289516	0.651649	1.06919	1.98965	5	1.105649
300000	-128.7904	-181.3049	52.51452	10	2.275754	0.00214485	0.0127422	0.0358556	0.0447795	0.0150729	0.017173	0.035145	0.246259	0.0192526	0.0308185	0.662169	0.32411	0.681461	1.07557	1.91885	5	1.121412
301000	-129.6504	-181.6688	52.01843	10	2.181688	0.0158211	0.00653615	0.0519523	0.00404655	0.0308225	0.0512024	0.013124	0.107009	0.0172414	0.0438102	0.61567	0.314039	0.673041	1.07394	1.93898	5	0.9572359
302000	-123.049	-180.3642	57.31518	10	0.5472352	0.0078555	0.010481	0.0157225	0.0290085	0.00782911	0.0430667	0.0387993	0.000848384	0.0869235	0.000502291	0.84868	0.0424421	0.281638	0.851812	2.82411	5	1.089717
303000	-123.5885	-181.8306	58.24214	10	1.346662	0.0145252	0.00607253	0.0127994	0.0137524	0.0130442	0.00219968	0.0220302	0.000964578	0.14393	0.0599996	0.46918	0.200634	0.56087	1.03999	2.19851	5	0.7584978
304000	-132.4812	-182.3771	49.89585	10	2.03013	0.00585267	0.00327101	0.00939464	0.00261679	0.00367129	0.0618868	0.0440173	0.0163673	0.11619	0.0889282	0.552505	0.296845	0.65818	1.07073	1.97425	5	0.9047011
305000	-122.6662	-182.8289	60.16267	10	0.2074506	0.00692224	0.0123082	0.042347	0.0117845	0.000618379	0.00255941	0.00595712	0.00602822	0.10082	0.0166812	0.615572	0.000680681	0.0381813	0.402822	3.55832	5	0.8215982
306000	-127.6015	-181.0617	53.4602	10	3.948175	0.0137163	0.00426354	0.0290626	0.00145085	0.026082	0.0326358	0.00855645	0.0953675	0.00512753	0.0191979	0.433588	0.451492	0.773398	1.08441	1.6907	5	0.6690487
307000	-119.1242	-176.4593	57.33507	10	2.577225	0.00592183	0.00246973	0.000932762	0.0210158	0.00757154	0.0261902	0.0164482	0.00348347	0.188154	0.0397116	0.720406	0.353658	0.705061	1.07945	1.86183	5	1.032305
308000	-128.0808	-179.045	50.96419	10	0.7033677	0.00418331	0.00346429	0.0283131	0.0202084	0.0107774	0.010469	0.00944986	0.0777264	0.0127974	0.062008	0.602509	0.0749078	0.365115	0.92611	2.63387	5	0.8419063
309000	-120.4149	-178.7558	58.3409	10	1.935587	0.00411806	0.0111512	0.00788822	0.0120262	0.0100075	0.0228722	0.0296395	0.0125923	0.118893	0.0432436	0.52328	0.285463	0.647985	1.06829	1.99826	5	0.7957123
310000	-129.0643	-181.8313	52.767	10	2.916202	0.0131393	0.0230683	0.116269	0.002707	0.00598213	0.0124929	0.0110107	0.0728085	0.0175133	0.0262046	0.661121	0.382673	0.72678	1.08207	1.80848	5	0.9623167
311000	-128.4038	-183.3575	54.95362	10	1.353077	0.00858722	0.00869818	0.0831282	0.00901693	0.000767339	0.0413333	0.0431636	0.00216243	0.0541423	0.0398849	0.453762	0.201708	0.562122	1.04049	2.19568	5	0.7446467
312000	-124.1288	-176.8558	52.72698	10	2.285197	0.0223979	0.00537806	0.0208906	0.0283093	0.00540427	0.0200215	0.023168	0.106562	0.0148305	0.0260029	0.813465	0.325097	0.682276	1.07573	1.9169	5	1.08643
313000	-131.7411	-183.4409	51.69977	10	1.663007	0.0087068	0.00124774	0.0502868	0.0309047	0.0266522	0.044143	0.0174579	0.112722	0.0165589	0.00520406	0.666091	0.249441	0.613617	1.05872	2.07823	5	0.9799752
314000	-127.0235	-182.8286	55.80511	10	1.529095	0.0156936	0.0181589	0.0216065	0.0198055	0.00561314	0.000199576	0.0211222	0.132981	0.0241595	0.0234054	0.373479	0.229782	0.593329	1.05209	2.1248	5	0.6562249
315000	-119.7814	-180.8435	61.06212	10	0.4849013	0.0159797	0.00637366	0.00367971	0.00315151	0.00971176	0.0391633	0.00706481	0.00558072	0.078268	0.0250774	0.337096	0.0306245	0.241945	0.808964	2.91847	5	0.5311469
316000	-128.1388	-181.0093	52.87051	10	1.627342	0.0139575	0.00132772	0.0411432	0.00218492	0.00374126	0.0027332	0.0149957	0.00123794	0.0933086	0.0590252	0.48382	0.244341	0.608466	1.0571	2.09009	5	0.7174754
317000	-119.6882	-179.7933	60.10507	10	0.6415435	0.00284785	0.00424532	0.0137472	0.0208072	0.00803926	0.0138132	0.0249553	0.113491	0.0168342	0.0277499	0.436876	0.061774	0.334592	0.901118	2.70252	5	0.6834066
318000	-132.1805	-186.2943	54.11382	10	3.79866	0.0122818	0.0179268	0.014254	0.0308889	0.00128118	0.0524716	0.00324692	0.0581278	0.285972	0.014815	0.432479	0.442948	0.767946	1.08438	1.70473	5	0.9237446
319000	-126.5126	-180.1241	53.61146	10	0.5927654	0.00665506	0.004233	0.0597864	0.0340851	0.00638395	0.0171939	0.0122917	0.0245063	0.164624	0.0136501	0.789803	0.0516194	0.308227	0.877583	2.76257	5	1.133213
320000	-128.6909	-177.8933	49.2024	10	0.7914668	0.00474829	0.00736685	0.0155508	0.00816952	0.0104337	0.0132298	0.00784277	0.0209029	0.149349	0.0161884	0.983587	0.0937417	0.403676	0.954562	2.54802	5	1.237369
321000	-137.2368	-186.2975	49.06075	10	1.341726	0.000973518	0.0454139	0.0964631	0.0577282	0.0209923	0.00570396	0.00534475	0.0858419	0.043118	0.0021129	0.742009	0.199805	0.559901	1.0396	2.2007	5	1.105701
322000	-124.9824	-182.4144	57.43201	10	1.715018	0.00362521	0.00451615	0.0336312	0.0512234	0.00620583	0.0452338	0.0383254	0.0269588	0.116065	0.00449234	0.544291	0.25671	0.620829	1.0609	2.06156	5	0.874568
323000	-121.9294	-180.8013	58.8719	10	1.406954	0.00393826	0.0059342	0.0283357	0.0222769	0.00836968	0.0311348	0.0176589	0.0834911	0.00605701	0.0304578	0.388064	0.210584	0.572299	1.04446	2.17266	5	0.6257181
324000	-130.3601	-183.2135	52.85348	10	3.644339	0.00777353	0.00174186	0.0711991	0.0158205	0.0252371	0.0168009	0.0147536	0.00841974	0.0239779	0.0832643	0.608197	0.433689	0.761936	1.08426	1.72011	5	0.8771853
325000	-132.0297	-180.0942	48.06448	10	1.212521	0.019186	0.0150646	0.000568493	0.0183052	0.0101081	0.0181392	0.0200382	0.214139	0.0190664	0.0544301	0.656435	0.177315	0.532478	1.0279	2.26231	5	1.045481
326000	-127.5188	-182.9269	55.40812	10	0.4564542	0.00285481	0.00204036	0.0947093	0.0115563	0.0363834	0.0280611	0.00609134	0.0769251	0.0124762	0.010355	0.608914	0.0256294	0.22254	0.785801	2.96603	5	0.8903664
327000	-123.9031	-179.6815	55.7784	10	0.7768114	0.0128815	0.00375085	0.00225686	0.00172324	0.00574195	0.00633662	0.0119467	0.0530616	0.00174883	0.0456504	0.404855	0.0906157	0.397628	0.950317	2.56144	5	0.5499532
328000	-129.9646	-183.2211	53.25641	10	1.230367	0.014085	0.00949766	0.25557	0.022485	0.0169501	0.0541644	0.0102674	0.176588	0.0233115	0.0305663	0.753044	0.180513	0.536516	1.0297	2.25327	5	1.366529
329000	-124.3967	-182.9719	58.57518	10	1.358143	0.00443747	0.0362988	0.0206894	0.0528293	0.00558056	0.0260082	0.0306088	0.0682831	0.0173423	0.00967408	0.767473	0.202554	0.563105	1.04088	2.19346	5	1.039225
330000	-125.3996	-180.6377	55.23815	10	0.2992231	0.0110239	0.0121188	0.00636081	0.0130162	0.015908	0.00736387	0.010151	0.0211909	0.118083	0.00760912	0.815605	0.0052325	0.103891	0.594496	3.29638	5	1.038431
331000	-127.6101	-179.7542	52.14412	10	3.729314	0.00981352	0.00713508	0.0392129	0.00506591	0.00543482	0.0189495	0.0167211	0.0128482	0.115697	0.063039	0.431437	0.438844	0.765296	1.08434	1.71152	5	0.7253543
332000	-122.7304	-179.3367	56.60627	10	1.97688	0.00530151	0.00422032	0.0332654	0.00926324	0.0115827	0.0236803	0.0164232	0.00838787	0.10672	0.0328585	0.369584	0.290499	0.652532	1.0694	1.98757	5	0.6212874
333000	-121.3492	-178.7587	57.40945	10	1.136578	0.00975955	0.0173446	0.00587437	0.025091	0.00200762	0.0189553	0.0173473	0.115804	0.0122374	0.00358492	0.672159	0.163372	0.514278	1.0194	2.30295	5	0.9001651
334000	-128.668	-181.3172	52.64922	10	1.799556	0.0414919	0.00280254	0.0109715	0.0360267	0.0161789	0.00822176	0.0150907	0.0988629	0.0150732	0.00068414	0.70255	0.268114	0.631853	1.06406	2.03598	5	0.9479539
335000	-129.7485	-184.9685	55.22006	10	1.39386	0.0101917	0.0299262	0.00716609	0.0257093	0.00676022	0.0611718	0.0434196	0.249574	0.0307382	0.0527713	0.696507	0.208451	0.56988	1.04353	2.17814	5	1.213935
336000	-125.7309	-185.0261	59.29523	10	1.180158	0.0127334	0.00264172	0.0664948	0.0318788	0.00447435	0.04456	0.0261093	0.00569653	0.0134373	0.0418595	0.460022	0.171439	0.524929	1.02444	2.27919	5	0.7099079
337000	-132.4413	-184.5814	52.14007	10	3.145116	0.00438244	0.0115875	0.0417178	0.0227497	0.00725494	0.026057	0.0556362	0.109047	0.0484885	0.0617275	0.493674	0.400186	0.739259	1.08314	1.77741	5	0.8823223
338000	-127.0526	-184.0282	56.9756	10	0.7408766	0.0191348	0.00743359	0.0121923	0.0221222	0.00570011	0.0300631	0.022857	0.0962489	0.00484275	0.0507437	0.347528	0.0829322	0.382195	0.939123	2.59575	5	0.6188664
339000	-129.4988	-182.3746	52.87587	10	4.461835	0.0207733	0.00232609	0.0629382	0.0275723	0.0116408	0.00940892	0.0182476	0.152323	0.0166708	0.0474099	0.465852	0.478064	0.789804	1.08409	1.64804	5	0.8351631
340000	-131.1937	-186.6887	55.49501	10	3.79918	0.0286722	0.0414609	0.243098	0.0444794	0.00651418	0.0218141	0.00259118	0.0185306	0.027055	0.0267859	0.727109	0.442978	0.767965	1.08438	1.70468	5	1.18811
341000	-128.0535	-179.4424	51.38894	10	3.310385	0.009775	0.00360633	0.00949541	0.0121953	0.0135429	0.0227303	0.0178525	0.20768	0.0203116	0.0403399	0.563807	0.411934	0.747384	1.08367	1.75701	5	0.9213365
342000	-138.1267	-183.5107	45.38407	10	0.6058032	0.00199431	0.0078789	0.00358402	0.0152053	0.0195688	0.035053	0.00666951	0.159638	0.0121381	0.0173705	0.483402	0.0543072	0.315483	0.884251	2.74596	5	0.7625026
343000	-147.9525	-183.5072	35.55468	2	1.747683	0.0346189	0.000410021	0.072369	0.00590878	0.00891923	0.0152218	0.00813942	0.210327	0.0244839	0.0214364	0.393658	0.261176	0.625187	1.06217	2.05146	4	0.7954925
344000	-145.6659	-184.3423	38.67638	2	2.531741	0.0173228	0.00174925	0.043582	0.00196446	0.016395	0.0208953	0.00877999	0.0990349	0.00244402	0.0238108	0.286313	0.349445	0.701793	1.07898	1.86978	4	0.5222916
345000	-148.477	-182.2773	33.80029	2	1.022813	0.00226769	0.0168978	0.039422	0.00950565	0.00907508	0.0122726	0.0100345	0.0530496	0.0137392	0.0226726	0.626807	0.141483	0.483503	1.00368	2.37133	4	0.8157442
346000	-152.7072	-184.3376	31.63039	2	2.022846	0.0111528	0.0217435	0.0428561	0.00222459	0.0460159	0.00827854	0.0306081	0.0833767	0.010548	0.0734997	0.654196	0.295987	0.657421	1.07055	1.97604	4	0.9844997
347000	-131.4333	-185.7935	54.36022	10	0.2099906	0.00636755	0.0294138	0.239602	0.00719456	0.00929037	0.00177696	0.0121797	0.0204097	0.0129132	0.0439331	0.917448	0.00073774	0.0397306	0.409226	3.55031	5	1.300528
348000	-150.1661	-190.644	40.47786	2	0.3721467	0.00303346	0.000641439	0.000964624	0.0249425	0.0126105	0.00748276	0.00704954	0.0385003	0.32344	0.00610355	0.27555	0.0129097	0.160664	0.699291	3.12714	4	0.7003182
349000	-127.7835	-181.57	53.78658	10	0.7361314	0.0160983	0.0180932	0.03593	0.000128688	0.0129236	0.0293447	0.0175774	0.00886755	0.0896276	0.0534154	0.549739	0.0819166	0.380091	0.937556	2.60044	5	0.8317449
350000	-125.5727	-183.8734	58.30068	10	1.064673	0.00251848	0.0161624	0.0295987	0.00962982	0.0111829	0.0692434	0.00781991	0.000824427	0.0765546	0.0340572	0.416777	0.149674	0.495363	1.00994	2.34502	5	0.6743691
351000	-121.4679	-181.7774	60.30948	10	0.9887869	0.0156473	0.013048	0.00180146	0.0213375	0.00473356	0.0224239	0.00350021	0.0144793	0.128452	0.000664468	0.359746	0.134711	0.473355	0.998117	2.39382	5	0.5858343
352000	-124.0634	-180.1035	56.04013	10	1.332606	0.0156163	0.02528	0.0295153	0.0214304	0.00412236	0.0344688	0.0196647	0.116301	0.0178509	0.0441976	0.680116	0.198267	0.558095	1.03887	2.20477	5	1.008564
353000	-123.1413	-178.3323	55.19097	10	1.284282	0.00140625	0.00997431	0.00301218	0.00114762	0.00164656	0.0110721	0.00916904	0.174612	0.00939505	0.0430032	0.382376	0.189995	0.548212	1.03477	2.22702	5	0.6468135
354000	-156.7399	-189.4158	32.67591	2	1.300855	0.00170922	0.0339671	0.00793334	0.0870112	0.0206112	0.0385594	0.0326984	0.134757	0.0152179	0.00641807	0.596222	0.192856	0.551663	1.03622	2.21926	4	0.9751046
355000	-126.1162	-180.1754	54.05923	10	1.881138	0.00495737	0.0208122	0.0207959	0.0398312	0.00670474	0.0212208	0.0104841	0.00567834	0.166545	0.0400333	0.591971	0.278661	0.641748	1.06671	2.01288	5	0.9290345
356000	-119.5247	-178.8506	59.32593	10	0.3431581	0.00455489	0.00333669	0.041732	0.0330707	0.00740667	0.0142991	0.00708486	0.0728466	0.000789158	0.00255651	0.451777	0.00943903	0.138227	0.661649	3.19068	5	0.6394537
357000	-123.4057	-180.8883	57.48267	10	1.256063	0.00780187	0.0170936	0.00804892	0.0226898	0.0195426	0.039001	0.0106919	0.0981517	0.0111746	0.0554219	0.606369	0.185066	0.542183	1.03219	2.24056	5	0.8959872
358000	-129.9047	-179.9752	50.07045	10	3.16845	0.0116238	0.00800202	0.0134927	0.00754739	0.0388258	0.0268114	0.0199861	0.0994933	0.0133062	0.0943205	0.780034	0.401888	0.740448	1.08323	1.77443	5	1.113443
359000	-120.3978	-180.8446	60.44681	10	1.515975	0.00827805	0.010359	0.00527172	0.0257424	0.0220033	0.0132357	0.013291	0.0159541	0.190993	0.027242	0.38855	0.22778	0.591194	1.05135	2.12968	5	0.7209207
360000	-124.4594	-180.8616	56.40216	10	0.5766641	0.00779659	0.000556961	0.0231329	0.0240871	0.00754947	0.0119608	0.00496373	0.0584112	0.0149276	0.00877456	0.404288	0.0483335	0.299049	0.86893	2.78369	5	0.5664488
361000	-140.8191	-178.8277	38.00856	2	0.8661263	0.0115278	0.00289428	0.0157662	0.0102306	0.00445155	0.0182465	0.0187062	0.00483685	0.0985866	0.0212767	0.647339	0.109532	0.432455	0.973719	2.48429	4	0.853862
362000	-130.4279	-184.684	54.25606	10	2.821071	0.00987643	0.0112297	0.085401	0.0211855	0.0126303	0.0461062	0.0198323	0.0441775	0.19767	0.030313	0.397467	0.374928	0.721114	1.08148	1.82248	5	0.8758887
363000	-129.9991	-187.6902	57.69104	10	0.2846104	0.00994835	0.00760159	0.0899293	0.0438446	0.00279715	0.0141301	0.0214813	0.0201437	0.194939	0.0271705	0.695659	0.00413016	0.0925899	0.569029	3.33425	5	1.127645
364000	-129.9945	-181.8075	51.81302	10	1.16814	0.0195295	0.0056058	0.00456876	0.0117392	0.0217168	0.00451885	0.0159622	0.000436596	0.0909481	0.0317647	0.361622	0.169232	0.522049	1.0231	2.28562	5	0.5684128
365000	-135.6928	-181.8374	46.14463	10	4.610011	0.010945	0.000641581	0.0735074	0.0700888	0.00658502	0.0893271	0.00901807	0.0138947	0.121705	0.0461191	1.0124	0.485027	0.793972	1.08391	1.63709	5	1.454231
366000	-135.0011	-184.5125	49.51133	10	0.9387175	0.00821124	0.000543454	0.023711	0.0338467	0.0141929	0.012408	0.0252731	0.0668189	0.148527	0.0474992	0.542569	0.12457	0.457524	0.989054	2.42885	5	0.9236005
367000	-123.3003	-182.1851	58.88475	10	1.137111	0.00313679	0.00224811	0.0126207	0.00872552	0.0276061	0.0340262	0.00751283	0.0432156	0.014811	0.0127984	0.756149	0.163471	0.514412	1.01946	2.30265	5	0.9228506
368000	-125.1902	-180.3179	55.1277	10	1.475284	0.00957107	0.0148623	0.0183132	0.0232198	0.0060348	0.0242636	0.0272983	0.0142047	0.0790564	0.0219088	0.463843	0.221479	0.58439	1.04894	2.14519	5	0.7025763
369000	-134.8809	-182.0822	47.20134	10	0.9256909	0.00269768	0.0103708	0.18077	0.100905	0.00134459	0.0234011	0.012281	0.024798	0.11306	0.00198052	1.06563	0.121899	0.453217	0.986507	2.43838	5	1.537241
370000	-131.0025	-183.4642	52.46166	10	2.30721	0.0134926	0.00491658	0.00440076	0.0626232	0.00327919	0.0272797	0.0288154	0.122461	0.0526049	0.0155523	0.629301	0.327382	0.684154	1.07607	1.91239	5	0.9647265
371000	-127.7593	-181.3841	53.62474	10	0.7947375	0.0229531	0.00996203	0.0980081	0.0471545	0.00630661	0.0282867	0.0234901	0.0294171	0.00328066	0.00808774	0.777617	0.0944384	0.405007	0.955486	2.54507	5	1.054563
372000	-132.8862	-180.5185	47.63233	10	1.564162	0.00849927	0.000897202	0.0827804	0.0289908	0.0236681	0.0328692	0.0199205	0.124975	0.00469601	0.0106637	0.509626	0.235066	0.598899	1.05398	2.11206	5	0.8475858
373000	-125.996	-183.4538	57.45789	10	0.9574861	0.0134902	0.00477384	0.153768	0.0204705	0.00426239	0.0289371	0.0105027	0.00777323	0.0541288	0.0117998	0.512941	0.128395	0.463589	0.992582	2.41543	5	0.8228473
374000	-120.2508	-177.8196	57.5688	10	0.3577634	0.0122123	0.00454852	0.0322575	0.00306111	0.0158452	0.00203885	0.0227253	0.0469532	0.00451546	0.0304327	0.861521	0.0111221	0.14958	0.681211	3.15809	5	1.036111
375000	-121.1616	-180.6701	59.5085	10	1.419277	0.0196	0.011137	0.0139545	0.036779	0.022398	0.0285618	0.0146318	0.154861	0.0103308	0.0312471	0.554454	0.212579	0.574544	1.04531	2.16757	5	0.8979559
376000	-127.9753	-178.7761	50.80085	10	1.263679	0.00842988	0.00998987	0.0656555	0.0276178	0.0277876	0.0135974	0.0118941	0.0319622	0.0975067	0.041917	1.07805	0.186404	0.54383	1.0329	2.23687	5	1.414409
377000	-129.1807	-181.1403	51.95959	10	4.315461	0.00447605	0.0115209	0.00101421	0.0135329	0.0260461	0.0217459	0.00173039	0.0948675	0.0314489	0.0455629	0.541778	0.470895	0.785457	1.08423	1.65941	5	0.7937235
378000	-118.369	-178.705	60.33598	10	0.655168	0.00474759	0.00674989	0.0614042	0.011414	0.00262657	0.0439063	0.0176564	0.0896505	0.00460044	0.0251672	0.692579	0.0646503	0.341586	0.907051	2.68671	5	0.960502
379000	-130.1854	-179.3634	49.17803	10	1.70143	0.00301094	0.00623866	0.121926	0.00562705	0.0151718	0.0176546	0.0265065	0.157792	0.0156501	0.0820575	0.816889	0.25483	0.618978	1.06035	2.06585	5	1.268524
380000	-140.4288	-177.5177	37.08893	2	0.7490892	0.00712763	0.00108976	0.00769217	0.0082504	0.00709183	0.029312	0.00729726	0.0946391	0.00805069	0.0274281	0.476904	0.0846897	0.3858	0.941785	2.58773	4	0.6748833
381000	-142.9218	-182.0765	39.15473	2	0.7475804	0.00745069	0.00584567	0.0290957	0.0295025	0.00128407	0.00178329	0.014136	0.091807	0.0158611	0.011388	0.406396	0.0843668	0.385141	0.9413	2.58919	4	0.6145505
382000	-121.4473	-179.9768	58.5295	10	1.188014	0.00511163	0.023257	0.000957391	0.0129931	0.00698774	0.0145985	0.0257484	0.00830323	0.0577238	0.0329441	0.535809	0.172874	0.526789	1.0253	2.27503	5	0.7244339
383000	-116.9571	-179.4834	62.52629	10	1.044916	0.00820298	0.00866338	0.0298147	0.0340649	0.00743811	0.00844004	0.0107754	0.0086192	0.07272	0.0140673	0.407875	0.145828	0.489848	1.00706	2.35726	5	0.6106809
384000	-137.0409	-187.674	50.63309	10	2.063859	0.0247644	0.0062917	0.0523053	0.063834	1.25855e-05	0.00507171	0.0095441	0.0116147	0.282875	0.0153668	0.469661	0.30078	0.661637	1.07151	1.96607	5	0.9413416
385000	-130.5773	-179.3876	48.81031	10	1.740379	0.01439	0.00670086	0.0227588	0.0209892	0.0169331	0.0104747	0.00559646	0.103528	0.0067726	0.0321563	0.702439	0.260184	0.624224	1.06189	2.0537	5	0.9427386
386000	-137.3948	-181.2482	43.85332	10	1.977886	0.0355769	0.00446155	0.00457916	0.0649437	0.00151956	0.0229825	0.0212077	0.126118	0.00264295	0.0156518	0.675079	0.290621	0.652641	1.06943	1.98731	5	0.9747625
387000	-130.5417	-181.2853	50.74364	10	0.7715121	0.00254556	0.00259189	0.0669207	0.000317965	0.0143817	0.0241385	0.00571399	0.0353758	0.00352603	0.0358423	0.651127	0.089484	0.395407	0.948738	2.56637	5	0.8424811
388000	-120.3606	-181.19	60.82945	10	2.498792	0.0131978	0.00062444	0.0490033	0.00547295	0.00401015	0.0266012	0.0037743	0.00925203	0.0584273	0.0305923	0.316982	0.346342	0.699365	1.07861	1.87568	5	0.5179373
389000	-149.6205	-186.6399	37.01934	1	0.5474181	0.00900359	0.00126123	0.00165572	0.0117522	0.010093	0.00159272	0.00494027	0.00133455	0.0712702	0.0155687	0.198993	0.0424782	0.281749	0.851924	2.82385	3	0.3274652
390000	-146.7755	-184.2814	37.50589	2	0.3430278	0.00692289	0.0180666	0.0277085	0.0167158	0.00131319	0.00994716	0.0161256	0.00312349	0.0380502	0.00981231	0.595575	0.00942463	0.138125	0.661469	3.19098	4	0.743361
391000	-122.8807	-182.3352	59.45455	10	1.063867	0.0105302	0.0052224	0.0789014	0.00896752	0.00219274	0.0160747	0.0332631	0.0192207	0.00209994	0.0465106	0.578376	0.149518	0.495141	1.00983	2.34551	5	0.8013592
392000	-129.6743	-186.7381	57.06387	10	1.342521	0.00584028	0.0254772	0.0574852	0.0490865	0.0117227	0.00224497	0.0229747	0.120595	0.0193091	0.0454908	0.557994	0.199939	0.560057	1.03966	2.20034	5	0.9182205
393000	-119.3558	-180.9011	61.54529	10	0.4924926	0.00608007	0.015525	0.00554957	0.011753	0.0130922	0.0261817	0.00827635	0.181356	0.00640737	0.0177143	0.401387	0.0320049	0.246987	0.814728	2.90628	5	0.6933221
394000	-125.0032	-180.9877	55.98449	10	0.3482327	0.00961688	0.00229993	0.0873851	0.025293	0.00914474	0.0310378	0.0197212	0.0833793	0.00357666	0.0018969	0.741295	0.0100083	0.14218	0.668589	3.17922	5	1.014646
395000	-128.191	-182.504	54.31295	10	1.087847	0.0242064	0.0246694	0.0365738	0.0125294	0.0146694	0.019671	0.0028578	0.0952363	0.00672331	0.0730017	0.623129	0.154141	0.501652	1.01316	2.33105	5	0.9332675
396000	-136.8735	-184.3819	47.50844	10	2.000855	0.0050481	0.0376064	0.00908432	0.00779217	0.0347376	0.0199148	0.00886844	0.0750498	0.00777802	0.0340142	0.619697	0.293377	0.655105	1.07001	1.98151	5	0.8595908
397000	-125.4838	-181.1204	55.63659	10	1.843638	0.00862346	0.0367281	0.00574931	0.0199152	0.0211185	0.0196372	0.00980747	0.259118	0.0215402	0.0535945	0.631144	0.273867	0.637285	1.06553	2.02331	5	1.086976
398000	-129.375	-182.9033	53.52835	10	0.9418621	0.0106097	0.0198685	0.0139674	0.019587	0.00880614	0.0673633	0.0149874	0.0984314	0.010615	0.0185131	0.502392	0.125213	0.458551	0.989657	2.42658	5	0.785141
399000	-125.1871	-179.4161	54.22902	10	2.289542	0.0112575	0.00696461	0.0281828	0.00696965	0.00447095	0.00755398	0.0261242	0.0326811	0.0999283	0.0460909	0.427814	0.32555	0.682649	1.07579	1.91601	5	0.6980377
400000	-122.7863	-180.1031	57.31685	10	0.4841442	0.00324739	0.0085222	0.00972057	0.0375011	0.00593063	0.00666007	0.0121349	0.0236589	0.105335	0.0133342	0.483879	0.0304879	0.241439	0.808379	2.91969	5	0.7099244
401000	-134.5036	-190.8929	56.38929	10	1.634302	0.0379553	0.00318798	0.00582382	0.0333883	0.0316538	0.0434524	0.0113882	0.0136714	0.0320954	0.00648895	0.489464	0.245344	0.609485	1.05742	2.08775	5	0.7085696
402000	-124.9252	-183.1171	58.19196	10	0.9611349	0.0184332	0.0191112	0.0252934	0.00492587	0.000243796	0.016552	0.0687772	0.00931287	0.131161	0.0360491	0.612598	0.129135	0.46475	0.993249	2.41287	5	0.9424573
403000	-135.5178	-182.9084	47.39062	10	1.169598	0.0216745	0.0129615	0.00165707	0.0289819	0.0102257	0.0271743	0.0193593	0.0244979	0.18791	0.0873042	0.888616	0.1695	0.522401	1.02326	2.28484	5	1.310362
404000	-121.4129	-179.1153	57.70244	10	1.017064	0.00842623	0.00597603	0.0325737	0.00373834	0.0195037	0.0176851	0.0138065	0.0105107	0.0947443	0.0257247	0.372215	0.140346	0.481822	1.00277	2.37506	5	0.6049047
405000	-124.8656	-180.8549	55.98937	10	2.997651	0.0218993	0.00322158	0.0116622	0.0169948	0.0145042	0.0379521	0.0183497	0.0429284	0.0791167	0.031639	0.57561	0.38908	0.731398	1.0825	1.79702	5	0.8538782
406000	-123.245	-178.8559	55.61088	10	0.7487332	0.012284	0.00548883	0.0227878	0.0155801	0.00764048	0.0297447	0.0257677	0.000441163	0.0615548	0.0256101	0.586706	0.0846135	0.385645	0.94167	2.58807	5	0.7936058
407000	-129.2368	-181.9529	52.71615	10	1.216661	0.0251125	0.0163859	0.00795085	0.0362237	0.034385	0.016107	0.00903107	0.163755	0.00440814	0.00587098	0.860474	0.178059	0.533423	1.02832	2.2602	5	1.179703
408000	-125.3217	-181.4423	56.12065	10	2.504902	0.00903943	0.00367338	0.0312174	0.0806446	0.00703195	0.0294281	0.0345451	0.0861315	0.013348	0.0098761	0.630383	0.346921	0.699819	1.07868	1.87458	5	0.9353189
409000	-124.0914	-179.5622	55.47087	10	0.5321838	0.00263719	0.0153678	0.0436023	0.00104205	0.0212988	0.0241654	0.0120519	0.00508321	0.0941003	0.0437969	0.580082	0.0394969	0.272408	0.842344	2.84575	5	0.8432278
410000	-130.5835	-180.8782	50.29468	10	1.305999	0.00494933	0.0162287	0.0754995	0.0275226	0.0143209	0.0149117	0.00503622	0.00174029	0.0503634	0.0110368	0.902942	0.193739	0.552721	1.03666	2.21688	5	1.124551
411000	-127.3808	-183.2322	55.85141	10	2.325226	0.00986489	0.0157321	0.0313334	0.0446119	0.0125753	0.0462787	0.0204673	0.109591	0.0221379	0.0208888	0.490311	0.329235	0.68567	1.07634	1.90875	5	0.8237923
412000	-158.9896	-190.0174	31.02774	2	2.270426	0.0385313	0.0109192	0.0226935	0.0171581	0.026594	0.0468722	0.0114042	0.0221432	0.15472	0.00929457	0.78338	0.323551	0.680999	1.07549	1.91996	4	1.14371
413000	-134.5509	-182.6977	48.14681	10	3.135345	0.012262	0.0168832	0.084064	0.0100547	0.0378369	0.00905626	0.00164102	0.0555018	0.0800957	0.0358561	0.858193	0.399469	0.738757	1.08311	1.77867	5	1.201445
414000	-130.7757	-181.1489	50.37314	10	2.576683	0.0221116	0.00206725	0.0131087	0.0123009	0.0399938	0.0210744	0.0138737	0.0103152	0.124021	0.0218653	0.478522	0.353608	0.705023	1.07945	1.86192	5	0.7592541
415000	-121.5373	-180.1921	58.65475	10	3.151331	0.00788205	0.0119526	0.00806576	0.0093269	0.0175916	0.0102387	0.00955125	0.00584297	0.199648	0.0151999	0.378866	0.400641	0.739577	1.08317	1.77661	5	0.6741661
416000	-127.1377	-178.7826	51.6449	10	0.8663523	0.00566913	0.00242892	0.0516961	0.005447	0.0163491	0.0254104	0.00241336	0.0128058	0.15494	0.0368592	0.467541	0.10958	0.432537	0.973771	2.48411	5	0.7815597
417000	-124.5417	-181.6452	57.10354	10	0.4615777	0.00366918	0.00490222	0.0966418	0.0294427	0.00919922	0.00606089	0.0308645	0.00394753	0.00356909	0.00112173	0.628362	0.026507	0.226094	0.790164	2.95723	5	0.8177809
418000	-134.2472	-181.671	47.42383	10	0.5825672	0.0205101	0.0426047	0.0265812	0.0226631	0.00538943	0.0149101	0.0143868	0.168063	0.00352593	0.0318325	0.784622	0.0495336	0.302442	0.872158	2.77587	5	1.135088
419000	-125.8664	-180.1916	54.3252	10	2.733786	0.00307191	0.00874246	0.0262523	0.00952483	0.00616475	0.0415143	0.00947213	0.217172	0.0476935	0.0351975	0.770851	0.367558	0.715635	1.08084	1.83596	5	1.175656
420000	-120.968	-181.7991	60.83116	10	1.4101	0.00406378	0.00541124	0.0043186	0.0235236	0.0117528	0.00811417	0.0108495	0.00728757	0.102164	0.00516493	0.278812	0.211095	0.572875	1.04467	2.17136	5	0.4614626
421000	-142.8098	-179.2681	36.45827	2	0.3424586	0.00174094	0.0056205	0.0274925	0.00713696	0.00682734	0.0193004	0.00434594	0.00448172	0.0529217	0.0182372	0.593804	0.00936186	0.137681	0.66068	3.19228	4	0.7419093
422000	-123.309	-181.3549	58.04596	10	1.172227	0.0100576	0.00815702	0.0207689	0.0211593	0.016746	0.0210965	0.00752395	0.19505	0.0241398	0.0198759	0.410323	0.169984	0.523033	1.02356	2.28342	5	0.7548988
423000	-135.383	-180.6562	45.27317	10	0.8078142	0.0191406	0.00443518	0.154142	0.0165239	0.00305901	0.0107858	0.0373603	0.0462933	0.00437818	0.00536771	0.962767	0.0972204	0.410261	0.959097	2.53342	5	1.264252
424000	-119.2887	-179.1724	59.88365	10	0.767506	0.0199934	0.000911396	0.0192643	0.0032737	0.00500919	0.00878009	0.0272926	0.0211766	0.115199	0.0519073	0.593448	0.0886281	0.393715	0.947528	2.57013	5	0.8662561
425000	-132.9179	-184.3511	51.43318	10	0.5016889	0.00776077	0.0197981	0.160352	0.0615562	0.00371782	0.0334201	0.0146605	0.0135737	0.0168909	0.0376659	0.845756	0.0337012	0.253017	0.821493	2.89179	5	1.215152
426000	-126.2116	-180.5535	54.3419	10	1.602265	0.00183546	0.0135927	0.0191146	0.00771895	0.0286394	0.00418954	0.00769802	0.0108043	0.0604697	0.0355928	0.577722	0.240697	0.604738	1.0559	2.09866	5	0.7673771
427000	-124.119	-182.3102	58.19122	10	0.3629846	0.00153992	0.002035	0.107513	0.00653582	0.0172453	0.00673326	0.026438	0.0606187	0.0165634	0.0303809	0.524152	0.0117564	0.153616	0.687905	3.14672	5	0.799756
428000	-126.3652	-181.6858	55.32061	10	0.7343883	0.00336331	0.00522409	0.0994069	0.0186242	0.00142898	0.0103951	0.00722742	0.142472	0.0241333	0.0185868	0.49932	0.0815435	0.379314	0.936974	2.60217	5	0.8301825
429000	-130.6972	-180.533	49.83586	10	0.9202175	0.00236752	0.00949139	0.0157595	0.00480295	0.00390375	0.0404853	0.0173598	0.0546508	0.0115667	0.0333096	0.433118	0.120773	0.451384	0.985411	2.44243	5	0.6268152
430000	-125.9122	-181.724	55.81174	10	1.883977	0.00122533	0.0134531	0.0127181	0.0327335	0.0011333	0.0178161	0.0505481	0.00859521	0.173844	0.0140546	0.656576	0.27902	0.64208	1.0668	2.0121	5	0.982697
431000	-128.0039	-182.4119	54.40806	10	0.8998885	0.00494867	0.0185363	0.0765867	0.021154	0.00817413	0.0412408	0.00986278	0.0134605	0.103759	0.0131762	0.596013	0.116572	0.444445	0.981206	2.45778	5	0.9069125
432000	-121.0239	-180.392	59.36803	10	1.843716	0.0106548	0.00584988	0.00329803	0.0143474	0.0056409	0.0377401	0.0101949	0.00811177	0.138163	0.00742382	0.686573	0.273877	0.637294	1.06554	2.02329	5	0.9279984
433000	-124.662	-182.8186	58.15661	10	1.618227	0.000347054	0.004257	0.0383738	0.00735812	0.0038252	0.055529	0.0107326	0.259795	0.011682	0.0477188	0.435788	0.243022	0.607121	1.05667	2.09319	5	0.8754066
434000	-145.9595	-184.0018	38.04233	2	1.192758	0.00946158	0.00821111	0.0694028	0.0514554	0.0101809	0.00983417	0.0293687	0.0481899	0.000202594	0.00303132	0.501989	0.173738	0.527904	1.02581	2.27254	4	0.7413278
435000	-142.3448	-181.8456	39.50079	2	0.8920297	0.00363338	0.00270773	0.00252824	0.0401492	0.0121445	0.0381049	0.00725812	0.103267	0.000171802	0.00163413	0.389518	0.11494	0.441707	0.979522	2.46383	4	0.6011168
436000	-154.5494	-184.0823	29.5329	2	1.809422	0.00943527	0.0023356	0.0938575	0.0276412	0.000356033	0.0132672	0.0255882	0.119889	0.0197911	0.0435162	0.943343	0.269413	0.633087	1.0644	2.0331	4	1.299021
437000	-150.7289	-181.6057	30.87678	2	3.042426	0.00477292	0.00539288	0.0265744	0.0299819	0.0227998	0.00516009	0.0342779	0.023119	0.086543	0.0374489	0.734726	0.392518	0.73385	1.08272	1.79091	4	1.010796
438000	-127.3158	-184.6754	57.35963	10	0.9835049	0.0121894	0.00431085	0.0712277	0.00135037	0.00146847	0.0161283	0.0241311	0.0375327	0.0477411	0.0640016	0.549444	0.133651	0.471737	0.997212	2.3974	5	0.8295256
439000	-121.567	-180.1853	58.61827	10	2.472662	0.0130108	0.00318371	0.0074351	0.0523713	0.00180567	0.0140407	0.0266027	0.00306146	0.122606	0.0355552	0.472832	0.343849	0.697402	1.07831	1.88044	5	0.7525052
440000	-129.4188	-183.6681	54.24929	10	1.052409	0.0574995	0.000408607	0.0128819	0.0336888	0.0147179	0.0266471	0.0129878	0.00524656	0.0938931	0.0561042	0.706768	0.147291	0.491957	1.00817	2.35258	5	1.020844
441000	-124.72	-177.6376	52.91767	10	1.75349	0.014327	0.00255844	0.000117749	0.0356446	0.0017055	0.0128798	0.0357154	0.170142	0.0345626	0.0357307	0.835993	0.261962	0.625949	1.06239	2.0497	5	1.179376
442000	-121.8682	-179.4199	57.55172	10	1.177658	0.00769987	0.00220427	0.0666458	0.0277458	0.00512089	0.0151657	0.0155708	0.00712308	0.0719871	0.00777935	0.481806	0.170981	0.524334	1.02417	2.28052	5	0.7088489
443000	-132.9333	-181.848	48.9147	10	1.475658	0.00500704	0.00101693	0.125143	0.00965075	0.0144223	0.00641998	0.0355066	0.00230791	0.268532	0.0635667	0.650524	0.221538	0.584454	1.04896	2.14505	5	1.182097
444000	-133.4224	-180.9215	47.49912	10	3.05033	0.0276648	0.00251157	0.0470117	0.0518511	0.0102097	0.0242798	0.0281667	0.130312	0.00132419	0.0386535	0.743281	0.393118	0.734277	1.08275	1.78985	5	1.105266
445000	-151.3845	-181.8271	30.44264	1	1.863714	0.00992862	0.00431573	0.0171838	0.0198724	0.0268831	0.042938	0.0187215	0.00935085	0.121594	0.0183711	0.564347	0.276445	0.639692	1.06617	2.01769	3	0.8535062
446000	-145.0005	-182.4198	37.41935	2	1.125294	0.0076343	0.011259	0.0292423	0.042818	0.00493273	0.00493573	0.0194656	0.0825439	0.0165475	0.0079203	0.451646	0.161254	0.511424	1.01801	2.30931	4	0.6789458
447000	-151.2255	-186.3946	35.16909	2	1.40866	0.0055898	0.00802646	0.0191668	0.0877256	0.00894592	0.0144083	0.0136689	0.103684	0.014473	0.0033893	0.473415	0.210861	0.572611	1.04457	2.17195	4	0.752493
448000	-145.6564	-181.6566	36.00016	2	0.7643392	0.00443912	0.0167901	0.0662337	0.00778844	0.000430405	0.00393223	0.0277318	0.0426705	0.041614	0.021604	0.588463	0.0879512	0.39237	0.946562	2.57312	4	0.8216975
449000	-153.7526	-185.3113	31.55874	2	1.590042	0.0252185	0.0327352	0.0593444	0.00473489	0.00761527	0.0190634	0.0148339	0.0203722	0.110599	0.116033	0.94189	0.238903	0.602889	1.0553	2.10291	4	1.35244
450000	-152.2204	-184.0533	31.8329	2	2.808647	0.00580045	0.0168015	0.0277386	0.000394403	0.00600449	0.0266662	0.0106266	0.0123958	0.291126	0.0408684	0.535172	0.373895	0.720351	1.08139	1.82436	4	0.9735942
451000	-119.6032	-181.6243	62.02102	10	0.616529	0.0103226	0.00700858	0.0391221	0.0218156	0.0103122	0.00825249	0.000970028	0.0908744	0.00378697	0.043961	0.491718	0.0565341	0.321336	0.889523	2.73261	5	0.7281443
452000	-128.2725	-181.0677	52.7952	10	1.780849	0.00299418	0.00741081	0.0480626	0.0308446	0.00288657	0.0235795	0.0257818	0.0178067	0.11297	0.0189212	0.449924	0.265633	0.629484	1.0634	2.04149	5	0.7411819
453000	-148.0764	-183.2567	35.1803	2	1.559147	0.0260151	0.00046938	0.0914483	0.00335301	0.00497748	0.0200139	0.0093447	0.0515119	0.0173743	0.0418807	0.491444	0.234316	0.598114	1.05371	2.11386	4	0.7578333
454000	-121.4202	-180.742	59.32181	10	3.487939	0.0107879	0.0203604	0.010003	0.0331943	0.00685068	0.0245069	0.0156936	0.00709675	0.115188	0.00894066	0.409932	0.42381	0.755405	1.08405	1.73673	5	0.6625542
455000	-128.8525	-183.2257	54.37315	10	2.591631	0.024477	0.0272843	0.101218	0.0449581	0.0132575	0.0240846	0.0120933	0.243064	0.0144165	0.0292345	0.636434	0.354975	0.706077	1.0796	1.85935	5	1.170522
456000	-124.5069	-179.8312	55.32424	10	1.928422	0.0108227	0.0107269	0.00153063	0.0536987	0.00201806	0.0278576	0.0254861	0.0155096	0.223578	0.024113	0.556035	0.284578	0.64718	1.06809	2.00015	5	0.9513758
457000	-149.1143	-185.5162	36.40186	2	1.84291	0.000306993	0.0179623	0.0479259	0.0368175	0.0166721	0.00132496	0.0146335	0.0346178	0.0951224	0.000975093	0.583065	0.273773	0.637197	1.06551	2.02352	4	0.8494234
458000	-129.6351	-184.7344	55.09937	10	2.022088	0.0125253	0.00394697	0.0625908	0.110333	0.000633846	0.042648	0.0123293	0.0821964	0.00239359	0.00439074	0.643287	0.295897	0.657342	1.07053	1.97623	5	0.9772749
459000	-130.6261	-182.5811	51.95499	10	3.530728	0.0141453	0.00804178	0.0912739	0.00242435	0.00446863	0.030862	0.0125207	0.00689213	0.00944655	0.0235088	0.551576	0.426565	0.757239	1.08412	1.73207	5	0.7551605
460000	-139.7404	-183.1832	43.44278	10	1.194924	0.0177407	0.0242104	0.223306	0.0119537	0.0207895	0.0197303	0.00921109	0.0726275	0.00757425	0.0138498	0.805603	0.174132	0.52841	1.02605	2.27141	5	1.226595
461000	-130.6	-182.4452	51.84519	10	2.851169	0.00619653	0.000898043	0.0133396	0.0122181	0.0180029	0.00977129	0.0181956	0.0212863	0.119213	0.029473	0.334177	0.37741	0.72294	1.08168	1.81798	5	0.5827718
462000	-121.9353	-180.809	58.87371	10	1.237776	0.0141185	0.00656754	0.00950938	0.0113989	0.00540319	0.0722798	0.0248647	0.112217	0.0083912	0.0342697	0.478059	0.181832	0.538168	1.03043	2.24957	5	0.7770786
463000	-133.3433	-184.5511	51.20781	10	2.244159	0.0140889	0.00728035	0.128447	0.022695	0.00989036	0.00712672	0.00601502	0.0322084	0.012124	0.0207205	0.688366	0.320776	0.678696	1.07505	1.92548	5	0.9489621
464000	-116.3005	-178.2008	61.90023	10	0.518189	0.00509101	0.000239544	0.0303718	0.00573524	0.00667226	0.0145094	0.0167326	0.081155	0.0125366	0.0388522	0.375207	0.0368065	0.263624	0.833065	2.8665	5	0.5871027
465000	-153.3159	-184.0809	30.76501	2	2.049314	0.00190336	0.0237051	0.0318947	0.0920413	0.00229428	0.0209004	0.0119426	0.0816143	0.00997927	0.0196031	1.0573	0.299091	0.660157	1.07118	1.96958	4	1.353176
466000	-151.8431	-184.2426	32.39951	2	3.467706	0.0289986	0.0141629	0.101844	0.0266645	0.0168912	0.0462199	0.00710827	0.000904606	0.0563351	0.069493	0.73373	0.422493	0.754525	1.08402	1.73896	4	1.102352
467000	-129.6273	-178.6884	49.06112	10	1.571013	0.00839273	0.00757663	0.0130611	0.006627	0.0206288	0.0121591	0.00796737	0.106352	0.0119906	0.037257	0.518991	0.236087	0.599965	1.05433	2.10961	5	0.7510032
468000	-124.7226	-179.0943	54.37176	10	1.283436	0.00564504	0.0195243	0.0271558	0.00378029	0.0329499	0.0314605	0.0112076	0.185034	0.0223508	0.0427584	0.852654	0.189849	0.548035	1.03469	2.22742	5	1.234521
469000	-126.2378	-182.209	55.97117	10	0.7285015	0.0370878	0.00231474	0.0271087	0.0194487	0.0250432	0.0212321	0.00947368	0.142235	0.00218323	0.0511906	0.675044	0.0802836	0.376673	0.934989	2.60805	5	1.012362
470000	-126.5978	-181.5543	54.95656	10	1.383117	0.0168613	0.00368627	0.00180028	0.0214715	0.00644933	0.016761	0.0453592	0.00618402	0.166864	0.0122769	0.637848	0.206689	0.56787	1.04275	2.18269	5	0.9355617
471000	-118.4095	-181.8074	63.39797	10	0.8026436	0.00930288	0.0164134	0.014131	0.0152787	0.00726248	0.0191359	0.0150055	0.0365606	0.0034209	0.0295571	0.36853	0.0961212	0.408196	0.957685	2.538	5	0.5345987
472000	-131.9695	-181.9836	50.01405	10	1.12812	0.0140242	0.0132454	0.0397104	0.03151	0.017428	0.0214226	0.0367045	0.222037	0.0670805	0.00299333	0.810695	0.161785	0.512142	1.01836	2.30771	5	1.276851
473000	-126.8874	-181.1179	54.23048	10	0.6519142	0.00497806	0.0119734	0.0299445	0.00330506	0.0192888	0.0364449	0.0261885	0.00765747	0.140475	0.0980326	0.910407	0.0639622	0.33993	0.905657	2.69045	5	1.288695
474000	-128.524	-182.1898	53.66582	10	2.15609	0.0227563	0.0118227	0.033564	0.0355353	0.0234738	0.0517964	0.0186503	0.0398106	0.158291	0.00433961	1.01819	0.311221	0.670648	1.07345	1.94468	5	1.418231
475000	-121.4696	-184.2462	62.7766	10	2.103384	0.0207112	0.0275083	0.0222187	0.0189511	0.0144888	0.0099091	0.0142218	0.0667362	0.00698947	0.00775421	0.393601	0.305311	0.665575	1.07237	1.95674	5	0.6030902
476000	-131.7178	-180.5006	48.78283	10	2.118159	0.00430411	0.00166643	0.125561	0.0455675	0.00100724	0.0240316	0.0402564	0.0252062	0.0186684	0.00982841	0.797851	0.306983	0.667018	1.07268	1.95332	5	1.093948
477000	-122.52	-184.9066	62.38667	10	0.5055668	0.0412397	0.00519961	0.0147035	0.00895551	0.00260285	0.0134549	0.0189365	0.0135864	0.0559429	0.00534739	0.388791	0.0344241	0.255535	0.824277	2.88576	5	0.5687606
478000	-126.884	-179.4939	52.60991	10	2.700128	0.0183127	0.0251807	0.0308575	0.000631547	0.0110091	0.0162527	0.0525911	0.00841727	0.223669	0.0683651	0.923599	0.364645	0.713446	1.08057	1.84134	5	1.378886
479000	-120.7008	-179.3288	58.628	10	1.232992	0.00804234	0.0109534	0.0304585	0.0632268	0.00235197	0.023376	0.03952	0.0262017	0.121054	0.00285601	0.824488	0.180981	0.537103	1.02996	2.25195	5	1.152529
480000	-145.2005	-179.585	34.38449	2	0.279584	0.0127276	0.00564369	0.006293	0.0440447	0.0119241	0.016005	0.00929072	0.0597997	0.00647794	0.00327912	0.838819	0.00378566	0.0887393	0.559869	3.34761	4	1.014304
481000	-127.4086	-180.3399	52.93129	10	0.6233799	0.018127	0.0260502	0.00879152	5.14379e-05	0.00683498	0.0106787	0.0242349	0.0985467	0.0245621	0.037758	0.594494	0.0579631	0.325021	0.892793	2.72422	5	0.85013
482000	-125.5406	-181.8852	56.34455	10	2.963895	0.0110451	0.00307557	0.0130349	0.0517463	0.0122614	0.0472018	0.016387	0.00559327	0.109811	0.0168059	0.562494	0.386449	0.729509	1.08233	1.80171	5	0.849456
483000	-126.932	-180.9417	54.00972	10	0.7619563	0.0127695	0.00543128	0.0859722	0.00192725	0.0077207	0.00700293	0.0295882	5.24785e-05	0.0252487	0.0379855	0.564392	0.0874418	0.391354	0.945829	2.57537	5	0.7780911
484000	-155.1473	-182.8531	27.70579	1	1.98087	0.0110573	0.00198297	0.0513769	0.0138097	0.0460476	0.0163025	0.00737571	0.162184	0.0218151	0.0250936	0.75843	0.29098	0.652964	1.0695	1.98655	3	1.115475
485000	-146.7929	-183.6777	36.88476	2	0.6537351	0.0235021	0.00954616	0.00680075	0.0261058	0.00756641	0.0308021	0.0229463	0.160977	0.0118127	0.0193752	0.390094	0.0643472	0.340858	0.906439	2.68836	4	0.7095288
486000	-143.9756	-181.8505	37.87494	2	1.502226	0.00606423	0.00164561	0.0678591	0.011141	0.0155136	0.0394698	0.0103701	0.00511031	0.0417069	0.0287583	0.469028	0.225666	0.588926	1.05055	2.13486	4	0.6966673
487000	-133.9352	-187.956	54.02081	10	1.153655	0.0054606	0.00787199	0.0765691	0.00618392	0.0126896	0.00721556	0.0197314	0.0282036	0.00698752	0.0163995	0.38424	0.166554	0.518521	1.02143	2.29349	5	0.5715527
488000	-119.281	-178.1576	58.87666	10	2.188227	0.0060042	0.000200306	0.00196346	0.00725871	0.0120757	0.051614	5.78395e-05	0.127691	0.0311438	0.0203489	0.575075	0.314754	0.673645	1.07406	1.93754	5	0.8334329
489000	-125.8081	-179.1696	53.3615	10	1.710673	0.0101587	0.00305064	0.0966179	0.011099	0.0131807	0.0123529	0.00726109	0.0150347	0.0976929	0.0355438	0.621506	0.25611	0.62024	1.06072	2.06293	5	0.9234979
490000	-127.176	-181.7823	54.60632	10	0.4358943	0.0069746	0.00836115	0.0852207	0.0463742	0.0072618	0.00936848	0.0163487	0.00858219	0.101988	0.000958406	0.639472	0.0222149	0.208024	0.767374	3.00239	5	0.9309099
491000	-129.2203	-182.3063	53.08607	10	1.058982	0.0119158	0.014122	0.0465737	0.0306173	0.0279786	0.0474979	0.0210271	0.00839687	0.0702949	0.00449942	0.628703	0.14857	0.493789	1.00912	2.34852	5	0.9116266
492000	-118.3067	-178.469	60.16227	10	2.838916	0.0225752	0.00199499	0.00712805	0.0267096	0.0161024	0.0286584	0.0186549	0.180467	0.00815469	0.0308214	0.532891	0.376403	0.7222	1.0816	1.8198	5	0.8741582
493000	-125.4155	-183.3308	57.9153	10	2.281271	0.00727158	0.0171203	0.0838588	0.0162141	0.00690173	0.00584242	0.0209855	0.00740822	0.0180903	0.0547529	0.516569	0.324687	0.681938	1.07566	1.91771	5	0.7550153
494000	-123.1516	-176.1575	53.00591	10	0.9412327	0.00683559	0.000282794	0.00164589	0.00120367	0.004799	0.0136029	0.0156498	0.139068	0.0105632	0.0269342	0.415267	0.125084	0.458346	0.989536	2.42703	5	0.6358525
495000	-139.7278	-183.0076	43.2798	10	1.591939	0.00748465	0.00124437	0.0546817	0.10297	0.0123096	0.0390413	0.0140662	0.0204774	0.00544488	0.0124916	1.2414	0.239182	0.603177	1.05539	2.10225	5	1.511615
496000	-127.4959	-180.1305	52.63456	10	0.7289643	0.00697463	0.0142019	0.0283186	0.0173844	0.0144755	0.0306151	0.00187531	0.0212281	0.140724	0.00534165	0.504682	0.0803826	0.376882	0.935146	2.60759	5	0.7858209
497000	-120.9321	-180.9624	60.03035	10	0.7910167	0.0267859	0.001856	0.012383	0.0178236	0.00610533	0.00877826	0.0104493	0.133682	0.00187887	0.0173001	0.371014	0.0936458	0.403492	0.954434	2.54843	5	0.6080563
498000	-128.7109	-181.8114	53.10057	10	1.725433	0.01812	0.0114538	0.0239974	0.0183882	0.0544966	0.0429142	0.016186	0.176411	0.0154747	0.0165833	0.87073	0.258142	0.622233	1.06131	2.05831	5	1.264756
499000	-121.2396	-184.3685	63.12895	10	1.677638	0.0272102	0.00588317	0.0264159	0.0191806	0.00156577	0.0278497	0.00649395	0.00620748	0.19283	0.0122261	0.265517	0.251506	0.615681	1.05935	2.07346	5	0.5913793
500000	-122.9646	-180.0389	57.07428	10	0.8409682	0.0175549	0.00519504	0.00133431	0.0140146	0.0225632	0.0260606	0.0326403	0.108651	0.0101575	0.0235495	0.624039	0.104242	0.42312	0.967691	2.50495	5	0.88576
501000	-129.4271	-181.7063	52.27919	10	6.329014	0.00612101	0.0191708	0.0127562	0.024138	0.0198365	0.00162691	0.0125861	0.128426	0.0510629	0.0402788	0.479155	0.549387	0.830149	1.08051	1.53995	5	0.7951588
502000	-125.1191	-180.6238	55.50472	10	0.5872696	0.0136242	0.000410456	0.0248417	0.0518559	0.0168556	0.0283942	0.0152198	0.0105304	0.170952	0.00411337	0.586619	0.0504934	0.305121	0.874683	2.7697	5	0.9234166
503000	-120.652	-178.8642	58.21226	10	1.686211	0.00230021	0.00670449	0.0317256	0.0151306	0.00558828	0.0395053	0.0127101	0.107651	0.000342985	0.0272673	0.490602	0.252709	0.616877	1.05971	2.0707	5	0.7395277
504000	-124.9868	-181.4677	56.48089	10	0.9951616	0.000127929	0.00941103	0.0382397	0.0524732	0.0307971	0.0185475	0.0131262	0.138294	0.00641503	0.0346408	0.888843	0.135987	0.475293	0.999194	2.38953	5	1.230915
505000	-118.5218	-180.3095	61.78775	10	0.3598079	0.0116138	0.00160093	0.0163976	0.0174407	0.00202018	0.0179109	0.0225131	0.0229256	0.0542992	0.0270287	0.707663	0.0113685	0.151162	0.68385	3.15362	5	0.9014134
506000	-122.269	-180.8413	58.5723	10	0.938671	0.00800227	0.00227676	0.0166991	0.041005	0.00324985	0.0116215	0.00125488	0.196317	0.0114353	0.0221531	0.447826	0.12456	0.457509	0.989045	2.42889	5	0.7618404
507000	-134.7475	-187.4447	52.6972	10	0.7254254	0.00313567	0.00415079	0.0757924	0.0072218	0.0354868	0.00629614	0.045311	0.00897198	0.0221312	0.0706613	0.51821	0.0796253	0.375284	0.933938	2.61115	5	0.7973695
508000	-122.2481	-178.0961	55.84797	10	0.618754	0.00256297	0.00538481	0.0205938	0.00624851	0.006523	0.0179397	0.00323211	0.0119357	0.0932918	0.0276063	0.377313	0.0569977	0.322537	0.890593	2.72987	5	0.5726315
509000	-135.4426	-183.4982	48.05559	10	2.553604	0.0128605	0.00898913	0.0506367	0.00399768	0.0163875	0.0647693	0.0051217	0.114209	0.0151517	0.0591697	0.577911	0.35148	0.703376	1.07921	1.86593	5	0.9292032
510000	-147.8688	-183.6399	35.77113	2	0.3164776	0.0197058	0.00572506	0.160963	0.0174153	0.00153012	0.00547444	0.0169879	0.00993262	0.0064583	0.00161807	0.880818	0.00672679	0.117359	0.622465	3.25345	4	1.126629
511000	-155.1995	-185.1559	29.95644	2	1.310075	0.023182	0.0170196	0.0154907	0.0112887	0.0232483	0.00985462	0.0166808	0.0818492	0.0453612	0.0411251	0.887637	0.194437	0.553555	1.03701	2.215	4	1.172737
512000	-127.0823	-187.931	60.84867	10	0.3308318	0.000166492	0.0018324	0.0912833	0.0344589	0.015186	0.0146486	0.0228004	0.298818	0.0152942	0.0207939	0.467498	0.00812649	0.128596	0.644127	3.21915	5	0.9827798
513000	-126.9256	-180.0378	53.11224	10	1.658665	0.00673591	0.00122783	0.168751	0.00695325	0.00827842	0.00431729	0.0233648	0.00178149	0.0428183	0.0444642	0.740317	0.248825	0.612999	1.05852	2.07965	5	1.04901
514000	-125.2814	-177.9436	52.6622	10	3.722833	0.0224531	0.00167866	0.0136825	0.0108108	0.0134221	0.030672	0.0130916	0.000698169	0.133628	0.0671897	0.871281	0.438456	0.765044	1.08433	1.71217	5	1.178608
515000	-137.0583	-185.7457	48.68734	10	0.9983291	0.00579921	0.0043246	0.0809998	0.0200366	0.0211353	0.0892113	0.0223601	0.346517	0.0102689	0.013536	0.532773	0.13662	0.476249	0.999723	2.38741	5	1.146962
516000	-127.2083	-180.2701	53.06178	10	2.876981	0.0373501	0.0131767	0.0267344	0.00851405	0.00307907	0.0113645	0.0320027	0.0935001	0.0263602	0.0420582	0.902665	0.379515	0.724481	1.08184	1.81417	5	1.196805
517000	-124.1308	-181.5207	57.38991	10	1.422358	0.0172408	0.0227259	0.0264139	0.0283587	0.00216291	0.032137	0.0213137	0.0048384	0.104347	0.0193879	0.445695	0.213075	0.575101	1.04552	2.16631	5	0.7246214
518000	-119.6014	-178.3466	58.7452	10	0.5333762	0.0147388	0.000464252	0.013099	0.00678757	0.0123998	0.0224979	0.0148316	0.0280065	0.0768147	0.0251124	0.625863	0.0397283	0.273147	0.843113	2.84401	5	0.840615
519000	-127.0093	-182.3689	55.35955	10	1.599572	0.00573115	0.00566939	0.047428	0.0243311	0.044671	0.0287925	0.00666272	0.0109498	0.16841	0.04456	0.537781	0.240302	0.604333	1.05577	2.09959	5	0.9249866
520000	-130.9744	-186.2365	55.26205	10	1.479807	0.00551883	0.0233299	0.114442	0.00988495	0.0152543	0.044959	0.0238462	0.00485337	0.0875841	0.067194	0.535063	0.222186	0.58516	1.04921	2.14344	5	0.9319294
521000	-128.6127	-181.5204	52.90776	10	3.017744	0.0157117	0.01015	0.0203197	0.0308111	0.0356645	0.00903116	0.014212	0.0901289	0.0104365	0.0149435	0.599315	0.39063	0.732506	1.0826	1.79426	5	0.850724
522000	-149.6894	-185.114	35.42468	2	3.594645	0.00609424	0.00418999	0.0271237	0.0183424	0.0187223	0.0327958	0.0115045	0.0606188	0.154652	0.0286676	0.407275	0.430606	0.759912	1.08421	1.72527	4	0.7699865
523000	-120.4403	-177.4348	56.99454	10	0.3654399	0.00141625	0.00977009	0.000369211	0.0330617	0.0057372	0.0176464	0.0106553	0.00414352	0.0877889	0.00261146	0.697713	0.0120605	0.155509	0.691001	3.14143	5	0.8709134
524000	-125.362	-183.9351	58.57313	10	1.654298	0.0233925	0.000530957	0.109748	0.0317331	0.0211567	0.00406871	0.024439	0.0154553	0.107001	0.01482	0.551092	0.248205	0.612375	1.05833	2.08109	5	0.9034378
525000	-127.6052	-179.4176	51.81234	10	2.175455	0.00679369	0.00155451	0.0856933	0.038422	0.00895372	0.0403442	0.009845	0.115926	0.0192304	0.00201806	0.759255	0.313356	0.672462	1.07382	1.94036	5	1.088036
526000	-131.0355	-180.3199	49.28436	10	2.567094	0.0356722	0.00791923	0.0400961	0.0125006	0.00892475	0.0213973	0.0139653	0.133943	0.00187244	0.0356689	0.845302	0.352727	0.704341	1.07935	1.86358	5	1.157262
527000	-123.6531	-178.6414	54.98831	10	1.741901	0.00872171	0.00735887	0.00821305	0.0235664	0.00759034	0.0170994	0.0186559	0.00249058	0.105547	0.0154268	0.443319	0.260391	0.624425	1.06195	2.05323	5	0.6579899
528000	-125.3547	-185.8926	60.5379	10	1.422331	0.00663945	0.027266	0.0326499	0.0503417	0.0136929	0.0698601	0.0207984	0.120419	0.0110575	0.0192525	0.452526	0.213071	0.575096	1.04552	2.16632	5	0.8245029
529000	-132.6396	-183.4886	50.84905	10	2.252949	0.0176946	0.0161614	0.058724	0.0301834	0.00189014	0.00948439	0.00604798	0.0272194	0.232077	0.00257624	0.689853	0.321709	0.679472	1.0752	1.92362	5	1.091912
530000	-126.4228	-181.7898	55.36703	10	0.621665	0.00588894	0.0187672	0.0260853	0.0103816	0.0112933	0.0285242	0.00434171	0.00239876	0.225491	0.0145164	0.585413	0.057605	0.324102	0.891982	2.72631	5	0.933101
531000	-134.1442	-183.2552	49.11101	10	1.938257	0.00960874	0.00287362	0.23038	0.0283138	0.00438806	0.031662	0.0271925	0.157908	0.0331395	0.0458533	0.691196	0.285791	0.648283	1.06836	1.99756	5	1.262516
532000	-123.5155	-181.2297	57.71423	10	0.8085001	0.00953819	0.00890723	0.0479864	0.0410431	0.0134271	0.0123572	0.00490513	0.229233	0.0237586	0.035171	0.684074	0.0973662	0.410534	0.959283	2.53282	5	1.110401
533000	-126.8129	-182.836	56.02302	10	1.113772	0.0175827	0.0117763	0.0457317	0.0180423	0.0139174	0.0120512	0.0072603	0.311046	0.00279587	0.0457902	0.554987	0.159079	0.508467	1.01656	2.31589	5	1.040981
534000	-133.6844	-181.1355	47.45111	10	1.157912	0.00631482	0.00751832	0.0398184	0.0482231	0.0360354	0.0378298	0.0491019	0.00570824	0.231695	0.00611866	0.746784	0.167343	0.519564	1.02193	2.29117	5	1.215148
535000	-130.4755	-184.3189	53.84339	10	0.8004974	0.0134921	0.00426206	0.0130933	0.0341085	0.0140909	0.0520047	0.00589839	0.0562121	0.00284707	0.00803048	0.476945	0.0956646	0.407334	0.957093	2.53991	5	0.6809847
536000	-124.3869	-179.8549	55.46797	10	3.103753	0.00467945	0.0061958	0.0554647	0.00941935	0.00281976	0.0238698	0.0168783	0.0868834	0.00936538	0.0296298	0.538909	0.397132	0.737115	1.08298	1.78277	5	0.7841151
537000	-126.1609	-182.1987	56.03783	10	1.896645	0.00975587	0.011633	0.0268379	0.0261188	0.0100122	0.0310748	0.0200581	0.0511534	0.019437	0.0414768	0.577623	0.280617	0.643553	1.06717	2.00866	5	0.8251812
538000	-126.8935	-183.7624	56.8689	10	1.752369	0.0120993	0.00156026	0.190938	0.00417347	0.00983929	0.0396506	0.0212851	0.00691762	0.0381553	0.0549791	0.611736	0.26181	0.625802	1.06235	2.05004	5	0.9913347
539000	-126.6587	-182.8867	56.22803	10	1.26693	0.00484565	0.000542617	0.0137297	0.0332707	0.0125249	0.0255726	0.00261013	0.17136	0.0330193	0.0223018	0.434545	0.186973	0.544528	1.0332	2.2353	5	0.7543217
540000	-126.4214	-181.5199	55.09847	10	1.051828	0.0109552	0.00730552	0.0179458	0.0524989	0.00276287	0.0347215	0.0429191	0.00995815	0.0651045	0.00139344	0.6423	0.147178	0.491794	1.00808	2.35294	5	0.8878654
541000	-132.1808	-180.8348	48.65398	10	3.50548	0.00600511	0.00462647	0.00390341	0.00439554	0.00707749	0.0450264	0.0098272	0.0069649	0.128185	0.0788705	0.492261	0.424944	0.756161	1.08408	1.73481	5	0.7871428
542000	-122.1214	-180.684	58.56267	10	1.900376	0.0175119	0.00572999	0.0420381	0.0182859	0.0264293	0.01905	0.0136093	0.0211793	0.159836	0.0421491	0.542622	0.281085	0.643984	1.06728	2.00765	5	0.9084403
543000	-121.6419	-177.0455	55.4036	10	0.8615591	0.0100587	0.00192279	0.0647627	0.00276454	0.0135712	0.0103193	0.0141989	0.080572	0.0206997	0.0384404	0.6517	0.108574	0.430786	0.972654	2.48799	5	0.9090106
544000	-149.3631	-185.9275	36.56435	2	1.844122	0.0113722	0.0020728	0.00739003	0.00483598	0.0475321	0.0169102	0.00280345	0.173752	0.0145604	0.0569945	0.2915	0.27393	0.637344	1.06555	2.02318	4	0.6297236
545000	-126.9371	-179.0971	52.16001	10	2.043089	0.00362149	0.00658277	0.0271091	0.00662617	0.0126216	0.0195035	0.0120357	0.101092	0.00223164	0.0160248	0.630991	0.298365	0.659519	1.07103	1.97109	5	0.8384397
546000	-131.2029	-183.1006	51.89775	10	0.8253646	0.0154409	0.0283111	0.093288	0.010876	0.0246498	0.00781657	0.0142715	0.013189	0.0145464	0.0658748	0.767074	0.100944	0.417149	0.963743	2.51816	5	1.055338
547000	-129.1518	-179.9488	50.79698	10	0.9519538	0.0198168	0.00617815	0.088857	0.0145284	0.0093908	0.0172033	0.0108969	0.145086	0.0171592	0.0177672	0.669679	0.12727	0.461818	0.991559	2.41935	5	1.016562
548000	-132.4201	-186.396	53.97592	10	2.860511	0.0287645	0.0308521	0.0154521	0.00584895	0.0494671	0.0151276	0.0304341	0.0835904	0.0265195	0.0354882	0.525896	0.378174	0.7235	1.08173	1.81659	5	0.8474404
549000	-131.5033	-181.5222	50.01888	10	2.321182	0.0433723	0.00198244	0.213951	0.00636286	0.0080616	0.0398927	0.014573	0.00883849	0.00487269	0.0646336	1.00892	0.32882	0.685331	1.07628	1.90957	5	1.415457
550000	-123.3019	-185.453	62.15105	10	0.7671889	0.00329315	0.0322195	0.0785645	0.0239942	0.00356579	0.0219362	0.00618277	0.271478	0.00647143	0.00726221	0.355287	0.0885603	0.393581	0.947432	2.57043	5	0.8102545
551000	-131.8301	-180.3689	48.53883	10	0.8203061	0.00198489	0.00501384	0.00430059	0.0285109	0.0235356	0.016593	0.0190438	0.00742717	0.187844	0.0015042	0.635229	0.0998718	0.415183	0.962426	2.52252	5	0.9309864
552000	-117.7164	-180.7337	63.01729	10	0.3194426	0.0108139	0.00240066	0.00461623	0.0114566	0.000923173	0.0140375	0.0105737	0.087158	0.0130438	0.0214547	0.295852	0.00700437	0.11968	0.627054	3.24626	5	0.4723304
553000	-129.2306	-182.4731	53.24244	10	1.972697	0.00387896	0.00883679	0.0413062	0.00698672	0.00214511	0.00265848	0.00612533	0.148021	0.0390534	0.0429334	0.427163	0.289994	0.652079	1.06929	1.98864	5	0.7291085
554000	-125.9911	-176.7576	50.76645	10	3.906182	0.0147694	0.00099673	0.0246302	0.00449972	0.0236065	0.00907337	0.0181229	0.100575	0.020547	0.0454344	0.961898	0.449133	0.771901	1.0844	1.69456	5	1.224153
555000	-122.4198	-182.916	60.49626	10	1.09373	0.0066802	0.0189679	0.010686	0.0114616	0.0123709	0.0155696	0.00952984	0.000896811	0.136616	0.0557021	0.295769	0.155267	0.503219	1.01395	2.32757	5	0.5742501
556000	-132.5358	-179.8707	47.33485	10	0.925185	0.0246013	0.0138221	0.00868927	0.00252687	0.00482863	0.0191683	0.00909703	0.13659	0.014426	0.0475089	0.564139	0.121795	0.453049	0.986406	2.43875	5	0.8453965
557000	-132.6417	-185.7557	53.11401	10	1.205507	0.00527727	0.00299842	0.0081755	0.0189064	0.00923981	0.0426126	0.0383348	0.0631395	0.107634	0.07707	0.72766	0.176049	0.530867	1.02717	2.26592	5	1.101048
558000	-137.3639	-189.0051	51.64125	10	2.267902	0.0166433	0.0166465	0.0327547	0.0798178	0.00967536	0.0138412	0.0499532	0.0758319	0.00699365	0.0133787	0.424782	0.323286	0.68078	1.07545	1.92049	5	0.7403183
559000	-130.028	-180.1713	50.14327	10	0.905326	0.0143314	0.00510585	0.0109503	0.00974358	0.00345942	0.0141091	0.03571	0.123031	0.00268469	0.0275162	0.665605	0.117698	0.446321	0.982353	2.45363	5	0.9122462
560000	-130.4002	-179.9279	49.52771	10	1.213638	0.00520941	0.00296465	0.0917504	0.0223328	0.0183361	0.0293956	0.0266003	0.0141981	0.00123412	0.0360642	0.994847	0.177516	0.532733	1.02801	2.26174	5	1.242933
561000	-144.3867	-183.5653	39.17858	2	2.749821	0.00649497	0.0104116	0.0440283	0.00930831	0.00713128	0.0282238	0.00752442	0.00732224	0.0517174	0.0256117	0.364281	0.368931	0.716663	1.08097	1.83344	4	0.5620547
562000	-152.8155	-188.8977	36.08226	2	2.518752	0.0348383	0.00596151	0.0130105	0.00946608	0.00169498	0.0670827	0.0138062	0.100629	0.0151077	0.000640963	0.571994	0.348227	0.700842	1.07884	1.87209	4	0.8342317
563000	-140.6479	-179.7992	39.15127	2	0.3101176	0.00748704	0.00489234	0.056148	0.0342976	0.000876611	0.00659272	0.0128069	0.0543008	0.00527832	0.00116988	0.582752	0.00615186	0.112385	0.612409	3.26905	4	0.7666022
564000	-129.1201	-179.818	50.69789	10	1.663668	0.0210751	0.0067771	0.00592552	0.0260643	0.000144133	0.0307878	0.040362	0.11062	0.00542913	0.0328792	0.582629	0.249535	0.613711	1.05874	2.07801	5	0.8626927
565000	-124.6409	-179.0719	54.43101	10	2.217802	0.0129437	0.00145416	0.042801	0.0147372	0.00475313	0.0182277	0.00940188	0.147241	0.0255945	0.0381325	0.638885	0.317958	0.676341	1.07459	1.93111	5	0.9541724
566000	-119.701	-180.901	61.19997	10	2.26644	0.0305283	0.00393719	0.00984794	0.0105077	0.0171428	0.0261285	0.00818296	0.117176	0.0242098	0.0454054	0.493671	0.323132	0.680653	1.07542	1.92079	5	0.7867379
567000	-119.0294	-179.2117	60.18236	10	1.5257	0.00390112	0.00622607	0.0146713	0.000555341	0.00359259	0.00700816	0.033461	0.00728738	0.0559937	0.0469033	0.419199	0.229265	0.592779	1.0519	2.12606	5	0.5987991
568000	-127.1161	-180.3073	53.19117	10	2.564593	0.00402805	0.00582889	0.0406627	0.010114	0.0137033	0.0136263	0.0221012	0.0132584	0.102861	0.056031	0.454171	0.352496	0.704163	1.07932	1.86402	5	0.736385
569000	-126.2127	-181.7301	55.51744	10	1.071795	0.000231193	0.00819434	0.00394116	0.00756698	0.00404463	0.0210654	0.0277403	0.120212	0.00469122	0.0732003	0.46511	0.151052	0.497316	1.01095	2.34068	5	0.7359969
570000	-120.5945	-179.5431	58.94859	10	3.7971	0.0118555	0.0110073	0.0195143	0.00762649	0.00679796	0.0138177	0.015831	0.00389987	0.0526003	0.0279079	0.391861	0.442856	0.767887	1.08437	1.70488	5	0.5627192
571000	-127.7221	-180.9688	53.24674	10	1.243063	0.0171352	0.0039557	0.0762273	0.000469483	0.0119995	0.01743	0.0431996	0.0129718	0.104055	0.0348421	0.571235	0.18277	0.539338	1.03095	2.24695	5	0.8935207
572000	-129.5644	-179.6658	50.10139	10	0.737283	0.0267286	0.00578757	0.00201632	0.0426284	0.0228864	0.0249993	0.0155172	0.00131216	0.23762	0.00572663	0.958305	0.0821631	0.380603	0.937938	2.5993	5	1.343528
573000	-122.008	-180.326	58.31802	10	0.3184592	0.0038044	6.73402e-05	0.00173767	0.00659889	0.00793192	0.0158533	0.00377419	0.151489	0.0177915	0.00655429	0.488269	0.00691164	0.11891	0.625539	3.24864	5	0.7038713
574000	-122.5049	-179.4986	56.9937	10	3.098601	0.0114467	0.00287915	0.0314158	0.026868	0.0237308	0.0303247	0.0239591	0.119946	0.008138	0.017736	0.457064	0.396749	0.736845	1.08296	1.78344	5	0.7535083
575000	-122.9425	-180.178	57.2355	10	1.725626	0.00216026	0.00456204	0.0111823	0.00493711	0.00609371	0.0336649	0.0130868	0.00393072	0.142341	0.0457435	0.309562	0.258169	0.622259	1.06132	2.05825	5	0.5772646
576000	-138.658	-181.2802	42.6222	10	0.7921898	0.0145034	0.00536239	0.0486564	0.0196234	0.0137416	0.0857424	0.0162711	0.285945	0.027561	0.0337806	1.15571	0.0938957	0.40397	0.954767	2.54737	5	1.706895
577000	-132.8523	-182.8044	49.9521	10	2.225288	0.022953	0.00491467	0.033996	0.0878102	0.00671273	0.057272	0.0247189	0.00965924	0.12302	0.000996807	0.634754	0.318762	0.677014	1.07472	1.9295	5	1.006807
578000	-122.8086	-182.3404	59.5318	10	1.935243	0.00926881	0.00902507	0.0496628	0.0150085	0.020987	0.00946059	0.0154411	0.0112804	0.0720195	0.0193612	0.438528	0.28542	0.647946	1.06828	1.99835	5	0.6700428
579000	-124.0918	-179.9094	55.81764	10	1.007138	0.0156608	0.00145293	0.106131	0.0140262	0.00133982	0.0167687	0.0166395	0.130921	0.0239892	0.0467658	0.668606	0.138376	0.478887	1.00117	2.38156	5	1.042301
580000	-128.2071	-180.6522	52.44508	10	1.065211	0.0153848	0.0289539	0.0713984	0.0125506	0.01463	0.0177824	0.0214308	0.00328	0.0738779	0.0788164	0.912222	0.149779	0.495512	1.01002	2.34469	5	1.250327
581000	-130.1153	-181.2967	51.18133	10	1.40868	0.0266865	0.00651932	0.0694403	0.0208451	0.0322228	0.0281398	0.0198139	0.12721	0.0104831	0.0368989	0.808685	0.210864	0.572615	1.04458	2.17194	5	1.186945
582000	-130.4388	-180.3405	49.90172	10	0.8936048	0.00125215	0.00247888	0.00244198	0.0463517	0.00425044	0.0279132	0.0196899	0.000122256	0.146654	0.017083	0.529424	0.115267	0.442259	0.979862	2.46261	5	0.7976609
583000	-128.7128	-183.0597	54.34686	10	1.407468	0.0101167	0.00373717	0.0313563	0.000975073	0.0293886	0.0179989	0.0321497	0.0470779	0.0252683	0.0172047	0.834565	0.210668	0.572393	1.04449	2.17245	5	1.049838
584000	-133.2872	-181.0122	47.72491	10	2.93065	0.00967509	0.0449593	0.0531818	0.0369444	0.02668	0.0341504	0.0234645	0.0108412	0.123515	0.0109205	1.2028	0.383825	0.727614	1.08215	1.80641	5	1.577131
585000	-124.043	-182.2071	58.16412	10	1.946673	0.0116378	0.0142593	8.83349e-05	0.0423158	0.011691	0.0125982	0.0177253	0.0692032	0.000651216	0.00369519	0.402426	0.286825	0.64922	1.0686	1.99536	5	0.5862915
586000	-147.5365	-181.4786	33.94206	2	2.469314	0.0110568	0.00761554	0.00329109	0.0327006	0.0104808	0.028139	0.021748	0.116862	0.0192344	0.00331239	0.537134	0.343528	0.697148	1.07827	1.88105	4	0.7915747
587000	-146.3988	-181.5233	35.12452	2	1.064694	0.00264736	0.00775964	0.00996536	0.0167631	0.0248813	0.0118188	0.0149942	0.0133232	0.208417	0.00882787	0.585151	0.149678	0.495369	1.00994	2.34501	4	0.9045493
588000	-135.8037	-183.2092	47.40543	10	4.54509	0.0129354	0.0150408	0.0621156	0.0335382	0.0197441	0.0266093	0.0389216	0.0234395	0.136391	0.0262463	0.601236	0.482011	0.792174	1.08399	1.64182	5	0.9962177
589000	-131.1429	-182.3433	51.20037	10	1.108938	0.0195419	0.00276507	0.109739	0.0536385	0.0215477	0.0466452	0.027487	0.0202938	0.145644	0.00203849	0.928487	0.158163	0.507213	1.01594	2.31868	5	1.377827
590000	-119.7348	-179.9867	60.25196	10	0.4673752	0.00886287	0.0210139	0.00447097	0.0290822	0.00287973	0.00870477	0.00914883	0.0946055	0.00752788	0.00587265	0.387996	0.0275122	0.230085	0.794997	2.94741	5	0.5801655
591000	-125.0907	-181.7394	56.6487	10	1.425138	0.00566987	0.00897315	0.0238101	0.00260096	0.0129813	0.0400891	0.0180617	0.0144788	0.119816	0.0196535	0.328873	0.213523	0.575602	1.04571	2.16517	5	0.5950079
592000	-127.0576	-180.0153	52.95772	10	2.529994	0.0107994	0.00780997	0.0227278	0.0200445	0.0038507	0.00565579	0.034965	0.0127056	0.0856634	0.0108041	0.448579	0.349282	0.701665	1.07896	1.87009	5	0.6636049
593000	-121.995	-178.9335	56.93851	10	1.441237	0.0175597	0.00365361	0.112846	0.00191781	0.00875539	0.0271004	0.000343061	0.0203275	0.0616162	0.0659668	0.723041	0.2161	0.578474	1.04678	2.15865	5	1.043127
594000	-125.872	-181.3215	55.44942	10	3.564926	0.0206493	0.0115893	0.0774793	0.0457804	0.0167646	0.0241865	0.0426375	0.00897705	0.0960854	0.0195845	0.658632	0.428738	0.758679	1.08417	1.72841	5	1.022366
595000	-123.6727	-179.592	55.9193	10	1.327857	0.0119151	0.0052862	0.0695762	0.0275194	0.0263016	0.0275138	0.0201523	0.0112464	0.0620472	0.0402604	0.671106	0.197464	0.557148	1.03848	2.20691	5	0.9729247
596000	-122.1719	-179.9996	57.82764	10	0.4525731	0.00652469	0.00177652	0.0187345	0.0120173	0.00300128	0.0220311	0.031113	0.0922566	0.00167417	0.0362403	0.403498	0.0249715	0.219831	0.782437	2.97276	5	0.6288676
597000	-132.6789	-187.7559	55.07694	10	2.315225	0.00765613	0.00422215	0.118131	0.0250605	0.0205524	0.0375306	0.0217111	0.0170361	0.160879	0.0721214	0.35458	0.328208	0.684831	1.07619	1.91077	5	0.8394806
598000	-131.6489	-185.9377	54.2888	10	0.8751763	0.0344705	0.0110086	0.10286	0.0120498	0.00722751	0.0538848	0.00542806	0.105217	0.024342	0.0261538	0.579637	0.111426	0.435728	0.975791	2.47706	5	0.96228
599000	-130.8849	-181.4024	50.51752	10	1.938257	0.0165062	0.00958734	0.0235914	0.00840928	0.0154042	0.00166787	0.012699	0.124932	0.00421074	0.0160413	0.446105	0.285791	0.648283	1.06836	1.99756	5	0.6791545
600000	-123.1366	-180.2686	57.13197	10	2.039825	0.00632086	0.00750769	0.00432636	0.00760333	0.0222541	0.0352029	0.0164931	0.0115713	0.187414	0.0212209	0.43276	0.297983	0.659183	1.07095	1.97188	5	0.7526744
601000	-131.7354	-184.2034	52.46804	10	1.923534	0.00489869	0.0375458	0.0389886	0.0791669	0.0319276	0.0483119	0.0171566	0.00901389	0.200828	0.0128157	0.709262	0.283973	0.646628	1.06795	2.00145	5	1.189916
602000	-124.7411	-182.635	57.89387	10	1.102308	0.00932477	0.0329367	0.00707697	0.0162267	0.0219776	0.0275745	0.039269	0.131744	0.0141809	0.0519684	0.681687	0.156903	0.505482	1.01508	2.32254	5	1.033967
603000	-133.1217	-183.6145	50.49277	10	0.711857	0.00927573	0.0397818	0.0538362	0.0203873	0.00925083	0.00846695	0.0207598	0.00680536	0.0549655	0.0188098	0.514936	0.0767225	0.369071	0.929184	2.62502	5	0.7572751
604000	-128.074	-179.3332	51.25914	10	0.3751348	0.0154859	0.000623594	0.0229668	0.00953174	0.00126026	0.0299664	0.0150985	0.0625411	0.0105604	0.02886	0.579122	0.0132967	0.162952	0.702908	3.12084	5	0.7760171
605000	-120.5485	-180.593	60.04442	10	0.6926395	0.00535027	0.0187432	0.00484552	0.0148803	0.0128098	0.0175385	0.0128753	0.115227	0.00642465	0.0261153	0.306208	0.0726168	0.360037	0.92211	2.64524	5	0.5410177
606000	-122.1121	-181.8315	59.7194	10	0.4671333	0.00801397	0.00153651	0.00839159	0.0250471	0.0127682	0.0120566	0.0220579	0.108898	0.0191859	0.0158649	0.394983	0.02747	0.229919	0.794798	2.94781	5	0.6288032
607000	-123.9924	-185.0486	61.05624	10	0.9489521	0.0149007	0.0157591	0.000699659	0.0150127	0.0113326	0.0501145	0.0441073	0.151371	0.0112043	0.0268379	0.473121	0.126659	0.460851	0.990998	2.42149	5	0.8144603
608000	-124.2053	-178.8116	54.60637	10	1.746596	0.0011779	0.000243718	0.0510687	0.00333584	0.000394256	0.0213966	0.0103421	0.0127115	0.0755058	0.0339345	0.367424	0.261028	0.625044	1.06213	2.0518	5	0.5775349
609000	-135.0961	-185.6857	50.58955	10	1.737172	0.0123018	0.0207424	0.0539924	0.0614844	0.0121345	0.0270586	0.0237604	0.0536013	0.0184358	0.0061597	0.526495	0.259747	0.623799	1.06177	2.05468	5	0.8161664
610000	-127.2321	-178.7468	51.51468	10	3.084386	0.00253896	0.0122533	0.00704774	0.0458554	0.00773178	0.0391344	0.0145647	0.00924188	0.185897	0.0400673	0.721737	0.395687	0.736096	1.0829	1.78532	5	1.08607
611000	-124.283	-178.2119	53.92889	10	0.6802744	0.0102471	0.00659505	0.0265208	0.00795447	0.00445416	0.0104438	0.0107969	0.00702618	0.103031	0.0162603	0.392678	0.0699808	0.354073	0.917334	2.65861	5	0.5960069
612000	-126.8401	-179.8221	52.98198	10	0.7075581	0.0236343	0.00184867	0.000811529	0.000337432	0.0134499	0.00737943	0.0208811	0.00458967	0.14984	0.0231495	0.477148	0.0758034	0.367075	0.927637	2.62948	5	0.7230697
613000	-129.7225	-184.9067	55.18417	10	0.7574094	0.0270089	0.0239986	0.0449111	0.0303483	0.0114699	0.0260871	0.0370292	0.172727	0.00706886	0.0320157	0.490399	0.0864695	0.389404	0.944417	2.57971	5	0.9030634
614000	-123.626	-179.2121	55.58616	10	1.986878	0.0228726	0.00621587	0.0517097	0.0204415	0.00895819	0.0201447	0.0306204	0.0725856	0.00271846	0.0311501	0.635879	0.291703	0.653611	1.06966	1.98503	5	0.9032958
615000	-135.8517	-187.2785	51.42685	10	1.621271	0.0154711	0.0935311	0.0439941	0.00353294	0.00759165	0.00811435	0.0285132	0.094202	0.00608842	0.0246159	0.577305	0.243463	0.607572	1.05682	2.09215	5	0.9029601
616000	-134.7201	-181.7353	47.01519	10	3.14592	0.0125476	0.0172599	0.0213204	0.0228584	0.00414215	0.0194753	0.0306882	0.122724	0.00785728	0.0567079	0.424398	0.400245	0.7393	1.08315	1.77731	5	0.7399788
617000	-127.2982	-182.0756	54.77742	10	1.418774	0.0102296	0.00938831	0.0848569	0.0345442	0.0137711	0.0559321	0.00488734	0.0157793	0.0259715	0.00111892	0.931079	0.212498	0.574453	1.04527	2.16778	5	1.187558
618000	-130.4063	-184.5162	54.10994	10	0.9373842	0.035682	0.00585004	0.0516234	0.000723216	0.0169068	0.0065905	0.0480438	0.0151224	0.0690374	0.0723973	0.596213	0.124297	0.457087	0.988797	2.42982	5	0.9181902
619000	-144.0704	-181.2993	37.2289	2	0.3492204	0.00836695	0.00326026	0.00915167	0.0221734	0.0168773	0.00737859	0.00469443	0.0434876	0.00572867	0.000764068	0.702911	0.0101211	0.142949	0.669922	3.17701	4	0.8247943
620000	-134.6137	-181.6424	47.02872	10	5.388357	0.0161255	0.00051998	0.0271496	0.0283947	0.0212615	0.0365464	0.00577218	0.172538	0.00204899	0.00420172	0.405546	0.517449	0.812708	1.08257	1.58728	5	0.720104
621000	-121.9484	-181.4498	59.50139	10	1.943051	0.0102479	0.021694	0.0698344	0.00846907	0.00449245	0.0117788	0.00992214	0.00267928	0.161709	0.023945	0.538521	0.286381	0.648818	1.0685	1.9963	5	0.8632922
622000	-125.6213	-179.5349	53.91356	10	2.727972	0.00614708	0.00383076	0.00525419	0.00277779	0.00840495	0.0127298	0.0210928	0.00675048	0.0535475	0.0409526	0.373323	0.367058	0.71526	1.0808	1.83688	5	0.5348107
623000	-129.9647	-185.4222	55.45742	10	2.077115	0.00807234	0.0597803	0.00280686	0.0165531	0.0054559	0.0292803	0.00928642	0.0942095	0.00048463	0.0779064	0.610261	0.302309	0.662971	1.0718	1.96291	5	0.9140964
624000	-125.9043	-180.668	54.76363	10	0.8881552	0.00970587	0.0169414	0.0337522	0.0379778	0.00633656	0.0237921	0.0131457	0.144145	0.0112619	0.0256633	0.522578	0.114134	0.440346	0.978678	2.46684	5	0.8453003
625000	-125.9962	-179.4899	53.49371	10	1.066245	0.00412046	0.00197312	0.13722	0.00230033	0.00545349	0.0296828	0.0161003	0.0306119	0.0292955	0.0443579	0.726373	0.149979	0.495796	1.01016	2.34406	5	1.027488
626000	-130.115	-181.3358	51.22081	10	2.164167	0.0186365	0.00691204	0.0451202	0.0613523	0.00865244	0.0542578	0.0179652	0.00419314	0.063377	0.0200674	0.800523	0.312114	0.671408	1.0736	1.94288	5	1.101057
627000	-123.2787	-179.859	56.58031	10	1.737469	0.0145255	0.00713523	0.00203911	0.00972126	0.0110619	0.0167493	0.0118347	0.0026389	0.109169	0.0223068	0.297369	0.259788	0.623838	1.06178	2.05459	5	0.5045504
628000	-122.7776	-181.5612	58.78356	10	2.171401	0.004259	0.0141468	0.0449712	0.084631	0.0162927	0.00389512	0.0180552	0.00728173	0.138586	0.00134961	0.596275	0.312911	0.672084	1.07374	1.94126	5	0.9297429
629000	-151.228	-189.4005	38.17245	2	0.7285292	0.00208545	0.0205588	0.10276	0.0142003	0.0140874	0.0409404	0.00532426	0.000511248	0.150775	0.0545211	0.433984	0.0802895	0.376686	0.934998	2.60803	4	0.8397486
630000	-128.1287	-180.6957	52.567	10	3.04813	0.0260171	0.0135268	0.00794134	0.023316	0.0250047	0.0545026	0.0111273	0.146828	0.000871393	0.0704246	0.868021	0.392951	0.734158	1.08274	1.79015	5	1.24758
631000	-126.6573	-182.0743	55.41699	10	3.642884	0.0280461	0.000143386	0.0164551	0.0190051	0.0299157	0.0330389	0.00782709	0.00729316	0.0917455	0.0554656	0.519858	0.433599	0.761878	1.08426	1.72026	5	0.8087937
632000	-122.665	-179.5764	56.91131	10	1.323561	0.00645406	0.00743439	0.076691	0.00348485	0.0122964	0.0400654	0.00731801	0.016721	0.0444521	0.058505	0.649821	0.196735	0.556286	1.03813	2.20885	5	0.9232428
633000	-121.3818	-177.8948	56.51308	10	1.193876	0.00704936	0.00535557	0.0593718	0.00600871	0.00727279	0.0336625	0.0162384	0.0778197	0.0109577	0.0406954	0.690394	0.173942	0.528165	1.02593	2.27196	5	0.9548261
634000	-122.6775	-178.8882	56.21071	10	0.6589227	0.013859	0.0016616	0.0126963	0.0145647	0.0123614	0.0286997	0.024461	0.0808008	0.00792175	0.0406667	0.495098	0.0654452	0.343486	0.908641	2.68243	5	0.7327913
635000	-123.1706	-185.3892	62.21861	10	0.8735362	0.0164695	0.00147744	0.0188443	0.0155841	0.0284819	0.00985126	0.0234538	0.102507	0.011645	0.00968237	0.263716	0.111083	0.435138	0.975419	2.47836	5	0.5017127
636000	-130.6666	-179.097	48.43046	10	1.030681	0.0271288	0.00500776	0.123581	0.0561037	0.0231664	0.0226101	0.0259408	0.0419873	0.00619421	0.0025764	1.37051	0.143035	0.485783	1.0049	2.36628	5	1.704804
637000	-132.9936	-180.8563	47.86269	10	3.403256	0.0107693	0.0121614	0.0341791	0.0510945	0.0303118	0.0246574	0.0202514	0.0338355	0.153111	0.00395382	0.723772	0.418238	0.751665	1.08389	1.7462	5	1.098097
638000	-123.2121	-180.0673	56.85517	10	2.287325	0.00703409	0.0328032	0.00426952	0.0757	0.0171805	0.0201735	0.0218083	0.176487	0.00618086	0.0195722	0.767682	0.325319	0.682459	1.07576	1.91646	5	1.14889
639000	-125.1388	-178.8513	53.71244	10	0.226943	0.00824922	0.00420557	0.0110872	0.0356578	0.0129553	0.0260841	0.00938752	0.00644787	0.0649106	0.000176551	0.768378	0.00120543	0.0506207	0.450278	3.4979	5	0.9475401
640000	-125.2033	-176.833	51.62967	10	0.8229496	0.015959	0.00194918	0.0600445	0.00200101	0.00300838	0.0168647	0.0189203	0.117222	0.0265839	0.0350248	0.817743	0.100432	0.416212	0.963117	2.52024	5	1.115321
641000	-145.2367	-180.4234	35.18677	2	2.421867	0.0133331	0.000743599	0.0260559	0.0165893	0.0293482	0.0292151	0.0384618	0.132657	0.00280521	0.0331556	0.698193	0.338922	0.69349	1.07768	1.8899	4	1.020558
642000	-148.5453	-185.1192	36.57388	2	0.6574546	0.000137518	0.0306802	0.0664268	0.014953	0.00102322	0.0128208	0.0152498	0.00343178	0.186655	0.0121332	0.541761	0.0651343	0.342745	0.908021	2.6841	4	0.8852716
643000	-129.1123	-183.0076	53.8953	10	0.6796756	0.0175805	0.00758361	0.0540109	0.000569267	0.0136774	0.0391618	0.0273206	0.0130723	0.217616	0.0556652	0.610033	0.0698533	0.353781	0.917098	2.65927	5	1.056291
644000	-124.6116	-182.8591	58.24748	10	3.058435	0.0337177	0.00501289	0.00129189	0.0171713	0.00559321	0.050826	0.0192311	0.110017	0.00598158	0.0431866	0.39841	0.393733	0.734713	1.08279	1.78876	5	0.6904388
645000	-129.4959	-184.0514	54.55552	10	2.749553	0.00877526	0.0227527	0.144794	0.0234352	0.00740325	0.0077169	0.0413399	0.00506027	0.0627517	0.0299682	0.724843	0.368908	0.716646	1.08096	1.83348	5	1.078841
646000	-126.8875	-183.8442	56.9567	10	1.240028	0.023929	0.0168252	0.0586908	0.0500462	0.00884841	0.0374577	0.0133919	0.122219	0.0074423	0.00852836	0.502745	0.182232	0.538667	1.03065	2.24845	5	0.8501236
647000	-128.8191	-176.2701	47.45107	10	0.764324	0.00589629	0.00118238	0.00945886	0.00824478	0.0117338	0.0138514	0.0227965	0.00734174	0.134584	0.0487633	1.26961	0.087948	0.392364	0.946557	2.57313	5	1.53346
648000	-122.7939	-178.9315	56.13755	10	0.8202907	0.0112077	0.00495882	0.0159452	0.0187766	0.00704327	0.0122699	0.01371	0.0252172	0.0731743	0.00307679	0.515594	0.0998685	0.415177	0.962422	2.52253	5	0.7009738
649000	-124.9553	-180.9796	56.02437	10	1.974092	0.025037	0.0046008	0.053771	0.00668572	0.0113129	0.0354144	0.0557045	0.10589	0.00663548	0.0300632	0.672668	0.290162	0.65223	1.06933	1.98828	5	1.007783
650000	-133.8129	-183.2575	49.44459	10	1.395944	0.00383504	0.00580052	0.0978598	0.00682341	0.00297174	0.00938607	0.032846	0.248415	0.0160166	0.0834278	0.47074	0.208791	0.570267	1.04368	2.17726	5	0.9781214
651000	-125.2115	-185.7912	60.57977	10	0.6826512	0.00513563	0.0488305	0.0841411	0.0164293	0.00247187	0.0162511	0.0219604	0.0923184	0.00560576	0.0438602	0.384427	0.0704871	0.355228	0.918266	2.65602	5	0.7214316
652000	-134.4112	-185.4932	51.08202	10	1.982196	0.0299324	0.00827893	0.0654757	0.0540231	0.0144603	0.00625558	0.00846	0.0833253	0.00998319	0.00622082	0.420051	0.29114	0.653107	1.06954	1.98622	5	0.7064663
653000	-122.3588	-181.0229	58.6641	10	1.296605	0.0054719	0.0028449	0.0826534	0.0188578	0.00222099	0.0285893	0.0128614	0.0099738	0.0592287	0.0266975	0.425387	0.192125	0.550784	1.03585	2.22124	5	0.6747869
654000	-127.2213	-182.6351	55.41379	10	1.19644	0.0143251	0.0170683	0.132037	0.0122069	0.00218372	0.00638787	0.00701297	0.0451372	0.0109711	0.0155695	0.634759	0.174407	0.528764	1.02621	2.27062	5	0.8976582
655000	-128.4925	-182.2395	53.74696	10	1.198341	0.00524762	0.0041936	0.00308075	0.0312724	0.0179969	0.012243	0.00948608	0.136468	0.0250214	0.055244	0.619781	0.174752	0.529207	1.02641	2.26963	5	0.9200351
656000	-124.9291	-179.0279	54.09885	10	1.3786	0.0119275	2.28456e-05	0.00626568	0.0410067	0.00254313	0.0137222	0.0125858	0.147628	0.0256993	0.0171238	0.449869	0.205945	0.567018	1.04242	2.18462	5	0.7283943
657000	-125.5265	-181.275	55.74841	10	0.2642919	0.0119754	0.000465577	0.0344738	0.0259556	0.00495206	0.017523	0.0101992	0.00276832	0.0109274	0.00313832	0.417105	0.00284581	0.0771882	0.530672	3.38929	5	0.539484
658000	-126.831	-181.0997	54.26863	10	0.8516261	0.00405722	0.00525783	0.0152441	0.0288279	0.0326153	0.0176739	0.0164054	0.00604133	0.120144	0.000570975	0.499525	0.106487	0.427117	0.970294	2.4961	5	0.7463632
659000	-126.1241	-182.6477	56.52352	10	0.7360666	0.0355275	0.00911992	0.0113822	0.00168512	0.0106012	0.0318668	0.00673484	0.0116892	0.138786	0.0270622	0.359203	0.0819027	0.380062	0.937534	2.6005	5	0.643658
660000	-131.2538	-185.0519	53.79806	10	1.457753	0.01003	0.0279828	0.0404771	0.0343371	0.0322827	0.0295901	0.0105014	0.15215	0.00839636	0.00263671	0.493607	0.218722	0.58137	1.04784	2.15207	5	0.8419914
661000	-121.1211	-181.3172	60.19606	10	0.5917838	0.00443078	0.00712538	0.025498	0.0285755	0.00484373	0.0153863	0.00802661	0.00487016	0.141951	0.0124165	0.48255	0.051418	0.307674	0.877069	2.76384	5	0.7356744
662000	-125.7219	-179.653	53.93113	10	1.492813	0.00558615	0.00138436	0.00997178	0.0356351	0.0100365	0.00525177	0.0144277	0.13079	0.00514172	0.00143197	0.625787	0.22421	0.587356	1.05	2.13844	5	0.8454441
663000	-123.4408	-179.4042	55.96334	10	0.8952544	0.00878224	0.00131205	0.0474107	0.0362705	0.00494011	0.00397878	0.0218978	0.0277035	0.00392591	0.0261143	0.799196	0.11561	0.442834	0.980217	2.46134	5	0.9815324
664000	-132.4955	-185.5789	53.0834	10	0.9750453	0.0146639	0.025755	0.0128493	0.0493138	0.0135587	0.019992	0.0166909	0.156745	0.0288079	0.0021955	0.34095	0.131948	0.46912	0.995739	2.40319	5	0.6815221
665000	-127.6283	-183.4449	55.81652	10	1.382963	0.0142681	0.0081788	0.15991	0.0348042	0.00627985	0.0447925	0.0133205	0.00106452	0.0217478	0.0717424	0.765623	0.206663	0.567841	1.04274	2.18276	5	1.141732
666000	-124.8241	-180.9595	56.13541	10	3.858989	0.00938878	0.00419326	0.016227	0.0365441	0.0077963	0.00766391	0.0382724	0.0019593	0.187459	0.014383	0.392393	0.446444	0.770187	1.0844	1.69897	5	0.7162803
667000	-127.4645	-178.0539	50.58937	10	3.895251	0.0012015	0.000138487	0.0238169	0.0463537	0.0204372	0.0375333	0.00956404	0.21739	0.0219417	0.0128624	0.84286	0.448514	0.771507	1.0844	1.69558	5	1.2341
668000	-124.662	-178.8017	54.13964	10	0.6207337	0.0134799	0.00343948	0.0096388	0.00727122	0.00640797	0.00058875	0.0114191	0.0191986	0.176746	0.0429063	0.452237	0.0574106	0.323603	0.891539	2.72745	5	0.7433329
669000	-136.0829	-185.2453	49.16236	10	1.331155	0.0201866	0.0485007	0.0618151	0.0221043	0.0126682	0.0121294	0.00580847	0.0250095	0.0846301	0.0256706	0.64039	0.198022	0.557806	1.03875	2.20542	5	0.9589131
670000	-118.6212	-176.9283	58.30705	10	1.536343	0.00407726	0.00073588	0.0189205	0.016426	0.0141328	0.0115185	0.0108512	0.00764535	0.118014	0.0297921	0.421604	0.230882	0.594496	1.05249	2.12214	5	0.6537177
671000	-133.5652	-185.4339	51.86876	10	3.146403	0.0228047	0.0035398	0.051329	0.0331878	0.00139854	0.0407065	0.0152773	0.033381	0.171404	0.0331603	0.393544	0.40028	0.739325	1.08315	1.77725	5	0.7997329
672000	-118.9342	-178.362	59.42778	10	1.059038	0.00200286	0.006398	0.0217183	0.0110103	0.0137293	0.0152717	0.019419	0.00934749	0.154852	0.0256173	0.459706	0.148581	0.493805	1.00913	2.34848	5	0.7390723
673000	-123.6854	-179.1976	55.5122	10	0.25943	0.00577003	0.00108102	0.000293779	0.0112364	0.00446061	0.00447854	0.0150402	0.00399248	0.0592287	0.0259713	0.316064	0.00258069	0.0735796	0.520955	3.40289	5	0.4476169
674000	-148.9204	-180.9126	31.99222	2	1.354481	0.00934711	0.00931275	0.0423203	0.00688635	0.00994471	0.00791558	0.0070956	0.00740048	0.119559	0.0160985	0.77682	0.201942	0.562395	1.0406	2.19507	4	1.0127
675000	-155.4199	-182.6434	27.22349	2	2.023867	0.016821	0.0059881	0.0530463	0.0106673	0.00774341	0.0469634	0.00765678	0.0160473	0.237236	0.0239309	0.894928	0.296107	0.657528	1.07058	1.97579	4	1.321029
676000	-149.8554	-186.2834	36.42801	2	1.301899	0.00687756	0.00460637	0.0727872	0.084039	0.0272472	0.000837916	0.0223229	0.0295268	0.136945	0.0106872	0.610148	0.193036	0.551878	1.03631	2.21878	4	1.006026
677000	-123.4932	-177.2922	53.79898	10	0.998215	0.0119763	0.00706091	0.0234527	0.00650027	0.00882412	0.0139972	0.032074	0.0321092	0.0632539	0.0424266	0.919155	0.136597	0.476215	0.999704	2.38748	5	1.16083
678000	-137.0237	-189.5211	52.49742	10	1.36036	0.0173222	0.000733797	0.1191	0.0446343	0.019339	0.0117681	0.0664104	0.0160085	0.00351294	0.0593696	0.55633	0.202923	0.563533	1.04105	2.1925	5	0.9145296
679000	-123.1111	-177.9026	54.79147	10	1.507141	0.0247848	0.00536323	0.0620511	0.00188685	0.004446	0.0174638	0.013659	0.0046392	0.0805879	0.036491	0.663949	0.226424	0.589741	1.05084	2.133	5	0.9153215
680000	-124.4903	-181.3114	56.8211	10	0.3761105	0.00365233	8.75698e-05	0.0604585	0.0185863	0.00678733	0.000154559	0.0180206	0.0197855	0.029078	0.00776574	0.568298	0.0134242	0.163698	0.704079	3.1188	5	0.7326739
681000	-124.0671	-179.9513	55.88421	10	0.5304024	0.00744214	0.00421952	0.17569	0.0114945	0.0036586	0.0219206	0.010678	0.000547924	0.00886565	0.041308	0.716064	0.0391517	0.271301	0.841189	2.84836	5	1.001889
682000	-145.818	-180.6525	34.83448	2	4.00057	0.0199037	0.00935097	0.0345601	0.0243957	0.01988	0.00698735	0.0151039	0.142149	0.0139423	0.0102321	0.474827	0.454394	0.775229	1.0844	1.68598	4	0.7713318
683000	-153.5005	-188.1399	34.63947	2	1.373319	0.0578591	0.00721646	0.012898	0.0233096	0.0297554	0.00956611	0.0301808	0.204982	0.00671099	0.0492845	0.494386	0.205073	0.566016	1.04203	2.18688	4	0.9261495
684000	-151.5962	-179.8757	28.27955	2	2.236854	0.00521859	0.0059514	0.0366064	0.0346116	0.02784	0.0138638	0.0397167	0.152528	0.0185108	0.0213551	0.816222	0.319998	0.678048	1.07493	1.92703	4	1.172425
685000	-144.2706	-180.9346	36.66403	2	0.7347527	0.00636651	0.00315959	0.0963525	0.00495178	0.0136542	0.0244381	0.00333721	0.0255818	0.015347	0.0304461	0.479201	0.0816215	0.379476	0.937096	2.60181	4	0.7028361
686000	-122.4615	-179.0135	56.55206	10	0.3397911	0.00868962	0.000735903	0.0736812	0.00209003	0.000338579	0.0179695	0.0135266	0.00497507	0.00980408	0.0221518	0.532653	0.00907054	0.135599	0.656958	3.19837	5	0.6866158
687000	-129.6146	-187.2853	57.67063	10	1.982455	0.00152464	0.00169775	0.0035759	0.0108776	0.0351566	0.00510893	0.031723	0.0236667	0.00442039	0.0541119	0.549646	0.291171	0.653135	1.06954	1.98615	5	0.7215091
688000	-127.5901	-179.7712	52.18109	10	1.270672	0.0242332	0.0106649	0.00669812	0.0312301	0.0264212	0.0232555	0.0138647	0.106873	0.00160675	0.00505477	0.719631	0.187627	0.545329	1.03354	2.2335	5	0.9695337
689000	-126.2402	-178.0541	51.81392	10	0.851446	0.0124725	0.00488347	0.0299103	0.00447294	0.0012515	0.0158162	0.00942634	0.0669907	0.0166302	0.0334228	0.558917	0.106449	0.42705	0.97025	2.49625	5	0.7541941
690000	-125.9915	-184.0224	58.03094	10	1.244881	0.00898137	0.0156512	0.0282103	0.017105	0.00622942	0.0505308	0.0391487	0.00285309	0.0913833	0.0202782	0.344265	0.183092	0.539738	1.03112	2.24605	5	0.6246366
691000	-126.5942	-179.6854	53.09115	10	0.7074907	0.0148336	0.00516181	0.0197079	0.0190818	0.00654166	0.00991005	0.00497885	0.0932671	0.00223404	0.00643413	0.640294	0.075789	0.367043	0.927613	2.62955	5	0.8224454
692000	-124.8203	-186.3639	61.54355	10	1.084205	0.010105	0.0361307	0.0220453	0.00870353	0.0113537	0.0461123	0.0157612	0.00788555	0.0601605	0.0445404	0.323904	0.153442	0.500677	1.01266	2.33322	5	0.5867018
693000	-135.2492	-179.9528	44.70361	10	1.158998	0.0192954	0.00935373	0.0280223	0.0310998	0.00365887	0.0212122	0.0485686	0.00524542	0.106836	0.0276671	0.70696	0.167544	0.51983	1.02205	2.29057	5	1.00792
694000	-133.2801	-184.3774	51.09728	10	0.6307174	0.00772302	0.0315518	0.108707	0.0420038	0.0209546	0.0460023	0.0221804	0.0668297	0.00078914	0.0928827	1.18613	0.059499	0.328922	0.896216	2.71536	5	1.625757
695000	-130.3302	-183.3262	52.99599	10	1.234914	0.0223509	0.00504735	0.0275724	0.0012616	0.0104501	0.0287219	0.0316589	0.00467292	0.0780164	0.0716086	0.55796	0.181323	0.537532	1.03015	2.25099	5	0.8393214
696000	-123.8723	-180.0185	56.1462	10	1.378512	0.00184891	0.0189296	0.00129351	0.00619773	0.00453934	0.00770806	0.0235699	0.0904338	0.0200523	0.0309214	0.419189	0.20593	0.567001	1.04241	2.18466	5	0.6246839
697000	-121.7151	-182.769	61.05389	10	0.9797543	0.0160745	0.00418769	0.182745	0.0322245	0.0105699	0.0035438	0.024327	0.00282767	0.014141	0.00297844	0.597051	0.132897	0.470581	0.996563	2.39996	5	0.8906709
698000	-124.2572	-178.9982	54.74096	10	2.039741	0.00410135	0.0185513	0.0110955	0.0178927	0.00693845	0.0137686	0.0311769	0.011553	0.140895	0.0327562	0.520376	0.297973	0.659174	1.07095	1.9719	5	0.8091047
699000	-123.8902	-183.0403	59.15012	10	2.324598	0.00374677	0.00121	0.0591308	0.00477046	0.00584716	0.00699241	0.0216344	0.0968405	0.00332884	0.0327944	0.246697	0.32917	0.685617	1.07633	1.90888	5	0.4829926
700000	-128.9302	-184.4819	55.55169	10	1.646223	0.00665047	0.0464779	0.0131093	0.0192074	0.0207633	0.0105768	0.00735928	0.0531548	0.047099	0.0408149	0.656594	0.247053	0.611214	1.05797	2.08376	5	0.9218068
701000	-122.908	-180.8962	57.9882	10	1.267148	0.0185641	0.000662138	0.0689152	0.00149738	0.0115309	0.0263268	0.0219375	0.00106904	0.129959	0.0659129	0.467287	0.187011	0.544575	1.03322	2.23519	5	0.8136628
702000	-123.8391	-181.7258	57.88672	10	1.138342	0.0114471	0.000522624	0.0288567	0.00657862	0.00852823	0.0512976	0.00729619	0.0492024	0.0154045	0.0194178	0.402212	0.163702	0.51472	1.01961	2.30197	5	0.6007637
703000	-124.3693	-179.3489	54.9796	10	1.672509	0.0131373	0.0210351	0.0480329	0.0607639	0.0157697	0.0381437	0.0126122	0.0168261	0.220924	0.00915613	0.995993	0.250784	0.614961	1.05913	2.07513	5	1.452394
704000	-122.5578	-180.4627	57.90487	10	2.44157	0.0148474	0.0272292	0.0236509	0.0056239	0.00425666	0.0399462	0.0197771	0.114844	0.0081628	0.0245346	0.518038	0.340846	0.695023	1.07793	1.8862	5	0.8009109
705000	-122.9205	-180.4443	57.52378	10	0.6338609	0.0230893	0.00314946	0.0238383	0.0392204	0.00484873	0.0230339	0.0170031	0.109844	0.0113221	0.013062	0.514047	0.0601585	0.330579	0.897657	2.71161	5	0.7824589
706000	-112.6808	-177.7959	65.11507	10	0.5396684	0.00260998	0.00321756	0.00278434	0.00139071	0.00410282	0.0076206	0.013497	0.0762449	0.00467771	0.0213515	0.208984	0.0409551	0.277026	0.847116	2.8349	5	0.3464809
707000	-133.3598	-180.9569	47.59714	10	1.506739	0.00513728	0.00146351	0.0303279	0.00905321	0.0209154	0.00259738	0.023223	0.200587	0.0136039	0.0626543	0.590648	0.226362	0.589674	1.05081	2.13315	5	0.9602107
708000	-123.8851	-184.7143	60.82915	10	1.186069	0.0108746	0.0113176	0.0616156	0.0117768	0.00634546	0.0344053	0.0324725	0.0168032	0.0813741	0.0394186	0.351832	0.172519	0.52633	1.02509	2.27606	5	0.6582358
709000	-131.6347	-180.3868	48.75213	10	5.493325	0.00414788	0.018939	0.0571138	0.0463546	0.0022176	0.0414416	0.0323614	0.00264738	0.185917	0.00729851	0.902639	0.521361	0.814896	1.08235	1.58139	5	1.301078
710000	-152.8783	-186.7387	33.86031	2	2.206527	0.0065412	0.00514187	0.0798398	0.0473318	0.0376833	0.0478587	0.0119466	0.00646442	0.0998523	0.00685029	0.502618	0.316741	0.67532	1.07439	1.93355	4	0.8521287
711000	-149.6994	-186.022	36.32261	2	1.43758	0.00826081	0.0139636	0.0031034	0.00472274	0.0053213	0.0313552	0.0332578	0.0446606	0.0168363	0.024456	0.346076	0.215517	0.577826	1.04654	2.16012	4	0.5320141
712000	-126.838	-180.1454	53.30731	10	1.292193	0.00376719	0.0109334	0.0137588	0.027143	0.0246222	0.0210779	0.00838848	0.0173725	0.094844	0.0121514	0.555271	0.191364	0.549868	1.03547	2.2233	5	0.7893294
713000	-130.4331	-183.9721	53.53902	10	0.4023918	0.0275241	0.0144507	0.117125	0.0100082	0.038271	0.0094215	0.00994376	0.00233929	0.00834856	0.0174853	0.789777	0.017061	0.183541	0.733856	3.06554	5	1.044694
714000	-126.4274	-178.4171	51.98976	10	0.6361556	0.0121055	0.000286246	0.00181096	0.000362335	0.00318958	0.0296587	0.0296247	0.00615882	0.133012	0.0378454	0.516653	0.0606405	0.331783	0.8987	2.70888	5	0.7707078
715000	-130.3478	-178.6384	48.29057	10	0.660794	0.00695113	0.00307963	0.0734394	0.025482	0.0261533	0.028297	0.0114945	0.0559725	0.0013475	0.0261197	0.877864	0.0658417	0.344429	0.909426	2.6803	5	1.136201
716000	-119.5098	-180.9269	61.41711	10	0.6048676	0.00912883	0.00456981	0.0402169	0.0204849	0.007577	0.0242707	0.00934185	0.00964715	0.144427	0.0184027	0.324279	0.0541135	0.314967	0.883782	2.74714	5	0.6123465
717000	-122.3154	-183.7948	61.47937	10	0.502424	0.00681154	0.009897	0.0262125	0.0528831	0.0199986	0.0190677	0.0173222	0.00107988	0.067286	0.0309269	0.4509	0.0338379	0.253495	0.822024	2.89064	5	0.7023851
718000	-128.9682	-178.7563	49.78816	10	1.471051	0.00732956	0.00016597	0.00827086	0.0236494	0.015979	0.00364647	0.0202005	0.00285911	0.125727	0.0160914	0.529183	0.220816	0.583666	1.04868	2.14684	5	0.7531017
719000	-120.706	-177.7953	57.0893	10	1.537223	0.0110045	0.00997376	0.00712042	0.0206441	0.0121808	0.0213288	0.0121544	0.168559	0.00127214	0.0396903	0.62902	0.231016	0.594637	1.05253	2.12181	5	0.9329485
720000	-117.5103	-179.1022	61.5919	10	0.7243398	0.00767631	0.00998823	0.0328221	0.0228417	0.0134942	0.0230852	0.0320631	0.0937319	0.0016811	0.0143715	0.605077	0.079393	0.374791	0.933564	2.61225	5	0.8568322
721000	-128.4404	-183.2901	54.84966	10	2.325181	0.0222189	0.00583328	0.0408373	0.0359961	0.0345166	0.030174	0.00452965	0.0830274	0.01698	0.00766799	0.519047	0.32923	0.685666	1.07634	1.90876	5	0.8008286
722000	-127.2211	-182.3109	55.08985	10	1.151018	0.0168004	0.0190745	0.00391971	0.0249124	0.017133	0.0114746	0.0105697	0.126389	0.0119999	0.00118959	0.448668	0.166064	0.517871	1.02112	2.29494	5	0.6921302
723000	-123.762	-180.5531	56.79111	10	2.18119	0.0172614	0.0121413	0.00801176	0.00505263	0.0197003	0.0315506	0.024681	0.0178525	0.124495	0.0532358	0.45696	0.313985	0.672995	1.07393	1.93909	5	0.7709417
724000	-146.8642	-185.3177	38.45348	2	1.354799	0.0211722	0.00543395	0.00183182	0.0374572	0.00481306	0.0305307	0.00888833	0.0261311	0.0420876	0.0428289	0.575001	0.201996	0.562457	1.04062	2.19493	4	0.7961763
725000	-152.8409	-188.6776	35.83674	2	0.3374029	0.0157944	0.0337922	0.0429273	0.0495217	0.00689428	0.0356467	0.012983	0.0930718	0.000995873	0.00242056	0.516139	0.00881368	0.133734	0.653587	3.20386	4	0.810187
726000	-148.2205	-183.7961	35.57558	2	4.670605	0.0213267	0.00502427	0.0383553	0.019649	0.0112913	0.0511574	0.011029	0.0141506	0.128526	0.0143309	0.43821	0.487794	0.795614	1.08382	1.63277	4	0.7530505
727000	-128.5428	-181.0761	52.53325	10	1.284343	0.00342396	0.000594239	0.0732098	0.00103384	0.000501955	0.0108924	0.00919375	0.0088398	0.122062	0.075134	0.677779	0.190006	0.548225	1.03478	2.22699	5	0.982665
728000	-141.3286	-185.3128	43.98423	10	3.434976	0.0216468	0.00325993	0.089061	0.0253592	0.0109478	0.0255349	0.0420299	0.0253006	0.20623	0.0327915	0.555567	0.420344	0.753083	1.08396	1.74261	5	1.037729
729000	-124.1565	-178.5165	54.35995	10	0.4038692	0.0121535	0.00197798	0.025251	0.00611143	0.00303234	0.0164358	0.00859118	0.017825	0.11254	0.0345017	0.613204	0.0172765	0.184641	0.735434	3.06265	5	0.8516233
730000	-125.0108	-182.1616	57.15082	10	0.979391	0.0341216	0.00546878	0.0242064	0.019757	0.0118735	0.031642	0.0170585	0.099343	0.0117167	0.0122951	0.539795	0.132824	0.470468	0.996499	2.40021	5	0.8072779
731000	-134.8257	-185.7612	50.93544	10	1.48824	0.0204464	0.0602306	0.0682856	0.0144412	0.0241104	0.0117383	0.033571	0.0246013	0.113072	0.0502426	0.607965	0.2235	0.586587	1.04972	2.14019	5	1.028705
732000	-125.1827	-181.0802	55.89744	10	1.958379	0.00317275	0.00483347	0.0860237	0.00634785	0.00991321	0.00012885	0.0385902	0.014624	0.00457411	0.0360355	0.592701	0.288255	0.650514	1.06891	1.99232	5	0.7969443
733000	-135.2404	-183.5198	48.27942	10	2.557721	0.0028577	0.00215116	0.036865	0.0409209	0.0210908	0.0172466	0.00716193	0.10718	0.0697529	0.0456717	0.746481	0.351862	0.703671	1.07925	1.86521	5	1.09738
734000	-123.893	-182.3251	58.4321	10	0.9005215	0.0158257	0.0295691	0.00726646	0.0256979	0.00256225	0.0269254	0.0170796	0.0277406	0.105558	0.00398349	0.654928	0.116703	0.444664	0.981341	2.45729	5	0.9171369
735000	-129.532	-181.6272	52.09524	10	0.6250281	0.012143	0.00733456	0.0689634	0.00731606	0.0119174	0.017326	0.046821	0.012982	0.446906	0.0321998	0.696051	0.0583077	0.325901	0.893569	2.72222	5	1.35996
736000	-117.0054	-177.4803	60.47491	10	0.7214878	0.00354889	0.00518264	0.00470889	0.0174895	0.0168848	0.0125683	0.0157789	0.092827	0.0122289	0.0341278	0.510522	0.0787827	0.373495	0.932578	2.61514	5	0.7258674
737000	-128.5157	-178.8846	50.36884	10	1.898972	0.00996385	0.0154531	0.0546376	0.0401652	0.0139192	0.0100024	0.0285391	0.120203	0.00607055	0.0605811	1.16079	0.280909	0.643822	1.06724	2.00803	5	1.52032
738000	-121.6575	-178.4786	56.82103	10	1.282579	0.00430103	0.00279488	0.0367239	0.0428144	0.0202151	0.0208133	0.0299718	0.00753224	0.162283	0.0310027	0.737533	0.1897	0.547854	1.03462	2.22783	5	1.095985
739000	-132.735	-185.2675	52.53257	10	2.833192	0.0107115	0.0198878	0.037995	0.0191252	0.0269537	0.0346108	0.00290831	0.0991739	0.0130087	0.0106961	0.493629	0.375931	0.721853	1.08156	1.82066	5	0.7687001
740000	-129.2489	-181.3915	52.1426	10	1.858451	0.0038284	0.0172471	0.000170905	0.0417395	0.00692699	0.00467535	0.0108401	0.26063	0.014096	0.00945549	0.550257	0.275772	0.639065	1.06601	2.01916	5	0.9198666
741000	-133.0779	-180.9012	47.82332	10	1.214902	0.0203268	0.0126729	0.00420528	0.0181218	0.00708313	0.00984339	0.0220802	0.0660204	0.00203077	0.0441059	0.554479	0.177743	0.533022	1.02814	2.26109	5	0.7609698
742000	-120.0378	-176.8279	56.79006	10	2.04164	0.00730528	0.0041704	0.011096	0.0101501	0.00993765	0.0261474	0.0181638	0.116822	0.0170181	0.0202417	0.5418	0.298195	0.65937	1.071	1.97144	5	0.7828529
743000	-136.9377	-184.2175	47.27978	10	1.477522	0.0340235	0.0126826	0.0835253	0.00424435	0.00772767	0.0946921	0.0246625	0.00357691	0.128306	0.0578929	0.771479	0.221829	0.584772	1.04907	2.14433	5	1.222813
744000	-128.1976	-181.889	53.69141	10	1.712733	0.00247178	0.00587344	0.0379986	0.0256737	0.00837981	0.0132946	0.0350978	0.0236421	0.0252708	0.00155099	0.72884	0.256395	0.62052	1.06081	2.06228	5	0.9080933
745000	-127.8858	-183.4781	55.59227	10	2.64306	0.0489039	0.0202726	0.161826	0.00330762	0.0107982	0.0229331	0.014965	0.00498919	0.0923804	0.0525558	0.820102	0.359614	0.709631	1.08008	1.85067	5	1.253034
746000	-126.7077	-182.426	55.71828	10	2.150503	0.0161293	0.00537342	0.111787	0.00344672	0.00529594	0.00572121	0.00587781	0.00568564	0.0191794	0.0310502	0.600906	0.310602	0.67012	1.07334	1.94594	5	0.8104523
747000	-122.5845	-180.4019	57.81737	10	0.9007079	0.0182037	0.00190077	0.0177184	0.00774472	0.00516639	0.0231907	0.0150279	0.0224409	0.0568354	0.00842586	0.482824	0.116742	0.444729	0.98138	2.45715	5	0.6594785
748000	-127.1869	-180.0313	52.84439	10	1.643888	0.0133557	0.0192598	0.00882389	0.0183785	0.0140903	0.0154346	0.0686107	0.110256	0.00908624	0.0324876	0.95354	0.246719	0.610877	1.05786	2.08454	5	1.263323
749000	-126.9156	-179.8861	52.97051	10	4.830491	0.0194627	0.00811249	0.0301251	0.00443392	0.00967719	0.0140705	0.0140284	0.164308	0.00352237	0.0471702	0.39557	0.494881	0.799782	1.08358	1.62175	5	0.7104803
750000	-127.6281	-185.2172	57.58919	10	1.770226	0.0116678	0.0115606	0.00866372	0.0210965	0.0319315	0.0261739	0.051583	0.156777	0.0522057	0.0337534	0.716787	0.264214	0.628122	1.06301	2.04465	5	1.1222
751000	-126.8381	-180.5873	53.74915	10	1.161191	0.0110699	0.0273935	0.00616248	0.00584097	0.0159342	0.0395949	0.0132414	0.0214729	0.198519	0.0210115	0.62545	0.16795	0.520364	1.02231	2.28938	5	0.9856912
752000	-126.3423	-179.4683	53.12594	10	1.527	0.0227572	0.000405429	0.0568368	0.029798	0.0146378	0.0210253	0.0107711	0.00286606	0.0887292	0.00314601	0.928036	0.229463	0.59299	1.05197	2.12558	5	1.179009
753000	-129.8787	-180.8771	50.99836	10	2.366602	0.0191879	0.0118695	0.000192852	0.00393811	0.0209503	0.0142462	0.00678849	0.0703198	0.0071756	0.042965	0.416279	0.333433	0.689081	1.07694	1.90054	5	0.6139126
754000	-128.4107	-183.7404	55.32977	10	0.8015978	0.00221607	0.00284106	0.00818716	0.0352526	0.0245968	0.0140474	0.0156194	0.042735	0.0105943	0.0543413	0.452294	0.0958987	0.407777	0.957397	2.53893	5	0.6627247
755000	-124.3746	-180.3641	55.98943	10	1.784706	0.00296909	0.00334729	0.0214663	0.0558167	0.0121917	0.0124008	0.0242322	0.00109836	0.179609	0.00445888	0.498642	0.266147	0.629976	1.06353	2.04034	5	0.8162331
756000	-124.1365	-182.0502	57.91373	10	1.912726	0.011095	0.00244867	0.0196146	0.0775183	0.00755315	0.0116423	0.0206326	0.143715	0.004711	0.0238741	0.553132	0.282629	0.6454	1.06764	2.00433	5	0.8759372
757000	-132.1298	-185.3798	53.25002	10	1.298284	0.0073756	0.021303	0.257154	0.0194833	0.0144088	0.022586	0.0352483	0.00254302	0.01518	0.0137196	0.631933	0.192414	0.551132	1.036	2.22046	5	1.040935
758000	-133.7484	-182.0179	48.26956	10	2.948703	0.0314856	0.0079083	0.0520926	0.00763274	0.0161432	0.0390917	0.0194651	0.288974	0.0396931	0.0296033	0.78503	0.385254	0.728648	1.08225	1.80385	5	1.317119
759000	-136.2065	-187.4543	51.24782	10	1.252062	0.018973	0.0433755	0.149951	0.0529552	0.00611064	0.005188	0.0187734	0.0120495	0.125042	0.00190103	0.481914	0.184361	0.541312	1.03181	2.24252	5	0.9162333
760000	-121.2345	-180.865	59.63058	10	0.371153	0.00354226	0.00284017	0.00964372	0.00826902	0.0115773	0.0241761	0.0118744	0.0310453	0.099813	0.0303642	0.601679	0.0127822	0.159902	0.698078	3.12924	5	0.8348247
761000	-127.823	-180.9968	53.17379	10	1.569527	0.000380312	0.00470375	0.00177881	0.0409131	0.000658381	0.0622288	0.0265602	0.0318656	0.109184	0.0134339	0.810339	0.235866	0.599734	1.05426	2.11014	5	1.102046
762000	-128.6332	-181.1751	52.54188	10	1.57226	0.00266189	0.00740635	0.0381327	0.00871991	0.00735258	0.0295985	0.0263063	0.0286641	0.0580692	0.0246806	0.47265	0.236272	0.600158	1.0544	2.10917	5	0.7042419
763000	-131.445	-178.2718	46.82674	10	1.294629	0.0183958	0.00017554	0.0672433	0.009356	0.0220024	0.0275811	0.035824	0.106429	0.00243844	0.0237542	0.784441	0.191784	0.550374	1.03568	2.22216	5	1.097641
764000	-124.1897	-180.7511	56.56137	10	0.3678125	0.000927364	0.00693597	0.122732	0.0111637	0.000374665	0.016472	0.0192826	0.195283	0.00255844	0.034412	0.852641	0.0123578	0.157336	0.693961	3.13635	5	1.262783
765000	-145.5812	-183.175	37.59376	2	1.194686	0.0104096	0.00588146	0.0137573	0.00907947	0.000852113	0.0106809	0.0139384	0.162184	0.00583199	0.00982224	0.277807	0.174089	0.528355	1.02602	2.27154	4	0.5202437
766000	-121.3569	-180.6108	59.25396	10	0.5937332	0.00950163	0.00330666	0.0724436	0.0211523	0.0096407	0.0173755	0.0187223	0.0143618	0.0907866	0.010033	0.780399	0.0518182	0.308771	0.878088	2.76132	5	1.047723
767000	-129.2468	-180.7593	51.51249	10	0.3887952	0.00646374	2.95295e-05	0.0704568	0.0045836	0.00747163	0.0239352	0.00862317	0.0618802	0.0127729	0.0792694	0.734675	0.0151317	0.173337	0.718865	3.09267	5	1.010161
768000	-127.3815	-186.0052	58.62379	10	1.570893	0.0195374	0.0113268	0.0301012	0.0536385	0.0109183	0.034719	0.000717601	0.016778	0.0520481	0.0326027	0.442387	0.236069	0.599946	1.05433	2.10966	5	0.7047749
769000	-127.2583	-179.2889	52.03063	10	1.668967	0.00977959	0.00716986	0.031869	0.00245184	0.0135921	0.0111391	0.00476613	0.301506	0.0242302	0.0437496	0.655694	0.250284	0.614461	1.05898	2.07628	5	1.105947
770000	-120.5161	-177.1148	56.59873	10	2.193466	0.0139466	0.00359289	0.00598674	0.0120447	0.00847174	0.00832879	0.0173232	0.107024	0.0115291	0.0392497	0.517282	0.315324	0.674127	1.07415	1.93639	5	0.74478
771000	-149.5247	-181.7672	32.24249	2	0.8946213	0.02375	0.00936138	0.097547	0.0292514	0.0197688	0.0100712	0.022751	0.0336314	0.0378841	0.00977381	1.07657	0.115478	0.442614	0.980081	2.46183	4	1.370357
772000	-155.5448	-187.6744	32.12958	2	1.29363	0.0139799	0.000535139	0.121752	0.0458385	0.0635268	0.03226	0.0281396	0.0822719	0.00896052	0.0106373	0.602162	0.191612	0.550167	1.03559	2.22263	4	1.010064
773000	-132.2315	-182.5949	50.3634	10	0.5501171	0.015644	0.0280937	0.0462653	0.0472714	0.000487751	0.0114701	0.0160951	0.0646048	0.00631508	0.00215777	0.760712	0.0430116	0.28338	0.853568	2.82004	5	0.9991168
774000	-125.8135	-181.1531	55.33965	10	1.118545	0.0274217	0.0185704	0.160622	0.00319321	0.00942155	0.0184602	0.0193697	0.0661988	0.0113189	0.0392369	0.870047	0.159982	0.509697	1.01717	2.31315	5	1.243861
775000	-124.5221	-184.9974	60.47523	10	2.578912	0.00466885	0.0218782	0.0312684	0.0026615	0.0034068	0.0559581	0.00734868	0.0388501	0.0749389	0.0360328	0.487272	0.353813	0.705181	1.07947	1.86154	5	0.7642848
776000	-133.9972	-184.4096	50.41239	10	2.446593	0.0091697	0.00223581	0.0018886	0.0417729	0.00139478	0.0167283	0.0503936	0.0720409	0.0852533	0.0367742	0.58109	0.341334	0.695411	1.07799	1.88526	5	0.8987425
777000	-127.5162	-180.8346	53.31842	10	0.3880046	0.00253983	0.0143094	0.00639016	0.0150952	0.00923216	0.0076666	0.0308885	0.00343467	0.100398	0.0102492	0.467941	0.0150226	0.17274	0.717967	3.09427	5	0.6681452
778000	-128.6144	-183.3454	54.73107	10	2.311764	0.0248589	0.0143045	0.0344782	0.00506254	0.00117396	0.0313166	0.028655	0.125283	0.0132184	0.0504662	0.398577	0.327851	0.684539	1.07614	1.91147	5	0.7273941
779000	-124.9543	-180.4933	55.539	10	1.00263	0.0154097	0.00638057	0.0515278	0.0182851	0.00875047	0.016196	0.0188638	0.0162696	0.1232	0.00403686	0.437519	0.137478	0.477541	1.00043	2.38455	5	0.7164387
780000	-145.6846	-181.9713	36.28668	2	0.366053	0.00538268	0.00353719	0.0667938	0.00620311	0.0170409	0.00522126	0.0271626	0.0508793	0.00583977	0.0199819	0.419677	0.012137	0.155981	0.691769	3.14011	4	0.6277197
781000	-162.5929	-185.1217	22.5288	2	1.085241	0.0260181	0.0224436	0.0130195	0.0340833	0.0414762	0.0430708	0.0244832	0.0312894	0.187619	0.0201025	1.4304	0.153641	0.500955	1.0128	2.3326	4	1.874006
782000	-130.7655	-184.301	53.53556	10	3.816799	0.0212805	0.00127256	0.00715089	0.00108685	0.0375955	0.0099103	0.015616	0.0738277	0.00547934	0.0302633	0.359001	0.444006	0.768626	1.08438	1.70299	5	0.5624841
783000	-125.2662	-179.0693	53.80316	10	2.264726	0.00540243	0.0131839	0.00575651	0.0100586	0.00764258	0.00889361	0.0131015	0.11636	0.03454	0.0534759	0.516169	0.322952	0.680503	1.07539	1.92115	5	0.784584
784000	-125.8941	-177.1423	51.24821	10	1.653257	0.00235861	0.0157463	0.0640068	0.010484	0.00863865	0.0174538	0.0201578	0.167309	0.00477375	0.0513686	1.10926	0.248056	0.612226	1.05828	2.08143	5	1.471556
785000	-116.1415	-180.108	63.96653	10	1.117986	0.00527491	0.00526531	0.0142306	0.00281244	0.0166209	0.0312906	0.0217568	0.00796296	0.0867508	0.0127361	0.413077	0.159876	0.509553	1.0171	2.31347	5	0.6177784
786000	-117.3821	-179.3464	61.96427	10	0.8051322	0.00424309	0.0136739	0.0334433	0.0217622	0.0118465	0.016291	0.0111068	0.0130864	0.0698661	0.00745908	0.56959	0.0966504	0.409192	0.958367	2.53579	5	0.7723688
787000	-130.609	-181.7079	51.09888	10	0.5561991	0.00542587	0.000132965	0.00648862	0.0160348	0.00399178	0.0559438	0.00521697	0.123229	0.0194199	0.00123885	0.65075	0.0442192	0.28703	0.857215	2.81154	5	0.8878729
788000	-127.5446	-180.8142	53.26955	10	1.309987	0.00476395	0.00859139	0.102005	0.0197472	0.0153617	0.00547772	0.00992258	0.0443025	0.045707	0.0575336	0.824223	0.194422	0.553537	1.037	2.21504	5	1.137636
789000	-129.2376	-177.8262	48.58857	10	4.319544	0.006161	0.0170371	0.0033013	0.00745619	0.00220736	0.0133656	0.0155417	0.133334	0.0109189	0.055203	0.532773	0.471099	0.785582	1.08423	1.65909	5	0.7972988
790000	-118.989	-181.532	62.54306	10	2.160356	0.0043763	0.00536699	0.0528826	0.0104069	0.018552	0.0220121	0.000230296	0.0637203	0.0292787	0.0560971	0.461724	0.311693	0.67105	1.07353	1.94373	5	0.7246472
791000	-133.1752	-182.4487	49.2735	10	6.110906	0.0136871	0.00745255	0.0625543	0.00352999	0.0176398	0.028442	0.00827339	0.0170373	0.0533508	0.0540276	0.432408	0.54256	0.826501	1.08101	1.54993	5	0.6984031
792000	-151.6219	-187.7369	36.11505	2	0.9989571	0.00838272	0.0249374	0.0982043	0.00730177	0.013638	0.019924	0.0181053	0.0140751	0.0683242	0.0363108	0.368055	0.136746	0.476438	0.999827	2.38699	4	0.677259
793000	-134.0568	-180.6028	46.54604	10	3.223714	0.00497677	0.00446426	0.135231	0.0330745	0.0184579	0.0514284	0.0209805	0.0173933	0.0177419	0.0136612	1.02964	0.405861	0.743208	1.08342	1.76751	5	1.347049
794000	-124.5824	-181.0561	56.47371	10	0.9084995	0.0150795	0.00229029	0.0256782	0.00667728	0.0209915	0.0080105	0.00336431	0.00381976	0.0385824	0.0245165	0.486384	0.118355	0.447409	0.983014	2.45122	5	0.6353944
795000	-123.8905	-184.7241	60.83365	10	1.074396	0.0212274	0.000225446	0.129996	0.0070242	0.000419398	0.0146396	0.028239	0.0119792	0.00217603	0.014102	0.448721	0.151554	0.498025	1.01131	2.33911	5	0.6787494
796000	-124.031	-182.2075	58.17649	10	0.872295	0.0182968	0.00754426	0.0195452	0.000268193	0.0213182	0.0203144	0.0276581	0.000244351	0.208146	0.0207462	0.465412	0.110824	0.43469	0.975136	2.47935	5	0.8094937
797000	-128.2762	-183.2588	54.98264	10	0.7114007	0.0207464	0.00768159	0.0278982	0.0315347	0.0155722	0.0473766	0.021956	0.144548	0.0108095	0.081636	0.776562	0.076625	0.36886	0.929021	2.62549	5	1.186321
798000	-133.3147	-184.1389	50.82419	10	2.329926	0.0152126	0.00710766	0.105206	0.0677316	0.0112708	0.0333562	0.0380271	0.109057	0.0407012	0.0113692	0.851032	0.329715	0.686062	1.07641	1.90781	5	1.290072
799000	-126.9861	-184.6153	57.6292	10	0.8767428	0.00263908	0.0342099	0.0152296	0.00140723	0.00725044	0.00317625	0.0105868	0.0774341	0.000780545	0.0313314	0.263537	0.111754	0.43629	0.976144	2.47581	5	0.4475822
800000	-127.8003	-181.9755	54.17517	10	1.239313	0.00272042	0.0193386	0.0316657	0.027855	0.0161649	0.0254535	0.00709708	0.0410375	0.0943323	0.0444647	0.688275	0.182105	0.538509	1.03058	2.2488	5	0.9984047
801000	-130.5016	-182.8277	52.32612	10	2.487342	0.0136172	0.00787113	0.0912495	0.0143932	0.00602261	0.0170419	0.0382919	0.0196253	0.204124	0.0350632	0.412424	0.345253	0.698509	1.07848	1.87776	5	0.8597239
802000	-124.725	-182.2944	57.56937	10	0.7802229	0.00889139	0.0332665	0.00614037	0.0213123	0.00871848	0.0113683	0.0277931	0.114214	0.00335859	0.0657441	0.54899	0.0913439	0.399048	0.951321	2.55829	5	0.8497965
803000	-124.1222	-177.774	53.65187	10	0.7406539	0.0105449	0.00460565	0.015982	0.0242303	0.00632123	0.0211824	0.0145435	0.150382	0.0171722	0.00628763	0.576808	0.0828845	0.382097	0.93905	2.59597	5	0.8480602
804000	-133.6998	-184.1675	50.4677	10	0.5875482	0.00145919	0.00265374	0.0195749	0.0033066	0.00379838	0.0118033	0.0446765	0.000448932	0.0597336	0.0326551	0.291059	0.0505504	0.30528	0.874831	2.76934	5	0.471169
805000	-119.9656	-181.3216	61.35605	10	1.997849	0.00645342	0.00956454	0.0206606	0.0154407	0.00647684	0.0175729	0.00993596	0.155817	0.010359	0.0460331	0.347772	0.293018	0.654785	1.06994	1.98226	5	0.6460867
806000	-119.7487	-183.0082	63.25954	10	0.4712163	0.00340873	0.0113776	0.0564496	0.00299356	0.00743822	0.0186338	0.00803844	0.0176386	0.090754	0.0234461	0.289602	0.028185	0.23271	0.798139	2.94097	5	0.5297802
807000	-123.8636	-186.4966	62.63305	10	0.3902327	0.0162667	0.010295	0.0971658	0.00229145	0.000378485	0.036264	0.0389116	0.00529806	0.00864124	0.0122899	0.522203	0.0153309	0.174423	0.720491	3.08976	5	0.7500056
808000	-126.5105	-180.7613	54.25086	10	0.3826501	0.00827401	0.00157924	0.0390224	0.034839	0.00893075	0.0187347	0.0256461	0.210401	0.000896799	0.00746093	0.602837	0.014293	0.168681	0.711802	3.10522	5	0.9586219
809000	-131.3602	-184.0377	52.67755	10	1.371446	0.0577265	0.00906127	0.0682473	0.0932897	0.00287759	0.0327808	0.0302829	0.0192008	0.086439	0.00660831	1.07567	0.204763	0.565659	1.04189	2.18769	5	1.482188
810000	-126.4468	-180.5114	54.06463	10	0.9236762	0.00119562	0.00666681	0.0125135	0.0315421	0.00986634	0.00297217	0.00672057	0.0261874	0.0844706	0.00349682	0.440829	0.121485	0.452544	0.986105	2.43987	5	0.6264605
811000	-134.3387	-186.3731	52.03447	10	1.169464	0.0100294	0.00304316	0.0147992	0.0454619	0.0247602	0.0219559	0.00529428	0.137032	0.0261224	0.00500114	0.339428	0.169476	0.522369	1.02325	2.28491	5	0.6329281
812000	-118.8595	-176.1148	57.25529	10	1.794718	0.0119932	0.000333781	0.00116795	0.0135525	0.00173061	0.0224946	0.0127018	0.00400108	0.131838	0.021596	0.53996	0.267475	0.631244	1.06389	2.03739	5	0.7613702
813000	-124.5424	-186.2016	61.6592	10	1.267279	0.0314402	0.026085	0.0450047	0.00170077	0.0181883	0.00961466	0.00259205	0.0475181	0.00220565	0.0162973	0.473971	0.187034	0.544603	1.03323	2.23513	5	0.6746177
814000	-127.039	-178.8617	51.82274	10	0.4897148	0.00766044	0.000147171	0.00428562	0.00596331	0.0126209	0.00960275	0.00931288	0.097754	0.029292	0.0184976	0.474085	0.0314976	0.245148	0.812638	2.91072	5	0.6692216
815000	-134.1381	-183.7288	49.59065	10	0.4303489	0.0214266	0.0113359	0.0457698	0.00659419	0.011484	0.0663996	0.0106998	0.019508	0.00835373	0.0430968	0.926425	0.0213251	0.204041	0.762139	3.0125	5	1.171093
816000	-120.4315	-178.9983	58.56681	10	0.254116	0.00879406	0.000331909	0.0341411	0.000992361	0.00164407	0.00630402	0.0240571	0.0842152	0.0046691	0.025403	0.323641	0.00230916	0.0696781	0.510086	3.41793	5	0.5141933
817000	-125.2802	-179.959	54.67879	10	2.01049	0.00634384	0.00414503	0.0122665	0.000885035	0.0109627	0.0333214	0.00491171	0.00572402	0.0982882	0.0761329	0.599413	0.294524	0.656125	1.07025	1.9791	5	0.852394
818000	-125.4256	-182.4352	57.00958	10	1.600547	0.00137525	0.0197889	0.0338179	0.0164532	0.0307028	0.0330681	0.0146181	0.132442	0.0148797	0.00922052	0.648979	0.240445	0.60448	1.05582	2.09926	5	0.9553456
819000	-117.5717	-177.9429	60.37116	10	0.474943	0.00437853	0.00633727	0.00892773	0.0159849	0.0050714	0.0383873	0.0281794	0.00290095	0.149522	0.0146483	0.605097	0.0288429	0.235243	0.801144	2.93477	5	0.8794347
820000	-127.2873	-184.7506	57.4633	10	1.045905	0.0352999	0.0268969	0.0100498	0.0157126	0.00174476	0.0165526	0.00316552	0.0209057	0.0606469	0.0200209	0.47021	0.146021	0.490128	1.00721	2.35664	5	0.681206
821000	-128.3099	-178.8811	50.57119	10	2.057357	0.0108629	0.00313114	0.135247	0.0200536	0.0282329	0.0253533	0.0151718	0.0012354	0.0633389	0.0597211	0.912664	0.300027	0.660978	1.07136	1.96763	5	1.275012
822000	-118.3434	-179.0498	60.70647	10	0.8871115	0.0147319	0.00047198	0.00923882	0.00761964	0.00034852	0.0187838	0.0165226	0.0405666	0.00265226	0.013691	0.412314	0.113916	0.439978	0.97845	2.46766	5	0.5369413
823000	-131.3186	-183.6659	52.34726	10	0.4454228	0.0194614	0.00515661	0.0220131	0.0137966	0.0257348	0.0154178	0.0096879	0.0776429	0.0121326	0.0123462	0.567213	0.0237753	0.214802	0.776102	2.98532	5	0.780603
824000	-133.9498	-186.6315	52.6817	10	2.4457	0.00896313	0.0609972	0.0229234	0.00738339	0.0106717	0.00987942	0.0156858	0.277147	0.0230449	0.0456302	0.460349	0.341247	0.695342	1.07798	1.88543	5	0.9426748
825000	-118.0926	-180.6999	62.60732	10	1.029266	0.0191604	0.00596841	0.0222947	0.000736222	0.00289347	0.0280702	0.0108858	0.000872969	0.133082	0.0270414	0.284835	0.142756	0.485375	1.00468	2.36718	5	0.5358403
826000	-125.7832	-184.0732	58.29006	10	0.9114347	0.0414898	0.0236213	0.00950238	0.0303245	0.00841178	0.00775288	0.0344554	0.0243975	0.141008	0.0270581	0.632921	0.118962	0.448411	0.983621	2.44901	5	0.9809433
827000	-123.314	-181.0744	57.76036	10	0.4535264	0.00706454	0.0151001	0.0647013	0.000672567	0.00986812	0.00468744	0.00689713	0.000677323	0.0482748	0.0208396	0.465215	0.0251325	0.220498	0.783268	2.9711	5	0.6439976
828000	-129.7997	-185.6635	55.86377	10	0.7203987	0.0125857	0.0174118	0.00925943	0.0593276	0.00958777	0.0751534	0.0119101	0.110083	0.0135581	0.0401738	0.642735	0.0785497	0.372998	0.932199	2.61625	5	1.001786
829000	-127.1892	-186.5462	59.35706	10	0.7694346	0.00533708	0.00227556	0.0106272	0.0044425	0.0255952	0.026606	0.00856206	0.0933456	0.0105125	0.0183881	0.159095	0.0890402	0.394531	0.948112	2.56832	5	0.3647867
830000	-131.5675	-182.7224	51.15487	10	2.630837	0.00080743	4.85658e-05	0.0500542	0.000440398	0.00472133	0.0467154	0.0190342	0.00082805	0.150441	0.06794	0.428473	0.35852	0.708797	1.07997	1.85271	5	0.769503
831000	-125.9251	-177.8589	51.93382	10	0.4052996	0.015043	0.0024657	0.0310831	0.0442149	0.0131487	0.0239898	0.0157364	0.0460757	0.0127269	0.00184816	1.17747	0.0174863	0.185704	0.736952	3.05986	5	1.383803
832000	-125.6218	-182.7001	57.07834	10	1.26885	0.00284192	0.00437024	0.0269705	0.0712788	0.00513163	0.00255454	0.0171084	0.0393735	0.136494	0.047148	0.627882	0.187309	0.54494	1.03338	2.23438	5	0.9811538
833000	-132.9598	-182.7707	49.81083	10	3.364193	0.0211949	0.00163779	0.0165224	0.0219546	0.0146832	0.0257902	0.00104546	0.0202211	0.223858	0.0108925	0.550839	0.415611	0.749888	1.08381	1.7507	5	0.9086398
834000	-131.0706	-183.6231	52.55255	10	3.263544	0.00148895	0.0105586	0.00170075	0.076117	0.00779971	0.049382	0.0140139	0.00549295	0.23082	0.0184554	0.454657	0.408676	0.745149	1.08354	1.76263	5	0.8704862
835000	-128.937	-183.9863	55.04928	10	0.6429453	0.0120584	0.00382381	0.191504	0.00890128	0.0160313	0.027928	0.000606014	0.138358	0.0441027	0.0190839	0.764326	0.0620693	0.335319	0.901741	2.70087	5	1.226724
836000	-138.3834	-178.0241	39.64078	2	0.9071924	0.005989	0.00757037	0.0167574	0.0285571	0.0128444	0.0278397	0.00874187	0.141852	0.00383062	0.0154524	0.579779	0.118085	0.446962	0.982742	2.45221	4	0.8492136
837000	-125.3221	-179.1602	53.8381	10	1.270759	0.0157442	0.000445271	0.017472	0.00108845	0.00112606	0.0408843	0.00842515	0.0923574	0.00188125	0.017819	0.47469	0.187642	0.545348	1.03355	2.23346	5	0.6719331
838000	-127.571	-180.8715	53.30052	10	0.3704935	0.00473394	0.0015609	0.0115989	0.0261992	0.0110854	0.0372215	0.0130365	0.155895	0.0293106	0.00159687	0.748483	0.0126979	0.159396	0.69727	3.13064	5	1.040721
839000	-136.8286	-186.5181	49.68952	10	2.367155	0.00837628	0.00765635	0.13088	0.0411149	0.00604492	0.0662855	0.00327995	0.0458507	0.004984	0.0274653	0.926744	0.333489	0.689126	1.07695	1.90044	5	1.268682
840000	-117.6494	-180.6304	62.98102	10	0.4249479	0.0170877	0.0100389	0.0115609	0.00201976	0.00354286	0.01044	0.0131352	0.00288826	0.130267	0.0275563	0.280471	0.0204719	0.200134	0.756925	3.02247	5	0.5090079
841000	-130.771	-180.8733	50.10238	10	1.897631	0.0238131	0.00811869	0.00833427	0.0367794	0.0341569	0.0241597	0.0250443	0.00231499	0.107907	0.0600049	0.895896	0.280741	0.643667	1.0672	2.00839	5	1.22653
842000	-122.2455	-181.9157	59.67023	10	0.6259937	0.0171068	0.00678516	0.0436037	0.0513495	0.00172198	0.0304318	0.0160272	0.118085	0.0150957	0.0011714	0.477769	0.0585097	0.326416	0.894022	2.72105	5	0.7791472
843000	-127.3172	-182.4553	55.13809	10	1.508095	0.00894311	0.00596359	0.05846	0.0499221	0.0148209	0.0279011	0.0207004	0.0154727	0.0876048	0.0497101	0.496186	0.22657	0.589898	1.05089	2.13264	5	0.8356848
844000	-147.8028	-182.2452	34.44236	2	3.553952	0.0100783	0.00629556	0.0491929	0.0239445	0.0317486	0.0178645	0.0176351	0.134857	0.0135677	0.0247637	0.547448	0.428043	0.758219	1.08416	1.72958	4	0.8773961
845000	-128.702	-180.7941	52.09204	10	0.8644531	0.0100456	0.00055371	0.0445479	0.0346947	0.0135683	0.0018367	0.0165627	0.0877327	0.0041327	0.0201436	0.745734	0.109181	0.431845	0.97333	2.48564	5	0.9795527
846000	-124.3709	-178.786	54.41507	10	1.231852	0.0170816	0.00560028	0.0837124	0.0191773	0.00101021	0.0160638	0.0148492	0.181723	0.00963577	0.0232318	0.618641	0.180778	0.536849	1.02985	2.25253	5	0.9907268
847000	-128.9099	-179.1096	50.19966	10	0.7594926	0.0143306	0.00119469	0.148673	0.00827668	0.00998342	0.0371649	0.00894071	0.0193704	0.00149506	0.0228268	1.14344	0.086915	0.390299	0.945066	2.57772	5	1.415694
848000	-124.7805	-180.4808	55.70028	10	0.6874142	0.00592121	0.00152095	0.000198619	0.00764748	0.0033882	0.0453653	0.0125542	0.0181382	0.0734429	0.0190592	0.416106	0.0715022	0.357531	0.920114	2.65085	5	0.6033422
849000	-148.0416	-183.3362	35.29457	2	2.273788	0.0116505	0.0296816	0.0334227	0.00455295	0.0129146	0.038064	0.0215999	0.00544861	0.0661492	0.0457677	0.565601	0.323904	0.681291	1.07554	1.91926	4	0.8348525
850000	-145.0535	-185.917	40.86353	2	1.074966	0.00346706	0.00407019	0.0301362	0.00657464	0.0286852	0.00991085	0.00845356	0.0261129	0.0514799	0.0239527	0.348816	0.151664	0.49818	1.01139	2.33877	4	0.5416597
851000	-115.2931	-177.9139	62.62082	10	1.761094	0.0075084	0.0012555	0.0324903	0.0018873	0.0129629	0.0205584	0.0123095	0.00156334	0.0573833	0.050309	0.45547	0.262987	0.62694	1.06268	2.0474	5	0.653698
852000	-130.2769	-180.1054	49.82856	10	0.5277118	0.00737284	0.00377715	0.0285948	0.00658946	0.027509	0.0356278	0.0117477	0.00833849	0.0609806	0.0147051	0.989821	0.0386319	0.269622	0.83943	2.85232	5	1.195064
853000	-124.4659	-181.0358	56.56986	10	0.9313526	0.0110901	0.0132778	0.0334026	0.032894	0.00415061	0.0262064	0.00790297	0.141527	0.0132712	0.0258611	0.459995	0.123061	0.455099	0.987624	2.43422	5	0.7695786
854000	-126.4325	-180.6933	54.26079	10	1.050847	0.0118471	0.0258822	0.0644474	0.012665	0.0183738	0.011079	0.0367644	0.0169681	0.120985	0.030758	0.679366	0.146986	0.491519	1.00794	2.35355	5	1.029136
855000	-122.3741	-181.699	59.32497	10	0.6933894	0.00206086	0.00605192	0.00322159	0.00220326	0.00288384	0.00439512	0.00522691	0.000279925	0.060008	0.0607394	0.436466	0.0727768	0.360394	0.922394	2.64443	5	0.5835369
856000	-127.0147	-180.3727	53.35798	10	1.130003	0.023617	0.00194793	0.0653612	0.0212334	0.00380797	0.0252798	0.00580333	0.0111794	0.0410476	0.029018	0.672275	0.162139	0.51262	1.01859	2.30665	5	0.9005707
857000	-130.8363	-181.9552	51.11889	10	0.6987865	0.016776	0.00534404	0.0342075	0.0163282	0.00388243	0.0109351	0.0155797	0.0600598	0.262284	0.0348173	1.01805	0.0739291	0.362957	0.924418	2.6387	5	1.478261
858000	-118.2196	-176.8333	58.61368	10	1.770652	0.0157057	0.00324116	0.0111477	0.00739125	0.010545	0.0201666	0.0150296	0.0133144	0.159346	0.051921	0.622181	0.264271	0.628176	1.06303	2.04453	5	0.9299894
859000	-131.458	-182.3824	50.92441	10	0.2116383	0.00735478	0.00362437	0.040095	0.0097557	0.0141643	0.0404638	0.0121125	0.0114876	0.102818	0.0453856	0.668559	0.000776484	0.0407479	0.413345	3.54513	5	0.9558207
860000	-126.2119	-179.657	53.44505	10	1.197768	0.0184989	0.00625771	0.0722393	0.0108724	0.0436719	0.0162217	0.00236717	0.0793178	0.0287562	0.0512157	1.12112	0.174648	0.529074	1.02635	2.26993	5	1.450543
861000	-121.5457	-180.1255	58.57981	10	2.171213	0.00999181	0.000513919	0.0140549	0.0530477	0.00244794	0.0121352	0.0274962	0.0851825	0.0120359	0.00276321	0.406654	0.31289	0.672067	1.07374	1.94131	5	0.6263229
862000	-122.0511	-180.4377	58.3866	10	0.9782447	0.00560593	0.00500126	0.0364377	0.0617461	0.00119231	0.0151281	0.0257693	0.010344	0.181489	0.00258142	0.50676	0.132593	0.470114	0.9963	2.40099	5	0.8520548
863000	-118.7148	-179.0125	60.29769	10	0.8392317	0.00464403	0.00386072	0.00768107	0.0214902	0.00813137	0.00378714	0.0364211	0.078049	0.0127301	0.0245563	0.562459	0.103875	0.422462	0.96726	2.5064	5	0.7638096
864000	-125.1339	-184.2267	59.09283	10	1.564083	0.0130457	0.0127307	0.0101109	0.00314914	0.00218663	0.0267536	0.0285117	0.00672295	0.323865	0.0231234	0.375283	0.235054	0.598887	1.05397	2.11209	5	0.8254824
865000	-120.1949	-181.1614	60.96647	10	1.004635	0.00911922	0.00380526	0.0196677	0.00792248	0.0150829	0.0175835	0.0159721	0.0134981	0.0745029	0.0121205	0.30705	0.137878	0.478141	1.00076	2.38322	5	0.4963245
866000	-117.6035	-179.2912	61.68768	10	1.755354	0.00988624	0.00135503	0.0255746	0.00989217	0.0067161	0.0517219	0.0144152	0.0124221	0.155482	0.0541688	0.447917	0.262214	0.626192	1.06246	2.04913	5	0.7895511
867000	-127.061	-178.8365	51.77557	10	0.8722431	0.00251289	0.0017342	0.0536944	0.000393836	0.00909718	0.00332138	0.0112809	0.0258864	0.0907986	0.0254534	0.45065	0.110813	0.434672	0.975125	2.47939	5	0.6748237
868000	-121.5773	-180.1908	58.61342	10	1.031512	0.00379026	0.00920599	0.0157543	0.0454258	0.0129543	0.000562794	0.0127039	0.0312883	0.135987	0.0108109	0.470121	0.143198	0.486023	1.00503	2.36575	5	0.7486053
869000	-125.4724	-181.7539	56.28153	10	1.810711	0.0102233	0.0140533	0.136167	0.0115263	0.0081085	0.000516724	0.0344578	0.038434	0.0215482	0.0567586	0.666857	0.269582	0.633247	1.06444	2.03273	5	0.9986511
870000	-126.6255	-182.9181	56.29266	10	1.321973	0.023712	0.0225159	0.0819618	0.00298794	0.00660326	0.00835579	0.016562	0.0141678	0.00536727	0.0262051	0.664332	0.196466	0.555967	1.038	2.20957	5	0.8727707
871000	-119.3744	-178.1828	58.80846	10	1.802005	0.0112019	0.0162264	0.00465289	0.017804	0.00879535	0.0105099	0.0202925	0.133963	0.0233254	0.0269731	0.680374	0.268437	0.63216	1.06414	2.03526	5	0.9541187
872000	-128.9731	-181.933	52.95989	10	1.147384	0.00479617	0.00599248	0.0272925	0.033402	0.00489052	0.0371783	0.0167367	0.0221848	0.292454	0.00724941	0.4861	0.165388	0.516973	1.02069	2.29695	5	0.9382769
873000	-124.6265	-182.2433	57.61686	10	1.434884	0.00217365	0.0278968	0.0866185	0.00870265	0.000229627	0.027576	0.00720775	0.113215	0.0217381	0.0505122	0.532509	0.215086	0.577346	1.04636	2.16121	5	0.8783787
874000	-132.6166	-180.9917	48.37507	10	2.86711	0.0160273	0.0120461	0.00968916	0.0160944	0.000452139	0.039868	0.0348756	0.0217897	0.232571	0.0458049	0.637107	0.378713	0.723894	1.08178	1.81562	5	1.066325
875000	-121.4789	-179.6721	58.19323	10	0.5835243	0.0154875	0.00315055	0.02138	0.00814017	0.001367	0.0393638	0.00502006	0.0803303	0.0139675	0.0463589	0.705389	0.0497287	0.302989	0.872675	2.77461	5	0.9399545
876000	-132.7854	-183.7026	50.91721	10	3.175625	0.0192241	0.000935699	0.00154367	0.0365797	0.0176202	0.043737	0.0362608	0.0951957	0.00514721	0.023011	0.723937	0.402408	0.740811	1.08326	1.77353	5	1.003193
877000	-128.9812	-179.5721	50.59084	10	1.176834	0.00507193	0.0168028	0.0886624	0.015539	0.00516946	0.0171601	0.0143345	0.0317966	0.019233	0.0775338	1.00863	0.17083	0.524137	1.02407	2.28096	5	1.299933
878000	-126.9359	-179.1926	52.25668	10	1.425559	0.00540825	0.0117337	0.0154421	0.0120283	0.00578504	0.0103008	0.0107469	0.152174	0.024252	0.0642692	0.680818	0.213591	0.575678	1.04573	2.165	5	0.992958
879000	-148.8123	-185.6255	36.81318	2	2.16543	0.00682672	0.0111113	0.0217356	0.0340051	0.008928	0.0400374	0.0441882	0.0108747	0.0664469	0.0182897	0.712454	0.312253	0.671526	1.07363	1.94259	4	0.974898
880000	-129.275	-182.625	53.35003	10	3.463569	0.00215658	0.0132456	0.0752529	0.0098161	0.00106502	0.0161777	0.0210747	0.0153111	0.0075409	0.0218091	0.507281	0.422223	0.754344	1.08401	1.73942	5	0.6907312
881000	-121.9639	-179.3665	57.40256	10	1.088797	0.0202091	0.00208939	0.0549834	0.0185814	0.0196321	0.00651977	0.0270618	0.000998555	0.0925018	0.0306266	0.688245	0.154323	0.501906	1.01328	2.33049	5	0.9614487
882000	-125.9546	-180.2821	54.32752	10	1.401167	0.0179866	0.00019779	0.0345415	0.0143137	0.0198097	0.0181225	0.019091	0.0771794	0.0316777	0.0194023	0.51933	0.209643	0.571234	1.04405	2.17507	5	0.7716521
883000	-131.0979	-183.4805	52.38265	10	0.8713762	0.0204288	0.0329102	0.0307873	0.00209872	0.029716	0.0130236	0.0499071	0.0249737	0.251112	0.0368695	0.893547	0.110632	0.434359	0.974927	2.48008	5	1.385373
884000	-129.5514	-180.2491	50.69772	10	1.752758	0.00544139	0.00143072	0.0477664	0.00501792	0.0100237	0.0513975	0.0114917	0.0518685	0.000533894	0.0402082	0.565602	0.261863	0.625853	1.06236	2.04992	5	0.7907816
885000	-120.5176	-180.6151	60.09744	10	1.531277	0.00236312	0.00422651	0.00990066	0.00393011	0.00868144	0.0112667	0.0318412	0.000731338	0.0574118	0.0188346	0.342054	0.230114	0.593681	1.05221	2.124	5	0.4912417
886000	-119.0985	-178.6202	59.52161	10	0.9878143	0.00268	0.0160028	0.00274615	0.00438778	0.00171518	0.0183394	0.0215993	0.0153264	0.0805394	0.0409683	0.482005	0.134516	0.473058	0.997951	2.39447	5	0.6863094
887000	-128.64	-182.6681	54.02808	10	0.3860362	0.00366551	0.00101784	0.014405	0.0253571	0.0375315	0.0166815	0.0280077	0.213966	0.000534687	0.00148166	0.757239	0.0147525	0.17125	0.715717	3.09828	5	1.099888
888000	-121.4865	-182.227	60.74052	10	0.8008134	0.0033952	0.00380875	0.125744	0.015138	0.0202245	0.0033727	0.0130902	0.005652	0.012102	0.02742	0.525631	0.0957318	0.407461	0.95718	2.53963	5	0.7555786
889000	-131.3524	-187.9542	56.6018	10	1.952236	0.00503501	0.00273201	0.00899525	0.0311801	0.00677727	0.000811794	0.0322215	0.121896	0.0323542	0.0138986	0.292828	0.287506	0.649836	1.06875	1.99391	5	0.5487294
890000	-121.954	-180.0028	58.04872	10	0.5709773	0.00121103	0.0139314	0.0110683	0.00499293	0.00939082	0.00881616	0.0138006	0.0126591	0.121902	0.0135739	0.379069	0.0471828	0.295749	0.865758	2.79131	5	0.5904153
891000	-125.5212	-180.9553	55.43404	10	0.4800694	0.0116357	0.0102038	0.0170636	0.0495227	0.00482996	0.0157134	0.0173857	0.0388522	0.0798583	0.0124741	0.769557	0.0297558	0.238706	0.805207	2.92633	5	1.027097
892000	-126.9664	-181.2792	54.31281	10	1.639918	0.011531	0.00278818	0.0234942	0.013359	0.00449588	0.0173271	0.0222034	0.0502129	0.00455587	0.0245722	0.281136	0.24615	0.610302	1.05768	2.08587	5	0.4556754
893000	-122.8449	-180.5484	57.70355	10	0.8822432	0.011836	0.0024174	0.0443683	0.0748187	0.00455993	0.0238254	0.0183057	0.00820404	0.0832028	0.0211383	0.700625	0.112902	0.438253	0.977375	2.47147	5	0.9933017
894000	-125.0959	-182.6912	57.59531	10	2.138649	0.0112716	0.00614704	0.027975	0.0513939	0.00633961	0.0348488	0.0149104	0.0247343	0.0835374	0.00674965	0.486093	0.309282	0.668991	1.0731	1.94863	5	0.7540004
895000	-134.5495	-187.6669	53.11741	10	0.4074696	0.0123775	0.0160449	0.0443102	0.0401332	0.00729277	0.0142111	0.0053242	0.090173	0.0111875	0.000550874	0.328817	0.0178066	0.187314	0.739239	3.05564	5	0.570422
896000	-128.2953	-184.2907	55.99542	10	0.8012417	0.000278459	0.0169869	0.125175	0.0239622	0.0136159	0.00665764	0.0162031	0.0170495	0.00836652	0.0928333	0.731736	0.0958229	0.407633	0.957298	2.53925	5	1.052865
897000	-126.5779	-181.4527	54.87484	10	1.171654	0.00199184	0.00068875	0.124935	0.0707843	0.0158082	0.0285975	0.0183016	0.0278781	0.0781075	0.00248137	0.928035	0.169879	0.522896	1.02349	2.28373	5	1.297609
898000	-125.9154	-181.509	55.59361	10	1.543398	0.000658009	0.00548808	0.00632316	0.0253091	0.0260967	0.00494094	0.0242602	0.259558	0.00877711	0.0198493	0.502165	0.231949	0.595624	1.05287	2.11955	5	0.8834252
899000	-143.5312	-185.2369	41.70568	2	1.004334	0.00929862	0.00964869	0.0952597	0.0129935	0.00878344	0.0218468	0.00819935	0.00245429	0.00308574	0.0187381	0.394409	0.137818	0.478051	1.00071	2.38342	4	0.5847169
900000	-151.0337	-185.4441	34.41038	2	2.622272	0.0201825	0.00354006	0.0799797	0.00639014	0.0146565	0.0198199	0.0428966	0.245253	0.0119667	0.0319742	0.350616	0.357751	0.708208	1.07989	1.85415	4	0.8272745
901000	-144.8826	-181.3636	36.48105	2	0.6360835	0.0171242	0.00274418	0.0264394	0.0173065	0.0226285	0.0227011	0.00819831	0.103506	0.0113392	0.016317	0.570437	0.0606254	0.331745	0.898667	2.70896	4	0.8187413
902000	-147.1739	-181.9208	34.74687	2	1.700942	0.0125268	0.00208296	0.0524554	0.0203455	0.0114358	0.0192081	0.0162551	0.00993199	0.0444664	0.049367	0.495364	0.254762	0.618911	1.06033	2.066	4	0.7334392
903000	-126.2901	-177.5305	51.24043	10	1.251274	0.00426508	0.00292462	0.00521984	0.0438429	0.0125036	0.0197535	0.0265531	0.177078	0.00866972	0.00878514	0.636089	0.184222	0.54114	1.03173	2.2429	5	0.9456839
904000	-128.9329	-182.8725	53.93956	10	1.409819	0.00261012	0.0292151	0.0118083	0.0108759	0.0146845	0.0651595	0.0240674	0.00752462	0.145389	0.0292709	0.52704	0.211049	0.572824	1.04466	2.17147	5	0.8676446
905000	-157.8554	-194.3592	36.50382	2	2.451853	0.0599746	0.00749785	0.0535735	0.0163112	0.0351309	0.0227073	0.0125688	0.00370091	0.186352	0.0120505	0.284831	0.341844	0.695815	1.07806	1.88428	4	0.6946983
906000	-122.8193	-179.9617	57.1424	10	3.878857	0.00634445	0.0064091	0.0361238	0.0331097	0.00864374	0.0218549	0.0209699	0.122505	0.0106447	0.0437435	0.471084	0.447581	0.770913	1.0844	1.69711	5	0.7814322
907000	-127.8392	-184.3831	56.54386	10	1.550382	0.007255	0.00847394	0.117132	0.0126044	0.0225512	0.0120516	0.01787	0.00969935	0.0543126	0.0576297	0.562821	0.233002	0.596733	1.05325	2.11702	5	0.8824005
908000	-128.292	-188.9691	60.67712	10	1.633194	0.0192815	0.0045291	0.00734638	0.0451986	0.0231653	0.0417548	0.0142424	0.130126	0.000394395	0.00704547	0.25043	0.245184	0.609323	1.05737	2.08812	5	0.5435136
909000	-126.3021	-183.4206	57.11854	10	1.602355	0.0147038	0.0179969	0.0758714	0.029922	0.00412519	0.0378231	0.0272578	0.0233562	0.0688086	0.00305609	0.605662	0.24071	0.604752	1.05591	2.09863	5	0.9085828
910000	-133.4993	-180.6198	47.12052	10	2.310561	0.00633578	0.00113068	0.0294315	0.0680077	0.0050319	0.023991	0.0751829	0.00323086	0.226141	0.00114316	0.825675	0.327727	0.684437	1.07612	1.91171	5	1.265302
911000	-135.3746	-180.7304	45.35579	10	5.233474	0.0042906	0.000259588	0.067741	0.0297642	0.00294584	0.0189894	0.0248387	0.0231315	0.0267145	0.0232926	0.854424	0.511495	0.809347	1.08287	1.59629	5	1.076392
912000	-126.0918	-181.9578	55.86601	10	2.249675	0.00680751	0.0198396	0.0250194	0.0263195	0.0202676	0.0117763	0.0407175	0.0677042	0.00946656	0.03693	0.67189	0.321362	0.679183	1.07514	1.92431	5	0.9367385
913000	-125.4203	-181.3792	55.9588	10	1.007365	0.00533502	0.000947578	0.038729	0.000941629	0.0376925	0.0363096	0.0158072	0.208066	0.00697397	0.0466291	0.574107	0.138421	0.478954	1.00121	2.38141	5	0.9715388
914000	-123.5497	-180.6395	57.08978	10	2.283501	0.00161601	0.0121382	0.000755266	0.0314513	0.0153304	0.0144954	0.0239953	0.106683	0.0181286	0.0128738	0.460112	0.32492	0.68213	1.0757	1.91725	5	0.697579
915000	-129.7005	-181.8973	52.19681	10	0.6032418	0.00328571	0.0146455	0.0583146	0.0406819	0.000336604	0.0583415	0.0238913	0.0282292	0.0119375	0.00928228	1.03346	0.0537774	0.314069	0.882964	2.74919	5	1.282403
916000	-121.6067	-181.8799	60.27319	10	2.186218	0.0194203	0.0157772	0.0357228	0.0142657	0.00842797	0.0232107	0.0265438	0.104574	0.00202701	0.0434931	0.38018	0.314534	0.673459	1.07402	1.93799	5	0.6736424
917000	-122.7241	-177.8557	55.1316	10	0.3799061	0.00602195	0.00513059	0.00657793	0.0403255	0.0118695	0.0180062	0.0101261	0.00133284	0.164487	0.00840507	0.884021	0.0139255	0.166594	0.708588	3.11089	5	1.156303
918000	-131.5038	-181.3039	49.80013	10	1.467089	0.00316971	0.000596518	0.09677	0.0088169	0.022273	0.0549373	0.0180004	0.217746	0.0124295	0.0285576	0.514066	0.220193	0.582985	1.04843	2.14839	5	0.9773631
919000	-128.7035	-180.2885	51.58495	10	1.857557	0.0109122	0.00442731	0.0813959	0.0671236	0.014535	0.0306942	0.00173594	0.0571406	0.00765336	0.00383358	0.90909	0.275657	0.638958	1.06598	2.01941	5	1.188542
920000	-124.5617	-179.4122	54.85053	10	2.02223	0.0177712	0.0136371	0.0412662	0.0041203	0.0141847	0.00740307	0.00507979	0.00733593	0.124406	0.0331368	0.723015	0.295914	0.657357	1.07054	1.97619	5	0.9913559
921000	-151.2213	-186.4987	35.27745	2	3.832639	0.0151016	0.0102439	0.00739617	0.0535406	0.00726217	0.0440368	0.000667654	0.010542	0.100135	0.0124851	0.424593	0.444925	0.769215	1.08439	1.70147	4	0.6860048
922000	-159.0103	-188.0656	29.05532	2	2.000707	0.0140702	0.0200561	0.0180044	0.00247589	0.0172638	0.0417147	0.000583223	0.0142559	0.162766	0.0327084	0.728736	0.293359	0.655089	1.07001	1.98154	4	1.052635
923000	-126.4109	-180.8917	54.48083	10	1.455767	0.00515631	0.00281931	0.0123207	0.00420602	0.0203501	0.00109882	0.036956	0.0172946	0.153924	0.0358187	0.357453	0.218408	0.581024	1.04771	2.15285	5	0.6473976
924000	-126.3686	-179.0641	52.69556	10	1.051368	0.010446	0.00427583	0.0861135	0.045302	0.00657836	0.0175538	0.0252156	0.0112128	0.134951	0.00107873	0.945906	0.147088	0.491665	1.00802	2.35323	5	1.288634
925000	-130.6406	-185.0646	54.42402	10	3.082516	0.00960539	0.0181258	0.0296528	0.000666209	0.0238988	0.0377383	0.0244589	0.0511657	0.0778075	0.0188855	0.677185	0.395546	0.735997	1.08289	1.78556	5	0.9691894
926000	-119.1427	-181.7672	62.62449	10	1.967189	0.0080771	0.0350867	0.0378997	0.0167697	0.00503041	0.0158667	0.00125371	0.0989381	0.0113728	0.0474403	0.529966	0.289326	0.651479	1.06915	1.99005	5	0.8077011
927000	-120.6347	-180.344	59.70933	10	1.766521	0.010155	0.00382389	0.0686446	0.0160566	0.0156583	0.00927822	0.0210374	0.0543852	0.00678161	0.0611052	0.494709	0.263717	0.627643	1.06288	2.04576	5	0.7616348
928000	-144.1813	-182.6341	38.45282	2	0.6707987	0.00908834	0.00506373	0.12879	0.00219246	0.00123475	0.0192388	0.00831302	0.00344481	0.00198782	0.0255483	0.340808	0.0679651	0.34942	0.913547	2.66907	4	0.54571
929000	-148.7051	-181.9975	33.29245	2	0.4168397	0.012768	0.00278616	0.0544982	0.0335514	0.0163446	0.00901057	0.0284271	0.00531324	0.0101751	0.00445886	1.01789	0.0192169	0.19422	0.748878	3.03769	4	1.195222
930000	-140.1514	-182.1185	41.96704	2	0.762192	0.00632488	0.0331951	0.00406142	0.0174497	0.00114138	0.00458063	0.0183545	0.00656435	0.115772	0.0139504	0.386539	0.0874922	0.391455	0.945902	2.57515	4	0.6079336
931000	-129.6596	-179.662	50.00246	10	1.158759	0.0145091	0.00397451	0.136151	0.065832	0.0160984	0.0103113	0.0131776	0.00145163	0.0762556	0.0112079	1.08834	0.1675	0.519771	1.02202	2.2907	5	1.437307
932000	-116.1666	-179.5418	63.37512	10	0.5618085	0.00717506	0.000174557	0.0646444	0.0132157	0.00463972	0.0060204	0.00794512	0.00386316	0.0637351	0.0210757	0.314237	0.0453393	0.290364	0.86051	2.80379	5	0.506726
933000	-126.0538	-179.5015	53.44771	10	1.219458	0.0141449	0.0213519	0.0426801	0.00680436	0.00477425	0.0204756	0.027208	0.0174395	0.194944	0.030419	0.622977	0.178561	0.534058	1.02861	2.25878	5	1.003218
934000	-130.6684	-185.6289	54.96048	10	1.298082	0.0445917	0.0106473	0.0770488	0.00212201	0.00798799	0.00767033	0.0218559	0.0114043	0.314098	0.0611656	0.538281	0.192379	0.55109	1.03598	2.22055	5	1.096873
935000	-126.7864	-182.2981	55.51172	10	3.934312	0.0141851	0.00411094	0.00133421	0.0107675	0.0113486	0.0125386	0.0429617	0.0448573	0.0699625	0.0396697	0.42493	0.450717	0.772906	1.08441	1.69197	5	0.6766659
936000	-122.1183	-181.9311	59.8128	10	1.087962	0.00652658	0.0234201	0.00444487	0.00855241	0.000526949	0.00414052	0.037381	0.0154282	0.0667636	0.0251318	0.456829	0.154163	0.501683	1.01317	2.33098	5	0.6491446
937000	-132.7778	-187.3169	54.53908	10	1.080107	0.0483477	0.0191149	0.0524752	0.0186563	0.049178	0.0374228	0.0248514	0.150565	0.0105673	0.0124236	0.696007	0.152655	0.499573	1.0121	2.33567	5	1.11961
938000	-129.5926	-181.3894	51.79683	10	1.382649	0.0231534	0.0435263	0.000135439	0.00101327	0.0077207	0.0207964	0.0266243	0.129563	0.0228259	0.0602761	0.675635	0.206612	0.567782	1.04272	2.18289	5	1.01127
939000	-122.1666	-180.2074	58.04078	10	2.482669	0.00369249	0.00287205	0.0303489	0.0322567	0.0135074	0.00799742	0.0415738	0.0667457	0.00607472	0.0337874	0.539663	0.344807	0.698158	1.07843	1.87861	5	0.7785193
940000	-128.0846	-180.9775	52.89289	10	1.839553	0.0054104	0.00187331	0.00480026	0.0183333	0.00426961	0.0331171	0.0064103	0.110989	0.0219331	0.0230554	0.400594	0.273339	0.63679	1.0654	2.02447	5	0.6307856
941000	-120.9323	-180.2406	59.30831	10	0.2707391	0.00962627	0.00667871	0.00544857	0.00872783	0.0175223	0.0124387	0.00805034	0.0036932	0.036255	0.00776826	0.546314	0.00322231	0.0820243	0.54323	3.37152	5	0.6625231
942000	-122.5364	-181.8536	59.31727	10	0.4586137	0.013103	0.00381925	0.0248788	0.0377159	0.00267689	0.0215697	0.00534482	0.00175648	0.108627	1.72665e-06	0.363685	0.0259981	0.224042	0.787651	2.96231	5	0.5831783
943000	-134.3361	-181.2554	46.91929	10	1.83256	0.0187028	0.000394651	0.0118509	0.0367973	0.0105176	0.061618	0.015463	0.00577357	0.0591956	0.0166448	0.773517	0.272434	0.635939	1.06517	2.02645	5	1.010475
944000	-131.1093	-178.8945	47.78523	10	1.397474	0.0106857	0.0077341	0.000463633	0.0195964	0.0475321	0.0243172	0.0331054	0.00924816	0.191967	0.0559771	1.4359	0.209041	0.570551	1.04379	2.17662	5	1.836522
945000	-132.4255	-184.2967	51.87126	10	3.194049	0.0129967	0.0038771	0.029098	0.0245015	0.00414333	0.00726517	0.0429648	0.0950801	0.0428261	0.0135047	0.366459	0.403738	0.741736	1.08332	1.77121	5	0.6427167
946000	-126.2586	-178.605	52.34645	10	0.5160539	0.00582494	0.00735344	0.00238796	0.00379974	0.00365391	0.039334	0.023211	0.0941711	0.00682196	0.0236789	0.492673	0.0364005	0.262267	0.831607	2.86973	5	0.7029103
947000	-127.2208	-183.4302	56.20937	10	0.9274965	0.0266897	0.0110309	0.0377208	0.00975651	0.00950021	0.00472233	0.0202138	0.201848	0.0502658	0.0293773	0.781992	0.12227	0.453819	0.986865	2.43705	5	1.183117
948000	-122.7002	-181.3943	58.69415	10	1.541606	0.000243519	0.0045296	0.036209	0.0264126	0.0297827	0.0196172	0.012081	0.0220541	0.0901965	0.00487671	0.527033	0.231679	0.595338	1.05277	2.12021	5	0.7730354
949000	-119.046	-181.7851	62.73913	10	0.9103997	0.00769757	0.00896573	0.0204159	0.00172083	0.00387504	0.0282122	0.0268991	0.110066	0.0192229	0.0556176	0.344324	0.118748	0.448058	0.983408	2.44979	5	0.6270174
950000	-128.0571	-178.578	50.52088	10	1.125398	0.00718833	0.00952887	0.025705	0.00435353	0.0147565	0.0261066	0.0334996	0.210552	0.00588056	0.0615591	0.660854	0.161273	0.51145	1.01803	2.30925	5	1.059985
951000	-122.8359	-181.8814	59.04558	10	1.244931	0.011783	0.00652586	0.0219135	0.0406303	0.0131207	0.0739412	0.0230821	0.135159	0.0216105	0.0188176	0.660325	0.183101	0.539749	1.03113	2.24602	5	1.026909
952000	-142.7203	-180.5678	37.84753	2	1.095935	0.00618391	0.00681252	0.104396	0.00481078	0.0211419	0.0136111	0.0145962	0.066992	0.00767302	0.0435955	0.57274	0.155688	0.503803	1.01424	2.32627	4	0.8625532
953000	-125.381	-180.4237	55.04274	10	0.8186918	0.0129522	0.00383906	0.065617	0.0195058	0.00961994	0.04178	0.0154312	0.232866	0.00570903	0.0569328	0.669473	0.0995295	0.414552	0.962003	2.52392	5	1.133726
954000	-125.269	-180.9014	55.63234	10	2.944752	0.00263591	0.0160108	0.00381769	0.0187867	0.0156642	0.0173134	0.0188214	0.119144	0.0109511	0.0380374	0.356182	0.384942	0.728422	1.08223	1.80441	5	0.6173647
955000	-129.8901	-178.7253	48.83523	10	1.880313	0.0416478	0.000954235	0.00951475	0.0108424	0.00779789	0.0243701	0.0418626	0.259851	0.00892269	0.0358602	1.18204	0.278556	0.641651	1.06668	2.01311	5	1.623665
956000	-132.0483	-186.2446	54.19629	10	0.813609	0.0215836	0.0173102	0.00408924	0.00319752	0.0101124	0.00906347	0.0218561	0.020735	0.148131	0.0906919	0.354652	0.0984512	0.412556	0.960656	2.52834	5	0.701422
957000	-124.0375	-180.9799	56.94241	10	1.242941	0.00574747	0.00813985	0.00323727	0.0525536	0.0334153	0.032017	0.0111709	0.0162981	0.224956	0.00146879	0.605546	0.182749	0.539311	1.03093	2.24701	5	0.9945505
958000	-124.2708	-182.3559	58.08507	10	1.559766	0.0078792	0.0127152	0.048133	0.00847115	0.00417348	0.0334924	0.0278777	0.000875366	0.0475174	0.0455314	0.38303	0.234409	0.598211	1.05375	2.11363	5	0.6196959
959000	-145.3389	-181.5599	36.22105	2	0.8748834	0.0202451	0.000126677	0.044354	0.0513673	0.0123165	0.00551759	0.0158427	0.12088	0.0305926	0.00102692	0.772391	0.111365	0.435622	0.975724	2.47729	4	1.074659
960000	-119.6326	-179.3268	59.69423	10	1.733228	0.0221163	0.00343522	0.0260444	0.0225884	0.00255242	0.0118849	0.0154662	0.093487	0.0119134	0.00918785	0.641897	0.259209	0.623275	1.06162	2.0559	5	0.860573
961000	-123.6807	-181.2013	57.52064	10	3.98808	0.00126534	0.00877829	0.00767499	0.0248356	0.00690897	0.0383195	0.00139693	0.227038	0.0163468	0.0246368	0.466761	0.453706	0.774796	1.0844	1.6871	5	0.8239618
962000	-130.1656	-185.7742	55.60857	10	0.6680709	0.00753049	0.00562065	0.0270269	0.0749808	0.0318297	0.0175358	0.0118387	0.025359	0.103634	0.000530035	0.400082	0.0673856	0.348067	0.912436	2.67211	5	0.705968
963000	-121.7731	-177.6903	55.91717	10	1.297908	0.00990207	0.00229304	0.00825807	0.0286641	0.00143249	0.0195442	0.0270345	0.0905663	0.00336262	0.0123802	0.487688	0.192349	0.551054	1.03597	2.22063	5	0.6911257
964000	-120.4951	-178.551	58.05592	10	0.2293944	0.0116404	0.00195441	0.0319804	0.0181496	0.00526168	0.00578171	0.00322055	0.13737	0.0116849	0.00014032	0.694196	0.00128636	0.052267	0.455972	3.49047	5	0.9213801
965000	-131.6838	-187.855	56.17118	10	0.251009	0.00875276	0.0283925	0.0347399	0.0161485	0.00763384	0.0265827	0.0130136	0.0190713	0.0321331	0.00574763	0.596426	0.00215912	0.0674196	0.503609	3.42681	5	0.7886417
966000	-124.9046	-180.3224	55.41784	10	1.321022	0.0153996	0.0012609	0.0610481	0.0148282	0.000104147	0.0175774	0.0084573	0.0119921	0.07734	0.0350865	0.327824	0.196304	0.555775	1.03792	2.21	5	0.5709184
967000	-145.8931	-180.4837	34.59062	2	0.464972	0.0143051	0.00298084	0.0522555	0.0200362	0.00750251	0.0381873	0.0028499	0.159232	0.0127339	0.0180433	0.546121	0.027094	0.228435	0.793007	2.95146	4	0.8742478
968000	-150.4371	-187.0555	36.61839	2	0.8665868	0.00755593	0.00664894	0.0842931	0.00781158	0.000903292	0.0591264	0.00697381	0.0276246	0.0242527	0.0553728	0.643974	0.109629	0.432622	0.973825	2.48392	4	0.9245368
969000	-138.0548	-184.2473	46.19249	10	2.405193	0.00159597	0.000782286	0.0074178	0.0214698	0.00740212	0.0928183	0.0333157	0.0284327	0.100902	0.0126044	0.498475	0.33728	0.692177	1.07747	1.89308	5	0.8052168
970000	-124.5626	-181.3093	56.74669	10	1.411068	0.00129924	0.0273593	0.0786908	0.00829446	0.0191838	0.00596969	0.0309645	0.0255666	0.0084436	0.0719144	0.815161	0.211252	0.573052	1.04474	2.17095	5	1.092847
971000	-120.8674	-179.345	58.47761	10	1.568252	0.00311238	0.00454033	0.0130443	0.0626169	0.0137617	0.0431811	0.0102148	0.117232	0.0016414	0.00402041	0.721495	0.235676	0.599536	1.05419	2.1106	5	0.9948602
972000	-122.4337	-177.9927	55.559	10	3.372298	0.0138497	0.0177877	0.0242463	0.0285318	0.0013559	0.0163539	0.0235232	0.00914967	0.128938	0.019783	0.723161	0.416159	0.750259	1.08382	1.74976	5	1.006679
973000	-129.4856	-183.9541	54.46856	10	2.539207	0.018888	0.00716419	0.0170814	0.0284514	0.0140146	0.00859633	0.022448	0.0161278	0.0577649	0.015376	0.38208	0.350142	0.702336	1.07906	1.86846	5	0.587993
974000	-129.6786	-181.2976	51.61906	10	1.364006	0.00212482	0.00128884	0.0138542	0.0184517	0.0104048	0.0495745	0.0349295	0.0710531	0.00948466	0.0166334	0.953637	0.203529	0.564235	1.04133	2.19091	5	1.181436
975000	-129.5051	-181.5703	52.06527	10	0.8276703	0.00455608	0.0168364	0.0519307	0.0216579	0.00373621	0.00826807	0.0281597	0.026967	0.1199	0.0575429	0.567331	0.101432	0.41804	0.964337	2.51619	5	0.9068853
976000	-152.1013	-188.1955	36.09419	2	0.7158869	0.00420555	0.0020279	0.111976	0.000565075	0.000881537	0.0169234	0.0332681	0.000443269	0.011342	0.0162569	0.32233	0.0775844	0.370931	0.930616	2.62087	4	0.5202198
977000	-125.2659	-182.6145	57.34859	10	0.7787296	0.00173029	0.00776437	0.0141194	0.0142292	0.0125845	0.0411717	0.00926555	0.0679868	0.00658551	0.058258	0.381619	0.0910252	0.398427	0.950882	2.55967	5	0.6153149
978000	-123.4668	-180.0671	56.60026	10	0.7880708	0.0153491	0.000114993	0.0173725	0.017661	0.0173869	0.0020611	0.011955	0.00696164	0.0733178	0.0382413	0.441075	0.0930179	0.402287	0.953594	2.5511	5	0.6414961
979000	-132.673	-177.8503	45.17728	10	0.6230287	0.00459566	0.000656204	0.0170144	0.0541349	0.00932	0.013196	0.0218244	0.012908	0.197131	0.0113817	1.09628	0.0578898	0.324833	0.892628	2.72465	5	1.438443
980000	-131.1256	-182.8172	51.69154	10	0.4473437	0.0257375	0.00141045	0.0261894	0.0198709	0.00460721	0.0213099	0.00442945	0.0189096	0.0699255	0.0185787	0.428278	0.0240946	0.216158	0.777822	2.98193	5	0.6392461
981000	-138.3022	-183.0531	44.75084	10	1.045566	0.00132458	0.00807252	0.00266491	0.000642594	0.0117308	0.015975	0.00335358	0.170353	0.0890143	0.0929453	0.995728	0.145955	0.490032	1.00716	2.35686	5	1.391804
982000	-133.1824	-182.7776	49.59524	10	1.693941	0.0343982	0.00210078	0.0410761	0.00826737	0.0162488	0.0305307	0.0495738	0.283346	0.00476874	0.03103	0.869264	0.253788	0.617948	1.06004	2.06823	5	1.370604
983000	-154.6645	-179.3782	24.71374	1	0.3636606	0.00118005	0.013684	0.00900165	0.0435519	0.010915	0.00791321	0.0128907	0.00812163	0.11636	0.0152965	1.33749	0.0118398	0.154137	0.688761	3.14526	3	1.576402
984000	-119.5647	-181.5611	61.99634	10	2.226851	0.0157364	0.0106548	0.012513	0.0133875	0.00604488	0.0209862	0.0313572	0.168861	0.00347967	0.0185315	0.299247	0.318929	0.677155	1.07475	1.92916	5	0.600799
985000	-128.4408	-180.5501	52.10937	10	1.488826	0.0206251	0.00195981	0.0194451	0.0181236	0.0146597	0.0147447	0.0298063	0.0748568	0.0169006	0.0143785	0.726373	0.223591	0.586686	1.04976	2.13996	5	0.9518727
986000	-123.5079	-182.9645	59.45663	10	0.6910407	0.0282206	0.0136212	0.0380047	0.00911515	0.0189846	0.0280683	0.0109011	0.136435	0.012674	0.0243062	0.517333	0.0722757	0.359272	0.921503	2.64695	5	0.8376635
987000	-131.0171	-179.3525	48.33538	10	2.560405	0.0231542	0.00026657	0.00813094	0.0487079	0.0177985	0.00472817	0.0209615	0.110081	0.0169659	0.0141828	0.704367	0.35211	0.703864	1.07928	1.86474	5	0.9693444
988000	-136.3809	-182.355	45.97404	10	0.3793318	0.00425608	0.000447084	0.00295269	0.0522798	0.0324105	0.0272702	0.0295507	0.0262461	0.147695	0.00419846	1.18787	0.0138491	0.166156	0.70791	3.11208	5	1.515177
989000	-129.9537	-180.7858	50.83215	10	1.102246	0.0195193	0.00661729	0.0766356	0.0200525	0.00648712	0.0234096	0.0116827	0.0834218	0.0104189	0.00960791	0.583988	0.156891	0.505465	1.01507	2.32257	5	0.8518412
990000	-129.9336	-181.2716	51.33802	10	1.442728	0.0174315	0.00231701	0.0729229	0.0286588	0.0224149	0.00669665	0.0110486	0.0044958	0.0252394	0.00426091	0.745108	0.216338	0.578737	1.04687	2.15805	5	0.940594
991000	-142.0902	-180.7842	38.69399	2	1.800519	0.00456705	0.00146249	0.0690943	0.00153013	0.00872299	0.0172145	0.000842513	0.0193332	0.0129689	0.0463373	0.466474	0.268241	0.631974	1.06409	2.03569	4	0.6485472
992000	-123.297	-179.1975	55.90055	10	1.899315	0.00963431	0.00313802	0.071703	0.0220689	0.0035832	0.026874	0.0291631	0.108455	0.0160728	0.0581972	0.638191	0.280952	0.643861	1.06725	2.00793	5	0.9870809
993000	-121.6856	-183.3183	61.63266	10	0.6639173	0.0226091	0.00149392	0.025416	0.0154176	0.006265	0.0366027	0.0174576	0.0872352	0.0271891	0.0424756	0.402677	0.066504	0.345996	0.910727	2.67677	5	0.6848387
994000	-126.8481	-178.5063	51.65818	10	3.112295	0.00841705	0.00541921	0.0151508	0.00136736	0.00917234	0.0375648	0.013106	0.101601	0.0169894	0.0255782	0.597956	0.397767	0.737562	1.08302	1.78165	5	0.8323225
995000	-128.7076	-180.8812	52.17355	10	4.071705	0.0284219	0.0110767	0.0731351	0.0299273	0.0137714	0.0300279	0.0200521	0.0681023	0.000274746	0.0190763	0.699482	0.458258	0.777653	1.08438	1.67971	5	0.9933473
996000	-126.6878	-180.4758	53.78793	10	0.6477176	0.00770782	0.00283173	0.0216875	0.049134	0.000111765	0.0216526	0.0239086	0.15878	0.012445	0.0158611	0.61092	0.0630757	0.337781	0.903839	2.6953	5	0.9250404
997000	-118.3764	-179.551	61.17459	10	2.660764	0.00260108	0.000195607	0.00525218	0.00567777	0.00538647	0.00745672	0.00974938	0.00386593	0.0543509	0.0162613	0.235835	0.361187	0.710829	1.08024	1.84775	5	0.3466326
998000	-126.8049	-179.1514	52.34651	10	0.8342761	0.0162003	0.00439042	0.0160487	0.0137443	0.0187864	0.0166154	0.0171229	0.0356357	0.226546	0.0749803	0.84446	0.102829	0.420576	0.966018	2.51058	5	1.28453
999000	-156.9476	-184.5401	27.59254	2	2.220637	0.0189442	0.0155257	0.14007	0.0448737	0.00726026	0.0137176	0.0517331	0.247481	0.00582961	0.00342174	0.950992	0.318262	0.676597	1.07464	1.9305	4	1.499849
1000000	-152.3835	-179.9108	27.52732	2	1.75555	0.0107458	0.0108241	0.0351271	0.0201015	0.00665312	0.00878192	0.00301823	0.0566018	0.0159845	0.0362784	1.17769	0.26224	0.626218	1.06247	2.04907	4	1.381809
1001000	-146.5359	-182.928	36.39208	2	1.29591	0.00685436	0.021016	0.0349193	0.0261516	0.00241256	0.0200082	0.0166468	0.185111	0.0163737	0.011663	0.442629	0.192005	0.55064	1.03579	2.22156	4	0.7837856
1002000	-150.52	-185.7724	35.25237	2	5.063875	0.000461686	0.0474831	0.0113599	0.00792009	0.0114551	0.0127784	0.014845	0.0236549	0.123955	0.0382529	0.410961	0.504709	0.805475	1.08319	1.60663	4	0.7031268
1003000	-145.898	-183.3407	37.4427	2	1.102965	0.0140652	0.00185497	0.0206091	0.0137783	0.0189413	0.0293612	0.0131148	0.0169221	0.0688912	0.00891079	0.284459	0.157028	0.505654	1.01517	2.32215	4	0.4909076
1004000	-143.1109	-180.9901	37.87913	2	0.5379115	0.00633605	0.0075819	0.0106756	0.0114116	0.000266367	0.0218941	0.00809286	0.146833	0.00384846	0.0181902	0.411414	0.0406116	0.275947	0.846007	2.83743	4	0.6465435
1005000	-148.4966	-183.982	35.48537	2	1.935206	0.0055145	0.0106858	0.001732	0.0231663	0.0053543	0.0257962	0.0236275	0.178656	0.0367407	0.0371188	0.413482	0.285416	0.647942	1.06828	1.99836	4	0.7618739
1006000	-135.0971	-185.7097	50.61261	10	3.467279	0.0102546	0.0415635	0.00232011	0.0158663	0.00742948	0.0199724	0.0157516	0.081944	0.00522479	0.102597	0.479706	0.422466	0.754506	1.08402	1.73901	5	0.7826291
1007000	-112.336	-180.3547	68.0187	10	0.5831409	0.00422796	0.00222828	0.0392408	0.00657171	0.0117259	0.0121967	0.0186867	0.0341519	0.007849	0.0183382	0.273629	0.0496505	0.30277	0.872468	2.77511	5	0.4288457
1008000	-121.6644	-181.2029	59.53851	10	0.8224449	0.00373853	0.00235667	0.0241127	0.00521015	0.00371499	0.047768	0.0174994	0.0892088	0.0295238	0.056325	0.529602	0.100325	0.416016	0.962985	2.52067	5	0.8090602
1009000	-130.0045	-178.4848	48.48033	10	2.117138	0.0099729	0.0111181	0.0292993	0.0206887	0.00746809	0.0215946	0.0372718	0.0162384	0.122811	0.0394796	0.662683	0.306868	0.666919	1.07266	1.95355	5	0.978625
1010000	-137.3191	-183.1502	45.83115	10	1.049294	0.00366638	0.0269788	0.00794635	0.0686409	0.0117546	0.0257804	0.0341748	0.00126538	0.160085	0.0370292	0.914403	0.146683	0.491083	1.00771	2.35452	5	1.291725
1011000	-121.2563	-181.6585	60.40217	10	0.6637347	0.002807	0.011707	0.0253508	0.00176891	0.0119695	0.0117316	0.0155508	0.0159682	0.0872547	0.0372207	0.31648	0.0664653	0.345905	0.910651	2.67698	5	0.5378095
1012000	-121.7778	-182.16	60.38228	10	1.746348	0.0276036	0.00447543	0.0290406	0.00356516	0.0170067	0.0347028	0.0359524	0.00817245	0.0524434	0.0480888	0.619256	0.260995	0.625012	1.06212	2.05187	5	0.8803078
1013000	-123.0609	-179.8178	56.75692	10	1.39196	0.0108072	0.00348381	0.00939652	0.00453294	0.0109093	0.00406753	0.00197877	0.109448	0.014016	0.0204712	0.365764	0.20814	0.569526	1.04339	2.17894	5	0.5548757
1014000	-127.7331	-185.1246	57.39153	10	3.096116	0.0279052	0.0332401	0.0532745	0.00257078	0.0114519	0.0575398	0.0244564	0.0617587	0.014418	0.0617024	0.605422	0.396563	0.736714	1.08295	1.78377	5	0.9537395
1015000	-119.7403	-180.1517	60.41137	10	0.6648813	0.0149791	0.0129411	0.00195802	0.0044772	0.00613926	0.0284193	0.0382172	0.00601342	0.128452	0.0198532	0.483787	0.0667085	0.346478	0.911125	2.67569	5	0.7452363
1016000	-123.6385	-180.6786	57.04008	10	2.246209	0.00561601	0.0282052	0.0103813	0.00894405	0.0154872	0.0576567	0.0391828	0.112489	0.00105991	0.0419173	0.677243	0.320994	0.678877	1.07509	1.92504	5	0.9981822
1017000	-122.6687	-180.2791	57.61043	10	0.4858197	0.00446537	0.00384963	0.00886093	0.0215037	0.00657266	0.0173834	0.000580905	0.0897885	0.0205624	0.0029038	0.346735	0.0307905	0.242558	0.80967	2.91698	5	0.523206
1018000	-127.6283	-181.0953	53.46703	10	0.7972827	0.0154196	0.00995273	0.00199623	0.033138	0.0119441	0.00926837	0.0188638	0.0682035	0.0265105	0.0148377	0.672815	0.0949804	0.406038	0.956199	2.54278	5	0.88295
1019000	-129.9882	-180.6656	50.67738	10	0.7527865	0.00190185	0.0250655	0.00160383	0.0457215	0.0101693	0.025116	0.0261876	0.000271298	0.105964	0.0494014	0.851719	0.0854807	0.387407	0.942962	2.58415	5	1.143121
1020000	-129.7467	-179.6895	49.9428	10	0.3290713	0.0121402	0.00108591	0.218165	0.0284103	0.00623951	0.0276467	0.00590677	0.00275013	0.014242	0.00410197	0.952581	0.00794729	0.127218	0.641544	3.22329	5	1.273269
1021000	-122.5256	-182.3282	59.80263	10	0.8922806	0.00633783	0.00876234	0.0586119	0.0134037	0.0201382	0.031154	0.012871	0.00234817	0.0204175	0.0134516	0.716758	0.114992	0.441795	0.979576	2.46364	5	0.9042542
1022000	-144.2199	-179.0559	34.83601	2	0.4946822	0.0033323	0.0222999	0.0213486	0.00414271	0.0119399	0.00210164	0.0094313	0.0183254	0.0744162	0.0339224	1.08715	0.0324064	0.24843	0.81636	2.9028	4	1.288411
1023000	-133.879	-185.9988	52.11977	10	4.025415	0.0222493	0.0124662	0.0266579	0.052739	0.0132097	0.0230821	0.0091652	0.00899161	0.112442	0.0546059	0.376513	0.455753	0.776083	1.0844	1.68377	5	0.712122
1024000	-129.5161	-179.7203	50.20421	10	2.362759	0.0165269	0.0141437	0.00434366	0.0346695	0.0216971	0.0156806	0.0210797	0.133875	0.00207204	0.0342952	0.609203	0.333047	0.688768	1.07689	1.9013	5	0.9075864
1025000	-132.1531	-187.2352	55.08208	10	1.009605	0.0298038	0.0079802	0.0598994	0.00568514	0.0338311	0.00446768	0.0356881	0.00625035	0.00148423	0.0402789	0.598346	0.138866	0.47962	1.00157	2.37994	5	0.8237149
1026000	-121.9279	-182.1919	60.26404	10	0.5526115	0.0411202	0.000441121	0.0601481	0.00945818	0.0133331	0.00871563	0.0308908	0.0839275	0.000762562	0.0195025	0.663309	0.043506	0.284881	0.855073	2.81654	5	0.9316091
1027000	-125.3071	-181.329	56.02192	10	1.355378	0.0228932	0.00905121	0.0224661	5.1163e-05	0.00760155	0.0396874	0.0486422	0.0268746	0.101823	0.0335398	0.614252	0.202092	0.562569	1.04067	2.19467	5	0.9268822
1028000	-117.9414	-180.5587	62.61739	10	1.320447	0.00745458	0.00490913	0.0274882	0.0393774	0.00207722	0.0100641	0.0237289	0.0805833	0.0132512	0.0114782	0.482972	0.196206	0.555659	1.03787	2.21026	5	0.7033842
1029000	-119.3917	-179.9753	60.58367	10	0.7598303	0.0162565	0.00790742	0.100773	0.00677984	0.00496248	0.0090394	0.0158408	0.0312666	0.00529066	0.0307857	0.664264	0.0869872	0.390444	0.945171	2.5774	5	0.8931666
1030000	-129.7601	-182.8243	53.06419	10	0.8750937	0.0202952	0.0131284	0.062459	0.012496	0.0347122	0.0116352	0.0126815	0.014887	0.272605	0.0490077	0.951726	0.111409	0.435698	0.975772	2.47712	5	1.455633
1031000	-130.0623	-180.9714	50.90908	10	2.431531	0.0117865	0.0295456	0.0289861	0.0245081	0.00341086	0.012759	0.0312405	0.0234803	0.167153	0.00597274	0.708925	0.339868	0.694245	1.07781	1.88808	5	1.047768
1032000	-132.2398	-179.6066	47.36679	10	1.716604	0.018238	0.00390746	0.155591	0.0173321	0.0132924	0.0140089	0.00532889	0.0229827	0.0614069	0.0633785	1.22397	0.256929	0.621044	1.06096	2.06107	5	1.599439
1033000	-131.189	-183.1626	51.97358	10	1.220412	0.0262799	0.00429405	0.057555	0.00428479	0.000597461	0.00826486	0.0232043	0.0373711	0.0212685	0.0235966	0.458544	0.178733	0.534274	1.0287	2.25829	5	0.6652607
1034000	-137.5652	-183.2949	45.72971	10	1.175876	0.00210251	0.0105296	0.0787122	0.00217957	0.00336988	0.00339439	0.0216267	0.0152763	0.0532373	0.0256063	0.274089	0.170654	0.523908	1.02397	2.28147	5	0.4901239
1035000	-128.1782	-183.558	55.37976	10	2.042221	0.0105306	0.0158149	0.0771564	0.0221201	0.00296736	0.025878	0.0171358	0.0348091	0.0509388	0.0142296	0.754149	0.298263	0.65943	1.07101	1.9713	5	1.02573
1036000	-129.183	-182.6646	53.48161	10	0.9100706	0.0105044	0.00660937	0.165635	0.0049448	0.00899202	0.0200561	0.0178619	0.00429306	0.0586353	0.0474373	0.467848	0.11868	0.447946	0.98334	2.45003	5	0.8128174
1037000	-127.7036	-179.4309	51.72727	10	0.9684529	0.0153214	0.000724517	0.00285472	0.00345408	0.011013	0.0259703	0.0179233	0.137552	0.0396913	0.0225895	0.715695	0.130617	0.46706	0.99457	2.40775	5	0.9927892
1038000	-124.6402	-178.8674	54.22718	10	2.520019	0.00404749	0.00264544	0.0470801	0.0201759	0.00930385	0.0358273	0.0211825	5.43516e-05	0.0978893	0.0241288	0.435642	0.348346	0.700935	1.07885	1.87187	5	0.6979766
1039000	-135.6995	-183.6863	47.98688	10	3.248885	0.00521462	0.00405037	0.0618236	0.034771	0.015171	0.00511967	0.0130254	0.230749	0.00558911	0.00770697	0.550638	0.407644	0.744439	1.0835	1.76442	5	0.9338591
1040000	-150.8652	-182.8932	32.02796	2	2.550134	0.0152236	0.00123014	0.0348082	0.0378142	0.016682	0.0487581	0.00801845	0.0306339	0.130685	0.00417147	0.697914	0.351159	0.703126	1.07917	1.86654	4	1.025939
1041000	-150.8418	-182.3553	31.51349	2	0.7042752	0.00356618	0.00478619	0.0540098	0.0501899	0.00388945	0.0138577	0.00373428	0.00942623	0.0902939	0.00753107	0.564434	0.0751017	0.36554	0.926442	2.63292	4	0.8057187
1042000	-154.3113	-188.0876	33.77623	1	1.086595	0.00284336	0.0117891	0.0462898	0.0254458	0.00862257	0.00334299	0.00717698	0.0559423	0.0107596	0.0126848	0.412961	0.153901	0.501317	1.01299	2.33179	3	0.5978581
1043000	-122.0155	-182.2783	60.2628	10	0.1697077	0.00518558	0.000134169	0.0665734	0.0242716	0.00281521	0.00746584	0.0114597	0.0466637	0.0566328	0.00268607	0.762115	0.000154797	0.0183267	0.300168	3.68135	5	0.9860032
1044000	-126.3508	-186.0749	59.72407	10	0.4832236	0.0014411	0.00122802	0.0373078	0.0278321	0.00611648	0.00595121	0.0384394	0.000869328	0.0128854	0.00181426	0.465931	0.030322	0.240823	0.807667	2.92119	5	0.5998157
1045000	-147.2321	-185.7283	38.49613	2	0.9533266	0.00771025	0.0205082	0.0245443	0.00201224	0.000272683	0.0167926	0.0360542	0.123908	0.0151627	0.0462769	0.401159	0.12755	0.462259	0.991814	2.41838	4	0.6944019
1046000	-150.4355	-185.9659	35.53036	2	1.037602	0.00264323	0.0442374	0.108918	0.0761886	0.0291708	0.0153044	0.0294171	0.000811912	0.0717735	0.00754238	0.713546	0.144395	0.487769	1.00596	2.36187	4	1.099554
1047000	-138.2865	-178.802	40.51549	2	0.5299463	0.0072635	0.00890448	0.00152815	0.0141292	0.00537193	0.0181347	0.00956708	0.00826281	0.0873795	0.00968312	0.366622	0.0390635	0.271017	0.840892	2.84903	4	0.5368463
1048000	-160.2889	-194.0706	33.7817	1	0.4544727	0.0564124	0.00137289	0.065088	0.0131161	0.0210495	0.0133796	0.00126845	0.0176982	0.0280701	0.0255303	0.417539	0.0252928	0.221159	0.78409	2.96946	3	0.6605242
1049000	-148.732	-185.0263	36.29427	2	3.599881	0.00203428	0.00235435	0.011359	0.0301503	0.0136064	0.00818577	0.0167479	0.00139355	0.0592087	0.00382722	0.485079	0.430933	0.760127	1.08422	1.72472	4	0.6339468
1050000	-122.4886	-177.9381	55.44949	10	0.3929191	0.00160883	0.00369787	0.0217782	0.0166057	0.00058435	0.0121639	0.0150574	0.0044821	0.10718	0.00917787	0.714531	0.0157063	0.176447	0.723503	3.08434	5	0.9068664
1051000	-131.5178	-181.4813	49.96344	10	1.753821	0.018163	0.00962089	0.00328744	0.00369398	0.0231938	0.00936354	0.0117037	0.00302102	0.128121	0.0361788	0.36545	0.262006	0.625992	1.0624	2.0496	5	0.6117967
1052000	-144.6979	-178.7306	34.0327	2	0.7086294	0.00347431	0.0149661	0.0331472	0.0113292	0.00778458	0.0158663	0.0145199	0.00243082	0.161315	0.0341676	0.745889	0.0760324	0.367573	0.928025	2.62837	4	1.044891
1053000	-149.681	-184.4305	34.74948	2	1.034996	0.0440419	0.00455628	0.0091888	0.00936714	0.00765337	0.0162915	0.0104154	0.0611699	0.0263507	0.0322195	0.605273	0.143883	0.487024	1.00556	2.36353	4	0.826527
1054000	-124.1856	-183.1748	58.98914	10	0.5038626	0.00879435	0.00192508	0.0127836	0.0192758	0.00751998	0.0414275	0.0137097	0.0570259	0.00297156	0.027359	0.26883	0.0341059	0.25443	0.823059	2.88841	5	0.4616221
1055000	-128.069	-182.3623	54.29327	10	3.153745	0.0206748	0.0143234	0.05838	0.0189642	0.0205445	0.00581486	0.0109242	0.0804324	0.026313	0.0158249	0.661846	0.400817	0.7397	1.08318	1.77631	5	0.9340424
1056000	-121.4482	-180.9987	59.55052	10	1.42731	0.0140733	0.0029572	0.00690803	0.0404205	0.00306489	0.008977	0.00823883	0.00662632	0.0553423	0.0128261	0.362513	0.213872	0.575992	1.04585	2.16428	5	0.5219471
1057000	-123.6397	-179.2248	55.58508	10	1.884594	0.012653	0.0126675	0.00291884	0.00103575	0.00517819	0.0161496	0.0133267	0.00687943	0.0628234	0.0358796	0.381603	0.279098	0.642152	1.06681	2.01194	5	0.5511154
1058000	-148.8242	-184.0068	35.18256	2	0.9107502	0.00823695	0.0147382	0.0996418	0.0238873	0.00472624	0.005743	0.0286052	0.0118125	0.248055	0.0347	0.441684	0.11882	0.448178	0.98348	2.44952	4	0.9218301
1059000	-142.8301	-179.0927	36.26263	2	0.5256098	0.00641788	0.00416997	0.00658745	0.0117256	0.0054224	0.00859582	0.0353416	0.0853575	0.00295946	0.0257468	0.730344	0.038227	0.268306	0.838044	2.85542	4	0.9226686
1060000	-124.6645	-184.4207	59.75617	10	1.386412	0.00710898	0.00618766	0.00548273	0.0287773	0.00018646	0.0200005	0.0078785	0.262207	0.0106949	0.0980639	0.420614	0.20723	0.568489	1.04299	2.18129	5	0.8672021
1061000	-117.6013	-176.1967	58.59544	10	0.8141434	0.00767255	0.0019491	0.00950726	0.00256332	0.00966655	0.0267654	0.00726249	0.00107315	0.107919	0.0317906	0.631941	0.0985646	0.412767	0.960798	2.52787	5	0.8381104
1062000	-125.8739	-180.8557	54.98183	10	1.359781	0.0129263	0.0200636	0.0163231	0.00347435	0.0301891	0.0425992	0.00212879	0.0149056	0.129647	0.0424781	0.542759	0.202826	0.563422	1.041	2.19275	5	0.8574948
1063000	-127.4627	-180.4019	52.93913	10	2.215557	0.00498676	0.00702977	0.012687	0.0490073	0.00479211	0.0394714	0.0250848	0.0424831	0.181412	0.0125575	0.917665	0.317716	0.676138	1.07455	1.93159	5	1.297177
1064000	-122.9557	-180.9864	58.03071	10	0.509008	0.00363171	0.00160902	0.00326123	0.013269	0.0129281	0.004723	0.00289042	0.170958	0.004995	0.00809123	0.265696	0.0350692	0.257756	0.826714	2.88046	5	0.4920531
1065000	-120.5672	-181.5054	60.93822	10	1.637162	0.00864099	0.00388465	0.00828911	0.0629352	0.00649472	0.00323538	0.0261329	0.0204626	0.0505068	0.00218801	0.524815	0.245755	0.609902	1.05756	2.08679	5	0.717585
1066000	-126.2614	-181.4499	55.18854	10	1.135936	0.00313007	0.00439885	0.0136692	0.00433896	0.0025072	0.0106667	0.0152978	0.0518032	0.0108483	0.0383551	0.229116	0.163251	0.514116	1.01932	2.30331	5	0.3841312
1067000	-120.5636	-178.3438	57.7802	10	1.586152	0.00868679	0.00210473	0.00881154	0.00347299	0.017946	0.0119058	0.0228159	0.0558959	0.02332	0.0516654	0.565071	0.238329	0.602295	1.0551	2.10427	5	0.7716965
1068000	-149.3969	-181.2136	31.81671	2	3.649212	0.0106038	0.0109989	0.0462889	0.0174	0.027607	0.0403989	0.016101	0.00800816	0.0863618	0.0564911	0.740763	0.433988	0.762132	1.08427	1.71961	4	1.061022
1069000	-149.8761	-187.1365	37.26036	2	1.544002	0.0198706	0.00522168	0.015609	0.0105122	0.00600664	0.00822095	0.0399879	0.179046	0.0364465	0.0576516	0.312507	0.232041	0.59572	1.0529	2.11933	4	0.6910802
1070000	-143.9711	-178.7282	34.7571	2	2.872751	0.0048712	0.00105839	0.0147857	0.0327554	0.0126815	0.0122249	0.0275292	0.00294493	0.138065	0.0318108	0.630279	0.379172	0.72423	1.08181	1.81479	4	0.9090065
1071000	-129.5664	-184.393	54.82665	10	3.025788	0.00348136	0.0118184	0.0551155	0.0501588	0.00316665	0.0199633	0.0121721	0.0298441	0.120188	0.0847047	0.639081	0.391247	0.732946	1.08264	1.79317	5	1.029694
1072000	-143.3835	-182.374	38.99046	2	1.790685	0.0117332	0.0019137	0.0646069	0.00899819	0.008563	0.00486475	0.0133225	0.00868956	0.00960051	0.0226763	0.482342	0.266941	0.630734	1.06375	2.03858	4	0.6373105
1073000	-158.0223	-181.2764	23.25411	1	7.558062	0.00398709	0.0151741	0.0208675	0.0383272	0.00053172	0.0529695	0.0306127	0.010289	0.199973	0.0420845	0.588107	0.582777	0.847394	1.07766	1.49217	3	1.002923
1074000	-148.8708	-180.7844	31.91359	2	2.274251	0.00716424	0.00114453	0.0497138	0.0121677	0.00676643	0.0153228	0.0252193	0.109736	0.0184676	0.0647089	0.586965	0.323952	0.681331	1.07555	1.91917	4	0.8973767
1075000	-131.7322	-182.9497	51.21748	10	0.9707135	0.0294105	0.0113798	0.0013945	0.064077	0.00859405	0.0106045	0.0506367	0.133295	3.83081e-06	0.0243816	0.813896	0.131074	0.467769	0.994973	2.40618	5	1.147674
1076000	-122.141	-177.6152	55.47419	10	1.816554	0.00954487	0.00276375	0.010554	0.00206741	0.00182409	0.0159115	0.0264603	0.0642561	0.0113078	0.0255895	0.424306	0.270348	0.633972	1.06464	2.03104	5	0.5945852
1077000	-135.6524	-181.3698	45.71739	10	0.9159896	0.026273	0.0224635	0.0454722	0.0373905	0.0135192	0.018888	0.0236473	0.0388599	0.0814515	0.0186091	0.907562	0.119902	0.449958	0.984554	2.44559	5	1.234136
1078000	-120.9224	-182.389	61.46661	10	0.3090018	0.00365155	0.00450129	0.0392945	0.0127886	0.00247095	0.0171612	0.0042745	0.00199104	0.00749514	0.0335384	0.476505	0.00605389	0.111514	0.610615	3.27182	5	0.6036723
1079000	-128.271	-183.1371	54.86616	10	2.657922	0.0242023	0.0171737	0.0855617	0.0177335	0.0140303	0.0288783	0.0127161	0.0899678	0.0393724	0.0190443	0.571342	0.360935	0.710637	1.08021	1.84821	5	0.9200219
1080000	-120.1466	-181.2217	61.07518	10	1.351325	0.0261216	0.0148132	0.0105084	0.0087392	0.002693	0.0202553	0.0114984	0.150328	0.00245755	0.0281634	0.359128	0.201415	0.561781	1.04035	2.19645	5	0.6347057
1081000	-130.4303	-184.8726	54.44238	10	2.447526	0.0256267	0.000993007	0.0404645	0.0471228	0.0158726	0.0147903	0.0297207	0.0297568	0.239402	0.0716441	0.623792	0.341425	0.695483	1.07801	1.88509	5	1.139186
1082000	-115.4095	-180.9347	65.52523	10	1.444322	0.00973126	0.00433328	0.0122893	0.00133227	0.00112692	0.00746619	0.00984175	0.000560447	0.0453652	0.0185871	0.193023	0.216592	0.579019	1.04698	2.15741	5	0.3036571
1083000	-121.8324	-178.8813	57.04885	10	1.171378	0.0148946	0.000123748	0.00847648	0.0161449	0.00266544	0.0299596	0.0170953	0.0158214	0.118132	0.0150778	0.330819	0.169828	0.522829	1.02346	2.28388	5	0.5692103
1084000	-125.5203	-182.2745	56.75421	10	0.7134284	0.0112694	0.00110228	0.0231817	0.0199279	0.018928	0.00488922	0.025034	0.00520552	0.0488818	0.0098274	0.301484	0.0770586	0.369798	0.929745	2.6234	5	0.4697316
1085000	-119.1657	-177.4722	58.30653	10	1.518462	0.00464781	0.00385929	0.00468342	0.00383438	0.00698339	0.0349829	0.013834	0.140031	0.00438255	0.0298461	0.443663	0.22816	0.591601	1.05149	2.12875	5	0.6907471
1086000	-147.6657	-181.8825	34.21685	2	0.5537637	0.00577963	0.0140733	0.0198853	0.0505685	0.0105642	0.0182671	0.00813181	0.0763698	0.0315048	0.000273395	0.764566	0.0437347	0.285573	0.855764	2.81493	4	0.9999838
1087000	-144.6164	-182.1483	37.53187	2	1.383694	0.00760729	0.00257585	0.0636763	0.00683057	0.0256852	0.0340706	0.0319133	0.0104194	0.0860643	0.0282823	0.461617	0.206784	0.567978	1.04279	2.18245	4	0.7587425
1088000	-127.579	-182.7297	55.15074	10	1.325667	0.00910577	0.0127017	0.0151021	0.00300887	0.0111509	0.0096827	0.00770687	0.0477209	0.10934	0.0124367	0.47754	0.197093	0.556709	1.0383	2.2079	5	0.7154963
1089000	-131.6483	-182.8886	51.24023	10	0.7622258	0.00635863	0.00517257	0.0553694	0.0410008	0.00643433	0.000955043	0.0101967	0.195178	0.0152767	0.00690245	0.430943	0.0874995	0.391469	0.945912	2.57512	5	0.7737874
1090000	-119.6455	-183.2632	63.61764	10	1.302207	0.0015814	0.00353087	0.0542616	0.0142699	0.00178546	0.0109381	0.0150436	0.0235815	0.100156	0.0102844	0.298674	0.193089	0.551942	1.03634	2.21863	5	0.5341063
1091000	-144.4545	-182.2483	37.79382	2	1.73634	0.000822758	0.000886391	0.00536573	0.0380768	0.00703252	0.022016	0.00867029	0.00509203	0.0677889	0.000583963	0.379173	0.259634	0.623688	1.06174	2.05494	4	0.5355086
1092000	-122.467	-181.7469	59.27987	10	1.55286	0.00880298	0.0243325	0.0103027	0.0252873	0.00870833	0.00700529	0.0400244	0.0111321	0.142572	0.0189875	0.498445	0.233374	0.597125	1.05338	2.11612	5	0.7956002
1093000	-126.8067	-182.9723	56.16566	10	0.6868717	0.0315237	0.000816878	0.00563242	0.00768062	0.0134445	0.0740803	0.0160852	0.00288299	0.182398	0.0118476	0.582999	0.0713865	0.357269	0.919905	2.65144	5	0.9293912
1094000	-137.6439	-184.2683	46.6244	10	1.054789	0.0146015	0.0103641	0.216694	0.0132298	0.0057271	0.0273369	0.0101865	0.0650146	0.0503372	0.0365231	0.837592	0.147754	0.492622	1.00852	2.35111	5	1.287606
1095000	-120.6099	-179.7993	59.18938	10	0.2464167	0.00789701	0.00368611	0.0317816	0.0355276	0.00342542	0.0156054	0.00686913	0.00808262	0.10305	0.00801414	0.55908	0.00194894	0.0641146	0.493868	3.44007	5	0.7830186
1096000	-139.825	-180.0915	40.26655	2	1.454768	0.00699953	0.000786221	0.0201614	0.00285477	0.00130703	0.00893365	0.0158722	0.00518279	0.0455717	0.0208874	0.222027	0.21825	0.58085	1.04765	2.15325	4	0.3505841
1097000	-119.317	-176.6239	57.30688	10	1.13552	0.00379642	0.00279792	0.0327299	0.00221363	0.0148861	0.0176281	0.0132613	0.0118298	0.132172	0.0480588	0.671385	0.163174	0.514012	1.01927	2.30355	5	0.950759
1098000	-128.1131	-182.8415	54.72832	10	1.098594	0.0283736	0.00345139	0.0271402	0.0317161	0.00351541	0.0221653	0.0148956	0.0397034	0.150119	0.0337412	0.579042	0.156196	0.504505	1.01459	2.32471	5	0.933863
1099000	-118.199	-179.9648	61.76581	10	0.8477196	0.00564207	0.00700814	0.0402447	0.00928253	0.00857207	0.00976294	0.00930635	0.00306089	0.0256	0.0152849	0.449095	0.105665	0.42566	0.969348	2.49933	5	0.58286
1100000	-120.3951	-181.126	60.73091	10	0.761735	0.00917692	0.00703181	0.0526525	0.00149092	0.00371519	0.0191859	0.00600341	0.0997654	0.0335184	0.0481777	0.477734	0.0873945	0.39126	0.945761	2.57559	5	0.7584528
1101000	-122.2278	-180.664	58.4362	10	1.181769	0.0170387	0.00408913	0.059021	0.023249	0.00288473	0.0163248	0.0182987	0.0177863	0.0693223	0.0238145	0.43673	0.171734	0.525312	1.02462	2.27833	5	0.6885595
1102000	-131.4048	-184.7294	53.32455	10	1.358073	0.0160725	0.009892	0.0926352	0.0740667	0.00825589	0.0516759	0.00677042	0.0381177	0.0139793	0.00611034	0.784713	0.202542	0.563091	1.04087	2.19349	5	1.102289
1103000	-151.739	-182.7868	31.04784	2	2.887576	0.0148147	0.00863629	0.116656	0.0572974	0.0202846	0.0332878	0.0177626	0.0042296	0.0711749	0.00384625	0.916018	0.380373	0.725107	1.0819	1.81262	4	1.264008
1104000	-151.6744	-183.7329	32.05852	2	1.000404	0.0214032	0.00647767	0.0305665	0.0400546	0.015933	0.0388172	0.00283683	0.0156543	0.175845	0.0743761	0.897434	0.137034	0.476873	1.00007	2.38603	4	1.319399
1105000	-148.2592	-182.9714	34.71221	2	1.997455	0.00979932	0.00677785	0.0240816	0.064406	0.0411073	0.0548385	0.0104584	0.159613	0.00620964	0.00905724	0.691642	0.292971	0.654743	1.06993	1.98236	4	1.077991
1106000	-142.3914	-181.4932	39.10182	2	0.6253134	0.0125365	0.000230817	0.0179822	0.0281122	0.00703692	0.0227369	0.0119328	0.00572806	0.125042	0.0298723	0.371162	0.0583674	0.326053	0.893703	2.72188	4	0.6323727
1107000	-149.031	-185.542	36.51107	2	0.7638667	0.00393561	0.0147885	0.0236879	0.0685865	0.0185613	0.0371023	0.00665185	0.0100794	0.129286	0.0166982	0.645843	0.0878502	0.392169	0.946417	2.57356	4	0.9752212
1108000	-129.5478	-179.5594	50.01161	10	1.538723	0.0135313	0.0198711	0.0285925	0.0436622	0.0138649	0.0190491	0.00407028	0.00732849	0.256811	0.0288578	0.944286	0.231243	0.594877	1.05262	2.12126	5	1.379926
1109000	-129.3534	-181.4406	52.08723	10	1.038616	0.0011158	0.00365859	0.0134983	0.0124733	0.000751226	0.0248087	0.0113463	0.0316123	0.12398	0.0587394	0.413115	0.144594	0.488059	1.00611	2.36123	5	0.6950984
1110000	-132.3088	-184.3271	52.01833	10	0.7018486	0.0105535	0.0229753	0.180453	0.0795831	0.0259104	0.00188486	0.0227558	0.124181	0.00516835	0.000687997	1.05686	0.0745832	0.364401	0.925552	2.63546	5	1.531016
1111000	-120.572	-178.9219	58.3499	10	0.6683133	0.00487916	0.00825361	0.00904599	0.00183019	0.0058762	0.029341	0.0183395	0.00132674	0.0727709	0.0141914	0.488581	0.0674371	0.348188	0.912536	2.67184	5	0.6544358
1112000	-124.7283	-178.3051	53.57683	10	2.420254	0.00551457	0.0106102	0.0328184	0.0404334	0.00784576	0.0200226	0.0132717	0.00145305	0.197435	0.0137766	0.839278	0.338763	0.693364	1.07766	1.89021	5	1.182459
1113000	-117.9762	-180.8624	62.88618	10	0.3791207	0.00381898	0.00214548	0.0644839	0.0113707	0.00447365	0.00589352	0.0261565	0.0018274	0.0090364	0.0169793	0.740018	0.0138211	0.165995	0.707661	3.11252	5	0.8862034
1114000	-137.12	-190.2344	53.11444	10	4.21291	0.0220029	0.0445196	0.0742667	0.0281161	0.0129062	0.0337525	0.033632	0.0158906	0.0657897	0.0566445	0.440326	0.465689	0.782264	1.08431	1.66773	5	0.8278464
1115000	-128.7099	-182.79	54.08012	10	1.904293	0.00830957	0.00431398	0.088196	0.0144018	0.0119607	0.0320764	0.0134031	0.035333	0.00423106	0.0151394	0.58702	0.281576	0.644435	1.0674	2.00659	5	0.8143853
1116000	-147.8584	-182.7594	34.90094	2	2.011737	0.00691943	0.0146696	0.103103	0.00555515	0.0318328	0.0423084	0.00794371	0.000785271	0.12186	0.0395992	0.700433	0.294672	0.656256	1.07028	1.97879	4	1.075009
1117000	-155.8801	-182.8526	26.97255	2	2.313889	0.00220352	0.0118456	0.00883016	0.0049417	0.00327254	0.0786503	0.0248637	0.203312	0.0235219	0.0352749	0.65749	0.32807	0.684718	1.07617	1.91104	4	1.054206
1118000	-116.5289	-177.7143	61.18539	10	0.5186257	0.0050127	0.00587374	0.0121309	0.00995386	0.00526816	0.0198462	0.0132843	0.0761235	0.0248841	0.0230992	0.608642	0.0368897	0.263901	0.833362	2.86585	5	0.8041185
1119000	-128.4775	-182.0397	53.56216	10	1.099783	0.0245578	0.0129249	0.01452	0.0073504	0.000422437	0.0265483	0.0392853	0.125308	0.053305	0.0486383	0.707191	0.156422	0.504818	1.01475	2.32401	5	1.060052
1120000	-129.6661	-183.2613	53.59523	10	3.229462	0.00984803	0.00675243	0.0733973	0.00331898	0.0155971	0.034073	0.0266224	0.00714179	0.152834	0.0404722	0.373851	0.40627	0.74349	1.08344	1.7668	5	0.7439079
1121000	-130.5659	-181.436	50.87009	10	0.4517693	0.0311291	0.00802518	0.00676939	0.0343524	0.00455443	0.00496837	0.0196522	0.113275	0.0134356	0.0209353	0.599168	0.024836	0.219268	0.781734	2.97416	5	0.856265
1122000	-114.0625	-179.6881	65.62569	10	0.6486813	0.0112686	0.0117952	0.0455796	0.0483445	0.0208456	0.0133498	0.00926421	0.105185	0.00864988	0.00960777	0.64835	0.0632792	0.338276	0.904259	2.69419	5	0.9322412
1123000	-119.9814	-183.1487	63.16729	10	0.8377651	0.00928125	0.0203805	0.00169151	0.00582215	0.00739449	0.01541	0.0425573	0.0846762	0.0250452	0.0563917	0.393524	0.103566	0.421905	0.966894	2.50764	5	0.6621744
1124000	-121.1673	-179.9163	58.74904	10	1.47975	0.00934216	0.0115638	0.0711613	0.000105184	0.0101825	0.032677	0.00222927	0.0240905	0.0932069	0.0234447	0.493035	0.222177	0.585151	1.04921	2.14346	5	0.771038
1125000	-136.8921	-181.9524	45.06029	10	1.939483	0.00811735	0.00638153	0.0216888	0.012422	0.0301866	0.0430231	0.0197149	0.23695	0.0245918	0.0378003	0.907694	0.285942	0.64842	1.0684	1.99724	5	1.348571
1126000	-125.9303	-182.5408	56.61049	10	2.550995	0.00383635	0.0146633	0.0852475	0.011776	0.0271641	0.0129591	0.0174039	0.0131469	0.0889345	0.0243015	0.465612	0.351239	0.703188	1.07918	1.86639	5	0.7650455
1127000	-135.0238	-185.1006	50.07682	10	1.832871	0.0291281	0.00612466	0.108354	0.0592048	0.0153411	0.0254501	0.0666914	0.0051372	0.173222	0.0206212	0.638904	0.272474	0.635977	1.06518	2.02637	5	1.148179
1128000	-129.383	-180.8979	51.51485	10	1.811274	0.00590306	0.0074185	0.0300616	0.0154233	0.000500445	0.0137034	0.0378963	0.133348	0.0639408	0.0368948	0.614438	0.269656	0.633317	1.06446	2.03257	5	0.9595285
1129000	-125.3342	-183.7574	58.42322	10	0.5342512	0.0110419	0.0332103	0.0176613	0.00993165	0.0203338	0.0159456	0.0284148	0.00713499	0.0991526	0.0410078	0.472497	0.0398984	0.273689	0.843675	2.84274	5	0.7563312
1130000	-125.2606	-182.8579	57.59727	10	0.8286091	0.00882419	0.0319265	0.00046071	0.0080967	0.00530416	0.00772569	0.0139723	0.0854393	0.0309467	0.0531727	0.560461	0.10163	0.418402	0.964577	2.51539	5	0.8063295
1131000	-121.0043	-181.6695	60.66523	10	2.443171	0.0118929	0.00388706	0.0279767	0.0127714	0.0168528	0.0266056	0.0164069	0.00528666	0.135834	0.0336744	0.327679	0.341002	0.695147	1.07795	1.8859	5	0.6188679
1132000	-120.3977	-179.1822	58.78451	10	2.984513	0.00757084	0.00567692	0.0261276	0.00902647	0.00938057	0.00300555	0.0209282	0.0717334	0.019623	0.0257836	0.37162	0.38806	0.730667	1.08244	1.79883	5	0.5704766
1133000	-120.8001	-178.2971	57.49698	10	1.402604	0.00406126	0.00303355	0.0124057	0.000261663	0.00407761	0.00801735	0.0239431	0.183287	0.0240679	0.0279516	0.669772	0.209877	0.571499	1.04415	2.17447	5	0.9608786
1134000	-125.894	-183.8468	57.95284	10	1.748521	0.00738981	0.000559118	0.00293766	0.0231455	0.0231471	0.0214427	0.0070188	0.0230096	0.0860512	0.0115525	0.391308	0.261289	0.625297	1.0622	2.05121	5	0.5975621
1135000	-133.4062	-181.9753	48.56902	10	1.017989	0.00923443	0.00231296	0.215022	0.00393811	0.0043622	0.0118285	0.031227	0.0217229	0.00317036	0.0141504	0.703886	0.140529	0.482093	1.00292	2.37446	5	1.020855
1136000	-122.2942	-181.3086	59.01439	10	0.3088197	0.00859512	0.00191894	0.0518869	0.00632383	0.0115827	0.0064894	0.0132282	0.0237933	0.00561286	0.00958777	0.350628	0.00603799	0.111371	0.610321	3.27227	5	0.4896473
1137000	-122.8881	-181.552	58.66386	10	0.6393873	0.0121995	0.0117137	0.0230195	0.0256631	0.0071466	0.0111138	0.00892648	0.00811418	0.0793177	0.0458982	0.415392	0.0613201	0.333471	0.900156	2.70505	5	0.648505
1138000	-129.3234	-185.3972	56.07384	10	4.749038	0.0252621	0.00362165	0.000110587	0.000541304	0.00756541	0.00150833	0.00375801	0.0413562	0.0828052	0.0207961	0.298311	0.491308	0.797688	1.08371	1.62729	5	0.485636
1139000	-131.7269	-185.4541	53.7272	10	2.107151	0.00441088	0.0339799	0.105269	0.00790705	0.00749351	0.0142287	0.0305919	0.00780896	0.336964	0.0617719	0.4217	0.305738	0.665945	1.07245	1.95586	5	1.032126
1140000	-127.5764	-179.9398	52.36345	10	1.880703	0.0126491	0.00617547	0.0266733	0.0247623	0.0081158	0.0212753	0.0286724	0.0175506	0.0903432	0.0455248	0.488191	0.278606	0.641697	1.0667	2.013	5	0.7699337
1141000	-137.0597	-183.1361	46.07639	10	4.475149	0.0220243	0.00915669	0.0812817	0.0438264	0.0235154	0.046256	0.0260959	0.0262852	0.117572	0.074387	0.801984	0.478701	0.790188	1.08407	1.64704	5	1.272384
1142000	-133.3473	-179.7847	46.43741	10	1.763024	0.0230229	0.00948793	0.031887	0.0237136	0.00105085	0.0306534	0.045256	0.015918	0.109405	0.0224685	0.942479	0.263247	0.62719	1.06275	2.04682	5	1.255342
1143000	-127.7581	-181.4337	53.67556	10	1.092681	0.00825444	0.0127741	0.0532886	0.00771024	0.00329046	0.0205818	0.0214517	0.016707	0.112216	0.0631454	0.441734	0.155066	0.50294	1.01381	2.32819	5	0.7611538
1144000	-127.6881	-186.0272	58.33905	10	0.9904208	0.0363545	0.0113192	0.0105514	0.00899161	0.00671376	0.028248	0.0247473	0.0737802	0.00749737	0.118455	0.636127	0.135039	0.473854	0.998394	2.39271	5	0.9627852
1145000	-132.5213	-183.1256	50.60423	10	0.8269271	0.00614926	0.013037	0.173377	0.0013912	0.016153	0.0213178	0.0435168	0.0442293	0.0133171	0.0435934	0.949622	0.101274	0.417753	0.964146	2.51683	5	1.325704
1146000	-156.3198	-185.1006	28.78076	2	1.281313	0.0283245	0.00631064	0.088712	0.0338902	0.00679481	0.0452688	0.0186733	0.0140918	0.145483	0.00190761	0.718348	0.18948	0.547587	1.03451	2.22843	4	1.107804
1147000	-127.695	-177.4814	49.7864	10	1.487041	0.00216065	0.0173956	0.0354249	0.0234141	0.0162738	0.0110042	0.0193419	0.00894526	0.0814847	0.0324746	0.922809	0.223314	0.586385	1.04965	2.14065	5	1.170728
1148000	-127.2566	-184.0925	56.83592	10	1.880775	0.0520815	0.0102028	0.0113096	0.00981517	0.0295424	0.0207159	0.010053	6.24516e-05	0.107183	0.0570489	0.626652	0.278615	0.641706	1.0667	2.01298	5	0.9346663
1149000	-133.8943	-182.7137	48.81937	10	0.8975057	0.00318066	0.00589086	0.103781	0.0152334	0.049499	0.0177515	0.0580159	0.0815127	0.00151769	0.0255488	0.838158	0.116077	0.443618	0.980699	2.45961	5	1.200089
1150000	-118.6278	-179.3258	60.69798	10	1.994067	0.00721237	0.003747	0.0486872	0.009295	0.0152045	0.0204899	0.00505568	0.049391	0.00193635	0.037482	0.568205	0.292565	0.654381	1.06984	1.98321	5	0.7667059
1151000	-149.7485	-183.3146	33.56607	2	1.100937	0.0167478	0.0505553	0.0458595	0.0221325	0.00845087	0.00462915	0.00728745	0.0160605	0.0924964	0.0365683	0.954721	0.156642	0.505122	1.0149	2.32334	4	1.255509
1152000	-125.732	-179.2515	53.51943	10	1.964401	0.0188599	0.000318804	0.0533149	0.00730837	0.0080093	0.00705591	0.0429325	0.00852995	0.172722	0.0345837	0.641456	0.288988	0.651174	1.06907	1.99077	5	0.9950912
1153000	-124.9148	-180.4467	55.53191	10	2.04228	0.0101473	0.00271535	0.0550407	0.0198186	0.009475	0.0135743	0.0117065	0.026512	0.103251	0.0454327	0.478672	0.29827	0.659436	1.07101	1.97128	5	0.7763454
1154000	-133.7564	-180.821	47.0646	10	2.699743	0.00715851	0.0117792	0.0490357	0.0517935	0.0479099	0.0362537	0.0187784	0.0951382	2.12633e-05	0.0228246	1.02338	0.364612	0.713421	1.08057	1.8414	5	1.364075
1155000	-142.8018	-179.7351	36.93328	2	2.6415	0.0103116	0.00607108	0.00297942	0.0146691	0.0182881	0.02671	0.00846095	0.000148925	0.183679	0.0115886	0.690827	0.359474	0.709525	1.08007	1.85093	4	0.973734
1156000	-120.9355	-178.406	57.47051	10	1.030805	0.00862877	0.000980391	0.0141102	0.0292017	0.0115668	0.00343075	0.00728073	0.0082809	0.157447	0.0169208	0.457932	0.143059	0.485819	1.00492	2.3662	5	0.7157805
1157000	-140.5517	-180.9728	40.42113	2	0.4535147	0.00259597	0.00632021	0.0128334	0.0224844	0.00478963	0.010639	0.0133294	0.0853341	0.00224415	0.00436114	0.391968	0.0251306	0.22049	0.783258	2.97112	4	0.5568998
1158000	-118.7167	-182.6799	63.96324	10	0.251333	0.00694466	0.0135153	0.00598328	0.0197191	0.00239047	0.013209	0.00413986	0.0255277	0.00609614	0.0205528	0.429161	0.00217446	0.0676543	0.504288	3.42588	5	0.5472394
1159000	-124.0154	-178.0828	54.06746	10	0.6606949	0.00510597	0.00817381	0.0177432	0.0388274	0.0103506	0.0123659	0.00747845	0.143362	0.00378523	0.00683599	0.750448	0.0658207	0.344379	0.909384	2.68042	5	1.004477
1160000	-128.2182	-180.8544	52.63623	10	3.206719	0.00309909	0.00535992	0.00608532	0.000111902	0.0108519	0.0131789	0.0206357	0.145596	0.0118947	0.0793088	0.355707	0.404648	0.742367	1.08336	1.76962	5	0.6518301
1161000	-123.5466	-179.9229	56.37631	10	1.382334	0.00205189	0.0203646	0.00582083	0.0165236	0.0123438	0.0249776	0.0101983	0.101457	0.0254257	0.0350255	0.568895	0.20656	0.567723	1.04269	2.18302	5	0.8230834
1162000	-149.1704	-182.87	33.69959	1	0.5726687	0.00888135	0.000266615	0.00554986	0.0156033	0.00601946	0.0413475	0.0184057	0.00322636	0.093845	0.0132509	0.45052	0.0475244	0.296734	0.866708	2.78903	3	0.6569156
1163000	-152.5225	-185.9158	33.39325	2	2.182209	0.0267586	0.0105582	0.00899839	0.00890299	0.0103133	0.0767393	0.0366617	0.0247649	0.173377	0.0355059	0.531384	0.314096	0.673089	1.07395	1.93887	4	0.9439652
1164000	-148.6703	-187.5227	38.85242	2	0.1618519	0.0032823	0.0152662	0.0541554	0.0222773	0.0033511	0.0177257	0.0344563	0.00716113	0.0475944	0.00497802	0.393909	0.000104249	0.0150577	0.277215	3.70762	4	0.6041565
1165000	-136.0694	-182.9676	46.89817	10	1.175249	0.0250848	0.0300004	0.0852109	0.0492191	0.00564886	0.0208214	0.0356196	0.141726	0.0575518	0.0327247	0.974801	0.170539	0.523758	1.0239	2.28181	5	1.458409
1166000	-125.8041	-183.1718	57.3677	10	0.1231103	0.00442767	0.0147029	0.0367432	0.00430229	0.0078134	0.0062531	0.0165769	0.0421728	0.00286987	0.00572084	0.54085	7.07983e-06	0.00394396	0.160229	3.83582	5	0.6824332
1167000	-127.345	-177.7772	50.43221	10	2.824758	0.0151416	0.00151175	0.0381974	0.0073778	0.00868145	0.00494781	0.0166394	0.0894825	0.0369922	0.0630724	0.821592	0.375234	0.721339	1.0815	1.82193	5	1.103637
1168000	-115.0603	-178.5084	63.44815	10	0.748644	0.00368302	0.00179312	0.0327155	0.0188645	0.0169117	0.00690482	0.0116516	0.0950793	0.0155366	0.0391887	0.466872	0.0845944	0.385606	0.941642	2.58816	5	0.7092011
1169000	-133.2684	-182.7099	49.44149	10	1.299351	0.00955128	0.00598425	0.0641044	0.0597575	0.00242613	0.0260891	0.0274952	0.0296822	0.239771	0.00600157	0.546032	0.192598	0.551353	1.03609	2.21996	5	1.016895
1170000	-130.9263	-178.0826	47.1563	10	2.458266	0.00866143	0.00976634	0.0233698	0.00549244	0.00853675	0.0523951	0.0146082	0.112173	0.017259	0.0649124	0.998652	0.342464	0.696307	1.07814	1.88309	5	1.315826
1171000	-119.1981	-178.7968	59.59866	10	0.3563598	0.0115421	0.00402876	0.0333132	0.0135393	0.0183826	0.0113233	0.0117362	0.131787	0.00801114	0.00547678	0.492661	0.0109545	0.148492	0.679385	3.16117	5	0.741802
1172000	-122.1224	-184.314	62.19168	10	0.3066912	0.037915	0.00164311	0.0362227	0.00457769	0.023679	0.0108063	0.0100427	0.0446858	0.00322951	0.0101325	0.599111	0.00585377	0.10971	0.606871	3.27757	5	0.7820453
1173000	-129.2401	-181.9466	52.70643	10	0.7394169	0.0109931	0.00153812	0.144129	0.0528355	0.000729772	0.00396444	0.009797	0.100201	0.020069	0.0119326	1.18041	0.0826198	0.381549	0.938643	2.59719	5	1.536595
1174000	-125.7427	-180.572	54.82929	10	1.280339	0.0127056	0.00107212	0.0815551	0.0468653	0.0305505	0.0116806	0.00788856	0.00274094	0.116498	0.00167534	0.759056	0.189311	0.547382	1.03442	2.22889	5	1.072288
1175000	-145.4402	-183.5784	38.13824	2	1.094752	0.00969799	0.00799053	0.000783688	0.0208	0.0148057	0.017205	0.0240625	0.00526413	0.0618186	0.0154334	0.569124	0.155462	0.50349	1.01408	2.32697	4	0.7469856
1176000	-114.4132	-178.3519	63.93868	10	0.276275	0.00196899	0.0101327	0.0303376	0.00653163	0.00172507	0.0279955	0.0157944	0.0785747	0.00543416	0.0157702	0.564729	0.00356852	0.0862173	0.553723	3.35649	5	0.7589934
1177000	-146.3743	-184.0302	37.65586	2	0.5200749	0.0167229	0.015753	0.0760004	0.011419	0.00472954	0.0113075	0.0166199	0.123689	0.00453758	0.0568281	0.596794	0.0371662	0.264819	0.834343	2.86367	4	0.9344009
1178000	-149.0218	-185.4427	36.42087	2	1.209074	0.0222562	0.00712494	0.0242571	0.041888	0.0129836	0.000458239	0.0250189	0.0414414	0.190073	0.0269632	0.548704	0.176694	0.531688	1.02754	2.26408	4	0.9411692
1179000	-124.4567	-179.1852	54.72852	10	0.6901164	0.00872485	0.00563126	0.0242968	0.0169514	0.00364077	0.0141994	0.0198971	0.0574993	0.0175669	0.0137703	0.97215	0.0720785	0.358829	0.92115	2.64794	5	1.154328
1180000	-130.1512	-179.6004	49.44916	10	1.814191	0.0224754	0.0152225	0.0398578	0.0476464	0.0129486	0.0142339	0.0320355	0.0649	0.0211678	0.00794966	1.01629	0.270038	0.633679	1.06456	2.03172	5	1.294726
1181000	-123.9868	-178.1234	54.13668	10	2.403038	0.00576259	0.00440205	0.0379058	0.00450654	0.00263481	0.032171	0.0248523	0.117186	0.00681563	0.039024	0.557282	0.337067	0.692006	1.07744	1.89349	5	0.8325422
1182000	-153.7895	-184.666	30.87647	2	2.185618	0.00897501	0.0072487	0.217337	0.023637	0.016793	0.0181742	0.0121942	0.00989413	0.0185198	0.0519963	0.746772	0.314469	0.673404	1.07401	1.93812	4	1.131541
1183000	-127.7162	-185.5788	57.86259	10	1.635549	0.000490845	0.00248022	0.0707688	0.0120872	0.0005908	0.0411494	0.0188779	0.125437	0.000214684	0.0870834	0.342847	0.245523	0.609667	1.05748	2.08733	5	0.7020269
1184000	-127.4358	-182.6089	55.17307	10	1.550981	0.0541758	0.00121126	0.00143706	0.0265514	0.00450143	0.0170741	0.000632507	0.133155	0.0260656	0.0143095	0.537312	0.233092	0.596828	1.05328	2.1168	5	0.816425
1185000	-128.0699	-180.3714	52.30149	10	0.4503201	0.0171701	0.0203916	0.0740032	0.00521255	0.0115964	0.00496925	0.0177568	0.0795949	0.00211592	0.0391494	0.747926	0.0245923	0.218252	0.78046	2.9767	5	1.019886
1186000	-132.3101	-181.4398	49.12978	10	4.162916	0.00582962	0.00883147	0.0384063	0.0655489	0.0194213	0.0438417	0.0290173	0.174031	0.0298016	0.0148306	0.691016	0.463094	0.780661	1.08434	1.6719	5	1.120575
1187000	-133.9553	-181.5177	47.56246	10	3.81453	0.00479098	0.0291545	0.0816228	0.0273798	0.0200918	0.0280221	0.010847	0.0208914	0.0974136	0.0489377	0.782025	0.443874	0.768541	1.08438	1.7032	5	1.151177
1188000	-130.9183	-181.9186	51.00031	10	0.6438704	0.0267176	0.00232588	0.024792	0.0627639	0.00309936	0.013004	0.0110415	0.215558	0.035896	0.0160042	1.0954	0.0622643	0.335798	0.90215	2.69979	5	1.5066
1189000	-126.4741	-182.8553	56.38118	10	1.750514	0.0134548	0.0009055	0.0164697	0.0241117	0.00370868	0.0347278	0.0119387	0.00221254	0.101075	0.024516	0.265581	0.261559	0.625559	1.06228	2.0506	5	0.4987009
1190000	-128.2415	-183.6592	55.41773	10	1.646267	0.00454389	0.0223774	0.0202395	0.0145039	0.0237622	0.0113872	0.0159065	0.0631969	0.168971	0.0526342	0.774818	0.247059	0.611221	1.05797	2.08375	5	1.172341
1191000	-126.922	-180.4131	53.49116	10	0.3768156	0.0188253	0.00514096	0.0374836	0.00565021	0.00243428	0.012891	0.0134565	0.00838082	0.132481	0.0208723	0.370503	0.0135167	0.164236	0.704922	3.11733	5	0.6281188
1192000	-128.236	-187.2929	59.05682	10	1.869602	0.0106353	0.0141436	0.0328544	0.0575663	0.00667035	0.0294007	0.00624457	0.000264826	0.141614	0.0454687	0.3616	0.277196	0.64039	1.06636	2.01606	5	0.7064629
1193000	-123.5679	-184.7489	61.18102	10	0.3166819	0.0201587	0.0012046	0.0474455	0.0322798	0.0106453	0.0369445	0.024193	0.0030816	0.0430464	0.00194371	0.442693	0.00674573	0.117519	0.622783	3.25295	5	0.663636
1194000	-122.9373	-177.5175	54.58028	10	1.633069	0.0126781	0.0116051	0.0177274	0.0062048	0.00464092	0.0183482	0.0275086	0.0158282	0.131465	0.0369797	0.597906	0.245166	0.609305	1.05737	2.08816	5	0.8808918
1195000	-131.5212	-185.7397	54.21848	10	3.227772	0.0151306	0.00472016	0.0421917	0.0442302	0.00681447	0.0509015	0.0132888	0.00567876	0.266641	0.00216166	0.319008	0.40615	0.743407	1.08343	1.76701	5	0.7707671
1196000	-131.6156	-188.2828	56.66714	10	1.539046	0.0577331	0.00996434	0.0434792	0.0289687	0.0144379	0.0248746	0.0218147	0.140295	0.00916946	0.0072691	0.439763	0.231292	0.594929	1.05263	2.12114	5	0.7977693
1197000	-119.6804	-179.7817	60.10128	10	1.784524	0.00635189	0.00769315	0.0152435	0.0103532	0.0189399	0.0109172	0.0115835	0.144168	0.00405944	0.0465971	0.378642	0.266123	0.629953	1.06353	2.0404	5	0.6545481
1198000	-119.3116	-179.9162	60.60455	10	1.988195	0.00116317	0.00628863	0.00652918	0.0170606	0.00571199	0.00905793	0.0209645	0.00797365	0.0797261	0.0549154	0.623841	0.291861	0.653752	1.06969	1.98469	5	0.8332319
1199000	-127.6873	-184.853	57.16566	10	0.5443554	0.0179469	0.0164478	0.012868	0.0150793	0.0100311	0.000305782	0.0157578	0.13595	0.0396946	0.00828829	0.315884	0.0418747	0.279889	0.85004	2.8282	5	0.5882532
1200000	-124.6332	-182.0005	57.36723	10	3.539412	0.0252697	0.0167703	0.0242735	0.00507862	0.0060038	0.0327483	0.0445493	0.159508	0.0163333	0.029098	0.475757	0.427119	0.757607	1.08414	1.73114	5	0.83539
1201000	-127.7388	-180.6994	52.96061	10	1.21225	0.0152288	0.00425067	0.0125249	0.0432317	0.00292172	0.0713178	0.0113492	0.0195034	0.0930742	0.0185312	0.886912	0.177266	0.532416	1.02787	2.26245	5	1.178846
1202000	-130.5444	-185.2802	54.73574	10	0.7543768	0.0116049	0.0179162	0.177724	0.0135281	0.00314968	0.0560933	0.0274379	0.018473	0.0180577	0.0620158	0.792565	0.0858209	0.388096	0.943465	2.58262	5	1.198566
1203000	-120.8806	-180.7787	59.89806	10	2.088128	0.00152325	0.00811674	0.00963263	0.000170719	0.0095163	0.0162094	0.00177531	0.0694361	0.0304298	0.044041	0.43099	0.303572	0.664069	1.07205	1.96031	5	0.6218416
1204000	-122.7938	-184.2473	61.45348	10	1.251195	0.0212989	0.0063908	0.000882335	0.00504525	0.00461657	0.010001	0.0409464	0.000273421	0.0582866	0.0427381	0.347925	0.184208	0.541122	1.03173	2.24294	5	0.5384043
1205000	-133.4347	-180.9076	47.47289	10	1.94886	0.0179952	0.0120152	0.118599	0.000873642	0.0168067	0.00306283	0.0392269	0.0398675	0.0335087	0.104032	1.04934	0.287093	0.649463	1.06866	1.99479	5	1.435331
1206000	-123.038	-177.859	54.82095	10	1.683442	0.00827976	0.00238866	0.0239839	0.0135539	0.0214441	0.00863567	0.0174802	0.0925704	0.00520934	0.022419	0.667538	0.252321	0.616492	1.0596	2.07159	5	0.883503
1207000	-130.1556	-187.7235	57.56785	10	1.327434	0.0529066	0.0150392	0.013422	0.00379539	0.0112944	0.0347546	0.012315	0.0135546	0.163192	0.00714505	0.448589	0.197392	0.557063	1.03845	2.2071	5	0.7760079
1208000	-126.864	-179.5284	52.66432	10	0.9188329	0.00570993	0.00152608	0.115082	0.0235961	0.0228524	0.0232908	0.0188082	0.00116726	0.179764	0.0158642	0.731484	0.120488	0.450918	0.985132	2.44346	5	1.139145
1209000	-125.1614	-180.1756	55.01422	10	0.7757632	0.0132842	0.000796553	0.00484412	0.0152205	0.00217095	0.0129333	0.0148608	0.159565	0.00381378	0.0426337	0.288521	0.0903919	0.39719	0.950006	2.56241	5	0.5586441
1210000	-126.4901	-179.5288	53.03869	10	1.661662	0.00442347	0.000834742	0.117705	0.0222808	0.0131541	0.0193105	0.0118992	0.0167195	0.110898	0.0177144	0.521497	0.249251	0.613426	1.05866	2.07867	5	0.8564373
1211000	-129.291	-184.8759	55.58493	10	0.4353002	0.00316895	0.0200422	0.0523645	0.0170804	0.0044063	0.0231485	0.0345074	0.0417467	0.000569769	0.0331163	0.358085	0.0221189	0.207599	0.766819	3.00346	5	0.588236
1212000	-128.5588	-181.6432	53.08443	10	3.191863	0.00955959	0.0164101	0.0277849	0.00712334	0.00687985	0.0363776	0.00331465	0.00541578	0.147934	0.0190407	0.465069	0.403581	0.741627	1.08331	1.77148	5	0.7449095
1213000	-128.5804	-181.7994	53.21896	10	0.3899346	0.00279616	0.0092273	0.0735883	0.0262053	0.0114465	0.0364618	0.00542329	0.0376508	0.146836	0.046988	0.809501	0.0152895	0.174198	0.720155	3.09036	5	1.206124
1214000	-120.7503	-179.3927	58.64242	10	1.27059	0.00961238	0.00146682	0.0295487	0.00879412	0.00873858	0.0278007	0.011274	0.0112859	0.207492	0.0132234	0.510406	0.187613	0.545312	1.03354	2.23354	5	0.8396426
1215000	-117.257	-178.6166	61.35954	10	2.115119	0.00238672	0.00370195	0.014849	0.00142047	0.017399	0.00236686	0.0127194	0.0268221	0.214095	0.0394697	0.445183	0.30664	0.666722	1.07262	1.95402	5	0.7804136
1216000	-131.3236	-182.8458	51.5222	10	3.27269	0.0239161	0.00958427	0.0242834	0.0587867	0.00657377	0.00786327	0.0246116	0.0268452	0.110771	0.0721762	0.662952	0.409316	0.74559	1.08357	1.76153	5	1.028363
1217000	-141.8414	-180.2496	38.40821	2	0.7492344	0.0018163	0.00513074	0.101162	0.00363025	0.00265632	0.0195765	0.00549816	0.00825699	0.0711681	0.0267537	0.538224	0.0847207	0.385863	0.941831	2.58759	4	0.7838727
1218000	-142.7705	-183.2931	40.52266	2	0.9554582	0.00423684	0.0134592	0.0112205	0.00408269	0.00998344	0.0356574	0.00381847	0.00725897	0.0564086	0.0257782	0.28785	0.127983	0.462942	0.992209	2.41687	4	0.4597538
1219000	-123.4148	-182.413	58.99822	10	3.188269	0.00226523	0.0218853	0.00252029	0.0329938	0.00257321	0.0291949	0.0131421	0.0272026	0.127316	0.0149384	0.461791	0.403322	0.741447	1.0833	1.77193	5	0.7358238
1220000	-130.6914	-178.8938	48.20237	10	0.6028999	0.00090679	0.0130764	0.122312	0.00982461	0.0106107	0.0227083	0.0233492	0.0674294	0.00921688	0.0384034	0.955477	0.0537067	0.31388	0.882791	2.74962	5	1.273314
1221000	-129.5634	-179.6355	50.07217	10	0.5979369	0.00210966	0.0161304	0.0252304	0.0204223	0.0105171	0.0408112	0.0139924	0.0210676	0.133915	0.0136231	0.885403	0.0526828	0.311123	0.880263	2.75593	5	1.183222
1222000	-133.9948	-188.4721	54.47721	10	2.247245	0.0264136	1.35543e-05	0.116471	0.0300544	0.0196902	0.000856478	0.0124412	0.0147249	0.132069	0.00651942	0.419334	0.321104	0.678969	1.0751	1.92482	5	0.7785884
1223000	-122.5925	-179.2624	56.66996	10	0.9614277	0.00563592	0.00889143	0.0127642	0.0191327	0.00162788	0.0335526	0.0399335	0.0794492	0.00675669	0.0313764	0.540451	0.129195	0.464843	0.993303	2.41266	5	0.7795718
1224000	-121.3622	-178.0131	56.6509	10	0.4235117	0.00740126	0.00818707	0.0948244	0.013378	0.00444685	0.0199929	0.00183018	0.0271739	0.0651645	0.0195039	0.907626	0.0202473	0.199091	0.755519	3.02514	5	1.169529
1225000	-138.3065	-188.5741	50.26763	10	0.531523	0.0149205	0.00929386	0.032617	0.062824	0.00526848	0.00185944	0.0138423	0.0897874	0.013202	0.0155885	0.429396	0.0393687	0.271998	0.841916	2.84672	5	0.6885994
1226000	-116.8591	-179.5442	62.68509	10	1.304752	0.0258845	0.00576142	0.00832495	0.0102252	0.012392	0.0125343	0.00598712	0.0919714	0.0162004	0.0159122	0.513697	0.193525	0.552465	1.03655	2.21746	5	0.7188901
1227000	-134.7562	-179.6984	44.9422	10	3.450801	0.0130271	0.000694141	0.0584456	0.000550464	0.0297854	0.0357061	0.0123979	0.130275	0.000104845	0.0433084	0.650335	0.421386	0.753783	1.08399	1.74084	5	0.97463
1228000	-120.5098	-182.1423	61.63251	10	1.169985	0.00563622	0.00333295	0.0150373	0.0061111	0.0135087	0.00834509	0.0101368	0.0160234	0.154126	0.0361722	0.22874	0.169572	0.522494	1.02331	2.28463	5	0.4971699
1229000	-127.8253	-185.3444	57.51911	10	1.398261	0.0153355	0.00536073	0.0109711	0.0101917	0.010746	0.016462	0.00292792	0.0366878	0.0761738	0.0216544	0.271741	0.209169	0.570697	1.04384	2.17629	5	0.4782521
1230000	-118.2855	-178.5646	60.27906	10	1.191396	0.0176861	0.0127346	0.0125747	0.00959346	0.00416333	0.0178835	0.0177104	0.00554441	0.0655148	0.0279623	0.697299	0.17349	0.527584	1.02567	2.27326	5	0.8886662
1231000	-120.1631	-180.2976	60.13454	10	0.6934808	0.00604901	0.0225747	0.0755611	0.0126534	0.0211272	0.0135786	0.0144494	0.00669093	0.0836368	0.0318949	0.563372	0.0727963	0.360438	0.922428	2.64434	5	0.8515878
1232000	-120.3681	-183.2504	62.88226	10	0.3888721	0.0145591	0.00983496	0.0136833	0.0020249	0.0238179	0.00359437	0.00742366	0.0475334	0.00881273	0.0333492	0.270496	0.0151423	0.173396	0.718953	3.09251	5	0.4351298
1233000	-123.7925	-184.6301	60.83754	10	0.5048533	0.002164	0.0183714	0.114984	0.00572526	0.00162023	0.014468	0.0249222	0.0241712	0.070775	0.0357209	0.471997	0.0342908	0.255072	0.823768	2.88687	5	0.7849193
1234000	-124.912	-181.5165	56.60454	10	0.2817745	0.00905538	0.011724	0.0338156	0.0159719	0.0146127	0.0189221	0.00536262	0.0285648	0.00295484	0.0195588	0.422195	0.00393362	0.0904147	0.563887	3.34176	5	0.582738
1235000	-127.1616	-182.9236	55.76197	10	3.70044	0.0135468	0.0153734	0.0398241	0.0232262	0.00241239	0.0220291	0.0340154	0.00860852	0.192373	0.0146221	0.49994	0.437109	0.764168	1.08431	1.71441	5	0.8659709
1236000	-130.112	-178.877	48.76506	10	0.454713	0.00143353	0.00553962	0.145323	0.00716649	0.00917902	0.0145453	0.00735871	0.0554105	0.00497803	0.0427468	0.749927	0.0253335	0.221327	0.784298	2.96904	5	1.043608
1237000	-123.12	-178.6199	55.49991	10	1.744869	0.0142287	0.00135823	0.0166795	0.0370388	0.00846077	0.0169563	0.0100436	0.0156938	0.120227	0.0239129	0.69428	0.260794	0.624817	1.06207	2.05232	5	0.9588805
1238000	-120.4545	-179.2039	58.7494	10	0.2100078	0.00648976	0.00269643	0.00137609	0.0278563	0.0086045	0.00164083	0.0253943	0.0693071	0.0144142	0.00703832	0.528327	0.000738138	0.0397412	0.409269	3.55025	5	0.6931453
1239000	-125.776	-181.1019	55.32588	10	0.6872397	0.0179804	0.0074308	0.0717962	0.0263359	0.0257814	0.0314868	0.0218837	0.0766245	0.0141865	0.015398	0.637768	0.071465	0.357447	0.920046	2.65104	5	0.9466719
1240000	-131.9414	-185.2909	53.34946	10	0.9932367	0.00280693	0.0155284	0.113508	0.00251692	0.0123298	0.0260408	0.0151513	0.0744841	0.0136011	0.0268655	0.383368	0.135602	0.47471	0.99887	2.39082	5	0.6862009
1241000	-123.2459	-180.5779	57.33198	10	1.380099	0.00571764	0.0177374	0.0544034	0.00100344	0.0138538	0.00854104	0.0196639	0.0916108	0.0216274	0.0436538	0.385675	0.206192	0.567301	1.04253	2.18398	5	0.6634874
1242000	-131.2816	-181.6709	50.38927	10	1.453964	0.0134425	0.00950145	0.092123	0.00458104	0.0296679	0.0454213	0.0137982	0.0447189	0.0435279	0.0636174	0.957547	0.218123	0.58071	1.0476	2.15357	5	1.317947
1243000	-143.6351	-178.9078	35.2727	2	1.518129	0.0135322	0.011451	0.0157845	0.0125866	0.00490333	0.0159952	0.014298	0.11342	0.0124883	0.0240947	0.568194	0.22811	0.591546	1.05147	2.12888	4	0.8067475
1244000	-144.902	-185.2669	40.36493	2	1.171407	0.00115393	0.00707462	0.00222739	0.0606223	0.0228928	0.0182608	0.0235537	0.00208592	0.0893732	0.017699	0.367987	0.169833	0.522836	1.02347	2.28386	4	0.6129312
1245000	-154.6972	-183.8307	29.13354	1	2.692887	0.0240628	0.0123717	0.133289	0.0100828	0.0084561	0.0372186	0.0217486	0.0858386	0.0105718	0.0306907	0.527168	0.364013	0.712969	1.08051	1.8425	3	0.9014982
1246000	-122.2279	-181.2947	59.06685	10	0.8905717	0.00682101	0.0230551	0.0174109	0.0161407	0.0143091	0.0361086	0.0162268	0.00224406	0.199459	0.0483028	0.503389	0.114637	0.441196	0.979205	2.46496	5	0.8834675
1247000	-125.9394	-182.021	56.08163	10	0.9598073	0.000403405	0.0155146	0.0464236	0.0513099	0.00514108	0.0334299	0.0213893	0.0073335	0.131836	0.00701573	0.531564	0.128866	0.464328	0.993007	2.4138	5	0.851361
1248000	-117.9764	-178.1475	60.17107	10	0.857686	0.00356151	0.013822	0.00138565	0.00236845	0.00267455	0.0131108	0.0176336	0.193611	0.00220075	0.0381684	0.544548	0.107761	0.429362	0.971741	2.49114	5	0.8330846
1249000	-151.0066	-189.8903	38.88373	2	1.390588	0.0204686	0.00974242	0.0120961	0.0141849	0.013684	0.0702028	0.0351205	0.111322	0.0005414	0.0186651	0.462686	0.207915	0.56927	1.04329	2.17952	4	0.768714
1250000	-156.9851	-186.1999	29.21483	1	1.791145	0.00788749	0.0365017	0.0904702	0.00357121	0.0207352	0.00879519	0.0240161	0.0161506	0.0629715	0.0244817	0.687962	0.267002	0.630793	1.06376	2.03844	3	0.9835432
1251000	-149.6578	-183.3347	33.67688	2	0.4915463	0.00690481	0.00325371	0.066801	0.00351543	0.000532466	0.0325355	0.00344502	0.146683	0.0162869	0.0425564	0.622712	0.0318318	0.246361	0.814019	2.90779	4	0.9452263
1252000	-153.0425	-186.2525	33.21001	2	1.569319	0.0149975	0.00749074	0.0723767	0.0595786	0.00623152	0.00394449	0.0536991	0.0161463	0.0999938	0.00063626	0.603576	0.235835	0.599702	1.05425	2.11022	4	0.9386711
1253000	-127.6771	-182.3193	54.6422	10	2.208094	0.00258218	0.0121025	0.0560247	0.0304089	0.0265692	0.034593	0.00375866	0.124416	0.00239292	0.0292985	0.657281	0.316911	0.675462	1.07442	1.93321	5	0.9794279
1254000	-122.4394	-180.5587	58.11926	10	1.684169	0.00729364	0.00767284	0.0176047	0.0344894	0.00422858	0.0194626	0.00909682	0.0127085	0.153936	0.00183763	0.418009	0.252423	0.616593	1.05963	2.07136	5	0.6863391
1255000	-120.2147	-178.9847	58.77005	10	0.7964559	0.00713694	0.00014738	0.0286524	0.0150503	0.000494435	0.0366444	0.0206602	0.0465699	0.00199741	0.0216941	0.476086	0.0948044	0.405703	0.955968	2.54352	5	0.6551338
1256000	-127.727	-185.7474	58.02036	10	2.751865	0.00633256	0.00420814	0.0717883	0.0384161	0.00468302	0.0468229	0.0118983	0.00975222	0.158186	0.0629424	0.38523	0.369106	0.716793	1.08098	1.83312	5	0.8002596
1257000	-136.2873	-178.9087	42.62137	10	2.347761	0.0230221	0.024502	0.015226	0.0241156	0.0183206	0.0173765	0.0308169	0.000614106	0.196156	0.033313	0.881124	0.331531	0.68754	1.07667	1.90426	5	1.264587
1258000	-118.3756	-181.2585	62.88285	10	0.9462556	0.00120443	0.0050469	0.00168569	0.0316235	0.0138738	0.0142022	0.00489922	0.00666332	0.160481	0.000870349	0.329283	0.12611	0.459979	0.990491	2.42342	5	0.569834
1259000	-123.5209	-180.0026	56.48168	10	2.265251	0.00440397	0.0111087	0.0111127	0.00952457	0.0497482	0.0109753	0.0103347	0.0103279	0.116218	0.0451778	0.683826	0.323007	0.680549	1.0754	1.92104	5	0.9627579
1260000	-149.7618	-183.0575	33.29574	1	1.744832	0.0124153	0.00198897	0.0115868	0.0281296	0.0013111	0.0248339	0.019797	0.0626192	0.00383515	0.0112508	0.402316	0.260789	0.624812	1.06206	2.05233	3	0.5800839
1261000	-149.8259	-180.2928	30.46689	1	1.898784	0.0211042	0.00489977	0.0202898	0.00978485	0.00120923	0.0219872	0.0359556	0.148999	0.00284724	0.048869	0.531628	0.280886	0.6438	1.06724	2.00808	3	0.8475739
1262000	-145.1192	-178.9716	33.8524	2	4.226047	0.0183615	0.00292391	0.0275096	0.0298125	0.00896889	0.0359942	0.0107681	0.022451	0.137689	0.0225586	0.674708	0.466365	0.78268	1.0843	1.66665	4	0.9917457
1263000	-142.7033	-178.4574	35.75416	2	0.5088315	0.000314867	0.00387553	0.0708252	0.0475907	0.00428765	0.0218139	0.0116692	0.0648962	0.00542342	0.000939683	0.923441	0.0350361	0.257642	0.82659	2.88073	4	1.155077
1264000	-152.9008	-184.3901	31.48926	2	2.983953	0.00486053	0.00626544	0.145524	0.0373117	0.0212077	0.0156749	0.0195721	0.16495	0.00467479	0.0240063	0.540599	0.388017	0.730636	1.08244	1.79891	4	0.984647
1265000	-128.4823	-179.4063	50.924	10	2.188784	0.0170241	0.00720552	0.0777598	0.00203763	0.00982617	0.0196055	0.0111958	0.011564	0.0298957	0.0549458	0.972428	0.314814	0.673696	1.07407	1.93742	5	1.213488
1266000	-123.5887	-177.3242	53.73556	10	1.856673	0.00993483	0.0044069	0.0240485	0.00240081	0.0078828	0.0141339	0.0210011	0.0141581	0.163519	0.0488432	0.58919	0.275544	0.638853	1.06595	2.01965	5	0.89952
1267000	-129.5745	-183.0863	53.51173	10	1.162906	0.00476193	0.00797712	0.0235807	0.0283625	0.0228394	0.0490743	0.00902845	0.034108	0.102162	0.0290547	0.51506	0.168266	0.520781	1.0225	2.28845	5	0.8260092
1268000	-129.5566	-182.9972	53.44061	10	0.5741577	0.0070252	0.0001958	0.0364176	0.0139039	0.0198708	0.0179319	0.00557714	0.0500489	0.0121605	0.0350818	0.338256	0.0478256	0.297599	0.86754	2.78704	5	0.5364692
1269000	-124.9716	-177.2651	52.29343	10	0.9370572	0.00974471	0.00901008	0.000724149	0.011445	0.0105691	0.0271852	0.00891997	0.125475	0.0256278	0.0270946	0.779421	0.12423	0.456979	0.988734	2.43006	5	1.035217
1270000	-128.9069	-183.4253	54.51833	10	1.067459	0.00646618	0.00372638	0.108678	0.0856206	0.0180466	0.0256384	0.0193187	0.134622	0.00676509	0.0118111	0.696654	0.150214	0.49613	1.01034	2.34332	5	1.117347
1271000	-126.282	-181.4493	55.16732	10	0.9796912	0.0150056	0.00803037	0.0198683	0.0109252	0.00147507	0.0179862	0.034699	0.0148885	0.117459	0.00770294	0.483367	0.132884	0.470561	0.996552	2.4	5	0.7314068
1272000	-135.2336	-183.4318	48.19821	10	4.861885	0.00793181	0.00905947	0.163823	0.0050926	0.00638778	0.0382635	0.0396299	0.0190083	0.0322513	0.107333	0.851404	0.496238	0.800574	1.08353	1.61965	5	1.280185
1273000	-125.3396	-181.3133	55.97362	10	1.796716	0.011931	0.00111463	0.0010057	0.0479727	0.0206134	0.00943261	0.0355455	0.0715729	0.00915632	0.0150355	0.609313	0.267739	0.631496	1.06396	2.03681	5	0.8326932
1274000	-121.0622	-182.6389	61.57673	10	0.3955605	0.00137087	0.00351351	0.0849648	0.0393586	0.0154005	0.0324574	0.0168084	0.0329481	0.0213788	0.00598649	0.583579	0.0160792	0.178432	0.726432	3.07906	5	0.8377667
1275000	-126.5408	-182.5685	56.02769	10	0.5719991	0.00411422	0.00283599	0.00213066	0.0261129	0.00686929	0.0173736	0.015839	0.00713156	0.0763167	0.0286878	0.518061	0.0473891	0.296345	0.866332	2.78993	5	0.7054732
1276000	-133.0385	-183.3622	50.32367	10	2.326027	0.000472822	0.013287	0.00292089	0.0309541	0.0261317	0.0122344	0.0194835	0.115163	0.0233281	0.0368834	0.551371	0.329317	0.685737	1.07635	1.90859	5	0.8322297
1277000	-155.4405	-187.7952	32.35477	2	4.399501	0.0188227	0.0221275	0.0185163	0.0828392	0.00879913	0.00636476	0.0415871	0.0918706	0.0517412	0.0340675	0.587669	0.475047	0.787982	1.08415	1.65282	4	0.9644051
1278000	-149.0562	-181.9176	32.86141	2	3.222618	0.0118298	0.0105933	0.0048452	0.0123416	0.0274391	0.0389982	0.0299052	0.0817886	0.00448381	0.00634484	0.53467	0.405783	0.743154	1.08341	1.76765	4	0.7632396
1279000	-133.9801	-185.47	51.48995	10	2.925876	0.0185364	0.000274135	0.0840848	0.0476587	0.019542	0.0421383	0.0487727	0.166225	0.0150749	0.0190505	0.529018	0.383445	0.72734	1.08212	1.80709	5	0.9903751
1280000	-129.5268	-179.5795	50.05267	10	5.534081	0.0105494	0.0018209	0.00786626	0.0126398	0.00885307	0.00204548	0.0265014	0.1188	0.0125859	0.0264563	0.463397	0.522853	0.815727	1.08227	1.57915	5	0.6915152
1281000	-149.7775	-184.566	34.78845	1	0.8914858	0.00372266	0.0243673	0.0494627	0.00450679	0.00809308	0.0175698	0.00792342	0.00681579	0.0405074	0.0282905	0.324888	0.114827	0.441517	0.979404	2.46425	3	0.5161476
1282000	-124.0415	-181.0598	57.01831	10	0.9933912	0.0278082	0.019422	0.00869241	0.000132638	0.00240507	0.0104353	0.0129031	0.137743	0.00383899	0.0344948	0.553397	0.135633	0.474756	0.998896	2.39071	5	0.8112728
1283000	-121.3086	-181.5617	60.25307	10	1.148425	0.0131433	0.0187484	0.0167733	0.00815825	0.0132815	0.0297005	0.01621	0.0665037	0.00134165	0.0497088	0.402335	0.165582	0.517231	1.02082	2.29637	5	0.635904
1284000	-127.7708	-181.8623	54.09156	10	0.6931944	0.0125831	0.00383373	0.0313326	0.0210181	0.00696148	0.03985	0.007139	0.0330256	0.0850325	0.0773943	0.770399	0.0727352	0.360301	0.92232	2.64464	5	1.088569
1285000	-132.1477	-180.0527	47.90498	10	1.358043	0.0239045	0.00596609	0.0013521	0.0754473	0.0083919	0.0102567	0.0335513	0.108746	0.0153079	0.00330111	0.814103	0.202537	0.563086	1.04087	2.19351	5	1.100328
1286000	-124.5069	-180.8125	56.30556	10	0.6499584	0.00919756	0.00698208	0.0255436	0.0274051	0.0193242	0.00985496	0.0191091	0.00432771	0.161249	0.0127508	0.590441	0.0635489	0.33893	0.904813	2.69271	5	0.8861847
1287000	-118.6819	-178.9618	60.27994	10	0.407435	0.000895904	0.000622451	0.0371014	0.00100906	0.00254953	0.0167738	0.00831093	0.0500683	0.00195533	0.0397698	0.348884	0.0178015	0.187288	0.739202	3.05571	5	0.5079409
1288000	-142.7693	-190.9284	48.1591	10	1.821436	0.0432126	0.051583	0.120847	0.0211733	0.0137796	0.0845668	0.0019854	0.0340157	0.00368352	0.0407458	0.843274	0.270986	0.634575	1.0648	2.02964	5	1.258867
1289000	-120.4933	-180.4429	59.94963	10	1.131065	0.0268017	0.00427477	0.027377	0.0198946	0.00270274	0.0197308	0.0228371	0.0107528	0.073034	0.00230583	0.652564	0.162338	0.512888	1.01873	2.30605	5	0.8622755
1290000	-126.6718	-181.1023	54.43049	10	0.2922419	0.00351965	0.0184986	0.00975348	0.0178795	0.00566167	0.0403819	0.0189238	0.00360053	0.0866265	0.0584828	1.04929	0.00468713	0.098475	0.582541	3.3143	5	1.31262
1291000	-127.2362	-181.2373	54.00106	10	0.8143278	0.00737491	0.02646	4.87604e-06	0.0403095	0.00635186	0.0103127	0.0082474	0.0632401	0.0136024	0.0379809	0.782806	0.0986037	0.412839	0.960847	2.52771	5	0.996691
1292000	-129.4367	-183.1167	53.67992	10	0.8767995	0.00459568	0.00686758	0.0432128	0.0213552	0.00823775	0.00160509	0.0207582	0.0139311	0.00917658	0.0368004	0.698158	0.111766	0.43631	0.976157	2.47577	5	0.8646984
1293000	-126.7016	-184.924	58.22249	10	0.2838619	0.00359975	0.0152477	0.0317839	0.0176678	0.0160195	0.00578616	0.00538177	0.0496305	0.0289793	0.0265482	0.322755	0.00407774	0.0920152	0.567678	3.33623	5	0.5233993
1294000	-120.635	-177.7632	57.12826	10	3.214049	0.0169971	0.00445543	0.0218978	0.0093756	0.0046908	0.0167618	0.016299	0.00829479	0.129348	0.0513954	0.489663	0.405172	0.742731	1.08339	1.76871	5	0.7691794
1295000	-120.1285	-180.0272	59.89873	10	0.2193246	0.00794973	0.00333853	0.000426761	0.0191123	0.00428185	0.0141719	0.0172516	0.00267765	0.0399224	0.00155133	0.326533	0.000975893	0.0456145	0.432192	3.52122	5	0.4372171
1296000	-130.2603	-180.0882	49.82786	10	0.4685085	0.000388925	0.000278442	0.0456558	0.0259485	0.00342475	0.0254342	0.0234298	0.0108958	0.145596	0.0488828	0.889616	0.0277102	0.230861	0.795929	2.9455	5	1.219551
1297000	-125.1375	-183.499	58.36148	10	0.9717466	0.00128861	0.0270776	0.0408665	0.00427732	0.00493836	0.0343143	0.0127257	0.00834341	0.158063	0.0790595	0.39991	0.131283	0.468092	0.995156	2.40547	5	0.7708652
1298000	-130.6224	-182.9625	52.34009	10	2.796253	0.00418912	0.0278823	0.220884	0.0217686	0.0148362	0.0261022	0.016398	0.00911274	0.00261249	0.0175787	0.877015	0.372859	0.719584	1.08131	1.82625	5	1.238379
1299000	-147.4533	-186.4737	39.02037	2	1.11531	0.0103454	0.0393519	0.0829677	0.0265331	0.015602	0.00727438	0.0125245	0.00763322	0.00599515	0.0252313	0.480067	0.15937	0.508864	1.01676	2.31501	4	0.7135258
1300000	-130.4155	-188.052	57.63652	10	0.9518058	0.0141874	0.0275175	0.0318356	0.0184708	0.0114819	0.0288328	0.0093146	0.0992365	0.00117817	0.115335	0.42767	0.12724	0.461771	0.991532	2.41946	5	0.7850605
1301000	-132.1441	-183.1635	51.01933	10	1.480782	0.0209207	0.00317765	0.0172304	0.0367473	0.0588553	0.0201153	0.0318969	0.192213	0.0201151	0.0674085	0.882267	0.222338	0.585326	1.04927	2.14306	5	1.350948
1302000	-131.2578	-186.2945	55.03662	10	2.925269	0.0551629	0.000430111	0.0101635	0.0439876	0.0232058	0.0239845	0.00478287	0.00900588	0.101515	0.00406733	0.52217	0.383397	0.727305	1.08212	1.80718	5	0.7984758
1303000	-126.2582	-183.389	57.13076	10	1.559438	0.0229318	0.00450933	0.0188284	0.0299122	0.00761387	0.00549012	0.0110485	0.109809	0.00677746	0.0251946	0.665743	0.23436	0.59816	1.05373	2.11375	5	0.9078584
1304000	-129.2159	-185.7595	56.54356	10	0.2422414	0.0111287	0.000657531	0.0315768	0.0107062	0.00394233	0.0147487	0.0143515	0.0329773	0.000749812	0.0139412	0.323682	0.00176967	0.0611469	0.484836	3.45225	5	0.4584617
1305000	-126.9376	-180.9247	53.98712	10	0.4147759	0.0168989	0.000153631	0.00740763	0.00841675	0.0269826	0.020671	0.0106421	0.172983	0.00101151	0.0163404	0.423167	0.0189025	0.192705	0.746787	3.04161	5	0.7046742
1306000	-123.4834	-181.676	58.19256	10	0.8866499	0.0108549	0.00572365	0.0548513	0.0169645	0.00132	0.0267073	0.0521618	0.00638482	0.0957043	0.0211631	0.496793	0.11382	0.439815	0.978348	2.46802	5	0.7886292
1307000	-132.2448	-184.1059	51.86113	10	4.898137	0.00702543	0.0297796	0.0740193	0.00816538	0.00871814	0.0162576	0.0397328	0.0123747	0.0746581	0.0570427	0.422081	0.497791	0.801478	1.08348	1.61726	5	0.7498551
1308000	-120.7199	-180.6517	59.93179	10	0.4010819	0.00177615	0.00220737	0.0472513	0.0281575	0.0149444	0.020923	0.0177348	0.16462	0.00762553	0.0053025	0.48171	0.0168708	0.182564	0.732449	3.06812	5	0.7922529
1309000	-123.378	-182.1862	58.80821	10	0.6984734	0.00837457	0.0142576	0.0218705	0.0167377	0.0268922	0.0213049	0.0187847	0.0116636	0.0769694	0.0445121	0.445152	0.0738622	0.362809	0.924301	2.63903	5	0.7065196
1310000	-119.1749	-179.8358	60.66092	10	2.799689	0.0226092	0.00494765	0.00918716	0.0277841	2.91983e-06	0.0289031	0.0297052	0.00314456	0.109948	0.026137	0.429144	0.373146	0.719797	1.08133	1.82573	5	0.6915121
1311000	-125.853	-178.8343	52.98134	10	1.129622	0.00781403	0.00930307	0.0161331	0.00408027	0.0165202	0.0553836	0.00754415	0.0155122	0.142136	0.053061	0.924848	0.162068	0.512523	1.01855	2.30686	5	1.252336
1312000	-136.2478	-186.5613	50.31358	10	1.621053	0.013312	0.0532364	0.0391293	0.0199291	0.0324068	0.0318073	0.0236625	0.0771075	0.00377429	0.0543778	0.5296	0.243431	0.607539	1.0568	2.09222	5	0.8783426
1313000	-147.9572	-183.2675	35.31029	2	1.09917	0.00865165	0.0363402	0.0202222	0.00268585	0.0282713	0.011231	0.0161901	0.225338	0.00441377	0.0502338	0.433202	0.156305	0.504657	1.01467	2.32437	4	0.8367799
1314000	-132.9191	-187.7544	54.83526	10	1.387394	0.0171507	0.0158673	0.0692974	0.0102187	0.0156549	0.0375434	0.00238243	0.0174443	0.0643317	0.0294501	0.342383	0.207391	0.568673	1.04306	2.18087	5	0.6217243
1315000	-133.8643	-187.8764	54.01213	10	0.9428706	0.0155893	0.0213753	0.0131987	0.0115479	0.0172643	0.00103939	0.0535137	0.185488	0.0700876	0.00538382	1.00523	0.125419	0.45888	0.989849	2.42585	5	1.399718
1316000	-130.3828	-182.9914	52.60863	10	2.575821	0.0264156	0.00602875	0.0768315	0.000234046	0.00541698	0.023192	0.0227499	0.0901615	0.00266284	0.0217728	0.371609	0.353529	0.704962	1.07944	1.86207	5	0.647075
1317000	-136.6739	-181.1545	44.4806	10	0.5277043	0.0169823	0.00284038	0.0241131	0.0254256	0.00805604	0.0107872	0.00889276	0.0255716	0.0895787	0.0137201	0.380447	0.0386304	0.269618	0.839425	2.85233	5	0.6064148
1318000	-133.2114	-179.1115	45.90016	10	5.969917	0.00475415	0.00768889	0.0228552	0.00198666	0.0189994	0.0180098	0.0342457	0.000701272	0.122569	0.0663243	0.625665	0.537974	0.824026	1.08133	1.55667	5	0.9237991
1319000	-128.4447	-181.9408	53.49608	10	0.90067	0.010136	0.010335	0.00873659	0.0207567	0.0161466	0.0572296	0.0218299	0.00794932	0.123105	0.0273845	0.472055	0.116734	0.444716	0.981372	2.45718	5	0.7756646
1320000	-121.3809	-177.5897	56.20873	10	0.749724	0.00502581	0.00731902	0.012107	0.0125181	0.0111458	0.00669897	0.01424	0.0108386	0.109061	0.0286937	0.389644	0.0848255	0.386077	0.941988	2.58711	5	0.6072925
1321000	-131.156	-185.3404	54.18438	10	2.337125	0.0272559	0.00515259	0.0149586	0.0118117	0.016016	0.0180609	0.055885	0.0899744	0.00854452	0.0180041	0.547413	0.33045	0.686661	1.07652	1.90637	5	0.8130772
1322000	-134.7493	-184.4348	49.68542	10	0.8169605	0.0114148	0.00205766	0.103635	0.01516	0.00241598	0.05602	0.0278562	0.00150897	0.0936678	0.0170381	0.434101	0.0991623	0.413874	0.961546	2.52542	5	0.7648753
1323000	-131.6826	-179.1638	47.48112	10	0.4541579	0.00647598	0.00186667	0.00855993	0.0193845	0.00732897	0.0227629	0.013525	0.116037	0.00266964	0.0272572	0.660945	0.0252394	0.220939	0.783817	2.97	5	0.8868125
1324000	-130.1395	-177.7762	47.63669	10	1.219183	0.01187	0.000227262	0.0617876	0.0302096	0.0106545	0.0482923	0.0105949	0.169884	0.00356791	0.00427992	1.04329	0.178512	0.533996	1.02858	2.25891	5	1.394653
1325000	-133.2319	-184.9706	51.7387	10	1.005968	0.0168598	0.0226723	0.0692321	0.0243794	0.0256017	0.0214272	0.0164612	0.114424	0.00736798	0.0370281	0.4639	0.138143	0.478538	1.00098	2.38234	5	0.8193539
1326000	-127.4298	-182.481	55.05117	10	0.7485586	0.00622535	0.00818389	0.0454543	0.0248646	0.0133723	0.0648002	0.0315901	0.101394	0.00612892	0.024184	0.714666	0.0845761	0.385568	0.941614	2.58824	5	1.040863
1327000	-168.5378	-187.1165	18.5787	2	7.722268	0.0032253	0.0115011	0.0120975	0.0603357	0.0088596	0.0574077	0.0133047	0.388051	0.0245205	0.0284182	0.975388	0.586688	0.849351	1.07728	1.48668	4	1.583109
1328000	-140.1099	-185.8522	45.74234	10	1.235535	0.0172519	0.000919446	0.0145958	0.0889864	0.0384147	0.00307471	0.04	0.231975	0.0404201	0.0299039	0.607883	0.181433	0.53767	1.03021	2.25068	5	1.113425
1329000	-124.4531	-181.003	56.54993	10	0.6346457	0.013027	0.0136615	0.0199122	0.0371597	0.00793453	0.0369693	0.0121192	0.00742886	0.140867	0.0122737	0.576719	0.0603233	0.330991	0.898015	2.71067	5	0.8780714
1330000	-132.4986	-186.5904	54.09177	10	1.445032	0.0511523	0.00614938	0.0290072	0.0144275	0.0207714	0.01776	0.000350609	0.194193	0.0717613	0.0261003	0.665388	0.216705	0.579144	1.04702	2.15713	5	1.097061
1331000	-128.8913	-182.626	53.73472	10	2.90928	0.0232877	0.012646	0.0954085	0.0247655	0.00757711	0.0425324	0.0222118	0.0803388	0.0114159	0.0151457	0.645997	0.38212	0.726378	1.08203	1.80947	5	0.9813268
1332000	-121.1446	-178.6219	57.47732	10	3.396596	0.00903581	0.0115394	0.0129323	0.0086551	0.00545728	0.015424	0.0145682	0.0137197	0.0967183	0.0560943	0.462499	0.417792	0.751364	1.08388	1.74696	5	0.7066434
1333000	-119.0609	-182.4914	63.43047	10	1.039993	0.00708529	0.0200771	0.00586248	0.00183613	0.00456179	0.00952286	0.0271552	0.0998778	0.00396433	0.0129516	0.26359	0.144864	0.488451	1.00632	2.36036	5	0.4564849
1334000	-125.0282	-178.9783	53.95007	10	1.389143	0.0312801	0.00126445	0.01824	0.0109521	0.010143	0.0133376	0.0105872	0.125216	0.00414571	0.0381249	0.610345	0.207678	0.569	1.04319	2.18013	5	0.8736366
1335000	-130.746	-180.8324	50.0864	10	0.9901116	0.0243696	0.00614686	0.0382992	0.0495922	0.0132185	0.0109161	0.0368559	0.00719791	0.126462	0.0292396	0.651646	0.134977	0.473759	0.998342	2.39292	5	0.9939445
1336000	-119.8096	-181.5263	61.7167	10	1.007257	0.00427398	0.00438085	0.0708121	0.0155611	0.0135451	0.0286957	0.0136836	0.103167	0.0070526	0.0174038	0.338221	0.1384	0.478922	1.00119	2.38149	5	0.6167969
1337000	-129.7706	-181.0281	51.25754	10	1.368894	0.00887628	0.0104117	0.0120044	0.0287435	0.0326257	0.0214891	0.0115312	0.0870627	0.00278022	0.0422973	0.502897	0.20434	0.565172	1.0417	2.18879	5	0.7607194
1338000	-118.431	-180.6765	62.24542	10	1.385456	0.00199636	0.0123198	0.0077636	0.0216147	0.00668782	0.0232245	0.0215895	0.0945933	0.00316904	0.00191812	0.46107	0.207073	0.56831	1.04292	2.1817	5	0.655947
1339000	-127.2034	-180.7128	53.50943	10	0.5083694	0.00810861	0.0125826	0.0904396	0.0269082	0.000201107	0.0408118	0.0138872	0.00659987	0.176854	0.0182967	0.554793	0.0349493	0.257345	0.826264	2.88144	5	0.9494825
1340000	-123.9623	-179.9159	55.95362	10	2.119891	0.00725439	0.00537057	0.0116405	0.00872382	0.00796779	0.0218422	0.0278053	0.0105191	0.108981	0.0133725	0.352117	0.307178	0.667186	1.07272	1.95292	5	0.5755949
1341000	-121.2031	-179.3871	58.18398	10	0.7706375	0.0120697	0.000795184	0.0181486	0.00573608	0.0102455	0.0154871	0.0288002	0.00206885	0.0837709	0.0411363	0.35661	0.0892972	0.395038	0.948475	2.56719	5	0.5748688
1342000	-123.4825	-181.8139	58.33143	10	1.543776	0.0177285	0.00616885	0.019645	0.0460597	0.00515377	0.0131611	0.011656	0.133462	0.0170875	0.00353041	0.386581	0.232006	0.595684	1.05289	2.11942	5	0.6602335
1343000	-124.7799	-178.5642	53.78431	10	0.815873	0.0111021	0.00203719	0.00206241	0.0355383	0.00416771	0.0258637	0.0207712	0.147742	0.00138993	0.000523217	0.5637	0.0989316	0.413447	0.961258	2.52636	5	0.8148975
1344000	-124.8087	-182.0511	57.24243	10	0.8355307	0.00378769	0.0463435	0.0104866	0.026926	0.00382285	0.0198364	0.015394	0.0020162	0.170364	0.0174315	0.475029	0.103094	0.421055	0.966334	2.50952	5	0.7914375
1345000	-125.7905	-179.7229	53.9324	10	3.290647	0.00254985	0.00625945	0.00360972	0.032875	0.00743847	0.018965	0.0227238	0.101695	0.00142978	0.0671909	0.676253	0.410568	0.746449	1.08362	1.75937	5	0.9409897
1346000	-124.8416	-180.8569	56.01531	10	1.560789	0.0154566	0.00470871	0.0479078	0.0165919	0.00183039	0.028067	0.0206915	0.0543992	0.0014551	0.0234136	0.444726	0.234562	0.598372	1.0538	2.11327	5	0.6592475
1347000	-119.2883	-177.6123	58.32405	10	1.195711	0.0021175	0.00273132	0.0319434	0.00495056	0.010593	0.0304297	0.0167972	0.134116	0.0264167	0.0348663	0.626969	0.174275	0.528594	1.02613	2.271	5	0.9219313
1348000	-129.2384	-180.7029	51.46448	10	1.852266	0.0171287	0.0152121	0.141981	0.0199388	0.00924705	0.00470984	0.0168791	0.0161562	0.0295799	0.0315097	0.970744	0.274978	0.638324	1.06581	2.02089	5	1.273086
1349000	-149.005	-183.0706	34.0656	2	1.156262	0.00492022	0.00619709	0.0784624	0.00948588	0.00830252	0.0205721	0.0123387	0.0717211	0.000736984	0.0225444	0.421653	0.167037	0.51916	1.02174	2.29207	4	0.6569343
1350000	-132.0958	-177.5121	45.41627	10	2.040538	0.00653634	0.000886325	0.0460805	0.0129226	0.0260696	0.0204626	0.00654356	0.129814	0.00863027	0.0448558	0.718988	0.298066	0.659256	1.07097	1.97171	5	1.02179
1351000	-121.2573	-178.608	57.35066	10	0.3089892	0.00870289	0.00122128	0.00998248	4.62966e-05	0.00176059	0.00341026	0.0242145	0.0217178	0.0493475	0.0352626	0.405071	0.00605279	0.111504	0.610595	3.27185	5	0.5607376
1352000	-150.9047	-183.7761	32.87142	2	0.8864578	0.0171227	0.00147789	0.0447899	0.00479638	0.00720156	0.0390562	0.00719864	0.00537879	0.0455799	0.0146942	0.604103	0.11378	0.439747	0.978306	2.46817	4	0.7913988
1353000	-149.9064	-184.2446	34.33825	2	0.9717892	0.00302873	0.00668963	0.046093	0.0538567	0.0183045	0.0144304	0.0410697	0.167266	0.00772699	0.00481942	0.738594	0.131291	0.468105	0.995164	2.40544	4	1.10188
1354000	-128.5327	-183.8353	55.30253	10	2.185742	0.0079004	0.0094956	0.0343196	0.00728871	0.0305208	0.00728882	0.0259086	0.0352515	0.274465	0.038541	0.613885	0.314482	0.673415	1.07401	1.93809	5	1.084865
1355000	-131.9929	-180.4673	48.47438	10	1.310845	0.0287384	0.00121267	0.00289012	0.00319635	0.0169346	0.0298814	0.0376212	0.0514679	0.278672	0.0401625	0.85002	0.194569	0.553712	1.03707	2.21465	5	1.340798
1356000	-115.4217	-176.7379	61.31621	10	0.6342926	0.00505674	0.00327161	0.0295569	0.00435149	0.00626628	0.00585776	0.00702456	0.0073214	0.061391	0.0210558	0.573533	0.0602492	0.330806	0.897854	2.71109	5	0.7246865
1357000	-121.3731	-177.9003	56.52716	10	1.130708	0.00618601	0.00523884	0.0387749	0.0237849	0.0144052	0.0139559	0.0119605	0.00619832	0.0979213	0.0264691	0.642	0.162271	0.512798	1.01868	2.30625	5	0.8868949
1358000	-126.4651	-183.5011	57.03604	10	1.260835	0.0262954	0.0161369	0.0092817	0.0178177	0.0211068	0.0449554	0.0203603	0.0140837	0.0938527	0.00902516	0.592103	0.185905	0.543216	1.03263	2.23824	5	0.8650182
1359000	-127.8816	-180.504	52.62239	10	0.9084603	0.014619	0.0081294	0.142841	0.0244357	0.0112926	0.0129571	0.0147563	0.00290853	0.038983	0.0622394	0.839828	0.118347	0.447396	0.983006	2.45125	5	1.17299
1360000	-132.9884	-182.4392	49.4508	10	1.327243	0.0193435	0.0117112	0.133252	0.0801822	0.0334388	0.0368149	0.02532	0.223678	0.00191218	0.0146401	1.13821	0.19736	0.557025	1.03843	2.20718	5	1.7185
1361000	-158.643	-191.301	32.65791	2	2.666147	0.0460444	0.000631023	0.00287406	0.0703803	0.018441	0.0142722	0.0176754	0.00504043	0.145982	0.0018287	0.367414	0.361663	0.71119	1.08029	1.84686	4	0.6905831
1362000	-142.4728	-182.2583	39.78553	2	0.9911544	0.0109697	0.00851414	0.00896603	0.0117736	0.0140466	0.00945584	0.0084658	0.0784	0.0143877	0.0108571	0.322245	0.135185	0.474077	0.998519	2.39222	4	0.4980819
1363000	-142.0135	-179.8639	37.85047	2	2.713694	0.0125919	0.00322767	0.0105891	0.00369472	0.0238628	0.0389725	0.00600839	0.00330027	0.0978531	0.073441	0.684292	0.365824	0.714334	1.08068	1.83916	4	0.9578337
1364000	-127.0633	-179.7239	52.66057	10	1.951999	0.0320647	0.0112669	0.00572034	0.00607561	0.00413057	0.035208	0.0036482	0.153983	0.0111963	0.0429233	0.723086	0.287477	0.64981	1.06874	1.99397	5	1.029304
1365000	-124.5418	-180.4374	55.89557	10	1.705494	0.00777956	0.0244481	0.0134013	0.00870592	0.0143423	0.0160756	0.0222525	0.0633788	0.00765995	0.0725045	0.558046	0.255394	0.619534	1.06051	2.06456	5	0.8085942
1366000	-129.4476	-185.5492	56.10157	10	1.90013	0.0112131	0.0254881	0.134267	0.0207355	0.00635918	0.0284308	0.00739478	0.0814126	0.00248866	0.030901	0.397653	0.281054	0.643955	1.06728	2.00771	5	0.7463437
1367000	-133.845	-181.9132	48.06825	10	1.468306	0.00477793	0.00230266	0.0587946	0.0227935	0.00380437	0.0165212	0.0251685	0.235536	0.00748572	0.0154031	0.513305	0.220385	0.583194	1.0485	2.14792	5	0.9058926
1368000	-127.8673	-182.5292	54.66181	10	3.30292	0.00261629	0.00721325	0.0390266	0.000405376	0.00778226	0.0585509	0.00802047	0.0288891	0.0805598	0.0286848	0.627177	0.411419	0.747031	1.08365	1.7579	5	0.8889255
1369000	-121.19	-178.935	57.74506	10	0.4618255	0.00155841	0.00108989	0.034886	0.00245183	0.00387199	0.00815053	0.0170017	0.00161428	0.0866184	0.0388972	0.294481	0.0265498	0.226266	0.790373	2.95681	5	0.4906216
1370000	-135.4845	-181.9912	46.50671	10	2.930906	0.0045911	0.0214176	0.0124567	0.02034	0.0127155	0.0515068	0.0249019	0.145429	0.0201867	0.08811	0.85399	0.383845	0.727629	1.08215	1.80637	5	1.255646
1371000	-124.9044	-178.5772	53.67281	10	0.9262862	0.01386	0.000840918	0.0185522	0.00362098	0.00804592	0.0182082	0.013589	0.0118669	0.0948902	0.0184371	0.365196	0.122021	0.453416	0.986625	2.43794	5	0.5671077
1372000	-139.4859	-181.2118	41.72592	2	0.809538	0.00524468	0.00202865	0.00821924	0.0236601	0.00371487	0.0137706	0.00616865	0.0137013	0.0780037	0.0360938	0.323786	0.0975867	0.410946	0.959563	2.5319	4	0.5143915
1373000	-147.7194	-185.2603	37.54088	2	0.3278099	0.00632546	0.0115679	0.0219063	0.0753576	0.00568042	0.0115915	0.000168718	0.0190443	0.0481277	0.0054964	0.646646	0.00782018	0.126231	0.639682	3.22627	4	0.8519122
1374000	-131.947	-181.0748	49.12777	10	1.610172	0.0102442	0.00807054	0.120718	0.0123339	0.0226805	0.0124572	0.0230214	0.0143978	0.201593	0.0295478	0.505291	0.241851	0.605923	1.05629	2.09594	5	0.960355
1375000	-121.8126	-184.2168	62.40428	10	0.9386761	0.00961926	0.00434615	0.0535156	0.00727863	0.0051865	0.0447152	0.0211576	0.0224637	0.0377904	0.0271467	0.369467	0.124561	0.45751	0.989046	2.42888	5	0.6026865
1376000	-125.5876	-178.7419	53.15428	10	0.7829157	0.0125062	0.00224324	0.0562433	0.0154125	0.0100833	0.019709	0.0267778	0.014337	0.0722856	0.03782	0.635303	0.0919185	0.400164	0.952106	2.55581	5	0.9027212
1377000	-128.4174	-182.7284	54.31101	10	2.34626	0.0030346	0.00637917	0.0168898	0.103497	0.013657	0.00401965	0.0195651	0.0345927	0.103964	0.00320343	0.62611	0.331379	0.687416	1.07665	1.90455	5	0.9349128
1378000	-130.0382	-183.4139	53.37566	10	1.153767	0.0128237	0.00318566	0.0159862	0.0130446	0.00647924	0.0452032	0.0290504	0.197721	0.0517106	0.0346898	0.520322	0.166575	0.518548	1.02144	2.29343	5	0.9302163
1379000	-143.088	-180.3919	37.30391	2	0.771835	0.00169178	0.00254207	0.0308205	0.0152312	0.00199584	0.0110318	0.00589504	0.0122696	0.181619	0.0322731	0.466239	0.089553	0.395542	0.948834	2.56607	4	0.7616084
1380000	-124.236	-182.1029	57.86697	10	0.4405182	0.00235645	0.00666923	0.030846	0.0228724	0.0228792	0.0658496	0.0122533	0.139401	0.00453468	0.0124588	0.559516	0.0229672	0.211324	0.771651	2.99406	5	0.879637
1381000	-118.2823	-179.2218	60.93947	10	1.990103	0.0123079	0.00125426	0.0277672	4.52421e-05	0.00687495	0.0116447	0.0162801	0.0958974	0.00952316	0.0262302	0.289293	0.29209	0.653957	1.06974	1.98421	5	0.4971186
1382000	-148.1264	-182.4232	34.2968	2	2.607316	0.0161713	0.00824557	0.0221418	0.0282883	0.0304606	0.0351313	0.0300186	0.145191	0.0182913	0.0194379	0.709687	0.356401	0.707173	1.07975	1.85668	4	1.063065
1383000	-141.8714	-182.3135	40.44215	2	1.182618	0.00487262	0.00351491	0.0179592	0.0106484	0.0122804	0.018526	0.0145471	0.00132544	0.144993	0.0310249	0.282683	0.171889	0.525514	1.02471	2.27788	4	0.5423753
1384000	-143.2867	-180.8036	37.51688	2	2.226906	0.00306412	0.0048873	0.00384229	0.014105	0.0052185	0.0307507	0.0350451	0.211996	0.0040409	0.0391389	0.381166	0.318935	0.67716	1.07475	1.92915	4	0.7332543
1385000	-132.0319	-183.8942	51.86227	10	1.001617	0.011704	0.00335338	0.185689	0.0114344	0.0142314	0.0486143	0.00758261	0.223708	0.0189013	0.0149416	0.577376	0.137276	0.477237	1.00027	2.38522	5	1.117536
1386000	-116.2691	-177.2859	61.01683	10	0.8131449	0.00694792	0.00203129	0.0111328	0.0297011	0.00721316	0.0208273	0.0112143	0.00874436	0.100559	0.0249512	0.51467	0.0983526	0.412373	0.960532	2.52874	5	0.7379926
1387000	-125.3735	-182.7536	57.38008	10	1.793604	0.0151705	0.0323074	0.0130364	0.0460119	0.00980256	0.0186039	0.0416075	0.149474	0.00404122	0.00712724	0.573411	0.267327	0.631103	1.06385	2.03772	5	0.910594
1388000	-129.3146	-184.2231	54.90856	10	2.54789	0.0235932	0.0102296	0.0150698	0.0195873	0.00320296	0.0296053	0.00371098	0.0158214	0.046851	0.0343043	0.529677	0.350951	0.702964	1.07915	1.86693	5	0.7316528
1389000	-124.6099	-183.8273	59.21747	10	0.8328874	0.0281041	0.0216163	0.06415	0.00464107	0.005984	0.0195586	0.0405545	0.0151601	0.224779	0.0641833	0.64076	0.102535	0.420045	0.965667	2.51175	5	1.129491
1390000	-127.9382	-180.1209	52.1827	10	1.246379	0.0179257	0.006105	0.0828426	0.0436498	0.0237719	0.0403861	0.0257945	0.230729	0.00264327	0.00465637	0.972561	0.183357	0.540068	1.03127	2.24531	5	1.451065
1391000	-126.2792	-184.5567	58.27753	10	1.845199	0.0151754	0.00441467	0.041567	0.00573986	0.00594826	0.0134072	0.0085055	0.0119051	0.166955	0.0751658	0.276498	0.274068	0.637474	1.06559	2.02287	5	0.6252811
1392000	-123.9345	-179.0455	55.11104	10	1.313431	0.00245831	0.00437541	0.0229045	0.00115811	0.000180601	0.0241921	0.011773	0.0059508	0.141873	0.0570207	0.559997	0.19501	0.554238	1.03729	2.21346	5	0.8318834
1393000	-130.6796	-183.1225	52.44289	10	0.8176976	0.00980992	0.00949391	0.0418142	0.00697726	0.0173067	0.0110498	0.0178132	0.00706557	0.0142699	0.0297722	0.495907	0.0993187	0.414163	0.961741	2.52478	5	0.6612791
1394000	-115.8182	-177.0498	61.23158	10	0.4973617	0.00510616	0.000259823	0.0139416	0.000572789	0.0131794	0.0150814	0.00619978	0.000319311	0.120157	0.0423304	0.409317	0.0328998	0.25019	0.818339	2.89857	5	0.6264651
1395000	-128.7033	-184.2429	55.53956	10	4.060046	0.0295139	0.0116441	0.0760023	0.0415535	0.00659236	0.0386488	0.0153285	0.0260652	0.0366193	0.00833959	0.66214	0.457631	0.77726	1.08439	1.68072	5	0.9524476
1396000	-136.462	-185.3693	48.90731	10	2.887958	0.0189315	0.00187503	0.0997264	0.0822019	0.0267179	0.0432007	0.0149081	0.0423697	0.14187	0.0330106	0.698832	0.380404	0.72513	1.0819	1.81256	5	1.203643
1397000	-127.5318	-182.1947	54.66285	10	0.6527323	0.00431247	0.0144519	0.0153084	0.00204444	0.0159519	0.00578814	0.0164288	0.00606189	0.106681	0.0361011	0.247335	0.0641351	0.340347	0.906009	2.68951	5	0.4704656
1398000	-129.7724	-182.2299	52.45755	10	1.259	0.000816253	0.00972328	0.0557971	0.00483193	0.00807872	0.026727	0.0485095	0.146904	0.0408604	0.0563192	0.591556	0.185582	0.54282	1.03246	2.23914	5	0.9901236
1399000	-130.5987	-184.8735	54.27481	10	0.5658923	0.0216185	0.00351309	0.00753409	0.0227847	0.00343512	0.0536329	0.0107384	0.0180012	0.153527	0.0458882	0.41673	0.0461585	0.292773	0.862868	2.7982	5	0.7574034
1400000	-127.4419	-177.0727	49.63077	10	1.134402	0.00274469	0.00477846	0.0822464	0.0184293	0.00995318	0.0193263	0.0111669	0.00880768	0.0734391	0.0386352	0.906297	0.162964	0.51373	1.01913	2.30417	5	1.175825
1401000	-127.9435	-184.8924	56.94894	10	1.049204	0.00722993	0.00245822	0.012024	0.0414479	0.00736293	0.0268661	0.0275801	0.0915536	0.0338814	0.049949	0.473164	0.146666	0.491058	1.0077	2.35458	5	0.7735176
1402000	-123.3358	-179.2017	55.86597	10	1.104588	0.00897787	0.00111378	0.0999455	0.0200552	0.0266688	0.0272917	0.0264287	0.0834415	0.00681504	0.0214954	0.79879	0.157337	0.506079	1.01538	2.32121	5	1.121024
1403000	-125.4443	-177.6277	52.1834	10	1.129762	0.00219904	0.000416346	0.00810224	0.0357998	0.0125558	0.0161536	0.022187	0.0979612	0.00371511	0.0152954	0.615775	0.162094	0.512559	1.01856	2.30678	5	0.83016
1404000	-128.7514	-180.9055	52.15402	10	1.031455	0.00645299	0.012535	0.0529925	0.00952046	0.016714	0.0252829	0.0122139	0.119244	0.00168528	0.115769	0.898781	0.143187	0.486006	1.00502	2.36578	5	1.271192
1405000	-133.1847	-182.3314	49.14674	10	2.473931	0.0149269	0.00337642	0.0700309	0.0371604	0.0332154	0.0343303	0.00719213	0.0338918	0.0123	0.00343915	0.965926	0.343971	0.697498	1.07833	1.88021	5	1.21579
1406000	-121.3016	-181.8338	60.53214	10	0.9960699	0.0027986	0.000913516	0.0236227	0.00925345	0.00657931	0.0396724	0.0132172	0.00488267	0.0611162	0.0726128	0.466159	0.136169	0.475567	0.999346	2.38892	5	0.7008276
1407000	-135.081	-181.0702	45.98922	10	1.283002	0.00307342	0.00120893	0.00712239	0.00999158	0.0188854	0.00490665	0.0263846	0.0898016	0.0346217	0.0139959	0.328268	0.189773	0.547943	1.03466	2.22763	5	0.5382606
1408000	-121.3847	-181.0718	59.68709	10	0.7581759	0.00919756	0.00667836	0.010138	0.0465025	0.00380502	0.0276804	0.0326979	0.0033069	0.139119	0.0223227	0.631916	0.0866335	0.389734	0.944656	2.57898	5	0.933365
1409000	-124.1746	-180.9018	56.72715	10	1.222969	0.00435387	0.0236258	0.0382043	0.0140501	0.0198206	0.0223674	0.00244041	0.093709	0.0149771	0.0295681	0.495904	0.179191	0.534853	1.02896	2.257	5	0.7590209
1410000	-119.9203	-181.1527	61.23236	10	0.4107424	0.00107408	0.00196882	0.0431067	0.0212789	0.0119866	0.0103234	0.00450459	0.00288116	0.171141	0.012284	0.51949	0.0182942	0.189734	0.742648	3.04932	5	0.8000385
1411000	-145.2317	-184.8413	39.60954	2	2.572461	0.0119797	0.00913108	0.0177112	0.00195174	0.0164424	0.00250718	0.0182971	0.0430734	0.00179692	0.0336343	0.391525	0.353221	0.704724	1.07941	1.86265	4	0.5480506
1412000	-145.7945	-190.1857	44.39114	10	1.049798	0.00765252	0.0329193	0.00127242	0.0439615	0.0307399	0.00928617	0.0639906	0.0138278	0.189654	0.0355642	0.609857	0.146782	0.491224	1.00778	2.35421	5	1.038726
1413000	-119.2926	-178.4286	59.136	10	0.8912094	0.00458813	0.00330543	0.00242398	0.0401129	0.0160867	0.00219707	0.0238093	0.203863	0.014026	0.0196798	0.533555	0.114769	0.44142	0.979344	2.46447	5	0.8636479
1414000	-126.5697	-178.3535	51.78386	10	2.58682	0.0225749	0.0074754	0.0226606	0.00268046	0.0188448	0.00410791	0.0159378	0.0159833	0.135226	0.0439012	0.656168	0.354536	0.705739	1.07955	1.86018	5	0.9455603
1415000	-126.4775	-182.0102	55.53271	10	0.6386614	0.0142129	0.00875971	0.0596363	0.00365694	0.0239827	0.0327337	0.0367563	0.00372292	0.094789	0.0314055	0.543705	0.0611674	0.333093	0.89983	2.70591	5	0.8533611
1416000	-118.6019	-179.2694	60.6675	10	0.834216	0.0103414	9.95951e-05	0.051704	0.0208337	0.00277044	0.0194148	0.00700833	0.174868	0.00643577	0.0213414	0.459598	0.102816	0.420553	0.966003	2.51063	5	0.7744155
1417000	-135.1147	-181.9184	46.8037	10	4.903801	0.00467835	0.000867587	0.126166	0.000458065	0.00971402	0.0571279	0.0160144	0.000592482	0.000405618	0.0537158	0.689007	0.498032	0.801618	1.08347	1.61688	5	0.9587476
1418000	-142.3983	-177.5713	35.17301	2	1.796029	0.0190585	0.00153637	0.0128723	0.0239872	0.00539854	0.00948607	0.0223003	0.0098789	0.0981274	0.0242124	0.741061	0.267648	0.631409	1.06393	2.03701	4	0.9679189
1419000	-147.7398	-179.3297	31.58995	2	1.640865	0.0222065	0.00280389	0.00184099	0.0338083	0.0106215	0.0483419	0.0118641	0.195007	0.00756912	0.0219371	0.811941	0.246286	0.610439	1.05772	2.08555	4	1.167942
1420000	-124.478	-185.2486	60.77057	10	1.5769	0.00768415	0.0234598	0.000801576	0.00448711	0.00207727	0.000856207	0.0323941	0.272562	0.024836	0.0215454	0.282834	0.236961	0.600875	1.05464	2.10753	5	0.6735375
1421000	-147.2579	-185.6711	38.41315	2	0.9164134	0.00698593	0.000825232	0.0268783	0.00710015	0.0147939	0.0311438	0.00852597	0.0993524	0.0251912	0.0195641	0.25209	0.119989	0.450101	0.984641	2.44527	4	0.4924504
1422000	-150.1314	-182.6548	32.52347	2	1.221064	0.00815516	0.00373983	0.092008	0.052875	0.0215132	0.0117692	0.0114661	0.105882	0.0106292	0.0143137	0.621467	0.178849	0.534422	1.02877	2.25796	4	0.9538181
1423000	-123.5951	-179.5554	55.96032	10	0.7878834	0.00531607	0.00765059	0.0348738	0.0151049	0.022863	0.0270215	0.0129908	0.0795054	0.00387119	0.0232475	0.53426	0.0929779	0.40221	0.95354	2.55127	5	0.7667048
1424000	-128.7914	-180.7283	51.93696	10	2.330073	0.00983456	0.0167847	0.0208052	0.0472903	0.00420272	0.0493265	0.0550946	0.00936609	0.168433	0.000628257	0.70846	0.32973	0.686075	1.07641	1.90778	5	1.090226
1425000	-130.1543	-182.4338	52.27945	10	1.315423	0.0162732	0.00739352	0.110743	0.0119347	0.00123067	0.0450863	0.0106622	0.0174729	0.00373977	0.0514831	0.72825	0.19535	0.554643	1.03745	2.21255	5	1.004269
1426000	-126.7409	-181.1937	54.45277	10	1.735201	0.00270164	0.00513969	0.0635333	0.0134585	0.0403034	0.00972299	0.0227462	0.0987215	0.00743814	0.0172716	0.704011	0.259478	0.623537	1.06169	2.05529	5	0.9850477
1427000	-126.7817	-181.5874	54.80567	10	0.3808856	0.00585925	0.00273942	0.0477448	0.023278	0.00423521	0.0342258	0.000177522	0.0201137	0.0490087	0.0656363	0.704229	0.0140562	0.167339	0.709739	3.10887	5	0.9572471
1428000	-123.0812	-178.406	55.32476	10	0.8676949	0.013853	0.00929147	0.0266159	0.00851573	0.0131367	0.016249	0.00370078	0.0109418	0.0996414	0.0320382	0.52875	0.109861	0.433025	0.974081	2.48303	5	0.762734
1429000	-127.2239	-179.7392	52.51533	10	1.267872	0.00946058	0.00435936	0.176844	0.0675273	0.023018	0.0252548	0.0210961	0.0045166	0.00427567	0.00345802	1.14744	0.187138	0.54473	1.03329	2.23485	5	1.487245
1430000	-131.2542	-182.6282	51.37404	10	0.6452195	0.0174608	0.00286069	0.07765	0.00716706	0.0237474	0.021361	0.034732	0.0133181	0.146421	0.039588	0.753475	0.0625487	0.336495	0.902745	2.69821	5	1.137781
1431000	-131.2781	-181.4302	50.15218	10	1.341831	0.0135505	0.00241528	0.00925512	0.00607996	0.000683014	0.0329107	0.0496396	0.0181159	0.0435838	0.0336369	0.578515	0.199823	0.559921	1.0396	2.20065	5	0.7883862
1432000	-133.1403	-180.4976	47.35734	10	3.999093	0.0233227	0.0134689	0.047523	0.00883471	0.0127224	0.000443527	0.0409589	0.019967	0.235586	0.0324966	0.713692	0.454312	0.775178	1.0844	1.68611	5	1.149016
1433000	-150.9742	-180.6956	29.7214	1	0.7354973	0.00700417	0.00234324	0.0659007	0.0126153	0.0083503	0.0354701	0.0155088	0.0786083	0.00444206	0.02321	0.784998	0.0817809	0.379808	0.937344	2.60107	3	1.038451
1434000	-144.1474	-179.6666	35.51927	2	0.9567919	0.00854028	0.00173265	0.102063	0.001126	0.00762157	0.0155521	0.0252821	0.000553067	0.098021	0.0414031	0.640822	0.128254	0.463368	0.992455	2.41592	4	0.9427166
1435000	-127.278	-180.2469	52.96888	10	3.672317	0.0195618	0.00424131	0.0216815	0.00662147	0.000138514	0.0354296	0.0360224	0.00681555	0.0900804	0.0351855	0.430716	0.435402	0.763056	1.08429	1.71725	5	0.6864939
1436000	-123.8923	-180.5604	56.66806	10	0.5764362	0.00279488	0.00517158	0.0382926	0.00591865	0.00674441	0.00447648	0.00606501	0.0521086	0.0601751	0.0424276	0.966967	0.0482873	0.298918	0.868804	2.78399	5	1.191142
1437000	-127.8991	-181.5183	53.61913	10	1.083639	0.0122645	0.00329938	0.0565191	0.0113253	0.0234008	0.0176576	0.0341969	0.0308834	0.0566209	0.0613734	0.617463	0.153334	0.500525	1.01259	2.33356	5	0.9250046
1438000	-133.2906	-183.2024	49.91184	10	2.328261	0.00611091	0.00123829	0.140308	0.0538637	0.0181036	0.0132176	0.0193936	0.0635856	0.137986	0.00319361	0.570035	0.329545	0.685924	1.07639	1.90814	5	1.027036
1439000	-134.3076	-181.0039	46.69629	10	0.872369	0.00632107	0.013811	0.0442449	0.0580639	0.00954017	0.0699178	0.0151127	0.141356	0.0188169	0.00764772	0.94343	0.110839	0.434717	0.975153	2.47929	5	1.328262
1440000	-132.7962	-182.2077	49.41144	10	1.847604	0.0194731	0.00544986	0.0613345	0.0149456	0.0025104	0.0294322	0.0039162	0.0674583	0.00246368	0.0314145	0.621799	0.274378	0.637764	1.06566	2.0222	5	0.860197
1441000	-123.105	-179.5033	56.39825	10	0.5837591	0.0247847	0.00596773	0.0110696	0.0022511	0.00290104	0.0151694	0.0148074	0.00461977	0.201993	0.0396284	0.574745	0.0497766	0.303123	0.872802	2.7743	5	0.8979374
1442000	-152.5261	-189.1195	36.59344	2	0.7194435	0.00237173	0.0471756	0.0256136	0.00196774	0.0169743	0.0227621	0.00695524	0.00114313	0.176993	0.0534794	0.348551	0.0783453	0.372561	0.931866	2.61723	4	0.7039867
1443000	-153.7906	-184.8638	31.07324	2	3.81568	0.00129526	0.0382381	0.108623	0.00941108	0.0073712	0.026139	0.03686	0.0836994	0.0270636	0.04531	0.671014	0.443941	0.768584	1.08438	1.70309	4	1.055025
1444000	-154.2861	-185.9093	31.62324	2	1.674333	0.000358937	0.00747186	0.154205	0.0466273	0.0318841	0.0809783	0.0143578	0.0376815	0.0538515	0.0136441	1.01759	0.251041	0.615217	1.05921	2.07453	4	1.458647
1445000	-124.4005	-178.8806	54.48011	10	1.965578	0.0162397	0.00294174	0.00160047	0.0084337	0.000167042	0.0160825	0.0293493	0.0254579	0.152604	0.0295573	0.58761	0.289131	0.651303	1.0691	1.99046	5	0.8700435
1446000	-121.4304	-180.5655	59.13516	10	2.383013	0.00494221	0.0011715	0.014561	0.000776371	0.00437096	0.0591289	0.0194869	0.292262	0.00190035	0.0335617	0.520781	0.335077	0.690407	1.07717	1.89735	5	0.9529435
1447000	-127.9757	-180.1811	52.2054	10	2.057645	0.0088578	0.00595185	0.0141734	0.0306491	0.013484	0.0226809	0.0226331	0.132887	0.00660371	0.0153173	0.512657	0.30006	0.661007	1.07137	1.96757	5	0.7858946
1448000	-128.5164	-182.8575	54.3411	10	4.483574	0.0107792	0.0199907	0.126	0.00406322	0.00375046	0.00969082	0.00796093	0.141257	0.00765318	0.0561068	0.461827	0.479103	0.79043	1.08406	1.6464	5	0.849079
1449000	-136.1049	-184.5031	48.39817	10	0.8699681	0.0109389	0.00405482	0.0725934	0.0137613	0.00433495	0.0160343	0.0303605	0.0772409	0.0284203	0.0283123	0.348574	0.110337	0.433849	0.974604	2.48121	5	0.6346261
1450000	-130.6125	-179.9037	49.29117	10	4.347863	0.0038183	0.0254525	0.00793636	0.00964791	0.00455351	0.0156893	0.0128615	0.122389	0.0201472	0.0211408	0.644005	0.472508	0.78644	1.0842	1.65685	5	0.8876418
1451000	-127.5022	-180.1853	52.68314	10	1.633973	0.0124912	0.0173651	0.0620218	0.0148512	0.00798079	0.0309464	0.0103391	0.00672358	0.119608	0.0341492	0.495399	0.245296	0.609437	1.05741	2.08786	5	0.8118755
1452000	-152.1151	-183.618	31.50287	2	0.6137196	0.0137651	0.0191675	0.00675507	0.00666047	0.00270218	0.0273746	0.00612854	0.0281847	0.112081	0.0394855	0.963934	0.0559495	0.319813	0.88816	2.73608	4	1.226239
1453000	-123.7585	-182.7253	58.96677	10	2.948277	0.0172056	0.026886	0.0607485	0.00354856	0.00657607	0.0399646	0.016423	0.00795386	0.0923793	0.0519047	0.431249	0.385221	0.728623	1.08225	1.80391	5	0.754839
1454000	-129.8163	-181.1231	51.30684	10	2.372988	0.0131634	0.00973607	0.0111402	0.00640205	0.0115788	0.0100277	0.00549982	0.11379	0.00639002	0.015258	0.587667	0.334074	0.689599	1.07703	1.8993	5	0.7906533
1455000	-125.4178	-178.0493	52.63146	10	0.8418532	0.00593134	0.00109676	0.00962513	0.0232275	0.00288022	0.014509	0.0152087	0.143679	0.00355631	0.00802201	0.573792	0.104428	0.423454	0.96791	2.50421	5	0.8015274
1456000	-131.8269	-184.2162	52.38933	10	1.149185	0.0246379	0.00144645	0.0508475	0.0079889	0.00604733	0.0205277	0.0232287	0.00310678	0.00203917	0.0172836	0.466165	0.165724	0.517419	1.02091	2.29595	5	0.6233195
1457000	-127.9565	-182.7147	54.75822	10	1.400744	0.011643	0.0205154	0.0111824	0.0181902	0.00468765	0.0189069	0.0198396	0.157375	0.0412138	0.0280141	0.390444	0.209574	0.571156	1.04402	2.17525	5	0.7220123
1458000	-116.2603	-176.803	60.54268	10	0.7187077	0.00321869	0.000550098	0.0431111	0.0053205	0.0111077	0.0229437	0.0152057	0.003063	0.0785011	0.0323069	0.547827	0.0781879	0.372225	0.931608	2.61798	5	0.7631557
1459000	-145.5753	-183.6524	38.07718	2	0.9297121	0.0136427	0.00325872	0.0084633	0.0057401	0.0252194	0.000237966	0.0202026	0.0198357	0.154449	0.0178777	0.421463	0.122725	0.454555	0.987302	2.43542	4	0.6903904
1460000	-140.1132	-178.4045	38.29136	2	1.388445	0.00827544	0.00544989	0.0207297	0.00789132	0.0137265	0.0185333	0.0119965	0.00584301	0.149564	0.0159603	0.521218	0.207564	0.56887	1.04314	2.18043	4	0.7791879
1461000	-144.444	-182.0515	37.60751	2	0.7043838	0.00293251	0.000642476	0.00715909	0.0158759	0.0232732	0.0431318	0.0474266	0.126734	0.00229597	0.0115383	0.733554	0.0751249	0.365591	0.926482	2.6328	4	1.014564
1462000	-142.7982	-180.3718	37.57352	2	1.6095	0.0181385	0.00481656	0.0236966	0.0228441	0.00458723	0.0166289	0.0305878	0.174087	0.000373102	0.0103747	0.524469	0.241753	0.605823	1.05625	2.09617	4	0.8306043
1463000	-125.4432	-182.4979	57.05472	10	0.6681582	0.0146793	0.00651111	0.0670143	0.00785231	0.0104961	0.0147503	0.00407502	0.0162017	0.020221	0.0205832	0.411374	0.0674041	0.348111	0.912472	2.67201	5	0.5937587
1464000	-131.397	-183.0632	51.66615	10	0.7857105	0.00735908	0.00932176	0.0410661	0.0116617	0.00334022	0.0102452	0.0146482	0.00350067	0.0665412	0.00511777	0.742813	0.0925146	0.401317	0.952915	2.55325	5	0.9156152
1465000	-140.0583	-183.7063	43.64805	10	1.433782	0.0475348	0.00365043	0.110138	0.017919	0.00645013	0.0151046	0.0245827	0.0045813	0.17792	0.0574756	0.725637	0.21491	0.57715	1.04628	2.16166	5	1.190995
1466000	-127.5156	-184.3912	56.87557	10	2.326355	0.0162631	0.0208795	0.0419028	0.00779848	0.0234055	0.0210242	0.0256742	0.0316925	0.158142	0.04951	0.465068	0.32935	0.685764	1.07636	1.90853	5	0.8613607
1467000	-148.6886	-183.9251	35.23648	2	1.570354	0.0176755	0.00286463	0.106497	0.0234832	0.0234493	0.0231464	0.00270821	0.017899	0.0865734	0.0237747	0.476594	0.235989	0.599863	1.0543	2.10985	4	0.8046653
1468000	-123.9385	-179.4258	55.48735	10	1.026193	0.00747018	0.00239347	0.0337073	0.00251477	0.0153986	0.0102444	0.0303807	0.0145543	0.130533	0.0132976	0.575413	0.14215	0.484486	1.00421	2.36916	5	0.8359065
1469000	-128.4139	-181.4904	53.07655	10	1.324108	0.00717435	0.00478671	0.0701863	0.00206932	0.021197	0.0230938	0.0202162	0.00140704	0.0882091	0.0487201	0.367071	0.196828	0.556396	1.03817	2.2086	5	0.6541306
1470000	-122.737	-179.0673	56.33035	10	0.7835127	0.00595592	0.00737553	0.0276823	0.00236732	0.0254806	0.0169228	0.0126488	0.010997	0.0764578	0.0253039	0.397925	0.0920459	0.40041	0.95228	2.55526	5	0.609117
1471000	-124.2466	-180.5811	56.33449	10	0.7074978	0.00321368	0.00110491	0.00376475	0.0180472	0.0169057	0.00991799	0.0141431	0.152069	0.0350188	0.00274776	0.52508	0.0757905	0.367046	0.927615	2.62955	5	0.7820136
1472000	-133.9917	-181.5412	47.54952	10	4.177957	0.00544301	0.0192874	0.0377788	0.016659	0.0178858	0.0175486	0.0114502	0.132098	0.013	0.00947579	0.486182	0.463879	0.781147	1.08433	1.67064	5	0.7668094
1473000	-144.8868	-185.251	40.36423	2	2.015496	0.00912945	0.00448544	0.00748189	0.000153067	0.00388673	0.0141307	0.0620963	0.0555806	0.0346371	0.0619771	0.43025	0.295117	0.656651	1.07037	1.97786	4	0.6838086
1474000	-121.5647	-177.4926	55.92791	10	1.212607	0.0251008	0.00685678	0.0117893	0.00209751	0.00626546	0.0134592	0.0278416	0.0922183	0.0127183	0.0403822	0.767453	0.17733	0.532498	1.0279	2.26227	5	1.006183
1475000	-127.7521	-180.0511	52.299	10	0.8269986	0.00900206	0.00893822	0.0590638	0.00828444	0.0205926	0.00726216	0.0292773	0.0382986	0.0172308	0.0222633	0.602649	0.101289	0.417781	0.964164	2.51677	5	0.8228622
1476000	-123.2834	-180.5033	57.21994	10	1.956116	0.00682636	0.00556724	0.0405077	0.041941	0.0111705	0.00916458	0.00735934	0.00746715	0.111435	0.0326319	0.503215	0.287979	0.650264	1.06885	1.9929	5	0.7772863
1477000	-150.0117	-184.6761	34.66442	2	0.6854067	0.00591585	0.0254612	0.078786	0.0430875	0.0175229	0.0192508	0.0210288	0.0823847	0.00145659	0.0521062	0.727727	0.0710742	0.356563	0.919338	2.65303	4	1.074728
1478000	-129.2119	-183.0632	53.85135	10	1.353011	0.023408	0.000501143	0.0145531	0.0177882	0.0200399	0.0280445	0.0105137	0.23794	0.0163692	0.045412	0.402552	0.201697	0.56211	1.04048	2.19571	5	0.8171218
1479000	-132.1771	-182.1612	49.98403	10	1.041781	0.0154732	0.00744188	0.0237932	0.000371002	0.0283683	0.0725596	0.0404896	0.101416	0.00900147	0.0325269	0.8859	0.145214	0.48896	1.00659	2.35923	5	1.217342
1480000	-123.1528	-180.8968	57.74396	10	0.6878637	0.00445492	0.00312203	0.0819232	0.00279327	0.0202288	0.0168343	0.00537009	0.00739796	0.00282326	0.0445004	0.571623	0.071598	0.357747	0.920287	2.65037	5	0.7610707
1481000	-129.7127	-178.1372	48.42444	10	4.309021	0.0111643	0.00271227	0.00835153	0.00554926	0.0163859	0.00253027	0.0125588	0.119353	0.00813881	0.0533577	0.549309	0.470573	0.78526	1.08424	1.65993	5	0.7894112
1482000	-120.7368	-179.3483	58.61148	10	0.5645961	0.00779437	0.0208321	0.0347775	0.0212366	0.0116489	0.0282705	0.0115139	0.0835399	0.0151652	0.018951	0.695509	0.0458982	0.29201	0.862123	2.79997	5	0.9492395
1483000	-128.5512	-179.4703	50.91915	10	2.125456	0.00969645	0.00313483	0.0495261	0.0526097	0.0181352	0.0184576	0.0206242	0.0317039	0.0666863	0.00854555	0.838838	0.307804	0.667724	1.07283	1.95164	5	1.117957
1484000	-117.7379	-178.6748	60.93689	10	0.7496393	0.00629653	0.00148516	0.0047753	0.00577444	0.0101672	0.0371664	0.00559618	0.0100717	0.115964	0.0664605	0.491947	0.0848074	0.38604	0.941961	2.58719	5	0.7557041
1485000	-135.6536	-183.0874	47.43376	10	1.069851	0.0156522	0.0148545	0.0950835	0.0363903	0.00108347	0.0437515	0.00289935	0.103335	0.0215506	0.022674	0.692981	0.150677	0.496785	1.01067	2.34186	5	1.050255
1486000	-149.0773	-181.3158	32.23848	2	2.209412	0.00222311	0.00405274	0.00206046	0.0213435	0.0255031	0.0143723	0.0550324	0.210175	0.000810728	0.0132899	0.744742	0.317053	0.675582	1.07444	1.93292	4	1.093605
1487000	-148.3065	-184.1564	35.84985	2	1.463121	0.019975	0.00556069	0.0376178	0.00134738	0.0137408	0.0318613	0.011344	0.016822	0.0474807	0.028015	0.426216	0.219569	0.582301	1.04818	2.14995	4	0.6399805
1488000	-123.9924	-180.7402	56.74782	10	1.799753	0.0368652	0.0025126	0.0254538	0.0693831	0.0109714	0.0325231	0.0358515	0.110967	0.00184102	0.0168734	1.01935	0.26814	0.631878	1.06406	2.03592	5	1.362595
1489000	-134.4478	-181.1631	46.71524	10	0.9615386	0.0301122	0.00276613	0.0150316	0.0390862	0.00450877	0.00558447	0.0179198	0.0876892	0.0182326	0.0249749	0.731743	0.129217	0.464878	0.993323	2.41258	5	0.977649
1490000	-126.783	-182.0703	55.28735	10	2.109205	0.00204608	0.0108257	0.088899	0.0139693	0.00349087	0.0313336	0.0264243	0.0155494	0.109984	0.0265684	0.436838	0.305971	0.666146	1.0725	1.95539	5	0.7659291
1491000	-127.2997	-183.5381	56.2384	10	1.446269	0.00407761	0.0382522	0.17398	0.00130233	0.00281634	0.0436718	0.0103148	0.144552	0.0167565	0.0827845	0.693646	0.216902	0.579361	1.0471	2.15663	5	1.212154
1492000	-123.4072	-180.7297	57.32256	10	1.62327	0.0265047	0.0198792	0.000858565	0.0386844	0.0132341	0.0180339	0.00614104	0.0916572	0.00717179	0.00222721	0.739336	0.243752	0.607867	1.05691	2.09147	5	0.9637278
1493000	-127.3284	-182.5649	55.2365	10	2.467311	0.00329065	0.0194645	0.0951234	0.000792572	0.0201459	0.0466416	0.0093577	0.00945743	0.112263	0.0864471	0.626088	0.343335	0.696996	1.07825	1.88142	5	1.029071
1494000	-123.9577	-178.3586	54.40092	10	0.9030132	0.00345648	0.000432052	0.0185222	0.00490895	0.0106654	0.000911019	0.0107001	0.00404698	0.0614721	0.0182611	0.345328	0.117219	0.445525	0.981867	2.45539	5	0.4787048
1495000	-126.3762	-181.6548	55.27851	10	1.348119	0.00805168	0.00488491	0.0273198	0.0153584	0.000320537	0.0395749	0.0624119	0.209888	0.0103924	0.0746884	0.583963	0.200878	0.561155	1.0401	2.19787	5	1.036854
1496000	-129.8041	-183.8488	54.04468	10	0.4914088	0.00795119	0.0053476	0.00853676	0.0354283	0.0361658	0.0292484	0.00314379	0.0406385	0.0209433	0.00520806	0.696461	0.0318067	0.24627	0.813915	2.90801	5	0.8890724
1497000	-150.8127	-180.1367	29.32401	2	1.186949	0.0069254	0.0139396	0.268127	0.0150614	0.0136574	0.00747963	0.0108376	0.0107148	0.00976146	0.0322534	1.08373	0.17268	0.526538	1.02519	2.2756	4	1.472492
1498000	-134.6874	-179.4794	44.79204	10	3.144671	0.00182742	0.0234453	0.0577083	0.0234799	0.00476366	0.0355009	0.0215581	0.259559	0.00678399	0.0315158	0.958725	0.400153	0.739236	1.08314	1.77747	5	1.424868
1499000	-133.88	-179.2146	45.33458	10	2.235439	0.0210375	0.00565651	0.113118	0.002841	0.00124437	0.0273678	0.0148962	0.0106042	0.00773829	0.0430173	0.930906	0.319847	0.677922	1.0749	1.92733	5	1.178427
1500000	-118.1029	-177.3694	59.26641	10	0.3162336	0.00558948	0.00154458	0.0141952	0.0050271	1.17418e-05	0.00721258	0.0125701	0.0152563	0.114215	0.0207451	0.371864	0.00670422	0.117168	0.622084	3.25404	5	0.5682312
1501000	-130.2613	-178.2505	47.98919	10	1.97247	0.0151675	0.00215345	0.0278157	0.0218143	0.0103202	0.043765	0.00802268	0.00772733	0.10053	0.0601889	1.07125	0.289966	0.652054	1.06929	1.98869	5	1.368754
1502000	-124.4871	-180.2272	55.74009	10	2.351419	0.00261143	0.00520049	0.00455831	0.0106674	0.0164857	0.0448671	0.000659637	0.13856	0.0237483	0.0247301	0.42834	0.331902	0.687841	1.07673	1.90353	5	0.7004284
1503000	-123.3703	-178.5309	55.16064	10	0.5694045	0.00915193	0.00213999	0.0371056	0.0230722	0.0103778	0.0112628	0.0154259	0.195053	0.0149689	0.00318762	0.63369	0.0468655	0.294831	0.864869	2.79343	5	0.9554358
1504000	-125.7298	-180.8446	55.11479	10	2.880725	0.0110195	0.00324287	0.000509787	0.0139536	0.00945673	0.00692416	0.0196403	0.103529	0.0113998	0.112885	0.588639	0.379819	0.724703	1.08186	1.81362	5	0.8812002
1505000	-122.7796	-179.5312	56.75158	10	1.127182	0.0161144	0.00517533	0.0267302	0.029859	0.00631142	0.0347415	0.00779017	0.0910768	0.00202135	0.0360193	0.760026	0.161609	0.511904	1.01825	2.30824	5	1.015866
1506000	-129.3808	-182.1078	52.72697	10	1.488073	0.00963825	0.0308831	0.0582029	0.0471595	0.00811183	0.0279997	0.0294683	0.0235413	0.158921	0.00145807	0.683298	0.223474	0.586559	1.04971	2.14025	5	1.078682
1507000	-121.3277	-181.1929	59.86522	10	1.003461	0.0167617	0.00106164	0.0190437	0.0441382	0.0116781	0.0381407	0.017473	0.00157778	0.0719622	0.0231648	0.505135	0.137644	0.47779	1.00057	2.384	5	0.7501366
1508000	-125.2919	-181.0323	55.74033	10	3.00143	0.0156327	0.00961581	0.0589705	0.0219338	0.00793848	0.00301899	0.0307888	0.000241939	0.195754	0.0388544	0.744222	0.389372	0.731607	1.08252	1.7965	5	1.126972
1509000	-127.5923	-178.2486	50.65631	10	1.958546	0.0142718	0.00890308	0.0308924	0.00941185	0.0191004	0.0210521	0.0129168	0.0266692	0.0985752	0.0572906	0.726261	0.288276	0.650532	1.06892	1.99228	5	1.025345
1510000	-121.537	-182.146	60.60901	10	2.69785	0.00794067	0.00237959	0.0700702	0.0031046	0.00388648	0.00361101	0.00272891	0.0240014	0.0612492	0.0229826	0.483141	0.364447	0.713296	1.08055	1.8417	5	0.685096
1511000	-125.4785	-179.0637	53.58516	10	2.187442	0.0135094	0.0266046	0.00222211	0.0235361	0.0128877	0.00414992	0.0194477	0.0338494	0.192907	0.0228773	0.706248	0.314668	0.673572	1.07404	1.93772	5	1.05824
1512000	-121.3192	-179.3051	57.98598	10	0.5140785	0.0103803	0.0068114	0.013076	0.0150822	0.0100253	0.0250656	0.0207337	0.00975502	0.060028	0.017918	0.818921	0.0360259	0.261007	0.830248	2.87272	5	1.007796
1513000	-125.3072	-186.8485	61.54132	10	2.439639	0.0271009	0.0178635	0.05992	0.0756877	0.0135525	0.0224604	0.0277307	0.00864386	0.196201	0.00212925	0.399156	0.340658	0.694874	1.07791	1.88656	5	0.8504461
1514000	-131.0967	-182.7464	51.64969	10	2.353223	0.0027464	0.0436867	0.0520586	0.00304931	0.00561125	0.00895898	0.0463729	0.0168674	0.121103	0.037095	0.583755	0.332084	0.687989	1.07675	1.90318	5	0.9213048
1515000	-129.6086	-181.5183	51.90973	10	1.859545	0.0333289	0.00169647	0.0557092	0.0252324	0.0245082	0.0189973	0.00939352	0.115527	0.000867362	0.0475666	0.649054	0.275912	0.639195	1.06604	2.01885	5	0.9818811
1516000	-128.8708	-182.5087	53.63786	10	1.099803	0.0122326	0.000889669	0.00497887	0.0916879	0.00990589	0.0135329	0.0137	0.0391419	0.139947	0.0367742	0.778001	0.156426	0.504823	1.01475	2.324	5	1.140792
1517000	-117.8781	-181.5588	63.6807	10	0.3376725	0.00619607	0.00586475	0.00876241	0.00464883	0.00608778	0.00246688	0.0178173	0.00272283	0.0437326	0.00650477	0.210437	0.00884248	0.133945	0.65397	3.20324	5	0.3152415
1518000	-129.9851	-180.9759	50.99087	10	1.362375	0.0128043	0.0136757	0.017282	0.0124454	0.00699427	0.0164691	0.00712344	0.0237052	0.112758	0.0433017	0.422376	0.203258	0.563922	1.0412	2.19162	5	0.6889347
1519000	-127.0681	-181.1793	54.11125	10	1.699444	0.0140008	0.015893	0.0520755	0.0254374	0.0193384	0.0096943	0.0115563	0.00758053	0.200564	0.020701	0.634231	0.254554	0.618706	1.06026	2.06648	5	1.011072
1520000	-120.5717	-182.7201	62.14837	10	0.3790721	0.000722938	0.00622769	0.0315636	0.00927445	0.00394971	0.0155709	0.00618259	0.00909944	0.0721236	0.00951602	0.209843	0.0138146	0.165958	0.707603	3.11262	5	0.3740743
1521000	-124.2697	-179.9558	55.68601	10	1.179687	0.00571184	0.0151948	0.116788	0.0129871	0.00932739	0.0155589	0.00662185	0.137042	0.00358565	0.0556339	0.872832	0.171353	0.524817	1.02439	2.27944	5	1.251283
1522000	-124.6158	-180.988	56.37219	10	1.04559	0.00420782	0.019296	0.0182858	0.0169197	0.0161004	0.00822646	0.0207814	0.0440635	0.143351	0.0350995	0.525136	0.14596	0.490039	1.00716	2.35684	5	0.8514675
1523000	-126.7052	-183.5718	56.86663	10	1.684065	0.0055975	0.0031757	0.037729	0.0347737	0.0169623	0.00135813	0.0752671	0.0232526	0.302284	0.0443484	0.567033	0.252408	0.616579	1.05962	2.07139	5	1.111781
1524000	-134.6044	-182.909	48.3046	10	1.024253	0.0482014	0.0135488	0.0932996	0.00246711	0.0267108	0.0116905	0.0153483	0.222491	0.00791562	0.0750703	0.971388	0.141768	0.483922	1.00391	2.37041	5	1.488132
1525000	-134.4173	-179.9471	45.52981	10	0.7662082	0.0072111	0.00478747	0.0103252	0.0394641	0.0148855	0.0298255	0.01369	0.0515263	0.00833197	0.00951772	0.752743	0.0883507	0.393165	0.947133	2.57135	5	0.942308
1526000	-127.13	-183.3362	56.2062	10	0.9658995	0.0073198	0.0256591	0.0670842	0.0281601	0.00946784	0.00413107	0.0167649	0.00722018	0.0152364	0.0334502	0.487457	0.130101	0.466257	0.994112	2.40953	5	0.7019507
1527000	-132.5491	-184.7175	52.16844	10	0.8143401	0.0101288	0.03179	0.0778918	0.0488296	0.0154636	0.0123745	0.0312383	0.152325	0.0122767	0.0371499	0.569522	0.0986063	0.412844	0.96085	2.5277	5	0.9989902
1528000	-127.8775	-180.8841	53.0066	10	1.396909	0.0281037	0.0131009	0.017752	0.0139018	0.00358681	0.0358814	0.0250283	0.140681	0.00841642	0.0204344	0.532432	0.208949	0.570446	1.04375	2.17686	5	0.8393182
1529000	-128.6715	-180.6783	52.00687	10	0.5977509	0.00205652	0.00678778	0.0301624	0.00527106	0.00470577	0.0119594	0.0247908	0.131537	0.029387	0.0183417	0.946001	0.0526445	0.31102	0.880167	2.75617	5	1.211
1530000	-124.7478	-178.9719	54.22402	10	0.9230812	0.00601037	0.0021577	0.00228346	0.00567503	0.00673995	0.00508851	0.0250167	0.0227403	0.118189	0.0437025	0.330576	0.121362	0.452345	0.985986	2.44031	5	0.56818
1531000	-130.2641	-179.6294	49.36522	10	0.3062623	0.00434551	0.00799634	0.049436	0.0152228	0.00500727	0.00235657	0.0100479	0.0106725	0.133317	0.0159738	0.966338	0.00581703	0.109375	0.606171	3.27864	5	1.220714
1532000	-121.8957	-176.629	54.73331	10	0.5703305	0.00416896	0.00933595	0.0142442	0.00920769	0.00645437	0.0201607	0.0213671	0.161964	0.0235579	0.0494259	0.940743	0.0470522	0.295372	0.865393	2.79218	5	1.26063
1533000	-125.5938	-181.265	55.67124	10	1.537985	0.00346672	0.00739249	0.025246	0.00661465	0.0162331	0.0277699	0.0160346	0.0101915	0.126151	0.024051	0.456096	0.231131	0.594759	1.05258	2.12153	5	0.7192465
1534000	-121.7284	-179.039	57.31062	10	0.3850942	0.00336057	0.000652056	0.0437724	0.0163662	0.0029076	0.0201651	0.00714954	0.00510351	0.0903884	0.0013471	0.614453	0.014624	0.170536	0.714633	3.10021	5	0.8056654
1535000	-133.6189	-181.2282	47.60928	10	2.659449	0.0178031	0.0375816	0.094354	0.0262527	0.0139031	0.00539435	0.017018	0.0479526	0.212654	0.0375278	0.95135	0.361071	0.71074	1.08023	1.84796	5	1.461791
1536000	-125.3203	-184.5199	59.19963	10	0.9577612	0.0270398	0.0223207	0.142451	0.0560764	0.0178394	0.0135082	0.00682386	0.135661	0.0348447	0.00364879	0.733599	0.128451	0.463677	0.992633	2.41524	5	1.193814
1537000	-130.9203	-181.3384	50.41805	10	1.144521	0.0122474	0.00786122	0.0389712	0.0115414	0.00344984	0.00286104	0.0299406	0.175585	0.0617218	0.0237872	0.514006	0.164855	0.516262	1.02035	2.29853	5	0.8819733
1538000	-122.5499	-178.2957	55.74581	10	0.7056238	0.0149169	0.00515227	0.0858036	0.000231022	0.00830778	0.0140368	0.00342226	0.00350792	0.0493687	0.0276113	0.673024	0.0753899	0.366172	0.926935	2.6315	5	0.8853822
1539000	-132.8479	-185.8883	53.04039	10	1.850492	0.00470978	0.0216359	0.0161425	0.0377756	0.00516112	0.0118779	0.0398849	0.0324614	0.026135	0.00965481	0.4649	0.27475	0.638111	1.06575	2.02138	5	0.670339
1540000	-125.6536	-180.0675	54.4139	10	0.8781654	0.0144789	0.00216155	0.0812088	0.0149706	0.00829267	0.0059188	0.00328872	0.00553667	0.126535	0.0216508	0.773509	0.112051	0.436799	0.976464	2.47469	5	1.057551
1541000	-128.683	-184.4655	55.78252	10	1.008748	0.0177395	0.00190125	0.142574	0.0082671	0.0124038	0.0282322	0.00638366	0.0104532	0.203659	0.0210209	0.430128	0.138696	0.479366	1.00143	2.3805	5	0.8827623
1542000	-122.8913	-184.0123	61.12093	10	0.7598191	0.0173044	0.00924064	0.0222457	0.00950264	0.0284487	0.0202154	0.00467013	0.057026	0.00975867	0.0275073	0.34167	0.0869849	0.390439	0.945168	2.57741	5	0.5475898
1543000	-124.5877	-179.3514	54.76367	10	2.230527	0.0178238	0.00449299	0.083162	0.0270431	0.014628	0.0182916	0.0158576	0.0878805	0.0356212	0.0316851	0.738547	0.319323	0.677484	1.07482	1.92838	5	1.075033
1544000	-135.0216	-184.0724	49.05075	10	2.433632	0.00512722	0.00170969	0.0373201	0.0541629	0.0401134	0.0158651	0.0120338	0.0400883	0.0834984	0.015092	0.588597	0.340073	0.694408	1.07783	1.88769	5	0.8936077
1545000	-133.0291	-184.4348	51.40571	10	4.56758	0.010884	0.0135478	0.17657	0.000141365	0.0271786	0.0694988	0.033944	0.0547874	0.0218283	0.0400657	0.6206	0.483062	0.792802	1.08396	1.64017	5	1.069046
1546000	-129.8191	-183.2832	53.46404	10	0.323693	0.00464696	0.00235936	0.0607037	0.00251243	0.00451369	0.0316554	0.0118275	0.00761394	0.0367076	0.020739	0.494277	0.00741282	0.123008	0.633528	3.23605	5	0.6775565
1547000	-128.4775	-184.9502	56.47269	10	2.070014	0.0165896	0.00992537	0.0164275	0.0152282	0.0240169	0.00234971	0.0338097	0.185112	0.0687438	0.0571071	0.470615	0.301492	0.662258	1.07165	1.9646	5	0.8999252
1548000	-127.2497	-181.1837	53.93394	10	3.258381	0.037408	0.00464848	0.0677274	0.0065294	0.00962942	0.0449699	0.0200473	0.139974	0.0327894	0.0485829	0.893556	0.408313	0.7449	1.08353	1.76326	5	1.305863
1549000	-129.5968	-188.6931	59.09634	10	1.986423	0.0189562	0.0134959	0.111254	0.0463302	0.000576385	0.0130646	0.0125783	0.0933839	0.0089493	0.00311691	0.305276	0.291649	0.653562	1.06965	1.98514	5	0.6269825
1550000	-132.2055	-184.3322	52.12668	10	1.127645	0.000957384	0.00304418	0.169608	0.0273288	0.00863723	0.0211054	0.0139285	0.140079	0.0637001	0.00943865	0.870436	0.161696	0.512022	1.0183	2.30798	5	1.328264
1551000	-126.3991	-181.0626	54.66349	10	1.081565	0.0101626	0.00269514	0.00604141	0.00571176	0.006358	0.0203883	0.0492034	0.281938	0.0053336	0.0467276	0.404949	0.152935	0.499966	1.0123	2.3348	5	0.8395091
1552000	-129.3426	-178.3613	49.01869	10	1.579582	0.00212675	0.00832872	0.0642027	0.0377454	0.00838805	0.0189291	0.0260342	0.00462765	0.13114	0.0144626	0.757357	0.237359	0.601288	1.05477	2.10658	5	1.073342
1553000	-133.6763	-180.6318	46.95551	10	4.082273	0.00175327	0.0171598	0.0067658	0.0526577	0.015805	0.0316978	0.00240874	0.268947	0.0102988	0.00638237	0.781299	0.458826	0.778007	1.08438	1.67879	5	1.195174
1554000	-146.353	-186.1978	39.84481	2	0.9010318	0.00338861	0.0107854	0.0157258	0.00344092	0.00819979	0.0286372	0.0286005	0.00135557	0.117295	0.00945748	0.247323	0.116809	0.444841	0.981449	2.4569	4	0.4742093
1555000	-117.0673	-179.1958	62.12856	10	2.145468	0.0094866	0.0116452	0.0234733	0.0137747	0.00337257	0.0385945	0.0106926	0.00251534	0.110443	0.037833	0.484423	0.310042	0.669642	1.07324	1.94708	5	0.7462532
1556000	-127.8524	-180.8605	53.00807	10	1.599731	0.0279846	0.00585237	0.0408202	0.0154786	0.00527832	0.0217888	0.0104367	0.0245069	0.155997	0.0517866	0.66084	0.240326	0.604357	1.05578	2.09954	5	1.02077
1557000	-123.4288	-180.7762	57.34745	10	2.150713	0.00680158	0.00228832	0.0111622	0.0171741	0.00343677	0.0443607	0.0134769	0.00202559	0.109637	0.0311682	0.298584	0.310625	0.670139	1.07334	1.94589	5	0.5401152
1558000	-132.7503	-184.2714	51.52109	10	0.4101061	0.00607522	0.01261	0.194383	0.059073	0.0161125	0.014694	0.014437	0.0143051	0.0279256	0.0151663	0.955701	0.018199	0.189264	0.741989	3.05055	5	1.330483
1559000	-146.0432	-183.2542	37.21096	2	0.9854937	0.047985	0.00215852	0.0209506	0.0293029	0.00167701	0.0419408	0.0226296	0.147399	0.0248584	0.0113026	0.743979	0.13405	0.472348	0.997554	2.39605	4	1.094183
1560000	-131.6442	-182.3245	50.68033	10	3.8723	0.0010593	0.00727914	0.00716051	0.0571841	0.0207338	0.0452233	0.0201295	0.186784	0.0341668	0.00729442	0.514533	0.447207	0.770674	1.0844	1.69772	5	0.9015476
1561000	-122.945	-179.0548	56.10977	10	0.3924768	0.00315733	0.00585521	0.0572805	0.0098911	0.00228808	0.0218317	0.00967657	0.00268747	0.0107395	0.0330948	0.633969	0.0156442	0.176114	0.72301	3.08523	5	0.790471
1562000	-125.3467	-180.5955	55.24875	10	0.6928005	0.00237703	0.00713539	0.0528226	0.0243114	0.00464352	0.0132488	0.00718053	0.00488849	0.0665604	0.0434287	0.451049	0.0726511	0.360113	0.922171	2.64506	5	0.6776456
1563000	-122.8232	-178.7437	55.92053	10	3.15051	0.011087	0.0058091	0.0379845	0.00290863	0.012239	0.0296341	0.0245259	0.0157252	0.211507	0.0323783	0.616168	0.400581	0.739535	1.08316	1.77672	5	0.999966
1564000	-123.3397	-177.5375	54.19778	10	0.8535029	0.0287738	0.00152194	0.0329409	0.0210503	0.0212703	0.0105638	0.0112141	0.116583	0.00843955	0.0221514	0.965637	0.106882	0.427815	0.970744	2.49456	5	1.240146
1565000	-120.1803	-182.0975	61.91718	10	1.155805	0.0109583	0.00640897	0.00527909	0.010303	0.0224834	0.00965959	0.0121685	0.0184718	0.0446916	0.0195728	0.299835	0.166953	0.519048	1.02168	2.29232	5	0.4598323
1566000	-135.708	-181.8221	46.11412	10	4.386667	0.0037661	0.00124275	0.0175277	0.00655037	0.0410213	0.0244448	0.0491406	0.15445	0.00868655	0.0701264	0.671539	0.47442	0.787602	1.08417	1.65381	5	1.048496
1567000	-128.0189	-179.5463	51.52739	10	0.8745077	0.00609912	0.00774462	0.0358136	0.0209842	0.0177756	0.0194535	8.09134e-05	0.126726	0.00596524	0.0178723	0.55126	0.111287	0.435487	0.975639	2.47759	5	0.8097748
1568000	-124.7938	-179.3921	54.59837	10	1.222655	0.0162656	0.00179383	0.00470685	0.0208918	0.0170622	0.023903	0.0121887	0.223943	0.00494864	0.00263951	0.799723	0.179134	0.534782	1.02893	2.25715	5	1.128065
1569000	-119.6215	-178.6049	58.98334	10	0.67235	0.0108917	0.00237031	0.025119	0.063507	0.0147818	0.00108762	0.0125993	0.115528	0.0134899	0.00252675	0.710516	0.0682948	0.350187	0.914175	2.66734	5	0.9724172
1570000	-131.019	-184.0846	53.06551	10	0.9204871	0.0189339	0.00439954	0.112578	0.00773175	0.0314214	0.0176747	0.00666753	0.00224767	0.0269695	0.0485014	0.671589	0.120828	0.451475	0.985465	2.44223	5	0.948715
1571000	-116.1339	-178.4661	62.33219	10	0.663772	0.0114059	0.00617587	0.0158784	0.0130503	0.00466588	0.026405	0.00392205	0.0196452	0.0741395	0.0357833	0.567945	0.0664732	0.345923	0.910666	2.67694	5	0.779016
1572000	-121.2762	-179.8562	58.57993	10	1.638915	0.00962579	0.0127577	0.0299611	0.0340831	0.0142686	0.000707049	0.0177479	0.110913	0.0309934	0.0212357	0.539669	0.246006	0.610156	1.05764	2.0862	5	0.8219617
1573000	-137.4657	-179.2588	41.79308	10	2.538241	0.0207687	0.0216645	0.0131755	0.0408207	0.027308	0.016961	0.020797	0.229254	0.0242021	0.0113672	1.01332	0.350052	0.702266	1.07905	1.86863	5	1.439641
1574000	-143.8173	-181.2258	37.4085	10	3.571781	0.000182152	0.00888567	0.077333	0.0982342	0.0130648	0.0201768	0.0319737	0.0108322	0.136935	0.039114	1.13928	0.42917	0.758965	1.08418	1.72768	5	1.576014
1575000	-123.7995	-181.0953	57.29578	10	1.677825	0.0200315	0.00102509	0.0101063	0.0292475	0.00538194	0.0654081	0.0304216	0.129365	0.00557558	0.0366136	0.561132	0.251532	0.615707	1.05936	2.0734	5	0.8943082
1576000	-135.9819	-179.6337	43.65181	10	3.335748	0.0214629	0.000448177	0.0273825	0.00542455	0.0122542	0.00542828	0.0446495	0.147925	0.00654566	0.0404045	0.714434	0.413676	0.748572	1.08374	1.75401	5	1.026359
1577000	-120.5179	-180.4383	59.92039	10	0.500253	0.0105744	0.00133197	0.0274152	0.0208584	0.0163056	0.00748558	0.00554441	0.00666126	0.0390092	0.0125258	0.351006	0.0334347	0.252081	0.820453	2.89403	5	0.4987179
1578000	-120.2371	-181.8012	61.56407	10	1.518042	0.00235334	0.0124023	0.0130402	0.0116987	0.00568463	0.00769753	0.0235456	0.0250927	0.0782048	0.0135593	0.302528	0.228096	0.591532	1.05146	2.12891	5	0.4958073
1579000	-153.269	-186.136	32.867	2	0.9739799	0.0127872	0.00601176	0.0884587	0.0424784	0.0145507	0.0265696	0.06231	0.0439297	0.0131915	0.0176653	0.836861	0.131733	0.468789	0.995551	2.40393	4	1.164814
1580000	-126.6171	-179.3328	52.71572	10	0.6688024	0.0158247	0.00234184	0.0686342	0.0231865	0.00435562	0.013288	0.0288985	0.0132252	0.11991	0.031174	0.621707	0.0675409	0.348431	0.912735	2.67129	5	0.9425462
1581000	-121.9477	-178.5463	56.5986	10	1.022846	0.0126875	0.0132567	0.0147196	0.00461368	0.00136837	0.0271406	0.0138815	0.0857465	0.0150071	0.0452581	0.582642	0.14149	0.483513	1.00368	2.37131	5	0.8163216
1582000	-124.2487	-181.2378	56.98905	10	0.8266154	0.0162407	0.0109717	0.00290956	0.0350846	0.0283297	0.0325689	0.0117291	0.124647	0.0119028	0.00293804	0.538771	0.101208	0.417633	0.964065	2.51709	5	0.8160925
1583000	-124.891	-178.9407	54.04964	10	1.331356	0.0150875	0.00856156	0.000905805	0.00887311	0.00355406	0.0128643	0.0453545	0.115202	0.00707138	0.0329233	0.644116	0.198056	0.557846	1.03877	2.20533	5	0.8945128
1584000	-127.5758	-177.9448	50.36896	10	2.119549	0.00729018	0.00221426	0.00802603	0.0340473	0.0247451	0.0239628	0.014917	0.00624166	0.225387	0.00171593	0.88363	0.307139	0.667153	1.07271	1.953	5	1.232177
1585000	-128.9668	-182.3803	53.41357	10	1.280535	0.00160414	0.00509876	0.125066	0.0264593	0.0246515	0.0035064	0.0252869	0.013931	0.00801082	0.00873174	0.620268	0.189345	0.547423	1.03444	2.2288	5	0.8626138
1586000	-135.8662	-184.353	48.4868	10	1.162414	0.0111785	0.00221755	0.00391212	0.0715399	0.0371763	0.00823243	0.0351117	0.112783	0.00117845	0.00238339	0.492219	0.168176	0.520662	1.02245	2.28872	5	0.777932
1587000	-120.1811	-179.5808	59.3997	10	1.991763	0.0200124	0.00272238	0.00113482	0.00838793	0.00828959	0.0200271	0.00362653	0.0138634	0.11551	0.0120702	0.413962	0.292289	0.654135	1.06978	1.98379	5	0.6196067
1588000	-120.8548	-177.9987	57.14382	10	0.4427257	0.00821916	0.00899269	0.0251942	0.0200158	0.00890004	0.000754696	0.0177943	0.0654636	0.0107151	0.00299029	0.759374	0.0233297	0.212892	0.773665	2.99011	5	0.928414
1589000	-128.532	-182.8822	54.35018	10	2.900036	0.0126942	0.000122331	0.0495556	0.0398583	0.0262873	0.0284214	0.0171652	0.153463	0.0257829	0.0208687	0.628112	0.381378	0.725839	1.08198	1.81081	5	1.002331
1590000	-126.7759	-183.7861	57.01022	10	2.605566	0.00692973	0.0115782	0.0194139	0.0480926	0.0117967	0.0201013	0.0025433	0.0412785	0.0363537	0.00390757	0.604884	0.356242	0.707052	1.07973	1.85698	5	0.8068792
1591000	-160.058	-184.6292	24.57119	2	0.2816676	0.00148017	0.0091031	0.116597	0.00983342	0.0296304	0.00330509	0.0190336	0.0220757	0.0158616	0.0295437	1.33785	0.00392632	0.0903328	0.563692	3.34205	4	1.594313
1592000	-146.2565	-183.8659	37.60935	2	1.185809	0.0173185	0.0157481	0.0254858	0.0427157	0.00812366	0.00576693	0.0173964	0.0277006	0.0562092	0.0042105	0.457613	0.172472	0.526269	1.02506	2.2762	4	0.6782883
1593000	-132.7469	-185.5475	52.80053	10	0.5969555	0.0157357	0.0136192	0.0304919	0.0294961	0.0127642	0.00305515	0.0161616	0.0554379	0.00531024	1.85528e-05	0.356425	0.0524807	0.310576	0.879758	2.75719	5	0.5385152
1594000	-134.8172	-188.8927	54.07549	10	1.417068	0.0285112	0.00433355	0.150911	0.079367	0.00625175	0.0616985	0.0270006	0.0156956	0.013971	0.0253724	0.675055	0.212222	0.574144	1.04516	2.16848	5	1.088168
1595000	-123.5126	-182.1495	58.63689	10	1.570999	0.0027995	0.00280416	0.0103663	0.0181698	0.0120413	0.00993401	0.0100335	0.159904	0.0163107	0.00545801	0.408861	0.236085	0.599963	1.05433	2.10962	5	0.6566822
1596000	-119.767	-178.7104	58.94345	10	1.529867	0.00787452	0.00558373	0.0442565	0.00831615	0.00887726	0.0130916	0.0274946	0.0916071	0.0162228	0.027712	0.544438	0.2299	0.593453	1.05213	2.12452	5	0.7954741
1597000	-123.3049	-184.1946	60.88971	10	0.604401	0.022711	0.0099248	0.070374	0.00634675	0.00142348	0.00388758	0.00315146	0.0146841	0.0298344	0.0413406	0.545015	0.054017	0.31471	0.883548	2.74773	5	0.7486935
1598000	-124.6983	-178.864	54.16568	10	1.082863	0.00854648	0.00278054	0.0134127	0.0072796	0.00758786	0.0051751	0.00852256	0.0655292	0.0147439	0.0289746	0.58125	0.153184	0.500316	1.01248	2.33402	5	0.7438025
1599000	-126.9439	-182.2428	55.2989	10	0.5587348	0.00162108	0.0095468	0.038895	0.00203825	0.0147303	0.0102574	0.0199438	0.311744	0.00118469	0.0276251	0.47141	0.0447248	0.288541	0.858712	2.80802	5	0.9089963
1600000	-129.4571	-181.309	51.85194	10	2.893863	0.0147885	0.0113019	0.000195012	0.0136841	0.00605538	0.00803103	0.0269615	0.0273652	0.137937	0.0564769	0.508578	0.380881	0.725477	1.08194	1.8117	5	0.8113743
1601000	-127.031	-178.71	51.67902	10	0.9367778	0.0114412	0.00212635	0.034161	0.0167758	0.00919961	0.0235408	0.00119027	0.0210053	0.308052	0.0255948	0.620646	0.124173	0.456888	0.98868	2.43026	5	1.073734
1602000	-127.2457	-181.185	53.93932	10	3.663708	0.00695426	0.0200336	0.0226064	0.0254003	0.0229881	0.0254144	0.0324483	0.0118645	0.20833	0.0194922	0.601632	0.434877	0.762713	1.08428	1.71813	5	0.997164
1603000	-122.0739	-181.521	59.44708	10	1.088957	0.00254104	0.00218014	0.0131904	0.00274387	0.0256561	0.0558953	0.0161403	0.00558203	0.0823129	0.0393916	0.388617	0.154354	0.501949	1.01331	2.33039	5	0.6342503
1604000	-125.2506	-182.064	56.81336	10	3.612728	0.0019678	0.0129532	0.0423906	0.019378	0.00652879	0.00493286	0.0307935	0.00903781	0.0512435	0.0391225	0.402965	0.431734	0.760654	1.08423	1.72338	5	0.6213136
1605000	-134.7356	-181.3951	46.65947	10	4.127657	0.00735554	0.0530693	0.0221442	0.00633422	0.0123868	0.0474432	0.0207925	0.00553067	0.0980323	0.0495749	0.751534	0.46124	0.779511	1.08436	1.67489	5	1.074198
1606000	-128.565	-185.2966	56.73157	10	0.7356488	0.0165372	0.0111593	0.0523585	0.0378043	0.0250623	0.0301655	0.00742301	0.0167349	0.20154	0.0379765	0.508849	0.0818133	0.379876	0.937395	2.60092	5	0.9456106
1607000	-126.5234	-182.1241	55.60064	10	1.989596	0.000875283	0.00203042	0.0291492	0.0374956	0.00603459	0.0108118	0.00964647	0.0195877	0.170305	0.0154777	0.410403	0.29203	0.653903	1.06973	1.98434	5	0.7118176
1608000	-119.3468	-183.6565	64.30978	10	1.298266	0.0132092	0.00401972	0.0308201	0.0575543	0.00892779	0.0232199	0.00236732	0.0151589	0.12682	0.0151668	0.3347	0.192411	0.551128	1.036	2.22046	5	0.6319636
1609000	-124.3784	-181.0757	56.6972	10	1.075018	0.00378758	0.00725417	0.0328332	0.000514316	0.00911777	0.077417	0.0212214	0.0637036	0.000622354	0.0339033	0.590381	0.151674	0.498195	1.0114	2.33873	5	0.8407553
1610000	-122.3816	-179.9028	57.52119	10	2.074486	0.005431	0.0189288	0.00298751	0.00624203	0.0106017	0.0102648	0.0219372	0.0509569	0.0102885	0.0579982	0.517872	0.302007	0.662708	1.07175	1.96354	5	0.713509
1611000	-122.3369	-180.6064	58.26944	10	0.5990078	0.0195163	0.00415929	0.051768	0.00452523	0.00558798	0.0070602	0.0205884	0.00765475	0.117802	0.0360481	0.417212	0.0529035	0.31172	0.880812	2.75456	5	0.6919221
1612000	-127.4531	-181.0428	53.58974	10	0.4529814	0.0173775	0.00193967	0.12274	0.00764044	0.00746842	0.024022	0.00661251	0.00259964	0.0111874	0.0486801	0.689418	0.0250404	0.220117	0.782794	2.97205	5	0.9396857
1613000	-128.6784	-180.7982	52.11977	10	0.7798559	0.00317901	0.000956174	0.0824216	0.00781583	0.0103388	0.0125188	0.0593817	0.00404931	0.0271345	0.0359788	0.920018	0.0912656	0.398896	0.951213	2.55863	5	1.163792
1614000	-126.888	-182.0862	55.19814	10	1.435458	0.00371081	0.00676331	0.00166075	0.0279314	0.0376147	0.0272579	0.0186108	0.087385	0.0038628	0.00920373	0.443161	0.215178	0.577449	1.0464	2.16098	5	0.6671621
1615000	-126.5415	-184.4902	57.94869	10	1.219696	0.0243567	0.00247696	0.0467141	0.0716236	0.0111885	0.0237836	0.014102	0.15532	0.0470242	0.00378232	0.512997	0.178604	0.534112	1.02863	2.25865	5	0.9133687
1616000	-132.4976	-186.0631	53.56551	10	2.290406	0.037472	0.00183665	0.0945049	0.0994396	0.00695413	0.0125658	0.0237142	0.0402481	0.0141866	0.00422723	0.610551	0.32564	0.682723	1.07581	1.91583	5	0.9457003
1617000	-124.3063	-178.3342	54.02798	10	1.513307	0.0176259	0.00298738	0.0499998	0.00719891	0.0200941	0.0300714	0.00522298	0.00854715	0.077302	0.0481022	0.657891	0.227371	0.590756	1.05119	2.13068	5	0.9250429
1618000	-131.7941	-186.9091	55.11497	10	1.567567	0.00584443	0.019047	4.88108e-05	0.0278169	0.002279	0.0379659	0.060632	0.0546997	0.00445211	0.0757882	0.567859	0.235574	0.59943	1.05415	2.11084	5	0.8564335
1619000	-131.181	-188.164	56.98294	10	0.3347804	0.0206703	0.0287736	0.0470146	0.00397541	0.0178873	0.0167305	0.0340646	0.0320353	0.025111	0.0556004	0.5649	0.00853597	0.131684	0.649845	3.20993	5	0.8467635
1620000	-129.3468	-179.6246	50.27789	10	1.551615	0.0141022	0.0178526	0.00266371	0.00796029	0.00310629	0.0154806	0.0097176	0.0770006	0.0020868	0.0244309	0.540772	0.233187	0.596928	1.05331	2.11657	5	0.7151734
1621000	-121.8749	-179.5417	57.66677	10	1.189752	0.0197255	0.00193433	0.0454297	0.00118236	0.00213721	0.0566164	0.0139027	0.0123725	0.101954	0.0385305	0.540365	0.173191	0.527198	1.02549	2.27412	5	0.8341506
1622000	-121.9192	-180.4547	58.53548	10	2.635186	0.00200999	0.000791632	0.0371834	0.0245414	0.0303416	0.0280088	0.0262902	0.0862754	0.0112588	0.0175035	0.565355	0.35891	0.709094	1.08001	1.85199	5	0.8295599
1623000	-127.2434	-180.6906	53.44716	10	0.6581061	0.00466102	0.00759237	0.00694383	0.00267259	0.010816	0.0244618	0.00956256	0.0857254	0.0106948	0.0170587	0.282139	0.0652723	0.343074	0.908296	2.68336	5	0.4623279
1624000	-120.8299	-177.2307	56.40077	10	1.785136	0.0121366	0.00302562	0.00965312	0.000616626	0.0158615	0.0064243	0.0129056	0.160376	0.0195896	0.0249196	0.570974	0.266204	0.63003	1.06355	2.04022	5	0.8364827
1625000	-124.1575	-178.7261	54.56859	10	3.735462	0.00895494	0.00170781	0.00931957	0.0272733	0.0170516	0.0163986	0.0234361	0.00859202	0.171609	0.0141813	0.463788	0.439212	0.765534	1.08434	1.71091	5	0.7623118
1626000	-113.9655	-178.8049	64.83936	10	0.5463025	0.00274729	0.00343429	0.0240492	0.0169157	0.00635683	0.0103175	0.0197203	0.00147957	0.0400955	0.0086753	0.514942	0.0422581	0.281073	0.85124	2.82543	5	0.6487335
1627000	-135.2554	-182.4116	47.15618	10	2.523775	0.0134232	0.010809	0.0347136	0.0451054	0.00912617	0.031689	0.00647204	0.070929	0.105886	0.024345	1.17714	0.348699	0.70121	1.07889	1.8712	5	1.529635
1628000	-126.6239	-182.6581	56.03419	10	0.7760242	0.0107197	0.00424666	0.119039	0.00776463	0.00213827	0.0107223	0.000200713	0.00263154	0.0236739	0.0210827	0.451109	0.0904477	0.397299	0.950084	2.56217	5	0.6533284
1629000	-131.0471	-179.7812	48.73412	10	1.851683	0.0197116	0.0123958	0.0200266	0.000991798	0.0131889	0.0185672	0.0187419	0.104632	0.00267598	0.0354857	0.537607	0.274903	0.638255	1.06579	2.02105	5	0.7840252
1630000	-125.1156	-182.5814	57.46579	10	0.8621541	0.0161076	0.00467826	0.0569952	0.0260758	0.00589724	0.00737082	0.0303407	0.0165139	0.0583948	0.0371472	0.416229	0.108699	0.431004	0.972793	2.4875	5	0.6757508
1631000	-126.2416	-181.9649	55.72329	10	1.358714	0.0123383	0.000100616	0.022438	0.00160847	0.0372399	0.0203219	0.0178658	0.143085	0.0155476	0.035878	0.39296	0.202649	0.563215	1.04092	2.19321	5	0.6993841
1632000	-126.4383	-180.8382	54.39996	10	3.200687	0.0131985	0.00575055	0.0450398	0.00751609	0.0201146	0.0083562	0.00671161	0.0254984	0.104493	0.0625412	0.499011	0.404215	0.742067	1.08334	1.77038	5	0.7982307
1633000	-127.8381	-182.029	54.19095	10	0.3412546	0.00477252	0.00312537	0.0375625	0.00448314	0.0196286	0.0179345	0.00313246	0.0132	0.000364568	0.0398092	0.66184	0.00922978	0.136742	0.659006	3.19502	5	0.8058532
1634000	-125.9997	-177.762	51.76231	10	0.7271228	0.002785	0.0118304	0.0197575	0.00148775	0.01064	0.0383114	0.0123098	0.141229	0.00519591	0.0248786	0.716741	0.0799885	0.376051	0.934519	2.60944	5	0.9851669
1635000	-142.3861	-182.0811	39.69496	2	1.035283	0.00594428	0.00336214	0.0891147	0.00302281	0.0118764	0.00744806	0.026387	0.0147061	0.0324086	0.0247743	0.403898	0.14394	0.487106	1.00561	2.36335	4	0.6229426
1636000	-131.7645	-185.9773	54.21282	10	1.027837	0.0296998	0.013949	0.0613413	0.0242224	0.00891205	0.0240174	0.0283803	0.113468	0.00140532	0.00323045	0.368634	0.142474	0.484962	1.00446	2.3681	5	0.6772601
1637000	-137.6489	-184.1181	46.46918	10	1.244759	0.00337058	0.00294495	0.164068	0.0315176	0.000751454	0.0715224	0.00891212	0.00368889	0.0241839	0.0477835	0.960947	0.183071	0.539711	1.03111	2.24611	5	1.319691
1638000	-132.3006	-188.303	56.00238	10	2.062976	0.00598044	0.00485597	0.0164087	0.0562913	0.00148968	0.0127049	0.0349007	0.0583299	0.0637381	0.00126906	0.527658	0.300678	0.661548	1.07149	1.96629	5	0.7836272
1639000	-123.1747	-181.9601	58.78543	10	0.5187483	0.00520691	0.00100937	0.147619	0.000933461	0.0202205	0.0152599	0.0150257	0.00690325	0.0342744	0.0650554	0.51009	0.0369131	0.263979	0.833445	2.86566	5	0.8215976
1640000	-139.4827	-186.7278	47.24505	10	0.7903469	0.0016925	0.00623186	0.0180186	0.0290268	0.0135276	0.0407202	0.011625	0.169626	0.0515451	0.0654048	0.495461	0.093503	0.403218	0.954244	2.54903	5	0.9028791
1641000	-115.7957	-179.3222	63.52643	10	0.2769558	0.0144715	0.00218359	0.00593051	0.0120787	0.00718898	0.0151206	0.013517	0.00568441	0.109556	0.00476931	0.344312	0.00361257	0.0867353	0.554995	3.35466	5	0.5348121
1642000	-124.5896	-179.5396	54.95005	10	0.6925983	0.0121782	0.00349992	0.037365	0.0276201	0.00372862	0.00852528	0.0105552	0.120201	0.01709	0.00621417	0.613938	0.072608	0.360017	0.922094	2.64528	5	0.860916
1643000	-119.0131	-181.1203	62.10718	10	1.996189	0.0224625	0.00356625	0.0207749	0.0227575	0.00814982	0.0228016	0.0193197	0.0971101	0.0166472	0.0159638	0.3422	0.292819	0.654608	1.06989	1.98268	5	0.5917535
1644000	-128.5796	-183.1393	54.55973	10	0.9714619	0.00370967	0.0178539	0.122576	0.0538739	0.00090942	0.0203574	0.0219113	0.150863	0.0102217	0.000184289	0.574473	0.131225	0.468003	0.995106	2.40567	5	0.9769333
1645000	-121.6808	-182.5964	60.91559	10	1.146798	0.00613675	0.00834718	0.143662	0.0139137	0.0142239	0.0242578	0.0107402	0.0159429	0.0168893	0.0421557	0.52873	0.165279	0.516828	1.02062	2.29727	5	0.8249995
1646000	-121.6908	-179.3729	57.68207	10	1.881111	0.0217852	0.000635305	0.0127766	0.0272538	0.00930988	0.0449883	0.0246083	0.10991	0.0121703	0.0175095	0.544238	0.278658	0.641745	1.06671	2.01289	5	0.8251852
1647000	-129.2072	-180.3013	51.09411	10	4.242741	0.0250863	0.00404851	0.0486577	0.0561665	0.0157644	0.0301678	0.011785	0.0116374	0.179115	0.0188594	1.03712	0.46722	0.783206	1.08429	1.66528	5	1.438409
1648000	-125.7821	-182.2073	56.42521	10	1.413762	0.00119738	0.00701827	0.012437	0.0298353	0.0124667	0.0133569	0.00855164	0.0564491	0.0749974	0.0190451	0.783495	0.211688	0.573543	1.04493	2.16984	5	1.01885
1649000	-116.3697	-176.4488	60.07905	10	0.7861898	0.0104093	0.00137255	0.00796702	9.02707e-05	0.00710076	0.0201505	0.0317638	0.0116573	0.158969	0.0411423	0.681931	0.0926168	0.401514	0.953054	2.55282	5	0.972554
1650000	-121.7081	-185.1568	63.4487	10	0.3625082	0.00425186	0.00379418	0.00239919	0.0149414	0.00219875	0.0196387	0.0310006	0.082598	0.0278864	0.0221653	0.294286	0.0116979	0.153248	0.6873	3.14775	5	0.5051603
1651000	-128.8712	-179.3736	50.50238	10	0.519492	0.00899654	0.00304775	0.00400173	0.0202887	0.00336512	0.0306988	0.00137669	0.235079	0.00894785	0.0284281	0.651894	0.0370549	0.26445	0.833949	2.86455	5	0.9961245
1652000	-122.6728	-182.2283	59.55551	10	1.531097	0.011276	0.00144516	0.0575902	0.0158445	0.0147186	0.0542981	0.0253216	0.00768539	0.105398	0.0154062	0.415563	0.230087	0.593652	1.0522	2.12406	5	0.724547
1653000	-133.0761	-182.511	49.4349	10	1.479974	0.0255941	0.0077855	0.0246994	0.0518001	0.0211261	0.0236581	0.0216462	0.0121576	0.238662	0.0014374	0.597419	0.222212	0.585189	1.04922	2.14338	5	1.025986
1654000	-116.6842	-182.9876	66.30344	10	0.3424575	0.00858773	0.0145178	0.0328036	0.00511343	0.0018738	0.0212319	0.00870923	0.0628038	0.0268189	0.0325458	0.377525	0.00936174	0.13768	0.660679	3.19228	5	0.592531
1655000	-130.1648	-182.3815	52.21672	10	1.968337	0.00573142	0.000560611	0.00695689	0.0308578	0.039134	0.0168464	0.0186636	0.0725084	0.0068929	0.04858	0.419805	0.289466	0.651604	1.06918	1.98975	5	0.666537
1656000	-129.3431	-183.0302	53.68713	10	1.474636	0.0196796	0.00259949	0.0721361	0.0069755	0.0332228	0.00370886	0.0129228	0.0453783	0.00262397	0.019663	0.702366	0.221378	0.584279	1.0489	2.14545	5	0.9212767
1657000	-120.5158	-178.964	58.44821	10	1.041118	0.0132866	0.00333742	0.0146115	0.0165144	0.0102415	0.0131317	0.00628149	0.0951812	0.00148775	0.013808	0.377221	0.145084	0.488771	1.00649	2.35965	5	0.5651027
1658000	-128.4561	-180.973	52.51691	10	2.474809	0.00986946	0.0170737	0.00371786	0.0420741	0.0124983	0.0146447	0.0160319	0.0793622	0.0123619	0.0375261	0.651641	0.344055	0.697565	1.07834	1.88004	5	0.8968015
1659000	-133.1139	-182.3344	49.22051	10	0.7882063	0.00678795	0.00142565	0.0219859	0.0408558	0.00175865	0.0119095	0.0386234	0.074741	0.0340921	0.0392171	0.530869	0.0930468	0.402342	0.953633	2.55098	5	0.8022656
1660000	-125.4587	-179.2759	53.81725	10	3.075355	0.00173899	0.00856792	0.0104139	0.00283623	0.0134856	0.0279655	0.0350213	0.217608	0.000546256	0.0829683	0.710814	0.395009	0.735617	1.08286	1.78651	5	1.111966
1661000	-134.0473	-186.9369	52.88959	10	1.776477	0.0105364	0.0123725	0.0735173	0.0105177	0.00923797	0.0511901	0.0541353	0.0153416	0.0236397	0.101961	0.633335	0.26505	0.628925	1.06324	2.04279	5	0.995785
1662000	-119.5224	-178.404	58.8816	10	1.775667	0.0132009	0.00997753	0.0105596	0.0067523	0.00217329	0.0284222	0.012453	0.00064099	0.104795	0.0363469	0.68804	0.264942	0.628821	1.06321	2.04303	5	0.9133615
1663000	-128.199	-180.3877	52.18869	10	3.943744	0.0160647	0.00416652	0.0494869	0.0465598	0.0146869	0.0392913	0.0116619	0.00209798	0.181898	0.0399996	0.848171	0.451245	0.773241	1.08441	1.69111	5	1.254086
1664000	-124.3165	-183.7382	59.42173	10	1.183322	0.00661782	0.0159863	0.107643	0.0303726	0.00257924	0.0715509	0.0508871	0.0052945	0.0342822	0.0130224	0.714712	0.172018	0.525681	1.02479	2.27751	5	1.052949
1665000	-123.9927	-178.4286	54.43591	10	1.555952	0.0121529	0.0113265	0.0137076	0.0175847	0.0017592	0.03792	0.00105083	0.140355	0.0259018	0.0471224	0.853251	0.233838	0.597612	1.05355	2.115	5	1.162132
1666000	-127.209	-182.7849	55.5759	10	0.6496134	0.00459264	0.0368801	0.00301886	0.0205992	0.00423869	0.00891963	0.0234452	0.0704639	0.00304594	0.0200163	0.462711	0.063476	0.338754	0.904663	2.69311	5	0.6579316
1667000	-148.0875	-180.2424	32.15489	2	1.95106	0.0207915	0.00413722	0.0148867	0.0503672	0.0159229	0.0130494	0.0175395	0.142417	0.046757	0.00189305	0.562045	0.287362	0.649706	1.06872	1.99422	4	0.8898062
1668000	-142.4418	-180.5831	38.14129	2	1.294256	0.0132311	0.000207585	0.0319775	0.0140001	0.0210292	0.00755466	0.0141018	0.00104971	0.25234	0.0418237	0.492212	0.19172	0.550297	1.03565	2.22233	4	0.8895271
1669000	-131.4797	-187.4378	55.95805	10	0.4927106	0.0142721	0.054951	0.0525929	0.0396046	0.00105705	0.0381799	0.0132532	0.181722	0.00616799	0.0034292	0.501335	0.0320448	0.247131	0.814891	2.90593	5	0.9065646
1670000	-131.9707	-177.6537	45.68299	10	1.307826	0.0202427	0.00634607	0.0273363	0.0100946	0.0119318	0.0107142	0.0140134	0.280129	0.00842925	0.0435769	1.05773	0.194052	0.553095	1.03682	2.21604	5	1.49054
1671000	-143.1139	-185.4424	42.32845	10	1.927569	0.0166687	0.0259941	0.0838632	0.0212344	0.00280204	0.0443651	0.0196179	0.015511	0.112114	0.0541663	0.581064	0.284472	0.647084	1.06807	2.00038	5	0.9774
1672000	-123.3957	-181.2205	57.82477	10	1.051858	0.00751121	0.000160862	0.00109113	0.0244807	0.0414619	0.0201265	0.0118743	0.0270249	0.141034	0.0185933	0.450484	0.147183	0.491803	1.00809	2.35293	5	0.7438436
1673000	-126.3577	-182.5432	56.18551	10	1.033858	0.0184428	0.00129438	0.0363428	0.0210479	0.0147377	0.0107168	0.00212767	0.157394	0.00822529	0.0176089	0.503961	0.14366	0.486697	1.00539	2.36425	5	0.7918995
1674000	-132.9651	-182.6167	49.6516	10	0.2287663	0.00328567	0.0039907	0.0397051	0.00138879	0.00318796	0.0558583	0.0118004	0.0103425	0.0598717	0.0298605	0.534646	0.00126529	0.0518436	0.454519	3.49237	5	0.7539377
1675000	-126.0794	-180.9945	54.91513	10	1.426621	0.00243537	0.034517	0.0486395	0.0054084	0.0094361	0.0148134	0.0143181	0.138735	0.0113955	0.0615607	0.585134	0.213761	0.575869	1.04581	2.16457	5	0.9263936
1676000	-118.6814	-180.318	61.63651	10	0.4968258	0.00893107	0.0121519	0.00990591	0.0242156	0.0080586	0.0238674	0.0053353	0.124846	0.0113269	0.00694154	0.329055	0.0328009	0.249839	0.817945	2.89942	5	0.5646346
1677000	-129.3307	-180.5494	51.21876	10	1.300125	0.0034761	0.0050869	0.0712301	0.0207903	0.0243591	0.0377855	0.0373922	0.0974151	0.00479276	0.020879	0.722929	0.192731	0.551512	1.03616	2.2196	5	1.046136
1678000	-123.8457	-182.1858	58.34017	10	2.031514	0.00151016	0.010922	0.0349656	0.0101323	0.0128779	0.0410264	0.0100602	0.0810026	0.00227104	0.0248301	0.330992	0.297008	0.658323	1.07076	1.97391	5	0.5605906
1679000	-122.506	-180.6262	58.12029	10	0.4691692	0.0123238	0.0105528	0.000901819	0.0359129	0.00843415	0.0102553	0.0122004	0.0274511	0.0732041	0.00275614	0.49252	0.0278258	0.231313	0.796471	2.94439	5	0.6865123
1680000	-123.1036	-178.5618	55.45827	10	2.296371	0.0183647	0.000162445	0.0183018	0.0211748	0.00278318	0.0445801	0.0310225	0.140587	0.0150512	0.0199826	0.623363	0.32626	0.683233	1.0759	1.91461	5	0.9353734
1681000	-127.1697	-185.0238	57.8541	10	1.934388	0.00288845	0.0254139	0.218079	0.0253791	0.00596866	0.0416243	0.0256212	0.0586789	0.0111974	0.0225915	0.534551	0.285315	0.64785	1.06826	1.99858	5	0.9719938
1682000	-125.0985	-179.4143	54.31572	10	1.027538	0.0102684	0.00564662	0.0187871	0.00508084	0.000208889	0.0178044	0.0144932	0.00354431	0.167391	0.0228844	0.471334	0.142415	0.484875	1.00442	2.36829	5	0.7374432
1683000	-127.593	-181.6697	54.07667	10	0.4826357	0.00550478	0.00574525	0.117425	0.0243518	0.0112956	0.00281872	0.0239816	0.0175669	0.0972542	0.0306031	0.80956	0.0302163	0.240429	0.807211	2.92214	5	1.146107
1684000	-124.2803	-180.463	56.18267	10	2.172944	0.0146982	0.00419873	0.011562	0.0394532	0.0154235	0.0297787	0.0185458	0.00828055	0.270292	0.0171172	0.49283	0.31308	0.672228	1.07377	1.94092	5	0.9221794
1685000	-127.4888	-180.3685	52.87976	10	1.349372	0.012262	0.00215421	0.022805	0.0425522	0.0145208	0.00401105	0.034712	0.136302	0.0153901	0.00249527	0.65721	0.201088	0.5614	1.0402	2.19731	5	0.9444147
1686000	-129.1664	-180.7565	51.59012	10	1.526368	0.0320455	0.00200428	0.0299822	0.00917391	0.00815646	0.0244197	0.0188366	0.00624027	0.167503	0.028221	0.411125	0.229367	0.592887	1.05193	2.12581	5	0.7377073
1687000	-129.4858	-185.7536	56.2678	10	0.5764128	0.0311428	0.0106078	0.00749975	0.0192554	0.00599319	0.00180588	0.0481213	0.188815	0.0115107	0.0109019	0.464926	0.0482825	0.298904	0.868791	2.78402	5	0.8005795
1688000	-132.5467	-183.4567	50.91002	10	2.865543	0.00843607	0.000955674	0.129099	0.0139959	0.0114946	0.0619774	0.00691803	0.0108432	0.286194	0.0359664	0.41522	0.378585	0.723801	1.08177	1.81585	5	0.9811008
1689000	-128.0165	-186.8961	58.87964	10	0.6303072	0.0213982	0.0212048	0.0226526	0.0440936	0.00521921	0.0162627	0.0616143	0.154676	0.0456028	0.0471046	0.674827	0.059413	0.328705	0.896027	2.71586	5	1.114656
1690000	-117.7422	-178.1622	60.42005	10	1.437025	0.0248486	0.00295118	0.00347608	0.00350829	0.00161097	0.01522	0.0336393	0.014909	0.0816786	0.0404225	0.560526	0.215428	0.577727	1.0465	2.16035	5	0.7827906
1691000	-122.7161	-180.3192	57.60313	10	1.305798	0.0166875	0.00273173	0.00589379	0.0241127	0.00546293	0.0071935	0.0267616	0.128874	0.0203099	0.0260833	0.586405	0.193705	0.55268	1.03664	2.21697	5	0.850516
1692000	-127.9153	-180.2416	52.32626	10	0.6794191	3.38587e-06	0.0427502	0.00890772	0.0687214	0.0181398	0.0198386	0.00391065	0.0242908	0.20355	0.00299599	1.05111	0.0697987	0.353656	0.916996	2.65955	5	1.444213
1693000	-130.4932	-185.7362	55.24299	10	1.4294	0.0203904	0.00399113	0.111296	0.0314797	0.00470513	0.0155065	0.00203754	0.118553	0.0340915	0.0893981	0.529582	0.214207	0.576367	1.04599	2.16343	5	0.9610315
1694000	-133.8922	-181.053	47.1608	10	2.89393	0.0113024	0.00522807	0.0115294	0.0555402	0.00175984	0.0340511	0.0227247	0.000386909	0.150654	0.0101788	0.529543	0.380886	0.725481	1.08194	1.81169	5	0.8328989
1695000	-130.8275	-184.2824	53.45481	10	2.545235	0.0216767	0.00877865	0.0711783	0.0266778	0.0187767	0.012029	0.0269306	0.205035	0.0118314	0.0174972	0.409669	0.350704	0.702772	1.07912	1.8674	5	0.8300798
1696000	-126.9875	-178.487	51.49956	10	1.39871	0.00623423	0.0194439	0.0298713	0.0169829	0.0132228	0.0090446	0.0177282	0.166345	0.00860451	0.0571068	0.702435	0.209243	0.57078	1.04387	2.1761	5	1.047019
1697000	-121.7739	-176.3939	54.62004	10	0.7328485	0.00156468	0.00155807	0.00109849	0.0146421	0.0110086	0.0129012	0.0168696	0.012151	0.184559	0.0229635	0.532011	0.081214	0.378625	0.936458	2.6037	5	0.8113271
1698000	-121.2864	-180.6462	59.35974	10	1.449784	0.00159841	0.000360124	0.0106459	0.0735648	0.0116667	0.0223248	0.0457843	0.0169434	0.116223	0.00248456	0.607561	0.21746	0.579979	1.04733	2.15523	5	0.9091569
1699000	-123.6076	-179.1436	55.536	10	1.957348	0.0171635	0.00296818	0.0376605	0.0020202	0.0141028	0.0524678	0.0121301	0.169025	0.0136709	0.0465882	0.579314	0.28813	0.6504	1.06888	1.99259	5	0.9471109
1700000	-119.7332	-176.7389	57.00574	10	0.9657977	0.00413499	4.05753e-05	0.00160266	0.00490325	0.00731773	0.0239621	0.0205491	0.118872	0.0157682	0.0500186	0.570144	0.13008	0.466224	0.994093	2.4096	5	0.8173128
1701000	-126.0903	-178.1595	52.06925	10	0.9235488	0.00455167	0.00675985	0.0943585	0.0191643	0.0046111	0.0244721	0.0206441	0.0211716	0.00321288	0.021719	0.862172	0.121459	0.452502	0.98608	2.43996	5	1.082837
1702000	-124.9953	-183.0685	58.07325	10	2.027771	0.0109466	0.00278789	0.000474339	0.000115235	0.00369922	0.0305905	0.012135	0.010692	0.0914249	0.0890323	0.279366	0.296567	0.657935	1.07067	1.97483	5	0.5312634
1703000	-127.3011	-179.2182	51.9171	10	2.441248	0.00402989	0.00438857	0.112098	0.00216506	0.00741933	0.0122442	0.00588266	0.0750657	0.012769	0.0493764	0.547095	0.340815	0.694998	1.07793	1.88626	5	0.8325335
1704000	-131.8753	-181.8438	49.96851	10	0.4341089	0.00711096	0.0284077	0.0691737	0.0175766	0.0150375	0.0351114	0.00838964	0.00715649	0.10882	0.00619109	1.21321	0.0219269	0.206745	0.765701	3.00563	5	1.516189
1705000	-134.4784	-182.7063	48.22793	10	0.9497433	0.0297049	0.0132831	0.0222344	0.00722519	0.0180539	0.038691	0.038894	0.0708892	0.0112721	0.0121832	1.12675	0.12682	0.461107	0.991147	2.42093	5	1.389179
1706000	-117.1976	-177.5886	60.39102	10	1.051708	0.0170358	0.00206778	0.00337994	0.0327694	0.00674593	0.0132502	0.0260953	0.107906	0.00822523	0.0202714	0.738279	0.147154	0.491761	1.00807	2.35302	5	0.9760259
1707000	-130.1844	-186.1897	56.00524	10	1.4357	0.00629526	0.0242773	0.0306742	0.011286	0.00366888	0.0437139	0.00410539	0.0144312	0.366148	0.032945	0.41484	0.215217	0.577492	1.04641	2.16088	5	0.9523849
1708000	-147.2558	-180.4736	33.21778	2	3.401921	0.0215569	0.00310271	0.0114994	0.018285	0.00107898	0.0413782	0.033618	0.0134027	0.0851122	0.0191928	0.608358	0.418149	0.751605	1.08389	1.74636	4	0.8565846
1709000	-128.3069	-179.3842	51.07733	10	1.909465	0.00477273	0.00559323	0.0252538	0.0209243	0.00143258	0.02333	0.0142928	0.0171346	0.0995847	0.0372117	0.600493	0.282223	0.645028	1.06755	2.0052	5	0.8500234
1710000	-129.5422	-183.7852	54.24298	10	1.264203	0.0114472	0.00414368	0.080355	0.0166979	0.0108491	0.0045168	0.0447752	0.00564513	0.00369014	0.00680262	0.631467	0.186495	0.543942	1.03295	2.23661	5	0.8203894
1711000	-133.735	-184.2393	50.50429	10	1.096315	0.0235689	0.00898937	0.0738719	0.0144612	0.000163782	0.0094334	0.0439627	0.188798	0.00195306	0.0451905	0.530174	0.155761	0.503903	1.01429	2.32605	5	0.9405671
1712000	-136.1193	-179.7074	43.58816	10	1.133126	0.0105201	0.0156086	0.0555547	0.0390564	0.00171478	0.038484	0.0171556	0.00740923	0.293078	0.0126727	0.707066	0.162725	0.513409	1.01898	2.30489	5	1.19832
1713000	-127.2251	-181.4642	54.23902	10	1.076512	0.0044176	0.012907	0.0132921	0.0143387	0.035023	0.00372534	0.0137441	0.0172455	0.221386	0.0206967	0.671632	0.151962	0.4986	1.0116	2.33783	5	1.028408
1714000	-141.54	-182.2228	40.68279	2	0.3481309	0.011694	0.00513473	0.00523817	0.0126801	0.00890839	0.0163969	0.0156974	0.0286235	0.0841689	0.0199337	0.504417	0.00999676	0.142101	0.668451	3.17945	4	0.7128925
1715000	-125.3087	-179.4828	54.17408	10	0.4250623	0.0094784	0.0144044	0.0338491	0.0229388	0.00437665	0.00950448	0.0175702	0.00244557	0.0789406	0.0297864	0.560804	0.0204898	0.200217	0.757036	3.02226	5	0.7840984
1716000	-126.2412	-179.1794	52.93823	10	2.690744	0.0184805	0.00223554	0.0648442	0.0459189	0.000463791	0.0248273	0.0301574	0.0705857	0.0116703	0.000626368	0.805641	0.363826	0.712828	1.0805	1.84285	5	1.075451
1717000	-129.2841	-180.4766	51.19253	10	0.8233862	0.00788303	0.0159232	0.0669477	0.00239972	0.0054045	0.0163592	0.00679663	0.00882309	0.214621	0.0753145	0.786328	0.100524	0.416382	0.96323	2.51986	5	1.2068
1718000	-126.7478	-183.2153	56.46751	10	0.8187302	0.0290375	0.0240462	0.0201758	0.00466562	0.0193979	0.0236626	0.0139155	0.00320916	0.158544	0.04633	0.46477	0.0995377	0.414567	0.962013	2.52388	5	0.8077543
1719000	-129.1467	-177.1967	48.04999	10	1.556301	0.0118407	0.000482952	0.0101656	0.00964624	0.00189452	0.0129917	0.0176658	0.0221235	0.0833344	0.027373	0.654103	0.23389	0.597667	1.05356	2.11488	5	0.8516214
1720000	-123.8992	-180.3032	56.40404	10	0.5280934	0.0189309	0.00144678	0.0658168	0.0250555	0.0038106	0.0207643	0.0222864	0.00821706	0.149775	0.0048796	0.626526	0.0387055	0.269861	0.83968	2.85175	5	0.9475084
1721000	-123.3131	-182.4081	59.09495	10	0.9709536	0.00930906	0.00660186	0.0341443	0.00118333	0.0130236	0.0102376	0.0136645	0.0141206	0.0325947	0.0207695	0.37372	0.131122	0.467844	0.995015	2.40602	5	0.5293687
1722000	-124.8607	-179.0064	54.14579	10	1.18968	0.0136341	0.000235938	0.123753	0.0204187	0.0113268	0.0300907	0.0168332	0.00271185	0.0972533	0.0109909	0.892592	0.173178	0.527181	1.02548	2.27416	5	1.21984
1723000	-124.4574	-180.9805	56.52309	10	0.9984695	0.00789961	0.00673027	0.014503	0.0297197	0.00796791	0.0396989	0.00634111	0.0132417	0.0914864	0.0166817	0.824807	0.136648	0.476291	0.999746	2.38731	5	1.059077
1724000	-125.9399	-181.6647	55.7248	10	1.090963	0.00174871	0.000187928	0.0199641	0.0153433	0.0259998	0.023553	0.0274632	0.140226	0.00442413	0.0642552	0.391784	0.154738	0.502483	1.01358	2.3292	5	0.7149501
1725000	-122.9338	-182.7483	59.81453	10	0.7188156	0.00647965	0.0314771	0.0601594	0.0194233	0.0224594	0.0217619	0.00872548	0.0200224	0.0605949	0.0261695	0.588148	0.078211	0.372274	0.931646	2.61787	5	0.8654214
1726000	-126.4834	-183.2318	56.7484	10	2.274422	0.0139182	0.00270334	0.0883048	0.000772185	0.00619876	0.0343155	0.025909	0.0195437	0.00550471	0.0419381	0.556333	0.32397	0.681346	1.07555	1.91913	5	0.7954416
1727000	-134.9866	-189.4252	54.43861	10	1.527048	0.00435571	0.00814315	0.140461	0.0873051	0.000710333	0.0207821	0.0309962	0.0210538	0.0492486	0.0223947	0.636432	0.229471	0.592997	1.05197	2.12556	5	1.021882
1728000	-124.1094	-180.0266	55.9172	10	1.514589	0.000422495	0.00299979	0.00552919	0.0647716	0.00859761	0.0221651	0.0213852	0.0978361	0.0219232	0.00991167	0.711321	0.227567	0.590967	1.05127	2.1302	5	0.9668629
1729000	-132.6657	-179.1153	46.44961	10	0.4415845	0.0131373	6.38024e-07	0.109472	0.0125681	0.00499672	0.0100934	0.000363298	0.0131715	0.0106562	0.019405	1.15089	0.0231421	0.212082	0.772626	2.99215	5	1.344754
1730000	-133.1229	-186.7604	53.63759	10	1.925317	0.0562914	0.0105143	0.0666621	0.0836599	0.00615748	0.017987	0.0330526	0.0129701	0.0768115	0.00412326	0.610388	0.284194	0.64683	1.068	2.00097	5	0.9786172
1731000	-127.2219	-188.1711	60.94921	10	1.293102	0.0211465	0.000624165	0.0505178	0.0118034	0.000802289	0.00315174	0.0196762	0.0435765	0.0115182	0.0144388	0.292792	0.191521	0.550057	1.03555	2.22287	5	0.4700479
1732000	-127.0413	-178.9248	51.88357	10	1.302779	0.0155479	0.0100563	0.00837255	0.00484653	0.00017062	0.0126047	0.00671815	0.011616	0.111432	0.0448128	0.42818	0.193187	0.55206	1.03639	2.21837	5	0.6543581
1733000	-141.2264	-180.7659	39.53956	2	0.2294681	0.00460041	0.00494353	0.048484	0.00849633	0.00678121	0.0159609	0.0110791	0.0037381	0.000827314	0.013086	0.488366	0.00128884	0.0523168	0.456142	3.49025	4	0.6063625
1734000	-148.6944	-183.5152	34.82081	2	1.411631	0.0149042	0.0082258	0.0454779	0.0250699	0.0107931	0.0256423	0.0256825	0.0392318	0.00326119	0.0387346	0.583928	0.211343	0.573155	1.04478	2.17072	4	0.8209511
1735000	-122.7048	-181.8118	59.10695	10	0.730597	0.000878968	0.0153058	0.0521317	0.0412071	0.0170746	0.00462917	0.0259088	0.0127354	0.0530708	0.00240255	0.485613	0.0807321	0.377616	0.9357	2.60595	5	0.710958
1736000	-121.3393	-181.1209	59.78159	10	1.492419	0.00396147	0.019974	0.0179884	0.00694576	0.00545674	0.0216888	0.0159106	0.122579	0.0251716	0.0419382	0.372885	0.224149	0.58729	1.04997	2.13859	5	0.6544996
1737000	-139.8826	-179.912	40.02938	2	0.1745579	0.00434468	0.00180429	0.0330541	0.0154091	0.0105035	0.00986049	0.0129072	0.0073599	0.0487214	0.0100931	0.491113	0.000194104	0.0205062	0.314098	3.6652	4	0.6451711
1738000	-121.0465	-178.2178	57.17122	10	0.5530496	0.0131106	0.00402624	0.0238497	0.0177512	0.00546186	0.0255149	0.0232482	0.0816556	0.0102638	0.0175962	0.677718	0.0435929	0.285145	0.855336	2.81593	5	0.9001968
1739000	-119.241	-182.6393	63.39829	10	0.6517016	0.00514895	0.0109554	0.00709369	0.00584157	0.000646444	0.0258281	0.0119503	0.0329151	0.0118112	0.0287234	0.3294	0.0639172	0.339822	0.905566	2.6907	5	0.470314
1740000	-120.1116	-179.855	59.74343	10	0.6604815	0.00595072	0.000577572	0.0304475	0.0145736	0.014504	0.0108549	0.0122799	0.0818147	0.00247416	0.0353535	0.296446	0.0657755	0.344272	0.909295	2.68066	5	0.5052764
1741000	-120.3028	-178.6275	58.32469	10	0.5081521	0.00620209	0.00164715	0.0552142	0.00281696	0.00931778	0.00996815	0.00290999	0.0121572	0.150811	0.0413692	0.600777	0.0349085	0.257204	0.826111	2.88178	5	0.8931906
1742000	-122.576	-179.3259	56.74994	10	1.58811	0.0061532	0.0282207	0.0162528	0.000651811	0.00574974	0.0347593	0.0115524	0.0164172	0.0820134	0.0526135	0.644659	0.238618	0.602594	1.0552	2.10359	5	0.899043
1743000	-136.5351	-177.9044	41.36932	2	0.3749717	0.00821536	0.00232677	0.000342226	0.00108382	0.00195593	0.00554517	0.0123472	0.00462205	0.0473709	0.0140473	0.391214	0.0132755	0.162827	0.702712	3.12119	4	0.4890709
1744000	-150.2527	-183.4328	33.18013	2	1.671386	0.0124484	0.00153881	0.081872	0.0259027	0.0181215	0.0345397	0.013738	0.138504	0.0294699	0.00564154	0.636297	0.250626	0.614802	1.05908	2.07549	4	0.9980731
1745000	-145.3781	-182.3937	37.01557	2	1.075001	0.00198868	0.00439815	0.0462493	0.0290915	0.00209024	0.0248207	0.0127842	0.222035	0.01886	0.00880257	0.444706	0.151671	0.49819	1.01139	2.33874	4	0.815826
1746000	-131.312	-180.4382	49.12621	10	0.8959111	0.0467836	0.000871496	0.0453463	0.0393438	0.00575002	0.0199523	0.0318066	0.00048336	0.197406	0.00954487	0.941115	0.115746	0.443063	0.980358	2.46083	5	1.338403
1747000	-127.0542	-180.0403	52.98611	10	0.4885413	0.00692734	0.00917262	0.0754463	0.0310713	0.00712045	0.0130176	0.0247075	0.0157651	0.053642	0.00859109	0.802248	0.0312841	0.24437	0.811748	2.9126	5	1.04771
1748000	-131.1407	-181.025	49.88429	10	1.674792	0.0134995	0.00117602	0.000841881	0.0224225	0.0218355	0.0143958	0.00891001	0.0224555	0.0792756	0.00259372	0.851921	0.251106	0.615282	1.05923	2.07439	5	1.039327
1749000	-121.9694	-179.8507	57.88134	10	0.5909441	0.0177945	0.000815344	0.139145	0.0272196	0.0166856	0.0286444	0.00502715	0.00814388	0.0682529	0.0654707	1.03127	0.0512458	0.307201	0.876628	2.76493	5	1.40847
1750000	-133.8469	-182.762	48.91507	10	3.737125	0.00258261	0.00570296	0.0507555	0.00623173	0.000433991	0.0084424	0.0514117	0.0291443	0.120717	0.0375301	0.734602	0.439311	0.765598	1.08434	1.71075	5	1.047555
1751000	-120.4417	-178.8916	58.44989	10	0.1956361	0.00066024	0.0141427	0.0412997	0.0024721	0.00414654	0.00504091	0.0165754	0.00118605	0.0606093	0.0383289	0.869903	0.00045537	0.0312965	0.372173	3.59608	5	1.054365
1752000	-132.1625	-184.4539	52.29138	10	0.6723206	0.00634228	0.00409762	0.105314	0.0228816	0.00720121	0.0203908	0.00585339	0.00476799	0.242233	0.00854615	0.277462	0.0682885	0.350172	0.914163	2.66738	5	0.7050905
1753000	-125.0584	-181.6453	56.58693	10	2.237488	0.00220544	0.0091051	0.0174696	0.0120777	0.0289427	0.0257702	0.0155805	0.0173016	0.0874279	0.0163605	0.504664	0.320066	0.678104	1.07494	1.92689	5	0.736905
1754000	-131.4491	-182.8966	51.44754	10	2.597531	0.0348759	0.0135438	0.0308922	0.0435965	0.0212433	0.00217399	0.00779286	0.165014	0.0227642	0.0129809	0.703033	0.355513	0.706491	1.07965	1.85834	5	1.05791
1755000	-121.9679	-181.8553	59.88741	10	0.6802505	0.0118054	0.00254118	0.0155609	0.0339626	0.000323409	0.0507673	0.0243081	0.0482069	0.00176122	0.0115619	0.522721	0.0699757	0.354061	0.917324	2.65864	5	0.7235204
1756000	-121.0323	-178.2056	57.17329	10	2.039776	0.00839925	0.00372164	0.00595316	0.0258818	0.00432574	0.0207166	0.000512593	0.125699	0.0161289	0.0330421	0.448211	0.297977	0.659178	1.07095	1.97189	5	0.6925914
1757000	-123.76	-180.0437	56.28373	10	2.266581	0.0127379	0.0121547	0.0224315	0.0463844	0.00925723	0.018208	0.0258646	0.180929	0.00511958	0.0227424	0.510614	0.323147	0.680665	1.07542	1.92076	5	0.8664428
1758000	-126.3496	-182.6193	56.26978	10	0.2519932	0.0168044	0.00850673	0.093622	0.0144736	0.00151966	0.00725443	0.00983969	0.00693616	0.0169867	0.00135049	0.711577	0.00220596	0.0681332	0.50567	3.42399	5	0.8888713
1759000	-126.4516	-177.3341	50.88246	10	0.4196745	0.00659934	0.0141299	0.00706786	0.0171535	0.0066634	0.0246521	0.0172074	0.000286707	0.112384	0.0193475	0.984561	0.0196521	0.196294	0.751722	3.03233	5	1.210053
1760000	-125.2286	-184.2367	59.00803	10	1.087913	0.0126453	0.0396117	0.00460212	0.0189523	0.0154518	0.0358287	0.00889908	0.00981591	0.0524697	0.0123384	0.493644	0.154154	0.50167	1.01317	2.33101	5	0.7042588
1761000	-127.2671	-178.6602	51.39302	10	2.259983	0.0219365	0.00290862	0.0166121	0.0532726	0.0216325	0.0094334	0.0176525	0.00708011	0.141783	0.0145298	0.661413	0.322452	0.680089	1.07532	1.92214	5	0.9682545
1762000	-117.3067	-178.8648	61.55813	10	1.482212	0.00555545	0.00271691	0.00299778	0.00364205	0.00381534	0.0339581	0.00837791	0.0698424	0.0147414	0.0214729	0.333927	0.222562	0.585569	1.04936	2.14251	5	0.501047
1763000	-119.2404	-178.0943	58.85397	10	2.715511	0.0142417	0.00566519	0.0663319	0.0226754	0.013227	0.0169218	0.0217433	0.0741884	0.010815	0.0187923	0.676072	0.365981	0.714452	1.0807	1.83887	5	0.9406734
1764000	-152.5585	-184.8826	32.32416	1	1.072357	0.0108582	0.00335056	0.0842731	0.000454227	0.0318521	0.00266154	0.0130998	0.00747022	0.0677839	0.0614608	0.461225	0.151161	0.49747	1.01103	2.34034	3	0.7444892
1765000	-134.0234	-180.9677	46.94434	10	1.18213	0.0136415	0.00327892	0.061409	0.0440658	0.0135581	0.0155066	0.0102344	0.0805255	0.0219619	0.0122357	0.504878	0.1718	0.525398	1.02466	2.27814	5	0.7812957
1766000	-123.5083	-179.2262	55.71788	10	0.2118104	0.0116639	0.0045052	0.0496855	0.00388924	0.00362203	0.0264283	0.00995689	0.0730584	0.00353779	0.0370171	0.652009	0.00078061	0.0408547	0.413773	3.54459	5	0.8753737
1767000	-124.166	-180.0846	55.91859	10	3.05955	0.00529671	0.0032785	0.0109623	0.0261068	0.00497301	0.0508109	0.0346615	0.160553	0.00690499	0.00708887	0.62672	0.393817	0.734773	1.08279	1.78862	5	0.9373569
1768000	-127.5765	-181.9628	54.38626	10	0.912112	0.020037	0.0185676	0.0601254	0.0427839	0.0321787	0.0329086	0.00633252	0.0494447	0.0157906	0.0160578	0.84494	0.119101	0.448642	0.983761	2.4485	5	1.139166
1769000	-121.4125	-176.2733	54.86086	10	1.18234	0.0121112	0.00170694	0.00480216	0.00368018	0.0110015	0.0120687	0.0238036	0.16199	0.00372643	0.0368059	0.514086	0.171838	0.525448	1.02468	2.27803	5	0.7857827
1770000	-122.0546	-180.2158	58.1612	10	1.32571	0.002144	0.00139654	0.00445125	0.00308709	0.00713947	0.0352122	0.0156452	0.0914006	0.00765611	0.0180785	0.281193	0.1971	0.556718	1.03831	2.20788	5	0.4674043
1771000	-123.9274	-180.368	56.44056	10	3.422088	0.0177122	0.00488876	0.0213184	0.0202852	0.017281	0.0156607	0.0419557	0.133921	0.0143502	0.0137841	0.570483	0.419491	0.75251	1.08393	1.74407	5	0.8716402
1772000	-126.9776	-179.9452	52.96761	10	4.376085	0.00370524	0.0338403	0.00261618	0.0072119	0.00809739	0.018196	0.0353995	0.186263	0.0105201	0.0788896	0.625497	0.4739	0.787287	1.08418	1.65464	5	1.010236
1773000	-126.7943	-182.6604	55.86617	10	3.351494	0.00932169	0.0133026	0.0117678	0.0314072	0.0175711	0.00218376	0.0190619	0.107514	0.0622648	0.0117346	0.622018	0.41475	0.749303	1.08378	1.75217	5	0.9081482
1774000	-124.7519	-180.1471	55.39522	10	3.631395	0.0180103	0.0173868	0.00393847	0.0491581	0.017709	0.0211439	0.0154283	0.130209	0.0212138	0.00172855	0.564963	0.432891	0.761413	1.08425	1.72144	5	0.8608895
1775000	-124.6523	-181.334	56.68167	10	1.201766	0.00547179	0.00300282	0.0364597	0.00548608	0.0105701	0.0142336	0.0307186	0.0165115	0.150348	0.0314043	0.30462	0.175373	0.530002	1.02677	2.26785	5	0.6088266
1776000	-131.242	-181.7214	50.47941	10	1.145055	0.0150236	0.00059022	0.088959	0.0173112	0.00917662	0.013906	0.0322616	0.109674	0.00832029	0.0169795	0.426457	0.164955	0.516395	1.02042	2.29823	5	0.738659
1777000	-130.0852	-181.1717	51.08657	10	3.946103	0.002077	0.0048331	0.0752482	0.104775	0.0119955	0.0116067	0.0189983	0.0210702	0.102603	0.0271972	0.878639	0.451377	0.773324	1.08441	1.69089	5	1.259043
1778000	-125.3917	-179.51	54.11831	10	1.374727	0.0186083	0.0179116	0.00149925	0.0327875	0.0194659	0.0267407	0.0250805	0.0143131	0.153421	0.0262413	0.724255	0.205306	0.566284	1.04213	2.18628	5	1.060324
1779000	-123.7813	-179.9188	56.13749	10	0.9908648	0.0112839	0.00766663	0.0293916	0.00853355	0.0020143	0.0251029	0.034159	0.164609	0.00940277	0.0609824	0.504947	0.135127	0.473989	0.99847	2.39241	5	0.8580938
1780000	-126.6597	-183.4133	56.75362	10	0.7801907	0.0223199	0.00573915	0.142248	0.0144658	0.0171844	0.0059277	0.0167182	0.0166557	0.0219439	0.0555327	0.671603	0.0913371	0.399035	0.951311	2.55832	5	0.990339
1781000	-116.5481	-180.1847	63.63657	10	0.5419657	0.00366268	0.000613951	0.0239468	0.0147614	0.0169415	0.00355094	0.0139305	0.042863	0.0191579	0.0691175	0.639078	0.0414052	0.278432	0.848555	2.83161	5	0.8476246
1782000	-117.284	-180.484	63.19999	10	0.3169182	0.00998943	0.00204786	0.0205293	0.0277966	0.00169206	0.0206377	0.00933313	0.00155662	0.126419	0.0145165	0.430915	0.00676766	0.117704	0.623151	3.25238	5	0.6654328
1783000	-118.0253	-178.3969	60.37162	10	1.624344	0.0151902	0.00323158	0.003601	0.0188341	0.0126203	0.00765726	0.0101267	0.0202528	0.0931438	0.0133732	0.425456	0.243908	0.608025	1.05696	2.09111	5	0.6234866
1784000	-121.6915	-179.7197	58.02815	10	1.260873	0.0103472	0.00260812	0.0439971	0.00946288	0.0355451	0.000481889	0.0155784	0.0122824	0.0809474	0.0280028	0.779574	0.185911	0.543225	1.03264	2.23823	5	1.018828
1785000	-120.5912	-177.3906	56.79937	10	0.8659599	0.01359	0.00117633	0.0267462	0.0156286	0.0156874	0.000769379	0.0136266	0.0215878	0.166792	0.0472004	0.771238	0.109497	0.432394	0.97368	2.48443	5	1.094043
1786000	-126.1272	-183.6363	57.50911	10	4.848568	0.0125662	0.00744108	0.015708	0.0174911	0.00535234	0.0459897	0.00787616	0.116346	0.033047	0.0407022	0.323687	0.495664	0.800239	1.08356	1.62054	5	0.6262064
1787000	-118.5288	-178.3505	59.82176	10	0.6912206	0.012298	0.00372988	0.0125821	0.0143784	0.00457858	0.0179742	0.00575403	0.00364166	0.0632986	0.0103764	0.463245	0.072314	0.359358	0.921571	2.64676	5	0.6118568
1788000	-127.1049	-178.6671	51.56219	10	2.785202	0.00328435	0.000493562	0.0453795	0.0029289	0.0168099	0.0116403	0.0369612	0.00318479	0.172166	0.0464427	0.595433	0.371931	0.718896	1.08123	1.82795	5	0.9347237
1789000	-128.3931	-181.8293	53.43618	10	2.250432	0.01839	0.027339	0.0453468	0.0624681	0.00492998	0.0296134	0.0191735	0.0159552	0.145707	0.00227312	0.895587	0.321442	0.67925	1.07516	1.92415	5	1.266782
1790000	-132.3835	-179.3858	47.00225	10	1.510958	0.00803722	0.00176188	0.0636977	0.0467918	0.0044802	0.0179938	0.0119186	0.110802	0.0523433	0.00486516	1.27208	0.22701	0.59037	1.05106	2.13156	5	1.594776
1791000	-121.4635	-178.456	56.99251	10	0.3832797	0.0138747	0.0140625	0.00322456	0.0282075	0.00585357	0.028844	0.0119646	0.138115	0.00228383	0.0180859	0.912858	0.014378	0.169159	0.712534	3.10393	5	1.177374
1792000	-130.7806	-184.4012	53.62056	10	1.529279	0.0154966	0.0332498	0.0263862	0.0363287	0.00392892	0.0780993	0.0296485	0.0134724	0.125046	0.000124985	0.599014	0.22981	0.593359	1.0521	2.12474	5	0.9607949
1793000	-123.0605	-179.0939	56.03338	10	1.364153	0.0187296	0.00199796	0.00989518	0.00520953	0.0186308	0.0167866	0.0412292	0.143762	0.00529389	0.0411151	0.568208	0.203554	0.564264	1.04134	2.19085	5	0.8708581
1794000	-130.2154	-180.0148	49.79945	10	2.791247	0.0184077	0.00963054	0.021812	0.00754364	0.00773864	0.0210544	0.0314039	0.0182843	0.268112	0.0621471	0.760413	0.372439	0.719273	1.08127	1.82702	5	1.226547
1795000	-123.2729	-183.1442	59.87124	10	1.387489	0.0195064	0.00541181	0.0653293	0.00257126	3.43773e-05	0.0391468	0.00314002	0.0740381	0.00515015	0.0514876	0.512021	0.207407	0.568691	1.04307	2.18083	5	0.7778368
1796000	-134.1624	-184.129	49.96658	10	1.415195	0.035862	0.00480804	0.0377404	0.0314322	0.012697	0.0221362	0.0571421	0.0405402	0.00230563	0.0283784	0.822183	0.21192	0.573804	1.04503	2.16925	5	1.095226
1797000	-128.6471	-180.6087	51.96154	10	1.767944	0.00583697	0.0339251	0.00369907	0.00833204	0.00187108	0.0249872	0.0568191	0.0068731	0.152753	0.0407883	0.68176	0.263908	0.627827	1.06293	2.04534	5	1.017644
1798000	-121.2369	-179.5155	58.27855	10	0.8560806	0.00885574	0.00125504	0.00922168	0.0216047	0.00325074	0.024358	0.0109888	0.0887975	0.0209714	0.00205486	0.380059	0.107424	0.428769	0.97136	2.49245	5	0.5714175
1799000	-120.5796	-183.2791	62.69948	10	0.5634149	0.00284205	0.00980776	0.00935037	0.0277583	0.0138342	0.00427996	0.0188257	0.00109844	0.0383663	0.00044044	0.369438	0.0456612	0.291314	0.861441	2.80158	5	0.4960416
1800000	-123.7015	-179.798	56.09655	10	1.468419	0.00480717	0.00497575	0.0618618	0.0108918	0.00272783	0.0212957	0.0282276	0.0306675	0.0533921	0.0585417	0.640219	0.220402	0.583214	1.04851	2.14787	5	0.9176081
1801000	-130.51	-179.7411	49.2311	10	2.525311	0.0190637	0.0174662	0.0340365	0.0585263	0.0107467	0.0485514	0.00433181	0.220076	0.0107904	0.038403	1.17418	0.348843	0.701323	1.07891	1.87092	5	1.636172
1802000	-124.4719	-178.5636	54.09168	10	0.2766347	0.0149391	0.00530369	0.0190006	0.0121473	0.010347	0.0261026	0.00829103	0.000235132	0.079011	0.0216862	0.69154	0.00359175	0.0864909	0.554395	3.35552	5	0.8886033
1803000	-127.3765	-185.7885	58.41201	10	1.878501	0.0217624	0.00415416	0.155027	0.039311	0.000611774	0.0037387	0.0462939	0.0256859	0.0431374	0.0228625	0.609747	0.278327	0.641439	1.06663	2.01361	5	0.9723316
1804000	-119.6513	-182.0538	62.40251	10	1.256877	0.0247135	0.0220469	0.0168797	0.00587048	0.0136226	0.00799041	0.0315026	0.00490879	0.135191	0.0301591	0.4882	0.185209	0.54236	1.03226	2.24017	5	0.781085
1805000	-122.0797	-178.8463	56.76653	10	1.308647	0.00968402	0.000661448	0.0220446	0.0182676	0.000966102	0.0219251	0.0144474	0.0178149	0.1521	0.0214614	0.43003	0.194193	0.553263	1.03688	2.21566	5	0.7094022
1806000	-123.1947	-178.232	55.03724	10	2.846886	0.00620021	0.0134455	0.00888647	0.000451347	0.00433514	0.0267693	0.0180487	0.00545966	0.18225	0.0748666	0.658824	0.377059	0.722682	1.08165	1.81861	5	0.9995372
1807000	-127.2584	-178.1779	50.91951	10	1.653919	0.0140564	0.00485727	0.0041829	0.0249081	0.0127084	0.0149767	0.0278639	0.125223	0.0218845	0.0195135	0.527731	0.248151	0.612321	1.05831	2.08122	5	0.7979059
1808000	-126.7647	-180.122	53.35733	10	1.458463	0.00595801	0.0163804	0.0387673	0.00252218	0.0139836	0.017928	0.0211658	0.132596	0.00198218	0.0302578	0.35631	0.218834	0.581493	1.04789	2.15179	5	0.637851
1809000	-154.6675	-187.6469	32.97938	2	0.4978726	0.00345117	0.00158155	0.234411	0.0108647	0.0045085	0.0123385	0.030612	0.0456519	0.0364814	0.013864	0.746221	0.0329941	0.250525	0.818714	2.89777	4	1.139985
1810000	-143.5784	-180.7819	37.20348	2	1.344934	0.0133363	0.00144927	0.025155	0.000681696	0.00540434	0.00745515	0.0325695	0.00118405	0.126498	0.0485526	0.51681	0.200344	0.560532	1.03985	2.19927	4	0.7790962
1811000	-139.8935	-185.1971	45.30357	10	0.6308769	0.0160475	0.0230901	0.113743	0.0399958	0.0103632	0.0289238	0.0437603	0.00180195	0.0179952	0.0331449	1.30217	0.0595324	0.329006	0.896289	2.71517	5	1.631037
1812000	-123.5955	-179.8008	56.2053	10	0.6414005	0.0268887	0.00427348	0.00715293	0.00624264	0.0190993	0.0363985	0.00743717	0.0139061	0.125922	0.0534254	0.709146	0.0617439	0.334518	0.901055	2.70268	5	1.009892
1813000	-124.9685	-178.0902	53.12163	10	1.498614	0.00627297	0.000258764	0.00718935	0.0103689	0.023921	0.0222474	0.0139386	0.00967786	0.116746	0.0293863	0.692016	0.225108	0.588326	1.05034	2.13623	5	0.9320227
1814000	-127.1265	-186.0173	58.8908	10	2.54765	0.00477663	0.00250589	0.0375602	0.0132899	0.0456089	0.00820597	0.00820908	0.0103671	0.25266	0.0271902	0.491759	0.350928	0.702947	1.07915	1.86698	5	0.9021333
1815000	-121.5213	-182.6585	61.13716	10	0.3317386	0.0143401	0.00229348	0.0114349	0.0209387	0.0089809	0.00384778	0.00862037	0.0041219	0.0717352	0.0708463	0.577379	0.0082196	0.129305	0.645449	3.21703	5	0.794539
1816000	-121.2508	-179.4614	58.21064	10	0.7502481	0.0242775	0.0078854	0.000143726	0.00572271	0.00491064	0.0268489	0.0111527	0.145404	0.00732168	0.0142627	0.536472	0.0849376	0.386305	0.942155	2.5866	5	0.7844022
1817000	-124.0354	-181.5796	57.54426	10	1.596554	0.00444225	0.0187513	0.029498	0.0219588	0.00278575	0.0348232	0.0443531	0.00181017	0.173598	0.0286152	0.477209	0.23986	0.603877	1.05562	2.10064	5	0.8378439
1818000	-130.8361	-184.928	54.09189	10	0.2214508	0.0035724	0.00506616	0.00412366	0.0517998	0.0185487	0.0218993	0.00599031	0.00455691	0.0982869	0.00441657	0.408585	0.00103667	0.0469942	0.437299	3.51467	5	0.6268451
1819000	-125.4812	-180.8434	55.36216	10	1.382813	0.0067588	0.00671353	0.049938	0.0161519	0.00439474	0.0277318	0.0285285	0.312712	0.0145455	0.0442403	0.481331	0.206639	0.567813	1.04273	2.18282	5	0.9930461
1820000	-135.7918	-187.833	52.04123	10	3.160107	0.0102048	0.0142725	0.0512947	0.0666432	0.0759149	0.0280871	0.0504627	0.0467162	0.104149	0.0551815	0.908526	0.401281	0.740024	1.0832	1.77549	5	1.411452
1821000	-126.4304	-182.43	55.99959	10	2.218685	0.00451892	0.00860598	0.00551046	0.0415103	0.0190003	0.0314546	0.0257494	0.151743	0.0186438	0.06177	0.528743	0.318053	0.676421	1.07461	1.93092	5	0.8972492
1822000	-123.1877	-181.7766	58.58899	10	1.364444	0.014146	0.00554466	0.0010189	0.049871	0.0220386	0.041623	0.0108503	0.17142	0.00485567	0.00494405	0.510941	0.203602	0.56432	1.04136	2.19072	5	0.8372534
1823000	-133.6996	-180.4729	46.77325	10	3.9363	0.00191434	0.00980749	0.00727819	0.0440644	0.00138508	0.0825293	0.018575	0.00715243	0.14455	0.0374572	0.883776	0.450828	0.772977	1.08441	1.69179	5	1.238489
1824000	-123.7316	-179.0826	55.35098	10	0.4888616	0.00410386	0.00203108	0.0119739	0.0217032	0.00786301	0.0249784	0.0186568	0.0123519	0.0951721	0.0317333	0.49137	0.0313423	0.244582	0.811992	2.91208	5	0.7219376
1825000	-129.1794	-180.9703	51.79092	10	0.9327897	0.00244809	0.00690785	0.0414701	0.0586723	0.0266052	0.018695	0.0133874	0.0808221	0.00486097	0.00141828	0.679508	0.123356	0.455574	0.987905	2.43316	5	0.9347953
1826000	-127.2621	-183.067	55.80498	10	1.737212	0.00188359	1.96761e-05	0.0513372	0.0546701	0.0071834	0.0131099	0.0252079	0.0054659	0.0914872	0.0260059	0.442697	0.259753	0.623804	1.06177	2.05467	5	0.719068
1827000	-130.3734	-180.461	50.08761	10	0.9496369	0.027367	0.00402082	0.0767775	0.0135662	0.0171337	0.0321117	0.0276313	0.00451841	0.0720235	0.00349502	1.14568	0.126799	0.461072	0.991127	2.421	5	1.424322
1828000	-129.3638	-180.7156	51.35175	10	3.401597	0.00410914	0.00719811	0.0265797	0.0243614	0.014677	0.0353007	0.00345085	0.127416	0.00125465	0.0375465	0.537499	0.418127	0.75159	1.08389	1.74639	5	0.8193933
1829000	-123.2656	-179.9476	56.682	10	1.143763	0.00998335	0.00636625	0.129926	0.0382884	0.00321064	0.0288844	0.0223091	0.00339029	0.110877	0.0286278	0.694267	0.164714	0.516074	1.02026	2.29895	5	1.07613
1830000	-128.0491	-183.4608	55.41167	10	1.25879	0.00133035	0.00317739	0.141975	0.0105625	0.0113772	0.0226953	0.0195813	0.00135066	0.00551387	0.0463344	0.424582	0.185545	0.542774	1.03244	2.23924	5	0.6884794
1831000	-124.2219	-178.216	53.99416	10	0.7619388	0.00815886	0.00357682	0.0317925	0.0197771	0.00779173	0.00591533	0.0250382	0.0135047	0.119704	0.0437029	0.53145	0.0874381	0.391347	0.945824	2.57539	5	0.8104117
1832000	-112.308	-178.1645	65.85648	10	0.8926438	0.00302971	0.00195622	0.0103483	0.0075491	0.0150232	0.0111509	0.00995276	0.00649448	0.0597506	0.0149801	0.346104	0.115067	0.441922	0.979654	2.46336	5	0.486339
1833000	-127.7592	-180.4514	52.69219	10	1.440605	0.000911218	0.0145602	0.00807978	0.00354522	0.0435563	0.0136908	0.028028	0.221985	0.017806	0.0503702	0.731653	0.216	0.578362	1.04673	2.1589	5	1.134185
1834000	-122.7237	-180.3925	57.66881	10	1.71161	0.00332845	0.00390571	0.0471544	0.00308086	0.00263147	0.0142683	0.0269016	0.0513444	0.00093616	0.0478183	0.430896	0.25624	0.620367	1.06076	2.06263	5	0.6322654
1835000	-127.4898	-179.5326	52.04286	10	1.762411	0.0152443	0.0126486	0.0238328	0.000498932	0.0108232	0.0380839	0.0170921	0.00741298	0.152581	0.0388546	0.480839	0.263165	0.627111	1.06272	2.047	5	0.7979109
1836000	-126.3063	-185.1498	58.84359	10	2.264665	0.0262908	0.00419385	0.0120539	0.0133508	0.0111026	0.0291111	0.00310643	0.116294	0.0178158	0.00924262	0.447857	0.322945	0.680498	1.07539	1.92116	5	0.6904184
1837000	-124.6766	-178.6753	53.99869	10	1.672498	0.012501	0.00944384	0.00711259	0.021898	0.0142014	0.0160859	0.0321487	0.154759	0.00411971	0.0128419	0.74212	0.250782	0.614959	1.05913	2.07513	5	1.027232
1838000	-124.5341	-182.74	58.2059	10	1.378257	0.0180267	0.0196835	0.0455217	0.0292502	0.0201993	0.00314382	0.0149418	0.054743	0.00261706	0.024011	0.524203	0.205888	0.566953	1.04239	2.18477	5	0.7563413
1839000	-124.9054	-177.7476	52.84222	10	1.114727	0.0251802	0.00174686	0.00466907	0.0225963	0.0166074	0.0121712	0.0223741	0.132705	0.0112481	0.0143734	0.744246	0.15926	0.508714	1.01668	2.31534	5	1.007917
1840000	-132.1734	-181.4852	49.3118	10	4.100618	0.0273102	0.0108569	0.062407	0.0621583	0.0235722	0.0144797	0.0129507	0.0471424	0.0835141	0.00490733	0.876637	0.459806	0.778618	1.08437	1.6772	5	1.225936
1841000	-122.5659	-180.5349	57.96892	10	0.4157717	0.0014029	0.0022113	0.00832877	0.0112922	0.00418406	0.0278873	0.013867	0.00146356	0.155887	0.0179541	0.300051	0.0190539	0.193436	0.747798	3.03971	5	0.544529
1842000	-128.2782	-178.3447	50.06646	10	1.63454	0.00852061	0.00556872	0.0262351	0.00438638	0.018783	0.00965672	0.0277457	0.0081804	0.137541	0.0293531	0.589054	0.245378	0.60952	1.05743	2.08767	5	0.8650249
1843000	-124.6706	-180.134	55.46338	10	1.91364	0.00940324	0.00456909	0.00732033	0.0101293	0.012183	0.00977082	0.021237	0.00477263	0.0728624	0.0501514	0.423421	0.282743	0.645504	1.06767	2.00408	5	0.6258201
1844000	-119.2741	-183.213	63.93893	10	0.7565867	0.0136057	0.00408684	0.0174854	0.0415171	0.00136742	0.00394018	0.025272	0.00265485	0.0672458	0.00116609	0.385824	0.0862936	0.38905	0.94416	2.5805	5	0.5641652
1845000	-125.8409	-184.0202	58.17927	10	1.086987	0.00310612	0.0234981	0.0108833	0.0145266	0.0425718	0.0129139	0.0274601	0.109163	0.0113474	0.0516218	0.448363	0.153976	0.501422	1.01304	2.33156	5	0.7554552
1846000	-123.7213	-179.2788	55.55745	10	1.369919	0.00930215	0.00188813	0.0928723	0.00824153	0.0111331	0.0447022	0.00337329	0.00878426	0.0898343	0.0323078	0.689988	0.20451	0.565368	1.04177	2.18835	5	0.9924267
1847000	-126.0469	-181.4406	55.39365	10	2.168595	0.0172073	0.00586598	0.0615194	0.0206162	0.0173303	0.0219779	0.0252301	0.0361048	0.119364	0.0631539	0.575325	0.312602	0.671822	1.07369	1.94189	5	0.9636951
1848000	-128.0579	-182.5306	54.47277	10	1.699508	0.0135226	0.00489389	0.00635431	0.0246531	0.00309216	0.0236923	0.0101174	0.00913536	0.0633178	0.0320676	0.338448	0.254563	0.618715	1.06027	2.06645	5	0.5292946
1849000	-120.942	-180.7608	59.81885	10	1.671243	0.00791201	0.0206329	0.0669253	0.00351697	0.00210463	0.0242763	0.0121663	0.015163	0.165474	0.0517001	0.435158	0.250605	0.614782	1.05907	2.07554	5	0.805029
1850000	-120.9273	-180.4278	59.50044	10	0.6602848	0.00353842	0.0109918	0.0577081	0.0077532	0.00226925	0.0358259	0.0183992	0.0859814	0.0111918	0.0697307	0.65333	0.0657338	0.344173	0.909213	2.68088	5	0.95672
1851000	-128.2802	-181.5088	53.22862	10	1.525784	0.017625	0.0136661	0.054856	0.00102074	0.0269832	0.0146442	0.0127977	0.0347824	0.0276722	0.0331419	0.817668	0.229278	0.592793	1.0519	2.12603	5	1.054858
1852000	-127.8539	-179.4028	51.54887	10	1.378209	0.000392354	0.00739999	0.0745648	0.0154258	0.0136718	0.0113472	0.0378864	0.00769177	0.126571	0.0613259	0.816907	0.20588	0.566944	1.04239	2.18479	5	1.173183
1853000	-122.2388	-178.5633	56.32449	10	0.8233596	0.00500145	0.00136027	0.00428071	0.0153404	0.0162506	0.0107435	0.00967676	0.0735845	0.0037982	0.00975818	0.326792	0.100519	0.416371	0.963223	2.51989	5	0.4765871
1854000	-126.3731	-182.8283	56.45525	10	2.662208	0.0255973	0.000835367	0.0087845	0.00334007	0.0167416	0.0115806	0.0111381	0.0180829	0.174433	0.0592729	0.291648	0.361315	0.710926	1.08025	1.84751	5	0.6214548
1855000	-129.2952	-183.8089	54.51363	10	0.7056494	0.014073	0.0269291	0.0288271	0.0231826	0.00268155	0.00355858	0.0180052	0.154844	0.0145116	0.0149089	0.320084	0.0753954	0.366184	0.926944	2.63148	5	0.6216057
1856000	-126.9894	-180.6545	53.66509	10	3.153478	0.00862843	0.018896	0.0147091	0.0522317	0.0136741	0.0275251	0.00931555	0.0182429	0.137004	0.015729	0.597527	0.400797	0.739687	1.08318	1.77634	5	0.9134832
1857000	-123.5295	-179.719	56.1895	10	2.005967	0.00642189	0.00861525	0.0177289	0.0293175	0.0171428	0.0067313	0.0256092	0.0753903	0.0172893	0.010999	0.513388	0.293986	0.655647	1.07014	1.98023	5	0.7286338
1858000	-144.7092	-182.7499	38.04067	2	1.052783	0.0131028	0.00511122	0.0244335	0.0145984	0.00879486	0.012429	0.0134156	0.0337814	0.00752295	0.0370204	0.431384	0.147364	0.492062	1.00822	2.35235	4	0.6015943
1859000	-142.1586	-179.4472	37.28863	2	2.091443	0.00870976	0.00332695	0.0324661	0.00200879	0.0122565	0.0194791	0.0192874	0.0663573	0.00105837	0.0491439	0.449247	0.303951	0.664398	1.07212	1.95953	4	0.6633416
1860000	-131.2072	-181.4458	50.23861	10	0.6094161	0.0068228	0.00368832	0.0185661	0.0310679	0.0131042	0.00975832	0.02115	0.198902	0.051153	0.0168155	0.643012	0.0550558	0.317466	0.886048	2.74143	5	1.01404
1861000	-131.9769	-184.4137	52.43673	10	1.041655	0.00476051	0.0048875	0.0277385	0.0321227	0.0138871	0.0492993	0.0113517	0.0337817	0.0821998	0.0113374	0.596773	0.14519	0.488924	1.00657	2.35931	5	0.8681391
1862000	-121.2457	-178.0284	56.78274	10	2.578545	0.00658279	0.0187323	0.019104	0.00578809	0.0159537	0.0190725	0.0273139	0.218541	0.0192437	0.045848	0.729201	0.353779	0.705155	1.07947	1.8616	5	1.125381
1863000	-123.8483	-182.8139	58.96555	10	0.5312366	0.000388566	0.0112849	0.0378265	0.0227028	0.0220477	0.00525949	0.0276252	0.00491684	0.0919202	0.03988	0.549905	0.0393132	0.27182	0.84173	2.84714	5	0.8137569
1864000	-126.036	-181.813	55.777	10	2.329032	0.0227247	0.0041404	0.0860026	0.00396622	0.0265313	0.0260591	0.0244502	0.0749695	0.0058883	0.0769207	0.633788	0.329624	0.685988	1.0764	1.90799	5	0.9854414
1865000	-122.9185	-177.6099	54.69136	10	2.541724	0.0020816	0.00471852	0.00118752	0.00623219	0.0174169	0.027997	0.024062	0.163411	0.00403687	0.0290254	0.609844	0.350377	0.702518	1.07909	1.86802	5	0.8900128
1866000	-143.7448	-182.542	38.79714	2	1.593083	0.00164665	0.00233794	0.0573284	0.00354573	0.00460223	0.0527229	0.0242647	0.0106033	0.138501	0.0408991	0.439655	0.23935	0.603351	1.05545	2.10185	4	0.7761066
1867000	-149.3974	-180.052	30.65461	1	0.6026304	0.00721357	0.00585136	0.00488661	0.0154231	0.0120041	0.00926026	0.0138959	0.197819	0.00320894	0.0205739	0.66828	0.053651	0.313731	0.882655	2.74996	3	0.9584173
1868000	-127.0134	-180.2118	53.19843	10	2.802035	0.0117205	0.00539012	0.00663907	0.0110088	0.013125	0.0100525	0.0131657	0.0189348	0.093482	0.046156	0.416924	0.373343	0.719943	1.08135	1.82537	5	0.6465989
1869000	-140.907	-184.0587	43.15164	10	2.184053	0.0215467	0.0202341	0.00768804	0.0353481	0.00929414	0.0038776	0.0666921	0.0212868	0.180807	0.00470175	0.936719	0.314298	0.673259	1.07398	1.93846	5	1.308196
1870000	-127.4757	-187.0267	59.55099	10	1.951958	0.0289157	0.023941	0.0163822	0.0289416	0.0105615	0.0257574	0.00286851	0.0204158	0.0529169	0.0408876	0.502572	0.287472	0.649806	1.06874	1.99398	5	0.7541604
1871000	-152.8166	-185.148	32.33134	2	0.7632408	0.015148	0.0138151	0.0311979	0.00929723	0.0102378	0.0521071	0.0152172	0.000650115	0.128185	0.0677073	0.571993	0.0877164	0.391902	0.946225	2.57416	4	0.9155556
1872000	-120.2573	-178.0668	57.80944	10	1.111153	0.00605208	0.00281002	0.00917215	0.0113058	0.00461615	0.0202	0.0138172	0.0810977	0.00499904	0.0218494	0.303612	0.158583	0.507789	1.01623	2.3174	5	0.4795318
1873000	-126.4966	-183.0967	56.60013	10	1.134098	0.00763421	0.0619505	0.0177129	0.0385026	0.0116954	0.0115412	0.0301004	0.00838533	0.0812624	0.0114677	0.654057	0.162907	0.513654	1.0191	2.30434	5	0.9343095
1874000	-134.684	-184.1228	49.43876	10	0.6299074	0.00791037	0.00917058	0.106471	0.057343	0.00104125	0.0229423	0.00824456	0.178973	0.0113533	0.0312212	0.648879	0.0593292	0.328494	0.895842	2.71634	5	1.08355
1875000	-130.02	-182.6626	52.64266	10	0.9018992	0.0524941	0.00609588	0.0345819	0.00214934	0.00089383	0.02635	0.0286626	0.146801	0.0144589	0.0505879	0.579683	0.116989	0.445141	0.981632	2.45624	5	0.9427588
1876000	-125.8712	-182.8742	57.00307	10	1.057409	0.0248654	0.0154852	0.0193752	0.0221839	0.0129242	0.00417526	0.0149405	0.0624738	0.0494238	0.00848681	0.535456	0.148264	0.493352	1.0089	2.34949	5	0.7697903
1877000	-127.7848	-180.9001	53.11525	10	2.584768	0.010242	0.00720531	0.0187715	0.00829361	0.0189636	0.0312701	0.0228391	0.0876976	0.00836979	0.0492895	0.404502	0.354349	0.705595	1.07953	1.86053	5	0.667444
1878000	-122.1447	-180.862	58.71729	10	3.134961	0.00261511	0.000300791	0.0358387	0.0385067	0.00880834	0.0348235	0.0319434	0.165989	0.0173542	0.0271912	0.470802	0.399441	0.738737	1.08311	1.77872	5	0.8341732
1879000	-126.3237	-184.7369	58.41317	10	0.4010026	0.00192906	0.00597543	0.0775808	0.00779739	0.000257185	0.00920557	0.0201919	0.0019784	0.00843813	0.00801161	0.366838	0.0168593	0.182505	0.732363	3.06827	5	0.5082032
1880000	-122.6341	-182.8801	60.24591	10	1.336884	0.0222284	0.00762574	0.0049138	0.0215897	0.00811742	0.0224643	0.00733285	0.0794653	0.040292	0.0292134	0.427173	0.198989	0.558944	1.03921	2.20286	5	0.670416
1881000	-129.8595	-184.2373	54.37776	10	1.267377	0.0168841	0.00840551	0.0143115	0.038187	0.0120234	0.0394106	0.0295894	0.00238365	0.111109	0.0493484	0.442254	0.187051	0.544624	1.03324	2.23508	5	0.7639062
1882000	-121.268	-181.2139	59.94594	10	2.010451	0.0133522	0.0214485	0.00765484	0.0115896	0.0167243	0.0176708	0.0207593	0.0125716	0.137931	0.0623849	0.380698	0.294519	0.65612	1.07025	1.97911	5	0.7027851
1883000	-125.8415	-186.1334	60.29184	10	1.17757	0.024617	0.0157247	0.00788098	0.0463689	0.00195554	0.0134179	0.0467598	0.0240306	0.0990613	0.000195518	0.372492	0.170965	0.524313	1.02416	2.28057	5	0.6525041
1884000	-148.1686	-182.1364	33.96785	2	1.158031	0.0390406	0.00361178	0.00353567	0.0172758	0.00940242	0.010487	0.00940167	0.215233	0.00736961	0.0258608	0.546908	0.167365	0.519593	1.02194	2.2911	4	0.8881264
1885000	-157.0192	-187.2268	30.20756	2	2.916249	0.0017933	0.00959791	0.010545	0.014363	0.00198738	0.0240226	0.0142023	0.0536549	0.262329	0.00349382	0.865445	0.382677	0.726783	1.08207	1.80847	4	1.261434
1886000	-149.1863	-181.4863	32.2999	2	0.9011563	0.0183021	0.0208714	0.00314731	0.00981969	0.0284529	0.0188104	0.00643747	0.0999752	0.00669155	0.0272304	0.919383	0.116835	0.444884	0.981475	2.45681	4	1.159121
1887000	-156.5176	-185.229	28.71134	1	1.307249	0.0287406	0.00151135	0.0791351	0.0316839	0.00151352	0.0283148	0.00910031	0.0848276	0.000988869	0.0416828	0.774783	0.193953	0.552977	1.03677	2.2163	3	1.082282
1888000	-128.2065	-180.7086	52.50204	10	1.646567	0.00594329	0.00517914	0.00469293	0.0113443	0.0018844	0.0148727	0.0466801	0.378735	0.0388926	0.0656497	0.919221	0.247102	0.611264	1.05798	2.08365	5	1.493096
1889000	-121.5683	-178.9995	57.43121	10	0.741444	0.018539	0.0158513	0.0193427	0.0332103	0.011199	0.0129254	0.0153231	0.0750704	0.015693	0.0272196	0.726584	0.0830536	0.382446	0.939309	2.59519	5	0.9709575
1890000	-125.879	-179.2071	53.32805	10	1.000543	0.00911136	0.00998196	0.070432	0.0506554	0.00430901	0.0293262	0.0082882	0.103636	0.0181325	0.0210005	0.798078	0.137062	0.476915	1.00009	2.38593	5	1.122952
1891000	-135.1264	-184.4239	49.29756	10	1.6674	0.0202823	0.00834511	0.0409765	0.0157299	0.00229539	0.0732135	0.0434733	0.0130131	0.331655	0.0467855	0.510062	0.250063	0.61424	1.05891	2.07679	5	1.105832
1892000	-124.0742	-179.2055	55.13136	10	1.161132	0.000947532	0.00129487	0.0715943	0.0322094	0.00642618	0.0260676	0.0163063	0.110348	0.000370141	0.00678	0.596533	0.167939	0.52035	1.0223	2.28941	5	0.8688782
1893000	-123.8064	-178.2296	54.42319	10	0.5774054	0.0140874	0.0104453	0.00162243	0.0215023	0.00620022	0.0246921	0.0269554	0.137807	0.00425552	0.0450063	0.903558	0.0484839	0.299477	0.869339	2.7827	5	1.196132
1894000	-126.0834	-182.3382	56.25483	10	2.565899	0.0104048	0.00184549	0.00261763	0.017499	0.0131258	0.013038	0.0250894	0.0337909	0.08444	0.0490775	0.370975	0.352617	0.704256	1.07934	1.86379	5	0.6219031
1895000	-131.7288	-188.1291	56.40028	10	2.637634	0.00474106	0.00316362	0.0523865	0.00760881	0.0136477	0.00353154	0.023918	0.153642	0.0235499	0.00764966	0.25556	0.359129	0.709262	1.08003	1.85158	5	0.5493985
1896000	-125.2428	-181.9084	56.6656	10	1.486278	0.0151931	0.00585544	0.020574	0.0903814	0.0113557	0.0153768	0.0162694	0.0263989	0.177336	0.00695685	0.635493	0.223195	0.586256	1.04961	2.14094	5	1.02119
1897000	-144.1701	-182.9313	38.76122	2	2.286945	0.00758993	0.0134909	0.0151315	0.00534281	0.00825909	0.0257245	0.0208174	0.00169878	0.135031	0.0256893	0.302228	0.325279	0.682426	1.07575	1.91654	4	0.5610035
1898000	-146.3536	-184.1024	37.74888	2	1.940453	0.0150216	0.0141553	0.0749588	0.0119756	0.030049	0.0169247	0.00205971	0.0132434	0.0856408	0.0427139	0.463796	0.286061	0.648528	1.06843	1.99698	4	0.7705385
1899000	-124.3408	-180.5206	56.17979	10	0.4441166	0.00395447	0.00374937	0.0708673	0.0114955	0.00784064	0.0307641	0.0139921	0.00273273	0.0278477	0.0198893	0.487093	0.0235591	0.213878	0.774925	2.98764	5	0.6802266
1900000	-151.3129	-181.6827	30.36975	1	1.61744	0.0177299	0.0143818	0.0537413	0.00654634	0.00806981	0.020306	0.0201609	0.00631688	0.187007	0.03528	0.515882	0.242908	0.607005	1.05663	2.09345	3	0.8854225
1901000	-140.3145	-179.3695	39.05502	2	1.22001	0.0036419	0.000978873	0.0278027	0.000438432	0.0160106	0.0145462	0.00813878	0.0119061	0.116803	0.0483869	0.438209	0.17866	0.534183	1.02866	2.25849	4	0.6868626
1902000	-132.3448	-184.3134	51.96864	10	2.178493	0.00659232	0.00756185	0.0586577	0.0183532	0.00254857	0.00996503	0.0456475	0.0113489	0.0556783	0.0049637	0.43237	0.313689	0.672744	1.07388	1.93969	5	0.6536869
1903000	-127.2047	-179.4983	52.29361	10	0.1927734	0.00793938	0.00231133	0.050494	0.0227115	0.00892876	0.00985407	0.0139545	0.000369073	0.0150076	2.14991e-05	0.634662	0.000410048	0.0297133	0.364535	3.60534	5	0.7662536
1904000	-147.7543	-181.1284	33.37413	2	3.469979	0.00754395	0.00169683	0.0350483	0.025897	0.00718007	0.0207477	0.0204822	0.00261027	0.0583257	0.0450816	0.683163	0.422642	0.754624	1.08402	1.73871	4	0.9077764
1905000	-146.9287	-184.4497	37.52098	2	1.413372	0.0174357	0.0145822	0.012171	0.0500538	0.0129692	0.0286978	0.0384561	0.0100113	0.0718181	0.00131912	0.411831	0.211625	0.573472	1.0449	2.17	4	0.6693449
1906000	-133.808	-183.6465	49.83856	10	2.38378	0.0250216	0.0160585	0.14405	0.00687427	0.003066	0.0138888	0.000105938	0.0376865	0.0172464	0.0646483	0.820341	0.335154	0.690469	1.07718	1.8972	5	1.148987
1907000	-128.2083	-184.6675	56.45925	10	1.613632	0.00225107	0.00601339	0.0423888	0.0270806	0.00806906	0.00580316	0.0186461	0.0446605	0.0744261	0.0178647	0.472648	0.242354	0.606439	1.05645	2.09475	5	0.7198517
1908000	-125.4866	-178.0849	52.59834	10	1.692359	0.00571854	0.00450453	0.0390681	0.0432411	0.00619034	0.00980597	0.0190845	0.0149444	0.16796	0.0143042	0.670474	0.253568	0.61773	1.05997	2.06873	5	0.9952954
1909000	-128.8479	-182.8358	53.98797	10	2.053447	0.0221199	0.000983133	0.0505826	0.0359036	0.0216998	0.0183463	0.0224079	0.0284262	0.134408	0.0283038	0.414442	0.299572	0.660579	1.07127	1.96858	5	0.7776235
1910000	-122.8733	-180.6964	57.82313	10	1.288418	0.00304454	0.0142364	0.0129485	0.0106189	0.00952243	0.0365691	0.0171055	0.00703765	0.0626789	0.0379086	0.500405	0.190712	0.54908	1.03514	2.22507	5	0.7120752
1911000	-129.4184	-180.7614	51.34309	10	3.799663	0.0329013	0.0193748	0.0297405	0.0654933	0.0118224	0.00624596	0.0221131	0.0112505	0.13956	0.0079136	0.786828	0.443006	0.767983	1.08438	1.70463	5	1.133243
1912000	-125.5888	-182.3808	56.79201	10	1.30456	0.0258604	0.00238276	0.0347503	0.0127929	0.00142921	0.0176043	0.0290237	0.000392745	0.151118	0.0410571	0.375009	0.193492	0.552426	1.03654	2.21754	5	0.6914198
1913000	-146.1027	-186.196	40.09329	2	0.4108324	0.0162441	0.0010456	0.00776652	0.0100851	0.000867342	0.0406331	0.00923669	0.0733254	0.00215312	0.0188387	0.201613	0.0183077	0.189801	0.742741	3.04915	4	0.3818086
1914000	-148.1342	-183.3625	35.22828	2	2.148284	0.0100802	0.00725467	0.0215733	0.0100351	0.0173176	0.011296	0.017262	0.068359	0.0119704	0.0277897	0.476454	0.310355	0.669909	1.07329	1.94644	4	0.6793917
1915000	-128.0742	-186.0908	58.01661	10	2.532146	0.0149796	0.00201561	0.0350722	0.00103225	0.00541279	0.0563742	0.019315	0.0499154	0.0087808	0.0608226	0.286266	0.349483	0.701822	1.07898	1.86971	5	0.5399867
1916000	-127.4084	-186.2872	58.87886	10	2.306363	0.00228029	0.00859861	0.0756552	0.0372078	0.0127518	0.00692011	0.012004	0.0630985	0.0596758	0.0514595	0.452769	0.327294	0.684082	1.07606	1.91257	5	0.7824209
1917000	-124.982	-183.3579	58.37593	10	0.6956996	0.0104379	0.0387923	0.0131416	0.00496112	0.00796422	0.00311161	0.00664517	0.0258502	0.0568135	0.0189556	0.350429	0.0732699	0.361494	0.923264	2.64197	5	0.5371022
1918000	-125.3002	-181.3121	56.01187	10	2.119619	0.0251106	0.00163865	0.0383182	0.0615459	0.00289469	0.00774693	0.0378818	0.00830408	0.121594	0.00796518	0.671342	0.307147	0.667159	1.07271	1.95298	5	0.9843423
1919000	-132.2732	-180.9309	48.65766	10	3.214462	0.0287633	0.0188224	0.0384461	0.00315483	0.00279836	0.0153323	0.0132555	0.158123	0.00163421	0.067211	0.667709	0.405201	0.742751	1.08339	1.76866	5	1.015249
1920000	-123.1775	-182.3245	59.14706	10	1.156166	0.0156433	0.00243014	0.0549666	0.0195701	0.00691766	0.00855421	0.00265787	0.00200632	0.0830764	0.0360725	0.47149	0.16702	0.519137	1.02172	2.29212	5	0.7033853
1921000	-121.4856	-182.3368	60.8512	10	1.673403	0.00554296	0.0166061	0.133497	0.0132592	0.00860275	0.00942356	0.0150659	0.00376369	0.0973914	0.0237697	0.396763	0.25091	0.615086	1.05917	2.07484	5	0.7236851
1922000	-127.142	-177.5617	50.41975	10	1.691351	0.0201407	0.0019906	0.0648737	0.040074	0.0109549	0.0214085	0.0418716	0.140327	0.0140177	0.0168973	1.10908	0.253427	0.61759	1.05993	2.06905	5	1.481636
1923000	-121.6584	-182.3766	60.71826	10	0.3363747	0.00798025	0.00953373	0.0349273	0.00249933	0.00683122	0.00930247	0.00550331	0.0659218	0.0372917	0.0246281	0.368156	0.00870426	0.132931	0.652125	3.20624	5	0.5725758
1924000	-125.8734	-183.8022	57.92877	10	2.595423	0.00973383	0.0056833	0.0399839	0.012776	0.00967584	0.0512746	0.00859391	0.0795129	0.019627	0.0138413	0.337772	0.355321	0.706343	1.07963	1.8587	5	0.588475
1925000	-128.7195	-184.3355	55.61601	10	0.8001183	0.0149001	0.0413267	0.00132652	0.0055652	0.00927346	0.00793673	0.0113823	0.0306118	0.12859	0.0176151	0.350294	0.0955839	0.407182	0.956988	2.54025	5	0.6188213
1926000	-126.1791	-185.8212	59.64212	10	5.61612	0.00699884	0.00188446	0.0185467	0.00167897	0.0173467	0.0328102	0.0291988	0.024773	0.0395836	0.0420397	0.348976	0.525815	0.81737	1.0821	1.57472	5	0.5638371
1927000	-132.1992	-183.3181	51.11887	10	1.372892	0.0271569	0.00140863	0.193028	0.0120217	0.0199184	0.00635043	0.00369839	0.033453	0.0194619	0.0470346	0.806877	0.205002	0.565935	1.04199	2.18707	5	1.170409
1928000	-129.9618	-183.1924	53.23062	10	1.578956	0.00928825	0.0193475	0.00413112	0.0476196	0.0078201	0.0225793	0.0389033	0.0145858	0.273701	0.0654215	0.556759	0.237266	0.601192	1.05474	2.1068	5	1.060156
1929000	-124.4461	-180.1688	55.72268	10	0.7052225	0.0137032	0.000127668	0.0100643	0.00591415	0.0049655	0.0496625	0.0480482	0.00142137	0.140859	0.0544955	0.622611	0.0753041	0.365984	0.926788	2.63192	5	0.9518718
1930000	-123.0335	-179.0516	56.01815	10	2.269481	0.00407956	0.00622651	0.0104934	0.0118707	0.0211709	0.0243667	0.00906759	0.208108	0.00639232	0.0569861	0.510893	0.323452	0.680917	1.07547	1.92016	5	0.8696547
1931000	-131.0142	-183.542	52.52779	10	0.9253499	0.00503646	0.00433664	0.0142832	0.00529958	0.0256283	0.0350986	0.0138866	0.0480255	0.0110515	0.0519711	0.400857	0.121829	0.453104	0.986439	2.43863	5	0.6154743
1932000	-125.5453	-181.701	56.15565	10	0.761076	0.00523451	0.00134277	0.0445237	0.00972339	0.012256	0.0102812	0.0305707	0.00821615	0.0738569	0.0603012	0.386795	0.0872536	0.390978	0.945557	2.57621	5	0.6431012
1933000	-127.0409	-184.0695	57.02851	10	2.791018	0.00305188	0.0147815	0.00432113	0.00226314	0.00825233	0.042585	0.0182134	0.00308094	0.0332764	0.0513987	0.425581	0.372419	0.719259	1.08127	1.82705	5	0.6068052
1934000	-123.2937	-178.9923	55.69857	10	0.7096295	0.0111271	0.00897666	0.0440439	0.000147009	0.0102367	0.0194359	0.0168385	0.165972	0.00736015	0.043599	0.575475	0.0762462	0.368038	0.928385	2.62733	5	0.9032115
1935000	-125.4272	-180.1306	54.70341	10	1.832472	0.00335364	0.00755765	0.00829295	0.0168253	0.035701	0.0311182	0.00393279	0.0224343	0.145725	0.0370724	0.67588	0.272422	0.635928	1.06517	2.02648	5	0.9878927
1936000	-123.0081	-179.3783	56.37018	10	1.411064	0.00526668	0.0116562	0.0196178	0.0270769	0.0104099	0.00677485	0.00967312	0.161619	0.0180741	0.0415514	0.537311	0.211251	0.573051	1.04474	2.17096	5	0.8490312
1937000	-120.9295	-179.0364	58.10686	10	0.6069098	0.00521846	0.0059408	0.000525245	0.00189912	0.00947905	0.00651125	0.0201007	0.260771	0.00987057	0.0456475	0.485483	0.0545363	0.316091	0.884804	2.74457	5	0.8514469
1938000	-149.4342	-182.0668	32.63262	2	0.8202706	0.00169732	0.0353292	0.0505559	0.0425274	0.00923475	0.0355444	0.00707057	0.0777427	0.018192	0.00208951	0.750511	0.0998643	0.415169	0.962417	2.52255	4	1.030494
1939000	-144.5232	-185.8086	41.28534	2	1.681036	0.0148326	0.00146339	0.00253008	0.00171943	0.00227163	0.00486742	0.0292179	0.133567	0.0127691	0.0199928	0.265461	0.251983	0.616156	1.05949	2.07237	4	0.4886927
1940000	-147.0894	-181.432	34.34259	2	1.12172	0.00448458	0.0016095	0.0153333	0.0116722	0.000444884	0.0229301	0.0147715	0.155289	0.0134756	0.0187631	0.476282	0.160581	0.510511	1.01757	2.31134	4	0.7350558
1941000	-123.8767	-177.7598	53.88311	10	1.299586	0.0114543	0.00664111	0.0614927	0.0249958	0.0059337	0.0294432	0.0116159	0.1189	0.00517928	0.0346131	0.818365	0.192638	0.551401	1.03611	2.21985	5	1.128634
1942000	-125.4096	-181.1791	55.76946	10	0.4931295	0.00834109	0.00461422	0.00791975	0.0611145	0.00899914	0.00722294	0.010197	0.0022919	0.11726	0.0198073	0.705106	0.0321215	0.247407	0.815204	2.90527	5	0.9528737
1943000	-122.3941	-177.7014	55.3073	10	0.6188375	0.00776117	0.000313935	0.0163901	0.00153793	0.00636718	0.00489441	0.00967523	0.17025	0.00886613	0.0163976	0.358015	0.0570151	0.322582	0.890633	2.72977	5	0.600469
1944000	-127.4437	-182.3213	54.87757	10	0.3923704	0.0141976	0.00990729	0.0710903	0.00401934	0.00491204	0.00546012	0.0114656	0.099216	0.0256853	0.0374508	0.36021	0.0156293	0.176034	0.722891	3.08545	5	0.6436142
1945000	-123.1729	-182.135	58.96216	10	1.355126	0.0230599	0.00414357	0.00714017	0.00304079	0.00538146	0.0166067	0.0253639	0.00507276	0.0659441	0.0249938	0.300112	0.20205	0.562521	1.04065	2.19478	5	0.4808595
1946000	-127.9331	-183.2877	55.35461	10	3.458502	0.00784029	0.0098048	0.0468808	0.0155626	0.0445669	0.0261859	0.00159255	0.0105567	0.104492	0.015738	0.549458	0.421891	0.754122	1.084	1.73998	5	0.832679
1947000	-124.8408	-177.9119	53.07115	10	1.052579	0.00204215	0.00711237	0.00979665	0.00606632	0.0113137	0.036233	0.011079	0.00354563	0.111062	0.036256	0.470333	0.147324	0.492005	1.00819	2.35248	5	0.7048394
1948000	-126.1054	-178.1614	52.05604	10	0.399628	0.0120855	0.00430302	0.0353619	0.0353212	0.00319617	0.0303231	0.00928341	0.0170323	0.0692914	0.00118245	0.961787	0.0166608	0.181478	0.730878	3.07098	5	1.179168
1949000	-132.3642	-180.8424	48.47818	10	0.1717635	0.00469672	0.0034286	0.0346457	0.0291241	0.0129189	0.0067213	0.00569212	0.0947688	0.00465265	0.000173505	0.484673	0.000170646	0.0192358	0.306096	3.6745	5	0.6814959
1950000	-128.7576	-180.259	51.50141	10	0.6337322	0.0126032	0.00674088	0.0289161	0.0364003	0.0204208	0.0197095	0.000237415	0.154125	0.0174672	0.0342096	0.584239	0.0601315	0.330511	0.897598	2.71176	5	0.9150685
1951000	-125.1435	-180.641	55.49745	10	0.4745098	0.0123399	0.00498705	0.0132489	0.00918987	0.00832414	0.00123899	0.0126015	0.0745189	0.00967104	0.0419184	0.363238	0.0287662	0.23495	0.800797	2.93549	5	0.5512765
1952000	-117.5467	-178.4991	60.95237	10	0.9675428	0.0110473	0.011639	0.0113567	0.0250291	0.0049178	0.00523911	0.0217685	0.0168973	0.0871795	0.0265425	0.501188	0.130433	0.466774	0.994407	2.40839	5	0.7228049
1953000	-123.7769	-179.0304	55.25348	10	1.019881	0.00944916	0.0106459	0.0310372	0.00465945	0.00518613	0.0288075	0.0133356	0.0890605	0.00706345	0.0275611	0.413318	0.140904	0.482647	1.00322	2.37323	5	0.640124
1954000	-132.3542	-178.94	46.58579	10	3.044583	0.0104213	0.00276202	0.0530369	0.0154297	0.0113777	0.0382347	0.0175188	0.164934	0.0112856	0.0631135	0.726657	0.392682	0.733967	1.08273	1.79062	5	1.114772
1955000	-131.9267	-181.9435	50.01675	10	2.374905	0.0168708	0.0118831	0.00228296	0.03559	0.00371945	0.0304384	0.0170782	0.0893926	0.0217917	0.0210011	0.492475	0.334266	0.689754	1.07706	1.89892	5	0.7425233
1956000	-129.0021	-179.7722	50.77013	10	2.590607	0.00945064	0.0255407	0.00124169	0.0118424	0.00682388	0.029716	0.0101801	0.00265419	0.0954392	0.0327247	0.64725	0.354882	0.706006	1.07959	1.85953	5	0.8728638
1957000	-135.8385	-180.6838	44.84531	10	1.875591	0.00455658	0.000599406	0.035199	0.0305051	0.0014637	0.0331822	0.014277	0.0400612	0.271521	0.00152297	0.689116	0.277958	0.641097	1.06654	2.01441	5	1.122004
1958000	-126.8295	-180.3607	53.53119	10	0.2022259	0.00449517	0.00465612	0.00968916	0.00512216	0.00252761	0.0119749	0.00664781	0.0540322	0.00388233	0.0138319	0.203363	0.000573142	0.0350694	0.389442	3.57492	5	0.3202219
1959000	-125.5563	-180.4426	54.88627	10	1.750084	0.00440314	0.00530013	0.00647263	0.00600257	0.00678821	0.0166664	0.0164954	0.0415495	0.00488744	0.0580169	0.44306	0.261501	0.625503	1.06226	2.05073	5	0.6096426
1960000	-142.0518	-180.6416	38.58985	2	0.398109	0.0234528	0.00146392	0.00639488	0.00458052	0.00564438	0.0319865	0.00834667	0.0171528	0.0585758	0.0259864	0.647932	0.0164425	0.180342	0.729226	3.07399	4	0.8315165
1961000	-152.4454	-185.1775	32.73202	1	1.384622	0.0101878	0.0376785	0.078416	0.00265817	0.0021618	0.00896547	0.0152219	0.0133453	0.00587924	0.0549942	0.442968	0.206936	0.568153	1.04286	2.18205	3	0.6724766
1962000	-147.597	-185.0487	37.45171	2	0.8704724	0.0227452	0.00627673	0.0147398	0.0573635	0.0233992	0.0428093	0.00176665	0.0101156	0.100931	0.000711959	0.526287	0.110442	0.434032	0.97472	2.48081	4	0.8071459
1963000	-130.3605	-181.6454	51.28486	10	1.450667	0.0127387	0.00831522	0.157569	0.00118984	0.0131582	0.0226638	0.0175057	0.0111549	0.02391	0.0222826	0.54781	0.2176	0.580133	1.04739	2.15488	5	0.8382979
1964000	-132.0422	-179.3393	47.29704	10	2.463455	0.0144513	0.00474761	0.0347971	0.000578212	0.000853845	0.0211369	0.0229365	0.168243	0.0170306	0.0692218	0.510333	0.342964	0.696703	1.0782	1.88213	5	0.86433
1965000	-135.1121	-187.2269	52.11478	10	2.814795	0.0250397	0.0192278	0.0972853	0.013412	0.00246262	0.0292303	0.0232498	0.049801	0.059507	0.054097	0.535741	0.374407	0.720729	1.08143	1.82343	5	0.9090537
1966000	-118.8137	-178.3828	59.56903	10	0.8255141	0.00971287	0.000853354	0.0157007	0.0154959	0.0145137	0.0305827	0.0215156	0.00379436	0.102734	0.021267	0.481565	0.100975	0.417207	0.963781	2.51804	5	0.7177357
1967000	-128.1066	-180.4146	52.30795	10	0.7473267	0.00456907	0.00670518	0.0131895	0.0212788	0.00273343	0.0170539	0.00816536	0.037909	0.0788391	0.0323957	0.898627	0.0843125	0.38503	0.941219	2.58944	5	1.121466
1968000	-133.3887	-184.4034	51.01473	10	4.952088	0.00889189	0.0238916	0.0473207	0.0726137	0.0102035	0.0239857	0.0337019	0.0614141	0.0578016	0.00416961	0.657426	0.500075	0.802803	1.08338	1.61374	5	1.001421
1969000	-126.4799	-180.535	54.05507	10	1.624888	0.018283	0.00875165	0.0109336	0.0160419	0.0121968	0.0170191	0.0154976	0.0517621	0.0201207	0.0235563	0.435573	0.243986	0.608105	1.05699	2.09092	5	0.6297353
1970000	-137.3686	-179.2049	41.83624	10	1.214543	0.0172145	0.00566591	0.0435621	0.0135245	0.0371538	0.0428001	0.0237158	0.167398	0.00664161	0.0569881	1.24498	0.177679	0.53294	1.0281	2.26128	5	1.65964
1971000	-129.2259	-179.6824	50.45645	10	1.1364	0.00933523	0.0353383	0.106125	0.000531519	0.00602271	0.0253517	0.012339	0.0446421	0.0113522	0.0470388	0.741553	0.163338	0.514233	1.01938	2.30305	5	1.03963
1972000	-132.027	-181.0055	48.97855	10	5.080494	0.0216192	0.00277233	0.00799067	0.000116585	0.0120202	0.0122807	0.0157982	0.176835	0.0219146	0.0817021	0.50533	0.505387	0.805864	1.08316	1.60559	5	0.8583788
1973000	-123.1913	-181.7589	58.56758	10	1.071016	0.0271155	0.0118538	0.00489912	0.0332241	0.0161319	0.00634958	0.0238928	0.0994595	0.00724763	0.0233622	0.453733	0.150902	0.497104	1.01084	2.34116	5	0.707269
1974000	-120.6622	-184.8566	64.19441	10	1.443382	0.0101024	0.0344126	0.00902314	0.0283425	0.0265752	0.0104762	0.0294243	0.10709	0.0195017	0.0562501	0.414215	0.216442	0.578853	1.04692	2.15779	5	0.7454128
1975000	-139.0528	-188.1823	49.12946	10	0.440817	0.022451	0.0166218	0.0213212	0.0499419	0.00320168	0.0464976	0.0236396	0.079804	0.00129051	0.00552917	0.364652	0.0230162	0.211537	0.771925	2.99352	5	0.634951
1976000	-150.3863	-182.4167	32.03043	1	0.6925296	0.00926003	0.000624791	0.0505412	0.00188519	0.0116314	0.0197355	0.0167789	0.14276	0.000820016	0.0192351	0.538573	0.0725933	0.359984	0.922068	2.64535	3	0.811845
1977000	-153.6156	-180.7243	27.10877	1	2.766671	0.0154211	0.0011647	0.0201643	0.0089573	0.0308366	0.0156797	0.0298534	0.108666	0.0158069	0.0528855	0.797162	0.370365	0.717732	1.08109	1.83081	3	1.096597
1978000	-152.7761	-187.8347	35.0586	2	1.570177	0.00256767	0.0215148	0.0218419	0.0332329	0.0103528	0.0540644	0.0325283	0.0205701	0.181767	0.00784583	0.498206	0.235963	0.599835	1.05429	2.10991	4	0.8844921
1979000	-122.4627	-180.5261	58.06339	10	1.499508	0.0065606	0.00596004	0.0667685	0.000401694	0.0116639	0.00306591	0.0306754	0.00782133	0.0729692	0.0561436	0.407153	0.225247	0.588474	1.05039	2.13589	5	0.6691834
1980000	-123.6672	-183.2454	59.5782	10	0.2326675	0.0107545	0.000791627	0.000641969	0.00864506	0.00208508	0.0435505	0.0164826	0.0474173	0.00807371	0.00599299	0.292623	0.00139995	0.0544905	0.463482	3.48063	5	0.4370586
1981000	-118.1305	-180.2761	62.14561	10	0.9310505	0.0125521	0.00136614	0.0124018	0.00491662	0.00636272	0.0248432	0.0219381	0.00318101	0.0394048	0.0125597	0.391691	0.122999	0.454999	0.987565	2.43444	5	0.5312169
1982000	-129.6925	-181.812	52.11949	10	2.683473	0.00745219	0.0571442	0.0518601	0.00563388	0.00255234	0.00848579	0.0471386	0.135006	0.023146	0.0564642	0.776787	0.363189	0.712346	1.08043	1.84403	5	1.17167
1983000	-121.5956	-179.248	57.65243	10	0.5055507	0.0120173	0.00176204	0.0169488	0.0236985	0.00251224	0.0253555	0.00615213	0.0133223	0.0949205	0.0361325	0.530251	0.0344211	0.255524	0.824266	2.88579	5	0.7630726
1984000	-149.8402	-182.9805	33.1403	2	0.3651545	0.000272093	0.0086279	0.0945564	0.0220947	3.56259e-07	0.0286571	0.0271203	0.112901	0.00499027	0.0278698	0.601043	0.012025	0.155289	0.690643	3.14204	4	0.9281332
1985000	-122.3846	-183.6255	61.24085	10	0.3794602	0.0027257	0.0085687	0.0312394	7.8974e-07	0.0150973	0.0184046	0.020564	0.22477	0.0202741	0.0460872	0.356586	0.0138662	0.166254	0.708062	3.11182	5	0.7443175
1986000	-119.2223	-176.8346	57.61225	10	0.4095966	0.00495382	0.00428013	0.0149851	0.00446815	0.00724624	0.0117221	0.0150765	0.001173	0.0984047	0.0209038	0.409628	0.0181229	0.188888	0.74146	3.05153	5	0.5928414
1987000	-132.897	-181.0681	48.17107	10	1.376581	0.0178428	0.00265348	0.026091	0.0319459	0.0166471	0.0461242	0.0200454	0.0295739	0.155255	0.0105254	0.848632	0.205612	0.566635	1.04227	2.18548	5	1.205335
1988000	-135.5567	-179.8344	44.27771	2	0.1278737	0.0044927	0.000399122	0.0449698	0.01176	0.00821187	0.00190429	0.0102572	0.00355463	0.0109923	0.014893	0.353527	1.07616e-05	0.00485985	0.174608	3.82052	4	0.4649621
1989000	-146.4775	-183.0077	36.53025	2	1.558484	0.00553584	0.00807	0.0414768	0.0171292	0.0264934	0.0152766	0.0155564	0.0130174	0.0483905	0.0185162	0.526657	0.234217	0.59801	1.05368	2.11409	4	0.7361191
1990000	-118.9235	-177.3446	58.42109	10	1.435749	0.00337081	0.000520248	0.0219571	0.00931353	0.00702988	0.0371869	0.00564557	0.120951	0.0065694	0.0460441	0.59832	0.215224	0.5775	1.04641	2.16086	5	0.8569084
1991000	-124.0445	-182.3586	58.31414	10	0.6425349	0.0115341	0.00347857	0.00459668	0.0301085	0.000436644	0.0133729	0.0144815	0.0628331	0.00272761	0.00902812	0.370757	0.0619828	0.335106	0.901559	2.70135	5	0.5233547
1992000	-121.2689	-180.5267	59.2578	10	0.8631455	0.00477052	0.0106352	0.0136175	0.0512283	0.0188087	0.00860634	0.00505316	0.0931741	0.00873971	0.0101439	0.621076	0.108907	0.431367	0.973025	2.4867	5	0.8458529
1993000	-112.8806	-178.5468	65.66613	10	0.8586936	0.00135988	0.00607934	0.00574778	0.00773136	0.0069413	0.0200058	0.0109268	0.0110903	0.0932738	0.0304272	0.336802	0.107973	0.429733	0.971979	2.49031	5	0.530386
1994000	-121.581	-184.6911	63.11013	10	2.138706	0.0138435	0.00804735	0.0260841	0.0245026	0.0117167	0.0185724	0.00533763	0.00969873	0.101592	0.0305232	0.257095	0.309288	0.668997	1.0731	1.94861	5	0.5070128
1995000	-150.5247	-181.8196	31.29488	2	1.631379	0.0127951	0.0116053	0.0676324	0.0282379	0.00180478	0.0181999	0.0050904	0.0863896	0.0114236	0.00645253	1.0848	0.244923	0.609058	1.05729	2.08873	4	1.334429
1996000	-124.1812	-180.3146	56.13338	10	0.4012579	0.00886088	0.00734958	0.110177	0.0106342	0.00144532	0.00367792	0.010281	0.0121662	0.0589875	0.0281711	0.520569	0.0168963	0.182695	0.732638	3.06777	5	0.7723194
1997000	-125.5712	-181.9285	56.35726	10	1.458452	0.00806678	0.000444464	0.000978557	0.0327926	0.0112035	0.0168167	0.0114304	0.0825624	0.0178282	0.0349553	0.321111	0.218832	0.581491	1.04789	2.15179	5	0.5381902
1998000	-125.7679	-183.6437	57.87576	10	0.8242943	0.0120793	0.0117216	0.0242258	0.0015438	0.00570969	0.00431139	0.0326255	0.00362018	0.176673	0.0174303	0.298104	0.100717	0.416734	0.963466	2.51908	5	0.5880443
1999000	-123.7605	-176.2913	52.53081	10	4.645499	0.00925503	0.00161023	0.0058129	0.00876857	0.00578816	0.0184324	0.0199393	0.00336039	0.134713	0.0255708	0.448367	0.486653	0.794938	1.08386	1.63455	5	0.681618
2000000	-129.9273	-184.7406	54.8133	10	1.617239	0.00213513	0.0168873	0.036539	0.0354634	0.0214642	0.00235762	0.00794886	0.0308462	0.0950587	0.0585457	0.504619	0.242878	0.606975	1.05662	2.09352	5	0.8118656
2001000	-123.3248	-182.4902	59.16548	10	0.6587621	0.00849848	0.00544529	0.00634946	0.027236	0.0215984	0.0235173	0.015832	0.00314158	0.202916	0.0019952	0.371851	0.0654112	0.343405	0.908573	2.68261	5	0.688381
2002000	-123.1957	-179.7721	56.57639	10	0.9968163	0.0142975	0.0400372	0.0138631	0.011655	0.0246635	0.0146481	0.0172842	0.00654023	0.201856	0.0564477	0.851615	0.136318	0.475793	0.99947	2.38842	5	1.252908
2003000	-130.2704	-177.8313	47.56088	10	0.4506626	0.00209505	0.00907045	0.0494676	0.0178414	0.00509105	0.0108269	0.0282076	0.15772	0.0242814	0.0221224	1.44187	0.0246498	0.218492	0.780762	2.9761	5	1.768592
2004000	-129.9137	-185.3282	55.41447	10	0.9439002	0.00932585	0.0171064	0.0118539	0.0940069	0.0160122	0.00128052	0.00972041	0.0407372	0.501661	0.00206576	0.633635	0.125629	0.459215	0.990045	2.42511	5	1.337404
2005000	-123.1729	-179.9034	56.7305	10	1.127647	0.005866	0.00780623	0.0353625	0.000486646	0.0174964	0.0422774	0.0293162	0.0102075	0.162706	0.0692425	0.637752	0.161696	0.512022	1.0183	2.30798	5	1.01852
2006000	-125.9306	-183.0725	57.14184	10	0.9329265	0.00120603	0.00408662	0.0736776	0.00251238	0.00357025	0.00765606	0.0143634	0.0123841	0.0171505	0.0175151	0.278567	0.123384	0.455619	0.987932	2.43306	5	0.432689
2007000	-127.8276	-183.0693	55.24167	10	2.259559	0.00168791	0.00154354	0.0285081	0.0395976	0.00524235	0.0232729	0.0291331	0.194183	0.0132388	0.040171	0.581837	0.322407	0.680052	1.07531	1.92223	5	0.9584153
2008000	-124.8792	-180.3306	55.45138	10	0.7864791	0.00497162	0.00940301	0.0537922	0.0593718	0.00694644	0.0155562	0.0128533	0.0124747	0.076903	0.00521056	0.659753	0.0926785	0.401633	0.953137	2.55255	5	0.9172362
2009000	-126.3711	-180.6508	54.27966	10	3.158799	0.00397808	0.0158216	0.0281399	0.0158457	0.00502803	0.0147663	0.0226762	0.0238775	0.10237	0.0427584	0.433842	0.401186	0.739958	1.0832	1.77566	5	0.7091042
2010000	-116.6387	-178.9768	62.33809	10	1.406039	0.0107674	0.00540347	0.0260305	0.00297262	0.0255421	0.0106586	0.0255935	0.00434872	0.0648188	0.0433569	0.577127	0.210436	0.572131	1.04439	2.17304	5	0.79662
2011000	-122.8357	-176.7391	53.90345	10	2.042446	0.00847524	0.0008974	0.0151021	0.0239271	0.0166885	0.0219051	0.0353873	0.00300842	0.196268	0.0282878	0.929286	0.298289	0.659453	1.07102	1.97124	5	1.279234
2012000	-120.6339	-176.556	55.92205	10	2.016307	0.00478542	0.00593387	0.00482639	0.021214	0.00984842	0.0181433	0.0168855	0.00753669	0.0978191	0.036465	0.818358	0.295214	0.656737	1.07039	1.97766	5	1.041815
2013000	-136.8732	-186.8554	49.98214	10	1.353294	0.00545168	0.0378368	0.0326871	0.0499497	0.00946038	0.104598	0.00487903	0.0303026	0.199654	0.0135043	0.756829	0.201744	0.562165	1.0405	2.19559	5	1.245154
2014000	-120.9779	-179.3315	58.35361	10	1.894304	0.00725803	0.00288074	0.00197412	0.0102692	0.019196	0.0246175	0.00928724	0.0344089	0.0988058	0.0307041	0.617214	0.280323	0.643282	1.0671	2.00929	5	0.856616
2015000	-129.9015	-185.5568	55.65525	10	1.534535	0.00409896	0.00441822	0.0879707	0.00430925	0.0189129	0.0223785	0.0373627	0.120805	0.00674976	0.041271	0.297473	0.230608	0.594206	1.05239	2.1228	5	0.6457503
2016000	-135.4889	-187.8504	52.36155	10	1.786009	0.00829333	0.021452	0.0608522	0.0173623	0.031776	0.0366487	0.00605289	0.352948	0.0184844	0.0741373	0.491432	0.26632	0.630141	1.06358	2.03996	5	1.119439
2017000	-133.5263	-187.7101	54.18379	10	2.941595	0.0346241	0.0210228	0.0150883	0.016795	0.0194434	0.0302403	0.00249942	0.000439003	0.209632	0.00859589	0.557068	0.384693	0.728242	1.08221	1.80485	5	0.9154484
2018000	-118.5256	-179.9036	61.37799	10	0.5128221	0.0237437	0.00185627	0.0569395	0.0135178	0.0167609	0.0312463	0.00792468	0.122286	0.00730755	0.0340013	0.73391	0.0357882	0.260204	0.829378	2.87463	5	1.049494
2019000	-121.9863	-177.3174	55.33113	10	1.247057	0.00666095	0.00180048	0.0116563	0.0130365	0.00867214	0.0372733	0.0199042	0.109209	0.00357651	0.0543002	0.647788	0.183477	0.540216	1.03133	2.24498	5	0.9138775
2020000	-118.6289	-180.1971	61.56826	10	1.59971	0.0085119	0.0106719	0.0129808	0.00144886	0.00718264	0.0254234	0.0095943	0.042238	0.00817497	0.0514469	0.576748	0.240323	0.604353	1.05578	2.09955	5	0.7544223
2021000	-140.5184	-183.7203	43.20196	2	0.3592836	0.00376093	0.00105235	0.0113579	0.0097408	0.00206049	0.0272156	0.0173752	0.0902762	0.0161307	0.0261064	0.243932	0.0113051	0.150756	0.683176	3.15476	4	0.4490085
2022000	-147.3228	-183.4679	36.14518	2	0.9677641	0.010097	0.00430345	0.0311947	0.0276232	0.00101696	0.0178115	0.0163525	0.165618	0.0235519	0.0355765	0.470501	0.130478	0.466843	0.994446	2.40823	4	0.8036466
2023000	-136.249	-185.7687	49.51976	10	2.719078	0.00977269	0.0382106	0.139808	0.000642026	0.000460909	0.0026237	0.0297758	0.156905	0.12309	0.0332904	1.16431	0.36629	0.714684	1.08073	1.8383	5	1.698892
2024000	-129.5987	-180.5748	50.97607	10	1.45363	0.0149768	0.00593605	0.0547053	0.00605404	0.0159758	0.00505604	0.0353295	0.00205085	0.128141	0.0633256	0.653662	0.21807	0.580652	1.04758	2.1537	5	0.9852126
2025000	-136.6576	-181.0097	44.35215	10	1.358154	0.0243195	0.000256966	0.0199244	0.0658747	0.00705134	0.0222402	0.0176044	0.00993775	0.161569	0.025273	1.11786	0.202555	0.563107	1.04088	2.19346	5	1.471909
2026000	-121.0748	-181.039	59.96421	10	6.052202	0.02414	0.00113115	0.000428398	0.0287424	0.0169961	0.0199412	0.0168362	0.149336	0.00840745	0.00215109	0.459981	0.540667	0.825482	1.08114	1.55271	5	0.728091
2027000	-126.2255	-181.3706	55.14511	10	3.28092	0.0186807	0.00452166	0.017215	0.00677827	0.0467995	0.0389876	0.00862197	0.0847854	0.0222815	0.0414097	0.737639	0.409891	0.745984	1.08359	1.76053	5	1.02772
2028000	-121.3318	-178.2488	56.91699	10	0.7352885	0.00568939	0.00367484	0.065835	0.00166582	0.00433939	0.0317793	0.0209895	0.0114643	0.0858024	0.0497805	0.572782	0.0817362	0.379715	0.937275	2.60127	5	0.853802
2029000	-130.7579	-181.8014	51.04348	10	0.9528188	0.0178021	6.23296e-05	0.0100683	0.0219319	0.0209193	0.0183618	0.0292298	0.14094	0.0165471	0.0156863	0.388532	0.127446	0.462096	0.99172	2.41874	5	0.6800811
2030000	-122.5114	-181.7387	59.22729	10	0.9639389	0.00639375	0.014054	0.117128	0.00886021	0.0130862	0.00957326	0.0354397	0.0227833	0.0103887	0.0542157	0.633791	0.129704	0.465638	0.993758	2.4109	5	0.9257139
2031000	-130.8004	-182.8438	52.04338	10	1.629321	0.00222898	0.000248544	0.0299825	0.0101809	0.00936395	0.0301034	0.00776165	0.0564094	0.0585476	0.0358329	0.490776	0.244626	0.608756	1.05719	2.08942	5	0.7314358
2032000	-149.5207	-179.6637	30.14298	2	2.870124	0.00453854	0.00689947	0.036363	0.000583178	0.00997027	0.00558565	0.0261224	0.0488339	0.0782297	0.0513196	0.884717	0.378958	0.724074	1.08179	1.81517	4	1.153163
2033000	-150.6923	-184.9835	34.29123	2	1.301121	0.0169901	0.0247322	0.116375	0.0514034	0.0143217	0.0226045	0.0138797	0.0126498	0.0950476	0.0180175	0.607957	0.192902	0.551718	1.03624	2.21914	4	0.9939788
2034000	-129.9728	-185.9827	56.00991	10	4.128693	0.0128347	0.0260649	5.64588e-05	0.026924	0.0091214	0.0547804	0.0224139	0.154933	0.0306598	0.0306597	0.322424	0.461295	0.779545	1.08436	1.6748	5	0.690872
2035000	-137.4764	-180.8421	43.36571	10	2.766985	0.00194565	0.012517	0.0112845	0.0128892	0.0102808	0.0150705	0.0109347	0.0279529	0.151283	0.0678152	0.553775	0.370392	0.717752	1.0811	1.83076	5	0.8757488
2036000	-116.7018	-178.5331	61.83126	10	1.074972	0.0125339	7.60413e-05	0.0116441	0.000285657	0.00754208	0.0316557	0.0204039	0.0186753	0.102145	0.0423208	0.369529	0.151665	0.498182	1.01139	2.33876	5	0.6168111
2037000	-120.0973	-179.1043	59.00702	10	0.2488156	0.0120507	1.44014e-05	0.00423097	0.00444667	0.00244584	0.009087	0.00824586	0.0549982	0.00453701	0.0245221	0.286671	0.00205702	0.0658359	0.498981	3.43313	5	0.4112499
2038000	-149.2012	-183.9474	34.74622	2	1.127308	0.0228228	0.0165177	0.0486129	0.0171959	0.015851	0.0363961	0.0253596	0.23535	0.0111934	0.00383183	0.609433	0.161633	0.511936	1.01826	2.30817	4	1.042565
2039000	-147.2708	-185.6164	38.34557	2	0.7412744	0.00339895	0.0122465	0.0120465	0.000237152	0.0475479	0.0123666	0.00740248	0.102621	0.0297908	0.0258318	0.388224	0.0830173	0.382371	0.939253	2.59536	4	0.6417143
2040000	-151.2863	-181.8657	30.57939	1	1.433561	0.00406342	0.000799748	0.0281808	0.00650074	0.0179915	0.00495334	0.0122592	0.156325	0.00747088	0.0565405	0.587761	0.214874	0.577111	1.04627	2.16175	3	0.8828459
2041000	-155.7707	-183.6626	27.89195	2	1.108381	0.0213999	0.0189001	0.120177	0.0251523	0.0121945	0.0199609	0.0198694	0.010945	0.24546	0.00236065	1.09222	0.158057	0.507069	1.01587	2.319	4	1.588637
2042000	-125.4238	-181.3762	55.95243	10	2.131691	0.0142404	0.0340623	0.0868401	0.00932356	0.00223833	0.0371889	0.0253087	0.128001	0.0236224	0.0565841	0.633378	0.308504	0.668325	1.07296	1.95021	5	1.050788
2043000	-133.5044	-184.0941	50.58978	10	2.133131	0.00680091	0.024633	0.0443165	0.0697961	0.00639914	0.000303174	0.0330638	0.062873	0.0478092	0.00704004	0.638709	0.308665	0.668463	1.07299	1.94988	5	0.9417439
2044000	-119.1167	-180.3266	61.2099	10	2.360287	0.00996096	0.000862269	0.0130119	0.037378	0.0204268	0.0318337	0.00700514	0.0028873	0.103471	0.0435377	0.511184	0.332797	0.688567	1.07685	1.90178	5	0.7815587
2045000	-142.3429	-178.8345	36.49161	2	0.4232916	0.00682756	0.000631652	0.00118977	0.0372075	0.00173125	0.0168573	0.0245769	0.123468	0.00962972	0.0111805	0.69734	0.020213	0.198931	0.755303	3.02555	4	0.9306404
2046000	-129.326	-178.7727	49.44663	10	1.141111	0.0259754	0.00158045	0.00555993	0.00582438	0.00956034	0.00962576	0.0492676	0.142175	0.014929	0.0206199	0.932577	0.164219	0.515413	1.01995	2.30042	5	1.217695
2047000	-131.8224	-183.695	51.87261	10	1.446071	0.017548	0.00226061	0.0614885	0.00192587	0.0182469	0.0320168	0.00296165	0.000778298	0.0216547	0.0403428	0.569538	0.21687	0.579327	1.04709	2.15671	5	0.7687625
2048000	-129.377	-182.4257	53.04867	10	2.02166	0.0419101	0.00899492	0.0316351	0.00459798	0.0181239	0.0522236	0.0268055	0.00528447	0.254346	0.0735389	0.67552	0.295847	0.657297	1.07052	1.97633	5	1.192981
2049000	-128.7271	-180.5295	51.80236	10	0.7475168	0.0123134	0.00848407	0.0110975	0.024784	0.0107069	0.00739273	0.00314532	0.00429482	0.126808	0.000411181	0.515096	0.0843532	0.385113	0.94128	2.58925	5	0.7245341
2050000	-143.4912	-183.4146	39.92339	2	0.6538514	0.00427671	0.00791981	0.0545728	0.00800629	0.0111063	0.0269919	0.0049878	0.00526605	0.0690127	0.030957	0.377425	0.0643718	0.340917	0.906489	2.68822	4	0.6005221
2051000	-126.2868	-183.0412	56.75449	10	2.353577	0.0332514	0.00165364	0.0124285	0.0718327	0.00498275	0.0141476	0.0333055	0.000101068	0.123382	0.00907173	0.502094	0.33212	0.688018	1.07676	1.90311	5	0.8062516
2052000	-125.3968	-179.5495	54.15273	10	0.6144073	0.0069201	0.00172478	0.0188639	0.00483996	0.00168129	0.0223146	0.0255036	0.00928991	0.206488	0.0495406	0.526819	0.0560925	0.320186	0.888495	2.73523	5	0.8739863
2053000	-131.0834	-180.4231	49.33971	10	1.439037	0.0246631	0.00156709	0.0378356	0.0128772	0.0119467	0.00421301	0.0201417	0.141167	0.00874157	0.051782	0.443014	0.21575	0.578084	1.04663	2.15953	5	0.757949
2054000	-127.7998	-182.5548	54.75507	10	2.164386	0.00427681	0.0159567	0.019462	0.0220544	0.000206279	0.0240729	0.0187866	0.00124614	0.170526	0.104293	0.585337	0.312138	0.671428	1.07361	1.94283	5	0.9662184
2055000	-129.7283	-179.5428	49.81449	10	1.691262	0.0177259	0.00463565	0.00153105	0.00306561	0.00515076	0.000192771	0.0315771	0.0862402	0.0272605	0.0303321	0.527358	0.253415	0.617578	1.05993	2.06908	5	0.7350693
2056000	-134.1677	-189.6109	55.44319	10	3.343898	0.00161198	0.0307485	0.0984926	0.0482777	0.0328348	0.0107363	0.0347298	0.0589844	0.12818	0.0446224	0.481624	0.414233	0.748951	1.08376	1.75306	5	0.9708422
2057000	-131.3759	-181.1199	49.74403	10	1.008279	0.0140896	0.0234745	0.162542	0.0144648	0.0173918	0.0059281	0.0127306	0.00150975	0.0271727	0.0354815	0.892204	0.138603	0.479226	1.00136	2.38081	5	1.206989
2058000	-119.4761	-182.7273	63.25115	10	0.413652	0.00107604	0.00746203	0.00135379	0.0206791	0.0134384	0.0148812	0.000764386	0.00498124	0.0359277	0.0166516	0.298609	0.0187322	0.191879	0.745641	3.04375	5	0.4158246
2059000	-121.9053	-178.7538	56.84849	10	1.979682	0.00572643	0.000559279	0.0189975	0.0434856	0.00834136	0.0101295	0.0144319	0.0166057	0.116643	0.010014	0.574287	0.290837	0.652836	1.06947	1.98685	5	0.819221
2060000	-128.5457	-181.0187	52.47296	10	2.539533	0.00393454	0.00239911	0.052623	0.0665224	0.0202144	0.01	0.0134732	0.0218002	0.196869	0.0203701	0.714679	0.350173	0.702359	1.07906	1.8684	5	1.122885
2061000	-132.0435	-183.1533	51.10973	10	1.767842	0.0415919	0.0448597	0.00888981	0.00563947	0.0090774	0.0225935	0.0306753	3.95831e-06	0.177022	0.0414845	0.565835	0.263894	0.627814	1.06292	2.04537	5	0.9476728
2062000	-128.5436	-183.832	55.28835	10	0.9248246	0.0148791	0.00239509	0.0271513	0.0113867	0.0295822	0.00503882	0.0228025	0.0729314	0.0265788	0.0396294	0.514891	0.121721	0.452928	0.986334	2.43902	5	0.7672659
2063000	-126.6078	-182.3515	55.74365	10	1.539716	0.0214129	0.00590521	0.0159196	0.0523453	0.00806772	0.0140477	0.0119921	0.102813	0.0013777	0.0380681	0.711738	0.231393	0.595036	1.05267	2.1209	5	0.9836881
2064000	-121.3563	-179.7574	58.40111	10	2.35167	0.018562	0.00418296	0.0544378	0.0144668	0.0157317	0.00169205	0.0201785	0.0398923	0.100041	0.0233756	0.524363	0.331927	0.687861	1.07673	1.90348	5	0.8169233
2065000	-127.6984	-179.1323	51.43387	10	0.7682808	0.00681521	0.00827688	0.0183527	0.0344383	0.0127747	0.00491535	0.0141391	0.0118472	0.181471	0.0119572	0.609926	0.0887937	0.394043	0.947763	2.5694	5	0.9149137
2066000	-126.8831	-180.3448	53.46172	10	2.135791	0.0168067	0.0099881	0.0695686	0.0129371	0.0133989	0.0284516	0.0344013	0.00278346	0.0626335	0.0296456	0.641349	0.308963	0.668718	1.07304	1.94928	5	0.9219643
2067000	-124.1002	-182.3894	58.28921	10	0.2611339	0.00636402	0.00159701	0.0420537	0.0256785	0.0116349	0.00839612	0.0161616	0.0100762	0.0675781	0.00162986	0.398216	0.00267178	0.0748403	0.524385	3.3981	5	0.5893864
2068000	-123.5182	-180.8562	57.33797	10	0.628138	0.00814498	0.00673354	0.0102728	0.0229736	0.0136163	0.0351162	0.0172036	0.00707973	0.0466508	0.0239085	0.515587	0.0589585	0.327556	0.895022	2.71846	5	0.7072866
2069000	-125.3064	-181.8119	56.50553	10	0.6321309	0.00389778	0.0191906	0.0429273	0.0267351	0.00403192	0.0242846	0.0156299	0.0399489	0.010247	0.000529559	0.612044	0.0597955	0.329668	0.896866	2.71367	5	0.7994666
2070000	-124.5646	-178.401	53.83641	10	2.235504	0.00695881	0.00501478	0.00423092	0.000790411	0.0272186	0.0211476	0.00197113	0.00493023	0.2192	0.0442562	0.635756	0.319854	0.677928	1.0749	1.92732	5	0.9714746
2071000	-133.2097	-180.6794	47.46976	10	4.429844	0.00139881	0.0114216	0.0150158	0.111066	0.00246123	0.0383435	0.0212763	0.16592	0.00212907	0.00375559	1.05728	0.476522	0.788874	1.08412	1.65048	5	1.430064
2072000	-128.8014	-182.3738	53.5724	10	0.5922701	0.00363064	0.0458856	0.0131533	0.0327604	0.00319664	0.0221628	0.0333131	0.0222752	0.0835173	0.0328258	0.941414	0.0515178	0.307948	0.877324	2.76321	5	1.234135
2073000	-126.9153	-181.3542	54.43884	10	1.045555	0.00907537	0.000836327	0.0322486	0.0111057	0.01832	0.0123932	0.029093	0.0517177	0.0241753	0.0035338	0.906478	0.145953	0.490029	1.00716	2.35686	5	1.098977
2074000	-144.0235	-181.7061	37.68261	2	1.201041	0.0104893	0.00259575	0.00379739	0.00713108	0.0147483	0.0327869	0.0114125	0.105673	0.00704507	0.0200514	0.308519	0.175242	0.529834	1.0267	2.26823	4	0.5242497
2075000	-125.2633	-181.1275	55.86421	10	1.564192	0.00136516	0.0247745	0.0241742	0.00795897	0.00861685	0.00485952	0.0323519	0.0659097	0.0235866	0.050627	0.541513	0.235071	0.598904	1.05398	2.11205	5	0.785737
2076000	-123.9144	-179.9314	56.01703	10	0.5482488	0.0110017	0.00579889	0.0909364	0.030845	0.013074	0.035851	0.00447477	0.0741268	0.0195832	0.0139937	0.763901	0.0426422	0.282252	0.852432	2.82267	5	1.063587
2077000	-129.6866	-182.2087	52.52206	10	0.2773228	0.00456986	0.0237535	0.0671348	0.0120103	0.0157297	0.0212469	0.0133947	0.0184932	0.0499408	0.0235574	0.716939	0.00363645	0.0870147	0.555679	3.35367	5	0.9667706
2078000	-125.9778	-178.4578	52.48009	10	0.3172282	0.00821452	0.00246097	0.159785	0.0392465	0.00380867	0.020769	0.0221305	0.0106514	0.00432916	0.00764868	1.20024	0.00679649	0.117947	0.623632	3.25162	5	1.479286
2079000	-127.4878	-181.3791	53.89133	10	2.195423	0.00443917	0.0103536	0.0505912	0.00670769	0.0129099	0.00865908	0.0245942	0.0799053	0.0196125	0.035224	0.378289	0.315537	0.674306	1.07419	1.93597	5	0.6312861
2080000	-131.1819	-182.4106	51.22871	10	2.889442	0.00837425	0.0128045	0.00326356	0.062303	0.0287897	0.0136248	0.0238917	0.0162486	0.0925052	0.0459744	0.625681	0.380524	0.725217	1.08191	1.81235	5	0.9334607
2081000	-130.6277	-191.6809	61.05321	10	1.444685	0.0157722	0.0525951	0.010424	0.0307702	0.00103531	0.0131154	0.0168536	0.0177471	0.0418114	0.0133804	0.367494	0.21665	0.579082	1.047	2.15727	5	0.5809987
2082000	-135.6403	-184.6968	49.05648	10	3.827416	0.0528496	0.0230154	0.0333194	0.00252568	0.00329581	0.0565695	0.0413979	0.00124929	0.152214	0.105416	0.824127	0.444623	0.769021	1.08439	1.70197	5	1.29598
2083000	-137.8683	-186.5727	48.70441	10	2.660014	0.012912	0.0354409	0.0344767	0.00298939	0.000905006	0.0465693	0.0673289	0.168221	0.0115457	0.102923	0.48798	0.361121	0.710778	1.08023	1.84787	5	0.9712924
2084000	-121.9262	-178.5115	56.58533	10	1.623239	0.00207724	0.000664746	0.00953219	0.0177748	0.00436838	0.0120899	0.0296369	0.00605846	0.136505	0.00551281	0.517623	0.243748	0.607862	1.05691	2.09148	5	0.7418434
2085000	-116.6374	-176.9396	60.30217	10	0.6888951	0.00552535	0.00328605	0.0204876	0.0125681	0.0102698	0.0240398	0.0119881	0.00316944	0.0860173	0.0259334	0.538804	0.071818	0.358243	0.920683	2.64926	5	0.7420891
2086000	-124.9855	-179.8115	54.82603	10	1.20329	0.00779743	0.00205414	0.0126492	0.0493142	0.0236684	0.0162437	0.0288995	0.0876064	0.0341873	0.00104109	0.609594	0.175649	0.530355	1.02693	2.26706	5	0.8730554
2087000	-122.9011	-180.5249	57.62382	10	1.603873	0.00886562	0.00262291	0.0265112	0.0129005	0.0215386	0.00151188	0.00513423	0.0479674	0.110396	0.0202315	0.551599	0.240932	0.60498	1.05598	2.09811	5	0.8092793
2088000	-136.3356	-183.3088	46.97319	10	2.528155	0.00955154	0.0231779	0.0394715	0.0507417	0.0202207	0.000845057	0.0143036	0.0482327	0.0293311	0.0139911	0.670422	0.34911	0.701531	1.07894	1.87042	5	0.9202886
2089000	-119.327	-179.8944	60.56732	10	0.7006798	0.0202092	0.00273367	0.0272322	0.00193858	0.00552855	0.0183955	0.00332248	0.0061673	0.192328	0.0378847	0.411879	0.0743335	0.363851	0.92512	2.6367	5	0.7276183
2090000	-128.7515	-182.8881	54.13664	10	0.2411192	0.0111236	0.00864759	0.0641985	0.0354978	0.00332252	0.0123384	0.0194214	0.00756172	0.0954503	0.000615788	0.652893	0.00172338	0.0603556	0.482379	3.45554	5	0.9110711
2091000	-121.0187	-179.4044	58.38576	10	0.5714303	0.0021389	0.00285036	0.00761174	0.0226444	0.00620337	0.02079	0.00896781	0.00312841	0.0531014	0.0106558	0.612872	0.0472742	0.296013	0.866013	2.7907	5	0.7509644
2092000	-128.9351	-179.9676	51.0325	10	0.6520498	0.00862249	0.000167691	0.0902815	0.0131976	0.00418684	0.0176719	0.0171706	0.0175036	0.0085601	0.0240532	0.685926	0.0639908	0.339999	0.905716	2.69029	5	0.8873416
2093000	-131.915	-182.0759	50.16089	10	0.5558845	0.0249687	0.00695881	0.0887031	0.0380965	0.0105355	0.000446418	0.01495	0.00601957	0.0187841	0.0280738	0.803253	0.0441565	0.286842	0.857028	2.81197	5	1.040789
2094000	-118.6907	-180.6665	61.97584	10	2.657882	0.0115527	0.00825168	0.00420794	0.0149803	0.00978279	0.0565015	0.0191261	0.00263704	0.117425	0.0163303	0.38337	0.360932	0.710635	1.08021	1.84822	5	0.6441657
2095000	-124.1376	-183.3372	59.19952	10	1.086056	0.00908901	0.0186796	0.00311016	0.00443532	0.00442152	0.0530844	0.00896724	0.0867417	0.0151354	0.0731414	0.444784	0.153798	0.501173	1.01291	2.33212	5	0.7215894
2096000	-127.0925	-180.8735	53.78109	10	3.013996	0.0326528	0.0194909	0.00132011	0.0434126	0.00175172	0.0242008	0.0183318	0.0216554	0.143239	0.0144986	0.649446	0.390342	0.7323	1.08258	1.79477	5	0.9700004
2097000	-128.7829	-180.3636	51.58075	10	3.810482	0.00819476	0.0236271	0.0593505	0.000375482	0.00686853	0.0369911	0.011466	0.00699848	0.0497273	0.0508286	0.726369	0.443638	0.768389	1.08438	1.70359	5	0.9807967
2098000	-119.5276	-176.754	57.22643	10	1.043881	0.00282952	0.00320359	0.00136591	0.00114903	0.00566809	0.0224633	0.0218976	0.00694909	0.194259	0.0611055	0.752642	0.145625	0.489555	1.00691	2.35791	5	1.073532
2099000	-128.378	-181.6789	53.3009	10	2.230083	0.015304	0.0287349	0.00204922	0.00944485	0.0129193	0.0263966	0.0156635	0.00374855	0.170112	0.0758081	0.48172	0.319275	0.677444	1.07481	1.92847	5	0.8419011
2100000	-128.1474	-178.0494	49.90208	10	1.135487	0.0120332	0.00474508	0.0111902	0.0643721	0.011355	0.016825	0.0203272	0.107154	0.00540071	0.000590022	0.719078	0.163167	0.514003	1.01927	2.30356	5	0.9730705
2101000	-120.1237	-176.4036	56.27989	10	0.7052106	0.0078448	0.000949283	0.00352755	0.00428988	0.0152859	0.0151248	0.00287197	0.111901	0.0108504	0.0432222	0.617501	0.0753016	0.365978	0.926784	2.63194	5	0.8333689
2102000	-122.2781	-177.9119	55.63373	10	0.9490247	0.0159497	0.00164496	0.0920606	0.00877824	0.0173981	0.0186053	0.0203007	0.0978092	0.0105412	0.0234221	0.675936	0.126674	0.460875	0.991012	2.42144	5	0.9824464
2103000	-117.5878	-177.5775	59.9897	10	0.3087884	0.00993954	0.00517905	0.00370659	0.0266701	0.0031928	0.0112903	0.0177818	0.00384215	0.0568021	0.00493781	0.692485	0.00603526	0.111347	0.610271	3.27235	5	0.8358273
2104000	-125.1797	-180.7231	55.54345	10	2.596976	0.0124411	0.0149102	0.0326107	0.00393026	0.00543906	0.0291671	0.0170254	0.0326081	0.103469	0.0647887	0.661416	0.355462	0.706452	1.07965	1.85844	5	0.9778062
2105000	-118.4448	-177.2634	58.81861	10	0.6082349	0.00453341	0.0019766	0.0146727	0.00995233	0.00427275	0.0120923	0.031203	0.00930988	0.0955598	0.0261107	0.467679	0.0548108	0.316819	0.885463	2.74291	5	0.6773628
2106000	-131.4195	-184.0901	52.67055	10	1.910137	0.0377704	0.00387258	0.00952179	0.00704152	0.0113447	0.0396502	0.033217	0.260108	0.0130953	0.0334477	0.403103	0.282306	0.645105	1.06757	2.00502	5	0.8521721
2107000	-120.0918	-178.7624	58.67061	10	0.639001	0.0153261	0.00154609	0.0327736	0.0125105	0.0123101	0.00472922	0.0152053	0.0121592	0.212438	0.0148597	0.502644	0.0612388	0.33327	0.899983	2.70551	5	0.8365022
2108000	-125.722	-183.2187	57.49671	10	0.8337628	0.0230655	0.002389	0.0239416	0.00692726	0.0056909	0.0172208	0.0099707	0.0537091	0.0259504	0.0195689	0.341815	0.10272	0.42038	0.965888	2.51101	5	0.5302492
2109000	-120.8893	-179.8785	58.98915	10	2.541893	0.0219341	0.00127494	0.0142316	0.0128718	0.00893205	0.0142921	0.00609345	0.143852	0.0166114	0.0273074	0.364478	0.350393	0.70253	1.07909	1.86799	5	0.6318783
2110000	-125.0056	-180.3753	55.36971	10	0.9312129	0.00383855	0.00825037	0.00431242	0.00715176	0.000229188	0.0232509	0.00763877	0.0182749	0.149927	0.0304798	0.261765	0.123033	0.455053	0.987597	2.43432	5	0.5151189
2111000	-128.7803	-183.9184	55.13813	10	0.6012551	0.0161091	0.000614008	0.0313802	0.0428092	0.00499895	0.0187998	0.0160009	0.0217724	0.0272351	0.0333324	0.618322	0.053367	0.312969	0.881958	2.75171	5	0.8313746
2112000	-124.4477	-178.5124	54.06466	10	0.5442237	0.00299519	0.00953958	0.0249065	0.0354782	0.000172479	0.0291715	0.0103537	0.0190051	0.125146	0.023586	0.8052	0.0418488	0.279809	0.849959	2.82838	5	1.085554
2113000	-125.1616	-177.2166	52.05504	10	1.147819	0.00732198	0.00458894	0.00776079	0.00272672	0.00736691	0.0143299	0.0218963	0.00113327	0.120543	0.0371895	0.591077	0.165469	0.517081	1.02074	2.2967	5	0.8159347
2114000	-127.5629	-178.6514	51.08844	10	2.311729	0.00712604	0.0192384	0.0147049	0.00343806	0.00999482	0.00725471	0.017913	0.000286591	0.147452	0.0460782	0.672773	0.327848	0.684536	1.07614	1.91148	5	0.94626
2115000	-127.2542	-180.5651	53.31081	10	1.398365	0.00767219	0.00452376	0.0731374	0.0285879	0.0248349	0.0120699	0.0218316	0.00622327	0.0793882	0.0267784	0.530528	0.209186	0.570716	1.04385	2.17625	5	0.8155753
2116000	-131.6449	-184.6423	52.99741	10	1.87379	0.00990265	0.00904008	0.0232447	0.0701074	0.0157472	0.00799263	0.071832	0.0178442	0.0985846	0.00287913	0.782167	0.277729	0.640885	1.06648	2.0149	5	1.109341
2117000	-125.4227	-181.7189	56.29623	10	3.589669	0.0293768	0.00325229	7.53377e-05	0.0657902	0.00855124	0.036441	0.0230865	0.00804138	0.134864	0.0207213	0.520174	0.430294	0.759706	1.0842	1.7258	5	0.8503744
2118000	-123.3017	-181.253	57.95136	10	1.594722	0.00159396	0.00840941	0.00555261	0.0311456	0.00723774	0.0296026	0.0205941	0.112597	0.0147716	0.0437951	0.379497	0.239591	0.6036	1.05553	2.10128	5	0.6547965
2119000	-121.4059	-181.7199	60.314	10	0.8346043	0.00489124	0.00277164	0.017996	0.00683867	0.000642513	0.0478851	0.0260609	0.0164672	0.127142	0.0408566	0.331874	0.102898	0.420702	0.966101	2.5103	5	0.6234257
2120000	-119.684	-181.2225	61.53851	10	0.7116468	0.00390204	0.00649989	0.0155489	0.0388931	0.00187697	0.00413537	0.00798954	0.00639932	0.0515237	0.00127617	0.31789	0.0766776	0.368974	0.929109	2.62524	5	0.4559346
2121000	-120.6074	-181.1106	60.50318	10	0.9353939	0.00247367	0.0125047	0.00377208	0.0299175	0.00774194	0.0272573	0.00699278	0.00605505	0.0510541	0.0180914	0.435023	0.12389	0.456433	0.988412	2.43127	5	0.6008837
2122000	-133.4518	-181.1794	47.72754	10	2.994402	0.00119203	0.0246796	0.0457247	0.0571815	0.00206452	0.0221047	0.0182475	0.0904086	0.0347762	0.0116467	0.964246	0.388828	0.731218	1.08249	1.79747	5	1.272272
2123000	-125.6275	-181.0615	55.43401	10	3.080927	0.00629753	0.000472467	0.0143592	0.0478399	0.0150497	0.0177998	0.0139742	0.00645916	0.0752221	0.0289135	0.51461	0.395427	0.735912	1.08289	1.78577	5	0.7409979
2124000	-131.5736	-181.1397	49.56604	10	1.075789	0.00625535	0.00269445	0.0246532	0.0186189	0.013467	0.00970467	0.0167698	0.0052098	0.097853	2.73613e-05	0.345526	0.151823	0.498404	1.0115	2.33827	5	0.5407795
2125000	-128.2977	-179.469	51.17127	10	1.039866	0.0146551	0.00522999	0.100726	0.00368988	0.0108197	0.00997238	0.024044	0.0761722	0.0211675	0.0409477	0.549888	0.144839	0.488415	1.0063	2.36044	5	0.8573121
2126000	-124.7784	-180.3541	55.57568	10	0.3070627	0.0103854	0.000687934	2.61608e-05	0.00135637	0.0133963	0.00895087	0.0135695	0.233555	0.0106201	0.0411963	0.566407	0.00588569	0.109999	0.607475	3.27664	5	0.9001505
2127000	-124.6125	-181.3221	56.70961	10	2.975577	0.0147118	0.0237683	0.0242629	0.0230815	0.0196495	0.0210006	0.00344929	0.0961404	0.0245511	0.0448848	0.540686	0.387364	0.730167	1.08239	1.80008	5	0.8361862
2128000	-126.8287	-180.9105	54.08184	10	3.638311	0.0304252	0.0221007	0.0131434	0.0109164	0.0132718	0.00968405	0.0173584	0.150126	0.00773776	0.0307415	0.543537	0.433317	0.761693	1.08426	1.72073	5	0.8490427
2129000	-132.7227	-187.9072	55.18455	10	0.6894767	0.011748	0.0701116	0.0540831	0.0341547	0.00349691	0.0292572	0.061623	0.0289552	0.0816739	0.000976508	0.767624	0.071942	0.358522	0.920906	2.64863	5	1.143704
2130000	-125.5003	-179.5048	54.00447	10	0.4187185	0.00379767	0.010473	0.00363358	0.00717812	0.0130593	0.0231316	0.00715187	0.00100735	0.226235	0.0241864	0.409198	0.0195049	0.195595	0.750767	3.03413	5	0.7290522
2131000	-136.8467	-179.6865	42.83983	10	2.523493	0.00973035	0.00352436	0.0470482	0.00109994	0.00548852	0.0216049	0.0112777	0.00984589	0.042388	0.0838131	0.677496	0.348673	0.70119	1.07889	1.87125	5	0.9133168
2132000	-132.9982	-184.4907	51.49251	10	0.919343	0.0114938	0.000511673	0.0388477	0.0116271	0.00823217	0.0700487	0.0136866	0.0335391	0.0150799	0.058053	0.54572	0.120593	0.45109	0.985235	2.44308	5	0.8068393
2133000	-132.7525	-182.4912	49.73865	10	0.64857	0.0121087	0.00727321	0.0261215	0.0328048	0.0299307	0.0173474	0.00361222	0.0543258	0.0189275	0.00283798	0.583004	0.0632557	0.338219	0.90421	2.69432	5	0.788294
2134000	-137.2588	-184.3394	47.08061	10	2.17138	0.0452273	0.00954353	0.0119358	0.0337893	0.0242427	0.0788412	0.00947201	0.0135243	0.112143	0.00555366	0.990715	0.312909	0.672082	1.07374	1.94127	5	1.334987
2135000	-125.6217	-181.465	55.84324	10	0.6382484	0.00336995	0.00576171	0.0278796	0.0541095	0.00857485	0.0187835	0.014396	0.00159451	0.113832	0.0201273	0.529272	0.0610805	0.332877	0.899644	2.7064	5	0.7977006
2136000	-118.652	-179.5973	60.94535	10	0.6561349	0.00948007	0.00206377	0.0176707	0.0232296	0.0040676	0.00889676	0.0140621	0.027471	0.0599575	0.0313678	0.496309	0.0648549	0.342077	0.907462	2.68561	5	0.6945761
2137000	-142.0131	-191.3983	49.38526	10	1.283584	0.0341668	0.0555319	0.188058	0.0287416	0.0028265	0.0554895	0.00457914	0.313377	0.0214572	0.0685331	0.569207	0.189874	0.548066	1.03471	2.22735	5	1.341968
2138000	-136.2788	-179.4457	43.16691	10	3.631694	0.00543801	0.0043775	0.0277579	0.0323443	0.00879764	0.0376901	0.0607894	0.13802	0.0161397	0.00737597	0.94791	0.432909	0.761425	1.08425	1.72141	5	1.286641
2139000	-124.7717	-179.5841	54.81241	10	0.8159889	0.00747009	0.00640857	0.0347175	0.0159637	0.00338544	0.0221195	0.0190219	0.00310276	0.0451753	0.00851349	0.486949	0.0989562	0.413492	0.961289	2.52626	5	0.6528272
2140000	-123.051	-179.9755	56.92451	10	5.599843	0.00369798	0.00576388	0.0285602	0.0175821	0.018	0.0172127	0.00680436	0.180073	0.0234153	0.0547757	0.524173	0.525232	0.817048	1.08213	1.57559	5	0.8800573
2141000	-125.3113	-181.6341	56.32277	10	1.974358	0.0161788	0.0216556	0.00236771	0.0213693	0.00742421	0.0432133	0.0313828	0.00382695	0.0565267	0.0421318	0.760843	0.290194	0.652259	1.06933	1.98821	5	1.006921
2142000	-129.172	-179.5698	50.39773	10	2.912858	0.0129912	0.0160665	0.00622212	0.0200987	0.0227417	0.0328177	0.0181675	0.000719366	0.190368	0.0474662	0.536338	0.382406	0.726586	1.08205	1.80896	5	0.903997
2143000	-129.9699	-179.4696	49.49964	10	0.9799391	0.0160783	0.00774933	0.0372391	0.0222566	0.0128499	0.0166901	0.00212405	0.0262619	0.111476	0.00385299	0.933115	0.132934	0.470638	0.996595	2.39983	5	1.189694
2144000	-147.302	-182.7712	35.46914	2	1.63991	0.0370115	0.000854904	0.0091396	0.015621	0.0131292	0.0485333	0.0207485	0.00189898	0.158521	0.0377888	0.491001	0.246149	0.610301	1.05768	2.08587	4	0.8342478
2145000	-151.4645	-182.3436	30.87913	1	0.8591225	0.00395627	0.00708844	0.0160436	0.0168774	0.0258043	0.0321214	0.0149944	0.115617	0.00749334	0.0169359	0.653384	0.108063	0.429891	0.972081	2.48997	3	0.910316
2146000	-142.5848	-179.9778	37.39297	2	1.079807	0.00387297	0.00198527	0.00804765	0.00526674	0.011129	0.0201282	0.0130738	0.133657	0.0123933	0.0544274	0.490309	0.152597	0.499492	1.01206	2.33585	4	0.7542901
2147000	-151.9908	-188.5335	36.54269	2	0.3977296	0.00168833	0.0155597	0.0612676	0.0151485	0.00104946	0.0166808	0.00621147	0.0101952	0.076397	0.00825391	0.243346	0.0163882	0.180058	0.728812	3.07474	4	0.4557978
2148000	-133.3478	-185.2601	51.91221	10	2.61875	0.0371177	0.00341328	0.157593	0.0116244	0.00952055	0.0472887	0.0421592	0.069422	0.00335234	0.0354123	0.572258	0.357434	0.707965	1.07986	1.85474	5	0.9891618
2149000	-133.2355	-180.0928	46.85724	10	1.494774	0.0210615	0.0261174	0.0641631	0.0194979	0.00336296	0.00128075	0.0276183	0.0191228	0.109268	0.0253253	1.39139	0.224514	0.587684	1.05011	2.13769	5	1.708208
2150000	-142.9105	-185.1903	42.27977	2	0.6552717	0.0180964	0.01856	0.00248641	0.00632855	0.00409878	0.018163	0.0198118	0.00362134	0.0974284	0.0216848	0.235918	0.0646722	0.341639	0.907095	2.68659	4	0.446198
2151000	-128.4094	-183.1886	54.77925	10	2.514209	0.0139638	0.00474508	0.0567806	0.00353875	0.00238838	0.00452528	0.0288395	0.130118	0.0290412	0.0568512	0.435551	0.3478	0.700507	1.07879	1.87291	5	0.7663429
2152000	-125.7964	-179.3312	53.53482	10	1.163187	0.0304064	9.68065e-05	0.0904348	0.00435306	0.0223776	0.00632427	0.0262923	0.103309	0.0139651	0.0360198	0.698402	0.168319	0.52085	1.02253	2.2883	5	1.031982
2153000	-127.4054	-181.0617	53.65634	10	3.228017	0.00375332	0.00252	0.0205803	0.0198637	0.0165991	0.0345717	0.00595574	0.24973	0.0498953	0.0618235	0.5411	0.406167	0.743419	1.08343	1.76698	5	1.006392
2154000	-127.6816	-185.5	57.81839	10	2.057178	0.0196468	0.00767186	0.0129642	0.0866941	0.00223377	0.0301793	0.0228556	0.0118132	0.128638	0.000157589	0.354379	0.300006	0.660959	1.07136	1.96768	5	0.677233
2155000	-126.5473	-180.3336	53.78631	10	1.642597	0.00994285	0.0209414	0.0693874	0.0117094	0.0350714	0.0291561	0.00871222	0.00935697	0.194807	0.054708	0.958222	0.246534	0.61069	1.0578	2.08497	5	1.402015
2156000	-144.7431	-180.4364	35.69332	2	0.5430042	0.0079212	0.000742113	0.0630266	0.0362457	0.00726931	0.0161798	0.00664568	0.00216926	0.0984147	0.0360606	0.791449	0.0416091	0.279066	0.849202	2.83012	4	1.066124
2157000	-132.8103	-183.8945	51.08417	10	1.658053	0.0324555	0.0281405	0.102712	0.0199204	0.00557643	0.00318681	0.0104774	0.0154353	0.030877	0.0332303	0.70192	0.248738	0.612912	1.0585	2.07985	5	0.9839317
2158000	-144.0488	-183.7945	39.74569	2	2.66376	0.00399933	0.0046352	0.0510036	0.0266435	0.00989667	0.0143454	0.0197154	0.123888	0.00704518	0.00975656	0.340163	0.361452	0.71103	1.08026	1.84725	4	0.6110917
2159000	-125.9453	-183.0519	57.10662	10	1.587818	0.00116636	0.0288769	0.00689568	0.0426629	0.00405716	0.0318116	0.0425346	0.150739	0.0154377	0.0006907	0.524237	0.238575	0.60255	1.05519	2.10369	5	0.84911
2160000	-127.2331	-184.5139	57.28083	10	2.367538	0.0189355	0.0364447	0.0148398	0.108336	0.0129893	0.0292769	0.0216916	0.160337	0.00424674	0.0013298	0.604761	0.333527	0.689157	1.07695	1.90036	5	1.013189
2161000	-128.2567	-183.4709	55.21427	10	1.536865	0.0119867	0.033163	0.0267264	0.0482182	0.00177389	0.0235935	0.00921761	0.011131	0.0631375	0.00159285	0.519322	0.230962	0.59458	1.05252	2.12194	5	0.749863
2162000	-124.296	-179.8207	55.52478	10	3.199014	0.0149066	0.00233189	0.00460187	0.0144411	0.000330451	0.0272923	0.0215845	0.127151	0.0202891	0.0395101	0.397372	0.404095	0.741984	1.08334	1.77058	5	0.6698115
2163000	-140.3123	-186.4983	46.18598	10	1.62795	0.0186281	0.0302783	0.027317	0.0371348	0.00810235	0.0358764	0.0176408	0.0173947	0.143901	0.0222317	0.481998	0.244429	0.608555	1.05713	2.08989	5	0.8405029
2164000	-126.966	-181.9119	54.94589	10	1.180763	0.0116287	0.0134006	0.0328517	0.0205417	0.00122845	0.0259652	0.035146	0.0103719	0.0736522	0.0163251	0.375761	0.17155	0.525073	1.02451	2.27887	5	0.6168727
2165000	-126.964	-182.4762	55.51225	10	1.532397	0.0323737	0.0099061	0.00690622	0.01449	0.0361631	0.0101184	0.00568354	0.00952586	0.201325	0.0509474	0.601609	0.230284	0.593862	1.05227	2.12359	5	0.9790481
2166000	-118.7596	-178.1689	59.40933	10	1.739181	0.000337692	0.00528505	0.0037648	0.0488451	0.000729821	0.0296749	0.0109349	0.0206006	0.12013	0.00344359	0.713945	0.260021	0.624065	1.06185	2.05407	5	0.9576905
2167000	-141.1931	-183.0413	41.84818	2	0.2518541	0.00897335	0.00116659	0.00725337	0.00461099	0.00019093	0.00507249	0.0204745	0.0891178	0.0025577	0.0153915	0.294625	0.0021993	0.0680322	0.505379	3.42439	4	0.449434
2168000	-127.3007	-184.7094	57.40871	10	0.3278357	0.000672264	0.00128887	0.00230676	0.0236518	0.0112938	0.0283872	0.0348833	0.162135	0.0126932	0.0069651	0.397497	0.00782277	0.126251	0.63972	3.22621	5	0.6817739
2169000	-130.6915	-181.9782	51.28678	10	0.8121966	0.0181662	0.00103464	0.0319609	0.0480336	0.00411416	0.0655241	0.0219763	0.218344	0.00690491	0.00155065	0.565201	0.0981513	0.411999	0.960278	2.52957	5	0.9828113
2170000	-125.5271	-180.4146	54.88756	10	1.451086	0.00751137	0.0135714	0.00355382	0.00765801	0.0185293	0.0842881	0.0272926	0.200525	0.00413544	0.0469501	0.920035	0.217666	0.580207	1.04742	2.15471	5	1.33405
2171000	-122.6738	-181.1661	58.49225	10	3.317337	0.0245411	0.00425765	0.0041742	0.0117417	0.000845752	0.0345781	0.00344959	0.00835198	0.181781	0.0307489	0.358567	0.412413	0.747711	1.08369	1.75619	5	0.6630368
2172000	-126.4745	-181.3005	54.82606	10	1.954926	0.00684276	0.00526089	0.0821399	0.0123511	0.0162746	0.0328999	0.0335016	0.0207366	0.215286	0.0516801	0.641721	0.287834	0.650133	1.06882	1.99321	5	1.118695
2173000	-123.6019	-179.022	55.42004	10	1.241869	0.0082345	0.00427012	0.0668562	0.0001549	0.0114965	0.0291303	0.00829089	0.00227254	0.070141	0.0491115	0.483523	0.182558	0.539074	1.03083	2.24754	5	0.7334813
2174000	-131.9242	-186.278	54.3538	10	1.112389	0.0249226	0.0386372	0.0519749	0.00658433	0.00824414	0.00568844	0.00235099	0.23283	0.0208465	0.018647	0.431025	0.158817	0.508109	1.01638	2.31669	5	0.8417506
2175000	-145.1467	-183.8311	38.68439	2	0.3963661	0.00136474	0.00470538	0.0101052	0.00293982	0.00187869	0.0142476	0.0357835	0.0613909	0.0054752	0.0403425	0.355874	0.0161937	0.179036	0.727318	3.07745	4	0.5341079
2176000	-145.0636	-182.2104	37.14683	2	0.9941606	0.0097301	0.00855562	0.0564982	0.00433059	0.0230575	0.010888	0.00606016	0.0152518	0.0963258	0.0594526	0.544953	0.135787	0.47499	0.999026	2.3902	4	0.8351033
2177000	-128.4931	-181.1521	52.65897	10	0.8399615	0.0293631	0.00751789	0.0159849	0.0137114	0.023561	0.00926224	0.0163531	0.0164053	0.0814851	0.0340489	0.553502	0.104029	0.422739	0.967441	2.50579	5	0.8011948
2178000	-131.8993	-180.272	48.37273	10	1.271841	0.00603041	0.0137932	0.0767545	0.0051687	0.011946	0.0204232	0.0119367	0.0167698	0.269721	0.0714997	0.69477	0.187831	0.545578	1.03365	2.23294	5	1.198813
2179000	-122.5313	-181.2121	58.68076	10	0.981453	0.014901	0.00206386	0.0122163	0.0016525	0.0235734	0.0216251	0.00958183	0.108275	0.0352617	0.0837105	0.637914	0.133238	0.471105	0.996858	2.3988	5	0.9507755
2180000	-135.5367	-187.7281	52.19142	10	1.070524	0.0153758	0.0113498	0.0429846	0.102314	0.00292756	0.067878	0.00391094	0.0148579	0.0772297	0.0383803	0.909357	0.150807	0.496969	1.01077	2.34146	5	1.286565
2181000	-129.9515	-185.2024	55.25089	10	2.034623	0.00890442	0.0252962	0.021752	0.0425794	0.0120106	0.0129529	0.0348729	0.0826659	0.00774226	0.0276643	0.489899	0.297373	0.658646	1.07083	1.97315	5	0.7663403
2182000	-122.1211	-181.0075	58.88631	10	1.740539	0.00847647	0.00464664	0.0236869	0.0424057	0.0114198	0.0118258	0.00606613	0.00286046	0.0858242	0.00996501	0.602455	0.260206	0.624245	1.0619	2.05365	5	0.809632
2183000	-126.477	-180.6119	54.13485	10	1.691649	0.0224642	0.0182129	0.0102972	0.00612841	0.00711386	0.00974227	0.0199026	0.158647	0.000353889	0.0336173	0.455707	0.253469	0.617631	1.05994	2.06896	5	0.742187
2184000	-125.4869	-181.4559	55.96897	10	1.132767	0.0143093	0.0117884	0.00714671	0.0365731	0.00809854	0.00948018	0.0169924	0.0162814	0.137484	0.00848715	0.466056	0.162658	0.513318	1.01893	2.30509	5	0.732697
2185000	-127.132	-178.1631	51.03114	10	0.2943755	0.0058817	0.0147419	0.0275306	0.0240228	0.00160568	0.0108277	0.0194075	0.0121479	0.0625061	0.010207	0.802495	0.00485017	0.100127	0.586235	3.30879	5	0.9913742
2186000	-133.4143	-181.2014	47.78702	10	2.054849	0.004468	0.00151824	0.0577624	0.0182943	0.0197582	0.00365442	0.0179659	0.126847	0.0090051	0.0592766	0.428586	0.299735	0.660722	1.0713	1.96824	5	0.7471367
2187000	-121.8278	-181.8564	60.02863	10	2.043798	0.0251757	0.00279845	0.03477	0.00167978	0.00224316	0.0119153	0.0387898	0.109939	0.0171377	0.0316818	0.34527	0.298447	0.659592	1.07105	1.97091	5	0.6214006
2188000	-126.3335	-184.0065	57.67307	10	1.934126	0.0243754	0.0169049	0.0191758	0.0125148	0.0106721	0.0154236	0.0129071	0.00922309	0.0587156	0.00334446	0.489285	0.285282	0.647821	1.06825	1.99865	5	0.6725418
2189000	-121.3483	-180.9397	59.59142	10	0.3474036	0.0108015	0.000309729	0.100113	0.0313346	0.00347383	0.00333927	0.00815041	0.0410595	0.0399262	0.0085862	0.645676	0.00991419	0.141535	0.667466	3.18109	5	0.8927706
2190000	-145.1851	-183.8792	38.69406	2	1.095563	0.00669761	0.00635269	0.00665203	0.0376215	0.0244029	0.0385542	0.0175641	0.062347	0.0216696	0.0220734	0.65432	0.155617	0.503704	1.01419	2.32649	4	0.8982551
2191000	-148.7289	-184.8909	36.16197	2	3.368888	0.00762745	0.00690932	0.00540583	0.00590006	0.0219235	0.0151959	0.00693824	0.00881324	0.256902	0.0263933	0.387139	0.415929	0.750103	1.08382	1.75015	4	0.7491473
2192000	-142.6617	-183.5225	40.86081	10	4.760621	0.0108624	0.0017644	0.0338249	0.00582128	0.00597225	0.039267	0.0151587	0.0529677	0.0476466	0.0224234	0.608294	0.491821	0.797989	1.08369	1.6265	5	0.8440028
2193000	-136.9282	-192.0699	55.14171	10	1.619897	0.0194643	0.000417671	0.120563	0.00144306	0.00891711	0.0239565	0.0112108	0.0064996	0.0466585	0.0106579	0.273397	0.243264	0.607369	1.05675	2.09262	5	0.5231859
2194000	-123.0325	-182.3278	59.29526	10	2.0532	0.00736836	0.0217322	0.0272339	0.020995	0.00999498	0.0313382	0.0253728	0.0122186	0.184371	0.0253304	0.354222	0.299544	0.660554	1.07127	1.96864	5	0.7201772
2195000	-125.6541	-180.5782	54.9241	10	1.000307	0.0111618	0.0179973	0.0517899	0.0295509	0.0170774	0.00813124	0.00854908	0.0233262	0.00756859	0.0441097	0.884773	0.137015	0.476844	1.00005	2.38609	5	1.104035
2196000	-125.221	-179.9507	54.72964	10	0.6727969	0.00168428	0.0115158	0.132566	0.0108331	0.00189397	0.013034	0.0105018	0.00886302	0.0336373	0.0251608	0.621094	0.0683898	0.350407	0.914355	2.66685	5	0.8707837
2197000	-122.5997	-179.8268	57.22715	10	0.766008	0.0212183	0.00609975	0.0592032	0.0186944	0.0220332	0.0262311	0.0207648	0.0988715	0.00434894	0.023995	0.64542	0.0883079	0.39308	0.947072	2.57154	5	0.9468798
2198000	-128.4109	-180.1265	51.71554	10	3.087215	0.00624608	0.0144011	0.00848551	0.00135807	0.00187273	0.0140294	0.0207624	0.0253447	0.0794337	0.0639042	0.69134	0.395898	0.736245	1.08291	1.78494	5	0.927178
2199000	-123.6966	-183.6612	59.96468	10	1.055274	0.0378763	0.0143945	0.0263119	0.011975	0.0105333	0.0132795	0.0395944	0.0761758	0.00362821	0.0190441	0.480041	0.147849	0.492758	1.00859	2.35081	5	0.732854
2200000	-150.8005	-183.187	32.38649	2	2.065955	0.00581236	0.00521686	0.174545	0.00728757	0.00587757	0.022219	0.0272204	0.14348	0.0123071	0.0503333	0.744198	0.301023	0.661849	1.07156	1.96557	4	1.198498
2201000	-123.4532	-181.8889	58.43572	10	0.5000285	0.00113486	0.00952093	0.0138716	0.0548106	0.00522039	0.00729735	0.0300468	0.0080254	0.13373	0.0148207	0.498299	0.033393	0.251935	0.820289	2.89438	5	0.7767773
2202000	-134.96	-182.86	47.89996	10	6.290887	0.00454053	0.00253494	0.172242	0.00934273	0.0448846	0.0398367	0.016781	0.00245409	0.149752	0.0606762	0.684894	0.548216	0.829526	1.0806	1.54166	5	1.187938
2203000	-119.0516	-177.7647	58.7131	10	0.3948217	0.00507295	0.00847428	0.0259434	0.01333	0.0162548	0.00709129	0.0175419	0.0219527	0.120117	0.0203272	0.616168	0.0159745	0.177877	0.725616	3.08053	5	0.8722729
2204000	-120.7834	-177.9393	57.15586	10	0.9761039	0.00743154	0.00306297	0.0117993	0.00244267	0.0113797	0.0249714	0.00874662	0.0204135	0.0991863	0.0389704	0.421396	0.132162	0.46945	0.995925	2.40246	5	0.6498002
2205000	-144.2144	-180.9465	36.73215	2	1.014293	0.0290727	0.00119653	0.00307678	0.0195501	0.018016	0.00589008	0.022696	0.0139995	0.201177	0.0271457	0.571105	0.139797	0.481006	1.00233	2.37687	4	0.9129259
2206000	-129.3627	-179.8509	50.48821	10	1.603161	0.0173322	0.0141212	0.00814291	0.0354049	0.00703791	0.0168854	0.0146274	0.0119604	0.0986997	0.00305015	0.723397	0.240828	0.604873	1.05595	2.09835	5	0.9506593
2207000	-125.7679	-187.1985	61.43065	10	0.6712878	0.00695193	0.00760594	0.00123567	0.0367675	0.0181092	0.00732107	0.018311	0.0485962	0.141466	0.00673601	0.399713	0.068069	0.349662	0.913745	2.66852	5	0.6928135
2208000	-132.4736	-178.7229	46.24931	10	1.350071	0.0105039	0.00666545	0.0533849	0.0227981	0.0217424	0.00984611	0.0215971	0.026145	0.0885287	0.0203253	0.72838	0.201205	0.561537	1.04025	2.19701	5	1.009917
2209000	-116.7238	-178.2025	61.47871	10	0.6415084	0.00674428	0.00421936	0.0261969	0.0129387	0.0183534	0.0161307	0.0118633	0.0222872	0.0860027	0.0274004	0.508888	0.0617666	0.334574	0.901103	2.70256	5	0.7410245
2210000	-134.0633	-185.9997	51.93639	10	0.5059383	0.00891468	0.0214172	0.00671679	0.0569402	0.0271546	0.0292086	0.0179441	0.00831942	0.268414	0.0225992	0.516918	0.0344936	0.255775	0.824542	2.88519	5	0.9845469
2211000	-133.3261	-186.066	52.73986	10	0.7962938	0.00947843	0.00104823	0.0252925	0.0254735	0.00605115	0.0284487	0.00241441	0.0162738	0.0869028	0.120651	0.786008	0.0947699	0.405638	0.955923	2.54367	5	1.108042
2212000	-130.2286	-181.4207	51.19209	10	2.344988	0.0178977	2.54045e-05	0.101037	0.0152683	0.00615805	0.0292181	0.0164416	0.130101	0.00644032	0.0493444	0.450434	0.33125	0.687311	1.07663	1.90481	5	0.8223666
2213000	-125.5875	-181.98	56.39253	10	1.637884	0.0302507	0.00315064	0.00935337	0.031009	0.0342506	0.00201721	0.0147915	0.0925164	0.0473354	0.0352989	0.669362	0.245858	0.610007	1.05759	2.08655	5	0.9693361
2214000	-120.5403	-178.8787	58.33843	10	1.53578	0.0048473	0.0147116	0.000704429	0.0441301	0.00782829	0.0100863	0.0240621	0.12365	0.00561074	0.00728433	0.461326	0.230797	0.594406	1.05246	2.12234	5	0.7042411
2215000	-128.2357	-181.4381	53.20235	10	2.042354	0.00913436	0.00771697	0.0451997	0.0547391	0.00831653	0.00384908	0.0147645	0.041018	0.0148623	0.00786335	0.665001	0.298279	0.659443	1.07101	1.97126	5	0.8724649
2216000	-135.9483	-187.3772	51.42896	10	0.8833807	0.031104	0.0153184	0.0455889	0.0246586	0.0195843	0.0500217	0.0166384	0.0544524	0.0195007	0.077741	0.647661	0.113139	0.438657	0.977627	2.47058	5	1.00227
2217000	-124.3993	-180.328	55.92862	10	0.7386527	0.00352622	0.00305274	0.0422772	0.0415923	0.00466537	0.00408619	0.0370352	0.0979366	0.00659317	0.00203742	0.570399	0.0824562	0.381211	0.938391	2.59794	5	0.8132016
2218000	-133.5637	-177.7371	44.17337	10	0.2464439	0.000525254	0.000698438	0.00589371	0.0176876	0.00576744	0.0133947	0.00689794	0.135481	0.00692479	0.00108194	0.590705	0.00195014	0.0641341	0.493926	3.43999	5	0.7850571
2219000	-127.3079	-181.7568	54.44892	10	1.732955	0.0112273	0.0126365	0.0626512	0.0188801	0.023818	0.0154706	0.0224324	0.197263	0.016374	0.0135969	0.736554	0.259172	0.623238	1.06161	2.05598	5	1.130904
2220000	-125.0959	-179.704	54.60815	10	1.62547	0.0130509	0.0167385	0.00533354	0.0184907	0.00243785	0.0186913	0.0303457	0.0909937	0.0174192	0.0111603	0.480846	0.24407	0.608191	1.05701	2.09073	5	0.7055072
2221000	-129.0392	-177.6635	48.62428	10	3.15744	0.0153874	0.00305159	0.000676245	0.019447	0.0207377	0.00684659	0.02952	0.160464	0.00559959	0.0114902	0.660421	0.401086	0.739889	1.08319	1.77583	5	0.9336418
2222000	-116.8451	-181.0755	64.23034	10	0.7024753	0.0108608	0.0232567	0.0298932	0.0063667	0.00371041	0.0168601	0.019301	0.00059586	0.10798	0.0122771	0.361273	0.0747171	0.364696	0.925782	2.6348	5	0.5923747
2223000	-125.7938	-179.7832	53.98938	10	2.965573	0.0142197	0.00949788	0.0144277	0.0199935	0.00367127	0.0231942	0.0347682	0.0426307	0.217248	0.00928592	0.900944	0.386581	0.729604	1.08234	1.80147	5	1.289882
2224000	-130.9766	-184.0003	53.02372	10	1.278103	0.0151974	0.0165894	0.0142221	0.00867741	0.0029875	0.00550836	0.0454531	0.00987148	0.196219	0.0570201	0.438475	0.188922	0.546909	1.03422	2.22995	5	0.8102213
2225000	-127.3336	-179.5371	52.20353	10	1.131753	0.00696785	0.00286548	0.114311	0.0211898	0.00871305	0.0225613	0.0209483	0.00986724	0.16522	0.0521744	0.726487	0.162467	0.513062	1.01881	2.30566	5	1.151305
2226000	-120.6066	-180.5159	59.90926	10	0.7357228	0.00533161	0.00673738	0.109361	0.00275894	0.0236027	0.0333177	0.00660721	0.0312063	0.00127213	0.0377664	0.531249	0.0818292	0.379909	0.93742	2.60084	5	0.7892101
2227000	-131.0028	-179.4746	48.4718	10	1.892042	0.019864	0.0038727	0.0235286	0.0151483	0.00378839	0.042677	0.00994098	0.204273	0.000117	0.0496841	0.64578	0.280038	0.64302	1.06704	2.00991	5	1.018674
2228000	-118.3992	-176.4155	58.01628	10	1.037494	0.00584918	0.0108938	0.00201333	0.0153252	0.0123173	0.0134504	0.0156264	0.114629	0.010072	0.0301228	0.690281	0.144374	0.487738	1.00594	2.36194	5	0.9205802
2229000	-132.3346	-180.8559	48.52129	10	0.8604087	0.0171995	0.00211899	0.0300295	0.019771	0.00235278	0.0483956	0.024669	0.230514	0.012199	0.0221886	0.7812	0.108333	0.430364	0.972384	2.48892	5	1.190638
2230000	-124.0056	-181.0981	57.09252	10	1.984785	0.0118403	0.00265169	0.0115354	0.0157299	0.0155279	0.0211313	0.00806947	0.000773561	0.18109	0.0327107	0.320195	0.291452	0.653386	1.0696	1.98556	5	0.621255
2231000	-121.6705	-180.1732	58.50271	10	0.7030647	0.00505338	0.00580988	0.0105182	0.0416729	0.00338091	0.0093169	0.00200984	0.0110312	0.109416	0.00243624	0.372656	0.074843	0.364973	0.925999	2.63419	5	0.5733018
2232000	-126.7998	-179.9072	53.1074	10	0.8685641	0.0476668	0.0046554	0.00392027	0.00865978	0.00752501	0.018748	0.0136427	0.120575	0.00181639	0.0212498	0.953217	0.110043	0.433341	0.974282	2.48233	5	1.201677
2233000	-126.4901	-182.4125	55.92243	10	0.98095	0.0173765	0.0245694	0.0522667	0.00282374	0.0197603	0.0009183	0.0097626	0.00541523	0.0600786	0.0334793	0.547813	0.133137	0.47095	0.99677	2.39914	5	0.7742635
2234000	-122.2476	-181.249	59.00143	10	0.9541624	0.00516176	0.0020132	0.0207139	0.0191074	0.00522979	0.0482039	0.025843	0.0111475	0.0624561	0.0162664	0.37713	0.12772	0.462527	0.991969	2.41778	5	0.5932733
2235000	-127.616	-181.2468	53.63073	10	3.030206	0.00815032	0.00422681	0.0652466	0.0163804	0.00218224	0.00991931	0.0187752	0.0456834	0.0176598	0.0211158	0.385215	0.391585	0.733187	1.08266	1.79257	5	0.5945553
2236000	-130.1024	-184.2416	54.13918	10	0.9330559	0.0214343	0.0148927	0.0625372	0.00171229	0.00221934	0.0287324	0.0153844	0.0250919	0.24045	0.0229635	0.466171	0.123411	0.455662	0.987957	2.43297	5	0.9015886
2237000	-125.5852	-181.4677	55.88249	10	1.070769	0.00322005	0.00238118	0.029932	0.0534339	0.00340249	0.0292386	0.0288346	0.00746704	0.0385912	0.0232134	0.571061	0.150854	0.497036	1.0108	2.34131	5	0.7907755
2238000	-137.8709	-180.2997	42.42883	2	0.6922419	0.00307266	0.00939749	0.0243294	0.00459408	0.00540019	0.00830372	0.0133817	0.0323185	0.0022334	0.0394061	0.404092	0.0725319	0.359847	0.921959	2.64566	4	0.5465297
2239000	-127.3794	-184.1113	56.73193	10	0.8702835	0.0232045	0.010446	0.00751117	0.000158139	0.00644962	0.0107208	0.0039054	0.0333113	0.0414445	0.0345345	0.345461	0.110403	0.433964	0.974677	2.48096	5	0.5171472
2240000	-122.2173	-178.7378	56.52056	10	1.239432	0.0227052	0.00469113	0.00972999	0.000667407	0.00309344	0.00745448	0.0241608	0.101006	0.0131689	0.0597464	0.488587	0.182126	0.538535	1.03059	2.24875	5	0.7350107
2241000	-128.5237	-181.4997	52.97608	10	2.31814	0.0129008	0.0148699	0.0487614	0.0465153	0.0203624	0.0190668	0.0114506	0.0107743	0.0698129	0.00420678	0.698496	0.328508	0.685076	1.07624	1.91018	5	0.9572176
2242000	-126.0105	-186.8805	60.87007	10	1.148702	0.007099	0.00916656	0.0600514	0.00342959	0.00304692	0.0330338	0.0348234	0.0103846	0.0028662	0.00994641	0.568547	0.165634	0.517299	1.02085	2.29622	5	0.7423946
2243000	-121.9211	-182.6852	60.76408	10	0.4156451	0.00376542	0.00349866	0.0706623	0.00221484	0.00174744	0.00131901	0.0212407	0.00828765	0.164333	0.0113396	0.448253	0.0190347	0.193343	0.74767	3.03995	5	0.7366625
2244000	-124.8322	-178.5336	53.70133	10	0.4285929	0.00243324	0.00933451	0.0999698	0.00816872	0.00530621	0.00272957	0.00972443	0.000726228	0.0186217	0.0395577	0.92869	0.0210462	0.202774	0.760456	3.01572	5	1.125262
2245000	-126.9556	-178.6267	51.67106	10	3.650855	0.0181267	0.00284613	0.0397474	0.0126241	0.0266049	0.0204356	0.0149239	0.15029	0.00293945	0.0803922	0.858312	0.434089	0.762198	1.08427	1.71944	5	1.227242
2246000	-124.7263	-181.2893	56.56294	10	1.188172	0.00404187	0.0131849	0.0611918	0.0138119	0.0110176	0.00656928	0.016843	0.0226795	0.075043	0.0488443	0.407693	0.172903	0.526826	1.02532	2.27495	5	0.68092
2247000	-127.5803	-181.5604	53.98012	10	4.175682	0.00342359	0.0120632	0.0620031	0.00646661	0.0133787	0.0130713	0.0105742	0.290098	0.0177214	0.0294935	0.718631	0.46376	0.781073	1.08433	1.67083	5	1.176924
2248000	-122.1477	-180.1712	58.02347	10	1.839627	0.00540674	0.00950753	0.0224694	0.0444465	0.00405946	0.00801263	0.0340049	0.0226557	0.194175	0.000723449	0.637259	0.273349	0.636799	1.0654	2.02445	5	0.9827199
2249000	-126.9724	-181.8614	54.88899	10	0.4150174	0.00462614	0.000477519	0.000266317	0.0581654	0.0104317	0.00258118	0.00562967	0.0453512	0.0565768	0.00109325	0.664121	0.0189392	0.192882	0.747033	3.04115	5	0.84932
2250000	-120.6014	-178.7648	58.16341	10	1.109141	0.00370201	0.00255824	0.00756461	0.0238472	0.000573138	0.0239741	0.0168285	0.00601553	0.14303	0.0185278	0.344542	0.158202	0.507266	1.01597	2.31857	5	0.5911639
2251000	-121.8941	-179.5886	57.69449	10	0.791663	0.00223808	0.000148067	0.00781312	0.00445651	0.0173126	0.00749312	0.0185894	0.0670156	0.0021325	0.0494433	0.42887	0.0937835	0.403756	0.954618	2.54784	5	0.6055119
2252000	-118.5914	-178.1828	59.59138	10	0.3995537	0.00271104	0.000423075	0.00946317	0.0494658	0.0122142	0.00131772	0.0182604	0.145166	0.0181237	0.0138985	0.774858	0.0166501	0.181423	0.730797	3.07113	5	1.045902
2253000	-121.2641	-182.8661	61.60202	10	0.3665997	0.00027126	0.00281758	0.0160143	0.0143041	0.00863111	0.0103921	0.0102887	0.0187773	0.0540472	0.00570779	0.378705	0.0122054	0.156402	0.692452	3.13894	5	0.5199564
2254000	-129.2132	-182.1674	52.95414	10	1.410872	0.0448875	0.00396899	0.0140107	0.0416127	0.00988925	0.0156545	0.00865848	0.0910503	0.00967536	0.012085	0.596457	0.21122	0.573016	1.04473	2.17104	5	0.8479501
2255000	-123.6648	-179.8385	56.17375	10	1.837652	0.00529116	0.00478171	0.0227254	0.0268313	0.00620836	0.0274897	0.000297917	0.0359933	0.201934	0.0200229	0.540552	0.273093	0.636559	1.06534	2.02501	5	0.8921277
2256000	-148.0457	-185.3189	37.27325	2	3.276779	0.00154753	0.0134693	0.0284679	0.0276257	0.000826325	0.012032	0.00827188	0.0117414	0.0581501	0.0363296	0.318989	0.409602	0.745786	1.08358	1.76103	4	0.5174503
2257000	-150.8346	-186.9881	36.1535	2	0.6564894	0.00914806	0.0116221	0.0882614	0.0370349	0.0102537	0.00266299	0.0583056	0.00310812	0.0134408	0.00173883	0.770112	0.06493	0.342256	0.907612	2.6852	4	1.005689
2258000	-129.8914	-184.2829	54.39151	10	1.17778	0.00608038	0.00333223	0.12293	0.000587368	0.0310926	0.0157503	0.0160135	0.00309432	0.00612723	0.0420722	0.444948	0.171003	0.524363	1.02418	2.28046	5	0.692028
2259000	-150.3963	-182.0983	31.70196	2	0.8077036	0.00885217	0.0149241	0.0478536	0.0142901	0.0191318	0.013274	0.0194192	0.0122754	0.276597	0.0566037	0.813372	0.0971969	0.410217	0.959067	2.53352	4	1.296593
2260000	-117.5692	-178.3715	60.80236	10	0.626264	0.0061069	0.00226629	0.0118198	0.0103416	0.016115	0.018754	0.00937236	0.0167031	0.0622389	0.0370499	0.467204	0.0585662	0.32656	0.894148	2.72073	5	0.6579716
2261000	-124.012	-180.0428	56.03082	10	1.418623	0.00492003	0.000316577	0.0675636	0.050764	0.00561966	0.0220133	0.0243845	0.0275053	0.0195739	0.00857257	0.664313	0.212473	0.574426	1.04526	2.16784	5	0.8955466
2262000	-121.1691	-180.3704	59.20136	10	1.036119	0.0265109	0.00931843	0.01052	0.0282958	0.00388371	0.0220815	0.013644	0.103848	0.0173858	0.0135759	0.508546	0.144104	0.487345	1.00574	2.36281	5	0.7576093
2263000	-125.0255	-176.5544	51.52884	10	0.8346356	0.0105558	0.000906148	0.0297966	0.00431089	0.00118398	0.0209981	0.0157034	0.0258663	0.161675	0.0436248	0.686816	0.102905	0.420714	0.966108	2.51027	5	1.001438
2264000	-156.633	-188.2259	31.59289	2	3.073682	0.0347644	0.00788375	0.0104313	0.0410497	0.0264381	0.0237825	0.0153113	0.0526266	0.117809	0.0196463	0.755886	0.394883	0.735528	1.08286	1.78673	4	1.10563
2265000	-145.6486	-183.2449	37.59626	2	0.2598764	0.000915163	0.00328265	0.00838324	0.0273181	0.00323535	0.0280388	0.0259355	0.0158293	0.070346	0.00348232	0.671154	0.00260436	0.0739095	0.521856	3.40163	4	0.8579205
2266000	-121.44	-182.3658	60.92582	10	0.5826122	0.0070024	0.00408252	0.0350943	0.0075594	0.00288777	0.0260364	0.0231504	0.0955353	0.0027793	0.0342818	0.229805	0.0495427	0.302468	0.872182	2.77581	5	0.4682144
2267000	-123.6541	-183.8878	60.23365	10	0.4578863	0.0051115	0.00525503	0.0120325	0.0418993	0.0395189	0.00458006	0.0165866	0.112153	0.0138174	0.0131776	0.506088	0.0258737	0.223536	0.78703	2.96356	5	0.7702206
2268000	-122.8873	-179.661	56.77378	10	3.883742	0.00950995	0.0150056	0.0627072	0.0348194	0.00875567	0.0202877	0.0213703	0.00235776	0.0803578	0.04123	0.640446	0.447859	0.77109	1.0844	1.69665	5	0.9368472
2269000	-123.1739	-181.6097	58.43574	10	1.344419	0.00267227	0.0034689	0.0227425	0.0050679	0.00406513	0.0176832	0.00767164	0.10696	0.0130897	0.00983814	0.345718	0.200257	0.56043	1.03981	2.1995	5	0.5389781
2270000	-135.534	-190.1928	54.6588	10	0.836273	0.0218798	0.00246647	0.0299777	0.0645288	0.0263813	0.04169	0.00695324	0.120176	0.0183942	0.0198109	0.361489	0.103251	0.421338	0.96652	2.50889	5	0.7137475
2271000	-124.5779	-181.963	57.38504	10	1.14619	0.00599676	0.00626428	0.0275688	0.00211659	0.0546828	0.0153509	0.0163764	0.0946755	0.00868541	0.0249242	0.541182	0.165166	0.516677	1.02055	2.2976	5	0.7978237
2272000	-134.6092	-183.5452	48.93597	10	6.400397	0.0347421	0.0171664	0.0278131	0.049808	0.00829552	0.0102947	0.0118006	0.0831759	0.0352374	0.0130396	0.739704	0.551555	0.831298	1.08035	1.5368	5	1.031077
2273000	-120.1346	-180.9296	60.79499	10	0.5153552	0.00871444	0.000803309	0.0708612	0.00133079	0.00827339	0.0260525	0.00912247	0.0107967	0.000706396	0.00962304	0.556864	0.0362679	0.261822	0.831127	2.87078	5	0.7031479
2274000	-128.0159	-180.0778	52.06184	10	2.686772	0.0120676	0.0121954	0.00648145	0.0149998	0.00101211	0.0263342	0.00657811	0.0276886	0.150762	0.0416441	0.487343	0.363478	0.712565	1.08046	1.84349	5	0.7871061
2275000	-122.245	-182.4231	60.17809	10	0.7570062	0.0115016	0.0162897	0.00941369	0.0109844	0.00202217	0.0319581	0.0141364	0.0248301	0.0740442	0.0169602	0.343675	0.0863833	0.389231	0.944291	2.5801	5	0.5558157
2276000	-130.6068	-181.4318	50.82497	10	1.536158	0.0185803	0.00735843	0.0422033	0.0300957	0.00811397	0.0535788	0.0291006	0.149695	0.025344	0.00534951	0.678022	0.230855	0.594466	1.05248	2.1222	5	1.047442
2277000	-136.9727	-180.7841	43.81146	10	0.7635103	0.0243044	0.0211361	0.00292701	0.0139133	0.0100555	0.0122424	0.0287288	0.185203	0.0112687	0.0572442	0.721483	0.0877741	0.392017	0.946308	2.5739	5	1.088507
2278000	-128.2996	-180.4482	52.14857	10	3.600942	0.00308468	0.0183825	0.227376	0.0143385	0.0142642	0.0171408	0.0186449	0.0210082	0.053937	0.0189773	1.03899	0.430999	0.760171	1.08422	1.72461	5	1.446142
2279000	-151.347	-190.4266	39.0796	2	1.141665	0.021048	0.0269722	0.0575686	0.0320975	0.00778735	0.0112512	0.0178317	0.0526592	0.0112696	0.00678486	0.305622	0.164322	0.515551	1.02001	2.30012	4	0.5508927
2280000	-129.5758	-182.1443	52.56853	10	0.8114218	0.0138418	0.00137031	0.0822559	0.0567719	0.0178739	0.0177477	0.0101046	0.0222205	0.0466221	0.00529089	0.73965	0.0979868	0.411692	0.96007	2.53025	5	1.01375
2281000	-123.5368	-182.5203	58.98352	10	1.360244	0.00383529	0.0206748	0.018196	0.00102346	0.031413	0.012571	0.00287291	0.106945	0.0110145	0.0192276	0.444881	0.202904	0.563511	1.04104	2.19255	5	0.6726548
2282000	-127.0063	-181.467	54.46076	10	0.8883994	0.0121966	0.0113979	0.0116883	0.000209915	0.0115458	0.010268	0.0173657	0.164343	0.00577963	0.043262	0.286666	0.114185	0.440432	0.978732	2.46665	5	0.5747229
2283000	-134.0359	-180.2818	46.24588	10	2.292731	0.00172502	0.0145326	0.0553553	0.00149858	0.0287623	0.0299275	0.0188438	0.00574412	0.161856	0.0606968	0.521541	0.325882	0.682922	1.07584	1.91535	5	0.9004823
2284000	-149.3844	-185.3024	35.91795	2	0.4065643	0.0228177	0.00255975	0.177379	0.00953375	0.00256505	0.0128638	0.00102912	0.0133047	0.0162031	0.0606824	0.720008	0.0176727	0.186643	0.738287	3.0574	4	1.038946
2285000	-123.5546	-178.1257	54.57105	10	0.8744023	0.0182571	0.00187952	0.0249635	0.0253903	0.00148313	0.0109601	0.0199944	0.0644217	0.0278044	0.0171898	0.81764	0.111265	0.435449	0.975615	2.47767	5	1.029984
2286000	-129.0101	-179.2151	50.20503	10	3.748664	0.00962508	0.00777244	0.0070266	0.00217272	0.0207108	0.00692121	0.0232455	0.0217559	0.182592	0.0288842	0.478647	0.439999	0.766043	1.08435	1.70961	5	0.7893539
2287000	-125.9177	-181.0876	55.16986	10	1.366421	0.00151861	0.0138127	0.00529596	0.0185123	0.0116511	0.0341198	0.0199893	0.089414	0.00445244	0.0723467	0.508497	0.20393	0.564699	1.04151	2.18986	5	0.7796103
2288000	-129.1493	-181.3355	52.18624	10	1.330164	0.00451569	0.012963	0.0454254	0.00572217	0.0298824	0.00183032	0.0295619	0.0914855	0.0124628	0.0460062	0.575334	0.197854	0.557609	1.03867	2.20587	5	0.8551898
2289000	-124.0596	-180.2571	56.19754	10	2.472551	0.00143344	0.0121108	0.038622	0.000468669	0.0118766	0.00451307	0.012416	0.0338117	0.0228263	0.0607932	0.57359	0.343839	0.697394	1.07831	1.88046	5	0.7724615
2290000	-122.1299	-179.0809	56.95094	10	1.075616	0.0112157	0.0126112	0.00729306	0.00234205	0.00557035	0.0130447	0.00820007	0.0117653	0.047786	0.043556	0.436214	0.15179	0.498357	1.01148	2.33837	5	0.5995986
2291000	-122.074	-181.4473	59.37335	10	0.9497251	0.0243289	0.0176494	0.0339159	0.0200106	0.00486405	0.0214813	0.0373797	0.0116165	0.170067	0.0414532	0.678555	0.126817	0.461101	0.991143	2.42094	5	1.061321
2292000	-122.6579	-182.3757	59.71772	10	0.5961289	0.0112893	0.00353774	0.0623412	0.0349091	0.00706722	0.0205256	0.00869418	0.0226546	0.108628	0.00718157	0.41941	0.0523106	0.310114	0.879331	2.75824	5	0.7062388
2293000	-119.1178	-179.2889	60.17111	10	2.397323	0.00436334	0.00882138	0.0194055	0.0111094	0.00447388	0.016494	0.0178509	0.0143535	0.0843082	0.021411	0.381784	0.336501	0.691552	1.07736	1.89459	5	0.584375
2294000	-121.339	-180.7519	59.41296	10	1.155316	0.0195551	0.00293677	0.166106	0.0281749	0.00651809	0.0300439	0.0227562	0.00313734	0.049071	0.0326234	0.697661	0.166862	0.518928	1.02163	2.29258	5	1.058584
2295000	-132.1471	-185.1942	53.04708	10	1.630077	0.00376493	0.00511506	0.0426762	0.0013095	0.0196044	0.00601715	0.0249047	0.0322676	0.0498267	0.00861564	0.803404	0.244735	0.608867	1.05723	2.08917	5	0.9975055
2296000	-120.2155	-179.7098	59.49435	10	1.186154	0.00865924	1.66477e-05	0.0778712	0.0254971	0.0152029	0.00366196	0.0139579	0.0780685	0.040191	0.0196642	0.657394	0.172535	0.52635	1.0251	2.27601	5	0.9401851
2297000	-119.8975	-178.7541	58.85664	10	1.188148	0.00476495	0.00217472	0.0326005	0.0026104	0.00877916	0.0388327	0.00935899	0.0189028	0.105171	0.0343093	0.502518	0.172899	0.526821	1.02532	2.27496	5	0.7600223
2298000	-130.4562	-184.214	53.75778	10	1.180757	0.015558	0.0214876	0.135434	0.0064169	0.0211793	0.00143091	0.0133146	0.0126125	0.0376684	0.0221879	0.688922	0.171549	0.525072	1.02451	2.27887	5	0.9762123
2299000	-125.2627	-180.5005	55.23781	10	0.6359709	0.00297791	0.00889564	0.000531549	0.0206961	0.00459976	0.0126562	0.0276901	0.00167703	0.0673922	0.00691081	0.70663	0.0606017	0.331686	0.898616	2.7091	5	0.8606573
2300000	-128.4412	-183.1757	54.73449	10	1.546182	0.00397043	0.0072346	0.0886888	0.0321022	0.0145254	0.000269045	0.00574224	0.0568941	0.0402431	0.0101571	0.633363	0.232369	0.596067	1.05302	2.11854	5	0.8931898
2301000	-130.6929	-179.1362	48.44331	10	1.314842	0.0248555	0.00428336	0.0173455	0.016832	0.037267	0.0199535	0.0384662	0.00308094	0.176464	0.0151203	1.02872	0.195251	0.554525	1.03741	2.21282	5	1.382388
2302000	-116.0753	-181.6759	65.60061	10	0.4781645	0.00856112	0.00496065	0.0286474	0.00374109	0.0140738	0.0253234	0.0193522	0.0147212	0.0978643	0.035247	0.320248	0.0294155	0.237422	0.803706	2.92946	5	0.5727397
2303000	-129.514	-178.3254	48.81138	10	3.143843	0.00362798	0.00479906	0.00644875	0.00871535	0.0149546	0.0376642	0.00303478	0.0268604	0.175738	0.0442048	0.547416	0.400093	0.739194	1.08314	1.77757	5	0.873464
2304000	-145.2788	-181.9573	36.67858	10	3.136255	0.0253684	0.0263217	0.0390817	0.0173551	0.00860825	0.00540364	0.0296545	0.0350205	0.132582	0.0122884	0.868967	0.399536	0.738804	1.08311	1.77855	5	1.200651
2305000	-129.4806	-182.1837	52.70317	10	0.3676921	0.00101918	0.00114011	0.0470917	0.00902207	0.00286596	0.00765094	0.0350404	0.00324672	0.0704955	0.0404869	0.415022	0.0123427	0.157243	0.693812	3.1366	5	0.6330815
2306000	-123.3743	-177.5509	54.17665	10	0.5618258	0.0140729	0.00370203	0.00554244	0.0196344	0.00636727	0.0187286	0.0117314	0.00552197	0.110641	0.0228733	0.510924	0.0453428	0.290375	0.86052	2.80376	5	0.7297398
2307000	-129.9411	-181.0532	51.11213	10	1.10187	0.0177857	0.011602	0.0519836	0.0146035	0.00182037	0.0131402	0.0203318	0.0300594	0.336408	0.0162575	0.687338	0.15682	0.505367	1.01502	2.32279	5	1.201329
2308000	-135.0708	-185.8833	50.81248	10	1.123503	0.000450958	0.0376769	0.0258321	0.0535692	0.0534805	0.0226763	0.0250267	0.271554	0.0126244	0.00406834	0.685766	0.160917	0.510967	1.01779	2.31033	5	1.192725
2309000	-118.4743	-179.9561	61.48181	10	0.7356039	0.0197799	0.00604366	0.0174802	0.00952399	0.00233931	0.00642661	0.032744	0.102472	0.0209847	0.0230119	0.558281	0.0818037	0.379856	0.93738	2.60096	5	0.7990866
2310000	-142.6734	-183.3677	40.69434	2	0.7336413	0.00891475	0.0241884	0.0105284	0.019632	0.0400106	0.00481024	0.0135997	0.0961311	0.0246711	0.018259	0.52779	0.0813837	0.37898	0.936724	2.60291	4	0.7885354
2311000	-121.1914	-180.4522	59.26075	10	1.237786	0.0141765	0.0146577	0.0181534	0.00139943	0.0105028	0.0346505	0.00644494	0.106738	0.0109415	0.0501442	0.52312	0.181834	0.53817	1.03043	2.24956	5	0.7909291
2312000	-130.9511	-182.5843	51.63317	10	2.73543	0.0112953	0.0146578	0.00217488	0.00658386	0.0233488	0.0174627	0.00206686	0.0928532	0.00223567	0.0159915	0.463505	0.367699	0.715741	1.08086	1.8357	5	0.6521756
2313000	-128.444	-186.4139	57.96983	10	0.1480377	0.00430222	0.00143544	0.126286	0.0118508	0.0121924	0.00809236	0.00846033	0.0250203	0.0241245	0.000646898	0.638754	4.69725e-05	0.0101275	0.235899	3.75393	5	0.8611653
2314000	-126.2867	-180.3746	54.0879	10	2.653151	0.0127614	0.0241224	0.00414988	0.0259602	0.0107181	0.0228956	0.0367254	0.0136037	0.164004	0.0114013	0.498314	0.360512	0.710315	1.08017	1.849	5	0.8246555
2315000	-126.1302	-181.2647	55.13447	10	1.746595	0.0362429	0.000368143	0.0784755	0.0495337	0.0181725	0.00115247	0.0266735	0.202332	0.0335167	0.0231287	0.812619	0.261028	0.625044	1.06213	2.0518	5	1.282216
2316000	-124.0875	-179.0212	54.93369	10	1.870772	0.00994279	0.00239845	0.00791309	0.0221693	0.000706704	0.0181145	0.0115811	0.151188	0.0109833	0.00658653	0.565822	0.277345	0.640528	1.06639	2.01573	5	0.8074057
2317000	-118.6744	-180.1312	61.45682	10	0.8781051	0.0148106	0.00335215	0.125351	0.0268984	0.00249303	0.0170032	0.0172794	0.00379643	0.00317906	0.00996073	0.623449	0.112038	0.436778	0.976451	2.47473	5	0.8475736
2318000	-136.7099	-184.405	47.69511	10	2.481551	0.0154277	0.00166082	0.0732619	0.0541591	0.0405619	0.0131631	0.00360884	0.0435519	0.0421738	0.0190838	1.01873	0.344701	0.698074	1.07842	1.87881	5	1.325384
2319000	-142.7848	-181.3481	38.56337	2	0.9699901	0.0213461	0.00512653	0.0153984	0.0284793	0.00993684	0.00956385	0.0251199	0.0065397	0.0768736	0.0342299	0.475715	0.130928	0.467542	0.994844	2.40669	4	0.7083288
2320000	-128.6765	-185.2876	56.61103	10	2.366691	0.0252027	0.0511604	0.034089	0.0252157	0.00752686	0.0146107	0.012999	0.00718806	0.0723797	0.010619	0.56916	0.333442	0.689088	1.07694	1.90053	5	0.8301507
2321000	-130.8984	-183.6953	52.79683	10	2.874438	0.00280828	0.0071968	0.06361	0.0154975	0.00456083	0.0401733	0.0064278	0.23445	0.00231429	0.0678951	0.464577	0.379309	0.72433	1.08182	1.81454	5	0.9095103
2322000	-126.6001	-180.7242	54.12409	10	0.8772812	0.000931716	0.00745573	0.274496	0.018599	0.00176934	0.0281665	0.0367662	0.00503628	0.00324702	0.0310342	1.0825	0.111866	0.436483	0.976266	2.47539	5	1.490006
2323000	-126.3225	-181.143	54.8205	10	1.000898	0.009833	0.0288101	0.014169	0.000605276	0.0119159	0.00484312	0.00679822	0.0394702	0.104754	0.0256125	0.497762	0.137133	0.477022	1.00015	2.3857	5	0.744573
2324000	-124.3947	-179.9996	55.60486	10	2.237294	0.0109606	0.00533945	0.0108463	0.00279606	0.0186178	0.0498488	0.012859	0.0915013	0.00277725	0.0313201	0.407154	0.320045	0.678087	1.07493	1.92693	5	0.6440206
2325000	-122.6494	-180.3759	57.72651	10	2.231016	0.0112402	0.0114381	0.112743	0.00395811	0.00521949	0.0118095	0.0147722	0.0171299	0.0891559	0.0326726	0.56195	0.319375	0.677527	1.07482	1.92827	5	0.8720896
2326000	-126.7349	-181.0235	54.2886	10	0.9351191	0.00609758	0.00414929	0.0147991	0.0227481	0.039159	0.0154065	0.0155799	0.0121345	0.118715	9.68911e-05	0.745856	0.123833	0.456342	0.988359	2.43147	5	0.9947415
2327000	-125.913	-177.3276	51.41456	10	1.397293	0.012922	0.0041943	0.0159124	0.00851387	0.0106575	0.0257632	0.0119531	0.00893781	0.119242	0.0382319	0.854476	0.209011	0.570517	1.04377	2.1767	5	1.110804
2328000	-119.5283	-178.3254	58.79712	10	2.223667	0.00997685	0.00230642	0.0373579	0.00596068	0.00909703	0.0131831	0.0181456	0.0873372	0.00979266	0.0473145	0.500216	0.318588	0.676869	1.0747	1.92985	5	0.740688
2329000	-124.3444	-182.1962	57.8518	10	1.511626	0.00994677	0.00223803	0.0114048	0.0311675	0.0110053	0.0419308	0.0537883	0.189915	0.000308433	0.00407203	0.453842	0.227113	0.59048	1.0511	2.13131	5	0.8096192
2330000	-131.1269	-183.8315	52.70459	10	0.681831	0.00875283	0.0183447	0.0665881	0.00278378	0.00916503	0.0294277	0.0116414	0.00720283	0.0110082	0.0522697	0.533504	0.0703123	0.35483	0.917945	2.65691	5	0.7506881
2331000	-131.1235	-185.3881	54.26467	10	1.493617	0.00787859	0.0362876	0.0186534	0.0337807	0.0273582	0.0151814	0.018194	0.182288	0.00859444	0.00283055	0.412474	0.224335	0.58749	1.05004	2.13813	5	0.7635212
2332000	-122.4941	-179.8476	57.35348	10	2.017051	0.0210058	0.00400535	0.0134712	0.0169356	0.00367914	0.0359427	0.0123318	0.0114802	0.0638232	0.0406849	0.626543	0.295302	0.656815	1.07041	1.97747	5	0.8499031
2333000	-122.9323	-178.3023	55.36996	10	1.05977	0.00610042	0.0142408	0.00863676	3.40045e-05	0.00103417	0.0377917	0.0156132	0.00386807	0.129247	0.0372152	0.412862	0.148723	0.494008	1.00924	2.34803	5	0.6666427
2334000	-121.3184	-178.2398	56.92138	10	1.206937	0.00917322	0.0120329	0.0228611	0.0162113	0.0178927	0.0251555	0.0150467	0.124163	0.0164571	0.0231152	0.580474	0.176308	0.531197	1.02732	2.26518	5	0.8625829
2335000	-125.8583	-180.409	54.5507	10	0.465648	0.0150612	0.000655096	0.00693218	0.0135518	0.00308633	0.0503119	0.0188714	0.181418	0.00851409	0.033741	0.630219	0.0272114	0.228899	0.793569	2.95032	5	0.9623616
2336000	-116.7637	-180.0602	63.29647	10	0.741995	0.00606645	0.00524947	0.038253	0.0430309	0.00280983	0.014788	0.0137719	0.00942613	0.0478966	0.0290437	0.495745	0.0831716	0.382689	0.939489	2.59465	5	0.706081
2337000	-144.0623	-180.2854	36.22312	2	1.04567	0.0136891	0.000488038	0.0244357	0.02947	0.00199837	0.0286248	0.024762	0.09756	0.0356727	0.00230636	0.654853	0.145975	0.490061	1.00717	2.35679	4	0.9138596
2338000	-147.5971	-180.4335	32.83641	2	1.461083	0.00469614	0.00498601	0.0122701	0.0227871	0.017807	0.0354996	0.00583066	0.170634	0.000140837	0.0473209	0.762281	0.219248	0.581948	1.04805	2.15075	4	1.084253
2339000	-139.9707	-180.5729	40.60216	2	0.4242419	0.0026621	0.00454994	0.0404354	0.0176154	0.0113587	0.00572005	0.010815	0.0612003	0.0053162	0.0112565	0.441344	0.0203614	0.199621	0.756235	3.02378	4	0.6122731
2340000	-130.8921	-182.0713	51.17923	10	1.025547	0.0129561	0.00205012	0.141444	0.00893577	0.00605499	0.0531158	0.0358541	0.0170493	0.0266338	0.0320781	0.768475	0.142023	0.484298	1.00411	2.36957	5	1.104647
2341000	-122.6719	-176.7931	54.12117	10	0.5168477	0.00694621	0.000640097	0.00348469	0.0345911	0.00955925	0.0181611	0.0233896	0.00160665	0.152382	0.02061	0.665131	0.0365513	0.262772	0.83215	2.86853	5	0.9365009
2342000	-122.6659	-181.4905	58.82461	10	0.3474301	0.00254666	0.0151336	0.0556569	0.0127515	0.00164927	0.022828	0.0188648	0.0128464	0.0650907	0.0201929	0.470007	0.00991719	0.141556	0.667502	3.18103	5	0.6975679
2343000	-127.1724	-183.1679	55.99556	10	1.68571	0.0148433	0.0339405	0.060684	0.0229641	0.0167145	0.00874999	0.0423508	0.00550867	0.0903482	0.035652	0.57076	0.252638	0.616808	1.05969	2.07086	5	0.9025164
2344000	-126.7027	-179.2556	52.55288	10	0.8984093	0.00763355	0.000438732	0.036514	0.011339	0.0107327	0.0139139	0.0118337	0.0148765	0.170646	0.0204716	0.391125	0.116265	0.443932	0.980892	2.45891	5	0.6895245
2345000	-123.1044	-178.6272	55.52288	10	1.105223	0.0163241	0.00782043	0.045003	0.0176504	0.0181517	0.0162775	0.0127758	0.00638978	0.0846773	0.022016	0.942143	0.157458	0.506245	1.01546	2.32084	5	1.189229
2346000	-133.4558	-182.1625	48.70673	10	3.111974	0.00550258	0.00552851	0.162948	0.0577779	0.00230068	0.0310936	0.0284904	0.0034414	0.022604	0.000367783	0.886989	0.397743	0.737545	1.08302	1.7817	5	1.207044
2347000	-149.4218	-178.7705	29.34865	2	0.7401213	0.01188	4.65563e-05	0.00872885	0.060028	0.0203964	0.0189951	0.0180717	0.0254028	0.173156	0.00910853	1.25519	0.0827706	0.381861	0.938875	2.59649	4	1.601004
2348000	-147.1666	-182.8814	35.71475	2	0.2460158	0.00800686	0.01239	0.0186134	0.0159385	0.00139415	0.0162347	0.00767342	0.00751698	0.094607	0.0129835	0.40941	0.00193124	0.0638281	0.493008	3.44123	4	0.6047688
2349000	-140.5104	-184.921	44.41062	10	2.959122	0.0135117	0.00216688	0.144653	0.0150083	0.0368938	0.0609275	0.0143187	0.0155034	0.0237305	0.00639321	0.895684	0.386075	0.729239	1.08231	1.80238	5	1.228791
2350000	-118.5959	-177.8203	59.22441	10	0.7841722	0.00829285	0.00725584	0.0414437	0.00433063	0.00304655	0.0297696	0.0232539	0.106005	0.0294305	0.0464109	0.7701	0.0921865	0.400683	0.952471	2.55466	5	1.069339
2351000	-118.2705	-180.4527	62.18211	10	0.5071851	0.00874655	0.0107362	0.0355829	0.01856	0.00815361	0.0108832	0.00570381	0.0666394	0.0104869	0.0132974	0.423951	0.0347271	0.256581	0.825427	2.88327	5	0.6127405
2352000	-125.7798	-179.1503	53.37054	10	1.3648	0.020469	0.008357	0.132073	0.000627048	0.00570503	0.0129814	0.000369837	0.0275406	0.0304786	0.0453953	0.987772	0.203661	0.564388	1.04139	2.19056	5	1.271769
2353000	-149.7256	-186.7511	37.02554	2	3.111311	0.0014739	0.0138039	0.0280839	0.00914989	0.00331756	0.0218852	0.0467833	0.0592544	0.000389465	0.0538604	0.40257	0.397694	0.73751	1.08301	1.78178	4	0.6405722
2354000	-154.8716	-188.9477	34.07608	2	3.234061	0.00450486	0.00462956	0.0645502	0.0189443	0.0290096	0.00872369	0.0222682	0.0911227	0.0246861	0.0376464	0.281616	0.406596	0.743716	1.08345	1.76624	4	0.5877015
2355000	-123.679	-180.7934	57.11446	10	0.862082	0.0102235	0.0474536	0.0113365	0.0148799	0.00731934	0.0321762	0.00966241	0.00529058	0.166769	0.0131727	0.74799	0.108684	0.430978	0.972777	2.48756	5	1.066274
2356000	-122.741	-180.2281	57.4871	10	1.074481	0.00286419	0.00258373	0.0353803	0.019996	0.0200563	0.0229572	0.0159237	0.10728	0.0084695	0.00181252	0.680386	0.151571	0.498048	1.01132	2.33906	5	0.9177102
2357000	-131.8765	-178.433	46.55644	10	1.704764	0.0154183	0.00669263	0.0094636	0.00744676	0.0149953	0.020733	0.0210341	0.000374796	0.123597	0.0176218	0.515667	0.255293	0.619434	1.06048	2.06479	5	0.7530445
2358000	-134.2028	-180.5379	46.33501	10	4.012219	0.0193288	0.00762562	0.071667	0.0274394	0.00101639	0.0524689	0.0164268	0.00599641	0.109607	0.00519769	0.874489	0.455032	0.775631	1.0844	1.68494	5	1.191262
2359000	-123.3392	-179.1893	55.85012	10	2.584996	0.0231241	0.0150723	0.0150751	0.00999724	0.0159678	0.0114783	0.0094489	0.187179	0.0146111	0.0311374	0.707501	0.35437	0.705611	1.07953	1.86049	5	1.040592
2360000	-126.5081	-180.604	54.0959	10	1.784694	0.00485476	0.00193479	0.0121562	0.0140672	0.0383166	0.0586643	0.0190317	0.00486579	0.209693	0.0778786	0.777536	0.266145	0.629974	1.06353	2.04035	5	1.218999
2361000	-148.4524	-183.8142	35.36179	2	0.9253445	0.0278111	0.0190289	0.0386149	0.0379165	0.00513294	0.0259036	0.0180593	0.00206181	0.281299	0.0193176	0.598613	0.121828	0.453102	0.986438	2.43863	4	1.073759
2362000	-142.7704	-180.0416	37.27118	2	0.4316476	0.00757924	0.000456336	0.0368215	0.0300629	0.00885513	0.0452185	0.0105364	0.225506	0.00328024	0.00127285	0.640115	0.0215322	0.204976	0.763375	3.01012	4	1.009704
2363000	-148.3229	-181.5329	33.20999	2	0.9694511	0.011432	0.00223581	0.0156238	0.00897789	0.0134746	0.0265742	0.00786743	0.193009	0.00331712	0.0142876	0.782755	0.130819	0.467373	0.994748	2.40706	4	1.079555
2364000	-134.7372	-182.3704	47.63322	10	1.330436	0.00684112	0.00330735	0.00169741	0.00824041	0.019428	0.0535595	0.00551217	0.0271724	0.271252	0.00351118	1.16242	0.1979	0.557663	1.03869	2.20575	5	1.562941
2365000	-129.6147	-179.4525	49.83783	10	1.236975	0.0101724	0.00612718	0.00197117	0.00264524	0.0223409	0.0430577	0.00331579	0.00228216	0.188997	0.028119	0.487579	0.18169	0.53799	1.03035	2.24997	5	0.7966075
2366000	-122.8104	-183.7141	60.90368	10	0.4063836	0.00335372	0.00573207	0.0107406	0.0166353	0.00206512	0.0112109	0.0353452	0.0169954	0.0723181	0.029838	0.258174	0.017646	0.186508	0.738097	3.05775	5	0.4624083
2367000	-124.8935	-185.3653	60.47183	10	0.4869762	0.00377778	0.0035429	0.00127547	0.010192	0.00714131	0.0377262	0.00323829	0.1599	0.00259468	0.0436098	0.216596	0.031	0.243329	0.810556	2.91512	5	0.4895939
2368000	-122.8663	-180.0865	57.22014	10	3.318235	0.0132089	0.000121146	0.00194239	0.0201845	0.00989717	0.0454128	0.0148439	0.0160394	0.107105	0.0099824	0.492147	0.412475	0.747753	1.08369	1.75608	5	0.7308844
2369000	-127.5938	-179.9816	52.38777	10	2.623022	0.0125071	0.00477774	0.0450524	0.0125517	0.00181848	0.0531214	0.0198576	0.149212	0.00396196	0.0318429	0.53219	0.357818	0.70826	1.0799	1.85403	5	0.8668938
2370000	-117.2422	-178.7609	61.51875	10	0.6355295	0.00753666	0.00260947	0.0120078	0.0243484	0.0115434	0.0329889	0.0190988	0.143646	0.00693068	0.0314141	0.520262	0.060509	0.331455	0.898416	2.70962	5	0.8123866
2371000	-142.8056	-180.1127	37.30704	2	1.054045	0.00216187	0.00643171	0.00922371	0.000226961	0.0351024	0.021363	0.000747498	0.0182385	0.101443	0.0349493	0.687896	0.14761	0.492415	1.00841	2.35157	4	0.9177843
2372000	-127.1955	-181.1724	53.97682	10	1.972405	0.0225536	0.0190413	0.0313642	0.0390966	0.00751063	0.0407439	0.00482417	0.135035	0.0332874	0.0418351	0.772098	0.289958	0.652047	1.06928	1.98871	5	1.14739
2373000	-131.9899	-181.3337	49.34382	10	1.586971	0.0303856	0.00965591	0.0522738	0.0645966	0.00774539	0.0155635	0.0269385	0.0258382	0.217436	0.0219539	0.904947	0.23845	0.602421	1.05515	2.10398	5	1.377335
2374000	-132.3036	-178.7439	46.4403	10	0.8459218	0.0197787	5.26925e-05	0.0374939	0.023931	0.0120081	0.0171913	0.0275438	0.282008	0.0109337	0.0259899	0.685977	0.105286	0.424986	0.96891	2.50082	5	1.142907
2375000	-131.3328	-182.2848	50.95199	10	4.929985	0.0395532	0.000280663	0.00138552	0.0144365	0.0130025	0.0114455	0.0135231	0.116763	0.0165939	0.0707009	0.517188	0.499143	0.802263	1.08342	1.61517	5	0.8148727
2376000	-119.8105	-183.3286	63.51813	10	1.565484	0.0308064	0.00667345	0.0116166	0.00457983	0.0218956	0.0139141	0.00511074	0.0118524	0.0771884	0.0288828	0.317489	0.235263	0.599105	1.05405	2.11158	5	0.5300092
2377000	-128.7234	-182.0979	53.37449	10	4.885137	0.00858915	0.000319969	0.191208	0.0482664	0.0145564	0.0139965	0.023451	0.0186604	0.0701503	0.000171092	0.625478	0.497236	0.801155	1.0835	1.61811	5	1.014847
2378000	-132.1301	-183.2088	51.07871	10	1.999554	0.0046431	0.00726738	0.0624804	0.0196497	0.0265857	0.00841169	0.0238927	0.0167318	0.0215617	0.0230663	0.43687	0.293221	0.654966	1.06998	1.98183	5	0.6511605
2379000	-129.2814	-179.5146	50.23323	10	1.768608	0.016154	0.00754632	0.119452	0.0446245	0.00892534	0.0393291	0.0224986	0.152079	0.00149309	0.00494449	0.861458	0.263997	0.627913	1.06295	2.04514	5	1.278504
2380000	-121.1226	-180.6468	59.52418	10	0.7424492	0.00172067	0.0106308	0.00479912	0.00551954	0.00238873	0.0452615	0.0065997	0.0326753	0.0646219	0.0347742	0.570469	0.0832688	0.382889	0.939637	2.5942	5	0.77946
2381000	-129.8757	-179.2025	49.3268	10	1.956222	0.017539	0.000787486	0.0110852	0.0393519	0.0273862	0.037573	0.0340928	0.0154457	0.173179	0.0257449	0.929253	0.287992	0.650276	1.06885	1.99288	5	1.311439
2382000	-137.821	-193.2297	55.40871	10	0.9411982	0.00220413	0.0192533	0.11818	0.114882	0.0181582	0.0487899	0.0118214	0.0405581	0.0628402	0.0139298	0.499399	0.125077	0.458335	0.98953	2.42706	5	0.9500162
2383000	-130.0635	-183.9347	53.87115	10	3.81186	0.012538	0.000384973	0.0792313	0.00421418	0.0134142	0.00180951	0.00298593	0.0168172	0.0277857	0.0233648	0.404962	0.443718	0.768441	1.08438	1.70346	5	0.5875078
2384000	-124.9445	-179.8028	54.85824	10	0.8575699	0.0130299	0.00937087	0.0481097	0.0184455	0.00324821	0.0343429	0.02458	0.00482766	0.0769351	0.0224913	0.604194	0.107737	0.429319	0.971714	2.49123	5	0.859575
2385000	-131.1921	-179.8889	48.69682	10	1.862713	0.0118562	0.00156598	0.0358178	0.0590267	0.0248783	0.0299957	0.00943321	0.0152975	0.16398	0.00127423	0.841647	0.276317	0.639573	1.06614	2.01797	5	1.194772
2386000	-121.8513	-180.4901	58.63872	10	1.421421	0.0113454	0.0196582	0.0620228	0.00442952	0.0017816	0.0377042	0.0204323	0.0349111	0.00880677	0.0408095	0.637745	0.212924	0.574932	1.04545	2.16669	5	0.8796459
2387000	-131.3289	-181.1777	49.84878	10	1.794908	0.0188567	0.00430987	0.0902809	0.0331963	0.0204938	0.0513383	0.0657053	0.137831	0.0109837	0.0304344	1.24243	0.2675	0.631268	1.0639	2.03734	5	1.705856
2388000	-127.3658	-180.7891	53.42328	10	2.200075	0.0128248	0.0111855	0.00248421	0.0181882	0.00793603	0.0112733	0.0409753	0.139773	0.00898386	0.0103009	0.533747	0.316042	0.674732	1.07428	1.93495	5	0.797672
2389000	-123.8136	-180.2721	56.45849	10	3.14957	0.00873957	0.00569866	0.0236825	0.00995091	0.00535185	0.0424262	0.00596761	0.0905056	0.00615908	0.0317379	0.381513	0.400512	0.739487	1.08316	1.77684	5	0.6117331
2390000	-133.2098	-180.3969	47.1871	10	3.119062	0.0166308	0.00313028	0.0141389	0.0388116	0.00736448	0.0266054	0.0115478	0.299787	0.0308129	0.0503696	0.607968	0.398268	0.737914	1.08304	1.78077	5	1.107167
2391000	-123.5656	-180.2206	56.65502	10	0.513106	0.0153814	0.012616	0.00316106	0.0142435	0.00284252	0.0122738	0.0186409	0.120843	0.0179835	0.0212503	0.547039	0.0358418	0.260386	0.829575	2.8742	5	0.786275
2392000	-126.8441	-180.9936	54.14943	10	1.376013	0.00455247	0.0122846	0.0081704	0.0371638	0.00621164	0.0312218	0.0110866	0.102665	0.0237023	0.0198566	0.469662	0.205518	0.566528	1.04223	2.18573	5	0.7265768
2393000	-129.2125	-185.3982	56.18565	10	0.7815584	0.0135981	0.0258916	0.0166235	0.000808563	0.012577	0.00390982	0.0262352	0.245351	0.00231656	0.0620751	0.37535	0.0916289	0.399602	0.951711	2.55706	5	0.7847366
2394000	-125.8742	-182.1969	56.32266	10	0.8215022	0.00931589	0.0134782	0.0492742	0.00559865	0.0116175	0.0396514	0.0328096	0.0119463	0.0856364	0.0217295	0.578203	0.100125	0.415649	0.962739	2.52149	5	0.8592608
2395000	-116.8476	-181.1204	64.27282	10	1.126385	0.0103541	0.0121599	0.00467952	0.00519881	0.0107808	0.00587727	0.0153615	0.00510821	0.163656	0.0344456	0.285965	0.161459	0.511702	1.01815	2.30869	5	0.5535869
2396000	-122.669	-180.8385	58.16949	10	0.9610802	0.00177645	0.0174596	0.0285384	0.0255163	0.0103573	0.0054426	0.0183623	0.0613369	0.0135965	0.0173936	0.444206	0.129124	0.464733	0.993239	2.4129	5	0.6439855
2397000	-126.3861	-178.2455	51.8594	10	2.853486	0.00643649	0.0075362	0.0072581	0.013325	0.0105786	0.0247106	0.0323091	0.000734563	0.122822	0.0227291	0.58929	0.3776	0.723079	1.08169	1.81763	5	0.8377299
2398000	-144.2215	-180.5416	36.32011	2	1.206084	0.0207904	0.00607881	0.00336757	0.000424826	0.0135564	0.0173839	0.0142736	0.0265178	0.135051	0.0304752	0.592033	0.176154	0.531	1.02723	2.26562	4	0.8599533
2399000	-119.6257	-180.2546	60.62887	10	0.6084067	0.0167057	0.00344796	0.0336626	0.000592842	0.0161632	0.00541683	0.0174046	0.00244533	0.161168	0.0271316	0.413472	0.0548464	0.316913	0.885548	2.74269	5	0.697611
2400000	-124.1253	-180.0813	55.95603	10	0.3988148	0.0355116	0.00997508	0.013916	0.00103481	0.00711765	0.0162901	0.0226046	0.00979201	0.12092	0.0394435	1.05999	0.0165438	0.18087	0.729995	3.07259	5	1.336596
2401000	-130.8755	-182.3108	51.43535	10	1.997474	0.00844265	0.00382796	0.012433	0.0901537	0.00148064	0.0206362	0.0264112	0.204609	0.0460533	0.0164304	0.766514	0.292973	0.654745	1.06993	1.98236	5	1.196992
2402000	-145.4073	-185.801	40.39366	2	0.7725074	0.0120531	0.00149047	0.026234	0.0209341	0.00180544	0.0177016	0.018133	0.170157	0.0293791	0.0237482	0.27289	0.0896966	0.395825	0.949036	2.56544	4	0.5945266
2403000	-122.4783	-180.4272	57.94891	10	3.116603	0.0223772	0.010892	0.046314	0.00241371	0.0198192	0.00728839	0.0198108	0.162232	0.0136998	0.0555543	0.489211	0.398086	0.737786	1.08303	1.78109	5	0.8496124
2404000	-128.3355	-182.1849	53.84943	10	1.799097	0.00440449	0.0250567	0.00710841	0.0542358	0.0462784	0.00751222	0.0157052	0.0105867	0.195209	0.00450424	0.59681	0.268054	0.631795	1.06404	2.03611	5	0.9674111
2405000	-127.7667	-180.9597	53.19297	10	0.8268384	0.00331402	0.021615	0.0283738	0.023171	0.0168432	0.0525279	0.0146419	0.0204444	0.205809	0.0270198	0.780236	0.101256	0.417719	0.964123	2.5169	5	1.193996
2406000	-139.453	-185.2728	45.81982	10	0.4251375	0.0423065	0.0164469	0.234052	0.0594225	0.0176853	0.0305771	0.0127108	0.0153913	0.0552839	0.00673108	1.21034	0.0205016	0.200271	0.75711	3.02212	5	1.700944
2407000	-140.0295	-187.0081	46.9786	10	1.270691	0.00173574	0.00750336	0.115281	0.00493081	0.0259336	0.00916493	6.9052e-05	0.00660811	0.0169254	0.0510033	0.514693	0.18763	0.545333	1.03354	2.23349	5	0.7538485
2408000	-121.5822	-180.6815	59.0993	10	2.599034	0.0261693	0.00240389	0.00555919	0.0329284	0.0182814	0.0201538	0.0134876	0.0831761	0.0212981	0.0530271	0.586773	0.355649	0.706596	1.07967	1.85809	5	0.8632582
2409000	-130.8902	-178.5978	47.70765	10	0.7431694	0.0113359	0.00713886	0.0184641	0.0294698	0.0265865	0.0321293	0.0142765	0.171805	0.00669445	0.0214127	0.680252	0.0834229	0.383206	0.939872	2.5935	5	1.019565
2410000	-125.3591	-181.3244	55.96531	10	0.3258155	0.0104213	0.00812257	0.00565859	0.00720005	0.0051572	0.015461	0.0124404	0.13416	0.00469727	0.00748322	0.252029	0.00762141	0.124669	0.636715	3.23099	5	0.4628312
2411000	-123.4269	-185.0241	61.59721	10	0.464053	0.00421802	0.00992737	0.0202991	0.0503709	0.0178595	0.00278404	0.0172663	0.0601661	0.0189252	0.0139287	0.35987	0.0269347	0.227802	0.792241	2.95302	5	0.5756151
2412000	-118.3439	-183.0788	64.73485	10	1.518554	0.0208741	0.023145	0.00500459	0.0147446	0.00126131	0.00920047	0.0275211	0.0408932	0.10434	0.0296263	0.434377	0.228175	0.591616	1.05149	2.12872	5	0.7109882
2413000	-125.1596	-179.4614	54.30185	10	2.558408	0.00622386	0.00446788	0.00176729	0.00801292	0.00416614	0.0224717	0.0372899	0.0105319	0.0791064	0.0223345	0.522976	0.351925	0.703721	1.07926	1.86509	5	0.7193488
2414000	-129.1961	-182.3262	53.13013	10	0.5369506	0.0114071	0.000824546	0.157264	0.0371729	0.0043064	0.0127277	0.0251212	0.0104855	0.00634416	0.00109475	0.555295	0.0404241	0.275355	0.845398	2.83882	5	0.822043
2415000	-126.7328	-180.7957	54.06297	10	2.374414	0.00670125	0.0144858	0.00441497	0.003006	0.0122662	0.058373	0.00214971	0.182109	0.00380827	0.0608124	0.611854	0.334217	0.689714	1.07705	1.89902	5	0.9599807
2416000	-118.9457	-177.8852	58.93951	10	0.4183589	0.00830879	0.00426849	0.0264134	0.00226808	0.00686059	0.0221808	0.019207	0.0125406	0.0365379	0.0381964	0.611525	0.0194496	0.195332	0.750406	3.03481	5	0.7883068
2417000	-128.5728	-181.9564	53.38362	10	1.991876	0.00215278	0.00405371	0.0435978	0.0140595	0.0122122	0.0307332	0.0122144	0.0201988	0.144026	0.0662736	0.435529	0.292303	0.654147	1.06979	1.98376	5	0.785051
2418000	-119.3605	-179.8024	60.44194	10	0.8003923	0.0348541	0.0178988	0.00873095	0.0191386	0.00469596	0.0168067	0.00727632	0.173329	0.0076957	0.0184238	0.864272	0.0956422	0.407292	0.957064	2.54	5	1.173122
2419000	-120.7252	-179.6881	58.96288	10	2.19405	0.0132763	0.0101335	0.00121071	0.0042101	0.00876621	0.00918133	0.0164364	0.00897109	0.232395	0.0358116	0.439864	0.315388	0.67418	1.07416	1.93627	5	0.7802557
2420000	-123.0061	-180.8922	57.88614	10	0.959653	0.0296226	0.0102579	0.0362348	0.0184876	0.00196024	0.048215	0.0265558	0.0162616	0.075171	0.0401867	0.982891	0.128835	0.464279	0.992979	2.41391	5	1.285844
2421000	-128.3863	-177.1199	48.73359	10	1.317913	0.00727487	0.00170656	0.00644187	0.0473937	0.0136777	0.0123384	0.0139488	0.00681453	0.119794	0.00380756	0.653531	0.195775	0.555147	1.03766	2.21142	5	0.8867284
2422000	-122.5197	-179.9443	57.42464	10	2.58538	0.00435232	0.00180249	0.00321134	0.0096955	0.0158534	0.0216466	0.0208746	0.0388999	0.0859168	0.015132	0.522576	0.354405	0.705638	1.07953	1.86042	5	0.7399606
2423000	-133.299	-182.274	48.97495	10	2.217101	0.0217654	0.00485795	0.00460197	0.0245667	0.000939951	0.00612683	0.0180657	0.067485	0.0119856	0.00572811	0.744965	0.317882	0.676278	1.07458	1.93126	5	0.911088
2424000	-136.6564	-187.4949	50.83847	10	0.445616	0.00293409	0.0249965	0.00739317	0.0126244	0.00305913	0.0119136	0.0139615	0.120788	0.0446288	0.0706804	0.537073	0.0238074	0.214939	0.776276	2.98498	5	0.8500521
2425000	-127.3869	-180.7045	53.31765	10	2.976151	0.00794276	0.00358718	0.0351849	0.0122332	0.0189355	0.0299536	0.0134783	0.141197	0.002022	0.00637833	0.406693	0.387408	0.730199	1.0824	1.8	5	0.6776053
2426000	-146.9485	-185.6018	38.65336	2	0.61898	0.0262745	0.0135589	0.00654921	0.0272281	0.00678652	0.00461195	0.00373354	0.115469	0.0139933	0.00278082	0.43114	0.0570448	0.322659	0.890701	2.72959	4	0.6521261
2427000	-124.2633	-182.0968	57.83354	10	0.6942744	0.00166254	0.0018124	0.0211148	0.0114666	0.00119992	0.00834031	0.0340449	0.0177673	0.0428162	0.0657783	0.456458	0.0729657	0.360816	0.922728	2.64349	5	0.6624611
2428000	-132.5906	-180.3181	47.72754	10	1.326477	0.0106815	0.0214612	0.0021129	0.0601991	0.00729971	0.017388	0.0153409	0.00557294	0.176444	0.00196467	0.69247	0.19723	0.556871	1.03837	2.20753	5	1.010935
2429000	-131.0022	-180.5953	49.59306	10	3.54984	0.0208559	0.00710618	0.0028816	0.0437482	0.00886866	0.0203884	0.0150681	0.00575866	0.338308	0.000804622	0.931278	0.427782	0.758046	1.08415	1.73002	5	1.395066
2430000	-124.5503	-178.9833	54.43299	10	1.178697	0.00544227	0.00703544	0.00522296	0.0123273	0.00455838	0.034675	0.0137849	0.00703211	0.0899675	0.0369753	0.427361	0.171171	0.524581	1.02428	2.27997	5	0.6443819
2431000	-124.6919	-177.5242	52.83223	10	1.070434	0.00542615	0.0080147	0.0305183	0.0373894	0.00444415	0.0277988	0.00164695	0.16317	0.0213431	0.000290871	0.884228	0.150789	0.496945	1.01076	2.34151	5	1.184271
2432000	-134.6498	-184.6189	49.96912	10	2.61827	0.0154887	0.00209049	0.0186432	0.0572418	0.00716425	0.0458674	0.0358641	0.149191	0.0144644	0.0227437	0.549822	0.35739	0.707932	1.07985	1.85483	5	0.9185816
2433000	-121.7693	-181.9953	60.22597	10	0.7509163	0.00539641	0.000591741	0.00108025	0.00768225	0.021603	0.00332289	0.0393113	0.027446	0.0782348	0.0495903	0.421073	0.0850806	0.386596	0.942368	2.58596	5	0.6553321
2434000	-123.8481	-178.0549	54.20682	10	1.181453	0.00388422	0.0100623	0.0162514	0.00193608	0.0179114	0.0143648	0.028654	0.157403	0.0053738	0.0427662	0.62519	0.171676	0.525237	1.02458	2.2785	5	0.9237978
2435000	-117.9997	-178.2531	60.25332	10	0.8660252	0.00885546	0.000539357	0.0535542	0.0140465	0.00885328	0.00963035	0.0230902	0.0133717	0.0820882	0.0284631	0.589049	0.109511	0.432418	0.973695	2.48438	5	0.8315415
2436000	-125.4683	-179.1724	53.70411	10	2.283915	0.00636128	0.00132587	0.0664526	0.0276871	0.0252436	0.0403429	0.0268488	0.0345641	0.0891408	0.0422892	0.80134	0.324963	0.682166	1.0757	1.91717	5	1.161596
2437000	-131.2339	-184.0128	52.77889	10	0.4554277	0.00808898	0.00740904	0.0162901	0.0119075	0.048095	0.0650378	0.017286	0.00456715	0.104199	0.0456167	0.731874	0.0254548	0.221825	0.784917	2.9678	5	1.060371
2438000	-124.5302	-178.9217	54.39157	10	0.9615931	0.00372624	0.00830016	0.0122553	0.0105661	0.00456799	0.0102677	0.018856	0.0288866	0.0961946	0.0419672	0.414956	0.129228	0.464895	0.993333	2.41254	5	0.6505433
2439000	-122.8858	-179.9829	57.09706	10	1.439921	0.0225579	0.006664	0.000884661	0.0373273	0.00798036	0.0223615	0.00959522	0.00782664	0.166307	0.0074294	0.472561	0.215891	0.578241	1.04669	2.15918	5	0.7614951
2440000	-129.5988	-179.2781	49.6793	10	2.184827	0.0217361	0.00502204	0.0528448	0.00973878	0.00961067	0.0285527	0.0172518	0.0186891	0.280345	0.0242073	0.834607	0.314382	0.673331	1.07399	1.93829	5	1.302605
2441000	-138.0542	-185.5574	47.50319	10	2.52549	0.0251629	0.012587	0.0435149	0.0568314	0.0709317	0.0413594	0.018696	0.0233283	0.308248	0.0156268	0.895808	0.34886	0.701336	1.07891	1.87089	5	1.512094
2442000	-129.1572	-179.8502	50.693	10	2.297331	0.00465853	0.00436483	0.134115	0.0101111	0.00192982	0.0048919	0.0288237	0.0807515	0.027417	0.0693679	1.00165	0.326359	0.683315	1.07592	1.91441	5	1.368078
2443000	-126.5181	-179.2329	52.71476	10	3.941659	0.00748658	0.00480764	0.0354205	0.0598565	0.00794588	0.0344689	0.0198847	0.000580257	0.165308	0.0103471	0.730229	0.451128	0.773167	1.08441	1.6913	5	1.076336
2444000	-144.1492	-181.3308	37.18158	2	1.800077	0.00740091	0.0105426	0.0288735	0.00507608	0.00389019	0.0147769	0.0484383	0.19744	0.00171361	0.0421352	0.552658	0.268183	0.631918	1.06408	2.03582	4	0.9129456
2445000	-150.0758	-184.7646	34.68879	2	1.19422	0.0129347	0.00625387	0.0435279	0.00522604	0.00191349	0.0113738	0.00979739	0.0598402	0.00663287	0.0109145	0.577022	0.174004	0.528246	1.02597	2.27178	4	0.7454367
2446000	-125.5929	-182.7986	57.20575	10	1.14324	0.015525	0.00273537	0.00613473	0.0403576	0.0177576	0.0229182	0.0343833	0.0272847	0.0802601	0.011017	0.504708	0.164616	0.515944	1.0202	2.29924	5	0.7630813
2447000	-129.4571	-180.1427	50.68557	10	0.3683537	0.00387455	0.0157373	0.0180125	0.00577103	0.00663696	0.0146139	0.0124146	0.00549282	0.0337892	0.027882	0.48034	0.0124261	0.157752	0.694632	3.13519	5	0.6245651
2448000	-126.4734	-182.933	56.45968	10	2.099103	0.00966118	0.00441409	0.00295583	0.0790732	0.00484864	0.0546625	0.0272392	0.00170515	0.102833	0.00450026	0.549306	0.304824	0.665155	1.07228	1.95774	5	0.8411984
2449000	-129.5333	-179.3959	49.86259	10	1.116935	0.00858509	0.000862369	0.0139407	0.000492078	0.00374637	0.0330416	0.0206543	0.021821	0.148321	0.0211492	0.474627	0.159677	0.509283	1.01696	2.31408	5	0.7472409
2450000	-125.5969	-185.9585	60.36164	10	1.21525	0.0290001	0.0150641	0.0864519	0.0037783	0.00037842	0.0123503	0.0315982	0.153999	0.0335503	0.0359278	0.409137	0.177806	0.533101	1.02818	2.26092	5	0.8112352
2451000	-136.0409	-180.3915	44.35054	10	4.300482	0.0044495	0.0210969	0.0163654	0.0156095	0.0156301	0.0288727	0.028031	0.0181443	0.128872	0.0463028	0.544094	0.470144	0.784999	1.08425	1.66061	5	0.8674683
2452000	-120.9682	-178.8121	57.84389	10	2.159419	0.00315513	0.00407854	0.015545	0.00621549	0.0300652	0.0113806	0.00293559	0.107787	0.00988281	0.0343484	0.540109	0.31159	0.670962	1.07351	1.94394	5	0.7655029
2453000	-143.3414	-182.1299	38.78846	2	0.6047155	0.00882298	0.0123417	0.00496422	0.0435926	0.0272456	0.0159457	0.00715133	0.143637	0.00179815	0.000788507	0.611682	0.0540821	0.314883	0.883706	2.74733	4	0.8779702
2454000	-126.6661	-180.9139	54.24776	10	0.9158212	0.0066503	0.0174182	0.100457	0.0450195	0.0135896	0.0135776	0.0234697	0.109733	0.00199171	0.0241277	0.594779	0.119867	0.449901	0.98452	2.44571	5	0.9508134
2455000	-126.8326	-182.1324	55.29976	10	0.5770444	0.0173306	0.0026031	0.0185246	0.0235696	0.0114763	0.0355697	0.0212701	0.052992	0.0131814	0.0246861	0.481853	0.0484106	0.299269	0.86914	2.78318	5	0.7030564
2456000	-129.0554	-179.9621	50.90671	10	1.863977	0.00718721	0.00468854	0.0591727	0.00762418	0.00375245	0.0185725	0.0159973	0.0154359	0.0064807	0.0328924	0.589769	0.276478	0.639723	1.06618	2.01762	5	0.7615732
2457000	-118.9659	-181.9076	62.94169	10	1.236436	0.00998442	0.0167169	0.0618176	0.000739945	0.00235765	0.00590952	0.0070041	0.00174739	0.061532	0.040765	0.435681	0.181594	0.53787	1.0303	2.25024	5	0.6442558
2458000	-146.7634	-186.654	39.89061	2	0.4106546	0.0104679	0.00173388	0.00922922	0.00123726	0.0373501	0.0176579	0.0170245	0.0054918	0.123161	0.044068	0.38163	0.0182811	0.189669	0.742557	3.04949	4	0.6490517
2459000	-126.3198	-180.4925	54.17268	10	0.5753947	0.000184533	0.00453958	0.023224	0.0196738	0.0143132	0.00164035	0.0123394	0.0246356	0.105226	0.036559	0.48641	0.0480762	0.298315	0.868227	2.78538	5	0.728746
2460000	-131.8508	-184.4816	52.63076	10	3.227188	0.0232604	0.0159031	0.0221666	0.0289123	0.00101251	0.0129554	0.00619273	0.0339681	0.0708408	0.0233077	0.477761	0.406108	0.743379	1.08343	1.76708	5	0.71628
2461000	-123.6286	-179.1367	55.50817	10	1.196961	0.0102353	0.00402838	0.0658174	0.00312002	0.00522878	0.00928112	0.0184264	0.0147017	0.13433	0.0262304	0.622507	0.174502	0.528886	1.02626	2.27035	5	0.9139069
2462000	-155.2464	-185.1856	29.93914	2	0.5292362	0.0277718	0.0013852	0.0023971	0.0547551	0.0279761	0.0451355	0.0459399	0.261481	0.00762764	0.0104807	0.937058	0.0389262	0.270574	0.840428	2.85007	4	1.422007
2463000	-126.1356	-184.0818	57.94613	10	0.4515535	0.00439448	0.00170839	0.133629	0.00407268	0.00150012	0.00598943	0.0191337	0.077876	0.0191328	0.0113899	0.431644	0.0247997	0.219117	0.781545	2.97454	5	0.7104702
2464000	-128.1555	-182.4642	54.30871	10	0.2577784	0.0143906	0.0321111	0.0397537	0.0453005	0.00282433	0.00646198	0.0106959	0.00157604	0.0495918	0.00523423	0.897122	0.00249427	0.0723621	0.517605	3.40754	5	1.105062
2465000	-121.5034	-181.3263	59.82295	10	1.137955	0.00394246	0.00343696	0.00124981	0.00200385	0.0154574	0.0122936	0.0238283	0.0233445	0.107572	0.0608997	0.403871	0.163629	0.514623	1.01956	2.30218	5	0.6578993
2466000	-125.2087	-179.0543	53.84563	10	0.6473254	0.015027	0.0130147	0.00781556	0.00333373	0.0200361	0.0163138	0.0212441	0.00473432	0.128836	0.0185799	0.52423	0.062993	0.337579	0.903668	2.69576	5	0.7731654
2467000	-120.4791	-179.4371	58.95799	10	0.7599411	0.0125164	0.00481463	0.00219654	0.00222638	0.00290335	0.02244	0.025308	0.10331	0.0275869	0.0652753	0.522916	0.0870109	0.390492	0.945206	2.57729	5	0.7914932
2468000	-119.6944	-180.2372	60.54286	10	2.073648	0.00477622	0.00306703	0.0221172	0.0455613	0.0127431	0.0400721	0.0212024	0.133857	0.0236864	0.0539849	0.716151	0.30191	0.662623	1.07173	1.96374	5	1.077218
2469000	-128.5958	-184.7913	56.19544	10	1.842732	0.0330478	0.00976982	0.0498527	0.0232774	0.027317	0.0302396	0.0113811	0.0114317	0.199404	0.0282423	0.49763	0.27375	0.637175	1.06551	2.02357	5	0.9215927
2470000	-133.5113	-183.9997	50.48845	10	1.831479	0.00395432	0.00661441	0.0276832	0.0260791	0.0290592	0.00199367	0.0188924	0.0731144	0.0733883	0.0127645	0.649002	0.272293	0.635807	1.06514	2.02676	5	0.9225451
2471000	-127.3818	-186.87	59.48817	10	0.5352101	0.030823	0.000340758	0.20049	0.041926	0.0206608	0.0232626	0.0144258	0.0053579	0.0199015	0.00312139	0.627038	0.0400849	0.274282	0.844289	2.84134	5	0.9873473
2472000	-151.3208	-188.1675	36.84667	2	2.234066	0.0211338	0.0216995	0.000216466	0.050155	0.0129564	0.0223069	0.0293115	0.126853	0.0271393	0.0216567	0.398645	0.319701	0.6778	1.07488	1.92762	4	0.7320736
2473000	-124.3168	-182.0588	57.74193	10	1.608573	0.0244555	0.00903959	0.0837178	0.0287215	0.00778308	0.0461819	0.0141895	0.0297715	0.0778078	0.0148595	0.725827	0.241618	0.605684	1.05621	2.09649	5	1.062354
2474000	-142.46	-188.1607	45.70066	10	1.830484	0.0419206	0.0477403	0.0424737	0.0588803	0.0110564	0.0486877	0.00764392	0.037718	0.135988	0.000164235	0.771983	0.272164	0.635686	1.06511	2.02705	5	1.204256
2475000	-131.8885	-180.2193	48.33075	10	2.025823	0.00792785	0.0107662	0.0339203	0.00122552	0.000651454	0.0118828	0.0256345	0.00899025	0.0443011	0.0315404	0.602325	0.296338	0.657732	1.07062	1.97531	5	0.7791654
2476000	-124.7952	-182.5971	57.80184	10	0.9069266	0.0337411	0.0216751	0.0289283	0.00106695	0.00828619	0.00976161	0.0226724	0.0276684	0.147362	0.0205476	0.513427	0.11803	0.446871	0.982687	2.45241	5	0.8351365
2477000	-146.2444	-183.0873	36.84288	2	1.041481	0.0159645	0.0132445	0.083601	0.0145679	0.0253591	0.0113875	0.00739536	0.00242221	0.121141	0.00967278	0.592905	0.145156	0.488874	1.00655	2.35942	4	0.8976615
2478000	-126.4708	-179.5372	53.06643	10	0.4147703	0.00927409	0.0093774	0.0116115	0.0333813	0.00956931	0.00568301	0.00865748	0.109815	0.00443089	0.00110579	0.547188	0.0189017	0.192701	0.746781	3.04162	5	0.7500942
2479000	-126.4113	-182.9961	56.58477	10	0.9449961	0.0353499	0.0221411	0.0438065	0.00219687	0.0331008	0.0199066	0.0197318	0.156133	0.00298975	0.0551561	0.656962	0.125853	0.459571	0.990253	2.42432	5	1.047474
2480000	-126.9814	-179.2508	52.26933	10	1.010217	0.00757891	0.0139977	0.011769	0.00660228	0.000800782	0.0133411	0.0285431	0.151251	0.0157353	0.0460917	0.46086	0.138988	0.479801	1.00167	2.37954	5	0.7565718
2481000	-129.5104	-184.6916	55.18114	10	0.9691355	0.0332389	0.0053651	0.0288688	0.00926702	0.0116478	0.0466646	0.0227647	0.0933413	0.0156407	0.00939196	0.491415	0.130755	0.467274	0.994691	2.40728	5	0.7676064
2482000	-129.109	-184.0189	54.90991	10	1.252096	0.00533898	0.0128328	0.0573708	0.073331	0.0175534	0.00751262	0.0210799	0.0466399	0.0101079	0.00494259	0.582549	0.184367	0.541319	1.03181	2.2425	5	0.8392587
2483000	-118.726	-177.0696	58.34361	10	0.2729279	0.00366378	0.00076991	0.00526476	0.0137431	0.0116404	0.00472239	0.0127429	0.0937322	0.00159011	0.0422639	0.786195	0.00335665	0.083678	0.547411	3.36555	5	0.9763283
2484000	-129.2635	-182.4998	53.23628	10	2.089055	0.00731987	0.0167265	0.00547617	0.0225059	0.0385103	0.0348641	0.0194603	0.166655	0.0187486	0.0339056	0.541985	0.303678	0.664161	1.07207	1.96009	5	0.9061568
2485000	-119.2924	-181.4905	62.1981	10	0.3843289	0.00296476	0.00489939	0.0143024	0.0134842	0.00121575	0.0142293	0.0313303	0.0393778	0.0090526	0.0220691	0.356667	0.01452	0.169956	0.71375	3.10177	5	0.5095925
2486000	-124.3602	-179.9845	55.62427	10	1.541416	0.023908	0.00236715	3.32599e-05	0.0138222	0.0222251	0.0180649	0.0200518	0.00198973	0.116596	0.0449988	0.457002	0.23165	0.595308	1.05276	2.12028	5	0.7210592
2487000	-124.645	-183.9886	59.34358	10	1.546792	0.00151919	0.00863051	0.0991786	0.00213075	0.0151487	0.0236401	0.014712	0.00162346	0.0043362	0.0220067	0.448054	0.232461	0.596164	1.05306	2.11832	5	0.6409801
2488000	-126.709	-181.3668	54.65785	10	0.7235344	0.00601884	0.0140278	0.100525	0.0202102	0.00951894	0.0256219	0.0213364	0.079457	0.0234038	0.0339685	0.56327	0.0792206	0.374426	0.933287	2.61307	5	0.8973586
2489000	-123.6521	-183.0378	59.38571	10	2.245169	0.0114083	0.00848614	0.018061	0.0493335	0.010873	0.0283603	0.00988883	0.013157	0.0739267	0.00790659	0.438073	0.320883	0.678785	1.07507	1.92526	5	0.6694742
2490000	-134.0231	-186.3201	52.29701	10	2.68339	0.0170196	0.00397496	0.00140545	0.0328109	0.0113558	0.0689827	0.036298	0.0238681	0.0836173	0.0358681	0.78585	0.363182	0.712341	1.08043	1.84404	5	1.101051
2491000	-133.3346	-181.9909	48.65628	10	2.260255	0.0169214	0.001602	0.132605	0.0356712	0.00889899	0.0179056	0.0247541	0.0357739	0.00389859	0.00352327	0.714306	0.322481	0.680113	1.07532	1.92209	5	0.9958598
2492000	-121.4507	-178.9448	57.49417	10	0.3700161	0.00971551	0.000609869	0.0172171	0.026322	0.000151176	0.0180699	0.00232751	0.01573	0.0909312	0.0131444	0.509192	0.012637	0.159029	0.696683	3.13165	5	0.7034104
2493000	-122.8457	-179.036	56.19023	10	4.481118	0.00801185	0.00129324	0.0112278	0.026602	0.00735145	0.0222407	0.0167932	0.0983058	0.00272264	0.0141267	0.369069	0.478986	0.79036	1.08407	1.64659	5	0.5777448
2494000	-130.8763	-178.0231	47.14682	10	4.012505	0.00492445	0.00322185	0.0169931	0.0396878	0.0123372	0.032628	0.0159521	0.0108674	0.10955	0.0348035	0.825959	0.455048	0.77564	1.0844	1.68491	5	1.106924
2495000	-131.9491	-184.9025	52.95341	10	4.022412	0.0367556	0.0370982	0.0393874	0.0064639	0.0347729	0.0155876	0.0107449	0.0409384	0.101686	0.053908	0.657486	0.455589	0.775981	1.0844	1.68403	5	1.03483
2496000	-121.2454	-179.4588	58.21338	10	1.642937	0.00891698	0.00480222	0.0693095	0.0249919	0.00830273	0.0189389	0.0204268	0.0147482	0.0634922	0.0126731	0.673198	0.246583	0.61074	1.05782	2.08486	5	0.9198009
2497000	-122.7596	-183.8145	61.05488	10	0.5639718	0.0103558	0.0324711	0.00566514	0.00192585	0.00449869	0.0190079	0.0137373	0.0663993	0.00359179	0.0280028	0.228683	0.0457729	0.291642	0.861763	2.80082	5	0.4143386
2498000	-128.7963	-182.5797	53.78347	10	3.563235	0.0330001	0.0195122	0.0468872	0.0211633	0.00249738	0.0158509	0.0303116	0.128838	0.0150198	0.0179912	0.507809	0.428631	0.758608	1.08417	1.72859	5	0.8388811
2499000	-131.0463	-182.6215	51.57529	10	1.489957	0.0081107	0.00117441	0.110238	0.0130416	0.00737342	0.00568891	0.0211927	0.025505	0.0763454	0.0509398	0.970861	0.223767	0.586876	1.04983	2.13953	5	1.290471
2500000	-123.9818	-182.2328	58.25103	10	0.7467872	0.00141388	0.0213237	0.0226994	0.0410962	0.0129192	0.00486076	0.025302	0.0890677	0.00349222	0.0284015	0.690998	0.0841971	0.384794	0.941045	2.58996	5	0.9415746
2501000	-124.6347	-178.4978	53.8631	10	0.8377117	0.00128676	0.00747477	0.00539451	0.00320039	0.0227115	0.0111617	0.00935971	0.00929132	0.0931838	0.0536931	0.923199	0.103554	0.421885	0.96688	2.50768	5	1.139956
2502000	-120.9462	-181.0715	60.12525	10	1.426999	0.00103961	0.00137793	0.0106461	0.0230524	0.00601831	0.0066601	0.00441729	0.0269025	0.0700337	0.0289381	0.429137	0.213822	0.575936	1.04583	2.16441	5	0.6082227
2503000	-120.0184	-183.8297	63.81127	10	0.7099152	0.00506218	0.000557143	0.113618	0.000408553	0.01337	0.00398044	0.008826	0.00152656	0.0217344	0.0225744	0.346081	0.0763073	0.368171	0.928488	2.62703	5	0.5377384
2504000	-119.5809	-178.9188	59.33791	10	0.7702695	0.00339888	0.00212547	0.0187471	0.0267711	0.000735179	0.0260004	0.026778	0.247666	0.0027492	0.0159814	0.421947	0.0892186	0.394883	0.948364	2.56753	5	0.7929001
2505000	-130.4231	-183.4559	53.03283	10	2.146497	0.0133179	0.013666	0.0763932	0.00774769	0.00790908	0.0477592	0.0397971	0.0525807	0.00430564	0.0632714	0.554332	0.310157	0.669739	1.07326	1.94685	5	0.8810803
2506000	-133.4983	-185.4336	51.93532	10	0.7886338	0.0182787	0.00738015	0.122549	0.0651295	0.00315461	0.0385618	0.0049782	0.0451937	0.0392475	0.00419865	0.852369	0.0931379	0.402517	0.953755	2.55059	5	1.201041
2507000	-125.5658	-180.6306	55.06476	10	2.907958	0.00720287	0.00187894	0.00385603	0.0489363	0.0129656	0.025313	0.0470892	0.203066	0.00539903	0.0136353	0.441936	0.382014	0.726301	1.08202	1.80966	5	0.8112781
2508000	-119.7134	-179.084	59.3706	10	0.975215	0.0110285	0.000248624	0.0172794	0.00228488	0.00601234	0.026787	0.0140114	0.0355149	0.00444719	0.0218557	0.419878	0.131982	0.469173	0.995769	2.40308	5	0.5593477
2509000	-131.584	-179.3766	47.7926	10	2.259653	0.00412059	0.00520363	0.0360712	0.0181066	0.016378	0.0337178	0.0265551	0.00905946	0.247495	0.0277655	0.619906	0.322417	0.68006	1.07531	1.92221	5	1.044379
2510000	-127.5696	-180.1617	52.5921	10	1.820476	0.00537811	0.0128563	0.0326563	0.0307719	0.013325	0.0296113	0.0190518	0.0860093	0.00755303	0.0132384	0.583748	0.27086	0.634457	1.06477	2.02991	5	0.834199
2511000	-124.1414	-179.3691	55.22762	10	0.5316314	0.0169963	0.000322709	0.00612135	0.006093	0.0153397	0.0279527	0.0232976	0.158276	0.00449952	0.0210849	0.587803	0.0393897	0.272065	0.841986	2.84656	5	0.8677872
2512000	-133.2974	-182.594	49.2966	10	3.167295	0.0126281	0.0127986	0.188388	0.00585981	0.0233215	0.0207187	0.00797786	0.00070118	0.0308145	0.101465	1.00699	0.401804	0.740389	1.08323	1.77458	5	1.411668
2513000	-123.3302	-182.5964	59.26617	10	1.011217	0.0193337	0.00738843	0.0385755	0.0693128	0.0274924	0.0115905	0.000359029	0.0862902	0.00904169	0.0133232	0.66591	0.139186	0.480098	1.00183	2.37888	5	0.9486172
2514000	-125.0037	-181.9726	56.96894	10	0.9779796	0.00876641	0.000416385	0.00524446	0.0681636	0.0171302	0.0311139	0.0249467	0.101693	0.00519752	0.00498395	0.499987	0.132539	0.470032	0.996253	2.40118	5	0.7676429
2515000	-125.4997	-182.4547	56.95502	10	1.445395	0.00800944	0.00680909	0.0103903	0.007885	0.031538	0.00725893	0.00998889	0.182341	0.00423833	0.0128924	0.534896	0.216763	0.579208	1.04705	2.15698	5	0.8162473
2516000	-127.0306	-183.9996	56.96898	10	2.542906	0.0163772	0.00114233	0.0318958	0.0304859	4.7281e-06	0.0100522	0.0268949	0.0022238	0.151458	0.023554	0.319977	0.350487	0.702604	1.0791	1.86781	5	0.614066
2517000	-121.7924	-180.5351	58.7427	10	1.611009	0.0135709	0.00777062	0.0188194	0.00349683	0.0224136	0.0352997	0.0100304	0.165633	0.00188807	0.0298777	0.371026	0.241973	0.606048	1.05633	2.09565	5	0.6798265
2518000	-120.0043	-181.9906	61.98635	10	0.6703444	0.00732303	0.00283668	0.0139754	0.0139352	0.0154799	0.00887568	0.00539134	0.0205846	0.0908391	0.0108525	0.27445	0.0678685	0.349195	0.913363	2.66957	5	0.4645439
2519000	-130.7666	-178.501	47.73445	10	2.775055	0.00996323	0.00282839	0.0241978	0.019748	0.0142932	0.0421949	0.0109314	0.138893	0.00535631	0.0509989	0.896366	0.371075	0.71826	1.08115	1.82951	5	1.215772
2520000	-127.5654	-182.6747	55.10936	10	2.854993	0.0284422	0.00426339	0.0330971	0.0239943	0.0111241	0.0475926	0.0514793	0.132018	0.00678376	0.0385028	0.509516	0.377723	0.72317	1.0817	1.81741	5	0.8868133
2521000	-136.0417	-183.8488	47.80702	10	1.134105	0.00131943	0.0155609	0.0363426	0.0393904	0.0201094	0.00192838	0.0406093	0.0181199	0.0254268	0.0511768	0.909968	0.162909	0.513656	1.0191	2.30434	5	1.159953
2522000	-134.4326	-185.6188	51.18624	10	2.036819	0.0262278	0.00564343	0.0613175	0.00658592	0.00517688	0.0141709	0.0042541	0.0290597	0.0315867	0.0859425	0.657596	0.297631	0.658873	1.07088	1.97261	5	0.9275611
2523000	-127.7349	-186.4116	58.67672	10	0.9078673	0.00261064	0.00206825	0.0858961	0.0158896	0.0161951	0.0519126	0.00110425	0.0422868	0.0607564	0.0364646	0.471214	0.118224	0.447193	0.982883	2.4517	5	0.7863979
2524000	-127.6438	-182.0763	54.43253	10	0.6601973	0.010435	0.0349753	0.0261668	0.0027333	0.0233095	0.00743585	0.0519945	0.0156203	0.121208	0.0340881	0.988132	0.0657153	0.344129	0.909176	2.68098	5	1.316098
2525000	-136.5052	-188.4056	51.90046	10	1.934942	0.00873334	0.0186269	0.160445	0.0118213	0.0663157	0.00690503	0.0204704	0.0627081	0.00782546	0.0749699	0.813989	0.285383	0.647912	1.06827	1.99843	5	1.25281
2526000	-121.9071	-178.3712	56.46409	10	2.753086	0.000811625	0.000333733	0.0168815	0.00121806	0.00180191	0.0345288	0.0233283	0.116747	0.00847459	0.0453261	0.523903	0.36921	0.716871	1.08099	1.83293	5	0.7733552
2527000	-125.4755	-180.9994	55.52387	10	1.384249	0.0237279	0.00500312	0.00820896	0.034466	0.00696752	0.0213891	0.0209065	0.0177985	0.187828	0.00850338	0.458227	0.206875	0.568083	1.04283	2.18221	5	0.7930258
2528000	-125.1467	-182.699	57.55227	10	1.15103	0.013309	0.00215192	0.00427225	0.0221045	0.0154889	0.0179509	0.015673	0.00657298	0.112501	0.111378	0.487781	0.166067	0.517874	1.02112	2.29494	5	0.8091844
2529000	-126.012	-180.2581	54.2461	10	2.105087	0.020632	0.00930937	0.043038	0.0122818	0.00140954	0.0117708	0.01763	0.214024	0.0271259	0.0698105	1.04735	0.305504	0.665743	1.07241	1.95634	5	1.474381
2530000	-131.4931	-179.7435	48.25038	10	1.565785	0.01367	0.00540579	0.0269006	0.00285879	0.0134837	0.0295316	0.0157716	0.266644	0.0143284	0.0897409	0.628637	0.235308	0.599152	1.05406	2.11148	5	1.106972
2531000	-125.9468	-185.8381	59.89131	10	0.808287	0.00805947	0.00598413	0.00207239	0.0148001	0.00256268	0.0461346	0.00761628	0.0484424	0.212509	0.00948014	0.418764	0.0973209	0.410449	0.959225	2.53301	5	0.7764248
2532000	-133.7054	-184.7904	51.08504	10	0.6919998	0.0105241	0.0127614	0.0257278	0.0472425	0.00871841	0.0249632	0.0337249	0.0206594	0.0923017	0.0326022	0.663669	0.0724803	0.359731	0.921867	2.64592	5	0.9728943
2533000	-129.9237	-184.4902	54.5665	10	1.844441	0.0188592	0.0012549	0.0166801	0.0486824	0.0137263	0.0527686	0.0160523	0.166328	0.00622715	0.0220192	0.363114	0.273971	0.637382	1.06556	2.02309	5	0.7257125
2534000	-129.3384	-180.064	50.72553	10	3.929302	0.00318677	0.000441348	0.0614343	0.0160606	0.0119474	0.0206199	0.0218406	0.0144187	0.115886	0.0258599	0.502886	0.450436	0.772728	1.08441	1.69243	5	0.7945817
2535000	-123.9907	-183.9432	59.95246	10	1.886612	0.0197854	0.00294186	0.051369	0.0420177	0.0351801	0.0250741	0.00238136	0.0157717	0.135383	0.00772601	0.419052	0.279353	0.642388	1.06687	2.01138	5	0.7566825
2536000	-118.0546	-179.9483	61.8937	10	1.527644	0.0136587	0.00916124	0.0321588	0.0375351	0.0144301	0.0117882	0.0101116	0.100128	0.014379	0.0146046	0.680858	0.229561	0.593094	1.052	2.12534	5	0.9388141
2537000	-128.4337	-185.367	56.93328	10	1.297643	0.00608802	0.00358016	0.0640591	0.00869692	0.0486213	0.0180414	0.0242832	0.127102	0.000256561	0.11318	0.602409	0.192304	0.550999	1.03594	2.22075	5	1.016317
2538000	-117.1778	-178.8805	61.70272	10	0.6568788	0.0120975	0.00869245	0.000451681	5.1619e-05	0.023075	0.0174822	0.00507873	0.104511	0.000121806	0.0271162	0.575323	0.0650124	0.342453	0.907777	2.68476	5	0.7740007
2539000	-124.7457	-182.7325	57.98679	10	1.327857	0.00582388	0.000242202	0.0447382	0.0031837	0.00204159	0.0228596	0.0198904	0.01367	0.0369689	0.0331386	0.556695	0.197464	0.557148	1.03848	2.20691	5	0.7392517
2540000	-123.3942	-181.0731	57.67892	10	1.585894	0.0170269	0.000805299	0.00831268	0.0348504	0.019434	0.0435867	0.013192	0.11667	0.0229653	0.0335356	0.519572	0.238291	0.602256	1.05509	2.10436	5	0.8299511
2541000	-127.7405	-180.2894	52.54882	10	1.510862	0.0319516	0.0145779	0.030459	0.00963659	0.0137671	0.0262447	0.0397872	0.0277875	0.120589	0.0633144	0.956734	0.226996	0.590354	1.05105	2.1316	5	1.334849
2542000	-124.0974	-180.926	56.82859	10	1.807967	0.0132528	0.0232477	0.0902898	0.0320497	0.00572947	0.00916121	0.0259316	0.108077	0.0111904	0.0439073	0.719861	0.269222	0.632905	1.06435	2.03353	5	1.082698
2543000	-125.3332	-178.9712	53.63793	10	2.155332	0.0246781	0.00288401	0.000509924	0.0378652	0.00264926	0.0335075	0.0305657	0.18347	0.00690672	0.0085989	0.830832	0.311137	0.670576	1.07343	1.94486	5	1.162468
2544000	-126.6599	-180.0836	53.42368	10	0.8082191	0.0103523	0.00224581	0.00684205	0.013754	0.0310913	0.0185165	0.0200932	0.0692153	0.0233318	0.0277785	0.531019	0.0973065	0.410422	0.959207	2.53306	5	0.7542396
2545000	-128.4022	-177.2192	48.81699	10	1.853541	0.00660197	0.00144798	0.0253845	0.0122905	0.00717546	0.0152514	0.0124443	0.00767673	0.132289	0.0319801	0.484006	0.275142	0.638477	1.06585	2.02053	5	0.7365474
2546000	-130.9245	-183.8171	52.89257	10	0.5718857	0.0077023	0.00970001	0.0914992	0.065592	0.053108	0.0448431	0.00915461	0.00433412	0.0863893	0.00990889	1.05758	0.0473662	0.296279	0.866269	2.79009	5	1.439816
2547000	-124.0221	-183.923	59.90096	10	0.4836483	0.00471665	0.0177739	0.0186175	0.0149632	0.00452681	0.00921854	0.00286751	0.0915666	0.0203983	0.0534584	0.329491	0.0303985	0.241107	0.807996	2.9205	5	0.567598
2548000	-123.7595	-179.1757	55.41619	10	0.3918754	0.0103661	0.000732656	0.0333841	0.00518539	0.0218166	0.00968974	0.0342481	0.0873928	0.0153565	0.0283721	0.689825	0.01556	0.175661	0.722337	3.08644	5	0.9363686
2549000	-119.6237	-180.6874	61.06371	10	0.3205973	0.00330309	0.00146667	0.0511869	0.0215168	0.00667386	0.0285797	0.0088338	0.074617	0.0175668	0.0137309	0.413262	0.00711412	0.120584	0.628826	3.24348	5	0.6407373
2550000	-123.1694	-182.3824	59.21303	10	0.6489972	0.00539403	0.00584972	0.0282064	0.00673342	0.010704	0.00361598	0.0228035	0.211549	0.00289093	0.0440385	0.357295	0.0633459	0.338438	0.904396	2.69382	5	0.6990804
2551000	-131.7032	-185.7799	54.07662	10	0.6593477	0.00286027	0.00159221	0.0736885	0.0234508	0.0227614	0.0183808	0.00536334	0.00904385	0.111075	0.0295274	0.271922	0.0655353	0.343701	0.908819	2.68194	5	0.5696657
2552000	-127.1794	-178.5084	51.32902	10	1.131032	0.0100355	0.0154772	0.0270092	0.015656	0.00410273	0.0240288	0.00854893	0.00928828	0.216942	0.0270154	0.723888	0.162332	0.51288	1.01872	2.30607	5	1.081992
2553000	-129.3974	-181.4654	52.06809	10	2.650326	0.0247506	0.00141544	0.0385663	0.00658112	0.0317205	0.00118444	0.0292424	0.0953724	0.00515807	0.0244935	0.524489	0.360261	0.710124	1.08015	1.84947	5	0.7829734
2554000	-120.2263	-179.9784	59.7521	10	0.8943401	0.0185443	0.00864869	0.00399368	0.0133548	0.00201261	0.0141403	0.0326215	0.0125288	0.0785862	0.0399323	0.506281	0.11542	0.442515	0.98002	2.46204	5	0.7306439
2555000	-132.3333	-181.2572	48.92387	10	2.12159	0.0124218	0.0132845	0.0230277	0.0831232	0.0110692	0.037374	0.019096	0.001227	0.0742755	0.00453724	0.803085	0.307369	0.66735	1.07275	1.95253	5	1.082521
2556000	-126.197	-180.2665	54.06954	10	2.669591	0.0112658	0.00393022	0.0136063	0.0097886	0.00352015	0.0228548	0.0075066	0.056494	0.00316643	0.0609884	0.55892	0.361968	0.711421	1.08032	1.8463	5	0.7520411
2557000	-132.2603	-182.5019	50.2416	10	1.575171	0.0199542	0.00349885	0.00470623	0.00162546	0.0111729	0.0316309	0.0426704	0.215323	0.00118875	0.0878062	0.480806	0.236705	0.600608	1.05455	2.10814	5	0.9003833
2558000	-122.1897	-178.8814	56.69166	10	1.226861	0.00883519	0.0124254	0.0330925	0.00566435	0.00540704	0.00510213	0.00721172	0.0680181	0.0110238	0.0177625	0.661472	0.179887	0.53573	1.02935	2.25503	5	0.8360148
2559000	-118.7655	-178.1763	59.41076	10	1.243548	0.014326	0.00439251	0.00852084	0.00514739	0.0135837	0.0235085	0.0113202	0.131784	0.0141261	0.039655	0.459381	0.182856	0.539445	1.03099	2.24671	5	0.7257458
2560000	-119.3048	-180.7077	61.4029	10	1.145472	0.016212	0.00201994	0.0114253	0.006069	0.0156208	0.0193358	0.0216081	0.0129434	0.0887292	0.0195708	0.357446	0.165032	0.516499	1.02047	2.298	5	0.5709806
2561000	-125.2508	-177.3155	52.06472	10	0.5533527	0.0119287	0.000190622	0.00322274	0.00835779	0.008581	0.016356	0.00705526	0.00511844	0.0782129	0.0129746	0.487553	0.0436531	0.285326	0.855518	2.8155	5	0.6395506
2562000	-122.2655	-182.521	60.25552	10	1.087776	0.00725252	0.00780492	0.133838	0.0310932	0.00919944	0.0233668	0.0220748	0.0494541	0.00326731	0.0303165	0.463231	0.154127	0.501633	1.01315	2.33109	5	0.7808986
2563000	-135.9011	-184.0482	48.14712	10	1.090435	0.0193572	0.00908897	0.0279773	0.032873	0.00483407	0.0121536	0.0533728	0.0149149	0.0859067	0.0199687	0.506364	0.154637	0.502343	1.01351	2.32951	5	0.7868115
2564000	-124.3233	-180.2429	55.91963	10	1.194085	0.000335514	0.0126138	0.0538786	0.0174308	0.00349477	0.0495538	0.0136082	0.0205442	0.080857	0.050513	0.826274	0.17398	0.528214	1.02596	2.27185	5	1.129104
2565000	-128.1358	-182.459	54.32319	10	2.952999	0.00677698	0.0223737	0.0288662	0.0127653	0.00323688	0.00489126	0.0427045	0.190926	0.0213184	0.0252235	0.48422	0.385593	0.728892	1.08227	1.80324	5	0.8433024
2566000	-139.7159	-179.2647	39.54881	10	3.268711	0.00721844	0.00585268	0.145161	0.060652	0.0114651	0.0340276	0.00497926	0.0914691	0.0323368	0.0047375	1.00305	0.409038	0.745398	1.08356	1.76201	5	1.400953
2567000	-135.9176	-185.5351	49.6175	10	2.135478	0.00927897	0.0206052	0.0723838	0.0468268	0.0133469	0.0129241	0.0259727	0.161379	0.0256382	0.0486584	0.507114	0.308928	0.668688	1.07304	1.94935	5	0.9441274
2568000	-127.2642	-180.6757	53.41149	10	3.915394	0.0042515	0.000334608	0.0210612	0.0308523	0.0188183	0.0203923	0.00949829	0.00455346	0.0721017	0.0358201	0.488323	0.449653	0.772232	1.0844	1.69371	5	0.7060064
2569000	-124.7621	-182.9037	58.14151	10	0.6015291	0.00773346	0.0132507	0.0599526	0.0596062	0.000922395	0.0185047	0.0392623	0.0505125	0.0310054	0.00142565	0.646013	0.0534236	0.313121	0.882097	2.75136	5	0.9281886
2570000	-125.0734	-182.5042	57.43074	10	0.6943133	0.0342358	0.00220377	0.0328675	0.0011876	0.0046162	0.00770163	0.0221146	0.165468	0.0159874	0.0447376	0.374184	0.072974	0.360835	0.922743	2.64345	5	0.7053038
2571000	-152.4032	-182.2987	29.89554	1	0.268302	0.00328918	0.0112971	0.114793	0.0244928	0.00142926	0.015674	0.0260195	0.00928844	0.11077	0.00467296	0.74603	0.00307662	0.0801898	0.538526	3.37821	3	1.067757
2572000	-128.5603	-182.2572	53.6969	10	1.777493	0.0106547	0.0101607	0.0774748	0.0190498	0.000912552	0.0230986	0.0296093	0.00783622	0.139068	0.0107325	0.374111	0.265186	0.629055	1.06328	2.04248	5	0.702708
2573000	-124.1195	-183.7479	59.62845	10	2.252712	0.0372589	0.0022934	0.034776	0.00229994	0.0106435	0.0439859	0.0153771	0.0798203	0.00674068	0.0184234	0.383508	0.321683	0.679451	1.07519	1.92367	5	0.6351275
2574000	-122.947	-183.0106	60.06369	10	0.752009	0.00744598	0.00559827	0.0064119	0.026577	0.0339777	0.0272263	0.0171315	0.0049333	0.0908382	0.0291304	0.418636	0.0853144	0.38707	0.942716	2.5849	5	0.667907
2575000	-127.5444	-180.6022	53.0578	10	1.941172	0.003663	0.0105126	0.183896	0.000624428	0.00633876	0.0358082	0.0292817	0.00481673	0.0154129	0.0211194	0.974349	0.28615	0.648609	1.06845	1.9968	5	1.285822
2576000	-151.4145	-182.0503	30.6358	2	0.9314535	0.00679707	0.0174917	0.0495046	0.00199718	0.0146158	0.0349005	0.0548468	0.00026925	0.0614705	0.0382097	1.05291	0.123082	0.455132	0.987644	2.43414	4	1.33301
2577000	-122.7892	-181.808	59.01882	10	1.194956	0.0234004	0.00270672	0.00233677	0.0125489	0.0335714	0.0117578	0.00933356	0.098224	0.0122502	0.0261413	0.384152	0.174138	0.528418	1.02605	2.27139	5	0.6164235
2578000	-125.8736	-177.3346	51.461	10	2.255544	0.0150407	0.00102968	0.0020774	0.00652933	0.00702411	0.0482268	0.0138113	0.11082	0.00200349	0.0328854	0.823108	0.321983	0.6797	1.07524	1.92308	5	1.062556
2579000	-121.2202	-178.1055	56.88528	10	1.686135	0.00685458	0.000634366	0.00665608	0.0407409	0.00148437	0.0132742	0.0134102	0.0070247	0.147312	0.00510739	0.477098	0.252698	0.616867	1.05971	2.07073	5	0.7195965
2580000	-122.5774	-180.1093	57.53193	10	1.993336	0.00655664	0.0089555	0.0218595	0.0334024	0.00706494	0.0199026	0.0243312	0.00506924	0.0814363	0.0595277	0.538786	0.292478	0.654303	1.06982	1.9834	5	0.8068924
2581000	-140.4815	-180.7675	40.28606	10	4.402093	0.0460057	0.00584017	0.0301687	0.0282656	0.0110801	0.0486321	0.00587277	0.0133159	0.146837	0.00932082	0.930962	0.475174	0.788059	1.08415	1.65262	5	1.276301
2582000	-122.345	-180.9654	58.62038	10	1.239841	0.00791544	0.0156438	0.0591896	0.0036035	0.00749591	0.0140165	0.0236007	0.0118522	0.0110594	0.0401462	0.491165	0.182199	0.538626	1.03063	2.24854	5	0.6856886
2583000	-123.1521	-178.5609	55.40878	10	0.8236221	0.0110288	0.00238593	0.00996	0.0202598	0.012557	0.0271543	0.0338475	0.00145975	0.117845	0.00859051	0.511902	0.100574	0.416473	0.963291	2.51966	5	0.7569909
2584000	-131.5497	-180.3046	48.75491	10	2.677415	0.00554433	0.00970954	0.000737374	0.0265348	0.0420186	0.00897739	0.0184591	0.0131366	0.14085	0.0202152	0.635146	0.362657	0.711943	1.08038	1.84502	5	0.9213288
2585000	-130.0143	-179.9185	49.90424	10	2.008688	0.00117206	0.00999352	0.0469638	0.0554016	0.0121564	0.00701848	0.0240436	0.0227742	0.162541	0.00275267	0.639929	0.29431	0.655934	1.07021	1.97955	5	0.9847455
2586000	-130.1601	-181.2259	51.06577	10	1.375132	0.00843666	0.0253301	0.0314271	0.0441338	0.0137988	0.0321311	0.0494861	0.00697817	0.132074	0.0122613	0.693426	0.205372	0.56636	1.04216	2.18611	5	1.049483
2587000	-121.7841	-179.4796	57.69549	10	1.057258	0.0129663	0.0145928	0.0176457	0.00242844	0.000295647	0.03305	0.0207827	0.130781	0.00794346	0.0257186	0.522213	0.148235	0.493311	1.00888	2.34958	5	0.7884175
2588000	-158.4662	-182.9143	24.44804	2	0.3929313	0.00152023	0.000403607	0.0696544	0.0581282	0.00084011	0.0307866	0.0425067	0.00719513	0.0298082	0.0104571	1.4476	0.015708	0.176456	0.723517	3.08432	4	1.698901
2589000	-126.7439	-184.8012	58.05729	10	0.9492004	0.011736	0.0114221	0.0794512	0.00075106	0.00189787	0.085431	0.0105436	0.0108781	0.167509	0.055992	0.429169	0.12671	0.460931	0.991045	2.42131	5	0.8647807
2590000	-128.3902	-181.5332	53.14302	10	2.906269	0.024362	0.00166552	0.0335809	0.00570274	0.0462281	0.0110308	0.0176479	0.138175	0.003832	0.0516874	0.574256	0.381878	0.726203	1.08201	1.80991	5	0.9081683
2591000	-126.0936	-178.6293	52.53572	10	0.998495	0.0125627	0.00401684	0.0178975	0.00764091	0.0127743	0.0348467	0.00932103	0.192118	0.00588366	0.0230079	0.543806	0.136653	0.476299	0.99975	2.3873	5	0.8638759
2592000	-123.8711	-179.1643	55.29321	10	2.920973	0.0276628	0.00139939	0.0147565	0.00792291	0.018661	0.0332908	0.0136511	0.00948835	0.156694	0.0430538	0.5398	0.383054	0.727056	1.0821	1.80779	5	0.8663798
2593000	-118.3639	-178.6923	60.32842	10	1.669654	0.0140707	0.00977685	0.0247526	0.00168041	0.00551119	0.0147487	0.0105716	0.0808397	0.0148225	0.0466043	0.589911	0.250381	0.614558	1.05901	2.07606	5	0.8132899
2594000	-127.3416	-179.1041	51.7625	10	0.4581611	0.00213333	0.0025911	0.079048	0.0181041	0.00211497	0.0136291	0.0088195	0.00848747	0.100791	0.00671831	0.612533	0.0259207	0.223727	0.787265	2.96309	5	0.85497
2595000	-129.0606	-178.0987	49.03804	10	1.742997	0.00759966	0.00216332	0.0201903	0.00593741	0.0168402	0.0206505	0.0108943	0.166548	0.012022	0.0426562	0.432454	0.26054	0.62457	1.06199	2.0529	5	0.7379552
2596000	-126.1782	-178.5123	52.33409	10	1.346561	0.0207036	0.0161404	0.0531353	0.00270491	0.0122975	0.0239627	0.028635	0.153702	0.00193478	0.0443891	0.646245	0.200617	0.560851	1.03998	2.19855	5	1.003849
2597000	-139.171	-182.6257	43.45471	2	0.5522612	0.0011443	0.00449245	0.0175335	0.0171304	0.00219767	0.0113354	0.00856788	0.0956645	0.0155699	0.016972	0.225346	0.0434365	0.284671	0.854863	2.81703	4	0.4159544
2598000	-133.7119	-180.2758	46.56386	10	1.519803	0.0132628	0.0295166	0.102166	0.0194323	0.00134921	0.0520477	0.00430262	0.215442	0.0191346	0.0375804	1.06753	0.228366	0.59182	1.05156	2.12825	5	1.561768
2599000	-125.9729	-181.7294	55.75646	10	1.426708	0.0283054	0.0166641	0.0182981	0.0012614	0.00959277	0.0431164	0.00350589	0.149313	0.0314659	0.0919708	0.720203	0.213775	0.575884	1.04581	2.16453	5	1.113696
2600000	-125.171	-183.7763	58.60529	10	0.8274849	0.0197353	0.0149129	0.0107136	0.0355547	0.0128984	0.059025	0.0283614	0.0961199	0.00738785	0.0518174	0.640486	0.101392	0.417969	0.964289	2.51635	5	0.9770129
2601000	-145.2448	-184.741	39.49626	2	2.353597	0.00928467	0.0326689	0.0491831	0.00257635	0.0127408	0.0151804	0.0129005	0.0125376	0.0961071	0.0493204	0.327573	0.332122	0.688019	1.07676	1.9031	4	0.620073
2602000	-123.5988	-179.7347	56.13595	10	0.5989462	0.00409528	0.00588839	0.00614333	0.00583712	0.0163007	0.0227921	0.00730224	0.0218263	0.067911	0.0504048	0.533042	0.0528908	0.311686	0.88078	2.75464	5	0.7415437
2603000	-128.9091	-179.9698	51.06072	10	1.637748	0.0118148	0.00243372	0.0402988	0.0131568	0.00665159	0.0511345	0.0110475	0.0167064	0.214912	0.0148781	0.512897	0.245839	0.609987	1.05758	2.08659	5	0.8959313
2604000	-123.3209	-180.1213	56.80038	10	1.447823	0.00237969	0.00429766	0.00774625	0.00634978	0.0239363	0.0154616	0.00410238	0.0162526	0.0640454	0.0510374	0.608916	0.217149	0.579635	1.0472	2.15601	5	0.8045253
2605000	-133.1301	-181.8877	48.75759	10	1.589406	0.00326282	0.0010449	0.00218124	0.015972	0.0354998	0.0180036	0.0307561	0.19689	0.0698666	0.0415072	0.691876	0.238809	0.602792	1.05527	2.10313	5	1.106861
2606000	-121.6551	-178.2808	56.62563	10	2.111591	0.0087632	0.000609441	0.00941138	0.0224354	0.00578027	0.0110291	0.0164129	0.158392	0.0234269	0.0329413	0.412161	0.306241	0.666379	1.07255	1.95483	5	0.7013631
2607000	-119.0076	-177.4094	58.40176	10	0.3201838	0.00641952	0.000657573	0.00550163	0.00360975	0.00440024	0.0138815	0.00897422	0.0109759	0.0553106	0.0150894	0.425064	0.00707471	0.12026	0.628192	3.24447	5	0.5498848
2608000	-124.3647	-182.1064	57.74167	10	1.060184	0.0213877	0.00124443	0.00252037	0.00339073	0.0104219	0.0400707	0.0175036	0.084662	0.00685484	0.0263686	0.277684	0.148804	0.494123	1.0093	2.34778	5	0.4921094
2609000	-138.2974	-183.406	45.10858	10	4.367989	0.0266195	0.0232108	0.10841	0.046453	0.00832941	0.0742175	0.018002	0.204445	0.00779416	0.0107829	0.791165	0.473502	0.787045	1.08419	1.65527	5	1.319429
2610000	-123.6299	-178.8614	55.23149	10	1.210872	0.013075	0.0147926	0.0419051	0.00634224	0.0158218	0.0181782	0.0152691	0.0670213	0.00077917	0.0258285	0.665444	0.177018	0.532101	1.02772	2.26316	5	0.884457
2611000	-119.5719	-179.9526	60.38069	10	1.40063	0.00690121	0.0126765	0.00678953	0.00610549	0.00217047	0.0266407	0.0151109	0.0934452	0.011964	0.0338277	0.279391	0.209556	0.571135	1.04401	2.1753	5	0.4950232
2612000	-127.8654	-183.1572	55.29176	10	0.6846826	0.00531045	0.0430099	0.0139954	0.0125318	0.00205267	0.019493	0.0270233	0.0525981	0.0116018	0.0100203	0.631238	0.0709199	0.356212	0.919057	2.65381	5	0.8288752
2613000	-124.5474	-182.2769	57.72957	10	0.5534355	0.0030453	0.0024734	0.0467996	0.0655194	0.0089272	0.0164751	0.0367331	0.0220305	0.226246	0.00766169	0.616469	0.0436695	0.285376	0.855567	2.81539	5	1.05238
2614000	-149.9762	-187.1746	37.19839	2	0.5549513	0.00224606	0.00938	5.96683e-05	0.0173062	0.0105041	0.0168796	0.0070708	0.15901	0.00701174	0.0056767	0.307825	0.0439708	0.286284	0.856473	2.81327	4	0.54297
2615000	-129.7256	-185.916	56.1904	10	1.526128	0.0347615	0.0140704	0.0300483	0.0386742	0.00828229	0.071375	0.0275169	0.00903767	0.0383734	0.0349363	0.807816	0.229331	0.592848	1.05192	2.1259	5	1.114893
2616000	-138.4582	-180.5061	42.04789	10	4.540423	0.0131297	0.000923266	0.0137469	0.00598771	0.0218356	0.0301989	0.0221366	0.0231913	0.108446	0.0561759	0.405505	0.481792	0.792043	1.084	1.64217	5	0.7012768
2617000	-143.6803	-180.8104	37.13005	2	0.3631811	0.00220118	0.00597734	0.0524797	0.0428597	0.0133695	0.024004	0.00193672	0.214235	0.0134378	0.000601579	0.526982	0.0117806	0.153768	0.688154	3.1463	4	0.8980851
2618000	-154.5116	-184.5026	29.99105	2	3.415417	0.0103764	0.0119745	0.184592	0.0274854	0.00433717	0.0495493	0.0208887	0.0190021	0.00513069	0.00982713	0.950492	0.419048	0.752211	1.08392	1.74482	4	1.293655
2619000	-132.5453	-182.0402	49.49483	10	3.283849	0.0106248	0.0174462	0.0121913	0.0377603	0.01042	0.025741	0.00752868	0.0723883	0.312203	0.0079913	0.869072	0.410095	0.746124	1.0836	1.76018	5	1.383367
2620000	-121.5524	-181.124	59.5716	10	1.216331	0.00372586	0.00598399	0.0310759	0.0371786	0.00387629	0.0305153	0.0155968	0.10198	0.00166778	0.0173162	0.463645	0.178	0.533348	1.02829	2.26037	5	0.7125618
2621000	-121.3944	-179.9402	58.54578	10	0.7551433	0.00455028	0.000387595	0.130998	0.01138	0.0114403	0.0275727	0.0214931	0.00531527	0.0652033	0.0245934	0.451	0.0859849	0.388427	0.943706	2.58188	5	0.7539345
2622000	-127.8825	-179.5755	51.69298	10	2.76857	0.00707469	0.00300448	0.0305718	0.00468915	0.0132732	0.0586585	0.037085	0.159923	0.0170187	0.0549769	0.57683	0.370526	0.717852	1.08111	1.83051	5	0.963105
2623000	-127.3594	-182.6067	55.2473	10	0.8232549	0.0159697	0.0202634	0.00667617	0.0323769	0.000565362	0.025304	0.0194378	0.0126231	0.118567	0.0265054	0.366444	0.100497	0.416331	0.963196	2.51998	5	0.6447329
2624000	-133.8381	-186.4776	52.6395	10	0.7001057	0.0036456	0.0212215	0.143317	0.0460847	0.0309092	0.0264093	0.0402438	0.00779266	0.291833	0.00579488	0.577713	0.0742108	0.36358	0.924908	2.6373	5	1.194964
2625000	-115.6919	-178.8125	63.12056	10	0.303145	0.00290875	0.00306757	0.0125288	0.000137428	0.00912337	0.00367918	0.00122064	0.0148952	0.0523167	0.0249635	0.315892	0.00555389	0.106944	0.601047	3.28646	5	0.4407332
2626000	-125.5367	-180.1753	54.63856	10	1.967119	0.00244934	0.00414389	0.0304952	0.0137066	0.0170716	0.0327278	0.0129713	0.0555839	0.068927	0.0312444	0.783188	0.289318	0.651471	1.06914	1.99007	5	1.052509
2627000	-126.8119	-180.5179	53.706	10	0.7580297	0.0134146	0.00444823	0.0173616	0.00390893	0.00348013	0.0194062	0.0370692	0.0325627	0.1443	0.0248031	0.503889	0.0866022	0.389671	0.944611	2.57912	5	0.8046434
2628000	-122.4747	-179.1461	56.6714	10	2.445883	0.00642379	8.98066e-05	0.00127615	0.00169939	0.00160536	0.00633595	0.0186607	0.0193693	0.212045	0.0417363	0.344731	0.341265	0.695356	1.07799	1.88539	5	0.6539727
2629000	-120.4313	-180.8292	60.39796	10	0.4228175	0.00537316	0.000840549	0.0159079	0.0169658	0.00839472	0.00592512	0.0102511	0.0294104	0.197556	0.0129153	0.370051	0.0201391	0.198586	0.754836	3.02644	5	0.6735905
2630000	-125.2004	-179.6699	54.46954	10	1.580246	0.00226028	0.000323202	0.0807815	0.030196	0.0105593	0.00130632	0.0118014	0.0157501	0.0892852	0.0246155	0.566318	0.237457	0.60139	1.05481	2.10635	5	0.8331968
2631000	-123.3746	-182.2873	58.91271	10	1.358759	0.0183458	0.00555148	0.0449068	0.00988264	0.00503226	0.0290225	0.0341136	0.0157883	0.0938971	0.0520355	0.396265	0.202656	0.563224	1.04093	2.19319	5	0.704841
2632000	-119.8231	-178.9985	59.17542	10	1.715317	0.00997243	0.00445338	0.00129104	0.00812963	0.0132605	0.03619	0.0255008	0.0122465	0.171813	0.0376051	0.413994	0.256751	0.62087	1.06091	2.06147	5	0.7344559
2633000	-130.2744	-181.3764	51.10201	10	3.409371	0.0161368	0.0228352	0.0168053	0.0018256	0.0401099	0.0180423	0.0125123	0.0162832	0.177569	0.0478599	0.553523	0.418646	0.75194	1.08391	1.74551	5	0.9235021
2634000	-129.5347	-184.4653	54.93065	10	3.264485	0.0157812	0.00641456	0.0159552	0.059893	0.0103169	0.01074	0.00886357	0.138862	0.00775324	0.0117713	0.406598	0.408742	0.745195	1.08354	1.76252	5	0.6929489
2635000	-130.1066	-178.6672	48.56061	10	4.263612	0.00836859	0.00500643	0.130624	0.00775032	0.00596641	0.0195497	0.0213113	0.00541282	0.181033	0.0700889	0.959947	0.468282	0.783859	1.08428	1.66358	5	1.415057
2636000	-144.2904	-183.8374	39.54702	2	0.6032005	0.00912701	0.0148351	0.0390397	0.00434435	0.00360297	0.0438097	0.0094934	0.0690644	0.00656054	0.0273738	0.413503	0.0537688	0.314047	0.882943	2.74924	4	0.6407541
2637000	-128.9344	-184.1247	55.19036	10	0.4936433	0.0198713	0.012388	0.0325283	0.0209393	0.0240607	0.012433	0.0340685	0.0556587	0.00264294	0.0210008	0.631375	0.0322157	0.247746	0.815587	2.90445	5	0.866967
2638000	-137.2847	-186.1366	48.85197	10	1.835074	0.0152881	0.0674021	0.172682	0.0157232	0.0167604	0.00793847	0.0317832	0.0257171	0.0779411	0.0892469	0.838575	0.27276	0.636246	1.06526	2.02574	5	1.359058
2639000	-126.8235	-180.5262	53.70268	10	0.9889207	0.00278059	0.0137511	0.090115	0.0313416	0.00847001	0.0332024	0.0197098	0.072845	0.00396784	0.00542247	0.683237	0.134738	0.473396	0.99814	2.39373	5	0.964843
2640000	-147.3724	-181.2041	33.83173	2	0.5289774	0.000847724	0.00810579	0.0491287	0.0297849	0.00240199	0.00748461	0.00391744	0.144867	0.00993942	0.00803684	0.953931	0.0388762	0.270413	0.840259	2.85045	4	1.218446
2641000	-126.6807	-184.3468	57.66616	10	0.8787486	0.00536088	0.0152847	0.0831465	0.00840496	0.00678722	0.0160842	0.0198071	0.0103576	0.0175093	0.0157258	0.409768	0.112173	0.437008	0.976595	2.47422	5	0.6082358
2642000	-122.8909	-178.3142	55.42332	10	1.037333	0.00420404	0.00421581	0.060128	0.0178069	0.00634282	0.0133371	0.00791523	0.0211607	0.0726721	0.0309284	0.537646	0.144342	0.487693	1.00592	2.36204	5	0.7763569
2643000	-128.3968	-181.3244	52.92757	10	2.784681	0.0298004	0.0218683	0.0416652	0.00579795	0.00216912	0.0253864	0.0297819	0.115713	0.0195376	0.0306601	0.51625	0.371887	0.718864	1.08122	1.82803	5	0.8386296
2644000	-122.3098	-177.7382	55.42835	10	2.297658	0.00713508	6.4516e-05	0.0239315	0.00648659	0.0208184	0.00363173	0.0175616	0.166837	0.00607162	0.0341629	0.557572	0.326393	0.683343	1.07592	1.91434	5	0.8442725
2645000	-119.3296	-178.3486	59.01898	10	2.398504	0.00834654	0.00923767	0.0308374	0.00558855	0.0045255	0.037768	0.0144494	0.00558682	0.0703664	0.0324207	0.52678	0.336618	0.691646	1.07738	1.89436	5	0.7459073
2646000	-123.8534	-183.2292	59.37582	10	1.913223	0.00428161	0.00648428	0.0241593	0.0407722	0.00507028	0.01512	0.0286662	0.0976035	0.00477812	0.0475192	0.417992	0.282691	0.645457	1.06766	2.00419	5	0.6924466
2647000	-122.775	-179.6295	56.85445	10	0.7968131	0.0215469	0.00118183	0.0411338	0.00319375	0.0135101	0.0227089	0.0260612	0.00544148	0.0590492	0.0156677	0.555427	0.0948804	0.405848	0.956068	2.5432	5	0.7649219
2648000	-122.2214	-181.2027	58.98131	10	0.901098	0.00439022	0.00986726	0.00767554	0.000713444	0.0128187	0.026568	0.00113432	0.0118602	0.145426	0.0386317	0.241737	0.116822	0.444864	0.981463	2.45685	5	0.500822
2649000	-126.2707	-182.8006	56.52989	10	1.552911	0.00175478	0.0127118	0.0543446	0.010332	0.00054927	0.0376448	0.00811893	0.02779	0.12227	0.0155445	0.43036	0.233382	0.597133	1.05338	2.1161	5	0.7214203
2650000	-136.5017	-182.5672	46.06546	10	1.164211	0.0197771	0.0292835	0.00891494	0.0245524	0.0148055	0.0282828	3.63941e-05	0.00283613	0.219191	0.0381069	0.974044	0.168507	0.521098	1.02265	2.28774	5	1.359831
2651000	-142.5291	-181.35	38.82086	2	1.578987	0.0159889	0.00403456	0.0103811	0.00555034	0.00185677	0.0122865	0.0351298	0.0964101	0.0117858	0.0387372	0.362016	0.23727	0.601197	1.05474	2.10679	4	0.5941775
2652000	-146.1439	-183.4428	37.29891	2	1.085657	0.0103217	0.010506	0.00172683	0.0612524	0.0127778	0.0321376	0.032309	0.240265	8.91141e-05	0.00901474	0.449101	0.153721	0.501066	1.01286	2.33235	4	0.8595018
2653000	-130.6782	-183.9243	53.24604	10	0.7059496	0.0369447	0.0427875	0.0118132	0.0504649	0.00415015	0.0195336	0.0123405	0.165697	0.0109403	0.0263075	0.841515	0.0754595	0.366324	0.927053	2.63116	5	1.222494
2654000	-126.3901	-180.1904	53.80028	10	1.373125	0.00911926	0.00890665	0.011494	0.000423332	0.0224486	0.0472315	0.00536467	0.215485	0.00989869	0.0460178	0.527154	0.205041	0.565979	1.04201	2.18697	5	0.903544
2655000	-124.1833	-182.8786	58.69527	10	1.867348	0.00537211	0.00517898	0.00124205	0.0425365	0.00703824	0.0269577	0.0191171	0.147566	0.00611176	0.0289827	0.287777	0.276909	0.640123	1.06629	2.01668	5	0.5778798
2656000	-120.5645	-179.3057	58.74122	10	0.5825746	0.00495642	0.00115996	0.00852157	0.0132841	0.00943475	0.0210506	0.0122605	0.0234261	0.10955	0.0151259	0.347919	0.0495351	0.302446	0.872162	2.77586	5	0.5666888
2657000	-129.6485	-180.0545	50.40598	10	1.092175	0.0180665	0.00236478	0.0137126	0.00553893	0.00389451	0.00957419	0.0228347	0.119369	0.0041648	0.0320658	0.383332	0.15497	0.502806	1.01374	2.32849	5	0.6149178
2658000	-124.5701	-182.2833	57.71329	10	0.829046	0.00851528	0.00126881	0.0188834	0.045971	0.0169734	0.0397487	0.000712552	0.111502	0.0117277	0.0148505	0.36872	0.101723	0.41857	0.964689	2.51502	5	0.6388731
2659000	-126.0179	-183.6894	57.67151	10	2.87271	0.0147772	0.00304634	0.0944205	0.00568295	0.025374	0.0399429	0.0116531	0.0886602	0.000880589	0.0346254	0.375618	0.379168	0.724228	1.08181	1.81479	5	0.6946817
2660000	-141.7646	-181.7299	39.96526	2	0.6824078	0.0120195	0.0170004	0.0401569	0.0211459	0.0166159	0.00335612	0.00366272	0.0783983	0.0205475	0.0112429	0.479145	0.0704352	0.35511	0.918171	2.65628	4	0.7032907
2661000	-141.6455	-181.0829	39.43738	2	1.225052	0.00104476	0.00410696	0.00663928	0.0358654	0.0123443	0.0126784	0.00722254	0.00927826	0.126005	0.0234799	0.390437	0.179564	0.535323	1.02917	2.25594	4	0.6291015
2662000	-127.2942	-178.8049	51.51063	10	1.283902	0.0028184	0.0207848	0.0133219	0.0518277	0.0207951	0.0130447	0.0270859	0.0213301	0.186736	0.00246893	0.905211	0.189929	0.548133	1.03474	2.2272	5	1.265424
2663000	-128.5724	-180.8819	52.30953	10	2.306812	0.001781	0.00664315	0.119361	0.00123713	0.0323619	0.0410405	0.0250151	0.00150856	0.234442	0.0688274	0.903145	0.327341	0.68412	1.07606	1.91248	5	1.435363
2664000	-144.0647	-181.7899	37.72515	2	0.5015269	0.012291	0.00490123	0.145246	0.00383963	0.00169522	0.0146122	0.00170188	0.00823708	0.0290689	0.0276207	0.676034	0.0336711	0.252912	0.821376	2.89204	4	0.9252476
2665000	-126.0418	-183.6139	57.57213	10	4.262306	0.0175896	1.18217e-05	0.00680074	0.0115362	0.00157832	0.0205175	0.0495564	0.182409	0.00780465	0.0680072	0.455439	0.468216	0.783818	1.08428	1.66369	5	0.8212512
2666000	-127.804	-184.1745	56.37049	10	4.355363	0.0225541	0.0111456	0.0106329	0.0373741	0.00632539	0.049317	0.0190821	0.0954158	0.0103252	0.0086328	0.37771	0.472879	0.786666	1.0842	1.65626	5	0.6485154
2667000	-125.4175	-182.7049	57.28742	10	1.290008	0.0184487	0.00473672	0.0105397	0.020616	0.0025293	0.0179088	0.0279595	0.0492504	0.0154062	0.0125112	0.387307	0.190987	0.549412	1.03528	2.22432	5	0.5672131
2668000	-134.5489	-182.3009	47.752	10	0.7253268	0.0165976	0.00320996	0.00635383	0.0415611	0.00920046	0.0516202	0.0248219	0.0106008	0.305879	0.00422273	0.688443	0.0796042	0.375239	0.933904	2.61125	5	1.16251
2669000	-131.3008	-183.2411	51.94027	10	0.4916572	0.00696941	0.0300734	0.0196288	0.0365856	0.00563894	0.0259193	0.0156746	0.118624	0.0231486	0.00752989	0.70915	0.0318521	0.246435	0.814102	2.90761	5	0.9989423
2670000	-134.1208	-182.4244	48.30358	10	2.654815	0.0340756	0.00479955	0.0375961	0.04627	0.00946562	0.048685	0.0294313	0.167568	0.0177601	0.00819814	0.597226	0.36066	0.710428	1.08019	1.84873	5	1.001076
2671000	-119.2604	-179.9167	60.6563	10	0.4867204	0.00631262	0.00639314	0.0270247	0.0426342	0.00865928	0.00598702	0.0191316	0.0686252	0.0395117	0.00608608	0.70414	0.0309536	0.243158	0.81036	2.91553	5	0.9345053
2672000	-129.8997	-182.1737	52.27402	10	2.842652	0.00367612	0.00428547	0.0420274	0.0618121	0.00211079	0.0188352	0.0152209	0.0047127	0.0365713	0.0293279	0.653514	0.376711	0.722426	1.08162	1.81924	5	0.8720938
2673000	-120.9318	-178.8645	57.93271	10	0.5093291	0.0135586	0.0221399	0.0483444	0.000896873	0.00980133	0.00623967	0.020823	0.00493199	0.0709728	0.0418912	0.65176	0.0351296	0.257963	0.82694	2.87997	5	0.8913595
2674000	-132.827	-183.661	50.83394	10	1.698184	0.00688319	0.0454192	0.0554135	0.00727117	0.0487087	0.0129687	0.00764492	0.0816117	0.0161449	0.0845908	1.06535	0.254379	0.618533	1.06021	2.06688	5	1.432009
2675000	-120.9109	-179.8033	58.89233	10	1.876788	0.0129849	0.0035119	0.0283482	0.0387786	0.00598713	0.0020989	0.0214581	0.0946611	0.0170113	0.00302567	0.441357	0.27811	0.641238	1.06658	2.01408	5	0.6692233
2676000	-130.6608	-188.2763	57.61547	10	1.99373	0.0251992	0.00211525	0.0183368	0.0740498	0.00381801	0.0261342	0.0432995	0.119854	0.00175295	0.00112132	0.340437	0.292525	0.654345	1.06983	1.9833	5	0.6561181
2677000	-119.629	-177.0629	57.43396	10	1.04978	0.00360842	0.00128551	0.00849777	0.00185345	0.0108926	0.00764092	0.0197392	0.130331	0.0318075	0.0343506	0.492085	0.146778	0.49122	1.00778	2.35422	5	0.7420917
2678000	-129.6209	-183.6419	54.02105	10	2.7851	0.0162347	0.00249449	0.150976	0.0293035	0.0217459	0.0199788	0.0278213	0.0316856	0.0210828	0.0450711	0.759421	0.371922	0.71889	1.08123	1.82796	5	1.125816
2679000	-123.3922	-181.9092	58.51701	10	1.170514	0.014656	0.0151459	0.00573362	0.000523497	0.0101068	0.0114592	0.00454964	0.00144038	0.0811395	0.0142469	0.265365	0.169669	0.522621	1.02337	2.28434	5	0.4243663
2680000	-129.9611	-182.9843	53.0232	10	3.309868	0.00665833	0.000584139	0.0439096	0.0267361	0.0182277	0.00407923	0.0211552	0.000558593	0.110278	0.0547033	0.380026	0.411899	0.747359	1.08367	1.75707	5	0.6669166
2681000	-134.0699	-181.4991	47.42913	10	1.710401	0.00936511	0.0435502	0.0170214	0.0388347	0.0112472	0.0251055	0.0282755	0.183553	0.0213529	0.0171717	0.646109	0.256073	0.620203	1.06071	2.06301	5	1.041586
2682000	-138.7957	-187.9016	49.1059	10	1.050842	0.0343785	0.0203518	0.0398763	0.0321021	0.0358955	0.00212235	0.0476699	0.376829	0.0351106	0.0325359	0.952326	0.146985	0.491518	1.00794	2.35356	5	1.609198
2683000	-121.3517	-178.9798	57.62814	10	0.8123127	0.00059832	0.0115912	0.0205519	0.0023579	0.00128681	0.023535	0.0159963	0.00410428	0.146602	0.0280883	0.712859	0.098176	0.412044	0.960309	2.52947	5	0.9675711
2684000	-127.9353	-180.8148	52.87951	10	2.169849	0.0135379	0.00034931	0.0185387	0.0298949	0.00689787	0.0563055	0.00901161	0.0073127	0.103927	0.0293416	0.51408	0.31274	0.67194	1.07371	1.94161	5	0.7891967
2685000	-135.7946	-184.4267	48.63219	10	0.842752	0.0169141	0.0284602	0.0598127	0.0105846	0.0253852	0.0092085	0.00841445	0.00263675	0.112279	0.0665299	0.620104	0.104618	0.423793	0.968132	2.50346	5	0.9603299
2686000	-158.4915	-188.4945	30.003	2	3.701286	0.00969432	0.00946333	0.00915857	0.00813193	0.0429043	0.0489291	0.0806104	0.00371065	0.184222	0.0287532	0.80164	0.43716	0.764202	1.08432	1.71432	4	1.227218
2687000	-135.9792	-181.1354	45.15616	10	0.9773279	0.000787608	0.000195315	0.010686	0.0512786	0.00307682	0.0293286	0.0679133	0.270428	0.0039541	0.00315466	0.675504	0.132408	0.469829	0.996139	2.40162	5	1.116307
2688000	-128.2705	-182.1946	53.92409	10	1.112499	0.0503389	0.00913836	0.00779456	0.0414752	0.00376286	0.0467243	0.0159259	0.00834686	0.165051	0.0180279	0.738592	0.158838	0.508137	1.0164	2.31663	5	1.105178
2689000	-138.1928	-185.6232	47.43039	10	2.486597	0.0121587	0.00926469	0.115973	0.054071	0.0695874	0.0384582	0.00123814	0.0599979	0.0448091	0.00109946	1.06784	0.345182	0.698453	1.07847	1.87789	5	1.474493
2690000	-121.1293	-183.4284	62.29909	10	0.2310617	0.00523013	0.00583755	0.0343505	0.0210811	0.000390581	0.00957677	0.0205484	0.0543286	0.00250285	0.0226738	0.490797	0.00134342	0.0533962	0.459811	3.48545	5	0.6673175
2691000	-126.1554	-182.4463	56.2909	10	1.116107	0.00239568	0.00351407	0.101707	0.0313952	0.00397325	0.00417546	0.00560768	0.026061	0.017324	0.0352159	0.714975	0.159521	0.50907	1.01686	2.31455	5	0.9463442
2692000	-120.5015	-179.7397	59.23813	10	1.042173	0.00467398	0.0061765	0.0249104	0.00594014	0.00191242	0.0178797	0.00618645	0.0801132	0.00800209	0.02611	0.243335	0.145291	0.489071	1.00665	2.35899	5	0.4252398
2693000	-125.3817	-180.5666	55.1849	10	0.5670197	0.0202794	0.00973386	0.0514128	0.0134887	0.0107326	0.0138086	0.0109964	0.0659269	0.000118634	0.043518	0.529079	0.0463852	0.293435	0.863513	2.79667	5	0.7690946
2694000	-127.1503	-182.3101	55.15978	10	1.877862	0.0101425	0.00285365	0.00261577	0.016822	0.014641	0.00483999	0.00601721	0.0181931	0.158929	0.025467	0.305672	0.278246	0.641364	1.06661	2.01378	5	0.5661937
2695000	-127.1747	-179.6445	52.46981	10	0.6567617	0.00492332	0.00513297	0.0192132	0.00829449	0.0132109	0.00892885	0.034885	0.0064773	0.151213	0.0133482	0.668372	0.0649876	0.342394	0.907728	2.68489	5	0.9339986
2696000	-120.4761	-178.7807	58.30456	10	0.3328206	0.0137376	0.00184135	0.013943	0.0142277	0.00110619	0.00452321	0.0176441	0.00774589	0.0747406	0.00580577	0.39988	0.00833143	0.130152	0.647019	3.2145	5	0.5551956
2697000	-132.0161	-183.3103	51.29429	10	1.508329	0.00445282	0.020965	0.0405599	0.0687971	0.0110103	0.00366719	0.0121796	0.0140108	0.115871	0.018969	0.460789	0.226606	0.589937	1.05091	2.13255	5	0.7712711
2698000	-131.5914	-185.4096	53.81824	10	4.452307	0.0199348	0.000679519	0.073825	0.0256833	0.0109537	0.0139548	0.0128103	0.00587711	0.0690695	0.00880962	0.28025	0.477606	0.789529	1.0841	1.64877	5	0.5218475
2699000	-124.6207	-179.7998	55.17915	10	0.6007527	0.00550887	0.0139858	0.100293	0.00278393	0.00321324	0.0302678	0.00694628	0.0101898	0.052177	0.045683	0.652736	0.0532633	0.31269	0.881702	2.75234	5	0.9237846
2700000	-124.3487	-179.3458	54.99714	10	1.747313	0.0120299	0.000449143	0.0946939	0.000371389	0.0162223	0.0299324	0.00661038	0.00281948	0.142537	0.028982	0.570148	0.261126	0.625139	1.06216	2.05158	5	0.9047952
2701000	-126.2849	-180.6934	54.4085	10	1.662167	0.00861922	0.00672066	0.0870656	0.00582885	0.036377	0.00483472	0.00922675	0.0161009	0.0725352	0.0190673	0.680128	0.249322	0.613498	1.05868	2.0785	5	0.9465041
2702000	-123.2013	-179.6904	56.48908	10	1.040295	0.00726575	0.0105395	0.00663749	0.0201727	0.0106662	0.0203155	0.0184418	0.0742252	0.0100345	0.0111199	0.426672	0.144923	0.488537	1.00637	2.36017	5	0.6160902
2703000	-126.6625	-179.3452	52.68262	10	1.32077	0.00592643	0.00886848	0.0521291	0.0548248	0.0222045	0.046836	0.0227507	0.0630275	0.020936	0.00587566	1.11396	0.196261	0.555724	1.0379	2.21012	5	1.417339
2704000	-122.592	-180.7512	58.15925	10	0.5791976	0.00252671	0.0149411	0.00775496	0.0180197	0.00825148	0.0193489	0.0122183	0.0196496	0.0522366	0.00552354	0.553217	0.0488479	0.300509	0.870323	2.78032	5	0.7136874
2705000	-145.7713	-183.9788	38.20747	2	0.7887212	0.0105234	0.0036342	0.00406709	0.0277957	0.0109061	0.019411	0.0187643	0.169797	0.0068857	0.0226675	0.316965	0.0931565	0.402553	0.95378	2.55051	4	0.6114168
2706000	-147.9539	-184.0117	36.05772	2	2.218979	0.017677	0.0365007	0.0379786	0.0220142	0.000361239	0.026698	0.01374	0.00179576	0.124666	0.0623801	0.5649	0.318084	0.676447	1.07461	1.93085	4	0.9087121
2707000	-147.3998	-182.9706	35.57079	1	0.5372971	0.0228369	0.000160018	0.00587124	0.0017456	0.00772303	0.00800608	0.00560194	0.00123533	0.0496092	0.0286487	0.341894	0.0404917	0.275569	0.845618	2.83832	3	0.4733324
2708000	-145.5123	-182.4039	36.89157	2	1.443602	0.00362912	0.0123216	0.0420479	0.018677	0.00486875	0.00943473	0.0307038	0.0843781	0.0168125	0.00284042	0.73516	0.216477	0.578892	1.04693	2.1577	4	0.9608743
2709000	-127.5057	-180.3394	52.83374	10	0.9524916	0.0192758	0.00196768	0.0727166	0.0130426	0.0270622	0.0253026	0.0114017	0.00975571	0.122118	0.0537204	0.624065	0.12738	0.461991	0.991659	2.41897	5	0.9804284
2710000	-135.0623	-181.0805	46.01815	10	6.828158	0.00758873	0.00280827	0.00703564	0.0193856	0.0134212	0.0128109	0.0133226	0.0243632	0.192949	0.0451992	0.462231	0.563908	0.837768	1.07935	1.51897	5	0.8011155
2711000	-134.5654	-184.952	50.38666	10	1.2605	0.00448868	0.0123973	0.0424991	0.00818166	0.00193524	0.0830404	0.0420797	0.0113628	0.258896	0.0265353	0.468498	0.185846	0.543144	1.0326	2.23841	5	0.9599137
2712000	-127.5835	-185.0413	57.45777	10	2.720956	0.0173591	0.0152462	0.00650949	0.0442307	0.0276861	0.0323206	0.000193341	0.00421803	0.0792341	0.0263902	0.461603	0.366452	0.714806	1.08074	1.838	5	0.7149909
2713000	-128.7287	-181.4861	52.75745	10	0.6598707	0.00701128	0.00846977	0.0945296	0.0146895	0.0065562	0.000820207	0.0239008	0.0420895	0.0102343	0.0382283	0.441258	0.0656461	0.343964	0.909039	2.68135	5	0.6877878
2714000	-125.77	-181.337	55.56705	10	2.925324	0.00934168	9.5654e-05	0.0124968	0.00899966	0.00135506	0.0215436	0.0244008	0.206874	0.00422008	0.0325064	0.418842	0.383401	0.727308	1.08212	1.80717	5	0.7406766
2715000	-125.3309	-180.3709	55.03997	10	0.5522374	0.0169029	0.0208971	0.00792288	0.0358738	0.0085192	0.0211818	0.0157354	0.0775454	0.0215311	0.000324742	0.655113	0.0434317	0.284657	0.854848	2.81706	5	0.881547
2716000	-132.5379	-183.3717	50.83385	10	1.114069	0.00189358	0.00778912	0.0230469	0.0335909	0.0120114	0.0211738	0.0361772	0.0023399	0.1833	0.0632821	0.720953	0.159135	0.508544	1.0166	2.31572	5	1.105558
2717000	-126.6981	-182.1439	55.44572	10	0.7520284	0.00378027	0.000623479	0.00954989	0.0202619	0.00705759	0.00938177	0.029219	0.0433559	0.103485	0.0692372	0.534159	0.0853185	0.387079	0.942722	2.58488	5	0.8301109
2718000	-129.3371	-182.7975	53.46033	10	1.081784	0.000254758	0.000476418	0.00501031	0.00293988	0.0151186	0.00409663	0.0265736	0.202396	0.0150731	0.0701319	0.530883	0.152977	0.500025	1.01233	2.33467	5	0.8729543
2719000	-127.9966	-179.2435	51.24689	10	2.173617	0.0143745	0.0125604	0.00283101	0.0318711	0.00284224	0.0239904	0.0170327	0.117093	0.0190779	0.0321968	0.552845	0.313154	0.672291	1.07378	1.94077	5	0.8267147
2720000	-125.8991	-179.7798	53.88068	10	1.421439	0.00718793	0.0213374	0.0499915	0.0174	0.00784403	0.0152402	0.0122396	0.102756	0.012832	0.0356936	0.784927	0.212927	0.574935	1.04545	2.16668	5	1.067449
2721000	-127.3987	-183.5589	56.16022	10	0.6537155	0.000254419	0.00589198	0.00191449	0.0655834	0.0011191	0.0263494	0.0174372	0.000618395	0.259582	0.0155619	0.50894	0.064343	0.340848	0.90643	2.68838	5	0.9032522
2722000	-136.7425	-182.1348	45.3923	10	0.7377227	0.0108328	0.000116604	0.0257306	0.0980116	0.0211799	0.0173855	0.0320766	0.0218137	0.0430865	0.0132614	1.05523	0.0822572	0.380798	0.938084	2.59886	5	1.338721
2723000	-147.1088	-182.4481	35.3394	2	0.7368539	0.0062118	0.0202111	0.0145876	0.00131427	0.0125844	0.0103707	0.015284	0.00884994	0.0981801	0.0737281	0.491435	0.0820712	0.380412	0.937796	2.59972	4	0.7527569
2724000	-133.966	-181.0374	47.07141	10	1.096491	0.011669	0.00741819	0.155041	0.00894966	0.0317987	0.0513768	0.023456	0.175874	0.00176193	0.0348189	0.772982	0.155794	0.50395	1.01431	2.32594	5	1.275146
2725000	-135.5804	-181.0961	45.51565	10	1.335172	0.0095742	0.0057531	0.00475499	0.0157045	0.0385851	0.0243625	0.0221621	0.171943	0.0173096	0.0200487	1.3651	0.198701	0.558605	1.03907	2.20362	5	1.695296
2726000	-127.1711	-179.9638	52.79266	10	4.171694	0.00662294	0.0153021	0.0124049	0.00943779	0.00286317	0.0508644	0.0152408	0.00510792	0.138898	0.0464484	0.432259	0.463552	0.780945	1.08434	1.67117	5	0.735449
2727000	-125.8573	-179.8067	53.94935	10	2.337581	0.0224859	0.000402912	0.00344201	0.00969462	0.000864214	0.017827	0.0258515	0.173264	0.00337171	0.0144051	0.575649	0.330496	0.686699	1.07653	1.90628	5	0.8472584
2728000	-119.9812	-180.1023	60.12111	10	2.123503	0.00622723	0.000415334	0.0158303	0.038532	0.00195581	0.0209344	0.00789549	0.0581833	0.00898831	0.0087964	0.46494	0.307585	0.667535	1.07279	1.95209	5	0.6326986
2729000	-123.4772	-181.2323	57.75513	10	1.466878	0.0335598	0.000864115	0.000430604	0.0177976	0.0176605	0.0421393	0.020916	0.151478	0.00493493	0.0202679	0.497608	0.22016	0.582949	1.04842	2.14848	5	0.807657
2730000	-122.9897	-178.2759	55.28623	10	1.319228	0.0091818	0.00022891	0.0152887	0.0186435	0.00792999	0.0387306	0.0196133	0.16279	0.00311016	0.0282704	0.600554	0.195999	0.555413	1.03777	2.21082	5	0.9043408
2731000	-135.7966	-183.1307	47.33404	10	3.707655	0.0102632	0.00336745	0.22756	0.0243591	0.0201572	0.0263793	0.0159385	0.0126499	0.02689	0.0108632	0.74978	0.437544	0.764451	1.08432	1.71368	5	1.128208
2732000	-130.1818	-189.8516	59.66985	10	0.9748348	0.0048069	0.0179697	0.0198256	0.0316073	0.000786339	0.0341365	0.0170569	0.0981548	0.00830941	0.102212	0.603709	0.131906	0.469055	0.995702	2.40334	5	0.9385749
2733000	-141.7813	-179.0899	37.30853	2	1.354478	0.0157119	7.36737e-05	0.0083179	0.00314466	0.00795013	0.0536476	0.0183775	0.100039	0.00751939	0.0458491	0.595249	0.201942	0.562395	1.0406	2.19507	4	0.8558796
2734000	-127.464	-182.9703	55.50625	10	4.576576	0.00766255	0.0137181	0.020863	0.0400188	0.0128121	0.0183207	0.0474554	0.0154452	0.0985087	0.0368453	0.517504	0.483481	0.793051	1.08395	1.63952	5	0.8291543
2735000	-133.6644	-184.9833	51.31895	10	1.264508	0.0281967	0.00990299	0.0124801	0.0473364	0.019643	0.0212269	0.0231178	0.0843931	0.025672	0.018738	0.531104	0.186549	0.544008	1.03298	2.23647	5	0.8218115
2736000	-135.8598	-181.6262	45.76643	10	0.7279666	0.00586934	0.0198502	0.0047689	0.0432674	0.0171006	0.0244182	0.014986	0.00232424	0.0894173	0.0137017	0.504995	0.0801691	0.376432	0.934807	2.60859	5	0.7406986
2737000	-119.8044	-180.3477	60.54329	10	0.7845226	0.010033	0.00253735	0.0329196	0.0142524	0.0260445	0.00353199	0.0127565	0.14966	0.0150134	0.0167011	0.635588	0.0922613	0.400827	0.952572	2.55434	5	0.919038
2738000	-129.646	-187.6742	58.02822	10	1.637984	0.00724094	0.0068706	0.078982	0.0221541	0.00860939	0.0294502	0.038648	0.148912	0.0154603	0.0483172	0.268142	0.245873	0.610021	1.05759	2.08651	5	0.6727876
2739000	-119.4587	-178.9551	59.4964	10	0.6720223	0.0132048	0.00378076	0.0343558	0.00481916	0.0128168	0.0256977	0.0150027	0.123129	0.0269348	0.03983	0.597048	0.0682251	0.350025	0.914043	2.66771	5	0.8966194
2740000	-118.5939	-180.1193	61.52541	10	1.834142	0.0073997	0.001468	0.002929	0.0194328	0.00807926	0.0225182	0.0195509	0.00492765	0.0908417	0.001085	0.457136	0.272639	0.636132	1.06523	2.026	5	0.6353685
2741000	-118.2329	-179.4693	61.23632	10	0.4050227	0.00598242	0.00806891	0.00414336	0.00102041	0.00494444	0.0418281	0.0064061	0.0659529	0.00551132	0.0359092	0.528946	0.0174456	0.185498	0.736659	3.0604	5	0.7087135
2742000	-124.5815	-179.8752	55.2937	10	2.967508	0.0219898	0.0314253	0.0201399	0.00564379	0.00215827	0.0169429	0.0116688	0.144481	0.00836048	0.0256321	0.576978	0.386733	0.729713	1.08235	1.8012	5	0.8654197
2743000	-157.1088	-185.7531	28.64424	2	4.314622	0.0112798	0.0222054	0.0091905	0.00457038	0.018908	0.080907	0.0454629	0.364431	0.0173219	0.0553694	0.680139	0.470853	0.785432	1.08423	1.65948	4	1.309786
2744000	-125.0816	-180.1073	55.02568	10	0.6004433	0.0106584	0.00378288	0.0106166	0.0272638	0.00547319	0.01085	0.00990243	0.0994287	0.00309515	0.0158971	0.526933	0.0531995	0.312518	0.881545	2.75274	5	0.7239011
2745000	-128.9534	-183.9846	55.0312	10	0.7938607	0.0191013	0.0172686	0.0200097	0.0341639	0.0107688	0.0442932	0.0408952	0.000449079	0.0759539	0.0187869	0.546486	0.0942517	0.404651	0.955239	2.54586	5	0.828177
2746000	-128.2867	-179.0583	50.77163	10	1.650414	0.0212846	0.00706071	0.0809897	0.0119703	0.0188894	0.00724581	0.0202534	0.127152	0.0284047	0.0383622	0.674721	0.247651	0.611818	1.05816	2.08237	5	1.036333
2747000	-124.5481	-178.464	53.91584	10	1.335029	0.0242897	0.00293988	0.00167416	0.0234663	0.00302373	0.0162056	0.0131621	0.115292	0.0110445	0.00190618	0.619201	0.198677	0.558577	1.03906	2.20369	5	0.8322051
2748000	-137.2905	-188.1836	50.893	10	1.825199	0.0194746	0.0353027	0.17681	0.00257427	0.0472907	0.0485958	0.0136713	0.0506592	0.00686845	0.0352561	0.94868	0.271476	0.635038	1.06493	2.02856	5	1.385183
2749000	-118.0025	-179.1879	61.18542	10	2.037915	0.0065691	0.00330177	0.00748065	0.00782227	0.000870964	0.0180657	0.0232763	0.00216738	0.0976717	0.0245389	0.27318	0.297759	0.658986	1.07091	1.97234	5	0.4649441
2750000	-140.7924	-180.3486	39.55625	10	1.154748	0.0134376	0.0143224	0.144648	0.00555972	0.000514478	0.023084	0.0341519	0.00541656	0.00702561	0.0574416	1.14313	0.166757	0.518789	1.02156	2.2929	5	1.448736
2751000	-134.4508	-186.35	51.89914	10	3.669557	0.019036	0.00335387	0.00514191	0.00079753	0.0381371	0.0055491	0.0412486	0.0286177	0.0607256	0.0950898	0.626741	0.435234	0.762947	1.08429	1.71753	5	0.9244384
2752000	-131.0065	-179.3922	48.38564	10	2.643545	0.0181709	0.00296834	0.0197364	0.00886804	0.0301099	0.0135978	0.0265796	0.0107992	0.142381	0.0301126	0.853924	0.359657	0.709664	1.08009	1.85059	5	1.157248
2753000	-126.164	-183.9569	57.79298	10	1.2488	0.0051949	0.0220343	0.0154375	0.0297503	0.0132128	0.0162507	0.0231071	0.0771011	4.35665e-05	0.0117602	0.386644	0.183785	0.540599	1.0315	2.24412	5	0.6005362
2754000	-128.8624	-181.5123	52.64982	10	2.135931	0.00621893	0.0440745	0.0151773	0.0305184	0.00947515	0.0673646	0.0192425	0.00154322	0.226231	0.0388476	0.809675	0.308978	0.668731	1.07305	1.94924	5	1.268368
2755000	-132.6923	-184.058	51.36579	10	2.245477	0.000924889	0.0335499	0.228537	0.0387294	0.0154949	0.00857849	0.0500158	0.0179655	0.00518843	0.0170371	0.967488	0.320916	0.678813	1.07507	1.9252	5	1.383509
2756000	-147.9284	-183.6603	35.7319	2	0.8787398	0.00516816	0.0462629	0.000448836	0.0518943	0.000424407	0.0274292	0.0359097	0.00828532	0.117175	0.00332999	0.607631	0.112171	0.437004	0.976593	2.47423	4	0.9039587
2757000	-122.7135	-182.2432	59.52967	10	0.4500469	0.00152084	0.00552108	0.0314794	0.0129231	0.00732888	0.035664	0.0281277	0.0574273	0.000401048	0.0304487	0.342891	0.0245465	0.21806	0.78022	2.97717	5	0.5537332
2758000	-122.1535	-177.8324	55.67885	10	2.198608	0.00629615	0.00336291	0.030376	0.0119869	0.000703044	0.0280143	0.0108046	0.0964486	0.0113039	0.0334269	0.446124	0.315883	0.674598	1.07425	1.93527	5	0.6788475
2759000	-125.3133	-181.9227	56.60931	10	0.4402461	0.0051018	0.00455848	0.081955	0.0250468	0.0336795	0.0274078	0.00394833	0.0171933	0.0246252	0.0323868	0.816375	0.0229227	0.211131	0.771402	2.99454	5	1.072278
2760000	-119.4122	-179.9296	60.5174	10	0.9551699	0.00508716	0.00452778	0.00015772	0.0253064	0.0273514	0.0145325	0.0270743	0.138689	0.011268	0.00790568	0.52184	0.127925	0.462849	0.992156	2.41707	5	0.7837404
2761000	-116.6964	-177.5386	60.84223	10	0.6765987	0.00957288	0.000522761	0.0206659	0.0181242	0.00566495	0.0216174	0.00815227	0.112055	0.00262408	0.0150662	0.396388	0.0691984	0.352276	0.915878	2.66265	5	0.6104542
2762000	-119.875	-177.9739	58.09883	10	0.9240574	0.003445	0.00395969	0.0251783	0.00468474	0.014275	0.0139593	0.0171955	0.0153016	0.124857	0.0513135	0.474284	0.121563	0.452672	0.986181	2.43958	5	0.7484538
2763000	-126.1511	-180.3789	54.22777	10	4.516445	0.00871055	0.0300027	0.00538727	0.0266342	0.00993219	0.0254928	0.0201307	0.154175	0.0316217	0.0402037	0.582119	0.480663	0.791367	1.08403	1.64394	5	0.9344097
2764000	-123.0818	-183.4033	60.32152	10	0.3713327	0.00193024	0.00277682	0.0470968	0.0312792	0.0157998	0.0219513	0.00996815	0.00468882	0.0662782	0.00677506	0.321678	0.0128052	0.16004	0.698297	3.12886	5	0.5302228
2765000	-121.1086	-181.3952	60.28656	10	2.385318	0.00531885	0.00306405	0.0398765	0.031861	0.0114297	0.0285172	0.0256806	0.111747	0.0156452	0.0104923	0.416147	0.335307	0.690593	1.0772	1.8969	5	0.6997802
2766000	-120.3639	-179.9077	59.54386	10	0.6402263	0.00342953	0.0118176	0.059309	0.00672856	0.00376799	0.00540032	0.00899252	0.00773895	0.0277988	0.0151441	0.474901	0.0614967	0.333908	0.900531	2.70406	5	0.6250281
2767000	-118.5306	-178.9644	60.43385	10	0.5743703	0.00487992	0.00227293	0.0190754	0.00541587	0.000383403	0.0257926	0.0172899	0.148609	0.0118456	0.0154219	0.375122	0.0478687	0.297722	0.867658	2.78675	5	0.6261084
2768000	-122.1504	-179.8993	57.74895	10	2.646265	0.000612084	0.00653834	0.01593	0.0139933	0.00705271	0.0233363	0.0133531	0.218714	0.00342465	0.0336427	0.673688	0.359899	0.709849	1.08011	1.85014	5	1.010285
2769000	-143.3235	-182.2997	38.97625	2	2.271033	0.00841566	0.0199621	0.00379606	0.00182495	0.00556682	0.0116285	0.0273958	0.124737	0.0400298	0.0262092	0.362473	0.323615	0.681052	1.0755	1.91984	4	0.6320388
2770000	-152.6579	-181.5556	28.89769	2	1.939608	0.0028212	0.00986685	0.211036	0.00743497	0.0131816	0.0215341	0.0135358	0.0319384	0.0293857	0.0466683	0.976491	0.285957	0.648434	1.0684	1.99721	4	1.363894
2771000	-134.122	-182.7491	48.62709	10	3.727945	0.00789096	0.00625506	0.0597592	0.00316694	0.0309863	0.0195358	0.0134964	0.174556	0.010496	0.0540897	0.423857	0.438763	0.765243	1.08434	1.71166	5	0.8040895
2772000	-130.5342	-182.9841	52.44989	10	1.225716	0.0194965	0.00632553	0.141501	0.0131578	0.0333321	0.0244968	0.0313039	0.00396303	0.0173362	0.0273757	0.871443	0.179682	0.535472	1.02924	2.25561	5	1.189732
2773000	-117.2966	-178.8516	61.55493	10	1.601174	0.00410601	0.0134896	0.0163008	0.0017951	0.00795413	0.0334199	0.01119	0.010729	0.064281	0.0396222	0.512271	0.240537	0.604574	1.05585	2.09904	5	0.7151586
2774000	-119.3517	-178.9592	59.60758	10	1.280667	0.0049038	0.00474966	0.0130664	0.00394894	0.0180163	0.024442	0.0347385	0.109269	0.0140611	0.0342216	0.598904	0.189368	0.547451	1.03445	2.22873	5	0.8603219
2775000	-135.5108	-178.7984	43.28756	10	1.913114	0.0163316	0.00224772	0.0242872	0.0288152	0.0172847	0.0351041	0.0377063	0.210058	0.00394264	0.0323344	0.818511	0.282678	0.645445	1.06766	2.00422	5	1.226623
2776000	-130.8083	-183.071	52.26263	10	1.191457	0.0134371	0.0132267	0.110586	0.00572148	0.000241111	0.0150928	0.001422	0.0962012	0.0119323	0.0558452	0.65922	0.173501	0.527599	1.02567	2.27323	5	0.9829263
2777000	-117.6972	-177.5261	59.82892	10	0.4127314	0.00986131	0.00354724	0.00450569	0.00629438	0.00772418	0.0183097	0.0144317	0.0690128	0.00672298	0.0117079	0.476382	0.0185932	0.191201	0.744698	3.04551	5	0.6285002
2778000	-124.4166	-181.6424	57.22584	10	1.737887	0.0127598	0.00730353	0.112452	0.00976295	0.0131513	0.0356757	0.0339409	0.0126214	0.0140064	0.0473242	0.60398	0.259845	0.623894	1.0618	2.05446	5	0.902978
2779000	-125.724	-180.7753	55.05131	10	1.797397	0.0212665	0.00359804	0.0642769	0.00259695	0.0130484	0.0144985	0.0108824	0.0100769	0.126846	0.0893695	0.66918	0.267829	0.631581	1.06398	2.03661	5	1.02564
2780000	-128.6472	-181.8877	53.24044	10	0.8603959	0.0194655	0.00543711	0.0276477	0.00480235	0.00965323	0.0643869	0.00351555	0.0675094	0.0148373	0.0426964	0.50952	0.10833	0.430359	0.972381	2.48893	5	0.7694711
2781000	-126.8088	-180.6708	53.86199	10	2.13221	0.00773133	0.00294263	0.0704578	0.0177365	0.00502181	0.0159342	0.00483203	0.00768416	0.0715888	0.0564919	0.612285	0.308562	0.668374	1.07297	1.95009	5	0.8727058
2782000	-137.035	-187.4887	50.45372	10	2.050282	0.0244441	0.00379852	0.165799	0.0360519	0.0251919	0.0816449	0.000439045	0.0165876	0.0451249	0.0561529	1.16838	0.299204	0.660256	1.0712	1.96934	5	1.623613
2783000	-127.1473	-185.2023	58.05508	10	0.9858902	0.00409056	0.0226475	0.00845148	0.0298448	0.013252	0.0158009	0.0345373	0.00662832	0.0992841	0.00453502	0.295675	0.13413	0.472469	0.997622	2.39578	5	0.5347466
2784000	-127.9726	-184.6272	56.65456	10	2.596039	0.0373843	0.0100684	0.00577186	0.0294477	0.0189148	0.00130583	0.00695059	0.214464	0.00790394	0.00819303	0.468722	0.355377	0.706387	1.07964	1.8586	5	0.8091267
2785000	-124.0156	-184.0167	60.00115	10	1.09146	0.0201397	0.00479833	0.0492355	0.00758706	0.0185565	0.00890719	0.0251561	0.0914938	0.000205121	0.010456	0.32394	0.154833	0.502616	1.01364	2.32891	5	0.5604753
2786000	-126.9457	-179.2051	52.25944	10	1.959177	0.00461686	0.00996674	0.0415777	0.013921	0.0149574	0.0169172	0.0135774	0.00976932	0.119913	0.0481328	0.590465	0.288352	0.650601	1.06893	1.99211	5	0.8838147
2787000	-131.7775	-185.7297	53.95227	10	0.5010623	0.00443978	0.00743842	0.04173	0.0546805	0.0150526	0.00361658	0.00339671	0.106568	0.0351531	0.0050889	0.426886	0.0335848	0.252609	0.82104	2.89277	5	0.7040503
2788000	-126.5505	-186.8766	60.32616	10	0.6541505	0.00210119	0.000399682	0.0137462	0.00257238	0.0149069	0.0168428	0.00460271	0.0154083	0.0480634	0.0942561	0.356477	0.064435	0.341069	0.906616	2.68788	5	0.5693766
2789000	-126.5337	-185.8151	59.28143	10	2.640204	0.0105927	0.00838487	0.00185871	0.00576288	0.0331073	0.0219259	0.0825059	0.0142683	0.0704636	0.0153965	0.774731	0.359359	0.709437	1.08005	1.85115	5	1.038997
2790000	-131.2108	-182.5207	51.30992	10	1.60217	0.0131309	0.0262556	0.160255	0.0185123	0.0241668	0.0265408	0.0265192	0.0720578	0.000585211	0.0499709	0.724803	0.240683	0.604724	1.0559	2.0987	5	1.142797
2791000	-128.3129	-180.5825	52.26956	10	0.8327914	0.00690799	0.00622353	0.00175045	0.0250187	0.0291448	0.0207437	0.00840715	0.0221561	0.106488	0.0322654	0.712198	0.102515	0.420008	0.965643	2.51183	5	0.9713038
2792000	-131.4158	-182.8927	51.47688	10	0.9448365	0.0113307	0.0123242	0.0746405	0.00103641	0.0103656	0.0150308	0.0355383	0.0407951	0.00370988	0.00975268	0.589274	0.12582	0.459519	0.990222	2.42444	5	0.8037982
2793000	-129.2089	-185.9813	56.77231	10	2.081892	0.00735343	0.000570396	0.123136	0.075263	0.0220917	0.0252183	0.0184383	0.0252895	0.0210047	0.00891798	0.724403	0.302858	0.663449	1.07191	1.96178	5	1.051687
2794000	-122.1518	-185.8361	63.68434	10	0.2496321	0.0115026	0.00877186	0.0203487	0.0270185	0.00548067	0.0012994	0.0215099	0.00293628	0.0747643	0.00678626	0.288554	0.00209466	0.0664244	0.500709	3.43077	5	0.4689729
2795000	-122.0755	-180.3153	58.23981	10	0.6170228	0.00787209	0.00195258	0.0551652	0.0464848	0.00587352	0.0198588	0.0114483	0.00819995	0.00427501	0.00371823	0.69685	0.0566369	0.321603	0.889761	2.732	5	0.8616981
2796000	-125.8019	-182.8479	57.04593	10	1.970477	0.0248284	0.0367932	0.0106403	0.0341096	0.00937358	0.0148176	0.0136975	0.00474173	0.0739091	0.0142115	0.550832	0.289725	0.651837	1.06923	1.9892	5	0.7879544
2797000	-127.2755	-182.2621	54.98657	10	1.512334	0.00660766	0.0299788	0.0176923	0.0106284	0.00591244	0.0114365	0.0140271	0.0426747	0.00875686	0.0726273	0.600989	0.227222	0.590597	1.05114	2.13104	5	0.821331
2798000	-127.4403	-181.6547	54.21437	10	1.477765	0.00645265	0.011146	0.04893	0.00943482	0.0409709	0.0131345	0.0319597	0.0333594	0.115676	0.0269959	0.613567	0.221867	0.584813	1.04909	2.14423	5	0.9516263
2799000	-124.6035	-183.4393	58.83583	10	0.8075504	0.0202497	0.0026347	0.0142784	0.0252683	0.00212734	0.0166757	0.00319665	0.00424019	0.0987703	0.0601375	0.453636	0.0971644	0.410156	0.959025	2.53365	5	0.7012147
2800000	-127.9672	-178.4262	50.45902	10	2.203034	0.0138492	0.000756754	0.0257971	0.0254711	0.00816814	0.00106178	0.0146742	0.0403121	0.173355	0.0330377	0.684997	0.316363	0.675002	1.07433	1.93431	5	1.02148
2801000	-121.3153	-181.8055	60.49017	10	0.1150881	0.0049134	0.00711398	0.0827425	0.0197124	0.0090836	0.0111122	0.00822481	0.00622118	0.000193007	0.00245286	0.376772	3.23356e-06	0.00266771	0.136373	3.86096	5	0.5285425
2802000	-139.5709	-181.4421	41.87121	10	1.121257	0.020194	0.0029789	0.0193515	0.0661302	0.00191194	0.060864	0.0351886	0.00225322	0.0638511	0.0141228	1.16185	0.160493	0.510393	1.01751	2.31161	5	1.448701
2803000	-131.9471	-182.1331	50.18602	10	2.238808	0.00399832	0.0127088	0.0472921	0.00518193	0.0192101	0.0351355	0.0109511	0.0203293	0.0616296	0.105464	0.821056	0.320207	0.678222	1.07496	1.92661	5	1.142957
2804000	-129.7765	-184.2317	54.45518	10	1.957133	0.0168949	0.0021769	0.121036	0.00341778	0.00730686	0.0132071	0.00493523	0.0226585	0.00508101	0.0358794	0.482229	0.288103	0.650376	1.06888	1.99264	5	0.7148221
2805000	-146.5007	-184.363	37.86224	2	1.809912	0.0135316	0.00383387	0.135299	0.0083497	0.0264878	0.0194467	0.0211022	0.0398932	0.00915544	0.0198306	0.485639	0.269477	0.633148	1.06441	2.03296	4	0.7825691
2806000	-127.3325	-184.0026	56.67014	10	1.193322	0.0272352	0.0275206	0.0364786	0.0289193	0.00154706	0.0415883	0.0289208	0.194994	0.00245399	0.0268177	0.534242	0.173841	0.528036	1.02588	2.27225	5	0.9507183
2807000	-153.3789	-186.0563	32.67735	2	2.352757	0.00871169	0.000840927	0.0425048	0.0464979	0.00337799	0.0114959	0.0243837	0.0199764	0.105725	0.0312803	0.646674	0.332037	0.68795	1.07675	1.90327	4	0.9414688
2808000	-128.8796	-181.2387	52.35906	10	2.006208	0.0232404	0.00926224	0.0863875	0.00201006	0.00705728	0.0398665	0.0109247	0.221805	0.0231466	0.0238445	0.557615	0.294015	0.655672	1.07014	1.98017	5	1.00516
2809000	-122.46	-178.6632	56.20324	10	0.56986	0.0108245	0.000897917	0.0132288	0.00609606	0.00105128	0.0286426	0.0136935	0.0142773	0.0497968	0.0238976	0.693122	0.0469573	0.295098	0.865127	2.79282	5	0.8555287
2810000	-115.3128	-175.5653	60.25255	10	0.2511729	0.00383143	0.000709625	0.00298327	0.00219013	0.00718086	0.014727	0.00941445	0.000863224	0.0543717	0.0189471	0.48603	0.00216687	0.0675383	0.503953	3.42634	5	0.6012486
2811000	-128.0206	-177.8596	49.839	10	4.982721	0.0194861	0.00434364	0.000451903	0.015614	0.019555	0.042714	0.00268638	0.0329599	0.236758	0.0510562	0.898054	0.501358	0.803545	1.08333	1.61176	5	1.323679
2812000	-125.5573	-180.9364	55.37906	10	0.8568651	0.00551265	0.0049931	0.045774	0.016363	0.0334585	0.0120785	0.00894748	0.0636134	0.00631507	0.0274606	0.531233	0.107589	0.429059	0.971546	2.49181	5	0.7557488
2813000	-147.721	-182.4099	34.68887	2	1.769334	0.00908191	0.0322676	0.0200257	0.0336451	0.00642437	0.0117079	0.00621476	0.019378	0.108587	0.0202814	0.663186	0.264094	0.628007	1.06298	2.04492	4	0.9307996
2814000	-147.3319	-183.0707	35.7388	2	0.4500941	0.00419402	0.0120208	0.0266634	0.0077026	0.0374212	0.0114796	0.0113916	0.18101	0.00127179	0.0376125	0.57119	0.0245544	0.218093	0.780261	2.97709	4	0.9019577
2815000	-148.3965	-182.0906	33.69413	1	0.9740303	0.0144426	0.000131453	0.00559794	0.00541057	0.00650367	0.00887652	0.01661	0.0817018	0.0123351	0.0318618	0.433854	0.131743	0.468804	0.99556	2.40389	3	0.6173251
2816000	-148.5956	-179.0643	30.46873	2	1.427095	0.0130915	0.000564575	0.0162887	0.00210396	0.00430345	0.035922	0.00995232	0.249109	0.00123341	0.0654984	0.892778	0.213837	0.575954	1.04584	2.16437	4	1.290846
2817000	-126.9275	-179.5544	52.62687	10	1.598759	0.00701974	0.00587847	0.0228924	0.0499705	0.0109302	0.0204899	0.0298591	0.232651	0.015679	0.0156969	0.912669	0.240183	0.60421	1.05573	2.09988	5	1.323736
2818000	-123.0211	-178.7425	55.72146	10	0.9986786	0.00404301	0.00944261	0.036016	0.0484883	0.0251042	0.00409808	0.0145475	0.0238783	0.0650025	0.00251701	1.00423	0.13669	0.476354	0.999781	2.38717	5	1.23737
2819000	-129.6255	-182.6159	52.99042	10	1.026859	0.00459058	0.00131821	0.126492	0.00230553	0.00401167	0.0221156	0.0103072	0.122373	0.00130754	0.0285898	0.352889	0.142282	0.484679	1.00431	2.36873	5	0.6762998
2820000	-129.9143	-184.4711	54.55682	10	3.020375	0.0214829	0.00981077	0.0374527	0.00178811	0.00905259	0.0324303	0.0212571	0.00781198	0.0242263	0.0389422	0.513104	0.390832	0.73265	1.08261	1.7939	5	0.7173592
2821000	-122.4933	-180.4752	57.98187	10	0.7070726	0.00766955	0.0102754	0.0353293	0.0271311	0.00248812	0.00969159	0.0120155	0.0265509	0.0952175	0.0487114	0.58497	0.0756996	0.366848	0.927461	2.62999	5	0.8600499
2822000	-126.1949	-181.271	55.07601	10	1.492077	0.0129199	0.0122529	0.0251379	0.00214936	0.0180055	0.00805499	0.0110654	0.00180533	0.13864	0.0213712	0.382346	0.224096	0.587232	1.04995	2.13872	5	0.6337491
2823000	-122.8729	-182.9868	60.11394	10	0.9311489	0.00399788	0.00400454	0.0370766	0.00896596	0.0121804	0.0297504	0.0106232	0.0208081	0.0245186	0.0427478	0.346288	0.12302	0.455032	0.987584	2.43436	5	0.5409619
2824000	-132.5144	-182.797	50.28266	10	0.8196037	0.0307298	0.0121377	0.138555	0.0214608	0.0345194	0.028397	0.0284568	0.00262956	0.00156856	0.050044	1.04485	0.0997229	0.414908	0.962242	2.52313	5	1.393348
2825000	-125.2182	-180.0661	54.84794	10	0.4994528	0.0126695	0.00641108	0.00346513	0.0365167	0.00379565	0.0325135	0.0221128	0.0885313	0.018314	0.0321999	0.727797	0.0332864	0.251559	0.81987	2.89529	5	0.9843264
2826000	-124.1258	-180.5002	56.37437	10	0.9040256	0.00972113	0.0125404	0.0171463	0.0304217	0.00029796	0.0032234	0.0276785	0.0223244	0.117455	0.00240538	0.812305	0.117429	0.445874	0.98208	2.45462	5	1.055519
2827000	-124.0819	-179.0335	54.95161	10	2.354788	0.018556	0.000616268	0.0364021	0.037945	0.0135442	0.00262526	0.0306031	0.0194622	0.172192	0.013494	0.600582	0.332242	0.688117	1.07677	1.90287	5	0.9460226
2828000	-126.7196	-181.3551	54.63549	10	3.01616	0.0265103	0.00808425	0.0395308	0.0147163	0.00223427	0.0227216	0.0271317	0.0218529	0.253651	0.0250333	0.45091	0.390508	0.732419	1.08259	1.79448	5	0.8923767
2829000	-114.6966	-179.2733	64.57666	10	0.2398258	0.0014965	0.00155365	0.000851123	0.0103207	0.0107455	0.0331841	0.0151566	0.00174954	0.0782764	0.0152612	0.395416	0.00167102	0.0594471	0.479533	3.45935	5	0.5640111
2830000	-127.8303	-184.3087	56.47832	10	1.534897	0.00330912	0.00227917	0.0380402	0.0972157	0.0174204	0.0453333	0.0380932	0.0375864	0.156523	0.000387264	0.720951	0.230663	0.594264	1.05241	2.12267	5	1.157139
2831000	-128.3294	-183.8639	55.53449	10	0.8210654	0.0129022	0.0283506	0.14631	0.0654045	0.0153684	0.00618999	0.00850849	0.000580661	0.0774914	0.00272658	0.934458	0.100033	0.415479	0.962625	2.52186	5	1.298291
2832000	-133.6865	-183.8998	50.2133	10	0.4280948	0.00804725	0.0299241	0.0234303	0.00150365	0.0178642	0.00137087	0.0552231	0.0778737	0.0160864	0.0466373	1.18978	0.0209674	0.202413	0.759976	3.01664	5	1.467744
2833000	-119.7614	-182.2663	62.50493	10	0.6438957	0.00602975	0.0027858	0.00941313	0.0201505	6.61071e-05	0.0161114	0.0468109	0.110162	0.0204547	0.0314718	0.352375	0.0622696	0.335811	0.902161	2.69976	5	0.6158314
2834000	-125.2369	-177.718	52.48118	10	1.14685	0.0122691	0.000852954	0.0488521	0.0202247	0.0244081	0.0245603	0.01158	0.0102329	0.116037	0.0399702	0.893316	0.165289	0.516841	1.02063	2.29724	5	1.202304
2835000	-119.6437	-180.0293	60.38565	10	0.5971399	0.0262094	0.00384633	0.000841894	0.0298306	0.00523497	0.014944	0.00900652	0.00430142	0.104002	0.00157977	0.383113	0.0525187	0.310679	0.879853	2.75695	5	0.58291
2836000	-135.5934	-182.4617	46.86835	10	1.156064	0.0375458	0.0128421	0.0786159	0.0301583	0.0275146	0.000112345	0.0118516	0.311373	0.0343878	0.0229489	0.876962	0.167001	0.519112	1.02171	2.29217	5	1.444313
2837000	-125.0723	-183.0597	57.98737	10	3.53899	0.00849268	0.0142918	0.106596	0.0491882	0.0226537	0.0284935	0.0107611	0.000922355	0.0349212	0.0241765	0.665556	0.427092	0.757589	1.08414	1.73118	5	0.966053
2838000	-122.8958	-180.1486	57.2528	10	1.346117	0.00434126	0.0108728	0.0483321	0.042247	0.0229547	0.0185047	0.0272952	0.0840615	0.00835467	0.00427135	0.593238	0.200542	0.560763	1.03994	2.19875	5	0.8644733
2839000	-138.6857	-184.3076	45.62192	10	2.561477	0.0126279	0.0153952	0.0644206	0.0408756	0.0288089	0.11363	0.0444097	0.00615204	0.11836	0.0529979	1.24314	0.352209	0.70394	1.07929	1.86456	5	1.740816
2840000	-120.6086	-179.5579	58.9493	10	1.199424	0.00465032	0.0160556	0.124157	0.00212376	0.00219969	0.0196304	0.0177775	0.10249	0.00395413	0.0581425	0.616594	0.174949	0.529459	1.02653	2.26907	5	0.9677753
2841000	-117.6535	-179.3932	61.73973	10	1.657803	0.00174018	0.00252893	0.00221966	0.017083	0.00593757	0.0294253	0.0235178	0.0124102	0.187209	0.0311385	0.357763	0.248703	0.612876	1.05849	2.07994	5	0.6709729
2842000	-127.0881	-182.5664	55.47822	10	1.156256	0.0106927	0.000674962	0.118861	0.0335294	0.00523784	0.00804901	0.0208012	0.0441418	0.00594835	0.0171837	0.672776	0.167036	0.519159	1.02173	2.29207	5	0.9378956
2843000	-128.3191	-183.7455	55.4264	10	1.004266	0.0260777	0.010228	0.0736644	0.00719645	0.00470558	0.0108506	0.0249851	0.0932413	0.00577887	0.0489001	0.368105	0.137804	0.47803	1.0007	2.38346	5	0.6737329
2844000	-119.0926	-180.2349	61.14223	10	1.428896	0.0149052	0.0091385	0.0305481	0.00198517	0.0040409	0.0432978	0.021044	0.00339538	0.158003	0.0250248	0.431292	0.214127	0.576277	1.04596	2.16364	5	0.7426745
2845000	-122.803	-178.9838	56.18072	10	1.155148	0.0117957	0.00197014	0.0293061	0.0424062	0.00807398	0.0307809	0.0187726	0.00548271	0.130802	0.00465769	0.712282	0.166831	0.518887	1.02161	2.29268	5	0.9963299
2846000	-125.0703	-181.3215	56.25116	10	0.5271524	0.0158612	0.00185303	0.00622464	0.0145331	0.0116786	0.0409219	0.00412929	0.203334	0.00285497	0.0514703	0.651319	0.038524	0.269272	0.839062	2.85314	5	1.00418
2847000	-121.9788	-181.2641	59.28529	10	0.5119956	0.0065926	0.00766208	0.0095357	0.0121379	0.00904569	0.0170877	0.00958538	0.00753439	0.170527	0.00911722	0.460483	0.035632	0.259675	0.828804	2.87589	5	0.7193083
2848000	-134.9065	-183.5936	48.68701	10	0.6744774	0.0193598	0.0273178	0.00535449	0.00638829	0.00809093	0.0451583	0.00968946	0.00387008	0.0577152	0.0183261	0.635297	0.0687471	0.351235	0.91503	2.66499	5	0.836568
2849000	-119.2913	-180.8094	61.51805	10	0.937781	0.0122358	0.00569806	0.0347546	0.0309797	0.0127755	0.0112573	0.000912485	0.0257871	0.0841428	0.000754795	0.484824	0.124378	0.457217	0.988874	2.42953	5	0.7041223
2850000	-122.5867	-177.2987	54.71204	10	0.7343277	0.0111879	0.00529663	0.014283	0.00137916	0.00527223	0.00515467	0.012546	0.164067	0.0127254	0.0502315	0.54921	0.0815306	0.379287	0.936954	2.60223	5	0.8313543
2851000	-122.4211	-178.0241	55.603	10	1.261975	0.0195578	0.000478872	0.026914	0.0041678	0.00614504	0.00766438	0.0150346	0.108921	0.0295046	0.0616966	0.605738	0.186105	0.543462	1.03274	2.23769	5	0.8858232
2852000	-137.778	-188.2616	50.48367	10	2.112366	0.0172586	0.0158648	0.0379667	0.0575092	0.0643599	0.00700873	0.0475544	0.168273	0.0104112	0.00932063	0.649979	0.306329	0.666454	1.07256	1.95465	5	1.085506
2853000	-124.9602	-183.9449	58.98475	10	2.347531	0.00117425	0.0396485	0.030967	0.00274432	0.0160485	0.0211429	0.0333521	0.0177434	0.174463	0.0615394	0.431599	0.331508	0.687521	1.07667	1.9043	5	0.8304221
2854000	-124.0317	-178.3399	54.30814	10	0.5916001	0.00660655	0.00239282	0.000669982	0.0110943	0.000392715	0.0238344	0.0174901	0.00473758	0.0992824	0.0231471	0.242946	0.0513803	0.307571	0.876972	2.76408	5	0.4325935
2855000	-124.4592	-179.0842	54.625	10	1.90019	0.000769244	0.00352569	0.00731359	0.0322504	0.00805537	0.0269558	0.0227945	0.0137396	0.133629	0.0774141	0.911167	0.281062	0.643962	1.06728	2.0077	5	1.237614
2856000	-131.2699	-182.785	51.51513	10	1.568606	0.0150701	0.0112166	0.0825251	0.0808118	0.020333	0.010083	0.0514394	0.00284237	0.15895	0.00494339	0.832959	0.235729	0.599591	1.05421	2.11047	5	1.271174
2857000	-125.8116	-177.9158	52.10422	10	0.6276657	0.00764478	0.00670274	0.0506138	0.0196859	0.0126837	0.0185025	0.0111312	0.0711052	0.000970039	0.00769085	0.673519	0.0588596	0.327305	0.894802	2.71903	5	0.88025
2858000	-126.107	-182.8838	56.77677	10	2.581618	0.0270955	0.0118324	0.00761464	0.0248108	0.0200127	0.0242804	0.0153777	0.0159782	0.149591	0.0239721	0.371474	0.354061	0.705372	1.0795	1.86107	5	0.69204
2859000	-128.2896	-185.2602	56.97052	10	0.2802912	0.00101999	0.0233776	0.084512	0.0161256	0.000912445	0.0518283	0.0119131	0.000136101	0.00774644	0.0301268	0.624402	0.00383306	0.0892797	0.561171	3.34572	5	0.8521001
2860000	-127.3037	-185.4018	58.09804	10	1.176652	0.0127251	0.00390786	0.0360293	0.00982166	0.0220974	0.0453763	0.021838	0.0918378	0.00909695	0.00386832	0.483825	0.170796	0.524094	1.02405	2.28106	5	0.7404239
2861000	-125.1273	-178.944	53.81674	10	1.816098	0.00472428	0.00684804	0.0122946	0.00253511	0.0245177	0.0140169	0.00684011	0.0029065	0.181094	0.0435778	0.6356	0.270288	0.633915	1.06462	2.03117	5	0.9349548
2862000	-119.5412	-185.3556	65.81442	10	0.615875	0.00527935	0.0010066	0.0504487	0.0188431	0.00542786	0.0304762	0.0117824	0.00295877	0.00369556	0.0118809	0.299895	0.0563979	0.320982	0.889207	2.73341	5	0.4416946
2863000	-123.4876	-182.7826	59.295	10	0.4708038	0.00652432	0.0324411	0.0177735	0.000630083	0.00116418	0.00724212	0.0136024	0.0066223	0.0722769	0.0504976	0.337276	0.0281125	0.232429	0.797804	2.94165	5	0.5460506
2864000	-131.6221	-180.094	48.47189	10	6.427811	0.00877002	0.00031089	0.0470396	0.0180659	0.000564066	0.0287156	0.0313079	0.217297	0.00232658	0.0787983	0.588746	0.552379	0.831734	1.08028	1.5356	5	1.021942
2865000	-126.8286	-181.0061	54.17746	10	2.579784	0.00764928	0.00127107	0.0332012	0.0328451	0.0185114	0.0109156	0.00364175	0.240292	0.00632528	0.00132766	0.615046	0.353893	0.705243	1.07948	1.86139	5	0.9710262
2866000	-121.4679	-179.485	58.01715	10	1.40308	0.00825191	0.00224945	0.0393055	0.0781742	0.00276898	0.020948	0.0156482	0.222578	0.0236026	0.00381771	0.741703	0.209955	0.571587	1.04418	2.17427	5	1.159048
2867000	-136.7392	-185.624	48.88483	10	3.660862	0.0248858	0.00263154	0.0202203	0.049749	0.00426372	0.0315265	0.0500954	0.017191	0.049889	0.0275935	0.55516	0.434702	0.7626	1.08428	1.71842	5	0.8332055
2868000	-129.74	-179.7572	50.01714	10	2.244571	0.0234495	0.00238728	0.00465564	0.0469155	0.000551047	0.0279705	0.0122761	0.094041	0.0141105	0.0124462	0.489603	0.32082	0.678733	1.07506	1.92539	5	0.728406
2869000	-153.461	-187.5623	34.1013	2	2.942188	0.00472628	0.0232668	0.0672072	0.0698445	0.00885525	0.0395349	0.0683427	0.0268106	0.0832739	0.000389777	0.543102	0.384739	0.728276	1.08222	1.80477	4	0.9353535
2870000	-148.743	-183.3153	34.57223	2	0.718606	0.0134472	0.00396598	0.013193	0.017732	0.0210371	0.01954	0.0348329	0.0037124	0.0787776	0.00574877	0.588814	0.0781661	0.372178	0.931573	2.61808	4	0.8008007
2871000	-138.4619	-184.6941	46.23218	10	1.992798	0.0253244	0.0297847	0.133308	0.0188242	0.0197122	0.00984009	0.0228095	0.0077929	0.000385386	0.0555007	0.914794	0.292413	0.654246	1.06981	1.98353	5	1.238076
2872000	-125.9598	-183.2841	57.32434	10	1.495221	0.024019	0.0151483	0.0847997	0.0210897	0.0117472	0.0322665	0.0030198	0.0272029	1.39745e-05	0.0331587	0.761474	0.224583	0.587759	1.05014	2.13752	5	1.01394
2873000	-133.2767	-183.7041	50.42741	10	1.01546	0.0143769	0.0771665	0.0534639	0.00974865	0.000788892	0.0131038	0.0146183	0.15105	0.00488298	0.0326975	0.798258	0.140028	0.48135	1.00252	2.37611	5	1.170155
2874000	-157.5312	-182.6032	25.07195	1	1.725266	0.0132358	0.0214726	0.119502	0.0350535	0.0208149	0.0438653	0.00725465	0.00733354	0.00754652	0.0229211	1.10542	0.258119	0.62221	1.06131	2.05836	3	1.404419
2875000	-147.9756	-181.3998	33.42419	2	1.082865	0.0104959	0.0128618	0.00465605	0.00911301	0.0279519	0.0295469	0.00429055	0.0129082	0.199218	0.0217348	0.659937	0.153185	0.500316	1.01248	2.33402	4	0.9927136
2876000	-121.19	-177.1854	55.99536	10	0.5846145	0.0075697	0.004899	0.00531608	0.00129442	0.0160809	0.012802	0.00152136	0.158875	0.00480845	0.0258161	0.879562	0.0499511	0.303611	0.873262	2.77318	5	1.118545
2877000	-128.9286	-179.7339	50.80527	10	1.100821	0.0205702	0.013716	0.101275	0.0388953	0.00923496	0.00935795	0.00809237	0.0109181	0.111413	0.00858727	0.941774	0.15662	0.505091	1.01488	2.3234	5	1.273834
2878000	-155.4727	-188.4819	33.00918	2	1.16641	0.0667949	0.016018	0.000292386	0.0510809	0.0129042	0.0207421	0.0154037	0.112475	0.00638728	0.0487466	0.775836	0.168913	0.521631	1.0229	2.28655	4	1.126681
2879000	-130.5447	-183.8384	53.29366	10	1.912364	0.0173068	0.0152508	0.144183	0.0275725	0.0125747	0.0146104	0.0369537	0.00900257	0.0293548	0.0374221	0.854683	0.282584	0.645359	1.06763	2.00442	5	1.198914
2880000	-123.9132	-180.9979	57.08465	10	2.745443	0.0143128	0.00962913	0.0462933	0.0427466	0.0192107	0.00594155	0.0325566	0.013625	0.105336	0.0031677	0.632465	0.368557	0.716383	1.08093	1.83413	5	0.9252843
2881000	-125.6381	-181.7428	56.10465	10	0.774423	0.0222819	0.000299235	0.0486055	0.00547099	0.0122443	0.0602859	0.0277817	0.0900486	0.00920384	0.0245377	0.53245	0.0901058	0.396629	0.949608	2.56366	5	0.8332098
2882000	-133.4302	-182.4844	49.05416	10	1.603041	0.0120544	0.00734315	0.0315731	0.0128665	0.00800484	0.00256927	0.0297837	0.0321313	0.0551061	0.0721433	0.834593	0.24081	0.604855	1.05594	2.09839	5	1.098168
2883000	-117.6892	-178.3899	60.70067	10	2.366516	0.0128532	0.00674655	0.0352499	0.0075196	0.0118227	0.0186238	0.00549906	0.0957856	0.0172361	0.0345435	0.525938	0.333424	0.689074	1.07694	1.90056	5	0.7718183
2884000	-128.3917	-183.8358	55.44402	10	1.185603	0.00353707	0.00535642	0.112096	0.0207702	0.0216941	0.0496276	0.021112	0.00512864	0.0129508	0.0080778	0.721961	0.172434	0.52622	1.02504	2.27631	5	0.9823121
2885000	-147.0462	-182.8936	35.84733	2	2.654772	0.00691413	0.0255676	0.0775164	0.0261178	0.00899868	0.0295429	0.0205224	0.172901	0.00439416	0.0610714	0.624182	0.360656	0.710425	1.08019	1.84873	4	1.057729
2886000	-135.4931	-184.5234	49.03034	10	0.867784	0.00764461	0.00153962	0.125908	0.0463287	0.0111352	0.00516195	0.0115636	0.0310584	0.00552622	0.00133748	0.56388	0.10988	0.433057	0.974102	2.48296	5	0.8110839
2887000	-123.1615	-181.66	58.49844	10	1.201953	0.0290599	0.00930646	0.139546	0.019836	0.00266748	0.018524	0.0136269	0.013124	0.0618621	0.012443	0.691544	0.175407	0.530046	1.02679	2.26775	5	1.01154
2888000	-122.5924	-175.8747	53.28235	10	0.500899	0.00469985	0.00746519	0.0229629	0.0127596	0.0081623	0.0124473	0.0113276	0.0106266	0.128656	0.026819	1.28591	0.0335545	0.252502	0.820922	2.89302	5	1.531834
2889000	-122.4698	-181.396	58.92621	10	1.467286	0.0349858	0.00146101	0.00133917	0.00225046	0.00624194	0.0199866	0.0137052	0.135925	0.0227468	0.0758139	0.516455	0.220224	0.583019	1.04844	2.14832	5	0.830911
2890000	-131.517	-183.3959	51.87895	10	2.177347	0.00695884	0.000859661	0.106722	0.00351473	0.00223854	0.00835377	0.0315015	0.155864	0.0214127	0.0293882	0.472279	0.313564	0.672638	1.07385	1.93994	5	0.8390929
2891000	-117.8857	-177.775	59.88927	10	0.3992361	0.00460658	0.00744809	0.0435505	0.00864824	0.00159462	0.0130342	0.00739486	0.00651721	0.143255	0.0394174	0.70254	0.0166044	0.181185	0.730453	3.07176	5	0.9780067
2892000	-130.4721	-184.6141	54.142	10	1.363963	0.0188599	0.00752366	0.0710537	0.0578049	0.0154127	0.0141312	0.012162	0.0218176	0.019604	0.0155588	0.684926	0.203522	0.564227	1.04132	2.19093	5	0.9388547
2893000	-130.8248	-180.1413	49.31646	10	1.465819	0.00997886	0.00140563	0.0960711	0.0184616	0.000156796	0.0174896	0.0198773	0.00248021	0.100451	0.0587513	0.663565	0.219994	0.582766	1.04835	2.14889	5	0.9886885
2894000	-121.0913	-182.6633	61.57202	10	0.3231547	0.00692411	0.00304404	0.0405438	0.00344386	0.0211859	0.00229226	0.0120888	0.000763269	0.00965678	0.00992613	0.495457	0.00736041	0.122586	0.632715	3.23734	5	0.6053264
2895000	-129.1479	-182.7558	53.60791	10	1.333609	0.016159	0.0195239	0.00560082	0.104634	0.0176323	0.0197453	0.00296849	0.120485	0.0289687	0.00249659	0.801527	0.198437	0.558295	1.03895	2.20432	5	1.139741
2896000	-123.6959	-177.0322	53.33632	10	0.5639919	0.00511601	0.00526634	0.0013752	0.0239636	0.010705	0.00223905	0.0206071	0.0306552	0.103588	0.0170629	0.599789	0.0457769	0.291654	0.861775	2.80079	5	0.8203675
2897000	-121.1521	-182.4764	61.32431	10	1.297392	0.00118377	0.00191675	0.0314168	0.0421323	0.00548568	0.0210045	0.0173657	0.00169822	0.0947454	0.0358059	0.343778	0.19226	0.550947	1.03592	2.22087	5	0.5965329
2898000	-128.5255	-185.2752	56.74964	10	3.392875	0.0062435	0.0124088	0.0283639	0.00126794	0.0188321	0.0311925	0.0269381	0.278699	0.00459116	0.0444197	0.37188	0.417543	0.751196	1.08387	1.74739	5	0.8248367
2899000	-163.7675	-194.0183	30.25083	1	0.9327997	0.0130163	0.00244696	0.0985623	0.0545415	0.00113599	0.0992179	0.0572484	0.0560237	0.0118129	0.0193514	0.552421	0.123358	0.455577	0.987907	2.43316	3	0.965778
2900000	-148.5458	-185.0982	36.55232	2	0.527525	0.00222634	0.00221026	0.0299792	0.00974258	0.00977411	0.0233954	0.0112801	0.0119323	0.0798788	0.0103432	0.36725	0.0385958	0.269506	0.839307	2.85259	4	0.5580118
2901000	-135.8432	-180.6895	44.84631	10	2.978942	0.00244008	0.0061775	0.00306898	0.0252873	0.0047168	0.0010218	0.0178541	0.00545028	0.193939	0.0193305	0.542752	0.387626	0.730355	1.08241	1.79961	5	0.8220378
2902000	-145.3198	-180.1072	34.78741	2	0.558985	0.0179549	0.0030029	0.0140291	0.0385331	0.00600955	0.00766802	0.00530904	0.0122557	0.0990552	0.0136414	0.690189	0.0447747	0.28869	0.858859	2.80768	4	0.9076476
2903000	-124.4915	-183.8563	59.36483	10	0.8103286	0.00818283	0.0235219	0.0527502	0.00876496	0.000779769	0.027179	0.0124409	0.0809265	0.00971853	0.0244604	0.321519	0.0977546	0.411259	0.959776	2.53121	5	0.5702442
2904000	-128.5719	-181.5537	52.98182	10	2.412893	0.00916085	0.00240948	0.0113649	0.00414216	0.0128531	0.0552227	0.0414175	0.0877603	0.0144147	0.0353466	0.536645	0.338039	0.692785	1.07757	1.89161	5	0.8107375
2905000	-123.2242	-177.7539	54.52968	10	0.5880741	0.0129029	0.00104081	0.00893778	0.0288663	0.0110627	0.0049644	0.00996327	0.122612	0.0141968	0.00612367	0.586831	0.050658	0.305578	0.875111	2.76865	5	0.8075014
2906000	-123.3654	-182.0105	58.64506	10	2.584478	0.000362866	0.00969792	0.00633149	0.00620635	0.0184956	0.00972128	0.0261058	0.0506618	0.0145886	0.0351013	0.35557	0.354322	0.705574	1.07953	1.86058	5	0.5328434
2907000	-136.3286	-185.6788	49.3502	10	2.140956	0.040497	0.00766158	0.0797934	0.00959301	0.00941277	0.0435945	0.00333118	0.0413485	0.00492547	0.0441273	0.543966	0.309539	0.669212	1.07315	1.9481	5	0.828251
2908000	-121.8765	-180.1435	58.26698	10	1.539621	0.00563766	0.011813	0.0262639	0.00658789	0.00863329	0.00709144	0.00717704	0.091619	0.0148561	0.044018	0.41545	0.231379	0.595021	1.05267	2.12093	5	0.6391469
2909000	-128.5308	-181.3096	52.77885	10	0.7367421	0.0270746	0.0092122	0.0144297	0.0198398	0.0182709	0.0186883	0.0234138	0.00541162	0.107062	0.0326478	0.621144	0.0820473	0.380362	0.937758	2.59983	5	0.8971957
2910000	-131.6237	-178.8577	47.23396	10	1.950307	0.0102967	0.00326503	0.0442117	0.00260623	0.0199895	0.018376	0.0130549	0.260273	0.0170199	0.0676081	0.98777	0.28727	0.649623	1.06869	1.99441	5	1.444471
2911000	-124.199	-179.9102	55.71112	10	0.6431658	0.0119086	0.00448649	0.059209	0.0103699	0.0101166	0.00910599	0.0252588	0.0145681	0.0709277	0.0498384	0.515582	0.0621158	0.335433	0.901839	2.70061	5	0.7813714
2912000	-130.6673	-182.515	51.84771	10	2.047578	0.0366752	0.0040226	0.0743182	0.0088512	0.0145265	0.0504806	0.0180346	0.0230966	0.221373	0.0333007	0.653638	0.298889	0.659979	1.07114	1.97	5	1.138317
2913000	-124.921	-180.8815	55.96046	10	1.14638	0.0185216	0.00880984	0.00739611	0.0345334	0.00174541	0.0249499	0.00939147	0.12568	0.0083275	0.0380577	0.525021	0.165202	0.516724	1.02057	2.2975	5	0.8024335
2914000	-128.5035	-181.1096	52.60608	10	0.4896981	0.0154763	0.00287777	0.0248886	0.0198065	0.0287241	0.0102238	0.0219964	0.0254477	0.070758	0.0218012	0.648799	0.0314946	0.245137	0.812625	2.91074	5	0.8907988
2915000	-142.0436	-183.8435	41.79995	10	0.9540694	0.000399903	0.00182208	0.0328046	0.0722321	0.0257101	0.0167558	0.00677176	0.0754701	0.00664302	0.0150581	0.717032	0.127701	0.462497	0.991952	2.41785	5	0.9706995
2916000	-132.7782	-182.6665	49.88837	10	2.295058	0.00211335	0.0217787	0.0618674	0.0393593	0.00410337	0.0480428	0.0332919	0.00776394	0.0297456	0.0486154	1.0268	0.326123	0.683121	1.07588	1.91487	5	1.323485
2917000	-128.0664	-181.2905	53.22408	10	0.7423159	0.0139129	0.000804628	0.102597	0.0129204	0.000784527	0.0679786	0.005342	0.0202534	0.0527259	0.0128222	1.13902	0.0832402	0.38283	0.939594	2.59434	5	1.429164
2918000	-140.6383	-187.8522	47.21389	10	0.627802	0.00615221	0.0115991	0.387273	0.0377273	0.0235665	0.0461615	0.0128177	0.0491631	0.0220027	0.0170718	1.13832	0.0588881	0.327378	0.894866	2.71887	5	1.75186
2919000	-133.1398	-184.1351	50.99527	10	0.7595903	0.00607513	0.00500785	0.0238432	0.0730329	0.0367259	0.0264324	0.00453992	0.0270422	0.074479	0.0181535	0.663567	0.0869359	0.390341	0.945097	2.57763	5	0.9588994
2920000	-122.7863	-182.9488	60.16256	10	0.8013141	0.00446563	0.00571892	0.0396708	0.00410024	0.00818889	0.0363474	0.0261559	0.000686787	0.0244337	0.038255	0.36289	0.0958383	0.407663	0.957318	2.53918	5	0.5509133
2921000	-122.1781	-180.131	57.95288	10	1.289453	0.00516248	0.0196355	0.00691592	0.0566864	0.00413891	0.0214328	0.0217244	0.00407099	0.122955	0.00885738	0.596265	0.190891	0.549296	1.03523	2.22459	5	0.8678444
2922000	-125.6092	-182.0138	56.40464	10	3.404382	0.0401739	0.00315079	0.00943498	0.00593458	0.0260227	0.0165949	0.0193584	0.0615541	0.00185805	0.0475498	0.678744	0.418313	0.751715	1.0839	1.74608	5	0.9103758
2923000	-121.662	-177.5642	55.90222	10	0.7436772	0.00782893	0.0143643	0.0790054	0.0110976	0.00556787	0.0154128	0.0162508	0.0032152	0.0952254	0.028413	0.813589	0.0835316	0.38343	0.940038	2.593	5	1.089971
2924000	-134.7895	-184.1185	49.32895	10	0.6717458	0.00827177	0.0103836	0.125708	0.0440565	0.00220473	0.0477415	0.0205371	0.0113811	0.0306608	0.0369518	0.86735	0.0681663	0.349888	0.913931	2.66801	5	1.205247
2925000	-120.63	-179.9293	59.29931	10	1.315546	0.00496798	0.00232575	0.0458453	0.00655613	0.0112826	0.0162223	0.00546509	0.0215924	0.0635826	0.0178951	0.430706	0.195371	0.554668	1.03747	2.2125	5	0.6264407
2926000	-132.3508	-185.1621	52.81126	10	0.8499224	0.00452123	0.015447	0.0457697	0.0783636	0.010641	0.0177959	0.00381839	0.07645	0.0040811	0.013349	0.44945	0.106129	0.426483	0.969883	2.49751	5	0.7196869
2927000	-130.5853	-188.9932	58.40785	10	0.6908723	0.00433867	0.00783116	0.0936366	0.0223462	0.0157953	0.0329376	0.0121494	0.0637524	0.012283	0.0270405	0.251972	0.0722397	0.359191	0.921438	2.64713	5	0.544083
2928000	-124.3335	-182.1161	57.78262	10	1.083804	0.0145003	0.00263151	0.0179869	0.0339422	0.0269743	0.00241049	0.0127307	0.157838	0.0272019	0.00504096	0.366853	0.153365	0.500569	1.01261	2.33346	5	0.6681101
2929000	-124.9926	-179.069	54.07636	10	0.9337847	0.00291621	0.00187941	0.0640357	0.00444986	0.0278123	0.0026861	0.01558	0.0203371	0.0877443	0.0360975	0.650323	0.12356	0.455903	0.988099	2.43244	5	0.9138616
2930000	-133.4965	-190.1657	56.6692	10	0.8381765	0.0264873	0.071659	0.0810213	0.0468836	0.000147752	0.00981268	0.0118755	0.0731676	0.034023	0.00112625	0.69558	0.103652	0.422062	0.966997	2.50729	5	1.051784
2931000	-130.817	-188.9027	58.08568	10	1.708632	0.0200839	0.0585105	0.00389516	0.0543832	0.000105391	0.0268888	0.0494658	0.082112	0.0248575	0.00215924	0.524032	0.255828	0.619962	1.06064	2.06357	5	0.8464939
2932000	-151.009	-182.1036	31.09462	2	2.56037	0.0139812	0.0119325	0.116156	0.0160085	0.0285119	0.0303438	0.0131641	0.0159243	0.148229	0.0578725	0.895176	0.352106	0.703861	1.07928	1.86475	4	1.347299
2933000	-128.84	-183.9702	55.1302	10	1.514202	0.00483988	0.00289425	0.0502149	0.0761959	0.0156049	0.0582231	0.0130394	0.0361948	0.00636163	0.035043	0.901945	0.227508	0.590903	1.05124	2.13034	5	1.200556
2934000	-128.1676	-181.3579	53.19038	10	1.234361	0.00561354	0.00382182	0.0196872	0.0149842	0.010104	0.027956	0.0133986	0.168734	0.000858606	0.0524434	0.325108	0.181225	0.537409	1.0301	2.25127	5	0.6427096
2935000	-131.487	-181.7874	50.30033	10	1.345521	0.00449729	0.00803323	0.0279131	0.027326	0.0201012	0.0120207	0.0134481	0.00839295	0.420864	0.0111611	0.505739	0.200442	0.560647	1.0399	2.19901	5	1.059497
2936000	-127.8604	-184.7956	56.93513	10	1.085095	0.00374907	0.00249793	0.0812138	0.00398515	0.00522031	0.02034	0.024638	0.0111374	0.00232179	0.0232509	0.365456	0.153613	0.500915	1.01278	2.33269	5	0.5438106
2937000	-125.0954	-182.5036	57.40821	10	1.796019	0.0157659	0.00480123	0.0708104	0.0245947	0.0190341	0.0296291	0.0188787	0.0214666	0.0334012	0.0518117	0.544935	0.267647	0.631408	1.06393	2.03701	5	0.8351285
2938000	-126.7341	-179.4757	52.74151	10	0.5727061	0.00786309	0.00717256	0.0125197	0.0751189	0.0139763	0.0194031	0.0173577	0.0041513	0.108111	0.00477419	0.971579	0.047532	0.296756	0.866729	2.78898	5	1.242027
2939000	-128.6071	-181.0048	52.39775	10	0.5362505	0.0182702	0.012518	0.0800889	0.0050821	0.0195951	0.0269355	0.0106239	0.182538	0.012859	0.0465871	0.653205	0.0402876	0.274924	0.844953	2.83984	5	1.068302
2940000	-120.7555	-181.668	60.91256	10	1.451237	0.0123366	0.0127478	0.0347621	0.0206447	0.0109238	0.0242769	0.0213122	0.0999141	0.000428483	0.0597442	0.44944	0.217691	0.580233	1.04742	2.15465	5	0.7465313
2941000	-125.5996	-181.226	55.62638	10	1.682383	0.0209308	0.000801049	0.0411364	0.0224428	0.00743234	0.00756155	0.0180989	0.0387429	0.0262807	0.0231282	0.51742	0.252172	0.616344	1.05955	2.07193	5	0.7239759
2942000	-120.9126	-178.557	57.64441	10	0.9294708	0.00633933	0.0106991	0.0305471	0.033185	0.00621927	0.0219965	0.0113879	0.0127096	0.173551	0.0112567	0.565575	0.122675	0.454475	0.987254	2.4356	5	0.8834664
2943000	-121.2143	-179.2268	58.0125	10	0.749236	0.0110566	0.0059166	0.0283739	0.00844594	0.00579768	0.00770911	0.017171	0.091403	0.0316847	0.0265735	0.417061	0.0847211	0.385864	0.941832	2.58758	5	0.6511931
2944000	-139.3588	-183.204	43.84516	10	0.7593003	0.0118467	0.00594114	0.0407496	0.0153782	0.0285831	0.0356805	0.000492592	0.045181	0.00771135	0.0304153	0.881012	0.0868739	0.390217	0.945007	2.5779	5	1.102992
2945000	-130.526	-183.7875	53.26145	10	2.749942	0.0239197	0.00253431	0.0142607	0.00305058	0.0249878	0.0204895	0.0212341	0.00786432	0.165153	0.110454	0.439031	0.368942	0.71667	1.08097	1.83342	5	0.8329786
2946000	-123.1992	-178.4388	55.23957	10	0.817832	0.00326578	0.00310919	0.0163132	0.0356022	0.0194798	0.0142076	0.0306356	0.0800609	0.00168332	0.0127871	0.690888	0.0993472	0.414215	0.961776	2.52466	5	0.9080328
2947000	-118.0031	-179.7177	61.71461	10	0.5457185	0.012531	0.00475762	0.0533082	0.00890863	0.0153867	0.020426	0.00863116	0.00359637	0.008284	0.0224119	0.701746	0.042143	0.280718	0.850881	2.82626	5	0.8599874
2948000	-121.6808	-179.21	57.52916	10	0.4636823	0.00582856	0.00354061	0.00578433	0.0429098	0.00172031	0.0276765	0.026859	0.118468	0.00848876	0.00353265	0.545189	0.0268705	0.227547	0.791931	2.95365	5	0.7899972
2949000	-125.8625	-181.6696	55.80701	10	2.837887	0.0103848	0.00871048	0.0892253	0.0293005	0.0176607	0.0293376	0.0152097	0.0424908	0.0167957	0.00358345	0.669266	0.376318	0.722138	1.08159	1.81995	5	0.9319647
2950000	-144.9141	-182.2017	37.28757	2	0.5907985	0.00325332	0.00076864	0.00448626	0.0503047	0.0254555	0.00566287	0.0369114	0.00868818	0.112541	0.021329	0.581281	0.0512159	0.307119	0.876551	2.76511	4	0.8506819
2951000	-132.4586	-182.2977	49.8391	10	1.108493	0.0416415	0.0042691	0.00487437	0.00266373	0.004376	0.0193532	0.0100012	0.211351	0.039786	0.0536003	0.785429	0.158079	0.507098	1.01588	2.31894	5	1.177346
2952000	-124.5361	-180.7427	56.2066	10	0.2138174	0.016314	0.00130931	0.115885	0.0089671	0.00212514	0.00736078	0.0238913	0.00524819	0.00073775	0.0266027	0.737453	0.000829855	0.0421076	0.418749	3.53831	5	0.9458948
2953000	-149.0096	-183.9801	34.97059	2	3.240208	0.0111324	0.00788321	0.0974268	0.0228546	0.00288969	8.62887e-06	0.025369	0.0844234	0.00931323	0.0595538	0.510249	0.407031	0.744016	1.08347	1.76548	4	0.8311035
2954000	-118.5032	-179.4409	60.93767	10	0.9779731	0.00477336	0.0133646	0.0167811	0.0118891	0.00285315	0.01152	0.0210586	0.00694715	0.0864935	0.0206379	0.308457	0.132538	0.470029	0.996252	2.40118	5	0.5047753
2955000	-121.4668	-185.6981	64.23131	10	2.087815	0.0138321	0.00816218	0.0247823	0.0272019	0.00963056	0.0277144	0.0159774	0.0372294	0.000897233	0.0103704	0.271433	0.303537	0.664038	1.07204	1.96039	5	0.4472313
2956000	-127.7672	-183.3306	55.56338	10	1.907644	0.00968798	0.0116582	0.0593409	0.0126436	0.0491885	0.0273264	0.0182094	0.0166595	0.0660892	0.022309	0.688056	0.281995	0.644819	1.0675	2.00569	5	0.9811689
2957000	-126.6593	-179.7325	53.07325	10	1.431653	0.00825991	0.0202551	0.0334374	0.0144548	0.00435622	0.0249351	0.0210379	0.0206462	0.158063	0.0274673	0.515272	0.214569	0.57677	1.04614	2.16252	5	0.8481858
2958000	-129.0219	-185.2472	56.22531	10	0.9304414	0.00360292	0.00419824	0.0628448	0.0658943	0.0153772	0.0276882	0.00875753	0.03785	0.018871	0.00363055	0.458303	0.122875	0.454797	0.987445	2.43488	5	0.7070182
2959000	-128.9989	-185.3747	56.37579	10	0.7709334	0.0231555	0.003118	0.00904393	0.0165053	0.00353382	0.0290115	0.0257696	0.0275629	0.261546	0.0818448	0.508632	0.0893604	0.395163	0.948564	2.56691	5	0.9897237
2960000	-128.8892	-182.5577	53.66854	10	0.6994839	0.0237541	0.00221926	0.0320193	0.00369897	0.0296412	0.047359	0.0339879	0.121885	0.00664529	0.0230515	0.589075	0.074078	0.363287	0.924677	2.63796	5	0.9133371
2961000	-147.6888	-184.6923	37.00356	2	2.310076	0.0012892	0.0399474	0.0539966	0.0473754	0.000750485	0.0269571	0.0192895	0.0144186	0.114441	0.0081658	0.554426	0.327677	0.684397	1.07611	1.91181	4	0.8810568
2962000	-123.4956	-180.2953	56.79967	10	0.8687247	0.0117174	0.0136931	0.0223278	0.00569825	0.00660536	0.0141147	0.0185054	0.2468	0.00903092	0.0458829	0.456239	0.110077	0.433399	0.974319	2.48221	5	0.8506148
2963000	-129.6446	-184.4012	54.75668	10	0.9052115	0.0126088	0.0121341	0.000565063	0.00691899	0.007733	0.01649	0.0199169	0.040461	0.0166953	0.0347148	0.382253	0.117675	0.446282	0.982329	2.45371	5	0.5504913
2964000	-129.5459	-184.7598	55.21389	10	1.189374	0.030749	0.0266966	0.00928523	0.0774285	0.0153355	0.0257197	0.0186951	0.220719	0.0195742	0.00869276	0.66699	0.173122	0.527109	1.02545	2.27432	5	1.119886
2965000	-142.3291	-184.1006	41.77158	2	1.029578	0.00250522	0.000185359	0.0372818	0.00832702	0.0133745	0.00332235	0.000566678	0.0322267	0.00467135	0.0192931	0.274172	0.142818	0.485465	1.00473	2.36698	4	0.3959263
2966000	-139.4554	-178.087	38.63158	2	0.5142098	0.00589608	0.00218764	0.0211102	0.0326993	0.0124432	0.000939544	0.0122973	0.0131951	0.0531765	0.0152265	0.802483	0.0360507	0.261091	0.830339	2.87252	4	0.9716543
2967000	-123.0696	-181.6899	58.62036	10	2.511856	0.0131714	0.014635	0.0129718	0.00568738	0.0209474	0.021798	0.0140502	0.13211	0.0180244	0.0167878	0.418405	0.347578	0.700334	1.07876	1.87333	5	0.6885883
2968000	-128.7302	-183.0897	54.35953	10	1.742565	0.00737554	0.00388397	0.0159217	0.0175985	0.00931771	0.0112662	0.0525196	0.0297654	0.115853	0.0143394	0.375285	0.260481	0.624513	1.06198	2.05303	5	0.6531261
2969000	-126.9988	-181.2061	54.20734	10	1.358266	0.00945187	0.00866995	0.00586571	0.066968	0.0144367	0.0281682	0.0234176	0.145713	0.000451806	0.0403676	0.678405	0.202574	0.563129	1.04089	2.19341	5	1.021915
2970000	-117.461	-180.0813	62.62032	10	1.170732	0.0161819	0.00293643	0.0292978	0.00430065	0.00632885	0.0205221	0.0145442	0.0105375	0.0742142	0.0324113	0.284401	0.169709	0.522674	1.02339	2.28423	5	0.4956759
2971000	-133.3259	-182.7309	49.4051	10	5.209676	0.00814649	0.0404219	0.0407895	0.0172312	0.00916668	0.0297208	0.029534	0.00575424	0.116577	0.0831001	0.553812	0.51056	0.808817	1.08292	1.59771	5	0.9342535
2972000	-141.6189	-186.6616	45.0427	10	2.038822	0.00507497	0.00456916	0.040432	0.0108068	0.0282561	0.104245	0.0381888	0.0218729	0.0346355	0.0283309	0.901017	0.297865	0.659079	1.07093	1.97212	5	1.217429
2973000	-123.796	-177.3381	53.54207	10	0.5023907	0.0104704	0.010845	0.00384312	0.00342212	0.0106765	0.0167927	0.00941585	0.148129	0.0147988	0.0196736	0.690258	0.0338317	0.253474	0.822	2.89069	5	0.9383253
2974000	-127.9014	-181.5626	53.66112	10	1.158462	0.00568679	0.00038193	0.00773151	0.0183206	0.00241407	0.0485225	0.012504	0.0731842	0.0251145	0.00740937	0.428874	0.167445	0.519699	1.02199	2.29087	5	0.6301439
2975000	-125.4579	-178.7232	53.26527	10	0.9394321	0.00951812	0.00555445	0.000446256	0.017874	0.0131318	0.00785157	0.000620023	0.0206463	0.1378	0.0155971	0.472857	0.124716	0.457758	0.989191	2.42833	5	0.7018965
2976000	-128.7512	-177.4707	48.71949	10	3.59524	0.00492693	0.00019201	0.0645068	0.00976972	0.0178839	0.0180742	0.0320014	0.000535345	0.182255	0.0242953	0.79969	0.430643	0.759936	1.08421	1.72521	5	1.154131
2977000	-124.6427	-181.506	56.86328	10	0.2466038	0.0129802	0.0104526	0.030258	0.00892332	0.0223764	0.0246226	0.00642892	0.016248	0.038887	0.0233378	0.832123	0.00195724	0.0642485	0.494269	3.43953	5	1.026638
2978000	-128.8351	-181.3346	52.49944	10	2.730932	0.015219	0.00758376	0.0655193	0.00648066	0.00932638	0.0451244	0.0219345	0.0242833	0.16152	0.0985565	0.648977	0.367312	0.715451	1.08082	1.83642	5	1.104525
2979000	-126.7149	-183.2776	56.56273	10	2.625588	0.00791566	0.00877303	0.018997	0.00553861	0.0316343	0.0130159	0.0066686	0.111109	0.0360279	0.0650958	0.426909	0.358049	0.708437	1.07992	1.85359	5	0.7316843
2980000	-120.5229	-178.7146	58.19173	10	0.997314	0.0115196	0.00572164	0.111516	0.00309543	0.0156337	0.0293736	0.0127804	0.0139601	0.131309	0.0450992	0.780646	0.136418	0.475943	0.999554	2.38809	5	1.160654
2981000	-133.9778	-180.3417	46.36387	10	5.039558	0.0107528	0.0111854	0.0389402	0.0532079	0.00394403	0.0194363	0.0268753	0.179391	0.00455172	0.00429182	0.570536	0.503712	0.804902	1.08323	1.60815	5	0.9231122
2982000	-125.828	-177.7832	51.95523	10	3.516588	0.0115247	0.000911895	0.00916125	0.00897795	0.0025406	0.0168221	0.00347311	0.112197	0.0233118	0.0489133	0.802643	0.425659	0.756637	1.0841	1.7336	5	1.040477
2983000	-131.3691	-185.3913	54.02217	10	0.2848166	0.0271746	0.00102982	0.00386197	0.0344992	0.0068633	0.0144572	0.00417246	0.0221434	0.11441	0.00651502	0.556413	0.00414467	0.0927484	0.569401	3.33371	5	0.7915401
2984000	-122.4589	-179.4705	57.01157	10	0.9465999	0.00111191	0.0122589	0.00229109	0.010739	0.00229884	0.0094414	0.0261128	0.0840232	0.00779644	0.0410491	0.399488	0.12618	0.460091	0.990556	2.42317	5	0.5966105
2985000	-129.614	-188.4117	58.79765	10	0.965338	0.00724849	0.0260301	0.0810522	0.0405414	0.00258427	0.0137887	0.00710473	0.158562	0.0188993	0.0228061	0.273265	0.129987	0.466079	0.99401	2.40992	5	0.6518819
2986000	-125.7832	-182.4768	56.69356	10	0.7240555	0.000168356	0.018364	0.0077594	0.0734197	0.00699425	0.0154029	0.00686553	0.0214866	0.083129	0.00392412	0.642972	0.0793321	0.374662	0.933467	2.61254	5	0.8804859
2987000	-121.0489	-177.7917	56.74281	10	1.486505	0.0176092	0.00312378	0.035896	0.0151502	0.00271064	0.0176834	0.0238876	0.0124731	0.0904127	0.0305226	0.620236	0.22323	0.586295	1.04962	2.14086	5	0.8697047
2988000	-129.1089	-181.0097	51.90083	10	0.6378676	0.00198567	0.00213352	0.0245601	0.0200005	0.00314047	0.0162573	0.00466069	0.00432814	0.0492636	0.0113969	0.271364	0.0610004	0.332678	0.899473	2.70685	5	0.4090909
2989000	-134.8541	-185.5828	50.72871	10	0.3911058	0.0028266	0.00715729	0.034029	0.080679	0.0343747	0.0159962	0.002328	0.00474812	0.0752831	0.00760105	0.762347	0.0154525	0.175081	0.721474	3.08799	5	1.02737
2990000	-123.0792	-179.2564	56.17719	10	1.262284	0.0182112	0.00109535	0.0507989	0.000530666	0.00960562	0.0573826	0.0141479	0.0105231	0.141908	0.0412362	0.562802	0.186159	0.543529	1.03277	2.23754	5	0.9082411
2991000	-126.8663	-183.7959	56.92955	10	1.69066	0.0349479	0.00639758	0.122459	0.0165446	0.00797514	0.0184458	0.0251475	0.00715627	0.0450633	0.0159271	0.713772	0.253331	0.617495	1.0599	2.06927	5	1.013837
2992000	-129.4658	-185.0271	55.56128	10	2.149277	0.0330491	0.0156289	0.0628135	0.021636	0.00806945	0.00953998	0.00745737	0.0145734	0.0117181	0.000156375	0.653645	0.310466	0.670003	1.07331	1.94622	5	0.8382867
2993000	-127.2842	-182.6455	55.36132	10	0.8940662	0.0117076	0.0120532	0.0177042	0.0149093	0.0182074	0.0212729	0.014052	0.126258	0.010088	0.0875075	0.534441	0.115363	0.44242	0.979962	2.46226	5	0.8682009
2994000	-130.1932	-178.8523	48.65904	10	3.259278	0.000912094	0.00932413	0.073678	0.0573937	0.0146488	0.0209167	0.011721	0.0225542	0.0804109	0.022199	1.08269	0.408376	0.744943	1.08353	1.76315	5	1.396447
2995000	-129.7703	-181.5573	51.78699	10	0.6612076	0.00677154	0.0248032	0.00944761	0.00215073	0.0267526	0.0191062	0.0185079	0.0177695	0.148626	0.0526273	0.490881	0.0659294	0.344637	0.909599	2.67983	5	0.8174435
2996000	-125.6012	-177.9895	52.38825	10	1.16914	0.0166009	0.00447339	0.00994857	0.00592053	0.00604426	0.0111801	0.0206613	0.0683813	0.0345786	0.0405541	0.666426	0.169416	0.522291	1.02321	2.28508	5	0.8847696
2997000	-123.8988	-183.4389	59.54009	10	1.10907	0.0015273	0.0199552	0.00443607	0.0315328	0.00557959	0.0277513	0.00925705	0.0267429	0.10833	0.0277838	0.386643	0.158188	0.507248	1.01596	2.31861	5	0.649539
2998000	-113.3811	-176.5748	63.19367	10	0.6794609	0.00610663	0.000648052	0.00443082	0.00450512	0.00571061	0.00941504	0.00568379	0.0575398	0.00872964	0.0245676	0.381524	0.0698076	0.353676	0.917013	2.6595	5	0.5088617
2999000	-135.447	-185.9687	50.52172	10	1.222359	0.0106135	0.00359029	0.180364	0.00298164	0.0188356	0.0677174	0.0114504	0.0260059	0.0261607	0.0831875	0.740303	0.179081	0.534715	1.0289	2.2573	5	1.171211
3000000	-119.7467	-180.3338	60.58707	10	0.3176449	0.00476542	0.00258478	0.0262116	0.0132502	0.00146871	0.00629153	0.00193737	0.0699277	0.00762489	0.00574586	0.336397	0.00683535	0.118273	0.624279	3.25061	5	0.4762053
