Iteration	Posterior	Likelihood	Prior	alpha_dir	alpha_morpho	brlens[1]	brlens[2]	brlens[3]	brlens[4]	brlens[5]	brlens[6]	brlens[7]	brlens[8]	brlens[9]	brlens[10]	brlens[11]	brlens[12]	brlens[13]	char_rates[1]	char_rates[2]	char_rates[3]	char_rates[4]	model_indicator	tree_length
0	-72.67853	-84.18924	11.51071	10	0.7183066	0.145443	0.203239	0.00842072	0.0253093	0.00863672	0.168721	0.292635	0.260344	0.00886551	0.0460215	0.158063	0.244238	0.0446601	0.0781021	0.372041	0.931468	2.61839	5	1.614597
1000	-44.68862	-53.51838	8.829763	10	1.146092	0.192536	0.154745	0.0247228	0.0955855	0.0906017	0.0211009	0.0359477	0.0560194	0.152773	0.00890281	0.225263	0.706255	0.00763909	0.165148	0.516653	1.02054	2.29766	5	1.772092
2000	-51.24599	-58.47361	7.227613	1	1.669075	0.146596	0.00404446	0.0202212	0.0953068	0.115856	0.0268283	0.101629	0.0759269	0.0348016	0.00128977	0.308683	0.33857	0.28745	0.250299	0.614476	1.05898	2.07624	3	1.557203
3000	-44.76949	-53.27006	8.500568	10	2.78284	0.0235752	0.148566	0.0817162	0.042349	0.0959701	0.158533	0.0470086	0.0105451	0.00366313	0.160931	0.0474023	0.13177	0.846136	0.371732	0.718748	1.08121	1.82831	5	1.798166
4000	-38.48751	-60.82838	22.34087	1000	0.372556	0.22431	0.0567185	0.131358	0.0948454	0.0522451	0.0366907	0.204786	0.0321714	0.285869	0.104169	0.0560342	0.00760911	0.113532	0.0129624	0.160977	0.699789	3.12627	6	1.400339
5000	-35.59893	-60.15385	24.55492	1000	2.528838	0.0828699	0.0228404	0.117832	0.0409703	0.0578875	0.0624632	0.0760409	0.261486	0.0150782	0.0571492	0.00795906	0.288184	0.324107	0.349174	0.701581	1.07895	1.8703	6	1.414869
6000	-17.48643	-49.40589	31.91946	1000	3.253082	0.0352671	0.0820293	0.0231292	0.0250041	0.0114654	0.0240725	0.004239	0.0058708	0.0542529	0.030652	0.195141	0.0111167	0.134409	0.40794	0.744643	1.08351	1.76391	6	0.6366488
7000	-23.83795	-50.00339	26.16544	1000	2.206277	0.117282	0.0455968	0.116862	0.0520633	0.014126	0.0664581	0.00314432	0.0104585	0.130571	0.0212295	0.189357	0.465596	0.0255852	0.316714	0.675297	1.07439	1.9336	6	1.258329
8000	-30.12344	-53.78986	23.66642	1000	0.7236134	0.0883549	0.0192569	0.0228654	0.0273848	0.050109	0.0115339	0.0766017	0.0830492	0.0555108	0.0492042	0.0528802	0.618361	0.00405629	0.0792375	0.374462	0.933314	2.61299	6	1.159169
9000	-48.31233	-56.21058	7.898249	1	1.261498	0.12619	0.047282	0.00972125	0.039384	0.0144376	0.179062	0.00229278	0.0616813	0.00141138	0.000166386	0.596726	0.220676	0.231867	0.186021	0.54336	1.0327	2.23792	3	1.530897
10000	-38.15248	-53.67552	15.52304	1	1.201164	0.0600946	0.0198962	0.0254309	0.0584502	0.0127001	0.00653474	0.000969823	0.104192	0.0987829	0.0952232	0.233015	0.0230729	0.036089	0.175264	0.529863	1.02671	2.26816	3	0.7744512
11000	-21.62546	-48.60293	26.97747	1000	0.3226612	0.0927046	0.0198842	0.0223964	0.0141945	0.0297741	0.0106509	0.00602269	0.0090698	0.0858804	0.669872	0.00563666	0.0784774	0.0585371	0.00731253	0.1222	0.631968	3.23852	6	1.103101
12000	-31.97735	-54.64573	22.66838	1000	0.9565931	0.175141	0.0173537	0.0380474	0.0497891	0.186324	0.0180142	0.133364	0.0166615	0.0581456	0.591715	0.0815648	0.0752618	0.0116401	0.128214	0.463304	0.992418	2.41606	6	1.453022
13000	-38.26266	-55.46783	17.20517	10	0.4219682	0.00730085	0.0932087	0.179714	0.0061459	0.0171859	0.0141249	0.0464333	0.00508036	0.0106695	0.00357058	0.0792901	0.262786	0.244053	0.0200071	0.197967	0.753999	3.02803	5	0.9695622
14000	-31.86626	-51.51024	19.64398	2	0.8733035	0.0539736	0.0209004	0.00493972	0.0543136	0.00570341	0.000123326	0.0170648	0.0267901	0.0502895	0.114624	0.0947229	0.00831633	0.00227263	0.111035	0.435054	0.975366	2.47855	4	0.454034
15000	-36.33802	-52.0166	15.67858	10	0.8450276	0.121144	0.0449112	0.0128453	0.0512068	0.076366	0.0356472	0.0158774	0.0176515	0.496638	0.00109924	0.0374322	0.276362	0.114687	0.105098	0.42465	0.968691	2.50156	5	1.301867
16000	-23.17956	-52.79336	29.6138	1000	1.344046	0.0231859	0.0341265	0.000723638	0.00806715	0.0741333	0.0545163	0.0294319	0.0021895	0.0251638	0.045873	0.0494322	0.0544376	0.280064	0.200195	0.560357	1.03978	2.19967	6	0.6813451
17000	-39.02799	-51.80219	12.77419	2	1.614267	0.0208408	0.0678046	0.0322903	0.0556698	0.0465548	0.0787101	0.0310905	0.0281208	0.000897136	0.349387	0.294694	0.0567348	0.0270782	0.242447	0.606534	1.05648	2.09454	4	1.089873
18000	-27.31858	-53.77979	26.46121	10	0.6491035	0.00016906	0.0110072	0.0620873	0.014595	0.00357226	0.0116635	0.00573771	0.0141517	0.0103762	0.0480151	0.00986165	0.151459	0.0031385	0.0633683	0.338492	0.904442	2.6937	5	0.3458335
19000	-20.47064	-51.14346	30.67282	1000	1.146555	0.0211817	0.012051	0.0387547	0.103586	0.0299163	0.0220708	0.00480356	0.0392197	0.0575453	0.435132	0.0444269	0.0212336	0.144847	0.165234	0.516768	1.0206	2.2974	6	0.9747686
20000	-20.7446	-51.73049	30.98589	1000	0.522514	0.0708374	0.0512001	0.0138137	0.0547207	0.0796635	0.0301504	0.00545459	0.0142719	0.0510658	0.069843	0.0932187	0.0733186	0.152306	0.0376327	0.26636	0.835983	2.86002	6	0.7598649
21000	-24.65139	-49.53251	24.88113	1000	5.682511	0.087237	0.0869513	0.0107214	0.112094	0.0236192	0.02863	0.0155883	0.000445325	0.0389646	0.0676044	0.200203	0.337244	0.0496588	0.528172	0.818671	1.08196	1.5712	6	1.058961
22000	-38.01701	-51.4668	13.44978	1	1.583063	0.0633658	0.00272227	0.176971	0.00905845	0.0268011	0.000964162	0.0092984	0.0119993	0.01797	0.223846	0.0965159	0.223411	0.0806636	0.237873	0.601823	1.05495	2.10536	3	0.9435868
23000	-38.25299	-58.76719	20.5142	1000	0.6371139	0.187463	0.011929	0.0762783	0.0363752	0.0758259	0.63308	0.0034975	0.041377	0.312375	0.094989	0.0117162	0.148233	0.00120535	0.0608419	0.332284	0.899133	2.70774	6	1.634345
24000	-39.28953	-57.3832	18.09367	10	2.668268	0.0107521	0.0337058	0.0125754	0.0181189	0.196892	0.0355004	0.0237397	0.0251168	0.225973	0.00280675	0.0267317	0.00818313	0.0567853	0.361851	0.711333	1.0803	1.84651	5	0.6768812
25000	-29.52892	-49.87883	20.34991	1000	3.82436	0.0596578	0.194218	0.00860885	0.108541	0.0372504	0.0378317	0.0147934	0.00315213	0.0057606	0.119354	0.665795	0.0153552	0.236092	0.444445	0.768908	1.08439	1.70226	6	1.506411
26000	-36.9678	-58.63662	21.66882	1000	6.802255	0.305373	0.00824586	0.140407	0.0106512	0.0345127	0.1769	0.00844052	0.202224	0.0161845	0.0344889	0.0576328	0.288363	0.00986103	0.563189	0.837395	1.07941	1.52	6	1.293284
27000	-41.3733	-50.93964	9.566344	2	2.287887	0.145456	0.0147651	0.0387783	0.0717118	0.0171801	0.0560847	0.0169574	0.0278251	0.0672345	0.767483	0.0192644	0.127196	0.0142277	0.325378	0.682507	1.07577	1.91635	4	1.384164
28000	-39.61257	-55.20363	15.59106	1	1.393691	0.0650253	0.0997351	0.0144451	0.0509124	0.00138869	0.047979	0.026258	0.0566007	0.0153796	0.0445345	0.0155598	0.189489	0.121089	0.208423	0.569849	1.04352	2.17821	3	0.7483961
29000	-51.52631	-57.35086	5.824549	1	2.222086	0.0317391	0.139395	0.288407	0.00469853	0.0110289	0.0224217	0.00697639	0.0278429	0.338896	0.0887723	0.0969878	0.288028	0.297014	0.318418	0.676727	1.07467	1.93019	3	1.642208
30000	-20.25974	-47.20625	26.94651	1000	2.458667	0.0852077	0.086908	0.0342949	0.0423988	0.0169247	0.00872184	0.0106634	0.00583154	0.0948382	0.492153	0.0689531	0.108783	0.117554	0.342503	0.696337	1.07814	1.88302	6	1.173233
31000	-21.70452	-51.85235	30.14783	1000	2.73678	0.0327216	0.0519211	0.07597	0.0261848	0.00372041	0.0188696	0.0214052	0.00767702	0.0624681	0.0229479	0.0226481	0.33254	0.21451	0.367815	0.715828	1.08087	1.83549	6	0.8935845
32000	-33.91591	-58.94622	25.03031	1000	1.645649	0.0949852	0.166386	0.349066	0.181627	0.10177	0.0318396	0.0228524	0.0363912	0.00656664	0.0890803	0.309293	0.00646057	0.00681169	0.246971	0.611132	1.05794	2.08396	6	1.40313
33000	-16.67191	-49.8794	33.20749	1000	0.4937146	0.029262	0.0139893	0.0759813	0.0211169	0.00732471	0.0380966	0.0026787	0.0289302	0.0995709	0.0840367	0.325951	0.0293175	0.0330475	0.0322288	0.247793	0.815641	2.90434	6	0.7893035
34000	-26.13607	-52.88901	26.75294	1000	0.4858818	0.0461115	0.190963	0.00284518	0.0133628	0.0417024	0.0366446	0.0203665	0.00475288	0.68124	0.103325	0.0536782	0.111311	0.0313084	0.0308018	0.242599	0.809717	2.91688	6	1.337612
35000	-29.66769	-52.97061	23.30293	1000	1.44882	0.0775447	0.0944336	0.213611	0.280395	0.00142533	0.00107955	0.00594658	0.0380361	0.0459649	0.313758	0.385997	0.0498323	0.0289581	0.217307	0.57981	1.04727	2.15561	6	1.536982
36000	-29.32867	-60.51482	31.18615	1000	1.467917	0.0613589	0.0313978	0.0129052	0.0326404	0.0583097	0.00148923	0.0611737	0.0783814	0.0607174	0.0822847	0.114193	0.0285158	0.155638	0.220324	0.583128	1.04848	2.14807	6	0.7790048
37000	-27.70681	-51.29087	23.58405	1000	1.069714	0.373541	0.000180095	0.0459881	0.0486781	0.0407493	0.0198767	0.0196246	0.0713573	0.551275	0.0561958	0.118648	0.0609671	0.00244827	0.15065	0.496748	1.01065	2.34195	6	1.409529
38000	-38.55555	-62.17396	23.61842	1000	1.699705	0.21015	0.0380232	0.107635	0.0220915	0.0592147	0.10837	0.0609611	0.0426237	0.0369099	0.0838091	0.0968282	0.504166	0.0338651	0.254591	0.618742	1.06028	2.06639	6	1.404648
39000	-47.073	-54.63449	7.561485	2	0.9066957	0.104727	0.0128327	0.103139	0.120042	0.102564	0.0254888	0.0715487	0.0131376	0.240873	0.09812	0.149817	0.216907	0.391416	0.117982	0.446792	0.982639	2.45259	4	1.650614
40000	-44.44035	-56.07244	11.63209	2	1.504745	0.126985	0.122913	0.0834187	0.0037165	0.00193965	0.0456445	0.0168478	0.0203854	0.0580842	0.106604	0.108805	0.0844411	0.373914	0.226055	0.589344	1.0507	2.1339	4	1.1537
41000	-23.42562	-51.62048	28.19486	1000	2.211501	0.0292746	0.0794319	0.0691216	0.0292826	0.0163812	0.00444446	0.0141074	0.0370028	0.166473	0.0690998	0.277227	0.0149683	0.145706	0.317279	0.675771	1.07448	1.93247	6	0.9525197
42000	-23.62773	-53.34048	29.71275	1000	0.595937	0.0223515	0.0285986	0.0303187	0.043101	0.0324732	0.00330915	0.00704506	0.0168327	0.0217508	0.0156184	0.0117388	0.238873	0.0530827	0.0522712	0.310006	0.879232	2.75849	6	0.525093
43000	-38.45137	-54.95604	16.50467	2	0.4683524	0.0673108	0.0113659	0.0745559	0.116107	0.0355525	0.0299078	0.010741	0.0903708	0.0718458	0.131707	0.241983	0.0529843	0.0116507	0.0276829	0.230754	0.795801	2.94576	4	0.9460823
44000	-40.20971	-53.48195	13.27224	1	1.370629	0.00312958	0.107622	0.102383	0.0197161	0.0710324	0.043684	0.0084492	0.00659664	0.111894	0.0382749	0.25216	0.0716802	0.145963	0.204628	0.565504	1.04183	2.18804	3	0.9825844
45000	-27.1958	-56.90523	29.70943	1000	0.8136247	0.0319922	0.138342	0.165123	0.0431431	0.0693694	0.0164039	0.0764645	0.0261951	0.0223575	0.0554738	0.0152215	0.196273	0.153349	0.0984545	0.412562	0.96066	2.52832	6	1.009708
46000	-33.75884	-59.18313	25.42429	1000	0.4423724	0.15321	0.356074	0.0491009	0.007469	0.19944	0.0740624	0.0618976	0.0207579	0.0659414	0.0193472	0.312489	0.112335	0.130471	0.0232715	0.212642	0.773344	2.99074	6	1.562595
47000	-35.09727	-50.73116	15.63389	1	1.651309	0.020332	0.0239115	0.0263419	0.11609	0.00264319	0.0372866	0.0141385	0.0247364	0.0493678	0.231459	0.0590355	0.097196	0.0158131	0.247779	0.611946	1.0582	2.08208	3	0.718352
48000	-36.20618	-51.63602	15.42984	10	1.760231	0.0251882	0.085759	0.086162	0.0420986	0.0986866	0.0104362	0.0150391	0.0111262	0.0330161	0.139322	0.765115	0.0152293	0.0026357	0.262871	0.626828	1.06264	2.04766	5	1.329814
49000	-22.59617	-50.14318	27.54701	1000	1.822514	0.0365903	0.0598912	0.0681593	0.0208032	0.0655229	0.0149273	0.0171173	0.001129	0.0819022	0.149572	0.127083	0.0254956	0.302996	0.271126	0.634708	1.06484	2.02933	6	0.9711896
50000	-26.36387	-56.71044	30.34657	1000	1.380139	0.035687	0.0256806	0.0384362	0.134089	0.0809798	0.0404242	0.0289247	0.00470863	0.180805	0.050645	0.0747325	0.103501	0.110968	0.206199	0.567308	1.04253	2.18396	6	0.909582
51000	-38.27809	-54.19814	15.92005	2	0.9786237	0.118377	0.0852952	0.0206878	0.112969	0.00192089	0.0381152	0.106274	0.0138495	0.0428106	0.0181359	0.0138205	0.202122	0.0853175	0.132669	0.470231	0.996366	2.40073	4	0.8596946
52000	-39.50851	-56.75189	17.24339	0.2	0.4599495	0.0391695	0.0652605	0.041638	0.000251782	0.0336671	0.0254666	0.0371586	0.0275247	0.235201	0.0321006	0.0221122	0.0123814	0.0613004	0.026227	0.224968	0.788787	2.96002	2	0.6332327
53000	-36.60954	-50.64984	14.0403	10	1.318122	0.014141	0.197102	0.0261195	0.106239	0.0157497	0.0358341	0.0252514	0.0122284	0.0623693	0.127747	0.529963	0.00599408	0.145844	0.19581	0.55519	1.03768	2.21132	5	1.304583
54000	-34.66481	-50.62149	15.95668	10	0.7373116	0.195779	0.00572826	0.037695	0.0828393	0.0454972	0.0267485	0.0105859	0.0150231	0.290644	0.087722	0.0457818	0.337602	0.0836493	0.0821692	0.380615	0.937947	2.59927	5	1.265295
55000	-29.96102	-52.72769	22.76667	0.2	1.30608	0.0249625	0.0482505	0.0345598	0.0265359	0.109675	0.0225956	0.0324236	0.0425024	0.138251	0.655527	0.0234846	0.0587966	0.116481	0.193753	0.552737	1.03667	2.21684	2	1.334047
56000	-19.03642	-54.26876	35.23235	0.05	0.8455412	0.0927677	0.00351388	0.0321436	0.0587162	0.00523305	0.0105751	0.0990951	0.0101879	0.411306	0.0406073	0.0681317	0.036145	0.031283	0.105206	0.424843	0.968817	2.50113	1	0.8997056
57000	-31.65934	-56.89095	25.23161	0.2	0.5883943	0.0206822	0.0781452	0.0690066	0.00618029	0.0277843	0.0307127	0.018348	0.0291823	0.176502	0.172874	0.0119462	0.00760917	0.00796798	0.0507235	0.305759	0.875281	2.76824	2	0.6569411
58000	-44.01406	-54.24133	10.22727	10	2.084958	0.0669322	0.161473	0.0942057	0.285835	0.0186851	0.0749165	0.0495812	0.00770404	0.44187	0.0376501	0.110601	0.0607054	0.0655538	0.30321	0.663754	1.07198	1.96106	5	1.475713
59000	-42.53569	-54.72	12.18431	1	0.4854318	0.13811	0.0236253	0.0224575	0.0433063	0.0015763	0.062675	0.0127347	0.081425	0.0442213	0.116328	0.167011	0.0171791	0.449248	0.0307204	0.242299	0.809372	2.91761	3	1.179898
60000	-38.36587	-52.61432	14.24845	10	0.6801976	0.125039	0.0286243	0.118163	0.0349211	0.0186288	0.0850319	0.0317383	0.0117957	0.110808	0.03921	0.118877	0.066987	0.622884	0.0699645	0.354035	0.917303	2.6587	5	1.412709
61000	-43.49752	-56.86504	13.36751	2	0.5383056	0.0247067	0.0383964	0.137069	0.0159157	0.0171651	0.0175528	0.202231	0.0190447	0.136481	0.13536	0.0091483	0.0871964	0.0731157	0.0406886	0.276189	0.846257	2.83687	4	0.9133825
62000	-39.24028	-53.48925	14.24897	10	2.503608	0.0679288	0.123107	0.0317928	0.00194774	0.00624649	0.0692455	0.0130422	0.147293	0.135849	0.0235709	0.314072	0.0814735	0.138568	0.346798	0.699723	1.07867	1.87481	5	1.154136
63000	-37.45503	-53.74869	16.29366	2	0.9491006	0.135761	0.00673584	0.0426862	0.0329302	0.059956	0.0419794	0.00248876	0.0397855	0.0128525	0.25772	0.0268159	0.0243429	0.080263	0.126689	0.460899	0.991026	2.42139	4	0.7643169
64000	-29.78861	-52.07376	22.28516	10	1.865198	0.045756	0.00704013	0.0178155	0.00538789	0.051032	0.0208194	0.0127605	0.0169833	0.0642287	0.139372	0.0121005	0.0087166	0.118109	0.276634	0.639868	1.06622	2.01728	5	0.5201216
65000	-18.28892	-48.21258	29.92366	1000	2.340262	0.0873434	0.0537641	0.0155606	0.082745	0.0287881	0.0233016	0.00651749	0.0221843	0.0448776	0.00815498	0.495771	0.0752619	0.0500678	0.330769	0.686921	1.07656	1.90574	6	0.9943383
66000	-25.3441	-55.61575	30.27165	1000	0.4234285	0.0203102	0.0306225	0.00137884	0.0895478	0.00210906	0.0850908	0.0518388	0.0246766	0.0345008	0.292565	0.039481	0.042404	0.180644	0.0202343	0.19903	0.755437	3.0253	6	0.8951692
67000	-20.26703	-50.84406	30.57704	1000	2.075884	0.0695876	0.0523783	0.0811866	0.0429224	0.0236359	0.0109606	0.0826233	0.00594532	0.0226869	0.148921	0.2635	0.0681207	0.0237143	0.302168	0.662848	1.07178	1.96321	6	0.896183
68000	-42.19616	-51.64833	9.452175	10	1.037909	0.0922402	0.0276541	0.133239	0.119375	0.00980953	0.0718399	0.0207174	0.0216457	0.754817	0.167628	0.130443	0.0716562	0.271378	0.144455	0.487857	1.00601	2.36168	5	1.892443
69000	-40.51008	-57.37972	16.86965	2	1.342062	0.0649974	0.145435	0.0519381	0.0129755	0.0952508	0.012296	0.0158112	0.0452732	0.00851724	0.00657112	0.0333439	0.193097	0.0414597	0.199861	0.559967	1.03962	2.20055	4	0.7269658
70000	-36.49143	-50.65212	14.16069	1	1.65807	0.0652297	0.0320074	0.172923	0.0542183	0.0300759	0.0151126	0.00458993	0.00713955	0.0674656	0.0799049	0.282809	0.0162415	0.037278	0.248741	0.612914	1.0585	2.07985	3	0.8649957
71000	-38.70863	-54.84441	16.13578	1	3.25206	0.0180662	0.0282363	0.00686047	0.019248	0.00935893	0.068513	0.0143719	0.0257054	0.0169371	0.0931378	0.107327	0.0774807	0.0228451	0.407868	0.744593	1.08351	1.76403	3	0.5080879
72000	-46.79444	-59.86704	13.0726	2	0.4722053	0.0242394	0.293321	0.0934893	0.0124298	0.0169365	0.117301	0.00796155	0.0176443	0.217829	0.0115265	0.0262456	0.121539	0.222357	0.0283591	0.233384	0.798941	2.93932	4	1.182821
73000	-48.47707	-58.29285	9.815784	2	1.202999	0.125036	0.286655	0.00956235	0.238748	0.115235	0.0577362	0.0359435	0.0709459	0.00503262	0.361244	0.000919921	0.108269	0.0683919	0.175596	0.530288	1.0269	2.26721	4	1.483719
74000	-35.79905	-51.97746	16.17841	2	1.867061	0.10746	0.169653	0.00842022	0.0388626	0.0108229	0.00763453	0.0036402	0.0273932	0.113024	0.0563444	0.0396837	0.0535265	0.0758343	0.276872	0.640089	1.06628	2.01676	4	0.712299
75000	-41.68502	-60.44334	18.75832	10	0.4508946	0.0209945	0.0289268	0.0763638	0.00797521	0.234538	0.0595609	0.00117449	0.0357281	0.0164153	0.4545	0.0284832	0.0394797	0.00683701	0.0246888	0.218655	0.780966	2.97569	5	1.010977
76000	-33.87237	-49.28284	15.41047	10	1.742068	0.0702559	0.0210727	0.00432881	0.0770162	0.0394486	0.0318851	0.0331945	0.0354356	0.106482	0.0993182	0.205671	0.398437	0.0252052	0.260414	0.624447	1.06196	2.05318	5	1.14775
77000	-41.76224	-54.81763	13.05539	2	1.000869	0.0529275	0.0131425	0.0981765	0.105067	0.0750634	0.0493502	0.0560518	0.0204868	0.0711177	0.250219	0.0074814	0.0354746	0.270405	0.137127	0.477013	1.00014	2.38572	4	1.104963
78000	-31.47206	-54.77071	23.29864	0.2	0.7123494	0.0998112	0.016366	0.0172651	0.0638211	0.019109	0.0317728	0.0310309	0.00533424	0.0574519	0.232001	0.0572772	0.0676267	0.0293505	0.0768278	0.369299	0.92936	2.62451	2	0.7282177
79000	-27.28509	-53.12495	25.83986	1000	3.269824	0.0923837	0.0251413	0.0185311	0.0461118	0.0239501	0.0293972	0.0228883	0.090461	0.0162533	0.10721	0.039314	0.0830814	0.348751	0.409116	0.745452	1.08356	1.76187	6	0.9434738
80000	-24.7557	-51.24648	26.49078	1000	0.7012328	0.0210135	0.0466787	0.00039614	0.152805	0.0466396	0.0406864	0.0260895	0.0305682	0.0439892	0.129242	0.465777	0.123168	0.045389	0.0744516	0.364111	0.925324	2.63611	6	1.172443
81000	-20.193	-52.64144	32.44844	1000	1.462862	0.0264297	0.0571181	0.0219236	0.0199885	0.0846502	0.000333711	0.013945	0.0222767	0.00249649	0.0483199	0.103229	0.0903919	0.172671	0.219528	0.582256	1.04816	2.15005	6	0.6637739
82000	-17.56227	-49.92201	32.35974	1000	0.9881759	0.0432576	0.130269	0.0571571	0.0896199	0.0038652	0.00112749	0.0155849	0.00107262	0.0261285	0.0354482	0.0520024	0.225823	0.0652415	0.134589	0.473169	0.998013	2.39423	6	0.7465978
83000	-24.96782	-55.16051	30.19269	1000	1.358287	0.0549074	0.00192047	0.0190301	0.190514	0.0419142	0.0161431	0.0388135	0.0367751	0.0936279	0.197258	0.00378054	0.245547	0.0478722	0.202577	0.563133	1.04089	2.1934	6	0.9881033
84000	-22.06911	-51.0688	28.99969	1000	0.909411	0.0699894	0.0650289	0.00567965	0.0719535	0.0534433	0.0408218	0.0163603	0.0325627	0.251579	0.0680692	0.292184	0.0888877	0.0086939	0.118543	0.447721	0.983203	2.45053	6	1.065254
85000	-43.8632	-55.01831	11.15511	10	1.153553	0.022316	0.0781198	0.128766	0.1026	0.208029	0.0526552	0.0966466	0.0316855	0.0549751	0.0721299	0.204302	0.0565177	0.396748	0.166535	0.518496	1.02142	2.29355	5	1.50549
86000	-24.71308	-52.67161	27.95853	1000	1.293246	0.0399587	0.0799738	0.0216727	0.132835	0.013945	0.0100189	0.010869	0.0465996	0.360614	0.0509647	0.029252	0.0381548	0.00477881	0.191546	0.550087	1.03556	2.22281	6	0.839637
87000	-17.43526	-49.53019	32.09493	1000	1.455403	0.0524726	0.0657077	0.0736868	0.0286442	0.00761022	0.0227672	0.0205118	0.0155628	0.0967595	0.0294466	0.105935	0.079088	0.204686	0.21835	0.580961	1.04769	2.153	6	0.8028782
88000	-24.86376	-54.8554	29.99164	1000	0.8788754	0.0931187	0.0993275	0.0350428	0.0393601	0.00560397	0.0353228	0.0393491	0.0100307	0.332264	0.0884018	0.0144315	0.00663575	0.213477	0.112199	0.437053	0.976624	2.47412	6	1.012365
89000	-26.032	-53.81163	27.77963	1000	0.6132937	0.0374319	0.256117	0.0521667	0.00271868	0.0623251	0.024274	0.0403445	0.0390378	0.097301	0.0204518	0.0924472	0.407105	0.0188319	0.0558609	0.319581	0.887952	2.73661	6	1.150553
90000	-25.90198	-52.12801	26.22603	1000	0.9008237	0.258897	0.0403041	0.0115526	0.0485356	0.0304572	0.00347624	0.0263721	0.0264511	0.263828	0.122732	0.12635	0.00271024	0.364368	0.116766	0.444769	0.981405	2.45706	6	1.326035
91000	-34.53008	-50.64153	16.11145	2	1.426625	0.015516	0.0462695	0.116831	0.0135724	0.00711386	0.012381	0.00995884	0.00880565	0.00191298	0.0270989	0.137922	0.200172	0.253848	0.213762	0.575869	1.04581	2.16456	4	0.8514023
92000	-44.9712	-56.56439	11.59319	10	0.6742315	0.00889291	0.0294535	0.197733	0.178787	0.0304125	0.00378422	0.113788	0.123061	0.0287267	0.769712	0.0156024	0.0844584	0.0249463	0.0686948	0.351114	0.914932	2.66526	5	1.609359
93000	-48.19009	-57.43219	9.242106	1	0.5683444	0.0243721	0.0420646	0.0666839	0.115608	0.0527822	0.00104294	0.00569838	0.158914	0.744212	0.0202411	0.061596	0.00662893	0.165983	0.0466519	0.294211	0.864268	2.79487	3	1.465826
94000	-46.12135	-58.23484	12.11349	2	2.963412	0.0765721	0.0126535	0.0995757	0.0244525	0.0399125	0.0540044	0.0326589	0.00680749	0.0810583	0.126653	0.000455842	0.0729409	0.346454	0.386411	0.729482	1.08233	1.80178	4	0.9741996
95000	-35.4233	-54.62844	19.20513	10	0.5193351	0.0706003	0.0680475	0.00322191	0.0738535	0.00710285	0.0672069	0.0137444	0.0111852	0.134666	0.00227739	0.0959415	0.0350931	0.281509	0.037025	0.264351	0.833843	2.86478	5	0.8644497
96000	-39.06115	-56.25579	17.19464	1	1.160282	0.0152724	0.0279302	0.0169247	0.0185889	0.0483263	0.0276865	0.00437822	0.000362879	0.00345891	0.0247807	0.22059	0.063596	0.139484	0.167782	0.520143	1.0222	2.28988	3	0.6113796
97000	-31.97883	-53.36805	21.38922	1000	0.6032598	0.0802184	0.00968476	0.0682139	0.0850207	0.0762172	0.0830445	0.0903373	0.00533509	0.0172824	0.0471794	0.118336	0.0333152	0.632983	0.0537811	0.314079	0.882973	2.74917	6	1.347168
98000	-22.82654	-49.70097	26.87443	1000	1.598185	0.0264452	0.039913	0.0799611	0.08126	8.57623e-06	0.00250665	0.0268318	0.00847286	0.0032717	0.120724	0.0719698	0.511111	0.0170961	0.240099	0.604123	1.0557	2.10007	6	0.9895715
99000	-26.88974	-54.60911	27.71937	1000	0.3109112	0.0720163	0.00298141	0.125469	0.0428727	0.0864929	0.0227079	0.034139	0.00813952	0.0297343	0.161905	0.0418746	0.0630391	0.49073	0.00622207	0.113006	0.61368	3.26709	6	1.182101
100000	-41.62944	-53.62302	11.99358	10	0.9896023	0.0149753	0.0945251	0.101708	0.044373	0.0842879	0.179193	0.00651882	0.0459054	0.0173305	0.500465	0.446671	0.0983487	0.00491386	0.134875	0.473604	0.998256	2.39327	5	1.639216
101000	-35.19681	-50.34049	15.14368	10	2.945032	0.158441	0.0646691	0.109634	0.0833616	0.0954542	0.00529055	0.00255242	0.00139353	0.0565984	0.0335686	0.066712	0.0938123	0.405887	0.384964	0.728438	1.08223	1.80437	5	1.177375
102000	-40.29456	-51.47868	11.18412	2	2.305489	0.103996	0.0501729	0.0591983	0.159558	0.0380612	0.0137387	0.00667042	0.0692982	0.307108	0.124837	0.0823157	0.110425	0.103843	0.327204	0.684008	1.07604	1.91274	4	1.229223
103000	-45.63011	-54.66684	9.036723	10	3.66001	0.00382947	0.194535	0.112552	0.0165279	0.102886	0.0564497	0.0305337	0.0232589	0.270442	0.414678	0.105436	0.115485	0.12236	0.43465	0.762565	1.08428	1.7185	5	1.568975
104000	-34.58535	-56.73955	22.1542	1000	1.175244	0.0372985	0.0825018	0.0372517	0.0673941	0.0588958	0.065956	0.0471062	0.143825	0.270856	0.0161416	0.0199575	0.0332327	0.506658	0.170538	0.523757	1.0239	2.28181	6	1.387074
105000	-32.97247	-50.8072	17.83473	2	0.8848071	0.0422725	0.00738829	0.00339049	0.0727301	0.00634518	0.03736	0.00192296	0.0503609	0.0991388	0.189348	0.0720063	0.00218228	0.168063	0.113436	0.439163	0.977943	2.46946	4	0.7525089
106000	-36.59067	-52.42269	15.83202	2	0.6508845	0.0768968	0.0379084	0.093866	0.0950588	0.0428067	0.0244949	0.0061578	0.00698503	0.0326719	0.0146287	0.192448	0.103255	0.111931	0.0637446	0.339404	0.905213	2.69164	4	0.839109
107000	-27.83453	-54.92155	27.08702	1000	0.695955	0.0514862	0.229103	0.057878	0.0530678	0.00799134	0.228314	0.0234332	0.00439278	0.0583642	0.292031	0.0603286	0.00244932	0.118523	0.0733245	0.361615	0.92336	2.6417	6	1.187362
108000	-26.25583	-53.6832	27.42738	1000	1.149589	0.00358667	0.0417889	0.120545	0.0326192	0.0249976	0.0213443	0.0718073	0.0335452	0.0835169	0.375624	0.0551832	0.23274	0.0237907	0.165799	0.517519	1.02095	2.29573	6	1.121089
109000	-43.43807	-58.36449	14.92642	10	2.932368	0.162305	0.00544942	0.0150196	0.0634215	0.131664	0.0653605	0.016236	0.0574643	0.0505534	0.243532	0.0880373	0.146606	0.0115105	0.383961	0.727713	1.08216	1.80616	5	1.05716
110000	-27.49063	-56.9167	29.42608	1000	0.55588	0.178033	0.110724	0.0816431	0.0538856	0.00537075	0.012932	0.00592476	0.0153981	0.125015	0.11294	0.194845	0.0208052	0.166276	0.0441556	0.286839	0.857025	2.81198	6	1.083791
111000	-36.28398	-50.41628	14.1323	10	1.466065	0.0113219	0.170814	0.0780101	0.0954786	0.000150586	0.0107225	0.0458342	0.0460328	0.578572	0.0144508	0.0369636	0.0709404	0.110491	0.220032	0.582809	1.04837	2.14879	5	1.269783
112000	-27.36375	-55.70353	28.33978	1000	1.497816	0.167369	0.0386175	0.0688939	0.0606918	0.140176	0.0268216	0.0220516	0.00610874	0.163405	0.0152496	0.00322672	0.230191	0.0138724	0.224985	0.588192	1.05029	2.13653	6	0.9566736
113000	-21.55349	-52.76851	31.21502	1000	2.11109	0.0448271	0.153262	0.0121594	0.0812402	0.0769891	0.0211051	0.0496491	0.0136513	0.0297484	0.207914	0.0115453	0.0381355	0.0326274	0.306184	0.66633	1.07254	1.95495	6	0.7728535
114000	-40.98311	-55.01527	14.03216	10	0.6383634	0.0249029	0.135947	0.116723	0.153962	0.157576	0.00646754	0.0276945	0.0432704	0.0870807	0.0424003	0.365064	0.0640485	0.0289316	0.0611047	0.332937	0.899696	2.70626	5	1.254069
115000	-30.91705	-52.89082	21.97377	1000	0.7988119	0.00864805	0.159043	0.0316956	0.0429128	0.0826737	0.0423241	0.0242425	0.13083	0.16892	0.0922213	0.581899	0.0425602	0.139001	0.0953059	0.406655	0.956625	2.54141	6	1.546972
116000	-26.71436	-52.43115	25.71679	1000	1.548321	0.128878	0.0598847	0.0361976	0.194656	0.00679211	0.0224484	0.00167318	0.04746	0.00796668	0.332571	0.0444438	0.0665407	0.123351	0.232691	0.596407	1.05314	2.11776	6	1.072864
117000	-40.08968	-58.99205	18.90238	10	0.7684956	0.126818	0.0754361	0.0658944	0.171146	0.0560891	0.0171101	0.068752	0.0322303	0.00315371	0.168397	0.0995534	0.100575	0.0163562	0.0888396	0.394134	0.947828	2.5692	5	1.00151
118000	-49.74795	-57.85597	8.108018	2	2.344933	0.0715253	0.169857	0.253997	0.0545656	0.0645645	0.0709296	0.0195336	0.0180402	0.16842	0.231994	0.0122908	0.000626824	0.399341	0.331244	0.687307	1.07663	1.90482	4	1.535685
119000	-41.91699	-56.47571	14.55872	10	1.41846	0.137365	0.0580229	0.100702	0.123896	0.0281247	0.065893	0.00599946	0.0850507	0.0775496	0.0208955	0.0456031	0.135068	0.241459	0.212447	0.574396	1.04525	2.16791	5	1.125628
120000	-24.32992	-49.64122	25.3113	1000	4.381098	0.118268	0.0497893	0.0565946	0.0841322	0.00142086	0.0718712	0.0458424	0.0169706	0.035077	0.0197586	0.386818	0.0253911	0.0667019	0.474147	0.787436	1.08417	1.65424	6	0.978636
121000	-38.04586	-52.99468	14.94883	10	2.734638	0.0490483	0.00706632	0.0411639	0.0638486	0.137153	0.0162934	0.014799	0.0230654	0.478069	0.180282	0.0581721	0.0157897	0.00602815	0.367631	0.71569	1.08085	1.83583	5	1.090779
122000	-42.83882	-57.71347	14.87466	2	1.125635	0.0637827	0.0552013	0.0460734	0.0740938	0.051727	0.0138867	0.0815271	0.106733	0.113871	0.181683	0.0315697	0.0126998	0.168588	0.161318	0.51151	1.01805	2.30912	4	1.001436
123000	-38.04449	-61.45788	23.41339	1000	2.931885	0.264479	0.0625418	0.108262	0.00794106	0.0536654	0.0276387	0.161411	0.0167102	0.0432402	0.0513617	0.302785	0.253182	0.132652	0.383923	0.727686	1.08216	1.80623	6	1.485869
124000	-34.10183	-52.95361	18.85178	10	1.201196	0.113727	0.0655244	0.0282366	0.0314321	0.0169293	0.0892519	0.0344607	0.0111581	0.125901	0.0525344	0.0778299	0.0325952	0.320356	0.17527	0.52987	1.02671	2.26815	5	0.9999374
125000	-51.24805	-55.13156	3.883515	1	1.949084	0.0406274	0.0648632	0.219054	0.0111253	0.221502	0.0107528	0.0595447	0.0336875	0.000336367	0.169682	0.0846386	0.109957	0.837841	0.28712	0.649488	1.06866	1.99473	3	1.863612
126000	-29.53375	-54.59448	25.06073	1000	1.0028	0.0143404	0.122016	0.0383971	0.00584529	0.00805659	0.00537354	0.0393929	0.0265305	0.058992	0.128841	0.272873	0.00944965	0.195698	0.137512	0.477592	1.00046	2.38443	6	0.925806
127000	-31.85069	-57.19954	25.34886	1000	5.824546	0.0911928	0.0767837	0.0530133	0.0768881	0.0610123	0.000142239	0.0662794	0.00200181	0.041324	0.00287326	0.189634	0.192517	0.0610112	0.533095	0.821372	1.08165	1.56389	6	0.9146734
128000	-40.62047	-49.4118	8.791329	1	1.697579	0.0789081	0.0274299	0.0235101	0.071653	0.0560794	0.0397005	0.00344565	0.0109785	0.0879647	0.192459	0.74662	0.0237798	0.0354519	0.254295	0.618449	1.06019	2.06707	3	1.397981
129000	-38.82597	-53.46659	14.64061	10	1.000303	0.0638843	0.02311	0.109811	0.117817	0.028803	0.0509673	0.0293216	0.0113456	0.184594	0.118142	0.0337542	0.115956	0.0155114	0.137014	0.476843	1.00005	2.38609	5	0.9030171
130000	-37.57083	-53.12201	15.55119	10	1.324961	0.0283462	0.0254459	0.180803	0.0308853	0.0447126	0.0365005	0.0138422	0.0396613	0.347911	0.0606128	0.0036308	0.106846	0.0833017	0.196973	0.556568	1.03824	2.20821	5	1.002499
131000	-31.52266	-51.39669	19.87403	10	0.484946	0.0504889	0.0316319	0.0657047	0.0329718	0.0252572	0.0506436	0.0264749	0.0316633	0.101554	0.00094502	0.0399822	0.398155	0.0483511	0.0306326	0.241975	0.808998	2.91839	5	0.9038229
132000	-51.85719	-66.03951	14.18231	1	0.1027827	0.0796605	0.00121138	0.261773	0.180048	0.0469392	0.0390737	0.0786609	0.0963751	0.0924206	0.0190082	0.0731791	0.0230783	0.026934	7.65988e-07	0.0013	0.101309	3.89739	3	1.018362
133000	-30.13724	-60.43065	30.29341	1000	0.6207152	0.0597917	0.0135922	0.261016	0.169266	0.00694617	0.0394528	0.0205551	0.0474188	0.0721321	0.0248127	0.0135957	0.192873	0.0332466	0.0574067	0.323593	0.89153	2.72747	6	0.9546991
134000	-42.12258	-55.42493	13.30235	10	1.431582	0.135169	0.0678658	0.109899	0.000444223	0.0523383	0.0538832	0.043043	0.0377643	0.108955	0.336644	0.0838839	0.0284891	0.032095	0.214557	0.576757	1.04614	2.16255	5	1.090474
135000	-20.83789	-52.70611	31.86822	1000	0.383225	0.063003	0.0109908	0.0348882	0.0208074	0.00375076	0.145362	0.000462459	0.000361545	0.0213195	0.276832	0.0712428	0.0123214	0.14158	0.0143706	0.169118	0.712471	3.10404	6	0.8029214
136000	-41.12585	-49.92471	8.798857	2	2.023213	0.203892	0.0890844	0.0256493	0.0285499	0.0083545	0.0197126	0.0337088	0.0381949	0.0666001	0.106022	0.609268	0.124052	0.169596	0.29603	0.65746	1.07056	1.97595	4	1.522685
137000	-39.82637	-53.41658	13.59021	2	1.399133	0.267179	0.0375416	0.0408995	0.0598952	0.0263108	0.0863854	0.040475	0.000985297	0.110411	0.0352614	0.00252134	0.256236	0.0718736	0.209312	0.570858	1.0439	2.17593	4	1.035975
138000	-36.59378	-52.53428	15.9405	1	1.399457	0.046634	0.0315381	0.0696814	0.0730508	0.0525897	0.0156176	0.0587128	0.00816946	0.0186441	0.0853752	0.0728572	0.0377579	0.142248	0.209364	0.570918	1.04393	2.17579	3	0.7128761
139000	-39.01453	-53.29604	14.28151	10	1.380536	0.0764693	0.057213	0.0767889	0.0341799	0.0551256	0.0138802	0.0187081	0.072014	0.162427	0.112285	0.0667981	0.263679	0.093173	0.206264	0.567384	1.04256	2.18379	5	1.102741
140000	-20.98996	-50.75537	29.76541	1000	1.195084	0.229244	0.147135	0.0744479	0.0689938	0.00905326	0.0118751	0.000758355	0.0171164	0.0809337	0.0598643	0.208487	0.0540151	0.0767256	0.174161	0.528448	1.02606	2.27133	6	1.038649
141000	-41.98253	-53.05791	11.07538	1	2.614921	0.0915442	0.0909706	0.0522266	0.0547249	0.082517	0.0131702	0.00456444	0.0673968	0.0361817	0.264238	0.00950436	0.0908598	0.219943	0.357088	0.707701	1.07982	1.85539	3	1.077842
142000	-31.36117	-51.45907	20.0979	10	0.6519289	0.0376301	0.0223564	0.0454498	0.0643622	0.00689671	0.0343584	0.020447	0.0119928	0.0234682	0.0210527	0.138331	0.269077	0.0640944	0.0639653	0.339938	0.905664	2.69043	5	0.7595174
143000	-21.74087	-52.67399	30.93312	1000	1.316121	0.0151419	0.0194988	0.0117484	0.0105261	0.04226	0.0180597	0.0165787	0.109137	0.0971505	0.00185182	0.24136	0.0457061	0.0154613	0.195469	0.554784	1.03751	2.21223	6	0.6444803
144000	-30.11324	-53.97758	23.86434	1000	0.9591383	0.126317	0.00333898	0.113802	0.00509069	0.0275023	0.0284404	0.0260792	0.0492435	0.0848633	0.18142	0.101321	0.414564	0.185868	0.12873	0.464116	0.992885	2.41427	6	1.34785
145000	-23.04604	-53.1872	30.14116	1000	0.98205	0.0434967	0.0114021	0.0369178	0.0415771	0.0135923	0.0460078	0.0293938	0.0173718	0.0315411	0.124198	0.360261	0.0457202	0.170897	0.133359	0.471289	0.996961	2.39839	6	0.9723757
146000	-29.82583	-50.64609	20.82026	10	0.5310674	0.00394357	0.0786163	0.00118516	0.021896	0.0417385	0.018955	0.0116636	0.0329464	0.426256	0.0233962	0.000983971	0.0206916	0.0944672	0.0392805	0.271714	0.841621	2.84738	5	0.7767398
147000	-22.21542	-50.26733	28.05191	1000	4.691907	0.0774401	0.0052974	0.0799386	0.00426704	0.0885684	0.00373136	0.0154552	0.0088853	0.432771	0.0389251	0.130802	0.0108375	0.0119974	0.488756	0.796183	1.08379	1.63127	6	0.908916
148000	-33.88705	-49.01875	15.1317	10	4.558427	0.0492661	0.0293694	0.0205986	0.0522768	0.0244089	0.0197755	0.0115052	0.0657977	0.16226	0.167199	0.308557	0.0485623	0.076073	0.482635	0.792547	1.08397	1.64084	5	1.03565
149000	-37.95874	-51.42723	13.46849	10	1.766139	0.0040923	0.122253	0.126907	0.239308	0.0227937	0.00539688	0.043342	0.0250901	0.0841433	0.00605318	0.164212	0.613172	0.0177602	0.263666	0.627594	1.06286	2.04588	5	1.474524
150000	-37.81203	-53.38491	15.57288	2	0.8440947	0.00416188	0.073789	0.0020993	0.0982419	0.0155649	0.00303962	0.00483993	0.0136	0.147349	0.202579	0.116884	0.175363	0.0731051	0.104901	0.424299	0.968462	2.50234	4	0.9306168
151000	-35.98068	-54.34736	18.36668	10	1.361287	0.0722642	0.022296	0.117675	0.0800469	0.0665689	0.0885431	0.0431606	0.0205709	0.0118896	0.00199881	0.228439	0.250475	0.0126433	0.203077	0.563712	1.04112	2.19209	5	1.016572
152000	-40.19499	-54.95281	14.75782	2	0.5171504	0.116173	0.0145426	0.0904193	0.09063	0.0151992	0.0902632	0.00238424	0.000611765	0.0602192	0.0588971	0.297434	0.00366756	0.127032	0.0366088	0.262965	0.832357	2.86807	4	0.9674732
153000	-49.77606	-59.92331	10.14725	1	0.4200771	0.0860441	0.104966	0.198878	0.0684822	0.0358527	0.214282	0.0431558	0.0059281	0.0736565	0.148617	0.339454	0.025774	0.0450486	0.0197142	0.196588	0.752123	3.03157	3	1.390139
154000	-20.6748	-52.33115	31.65635	1000	0.6439551	0.0469066	0.0135069	0.146969	0.0249095	0.0083681	0.0559498	0.00532542	0.0132751	0.0331061	0.0236467	0.00509249	0.268564	0.079528	0.0622821	0.335842	0.902187	2.69969	6	0.7251477
155000	-29.29616	-56.57746	27.2813	1000	0.5684814	0.122437	0.0484461	0.029459	0.279607	0.0349373	0.0677396	0.0136563	0.0156686	0.16029	0.124043	0.13897	0.0385883	0.186823	0.0466795	0.294292	0.864346	2.79468	6	1.260666
156000	-37.44734	-54.39618	16.94884	10	1.380532	0.0457632	0.0646973	0.0898641	0.0954487	0.0338725	0.0428629	0.0590284	0.00490779	0.0314858	0.132158	0.0920606	0.119016	0.379713	0.206263	0.567383	1.04256	2.18379	5	1.190878
157000	-42.0424	-52.23184	10.18943	10	2.181664	0.155129	0.142968	0.0769363	0.0372009	0.0703083	0.0314988	0.0270883	0.0390967	0.113463	0.249482	0.534415	0.0745562	0.19415	0.314037	0.673038	1.07394	1.93899	5	1.746294
158000	-19.49899	-50.25454	30.75555	1000	0.8897414	0.0523905	0.00362895	0.0662873	0.0459372	0.0523265	0.00500296	0.0626289	0.00181049	0.0288286	0.098262	0.343102	0.000530025	0.021246	0.114464	0.440904	0.979025	2.46561	6	0.781981
159000	-21.07345	-52.02688	30.95342	1000	0.8245766	0.141389	0.00585286	0.0974019	0.0814998	0.0344937	0.030991	0.0122972	0.00192964	0.120327	0.0161449	0.261764	0.0957271	0.0850079	0.100777	0.416844	0.963539	2.51884	6	0.9848254
160000	-24.40715	-56.68807	32.28092	1000	0.7112656	0.0128247	0.103033	0.0266501	0.0231046	0.190034	0.00853	0.0192931	0.0568063	0.0571927	0.0180458	0.280486	0.0771668	0.0235212	0.0765961	0.368797	0.928973	2.62563	6	0.8966887
161000	-15.52842	-47.92516	32.39674	1000	1.765539	0.0382287	0.0505265	0.0399217	0.0574814	0.00743586	0.0233995	0.00681057	0.0070572	0.345207	0.0312116	0.0234955	0.0705666	0.0669498	0.263585	0.627516	1.06284	2.04606	6	0.7682918
162000	-25.64182	-54.11344	28.47162	1000	0.8712596	0.0567878	0.127716	0.051271	0.110844	0.0105882	0.142337	0.00426419	0.0249703	0.0438887	0.0552202	0.226637	0.0426389	0.235909	0.110607	0.434317	0.9749	2.48018	6	1.133072
163000	-38.7979	-53.65725	14.85935	2	0.8017759	0.022665	0.00898483	0.0141562	0.0797524	0.0186569	0.129468	0.048415	0.0134435	0.0500794	0.122321	0.0629429	0.294081	0.0329107	0.0959366	0.407848	0.957446	2.53877	4	0.8978766
164000	-39.82233	-54.92454	15.10221	2	0.59658	0.00718676	0.112381	0.0861349	0.117194	0.0213604	0.0158408	0.0373454	0.00123429	0.0648187	0.0788012	0.322847	0.0254313	0.0252155	0.0524035	0.310366	0.879564	2.75767	4	0.9157922
165000	-23.36196	-52.22897	28.86702	1000	2.605622	0.0891321	0.0174771	0.0745584	0.0513343	0.0806713	0.0263336	0.0120981	0.00769584	0.0146981	0.0348084	0.259187	0.125592	0.106377	0.356247	0.707055	1.07973	1.85697	6	0.8999624
166000	-28.28896	-50.56811	22.27916	10	0.7156421	0.0891164	0.0272462	0.0350847	0.0361116	0.0228935	0.0369375	0.0135467	0.00896199	0.0817286	0.00618949	0.0150853	0.308469	0.00555432	0.0775321	0.370818	0.93053	2.62112	5	0.6869253
167000	-47.73146	-53.84472	6.113256	1	1.417648	0.0831011	0.0678723	0.00356798	0.0411438	0.0686805	0.0442682	0.125016	0.0490745	0.0080855	0.0370153	0.0338117	0.66461	0.467534	0.212316	0.574249	1.0452	2.16824	3	1.693781
168000	-39.87647	-54.128	14.25154	2	0.6580766	0.00977336	0.0632967	0.042377	0.0394148	0.065353	0.0122599	0.0428253	0.0901233	0.00201995	0.293354	0.0169871	0.194037	0.179121	0.065266	0.343059	0.908284	2.68339	4	1.050943
169000	-24.90493	-54.13971	29.23478	1000	0.9691976	0.0119406	0.0709117	0.0499707	0.00522077	0.0140169	0.0120862	0.0641021	0.083799	0.241938	0.168617	0.00532254	0.00973521	0.0616999	0.130768	0.467294	0.994703	2.40724	6	0.7993605
170000	-45.38507	-52.66995	7.284885	2	3.022723	0.0484563	0.0717381	0.154173	0.0808403	0.0748096	0.0471862	0.0551667	0.0535945	0.153451	0.122306	0.120042	0.565195	0.00571232	0.391012	0.732778	1.08263	1.79358	4	1.552671
171000	-30.5385	-50.55722	20.01872	2	1.367791	0.0651102	0.0119487	0.0242296	0.0316639	0.0107841	0.00409599	0.00351749	0.039295	0.0399398	0.0130806	0.132538	0.0246695	0.065535	0.204158	0.564961	1.04161	2.18927	4	0.4664077
172000	-21.48267	-50.48065	28.99799	1000	2.166457	0.0997753	0.002193	0.0754571	0.0965997	0.0428223	0.00689608	0.00772671	0.0218228	0.124307	0.0239553	0.0919338	0.107417	0.298831	0.312367	0.671622	1.07365	1.94236	6	0.9997373
173000	-31.38441	-55.77464	24.39024	1000	1.071031	0.143466	0.0365581	0.0792981	0.00870404	0.162344	0.0561406	0.0137261	0.0981939	0.269671	0.0390532	0.0660349	0.074475	0.108386	0.150905	0.497108	1.01084	2.34115	6	1.156051
174000	-38.84394	-55.25299	16.40905	10	1.460215	0.0665489	0.0512183	0.143961	0.134029	0.0147793	0.045442	0.070597	0.0414111	0.034056	0.0668935	0.0325798	0.121468	0.380285	0.219111	0.581797	1.048	2.15109	5	1.203269
175000	-38.87831	-55.80846	16.93016	10	1.689584	0.0170256	0.122109	0.0300084	0.161207	0.0157768	0.0703586	0.0516589	0.0156521	0.00735932	0.176825	0.175893	0.0310564	0.19126	0.25318	0.617345	1.05986	2.06962	5	1.066189
176000	-19.78648	-49.86139	30.07491	1000	0.8095456	0.0701221	0.144344	0.00626483	0.20256	0.00767803	0.00776233	0.0190514	0.00119922	0.0101812	0.0307839	0.0474084	0.478213	0.0931459	0.0975883	0.410949	0.959565	2.5319	6	1.118714
177000	-20.57869	-50.91664	30.33795	1000	1.006084	0.0206322	0.0315647	0.0751408	0.0207555	0.0396054	0.00625255	0.0308213	0.0481203	0.0625014	0.042469	0.121781	0.403607	0.0338929	0.138166	0.478573	1.001	2.38226	6	0.9371437
178000	-29.82488	-50.64407	20.81919	1000	1.232949	0.0631004	0.103247	0.0324926	0.00422778	0.0707292	0.00882407	0.0380809	0.00119887	0.125268	0.733069	0.0590962	0.121685	0.0802572	0.180973	0.537094	1.02996	2.25198	6	1.441276
179000	-39.04044	-54.7037	15.66326	2	1.220728	0.0294239	0.0467147	0.0654017	0.0312325	0.016683	0.0161531	0.039648	0.0376961	0.0741679	0.0254077	0.163416	0.209141	0.000469079	0.178789	0.534346	1.02873	2.25813	4	0.7555544
180000	-40.26448	-55.82554	15.56107	1	0.4803482	0.102918	0.016808	0.0095807	0.0402679	0.00647165	0.130477	0.0226795	0.0498096	0.0492063	0.266255	0.136094	0.00811341	0.00404941	0.0298057	0.238893	0.805425	2.92588	3	0.8427298
181000	-22.52527	-52.40674	29.88147	1000	2.805556	0.0461691	0.0126418	0.0299478	0.0417731	0.0192223	0.00764711	0.00632627	0.0943964	0.00938326	0.283902	0.253647	0.0381766	0.00882937	0.373637	0.72016	1.08137	1.82483	6	0.8520618
182000	-19.37669	-50.87857	31.50187	1000	0.8027356	0.119553	0.0548747	0.0729276	0.0486119	0.0111006	0.0123735	0.00404383	0.0138477	0.022138	0.00066121	0.134203	0.267403	0.141407	0.0961407	0.408233	0.95771	2.53792	6	0.9031458
183000	-25.03949	-54.86742	29.82794	1000	3.163817	0.106976	0.0211781	0.0557469	0.0239116	0.00782795	0.0498953	0.0424053	0.021127	0.0471437	0.021535	0.230229	0.0479831	0.0901407	0.401551	0.740213	1.08321	1.77502	6	0.7660996
184000	-45.10173	-55.23503	10.13331	1	1.777432	0.0442475	0.04909	0.0088471	0.0288479	0.0165441	0.0917561	0.11337	0.107754	0.0890577	0.415452	0.0715725	0.207992	0.0112671	0.265177	0.629047	1.06327	2.0425	3	1.255798
185000	-29.24942	-53.40603	24.15661	1000	2.603707	0.0310246	0.243062	0.0660071	0.028137	0.0323269	0.00322399	0.0265643	0.0327289	0.285844	0.0303134	0.212787	0.146953	0.220575	0.356074	0.706922	1.07971	1.85729	6	1.359547
186000	-34.13052	-55.10698	20.97647	10	1.777199	0.0387254	0.0412015	0.0913704	0.0112036	0.0413818	0.0119626	0.030681	0.0247431	0.240888	0.00857595	0.060137	0.0457911	0.0200558	0.265146	0.629017	1.06327	2.04257	5	0.6667172
187000	-32.14128	-48.45523	16.31395	10	0.8478285	0.090587	0.0656941	0.0162512	0.124754	0.0151524	0.00672458	0.0155945	0.00870901	0.54614	0.0935591	0.0866567	0.045982	0.036589	0.105688	0.4257	0.969375	2.49924	5	1.152394
188000	-42.92865	-57.01563	14.08699	10	1.554205	0.0384964	0.125459	0.00280739	0.0915401	0.105838	0.0247402	0.0840806	0.0780169	0.04346	0.0772646	0.220735	0.0131093	0.33328	0.233576	0.597337	1.05345	2.11563	5	1.238828
189000	-51.86318	-60.95969	9.096504	1	0.2974608	0.210818	0.207454	0.119231	0.0637264	0.0352039	0.0535665	0.0264763	0.0430643	0.0393081	0.301465	0.300522	0.0337467	0.0728934	0.00509159	0.102521	0.591514	3.30087	3	1.507475
190000	-21.38701	-52.98308	31.59607	1000	0.4813086	0.0426872	0.0459359	0.126598	0.0571415	0.00666824	0.0438857	0.0393494	0.000127278	0.0114817	0.126852	0.3295	0.0446519	0.0234864	0.0299779	0.239538	0.806177	2.92431	6	0.898366
191000	-45.22105	-54.90882	9.687762	10	2.273273	0.015329	0.12103	0.0179401	0.0378935	0.0283467	0.0696288	0.0776073	0.0222437	0.348114	0.149071	0.281186	0.179724	0.14057	0.32385	0.681246	1.07553	1.91937	5	1.488685
192000	-27.48478	-53.69642	26.21164	1000	0.9304498	0.122485	0.0159291	0.0229925	0.0366053	0.0374841	0.0514939	0.0300375	0.153707	0.187857	0.023275	0.364399	0.0112778	0.185473	0.122876	0.4548	0.987447	2.43488	6	1.243017
193000	-27.24459	-56.98872	29.74414	1000	0.602486	0.114624	0.113868	0.0422592	0.104845	0.034479	0.0150594	0.0498979	0.0587937	7.39459e-05	0.157649	0.0044393	0.212664	0.0493963	0.0536212	0.313651	0.882582	2.75015	6	0.9580495
194000	-43.12587	-57.49117	14.3653	10	0.5898797	0.208747	0.0798862	0.0111938	0.102243	0.0767969	0.0241296	0.0184926	0.0147742	0.248292	0.0428435	0.410862	0.0900699	0.0427179	0.0510276	0.3066	0.876067	2.76631	5	1.371048
195000	-36.64556	-51.60275	14.95719	1	0.7679805	0.0566135	0.00310003	0.0237313	0.0405043	0.0270318	0.0943883	0.00216406	0.0141854	0.0311063	0.0311087	0.448118	0.0819262	0.0203762	0.0887295	0.393916	0.947672	2.56968	3	0.8743543
196000	-47.16213	-54.43016	7.268034	1	0.5885522	0.0923587	0.16592	0.0621624	0.0512814	0.0890642	0.0772548	0.041307	0.00211751	0.15183	0.305852	0.396807	0.142583	0.0826743	0.0507558	0.305849	0.875364	2.76803	3	1.661213
197000	-37.4124	-52.49263	15.08022	0.2	0.6726036	0.012	0.0368126	0.039866	0.140817	0.0252893	0.00252036	0.00111481	0.00287175	0.0433915	0.331123	0.0732539	0.21997	0.184514	0.0683487	0.350312	0.914277	2.66706	2	1.113545
198000	-44.77259	-55.83568	11.06309	2	0.3288409	0.0127111	0.0778969	0.0510078	0.202814	0.0211078	0.145255	0.0115345	0.053523	0.0504214	0.19465	0.126659	0.10373	0.249703	0.00792399	0.127038	0.641205	3.22383	4	1.301014
199000	-28.25762	-54.85723	26.59961	1000	1.56254	0.00640649	0.0490779	0.107927	0.141208	0.232226	0.0478004	0.0558119	0.00133023	0.0672112	0.0165314	0.08194	0.499702	0.0376849	0.234824	0.598646	1.05389	2.11264	6	1.344858
200000	-44.38483	-52.55152	8.166689	1	2.504769	0.0834911	0.23168	0.00870773	0.0199849	0.0719998	0.0409458	0.0993348	0.0111832	0.0637513	0.155213	0.170983	0.387671	0.0347797	0.346908	0.699809	1.07868	1.8746	3	1.379726
201000	-24.27353	-51.21241	26.93889	1000	1.197145	0.0181346	0.0717248	0.0211232	0.0404337	0.0471302	0.0172972	0.0423849	0.0434685	0.21534	0.43058	0.094707	0.0731838	0.0989803	0.174535	0.528929	1.02628	2.27025	6	1.214488
202000	-34.90875	-51.79184	16.88308	10	0.9888111	0.0505881	0.111321	0.000968445	0.0340532	0.0183851	0.0325857	0.00302366	0.0436812	0.369112	0.0915869	0.0442218	0.157634	0.0369074	0.134716	0.473363	0.998121	2.3938	5	0.9940679
203000	-37.70022	-54.35739	16.65717	10	1.576345	0.521322	0.0374634	0.0434146	0.0260744	0.00974359	0.0436973	0.00805587	0.0260113	0.0519066	0.028951	0.0571807	0.215955	0.032336	0.236879	0.60079	1.05461	2.10772	5	1.102112
204000	-37.81947	-54.28411	16.46463	2	0.3338228	0.0159159	0.0168739	0.128027	0.0707379	0.00838194	0.0368538	0.0186723	0.0147303	0.280423	0.0501981	0.0630051	0.0876036	0.0619125	0.0084357	0.130935	0.648467	3.21216	4	0.8533346
205000	-46.78867	-57.53288	10.7442	1	1.950232	0.0442773	0.0272688	0.142844	0.0722189	0.0214388	0.0012601	0.05209	0.0506243	0.280387	0.149875	0.0789863	0.210796	0.045362	0.287261	0.649615	1.06869	1.99443	3	1.177428
206000	-43.72956	-52.50052	8.770968	2	1.880803	0.0828517	0.0163965	0.0447613	0.0106429	0.0271594	0.131884	0.0118924	0.0134788	0.00686154	0.0238801	0.148926	0.0244326	0.993312	0.278618	0.641709	1.0667	2.01297	4	1.53648
207000	-29.57368	-55.78698	26.2133	1000	0.264754	0.0193646	0.141789	0.0714894	0.350578	0.0813276	0.0108504	0.00863662	0.0069465	0.356624	0.045416	0.22647	0.0757476	0.0110557	0.00287184	0.0775329	0.531584	3.38801	6	1.406295
208000	-37.91519	-54.46133	16.54614	10	1.696744	0.0350154	0.130329	0.0166246	0.0354665	0.128361	0.0098396	0.00893244	0.0311468	0.0238531	0.0622917	0.374129	0.0395552	0.165117	0.254179	0.618334	1.06015	2.06733	5	1.060662
209000	-34.59852	-50.09631	15.49779	1	2.019839	0.0738669	0.033423	0.037857	0.0660136	0.00919859	0.00789641	0.00957193	0.0120105	0.0353328	0.0261628	0.119174	0.246323	0.0182782	0.295631	0.657107	1.07048	1.97678	3	0.6951087
210000	-34.1164	-51.38917	17.27277	10	0.521135	0.0396824	0.0342844	0.0322745	0.0150618	0.0297434	0.00572783	0.0688177	0.0365734	0.00749462	0.0296308	0.691155	0.127321	0.078821	0.0373687	0.26549	0.835058	2.86208	5	1.196588
211000	-29.56382	-56.38058	26.81677	1000	2.821267	0.0598568	0.116998	0.0272821	0.193629	0.105228	0.0132336	0.0169794	0.0633982	0.00400219	0.00399312	0.112055	0.25994	0.00323694	0.374944	0.721126	1.08148	1.82245	6	0.9798322
212000	-31.85352	-57.32856	25.47504	1000	3.785787	0.178165	0.0232473	0.00999376	0.113095	0.0236089	0.0137994	0.175137	0.109824	0.0593396	0.0203401	0.0449838	0.415545	0.0461871	0.442193	0.76746	1.08437	1.70598	6	1.233266
213000	-26.54423	-52.5607	26.01647	1000	1.453344	0.0972429	0.0760902	0.0539039	0.119421	0.0160633	0.0382373	0.00612151	0.00141332	0.131023	0.00471147	0.258557	0.337705	0.0161273	0.218024	0.580602	1.04756	2.15381	6	1.156616
214000	-31.67453	-48.10912	16.4346	2	1.759806	0.0139034	0.0388866	0.030131	0.0191309	0.0163326	0.0140969	0.00908479	0.007169	0.0380552	0.0291647	0.109923	0.103544	0.362466	0.262814	0.626773	1.06263	2.04779	4	0.7918874
215000	-39.60866	-52.01424	12.40558	10	3.50059	0.0792027	0.122473	0.0814286	0.0254361	0.0253548	0.00844576	0.0917709	0.0232467	0.204275	0.0524621	0.0161092	0.616979	0.0180114	0.424629	0.755951	1.08408	1.73534	5	1.365195
216000	-42.08581	-59.08041	16.9946	1	1.086107	0.0465774	0.037091	0.00985771	0.0494982	0.0433946	0.0941657	0.0102399	0.00279998	0.216059	0.0405367	0.000412234	0.0163754	0.0717927	0.153807	0.501187	1.01292	2.33208	3	0.6388003
217000	-32.83876	-49.53102	16.69226	10	1.908248	0.12749	0.0068314	0.0451796	0.0260474	0.0191525	0.023664	0.0145692	0.00621255	0.0935987	0.44075	0.118254	0.0559843	0.0522747	0.282071	0.644888	1.06751	2.00553	5	1.030008
218000	-44.36685	-57.79801	13.43117	1	0.8215909	0.016989	0.049358	0.00620588	0.100848	0.013077	0.0270666	0.004798	0.0140446	0.1537	0.0274206	0.0837107	0.469754	0.0546237	0.100144	0.415684	0.962762	2.52141	3	1.021596
219000	-36.01227	-54.52721	18.51494	10	0.5122755	0.0905834	0.132149	0.0710713	0.0192654	0.0196951	0.0104312	0.0474316	0.0466223	0.00993119	0.0609154	0.268628	0.120304	0.0432227	0.0356849	0.259854	0.828999	2.87546	5	0.9402503
220000	-26.56989	-57.83102	31.26113	1000	0.7724726	0.107304	0.00419549	0.0189028	0.0269579	0.0269139	0.155024	0.0179761	0.0231586	0.153172	0.11142	0.138595	0.0635847	0.103903	0.0896892	0.395811	0.949026	2.56547	6	0.9511067
221000	-38.69075	-55.01834	16.32759	10	1.437442	0.151068	0.0539737	0.0960672	0.111039	0.0293322	0.020688	0.0112097	0.055259	0.15949	0.0142831	0.12929	0.0874955	0.000274665	0.215495	0.577801	1.04653	2.16018	5	0.9194693
222000	-40.13599	-56.54092	16.40492	2	1.123929	0.0616198	0.0147801	0.0636564	0.000297111	0.00364369	0.0400099	0.152716	0.0149167	0.042302	0.0510991	0.294116	0.0155199	0.0525911	0.160997	0.511076	1.01784	2.31009	4	0.8072668
223000	-33.91075	-50.89568	16.98493	10	1.124728	0.0594592	0.0489628	0.0299037	0.0740476	0.010657	0.0331198	0.0167255	0.0342241	0.196268	0.199069	0.0244724	0.051521	0.0215786	0.161147	0.511279	1.01794	2.30963	5	0.800009
224000	-22.34558	-48.72757	26.38199	1000	1.697464	0.0608098	0.0108888	0.00147635	0.0603792	0.0184267	0.0887853	0.0204367	0.00635577	0.0674032	0.439895	0.0840661	0.0806771	0.0542901	0.254279	0.618434	1.06018	2.0671	6	0.99389
225000	-22.11713	-51.7288	29.61167	1000	0.9320404	0.0434845	0.0206834	0.0406694	0.0151198	0.0462948	0.0228536	0.0128613	0.000324288	0.0305839	0.0271204	0.174933	0.131844	0.255346	0.123202	0.455327	0.987759	2.43371	6	0.8221181
226000	-39.43088	-55.89731	16.46643	10	0.8672045	0.0729936	0.0901556	0.23443	0.0155959	0.0525471	0.0392236	0.0359305	0.0708657	0.266676	0.0184792	0.192381	0.0191245	0.0802969	0.109758	0.432847	0.973968	2.48343	5	1.188699
227000	-31.15891	-51.58253	20.42362	10	1.494078	0.0303081	0.10962	0.0354633	0.0258495	0.00510164	0.0259221	0.00290211	0.00614535	0.0199734	0.0883731	0.354807	0.00204889	0.00664949	0.224406	0.587568	1.05007	2.13795	5	0.7131634
228000	-36.9255	-51.31968	14.39418	10	3.662383	0.0501504	0.0156216	0.0989817	0.0438752	0.0465205	0.00153232	0.0549938	0.0417442	0.357613	0.0440246	0.0267579	0.115754	0.090322	0.434796	0.76266	1.08428	1.71826	5	0.987892
229000	-40.75408	-52.04896	11.29488	10	1.259439	0.0451488	0.0783901	0.015676	0.10931	0.0187041	0.130086	0.039734	0.0201829	0.0300463	0.850014	0.180109	0.0339882	0.0797228	0.185659	0.542915	1.0325	2.23892	5	1.631113
230000	-40.28994	-52.07636	11.78643	10	0.7144905	0.0492231	0.0380646	0.00315336	0.124228	0.0221393	0.0600023	0.0618536	0.044447	0.00602607	0.016589	0.339322	0.125551	0.277562	0.0772857	0.370288	0.930122	2.6223	5	1.168162
231000	-27.45979	-57.74641	30.28663	1000	1.276315	0.0457476	0.00221902	0.0114418	0.0390948	0.0131425	0.177336	0.00536286	0.00504497	0.145345	0.0627525	0.326055	0.0214596	0.0931629	0.188611	0.54653	1.03406	2.2308	6	0.9481646
232000	-33.65939	-61.76234	28.10294	1000	0.9048689	0.017288	0.135775	0.0832392	0.0471546	0.0150122	0.00964291	0.138232	0.0425007	0.0304003	0.00751944	0.0233837	0.266017	0.0491162	0.117604	0.446164	0.982257	2.45398	6	0.8652815
233000	-30.92949	-49.11516	18.18567	10	2.173857	0.0689551	0.0468021	0.0319992	0.044937	0.00820343	0.0114145	0.0393855	0.0185919	0.175053	0.00646258	0.113823	0.0540472	0.251878	0.313181	0.672313	1.07379	1.94072	5	0.8715528
234000	-28.95891	-49.17063	20.21172	10	1.430454	0.0195817	0.0617907	0.0165698	0.0158109	0.0154218	0.031201	0.00725554	0.0166744	0.0557403	0.329783	0.0535098	0.0426256	0.0534094	0.214376	0.576556	1.04606	2.16301	5	0.7193737
235000	-19.57079	-51.46086	31.89007	1000	2.561083	0.0624115	0.0546839	0.0391407	0.0429732	0.0183663	0.0270454	0.0165421	0.0116823	0.011972	0.0660758	0.149701	0.0595661	0.0225434	0.352172	0.703912	1.07929	1.86463	6	0.5827038
236000	-42.54399	-54.76146	12.21747	10	2.495665	0.0151775	0.0926477	0.124168	0.215494	0.00584321	0.021825	0.070027	0.0362957	0.235337	0.0161038	0.122711	0.289255	0.0482456	0.346045	0.699132	1.07858	1.87624	5	1.29313
237000	-29.36516	-54.75711	25.39196	1000	1.824176	0.129492	0.0645284	0.0359491	0.0617044	0.0963314	0.058615	0.0651422	0.0133974	0.0585015	0.0228821	0.109893	0.198957	0.253612	0.271343	0.634912	1.0649	2.02885	6	1.169006
238000	-20.53044	-50.85277	30.32232	1000	0.9027115	0.124059	0.0832586	0.0328034	0.0742005	0.0762912	0.00113446	0.00135415	0.028678	0.0124268	0.0614681	0.0911599	0.0816054	0.293181	0.117157	0.445421	0.981803	2.45562	6	0.9616199
239000	-42.86984	-56.23906	13.36922	10	2.757434	0.240145	0.126624	0.021715	0.267671	0.0143048	0.061154	0.00598432	0.0263193	0.140948	0.0554727	0.115095	0.0609919	0.214423	0.36958	0.717147	1.08102	1.83225	5	1.350847
240000	-42.80835	-53.89887	11.09052	10	3.82733	0.170149	0.0671894	0.156736	0.0569936	0.131635	0.00373589	0.0416663	0.0202863	0.382666	0.00999913	0.245497	0.183384	0.0436182	0.444618	0.769018	1.08439	1.70198	5	1.513556
241000	-37.01577	-52.77429	15.75852	2	2.620751	0.0152504	0.0533688	0.0298771	0.0344768	0.082499	0.0286021	0.0220503	0.0143379	0.00860272	0.0885153	0.201439	0.00456301	0.170941	0.357614	0.708103	1.07988	1.85441	4	0.7545227
242000	-45.97812	-54.07885	8.100736	2	2.570845	0.0567435	0.156695	0.152686	0.0627834	0.165095	0.0879987	0.0164189	0.0271098	0.0277814	0.00272264	0.0232318	0.572283	0.177805	0.353072	0.704609	1.07939	1.86293	4	1.529354
243000	-19.44135	-50.90577	31.46442	1000	1.937111	0.0326846	0.0116758	0.0100283	0.128662	0.0102425	0.00756459	0.0195159	0.0134503	0.222407	0.115057	0.0312158	0.0750757	0.139647	0.28565	0.648155	1.06833	1.99786	6	0.8172271
244000	-41.89919	-57.08956	15.19036	10	2.513577	0.0753444	0.0721996	0.0317777	0.0295621	0.0535623	0.0125127	0.0571337	0.254851	0.00284295	0.257423	0.0162783	0.0593552	0.219844	0.34774	0.700461	1.07878	1.87302	5	1.142686
245000	-43.28607	-54.40678	11.12071	2	2.036724	0.0883744	0.151381	0.0390787	0.0235749	0.00394846	0.039074	0.0528688	0.0291644	0.0563449	0.322448	0.000399623	0.344889	0.0184438	0.297619	0.658863	1.07088	1.97264	4	1.16999
246000	-37.13792	-51.52845	14.39052	2	1.181178	0.101619	0.0745572	0.0207921	0.144549	0.0100268	0.0124245	0.0127835	0.0171774	0.097647	0.00908987	0.0448172	0.0887211	0.297851	0.171626	0.525172	1.02455	2.27865	4	0.9320554
247000	-48.42951	-57.21575	8.786246	2	0.5600025	0.0271728	0.0682393	0.0470343	0.105491	0.0462973	0.126887	0.0973803	0.00719125	0.126401	0.132609	0.717538	0.00929244	0.0954743	0.044978	0.289294	0.859456	2.80627	4	1.607008
248000	-32.05844	-49.19958	17.14115	10	0.5029234	0.0633174	0.00139999	0.137896	0.0723133	0.0254448	0.035396	0.000585705	0.0133162	0.0561192	0.0291383	0.0256572	0.702196	0.0656292	0.0339309	0.25382	0.822384	2.88987	5	1.228409
249000	-44.96534	-57.7196	12.75426	10	0.2081772	0.0932393	0.0805585	0.0518393	0.163527	0.154399	0.012775	0.0200717	0.0584118	0.123505	0.144641	0.503072	0.118642	0.162399	0.000696676	0.0386221	0.40466	3.55602	5	1.68708
250000	-24.43128	-51.51682	27.08553	1000	2.444377	0.0623749	0.0339488	0.100013	0.00772135	0.0635783	0.0818917	0.00534012	0.0167371	0.163606	0.0255791	0.00273027	0.040053	0.469097	0.341119	0.69524	1.07797	1.88567	6	1.072671
251000	-43.42793	-56.07473	12.6468	2	0.426419	0.0441111	0.0182504	0.0227714	0.0510692	0.10308	0.0958468	0.012	0.0118501	0.0383299	0.0657768	0.189025	0.357392	0.12523	0.020703	0.201201	0.758356	3.01974	4	1.134733
252000	-27.54887	-54.59909	27.05022	1000	2.574882	0.0473094	0.0290651	0.0340015	0.0261767	0.0486757	0.00745647	0.0764589	0.0474886	0.241309	0.006277	0.083795	0.0540475	0.188127	0.353443	0.704895	1.07943	1.86223	6	0.8901882
253000	-35.11627	-48.94257	13.82631	1	1.643159	0.0509731	0.0951556	0.00176345	0.0203256	0.0204097	0.0174231	0.00055954	0.0211569	0.0829086	0.0450261	0.0107845	0.436219	0.0972192	0.246615	0.610772	1.05783	2.08478	3	0.8999247
254000	-28.98015	-51.98131	23.00117	10	0.5795345	0.0515052	0.00916344	0.0146818	0.0775686	0.0626135	0.0118588	0.0574774	0.00576269	0.0193641	0.204238	0.0377856	0.0321479	0.073137	0.0489163	0.300703	0.870508	2.77987	5	0.6573041
255000	-40.06682	-52.30219	12.23536	1	3.02914	0.0511661	0.0271623	0.0762273	0.0423272	0.0160168	0.0504941	0.0054435	0.00993341	0.132471	0.0187692	0.108471	0.0137183	0.36822	0.391504	0.733129	1.08266	1.79271	3	0.9204211
256000	-50.98609	-64.26846	13.28238	10	0.275122	0.0850197	0.0413456	0.0500358	0.00148682	0.087857	0.082718	0.0874512	0.26096	0.21481	0.122812	0.257376	0.00300053	0.255945	0.00349466	0.0853412	0.551559	3.3596	5	1.550817
257000	-42.60664	-58.30026	15.69362	10	0.8140818	0.00361662	0.0753904	0.169731	0.203481	0.0307479	0.0254172	0.0466168	0.010752	0.371408	0.110088	0.0551298	0.0172137	0.0881861	0.0985515	0.412742	0.960782	2.52792	5	1.207779
258000	-38.75488	-55.20143	16.44654	10	2.79039	0.19898	0.0219411	0.0167461	0.0828807	0.0398017	0.00832453	0.0719152	0.0122708	0.0273177	0.089677	0.0471332	0.0210793	0.404945	0.372367	0.71922	1.08126	1.82715	5	1.043013
259000	-31.20122	-55.78503	24.58381	1000	1.957832	0.0191872	0.11499	0.00326333	0.0769457	0.0199058	0.0164273	0.0791229	0.0530017	0.336066	0.0181549	0.154115	0.0763257	0.106054	0.288189	0.650453	1.0689	1.99246	6	1.073559
260000	-30.06953	-54.43679	24.36726	1000	0.9368904	0.0895595	0.0270072	0.0108344	0.214715	0.0240623	0.0597037	0.030592	0.00647334	0.148781	0.00348454	0.0299223	0.374279	0.142883	0.124196	0.456925	0.988702	2.43018	6	1.162297
261000	-27.01007	-55.27537	28.26529	1000	1.417581	0.00667784	0.152962	0.000269663	0.23905	0.0456202	0.111264	0.0463889	0.0307975	0.0510308	0.0916256	0.0445138	0.0343993	0.253462	0.212305	0.574237	1.04519	2.16827	6	1.108061
262000	-32.54488	-49.31847	16.77359	10	2.214193	0.0808593	0.0310088	0.0296819	0.0823356	0.00956363	0.0606286	0.00207233	0.00688012	0.07873	0.155872	0.0325236	0.0479849	0.460555	0.317569	0.676015	1.07453	1.93189	5	1.078697
263000	-40.73493	-55.06649	14.33156	2	0.8309796	0.0155632	0.098645	0.111049	0.0988317	0.0471651	0.0535939	0.014072	0.0143215	0.0623668	0.282904	0.152798	0.0288695	0.0182061	0.102132	0.419314	0.965183	2.51337	4	0.9983868
264000	-33.20018	-51.99389	18.79372	10	1.061725	0.0378981	0.0358634	0.0851435	0.110641	0.0067136	0.118219	0.000975273	0.0110301	0.0835525	0.134588	0.0242828	0.00218762	0.380154	0.149103	0.49455	1.00952	2.34683	5	1.031249
265000	-24.72276	-53.84814	29.12538	1000	1.592839	0.119553	0.124095	0.0792326	0.0882608	0.0159305	0.00400373	0.108625	0.0400445	0.00204658	0.00958764	0.0808752	0.0782377	0.308524	0.239314	0.603314	1.05544	2.10193	6	1.059015
266000	-46.89927	-52.71454	5.81527	1	3.624461	0.0369959	0.0627068	0.195639	0.0365597	0.122459	0.000298353	0.0137916	0.0101646	0.36951	0.060984	0.331398	0.256798	0.00559393	0.432462	0.761132	1.08424	1.72216	3	1.502898
267000	-37.43789	-55.14359	17.7057	10	0.4851983	0.0155073	0.0562097	0.157183	0.151637	0.013369	0.077773	0.00246381	0.00820293	0.208047	0.00769677	0.488171	0.00508662	0.00257593	0.0306782	0.242143	0.809192	2.91799	5	1.193924
268000	-38.34234	-54.12957	15.78723	10	1.470021	0.0458014	0.0107506	0.103123	0.068195	0.143533	0.0139638	0.0585093	0.066581	0.0383914	0.180642	0.0641324	0.341319	0.0460248	0.220654	0.583489	1.04861	2.14725	5	1.180967
269000	-32.52675	-53.46566	20.9389	10	0.3615542	0.0549567	0.0368615	0.0258696	0.00545627	0.038218	0.000161264	0.0611788	0.0072646	0.315938	0.0721021	0.0161841	0.0768645	0.0747294	0.011581	0.152511	0.686086	3.14982	5	0.7857848
270000	-42.61791	-55.5704	12.95249	1	0.5096061	0.0195606	0.0161559	0.0540156	0.0247011	0.00690665	0.0714972	0.0169411	0.0681565	0.026726	0.414019	0.0687148	0.103137	0.210131	0.0351817	0.258141	0.827134	2.87954	3	1.100662
271000	-42.30596	-54.82154	12.51559	2	0.7872691	0.043961	0.0280791	0.192649	0.00818883	0.119662	0.0837905	0.071554	0.0462392	0.0571632	0.0391995	0.242373	0.355128	0.00433939	0.092847	0.401958	0.953364	2.55183	4	1.292327
272000	-45.68674	-54.98854	9.301799	10	2.461358	0.209095	0.0266899	0.026706	0.0484084	0.0478042	0.0666356	0.0110034	0.0277872	0.0170857	0.22939	0.240594	0.195546	0.323611	0.342762	0.696543	1.07818	1.88252	5	1.470357
273000	-38.9789	-54.13491	15.15601	0.2	0.4376295	0.128752	0.0142248	0.00587226	0.051604	0.107897	0.0165752	0.0110545	0.00830911	0.120832	0.137687	0.297094	0.355597	0.0396039	0.0224961	0.209265	0.768989	2.99925	2	1.295103
274000	-38.81954	-51.6366	12.81706	10	0.7595188	0.117606	0.0330823	0.0737122	0.0508909	0.0101405	0.0653627	0.00416159	0.0310164	0.0839925	0.110699	0.779716	0.0453006	0.203077	0.0869206	0.390311	0.945074	2.57769	5	1.608758
275000	-19.9331	-51.64671	31.71361	1000	0.6950189	0.0543769	0.0228507	0.107081	0.104679	0.0554848	0.0368713	0.00479294	0.00837975	0.0828789	0.175124	0.01396	0.0497081	0.243945	0.0731246	0.36117	0.923008	2.6427	6	0.960133
276000	-24.84767	-53.23515	28.38748	1000	0.8003571	0.0150662	0.1369	0.000887997	0.0410806	0.0663285	0.0872412	0.0076227	0.0630607	0.125278	0.377992	0.0265295	0.0711164	0.0984768	0.0956347	0.407278	0.957054	2.54003	6	1.11758
277000	-31.65359	-51.8091	20.15551	10	0.7826988	0.0239554	0.068825	0.0134984	0.145707	0.00322102	0.0471588	0.00557846	0.0257313	0.117162	0.00550721	0.213672	0.00938467	0.206536	0.0918722	0.400074	0.952043	2.55601	5	0.8859383
278000	-22.60727	-56.25029	33.64302	1000	0.1099903	0.0833914	0.0509475	0.0847894	0.0972997	0.0368213	0.00194278	0.0131931	0.0264621	0.17104	0.0989397	0.00659157	0.015381	0.0356719	1.85171e-06	0.00201982	0.121567	3.87641	6	0.7224719
279000	-39.25223	-59.11207	19.85983	1000	0.8357961	0.220762	0.129832	0.0172647	0.0739811	0.325328	0.0812188	0.14774	0.0160381	0.419783	0.10728	0.107986	0.1819	0.0522968	0.10315	0.421156	0.9664	2.50929	6	1.881409
280000	-31.76687	-53.17571	21.40884	1000	0.7626122	0.117816	0.166403	0.0770085	0.037139	0.0117586	0.0380764	0.00660657	0.0459037	0.458902	0.246686	0.0863351	0.0030539	0.387442	0.087582	0.391634	0.946031	2.57475	6	1.68313
281000	-40.61722	-53.87503	13.25782	10	1.245818	0.0844198	0.0684171	0.0484135	0.229542	0.00190225	0.0068399	0.0158133	0.020889	0.0804927	0.121061	0.0638231	0.03732	0.418339	0.183258	0.539944	1.03121	2.24559	5	1.197272
282000	-36.10817	-59.23115	23.12297	1000	0.2359943	0.129801	0.0322761	0.0277951	0.0699151	0.025638	0.282398	0.00756737	0.0364609	0.0933776	0.306142	0.388441	0.140057	0.0606468	0.00152201	0.0567786	0.471004	3.4707	6	1.600517
283000	-28.36167	-54.21919	25.85752	1000	2.500403	0.14811	0.0745938	0.105883	0.129329	0.182359	0.0469911	0.0100102	0.0024344	0.134175	0.0485471	0.0327548	0.28573	0.0277782	0.346495	0.699485	1.07863	1.87539	6	1.228696
284000	-34.91726	-50.52277	15.6055	2	1.068794	0.0245912	0.0168742	0.136514	0.0317262	0.0121136	0.0137965	0.00197791	0.0170145	0.0875081	0.10422	0.29961	0.0521179	0.151321	0.150472	0.496496	1.01053	2.34251	4	0.9493852
285000	-26.13002	-55.85155	29.72153	1000	2.588434	0.318647	0.106083	0.0447242	0.0981261	0.015843	0.0135457	0.00791656	0.0183004	0.0833342	0.0211801	0.00153009	0.0819455	0.076781	0.354684	0.705853	1.07956	1.8599	6	0.8879566
286000	-39.85175	-63.95323	24.10148	1000	0.9084507	0.0618509	0.171813	0.154207	0.277831	0.0331874	0.0896229	0.00443803	0.133245	0.031493	0.0741049	0.147	0.111541	0.0789017	0.118345	0.447393	0.983004	2.45126	6	1.369234
287000	-48.72684	-59.51648	10.78964	1	0.8014894	0.0595444	0.114404	0.199946	0.132575	0.064473	0.115791	0.075536	0.0664898	0.230375	0.0152488	0.0995422	0.0338565	0.0799761	0.0958757	0.407733	0.957367	2.53902	3	1.287759
288000	-30.3864	-49.31674	18.93034	10	2.27204	0.0295353	0.0443858	0.0185161	0.0206025	0.0108379	0.0362204	0.0167879	0.0139677	0.0738854	0.0832159	0.0344483	0.298038	0.0331993	0.323721	0.68114	1.07551	1.91963	5	0.7136402
289000	-43.99969	-57.59531	13.59562	1	2.64174	0.131447	0.0622064	0.0273397	0.0531637	0.0434083	0.059021	0.0171443	0.0122867	0.0782495	0.0166029	0.0284721	0.0762576	0.217536	0.359496	0.709541	1.08007	1.85089	3	0.8231354
290000	-41.9757	-53.03859	11.06289	1	2.759341	0.0311026	0.0487403	0.0920243	0.0022987	0.045079	0.026428	0.11417	0.0114604	0.0682506	0.383594	0.172435	0.0136597	0.0554056	0.369743	0.717268	1.08104	1.83195	3	1.064648
291000	-48.69506	-58.11153	9.416474	10	2.503703	0.0891896	0.000840748	0.230552	0.124026	0.017339	0.125085	0.150834	0.0118804	0.447854	0.181777	0.0319582	0.109293	0.0432973	0.346807	0.69973	1.07867	1.87479	5	1.563927
292000	-35.2081	-52.85364	17.64554	2	1.341795	0.0175472	0.0527869	0.0351067	0.0972703	0.0720025	0.0062621	0.00210124	0.0157188	0.0721746	0.11626	0.143247	0.013105	0.00810436	0.199816	0.559914	1.0396	2.20067	4	0.6516868
293000	-37.18109	-48.60582	11.42473	10	6.697784	0.0676574	0.113894	0.0223774	0.0540519	0.00114602	0.0221313	0.0275968	0.00398563	0.00465983	0.414171	0.0599049	0.0536447	0.09046	0.560254	0.835868	1.07966	1.52422	5	0.9356813
294000	-36.26938	-53.04841	16.77903	10	1.884071	0.252463	0.0665185	0.0134465	0.0624312	0.0759269	0.00918732	0.0223545	0.0211754	0.0408481	0.0377465	0.04355	0.0285517	0.338006	0.279032	0.642091	1.0668	2.01208	5	1.012205
295000	-34.10371	-50.44307	16.33936	10	0.8125849	0.140509	0.0907023	0.132468	0.0491466	0.0455108	0.0226703	0.0125737	0.0117607	0.136868	0.136033	0.430339	0.0117626	0.0717159	0.0982338	0.412152	0.960382	2.52923	5	1.292059
296000	-42.1125	-53.23269	11.12019	1	0.6058298	0.074649	0.0416937	0.161523	0.0628443	0.0403624	0.0180976	0.0360114	0.0499115	0.0371094	0.00225953	0.616919	0.0755121	0.0573758	0.0543127	0.315497	0.884264	2.74593	3	1.274269
297000	-31.21551	-51.70559	20.49008	10	1.541317	0.0337382	0.0186216	0.0123702	0.0326779	0.0421765	0.0170549	0.0589899	0.00662993	0.0613284	0.119235	0.129624	0.123869	0.00734114	0.231635	0.595292	1.05276	2.12031	5	0.6636567
298000	-40.61901	-55.7438	15.12478	2	0.437709	0.00973266	0.0551723	0.0977768	0.107094	0.101658	0.0212197	0.0609684	0.010789	0.0538024	0.0202907	0.000116092	0.135382	0.305719	0.022509	0.209322	0.769062	2.99911	4	0.9797213
299000	-37.37228	-52.99187	15.61959	10	2.373932	0.0399492	0.025843	0.326185	0.0665486	0.0178581	0.0122205	0.0111423	0.0135233	0.125805	0.0680584	0.0446858	0.1497	0.178764	0.334169	0.689675	1.07704	1.89911	5	1.080284
300000	-27.03065	-54.71927	27.68862	1000	1.0757	0.0563282	0.0378247	0.104787	0.0855349	0.00409378	0.00320445	0.051724	0.0550046	0.124187	0.251892	0.113112	0.140854	0.00515781	0.151806	0.49838	1.01149	2.33832	6	1.033705
301000	-39.21548	-51.87301	12.65753	2	4.648533	0.0355549	0.104275	0.0690009	0.0231543	0.000602584	0.0580819	0.00921125	0.00783115	0.0133209	0.00945655	0.0507858	0.230561	0.260168	0.486791	0.79502	1.08386	1.63433	4	0.8720037
302000	-37.36538	-57.52868	20.1633	1000	1.021775	0.310229	0.0272025	0.0460691	0.0459167	0.0727771	0.0961129	0.17976	0.0701284	0.0329072	0.00390076	0.120721	0.204744	0.266814	0.141278	0.4832	1.00352	2.37201	6	1.477282
303000	-46.39279	-53.87516	7.482373	2	1.49395	0.0770736	0.0102582	0.0135976	0.0540915	0.00163845	0.16322	0.162374	0.00359559	0.140802	0.814727	0.00735164	0.0463165	0.16851	0.224386	0.587546	1.05006	2.138	4	1.663557
304000	-41.38661	-50.927	9.540392	2	3.018717	0.0959576	0.0289823	0.125325	0.126503	0.0149946	0.0268174	0.0314264	0.00852989	0.0856619	0.473922	0.215043	0.0558364	0.071985	0.390705	0.732559	1.08261	1.79413	4	1.360985
305000	-38.37451	-52.31587	13.94136	10	1.012312	0.0229787	0.0500737	0.0947147	0.0420786	0.019343	0.0357587	0.0311563	0.0505832	0.149401	0.0964854	0.0682449	0.0757035	0.0554937	0.139404	0.480421	1.00201	2.37816	5	0.792015
306000	-28.02884	-56.93534	28.9065	1000	0.446533	0.0719978	0.182666	0.124021	0.00992942	0.0110149	0.0397377	0.0422993	0.01814	0.219682	0.121454	0.0415755	0.0506859	0.253201	0.0239597	0.215586	0.777098	2.98336	6	1.186406
307000	-41.11931	-55.26736	14.14806	10	1.179478	0.0703368	0.1436	0.0114842	0.124724	0.0240154	0.0733739	0.150396	0.0611021	0.408335	0.0599025	0.170145	0.126392	0.0202499	0.171314	0.524767	1.02437	2.27955	5	1.444056
308000	-29.98342	-49.29907	19.31565	10	0.3901105	0.0594342	0.0158673	0.0497704	0.0330614	0.0207832	0.0122941	0.0338593	0.00375636	0.0395056	0.360315	0.0979561	0.0909594	0.0718029	0.0153139	0.174331	0.720353	3.09	5	0.8893651
309000	-40.31509	-52.14726	11.83217	2	1.375265	0.00844743	0.0877892	0.0104209	0.136942	0.0822331	0.0515997	0.00535314	0.0204986	0.0127776	0.481741	0.049057	0.0744626	0.116273	0.205395	0.566386	1.04217	2.18605	4	1.137595
310000	-42.54814	-51.68597	9.137834	10	0.7860801	0.0429742	0.0809778	0.129507	0.168368	0.0121503	0.201251	0.00399995	0.000784745	0.00478354	0.0140377	0.00918809	1.01867	0.248641	0.0925934	0.401469	0.953022	2.55292	5	1.935337
311000	-45.91981	-57.36865	11.44884	1	0.9190042	0.0750352	0.0430035	0.13772	0.147187	0.0491014	0.0276387	0.0195979	0.0294561	0.0663973	0.0628924	0.0554505	0.494412	0.00219453	0.120523	0.450976	0.985166	2.44334	3	1.210087
312000	-15.47012	-47.09847	31.62836	1000	1.726639	0.0867314	0.0393634	0.00552144	0.0437557	0.00337245	0.0238839	0.00170161	0.0031202	0.0180217	0.0564003	0.202831	0.0649134	0.0443517	0.258307	0.622394	1.06136	2.05794	6	0.5939682
313000	-22.88218	-51.10456	28.22238	1000	0.9622436	0.0285989	0.0157728	0.192208	0.105049	0.0588172	0.00636864	0.02375	0.00439282	0.695619	0.0292269	0.0140187	5.47607e-06	0.0770033	0.12936	0.465101	0.993451	2.41209	6	1.25083
314000	-41.94389	-56.21142	14.26753	10	0.2572227	0.00969408	0.0814638	0.0748776	0.0586238	0.0289569	0.0110285	0.0170874	0.0138242	0.254499	0.0180642	0.0824904	0.0582532	0.0625887	0.0024656	0.0719534	0.516472	3.40911	5	0.7714515
315000	-31.56581	-52.22839	20.66259	10	1.397763	0.0742109	0.00926619	0.0205623	0.118992	0.0195395	0.019908	0.00128715	0.0432813	0.0513429	0.344885	0.00753587	0.0367548	0.0816138	0.209088	0.570605	1.04381	2.1765	5	0.8291795
316000	-52.43847	-59.32968	6.891209	2	1.693176	0.161196	0.0532288	0.0281594	0.0476969	0.0307918	0.0516465	0.126321	0.130988	0.00156857	0.0654084	0.331325	0.374901	0.144335	0.253682	0.617842	1.06001	2.06847	4	1.547566
317000	-42.25229	-55.94056	13.68827	0.2	0.6786236	0.0332106	0.0387889	0.00199843	0.125261	0.0669392	0.201538	0.00355098	0.0333373	0.182929	0.11393	0.15242	0.283842	0.0301932	0.0696293	0.353267	0.916682	2.66042	2	1.267939
318000	-24.65143	-55.18265	30.53122	1000	2.66717	0.127537	0.0197274	0.0974116	0.0846707	0.0222827	0.00647561	0.0231642	0.0703828	0.0649614	0.107882	0.0371757	0.141907	0.0157437	0.361754	0.711259	1.08029	1.84669	6	0.8193223
319000	-29.16734	-52.40993	23.24259	1000	1.975551	0.0350652	0.0711024	0.170114	0.0193245	0.0543321	0.088358	0.0353811	0.00615568	0.461654	0.284563	0.0229431	0.164698	0.0619133	0.290339	0.652388	1.06937	1.98791	6	1.475605
320000	-34.91254	-60.67832	25.76579	1000	1.202397	0.00331004	0.0996236	0.0205846	0.0499677	0.0809561	0.138653	0.109536	0.0496793	0.00246971	0.142433	0.116489	0.339875	0.0147439	0.175487	0.530149	1.02684	2.26752	6	1.168321
321000	-22.09866	-51.80072	29.70206	1000	1.006691	0.082445	0.141071	0.015576	0.0364518	0.00617666	0.0193486	0.00372512	0.0300555	0.087444	0.0336252	0.0617433	0.0342676	0.230785	0.138287	0.478754	1.0011	2.38186	6	0.7827142
322000	-24.70418	-51.24399	26.53981	1000	1.565662	0.0915635	0.0911527	0.0866209	0.0885754	0.00396045	0.0337684	0.0368931	0.0218111	0.0598191	0.0742369	0.4545	0.0853023	0.144539	0.23529	0.599133	1.05406	2.11152	6	1.272743
323000	-36.45206	-56.09894	19.64688	10	4.132196	0.0673038	0.0407112	0.00081908	0.056857	0.0391394	0.0449323	0.0294715	0.00420468	0.175284	0.000706667	0.100658	0.042589	0.0323249	0.46148	0.77966	1.08436	1.6745	5	0.635002
324000	-36.92582	-53.74548	16.81967	1	0.2965281	0.0144506	0.0754038	0.132448	0.0382894	0.0165022	0.00813288	0.0419435	0.0127592	0.0646755	0.0372553	0.275095	0.0158458	0.00245044	0.0050179	0.101797	0.589926	3.30326	3	0.735252
325000	-37.9744	-52.08317	14.10877	10	1.848429	0.0523772	0.0693846	0.029008	0.044946	0.0871802	0.0929627	0.0270608	0.00814412	0.107503	0.23105	0.143454	0.111371	0.0129482	0.274485	0.637863	1.06569	2.02196	5	1.017389
326000	-25.60258	-56.28877	30.68619	1000	0.9329726	0.0861084	0.0271072	0.00178125	0.170096	0.0284645	0.0868347	0.00743035	0.00625391	0.126862	0.124728	0.0380079	0.0219346	0.0629083	0.123394	0.455635	0.987941	2.43303	6	0.7885174
327000	-29.04064	-49.19964	20.159	10	2.837895	0.0925332	0.0232918	0.02186	0.039801	0.04423	0.00325206	0.000562471	0.00453899	0.187373	0.0872818	0.0844523	0.0312789	0.0800756	0.376319	0.722138	1.08159	1.81995	5	0.7005307
328000	-40.02233	-54.80856	14.78623	2	1.174568	0.104514	0.00302114	0.133271	0.0453452	0.00754182	0.0518308	0.00693126	0.00898443	0.0939687	0.136535	0.260526	0.0352802	0.0165527	0.170414	0.523595	1.02382	2.28217	4	0.9043021
329000	-37.18122	-50.20012	13.0189	10	2.018372	0.00343524	0.119601	0.113484	0.067735	0.0798801	0.00133445	0.04125	0.00460341	0.256586	0.70616	0.000847819	0.0266479	0.00317105	0.295458	0.656953	1.07044	1.97715	5	1.424737
330000	-21.09	-49.58397	28.49397	1000	1.185671	0.186747	0.00270778	0.0729184	0.0059729	0.0410485	0.00177201	0.011162	0.00933522	0.250039	0.0428645	0.106864	0.12025	0.101687	0.172447	0.526236	1.02505	2.27627	6	0.9533674
331000	-33.69686	-50.31749	16.62063	2	1.712065	0.0544148	0.0512428	0.0224882	0.0655447	0.00484613	0.0469921	0.0259904	0.000843736	0.0222446	0.268947	0.036739	0.022241	0.112024	0.256303	0.620429	1.06078	2.06249	4	0.7345584
332000	-30.42673	-54.09584	23.66911	1000	0.3882825	0.0326757	0.147236	0.0240839	0.198426	0.067485	0.00962024	0.00520674	0.0181035	0.171033	0.0596405	0.0299038	0.107745	0.398123	0.0150609	0.17295	0.718283	3.09371	6	1.269282
333000	-56.4573	-54.59594	-1.861365	10	1.636529	0.150731	0.676959	0.0259233	0.0628801	0.170409	0.00547495	0.02694	0.0136014	0.110906	0.120084	0.0112214	0.251136	0.556461	0.245664	0.609809	1.05753	2.087	5	2.182727
334000	-42.50627	-53.18726	10.681	10	1.853424	0.16112	0.174382	0.0779575	0.084546	0.0138579	0.0303544	0.0405272	0.00589888	0.0271045	0.0346765	0.0116109	0.670145	0.161718	0.275127	0.638463	1.06585	2.02056	5	1.493899
335000	-41.85178	-51.24789	9.396116	2	2.404285	0.15619	0.0530783	0.106246	0.0569603	0.105929	0.0454935	0.0135168	0.0106532	0.437736	0.155613	0.0286005	0.0812914	0.143791	0.33719	0.692105	1.07745	1.89325	4	1.395098
336000	-34.95921	-53.54133	18.58213	1000	4.901814	0.134812	0.00422245	0.031853	0.127654	0.000104446	0.0585369	0.00939729	0.190792	0.174661	0.460107	0.0479879	0.09038	0.137845	0.497948	0.801569	1.08347	1.61701	6	1.468353
337000	-29.89714	-50.96244	21.06529	10	0.6230702	0.0690548	0.0311274	0.0450346	0.0812478	0.0155143	0.0194662	0.00697379	0.0261101	0.325989	0.106375	0.00986117	0.0410076	0.0134088	0.0578985	0.324855	0.892647	2.7246	5	0.7911705
338000	-31.47776	-51.32203	19.84427	10	1.438846	0.00213033	0.171454	0.0555889	0.0534029	0.0521199	0.0217459	0.0457927	0.0112452	0.308712	0.0476212	0.0528308	0.0444621	0.019022	0.215719	0.57805	1.04662	2.15961	5	0.8861285
339000	-24.72593	-50.42572	25.69979	1000	2.126219	0.104025	0.0676433	0.0320111	0.0930517	0.0142415	0.0208761	0.0199614	0.0126213	0.0366738	0.536327	0.085244	0.0580951	0.0163114	0.30789	0.667798	1.07285	1.95146	6	1.097083
340000	-41.28912	-51.98334	10.69422	1	1.68802	0.033312	0.0556354	0.0188651	0.159055	0.00830958	0.0444848	0.0642457	0.00817905	0.223927	0.0324821	0.116634	0.0831608	0.360357	0.252962	0.617129	1.05979	2.07012	3	1.208648
341000	-27.10534	-52.8327	25.72736	1000	0.7910635	0.13074	0.0398156	0.0051328	0.0493428	0.0395614	0.00543116	0.0553488	0.0267435	0.247925	0.380797	0.0251729	0.259499	0.018884	0.0936558	0.403511	0.954448	2.54839	6	1.284394
342000	-25.24774	-52.72099	27.47325	1000	1.217547	0.113822	0.0831339	0.0847611	0.0784635	0.021316	0.0186468	0.10739	0.0788169	0.368191	0.110736	0.197783	0.00331795	0.0339795	0.178218	0.533624	1.02841	2.25975	6	1.300358
343000	-41.59828	-52.80939	11.21111	10	4.700998	0.0976872	0.0588652	0.0622776	0.0752666	0.0309745	0.0137647	0.0138338	0.0738939	0.13775	0.0394564	0.0436131	0.372414	0.0936436	0.489164	0.796424	1.08378	1.63063	5	1.113441
344000	-35.10661	-53.95211	18.8455	10	1.706942	0.00105784	0.0651749	0.0172277	0.159518	0.0283309	0.080562	0.0159153	0.0104801	0.115918	0.0309353	0.201595	0.0245513	0.195578	0.255594	0.619732	1.06057	2.0641	5	0.9468443
345000	-37.5137	-54.87637	17.36267	10	2.376807	0.0378736	0.0284172	0.10746	0.204767	0.0281559	0.00953406	0.100604	0.102062	0.052482	0.0751029	0.0490077	0.0069171	0.26585	0.334457	0.689908	1.07708	1.89855	5	1.068233
346000	-40.7862	-52.83334	12.04715	10	1.557891	0.0588144	0.091483	0.0851061	0.0459839	0.00223687	0.143231	0.0573291	0.068238	0.0748911	0.240617	0.223337	0.369529	0.11299	0.234128	0.597917	1.05365	2.11431	5	1.573786
347000	-36.94719	-56.21882	19.27163	1000	2.807014	0.116358	0.0179324	0.423615	0.0297356	0.143646	0.0808003	0.0028447	0.0079849	0.0223555	0.514263	0.337148	0.137718	0.0858346	0.373758	0.72025	1.08138	1.82461	6	1.920236
348000	-46.19859	-56.79815	10.59956	0.2	1.716262	0.291022	0.0157284	0.0253597	0.0785318	0.0961808	0.0313815	0.0324502	0.0483377	0.0581975	0.110513	0.0940327	0.167699	0.0454119	0.256882	0.620998	1.06095	2.06117	2	1.094847
349000	-34.50044	-53.95981	19.45937	10	0.5876535	0.129868	0.0031342	0.0128576	0.0602936	0.0349367	0.0351633	0.021954	0.000352972	0.205427	0.0330464	0.00857797	0.165786	0.0099295	0.050572	0.305339	0.874887	2.7692	5	0.7213274
350000	-50.00218	-57.4243	7.422117	10	1.542036	0.0920752	0.23783	0.111745	0.0812652	0.121125	0.0533027	0.0149925	0.0532881	0.00861597	0.311934	0.242641	0.116568	0.439839	0.231744	0.595407	1.0528	2.12005	5	1.885222
351000	-36.31541	-53.1281	16.81269	2	1.848117	0.0315447	0.0495449	0.0206083	0.0614173	0.0555045	0.0158628	0.00365761	0.00952151	0.150518	0.0487014	0.131808	0.0642049	0.0683396	0.274444	0.637826	1.06568	2.02205	4	0.7112336
352000	-33.81801	-52.16303	18.34503	2	1.174875	0.0283855	0.0325982	0.0184701	0.0161474	0.0491623	0.0213956	0.0138996	0.00977883	0.00140185	0.129796	0.151779	0.0073702	0.0191357	0.17047	0.523668	1.02386	2.28201	4	0.4993205
353000	-36.38853	-52.80584	16.4173	10	1.21514	0.225894	0.00100034	0.0354149	0.0328093	0.0808349	0.0901756	0.00263693	0.00632119	0.0712181	0.051528	0.18157	0.0821807	0.42874	0.177786	0.533076	1.02816	2.26097	5	1.290323
354000	-33.41522	-49.06308	15.64786	10	2.130963	0.0300667	0.115434	0.0226309	0.0861756	0.000448841	0.0154352	0.041845	0.0537707	0.130181	0.0674042	0.0483254	0.0884045	0.419456	0.308422	0.668255	1.07295	1.95038	5	1.119578
355000	-35.76145	-52.28896	16.5275	2	0.6004853	0.156099	0.0438707	0.0663189	0.0527443	0.00230376	0.00416216	0.00472505	0.00354211	0.0993219	0.243844	0.0129858	0.038155	0.0869353	0.0532082	0.312542	0.881566	2.75268	4	0.8150076
356000	-46.71111	-55.42758	8.716474	1	1.701122	0.031885	0.0184006	0.128092	0.0438185	0.0265928	0.000292824	0.0450347	0.0124631	0.0229362	0.190542	0.0588266	0.158851	0.667376	0.254787	0.618936	1.06033	2.06594	3	1.405112
357000	-18.90629	-51.16419	32.25791	1000	0.746478	0.0361254	0.0614399	0.0411446	0.0458159	0.0233542	0.0506703	0.0067451	0.00768961	0.0664716	0.273735	0.0211217	0.0190562	0.0475091	0.0841309	0.384659	0.940945	2.59027	6	0.7008785
358000	-36.79789	-51.53674	14.73884	10	2.131312	0.0646844	0.0320915	0.114374	0.0619734	0.0538133	0.0159249	0.0696934	0.0713234	0.0416814	0.473083	0.052112	0.102876	0.0535242	0.308461	0.668288	1.07295	1.9503	5	1.207156
359000	-25.73669	-52.14616	26.40947	1000	4.986428	0.00426589	0.0565998	0.13813	0.00863002	0.00464557	0.0331578	0.0442544	0.0199519	0.149104	0.0854503	0.194958	0.0382025	0.0474815	0.501513	0.803634	1.08333	1.61153	6	0.8248319
360000	-23.27805	-49.4976	26.21955	1000	1.242401	0.0290724	0.0484573	0.0158369	0.0666971	0.00436841	0.0219022	0.0752463	0.00675173	0.07165	0.0206438	0.489743	0.227292	0.0581341	0.182653	0.539192	1.03088	2.24727	6	1.135794
361000	-25.74154	-52.22272	26.48118	1000	1.871443	0.0553447	0.0697871	0.119669	0.0616235	0.00266282	0.0981365	0.000450803	0.0133601	0.11554	0.0184239	0.0875642	0.456361	0.0430617	0.27743	0.640608	1.06641	2.01555	6	1.141985
362000	-24.16312	-49.49896	25.33584	1000	4.199165	0.206555	0.0326633	0.00224067	0.0467291	0.000292854	0.000841547	0.00242761	0.00945851	0.0148746	0.0173122	0.10178	0.233679	0.0317294	0.46498	0.781827	1.08432	1.66887	6	0.700584
363000	-43.37081	-55.04009	11.66927	2	3.345784	0.0810554	0.0230636	0.125013	0.0119875	0.239771	0.0176664	0.0118425	0.0384893	0.0962285	6.46121e-06	0.0616486	0.0903717	0.282073	0.414361	0.749038	1.08376	1.75284	4	1.079217
364000	-39.09976	-53.34906	14.24929	10	1.216535	0.0776608	0.164752	0.0417067	0.0392486	0.102119	0.0109006	0.00732934	0.0371872	0.125897	0.0533744	0.0963685	0.0999687	0.491712	0.178037	0.533394	1.02831	2.26026	5	1.348225
365000	-18.17981	-49.63364	31.45383	1000	0.6483265	0.0920156	0.0550284	0.0394379	0.054508	0.00105651	0.0403073	0.00373366	0.00305489	0.16366	0.300942	0.0635832	0.0374349	0.0470462	0.0632043	0.338094	0.904104	2.6946	6	0.9018085
366000	-30.74942	-54.20988	23.46047	1000	0.7174952	0.0115885	0.0685842	0.110348	0.0664154	0.054114	0.0654322	0.059149	0.0306582	0.177004	0.11088	0.700921	0.15013	0.134304	0.0779285	0.371669	0.931183	2.61922	6	1.739529
367000	-24.1959	-54.99326	30.79736	1000	1.075677	0.0311499	0.0275219	0.0904282	0.0228924	0.143818	0.000657529	0.00291014	0.0180839	0.168863	0.057875	0.0740843	0.187947	0.0599207	0.151801	0.498373	1.01149	2.33834	6	0.8861515
368000	-32.2498	-55.37816	23.12835	1000	2.684631	0.0105189	0.201958	0.0419718	0.0385985	0.0318539	0.159523	0.0175167	0.00291138	0.118649	0.163814	0.459468	0.0464449	0.276961	0.363291	0.712423	1.08044	1.84384	6	1.570191
369000	-29.58811	-49.23863	19.65052	10	1.184353	0.114299	0.0213773	0.0154187	0.0219961	0.0364925	0.0235919	0.0009487	0.0194276	0.333411	0.134077	0.00849275	0.0993407	0.0452045	0.172206	0.525925	1.0249	2.27697	5	0.8740784
370000	-28.65562	-56.18162	27.526	1000	0.6123535	0.0675976	0.0668235	0.159194	0.0564115	0.0056319	0.00131496	0.0627694	0.0833729	0.00815032	0.144345	0.0563028	0.0839621	0.308372	0.0556656	0.319069	0.887493	2.73777	6	1.104247
371000	-31.94459	-53.42511	21.48052	10	1.153204	0.0168137	0.028678	0.00262607	0.0407525	0.0435513	0.00684722	0.071257	0.0110475	0.00497735	0.0126832	0.284954	0.0630997	0.0372351	0.16647	0.51841	1.02138	2.29374	5	0.6245226
372000	-43.99827	-54.14175	10.14348	2	1.016897	0.178603	0.116413	0.204803	0.00718806	0.0312138	0.0119371	0.0102958	0.00597773	0.0132052	0.183984	0.570792	0.0035887	0.0158863	0.140313	0.481772	1.00274	2.37517	4	1.353887
373000	-38.05145	-51.7266	13.67515	2	1.382795	0.132302	0.0193486	0.0729771	0.0953707	0.0641983	0.0260041	0.00731178	0.00557002	0.151747	0.0419734	0.0788166	0.212024	0.197619	0.206636	0.567809	1.04273	2.18283	4	1.105262
374000	-34.14195	-51.09927	16.95732	10	3.146747	0.0202588	0.109109	0.111935	0.046218	0.0565219	0.0664624	0.00276717	0.0153619	0.0387192	0.0232486	0.114638	0.352008	0.0420825	0.400305	0.739342	1.08315	1.7772	5	0.9993304
375000	-38.38822	-51.8464	13.45818	10	3.414055	0.0450488	0.0521982	0.0704315	0.00245873	0.0273007	0.0827533	0.0101847	0.0345766	0.0273153	0.364764	0.00248448	0.00854991	0.160506	0.418957	0.75215	1.08392	1.74498	5	0.8885724
376000	-42.87299	-53.0975	10.22451	2	2.39288	0.0828087	0.030411	0.027715	0.0370719	0.0659197	0.0502833	0.140255	0.0107815	0.0910681	0.0928612	0.0526106	0.106777	0.423175	0.33606	0.691198	1.0773	1.89544	4	1.211738
377000	-43.33198	-57.96971	14.63774	1	0.4334059	0.0385661	0.0420998	0.0146423	0.251425	0.0285891	0.0331069	0.0404115	0.0168562	0.143118	0.0665743	0.0788983	0.141813	0.0436569	0.0218139	0.20624	0.765039	3.00691	3	0.9397574
378000	-24.1309	-52.37096	28.24005	1000	3.078306	0.0175036	0.0229479	0.0350742	0.120605	0.0300757	0.0241766	0.0164891	0.0507028	0.0468348	0.00601518	0.189482	0.108011	0.0374767	0.39523	0.735773	1.08288	1.78612	6	0.7053939
379000	-41.62756	-53.40721	11.77964	2	1.453228	0.035316	0.0963468	0.092095	0.0167137	0.113083	0.0473132	9.07636e-05	0.0436002	0.403515	0.175056	0.0956146	0.00553363	0.00379028	0.218006	0.580581	1.04755	2.15386	4	1.128068
380000	-41.63553	-55.30071	13.66518	1	1.152378	0.00372769	0.01877	0.0510566	0.00196579	0.0439697	0.0502452	0.0053597	0.0141191	0.0191498	0.023576	0.0875082	0.203203	0.442465	0.166317	0.518206	1.02128	2.29419	3	0.9651161
381000	-24.06283	-55.91468	31.85185	1000	0.7144433	0.0222458	0.0622233	0.0266787	0.0236709	0.117272	0.11679	0.0106079	0.0106758	0.0231868	0.0174984	0.331272	0.12808	0.00449516	0.0772757	0.370266	0.930105	2.62235	6	0.8946972
382000	-43.4105	-55.26964	11.85914	2	0.9842522	0.129414	0.125416	0.113392	0.0737826	0.0301198	0.0548096	0.0149393	0.00417705	0.0753338	0.241268	0.278088	0.0151595	0.0852591	0.133801	0.471967	0.997341	2.39689	4	1.24116
383000	-34.43884	-53.45531	19.01647	10	1.727038	0.0990658	0.0324994	0.049943	0.0667509	0.0063596	0.0126823	0.096944	0.0385936	0.0380703	0.0492386	0.0701311	0.157488	0.127257	0.258362	0.622448	1.06138	2.05781	5	0.8450231
384000	-33.10882	-50.84943	17.7406	10	2.388926	0.0577072	0.000855962	0.0883493	0.0666138	0.0111336	0.0789519	0.0475003	0.0111472	0.407536	0.115797	0.0030382	0.00531053	0.0323042	0.335666	0.690882	1.07725	1.8962	5	0.9262455
385000	-25.68037	-50.06784	24.38746	1000	5.892133	0.092567	0.10705	0.0294591	0.0714028	0.0743237	0.0152292	0.00374143	0.0238473	0.104436	0.223939	0.187256	0.0153304	0.0923253	0.535383	0.82262	1.0815	1.5605	6	1.040908
386000	-38.91557	-53.94382	15.02824	10	0.4429595	0.0143121	0.22016	0.0250535	0.0128588	0.00175928	0.0558295	0.0798698	0.123827	0.392549	0.0172634	0.0656042	0.100023	0.106827	0.0233682	0.213058	0.773878	2.9897	5	1.215937
387000	-29.72505	-49.8556	20.13055	10	1.274525	0.111277	0.0299708	0.0441685	0.0833495	0.0030923	0.0129273	0.0141363	0.014766	0.0365519	0.0245674	0.0226972	0.247282	0.167471	0.188299	0.54615	1.03389	2.23166	5	0.8122575
388000	-45.28157	-56.45377	11.1722	1	0.8405539	0.170804	0.0228712	0.0328187	0.0698528	0.0266238	0.00910613	0.148487	0.0342316	0.133612	0.125916	0.0834304	0.0803254	0.307517	0.104154	0.422963	0.967588	2.50529	3	1.245596
389000	-31.87401	-51.73373	19.85972	10	1.408589	0.0195087	0.0876912	0.105398	0.0371735	0.102927	0.0212085	0.0015825	0.00369114	0.0490758	0.0270543	0.0820019	0.00136872	0.333775	0.21085	0.572598	1.04457	2.17198	5	0.8724561
390000	-40.12842	-56.37877	16.25035	10	0.5533126	0.00936107	0.229717	0.0626116	0.166221	0.0492169	0.0273477	0.00622083	0.00504766	0.120049	0.0339258	0.0390799	0.261483	0.0241205	0.0436451	0.285302	0.855494	2.81556	5	1.034401
391000	-24.0162	-55.07021	31.05401	1000	0.5765243	0.148534	0.0564535	0.0209339	0.156737	0.0241771	0.00625951	0.00445923	0.0580616	0.094241	0.0387209	0.0202162	0.0959551	0.0792478	0.0483051	0.298968	0.868853	2.78387	6	0.8039972
392000	-39.21349	-54.32101	15.10752	10	1.459157	0.0567435	0.168982	0.0402632	0.0102903	0.0853562	0.0230556	0.0319749	0.0681103	0.355862	0.0448284	0.0378195	0.191463	0.0782732	0.218944	0.581614	1.04793	2.15151	5	1.193022
393000	-43.13895	-54.61482	11.47587	10	3.707767	0.0793638	0.0404135	0.030833	0.221434	0.00323348	0.0291127	0.0490516	0.0462613	0.00483668	0.116326	0.0470577	0.343078	0.402712	0.437551	0.764456	1.08432	1.71367	5	1.413714
394000	-29.29644	-51.35277	22.05633	10	0.3695692	0.13334	0.0279649	0.00429143	0.0561239	0.0293125	0.0190374	0.0599199	0.00255229	0.20312	0.0558538	0.11747	0.0208397	0.0425101	0.0125802	0.158686	0.696133	3.1326	5	0.7723363
395000	-45.78756	-54.6911	8.903539	1	6.634042	0.056304	0.0243076	0.0353128	0.0362039	0.013012	0.0229047	0.00206915	0.0132592	0.319987	0.0765916	0.0327622	0.0969516	0.163448	0.558433	0.834917	1.07981	1.52684	3	0.8931135
396000	-43.79902	-52.93068	9.13166	1	4.358126	0.167065	0.0436264	0.0553441	0.00199911	0.0337388	0.0170907	0.00976134	0.0272698	0.275858	0.0997316	0.140993	0.0144659	0.210948	0.473015	0.786749	1.0842	1.65604	3	1.097893
397000	-36.28219	-51.97853	15.69634	10	1.786541	0.100514	0.0400374	0.0878925	0.0586003	0.00972721	0.0431756	0.104944	0.0263062	0.068702	0.0825886	0.00593174	0.329497	0.0960974	0.266391	0.630209	1.0636	2.0398	5	1.054014
398000	-25.93668	-53.62484	27.68815	1000	1.395722	0.00346086	0.0631301	0.0726889	0.0340285	0.0119807	0.0143222	0.0457745	0.0295234	0.0171505	0.381577	0.112367	0.100546	0.0352038	0.208755	0.570226	1.04366	2.17736	6	0.9217531
399000	-29.08682	-54.67929	25.59247	1000	2.339308	0.00403721	0.0655928	0.0155574	0.0232148	0.025425	0.0193274	0.0772856	0.0117118	0.151807	0.0273193	0.190213	0.354831	0.0784938	0.330672	0.686842	1.07655	1.90594	6	1.044816
400000	-31.16597	-56.49132	25.32535	1000	1.28811	0.0437434	0.0025993	0.041549	0.0410754	0.0099607	0.168227	0.00383221	0.094002	0.0132186	0.0827078	0.0155736	0.209865	0.303892	0.190658	0.549015	1.03511	2.22522	6	1.030246
401000	-43.48201	-53.66232	10.18031	2	2.659471	0.229318	0.0274208	0.0471951	0.117183	0.0630508	0.00789579	0.0292337	0.042975	0.0416713	0.0250933	0.0242262	0.164837	0.451599	0.361073	0.710742	1.08023	1.84796	4	1.271699
402000	-38.54422	-58.20547	19.66124	10	0.7909059	0.020521	0.00411698	0.0864668	0.0234597	0.0262955	0.0543894	0.0673986	0.0366824	0.0295184	0.295235	0.0465664	0.061488	0.0690808	0.0936222	0.403447	0.954403	2.54853	5	0.8212194
403000	-33.1523	-55.55048	22.39819	1000	0.6176218	0.265669	0.015738	0.0220897	0.0672425	0.0278877	0.101162	0.00655336	0.0200941	0.139772	0.172618	0.0626557	0.158936	0.47479	0.0567617	0.321927	0.890049	2.73126	6	1.535208
404000	-33.87087	-61.28204	27.41117	1000	0.9936771	0.0375781	0.00909634	0.0627665	0.00603223	0.175127	0.0376053	0.0180849	0.0797913	0.0193414	0.0206113	0.0164396	0.268815	0.216587	0.13569	0.474843	0.998944	2.39052	6	0.9678757
405000	-41.64549	-53.92605	12.28055	2	0.9288875	0.0278963	0.0727051	0.0137315	0.000805681	0.0415037	0.00298423	0.0758988	0.0150176	0.244971	0.173575	0.0230541	0.240253	0.35613	0.122556	0.454282	0.987139	2.43602	4	1.288526
406000	-29.97343	-54.74976	24.77633	1000	3.195424	0.130142	0.00685249	0.00401474	0.0623549	0.0653954	0.0406925	0.0289835	0.0391398	0.0309132	0.159767	0.00968734	0.0269317	0.171022	0.403837	0.741805	1.08332	1.77103	6	0.7758969
407000	-26.79671	-55.10582	28.3091	1000	0.5164544	0.00954213	0.117495	0.0180095	0.0436937	0.00953306	0.0200024	0.0322541	0.098324	0.280455	0.116757	0.0575622	0.022698	0.0480493	0.0364765	0.262522	0.831881	2.86912	6	0.874375
408000	-33.2253	-50.1806	16.9553	10	2.163204	0.0993613	0.0519336	0.0395521	0.0298113	0.0140653	0.00621605	0.00615312	0.00396486	0.152084	0.0350479	0.454707	0.00292186	0.146699	0.312008	0.671317	1.07358	1.94309	5	1.042516
409000	-26.71205	-53.97895	27.2669	1000	1.889489	0.139966	0.0357809	0.161439	0.139859	0.0749383	0.00145554	0.0217783	0.0117432	0.0428614	0.0389516	0.336243	0.0758099	0.0424804	0.279716	0.642723	1.06696	2.0106	6	1.123307
410000	-38.39589	-55.96127	17.56538	10	0.1736566	0.187892	0.0477408	0.0423062	0.128813	0.0117781	0.0433326	0.00925717	0.0435321	0.0107531	0.0127602	0.130956	0.181381	0.376104	0.00018629	0.0200921	0.311524	3.6682	5	1.226605
411000	-36.97349	-53.02897	16.05548	10	1.387812	0.164587	0.232882	0.0578045	0.0203001	0.015609	0.0717305	0.00166385	0.0645383	0.00970496	0.065584	0.510247	0.0196878	0.071228	0.20746	0.568751	1.04309	2.1807	5	1.305568
412000	-26.04882	-53.47188	27.42306	1000	3.097817	0.120647	0.0240569	0.0157686	0.138121	0.0838949	0.078956	0.00968434	0.0168317	0.090227	0.105461	0.1751	0.205148	0.0952274	0.39669	0.736804	1.08296	1.78355	6	1.159124
413000	-24.39204	-50.76022	26.36818	1000	1.182415	0.0833853	0.017466	0.120163	0.0606843	0.0866214	0.033978	0.0234818	0.0352387	0.0481009	0.0283322	0.630541	0.130033	0.077514	0.171852	0.525465	1.02469	2.27799	6	1.37554
414000	-25.88269	-51.76682	25.88413	1000	2.943273	0.0138678	0.0657497	0.271209	0.00757399	0.00904363	0.000970108	0.0612367	0.0537427	0.0938626	0.024674	0.0378048	0.0420653	0.428006	0.384825	0.728338	1.08222	1.80462	6	1.109806
415000	-38.85252	-54.54993	15.69741	1000	6.056348	0.342028	0.0286	0.0767833	0.135654	0.0358158	0.124018	0.0454819	0.0341395	0.5452	0.00351252	0.049005	0.473832	0.0718075	0.540802	0.825555	1.08113	1.55251	6	1.965878
416000	-29.47116	-54.6711	25.19994	1000	1.791431	0.311869	0.0109336	0.0498178	0.0972949	0.0472717	0.0393385	0.0280598	0.0663653	0.0515792	0.0895166	0.427744	0.146817	0.0778163	0.267039	0.630829	1.06377	2.03836	6	1.444424
417000	-46.2798	-56.62616	10.34636	10	3.107035	0.101179	0.0708746	0.268514	0.000585644	0.0326974	0.0164548	0.141477	0.104548	0.384992	0.134077	0.0745186	0.286324	0.0240247	0.397376	0.737287	1.083	1.78234	5	1.640266
418000	-42.89261	-58.31954	15.42694	10	0.4991905	0.119416	0.0392977	0.0434671	0.0768856	0.0279688	0.254885	0.0164254	0.0295837	0.0355469	0.000651739	0.287723	0.0160204	0.116807	0.0332378	0.251387	0.819679	2.8957	5	1.064678
419000	-38.33134	-51.95284	13.6215	10	0.4655932	0.0922566	0.00460893	0.0663827	0.0185324	0.00156921	0.00215149	0.0215668	0.0195948	0.377416	0.235482	0.118006	0.0371133	0.190389	0.0272019	0.228862	0.793523	2.95041	5	1.185069
420000	-24.30236	-50.22094	25.91859	1000	3.381248	0.0137866	0.135336	0.0643052	0.0342383	0.00212745	0.0042913	0.0305481	0.0336981	0.00952065	0.0634472	0.048444	0.0435592	0.340273	0.416763	0.750668	1.08384	1.74872	6	0.8235749
421000	-31.73352	-50.79175	19.05824	2	1.453382	0.0306311	0.0211001	0.0297426	0.045711	0.0159342	0.00676034	0.000711633	0.00372553	0.0331709	0.0805275	0.0735764	0.0527529	0.0299278	0.21803	0.580608	1.04756	2.1538	4	0.4242721
422000	-25.31127	-51.81721	26.50594	1000	3.820104	0.0844739	0.0875696	0.0357056	0.0411032	0.0681149	0.0291132	0.108054	0.0119642	0.00631001	0.500006	0.0213265	0.0403199	0.0613178	0.444198	0.768749	1.08438	1.70267	6	1.095379
423000	-35.34698	-55.78965	20.44267	10	1.551065	0.200746	0.0848222	0.0275179	0.0643492	0.0540894	0.0174265	0.0110087	0.0097133	0.0452457	0.0267364	0.113021	0.169611	0.00643877	0.233104	0.596841	1.05328	2.11677	5	0.8307267
424000	-31.71137	-57.04914	25.33778	1000	0.8079432	0.02537	0.0627194	0.0644759	0.0419157	0.0143214	0.0288778	0.0220376	0.0605489	0.224604	0.0337051	0.312648	0.141864	0.147215	0.0972478	0.410312	0.959132	2.53331	6	1.180303
425000	-27.49421	-51.46736	23.97314	1000	1.002798	0.141797	0.0290195	0.15129	0.0862137	0.00862819	0.013398	0.0135148	0.00740765	0.0413098	0.0649335	0.718977	0.0813799	0.0930323	0.137512	0.477591	1.00046	2.38443	6	1.450901
426000	-43.77835	-54.33465	10.55631	1	3.177919	0.0374651	0.131893	0.158485	0.0884953	0.0297292	0.0495294	0.0184499	0.0660459	0.0775208	0.080646	0.320186	0.0111046	0.00389907	0.402574	0.740926	1.08326	1.77324	3	1.073449
427000	-47.61196	-54.90683	7.294875	1	4.134097	0.0373365	0.355246	0.0477114	0.0135488	0.0208465	0.0308191	0.0885798	0.00351058	0.225789	0.0166031	0.4148	0.0216918	0.0274918	0.46158	0.779722	1.08436	1.67434	3	1.303974
428000	-28.04743	-54.20169	26.15425	1000	0.5577942	0.042148	0.157927	0.09513	0.00474147	0.0516583	0.0530286	0.069042	0.0124359	0.0868697	0.257667	0.21452	0.0484724	0.102971	0.0445371	0.287981	0.858158	2.80932	6	1.196611
429000	-41.42543	-58.02218	16.59675	10	0.7540116	0.0882996	0.10432	0.0396743	0.104453	0.0126556	0.0864084	0.0933372	0.0192514	0.0994045	0.0415637	0.0816855	0.183051	0.0254276	0.0857428	0.387938	0.94335	2.58297	5	0.9795317
430000	-43.63893	-59.19697	15.55804	10	1.422197	0.149604	0.0732071	0.0109358	0.0943249	0.00898617	0.123493	0.0330202	0.128785	0.0946495	0.0425349	0.202891	0.0911366	0.219292	0.21305	0.575072	1.04551	2.16637	5	1.27286
431000	-39.49991	-52.66867	13.16876	10	0.846987	0.0881051	0.0487065	0.0573064	0.0481386	0.0131879	0.0835426	0.0568072	0.00619856	0.252914	0.486173	0.0570315	0.0095202	0.0207662	0.105511	0.425385	0.96917	2.49993	5	1.228398
432000	-29.85414	-56.71822	26.86408	1000	0.8729008	0.0614713	0.0273033	0.0130005	0.0780379	0.0348365	0.0443743	0.0437854	0.0559332	0.326179	0.131124	0.0296831	0.0142155	0.11613	0.110951	0.434909	0.975274	2.47887	6	0.9760734
433000	-32.74603	-56.05238	23.30636	10	0.2517933	0.0436467	0.0824802	0.124397	0.0225472	0.0702302	0.0124207	0.0049696	0.0123095	0.0320521	0.0176426	0.0132662	0.163771	0.0137749	0.00219639	0.067988	0.505252	3.42456	5	0.6135082
434000	-24.46209	-48.68425	24.22216	1000	1.198437	0.0949912	0.00938783	0.0604669	0.0720369	0.0144949	0.00144735	0.0272142	0.00589599	0.0626471	0.0245644	0.408793	0.0793891	0.157731	0.17477	0.52923	1.02642	2.26958	6	1.01906
435000	-25.15839	-53.16346	28.00506	1000	2.283164	0.0735241	0.0399893	0.093292	0.0206575	0.0473147	0.0686882	0.0412859	0.00758932	0.0777512	0.0936779	0.0953556	0.00711607	0.366927	0.324885	0.682101	1.07569	1.91732	6	1.033169
436000	-26.39026	-55.55011	29.15985	1000	1.407921	0.0517887	0.00946595	0.0411422	0.149133	0.0902745	0.0616012	0.0381729	0.0982116	0.00159529	0.0818533	0.00636029	0.298675	0.0669798	0.210741	0.572476	1.04452	2.17226	6	0.9952533
437000	-23.33001	-52.91702	29.58701	1000	0.2629666	0.112945	0.0563668	0.0211809	0.0408052	0.020102	0.026394	0.0650009	0.00080949	0.0892418	0.00372741	0.136094	0.0541735	0.303218	0.00277194	0.076201	0.528044	3.39298	6	0.9300578
438000	-31.36838	-55.49084	24.12245	1000	0.3079842	0.0150178	0.091403	0.071629	0.129269	0.244996	0.0672181	0.00872125	0.000610147	0.0346464	0.0879154	0.0791243	0.865521	0.0755068	0.00596529	0.110719	0.608971	3.27435	6	1.771579
439000	-27.45308	-53.28013	25.82705	1000	1.129431	0.204915	0.132574	0.0115569	0.0572887	0.0482092	0.0118037	0.0826682	0.00324627	0.0452567	0.203401	0.00910816	0.0420449	0.255188	0.162032	0.512475	1.01852	2.30697	6	1.107261
440000	-36.06699	-51.80158	15.73459	10	3.433089	0.0864441	0.0693134	0.0920509	0.0657499	0.00739301	0.00758194	0.070389	0.0866544	0.0203829	0.0509061	0.211189	0.0622712	0.0909743	0.420219	0.753	1.08395	1.74283	5	0.9213006
441000	-41.95378	-50.59835	8.644574	1	4.831889	0.0666657	0.00823781	0.00115858	0.00915532	0.0769416	0.0702582	0.0113332	0.0427389	0.0276833	0.142737	0.4578	0.0333142	0.151201	0.494942	0.799818	1.08358	1.62166	3	1.099225
442000	-38.36492	-54.21198	15.84705	10	2.692201	0.0324959	0.108649	0.112109	0.0202125	0.0346796	0.0619162	0.0493877	0.0071559	0.335852	0.0034712	0.0569647	0.125058	0.0652733	0.363953	0.712924	1.08051	1.84261	5	1.013225
443000	-25.23318	-52.58282	27.34964	1000	1.340708	0.0491254	0.0387153	0.153015	0.158896	0.0215098	0.00477335	0.050457	0.142735	0.000815026	0.481426	0.0201227	0.0843828	0.024383	0.199634	0.5597	1.03952	2.20115	6	1.230356
444000	-31.60474	-54.14943	22.54469	1000	2.255695	0.201015	0.0136945	0.10318	0.133823	0.0479912	0.156111	0.0668008	0.0225213	0.0749609	0.0786407	0.0867089	0.201883	0.401114	0.321999	0.679713	1.07524	1.92304	6	1.588444
445000	-29.34182	-52.77501	23.43319	1000	1.640653	0.0443453	0.260194	0.0602973	0.290239	0.0483349	0.0341276	0.0191612	0.00975339	0.0604423	0.0751722	0.0158432	0.105735	0.598434	0.246256	0.610409	1.05771	2.08562	6	1.622079
446000	-38.43147	-54.99535	16.56388	10	0.8193522	0.0624941	0.0494653	0.0175123	0.16511	0.0307754	0.0212385	0.00291352	0.0239591	0.381017	0.0544029	0.15388	0.0482105	0.157954	0.0996695	0.41481	0.962176	2.52334	5	1.168932
447000	-27.57348	-49.43453	21.86105	10	1.910266	0.0558632	0.0047768	0.0485842	0.030254	0.0217527	0.0307321	0.0177797	0.00821466	0.0953209	0.168204	0.046708	0.0127988	0.016434	0.282323	0.645119	1.06757	2.00499	5	0.5574231
448000	-35.65454	-51.19809	15.54355	2	0.6955023	0.148958	0.0291913	0.069994	0.0102834	0.000484881	0.0143259	0.00338324	0.0652519	0.059173	0.0673038	0.279519	0.0632197	0.12601	0.0732278	0.3614	0.92319	2.64218	4	0.9370983
449000	-20.28969	-49.22568	28.93598	1000	1.065052	0.0840233	0.0256019	0.0564366	0.0655578	0.0253073	0.0118635	0.00443674	0.0216766	0.154255	0.0207785	0.0527399	0.190991	0.407243	0.149748	0.495468	1.00999	2.34479	6	1.120911
450000	-37.57496	-51.30729	13.73232	10	0.8932345	0.0111709	0.071692	0.0193049	0.0606174	0.0616607	0.0194074	0.00871004	0.014637	0.731858	0.0915695	0.304605	0.00932675	0.0234101	0.11519	0.442129	0.979782	2.4629	5	1.42797
451000	-37.20532	-54.58655	17.38123	10	1.025827	0.00827649	0.138816	0.0674273	0.119515	0.0828174	0.0224061	0.0175048	0.0457765	0.4109	0.00660298	0.117196	0.0949623	0.0451537	0.142078	0.48438	1.00415	2.36939	5	1.177354
452000	-16.95328	-47.56899	30.61571	1000	1.213218	0.059352	0.0150447	0.0154948	0.0131654	0.0194001	0.0127902	0.0098672	0.0024702	0.0567964	0.311641	0.0541863	0.151842	0.0344412	0.17744	0.532638	1.02797	2.26196	6	0.7564921
453000	-34.10759	-52.74106	18.63347	1000	1.918553	0.283035	0.0359394	0.176296	0.106213	0.0157298	0.0759665	0.0794959	0.017493	0.0603402	0.03791	0.0701564	0.13764	0.796099	0.283355	0.646064	1.06781	2.00277	6	1.892314
454000	-50.61426	-62.31552	11.70126	10	0.9390656	0.0353782	0.0400409	0.023211	0.319558	0.118886	0.143638	0.00966198	0.146869	0.217814	0.171628	0.0778013	0.442791	0.0320088	0.124641	0.457638	0.989121	2.4286	5	1.779286
455000	-28.61621	-46.24225	17.62604	2	1.097309	0.0416874	0.020946	0.0260243	0.016043	0.003967	0.00331156	0.00373737	0.0104412	0.42269	0.0827505	0.0364729	0.0307237	0.0291738	0.155951	0.504166	1.01442	2.32546	4	0.7279684
456000	-19.00664	-51.59654	32.5899	1000	0.3289663	0.00867122	0.060888	0.00291852	0.0540789	0.0596551	0.00262678	0.0269047	0.000308628	0.0450577	0.168732	0.0640241	0.047863	0.0903883	0.00793667	0.127136	0.64139	3.22354	6	0.6321174
457000	-38.91472	-52.79807	13.88335	10	1.178113	0.133564	0.00110114	0.037595	0.00150003	0.0100264	0.025318	0.0905497	0.143827	0.661995	0.00731165	0.0864088	0.12669	0.055092	0.171064	0.524442	1.02422	2.28028	5	1.380978
458000	-36.35256	-53.2252	16.87264	10	2.513354	0.077912	0.00605038	0.023198	0.0613656	0.0324705	0.124641	0.00301029	0.0189984	0.3552	0.0451667	0.19721	0.0961568	0.00206093	0.347719	0.700444	1.07878	1.87306	5	1.04344
459000	-25.51817	-51.34089	25.82273	1000	0.5748658	0.0407152	0.0694311	0.107363	0.0242727	0.0789643	0.0167212	0.0248861	0.00879447	0.183026	0.126366	0.0125029	0.0378831	0.680474	0.047969	0.298009	0.867934	2.78609	6	1.4114
460000	-36.0332	-53.66669	17.63349	10	1.336124	0.0928549	0.141891	0.0741843	0.0618098	0.00354344	0.146994	0.00848586	0.0215802	0.00791644	0.0474819	0.0557681	0.248606	0.0877289	0.198861	0.558794	1.03915	2.2032	5	0.9988455
461000	-39.2248	-49.5283	10.3035	2	0.6250485	0.0699482	0.0222319	0.0871927	0.0903775	0.02783	0.0167878	0.0109194	0.0111265	0.0760466	0.0731439	0.0414085	0.792499	0.0135769	0.0583119	0.325912	0.893579	2.7222	4	1.333089
462000	-49.32355	-58.33759	9.014041	2	2.344889	0.172097	0.0759694	0.0463021	0.0397653	0.0962694	0.00476128	0.207287	0.041401	0.021224	0.262153	0.140248	0.0625282	0.288136	0.33124	0.687303	1.07663	1.90483	4	1.458143
463000	-25.9745	-54.26849	28.29399	1000	1.857886	0.257616	0.147557	0.000310155	0.0255475	0.0202784	0.0234925	0.0224858	0.0832301	0.166457	0.0948881	0.113076	0.0143503	0.00707477	0.275699	0.638997	1.06599	2.01931	6	0.9763632
464000	-24.24369	-52.78773	28.54404	1000	1.02817	0.047949	0.0288419	0.0720056	0.0620088	0.0272509	0.0148466	0.041799	0.0938009	0.00443094	0.359571	0.0364668	0.0481124	0.049633	0.14254	0.485058	1.00452	2.36789	6	0.8867168
465000	-38.95575	-55.91328	16.95753	10	1.019464	0.0230261	0.0347421	0.0206649	0.048944	0.0536509	0.021539	0.0645007	0.030237	0.456066	0.00612377	0.215443	0.0379272	0.0154261	0.140821	0.482525	1.00315	2.3735	5	1.028291
466000	-21.91034	-52.79391	30.88357	1000	1.023096	0.054403	0.0265417	0.00438163	0.0712629	0.102127	0.0042149	0.0198267	0.0585404	0.0465008	0.0353556	0.167636	0.0257811	0.263819	0.141539	0.483585	1.00372	2.37115	6	0.8803913
467000	-18.7451	-53.7362	34.9911	1000	0.2585526	0.0691111	0.00775017	0.0195535	0.0465427	0.0237351	0.00753274	0.0416452	0.0172859	0.00916743	0.236289	0.0698517	0.0159399	0.0652972	0.00253455	0.0729322	0.519178	3.40536	6	0.6297012
468000	-15.35637	-48.37026	33.01389	1000	0.6948132	0.0514669	0.0339204	0.068754	0.00575695	0.00855926	0.00962139	0.00278716	0.0242566	0.0307341	0.348266	0.0793154	0.0902635	0.0266131	0.0730807	0.361073	0.922931	2.64292	6	0.780315
469000	-26.99277	-49.69758	22.70481	1000	1.90139	0.176459	0.0962779	0.0201477	0.0466581	0.0353439	0.0248447	0.0493977	0.0269733	0.188471	0.126205	0.662557	0.0637655	0.0566573	0.281212	0.644101	1.06731	2.00737	6	1.573758
470000	-41.35165	-58.80355	17.4519	0.2	0.60904	0.00605023	0.0811689	0.0280437	0.0597244	0.00670527	0.0475595	0.146654	0.00624182	0.0543073	0.129215	0.0940307	0.101577	0.158269	0.0549778	0.31726	0.885862	2.7419	2	0.919548
471000	-28.03974	-56.68627	28.64653	0.2	1.670367	0.0158993	0.098436	0.0932482	0.0173241	0.122047	0.0276164	0.0144912	0.123338	0.105511	0.183835	0.046308	0.0649024	0.0346966	0.250482	0.614659	1.05904	2.07582	2	0.947653
472000	-30.29487	-53.67832	23.38345	0.2	2.606043	0.00223243	0.016812	0.0775059	0.0698568	0.0326697	0.0124664	0.00162776	0.0189135	0.118133	0.379688	0.400958	0.102749	0.134398	0.356285	0.707085	1.07974	1.85689	2	1.368009
473000	-45.07045	-52.45374	7.383298	10	0.6171004	0.00958931	0.0400715	0.117144	0.0533499	0.0491436	0.0935921	0.0563047	0.0307656	0.0236401	0.302026	0.0705646	0.00714325	1.04677	0.0566531	0.321645	0.889798	2.7319	5	1.900106
474000	-35.18651	-51.46718	16.28067	10	2.636536	0.066001	0.0311604	0.114337	0.0612278	0.0137491	0.0197269	0.00235153	0.0529011	0.0212628	0.00506635	0.181233	0.447224	0.0107073	0.359031	0.709187	1.08002	1.85176	5	1.026948
475000	-48.43171	-56.44074	8.009036	2	1.38652	0.0526019	0.0299479	0.0368898	0.0427096	0.160883	0.138814	0.0679789	0.0878199	0.42491	0.0555474	0.027179	0.325938	0.173502	0.207248	0.568509	1.043	2.18124	4	1.624721
476000	-34.39194	-53.07765	18.68571	10	0.9002986	0.120101	0.00158893	0.00700754	0.0315989	0.0887109	0.00332048	0.0524252	0.0176738	0.112121	0.0710026	0.00247916	0.0252299	0.396988	0.116657	0.444587	0.981293	2.45746	5	0.9302467
477000	-35.27578	-49.57161	14.29584	1	0.9976007	0.0376451	0.0789531	0.0353513	0.0253524	0.0111777	0.014903	3.92112e-05	0.0280367	0.0359239	0.395506	0.0992654	0.110007	0.0453666	0.136475	0.476029	0.999601	2.38789	3	0.9175279
478000	-40.70971	-54.898	14.18829	10	3.705769	0.210699	0.0116429	0.0558761	0.00733663	0.209264	0.0761678	0.000615507	0.0465296	0.00757789	0.146534	0.344693	0.0442674	0.0649857	0.43743	0.764378	1.08432	1.71387	5	1.22619
479000	-43.82041	-52.23708	8.416673	2	1.394742	0.0669519	0.0511243	0.0958424	0.145897	0.15719	0.0139656	0.0684445	0.0028723	0.737027	0.0862699	0.0113819	0.0562741	0.0931065	0.208595	0.570044	1.04359	2.17777	4	1.586348
480000	-38.36884	-51.83886	13.47002	2	2.1154	0.141794	0.0259717	0.0209473	0.0117871	0.066363	0.0123279	0.0107581	0.00743609	0.0877993	0.256483	0.0120825	0.0366118	0.182463	0.306672	0.66675	1.07263	1.95395	4	0.8728254
481000	-27.26314	-53.34052	26.07737	1000	1.745477	0.0895913	0.0799982	0.0385706	0.186611	0.0193376	0.00044887	0.0748857	0.0256854	0.0260246	0.133361	0.101893	0.199158	0.0406896	0.260877	0.624897	1.06209	2.05214	6	1.016255
482000	-30.74019	-55.78602	25.04583	1000	2.483101	0.0523199	0.0125968	0.00456652	0.102673	0.0535995	0.0908205	0.00392756	0.026736	0.169764	0.17193	0.208703	0.127918	0.0473	0.344849	0.69819	1.07843	1.87853	6	1.072855
483000	-26.63818	-54.81683	28.17865	1000	0.7325604	0.105469	0.135618	0.0197885	0.0705213	0.0624924	0.0114167	0.0138133	0.0776612	0.304003	0.0316973	0.0137776	0.047933	0.111256	0.0811523	0.378496	0.936362	2.60399	6	1.005447
484000	-30.49766	-57.04066	26.543	1000	1.106678	0.169285	0.0347695	0.0402462	0.12002	0.0473722	0.0210827	0.0547658	0.0421127	0.147551	0.0334082	0.0501777	0.0741108	0.180055	0.157734	0.506625	1.01565	2.31999	6	1.014958
485000	-43.44982	-52.32103	8.871216	2	4.885216	0.0417435	0.026328	0.0119341	0.0248631	0.0206135	0.170865	0.0263934	0.00845819	0.0565268	0.195212	0.519057	0.0991512	0.0561041	0.497239	0.801157	1.0835	1.61811	4	1.25725
486000	-36.86623	-52.31897	15.45274	10	0.5129437	0.160394	0.0506715	0.0989721	0.0638999	0.0659131	0.00123201	0.0209072	0.00174134	0.434097	0.0630701	0.179385	0.0212573	0.153931	0.0358112	0.260282	0.829463	2.87444	5	1.315471
487000	-37.50365	-52.07543	14.57178	10	1.051812	0.116203	0.0559174	0.0136845	0.111524	0.0424068	0.0536335	0.00420273	0.110852	0.00257385	0.390191	0.0300867	0.212798	0.202604	0.147175	0.49179	1.00808	2.35295	5	1.346677
488000	-40.80023	-55.33736	14.53714	10	0.2909944	0.107815	0.00395961	0.13075	0.0236043	0.106066	0.182487	0.00272267	0.0583143	0.0527927	0.00204609	0.555503	0.139056	0.152041	0.00459328	0.0975101	0.580364	3.31753	5	1.517158
489000	-36.86149	-54.73269	17.8712	0.2	2.311203	0.0788857	0.0406763	0.063354	0.181614	0.0844505	0.0204536	0.0362592	0.0141185	0.0312553	0.0162656	0.0322479	0.221977	0.0401765	0.327794	0.684492	1.07613	1.91158	2	0.8617343
490000	-30.93361	-48.85643	17.92282	2	1.917983	0.0979042	0.00536496	0.0297079	0.0581068	0.000190163	0.0220657	0.00379223	0.00897325	0.00910856	0.150635	0.129907	0.0190755	0.0672903	0.283284	0.645999	1.06779	2.00292	4	0.602121
491000	-36.26326	-51.91636	15.65311	2	0.7590949	0.00670763	0.0862157	0.136995	0.0137536	0.0133326	0.00386554	0.0336829	0.00131941	0.0958813	0.392878	0.0586954	0.027894	0.0472497	0.08683	0.390129	0.944943	2.5781	4	0.9184704
492000	-21.52113	-50.4015	28.88036	1000	2.029218	0.0991019	0.00425333	0.0816491	0.0395804	0.0117466	0.0295869	0.019658	0.0595686	0.0789229	0.0328691	0.0194103	0.0853398	0.264065	0.296738	0.658085	1.0707	1.97447	6	0.8257521
493000	-41.04661	-53.69958	12.65296	10	3.089264	0.159411	0.0427496	0.131885	0.0836265	0.00186261	0.043542	0.137132	0.0570615	0.197625	0.0282321	0.375687	0.10269	0.050028	0.396052	0.736353	1.08292	1.78467	5	1.411532
494000	-45.63903	-56.86922	11.23019	1	0.3772389	0.0368215	0.109105	0.0415534	0.0373663	0.0548627	0.0898147	0.0720097	0.0510989	0.0277117	0.298716	0.0343088	0.20662	0.22614	0.0135724	0.16456	0.705427	3.11644	3	1.286129
495000	-44.25387	-50.81602	6.562157	10	4.979842	0.139673	0.0242352	0.0664299	0.0671503	0.00121595	0.016265	0.00865876	0.0766297	0.0439329	0.60346	0.10461	0.0142776	0.00330271	0.501238	0.803476	1.08334	1.61195	5	1.169841
496000	-31.56824	-50.47209	18.90385	2	1.921935	0.101402	0.0145361	0.0218612	0.0412113	0.0517425	0.00306321	0.00450511	0.0425403	0.0229927	0.0248256	0.0171055	0.0288992	0.160675	0.283774	0.646447	1.06791	2.00187	4	0.5353597
497000	-48.57467	-53.97914	5.404467	10	3.016947	0.261306	0.0481614	0.111159	0.0897859	0.0925357	0.0258935	0.047778	0.161327	0.177055	0.0046783	0.779043	0.0289364	0.00380123	0.390569	0.732462	1.0826	1.79437	5	1.831462
498000	-29.9814	-49.30639	19.32499	10	2.946616	0.0827454	0.0943908	0.0276049	0.0243912	0.0305118	0.00372955	0.00458723	0.00578589	0.179799	0.0410035	0.03914	0.0674266	0.0223821	0.385089	0.728529	1.08224	1.80414	5	0.6234981
499000	-37.92436	-51.93403	14.00967	10	0.7005204	0.115229	0.039878	0.0368689	0.0378442	0.0722292	0.0257218	0.0018707	0.0104318	0.0102554	0.697494	0.0207597	0.026319	0.0604464	0.0742994	0.363776	0.925061	2.63686	5	1.155347
500000	-24.8351	-54.43498	29.59988	1000	1.222113	0.0399259	0.165636	0.00526503	0.155857	0.156393	0.0713005	0.0179416	0.00927344	0.106325	0.0650083	0.210489	0.041944	0.0915592	0.179037	0.534659	1.02887	2.25743	6	1.136918
501000	-23.65464	-53.87855	30.2239	1000	0.4106579	0.0382989	0.0168543	0.0119968	0.0340623	0.00842902	0.0400048	0.042263	0.109722	0.0174909	0.275233	0.169425	0.023765	0.178698	0.0182815	0.189672	0.742561	3.04949	6	0.9662426
502000	-19.34882	-48.88958	29.54076	1000	3.27354	0.0744941	0.0836094	0.0196497	0.0622423	0.0252784	0.00797638	0.0133199	0.00988855	0.0457827	0.0404465	0.318622	0.05464	0.0586403	0.409376	0.745631	1.08357	1.76142	6	0.8145899
503000	-24.49461	-54.5714	30.07679	1000	1.564146	0.0193415	0.0813568	0.026023	0.0475514	0.057049	0.00197702	0.0705282	0.0433165	0.209378	0.0890474	0.0375985	0.0911038	0.0721556	0.235064	0.598897	1.05398	2.11206	6	0.8464263
504000	-43.07393	-54.9465	11.87257	1	1.263203	0.0140313	0.0426592	0.0129726	0.238245	0.00849506	0.0483254	0.0549423	0.0281182	0.0291975	0.0172896	0.359743	0.197404	0.0818713	0.18632	0.543727	1.03285	2.2371	3	1.133294
505000	-40.81722	-52.05751	11.24029	10	0.5267356	0.19122	0.00217935	0.0180881	0.0202207	0.0333295	0.0509483	0.0583929	0.0536517	1.09234	0.0804249	0.0274988	0.0974213	0.122569	0.0384437	0.269012	0.838787	2.85376	5	1.848289
506000	-22.18629	-49.81276	27.62646	1000	2.450074	0.0321262	0.0340741	0.0884747	0.110733	0.000217061	0.0288103	0.0367803	0.0260765	0.0182653	0.124425	0.00705708	0.0409576	0.339898	0.341672	0.695679	1.07804	1.88461	6	0.8878949
507000	-16.821	-50.27642	33.45542	1000	1.317978	0.0251416	0.0343576	0.0106853	0.039778	0.000638009	0.0512448	0.00655098	0.0115797	0.0658977	0.13231	0.0237284	0.226306	0.0188029	0.195786	0.555161	1.03767	2.21139	6	0.6470209
508000	-33.59247	-50.41322	16.82075	10	1.185065	0.073305	0.0792093	0.0500537	0.0348241	0.00464148	0.00358602	0.000757186	0.00872433	0.0757345	0.331397	0.0590311	0.0642803	0.340806	0.172336	0.526093	1.02498	2.27659	5	1.12635
509000	-19.71695	-49.26598	29.54903	1000	2.574825	0.0608457	0.00175824	0.0204152	0.0623412	0.0636652	0.00987147	0.0342121	0.0153853	0.0529748	0.32446	0.081354	0.0153272	0.0268945	0.353438	0.704891	1.07943	1.86224	6	0.7695053
510000	-22.02884	-52.433	30.40416	1000	0.908811	0.0367297	0.00850533	0.0211232	0.0770954	0.00853338	0.00684826	0.0737825	0.0975682	0.0442828	0.387795	0.00697289	0.0843574	0.0426519	0.118419	0.447516	0.983079	2.45099	6	0.8962464
511000	-24.26819	-53.59495	29.32676	1000	1.21657	0.0238474	0.105663	0.0671544	0.185531	0.0370416	0.0160836	0.0356764	0.0408661	0.0106055	0.241039	0.0464123	0.0150426	0.0512897	0.178043	0.533402	1.02831	2.26024	6	0.876252
512000	-28.54078	-55.58338	27.0426	1000	0.5440648	0.0186041	0.0829402	0.0542824	0.0148398	0.0145735	0.0470141	0.0484053	0.0499696	0.0928489	0.15844	0.418706	0.0978247	0.125993	0.0418175	0.279713	0.84986	2.82861	6	1.224441
513000	-23.40037	-53.4951	30.09472	1000	0.8512501	0.0943747	4.90222e-05	0.107467	0.152082	0.0792489	0.0774572	0.00604191	0.0149893	0.250962	0.142638	0.0271753	0.0194885	0.103008	0.106408	0.426977	0.970203	2.49641	6	1.074982
514000	-21.01721	-52.07951	31.0623	1000	0.8016608	0.0800369	0.035182	0.0737855	0.0231747	0.0528513	0.0275871	0.069079	0.0233519	0.127676	0.0666301	0.0650592	0.219527	0.0234452	0.0959121	0.407802	0.957414	2.53887	6	0.8873863
515000	-28.01549	-55.08282	27.06733	1000	0.3642744	0.0702946	0.0214964	0.0157777	0.0530943	0.108593	0.0331743	0.0224115	0.027551	0.0579182	0.00123236	0.0293898	0.302555	0.156412	0.0119157	0.154611	0.689535	3.14394	6	0.8999004
516000	-37.88649	-50.51181	12.62532	1	3.429123	0.00917527	0.0712365	0.0602848	0.0226156	0.0300497	0.064375	0.0283905	0.0206045	0.0713226	0.0941458	0.0399338	0.015152	0.314141	0.419957	0.752823	1.08395	1.74327	3	0.841427
517000	-32.17049	-49.60581	17.43532	10	0.5835738	0.0459528	0.0580653	0.0378503	0.0816323	0.00816699	0.0103592	0.000797124	5.1546e-05	0.221151	0.216792	0.0775359	0.0241723	0.0909528	0.0497388	0.303017	0.872702	2.77454	5	0.873479
518000	-22.81229	-52.12906	29.31677	1000	0.3979327	0.0314919	0.155091	0.0316622	0.0645133	0.0818497	0.00813902	0.0112295	0.00446345	0.093945	0.050578	0.00624341	0.12791	0.440533	0.0164173	0.18021	0.729034	3.07434	6	1.107649
519000	-49.67519	-58.31061	8.635416	1	1.204894	0.125868	0.149695	0.260807	0.0648843	0.0345588	0.174274	0.0175052	0.00882625	0.0647507	0.049152	0.201812	0.282366	0.0283409	0.175939	0.530726	1.0271	2.26623	3	1.462841
520000	-21.64919	-53.28445	31.63526	1000	0.4505058	0.213011	0.0396395	0.0136096	0.0238937	0.0727131	0.0402227	0.000679594	0.00187876	0.293263	0.0125977	0.136099	0.0543393	0.0504269	0.0246235	0.218382	0.780624	2.97637	6	0.952373
521000	-41.73824	-54.68239	12.94415	10	1.341786	0.0855326	0.055718	0.083302	0.00972028	0.0623367	0.156339	0.0151579	0.0119669	0.0764618	0.209978	0.0574747	0.379039	0.0327072	0.199815	0.559913	1.0396	2.20067	5	1.235735
522000	-27.25231	-55.14391	27.8916	1000	3.752351	0.199559	0.0119213	0.00802063	0.0219815	0.0125449	0.0435851	0.0542375	0.00301386	0.0100807	0.019312	0.096793	0.135668	0.28917	0.440218	0.766185	1.08435	1.70925	6	0.9058876
523000	-44.14576	-58.64687	14.50111	0.2	2.53895	0.126791	0.0193733	0.0183184	0.0328506	0.120003	0.0580751	0.0422204	0.0431717	0.128553	0.111414	0.366892	0.0292418	0.0430416	0.350119	0.702317	1.07906	1.86851	2	1.139946
524000	-26.87178	-50.65145	23.77966	1000	0.6695448	0.0774366	0.0365998	0.0318942	0.0330808	0.13299	0.0117677	0.00144957	0.037226	0.035121	0.0285048	0.076679	0.257629	0.521206	0.0676987	0.348799	0.913038	2.67046	6	1.281584
525000	-29.86676	-61.6006	31.73383	1000	0.3142092	0.0992531	0.00103404	0.172545	0.0363782	0.0741386	0.0304806	0.00970138	0.102014	0.0228821	0.0629248	0.0417551	0.215204	0.0912952	0.00651852	0.115585	0.618911	3.25899	6	0.9596069
526000	-28.08087	-57.15254	29.07168	1000	1.809942	0.219347	0.11282	0.00534182	0.215872	0.0037915	0.000774429	0.0504206	0.0276839	0.105478	0.0199454	0.0580677	0.0930081	0.0170519	0.269481	0.633151	1.06442	2.03295	6	0.9296017
527000	-33.79436	-60.78032	26.98595	1000	1.719554	0.161272	0.00293599	0.210967	0.137332	0.273413	0.0594062	0.0471371	0.000811457	0.00493794	0.00574627	0.222961	0.0130174	0.129101	0.257335	0.621442	1.06108	2.06014	6	1.269039
528000	-36.35958	-54.38544	18.02586	2	0.7320602	0.00247652	0.0500028	0.0517192	0.00873679	0.00897184	0.0387455	0.00332374	0.0111116	0.181072	0.135065	0.0363933	0.0328448	0.0636902	0.0810453	0.378272	0.936193	2.60449	4	0.6241537
529000	-39.77624	-51.47715	11.70092	1	1.906147	0.0505255	0.0683624	0.0187776	0.0681063	0.0200635	0.0132586	0.0390864	0.0101941	0.0446758	0.0365685	0.0251824	0.609663	0.0817017	0.281808	0.644647	1.06745	2.00609	3	1.086165
530000	-26.07741	-52.50044	26.42304	1000	3.786864	0.0394152	0.09566	0.0117496	0.0289891	0.011745	0.00299493	0.00843045	0.000768593	0.0649507	0.0768582	0.645348	0.00726916	0.0310935	0.442256	0.7675	1.08437	1.70587	6	1.025273
531000	-28.64502	-51.60106	22.95604	1000	2.327257	0.164761	0.0362768	0.088997	0.0845267	0.060345	0.019087	0.0220448	0.104645	0.222188	0.0698199	0.055507	0.164721	0.437396	0.329442	0.68584	1.07637	1.90834	6	1.530314
532000	-42.3645	-51.57221	9.207711	1	1.414971	0.216583	0.020875	0.00204815	0.0429221	0.0181368	0.00947468	0.0216856	0.00219092	0.0227761	0.138068	0.614874	0.121667	0.153303	0.211883	0.573763	1.04501	2.16934	3	1.384603
533000	-32.36893	-51.06119	18.69226	10	1.225818	0.0872059	0.0714793	0.0114408	0.0585846	0.0792392	0.00126415	0.0173634	0.0141833	0.124267	0.121885	0.0413398	0.00836158	0.409848	0.179701	0.535495	1.02925	2.25556	5	1.046463
534000	-23.26971	-49.83116	26.56145	1000	1.981559	0.0705435	0.0192215	0.0743442	0.0753144	0.0397049	0.0443014	0.0104189	0.00454865	0.0593077	0.476245	0.06165	0.111017	0.135626	0.291063	0.653038	1.06952	1.98638	6	1.182244
535000	-35.83502	-56.90392	21.0689	1000	0.7757446	0.101959	0.055343	0.0471346	0.137108	0.0832508	0.226804	0.0346189	0.0600768	0.0228801	0.0764847	0.779472	0.200774	0.107192	0.090388	0.397182	0.950001	2.56243	6	1.933097
536000	-41.3426	-55.38377	14.04116	1000	1.818158	0.339099	0.162078	0.195602	0.0854796	0.0764174	0.034753	0.106938	0.151387	0.0167872	0.0625604	0.226128	0.151687	0.861518	0.270558	0.63417	1.06469	2.03058	6	2.470434
537000	-44.64881	-63.08631	18.4375	10	0.5439965	0.0237885	0.0239105	0.0016945	0.0972355	0.0173181	0.0630435	0.071798	0.0679285	0.0323614	0.0974163	0.179438	0.0687521	0.295288	0.0418041	0.279671	0.849818	2.82871	5	1.039973
538000	-40.95864	-55.34469	14.38605	1	2.505973	0.0365756	0.015626	0.0728222	0.0347238	0.052063	0.0181267	0.0342583	0.00220106	0.262755	0.107261	0.0108139	0.0726533	0.0377895	0.347022	0.699898	1.0787	1.87438	3	0.7576692
539000	-39.93824	-51.85734	11.9191	2	4.192141	0.0180865	0.0649861	0.0424652	0.143659	0.00596763	0.0190015	0.00212591	0.0437939	0.05584	0.160229	0.00582295	0.0430304	0.283086	0.464616	0.781602	1.08433	1.66946	4	0.8880934
540000	-37.74024	-53.06234	15.3221	1	1.102959	0.00828486	0.127927	0.140389	0.0375658	0.00878647	0.0578504	0.0173402	0.000147235	0.00188082	0.0278125	0.283246	0.00621313	0.0869221	0.157027	0.505652	1.01516	2.32216	3	0.8043655
541000	-32.00672	-55.4906	23.48388	1000	3.212443	0.167473	0.022806	0.0311106	0.0809835	0.0507697	0.0651178	0.111346	0.109067	0.167935	0.0950205	0.0408851	0.268051	0.131282	0.405057	0.742651	1.08338	1.76891	6	1.341847
542000	-16.25366	-48.59652	32.34285	1000	1.433633	0.113345	0.0138927	0.000972917	0.040578	0.00672944	0.0181027	0.00821233	0.0402259	0.0211155	0.0929581	0.0173418	0.131569	0.16705	0.214886	0.577123	1.04627	2.16172	6	0.6720927
543000	-29.25874	-57.41627	28.15753	1000	1.618972	0.0610685	0.336508	0.0081247	0.0232029	0.139924	0.000931013	0.0339316	0.0473091	0.138398	0.0624222	0.0715435	0.018528	0.0380112	0.24313	0.607232	1.05671	2.09293	6	0.979902
544000	-27.32497	-54.05264	26.72767	1000	0.7167592	0.0725645	0.0778614	0.068237	0.0800245	0.158607	0.00952752	0.115432	0.00530059	0.438546	0.0196493	0.0674631	0.0751667	0.057588	0.077771	0.371331	0.930924	2.61997	6	1.245967
545000	-45.63328	-51.81745	6.184172	2	4.21936	0.223451	0.0684012	0.0639908	0.0409351	0.0244799	0.0517238	0.00893406	0.0357293	0.270273	0.039266	0.038258	0.515181	0.101424	0.466021	0.782469	1.08431	1.6672	4	1.482048
546000	-20.14133	-48.53505	28.39372	1000	4.269626	0.053134	0.0859443	0.0266789	0.0479174	0.00722134	0.0175644	0.00196364	0.0412411	0.188833	0.0480057	0.0677546	0.0722876	0.0988209	0.468587	0.784046	1.08427	1.6631	6	0.7573672
547000	-19.99759	-50.45511	30.45753	1000	3.304783	0.0665943	0.00355329	0.0319597	0.0177657	0.00191723	0.103427	0.0221736	0.00256116	0.00320953	0.0275706	0.0916265	0.310803	0.137791	0.411547	0.747119	1.08366	1.75768	6	0.8209536
548000	-28.87655	-55.52195	26.64539	1000	4.299049	0.0637963	0.0998039	0.028713	0.0269726	0.0204842	0.040729	0.0601373	0.0665	0.07347	0.168995	0.00668983	0.10349	0.205656	0.470072	0.784955	1.08425	1.66073	6	0.9654362
549000	-21.92423	-54.21487	32.29065	1000	0.6746385	0.0137743	0.0560933	0.0184388	0.0843043	0.000247262	0.0338156	0.0280447	0.00802868	0.0392753	0.082257	0.0522709	0.0557389	0.411115	0.0687814	0.351314	0.915095	2.66481	6	0.8834043
550000	-36.49409	-51.85121	15.35712	10	3.337996	0.157689	0.0615061	0.0175794	0.0261931	0.0180888	0.000728743	0.0165438	0.0395039	0.273539	0.0689394	0.243415	0.0263593	0.129068	0.41383	0.748677	1.08374	1.75375	5	1.079154
551000	-37.77811	-51.20997	13.43186	1	1.880513	0.00176316	0.11381	0.0724809	0.0576889	0.0151647	0.00910045	0.0497407	0.0296984	0.310945	0.00819113	0.0775033	0.108404	0.0611444	0.278582	0.641675	1.06669	2.01305	3	0.9156342
552000	-38.4662	-51.2451	12.7789	2	2.962835	0.225356	0.00663767	0.0314729	0.0988237	0.0372429	0.0186251	0.00119547	0.0140631	0.212726	0.147213	0.0827716	0.0516569	0.031734	0.386366	0.729449	1.08233	1.80186	4	0.9595192
553000	-27.00138	-52.76855	25.76717	1000	2.302682	0.0573406	0.055154	0.0512084	0.225186	0.0025908	0.0189525	0.0248088	0.104724	0.166276	0.00057596	0.4046	0.0306122	0.0375963	0.326914	0.68377	1.076	1.91332	6	1.179626
554000	-37.58882	-57.84636	20.25754	0.05	1.172177	0.0740814	0.0241692	0.274892	0.0611854	0.00540429	0.0778525	0.0610115	0.0274434	0.244369	0.0485795	0.0991724	0.0104581	0.123423	0.169975	0.523021	1.02355	2.28345	1	1.132041
555000	-23.42366	-58.29097	34.86731	0.05	1.486411	0.0194091	0.0591047	0.151613	0.0555655	0.0591267	0.0883225	0.0622024	0.0103046	0.0409597	0.0115234	0.0250587	0.177094	0.072549	0.223216	0.586279	1.04961	2.14089	1	0.8328328
556000	-12.97909	-57.21972	44.24063	0.05	1.853151	0.139679	0.0428068	0.0394002	0.107352	0.0609413	0.0538083	0.156435	0.0615853	0.059844	0.023364	0.808875	0.0605602	0.0395511	0.275092	0.638431	1.06584	2.02064	1	1.654203
557000	10.3385	-51.71109	62.04959	0.05	2.891666	0.0537392	0.0111261	0.0370499	0.0346661	0.0254734	0.00703384	0.0561896	0.162235	0.0474946	0.0998249	0.289902	0.165298	0.0124808	0.380703	0.725348	1.08193	1.81202	1	1.002513
558000	5.856645	-50.93672	56.79336	0.05	2.903499	0.117958	0.024405	0.0297055	0.0764296	0.116844	0.0955637	0.00219642	0.0406504	0.0833652	0.45171	0.00992144	0.0221411	0.1299	0.381656	0.726041	1.082	1.81031	1	1.20079
559000	22.03759	-52.87829	74.91588	0.05	3.832022	0.0805706	0.147801	0.0491985	0.119384	0.0789115	0.0468192	0.0479644	0.0610573	0.0587634	0.0408403	0.0328335	0.325694	0.0726692	0.444889	0.769192	1.08439	1.70153	1	1.162506
560000	16.03063	-53.46855	69.49918	0.05	1.488746	0.118104	0.00277464	0.0111392	0.153557	0.0833281	0.261436	0.0170484	0.0323488	0.00174065	0.114539	0.46501	0.0763047	0.113086	0.223579	0.586672	1.04975	2.13999	1	1.450417
561000	26.13077	-54.85315	80.98392	0.05	2.224468	0.0879464	0.0378814	0.156697	0.0851258	0.0968438	0.0545374	0.0220154	0.012701	0.127246	0.105723	0.252155	0.0990982	0.0337213	0.318674	0.676941	1.07471	1.92967	1	1.171692
562000	34.35775	-53.19625	87.554	0.05	2.326618	0.0962241	0.0120548	0.0252609	0.0584693	0.0292555	0.0224258	0.0151499	0.0323775	0.0663092	0.0096671	0.0698047	0.0063003	0.248415	0.329377	0.685786	1.07636	1.90847	1	0.6917141
563000	23.48918	-52.76228	76.25146	0.05	2.523346	0.0609499	0.122389	0.00367156	0.0775205	0.0544919	0.0356786	0.000170988	0.133599	0.0319488	0.202248	0.0474714	0.125265	0.115233	0.348659	0.701179	1.07889	1.87127	1	1.010637
564000	28.53927	-50.10513	78.64441	0.05	0.7176007	0.00468814	0.0394486	0.0239741	0.0166943	0.0061186	0.00103129	0.00968653	0.0335331	0.0811336	0.0115103	0.0290616	0.0104762	0.354609	0.077951	0.371718	0.93122	2.61911	1	0.6219657
565000	22.08956	-54.40745	76.49701	0.05	2.225448	0.093465	0.0663545	0.0741943	0.0716321	0.00498946	0.0990086	0.121183	0.0297856	0.0893661	0.0875409	0.0865084	0.0252721	0.549854	0.318779	0.677029	1.07473	1.92946	1	1.399154
566000	32.66651	-53.97999	86.6465	0.05	1.434717	0.0678597	0.0137047	0.0505885	0.00321244	0.0334403	0.0014702	0.0138504	0.0331756	0.0574459	0.0165172	0.00286973	0.200815	0.203529	0.215059	0.577317	1.04635	2.16128	1	0.6984791
567000	31.18737	-54.0069	85.19427	0.05	0.591685	0.00393862	0.176049	0.0457329	0.0355649	0.0381688	0.0472893	0.0428234	0.0347834	0.00372431	0.29558	0.0631022	0.0592673	0.352565	0.0513977	0.307619	0.877017	2.76397	1	1.198588
568000	50.35368	-53.98338	104.3371	0.05	0.7046443	0.0613592	0.0252288	0.0065377	0.0668748	0.02429	0.052222	0.00308399	0.0579458	0.0648501	0.340962	0.0838374	0.120092	0.055333	0.0751806	0.365713	0.926577	2.63253	1	0.9626166
569000	42.90743	-49.92337	92.8308	0.05	1.934283	0.00852777	0.0560768	0.0457744	0.102639	0.0454665	0.0260745	0.00588332	0.0274327	0.0922564	0.00485238	0.668189	0.0821476	0.056573	0.285302	0.647838	1.06825	1.99861	1	1.221894
570000	27.33694	-60.11923	87.45617	0.05	0.7691764	0.042886	0.0722707	0.0653362	0.0158502	0.0940257	0.0817269	0.141382	0.181898	0.045892	0.227466	0.140014	0.288072	0.203381	0.088985	0.394422	0.948034	2.56856	1	1.600202
571000	33.54088	-54.55836	88.09924	0.05	1.501926	0.184282	0.0708038	0.00468494	0.00970379	0.0022581	0.0564736	0.0093976	0.0492861	0.0246836	0.0685971	0.540287	0.0171497	0.0793383	0.22562	0.588877	1.05053	2.13497	1	1.116946
572000	62.02339	-51.29573	113.3191	0.05	0.9038246	0.0422018	0.00483874	0.0177253	0.0338888	0.0268014	0.0890746	0.00317029	0.0059941	0.144486	0.275516	0.0316983	0.0491754	0.0254277	0.117387	0.445805	0.982038	2.45477	1	0.7499984
573000	58.77874	-54.30416	113.0829	0.05	0.3368409	0.00365686	0.0356042	0.0659914	0.0125183	0.0228472	0.0749124	0.00695169	0.0240955	0.102021	0.0953573	0.14997	0.0571986	0.22866	0.00875378	0.133295	0.652789	3.20516	1	0.8797839
574000	50.15258	-54.48712	104.6397	0.05	0.7624039	0.0386257	0.0316676	0.00329689	0.0128649	0.0675614	0.0555792	0.0166982	0.0208773	0.192327	0.114712	0.108836	0.0342915	0.130003	0.0875375	0.391545	0.945967	2.57495	1	0.8273415
575000	54.33857	-52.34449	106.6831	0.05	2.640818	0.0371958	0.0450859	0.0404775	0.0437323	0.00789522	0.129448	0.0444008	0.0330507	0.095267	0.257584	0.205874	0.0517823	0.127649	0.359413	0.709479	1.08006	1.85105	1	1.119442
576000	44.90868	-53.82712	98.7358	0.05	0.9139931	0.0289986	0.0150885	0.00335158	0.03527	0.138991	0.082225	0.051842	0.00292242	0.0247796	0.0254329	0.347619	0.35449	0.182832	0.11949	0.449281	0.984147	2.44708	1	1.293842
577000	53.06734	-55.0963	108.1636	0.05	0.5862927	0.104121	0.0231893	0.0644444	0.0937194	0.175011	0.000802808	0.0877117	0.0630324	0.493382	0.0228585	0.0130355	0.00237249	0.074699	0.0502938	0.304567	0.874161	2.77098	1	1.218379
578000	47.31577	-59.93221	107.248	0.05	0.7970472	0.0736853	0.075048	0.110223	0.12098	0.105452	0.054627	0.0187025	0.0952613	0.0622916	0.0905539	0.0570209	0.477078	0.244717	0.0949303	0.405942	0.956133	2.54299	1	1.585641
579000	53.56679	-56.99426	110.561	0.05	0.3680732	0.00961984	0.0254387	0.0426943	0.0593683	0.0105024	0.0214734	0.112887	0.0761936	0.0580077	0.232762	0.235064	0.0551131	0.363846	0.0123907	0.157536	0.694284	3.13579	1	1.302971
580000	52.70239	-55.8309	108.5333	0.05	2.943597	0.1245	0.209453	0.0361589	0.0624252	0.14274	0.123666	0.0525736	0.147068	0.0438273	0.282155	0.533206	0.00648549	0.0223683	0.384851	0.728356	1.08222	1.80457	1	1.786626
581000	69.89994	-50.93844	120.8384	0.05	0.3603297	0.0187198	0.102262	0.0142854	0.030443	0.00273962	0.00326079	0.0442605	0.0350064	0.208646	0.0617134	0.00742927	0.0877327	0.0526226	0.0114318	0.151565	0.68452	3.15248	1	0.6691212
582000	48.89484	-58.65743	107.5523	0.05	0.6896324	0.0782439	0.155736	0.043244	0.1437	0.0956915	0.205428	0.014453	0.0451029	0.216141	0.0294868	0.0850767	0.181874	0.416324	0.0719753	0.358597	0.920965	2.64846	1	1.710501
583000	55.22752	-54.86546	110.093	0.05	2.329837	0.0375414	0.0468115	0.131274	0.0638379	0.0254162	0.00417457	0.00556057	0.0338018	0.184695	0.227299	0.0436714	0.0101805	0.282881	0.329706	0.686055	1.07641	1.90783	1	1.097145
584000	51.38833	-50.55001	101.9383	0.05	2.096553	0.0469775	0.0341278	0.0821258	0.0156291	0.0439094	0.00320167	0.0468788	0.00081711	0.18393	0.707393	0.17185	0.0986382	0.0133104	0.304534	0.664903	1.07223	1.95833	1	1.448789
585000	69.02137	-51.38062	120.402	0.05	0.4540606	0.0832234	0.00764286	0.0128453	0.00473376	0.099838	0.000685675	0.00873486	0.0267762	0.0488697	0.0213394	0.0917186	0.330316	0.215469	0.0252229	0.220871	0.783733	2.97017	1	0.9521928
586000	67.11184	-56.87209	123.9839	0.05	0.5129493	0.00988369	0.0232453	0.0168006	0.100109	0.0319195	0.0235534	0.0843332	0.0691495	0.0444798	0.0527587	0.0689541	0.153422	0.155927	0.0358122	0.260285	0.829467	2.87444	1	0.8345345
587000	69.16625	-56.28391	125.4502	0.05	1.775662	0.00177148	0.0703641	0.0956383	0.0212559	0.248313	0.0172065	0.0161507	0.0103333	0.0434443	0.0146203	0.03552	0.149173	0.155585	0.264941	0.62882	1.06321	2.04303	1	0.8793767
588000	86.58292	-51.41894	138.0019	0.05	0.781904	0.00713595	0.0343492	0.0359223	0.02609	0.00468239	0.0449546	0.036926	0.00614409	0.000162902	0.0975432	0.0457079	0.16251	0.0952719	0.0917026	0.399745	0.951812	2.55674	1	0.5974
589000	80.19092	-52.37598	132.5669	0.05	1.371333	0.00245387	0.0741147	0.0346605	0.0444399	0.0325937	0.0746289	0.00379149	0.0085335	0.0164779	0.622353	0.0501777	0.040229	0.147145	0.204744	0.565638	1.04188	2.18774	1	1.151599
590000	84.17033	-52.81637	136.9867	0.05	1.046388	0.0690707	0.0571091	0.0634421	0.0325779	0.0836026	3.11047e-05	0.0343953	0.0279634	0.0236097	0.0318127	0.0503924	0.234366	0.0519249	0.146116	0.490264	1.00728	2.35634	1	0.7602975
591000	85.59893	-50.89413	136.4931	0.05	1.614326	0.05203	0.00682006	0.0670099	0.0582052	0.0198187	0.0441913	0.00231444	0.00843339	0.343374	0.0309681	0.0470357	0.0147423	0.0442438	0.242455	0.606542	1.05649	2.09452	1	0.7391866
592000	70.24551	-57.36131	127.6068	0.05	1.72809	0.0126292	0.102372	0.0794703	0.0600539	0.0920772	0.211481	0.0861769	0.0933524	0.0236313	0.116588	0.0468626	0.27789	0.441318	0.258506	0.622589	1.06142	2.05749	1	1.643903
593000	77.7682	-55.17446	132.9427	0.05	1.072101	0.0317551	0.0123666	0.0822149	0.0669132	0.00893422	0.0110239	0.095598	0.247554	0.10738	0.282662	0.186758	0.00563114	0.00832081	0.151111	0.4974	1.01099	2.3405	1	1.147111
594000	79.04852	-52.10475	131.1533	0.05	2.949418	0.0213954	0.00323981	0.15902	0.0424125	0.0289434	0.00315158	0.00616082	0.0531031	0.0386109	0.230993	0.0718321	0.112891	0.37176	0.385311	0.728688	1.08225	1.80375	1	1.143513
595000	79.78685	-49.59716	129.384	0.05	3.282672	0.0183025	0.119707	0.0171555	0.0859492	0.0161069	0.0550845	0.0335191	0.0213766	0.183375	0.0204014	0.0907721	0.531706	0.0911946	0.410013	0.746068	1.0836	1.76032	1	1.284651
596000	80.81264	-51.58507	132.3977	0.05	2.494999	0.12552	0.00651401	0.0541115	0.0267578	0.0167487	0.0705717	0.0460838	0.0582241	0.304136	0.156644	0.0170474	0.198998	0.139861	0.345982	0.699082	1.07857	1.87637	1	1.221218
597000	84.31898	-50.76936	135.0883	0.05	1.415905	0.0928565	0.0365108	0.0371963	0.151113	0.0278866	0.0194385	0.0134494	0.0192348	0.101713	0.0937313	0.292477	0.171991	0.00948889	0.212034	0.573933	1.04508	2.16896	1	1.067087
598000	77.7135	-52.5289	130.2424	0.05	1.267974	0.0646059	0.102461	0.0208082	0.0530594	0.0375824	0.00374777	0.0191928	0.0254864	1.05032	0.00953519	0.0378986	0.0298714	0.222795	0.187156	0.544752	1.0333	2.2348	1	1.677366
599000	78.41305	-52.2589	130.6719	0.05	1.6265	0.0317592	0.114329	0.129025	0.195587	0.0204006	0.104977	0.00736349	0.00748324	0.160586	0.611515	0.0097904	0.0594208	0.135751	0.244219	0.608342	1.05706	2.09038	1	1.587988
600000	76.14286	-58.78391	134.9268	0.05	0.8424185	0.00402445	0.128533	0.0712763	0.0283992	0.00125846	0.25812	0.0184938	0.0639674	0.149065	0.123833	0.070114	0.306259	0.0243948	0.104548	0.423667	0.968049	2.50374	1	1.247738
601000	85.82095	-50.28166	136.1026	0.05	1.666027	0.0507858	0.0301572	0.0360908	0.0675095	0.0363561	0.0779857	0.00851876	0.0333839	0.0445947	0.247546	0.0399864	0.284411	0.0900632	0.249869	0.614045	1.05885	2.07724	1	1.047389
602000	83.43884	-53.78498	137.2238	0.05	2.714503	0.0409712	0.0250592	0.00188404	0.0542441	0.0076157	0.0028217	0.122147	0.121744	0.0630446	0.135019	0.0783017	0.0197978	0.147457	0.365894	0.714386	1.08069	1.83903	1	0.8201057
603000	81.07583	-54.97054	136.0464	0.05	0.8879458	0.109942	0.0220365	0.0317076	0.165648	0.00366309	0.0209688	0.0478981	0.00359667	0.0121449	0.385928	0.211531	0.0514223	0.0911533	0.11409	0.440272	0.978632	2.46701	1	1.15764
604000	85.34192	-50.57806	135.92	0.05	1.7262	0.13837	0.00642996	0.0599269	0.0141485	0.0356614	0.00382971	0.000351308	0.0330738	0.0725264	0.41468	0.127934	0.119469	0.0375039	0.258247	0.622336	1.06134	2.05807	1	1.063904
605000	86.86397	-49.34595	136.2099	0.05	0.8958615	0.0863741	0.0348479	0.0195409	0.0795542	0.122298	0.00175165	0.00314592	0.01108	0.0510822	0.0297055	0.0787251	0.5701	0.0480763	0.115736	0.443046	0.980347	2.46087	1	1.136282
606000	83.98689	-53.94214	137.929	0.05	0.43987	0.181944	0.0991956	0.0457338	0.0559902	0.0191776	0.0409181	0.0177018	0.0750191	0.0269924	0.279017	0.113476	0.0366917	0.0296365	0.0228612	0.210863	0.771057	2.99522	1	1.021494
607000	82.80426	-54.65614	137.4604	0.05	4.416971	0.0521097	0.0594246	0.0144463	0.0451814	0.0618911	0.0109343	0.0894975	0.00496368	0.0411745	0.220259	0.0145904	0.0242516	0.0172895	0.475898	0.788497	1.08414	1.65147	1	0.6560141
608000	84.31154	-50.28249	134.594	0.05	4.047854	0.0188306	0.0688873	0.0274322	0.0918081	0.028053	0.00531901	0.0399905	0.0206024	0.227113	0.256861	0.0803589	0.051919	0.058695	0.456972	0.776848	1.08439	1.68179	1	0.9758696
609000	80.61774	-56.67398	137.2917	0.05	1.624744	0.0892843	0.01952	0.0220027	0.0521775	0.0785171	0.112037	0.0496462	0.0414956	0.115882	0.0788709	0.0158402	0.11186	0.203763	0.243965	0.608084	1.05698	2.09097	1	0.9908958
610000	79.80939	-51.99051	131.7999	0.05	0.5179207	0.260587	0.00518388	0.0988793	0.112188	0.0946924	0.037541	0.0428478	0.022058	0.016181	0.72561	0.0320647	0.00404196	0.122685	0.0367554	0.263454	0.832882	2.86691	1	1.574559
611000	75.05513	-60.10274	135.1579	0.05	0.7673269	0.294252	0.177769	0.096175	0.0212871	0.0194186	0.0318758	0.0132899	0.0645876	0.143921	0.0082266	0.184461	0.181654	0.0073748	0.0885898	0.393639	0.947474	2.5703	1	1.244292
612000	86.80194	-53.25209	140.054	0.05	0.8273387	0.0365579	0.0546031	0.128671	0.0247878	0.0172226	0.0294138	0.0268741	0.0130859	0.00422391	0.245869	0.0830462	0.0280112	0.0788452	0.101361	0.417912	0.964251	2.51647	1	0.7712108
613000	87.03601	-50.59039	137.6264	0.05	2.359691	0.124008	0.00857614	0.00884601	0.0648552	0.0217284	0.0268653	0.0252123	0.0381552	0.00349423	0.0103593	0.135189	0.0687432	0.310456	0.332737	0.688518	1.07684	1.9019	1	0.8464878
614000	82.37307	-53.82708	136.2001	0.05	1.418007	0.0523018	0.0272005	0.0118252	0.0586534	0.0518654	0.00831379	0.0327529	0.0131763	0.255926	0.0261849	0.0124123	0.0136771	0.507967	0.212374	0.574314	1.04522	2.16809	1	1.072256
615000	78.31665	-56.62389	134.9405	0.05	2.511314	0.0822636	0.0266214	0.0623391	0.0559345	0.0364073	0.0874613	0.0435233	0.0466563	0.176932	0.017188	0.436603	0.0338841	0.028243	0.347527	0.700294	1.07876	1.87342	1	1.134057
616000	84.77952	-50.11646	134.896	0.05	3.533422	0.0918833	0.0108035	0.0353255	0.0314898	0.0369285	0.00714935	0.0133391	0.0192683	0.0737526	0.10814	0.0602837	0.457258	0.061414	0.426737	0.757353	1.08413	1.73178	1	1.007036
617000	80.93189	-56.13321	137.0651	0.05	0.4009292	0.0684755	0.0211577	0.105118	0.156583	0.0870314	0.0319688	0.0940878	0.0712199	0.0141365	0.0619773	0.126878	0.00472079	0.264593	0.0168487	0.18245	0.732284	3.06842	1	1.107949
618000	80.49013	-51.66787	132.158	0.05	2.432953	0.0147793	0.155544	0.150341	0.0285486	0.0235445	0.0483397	0.0712031	0.00381156	0.0590946	0.0521639	0.61507	0.0523975	0.115061	0.340006	0.694355	1.07782	1.88781	1	1.3899
619000	84.34683	-53.60282	137.9497	0.05	1.945782	0.0613011	0.206146	0.163778	0.000441949	0.0180995	0.0446583	0.0213152	0.00327752	0.0489224	0.0549842	0.189257	0.0443818	0.00424734	0.286716	0.649122	1.06857	1.99559	1	0.8608105
620000	83.89428	-49.90207	133.7963	0.05	3.464163	0.100974	0.00801586	0.114158	0.121879	0.0390989	0.0268037	0.00506761	0.00250803	0.213944	0.304394	0.0790085	0.0305109	0.0767259	0.422262	0.75437	1.08401	1.73936	1	1.123087
621000	81.89185	-53.42913	135.321	0.05	0.7556996	0.0185558	0.000838752	0.00721012	0.125202	0.0221935	0.00297092	0.125568	0.0102559	0.0691363	0.0480977	0.00372507	0.0512099	0.752773	0.0861038	0.388667	0.943881	2.58135	1	1.237737
622000	79.77427	-54.76518	134.5394	0.05	0.7622045	0.0336042	0.0928841	0.0246587	0.0765548	0.016719	0.24622	0.089351	0.000252756	0.0923062	0.0250074	0.118174	0.0207007	0.481613	0.0874949	0.39146	0.945906	2.57514	1	1.318046
623000	88.37432	-49.67801	138.0523	0.05	0.8903796	0.030348	0.112689	0.00888044	0.096214	0.0264164	0.0117756	0.0169513	0.011555	0.0105155	0.457815	0.152183	0.000524901	0.0309341	0.114597	0.441128	0.979163	2.46511	1	0.966803
624000	69.18091	-58.48105	127.662	0.05	2.73147	0.0624073	0.58661	0.0410923	0.0171987	0.0378769	0.0691702	0.0272581	0.0201191	0.027352	0.0211433	0.469675	0.273358	0.159932	0.367359	0.715486	1.08083	1.83633	1	1.813193
625000	76.29511	-63.88917	140.1843	0.05	0.4554979	0.0548924	0.074651	0.0713148	0.0789924	0.0570149	0.00957688	0.0755398	0.0159221	0.260682	0.0586959	0.0109272	0.00244689	0.00936121	0.0254667	0.221874	0.784977	2.96768	1	0.7800173
626000	89.0974	-50.18216	139.2796	0.05	0.6529057	0.0931019	0.08705	0.0243264	0.0379554	0.00671751	0.0196183	0.00961884	0.0126102	0.0117626	0.0874665	0.0567513	0.0832744	0.295552	0.0641718	0.340436	0.906083	2.68931	1	0.8258058
627000	89.54428	-48.59154	138.1358	0.05	1.208091	0.0249101	0.0610726	0.0730306	0.0231414	0.00977684	0.00188574	0.0274456	0.0375705	0.061216	0.387293	0.00102426	0.0525677	0.12425	0.176516	0.531462	1.02744	2.26459	1	0.8851837
628000	82.2012	-53.25615	135.4574	0.05	0.6086639	0.112013	0.0177998	0.143818	0.0431664	0.105403	0.0320205	0.0196412	0.0199246	0.0841601	0.220851	0.320367	0.0242004	0.0940459	0.0548998	0.317054	0.885675	2.74237	1	1.23741
629000	79.36047	-56.11091	135.4714	0.05	2.338848	0.035997	0.0406631	0.00257497	0.0349541	0.0652014	0.152324	0.0479925	0.0442703	0.112299	0.318862	0.0528071	0.125655	0.0866427	0.330625	0.686804	1.07654	1.90603	1	1.120243
630000	79.46293	-53.087	132.5499	0.05	2.139134	0.0188796	0.189232	0.0449959	0.104543	0.0167071	0.00506553	0.0369005	0.178557	0.114435	0.10316	0.318447	0.0516632	0.174242	0.309336	0.669038	1.07311	1.94852	1	1.356828
631000	87.5616	-47.45091	135.0125	0.05	3.122614	0.13531	0.0238568	0.00829051	0.0417461	0.0327889	0.0181732	0.00941902	0.0171976	0.0555707	0.138758	0.0370802	0.121785	0.381129	0.398531	0.738098	1.08306	1.78031	1	1.021105
632000	83.43702	-54.49352	137.9305	0.05	1.057769	0.120045	0.0382132	0.020077	0.0219572	0.0476989	0.0346968	0.00966662	0.112104	0.0514004	0.0912483	0.0696436	0.0722996	0.227088	0.148334	0.493453	1.00895	2.34926	1	0.916138
633000	82.94475	-54.79038	137.7351	0.05	0.5159197	0.0456264	0.0555514	0.0143325	0.00827074	0.0378706	0.13178	0.1011	0.0756666	0.0516273	0.000277654	0.300586	0.0723384	0.120841	0.036375	0.262182	0.831515	2.86993	1	1.015869
634000	85.45235	-51.27031	136.7227	0.05	1.480907	0.0191082	0.0401879	0.011239	0.105087	0.0202209	0.00869676	0.0107268	0.0752717	0.124958	0.114457	0.259811	0.0237499	0.194885	0.222358	0.585347	1.04928	2.14301	1	1.008399
635000	83.46763	-50.96844	134.4361	0.05	1.665783	0.128967	0.126699	0.00766818	0.0521721	0.0112846	0.0117819	0.0455164	0.0109234	0.131381	0.0156924	0.178163	0.341252	0.15497	0.249834	0.614011	1.05884	2.07732	1	1.216472
636000	82.30142	-53.35412	135.6555	0.05	1.214381	0.0874174	0.0312562	0.017725	0.0165867	0.153772	0.0224053	0.011987	0.000642423	0.215557	0.11328	0.359721	0.0411208	0.0691344	0.177649	0.532903	1.02809	2.26136	1	1.140606
637000	89.89398	-50.20469	140.0987	0.05	2.081356	0.127111	0.0979157	0.0031873	0.0670445	0.0211658	0.00188812	0.00200384	0.0117654	0.020797	0.0570572	0.0447122	0.163216	0.011743	0.302797	0.663395	1.0719	1.96191	1	0.6296072
638000	86.84762	-54.59581	141.4434	0.05	1.002458	0.0396819	0.0175486	0.00372134	0.060139	0.0971984	0.0105628	0.00330567	0.106796	0.0240055	0.0245779	0.0304238	0.0354128	0.160671	0.137444	0.477489	1.00041	2.38466	1	0.6140441
639000	81.13809	-53.61463	134.7527	0.05	1.237205	0.00157514	0.0312112	0.0752854	0.0494544	0.0844498	0.0167534	0.0695786	0.0380452	0.278971	0.424209	0.03936	0.122065	0.00209517	0.18173	0.538041	1.03038	2.24985	1	1.233054
640000	78.01247	-58.91277	136.9252	0.05	2.504782	0.0766835	0.00567486	0.145447	0.0572225	0.0190605	0.0268884	0.00907341	0.0166617	0.132906	0.0817511	0.0701139	0.174351	0.079544	0.34691	0.69981	1.07868	1.8746	1	0.8953776
641000	81.18916	-56.26532	137.4545	0.05	2.255374	0.014666	0.0810997	0.0123651	0.0696129	0.00446695	0.0417049	0.0727004	0.0738388	0.0892872	0.13754	0.106341	0.153667	0.0830013	0.321965	0.679685	1.07524	1.92311	1	0.9402917
642000	86.04582	-51.58046	137.6263	0.05	3.131603	0.0105266	0.10349	0.0626401	0.0780953	0.0257425	0.0258249	0.000352913	0.0200845	0.0393972	0.047577	0.22301	0.0926561	0.0775221	0.399193	0.738564	1.08309	1.77915	1	0.806919
643000	81.01011	-53.9348	134.9449	0.05	3.371878	0.00109796	0.0886278	0.00753651	0.0649565	0.0273789	0.0898397	0.00900125	0.0803867	0.0233066	0.241425	0.0525047	0.357322	0.0218339	0.416131	0.75024	1.08382	1.74981	1	1.065218
644000	83.68571	-55.34631	139.032	0.05	0.4072294	0.0360965	0.0115898	0.0126751	0.115778	0.059147	0.0217566	0.00931544	0.0437975	0.01975	0.227238	0.250874	0.00188396	0.0842949	0.017771	0.187136	0.738987	3.05611	1	0.8941974
645000	79.29326	-56.14701	135.4403	0.05	1.855707	0.0259644	0.106557	0.0241878	0.039985	0.0443256	0.0406826	0.0183661	0.0100507	0.015402	0.163828	0.0782077	0.0162518	0.514486	0.27542	0.638737	1.06592	2.01992	1	1.098295
646000	79.82127	-54.46781	134.2891	0.05	3.186328	0.151738	0.00348818	0.0733899	0.0372281	0.0581121	0.0158357	0.0514093	0.0558893	0.0248727	0.0159415	0.02006	0.0991228	0.479363	0.403182	0.741349	1.08329	1.77218	1	1.086451
647000	81.08755	-58.24899	139.3365	0.05	1.186745	0.0111187	0.13107	0.00361082	0.0705943	0.0518204	0.0714226	0.0539086	0.0354103	0.00794106	0.160522	0.137603	0.0445286	0.0357813	0.172643	0.52649	1.02516	2.2757	1	0.8153318
648000	82.84916	-54.75638	137.6055	0.05	2.370119	0.0104018	0.124723	0.0314554	0.0741784	0.0485056	0.103928	0.0147705	0.0136191	0.0557533	0.0264773	0.0532369	0.0396443	0.232334	0.333787	0.689366	1.07699	1.89986	1	0.8290277
649000	81.79014	-55.49024	137.2804	0.05	0.980537	0.103871	0.011023	0.00118784	0.139421	0.111713	0.0472464	0.0878448	0.014398	0.0604366	0.104296	0.087931	0.0827723	0.162574	0.133054	0.470823	0.996699	2.39942	1	1.014716
650000	77.79012	-53.40931	131.1994	0.05	2.398062	0.0120871	0.0681037	0.00151077	0.0786619	0.027788	0.0693251	0.0795223	0.0242822	0.430158	0.171528	0.111173	0.0574188	0.351644	0.336574	0.691611	1.07737	1.89444	1	1.483203
651000	87.67571	-50.3762	138.0519	0.05	1.314161	0.0403403	0.0936887	0.0857805	0.0119848	0.0625767	0.0455654	0.0110214	0.00393838	0.0547529	0.0752136	0.0116275	0.330091	0.0518154	0.195135	0.554387	1.03735	2.21313	1	0.8783971
652000	76.58297	-57.49349	134.0765	0.05	1.046686	0.170987	0.254774	0.09594	0.00217912	0.084296	0.0318405	0.0279385	0.181207	0.0176777	0.0847639	0.00646137	0.287877	0.0572361	0.146174	0.490348	1.00732	2.35615	1	1.303179
653000	87.12045	-50.39018	137.5106	0.05	0.6917961	0.191575	0.0410275	0.0985073	0.0328238	0.0131917	0.00466133	0.00601337	0.0178709	0.102433	0.357084	0.0189921	0.112317	0.0175148	0.0724368	0.359634	0.92179	2.64614	1	1.014012
654000	86.42923	-50.78109	137.2103	0.05	2.512997	0.0609516	0.0144549	0.0234077	0.104212	0.000433865	0.0109973	0.0163215	0.00747476	0.0101333	0.0518038	0.0142259	0.414366	0.132692	0.347685	0.700418	1.07877	1.87312	1	0.861474
655000	84.77442	-53.18895	137.9634	0.05	0.8662147	0.0769127	0.0701673	0.123607	0.0159192	0.00108974	0.0379802	0.065692	0.0144558	0.0450306	0.0660184	0.192577	0.153544	0.113938	0.109551	0.432487	0.973739	2.48422	1	0.9769317
656000	92.21373	-47.35631	139.57	0.05	1.7721	0.0206543	0.0575552	0.0495396	0.0101334	0.00819867	0.00950447	0.0132662	0.0020491	0.00951022	0.0746368	0.0743968	0.0172904	0.359371	0.264465	0.628363	1.06308	2.04409	1	0.706106
657000	80.6865	-54.34274	135.0292	0.05	0.5340665	0.104235	0.120738	0.0801984	0.0253921	0.128616	0.0159402	0.066417	0.00227697	0.0264374	0.00139463	0.235227	0.200645	0.258373	0.0398624	0.273575	0.843556	2.84301	1	1.265891
658000	86.45856	-51.68924	138.1478	0.05	1.079163	0.223716	3.78916e-05	0.0661395	0.0572707	0.0029963	0.00734346	0.00204624	0.0317182	0.0571482	0.0732721	0.00483622	0.148964	0.230731	0.152473	0.499318	1.01197	2.33624	1	0.9062207
659000	88.81536	-50.1262	138.9416	0.05	2.790984	0.0069673	0.0344292	0.0652255	0.0388345	0.0212344	0.00649041	0.00544348	0.0105785	0.139915	0.074695	0.190307	0.0661609	0.000323571	0.372417	0.719257	1.08127	1.82706	1	0.660605
660000	81.97989	-54.16988	136.1498	0.05	2.46055	0.0101446	0.0442608	0.0504081	0.0263871	0.00672822	0.0484093	0.0356309	0.00807366	0.0746573	0.344628	0.268515	0.00417331	0.0296622	0.342684	0.696481	1.07817	1.88267	1	0.9516783
661000	82.53116	-54.37512	136.9063	0.05	1.299374	0.0347404	0.0836352	0.0400135	0.000123039	0.0456855	0.00890768	0.0750825	0.128351	0.400034	0.0327099	0.0331138	0.113248	0.00238044	0.192602	0.551357	1.03609	2.21995	1	0.9980252
662000	84.49751	-51.16388	135.6614	0.05	2.171237	0.12437	0.0125092	0.0944865	0.0721365	0.0384048	0.0507554	0.0402859	0.00709806	0.019371	0.0263159	0.0445629	0.0243384	0.48202	0.312893	0.672069	1.07374	1.9413	1	1.036655
663000	77.34851	-59.90212	137.2506	0.05	1.862278	0.0438174	0.029007	0.035216	0.0787118	0.00878587	0.104232	0.0636705	0.169099	0.177665	0.091477	0.0370652	0.0210962	0.0599309	0.276261	0.639521	1.06613	2.01809	1	0.919774
664000	72.07957	-58.65943	130.739	0.05	3.250831	0.0416447	0.115236	0.252755	0.0112838	0.0413211	0.1152	0.129289	0.0567139	0.0229925	0.0327723	0.276907	0.156588	0.202526	0.407782	0.744534	1.0835	1.76418	1	1.45523
665000	89.43156	-51.7927	141.2243	0.05	0.6474646	0.0524876	0.0282387	0.0365885	0.0223877	0.000649639	0.00549746	0.023471	0.040027	0.0947712	0.059636	0.0444101	0.0402801	0.208074	0.0630224	0.337651	0.903728	2.6956	1	0.656519
666000	86.09044	-55.18038	141.2708	0.05	0.4477955	0.0512728	0.0961564	0.0188568	0.0338312	0.00627186	0.031243	0.00350123	0.0273275	0.0482979	0.0565198	0.0363739	0.224054	0.0602726	0.0241699	0.216476	0.778224	2.98113	1	0.6939793
667000	84.22121	-50.14693	134.3681	0.05	2.855063	0.0257069	0.149599	0.0286854	0.0125313	0.0496964	0.0222846	0.0148798	0.0701815	0.41212	0.0343872	0.195923	0.0597264	0.0559633	0.377729	0.723174	1.0817	1.8174	1	1.131685
668000	80.77166	-50.90354	131.6752	0.05	1.600712	0.0742302	0.0597724	0.0916976	0.0960984	0.00269523	0.0325097	0.0359501	0.0238307	0.0329297	0.184386	0.117728	0.454644	0.310062	0.240469	0.604505	1.05583	2.0992	1	1.516535
669000	84.79503	-50.00093	134.796	0.05	2.252424	0.0555925	0.0786389	0.0444097	0.201477	0.00284702	0.00909494	0.0287704	0.0125772	0.0545788	0.00986542	0.401389	0.0654659	0.161352	0.321653	0.679425	1.07519	1.92373	1	1.126058
670000	80.65706	-54.82478	135.4818	0.05	0.7827487	0.00426423	0.139817	0.0647294	0.000467203	0.185153	0.101928	0.000733523	0.00495488	0.0494698	0.188346	0.10358	0.0812604	0.294481	0.0918829	0.400095	0.952058	2.55596	1	1.219186
671000	76.24849	-59.55649	135.805	0.05	0.371409	0.198657	0.0564414	0.00667658	0.0811011	0.235413	0.0111819	0.0400263	0.0118493	0.0104947	0.292811	0.0576047	0.218925	0.00349706	0.012815	0.160098	0.698391	3.1287	1	1.22468
672000	83.54417	-52.34768	135.8919	0.05	1.206075	0.146869	0.0620372	0.0273261	0.118775	0.0580283	0.00976202	0.0106543	0.00909746	0.0485229	0.026779	0.0611313	0.285814	0.271066	0.176152	0.530998	1.02723	2.26562	1	1.135864
673000	93.02779	-50.37388	143.4017	0.05	0.3747541	0.0453185	0.0170843	0.00260223	0.00405187	0.00379593	0.013198	0.0127575	0.028835	0.0701501	0.111203	0.0259448	0.0614915	0.10232	0.0132471	0.162661	0.70245	3.12164	1	0.4987525
674000	78.87355	-57.08618	135.9597	0.05	0.6681236	0.0696584	0.0890163	0.218374	0.126374	0.0123922	0.0819233	0.0547502	0.0208423	0.0402444	0.156184	0.0843354	0.134331	0.0884823	0.0673968	0.348094	0.912458	2.67205	1	1.176908
675000	73.02207	-57.73536	130.7574	0.05	1.509518	0.0317509	0.159847	0.131471	0.0156872	0.0214527	0.00530708	0.0367853	0.106812	0.0280199	0.189916	0.371817	0.329145	0.189807	0.226789	0.590133	1.05098	2.1321	1	1.617818
676000	68.68754	-59.91818	128.6057	0.05	2.438622	0.195924	0.0532037	0.0803415	0.00200839	0.0653049	0.131748	0.121234	0.0140662	0.265513	0.0768866	0.244956	0.407911	0.0795306	0.340559	0.694795	1.0779	1.88675	1	1.738627
677000	79.96064	-55.30601	135.2667	0.05	0.7011745	0.115493	0.0941942	0.0837834	0.133356	0.0132296	0.0118912	0.0310103	0.0451204	0.021226	0.0447782	0.0412637	0.593282	0.0273769	0.0744392	0.364084	0.925303	2.63617	1	1.256006
678000	86.37444	-52.68981	139.0642	0.05	1.889872	0.0369604	0.00550478	0.00715756	0.0113205	0.00721643	0.00710981	0.0110725	0.000122397	0.112758	0.0823312	0.0457969	0.126879	0.283361	0.279764	0.642767	1.06697	2.0105	1	0.7375902
679000	87.05724	-51.68743	138.7447	0.05	0.196445	0.074318	0.0999269	0.0303817	0.0704203	0.00817519	0.000516068	0.0122364	0.0305685	0.0126619	0.0150753	0.16293	0.0498223	0.359112	0.000468801	0.0317501	0.374316	3.59347	1	0.9261442
680000	72.37776	-54.57707	126.9548	0.05	1.555685	0.0253908	0.182078	0.0182237	0.263446	0.0663079	0.116625	0.00958194	0.125592	0.100262	0.458112	0.151357	0.0312281	0.466178	0.233798	0.59757	1.05353	2.1151	1	2.014382
681000	83.04787	-54.95375	138.0016	0.05	3.095468	0.0180621	0.0345257	0.00639384	0.0475423	0.132659	0.0308968	0.0409884	0.0707404	0.0194107	0.015589	0.25584	0.0454437	0.0219049	0.396515	0.73668	1.08295	1.78386	1	0.7399973
682000	81.68516	-50.28217	131.9673	0.05	3.238193	0.0958666	0.0817367	0.0217174	0.0723225	0.0363312	0.00728883	0.0864657	0.027564	0.0590703	0.0356682	0.00841142	0.511436	0.264434	0.406889	0.743918	1.08346	1.76573	1	1.308313
683000	88.06884	-50.45313	138.522	0.05	1.606124	0.200421	0.0138683	0.0555635	0.106364	0.0179497	0.000892669	0.0153985	0.00661919	0.0401705	0.0508244	0.278467	0.014345	0.0481401	0.241261	0.605318	1.05609	2.09733	1	0.8490231
684000	86.49344	-52.49121	138.9846	0.05	0.6713211	0.0565724	0.0556048	0.0182017	0.0894148	0.00631912	0.0418222	0.00461894	0.0265441	0.108917	0.356138	0.0227392	0.0725617	0.0159316	0.0680761	0.349678	0.913759	2.66849	1	0.8753853
685000	81.71944	-53.22575	134.9452	0.05	1.187585	0.32252	0.00208664	0.0417546	0.0336249	0.00742543	0.0712921	0.0106952	0.00710894	0.167978	0.09942	0.0517204	0.291272	0.115967	0.172796	0.526688	1.02526	2.27526	1	1.222866
686000	83.24101	-53.54078	136.7818	0.05	2.083922	0.0804757	0.00565354	0.105694	0.0415991	0.132791	0.00216438	0.0201557	0.00777954	0.148482	0.0372618	0.205083	0.0657557	0.103087	0.303091	0.663651	1.07195	1.9613	1	0.9559819
687000	85.28301	-55.41817	140.7012	0.05	0.2997016	0.0109094	0.0493904	0.000325913	0.00738512	0.160059	0.0275886	0.00495292	0.0276419	0.101896	0.145592	0.0634786	0.136873	0.0018989	0.00527113	0.104263	0.595301	3.29516	1	0.7379926
688000	74.10406	-59.22557	133.3296	0.05	0.7556241	0.131583	0.157406	0.124052	0.0921916	0.0202825	0.00397678	0.0257322	0.0780234	0.0464288	0.153361	0.0573753	0.113225	0.402328	0.0860877	0.388635	0.943857	2.58142	1	1.405965
689000	76.48274	-53.31643	129.7992	0.05	3.16429	0.110633	0.0349745	0.108345	0.271888	0.019941	0.0550707	0.0435462	0.0173596	0.249731	0.0353155	0.0708448	0.155364	0.339664	0.401585	0.740237	1.08322	1.77496	1	1.512677
690000	72.62334	-57.64372	130.2671	0.05	2.55859	0.164843	0.106211	0.0895899	0.0678365	0.0268812	0.0585932	0.0676208	0.226859	0.000210759	0.292659	0.108446	0.110882	0.208003	0.351942	0.703734	1.07926	1.86506	1	1.528636
691000	88.20083	-50.41583	138.6167	0.05	1.205368	0.0642417	0.00632972	0.026673	0.00661838	0.00198403	0.00862324	0.00296155	0.00509026	0.483202	0.0406469	0.0866898	0.0438238	0.0781021	0.176024	0.530835	1.02715	2.26599	1	0.8549868
692000	80.68399	-52.0562	132.7402	0.05	3.660855	0.107163	0.0305564	0.04342	0.0422676	0.0931145	0.017311	0.125452	0.0111475	0.460754	0.207795	0.00649892	0.000734279	0.0421217	0.434702	0.762599	1.08428	1.71842	1	1.188336
693000	84.11412	-52.10203	136.2162	0.05	1.619626	0.0767562	0.0543577	0.000828837	0.153644	0.056542	0.0223587	0.0112488	0.163264	0.310921	0.0435075	0.0290092	0.0577209	0.0733742	0.243225	0.607328	1.05674	2.09271	1	1.053533
694000	88.52504	-50.58594	139.111	0.05	1.456313	0.0722198	0.0108562	0.0791432	0.00436616	0.0133538	0.0327612	0.0255573	0.0084569	0.132853	0.00355536	0.0540559	0.0376635	0.298452	0.218494	0.581119	1.04775	2.15264	1	0.7732945
695000	80.69774	-52.3398	133.0375	0.05	2.289415	0.180053	0.0930704	0.0167843	0.0233623	0.00885349	0.00142128	0.00157271	0.0733648	0.0392002	0.633489	0.169206	0.0486573	0.0157027	0.325537	0.682638	1.07579	1.91603	1	1.304737
696000	83.13882	-56.69416	139.833	0.05	0.433793	0.0431012	0.0372217	0.0120488	0.0236259	0.0672713	0.0704754	0.0499282	0.0618098	0.0233067	0.151688	0.00781149	0.0522283	0.196226	0.0218761	0.206518	0.765404	3.0062	1	0.7967419
697000	82.31289	-51.76	134.0729	0.05	1.580741	0.286624	0.00687932	0.140309	0.0163036	0.0581671	0.00872499	0.0187657	0.0009345	0.0349151	0.0721229	0.0700729	0.449052	0.0934548	0.23753	0.601466	1.05483	2.10617	1	1.256326
698000	87.92833	-51.49313	139.4215	0.05	0.4459623	0.0888473	0.0093239	0.0218472	0.0805224	0.0591421	0.0127946	0.00769767	0.0243201	0.465699	0.021412	0.00488641	0.0131481	0.0274265	0.0238649	0.215183	0.776587	2.98437	1	0.8370678
699000	89.87678	-51.1174	140.9942	0.05	0.8628062	0.0191031	0.00229766	0.0323928	0.0632648	0.0384873	0.0228021	0.0488529	0.0114367	0.0865805	0.0314206	0.233194	0.052669	0.027607	0.108836	0.431243	0.972946	2.48698	1	0.6701085
700000	67.38938	-59.64954	127.0389	0.05	1.763465	0.186661	0.149711	0.0507853	0.0975215	0.204234	0.0767475	0.0164959	0.067727	0.0118951	0.0414647	0.710744	0.296388	0.0436155	0.263306	0.627248	1.06276	2.04668	1	1.953991
701000	82.86682	-54.20115	137.068	0.05	2.119489	0.127901	0.0637898	0.0140194	0.0505222	0.0529729	0.0330269	0.150485	0.0352986	0.132855	0.191482	0.00164484	0.0573386	0.0161623	0.307133	0.667147	1.07271	1.95301	1	0.927499
702000	90.69279	-51.66407	142.3569	0.05	0.5277291	0.0833564	0.0261609	0.0287513	0.0288772	0.0319065	0.0393857	0.0185669	0.00301237	0.0206154	0.0281802	0.142286	0.00327168	0.102775	0.0386352	0.269633	0.839441	2.85229	1	0.5571453
703000	85.21416	-53.01656	138.2307	0.05	1.594434	0.00771012	0.0840439	0.01123	0.0320012	0.0638021	0.0316262	0.0843641	0.0135877	0.219153	0.0160042	0.0289816	0.234473	0.021161	0.239549	0.603556	1.05552	2.10138	1	0.8481378
704000	80.69837	-53.52231	134.2207	0.05	1.511094	0.0656683	0.0814024	0.130419	0.0119248	0.0774136	0.164892	0.0170042	0.0158551	0.104112	0.372375	0.0449245	0.12427	0.0561923	0.227031	0.590393	1.05107	2.13151	1	1.266454
705000	74.21407	-52.30007	126.5141	0.05	3.529884	0.00169608	0.139095	0.0762091	0.182438	0.14062	0.062632	0.0351399	0.0258673	0.0869666	0.0296286	0.002358	0.301459	0.775227	0.426511	0.757203	1.08412	1.73216	1	1.859336
706000	85.16078	-53.5063	138.6671	0.05	2.135159	0.0350475	0.0149663	0.0125431	0.228638	0.00845634	0.0735848	0.0196593	0.0262946	0.0746726	0.0338758	0.0251551	0.221867	0.0198995	0.308892	0.668657	1.07303	1.94942	1	0.7946594
707000	86.4316	-49.5242	135.9558	0.05	1.564293	0.122873	0.0906052	0.0205245	0.0197774	0.0420001	0.0275391	0.00335384	0.0211501	0.0245532	0.0356338	0.00302527	0.568169	0.0921901	0.235086	0.59892	1.05398	2.11201	1	1.071395
708000	83.99145	-53.78979	137.7812	0.05	0.4118294	0.030334	0.0634498	0.0118952	0.105007	0.0961929	0.0647143	0.00388556	0.0193221	0.100237	0.00323304	0.143263	0.362413	0.0163231	0.0184573	0.190536	0.74377	3.04724	1	1.020269
709000	83.94879	-56.39906	140.3478	0.05	0.7873323	0.0824114	0.0317674	0.00591783	0.0450751	0.0141932	0.00379402	0.108388	0.094868	0.0808253	0.1165	0.0300003	0.115149	0.0182504	0.0928604	0.401983	0.953382	2.55177	1	0.7471397
710000	82.31519	-55.99721	138.3124	0.05	2.123148	0.0215296	0.0259393	0.00209823	0.025014	0.110353	0.118723	0.0606841	0.00821742	0.234771	0.0935246	0.0344971	0.0210176	0.0150692	0.307545	0.667501	1.07279	1.95217	1	0.7714384
711000	86.813	-52.59636	139.4094	0.05	0.7785104	0.0669328	0.0427004	0.014528	0.00943015	0.00117608	0.0313833	0.0061244	0.0491396	0.251106	0.00951166	0.0587823	0.170023	0.094335	0.0909784	0.398336	0.950818	2.55987	1	0.8051731
712000	79.29313	-50.87164	130.1648	0.05	5.666079	0.181216	0.0398195	0.0562682	0.0250953	0.0661792	0.0663612	0.0411581	0.0431444	0.031739	0.47471	0.0436924	0.148556	0.0204683	0.527592	0.818352	1.08199	1.57207	1	1.238408
713000	81.13077	-57.55112	138.6819	0.05	1.174492	0.0263168	0.0552565	0.0288984	0.0555585	0.0877537	0.120165	0.0646766	0.00179943	0.106729	0.020389	0.00049436	0.0404877	0.254937	0.1704	0.523577	1.02381	2.28221	1	0.8634622
714000	82.5879	-53.8097	136.3976	0.05	1.066075	0.0518472	0.0325624	0.0495537	0.0790972	0.014779	0.056349	0.0965379	0.0520734	0.111966	0.0753208	0.029087	0.357745	0.0710083	0.149946	0.495749	1.01014	2.34416	1	1.077927
715000	80.19492	-55.28844	135.4834	0.05	2.595187	0.054555	0.0293737	0.00901456	0.0612669	0.10003	0.0742886	0.0341977	0.0834645	0.115683	0.0471705	0.201419	0.124789	0.11867	0.355299	0.706327	1.07963	1.85874	1	1.053922
716000	80.96598	-53.73258	134.6986	0.05	1.942384	0.0722051	0.00109654	0.0676179	0.0685404	0.0345302	0.0670216	0.0643212	0.0273635	0.0652828	0.186751	0.370236	0.0508096	0.0826835	0.286299	0.648744	1.06848	1.99648	1	1.158459
717000	86.53299	-52.22949	138.7625	0.05	1.512646	0.0328119	0.00540502	0.013769	0.0204044	0.0112191	0.0112901	0.0920597	0.0356241	0.285916	0.0867394	0.0121067	0.19185	0.0268319	0.227269	0.590648	1.05116	2.13093	1	0.8260273
718000	80.6839	-54.22731	134.9112	0.05	0.6499606	0.131734	0.0495448	0.211003	0.143283	0.0446703	0.0157383	0.0085304	0.0216517	0.0388835	0.0723358	0.022423	0.0481571	0.512484	0.0635494	0.338932	0.904814	2.69271	1	1.320439
719000	70.98207	-58.97598	129.958	0.05	1.179296	0.00406289	0.085559	0.14669	0.199671	0.189949	0.118104	0.0122338	0.177459	0.0359931	0.0179327	0.21142	0.464923	0.0638561	0.171281	0.524724	1.02435	2.27965	1	1.727854
720000	85.78712	-50.98652	136.7736	0.05	0.4151205	0.0440089	0.0607384	0.0111494	0.152121	0.00540259	0.0377923	0.00870515	0.0151554	0.0987687	0.344699	0.0556027	0.209985	0.0652036	0.0189549	0.192958	0.747137	3.04095	1	1.109332
721000	79.98581	-57.26799	137.2538	0.05	0.8422434	0.155971	0.0834519	0.00808003	0.0347823	0.0777613	0.0631674	0.0120806	0.0289145	0.252907	0.0105074	0.01512	0.0323406	0.258575	0.104511	0.423601	0.968006	2.50388	1	1.033659
722000	70.74004	-63.93349	134.6735	0.05	0.9334818	0.0760456	0.0299229	0.101534	0.0151977	0.065173	0.103224	0.127631	0.221959	0.159208	0.0859271	0.193345	0.077427	0.0371843	0.123498	0.455803	0.98804	2.43266	1	1.29378
723000	78.15114	-54.41298	132.5641	0.05	1.68796	0.0394343	0.0701796	0.0190497	0.00910983	0.0448532	0.0601281	0.0603929	0.0065393	0.132783	0.210566	0.186987	0.29595	0.295119	0.252953	0.61712	1.05979	2.07014	1	1.431092
724000	81.36977	-53.48058	134.8503	0.05	0.8374082	0.0214574	0.0689223	0.0153363	0.0929677	0.0157538	0.0525954	0.0485783	0.07843	0.199366	0.0609999	0.0804007	0.396855	0.141269	0.10349	0.42177	0.966805	2.50794	1	1.272931
725000	89.63183	-51.67109	141.3029	0.05	1.009184	0.0636469	0.00664487	0.0297252	0.0288405	0.0517567	0.0248331	0.00989604	0.0481872	0.0814842	0.155987	0.0404845	0.0193194	0.0506869	0.138783	0.479495	1.00151	2.38022	1	0.6114924
726000	85.18806	-52.57325	137.7613	0.05	0.4619197	0.0177019	0.0402433	0.100912	0.0659799	0.0354194	0.0752213	0.0369177	0.0272079	0.376583	0.0519946	0.0333114	0.104187	0.0515269	0.026566	0.226331	0.790453	2.95665	1	1.017206
727000	79.92021	-53.77162	133.6918	0.05	2.361551	0.0704795	0.146431	0.015309	0.0983636	0.0348067	0.0559396	0.0479848	0.134335	0.0476056	0.090524	0.0344259	0.31979	0.116968	0.332925	0.68867	1.07687	1.90153	1	1.212962
728000	81.18564	-52.96495	134.1506	0.05	1.848151	0.118997	0.024909	0.0400827	0.0526478	0.0681617	0.116368	0.063132	0.0299687	0.186574	0.0316051	0.195272	0.0525898	0.24078	0.274449	0.63783	1.06568	2.02204	1	1.221089
729000	81.18338	-53.459	134.6424	0.05	1.260575	0.0323229	0.160252	0.078589	0.0766478	0.0932704	0.100809	0.0130089	0.00545868	0.106739	0.250153	0.0447011	0.0538216	0.207287	0.185859	0.54316	1.03261	2.23837	1	1.22306
730000	85.7386	-50.44101	136.1796	0.05	1.201527	0.0617238	0.0993619	0.013671	0.0355383	0.000984022	0.0448482	0.0491731	0.0125601	0.104319	0.50771	0.00655759	0.0283304	0.112281	0.17533	0.529947	1.02675	2.26798	1	1.077059
731000	84.994	-53.58669	138.5807	0.05	1.414583	0.0373543	0.0373935	0.0734293	0.00655488	0.0449491	0.0629098	0.019403	0.00530636	0.0275864	0.201219	0.16182	0.15623	0.0183285	0.211821	0.573692	1.04499	2.1695	1	0.8524838
732000	77.17513	-61.18112	138.3562	0.05	0.9754149	0.0715601	0.0785474	0.149508	0.10005	0.0335228	0.0123312	0.115993	0.0479397	0.0487576	0.00863435	0.0296282	0.218223	0.0172633	0.132023	0.469235	0.995804	2.40294	1	0.931959
733000	83.57344	-54.74709	138.3205	0.05	1.667387	0.00459944	0.0539103	0.00646607	0.197669	0.0641651	0.0390138	0.0588525	0.0648829	0.120823	0.0660254	0.0382973	0.0454201	0.101604	0.250061	0.614238	1.05891	2.07679	1	0.8617294
734000	89.35512	-50.90808	140.2632	0.05	1.187073	0.0886549	0.00767587	0.0125438	0.0266681	0.00181356	0.0372052	0.0258384	0.0295188	0.191426	0.0356009	0.0225475	0.0719367	0.164284	0.172703	0.526567	1.0252	2.27553	1	0.7157134
735000	75.12653	-57.51005	132.6366	0.05	2.803635	0.013349	0.0329543	0.0448394	0.0186945	0.0872535	0.0538386	0.0874661	0.0611667	0.0231016	0.15022	0.567753	0.029936	0.197708	0.373476	0.720042	1.08136	1.82512	1	1.368281
736000	86.75778	-49.37248	136.1303	0.05	2.645062	0.0706515	0.0198122	0.0135678	0.04316	0.0064437	0.0832893	0.0495639	0.0229639	0.121351	0.332847	0.0344453	0.0396488	0.135931	0.359792	0.709767	1.0801	1.85034	1	0.9736754
737000	77.9238	-52.46703	130.3908	0.05	4.678448	0.0885517	0.0896992	0.0323427	0.0648476	0.0748706	0.0851442	0.158823	0.0164076	0.123036	0.398355	0.141634	0.0563129	0.0174221	0.488148	0.795824	1.08381	1.63221	1	1.347446
738000	83.19519	-53.80738	137.0026	0.05	1.811996	0.00325639	0.0470192	0.00411581	0.0551728	0.119253	0.0150765	0.0401318	0.0753274	0.0597034	0.139643	0.0289371	0.277191	0.14384	0.269751	0.633407	1.06449	2.03236	1	1.008667
739000	84.16923	-49.74955	133.9188	0.05	2.933943	0.0648371	0.0247334	0.0296423	0.0390244	0.0243594	0.0321432	0.00407666	0.0420264	0.235397	0.223027	0.102914	0.0380646	0.302998	0.384086	0.727804	1.08217	1.80594	1	1.163243
740000	84.5243	-53.18535	137.7096	0.05	1.234734	0.0838199	0.0807637	0.00511131	0.0212992	0.0500857	0.0150783	0.0166242	0.0116796	0.0319049	0.249858	0.0119475	0.0424319	0.322868	0.181291	0.537492	1.03013	2.25108	1	0.9434722
741000	76.63751	-58.31291	134.9504	0.05	0.8787556	0.00980384	0.0182319	0.00695153	0.210232	0.0738965	0.0372929	0.0429838	0.0614479	0.189215	0.133568	0.439109	0.0511451	0.0518753	0.112174	0.43701	0.976597	2.47422	1	1.325753
742000	78.66373	-53.35016	132.0139	0.05	3.250427	0.192502	0.0450992	0.0417943	0.252812	0.0347092	0.0791312	0.00779705	0.000668783	0.0378245	0.00320045	0.0518336	0.556652	0.0309884	0.407753	0.744514	1.0835	1.76423	1	1.335013
743000	82.09131	-56.05	138.1413	0.05	2.061349	0.0691369	0.0281733	0.00440237	0.0297518	0.0254319	0.0383782	0.0023851	0.0870746	0.0305647	0.0682208	0.0704557	0.0864142	0.308514	0.30049	0.661383	1.07145	1.96668	1	0.8489032
744000	92.16274	-48.15165	140.3144	0.05	1.725503	0.0387281	0.0236295	0.00122633	0.0178215	0.0273807	0.0201464	0.0172634	0.031042	0.0312163	0.0170491	0.0680924	0.303495	0.0163814	0.258152	0.622242	1.06132	2.05829	1	0.6134717
745000	89.18007	-50.38299	139.5631	0.05	1.468057	0.0769709	0.0834567	0.0302321	0.00929909	0.0396	0.00240314	0.00488765	0.0231812	0.0676201	0.0633574	0.103767	0.152175	0.0727091	0.220346	0.583152	1.04849	2.14801	1	0.729659
746000	76.76325	-50.78779	127.551	0.05	2.15573	0.0765568	0.0508615	0.101301	0.0611431	0.051617	0.030132	0.0019282	0.0790315	0.271599	0.0796489	0.00113888	0.00699732	1.05684	0.311181	0.670614	1.07344	1.94477	1	1.868791
747000	86.39839	-51.10041	137.4988	0.05	3.640517	0.0402695	0.00941407	0.0515248	0.0218084	0.025532	0.000160986	0.0104047	0.0145729	0.153465	0.0087776	0.0403713	0.155748	0.192302	0.433453	0.761782	1.08426	1.7205	1	0.7243518
748000	82.41832	-53.49845	135.9168	0.05	0.5064319	0.0168124	0.0737058	0.0124769	0.0420475	0.0570612	0.0843935	0.0071529	0.039091	0.022685	0.0679541	0.277252	0.279632	0.206497	0.034586	0.256094	0.824893	2.88443	1	1.186762
749000	83.98282	-52.79136	136.7742	0.05	1.417228	0.116425	0.340275	0.0298959	0.0498307	0.0237306	0.00851484	0.00588813	0.0123254	0.00288254	0.0687123	0.381047	0.0183669	0.000242341	0.212248	0.574173	1.04517	2.16841	1	1.058137
750000	83.5576	-55.722	139.2796	0.05	0.3980036	0.0365121	0.0309462	0.0487787	0.0686896	0.0326585	0.0398632	0.000459801	0.00367833	0.274396	0.0750216	0.0606538	0.171531	0.0192766	0.0164274	0.180263	0.729111	3.0742	1	0.8624654
751000	84.2765	-52.02121	136.2977	0.05	1.453632	0.127414	0.0240113	0.0694992	0.0236134	0.0311965	0.0242644	0.000863717	0.0381424	0.0154286	0.0616629	0.249995	0.0117142	0.377586	0.21807	0.580652	1.04758	2.1537	1	1.055391
752000	78.58588	-59.11262	137.6985	0.05	1.882143	0.0154391	0.0292937	0.0617056	0.0378349	0.0079759	0.134061	0.00188678	0.000629658	0.233559	0.162491	0.0803337	0.149242	0.0504435	0.278788	0.641866	1.06674	2.01261	1	0.9648954
753000	86.72558	-50.86379	137.5894	0.05	3.086881	0.131745	0.10163	0.000250649	0.0176323	0.0106099	0.034064	0.0141953	0.0606735	0.0237344	0.212045	0.114078	0.0224048	0.0297493	0.395873	0.736228	1.08291	1.78499	1	0.7728123
754000	83.56849	-51.49391	135.0624	0.05	2.092696	0.048099	0.0786003	0.153747	0.0619767	0.0515275	0.00495482	0.0525876	0.00226787	0.157714	0.443062	0.0251564	0.0285627	0.0108685	0.304094	0.664522	1.07215	1.95924	1	1.119124
755000	85.97023	-52.1018	138.072	0.05	0.5937441	0.0337909	0.0177293	0.0126128	0.0332544	0.0606819	0.00239899	0.0782793	0.0357635	0.465898	0.111478	0.0285739	0.0727904	0.0105705	0.0518204	0.308777	0.878093	2.76131	1	0.9638211
756000	83.00476	-53.05061	136.0554	0.05	0.538201	0.0545843	0.00238402	0.00194403	0.063359	0.0994558	0.075055	0.00789307	0.0930366	0.260516	0.128658	0.099914	0.00638579	0.288913	0.0406682	0.276125	0.846191	2.83702	1	1.182098
757000	79.43276	-61.55647	140.9892	0.05	0.8823162	0.0182006	0.0933173	0.00378068	0.154203	0.0180574	0.00708162	0.00731376	0.0113356	0.0493556	0.111657	0.0648828	0.0513891	0.0813618	0.112917	0.438279	0.977391	2.47141	1	0.6719367
758000	76.68502	-59.45171	136.1367	0.05	0.8912361	0.180891	0.0327261	0.0277157	0.0593748	0.0749232	0.0506342	0.00650105	0.0338314	0.0816106	0.220012	0.143411	0.0044443	0.218351	0.114775	0.441429	0.97935	2.46445	1	1.134427
759000	85.43514	-52.83762	138.2728	0.05	0.7180622	0.0557185	0.0236795	0.0486464	0.151289	0.0639118	0.0121802	0.0307809	0.0169975	0.000367965	0.0864016	0.243904	0.144741	0.0412198	0.0780498	0.371929	0.931382	2.61864	1	0.9198381
760000	88.3347	-50.82278	139.1575	0.05	1.127883	0.0534476	0.00914252	0.0833181	0.0611159	0.0235647	0.0175561	0.0369934	0.0276476	0.32474	0.0882088	0.0363707	0.0079226	0.0228165	0.161741	0.512082	1.01833	2.30784	1	0.7928443
761000	80.70586	-58.3384	139.0443	0.05	0.6436833	0.0663633	0.0534752	0.123637	0.0965948	0.00696514	0.00709531	0.0223218	0.112131	0.121387	0.166302	0.0107966	0.0483913	0.045427	0.0622248	0.335701	0.902067	2.70001	1	0.8808872
762000	87.1924	-50.72621	137.9186	0.05	1.289906	0.0666828	0.00673122	0.0861246	0.0410032	0.00341778	0.00871684	0.0377943	0.0453649	0.0129349	0.0119418	0.269867	0.281626	0.0414857	0.190969	0.549391	1.03527	2.22437	1	0.9136903
763000	78.17951	-55.4191	133.5986	0.05	1.250255	0.0346071	0.154616	0.193544	0.0797893	0.0192797	0.00716326	0.00512785	0.135021	0.466331	0.122583	0.0707293	0.0642696	0.00476734	0.184042	0.540917	1.03164	2.2434	1	1.357829
764000	87.67915	-54.57716	142.2563	0.05	0.8629797	0.0596768	0.0274067	0.0344639	0.0219294	0.00202131	0.000482588	0.0386305	0.00131326	0.0315745	0.151726	0.0203397	0.0492764	0.0731272	0.108873	0.431306	0.972987	2.48683	1	0.5119682
765000	85.76252	-55.13512	140.8976	0.05	0.2477954	0.086663	0.00797	0.0142013	0.066164	0.0509913	0.00563856	0.0157185	0.0439385	0.0180421	0.262538	0.0252125	0.122639	0.00013476	0.0020106	0.0651025	0.496813	3.43607	1	0.7198519
766000	83.25223	-55.21624	138.4685	0.05	0.5171067	0.0472405	0.0166712	0.00166813	0.100088	0.151693	0.0846109	0.0557604	0.0202501	0.261633	0.0999349	0.020204	0.00743318	0.0869289	0.0366005	0.262937	0.832327	2.86814	1	0.9541167
767000	89.77115	-48.77936	138.5505	0.05	3.131045	0.0548264	0.0197935	0.0561484	0.0420134	0.00334012	0.00502226	0.0162439	0.0562123	0.0984396	0.0253154	0.26362	0.0197104	0.00918051	0.399152	0.738535	1.08309	1.77922	1	0.6698666
768000	85.04179	-51.92078	136.9626	0.05	1.695145	0.017901	0.136967	0.114226	0.0388511	0.00205314	0.0531865	0.0216523	0.1012	0.0679302	0.0382104	0.0317439	0.274032	0.0692118	0.253956	0.618114	1.06009	2.06784	1	0.9671654
769000	75.97646	-56.92808	132.9045	0.05	0.3921164	0.0292982	0.0537503	0.478034	0.00140408	0.0644546	0.0647181	0.00277954	0.0128128	0.092576	0.0100491	0.0318125	0.501437	0.171902	0.0155937	0.175843	0.722607	3.08596	1	1.515028
770000	87.6842	-52.12592	139.8101	0.05	1.211664	0.0813407	0.041905	0.0116026	0.0385248	0.00225706	0.0491254	0.000387811	0.00871775	0.0277923	0.0422413	0.27227	0.0430071	0.137605	0.17716	0.532282	1.02781	2.26275	1	0.7567759
771000	72.20022	-54.10592	126.3061	0.05	1.501348	0.12853	0.0661329	0.138189	0.215895	0.0661083	0.0825511	0.0742908	0.11861	0.110113	0.0700866	0.0373629	0.0161309	0.943781	0.225531	0.588781	1.0505	2.13519	1	2.067782
772000	78.59217	-55.62824	134.2204	0.05	4.565051	0.148568	0.0252366	0.0192632	0.0168475	0.063337	0.0378461	0.00259149	0.0584502	0.314101	0.054407	0.0162277	0.176468	0.0339154	0.482944	0.792731	1.08397	1.64036	1	0.9672585
773000	87.23547	-52.6813	139.9168	0.05	0.9351844	0.0181296	0.151092	0.063967	0.0635774	0.0244377	0.0401622	0.00786465	0.0172315	0.0181784	0.0418708	0.0704876	0.176142	0.0623148	0.123847	0.456364	0.988371	2.43142	1	0.7554554
774000	78.82358	-56.84832	135.6719	0.05	1.248465	0.0356472	0.0094837	0.049679	0.0944105	0.0150325	0.0434668	0.0307768	0.0931829	0.313856	0.132786	0.12386	0.0127276	0.19112	0.183726	0.540525	1.03147	2.24428	1	1.146029
775000	72.27949	-58.5343	130.8138	0.05	3.898442	0.00692102	0.123424	0.10627	0.0341791	0.0675775	0.226442	0.0134222	0.0901607	0.0493376	0.055839	0.0306277	0.385491	0.190312	0.448695	0.771622	1.0844	1.69528	1	1.380004
776000	86.71733	-54.69822	141.4155	0.05	1.151276	0.00693623	0.00508366	0.0242564	0.0199692	0.0100761	0.0499168	0.0444863	0.0201126	0.00982927	0.198432	0.00127304	0.0564087	0.156643	0.166112	0.517935	1.02115	2.2948	1	0.6034235
777000	82.54756	-52.89327	135.4408	0.05	0.6858759	0.0182893	0.0163189	0.0117615	0.0396898	0.0286839	0.0164768	0.0242292	0.0703791	0.343729	0.0224261	0.106898	0.42062	0.0927753	0.0711742	0.356789	0.91952	2.65252	1	1.212276
778000	81.9735	-53.93654	135.91	0.05	0.4958112	0.127887	0.0764422	0.0163425	0.0210839	0.0989892	0.0115595	0.0457591	0.00498409	0.238902	0.0708607	0.177599	0.0250707	0.272937	0.032614	0.249173	0.817197	2.90102	1	1.188416
779000	78.35641	-59.18704	137.5434	0.05	2.01233	0.0163047	0.0608422	0.0232306	0.231966	0.0265119	0.144573	0.0282631	0.0640617	0.0114792	0.0432947	0.0273703	0.0465611	0.162677	0.294742	0.656318	1.0703	1.97864	1	0.8871353
780000	81.01537	-56.98276	137.9981	0.05	2.031952	0.0719867	0.0423046	0.00803279	0.0394702	0.0644296	0.165351	0.00381697	0.0545464	0.213189	0.116872	0.0274082	0.0775652	0.00433324	0.297059	0.658369	1.07077	1.9738	1	0.889305
781000	83.2806	-50.42499	133.7056	0.05	3.960365	0.0838754	0.146319	0.0377288	0.0190931	0.043836	0.0355834	0.0143063	0.0255829	0.0516364	0.270404	0.144027	0.0763317	0.132894	0.452172	0.773827	1.08441	1.6896	1	1.081618
782000	88.87983	-52.74184	141.6217	0.05	1.207119	0.0300405	0.0546773	0.00866541	0.0626408	0.0517407	0.00584599	0.0285923	0.0147735	0.0105435	0.101921	0.0703453	0.0801291	0.0741514	0.176341	0.531239	1.02734	2.26509	1	0.5940665
783000	80.47602	-53.52354	133.9996	0.05	1.844621	0.00318537	0.155515	0.011841	0.0878437	0.0117026	0.0445325	0.279351	0.0146748	0.122587	0.139515	0.0400017	0.238256	0.108741	0.273994	0.637404	1.06557	2.02304	1	1.257747
784000	72.11768	-57.73962	129.8573	0.05	1.004075	0.0573026	0.0783482	0.135329	0.101198	0.0940913	0.480246	0.0241501	0.0866578	0.0671962	0.00895123	0.0806325	0.32562	0.238816	0.137766	0.477973	1.00067	2.38359	1	1.778538
785000	77.94551	-55.45868	133.4042	0.05	0.9644912	0.00943226	0.432194	0.0568321	0.00109493	0.00801815	0.0833291	0.0418121	0.0840778	0.0478136	0.139374	0.0301227	0.327758	0.14508	0.129816	0.465812	0.993858	2.41051	1	1.40694
786000	82.78245	-55.14235	137.9248	0.05	1.581956	0.0283765	0.0848574	0.141662	0.0494614	0.0672053	0.033007	0.04051	0.0135078	0.0138562	0.0263286	0.195386	0.170072	0.0250497	0.23771	0.601653	1.05489	2.10574	1	0.8892804
787000	78.29495	-57.81211	136.1071	0.05	1.591031	0.164064	0.204738	0.0316588	0.0170806	0.0112431	0.0590718	0.00666985	0.0863965	0.0644612	0.0536895	0.162212	0.150326	0.0310756	0.239048	0.603039	1.05535	2.10256	1	1.042687
788000	81.93552	-55.96847	137.904	0.05	0.3029656	0.0415445	0.0697442	0.00389197	0.0382245	0.0217769	0.189301	0.0722943	0.0470292	0.114882	0.0435266	0.00646892	0.214191	0.167699	0.00553896	0.106804	0.60075	3.28691	1	1.030574
789000	82.56677	-53.981	136.5478	0.05	2.658049	0.0543541	0.0620531	0.101027	0.00388607	0.0583352	0.0144673	0.0169335	0.0351181	0.0591518	0.00642742	0.133955	0.0476297	0.345649	0.360947	0.710646	1.08021	1.84819	1	0.9389875
790000	83.15793	-53.7905	136.9484	0.05	0.7884945	0.16399	0.0311518	0.0437396	0.0332291	0.017274	0.0209342	0.04809	0.0462942	0.44357	0.00830107	0.0333377	0.0406459	0.131059	0.0931082	0.40246	0.953715	2.55072	1	1.061617
791000	87.42756	-50.44079	137.8683	0.05	2.489919	0.0651413	0.0516333	0.0645368	0.0215867	0.0356356	0.00733484	0.0325001	0.00923365	0.11011	0.228279	0.0897046	0.0194426	0.0714969	0.345499	0.698702	1.07851	1.87729	1	0.8066355
792000	78.03339	-55.02936	133.0628	0.05	4.188907	0.131963	0.0105911	0.0741265	0.0277635	0.0996392	0.00823438	0.0597089	0.0842248	0.354411	0.0176929	0.140886	0.0838595	0.029433	0.464448	0.781498	1.08433	1.66973	1	1.122534
793000	73.04209	-60.19507	133.2372	0.05	2.567333	0.0629546	0.211498	0.00559153	0.00849113	0.165927	0.0723905	0.181401	0.0420712	0.0845772	0.0206765	0.112161	0.223055	0.0754978	0.352749	0.704358	1.07935	1.86354	1	1.266292
794000	68.38223	-59.51288	127.8951	0.05	2.889424	0.113648	0.229595	0.114039	0.0157899	0.20443	0.0152115	0.103883	0.0296983	0.14448	0.0333847	0.190091	0.171531	0.398379	0.380523	0.725216	1.08191	1.81235	1	1.764159
795000	86.36724	-53.08335	139.4506	0.05	4.410561	0.096822	0.0194394	0.00950319	0.0149038	0.0589102	0.00137345	0.00094817	0.0203388	0.0727391	0.0401172	0.0358518	0.109694	0.0160092	0.475586	0.788309	1.08414	1.65196	1	0.4966502
796000	79.74213	-55.16929	134.9114	0.05	1.11727	0.0662145	0.0457422	0.0886213	0.0335975	2.09822e-05	0.0360278	0.25539	0.0643569	0.467717	0.0645084	0.0248159	0.0198513	0.071995	0.159741	0.509369	1.01701	2.31388	1	1.238859
797000	78.40556	-58.23893	136.6445	0.05	0.9058	0.0404213	0.0538747	0.047022	0.0576343	0.0464258	0.121713	0.0170908	0.0972054	0.187031	0.336423	0.105504	0.00803178	0.0179612	0.117796	0.446484	0.982452	2.45327	1	1.136339
798000	84.47929	-55.76846	140.2477	0.05	0.7756468	0.0528002	0.0188529	0.148648	0.0450742	0.0801344	0.0318635	0.000303019	0.0306494	0.00426042	0.0138362	0.129758	0.0314714	0.154319	0.0903671	0.397141	0.949972	2.56252	1	0.7419704
799000	81.39871	-56.06073	137.4594	0.05	2.003309	0.23062	0.00136163	0.0118903	0.135166	0.0078573	0.000422066	0.00998353	0.0867472	0.0287333	0.0596933	0.0984716	0.0115555	0.227894	0.293669	0.655365	1.07007	1.98089	1	0.9103962
800000	77.61231	-53.65958	131.2719	0.05	2.122874	0.325215	0.0872656	0.0833147	0.179286	0.0156139	0.0103058	0.0117614	0.00877295	0.188819	0.347032	0.00143853	0.0566586	0.1954	0.307514	0.667475	1.07278	1.95223	1	1.510883
801000	73.69317	-58.26986	131.963	0.05	5.688259	0.0347216	0.0560142	0.0815307	0.0333286	0.0609763	0.118361	0.0548929	0.0185647	0.0569794	0.0312717	0.0576175	0.144128	0.372593	0.528374	0.818783	1.08194	1.5709	1	1.120979
802000	84.79659	-52.08993	136.8865	0.05	1.407835	0.100866	0.0604101	0.00610617	0.0574099	0.00113808	0.0447004	0.0360063	0.0408301	0.0364441	0.0310441	0.0557169	0.419716	0.110581	0.210727	0.57246	1.04452	2.17229	1	1.000968
803000	82.80167	-55.85101	138.6527	0.05	0.6881881	0.0180683	0.0360753	0.053787	0.044169	0.0510933	0.14385	0.0811633	0.0184947	0.157702	0.0632582	0.0184219	0.166956	0.0524605	0.0716672	0.357903	0.920411	2.65002	1	0.9054996
804000	86.57384	-52.37253	138.9464	0.05	0.248782	0.00947785	0.0501288	0.0682346	0.0243038	0.0995448	0.00212046	0.000624167	0.00507439	0.560281	0.00475569	0.0138322	0.0504714	0.0274225	0.00205547	0.0658117	0.49891	3.43322	1	0.9162715
805000	90.09539	-49.16185	139.2572	0.05	2.687935	0.0110462	0.00560729	0.00769857	0.0802001	0.00259401	0.0043204	0.0214671	0.0261164	0.0315443	0.0571735	0.0321462	0.048078	0.311031	0.36358	0.712642	1.08047	1.84331	1	0.6390234
806000	70.35096	-54.73969	125.0906	0.05	1.529064	0.00476402	0.0822967	0.0209741	0.0407339	0.0430818	0.718535	0.065774	0.0192193	0.326645	0.0695537	0.0417894	0.450196	0.349147	0.229778	0.593324	1.05208	2.12481	1	2.23271
807000	72.80476	-53.56779	126.3725	0.05	1.807385	0.377943	0.075489	0.00422773	0.172218	0.00396252	0.00406439	0.013983	0.0457377	0.0869652	0.516133	0.392553	0.130433	0.195757	0.269145	0.632833	1.06433	2.03369	1	2.019467
808000	87.18158	-52.63672	139.8183	0.05	1.206563	0.0267894	0.130895	0.104815	0.0424892	0.00780502	0.0159177	0.0250499	0.0187319	0.028907	0.0942332	0.0180212	0.0734878	0.165223	0.17624	0.531111	1.02728	2.26537	1	0.7523653
809000	83.19876	-54.31128	137.51	0.05	1.357939	0.0417388	0.0732405	0.0452664	0.0974158	0.0383338	0.061186	0.0659111	0.0171532	0.308283	0.00829901	0.0034689	0.0587019	0.139894	0.202519	0.563065	1.04086	2.19355	1	0.9588922
810000	79.78374	-52.87862	132.6624	0.05	3.191402	0.0451492	0.0324154	0.119332	0.0183878	0.16414	0.0128745	0.0186993	0.0424719	0.121581	0.0527405	0.196652	0.018182	0.419201	0.403548	0.741604	1.08331	1.77154	1	1.261827
811000	83.3092	-52.41465	135.7238	0.05	1.114419	0.00362967	0.248878	0.05597	0.0501321	0.0347113	0.00909696	0.00749857	0.101739	0.0150393	0.356954	0.0197683	0.0636514	0.167742	0.159202	0.508634	1.01664	2.31552	1	1.134811
812000	90.12959	-48.73864	138.8682	0.05	1.969627	0.0529855	0.002728	0.0454762	0.0297716	0.00595403	0.00626594	0.00092036	0.0334721	0.0940275	0.0544319	0.136403	0.0430602	0.26189	0.289622	0.651745	1.06921	1.98942	1	0.7673859
813000	83.45493	-54.32442	137.7794	0.05	0.5149338	0.02835	0.0373756	0.00894048	0.080159	0.0619323	0.00503111	0.00145494	0.0707715	0.0985655	0.304952	0.0384677	0.00595296	0.278899	0.0361879	0.261553	0.830838	2.87142	1	1.020852
814000	84.30556	-53.04939	137.355	0.05	1.414271	0.0429293	0.0316741	0.0192395	0.0176585	0.133995	0.00616314	0.00798736	0.00219726	0.109528	0.139593	0.111626	0.0769784	0.29224	0.21177	0.573636	1.04496	2.16963	1	0.9918088
815000	79.83852	-56.82447	136.663	0.05	0.4248701	4.86034e-05	0.0992819	0.0713333	0.0126124	0.128542	0.0361446	0.193477	0.0345486	0.0553276	0.328964	0.131169	0.0355962	0.0258457	0.0204597	0.200077	0.756849	3.02261	1	1.15289
816000	91.87106	-51.44929	143.3204	0.05	0.8467889	0.055058	0.0047791	0.0284953	0.0298691	0.00176369	0.00786297	0.0108269	0.00114311	0.0321151	0.0321881	0.0492175	0.149951	0.0298419	0.105469	0.425311	0.969122	2.5001	1	0.4331118
817000	89.23114	-51.22507	140.4562	0.05	0.4180631	0.0167179	0.0687305	0.0659923	0.0228123	0.00706981	0.0214771	0.0245475	0.00725808	0.258539	0.0668163	0.0273047	0.0783372	0.0840102	0.0194042	0.195116	0.75011	3.03537	1	0.7496133
818000	85.33054	-52.80449	138.135	0.05	0.8949809	0.0297212	0.068275	0.0158639	0.0216961	0.00962423	0.0152457	0.131933	0.0967074	0.300819	0.000204432	0.0373161	0.0580899	0.147059	0.115553	0.442739	0.980158	2.46155	1	0.9325542
819000	84.71448	-50.34433	135.0588	0.05	4.334433	0.0241744	0.0550456	0.0114813	0.00628223	0.00285713	0.0188708	0.00410356	0.00406532	0.23538	0.0470997	0.0503505	0.0562956	0.37823	0.471841	0.786034	1.08422	1.65791	1	0.8942367
820000	88.56272	-50.61571	139.1784	0.05	2.271534	0.0111191	0.0406033	0.062728	0.0630432	0.0422371	0.00944564	0.0053873	0.0344143	0.0534286	0.0896766	0.241886	0.0149271	0.0054387	0.323667	0.681096	1.07551	1.91973	1	0.6743352
821000	89.97054	-49.23756	139.2081	0.05	1.165888	0.0466195	0.118871	0.036683	0.0502951	0.00244789	0.0115822	0.0225	0.0177147	0.0392073	0.0128374	0.348145	0.0631983	0.0357425	0.168817	0.521505	1.02284	2.28684	1	0.8058442
822000	80.27454	-51.03969	131.3142	0.05	3.989008	0.0829192	0.0094176	0.00991314	0.0489876	0.0140638	0.0119279	0.0821728	0.00318128	0.163707	0.222464	0.279909	0.289632	0.0920026	0.453757	0.774828	1.0844	1.68701	1	1.310298
823000	74.36299	-59.02774	133.3907	0.05	1.501092	0.17943	0.0121213	0.212773	0.0195469	0.090814	0.12542	0.0215469	0.0318195	0.0248513	0.20216	0.301505	0.00364411	0.14619	0.225491	0.588738	1.05049	2.13528	1	1.371824
824000	84.81283	-51.32143	136.1343	0.05	2.931877	0.0664912	0.0274341	0.0110461	0.0622025	0.0526649	0.00892366	0.0498076	0.0543559	0.0153033	0.124329	0.0442918	0.169825	0.267464	0.383922	0.727685	1.08216	1.80623	1	0.9541395
825000	79.27189	-54.47623	133.7481	0.05	0.4841049	0.0113594	0.0378202	0.047645	0.052381	0.129319	0.0426351	0.0678076	0.00108927	0.374409	0.00620503	0.226255	0.0152255	0.402492	0.0304808	0.241412	0.808349	2.91976	1	1.414644
826000	82.3432	-54.26329	136.6065	0.05	0.9046968	0.0189808	0.09952	0.0900215	0.00397068	0.189292	0.0382886	0.0206904	0.00207542	0.162672	0.0953408	0.0660856	0.244807	0.0601022	0.117568	0.446105	0.982221	2.45411	1	1.091848
827000	76.4624	-58.86433	135.3267	0.05	0.897734	0.0770647	0.00314578	0.246298	0.121917	0.0989099	0.034104	0.0443683	0.00441127	0.0427131	0.0166381	0.0383	0.085957	0.410164	0.116125	0.443698	0.980748	2.45943	1	1.223991
828000	83.01073	-55.02107	138.0318	0.05	0.6970881	0.0869274	0.127233	0.0739904	0.00504459	0.0157206	0.0400552	0.0493612	0.111747	0.0318888	0.0986726	0.0561426	0.219493	0.0868994	0.0735664	0.362153	0.923785	2.6405	1	1.003176
829000	84.29486	-54.49095	138.7858	0.05	0.3852352	0.0347522	0.0243679	0.147933	0.0919263	0.0386661	0.0385558	0.0108117	0.0633934	0.052636	0.150364	0.0679658	0.0437057	0.164963	0.0146432	0.170643	0.714796	3.09992	1	0.9300398
830000	84.66084	-54.04762	138.7085	0.05	0.6809571	0.089663	0.0236618	0.0732906	0.0261406	0.0457081	0.0289308	0.0496288	0.0492398	0.0356937	0.297507	0.048161	0.124786	0.0188782	0.0701262	0.354405	0.917602	2.65787	1	0.9112897
831000	78.05405	-54.76624	132.8203	0.05	1.37475	0.323358	0.227724	0.124922	0.0639072	0.03631	0.0239665	0.0548127	0.0010632	0.146829	0.340653	0.0037224	0.0201694	0.0545637	0.205309	0.566288	1.04213	2.18627	1	1.422002
832000	88.53127	-51.50668	140.0379	0.05	1.375537	0.132145	0.0387288	0.0465001	0.083763	0.00339721	0.00771665	0.050477	0.00716122	0.0309112	0.167753	0.0548811	0.00341472	0.0599786	0.20544	0.566437	1.04219	2.18593	1	0.6868281
833000	77.35986	-55.22092	132.5808	0.05	0.9408534	0.158956	0.00392852	0.0931205	0.00444606	0.144406	0.00328434	0.0081124	0.0751863	0.122003	0.105618	0.0337011	0.0921186	0.620128	0.125007	0.458222	0.989464	2.42731	1	1.465008
834000	87.40521	-49.90406	137.3093	0.05	1.168801	0.0525701	0.0372933	0.00824021	0.0384908	0.0487319	0.0416973	0.00104899	0.0139787	0.0547999	0.180514	0.0632484	0.0585313	0.410355	0.169354	0.522209	1.02317	2.28526	1	1.0095
835000	73.62279	-54.47206	128.0948	0.05	1.66838	0.0272907	0.0464948	0.0773227	0.0388596	0.000936649	0.019094	0.0186661	0.00331403	0.337312	0.0195118	0.037581	0.0256129	1.24484	0.250201	0.614378	1.05895	2.07647	1	1.896839
836000	88.10915	-54.71376	142.8229	0.05	0.4984767	0.0989956	0.0201991	0.0622614	0.0544769	0.0197537	0.0223845	0.0209775	0.0215084	0.1466	0.00572041	0.00306618	0.0503776	0.0127711	0.0331058	0.25092	0.819157	2.89682	1	0.5390921
837000	86.19344	-53.89119	140.0846	0.05	1.153161	0.0654927	0.0204665	0.128167	0.0203534	0.0244801	0.03998	0.0314803	0.0145535	0.0990754	0.0520553	0.0303347	0.205292	0.0012865	0.166462	0.518399	1.02137	2.29377	1	0.7330174
838000	71.8185	-55.27475	127.0932	0.05	5.652425	0.092461	0.0401748	0.0377877	0.0872521	0.154432	0.067288	0.0679386	0.161479	0.0451874	0.0993075	0.489293	0.0539652	0.190682	0.527108	0.818085	1.08202	1.57279	1	1.587247
839000	78.32066	-53.32483	131.6455	0.05	3.666786	0.0431527	0.0113001	0.00311626	0.158039	0.0828278	0.0561551	0.0170313	0.0751381	0.149935	0.0173359	0.00702202	0.438074	0.294306	0.435065	0.762836	1.08429	1.71781	1	1.353435
840000	84.42807	-53.42212	137.8502	0.05	2.262678	0.0502743	0.0125063	0.0348352	0.246732	0.014804	0.0269089	0.0245247	0.0222845	0.0729869	0.114894	0.16338	0.0301915	0.044618	0.322736	0.680324	1.07536	1.92158	1	0.8589409
841000	74.32544	-61.16191	135.4874	0.05	0.5272618	0.0144997	0.112415	0.174777	0.0434275	0.0707477	0.0579909	0.108115	0.0554757	0.0663304	0.0773707	0.287332	0.161141	0.00908158	0.0385451	0.269341	0.839134	2.85298	1	1.238705
842000	87.1683	-49.39459	136.5629	0.05	1.902111	0.122472	0.0835717	0.0889509	0.0658063	0.0149414	0.0100115	0.0224626	0.012438	0.0225883	0.0284424	0.463456	0.00588383	0.0628704	0.281303	0.644184	1.06734	2.00718	1	1.003895
843000	90.82353	-49.45944	140.283	0.05	1.484478	0.0482935	0.0101077	0.089904	0.0391238	0.0147802	0.0194846	0.0128514	0.00249258	0.236366	0.0418022	0.0972394	0.025469	0.0548191	0.222915	0.585952	1.0495	2.14164	1	0.6927337
844000	86.66967	-54.23333	140.903	0.05	1.748329	0.0404218	0.0164382	0.00374302	0.0990516	0.0177263	0.028753	0.0108785	0.0214671	0.00187613	0.0871492	0.0687486	0.0637122	0.122133	0.261263	0.625272	1.0622	2.05127	1	0.5820982
845000	69.17362	-62.31712	131.4907	0.05	0.889554	0.0130404	0.162504	0.0486997	0.130675	0.0699164	0.129006	0.0491755	0.0253076	0.128159	0.103804	0.374152	0.249153	0.100077	0.114425	0.440838	0.978984	2.46575	1	1.58367
846000	83.86489	-51.95239	135.8173	0.05	0.3935507	0.00334193	0.170526	0.102657	0.0062686	0.0398815	0.0468468	0.000547183	0.00752264	0.631071	0.0743893	0.0137158	0.0775868	0.0377641	0.0157951	0.176922	0.724206	3.08308	1	1.212119
847000	80.56793	-51.90746	132.4754	0.05	0.7741543	0.0640029	0.0107261	0.0108094	0.121133	0.0499176	0.0374657	0.0799056	0.00782832	0.410323	0.0657323	0.412689	0.0598462	0.185684	0.0900484	0.396516	0.949528	2.56391	1	1.516062
848000	83.30818	-55.06184	138.37	0.05	2.873086	0.00245037	0.0730456	0.00182166	0.0376739	0.0182131	0.047491	0.0445375	0.0566681	0.0230749	0.13593	0.275669	0.0397389	0.0180617	0.379199	0.72425	1.08181	1.81474	1	0.7743754
849000	84.65827	-57.88219	142.5405	0.05	0.9084061	0.0857155	0.0626648	0.0970796	0.00760052	0.0207715	0.00359201	0.0873585	0.00386678	0.0129482	0.0815491	0.0184347	0.0189041	0.0262693	0.118336	0.447377	0.982995	2.45129	1	0.5267546
850000	88.16812	-53.00856	141.1767	0.05	0.2347775	0.00187612	0.0435918	0.0089358	0.0308233	0.035417	0.00413973	0.00762421	0.000737566	0.0663974	0.00186642	0.275089	0.0605039	0.173923	0.00147659	0.0559386	0.468266	3.47432	1	0.7109254
851000	78.73655	-54.72083	133.4574	0.05	1.328497	0.1092	0.105554	0.134956	0.116621	0.0409014	0.0255892	0.0698749	0.136908	0.022958	0.409323	0.11466	0.0148883	0.0843501	0.197572	0.557276	1.03853	2.20662	1	1.385784
852000	89.01735	-51.01476	140.0321	0.05	2.842688	0.0344285	0.0145086	0.09552	0.0190901	0.0208991	0.0076223	0.0112683	0.00940425	0.0756692	0.250233	0.0257439	0.00748191	0.0265104	0.376714	0.722429	1.08162	1.81924	1	0.5983794
853000	85.4924	-53.88559	139.378	0.05	1.519314	0.106494	0.00038115	0.0175453	0.0438942	0.0386691	0.0390138	0.0053465	0.0255834	0.0866826	0.0362027	0.0770391	0.250754	0.0672217	0.228291	0.59174	1.05154	2.12843	1	0.7948274
854000	81.53842	-52.50609	134.0445	0.05	2.152515	0.148725	0.0616554	0.0206511	0.107966	0.0300217	0.0498023	0.0377537	0.0102569	0.00567177	0.167506	0.249953	0.0475998	0.255421	0.310825	0.67031	1.07338	1.94549	1	1.192984
855000	88.66999	-51.1823	139.8523	0.05	0.5406727	0.006074	0.0437902	0.00121325	0.0668338	0.09041	0.00707984	0.0487909	0.0187813	0.0483779	0.0108175	0.052602	0.174131	0.21014	0.0411517	0.277641	0.847747	2.83346	1	0.7790416
856000	77.33275	-55.84095	133.1737	0.05	1.850261	0.0162784	0.0222386	0.131861	0.0611159	0.0463885	0.028285	0.000772691	0.0447904	0.0441114	0.540021	0.0626572	0.269739	0.0574268	0.27472	0.638084	1.06575	2.02145	1	1.325685
857000	90.19095	-48.76676	138.9577	0.05	1.772047	0.106913	0.0694758	0.0295122	0.0165237	0.0202598	0.024962	0.00166598	0.0192023	0.0565238	0.0584948	0.0446157	0.0717576	0.225968	0.264458	0.628356	1.06308	2.04411	1	0.7458747
858000	84.55974	-49.56042	134.1202	0.05	1.795245	0.0218531	0.048071	0.052345	0.074523	0.0145922	0.000980078	0.0190418	0.0351266	0.0271101	0.0142467	0.0899372	0.16593	0.672737	0.267545	0.63131	1.06391	2.03724	1	1.236493
859000	80.14716	-53.67711	133.8243	0.05	0.6930111	0.00584801	0.0265219	0.0963099	0.0255467	0.09082	0.0146248	0.00494484	0.160233	0.153535	0.0350092	0.00727894	0.654857	0.150124	0.0726961	0.360214	0.922251	2.64484	1	1.425654
860000	78.84328	-53.51229	132.3556	0.05	2.583411	0.0803641	0.102474	0.0156707	0.0442584	0.0464244	0.0108856	0.124284	0.0325445	0.0237165	0.243278	0.44194	0.0891992	0.0889597	0.354225	0.705499	1.07951	1.86076	1	1.344
861000	83.64403	-53.81512	137.4591	0.05	1.073786	0.0865874	0.0218376	0.0150853	0.034728	0.0276484	0.0730677	0.0556088	0.0234671	0.0240406	0.0221898	0.341514	0.263508	0.0329357	0.151437	0.497859	1.01123	2.33948	1	1.022219
862000	83.59729	-53.13862	136.7359	0.05	0.8200487	0.047269	0.0416889	0.0268793	0.0332039	0.064012	0.0330718	0.0534287	0.0494349	0.138213	0.283515	0.0938255	0.254403	0.0208052	0.0998172	0.415082	0.962359	2.52274	1	1.13975
863000	88.28264	-52.42144	140.7041	0.05	2.103969	0.0572556	0.0157803	0.00415037	0.00985171	0.0134028	0.00971212	0.039999	0.114978	0.0941009	0.0713233	0.0109815	0.0933278	0.069815	0.305377	0.665633	1.07239	1.9566	1	0.6046786
864000	87.69202	-52.59021	140.2822	0.05	0.8282403	0.0448357	0.000314398	0.0276109	0.0233776	0.0132017	0.0501118	0.00260337	0.0626638	0.0157681	0.194985	0.208976	0.0637249	0.0405279	0.101552	0.41826	0.964483	2.5157	1	0.748701
865000	81.53376	-53.40234	134.9361	0.05	1.998824	0.0351019	0.143257	0.0242584	0.00330242	0.0756306	0.0138548	0.00596784	0.0485943	0.227766	0.0916829	0.127515	0.0160562	0.311466	0.293134	0.654889	1.06996	1.98202	1	1.124453
866000	89.56626	-51.56161	141.1279	0.05	0.451574	0.00690722	0.0905217	0.000543177	0.00116715	0.00447444	0.0234622	0.0040259	0.0373744	0.171351	0.0654569	0.04393	0.189761	0.0377019	0.0248031	0.219132	0.781563	2.9745	1	0.6766772
867000	78.13321	-57.85904	135.9923	0.05	3.118662	0.00410858	0.0266864	0.00875209	0.124002	0.150926	0.0320347	0.0390071	0.0145877	0.0827472	0.328456	0.0427486	0.0486134	0.0438019	0.398238	0.737893	1.08304	1.78083	1	0.9464711
868000	87.55504	-51.09525	138.6503	0.05	0.4508342	0.00736846	0.0258572	0.0347025	0.00208823	0.0255768	0.022419	0.0261622	0.0074064	0.0299562	0.422395	0.106773	0.150164	0.0508085	0.0246787	0.218613	0.780913	2.9758	1	0.9116767
869000	76.12934	-54.36185	130.4912	0.05	1.07311	0.242821	0.0460352	0.0175381	0.0822165	0.0832566	0.102095	0.00612237	0.0204863	0.258982	0.709727	0.00196568	0.0473429	0.0567557	0.151306	0.497675	1.01113	2.33989	1	1.675344
870000	83.6433	-53.921	137.5643	0.05	1.828978	0.0432955	0.0131001	0.00972101	0.0222324	0.00800904	0.0311941	0.0558782	0.176399	0.0123296	0.236274	0.209728	0.0324565	0.0657295	0.271968	0.635501	1.06506	2.02747	1	0.9163468
871000	84.08332	-50.939	135.0223	0.05	1.18205	0.101031	0.0689256	0.0164789	0.112576	0.0882633	0.022751	0.00664291	0.11491	0.448427	0.115887	0.0163841	0.0569044	0.0657211	0.171785	0.525379	1.02465	2.27819	1	1.234902
872000	81.34141	-52.30135	133.6428	0.05	2.082919	0.0685964	0.0317973	0.0436099	0.110446	0.117579	0.013739	0.0744417	0.0530242	0.153558	0.443813	0.0179705	0.0748047	0.0793655	0.302976	0.663551	1.07193	1.96154	1	1.282745
873000	80.02008	-54.7724	134.7925	0.05	2.473237	0.0434864	0.0297656	0.13654	0.0153935	0.0454743	0.0507448	0.0171602	0.0439877	0.103115	0.316377	0.357562	0.00707344	0.00669313	0.343904	0.697446	1.07832	1.88033	1	1.173374
874000	90.06546	-48.11105	138.1765	0.05	0.4246261	0.0148624	0.0995483	0.0424564	0.0289397	0.000819578	0.00226329	0.000675391	0.00506773	0.0358714	0.523502	0.0619668	0.150105	0.0358212	0.0204215	0.1999	0.75661	3.02307	1	1.001899
875000	78.58036	-57.75146	136.3318	0.05	0.3106856	0.025877	0.0536126	0.0854973	0.0241462	0.0510661	0.117216	0.00676644	0.00766226	0.0890546	0.355048	0.0755689	0.149191	0.139686	0.00620206	0.112829	0.613319	3.26765	1	1.180392
876000	83.17936	-56.81623	139.9956	0.05	0.2515326	0.0153443	0.0016206	0.0111138	0.0311729	0.00492978	0.0452834	0.0338073	0.00061485	0.377687	0.0578367	0.00685669	0.151142	0.0999911	0.00218396	0.067799	0.504707	3.42531	1	0.8374004
877000	83.658	-56.60026	140.2583	0.05	1.214047	0.0887773	0.0463029	0.0045899	0.0904858	0.0254779	0.0228124	0.0179655	0.00696215	0.0258519	0.029195	0.29437	0.0474609	0.000712807	0.177589	0.532827	1.02805	2.26153	1	0.7009644
878000	89.78986	-52.43944	142.2293	0.05	0.5586107	0.0350602	0.0793165	0.000865596	0.00947257	0.0597947	0.0166955	0.0109828	0.0375895	0.0874978	0.131553	0.0447527	0.0521647	0.00308344	0.0447	0.288467	0.858639	2.80819	1	0.5688289
879000	94.35121	-48.08756	142.4388	0.05	0.8191468	0.0426912	0.0126036	0.00950732	0.0394767	0.0160829	0.00426316	0.025357	0.00991112	0.191397	0.0353503	0.0600507	0.0398332	0.0410513	0.099626	0.41473	0.962122	2.52352	1	0.5275759
880000	91.00827	-50.73545	141.7437	0.05	0.4353817	0.0272166	0.0273381	0.0191299	0.00596714	0.0452544	0.015486	0.00982868	0.0018581	0.0900036	0.0154694	0.21724	0.0478514	0.0810232	0.0221321	0.207657	0.766895	3.00332	1	0.603667
881000	87.84949	-55.75068	143.6002	0.05	0.4340198	0.0128187	0.0223335	0.00798928	0.0298708	0.0612638	0.00185928	0.00488932	0.00338885	0.0610934	0.0334437	0.0350325	0.0238299	0.150256	0.0219126	0.206681	0.765618	3.00579	1	0.4480686
882000	81.13179	-54.65809	135.7899	0.05	1.379126	0.00607482	0.0201366	0.0232307	0.00178716	0.102736	0.0512294	0.0207801	0.0468896	0.0736648	0.130242	0.325596	0.255298	0.0451891	0.206032	0.567117	1.04246	2.18439	1	1.102854
883000	80.60574	-57.78458	138.3903	0.05	1.072542	0.106313	0.0177234	0.0557142	0.0821412	0.00275844	0.106592	0.0383662	0.00738942	0.273008	0.0229715	0.106805	0.0117821	0.05085	0.151197	0.49752	1.01105	2.34023	1	0.8824146
884000	79.38411	-56.5719	135.956	0.05	2.372104	0.144659	0.0452915	0.00244948	0.176475	0.0565468	0.0331245	0.0296858	0.0402882	0.000707807	0.00518966	0.293838	0.102093	0.0610412	0.333986	0.689527	1.07702	1.89947	1	0.9913902
885000	69.21923	-55.45642	124.6756	0.05	2.248803	0.122236	0.0541196	0.226767	0.360695	0.057271	0.0958109	0.0760915	0.0463872	0.0543324	0.198961	0.50043	0.0232042	0.305786	0.321269	0.679106	1.07513	1.9245	1	2.122092
886000	78.24783	-61.50829	139.7561	0.05	0.5338098	0.0155188	0.142304	0.0513498	0.0489931	0.0199097	0.0159413	0.0561372	0.0333651	0.0188707	0.0576787	0.108088	0.0164148	0.198814	0.0398125	0.273416	0.843391	2.84338	1	0.7833853
887000	80.69997	-54.49365	135.1936	0.05	2.146092	0.0904432	0.0142135	0.0109942	0.038196	0.0635056	0.0453644	0.100945	0.182466	0.0217311	0.415238	0.0631796	0.0106857	0.0242492	0.310111	0.669701	1.07325	1.94694	1	1.081212
888000	85.97747	-52.25693	138.2344	0.05	0.7706135	0.0182049	0.0245802	0.00453182	0.0494542	0.0131992	0.00746637	0.03272	0.0247423	0.058822	0.0190518	0.0503086	0.527204	0.0946028	0.0892921	0.395028	0.948467	2.56721	1	0.9248884
889000	85.93341	-52.13308	138.0665	0.05	0.7572964	0.0449516	0.0124131	0.067937	0.0471629	0.00561867	0.0373071	0.0176349	0.0100499	0.0899147	0.0462234	0.282667	0.266833	0.0280851	0.0864454	0.389356	0.944382	2.57982	1	0.9567978
890000	87.52231	-52.19505	139.7174	0.05	1.353639	0.19942	0.0296322	0.0512045	0.09277	0.00358433	0.00155111	0.0107029	0.00250616	0.00520751	0.0697186	0.0443212	0.169571	0.0484973	0.201802	0.562232	1.04053	2.19544	1	0.7286867
891000	75.62739	-59.84276	135.4701	0.05	0.9110957	0.0494514	0.0127229	0.0381658	0.0914202	0.0889981	0.202166	0.0273124	0.0122069	0.129374	0.142282	0.0361216	0.0243227	0.367856	0.118891	0.448296	0.983551	2.44926	1	1.222399
892000	86.7111	-50.32673	137.0378	0.05	1.592891	0.0519486	0.203818	0.0405883	0.0256755	0.0494223	0.0121137	6.02695e-05	0.0254047	0.0756267	0.0546555	0.320379	0.101926	0.020953	0.239322	0.603322	1.05544	2.10192	1	0.9825712
893000	89.96338	-50.96294	140.9263	0.05	0.9000487	0.0292735	0.077726	0.0338439	0.014881	0.00736086	0.0398793	0.0114711	0.0124711	0.0526493	0.0463688	0.256035	0.0638312	0.00528187	0.116605	0.444501	0.98124	2.45765	1	0.6510732
894000	75.35608	-52.30504	127.6611	0.05	1.661765	0.116447	0.0678408	0.0614	0.0101779	0.0707785	0.0609156	0.093541	0.0320762	0.241782	0.0112966	0.804398	0.240104	0.102012	0.249265	0.61344	1.05866	2.07863	1	1.912769
895000	89.80417	-50.8467	140.6509	0.05	1.478873	0.133207	0.000609828	0.00866233	0.0240478	0.000463337	0.00333895	0.0170076	0.0198862	0.0287789	0.0998117	0.0328597	0.192961	0.0557672	0.22204	0.585002	1.04916	2.1438	1	0.6174011
896000	82.87621	-54.26848	137.1447	0.05	0.6882018	0.0242819	0.0340422	0.00825914	0.0238651	0.0642501	0.097058	0.108093	0.00228	0.0248855	0.231192	0.0183142	0.0884056	0.394565	0.0716701	0.35791	0.920417	2.65	1	1.119492
897000	80.70931	-51.37167	132.081	0.05	2.904161	0.0258606	0.0333877	0.0504143	0.0370607	0.0978024	0.025348	0.0385984	0.0377965	0.0362245	0.0865916	0.0667675	0.626941	0.172298	0.381709	0.72608	1.082	1.81021	1	1.335092
898000	73.31022	-56.39801	129.7082	0.05	0.7557351	0.0453927	0.0925846	0.136913	0.00399593	0.0302974	0.142908	0.0840659	0.0652384	0.0099842	0.234237	0.163074	0.355368	0.41576	0.0861114	0.388683	0.943892	2.58131	1	1.779819
899000	82.18632	-52.70764	134.894	0.05	1.120929	0.0113663	0.0516638	0.0296689	0.0462564	0.0188311	0.154289	0.0943367	0.013631	0.0842454	0.0896008	0.393842	0.0734522	0.159245	0.160431	0.510309	1.01747	2.31179	1	1.220428
900000	84.10268	-53.18261	137.2853	0.05	0.5790144	0.0368058	0.0520624	0.0502073	0.00864634	0.0499727	0.0302978	0.0087161	0.057302	0.129759	0.145261	0.325298	0.0348837	0.126506	0.0488106	0.300404	0.870223	2.78056	1	1.055718
901000	81.54689	-53.69366	135.2406	0.05	0.5446402	0.209074	0.10822	0.0223542	0.103463	0.0131947	0.0682836	0.00982018	0.0095082	0.0372149	0.378282	0.0469371	0.0651611	0.186161	0.0419307	0.280063	0.850216	2.82779	1	1.257673
902000	81.52133	-54.75041	136.2717	0.05	2.044247	0.138459	0.0271323	0.0851013	0.0572301	0.00936927	0.0100447	0.0309959	0.00582217	0.105341	0.0903832	0.00657102	0.00440106	0.438738	0.2985	0.659638	1.07106	1.9708	1	1.00959
903000	75.88967	-55.61974	131.5094	0.05	0.4276069	0.0233483	0.0142952	0.00923047	0.436115	0.0966331	0.00456371	0.00368391	0.0250986	0.306785	0.0913787	0.261783	0.00188527	0.363366	0.0208903	0.202061	0.759506	3.01754	1	1.638165
904000	80.03113	-52.29282	132.3239	0.05	2.558529	0.0993299	0.0151867	0.0203209	0.0290848	0.0630116	0.0172401	0.156676	0.0183612	0.0140596	0.174226	0.536757	0.207726	0.0111519	0.351936	0.703729	1.07926	1.86507	1	1.363131
905000	83.93195	-52.30397	136.2359	0.05	2.561496	0.0689179	0.155991	0.0971613	0.0129642	0.0251388	0.02225	0.0394304	0.0621314	0.224213	0.0086164	0.0562132	0.0736661	0.112611	0.35221	0.703942	1.07929	1.86455	1	0.9593042
906000	76.1259	-57.38394	133.5098	0.05	0.5613526	0.0306569	0.118132	0.168085	0.257451	0.0181281	0.0325568	0.00869843	0.0471307	0.00458413	0.369083	0.296928	0.0576647	0.00899759	0.0452481	0.290095	0.860244	2.80441	1	1.418097
907000	82.84797	-50.63351	133.4815	0.05	0.9840308	0.106996	0.0177137	0.0223604	0.00706125	0.0208616	0.0498586	0.0333151	0.0281953	0.157665	0.0410056	0.0581533	0.740542	0.0896457	0.133757	0.471899	0.997303	2.39704	1	1.373374
908000	84.23745	-52.30529	136.5427	0.05	1.93746	0.0541224	0.0710504	0.078473	0.0881489	0.00952896	0.0982739	0.0227315	0.0037021	0.0164726	0.101152	0.0932144	0.233463	0.0987773	0.285693	0.648194	1.06834	1.99777	1	0.9691097
909000	82.85945	-55.704	138.5635	0.05	0.6259718	0.124788	0.0161343	0.0143079	0.021259	0.188709	0.00277245	0.0417633	0.0710497	0.260859	0.0266078	0.0745951	0.0213377	0.0328661	0.0585051	0.326404	0.894012	2.72108	1	0.8970492
910000	71.82908	-56.71213	128.5412	0.05	2.79504	0.0359909	0.0480447	0.0371993	0.277125	0.0723438	0.116937	0.0681646	0.0490996	0.231083	0.346994	0.31132	0.115236	0.00398449	0.372757	0.719509	1.0813	1.82644	1	1.713522
911000	77.69597	-57.85693	135.5529	0.05	1.426845	0.0516374	0.0108377	0.207857	0.0911717	0.0616934	0.0449547	0.070721	0.00648308	0.0554819	0.0166949	0.15011	0.0677753	0.316239	0.213797	0.575909	1.04582	2.16447	1	1.151656
912000	77.41169	-54.1273	131.539	0.05	2.579544	0.041726	0.0885993	0.0487144	0.168351	0.0122498	0.097614	0.0117679	0.0256141	0.12112	0.122054	0.142938	0.53547	0.00102161	0.353871	0.705226	1.07948	1.86143	1	1.41724
913000	83.08349	-53.21371	136.2972	0.05	0.9268837	0.0638981	0.10923	0.039732	0.0296724	0.133729	0.0476258	0.037257	0.0403925	0.0181126	0.0651968	0.421171	0.0261802	0.0656973	0.122144	0.453615	0.986743	2.4375	1	1.097895
914000	85.2095	-50.57669	135.7862	0.05	2.465649	0.0605176	0.0465261	0.0338928	0.149706	0.0040902	0.0170178	0.0180521	0.0229834	0.113583	0.283341	0.0778144	0.0719601	0.098912	0.343175	0.69687	1.07823	1.88173	1	0.9983961
915000	79.29356	-52.32791	131.6215	0.05	2.753207	0.144287	0.065171	0.226839	0.089461	0.0323451	0.0501652	0.00966005	0.047408	0.00793935	0.509107	0.189954	0.0149048	0.00865115	0.36922	0.716878	1.08099	1.83291	1	1.395892
916000	82.13917	-53.99317	136.1323	0.05	0.5997467	0.0397146	0.0282047	0.0192099	0.172209	0.144347	0.0284077	0.00324468	0.00935909	0.0886995	0.371986	0.165181	0.0075737	0.104999	0.0530558	0.312131	0.88119	2.75362	1	1.183136
917000	74.72658	-60.16992	134.8965	0.05	2.316934	0.133575	0.00562886	0.00158171	0.138424	0.143188	0.0149982	0.0166903	0.0461746	0.00428377	0.0828231	0.395328	0.0803634	0.0577517	0.328384	0.684975	1.07622	1.91042	1	1.120811
918000	82.47511	-56.38535	138.8605	0.05	1.40365	0.039329	0.0172031	0.0758195	0.0344946	0.0124024	0.10752	0.00723479	0.0509298	0.115225	0.145845	0.045103	0.0295198	0.211876	0.210047	0.571692	1.04422	2.17404	1	0.8925013
919000	78.02487	-56.74934	134.7742	0.05	2.608403	0.0853427	0.051965	0.0367951	0.00303133	0.00902029	0.010768	0.0391711	0.0733822	0.441416	0.0784167	0.194588	0.0655953	0.0349358	0.356499	0.707249	1.07976	1.85649	1	1.124427
920000	81.88001	-51.11323	132.9932	0.05	2.873444	0.0231056	0.0663012	0.147597	0.110325	0.0536016	0.0324358	3.59283e-06	0.0128109	0.0866378	0.0370181	0.487388	0.053503	0.152397	0.379228	0.724271	1.08182	1.81469	1	1.263125
921000	80.36436	-53.08717	133.4515	0.05	3.067923	0.105117	0.0178887	0.0296508	0.0991826	0.0280064	0.250698	0.00200816	0.0119368	0.398903	0.00649383	0.0401427	0.101594	0.120307	0.394449	0.735221	1.08283	1.7875	1	1.211929
922000	80.92106	-53.14061	134.0617	0.05	1.609214	0.0600861	0.0433483	0.0166575	0.0602969	0.0253143	0.209054	0.139504	0.0195453	0.00678007	0.0844711	0.202227	0.338968	0.0932662	0.241711	0.60578	1.05624	2.09627	1	1.29952
923000	78.68456	-57.34385	136.0284	0.05	1.231044	0.0464544	0.0294419	0.184692	0.169684	0.0141698	0.0973771	0.0109873	0.0180505	0.000785538	0.0410314	0.168262	0.00921813	0.326779	0.180634	0.536668	1.02977	2.25293	1	1.116933
924000	80.65771	-56.05575	136.7135	0.05	0.2103188	0.0443655	0.132915	0.0422474	0.0262973	0.0195606	0.00860275	0.197289	0.0299114	0.411978	0.0180381	0.0854188	0.0723437	0.0556054	0.000745349	0.0399325	0.410048	3.54927	1	1.144573
925000	76.9847	-59.29844	136.2831	0.05	0.9134004	0.059405	0.0222067	0.0354948	0.126235	0.17894	0.0607501	0.10353	0.0326455	0.0109769	0.195745	0.273142	0.0101123	0.0463311	0.119367	0.44908	0.984025	2.44753	1	1.155515
926000	84.82949	-53.93143	138.7609	0.05	1.223566	0.0624231	0.00935701	0.082951	0.093048	0.00761339	0.0145452	0.0186374	0.0234232	0.116529	0.220064	0.0885044	0.000651378	0.0935544	0.179298	0.534988	1.02902	2.25669	1	0.8313015
927000	82.16951	-54.97312	137.1426	0.05	0.357778	0.00556285	0.15474	0.0734477	0.0385911	0.0856102	0.0323444	0.00593035	0.0340151	0.421449	0.111704	0.0404306	0.0649898	0.0122135	0.0111239	0.149591	0.681229	3.15806	1	1.081029
928000	86.99324	-50.77666	137.7699	0.05	2.571301	0.00584438	0.0474327	0.0441949	0.0509082	0.00201779	0.00156544	0.049147	0.0130218	0.132424	0.113621	0.0911877	0.125694	0.141278	0.353114	0.704641	1.07939	1.86285	1	0.8183375
929000	84.06355	-51.70505	135.7686	0.05	2.681599	0.0509228	0.0187613	0.00484591	0.0330524	0.194054	0.0165523	0.0662434	0.00478673	0.0488631	0.270976	0.0316352	0.199179	0.0479681	0.363025	0.712222	1.08042	1.84434	1	0.9878403
930000	86.54944	-52.75743	139.3069	0.05	1.571229	0.0367409	0.0301414	0.02096	0.0958155	0.0457255	0.0701035	0.0332616	0.00836488	0.0302137	0.102463	0.033875	0.102289	0.171811	0.236119	0.599999	1.05434	2.10954	1	0.781765
931000	84.94345	-52.82758	137.771	0.05	0.6324317	0.169674	0.0382979	0.0688166	0.00210254	0.0219782	0.00358166	0.016833	0.0458721	0.0517803	0.0101259	0.317706	0.212775	0.0260928	0.0598586	0.329827	0.897004	2.71331	1	0.985636
932000	82.06727	-55.93816	138.0054	0.05	2.573177	0.00447308	0.120111	0.000943947	0.10902	0.0376953	0.022327	0.00752293	0.0116705	0.0111591	0.0229838	0.180332	0.125128	0.136362	0.353286	0.704774	1.07941	1.86253	1	0.7897292
933000	88.46104	-51.96769	140.4287	0.05	0.5004657	0.0771272	0.0496331	0.103453	0.0182998	0.0145642	0.0366284	0.0168883	0.0287366	0.0147231	0.0678221	0.240984	0.0539539	0.0137363	0.0334741	0.25222	0.820607	2.8937	1	0.7365498
934000	78.14536	-55.81201	133.9574	0.05	0.810553	0.0959712	0.237827	0.0194405	0.0295158	0.045371	0.194185	0.000593866	0.0141103	0.0255337	0.0796654	0.00426216	0.165416	0.429316	0.0978023	0.411348	0.959837	2.53101	1	1.341207
935000	84.42651	-50.14247	134.569	0.05	3.957895	0.0590343	0.0281473	0.0660359	0.0171431	0.0761137	0.0138888	0.0335373	0.00282389	0.0487424	0.371715	0.166193	0.0295508	0.0674943	0.452034	0.77374	1.08441	1.68982	1	0.9804198
936000	72.81449	-62.88536	135.6998	0.05	1.416003	0.0458287	0.057412	0.163796	0.0825003	0.18997	0.0553816	0.0280751	0.00347433	0.054694	0.24584	0.20803	0.0435638	0.0117878	0.21205	0.573951	1.04508	2.16892	1	1.190355
937000	84.53784	-54.91868	139.4565	0.05	0.5294497	0.0391726	0.0282111	0.0279645	0.0380724	0.00701872	0.0749457	0.101302	0.0233798	0.0811024	0.147668	0.12126	0.00775328	0.142475	0.0389674	0.270707	0.840568	2.84976	1	0.8403255
938000	82.50381	-52.35409	134.8579	0.05	2.556691	0.033713	0.0927097	0.00629036	0.0981195	0.000235746	0.0846135	0.00876472	0.00793013	0.119997	0.0805185	0.0743769	0.0769694	0.412291	0.351766	0.703597	1.07924	1.86539	1	1.096529
939000	81.04747	-54.51088	135.5584	0.05	1.129678	0.119571	0.0323956	0.0485781	0.0381246	0.0532924	0.0491806	0.00946243	0.183729	0.0466364	0.276947	0.102978	0.170177	0.0286372	0.162078	0.512537	1.01855	2.30683	1	1.159709
940000	88.78099	-50.60268	139.3837	0.05	1.596543	0.0882515	0.0195843	0.00605055	0.052783	0.0661876	0.00658432	0.00696358	0.0123212	0.130874	0.191532	0.0640591	0.0604725	0.0309494	0.239858	0.603875	1.05562	2.10064	1	0.7366127
941000	84.02071	-55.49753	139.5182	0.05	1.548809	0.0534353	0.0168808	0.0602359	0.0441774	0.0342739	0.027987	0.0169281	0.00934499	0.086896	0.0997478	0.0713957	0.198535	0.0522066	0.232765	0.596484	1.05316	2.11759	1	0.7720446
942000	77.09764	-56.64055	133.7382	0.05	1.307941	0.0316743	0.107217	0.0377555	0.0970895	0.0852593	0.0135432	0.178576	0.0494809	0.0519548	0.122974	0.0290629	0.324428	0.246448	0.194072	0.553119	1.03683	2.21598	1	1.375464
943000	74.40216	-59.0816	133.4838	0.05	0.5520669	0.136192	0.219476	0.07809	0.0844336	0.05286	0.103709	0.0216197	0.0370236	0.129357	0.263381	0.193189	0.0093682	0.102327	0.0433979	0.284554	0.854746	2.8173	1	1.431025
944000	77.45717	-56.3127	133.7699	0.05	3.255731	0.0817917	0.0613338	0.0465808	0.142871	0.111993	0.0505726	0.0453134	0.00639332	0.030824	0.434774	0.0141733	0.0920186	0.0245193	0.408127	0.744772	1.08352	1.76358	1	1.143158
945000	85.89451	-49.97647	135.871	0.05	1.283736	0.144888	0.0876337	0.044338	0.11239	0.00640711	0.0089532	0.00113998	0.0966726	0.00357771	0.416388	0.0648202	0.0264526	0.116177	0.189901	0.548098	1.03472	2.22728	1	1.129839
946000	75.71255	-54.15835	129.8709	0.05	3.086628	0.0656239	0.281535	0.13022	0.00556959	0.0137095	0.1635	0.0310197	0.0056643	0.0654096	0.057916	0.123446	0.193043	0.412054	0.395854	0.736214	1.08291	1.78502	1	1.548711
947000	80.75715	-54.70215	135.4593	0.05	2.119411	0.0099005	0.00655746	0.0146799	0.0713919	0.00709385	0.0859868	0.0220624	0.20496	0.133944	0.0989058	0.352831	0.0679795	0.0309085	0.307124	0.667139	1.07271	1.95303	1	1.107201
948000	83.72491	-52.39791	136.1228	0.05	1.471535	0.0152528	0.0918622	0.12014	0.0231975	0.0381822	0.00951917	0.0137749	0.0191767	0.0316113	0.0979357	0.1195	0.0118234	0.486539	0.220892	0.583749	1.04871	2.14665	1	1.078515
949000	82.142	-50.73632	132.8783	0.05	4.971189	0.137912	0.0484697	0.0036328	0.017339	0.029933	0.0341595	0.00545025	0.00373486	0.130282	0.372677	0.019863	0.0577722	0.17952	0.500877	0.803267	1.08335	1.6125	1	1.040746
950000	79.83975	-53.48102	133.3208	0.05	4.249592	0.0526363	0.0176521	0.0406627	0.0193803	0.0630017	0.0120754	0.0214327	0.0476452	0.338982	0.0213527	0.173336	0.0250155	0.252113	0.467569	0.783421	1.08429	1.66472	1	1.085286
951000	82.83256	-52.8893	135.7219	0.05	0.9290913	0.153534	0.122149	0.0140475	0.0386771	0.0728443	0.0358676	0.001643	0.118292	0.267389	0.0191541	0.197008	0.047402	0.0994489	0.122597	0.454349	0.98718	2.43587	1	1.187457
952000	90.97138	-49.65183	140.6232	0.05	1.036804	0.0813486	0.0100151	0.0287071	0.0133707	0.00747002	0.0408021	0.0168321	0.015146	0.0285125	0.0396631	0.270997	0.00911564	0.127628	0.144238	0.487541	1.00584	2.36238	1	0.6896085
953000	81.16082	-58.85022	140.011	0.05	1.464313	0.113399	0.000148462	0.109177	0.130154	0.0034603	0.00931112	0.009095	0.0119356	0.149503	0.00562029	0.0300663	0.0620504	0.062943	0.219757	0.582507	1.04826	2.14948	1	0.696863
954000	84.07312	-51.86738	135.9405	0.05	0.2799802	0.0803247	0.0317423	0.0109839	0.0801514	0.0479497	0.0125569	0.0169682	0.00856792	0.307304	0.379245	0.181535	0.0560471	0.00672029	0.00381218	0.089042	0.560599	3.34655	1	1.220098
955000	87.91765	-50.56647	138.4841	0.05	1.047927	0.0773735	0.00421757	0.0543605	0.0314178	0.0598849	0.012702	0.0796562	0.000962801	0.00107117	0.0261598	0.35694	0.112237	0.0860935	0.146416	0.490698	1.00751	2.35538	1	0.903077
956000	84.4736	-50.70709	135.1807	0.05	0.8470834	0.150384	0.0899212	0.190653	0.00900406	0.0360319	0.00464834	0.0128338	0.000401594	0.514896	0.00811818	0.173912	0.0219622	0.0164292	0.105531	0.425421	0.969193	2.49985	1	1.229195
957000	85.03889	-51.94953	136.9884	0.05	0.9395792	0.0242079	0.112812	0.0568894	0.00387592	0.0929721	0.0129388	0.0202142	0.00215115	0.0781696	0.142931	0.114714	0.210359	0.166867	0.124746	0.457806	0.98922	2.42823	1	1.039102
958000	79.76457	-55.51299	135.2776	0.05	0.3889608	0.261172	0.0566297	0.0116448	0.108346	0.0981351	0.00231082	0.00787102	0.0375699	0.246807	0.0540477	0.0839318	0.270956	0.000253697	0.0151546	0.173463	0.719053	3.09233	1	1.239675
959000	86.3989	-50.89013	137.289	0.05	1.313892	0.0215646	0.0821452	0.0166554	0.0534672	0.0388303	0.0396442	0.00334444	0.047784	0.112446	0.0292746	0.153421	0.0382524	0.328845	0.195089	0.554332	1.03733	2.21325	1	0.9656747
960000	86.80102	-51.49616	138.2972	0.05	2.00328	0.0102634	0.0878873	0.113638	0.0764291	0.0111051	0.00646829	0.0355859	0.0252659	0.0756202	0.109643	0.0535518	0.215312	0.0117404	0.293666	0.655362	1.07007	1.9809	1	0.8325101
961000	70.85733	-56.02228	126.8796	0.05	1.216336	0.134604	0.105508	0.00421755	0.0159167	0.148136	0.155433	0.00840614	0.0571239	0.403053	0.134593	0.00644584	0.772053	0.0757987	0.178001	0.533349	1.02829	2.26036	1	2.021289
962000	79.16854	-53.89347	133.062	0.05	0.4942668	0.0866769	0.0466529	0.0199758	0.00943926	0.0449189	0.294119	0.0261724	0.0135267	0.00744284	0.560053	0.255175	0.0621175	0.0418244	0.0323301	0.248157	0.816052	2.90346	1	1.468094
963000	79.09154	-59.96504	139.0566	0.05	1.333397	0.0710066	0.0271522	0.0401381	0.0563471	0.0493942	0.0655406	0.0866684	0.145952	0.116339	0.0345804	0.149602	0.0203884	0.0252156	0.198401	0.558253	1.03893	2.20442	1	0.8883248
964000	77.90504	-57.94897	135.854	0.05	3.406557	0.0200076	0.00929977	0.168656	0.200262	0.0301507	0.0149833	0.00721411	0.0124678	0.105365	0.00295791	0.118787	0.00135732	0.230543	0.418458	0.751813	1.0839	1.74583	1	0.9220519
965000	73.9784	-56.41493	130.3933	0.05	0.9577379	0.0819724	0.0246925	0.0222237	0.0717244	0.244873	0.148908	0.0224784	0.00159686	0.0419715	0.262515	0.391777	0.00874936	0.374369	0.128446	0.46367	0.992628	2.41526	1	1.69785
966000	89.03295	-50.88523	139.9182	0.05	1.445299	0.0697024	0.0128824	0.0215787	0.0461856	0.0196453	0.00365409	0.114364	0.000186919	0.0518579	0.0888391	0.0202974	0.102702	0.136864	0.216747	0.579191	1.04704	2.15702	1	0.6887592
967000	89.47827	-50.03587	139.5141	0.05	1.542663	0.00969801	0.0285758	0.0174105	0.0446965	0.00951882	0.0184848	0.00544603	0.022535	0.11238	0.168658	0.0658877	0.218055	0.00502917	0.231838	0.595507	1.05283	2.11982	1	0.7263747
968000	84.92687	-50.99473	135.9216	0.05	1.254447	0.0771836	0.0121788	0.173782	0.0218232	0.010877	0.0319461	0.0148756	0.0396826	0.137644	0.408597	0.0640286	0.122231	0.00563138	0.184781	0.541832	1.03203	2.24135	1	1.120482
969000	75.58155	-58.33503	133.9166	0.05	1.900662	0.0711546	0.16203	0.0339514	0.06939	0.0311615	0.164973	0.0378768	0.128294	0.16787	0.00235615	0.21759	0.0365479	0.14556	0.281121	0.644017	1.06729	2.00757	1	1.268755
970000	89.60523	-50.24481	139.85	0.05	1.542358	0.0272537	0.0833738	0.0698209	0.0258084	0.00932029	0.014764	0.0542255	0.00816813	0.023452	0.0802473	0.233787	0.0195547	0.0835873	0.231792	0.595458	1.05282	2.11993	1	0.7333631
971000	87.46049	-49.81514	137.2756	0.05	0.4969793	0.150982	0.0759803	0.0909886	0.0515172	0.00500531	0.00132757	0.0046773	0.0207501	0.438034	0.0249033	0.170032	0.0132796	0.0126426	0.0328292	0.249939	0.818058	2.89917	1	1.06012
972000	80.44423	-53.48091	133.9251	0.05	0.4195642	0.0237872	0.163951	0.0423192	0.040959	0.0744166	0.013491	0.0420148	0.0247252	0.607407	0.0591651	0.00644494	0.0538977	0.276691	0.0196351	0.196213	0.751612	3.03254	1	1.42927
973000	78.29228	-54.50971	132.802	0.05	0.8378429	0.304345	0.151609	0.0295372	0.0265572	0.124153	0.00721208	0.0261574	0.0192978	0.0627089	0.0771697	0.154657	0.0115705	0.484975	0.103582	0.421935	0.966913	2.50757	1	1.479949
974000	77.14207	-55.66372	132.8058	0.05	1.631396	0.0377549	0.0648749	0.141602	0.0400842	0.093138	0.0516182	0.0228056	0.0646495	0.102164	0.100379	0.379271	0.0952136	0.212249	0.244925	0.60906	1.05729	2.08873	1	1.405805
975000	77.86132	-56.46845	134.3298	0.05	1.990349	0.0205549	0.143735	0.0973512	0.0545955	0.0678422	0.0292126	0.0573367	0.0725148	0.122597	0.254073	0.015216	0.18756	0.0685495	0.29212	0.653984	1.06975	1.98415	1	1.191139
976000	74.36217	-53.23088	127.5931	0.05	1.154281	0.0147885	0.110325	0.163324	0.160204	0.0230254	0.1309	0.0225293	0.0503571	0.0788852	0.055783	0.132759	0.739315	0.269475	0.16667	0.518674	1.0215	2.29315	1	1.951671
977000	82.62449	-54.58874	137.2132	0.05	1.133308	0.0756163	0.0446909	0.00898004	0.0601995	0.0551795	0.13472	0.0604577	0.0290213	0.0614922	0.0867131	0.280672	0.0298484	0.0748846	0.162759	0.513455	1.019	2.30479	1	1.002476
978000	80.12651	-57.84721	137.9737	0.05	1.544949	0.0480089	0.0340764	0.0368308	0.00876079	0.0205974	0.0908815	0.0140191	0.0820586	0.0646613	0.191552	0.0400988	0.0617328	0.195869	0.232183	0.595871	1.05296	2.11899	1	0.8891472
979000	79.3514	-58.78318	138.1346	0.05	1.242016	0.0363131	0.0150247	0.0176625	0.0481687	0.038764	0.068903	0.0242404	0.0542095	0.00724095	0.077688	0.47938	0.0326664	0.000962216	0.182584	0.539107	1.03084	2.24746	1	0.9012237
980000	83.41142	-54.06787	137.4793	0.05	2.88404	0.0562362	0.00140415	0.0825964	0.0248846	0.0712373	0.00816551	0.0551994	0.00872322	0.139297	0.0345246	0.011765	0.0107504	0.293585	0.380087	0.724899	1.08188	1.81313	1	0.7983681
981000	85.55107	-50.44477	135.9958	0.05	1.073879	0.050681	0.0193307	0.0368573	0.0939211	0.0176935	0.0505326	0.0115946	0.0148959	0.000709273	0.0392351	0.166204	0.0193533	0.600587	0.151455	0.497885	1.01124	2.33942	1	1.121595
982000	78.78354	-53.25264	132.0362	0.05	1.084999	0.139729	0.030374	0.051683	0.0191881	0.0867986	0.085885	0.0868725	0.0115319	0.152407	0.0319293	0.735075	0.0573175	0.0225789	0.153595	0.50089	1.01277	2.33275	1	1.51137
983000	81.6357	-51.9024	133.5381	0.05	1.267735	0.0633851	0.0275842	0.0256743	0.164229	0.0333473	0.0825614	0.037296	0.0121043	0.233888	0.165357	0.0521723	0.310523	0.155005	0.187114	0.544701	1.03327	2.23491	1	1.363127
984000	82.74458	-55.05825	137.8028	0.05	0.9616263	0.0724493	0.0599488	0.0591783	0.210356	0.0157491	0.0619394	0.011591	0.0356709	0.0468945	0.0226287	0.224349	0.0727388	0.0544806	0.129235	0.464906	0.993339	2.41252	1	0.9479744
985000	83.09503	-52.74537	135.8404	0.05	1.369382	0.0875455	0.0103791	0.190562	0.0555055	0.0730858	0.0389264	0.0168195	0.0267187	0.00617509	0.0533675	0.43324	0.0117763	0.0861646	0.204421	0.565265	1.04173	2.18858	1	1.090266
986000	85.69986	-54.14099	139.8408	0.05	0.5317869	0.0185745	0.0109667	0.0378473	0.0614746	0.0184476	0.00296185	0.064274	0.0432925	0.0361438	0.0647345	0.139203	0.271201	0.0828828	0.0394199	0.272161	0.842087	2.84633	1	0.8520037
987000	92.76115	-47.4385	140.1996	0.05	4.577139	0.040122	0.000315032	0.0132617	0.00812351	0.0219035	0.00245453	0.00115912	0.00751508	0.0409252	0.0245951	0.134373	0.0141531	0.0352804	0.483507	0.793067	1.08395	1.63948	1	0.3441818
988000	79.64891	-56.15248	135.8014	0.05	2.269408	0.0728476	0.0306156	0.0355365	0.154309	0.0286624	0.0256788	0.0426069	0.011196	0.323008	0.119069	0.113409	0.0390885	0.0386971	0.323444	0.680911	1.07547	1.92017	1	1.034724
989000	74.21817	-57.92459	132.1428	0.05	1.246581	0.0127889	0.274981	0.0146898	0.0224293	0.198624	0.16459	0.0347961	0.0132309	0.448574	0.193889	0.0863358	0.0150175	0.0381222	0.183393	0.540112	1.03129	2.24521	1	1.518069
990000	80.4963	-57.80434	138.3006	0.05	0.3118415	0.0280325	0.0307929	0.0252619	0.0917193	0.00433265	0.00489184	0.0587071	0.101669	0.192525	0.323264	0.0601255	0.0115609	0.0859735	0.00630493	0.113733	0.615163	3.2648	1	1.018856
991000	76.87992	-54.58974	131.4697	0.05	3.544468	0.0586905	0.17425	0.0458195	0.0229397	0.00100172	0.0326903	0.0350982	0.00144948	0.308811	0.092547	0.131318	0.0663643	0.373389	0.427441	0.75782	1.08414	1.7306	1	1.34437
992000	73.28858	-55.54639	128.835	0.05	1.903089	0.257493	0.0222451	0.125312	0.246775	0.000625531	0.0881771	0.0438437	0.00445588	0.0279256	0.14736	0.549355	0.168197	0.0923037	0.281425	0.644296	1.06736	2.00691	1	1.774069
993000	78.33097	-53.59848	131.9294	0.05	2.264923	0.221194	0.0214862	0.178575	0.07714	0.000817334	0.0398474	0.0187512	0.0333626	0.460552	0.0262665	0.144927	0.0952712	0.0913181	0.322973	0.68052	1.0754	1.92111	1	1.409509
994000	75.90686	-60.36629	136.2732	0.05	0.2900456	0.052659	0.00805411	0.05399	0.0308487	0.0112096	0.0142899	0.0816234	0.0185186	0.0653326	0.499031	0.03639	0.117925	0.19657	0.00452264	0.096777	0.5787	3.32	1	1.186442
995000	82.34121	-53.25558	135.5968	0.05	1.407681	0.0557408	0.0631634	0.00590139	0.0142964	0.00757865	0.0163838	0.0198721	0.126287	0.117613	0.154421	0.163632	0.118235	0.291686	0.210702	0.572432	1.04451	2.17236	1	1.154811
996000	85.21856	-52.07715	137.2957	0.05	0.8423873	0.059868	0.0513467	0.090783	0.00905146	0.021385	0.0598269	0.0271165	0.0127789	0.330914	0.0520749	0.0637343	0.00106149	0.247593	0.104541	0.423656	0.968042	2.50376	1	1.027535
997000	83.36428	-52.39449	135.7588	0.05	3.734341	0.056655	0.0683935	0.0341364	0.0343054	0.109748	0.0409992	0.0453537	0.0091271	0.00767843	0.0804587	0.00427205	0.119957	0.257416	0.439145	0.765491	1.08434	1.71102	1	0.8685015
998000	84.45276	-52.61928	137.072	0.05	1.101884	0.0181667	0.0468151	0.0107415	0.107565	0.0599741	0.0149069	0.00463045	0.0842353	0.0154464	0.284252	0.131103	0.0215883	0.220041	0.156822	0.50537	1.01502	2.32278	1	1.019465
999000	64.22255	-64.72973	128.9523	0.05	1.458787	0.152584	0.0786399	0.096882	0.07959	0.0829885	0.0983217	0.0556571	0.155237	0.286894	0.0543958	0.0869343	0.430644	0.120059	0.218885	0.58155	1.04791	2.15166	1	1.778827
1000000	83.04936	-51.41277	134.4621	0.05	1.072557	0.107824	0.034593	0.00877601	0.00363253	0.0425079	0.0608608	0.00421921	0.00967177	0.023142	0.484182	0.275711	0.08025	0.129944	0.1512	0.497525	1.01105	2.34022	1	1.265315
1001000	86.54242	-50.53798	137.0804	0.05	2.996614	0.0584131	0.0392931	0.0240867	0.0553879	0.0053156	0.0119062	0.00740591	0.0195923	0.000857186	0.213015	0.0507498	0.298801	0.0276414	0.389	0.73134	1.0825	1.79716	1	0.8124645
1002000	87.16141	-52.11797	139.2794	0.05	0.5671616	0.00846338	0.0509099	0.0495147	0.043214	0.101204	0.0283485	0.0321691	0.00697056	0.355878	0.00723944	0.117968	0.022927	0.050715	0.0464138	0.293518	0.863594	2.79647	1	0.8755225
1003000	78.78356	-60.60148	139.385	0.05	0.7677437	0.128538	0.0712655	0.00860041	0.0224678	0.0043562	0.00181703	0.0231969	0.0431447	0.210079	0.171833	0.00905854	0.0733344	0.0356211	0.0886789	0.393816	0.9476	2.56991	1	0.8033127
1004000	85.34768	-52.9707	138.3184	0.05	2.003737	0.048723	0.0397255	0.0379369	0.0834202	0.00855828	0.0331319	0.000630725	0.00769508	0.0697264	0.204343	0.0174433	0.121295	0.128621	0.29372	0.65541	1.07008	1.98079	1	0.801251
1005000	83.42949	-53.83476	137.2643	0.05	1.088703	0.0124163	0.0190058	0.0221096	0.231277	0.00648805	0.0211002	0.0359066	0.0286101	0.067896	0.230619	0.236416	0.0325391	0.0474059	0.154305	0.501881	1.01327	2.33054	1	0.9917906
1006000	72.19809	-57.94865	130.1467	0.05	0.6408526	0.00598419	0.0925548	0.0398562	0.355207	0.312296	0.142999	0.0386029	0.0411922	0.155913	0.0389555	0.0793322	0.103408	0.381379	0.0616285	0.334233	0.900811	2.70333	1	1.787681
1007000	89.77472	-50.59561	140.3703	0.05	0.9222841	0.0236966	0.0975927	0.00153654	0.0245165	0.0170273	0.0172424	0.0177553	0.0277303	0.0778842	0.300543	0.0397413	0.00710601	0.0440726	0.121198	0.452078	0.985826	2.4409	1	0.6964451
1008000	84.9768	-50.35999	135.3368	0.05	0.8542828	0.0692674	0.000371034	0.0958242	0.158936	0.022101	0.0168946	0.00298644	0.0204974	0.10781	0.14618	0.117324	0.372282	0.0856652	0.107046	0.428104	0.970931	2.49392	1	1.216139
1009000	88.14605	-54.02383	142.1699	0.05	2.0869	0.0410135	0.03159	0.0383607	0.0125117	0.0206306	0.0301579	0.00153268	0.00979902	0.0309533	0.047611	0.123821	0.0481801	0.0317497	0.303432	0.663947	1.07202	1.9606	1	0.4679108
1010000	86.21767	-53.73609	139.9538	0.05	0.6861271	0.015435	0.0101554	0.0515977	0.0467591	0.0164516	0.0440971	0.106974	0.0265821	0.266619	0.041923	0.00660134	0.13665	0.00428777	0.0712278	0.35691	0.919617	2.65224	1	0.7741329
1011000	84.09397	-53.27396	137.3679	0.05	0.6607751	0.0522532	0.02208	0.123598	0.00684386	0.040229	0.0029748	0.0141567	0.024928	0.0757746	0.384044	0.0457157	0.0979378	0.162619	0.0658377	0.34442	0.909418	2.68032	1	1.053154
1012000	77.45468	-56.61379	134.0685	0.05	0.5473679	0.0845695	0.0107544	0.00418651	0.257706	0.0280209	0.0659554	0.00946448	0.0197924	0.264235	0.283523	0.0730889	0.180551	0.0989077	0.0424683	0.281719	0.851894	2.82392	1	1.380756
1013000	72.37217	-61.57356	133.9457	0.05	0.7126488	0.0669751	0.0364464	0.0347731	0.157403	0.111155	0.0543439	0.049109	0.136569	0.102767	0.00063688	0.242061	0.0263214	0.368467	0.0768919	0.369438	0.929467	2.6242	1	1.387028
1014000	71.66871	-58.62035	130.2891	0.05	1.037657	0.237256	0.10883	0.124809	0.0535407	0.108957	0.0276348	0.0989295	0.0656075	0.0308081	0.423414	0.136743	0.275001	0.00763855	0.144406	0.487785	1.00597	2.36184	1	1.699169
1015000	79.3023	-51.23112	130.5334	0.05	2.912722	0.447742	0.0109802	0.176048	0.0522177	0.00673022	0.0154567	0.0164188	0.00895708	0.401184	0.0576804	0.0298071	0.0208329	0.2372	0.382395	0.726578	1.08205	1.80898	1	1.481256
1016000	82.15647	-51.55845	133.7149	0.05	3.520524	0.0507302	0.143306	0.0128636	0.0200268	0.022853	0.0362769	0.00142656	0.0117125	0.281742	0.339855	0.094593	0.0614465	0.024501	0.425911	0.756805	1.08411	1.73318	1	1.101333
1017000	85.91178	-52.44492	138.3567	0.05	0.6339988	0.0385274	0.0557057	0.0329795	0.048063	0.016884	0.00127124	0.0479986	0.0588019	0.0678825	0.174719	0.273186	0.0161079	0.101767	0.0601875	0.330651	0.89772	2.71144	1	0.9338945
1018000	79.74252	-52.79662	132.5391	0.05	2.372116	0.0318879	0.0808874	0.0164461	0.0667048	0.0956523	0.0479004	0.0112732	0.195603	0.0249364	0.547256	0.000849837	0.0296639	0.197766	0.333987	0.689528	1.07702	1.89947	1	1.346827
1019000	78.60443	-56.6364	135.2408	0.05	0.480732	0.00305025	0.108971	0.0740006	0.0141377	0.172974	0.0141644	0.00810312	0.052457	0.305893	0.287966	0.0905799	0.00407126	0.122236	0.0298745	0.239151	0.805726	2.92525	1	1.258604
1020000	83.69091	-53.47086	137.1618	0.05	1.660617	0.0162726	0.0193545	0.00208853	0.025341	0.064111	0.0346528	0.0274046	0.0213902	0.140352	0.0138135	0.0478805	0.419995	0.115592	0.249102	0.613277	1.05861	2.07901	1	0.9482488
1021000	79.22134	-51.73756	130.9589	0.05	1.064664	0.160402	0.201859	0.0922032	0.00568102	0.00477933	0.0293071	0.0392909	0.0205743	0.0927965	0.69575	0.0170878	0.0940654	0.155871	0.149673	0.495361	1.00994	2.34503	1	1.609668
1022000	87.40827	-50.55677	137.965	0.05	1.376716	0.0497539	0.0197751	0.0532406	0.139929	0.00839669	0.030897	0.0309059	0.0394135	0.122798	0.0137674	0.055133	0.274829	0.0556798	0.205634	0.566661	1.04228	2.18543	1	0.8945197
1023000	87.54323	-51.4213	138.9645	0.05	0.5767101	0.0460552	0.0605539	0.0284581	0.00550054	0.0215476	0.0407854	0.00264543	0.0630514	0.00187985	0.0650942	0.141323	0.341281	0.0579868	0.0483428	0.299076	0.868955	2.78363	1	0.8761624
1024000	81.91416	-54.2945	136.2087	0.05	0.8394459	0.0630891	0.0399923	0.00267775	0.0559289	0.0513916	0.149587	0.0384531	0.0184782	0.0658702	0.580483	0.0200681	0.00385675	0.0508568	0.10392	0.422543	0.967313	2.50622	1	1.140733
1025000	89.2767	-48.83977	138.1165	0.05	1.406647	0.0682642	0.0520951	0.108584	0.00814503	0.0351375	0.00218686	0.00541386	0.0107383	0.166192	0.335047	0.0215964	0.0437137	0.0190071	0.210534	0.572242	1.04443	2.17279	1	0.8761207
1026000	73.98845	-57.7738	131.7623	0.05	0.9614347	0.0406494	0.0922142	0.0314669	0.188363	0.052065	0.23514	0.144335	0.0387645	0.356942	0.0145154	0.161761	0.174301	0.0558338	0.129196	0.464845	0.993304	2.41265	1	1.58635
1027000	90.89236	-50.84429	141.7367	0.05	0.4975456	0.0906143	0.063582	0.0142385	0.0267733	0.0151936	0.033464	0.00014524	0.0135072	0.0498013	0.0513954	0.206961	0.0626529	0.00270125	0.0329337	0.250311	0.818474	2.89828	1	0.6310298
1028000	89.82175	-50.30273	140.1245	0.05	2.840745	0.0440465	0.00673986	0.0303544	0.00752619	0.00572447	0.000369489	0.0294196	0.0685399	0.118648	0.173916	0.00617897	0.0328867	0.0493512	0.376554	0.722311	1.08161	1.81953	1	0.5737012
1029000	86.11061	-51.15275	137.2634	0.05	2.932887	0.00931871	0.0544812	0.0305994	0.0505703	0.0573197	0.0128059	0.00740853	0.0437868	0.334814	0.0105472	0.137546	0.0579351	0.032198	0.384002	0.727743	1.08216	1.80609	1	0.839331
1030000	81.8489	-55.92377	137.7727	0.05	1.028787	0.0802505	0.127227	0.0232179	0.0850152	0.0354979	0.0157307	0.0485556	0.012959	0.217123	0.110126	0.0099707	0.103107	0.109375	0.142662	0.485237	1.00461	2.36749	1	0.9781549
1031000	78.65396	-57.93696	136.5909	0.05	0.3373288	0.017928	0.0607096	0.0883363	0.0692314	0.112533	0.00885999	0.0123654	0.0687347	0.179636	0.0837655	0.0346161	0.143401	0.254249	0.00880577	0.133676	0.653482	3.20404	1	1.134366
1032000	77.22333	-55.55509	132.7784	0.05	2.288264	0.0889557	0.0833115	0.0550573	0.127695	0.0194779	0.0312842	0.0520478	0.00619215	0.0756874	0.578917	0.0497276	0.146767	0.0134457	0.325417	0.682539	1.07577	1.91627	1	1.328565
1033000	85.84693	-51.53398	137.3809	0.05	0.6096629	0.144501	0.0202284	0.0688914	0.0782827	0.0185941	0.065744	0.0265132	0.0090067	0.0017724	0.0751719	0.295091	0.160386	0.0725019	0.055107	0.317601	0.88617	2.74112	1	1.036684
1034000	79.34848	-54.99854	134.347	0.05	0.4383505	0.0542856	0.03653	0.014207	0.0236522	0.0100164	0.0771957	0.0268624	0.0343652	0.684966	0.013462	0.0355129	0.102813	0.250166	0.0226134	0.20978	0.769656	2.99795	1	1.364033
1035000	82.96368	-54.48398	137.4477	0.05	2.075658	0.0408876	0.0573605	0.005413	0.0359792	0.00389833	0.0380607	0.0133583	0.0764639	0.0419481	0.0210074	0.0598167	0.438572	0.0651955	0.302142	0.662825	1.07177	1.96326	1	0.8979614
1036000	79.24155	-57.10615	136.3477	0.05	1.538652	0.101212	0.0218951	0.0976834	0.226109	0.0367002	0.0755391	0.0294121	0.00484899	0.0631806	0.21806	0.00902086	0.136871	0.0445869	0.231232	0.594866	1.05261	2.12129	1	1.06512
1037000	78.64211	-54.25466	132.8968	0.05	1.208187	0.0361159	0.19494	0.163594	0.0567683	0.0930367	0.0109094	0.0411561	0.0318813	0.272739	0.00525364	0.120686	0.393789	0.0244805	0.176533	0.531484	1.02745	2.26454	1	1.445349
1038000	78.39212	-57.62527	136.0174	0.05	0.4994325	0.0602248	0.0754893	0.0452605	0.0494899	0.0071312	0.00452569	0.0468508	0.142109	0.0485824	0.272195	0.0763271	0.00529736	0.36417	0.0332826	0.251545	0.819855	2.89532	1	1.197653
1039000	76.83521	-53.67615	130.5114	0.05	1.865334	0.13134	0.0394119	0.00918841	0.193304	0.0107856	0.0535004	0.159065	0.00818231	0.072429	0.0158072	0.12341	0.661368	0.125935	0.276652	0.639884	1.06622	2.01724	1	1.603727
1040000	82.16774	-52.38338	134.5511	0.05	1.002577	0.128862	0.0120869	0.0845442	0.11948	0.0311521	0.109859	0.0380611	0.0468527	0.421636	0.0323424	0.0280177	0.13877	0.0788438	0.137468	0.477525	1.00043	2.38458	1	1.270508
1041000	83.95226	-52.21837	136.1706	0.05	0.6198091	0.0987411	0.00360708	0.0243503	0.202983	0.0602013	0.0479608	0.00469262	0.0201128	0.0483247	0.469811	0.0951377	0.0235372	0.0449032	0.0572177	0.323105	0.891098	2.72858	1	1.144363
1042000	81.95539	-54.38443	136.3398	0.05	0.9576436	0.0124693	0.0301181	0.0178202	0.0286307	0.0404135	0.13042	0.0956827	0.00179542	0.109919	0.0534893	0.0503448	0.212168	0.3302	0.128427	0.46364	0.992611	2.41532	1	1.113472
1043000	74.25186	-54.89667	129.1485	0.05	4.580862	0.0251973	0.0567454	0.0163595	0.0353068	0.0305802	0.229308	0.0117758	0.107985	0.0599144	0.434519	0.0294515	0.356025	0.0890093	0.48368	0.79317	1.08395	1.63921	1	1.482176
1044000	78.09793	-56.9058	135.0037	0.05	0.2884498	0.0919492	0.0591994	0.174777	0.0238144	0.160124	0.0566794	0.037695	0.0184676	0.313535	0.147832	0.0867046	0.00915386	0.132521	0.00440525	0.0955454	0.575886	3.32416	1	1.312452
1045000	72.45105	-57.73889	130.1899	0.05	1.147054	0.0175343	0.0230724	0.155751	0.115466	0.0977526	0.00618747	0.0986985	0.470655	0.0738731	0.365088	0.0681047	0.133568	0.065538	0.165327	0.516891	1.02065	2.29713	1	1.691289
1046000	82.71914	-53.0221	135.7412	0.05	1.23042	0.0268901	0.0152134	0.203173	0.0346515	0.0266459	0.0281065	0.00474464	0.00320912	0.241008	0.212448	0.154636	0.0707088	0.0922427	0.180522	0.536528	1.02971	2.25324	1	1.113677
1047000	89.31759	-51.88614	141.2037	0.05	0.2119302	0.152236	0.013357	0.00208556	0.01624	0.000808829	0.01532	0.00242903	0.0247766	0.0128901	0.146864	0.0453527	0.015317	0.225877	0.00078349	0.040929	0.414071	3.54422	1	0.6735533
1048000	85.39652	-51.56698	136.9635	0.05	3.428415	0.0166602	0.161847	0.0572388	0.051796	0.0252193	0.0230157	0.0256457	0.0167967	0.00937956	0.133445	0.0375995	0.199478	0.0353126	0.41991	0.752792	1.08394	1.74335	1	0.7934334
1049000	77.68951	-55.0826	132.7721	0.05	0.6853381	0.00531963	0.295233	0.17745	0.160819	0.00424301	0.0127268	0.0313452	0.0469797	0.0201663	0.0752268	0.492681	0.151624	0.026315	0.0710596	0.356529	0.919312	2.6531	1	1.500129
1050000	81.46796	-54.9464	136.4144	0.05	2.674214	0.013247	0.0680832	0.0669064	0.0712666	0.062058	0.0273513	0.0255542	0.0232113	0.0231027	0.122827	0.182681	0.201228	0.0722721	0.362375	0.71173	1.08036	1.84554	1	0.959789
1051000	88.21205	-53.58207	141.7941	0.05	1.03414	0.0891395	0.047933	0.014933	0.077364	0.0165082	0.00040104	0.000517466	0.0200307	0.0309256	0.0215562	0.0630968	0.170625	0.0168959	0.143715	0.486778	1.00543	2.36407	1	0.5699264
1052000	82.95674	-53.17911	136.1359	0.05	0.2848788	0.00344405	0.0782804	0.0816864	0.0277333	0.0586764	0.0479339	0.0111356	0.0717266	0.628168	0.078612	0.110694	0.00613543	0.00206333	0.00414905	0.0927962	0.569512	3.33354	1	1.206289
1053000	78.25653	-53.48132	131.7378	0.05	0.7262465	0.052092	0.409058	0.159945	0.0814502	0.100598	0.0174455	0.00278774	0.00954789	0.0375413	0.00364105	0.0760891	0.639233	0.00773454	0.079801	0.375655	0.934219	2.61032	1	1.597164
1054000	83.81611	-53.98788	137.804	0.05	1.587984	0.0242514	0.189609	0.11713	0.0129436	0.0042542	0.0738825	0.024218	0.0267683	0.106788	0.0622252	0.118173	0.0341076	0.0951101	0.2386	0.602575	1.0552	2.10363	1	0.8894622
1055000	85.9321	-52.44669	138.3788	0.05	1.896488	0.0596947	0.00805286	0.0162912	0.0131142	0.0334958	0.0506076	0.0658113	5.7523e-05	0.116952	0.0512989	0.0192632	0.373967	0.00931188	0.280597	0.643535	1.06717	2.0087	1	0.8179184
1056000	76.61889	-60.40525	137.0241	0.05	0.8370107	0.0207624	0.0193321	0.0931082	0.142892	0.0436196	0.19847	0.0189363	0.023811	0.0363564	0.14182	0.219399	0.0185225	0.222334	0.103406	0.421619	0.966705	2.50827	1	1.199363
1057000	73.83717	-54.37894	128.2161	0.05	3.412633	0.3114	0.0850194	0.236732	0.11213	0.0116088	0.048939	0.0181381	0.0369351	0.0116677	0.37358	0.342163	0.0553939	0.0153954	0.418863	0.752086	1.08391	1.74514	1	1.659103
1058000	70.12412	-54.69325	124.8174	0.05	1.852139	0.0215466	0.0302604	0.00642808	0.221355	0.066272	0.0601319	0.0490737	0.0442424	0.096077	0.106993	0.72348	0.744671	0.0211498	0.274962	0.638309	1.06581	2.02092	1	2.191681
1059000	79.61123	-53.70151	133.3127	0.05	3.049355	0.0835002	0.0113129	0.0842315	0.061881	0.0148755	0.0234173	0.0499614	0.0165754	0.0748041	0.443935	0.0573369	0.134691	0.123266	0.393044	0.734224	1.08275	1.78998	1	1.179788
1060000	80.10525	-54.42664	134.5319	0.05	3.717058	0.109827	0.0206962	0.00988794	0.097227	0.0800703	0.129718	0.0407947	0.0233644	0.0787273	0.0386194	0.202801	0.136462	0.0361858	0.43811	0.764819	1.08433	1.71274	1	1.004381
1061000	87.30953	-49.56358	136.8731	0.05	6.030443	0.0997447	0.00874548	0.0049045	0.0268354	0.0202868	0.0105824	0.00612999	0.0354216	0.0459691	0.149908	0.00520294	0.0893554	0.0196155	0.53996	0.8251	1.08119	1.55375	1	0.5227021
1062000	86.56185	-52.10795	138.6698	0.05	1.274088	0.0800558	0.0230124	0.0545134	0.0330074	0.0571315	0.00732535	0.00791277	0.0304435	0.244461	0.0432653	0.0201488	0.119703	0.117626	0.188223	0.546057	1.03385	2.23187	1	0.8386062
1063000	85.9738	-52.23461	138.2084	0.05	0.382429	0.0723711	0.0806933	0.00362997	0.0380638	0.0329204	0.0573835	0.0320792	0.0489751	0.0367187	0.00644235	0.0280018	0.153025	0.384029	0.0142633	0.168513	0.711544	3.10568	1	0.9743334
1064000	83.15217	-54.76196	137.9141	0.05	0.1926758	0.0381529	0.0143748	0.0161055	0.0140223	0.0202384	0.105891	0.0503809	0.00745433	0.474541	0.0799161	0.046502	0.00524678	0.139576	0.000408562	0.0296599	0.364273	3.60566	1	1.012402
1065000	81.38599	-53.96865	135.3546	0.05	1.821415	0.013465	0.0780032	0.0209117	0.1756	0.123601	0.0614157	0.0114995	0.00137365	0.105142	0.248045	0.0245482	0.200036	0.0419244	0.270983	0.634572	1.0648	2.02964	1	1.105566
1066000	72.33348	-55.12318	127.4567	0.05	1.356216	0.144837	0.0459984	0.102316	0.120771	0.0331147	0.0470419	0.0425309	0.0179988	0.143353	0.323259	0.172416	0.117303	0.649126	0.202232	0.562732	1.04073	2.19431	1	1.960065
1067000	82.78084	-54.16825	136.9491	0.05	4.965758	0.0105093	0.0321304	0.0249549	0.00261418	0.109467	0.0116185	0.0111812	0.00770315	0.00460323	0.091694	0.112251	0.195219	0.0210397	0.500649	0.803135	1.08336	1.61285	1	0.634986
1068000	66.86555	-57.79199	124.6575	0.05	1.163623	0.000973753	0.0971179	0.149418	0.1501	0.235984	0.00192897	0.06675	0.267815	0.16484	0.151496	0.149939	0.784102	0.0458953	0.168399	0.520956	1.02258	2.28806	1	2.26636
1069000	84.21196	-54.62993	138.8419	0.05	1.410926	0.0780174	0.0235728	0.0295487	0.0661081	0.243803	0.0271959	0.00975788	0.0100927	0.189852	0.0028137	0.0472275	0.0351959	0.091638	0.211229	0.573026	1.04473	2.17101	1	0.854823
1070000	83.91883	-57.32303	141.2419	0.05	0.3104191	0.0611204	0.00795906	0.0293409	0.0440234	0.0834482	0.0965601	0.00140404	0.00499657	0.0313247	0.169532	0.0205449	0.163982	0.0455801	0.00617848	0.112621	0.612892	3.26831	1	0.7598162
1071000	83.48241	-52.6558	136.1382	0.05	1.794704	0.0666396	0.000363474	0.0575433	0.00863594	0.102956	0.015571	0.081841	0.0349759	0.0883102	0.181781	0.373755	0.0377147	0.00640337	0.267473	0.631242	1.06389	2.0374	1	1.056491
1072000	83.04199	-59.00169	142.0437	0.05	0.6826322	0.0560355	0.0312884	0.0289244	0.0278888	0.0213751	0.0297367	0.0325429	0.0589558	0.0314923	0.0141777	0.0159298	0.142609	0.0754106	0.070483	0.355219	0.918258	2.65604	1	0.5663669
1073000	79.5635	-58.11033	137.6738	0.05	3.311185	0.0702361	0.289735	0.0216618	0.0451549	0.0536687	0.000823959	0.0353251	0.00414854	0.0465751	0.0346645	0.0199226	0.049731	0.149732	0.41199	0.747422	1.08367	1.75692	1	0.8213795
1074000	78.57429	-57.3482	135.9225	0.05	0.3075939	0.0222602	0.0937166	0.132444	0.0390603	0.20161	0.0519372	0.0257474	0.053013	0.0357301	0.298123	0.197477	0.0208737	0.0260293	0.00593151	0.110414	0.608338	3.27532	1	1.198022
1075000	85.54292	-54.28083	139.8238	0.05	0.4414763	0.00387125	0.0917573	0.00230112	0.0248725	0.00333057	0.0294788	0.0702333	0.0711068	0.148787	0.110902	0.0729288	0.0178936	0.160418	0.0231243	0.212005	0.772528	2.99234	1	0.8078801
1076000	80.17076	-57.49038	137.6611	0.05	1.302687	0.0285345	0.0342023	0.0185848	0.0440528	0.0620926	0.0343411	0.0426345	0.022687	0.209315	0.0653393	0.238123	0.0193379	0.0968312	0.193171	0.55204	1.03638	2.21841	1	0.9160757
1077000	90.02948	-48.48962	138.5191	0.05	1.406782	0.0485838	0.0151959	0.0929017	0.0106043	0.00281192	0.0257618	0.000355218	0.0157841	0.066831	0.380563	0.0738917	0.046192	0.0627122	0.210556	0.572267	1.04444	2.17273	1	0.8421883
1078000	77.84536	-56.78487	134.6302	0.05	1.537883	0.0720139	0.141071	0.00649566	0.33181	0.0235698	0.133859	0.0157697	0.00147167	0.0103794	0.147866	0.0935994	0.216921	0.0442138	0.231116	0.594743	1.05257	2.12157	1	1.23904
1079000	88.6536	-51.71798	140.3716	0.05	0.3442707	0.00589759	0.0472235	0.0134417	0.0425976	0.0589781	0.0291141	0.0101896	0.021835	0.10481	0.0965555	0.0898193	0.193734	0.0623592	0.00956242	0.139094	0.663184	3.18816	1	0.7765545
1080000	83.35942	-50.44832	133.8077	0.05	1.243405	0.147064	0.280894	0.00701282	0.0686542	0.018716	0.00825442	0.00677912	0.0446747	0.0678139	0.181003	0.43564	0.0461209	0.0155739	0.182831	0.539413	1.03098	2.24678	1	1.328199
1081000	86.03463	-54.09265	140.1273	0.05	1.078121	0.036767	0.0970895	0.0446527	0.0843171	0.0707207	0.00839991	0.0045782	0.018556	0.0284231	0.00190734	0.262496	0.0263927	0.0364755	0.152272	0.499036	1.01183	2.33686	1	0.7207761
1082000	77.15685	-58.98454	136.1414	0.05	1.651688	0.105343	0.0409338	0.0192014	0.0251742	0.0811259	0.0927247	0.137134	0.00121481	0.0868489	0.0412452	0.23099	0.161062	0.055555	0.247833	0.612001	1.05821	2.08195	1	1.078552
1083000	88.42909	-49.28063	137.7097	0.05	1.687226	0.0175422	0.0633471	0.0798649	0.0275244	0.00181999	0.00295173	0.0537358	0.00570963	0.143673	0.0423881	0.102368	0.302367	0.0464791	0.252851	0.617018	1.05976	2.07037	1	0.8897713
1084000	81.85255	-52.53289	134.3854	0.05	1.388416	0.14164	0.103223	0.0162853	0.0391477	0.0344136	0.0611501	0.00882094	0.0715281	0.0429262	0.103328	0.00939941	0.261491	0.368503	0.207559	0.568864	1.04314	2.18044	1	1.261856
1085000	79.97661	-53.59597	133.5726	0.05	1.621073	0.347492	0.0588362	0.018017	0.0325882	0.0496185	0.0199833	0.034141	0.0227945	0.314508	0.176848	0.0119354	0.0717239	0.153749	0.243434	0.607542	1.05681	2.09222	1	1.312234
1086000	83.17529	-55.84771	139.023	0.05	0.3396374	0.0113024	0.0867149	0.0373665	0.00219741	0.0902675	0.00780067	1.00012e-05	0.0437144	0.0563158	0.14793	0.198542	0.013574	0.193774	0.00905388	0.135479	0.656742	3.19872	1	0.8895102
1087000	70.0052	-58.53091	128.5361	0.05	1.486703	0.0139429	0.147995	0.17259	0.00727421	0.0259303	0.20107	0.021367	0.249232	0.378645	0.0446764	0.191831	0.180622	0.224922	0.223261	0.586328	1.04963	2.14078	1	1.860099
1088000	85.19745	-52.98145	138.1789	0.05	0.4078166	0.0175327	0.0749906	0.0317102	0.0217132	0.00198828	0.0434896	0.00465853	0.00400374	0.403114	0.0602749	0.162823	0.0505316	0.105364	0.0178581	0.187571	0.739602	3.05497	1	0.9821936
1089000	92.28966	-48.80961	141.0993	0.05	1.53955	0.0436607	0.0881774	0.000932953	0.00691794	0.0355226	0.00898847	0.00439316	0.0168461	0.172046	0.0549949	0.0450418	0.0440391	0.0422664	0.231368	0.59501	1.05266	2.12096	1	0.5638279
1090000	87.4247	-50.04999	137.4747	0.05	2.478375	0.0463186	0.0216858	0.0147371	0.0843575	0.0326829	0.0415816	0.0166314	0.00724357	0.0324038	0.0665234	0.0157628	0.342161	0.104222	0.344397	0.697834	1.07838	1.87939	1	0.826311
1091000	88.85145	-50.12087	138.9723	0.05	2.332636	0.013751	0.0317813	0.029922	0.0169323	0.012829	0.00591968	0.000681695	0.00857598	0.0204429	0.166363	0.241936	0.0434935	0.134647	0.329992	0.686288	1.07645	1.90727	1	0.7272744
1092000	82.82798	-52.21582	135.0438	0.05	0.9813296	0.094573	0.0231266	0.0073072	0.144638	0.00365978	0.0549628	0.0120223	0.0295488	0.131856	0.145351	0.0308498	0.36206	0.207365	0.133214	0.471067	0.996836	2.39888	1	1.24732
1093000	79.87053	-54.27098	134.1415	0.05	1.285029	0.196425	0.0448536	0.0393655	0.141282	0.00914432	0.0521401	0.00614777	0.0178392	0.057121	0.0330079	0.250919	0.124399	0.298666	0.190125	0.548369	1.03484	2.22667	1	1.27131
1094000	83.14647	-52.59698	135.7434	0.05	2.571615	0.037137	0.0261852	0.121017	0.0145115	0.0161274	0.068495	0.084669	0.0633799	0.279108	0.0559423	0.106029	0.056662	0.0647847	0.353143	0.704663	1.0794	1.8628	1	0.994047
1095000	78.5989	-55.78859	134.3875	0.05	2.059716	0.000402245	0.0917228	0.0276592	0.132484	0.154712	0.0231828	0.00886821	0.0214826	0.47956	0.00790087	0.10682	0.0346868	0.0871977	0.3003	0.661217	1.07141	1.96707	1	1.176679
1096000	82.16411	-52.52933	134.6934	0.05	0.6896453	0.0465651	0.00798757	0.0525449	0.00883801	0.000480727	0.00459526	0.0301312	0.00113754	0.0427213	0.424223	0.234248	0.196814	0.229873	0.071978	0.358603	0.92097	2.64845	1	1.280161
1097000	81.03637	-51.52161	132.558	0.05	1.130343	0.0210396	0.216292	0.0997404	0.0872267	0.0156179	0.0220629	0.0318605	0.0795259	0.671139	0.0308065	0.0734319	0.0425782	0.0623762	0.162203	0.512706	1.01864	2.30645	1	1.453698
1098000	86.11472	-50.64325	136.758	0.05	1.292535	0.126521	0.0128886	0.0679368	0.0557307	0.0271028	0.0353009	0.0185941	0.0170697	0.0411326	0.0868371	0.111928	0.328605	0.0931668	0.191423	0.549939	1.0355	2.22314	1	1.022814
1099000	86.9724	-49.73394	136.7063	0.05	1.432805	0.0916897	0.00500092	0.0246227	0.0616824	0.0147053	0.0203007	0.0232405	0.00634471	0.0868441	0.161701	0.149941	0.288151	0.0885917	0.214753	0.576976	1.04622	2.16205	1	1.022816
1100000	82.38567	-55.95579	138.3415	0.05	1.668623	0.048848	0.0663962	0.0267092	0.0783278	0.000503157	0.0686119	0.00303556	0.0665381	0.0531801	0.195245	0.0451263	0.139364	0.0525334	0.250236	0.614413	1.05896	2.07639	1	0.8444187
1101000	84.9522	-53.27984	138.232	0.05	3.678604	0.0343006	0.0381349	0.0512174	0.102866	0.0816453	0.0234864	0.00219796	0.020807	0.0285551	0.0443653	0.0145006	0.216618	0.0197667	0.435785	0.763306	1.0843	1.71661	1	0.6784613
1102000	86.19542	-51.34828	137.5437	0.05	1.571644	0.108494	0.064597	0.0204442	0.13415	0.0128711	0.00353756	0.0185537	0.0079659	0.108193	0.0260125	0.293026	0.0579942	0.0765117	0.236181	0.600063	1.05437	2.10939	1	0.9323503
1103000	89.06344	-51.78578	140.8492	0.05	0.8984361	0.0155455	0.0196231	0.0270629	0.016834	0.00796847	0.0644785	0.0230993	0.00293671	0.0281907	0.158475	0.0471024	0.116033	0.213104	0.11627	0.443942	0.980898	2.45889	1	0.7404536
1104000	77.56961	-54.68712	132.2567	0.05	6.724498	0.0357492	0.0539416	0.0642428	0.0596564	0.0077884	0.140969	0.0144361	0.0768849	0.0187374	0.0540867	0.161522	0.290034	0.0117517	0.56101	0.836263	1.0796	1.52313	1	0.9898005
1105000	83.81658	-55.77399	139.5906	0.05	1.808181	0.0321806	0.0148816	0.0412149	0.0449605	0.045701	0.0120795	0.0144859	0.0860774	0.200819	0.0633175	0.0729108	0.00192205	0.0915021	0.26925	0.632932	1.06436	2.03346	1	0.722053
1106000	82.63297	-53.47803	136.111	0.05	2.003	0.0923524	0.00265483	0.0197506	0.0257521	0.0204098	0.159707	0.00068744	0.0514222	0.0245948	0.0150334	0.120884	0.504244	0.0167312	0.293633	0.655332	1.07006	1.98097	1	1.054224
1107000	82.34428	-53.62683	135.9711	0.05	1.489165	0.168727	0.0416984	0.00250756	0.0437922	0.0371736	0.00795643	0.00454127	0.0429274	0.409749	0.101943	0.0114462	0.110819	0.0943207	0.223644	0.586743	1.04978	2.13983	1	1.077602
1108000	82.12648	-54.10779	136.2343	0.05	2.350737	0.0148186	0.0291084	0.0581586	0.0204036	0.046523	0.0755894	0.105366	0.0702185	0.158267	0.108829	0.0559	0.212901	0.035311	0.331832	0.687784	1.07672	1.90367	1	0.9913935
1109000	86.90073	-52.43714	139.3379	0.05	1.17278	0.0042038	0.0378653	0.0386455	0.010139	0.0413584	0.0302631	0.0577967	0.0116052	0.266202	0.108344	0.0705608	0.0756465	0.0481725	0.170086	0.523166	1.02362	2.28313	1	0.800803
1110000	79.50212	-55.7657	135.2678	0.05	0.7309798	0.0182583	0.0231821	0.0936043	0.0740921	0.0312282	0.0121751	0.000312025	0.151548	0.564562	0.0337614	0.0478954	0.186496	0.00238497	0.080814	0.377788	0.935829	2.60557	1	1.2395
1111000	83.13479	-53.13438	136.2692	0.05	1.012826	0.0814131	0.0409481	0.0547295	0.0834054	0.110344	0.0286004	0.020307	0.0314181	0.0399722	0.297595	0.00159417	0.255056	0.063965	0.139506	0.480573	1.00209	2.37783	1	1.109348
1112000	79.07333	-54.73158	133.8049	0.05	1.781775	0.146675	0.0197539	0.0504594	0.0252417	0.0747237	0.0195257	0.0533111	0.0200987	0.462343	0.158412	0.145638	0.0952631	0.0237377	0.265757	0.629602	1.06343	2.04121	1	1.295183
1113000	86.17588	-53.15661	139.3325	0.05	1.004374	0.0441506	0.0575004	0.0762743	0.117948	0.00315235	0.0485459	0.0296989	0.000899898	0.278381	0.113108	0.011279	0.0265817	0.0141861	0.137826	0.478063	1.00072	2.38339	1	0.8217058
1114000	72.12058	-57.67846	129.799	0.05	3.084209	0.0813179	0.410663	0.226282	0.0629875	0.0751037	0.00411771	0.0418884	0.0353209	0.573766	0.000529673	0.0125927	0.044693	0.00599094	0.395673	0.736086	1.0829	1.78534	1	1.575253
1115000	77.23546	-59.03692	136.2724	0.05	0.9942263	0.0159297	0.021185	0.397954	0.0460089	0.00344652	0.00383279	0.0733321	0.0141933	0.107943	0.0727785	0.0250568	0.306271	0.0244565	0.1358	0.47501	0.999037	2.39015	1	1.112388
1116000	82.73349	-54.32893	137.0624	0.05	2.073064	0.0706821	0.0742522	0.0646714	0.0532613	0.0481159	0.0251775	0.0220816	0.0160119	0.0365714	0.299451	0.0228579	0.136048	0.0480675	0.301843	0.662565	1.07171	1.96388	1	0.9172496
1117000	84.54844	-52.56794	137.1164	0.05	0.8039332	0.158356	0.0505934	0.0294171	0.0115596	0.0112287	0.00714563	0.0273412	0.0206654	0.02959	0.0927235	0.186767	0.0697801	0.337739	0.0963954	0.408713	0.958039	2.53685	1	1.032906
1118000	79.97741	-57.76117	137.7386	0.05	0.2593571	0.0310056	0.0228063	0.127255	0.109494	0.106376	0.000962109	0.00911028	0.0447557	0.0594434	0.0501716	0.0115754	0.00499423	0.446778	0.00257683	0.0735258	0.520807	3.40309	1	1.024727
1119000	93.08025	-47.38707	140.4673	0.05	0.7069052	0.0712821	0.0281811	0.00518995	0.050815	0.00337339	0.0054538	0.0326287	0.00606717	0.3465	0.0273674	0.0604407	0.0299918	0.0545896	0.0756638	0.36677	0.927401	2.63017	1	0.7218809
1120000	82.58766	-56.67249	139.2602	0.05	0.3269985	0.0808481	0.0205979	0.0654911	0.0492082	0.00208601	0.0665472	0.0196953	0.0263768	0.118707	0.172725	0.134966	0.131789	0.000165211	0.00773899	0.125595	0.638478	3.22819	1	0.8892037
1121000	79.16549	-54.80134	133.9668	0.05	0.5389904	0.0964597	0.00855743	0.00191438	0.129335	0.0724454	0.0248333	0.00194541	0.0672291	0.0700549	0.0986647	0.29509	0.295688	0.261052	0.0408225	0.27661	0.846689	2.83588	1	1.423269
1122000	85.0068	-52.6318	137.6386	0.05	1.332993	0.110974	0.0519235	0.0478684	0.0953475	0.0229936	0.00692242	0.0267845	0.0399736	0.0458559	0.291898	0.117008	0.045661	0.0425048	0.198333	0.558172	1.0389	2.2046	1	0.9457153
1123000	80.99742	-52.68121	133.6786	0.05	0.397978	0.0253669	0.0648579	0.0620005	0.0731198	0.0435637	0.0209296	0.0147511	0.0145076	0.0705442	0.526868	0.173439	0.0374929	0.311271	0.0164238	0.180244	0.729083	3.07425	1	1.438712
1124000	82.36315	-51.46683	133.83	0.05	3.198909	0.110016	0.0724425	0.0338915	0.064316	0.126894	0.0336412	0.0120822	0.0139583	0.103688	0.0196593	0.37893	0.1357	0.0333618	0.404088	0.741979	1.08334	1.7706	1	1.13858
1125000	82.48454	-55.84645	138.331	0.05	0.48697	0.0229571	0.0180655	0.194992	0.010458	0.115708	0.0335018	0.0251211	0.0215847	0.0274783	0.0122272	0.178265	0.0695111	0.251896	0.0309988	0.243324	0.810551	2.91513	1	0.9817658
1126000	81.70629	-53.97865	135.6849	0.05	2.170604	0.151063	0.0142165	0.0389466	0.0269251	0.0693113	0.043401	0.0684646	0.0625823	0.0543987	0.265016	0.237353	0.0449914	0.000290157	0.312823	0.67201	1.07373	1.94144	1	1.07696
1127000	77.10724	-59.43955	136.5468	0.05	1.897176	0.0835836	0.0462758	0.00676265	0.0523208	0.00569905	0.26532	0.0295116	0.068938	0.0439048	0.171275	0.0370734	0.100386	0.0885603	0.280684	0.643614	1.06719	2.00851	1	0.9996118
1128000	84.37984	-52.19675	136.5766	0.05	2.623157	0.123623	0.0277662	0.000107501	0.155573	0.00033413	0.087512	0.028384	0.0279759	0.0167124	0.335065	0.0679645	0.0348945	0.0041997	0.35783	0.708269	1.0799	1.854	1	0.9101114
1129000	73.25422	-60.77167	134.0259	0.05	1.041179	0.111733	0.019044	0.043054	0.154333	0.0319587	0.0739112	0.0284735	0.143356	0.0715678	0.28344	0.0626278	0.232477	0.0792675	0.145096	0.488789	1.0065	2.35961	1	1.335244
1130000	78.45321	-51.72691	130.1801	0.05	5.808254	1.49202e-05	0.084905	0.00388679	0.127332	0.0795754	0.0582037	0.0935029	0.0229348	0.441508	0.0415342	0.154662	0.0403247	0.10204	0.532538	0.821068	1.08168	1.56471	1	1.250424
1131000	82.73334	-53.58252	136.3159	0.05	0.2852936	0.0365301	0.00825043	0.0090383	0.0698605	0.079181	0.00390373	0.0607894	0.00236571	0.107352	0.459913	0.295326	0.0105695	0.0239465	0.00417835	0.093115	0.570258	3.33245	1	1.167027
1132000	84.21674	-55.1961	139.4128	0.05	1.810269	0.00100493	0.0490719	0.0279804	0.008004	0.024525	0.00665172	0.0290725	0.00428437	0.0495573	0.35016	0.00791536	0.132226	0.0396893	0.269524	0.633192	1.06443	2.03286	1	0.7301425
1133000	86.61604	-47.93689	134.5529	0.05	1.619188	0.0666664	0.0474957	0.0325335	0.0194466	0.00680601	0.024803	0.0155124	0.0195826	0.054313	0.163324	0.0420472	0.678252	0.0396789	0.243161	0.607264	1.05672	2.09286	1	1.210461
1134000	78.62964	-56.51826	135.1479	0.05	1.494115	0.082321	0.0157513	0.0271178	0.0531771	0.0160304	0.204352	0.0691703	0.0181485	0.342079	0.0170707	0.0915587	0.230462	0.000467082	0.224412	0.587574	1.05007	2.13794	1	1.167707
1135000	82.96076	-57.40313	140.3639	0.05	0.1237966	0.00153628	0.0704122	0.00749584	0.0287034	0.0868792	0.0214119	0.0851071	0.0340711	0.122664	0.0500595	0.157043	0.0531828	0.0812194	7.53511e-06	0.00406848	0.162294	3.83363	1	0.7997853
1136000	75.94859	-52.31262	128.2612	0.05	1.348171	0.0038883	0.167681	0.00219775	0.0339793	0.0492381	0.0518657	0.0380012	0.00601959	0.172413	0.113638	0.736736	0.238812	0.256948	0.200887	0.561166	1.0401	2.19784	1	1.871417
1137000	84.90893	-53.25912	138.168	0.05	1.926012	0.00373499	0.0405744	0.0524327	0.108215	0.0634089	0.0194929	0.0197662	0.00125999	0.0894604	0.00768484	0.294451	0.0412897	0.0733916	0.28428	0.646908	1.06802	2.00079	1	0.8151629
1138000	83.06853	-52.02973	135.0983	0.05	1.664906	0.0487764	0.0487717	0.0854044	0.0179547	0.0138093	0.142907	0.0583757	0.0477989	0.427695	0.103848	0.0464753	0.0415252	0.0761958	0.24971	0.613886	1.0588	2.07761	1	1.159537
1139000	84.67909	-52.96739	137.6465	0.05	1.201969	0.0631468	0.106925	0.0180049	0.242974	0.018668	0.0397429	0.00109194	0.0132832	0.000260621	0.257786	0.0514142	0.11548	0.0195031	0.17541	0.530049	1.0268	2.26775	1	0.9482803
1140000	83.51111	-53.83415	137.3453	0.05	2.339312	0.0921285	0.024385	0.0444559	0.0341889	0.0455056	0.0521556	0.00310272	0.0376548	0.0195379	0.104133	0.0392538	0.24803	0.108365	0.330673	0.686842	1.07655	1.90593	1	0.8528966
1141000	82.12454	-51.38148	133.506	0.05	2.566949	0.0293504	0.0682048	0.0154527	0.00018515	0.0621663	0.0758049	0.0922919	0.0209028	0.108351	0.439045	0.150507	0.0980621	0.0715479	0.352713	0.704331	1.07935	1.86361	1	1.231872
1142000	83.6476	-53.06734	136.7149	0.05	0.7548031	0.0647591	0.0431346	0.0640654	0.0488629	0.0145105	0.111256	0.00686567	0.0222581	0.102597	0.336264	0.174131	0.0294653	0.0522992	0.0859121	0.38828	0.943599	2.58221	1	1.070468
1143000	82.21854	-54.72099	136.9395	0.05	2.601615	0.053575	0.0178303	0.08107	0.0672812	0.00328283	0.0817353	0.0449261	0.0520484	0.064478	0.0287461	0.322219	0.0433645	0.0200354	0.355884	0.706776	1.07969	1.85765	1	0.8805922
1144000	86.7512	-53.09238	139.8436	0.05	1.25453	0.0456685	0.136185	0.0655647	0.00675181	0.0252771	0.000319787	0.0245876	0.00867404	0.0681186	0.0177575	0.233046	0.0374197	0.0551401	0.184796	0.54185	1.03204	2.24131	1	0.72451
1145000	87.22825	-51.19234	138.4206	0.05	0.5776266	0.0384349	0.061274	0.00594064	0.00298358	0.0397725	0.000364571	0.0288647	0.00911179	0.0130489	0.0872791	0.23288	0.410649	0.00872563	0.0485288	0.299605	0.869461	2.78241	1	0.9393288
1146000	84.5432	-52.54335	137.0866	0.05	1.139684	0.00610892	0.0922779	0.0632425	0.024675	0.0899122	0.00815678	0.00992251	0.0748531	0.0663216	0.0954595	0.0643874	0.296185	0.123159	0.163952	0.515056	1.01977	2.30122	1	1.014661
1147000	81.85577	-53.79999	135.6558	0.05	1.917983	0.0126027	0.117766	0.018546	0.0770431	0.0916538	0.0492141	0.0157219	0.0316448	0.233222	0.130038	0.0284844	0.232331	0.0502923	0.283284	0.645999	1.06779	2.00292	1	1.08856
1148000	81.02081	-57.19672	138.2175	0.05	1.320274	0.0132464	0.00237628	0.0345391	0.0738983	0.0215624	0.0696751	0.0487439	0.0380329	0.164233	0.14596	0.250919	0.0310691	0.0830698	0.196177	0.555624	1.03786	2.21034	1	0.9773248
1149000	85.14992	-50.53758	135.6875	0.05	3.318226	0.0118572	0.059366	0.0757885	0.00040354	0.0611901	0.0130867	0.00696236	0.00342239	0.157739	0.0327928	0.34063	0.143675	0.0194909	0.412475	0.747753	1.08369	1.75608	1	0.9264043
1150000	85.34043	-50.12549	135.4659	0.05	1.859973	0.0171504	0.122251	0.040858	0.0140476	0.0126107	0.0214894	0.0263992	0.0320186	0.331125	0.257111	0.0609357	0.0973384	0.0760055	0.275966	0.639246	1.06606	2.01873	1	1.10934
1151000	75.84071	-55.40962	131.2503	0.05	1.479037	0.24493	0.142798	0.00367432	0.144376	0.0326096	0.0133993	0.0436047	0.0160118	0.371183	0.021775	0.154116	0.263531	0.0903989	0.222066	0.58503	1.04917	2.14374	1	1.542408
1152000	91.15145	-48.40715	139.5586	0.05	1.17481	0.0549751	0.00222011	0.00800323	0.0772645	0.00880355	0.0222348	0.0596517	0.000145376	0.0383768	0.108099	0.264233	0.0466274	0.0466197	0.170459	0.523653	1.02385	2.28204	1	0.7372539
1153000	84.65246	-52.67321	137.3257	0.05	0.2901268	0.0194093	0.073148	0.0272128	0.00525134	0.0441547	0.0469772	0.0280683	0.0292816	0.109268	0.360344	0.0412557	0.0745604	0.195291	0.00452865	0.0968397	0.578843	3.31979	1	1.054223
1154000	85.47737	-51.68965	137.167	0.05	0.3635542	0.0416828	0.0260931	0.0753446	0.012718	0.0158977	0.0140467	0.113467	0.0138665	0.00606475	0.0519297	0.534383	0.172619	0.0281628	0.0118266	0.154055	0.688626	3.14549	1	1.106276
1155000	89.97648	-52.86277	142.8392	0.05	1.4292	0.00896381	0.00826701	0.0303141	0.0476891	0.0179628	0.00329369	0.0234061	0.00493441	0.00619704	0.19681	0.0205089	0.00368391	0.0470396	0.214175	0.576331	1.04598	2.16352	1	0.4190707
1156000	88.20556	-50.97104	139.1766	0.05	1.870553	0.0119451	0.0664744	0.0449856	0.0650089	0.0177662	0.00847762	0.00773994	0.0287932	0.0506895	0.0581476	0.176456	0.0773141	0.155777	0.277317	0.640503	1.06639	2.0158	1	0.7695746
1157000	79.96058	-54.68858	134.6492	0.05	1.948484	0.0778995	0.0263476	0.0455668	0.0654458	0.128534	0.0865662	0.021218	0.0378738	0.0772736	0.111174	0.0521866	0.419618	0.0377409	0.287047	0.649421	1.06865	1.99489	1	1.187445
1158000	75.08495	-55.64552	130.7305	0.05	4.47178	0.0280589	0.0672031	0.00517729	0.265392	0.0764756	0.00128691	0.0137008	0.0672709	0.101257	0.217446	0.278235	0.158033	0.0299949	0.47854	0.790091	1.08408	1.64729	1	1.30953
1159000	80.52513	-52.60557	133.1307	0.05	3.188821	0.332942	0.240324	0.085753	0.0404191	0.00668637	0.0423792	0.00689411	0.00358247	0.116386	0.0769348	0.00735962	0.255145	0.0277931	0.403362	0.741474	1.0833	1.77186	1	1.242599
1160000	78.03017	-59.06198	137.0922	0.05	1.068866	0.0879033	0.0462513	0.043496	0.299689	0.0200653	0.0239693	0.028322	0.0326127	0.0409135	0.0135759	0.013922	0.294249	0.0955057	0.150486	0.496516	1.01054	2.34246	1	1.040474
1161000	85.10397	-53.97327	139.0772	0.05	0.2970978	0.0198181	0.0298151	0.000310501	0.0739854	0.0595604	0.070124	0.0487952	0.00786901	0.210999	0.00192264	0.211841	0.00583224	0.1833	0.00506284	0.102239	0.590897	3.3018	1	0.9241724
1162000	87.12239	-49.55131	136.6737	0.05	1.912254	0.143055	0.0418124	0.0461556	0.0626586	0.0136268	0.0379126	0.0277803	0.0353614	0.0461284	0.0550089	0.0481258	0.421636	0.0223456	0.282571	0.645346	1.06763	2.00445	1	1.001607
1163000	80.24135	-54.44498	134.6863	0.05	0.6938955	0.0191566	0.0365153	0.0276161	0.0126186	0.0841649	0.0531356	0.0107335	0.0257613	0.156713	0.386017	0.251591	0.118023	0.170916	0.0728848	0.360636	0.922585	2.64389	1	1.352962
1164000	70.87432	-55.69356	126.5679	0.05	0.6390807	0.0362182	0.0158647	0.148369	0.0589283	0.0409956	0.0711601	0.0689492	0.120167	0.0407592	0.628348	0.0536143	0.739383	0.111849	0.0612556	0.333311	0.900018	2.70541	1	2.134605
1165000	87.45644	-50.13129	137.5877	0.05	0.8414188	0.128286	0.0631829	0.00237514	0.0977243	0.0177258	0.0799156	0.00503102	0.010806	0.0536584	0.0568854	0.366291	0.0770996	0.0429431	0.104337	0.42329	0.967802	2.50457	1	1.001925
1166000	80.29487	-55.37732	135.6722	0.05	3.746179	0.0329715	0.170902	0.0156186	0.0727708	0.00343543	0.0114113	0.0173237	0.0116397	0.363597	0.0501128	0.0788265	0.0304446	0.03725	0.439851	0.765948	1.08435	1.70985	1	0.8963039
1167000	79.50273	-55.11496	134.6177	0.05	2.605356	0.0116885	0.139264	0.0512476	0.0593168	0.000601022	0.025528	0.163612	0.0103264	0.00242238	0.166588	0.388191	0.0661999	0.0390417	0.356223	0.707037	1.07973	1.85701	1	1.124027
1168000	76.24589	-52.99264	129.2385	0.05	2.504947	0.00738628	0.103965	0.0971595	0.0170129	0.0066118	0.00920674	0.130027	0.0960522	0.0348522	0.218099	0.124853	0.0679914	0.731401	0.346925	0.699822	1.07868	1.87457	1	1.644619
1169000	79.73332	-56.02292	135.7562	0.05	0.7343087	0.058225	0.145737	0.0322819	0.219952	0.0510168	0.0278688	0.0941106	0.012084	0.265658	0.00949523	0.0340778	0.0376774	0.177326	0.0815265	0.379278	0.936948	2.60225	1	1.16551
1170000	85.7341	-52.56589	138.3	0.05	0.9642444	0.0562441	0.0101394	0.0239947	0.0896177	0.0237091	0.0143518	0.0127418	0.0476501	0.0906091	0.261663	0.0686411	0.175539	0.0446734	0.129766	0.465734	0.993813	2.41069	1	0.9195749
1171000	79.79793	-56.99463	136.7926	0.05	1.374268	0.0863319	0.0136616	0.0154266	0.00901553	0.00835379	0.0303597	0.0684871	0.224052	0.33732	0.0132426	0.024379	0.0159933	0.155563	0.20523	0.566196	1.0421	2.18648	1	1.002187
1172000	87.97171	-50.67849	138.6502	0.05	0.6722509	0.0145262	0.0839838	0.00668612	0.0251462	0.0686374	0.00888251	0.00275212	0.060148	0.0801687	0.0577638	0.023074	0.424487	0.0278875	0.0682737	0.350138	0.914135	2.66745	1	0.8841432
1173000	79.54268	-57.85123	137.3939	0.05	1.788255	0.043892	0.0608796	0.0183956	0.295037	0.0050433	0.00403022	0.0959782	0.00316073	0.0876721	0.0824819	0.149329	0.0347172	0.0170012	0.266618	0.630427	1.06366	2.03929	1	0.8976179
1174000	64.62644	-67.01326	131.6397	0.05	1.327405	0.184933	0.0433905	0.116599	0.0877368	0.0956767	0.0776071	0.225868	0.291789	0.0645438	0.14951	0.0529331	0.153274	0.0165492	0.197387	0.557057	1.03844	2.20711	1	1.56041
1175000	87.71582	-53.29425	141.0101	0.05	0.9917042	0.021552	0.121395	0.020056	0.0478389	0.00508402	0.00408534	0.00495527	0.0242179	0.251152	0.0533653	0.0150972	0.041291	0.0457357	0.135296	0.474244	0.998612	2.39185	1	0.6558252
1176000	83.97571	-54.24892	138.2246	0.05	1.005072	0.0809901	0.0429641	0.0471843	0.0360902	0.02773	0.0550245	0.0143893	0.125659	0.119086	0.217833	0.0978467	0.0468705	0.0124834	0.137965	0.478271	1.00084	2.38293	1	0.9241499
1177000	89.17653	-50.89287	140.0694	0.05	0.4617059	0.00454941	0.0475107	0.0799152	0.0230623	0.00931354	0.0203827	0.0102434	0.0571724	0.0539456	0.0232775	0.0221696	0.295017	0.117408	0.0265291	0.226183	0.790272	2.95702	1	0.7639678
1178000	86.43409	-53.03047	139.4646	0.05	0.7126337	0.0902435	0.00548591	0.0835874	0.108285	0.00689348	0.0300572	0.00227986	0.0149838	0.0307649	0.0752332	0.183366	0.0248848	0.156134	0.0768886	0.369431	0.929462	2.62422	1	0.8121989
1179000	85.69179	-52.97415	138.6659	0.05	0.9821742	0.00479875	0.0834048	0.0318292	0.0445927	0.0417852	0.0472571	0.0649821	0.0618876	0.0894696	0.036978	0.00141649	0.22186	0.149301	0.133384	0.471327	0.996982	2.39831	1	0.879563
1180000	79.16456	-54.92899	134.0936	0.05	5.064534	0.088214	0.0791326	0.058265	0.0879933	0.00199443	0.0264759	0.0313522	0.154993	0.0129515	0.0536905	0.0188534	0.0702021	0.235119	0.504736	0.80549	1.08319	1.60659	1	0.9192372
1181000	73.26034	-56.26005	129.5204	0.05	1.743913	0.363662	0.00641524	0.070875	0.0146407	0.000710166	0.136787	0.0596429	0.0170318	0.0778536	0.492499	0.151593	0.0837266	0.247949	0.260664	0.624691	1.06203	2.05262	1	1.723385
1182000	71.30323	-51.17709	122.4803	0.05	1.765973	0.144056	0.00339862	0.00150239	0.0424194	0.00883545	0.0417358	0.00895854	0.0388228	1.90545	0.00653679	0.168118	0.0481836	0.00970011	0.263643	0.627572	1.06286	2.04593	1	2.427717
1183000	79.88927	-57.49342	137.3827	0.05	1.781853	0.0527699	0.0204177	0.0101828	0.184168	0.0418885	0.175336	0.030554	0.0174397	0.115282	0.0321059	0.0329138	0.218725	0.0472585	0.265767	0.629612	1.06343	2.04119	1	0.9790433
1184000	74.50259	-55.32428	129.8269	0.05	0.5995809	0.236861	0.0354385	0.0813714	0.37182	0.0335638	0.0193608	0.0237001	0.0617738	0.140992	0.0610872	0.449176	0.00780758	0.262665	0.0530216	0.312039	0.881105	2.75383	1	1.785617
1185000	87.64172	-50.45055	138.0923	0.05	1.054593	0.0585427	0.00526095	0.077354	0.0491775	0.0506483	0.0169717	0.00632612	0.00299959	0.14527	0.247458	0.0626584	0.022035	0.174323	0.147716	0.492568	1.00849	2.35123	1	0.9190253
1186000	85.70458	-52.18928	137.8939	0.05	1.555409	0.059669	0.0123504	0.207453	0.0399626	0.0257767	0.00668519	0.0311854	0.0629921	0.0791398	0.0612176	0.285547	0.028295	0.00589022	0.233756	0.597527	1.05352	2.1152	1	0.9061635
1187000	86.04925	-51.54215	137.5914	0.05	3.105576	0.00945378	0.0525224	0.0577893	0.0415011	0.097535	0.0157612	0.0192624	0.00390441	0.292905	0.0892117	0.0219545	0.0176975	0.0653862	0.397268	0.737211	1.08299	1.78253	1	0.7848848
1188000	78.57984	-56.08992	134.6698	0.05	1.559073	0.0346778	0.152683	0.128966	0.0541365	0.00882827	0.0218672	0.0222571	0.0647111	0.11137	0.181495	0.102989	0.208531	0.141193	0.234305	0.598103	1.05371	2.11388	1	1.233706
1189000	78.30869	-58.37405	136.6827	0.05	1.270249	0.0104245	0.0580063	0.220514	0.0102107	0.0167929	0.00922343	0.0486598	0.0581792	0.0215834	0.0352581	0.0807661	0.0635661	0.426311	0.187553	0.545239	1.0335	2.2337	1	1.059495
1190000	84.40324	-53.48456	137.8878	0.05	1.239653	0.0551943	0.0490832	0.0139182	0.0451104	0.0232796	0.0453374	0.0400971	0.0915498	0.0669556	0.0508001	0.0911559	0.341617	0.0194512	0.182165	0.538584	1.03061	2.24864	1	0.9335499
1191000	82.60119	-52.87349	135.4747	0.05	0.8818292	0.0809986	0.00488764	0.0263136	0.00846153	0.0217095	0.203464	0.0241499	0.00456248	0.0397673	0.598431	0.0739342	0.048381	0.0637133	0.112815	0.438106	0.977283	2.4718	1	1.198775
1192000	87.5199	-51.78663	139.3065	0.05	0.7215054	0.0377375	0.0601811	0.0305146	0.0212964	0.0043336	0.00167177	0.017294	0.0585291	0.0662916	0.122789	0.310874	0.0415527	0.0583911	0.0787865	0.373503	0.932584	2.61513	1	0.8314558
1193000	81.9623	-54.05024	136.0125	0.05	1.659008	0.013949	0.0515969	0.160891	0.0992287	0.0203975	0.0104	0.0279307	0.00515405	0.0445674	0.0399002	0.511716	0.0105362	0.0811504	0.248874	0.613048	1.05854	2.07954	1	1.077419
1194000	76.6399	-55.68806	132.328	0.05	1.549783	0.294166	0.0488349	0.0830513	0.0716093	0.00776661	0.0415121	0.011611	0.113915	0.00661883	0.555992	0.118601	0.055758	0.0210796	0.232911	0.596638	1.05322	2.11723	1	1.430515
1195000	86.21907	-50.58037	136.7994	0.05	1.535478	0.0367175	0.0366617	0.0192577	0.0625636	0.0449124	0.0103691	0.0319913	0.0233101	0.139444	0.297749	0.164355	0.00716663	0.123355	0.230751	0.594357	1.05244	2.12245	1	0.9978518
1196000	85.01262	-50.69854	135.7112	0.05	3.283035	0.142632	0.0707858	0.0375356	0.00773768	0.00174272	0.027946	0.0153938	0.0167329	0.491591	0.0300559	0.00523954	0.0242098	0.0606532	0.410038	0.746085	1.0836	1.76028	1	0.932256
1197000	86.39966	-51.88611	138.2858	0.05	0.7962163	0.102123	0.0382227	0.040211	0.0805403	0.0260085	0.00454314	0.0534306	0.0477601	0.360677	0.0772354	0.00170268	0.0539811	0.023901	0.0947534	0.405606	0.955901	2.54374	1	0.9103366
1198000	90.49728	-48.73604	139.2333	0.05	1.381961	0.124783	0.0221809	0.0103069	0.0192315	0.000312255	0.0340639	0.0220891	0.00680244	0.0408268	0.133333	0.0190935	0.00135658	0.335567	0.206499	0.567652	1.04267	2.18318	1	0.7699466
1199000	86.63082	-52.24048	138.8713	0.05	0.6162875	0.03845	0.0719293	0.0584575	0.199463	0.0102434	0.00381123	0.00256615	0.00506909	0.168275	0.0514788	0.172268	0.0412391	0.063251	0.0564838	0.321205	0.889406	2.7329	1	0.8865014
1200000	76.16114	-53.59293	129.7541	0.05	1.374613	0.0452098	0.136631	0.142287	0.135256	0.0801389	0.00543882	0.0298015	0.12893	0.222811	0.158418	0.0914012	0.400637	0.138535	0.205287	0.566262	1.04212	2.18633	1	1.715494
1201000	83.51321	-52.66806	136.1813	0.05	4.598329	0.0145022	0.152727	0.0253779	0.0390275	0.0187643	0.0039638	0.0544897	0.0252387	0.117221	0.0312097	0.00551503	0.14831	0.101536	0.484488	0.793652	1.08392	1.63794	1	0.7378826
1202000	68.73517	-57.73567	126.4708	0.05	1.506873	0.0708017	0.0451314	0.0838575	0.194654	0.0646387	0.142394	0.214739	0.145281	0.80432	0.0494513	0.0423222	0.0936845	0.0828926	0.226382	0.589696	1.05082	2.1331	1	2.034168
1203000	87.51905	-50.62873	138.1478	0.05	3.809704	0.0175966	0.0546772	0.00502536	0.156666	0.00632228	0.0033382	0.0133012	0.0593291	0.0388567	0.0583388	0.159378	0.00466381	0.0714574	0.443593	0.76836	1.08438	1.70367	1	0.6489505
1204000	75.43484	-55.95118	131.386	0.05	1.563174	0.055779	0.382423	0.104212	0.0757866	0.0281706	0.0441043	0.0242365	0.0684007	0.125188	0.31969	0.0687845	0.136467	0.0789337	0.234919	0.598745	1.05393	2.11241	1	1.512176
1205000	87.59335	-52.10976	139.7031	0.05	1.543052	0.118665	0.00454098	0.029838	0.0380859	0.00160287	0.00245016	0.0419666	0.0635322	0.0254601	0.144995	0.0903881	0.121464	0.0370745	0.231897	0.595569	1.05285	2.11968	1	0.7200635
1206000	91.20495	-50.02058	141.2255	0.05	0.3434777	0.0133374	0.0214289	0.0259442	0.0204522	0.0587569	0.0170195	0.0111436	0.0116109	0.015348	0.350937	0.0164267	0.0350573	0.0929518	0.00947438	0.138476	0.662091	3.18996	1	0.6904144
1207000	85.58003	-55.78545	141.3655	0.05	0.4691911	0.054186	0.0227375	0.00644305	0.000582722	0.0242475	0.0148084	0.0303747	0.0647475	0.0283083	0.244492	0.0369942	0.0232253	0.0924607	0.0278296	0.231328	0.796488	2.94435	1	0.6436078
1208000	84.22772	-50.88438	135.1121	0.05	2.667728	0.141032	0.0282412	0.0561874	0.0468375	0.0284782	0.0567982	0.026141	0.00397721	0.103561	0.00612827	0.140185	0.40806	0.005321	0.361803	0.711296	1.0803	1.8466	1	1.050948
1209000	69.16843	-60.99489	130.1633	0.05	0.9035827	0.00532692	0.151772	0.0128416	0.111397	0.00833339	0.199412	0.0879556	0.295012	0.0965948	0.439277	0.056047	0.0261531	0.323746	0.117337	0.445721	0.981987	2.45495	1	1.813869
1210000	79.53369	-51.20379	130.7375	0.05	1.826119	0.210866	0.0192548	0.0887619	0.15634	0.0183828	0.06077	0.00583814	0.00630312	0.092719	0.475382	0.304604	0.116662	0.0244875	0.271596	0.635151	1.06496	2.02829	1	1.58037
1211000	85.11277	-51.83756	136.9503	0.05	0.563825	0.017079	0.0483217	0.0468619	0.0295162	0.00742812	0.0158493	0.058474	0.0187162	0.58405	0.0846878	0.0801758	0.0393417	0.0408679	0.0457434	0.291556	0.861678	2.80102	1	1.07137
1212000	72.43932	-55.53929	127.9786	0.05	0.6150841	0.021075	0.191511	0.0460977	0.0576395	0.22877	0.0796593	0.00347399	0.0919435	0.422399	0.0757963	0.604443	0.0370469	0.111199	0.0562333	0.320553	0.888823	2.73439	1	1.971054
1213000	78.5709	-54.54719	133.1181	0.05	1.252288	0.0820436	0.167761	0.0360996	0.118657	0.0219628	0.0776298	0.0435264	0.0234295	0.0292487	0.571475	0.15023	0.0861737	0.000402438	0.184401	0.541361	1.03183	2.24241	1	1.408639
1214000	78.77847	-58.17518	136.9537	0.05	0.4113959	0.0918092	0.0343819	0.103939	0.00557799	0.0499516	0.0434842	0.00648332	0.0147342	0.00829598	0.138815	0.334192	0.113916	0.146575	0.0183922	0.190216	0.743323	3.04807	1	1.092154
1215000	83.51533	-57.87751	141.3928	0.05	0.3377417	0.027581	0.0383096	0.144482	0.051904	0.0308365	6.47707e-05	0.0219694	0.0188295	0.127738	0.000762501	0.0756352	0.0712112	0.0539982	0.00884989	0.133999	0.654068	3.20308	1	0.6633216
1216000	81.65002	-54.81438	136.4644	0.05	0.5298684	0.255223	0.0514794	0.0134815	0.0409144	0.0342436	0.0706773	0.0355346	0.0075962	0.0289935	0.377882	0.0886872	0.0792319	0.0763738	0.0390484	0.270968	0.840841	2.84914	1	1.160318
1217000	85.98807	-51.35337	137.3414	0.05	2.055968	0.147175	0.0157259	0.0390497	0.0449527	0.0148126	0.0056535	0.00414204	0.0318524	0.146648	0.0123284	0.102399	0.161463	0.169747	0.299865	0.660836	1.07133	1.96797	1	0.8959495
1218000	85.05987	-54.92423	139.9841	0.05	0.3365944	0.0587815	0.0497433	0.0729117	0.0605935	0.00575982	0.00186514	0.0147789	0.105085	0.0902773	0.165657	0.138107	0.0176572	0.0376222	0.00872757	0.133102	0.652438	3.20573	1	0.8188396
1219000	83.73793	-50.60415	134.3421	0.05	7.376861	0.0242916	0.0626887	0.000820272	0.0274675	0.0227293	0.0169572	0.00266635	0.0569527	0.0537843	0.0524411	0.0743773	0.210432	0.0603773	0.578327	0.845151	1.07808	1.49845	1	0.6659854
1220000	72.53796	-58.83623	131.3742	0.05	1.051928	0.117597	0.106281	0.227845	0.00390213	0.0222575	0.0648222	0.178893	0.00817733	0.251194	0.164183	0.178007	0.203082	0.0940753	0.147197	0.491822	1.0081	2.35288	1	1.620316
1221000	79.68928	-56.91141	136.6007	0.05	1.676183	0.00130144	0.0459092	0.00197912	0.0278096	0.0587206	0.0826404	0.142717	0.038325	0.0439403	0.0118399	0.0468603	0.0381508	0.473724	0.251301	0.615477	1.05929	2.07393	1	1.013918
1222000	85.25301	-53.40968	138.6627	0.05	1.395863	0.0561184	0.0318804	0.0435011	0.0564449	0.0377761	0.0245997	0.0647656	0.00652162	0.0777106	0.193778	0.0294551	0.193368	0.0134446	0.208778	0.570252	1.04367	2.1773	1	0.8293649
1223000	74.08945	-57.48796	131.5774	0.05	2.060219	0.0618984	0.0294891	0.066598	0.090754	0.0568066	0.052313	0.0516966	0.015736	0.0246236	0.807455	0.164875	0.0365078	0.00463593	0.300359	0.661268	1.07143	1.96695	1	1.463389
1224000	74.01688	-55.15031	129.1672	0.05	1.363829	0.00957089	0.129446	0.10227	0.268167	0.0424383	0.0177388	0.0302643	0.0243139	0.525654	0.109654	0.172189	0.00872995	0.334705	0.2035	0.564201	1.04131	2.19099	1	1.775142
1225000	82.3487	-53.8471	136.1958	0.05	2.723206	0.0985356	0.0615903	0.0104907	0.00401541	0.00780723	0.104824	0.00423282	0.0130167	0.0635637	0.0731327	0.0876239	0.315029	0.0925821	0.366646	0.714952	1.08076	1.83764	1	0.936444
1226000	83.02473	-55.0741	138.0988	0.05	0.6817357	0.0436518	0.166167	0.0700207	0.0433877	0.0419448	0.0264261	0.0457909	0.0467133	0.0390181	0.0644058	0.0144479	0.118577	0.23401	0.070292	0.354784	0.917908	2.65702	1	0.9545606
1227000	77.50021	-54.69244	132.1926	0.05	2.955473	0.0323317	0.0392629	0.0561799	0.0479474	0.0817429	0.0593977	0.0722175	0.064571	0.132515	0.534544	0.0420078	0.076307	0.0800048	0.385788	0.729032	1.08229	1.80289	1	1.31903
1228000	70.95729	-57.8551	128.8124	0.05	1.75694	0.266853	0.0607099	0.134128	0.228042	0.0453837	0.147619	0.00822535	0.198514	0.176657	0.107033	0.150956	0.0497823	0.198061	0.262428	0.626399	1.06252	2.04865	1	1.771963
1229000	81.19482	-54.12572	135.3205	0.05	1.924085	0.000742684	0.0560896	0.0134874	0.0994346	0.0382017	0.0106437	0.0750121	0.195108	0.133761	0.0809117	0.040566	0.236981	0.14894	0.284041	0.64669	1.06797	2.0013	1	1.12988
1230000	78.45174	-52.26456	130.7163	0.05	3.309754	0.127368	0.0306121	0.268465	0.0575477	0.0663873	0.114078	0.0117021	0.0107818	0.115618	0.00522995	0.056682	0.478224	0.0820282	0.411891	0.747354	1.08367	1.75709	1	1.424723
1231000	84.30362	-56.56969	140.8733	0.05	1.11547	0.0284342	0.0172068	0.0099491	0.0376175	0.0235865	0.0571047	0.0290712	0.0712752	0.0265335	0.0224431	0.0683402	0.0148691	0.222234	0.1594	0.508905	1.01678	2.31492	1	0.6286647
1232000	85.77261	-50.50662	136.2792	0.05	0.8356463	0.11716	0.0195004	0.000417656	0.0816887	0.0810646	0.0292636	0.0151167	0.00891453	0.261249	0.20526	0.0597592	0.186758	0.0581413	0.103118	0.421099	0.966363	2.50942	1	1.124294
1233000	87.21752	-51.31644	138.534	0.05	0.5922476	0.0417721	0.0345979	0.103949	0.0323558	0.00619149	0.0349225	0.0555522	0.00749455	0.486942	0.0270797	0.0593018	0.0129294	0.017876	0.0515132	0.307935	0.877312	2.76324	1	0.9209643
1234000	78.89934	-53.33199	132.2313	0.05	0.7443092	0.0750268	0.0120309	0.0751439	0.064244	0.154757	0.0918066	0.0028841	0.0130282	0.0548164	0.134854	0.0158106	0.553241	0.300707	0.0836668	0.383707	0.940243	2.59238	1	1.54835
1235000	86.88117	-51.04715	137.9283	0.05	0.7891078	0.0686751	0.0925409	0.0587702	0.0878331	0.0165808	0.0126015	0.00112449	0.0204151	0.034117	0.36745	0.0242436	0.0245985	0.158641	0.0932389	0.402711	0.953891	2.55016	1	0.9675921
1236000	88.83552	-48.116	136.9515	0.05	2.550585	0.100417	0.00837371	0.0460749	0.0105226	0.0237546	0.0125386	0.00991025	0.000528749	0.44762	0.0704645	0.00533078	0.0960638	0.0583878	0.351201	0.703158	1.07918	1.86646	1	0.8899874
1237000	81.78228	-54.05396	135.8362	0.05	1.002475	0.0438184	0.0791448	0.0199751	0.211456	0.0770937	0.0592902	0.0186613	0.000307757	0.00966728	0.00158661	0.158907	0.441592	0.0407138	0.137447	0.477494	1.00041	2.38465	1	1.162213
1238000	76.59609	-56.15796	132.754	0.05	1.639274	0.0727702	0.0505122	0.110669	0.0730981	0.178995	0.0414415	0.0216301	0.115455	0.0222601	0.408673	0.217273	0.0697181	0.0395871	0.246058	0.610209	1.05765	2.08608	1	1.422083
1239000	80.07589	-56.30669	136.3826	0.05	2.328667	0.0184942	0.155954	0.0103082	0.00188494	0.100397	0.0113142	0.0361915	0.101966	0.34885	0.00410487	0.1302	0.042188	0.00257561	0.329587	0.685957	1.07639	1.90806	1	0.9644284
1240000	88.3336	-50.87754	139.2111	0.05	1.597167	0.0376748	0.0270885	0.0322023	0.0254159	0.0108263	0.0559982	0.051702	0.0471588	0.0607486	0.040585	0.0574602	0.172236	0.181795	0.23995	0.60397	1.05565	2.10043	1	0.8008921
1241000	71.18052	-61.05543	132.236	0.05	4.91682	0.0868039	0.0476338	0.150317	0.0639166	0.0147803	0.239508	0.11972	0.0628306	0.00102753	0.221759	0.04837	0.0753804	0.0249977	0.498586	0.80194	1.08344	1.61603	1	1.157045
1242000	84.43357	-53.03902	137.4726	0.05	0.6971097	0.12309	0.0360486	0.0637523	0.00807756	0.104469	0.0651584	0.0173734	0.00975372	0.0871288	0.107229	0.222095	0.120624	0.0910444	0.073571	0.362163	0.923793	2.64047	1	1.055844
1243000	86.93197	-51.42149	138.3535	0.05	1.141082	0.0591599	0.00691107	0.0105278	0.104422	0.0398804	0.00634717	0.00495845	0.0620144	0.286889	0.000748042	0.012969	0.206555	0.0874889	0.164214	0.515406	1.01994	2.30044	1	0.888871
1244000	87.66483	-53.68546	141.3503	0.05	0.8896033	0.0125014	0.0633972	0.00336352	0.0453244	0.0331979	0.00424072	0.0432208	0.0100136	0.145596	0.00169976	0.00787582	0.115221	0.119311	0.114435	0.440855	0.978994	2.46571	1	0.6049633
1245000	82.02857	-53.16791	135.1965	0.05	2.565655	0.000210258	0.068775	0.00920695	0.0122849	0.169561	0.0111264	0.0209857	0.0620041	0.0406462	0.129078	0.0131659	0.519092	0.0128291	0.352594	0.704239	1.07934	1.86383	1	1.068965
1246000	87.18031	-52.0956	139.2759	0.05	0.6779482	0.0779271	0.0145756	0.00969796	0.0791869	0.0568678	0.0342243	0.0190342	0.034248	0.217113	0.0591128	0.0697969	0.0576248	0.120444	0.0694856	0.352937	0.916414	2.66116	1	0.8498528
1247000	83.78774	-53.36094	137.1487	0.05	1.056582	0.0709523	0.0156659	0.0174805	0.039409	0.0120104	0.0099013	0.114759	0.0148022	0.208995	0.00289134	0.278485	0.18908	0.039728	0.148103	0.493122	1.00878	2.35	1	1.01416
1248000	70.72223	-61.35255	132.0748	0.05	2.616502	0.0111114	0.0248835	0.136604	0.163134	0.0766372	0.0643064	0.0455216	0.047853	0.0968085	0.413517	0.131792	0.109862	0.0553453	0.357231	0.70781	1.07984	1.85512	1	1.377376
1249000	85.64455	-55.69304	141.3376	0.05	0.4217182	0.0240374	0.0859453	0.0131367	0.0198241	0.0373534	0.0150407	0.0184901	0.0473816	0.141946	0.00603776	0.0751043	0.0594968	0.10414	0.0199682	0.197785	0.753752	3.0285	1	0.6479343
1250000	86.57489	-49.85684	136.4317	0.05	2.65139	0.063966	0.0150259	0.00399148	0.0521412	0.00277793	0.0341912	0.00748198	0.0314068	0.102429	0.496091	0.0144066	0.0913915	0.0133489	0.360355	0.710196	1.08016	1.84929	1	0.9286485
1251000	78.83442	-55.5976	134.432	0.05	1.484695	0.0452255	0.0552438	0.0868161	0.268034	0.0104432	0.011144	0.00208601	0.0850177	0.127874	0.332309	0.0535822	0.15633	0.0180684	0.222948	0.585989	1.04951	2.14155	1	1.252174
1252000	83.83918	-51.95259	135.7918	0.05	1.926356	0.0550415	0.133112	0.0977223	0.142725	0.0425587	0.02755	0.00904221	0.0458486	0.00128096	0.293708	0.111442	0.119475	0.0142202	0.284322	0.646947	1.06803	2.0007	1	1.093726
1253000	84.15043	-52.18883	136.3393	0.05	1.460509	0.0158957	0.0725472	0.0600728	0.0765823	0.00138474	0.0363956	0.115353	0.015694	0.120716	0.117295	0.131878	0.321363	0.0140658	0.219157	0.581848	1.04802	2.15098	1	1.099243
1254000	85.46322	-52.86016	138.3234	0.05	0.9180343	0.101986	0.0593352	0.000904192	0.0352403	0.00154196	0.0516671	0.0352071	0.0976761	0.243244	0.144713	0.0382853	0.0566591	0.0669248	0.120323	0.450649	0.98497	2.44406	1	0.9333842
1255000	78.65239	-56.11319	134.7656	0.05	0.9619171	0.0955185	0.0125372	0.100622	0.00564434	0.0870396	0.123125	0.0258897	0.0390944	0.119766	0.0974054	0.102856	0.308543	0.16435	0.129294	0.464998	0.993392	2.41232	1	1.282391
1256000	88.84044	-52.24655	141.087	0.05	1.950159	0.0193535	0.0469352	0.0492832	0.0182301	0.0109481	0.0432277	0.0188046	0.0668411	0.0421318	0.0325444	0.00637221	0.0456198	0.127041	0.287252	0.649607	1.06869	1.99445	1	0.5273324
1257000	83.02397	-53.99321	137.0172	0.05	0.3572589	0.0457327	0.0538139	0.0828567	0.0357981	0.0665739	0.0363652	0.0273141	0.0125611	0.00975815	0.524178	0.0973321	0.0575033	0.0428749	0.0110617	0.149189	0.680556	3.15919	1	1.092662
1258000	73.59556	-58.06067	131.6562	0.05	1.636329	0.113108	0.0677914	0.0550392	0.038017	0.0585373	0.0358899	0.112282	0.0110622	0.113722	0.0477018	0.0439729	0.781794	0.0263319	0.245635	0.60978	1.05752	2.08707	1	1.50525
1259000	85.3971	-49.95064	135.3477	0.05	3.138744	0.0994717	0.13003	0.0163245	0.130571	0.0202953	0.0111306	0.00391629	0.00165473	0.0669668	0.035074	0.0957298	0.0879137	0.287695	0.399718	0.738932	1.08312	1.77823	1	0.9867731
1260000	77.41017	-55.45433	132.8645	0.05	2.571214	0.0531176	0.195369	0.0660194	0.0322234	0.0684621	0.092396	0.0428318	0.104913	0.0505289	0.143715	0.0413781	0.0658322	0.329954	0.353106	0.704635	1.07939	1.86287	1	1.286741
1261000	82.62635	-55.11991	137.7463	0.05	0.4914334	0.0135367	0.0269753	0.0292932	0.128976	0.0570118	0.0349684	0.0192888	0.0267777	0.00158193	0.000127296	0.00810675	0.470798	0.197452	0.0318112	0.246287	0.813934	2.90797	1	1.014893
1262000	81.16311	-56.20834	137.3714	0.05	0.5831073	0.156878	0.0547772	0.144936	0.0456534	0.066107	0.00461474	0.0261887	0.111711	0.336942	0.0149168	0.0178325	0.0230635	0.0279685	0.0496437	0.302751	0.87245	2.77516	1	1.031589
1263000	82.54705	-55.82906	138.3761	0.05	0.7777174	0.0359285	0.0373557	0.110165	0.00729223	0.00857234	0.13345	0.00987253	0.00316903	0.0596548	0.0265173	0.356602	0.0922856	0.05467	0.0908092	0.398006	0.950584	2.5606	1	0.9355354
1264000	88.61982	-51.09619	139.716	0.05	3.625315	0.0324137	0.0245632	0.0171976	0.000605122	0.0212677	0.0393687	0.00378491	0.0139881	0.00649893	0.0407948	0.128423	0.141674	0.0522549	0.432514	0.761167	1.08424	1.72207	1	0.522835
1265000	84.63695	-53.39636	138.0333	0.05	2.319334	0.0941885	0.23692	0.0686603	0.0086401	0.00695442	0.0212747	0.0058383	0.00263037	0.0423544	0.0210934	0.0474061	0.0432152	0.220033	0.32863	0.685176	1.07625	1.90994	1	0.8192089
1266000	69.26124	-57.67274	126.934	0.05	0.9702921	0.0397117	0.0986339	0.130076	0.09809	0.213714	0.0874523	0.00834711	0.129103	0.0602649	0.382277	0.710089	0.036871	0.0544879	0.130989	0.467637	0.994898	2.40648	1	2.049117
1267000	87.5721	-50.44441	138.0165	0.05	0.9405001	0.0204608	0.0367012	0.027231	0.098139	0.00881052	0.00666005	0.0123469	0.0326507	0.0171121	0.422382	0.0183072	0.143782	0.0876392	0.124934	0.458107	0.989396	2.42756	1	0.932223
1268000	91.11224	-50.41849	141.5307	0.05	0.7710927	0.0062749	0.0153225	0.00392159	0.0605463	0.0715818	0.00287667	0.00050545	0.0380958	0.106526	0.0372758	0.032539	0.214995	0.0121332	0.0893944	0.39523	0.948612	2.56676	1	0.602593
1269000	80.50293	-55.01168	135.5146	0.05	4.412209	0.00847686	0.141301	0.0254947	0.0260218	0.0938904	0.00503798	0.0240541	0.0609817	0.144527	0.0369855	0.0240041	0.0590674	0.174538	0.475667	0.788357	1.08414	1.65183	1	0.8243801
1270000	74.75457	-57.75138	132.5059	0.05	1.334024	0.217257	0.0604432	0.0173387	0.0558139	0.131288	0.131755	0.102402	0.0497	0.00924759	0.0362717	0.380562	0.0852488	0.161995	0.198507	0.558377	1.03898	2.20413	1	1.439323
1271000	82.67046	-51.65294	134.3234	0.05	3.564017	0.0114852	0.0474451	0.0354603	0.032072	0.0489002	0.045152	0.00735394	0.0495417	0.24413	0.206972	0.183931	0.0941132	0.0425325	0.42868	0.758641	1.08417	1.72851	1	1.049089
1272000	87.05482	-51.90007	138.9549	0.05	1.940242	0.0443738	0.0125779	0.0782393	0.11631	0.0368965	0.0349524	0.00622479	0.00736273	0.178078	0.0558736	0.0561137	0.0855087	0.0175104	0.286035	0.648505	1.06842	1.99704	1	0.7300218
1273000	86.5103	-52.10092	138.6112	0.05	0.9232261	0.0348761	0.0705459	0.0606367	0.0236473	0.0484257	0.00274671	0.0184225	0.0273089	0.264429	0.105687	0.170235	0.00171514	0.0493701	0.121392	0.452394	0.986015	2.4402	1	0.8780469
1274000	89.49524	-50.83531	140.3305	0.05	0.7125875	0.0222281	0.101076	0.00418756	0.028868	0.000215574	0.0319402	0.00454318	0.0248008	0.04584	0.0799298	0.0127997	0.282661	0.0817767	0.0768788	0.369409	0.929445	2.62427	1	0.7208668
1275000	84.28206	-53.74761	138.0297	0.05	0.7047141	0.0110498	0.0259595	0.0323118	0.144978	0.0346314	0.0347117	0.0839967	0.00807748	0.19561	0.218237	0.0753129	0.0507169	0.0563193	0.0751955	0.365746	0.926603	2.63246	1	0.9719137
1276000	82.72352	-52.30066	135.0242	0.05	0.9839907	0.104429	0.0899431	0.0624125	0.0517584	0.0836046	0.0355106	0.0226854	0.02289	0.0383065	0.0575047	0.0413899	0.397082	0.214429	0.133749	0.471886	0.997296	2.39707	1	1.221945
1277000	80.59143	-52.67494	133.2664	0.05	2.268391	0.215975	0.308823	0.032985	0.166703	0.00266571	0.00818086	0.0243428	0.00438976	0.116402	0.0490792	0.0733293	0.200979	0.0803806	0.323337	0.680822	1.07545	1.92039	1	1.284237
1278000	76.36275	-57.54236	133.9051	0.05	2.381856	0.11991	0.089011	0.035472	0.0990641	0.034796	0.0475548	0.0854182	0.00595135	0.13976	0.193382	0.161439	0.139871	0.115517	0.334962	0.690314	1.07715	1.89757	1	1.267147
1279000	62.16166	-61.30055	123.4622	0.05	0.7185111	0.0123881	0.089782	0.248659	0.0710141	0.0948714	0.122784	0.0255613	0.0749902	0.313551	0.333625	0.455885	0.313649	0.29933	0.0781458	0.372135	0.931539	2.61818	1	2.45609
1280000	85.27421	-52.80922	138.0834	0.05	1.200651	0.0671891	0.0229399	0.0214237	0.00348518	0.0383817	0.0475165	0.0773836	0.0412547	0.0724387	0.0877898	0.120029	0.346497	0.0268691	0.175171	0.529744	1.02666	2.26843	1	0.9731986
1281000	85.36964	-52.93218	138.3018	0.05	2.705393	0.0357703	0.183999	0.0118602	0.0026279	0.0234883	0.0155306	0.0987764	0.00152577	0.0590616	0.0659137	0.0214138	0.0322492	0.197756	0.365103	0.713791	1.08062	1.84049	1	0.7499729
1282000	79.25822	-54.88242	134.1406	0.05	1.51001	0.0234663	0.0486071	0.0816471	0.101315	0.00795907	0.0421819	0.0409649	0.0860965	0.126815	0.0795016	0.423447	0.00359395	0.206879	0.226865	0.590214	1.051	2.13192	1	1.272473
1283000	84.39123	-51.14998	135.5412	0.05	2.462171	0.0232995	0.040974	0.178378	0.0410418	0.0771853	0.0159608	0.009298	0.00932699	0.0285548	0.0529003	0.230654	0.316325	0.0263281	0.342841	0.696605	1.07819	1.88237	1	1.050227
1284000	73.01895	-57.00039	130.0193	0.05	1.577861	0.0882731	0.0401117	0.0120818	0.0947328	0.0116918	0.0176004	0.204081	0.0695986	0.180246	0.110433	0.552535	0.159814	0.152921	0.237104	0.601023	1.05468	2.10719	1	1.694121
1285000	86.8053	-48.01913	134.8244	0.05	4.15129	0.0692028	0.0118919	0.00838649	0.0281629	0.00486087	0.0391138	0.0141727	0.0202424	0.0322099	0.0611781	0.0947112	0.475668	0.0868603	0.462485	0.780284	1.08435	1.67288	1	0.9466612
1286000	80.38913	-55.23772	135.6268	0.05	2.650378	0.0221784	0.122255	0.045489	0.110221	0.0502235	0.101975	0.0337936	0.00733179	0.298649	0.0758344	0.0335224	0.0425485	0.0709974	0.360265	0.710128	1.08015	1.84946	1	1.01502
1287000	81.58399	-56.38013	137.9641	0.05	0.7762926	0.0870855	0.00249652	0.0692217	0.0867771	0.0577706	0.0353853	0.00016417	0.158113	0.2514	0.0753017	0.00997293	0.0963479	0.0178207	0.090505	0.397411	0.950163	2.56192	1	0.9478567
1288000	82.16573	-52.78826	134.954	0.05	0.9045037	0.157964	0.14432	0.0481593	0.102166	0.00071496	0.0126094	0.0332397	0.0885271	0.00835932	0.0665049	0.0358074	0.314068	0.208156	0.117528	0.446039	0.98218	2.45425	1	1.220596
1289000	87.83969	-52.58479	140.4245	0.05	1.031553	0.0222522	0.107562	0.0222839	0.0386145	0.00105171	0.0294775	0.0332485	0.0169929	0.0952866	0.00150663	0.245077	0.054819	0.0437461	0.143206	0.486035	1.00504	2.36572	1	0.7119194
1290000	78.56484	-55.8859	134.4507	0.05	1.372971	0.0611244	0.0608745	0.0289867	0.0525904	0.00784197	0.102515	0.0448784	0.055105	0.387952	0.0255634	0.0447594	0.0734752	0.30011	0.205015	0.56595	1.042	2.18703	1	1.245776
1291000	87.38658	-50.45603	137.8426	0.05	0.557993	0.0361158	0.0562664	0.0489416	0.009791	0.00329999	0.0107176	0.0477963	0.053398	0.118366	0.120311	0.0954412	0.346869	0.0355697	0.0445767	0.2881	0.858276	2.80905	1	0.9828835
1292000	79.50934	-54.03512	133.5445	0.05	3.433241	0.0199237	0.0787795	0.00926162	0.282028	0.0540089	0.00417579	0.0965423	0.040355	0.076784	0.0678233	0.0424035	0.0308717	0.32788	0.420229	0.753006	1.08395	1.74281	1	1.130838
1293000	82.81101	-53.2436	136.0546	0.05	0.7438532	0.0010159	0.17662	0.0266092	0.0381666	0.0308254	0.016193	0.0320141	0.0619299	0.0396011	0.204706	0.11957	0.0346009	0.394903	0.0835692	0.383507	0.940095	2.59283	1	1.176754
1294000	88.19395	-51.88505	140.079	0.05	1.395909	0.0149751	0.0184985	0.0695574	0.0405854	0.0460066	0.0349743	0.0253242	0.0247217	0.067555	0.0235954	0.00136285	0.260083	0.0632716	0.208785	0.570261	1.04368	2.17728	1	0.6905113
1295000	85.79242	-52.42156	138.214	0.05	4.24709	0.0210472	0.00619381	0.0226127	0.0467957	0.00328684	0.0336163	0.0262048	0.0834362	0.00537885	0.114454	0.0337632	0.168846	0.0598153	0.467442	0.783342	1.08429	1.66493	1	0.6254502
1296000	86.16867	-51.20896	137.3776	0.05	0.5887877	0.0135658	0.156181	0.00863024	0.0259602	0.040756	0.0298183	0.00424511	0.0337474	0.0124852	0.306402	0.346061	0.0588957	0.0273743	0.050804	0.305982	0.875489	2.76772	1	1.064121
1297000	84.37167	-55.0399	139.4116	0.05	0.9402651	0.0521723	0.156826	0.0545358	0.0610763	0.0210452	0.0156511	0.0145975	0.0261165	0.0467704	0.00901264	0.00785538	0.126938	0.235364	0.124886	0.45803	0.989351	2.42773	1	0.8279605
1298000	88.38864	-49.39385	137.7825	0.05	0.8356866	0.00259788	0.119322	0.0694816	0.00521238	0.00711309	0.00450914	0.0449542	0.00899399	0.517681	0.0126701	0.0660981	0.0625502	0.0366117	0.103127	0.421114	0.966373	2.50939	1	0.9577957
1299000	82.82318	-50.7482	133.5714	0.05	0.7366788	0.0188928	0.132303	0.037428	0.0324079	0.0313456	0.0601757	0.0409607	0.0137986	0.0086687	0.250449	0.0744525	0.0520481	0.652471	0.0820338	0.380334	0.937737	2.59989	1	1.405401
1300000	84.40807	-56.23222	140.6403	0.05	0.3628665	0.0200363	0.115395	0.0159069	0.152352	0.00487604	0.0343283	0.0352811	0.0397895	0.0795791	0.0486693	0.129883	0.037954	0.0151334	0.0117419	0.153525	0.687755	3.14698	1	0.7291833
1301000	86.82572	-53.18982	140.0155	0.05	0.6357248	0.0296356	0.113674	0.0466932	0.154424	0.0110266	0.02945	0.00447343	0.00703134	0.0269829	0.000733208	0.14832	0.0232149	0.179848	0.06055	0.331557	0.898505	2.70939	1	0.7755065
1302000	84.33145	-52.37526	136.7067	0.05	1.551575	0.126555	0.0254249	0.027541	0.0661464	0.116299	0.0407812	0.000539509	0.0525274	0.0407155	0.0132316	0.00676778	0.357519	0.150241	0.233181	0.596922	1.05331	2.11659	1	1.024289
1303000	84.66516	-51.7698	136.435	0.05	1.158238	0.0421704	0.0233395	0.0255868	0.085082	0.0211196	0.00535219	0.0138854	0.0406232	0.123499	0.0720175	0.0153689	0.493888	0.118515	0.167403	0.519644	1.02196	2.29099	1	1.080447
1304000	70.38551	-54.00011	124.3856	0.05	1.336302	0.210097	0.147561	0.192374	0.191169	0.0512945	0.163862	0.018646	0.000659563	0.0998062	0.141001	0.827918	0.179477	0.0331472	0.198891	0.558829	1.03916	2.20312	1	2.257013
1305000	76.32508	-60.03869	136.3638	0.05	1.138603	0.0106575	0.05892	0.0604963	0.113099	0.0894686	0.0834195	0.0523755	0.00339828	0.03258	0.334813	0.069119	0.164376	0.0653868	0.16375	0.514785	1.01964	2.30182	1	1.13811
1306000	91.29845	-47.88197	139.1804	0.05	2.868241	0.0052776	0.0539525	0.00333402	0.0247995	0.00242215	0.00361765	0.0185808	0.0220999	0.0753891	0.0967762	0.080163	0.182449	0.0800414	0.378805	0.723962	1.08178	1.81545	1	0.6489024
1307000	76.52773	-54.43659	130.9643	0.05	5.838798	0.09923	0.114067	0.0494481	0.0537537	0.00126941	0.0254296	0.12105	0.0213845	0.0566709	0.29979	0.232949	0.0363762	0.038837	0.53358	0.821637	1.08162	1.56317	1	1.150255
1308000	81.71317	-53.45809	135.1713	0.05	0.6754135	0.101636	0.220066	0.0523945	0.113941	0.0021501	0.0387488	0.00270083	0.0309135	0.0141553	0.107808	0.446483	0.130353	0.00266037	0.0689462	0.351695	0.915405	2.66395	1	1.26401
1309000	84.26244	-53.04072	137.3032	0.05	2.688093	0.0265231	0.0570842	0.0699007	0.0174249	0.0225347	0.0201874	0.0438199	0.00382435	0.0858928	0.161168	0.00443233	0.0439995	0.345129	0.363594	0.712652	1.08047	1.84328	1	0.9019204
1310000	85.00135	-52.68188	137.6832	0.05	1.040757	0.0472357	0.0713767	0.105837	0.121835	0.00714243	0.00126202	0.032542	0.0238166	0.0676246	0.0404	0.045353	0.308233	0.0955879	0.145014	0.488669	1.00644	2.35988	1	0.9682462
1311000	85.42594	-53.1903	138.6162	0.05	0.8064618	0.0661965	0.000252297	0.0546999	0.0364473	0.040655	0.0226196	0.0210712	0.0289246	0.284985	0.258549	0.0221358	0.00361906	0.0570693	0.096933	0.409723	0.958729	2.53461	1	0.897224
1312000	87.08894	-56.55527	143.6442	0.05	0.7572607	0.0126301	0.00253587	0.0595524	0.0269792	0.00690964	0.00616431	0.0308356	0.00427206	0.118976	0.0169396	0.0226946	0.101533	0.00253272	0.0864377	0.38934	0.944371	2.57985	1	0.4125551
1313000	74.94212	-54.10403	129.0461	0.05	1.698286	0.00443082	0.123857	0.0393532	0.0790123	0.0669213	0.066417	0.00354622	0.0957235	0.326418	0.32912	0.0638406	0.105535	0.465124	0.254393	0.618547	1.06022	2.06684	1	1.7693
1314000	77.66025	-57.07341	134.7337	0.05	3.438844	0.00438113	0.0268376	0.0123304	0.106004	0.0822894	0.02089	0.0592465	0.153119	0.0947673	0.122595	0.185584	0.168115	0.0332946	0.420599	0.753255	1.08397	1.74218	1	1.069454
1315000	84.70385	-53.95296	138.6568	0.05	0.6023527	0.00359313	0.0249647	0.00869223	0.0685725	0.042683	0.0405739	0.0288843	0.00850191	0.295006	0.0323233	0.00213797	0.190642	0.16153	0.0535937	0.313577	0.882514	2.75031	1	0.9081051
1316000	87.04111	-51.22618	138.2673	0.05	0.6326232	0.0122742	0.0164306	0.0776728	0.017505	0.00853626	0.0255244	0.0393448	0.018205	0.19162	0.0681927	0.0761979	0.366901	0.0316527	0.0598987	0.329927	0.897091	2.71308	1	0.9500577
1317000	82.40188	-53.78961	136.1915	0.05	0.5537257	0.0795117	0.0365653	0.0219091	0.0772188	0.0594498	0.0211569	0.00996616	0.0145877	0.0706179	0.3444	0.0230504	0.211769	0.212368	0.0437272	0.28555	0.855741	2.81498	1	1.182571
1318000	80.62983	-56.87917	137.509	0.05	0.9832775	0.141679	0.0253417	0.0529282	0.0360983	0.0714168	0.0349357	0.00627487	0.00176831	0.0372912	0.0185834	0.183099	0.37632	0.0160685	0.133605	0.471667	0.997173	2.39755	1	1.001805
1319000	87.98255	-52.41813	140.4007	0.05	0.6527128	0.103205	0.0115083	0.0144129	0.0298347	0.0198824	0.0689715	0.00195549	0.0227056	0.0578845	0.0016165	0.000122935	0.120761	0.277308	0.064131	0.340337	0.906001	2.68953	1	0.7301686
1320000	85.42766	-54.64018	140.0678	0.05	0.8307296	0.0592799	0.0941319	0.0709376	0.0508688	0.0703067	0.0150148	0.000927523	0.0316624	0.160955	0.015263	0.0527685	0.0255762	0.0882642	0.102079	0.419218	0.965119	2.51358	1	0.7359567
1321000	79.0219	-53.80958	132.8315	0.05	3.615714	0.0623342	0.122295	0.023258	0.151818	0.0474584	0.0961525	0.000461306	0.0615722	0.100896	0.0119134	0.372141	0.0649682	0.0818367	0.431919	0.760776	1.08423	1.72307	1	1.197105
1322000	85.50221	-54.88174	140.3839	0.05	1.487948	0.0190128	0.0205276	0.0231825	0.096118	0.00539579	0.0282747	0.0162858	0.0672811	0.00242826	0.164588	0.0735042	0.00147789	0.119118	0.223455	0.586538	1.04971	2.1403	1	0.6371944
1323000	85.01218	-50.7	135.7122	0.05	0.6497966	0.0215128	0.229731	0.0834516	0.064234	0.02988	0.0366731	0.00314806	0.00339356	0.125929	0.402783	0.0724508	0.0219575	0.105834	0.0635147	0.338848	0.904743	2.6929	1	1.200979
1324000	86.00246	-53.32969	139.3322	0.05	0.60536	0.0615673	0.000485525	0.0380048	0.0326703	0.150882	0.0557005	0.0217047	0.0130985	0.020378	0.225179	0.177999	0.0200568	0.0365365	0.0542154	0.315238	0.884029	2.74652	1	0.8542632
1325000	81.70204	-52.62683	134.3289	0.05	0.8693805	0.00794557	0.0520196	0.0619715	0.0525561	0.022872	0.0122223	0.0164244	0.0661532	0.127673	0.0320214	0.32225	0.463315	0.0814165	0.110214	0.433637	0.974469	2.48168	1	1.318841
1326000	81.54728	-55.67127	137.2185	0.05	2.532174	0.0350084	0.072438	0.0567801	0.0438859	0.0657189	0.0850736	0.0248044	0.0661999	0.0418871	0.0695111	0.0796885	0.000825114	0.2201	0.349486	0.701824	1.07898	1.86971	1	0.8619206
1327000	78.12276	-55.58347	133.7062	0.05	0.6712029	0.00115142	0.086832	0.211146	0.0291285	0.107012	0.0231588	0.00744603	0.00300755	0.35244	0.0439365	0.0870141	0.363052	0.0767426	0.068051	0.34962	0.913711	2.66862	1	1.392067
1328000	85.6535	-52.26844	137.9219	0.05	0.7327	0.0450695	0.0645868	0.0401	0.0149773	0.109846	0.0184064	0.0605197	0.0164205	0.023141	0.162544	0.0999828	0.0906069	0.223533	0.0811822	0.378559	0.936408	2.60385	1	0.9697348
1329000	84.00736	-54.07868	138.086	0.05	0.342298	0.0738264	0.0117014	0.120541	0.0255556	0.0160816	0.0288482	0.0812698	0.0422027	0.0436409	0.283206	0.078888	0.0304473	0.157449	0.00934419	0.137556	0.660457	3.19264	1	0.9936577
1330000	87.85339	-49.19332	137.0467	0.05	1.187444	0.0441014	0.0992268	0.0498508	0.047691	0.00662215	0.0152758	0.0426464	0.0239282	0.0479275	0.0982861	0.501542	0.0154446	0.010821	0.17277	0.526655	1.02524	2.27533	1	1.003364
1331000	80.03881	-55.9327	135.9715	0.05	0.5312396	0.194638	0.126091	0.0153464	0.113533	0.0492947	0.0172395	0.0340093	0.0987742	0.0773597	0.3284	0.0199308	0.00600779	0.111313	0.0393138	0.271821	0.841732	2.84713	1	1.191937
1332000	77.89754	-57.3311	135.2286	0.05	0.3539881	0.226233	0.0536635	0.0688232	0.0227472	0.0195704	0.0302184	0.0154482	0.0536015	0.106956	0.0599016	0.129455	0.417009	0.0754839	0.0106741	0.146653	0.676274	3.1664	1	1.279111
1333000	83.6921	-55.35853	139.0506	0.05	1.192847	0.0934403	0.0146311	0.0563261	0.075748	0.0296247	0.013194	0.0260195	0.00620542	0.200072	0.0928535	0.0482843	0.0726245	0.0758751	0.173754	0.527925	1.02582	2.2725	1	0.804898
1334000	80.17073	-54.69314	134.8639	0.05	1.286082	0.118394	0.0241768	0.0122472	0.178852	0.0516895	0.0357473	0.0871408	0.000329872	0.065005	0.123166	0.210278	0.274711	0.0565308	0.190307	0.54859	1.03493	2.22617	1	1.238268
1335000	80.14464	-56.61587	136.7605	0.05	0.7979207	0.0692808	0.122516	0.0445221	0.0497714	0.128022	0.0953555	0.0206533	0.0712102	0.15025	0.0464348	0.05616	0.120862	0.128247	0.0951162	0.406296	0.956377	2.54221	1	1.103286
1336000	83.89968	-52.07608	135.9758	0.05	1.124053	0.0460682	0.0479972	0.0486248	0.110147	0.00677163	0.0223115	0.0200911	0.10204	0.133034	0.200544	0.0253819	0.392908	0.000752458	0.16102	0.511107	1.01786	2.31001	1	1.156673
1337000	80.19885	-53.2428	133.4417	0.05	0.4774327	0.159242	0.028048	0.000987586	0.107054	0.0359679	0.0366006	0.0135368	0.092948	0.0876936	0.571065	0.132778	0.0564204	0.118675	0.0292851	0.236928	0.803127	2.93066	1	1.441017
1338000	80.57402	-54.63361	135.2076	0.05	0.5974956	0.0654483	0.0348672	0.00952383	0.249748	0.0443219	0.0381952	0.128117	0.0269667	0.0431503	0.0773791	0.227961	0.0278987	0.298225	0.0525919	0.310877	0.880036	2.75649	1	1.271803
1339000	69.41347	-59.33464	128.7481	0.05	0.5850897	0.455107	0.0666559	0.105683	0.00437707	0.030458	0.102365	0.134812	0.134315	0.0978373	0.021324	0.496264	0.0884423	0.171039	0.0500481	0.303882	0.873517	2.77255	1	1.908679
1340000	75.49192	-54.85444	130.3464	0.05	1.125491	0.247986	0.23419	0.130903	0.0679712	0.00802233	0.00291301	0.00245888	0.0732264	0.102046	0.0214967	0.130844	0.0434101	0.633876	0.161291	0.511474	1.01804	2.3092	1	1.699345
1341000	83.0678	-53.08914	136.1569	0.05	1.264513	0.00504375	0.0567277	0.0567387	0.0464918	0.118979	0.0355755	0.0209578	0.00615861	0.0326525	0.151732	0.227592	0.292476	0.0529368	0.18655	0.544009	1.03298	2.23647	1	1.104061
1342000	80.74123	-51.69721	132.4384	0.05	2.51588	0.0276689	0.103778	0.170917	0.0599201	0.0444358	0.036	0.0184447	0.0066606	0.245157	0.136117	0.148499	0.0922227	0.243466	0.347957	0.70063	1.07881	1.87261	1	1.333288
1343000	79.24249	-58.0216	137.2641	0.05	1.74095	0.110499	0.000834337	0.0223273	0.0595644	0.0513534	0.089415	0.0442222	0.0358658	0.000217477	0.0131426	0.131769	0.108552	0.307207	0.260261	0.624299	1.06192	2.05352	1	0.9749697
1344000	77.49394	-55.14202	132.636	0.05	1.340989	0.186186	0.0277628	0.106008	0.025366	0.0043909	0.0421658	0.115041	0.0116943	0.0727149	0.0557047	0.172688	0.072296	0.552649	0.199681	0.559756	1.03954	2.20103	1	1.444667
1345000	82.94534	-52.72382	135.6692	0.05	3.102625	0.195046	0.036927	0.124822	0.0205331	0.00646601	0.0272585	0.00772197	0.0375975	0.0203706	0.0384918	0.280986	0.0960491	0.0489604	0.397049	0.737056	1.08298	1.78292	1	0.9412297
1346000	81.88338	-52.86794	134.7513	0.05	1.48537	0.0303597	0.145343	0.0696369	0.0663543	0.076517	0.05798	0.0281939	0.0592654	0.000588694	0.0177019	0.0547532	0.331439	0.277713	0.223054	0.586103	1.04955	2.14129	1	1.215845
1347000	90.13255	-49.74371	139.8763	0.05	2.985808	0.0466861	0.022985	0.00729617	0.0600108	0.0377301	0.0262789	0.000240011	0.00647075	0.0839524	0.131275	0.0455241	0.00840447	0.0654108	0.388161	0.730739	1.08245	1.79865	1	0.5422642
1348000	73.9906	-58.14259	132.1332	0.05	0.2834101	0.0870294	0.0554181	0.0435743	0.0449746	0.0862963	0.0409868	0.0388662	0.371621	0.0011062	0.144819	0.0502038	0.642456	0.00859286	0.00404628	0.0916684	0.566861	3.33742	1	1.615945
1349000	78.39431	-55.95203	134.3463	0.05	3.398544	0.0138944	0.132979	0.055178	0.129267	0.117432	0.120967	0.0101362	0.0293041	0.0792902	0.0534563	0.0135241	0.11928	0.179096	0.417923	0.751452	1.08388	1.74674	1	1.053806
1350000	83.05557	-49.34249	132.3981	0.05	3.849454	0.244059	0.081365	0.0316637	0.0639728	0.0550624	0.00469556	0.0239372	0.0151577	0.0235393	0.450272	0.125055	0.0581486	0.0167376	0.445896	0.769837	1.08439	1.69987	1	1.193665
1351000	77.41314	-59.61699	137.0301	0.05	1.956747	0.0574632	0.138274	0.0359649	0.0816141	0.0142833	0.0292003	0.0446452	0.0561298	0.403604	0.030185	0.0511647	0.0226585	0.0164886	0.288056	0.650334	1.06887	1.99274	1	0.9816754
1352000	75.22785	-60.40199	135.6298	0.05	0.287019	0.0489601	0.0081259	0.00395103	0.127491	0.0460531	0.0462837	0.142614	0.153468	0.0396607	0.0194637	0.270457	0.230652	0.131778	0.00430153	0.0944427	0.573345	3.32791	1	1.268957
1353000	78.49963	-56.86671	135.3663	0.05	0.3806187	0.10026	0.0499785	0.0885451	0.0810503	0.00362635	0.0285715	0.0227219	0.083718	0.00829104	0.0146138	0.0715506	0.526823	0.211034	0.0140205	0.167136	0.709426	3.10942	1	1.290784
1354000	83.67889	-50.71914	134.398	0.05	2.402324	0.0815007	0.00528105	0.072088	0.0277408	0.00169734	0.0975989	0.017492	0.025261	0.0178292	0.0698923	0.471705	0.141685	0.124141	0.336996	0.69195	1.07743	1.89363	1	1.153912
1355000	83.37215	-51.40236	134.7745	0.05	1.256326	0.0213993	0.143137	0.00917847	0.0577992	0.00142739	0.00357828	0.00686995	0.128772	0.659879	0.0687502	0.0400464	0.0763787	0.00633293	0.185112	0.54224	1.03221	2.24044	1	1.223549
1356000	86.81332	-52.95805	139.7714	0.05	2.142975	0.10356	0.0421307	0.00681227	0.0401415	0.026193	0.0131291	0.0726207	0.0373124	0.0489998	0.106707	0.00926473	0.113118	0.0155935	0.309764	0.669404	1.07319	1.94764	1	0.6355838
1357000	82.02105	-55.15374	137.1748	0.05	0.6881751	0.066458	0.0682413	0.0175954	0.129279	0.00417522	0.0218014	0.00407506	0.00897866	0.15247	0.019728	0.189789	0.366382	0.000905454	0.0716644	0.357897	0.920406	2.65003	1	1.049878
1358000	80.05682	-53.38289	133.4397	0.05	2.689783	0.0491586	0.0440852	0.0353745	0.135524	0.101142	0.00411931	0.0339154	0.0586021	0.146829	0.0668784	0.266048	0.0262127	0.265747	0.363742	0.712764	1.08049	1.84301	1	1.233637
1359000	85.23323	-54.79043	140.0237	0.05	0.2741116	0.0365461	0.0113603	0.0440179	0.0408261	0.0159461	0.05861	0.018151	0.0034571	0.0342547	0.0145989	0.175561	0.236389	0.104125	0.00343068	0.0845746	0.549654	3.36234	1	0.7938427
1360000	85.4849	-48.6004	134.0853	0.05	2.847056	0.100639	0.00684655	0.0871756	0.0745865	0.0123751	0.0106304	0.00736584	0.00725836	0.124297	0.683722	0.0233291	0.0190506	0.000911074	0.377073	0.722692	1.08165	1.81859	1	1.158187
1361000	77.50107	-56.43148	133.9326	0.05	0.8033962	0.220291	0.0964133	0.23504	0.134018	0.00956685	0.0429997	0.0476408	0.0360367	0.00800251	0.355346	0.0411916	0.0334509	0.103748	0.0962812	0.408498	0.957892	2.53733	1	1.363747
1362000	79.73822	-56.75742	136.4956	0.05	0.7853033	0.00896956	0.0416849	0.333531	0.0443828	0.0124442	0.0126992	0.00640299	0.0429943	0.00975338	0.0495955	0.019852	0.0771751	0.44443	0.0924278	0.401149	0.952798	2.55363	1	1.103915
1363000	75.53857	-57.8889	133.4275	0.05	0.2397408	0.184124	0.0529865	0.0459007	0.0805333	0.00902395	0.0726812	0.0645283	0.0826121	0.0101519	0.460523	0.362134	0.0170928	0.0348986	0.00166761	0.0593876	0.479345	3.4596	1	1.47719
1364000	84.98777	-50.20733	135.1951	0.05	0.7001173	0.117082	0.04217	0.0114492	0.0218749	0.0128519	0.0570414	0.0596524	0.000774889	0.159759	0.211322	0.0749785	0.437477	0.0473574	0.0742133	0.363586	0.924912	2.63729	1	1.25379
1365000	77.90025	-52.2815	130.1818	0.05	3.192897	0.0558561	0.0095762	0.0653747	0.0627832	0.0289362	0.0258683	0.0407712	0.0274035	0.153042	0.145082	0.202868	0.0208737	0.674792	0.403655	0.741678	1.08332	1.77135	1	1.513227
1366000	82.28296	-54.51877	136.8017	0.05	4.385859	0.0703945	0.0452249	0.0140669	0.05097	0.0227095	0.0204209	0.0476746	0.0653847	0.039322	0.0129597	0.0879754	0.108476	0.125654	0.47438	0.787578	1.08417	1.65387	1	0.711233
1367000	81.07572	-53.19494	134.2707	0.05	3.448676	0.0355024	0.0364857	0.0230111	0.0452902	0.0735622	0.0916085	0.0722649	0.0125637	0.406646	0.134989	0.0173754	0.0422997	0.068043	0.421247	0.75369	1.08398	1.74108	1	1.059642
1368000	73.977	-59.02252	132.9995	0.05	1.545865	0.00786664	0.164929	0.00732491	0.0902132	0.0336708	0.27485	0.0204588	0.0685569	0.131821	0.0913157	0.0105711	0.388339	0.104737	0.232321	0.596017	1.05301	2.11866	1	1.394655
1369000	89.67069	-51.91248	141.5832	0.05	1.144874	0.0578888	0.0187231	0.0292215	0.0460484	0.00232742	0.0251521	0.00987183	0.0522033	0.0998033	0.0449459	0.0463054	0.0963064	0.0105928	0.164921	0.51635	1.0204	2.29833	1	0.5393902
1370000	78.74082	-51.09562	129.8364	0.05	1.003714	0.0652458	0.15735	0.150045	0.0421226	0.0146129	0.14572	0.00791412	0.0274279	0.2158	0.0309358	0.744934	0.0300546	0.104787	0.137694	0.477865	1.00061	2.38383	1	1.736951
1371000	72.86728	-58.68945	131.5567	0.05	2.600685	0.0469397	0.0288435	0.15344	0.12993	0.00531604	0.308764	0.110649	0.010957	0.100949	0.121765	0.165712	0.0628566	0.189365	0.355799	0.706711	1.07968	1.85781	1	1.435488
1372000	82.6182	-51.49441	134.1126	0.05	1.489872	0.0254902	0.0296155	0.0497742	0.0463138	0.0666953	0.0295299	0.0618891	0.0267015	0.145048	0.0558177	0.231949	0.511443	0.0219577	0.223754	0.586862	1.04982	2.13956	1	1.302226
1373000	79.61682	-54.56346	134.1803	0.05	0.9598813	0.00719013	0.171722	0.119973	0.107336	0.015267	0.0296005	0.0859689	0.0446918	0.446772	0.143908	0.0396357	0.0866711	0.0530186	0.128881	0.464352	0.993021	2.41375	1	1.351755
1374000	83.39246	-53.48243	136.8749	0.05	2.296741	0.0593752	0.011689	0.0462463	0.0747993	0.0464139	0.0808493	0.0136835	0.0819922	0.314165	0.0530356	0.045609	0.134408	0.00172697	0.326298	0.683265	1.07591	1.91453	1	0.9639929
1375000	84.65201	-52.82317	137.4752	0.05	1.329796	0.1278	0.0129285	0.0264289	0.256713	0.0202078	0.0172006	0.0151694	0.0252506	0.0727378	0.212868	0.167195	0.0184253	0.00636188	0.197792	0.557535	1.03864	2.20603	1	0.9792866
1376000	80.84411	-55.88324	136.7273	0.05	1.005684	0.0594297	0.0523993	0.00590195	0.172996	0.0423777	0.0667397	0.0545111	0.0496091	0.107505	0.376657	0.0503708	0.0195692	0.0211811	0.138086	0.478454	1.00094	2.38252	1	1.079248
1377000	83.19825	-55.26911	138.4674	0.05	0.9588331	0.0867689	0.00620102	0.0444416	0.105963	0.00392914	0.0166475	0.014586	0.0887843	0.0348039	0.101346	0.161157	0.00368507	0.28734	0.128669	0.464018	0.992829	2.41448	1	0.9556535
1378000	84.76654	-53.43012	138.1967	0.05	0.4745664	0.020266	0.0666663	0.0993365	0.0852034	0.00282775	0.0234849	0.0110549	0.039072	0.370122	0.0180906	0.0777296	0.114266	0.0564293	0.0287762	0.234988	0.800842	2.93539	1	0.9845495
1379000	85.30537	-48.83962	134.145	0.05	1.114644	0.0120494	0.187642	0.151078	0.0853122	0.0322504	0.0136073	0.00430819	0.000202734	0.0324658	0.141247	0.0335094	0.572747	0.0436163	0.159244	0.508692	1.01667	2.31539	1	1.310036
1380000	72.35671	-57.4988	129.8555	0.05	1.658393	0.153834	0.240679	0.0215379	0.278608	0.153713	0.0297341	0.0286915	0.0404557	0.14996	0.0101379	0.0120824	0.530966	0.0348783	0.248787	0.61296	1.05851	2.07974	1	1.685279
1381000	87.82458	-50.17569	138.0003	0.05	1.345582	0.0292113	0.0270913	0.0491474	0.0233089	0.00240682	0.0226119	0.0266903	0.023833	0.326013	0.145227	0.0536738	0.111961	0.0630245	0.200453	0.560658	1.0399	2.19899	1	0.9042001
1382000	80.64689	-55.68994	136.3368	0.05	1.807139	0.066854	0.0020381	0.0504131	0.0566668	0.0183147	0.00572143	0.177561	0.106337	0.037449	0.0963598	0.017569	0.275552	0.144648	0.269113	0.632802	1.06432	2.03377	1	1.055484
1383000	85.35279	-52.44647	137.7993	0.05	0.4107299	0.14309	0.0027272	0.0795443	0.0523259	0.0357013	0.020361	0.0173614	0.00503989	0.179488	0.00725516	0.371411	0.0841044	0.0152028	0.0182923	0.189725	0.742635	3.04935	1	1.013613
1384000	83.81563	-53.53351	137.3491	0.05	1.145552	0.0982438	0.12647	0.00849552	0.0617613	0.124165	0.0358976	0.0189882	0.0509731	0.181004	0.0288137	0.130211	0.0767302	0.0438349	0.165047	0.516519	1.02048	2.29796	1	0.9855881
1385000	81.50645	-54.38387	135.8903	0.05	0.5337148	0.00108936	0.211992	0.0364069	0.117684	0.0381303	0.0247757	0.109479	0.00447152	0.139102	0.0711754	0.0532513	0.026391	0.361718	0.0397941	0.273357	0.84333	2.84352	1	1.195666
1386000	75.82531	-56.232	132.0573	0.05	1.67388	0.0699406	0.048948	0.120805	0.107374	0.066768	0.0185314	0.0563951	0.0733614	0.164017	0.428524	0.0704638	0.195224	0.0547226	0.250977	0.615153	1.05919	2.07468	1	1.475076
1387000	87.05256	-52.18578	139.2383	0.05	1.393509	0.0520234	0.0392912	0.0221012	0.0635231	0.072508	0.0240715	0.0380539	0.00502579	0.0721861	0.0990917	0.0240729	0.224253	0.0263	0.208393	0.569815	1.0435	2.17829	1	0.762502
1388000	82.97548	-53.08135	136.0568	0.05	0.905055	0.107274	0.0960256	0.0541587	0.115982	0.0028139	0.0367582	0.00867929	0.10194	0.0494309	0.167825	0.349392	0.0292678	0.00976642	0.117642	0.446228	0.982296	2.45383	1	1.129314
1389000	78.22565	-54.99739	133.223	0.05	1.659479	0.00513638	0.130664	0.0202641	0.125963	0.0715394	0.0570541	0.105718	0.071881	0.276522	0.141487	0.0731984	0.15712	0.104177	0.248941	0.613115	1.05856	2.07938	1	1.340724
1390000	84.14981	-54.39807	138.5479	0.05	1.780229	0.0272451	0.0649595	0.015379	0.0456741	0.0751891	0.011117	0.0262038	0.0187566	0.00511633	0.0564573	0.287457	0.0437675	0.113825	0.265551	0.629405	1.06337	2.04167	1	0.7911475
1391000	76.337	-59.3218	135.6588	0.05	0.6036243	0.0292052	0.210031	0.226481	0.0689132	0.00223965	0.0820362	0.0600075	0.0202255	0.0465956	0.0022153	0.428006	0.0300442	0.00872241	0.0538564	0.314281	0.883157	2.74871	1	1.214724
1392000	84.50982	-50.41901	134.9288	0.05	1.278414	0.0699746	0.320533	0.0167878	0.0552456	0.0326541	0.00526489	0.0149531	0.00374479	0.0317143	0.576808	0.0191772	0.0426347	0.0212162	0.188976	0.546975	1.03425	2.2298	1	1.210708
1393000	83.22	-53.35638	136.5764	0.05	1.938747	0.134969	0.000127012	0.0471576	0.0101055	0.0460872	0.0213161	0.0657349	0.0279919	0.00870702	0.40866	0.069397	0.0964572	0.0392715	0.285852	0.648338	1.06838	1.99743	1	0.975982
1394000	88.80594	-52.96151	141.7674	0.05	0.8834375	0.0855939	0.0799648	0.0372294	0.0126432	0.00564815	0.00194172	0.00050861	0.0234094	0.0468872	0.0280761	0.0356682	0.0443623	0.163627	0.113151	0.438677	0.97764	2.47053	1	0.5655598
1395000	85.26542	-50.97175	136.2372	0.05	1.002398	0.128925	0.0216466	0.123546	0.0593138	0.0334945	0.00102736	0.0336717	0.0175665	0.0560437	0.0655204	0.517238	0.0293096	0.0281448	0.137432	0.477471	1.0004	2.3847	1	1.115449
1396000	89.76435	-50.09315	139.8575	0.05	0.8490146	0.0566448	0.0161749	0.0144099	0.0267855	0.0303052	0.0861336	0.007688	0.0350747	0.0247305	0.0933705	0.0329824	0.290074	0.0378612	0.105938	0.426144	0.969663	2.49826	1	0.7522351
1397000	79.26264	-52.48522	131.7479	0.05	2.59237	0.0335716	0.0241876	0.18082	0.0520532	0.00891802	0.0606412	0.0240985	0.0423823	0.041935	0.428826	0.0745125	0.195001	0.247781	0.355043	0.706129	1.0796	1.85922	1	1.414728
1398000	78.80364	-53.65693	132.4606	0.05	1.169746	0.195354	0.0612244	0.0843614	0.0478621	0.0195232	3.69961e-05	0.0393765	0.0895942	0.179201	0.197395	0.0146173	0.0571985	0.487661	0.169528	0.522437	1.02328	2.28476	1	1.473405
1399000	88.23443	-52.52918	140.7636	0.05	2.563785	0.0113173	0.0607937	0.047668	0.00485633	0.0377458	0.024487	0.0296633	0.00731178	0.15662	0.0273997	0.0293765	0.0683694	0.0502789	0.352422	0.704105	1.07932	1.86416	1	0.5558875
1400000	85.25394	-53.505	138.7589	0.05	2.030059	0.0474173	0.133951	0.000633086	0.141132	0.0241738	0.0108593	0.0442694	0.028067	0.00368179	0.111037	0.0498394	0.0915846	0.0970255	0.296837	0.658172	1.07072	1.97427	1	0.7836705
1401000	77.24112	-59.79942	137.0405	0.05	1.065593	0.0250712	0.178944	0.0792193	0.0173827	0.0142885	0.158322	0.156609	0.0236388	0.0390886	0.145707	0.00226883	0.155784	0.0362011	0.149853	0.495617	1.01007	2.34446	1	1.032526
1402000	89.56215	-48.31116	137.8733	0.05	1.728482	0.0421278	0.0140946	0.0805427	0.0121372	0.051367	0.000119614	0.00968093	0.00165089	0.126213	0.0579968	0.437419	0.0230985	0.0394782	0.25856	0.622641	1.06143	2.05737	1	0.895927
1403000	86.40552	-56.11532	142.5208	0.05	0.4908542	0.0240408	0.00647957	0.122832	0.0918372	0.019805	0.00913133	0.0166116	0.00695633	0.0143929	0.069103	0.0333688	0.0817469	0.0513399	0.0317054	0.245903	0.813498	2.90889	1	0.547645
1404000	79.66557	-54.80512	134.4707	0.05	1.532319	0.119183	0.0531465	0.317483	0.0677087	0.0129997	0.106533	0.027085	0.0374174	0.00185491	0.0276083	0.037535	0.365477	0.0684155	0.230272	0.593849	1.05226	2.12361	1	1.242447
1405000	84.17557	-54.47648	138.652	0.05	1.848557	0.00388946	0.0236584	0.0157896	0.0834777	0.00714962	0.0822039	0.0430881	0.0452935	0.0748508	0.0149857	0.192096	0.130346	0.140584	0.274501	0.637879	1.06569	2.02193	1	0.8574125
1406000	88.88741	-48.35641	137.2438	0.05	1.627216	0.095617	0.0225448	0.0255024	0.0207753	0.00298785	0.0199268	0.0244604	0.0115056	0.0830428	0.0584872	0.28622	0.0858109	0.200445	0.244323	0.608447	1.05709	2.09014	1	0.9373258
1407000	78.46997	-53.04579	131.5158	0.05	2.347501	0.0326954	0.0348	0.0142048	0.0555736	0.137861	0.0299088	0.0727061	0.0426311	0.226622	0.45227	0.0830531	0.167297	0.0993134	0.331505	0.687518	1.07667	1.90431	1	1.448937
1408000	72.65458	-57.72656	130.3811	0.05	0.1826523	0.101233	0.0795194	0.188927	0.115501	0.00192368	0.00347158	0.0436518	0.0186708	0.697241	0.113339	0.246096	0.159951	0.00755088	0.000275666	0.0244051	0.336892	3.63843	1	1.777077
1409000	74.49814	-53.9912	128.4893	0.05	3.773213	0.0708054	0.295666	0.144832	0.191498	0.00208457	0.136908	0.00338037	0.00596571	0.00467172	0.0299644	0.230522	0.404442	0.0752241	0.441453	0.766982	1.08436	1.7072	1	1.595965
1410000	83.64967	-55.1863	138.836	0.05	0.516444	0.0170183	0.0865649	0.173834	0.0149509	0.00719987	0.0274599	0.0514195	0.0167931	0.201315	0.0173006	0.107001	0.129039	0.0333924	0.0364746	0.262515	0.831874	2.86914	1	0.8832889
1411000	88.30442	-48.98817	137.2926	0.05	0.9288586	0.00703291	0.165386	0.00743242	0.0608886	0.00225114	0.0125333	0.0265231	0.00152608	0.0745208	0.0821431	0.0369803	0.342474	0.189566	0.12255	0.454272	0.987134	2.43604	1	1.009258
1412000	76.26325	-56.1454	132.4086	0.05	4.281773	0.0716709	0.0162326	0.00337475	0.0199313	0.170369	0.105534	0.013231	0.0918338	0.417131	0.00893826	0.0159683	0.225737	0.0421103	0.469202	0.784422	1.08426	1.66211	1	1.202063
1413000	76.40056	-57.7943	134.1949	0.05	1.489198	0.00870194	0.135078	0.0217109	0.121987	0.0139904	0.0416899	0.114825	0.195765	0.00910461	0.0474476	0.160799	0.024563	0.374248	0.223649	0.586748	1.04978	2.13982	1	1.26991
1414000	88.449	-52.00749	140.4565	0.05	0.8186371	0.0246063	0.0214499	0.00371342	0.118554	0.0129173	0.0465277	0.0364654	0.00481708	0.0170518	0.0967972	0.0872079	0.131315	0.100545	0.0995179	0.414531	0.961988	2.52396	1	0.7019683
1415000	75.32769	-55.76984	131.0975	0.05	3.772628	0.135697	0.00169306	0.0508936	0.0714329	0.016536	0.0413885	0.144488	0.0167782	0.405355	0.0332127	0.386573	0.0186651	0.0163217	0.441418	0.76696	1.08436	1.70726	1	1.339035
1416000	78.08716	-53.71119	131.7983	0.05	2.761712	0.0605368	0.0211563	0.0552936	0.0282287	0.0136944	0.0101617	0.00513226	0.0346134	0.183983	0.0799236	0.0948174	0.785067	3.70316e-05	0.369944	0.717418	1.08106	1.83158	1	1.372645
1417000	79.71605	-55.02854	134.7446	0.05	0.5772127	0.00278532	0.0768303	0.0417305	0.0499426	0.0221768	0.162215	0.030588	0.00620879	0.196293	0.195035	0.0325334	0.334289	0.133451	0.0484448	0.299366	0.869233	2.78296	1	1.28408
1418000	86.95833	-50.85894	137.8173	0.05	0.3581483	0.077564	0.0252838	0.060516	0.0484566	0.0628289	0.0213195	0.0133122	0.0144592	0.0153647	0.108301	0.470438	0.0394471	0.0367186	0.0111683	0.149878	0.681709	3.15724	1	0.9940095
1419000	84.26464	-52.42038	136.685	0.05	2.849232	0.0391962	0.00738062	0.0338847	0.159215	0.0604185	0.0267816	0.034728	0.00146363	0.0197002	0.0112891	0.0924251	0.324553	0.0459098	0.377251	0.722823	1.08166	1.81826	1	0.8569447
1420000	72.59383	-54.98742	127.5813	0.05	2.733225	0.133729	0.123971	0.00420213	0.226324	0.02218	0.0246335	0.114867	0.188368	0.0558384	0.135605	0.421695	0.254252	0.083096	0.367509	0.715599	1.08084	1.83605	1	1.788761
1421000	82.98146	-55.23719	138.2186	0.05	0.9684504	0.0942546	0.00710854	0.0870155	0.0273827	0.0790527	0.0519642	0.0180042	0.00261118	0.000388833	0.0647056	0.0798454	0.264896	0.157172	0.130617	0.467059	0.994569	2.40776	1	0.9344011
1422000	89.13985	-51.08119	140.221	0.05	0.5871603	0.0053648	0.109433	0.0661753	0.0593975	0.009594	0.020287	0.0101234	0.00279307	0.000320549	0.00800148	0.262713	0.149938	0.0432732	0.0504711	0.305059	0.874624	2.76985	1	0.7474148
1423000	90.97223	-51.2323	142.2045	0.05	1.26189	0.0293365	0.0167154	0.0075502	0.0232106	0.0116118	0.0212192	0.0312671	0.000394779	0.0221145	0.0650422	0.0222082	0.0224703	0.193606	0.18609	0.543444	1.03273	2.23773	1	0.4667463
1424000	88.33421	-51.36634	139.7005	0.05	2.49549	0.0171276	0.0302981	0.0192422	0.0540187	0.0438693	0.00872859	0.0253051	0.00618407	0.0101463	0.196917	0.0454598	0.0740324	0.0965381	0.346029	0.699119	1.07858	1.87628	1	0.6278677
1425000	86.96293	-50.48834	137.4513	0.05	0.5961624	0.0377453	0.00411053	0.025369	0.0239688	0.0243315	0.0291899	0.0287113	0.0578922	0.0122102	0.125725	0.0556276	0.482781	0.119894	0.0523175	0.310132	0.879348	2.7582	1	1.027556
1426000	80.15046	-52.70961	132.8601	0.05	0.9010803	0.104028	0.0526764	0.0775917	0.109119	0.0162134	0.0128399	0.111093	0.00969179	0.197478	0.171917	0.0693442	0.268011	0.268665	0.116819	0.444858	0.981459	2.45686	1	1.468667
1427000	84.12873	-53.1375	137.2662	0.05	2.423267	0.022041	0.0981531	0.00815481	0.151883	0.00331486	0.00796234	0.0746463	0.0863601	0.0399551	0.160425	0.0302968	0.0873388	0.0783323	0.339059	0.6936	1.0777	1.88964	1	0.8488638
1428000	78.86252	-57.13588	135.9984	0.05	0.6482276	0.00144955	0.0163345	0.225234	0.0918745	0.0472734	0.012599	0.016341	0.0349853	0.0315342	0.464787	0.0514515	0.105349	0.0683118	0.0631834	0.338043	0.904061	2.69471	1	1.167525
1429000	86.6236	-50.50529	137.1289	0.05	2.019255	0.0424319	0.00452081	0.0151252	0.0488321	0.0235711	0.0109438	0.0138188	0.00672962	0.0568724	0.136509	0.0194681	0.480952	0.0632323	0.295562	0.657046	1.07046	1.97693	1	0.9230064
1430000	80.29699	-53.8435	134.1405	0.05	2.62735	0.0113411	0.106099	0.200059	0.000642121	0.0117694	0.0666742	0.142216	0.0110132	0.285437	0.0588417	0.0478503	0.0637235	0.182231	0.358207	0.708558	1.07994	1.8533	1	1.187897
1431000	86.25742	-51.72806	137.9855	0.05	2.485988	0.0175357	0.0838874	0.0436143	0.0739088	0.00502003	0.0467614	0.0325252	0.0454348	0.252603	0.0472839	0.0847955	0.0236126	0.0779415	0.345124	0.698407	1.07847	1.878	1	0.8349238
1432000	84.90888	-54.13493	139.0438	0.05	0.6789249	0.0622417	0.0320125	0.0519333	0.00178751	0.0413407	0.010231	0.0899182	0.125553	0.193728	0.0017793	0.0463208	0.0233311	0.178089	0.0696935	0.353414	0.916801	2.66009	1	0.858266
1433000	81.88152	-53.13856	135.0201	0.05	0.6167672	0.0213956	0.115733	0.0328319	0.0947446	0.0063912	0.0508784	0.0953031	0.0945224	0.303179	0.13024	0.192989	0.0367809	0.102295	0.0565837	0.321465	0.889638	2.73231	1	1.277285
1434000	84.60048	-50.31842	134.9189	0.05	3.225726	0.0317534	0.0472138	0.03795	0.0567788	0.010151	0.0540406	0.00258672	0.0196198	0.0627681	0.304439	0.160945	0.111699	0.116236	0.406004	0.743307	1.08342	1.76726	1	1.01618
1435000	75.07657	-56.55478	131.6313	0.05	2.750497	0.104723	0.0851559	0.0116889	0.107287	0.0950235	0.31734	0.0200706	0.0552165	0.0620311	0.242606	0.0859455	0.238121	0.00685792	0.368989	0.716706	1.08097	1.83333	1	1.432068
1436000	79.19613	-55.02241	134.2185	0.05	0.545411	0.249614	0.097112	0.151943	0.0900637	0.0124793	0.0150212	0.0527986	0.00179423	0.169393	0.2625	0.0302143	0.178464	0.0595357	0.0420824	0.280531	0.850692	2.82669	1	1.370933
1437000	84.36403	-50.68106	135.0451	0.05	1.31874	0.0261657	0.0285695	0.0146295	0.088807	0.0546713	0.0155814	0.0546555	0.061453	0.0249577	0.163948	0.129558	0.0823234	0.449325	0.195916	0.555315	1.03773	2.21104	1	1.194645
1438000	82.25235	-55.30794	137.5603	0.05	0.8992738	0.0562841	0.013579	0.0689415	0.0116816	0.0312217	0.0567333	0.0416786	0.021347	0.102561	0.0171947	0.482901	0.0816295	0.00223696	0.116444	0.444232	0.981076	2.45825	1	0.9879905
1439000	83.80761	-52.21584	136.0234	0.05	0.871419	0.219076	0.119028	0.175773	0.0329231	0.0230803	0.00411935	0.0113971	0.0232932	0.0138002	0.130565	0.0283185	0.30742	0.0400802	0.110641	0.434374	0.974936	2.48005	1	1.128874
1440000	85.48845	-52.95823	138.4467	0.05	1.082392	0.0224503	0.0719444	0.0216829	0.0579643	0.0448761	0.111046	4.30013e-05	0.0136185	0.0161437	0.219467	0.0175092	0.21392	0.0888839	0.153094	0.500189	1.01241	2.3343	1	0.8995489
1441000	81.81536	-55.5166	137.332	0.05	1.304634	0.155705	0.00917938	0.0537025	0.0757151	0.00730721	0.00662873	0.0597498	0.0293331	0.00468773	0.00905541	0.0496579	0.291066	0.241732	0.193505	0.552441	1.03654	2.21751	1	0.9935197
1442000	74.1036	-60.22626	134.3299	0.05	0.7556154	0.0825802	0.00778598	0.0263106	0.0837956	0.0493264	0.0009595	0.0965704	0.0237524	0.296277	0.155279	0.419746	0.0488806	0.0518872	0.0860858	0.388631	0.943855	2.58143	1	1.343151
1443000	86.37072	-50.55183	136.9226	0.05	2.05215	0.0372337	0.0592575	0.0193913	0.0756791	0.0388217	0.0413655	0.0164963	0.0152483	0.00698358	0.00664934	0.214438	0.38882	0.0303415	0.299421	0.660447	1.07124	1.96889	1	0.9507264
1444000	79.20994	-54.48481	133.6948	0.05	1.148374	0.169841	0.0789729	0.0618812	0.0603351	0.0102388	0.0594161	0.105861	0.0201806	0.268708	0.100668	0.094058	0.00891671	0.312031	0.165573	0.517218	1.02081	2.2964	1	1.351108
1445000	78.66908	-57.48343	136.1525	0.05	0.8541363	0.0409226	0.0299541	0.0487581	0.266218	0.0423423	0.0227898	0.0628251	0.176749	0.061533	0.134738	0.0126983	0.197448	0.0494363	0.107015	0.42805	0.970896	2.49404	1	1.146412
1446000	76.18628	-54.44079	130.6271	0.05	2.357503	0.0872348	0.0495302	0.0169897	0.0134401	0.0833738	0.258754	0.00808004	0.14278	0.298705	0.0158764	0.0324668	0.489859	0.0754352	0.332517	0.688339	1.07681	1.90233	1	1.572525
1447000	83.63185	-49.70311	133.335	0.05	1.486444	0.120293	0.0908053	0.0436823	0.15247	0.00243599	0.0063225	0.000383008	0.0255081	0.0509347	0.700555	0.0126595	0.0773877	0.058413	0.223221	0.586284	1.04962	2.14088	1	1.34185
1448000	83.43533	-56.87331	140.3086	0.05	0.5730886	0.0800458	0.00809291	0.00900222	0.0448103	0.00357835	0.0157606	0.00151405	0.00421844	0.200126	0.148288	0.0429626	0.14357	0.079316	0.0476093	0.296978	0.866943	2.78847	1	0.7812853
1449000	71.77732	-64.95763	136.7349	0.05	2.268038	0.0537357	0.000626115	0.0260699	0.199288	0.112347	0.0925249	0.139243	0.0289223	0.0803609	0.190568	0.0105966	0.0081468	0.0809392	0.3233	0.680792	1.07545	1.92046	1	1.023368
1450000	81.29343	-53.63795	134.9314	0.05	0.7391761	0.0696624	0.0541849	0.0555883	0.0638821	0.0845098	0.00105922	0.0537904	0.00592326	0.12871	0.577751	0.0280894	0.0658191	0.0958286	0.0825683	0.381443	0.938564	2.59743	1	1.284798
1451000	79.57774	-50.93979	130.5175	0.05	0.6902234	0.154193	0.0100361	0.14148	0.0314033	0.0182764	0.140339	0.0191666	0.000811995	0.123024	0.723789	0.092359	0.131521	0.116006	0.0721013	0.358881	0.921191	2.64783	1	1.702405
1452000	88.49154	-50.82249	139.314	0.05	0.498884	0.0380934	0.0124359	0.0752706	0.0290931	0.021002	0.0214169	0.0308435	0.0269164	0.021328	0.0664527	0.0184703	0.428477	0.0370561	0.0331811	0.251187	0.819455	2.89618	1	0.8268557
1453000	81.58786	-54.67823	136.2661	0.05	0.5227696	0.0688179	0.000217597	0.037771	0.013655	0.150348	0.0906708	0.0301662	0.116652	0.442274	0.00243653	0.169061	0.0176936	0.00685092	0.0376817	0.266521	0.836154	2.85964	1	1.146614
1454000	74.18251	-58.37861	132.5611	0.05	2.242333	0.0598826	0.0086963	0.017205	0.146641	0.0643578	0.0751116	0.0216724	0.29516	0.137896	0.036774	0.179169	0.264209	0.0794992	0.320582	0.678534	1.07502	1.92586	1	1.386274
1455000	79.954	-53.58955	133.5435	0.05	1.573018	0.169697	0.176654	0.0674977	0.031819	0.0304784	0.0883957	0.0529343	0.0112605	0.0837827	0.0260622	0.02203	0.0701733	0.493554	0.236385	0.600276	1.05444	2.1089	1	1.324339
1456000	86.52668	-51.08129	137.608	0.05	1.098997	0.118473	0.335804	0.0139998	0.00674811	0.00272935	0.0046353	0.00199991	0.00770263	0.0175328	0.30409	0.0406533	0.0811479	0.026014	0.156273	0.504611	1.01465	2.32447	1	0.9615299
1457000	83.00353	-50.5925	133.596	0.05	2.151607	0.252408	0.104449	0.023184	0.0140482	0.026172	0.0716009	0.00253612	0.0121816	0.0836691	0.520338	0.0121965	0.0159516	0.12867	0.310724	0.670224	1.07336	1.94569	1	1.267405
1458000	73.53319	-60.88761	134.4208	0.05	0.8948006	0.230969	0.0290257	0.121894	0.0415506	0.0616997	0.052213	0.0818404	0.113629	0.0777621	0.096244	0.067827	0.101795	0.224974	0.115516	0.442676	0.98012	2.46169	1	1.301423
1459000	89.60034	-51.05035	140.6507	0.05	2.233239	0.0157346	0.0335912	0.00751284	0.0470912	0.00929152	0.00294129	0.0465114	0.026585	0.0791115	0.124889	0.0530569	0.0143427	0.0781717	0.319613	0.677726	1.07486	1.9278	1	0.5388308
1460000	73.52803	-54.03242	127.5605	0.05	4.395783	0.222418	0.146166	0.0672514	0.217832	0.0623568	0.0273332	0.0183135	0.0446884	0.512353	0.0867704	0.153705	0.0895979	0.00912811	0.474866	0.787872	1.08416	1.6531	1	1.657914
1461000	74.9283	-54.34636	129.2747	0.05	3.510037	0.283821	0.00564672	0.0945673	0.0533322	0.123098	0.120231	0.00793335	0.0322656	0.0757946	0.00028787	0.226064	0.110821	0.453493	0.425238	0.756357	1.08409	1.73431	1	1.587357
1462000	84.57939	-51.28065	135.86	0.05	0.6795309	0.089207	0.0275073	0.0715617	0.00698088	0.00583672	0.0601963	0.0877946	0.029484	0.060622	0.155433	0.0468006	0.0359832	0.51424	0.0698225	0.35371	0.91704	2.65943	1	1.191647
1463000	89.2735	-51.19852	140.472	0.05	3.046635	0.0117543	0.004339	0.0242455	0.0267557	0.0207666	0.00343874	0.00293967	0.00791042	0.0460757	0.136734	0.00792692	0.219232	0.00302926	0.392838	0.734078	1.08274	1.79035	1	0.5151477
1464000	75.2787	-60.12748	135.4062	0.05	0.9931492	0.0717929	0.0464822	0.0446864	0.0455679	0.0963957	0.0631687	0.17278	0.0942039	0.154092	0.22457	0.0621445	0.0156269	0.106494	0.135585	0.474683	0.998856	2.39088	1	1.198006
1465000	85.35823	-50.06833	135.4266	0.05	1.923835	0.0330181	0.0646967	0.12878	0.0779245	0.00652215	0.000799897	0.000630162	0.0238579	0.512232	0.0987761	0.052383	0.0130142	0.0805879	0.28401	0.646662	1.06796	2.00137	1	1.093223
1466000	83.12926	-54.53157	137.6608	0.05	1.883037	0.00830443	0.0845489	0.0119734	0.106302	0.0142671	0.00203115	0.0222523	0.0561477	0.0229979	0.253548	0.0207831	0.226017	0.0726133	0.278901	0.64197	1.06677	2.01236	1	0.9017869
1467000	80.07768	-56.43082	136.5085	0.05	1.613732	0.0238682	0.0242859	0.108905	0.0776314	0.00398893	0.0821286	0.124904	0.0609906	0.225036	0.0140153	0.116731	0.10002	0.0797614	0.242369	0.606454	1.05646	2.09472	1	1.042267
1468000	75.72691	-55.95158	131.6785	0.05	3.055749	0.0445321	0.0439125	0.0234004	0.110849	0.0878592	0.0756667	0.0570476	0.0739221	0.0356199	0.404816	0.0185256	0.04668	0.32559	0.393529	0.734569	1.08278	1.78912	1	1.348421
1469000	78.79822	-55.61388	134.4121	0.05	2.452721	0.120634	0.0209488	0.112155	0.0351476	0.0258545	0.00778783	0.0950373	0.0823144	0.0442605	0.429364	0.0470605	0.00425416	0.110279	0.341928	0.695882	1.07807	1.88412	1	1.135097
1470000	73.48097	-55.35415	128.8351	0.05	1.623498	0.266777	0.175581	0.0744917	0.07058	0.201782	0.0779083	0.065818	0.00705521	0.00333028	0.0169143	0.00594145	0.579542	0.222483	0.243785	0.6079	1.05692	2.09139	1	1.768203
1471000	81.63079	-56.80437	138.4352	0.05	0.9345678	0.0222383	0.242629	0.000554659	0.0110429	0.0504126	0.0931487	0.0179481	0.0171296	0.229668	0.0896611	0.0239271	0.0318702	0.0576118	0.12372	0.456161	0.988251	2.43187	1	0.8878418
1472000	86.02055	-52.89411	138.9147	0.05	4.001245	0.0806719	0.00581615	0.0212821	0.0441304	0.0263915	0.074054	0.00122399	0.00567425	0.141647	0.0415117	0.0831377	0.00371066	0.00730323	0.454431	0.775252	1.0844	1.68592	1	0.5365542
1473000	80.23063	-49.27551	129.5061	0.05	4.07703	0.0614967	0.0747105	0.139788	0.0529609	0.0431981	0.0202723	0.0637389	0.00450236	0.0175431	0.0986262	0.107129	0.072071	0.710535	0.458544	0.777831	1.08438	1.67924	1	1.466573
1474000	84.99816	-51.86714	136.8653	0.05	0.581142	0.0352582	0.157892	0.0202758	0.00474947	0.00589683	0.0409359	0.00314972	0.00727763	0.0595184	0.0832244	0.179968	0.0106959	0.483353	0.0492433	0.301626	0.871384	2.77775	1	1.092195
1475000	82.85732	-55.34886	138.2062	0.05	0.6591396	0.0556717	0.044044	0.00846984	0.0043088	0.0144799	0.0510909	0.00827078	0.0690483	0.186853	0.133397	0.0668139	0.0164128	0.325014	0.0654912	0.343596	0.908732	2.68218	1	0.9838757
1476000	85.61976	-51.42412	137.0439	0.05	1.071802	0.0793071	0.0233083	0.0147444	0.0257453	0.0958126	0.000475775	0.0761771	0.000436033	0.114154	0.364277	0.0456476	0.0896655	0.128031	0.151054	0.497319	1.01095	2.34068	1	1.057781
1477000	75.87504	-59.11533	134.9904	0.05	1.195788	0.0137382	0.00643041	0.0228372	0.100212	8.88233e-05	0.14604	0.0327442	0.344951	0.0280277	0.23451	0.189247	0.140237	0.0400445	0.174289	0.528612	1.02614	2.27096	1	1.299108
1478000	81.09371	-55.03659	136.1303	0.05	1.011714	0.0721191	0.191879	0.112056	0.0258672	0.0272579	0.0153264	0.0135648	0.0302733	0.0393933	0.0280299	0.0026356	0.212872	0.350472	0.139285	0.480245	1.00191	2.37856	1	1.121747
1479000	82.89491	-52.75861	135.6535	0.05	1.151713	0.0650567	0.00435771	0.0374865	0.0164556	0.0166405	0.00823632	0.0273611	0.0165216	0.183651	0.0604936	0.218071	0.483116	0.091943	0.166193	0.518043	1.0212	2.29456	1	1.22939
1480000	84.56458	-55.86183	140.4264	0.05	0.9261308	0.016095	0.102216	0.0963735	0.0123393	0.0687174	0.0247622	0.037741	0.0272261	0.0538034	0.00417094	0.0120947	0.0283974	0.22203	0.121989	0.453364	0.986594	2.43805	1	0.705967
1481000	83.85795	-54.25313	138.1111	0.05	1.44771	0.0870016	0.00576038	0.0118489	0.0660045	0.12793	0.0293874	0.00270552	0.0373689	0.262256	0.0294312	0.0740952	0.110904	0.0672968	0.217131	0.579615	1.0472	2.15606	1	0.911991
1482000	83.88075	-54.59988	138.4806	0.05	1.996498	0.00221925	0.129439	0.00776502	0.191839	0.0205446	0.030825	0.0193889	0.0130269	0.111062	0.204173	0.0216621	0.0363067	0.00615637	0.292856	0.654641	1.0699	1.9826	1	0.7944072
1483000	79.95134	-55.70857	135.6599	0.05	2.142228	0.102383	0.00392775	0.136381	0.0931289	0.066115	0.00841048	0.0162682	0.0059294	0.0697784	0.292776	0.0212835	0.0354126	0.180549	0.309681	0.669333	1.07317	1.94781	1	1.032343
1484000	81.01232	-53.63919	134.6515	0.05	1.808471	0.0233476	0.0819813	0.0482096	0.112261	0.0212901	0.0379701	0.11092	0.0274081	0.0263922	0.108474	0.045677	0.533255	0.0133854	0.269288	0.632968	1.06436	2.03338	1	1.190572
1485000	76.40161	-55.98187	132.3835	0.05	5.574322	0.106532	0.0569133	0.105819	0.0990215	0.0428913	0.0122521	0.0296286	0.0381027	0.0435126	0.0649482	0.0978997	0.258312	0.111262	0.524313	0.816538	1.08218	1.57696	1	1.067094
1486000	82.6335	-50.62889	133.2624	0.05	1.672187	0.10987	0.0980614	0.199654	0.0314492	0.0240739	0.0299206	0.0357736	0.0102848	0.150241	0.112555	0.503796	0.0086909	0.0259796	0.250739	0.614915	1.05911	2.07523	1	1.34035
1487000	83.19079	-53.72366	136.9145	0.05	2.445	0.0754534	0.0347327	0.0748504	0.199824	0.00590136	0.0460993	0.00826448	0.00187485	0.045351	0.100986	0.149819	0.0539353	0.0898856	0.341179	0.695288	1.07798	1.88556	1	0.8869779
1488000	82.00946	-50.55368	132.5631	0.05	3.58994	0.020168	0.0854427	0.0876385	0.151226	0.0238784	0.0114923	0.00689653	0.00573732	0.303883	0.368843	0.0708989	0.0225252	0.0450802	0.430311	0.759718	1.0842	1.72577	1	1.20371
1489000	78.50471	-49.70804	128.2128	0.05	2.931601	0.0795344	0.0354344	0.0761619	0.0730266	0.00882779	0.0317241	0.0619277	0.0580059	0.164246	0.0811728	0.909377	0.0983146	0.0252405	0.3839	0.727669	1.08216	1.80627	1	1.702994
1490000	89.24905	-51.26472	140.5138	0.05	0.5615022	0.0162959	0.0541065	0.0183306	0.122916	0.020313	0.000842291	0.00566325	0.0100065	0.0240864	0.287439	0.0907292	0.0298477	0.0315384	0.045278	0.290183	0.860331	2.80421	1	0.7121154
1491000	85.14713	-50.92624	136.0734	0.05	1.256679	0.0367385	0.0435067	0.0350501	0.0224655	0.0322211	0.0460997	0.0031877	0.0160079	0.089989	0.00686619	0.401277	0.143969	0.218587	0.185174	0.542317	1.03224	2.24026	1	1.095965
1492000	78.82166	-55.83967	134.6613	0.05	1.003701	0.0553563	0.0229812	0.0563857	0.0112123	0.150769	0.00156803	0.0318179	0.0794575	0.531788	0.0147408	0.102415	0.0411663	0.165032	0.137692	0.477862	1.00061	2.38384	1	1.26469
1493000	82.22641	-57.43855	139.665	0.05	1.002546	0.00152866	0.0110017	0.0638839	0.0911107	0.0255963	0.019398	0.0154411	0.0096546	0.130611	0.0592445	0.0173599	0.32623	0.0191427	0.137461	0.477516	1.00042	2.3846	1	0.7902032
1494000	82.46957	-56.17222	138.6418	0.05	0.3924948	0.0224254	0.0854136	0.0117244	0.23922	0.0226781	0.0152562	0.0616221	0.00632163	0.0524189	0.167231	0.0280657	0.143672	0.0544552	0.0156467	0.176128	0.72303	3.0852	1	0.9105045
1495000	84.28085	-56.66823	140.9491	0.05	1.139417	0.0620905	0.0481002	0.00094382	0.0914088	0.0321191	0.0092646	0.0027872	0.00286103	0.0498561	0.105487	0.0157276	0.178957	0.0225971	0.163903	0.514989	1.01974	2.30137	1	0.6221998
1496000	80.79226	-56.55422	137.3465	0.05	1.651984	0.0327808	0.0237193	0.00793229	0.111474	0.00610034	0.030327	0.0417894	0.122667	0.215864	0.0196834	0.219361	0.0320976	0.0808618	0.247875	0.612043	1.05823	2.08185	1	0.9446573
1497000	84.5506	-53.54088	138.0915	0.05	0.4058303	0.0608642	0.0724949	0.0397722	0.0395939	0.013693	0.0281551	0.123933	0.0280671	0.407707	0.113485	0.0117803	0.0057708	0.053234	0.0175644	0.186098	0.737513	3.05882	1	0.9985502
1498000	82.23933	-55.70265	137.942	0.05	1.905606	0.0713424	0.0145574	0.0497899	0.104454	0.0938566	0.0458549	0.0679362	0.118141	0.0238661	0.0225802	0.0614344	0.0283222	0.165698	0.28174	0.644585	1.06744	2.00624	1	0.8678326
1499000	86.381	-52.27254	138.6535	0.05	2.265557	0.0299534	0.0263569	0.0765271	0.0129031	0.0106146	0.0155292	0.00884176	0.0118039	0.0408404	0.108142	0.0484981	0.0685573	0.302513	0.323039	0.680576	1.07541	1.92098	1	0.7610817
1500000	85.75175	-51.27089	137.0226	0.05	1.244132	0.032632	0.150374	0.105664	0.0437297	0.0239115	0.0407396	0.00624819	0.00550233	0.0431971	0.0190056	0.271261	0.0435071	0.236969	0.18296	0.539573	1.03105	2.24642	1	1.022741
1501000	90.46264	-50.29573	140.7584	0.05	1.004091	0.0543275	0.00555842	0.0547885	0.0559524	0.0256808	0.0105765	0.0140589	0.0298285	0.0353133	0.0106236	0.255121	0.0233915	0.069425	0.137769	0.477978	1.00067	2.38358	1	0.6446461
1502000	83.82287	-50.67219	134.4951	0.05	3.897506	0.227146	0.0187033	0.0257724	0.0897265	0.000583664	0.0529429	0.0215788	0.0670419	0.0246314	0.372551	0.0218549	0.0385002	0.0404754	0.448642	0.771588	1.0844	1.69537	1	1.001509
1503000	80.45775	-53.43867	133.8964	0.05	1.119961	0.0159677	0.124629	0.222839	0.0159565	0.0123473	0.00522203	0.132365	0.0474667	0.0980886	0.0691792	0.453057	0.128867	0.0322777	0.160249	0.510061	1.01735	2.31235	1	1.358263
1504000	76.21625	-52.45667	128.6729	0.05	0.6160873	0.0840634	0.0806213	0.0485035	0.0593198	0.117066	0.160905	0.0236678	0.0141162	0.0198083	0.0152109	0.0144684	1.02463	0.240811	0.0564421	0.321097	0.889309	2.73315	1	1.903194
1505000	88.92663	-51.4032	140.3298	0.05	1.121133	0.0601214	0.0354263	0.0416694	0.0276835	0.0746304	0.0134095	0.03114	0.0320407	0.0747723	0.0625916	0.20891	0.00420527	0.0208077	0.16047	0.510361	1.01749	2.31168	1	0.6874083
1506000	80.09296	-56.08402	136.177	0.05	0.5073591	0.0861396	0.113499	0.00476644	0.0233633	0.0564564	0.06423	0.0791401	0.0253368	0.39866	0.133193	0.0249939	0.0274861	0.127494	0.0347597	0.256693	0.82555	2.883	1	1.164758
1507000	80.58853	-51.95393	132.5425	0.05	2.729945	0.0839686	0.234034	0.0294162	0.0407037	0.0190154	0.0194952	0.0484638	0.0417471	0.3936	0.11918	0.0841122	0.0754899	0.106871	0.367227	0.715387	1.08081	1.83657	1	1.296097
1508000	77.73791	-54.59516	132.3331	0.05	1.701319	0.157476	0.0461109	0.0384798	0.251971	0.0853693	0.0678209	0.0355321	0.0275236	0.0373756	0.114321	0.0144086	0.421956	0.124708	0.254815	0.618963	1.06034	2.06588	1	1.423052
1509000	79.67689	-55.43349	135.1104	0.05	3.496219	0.0327791	0.0113086	0.000684614	0.10069	0.0138205	0.0464855	0.000382236	0.0312499	0.0631253	0.0182053	0.372281	0.125551	0.144833	0.424346	0.755763	1.08407	1.73582	1	0.9613967
1510000	76.82385	-58.57222	135.3961	0.05	0.7425437	0.089479	0.00261064	0.0497915	0.0286305	0.0380292	0.19132	0.0861741	0.0711682	0.0588047	0.125914	0.0308339	0.307751	0.133293	0.083289	0.382931	0.939668	2.59411	1	1.2138
1511000	72.43819	-53.31721	125.7554	0.05	1.896108	0.129659	0.0820054	0.0133553	0.0956113	0.105798	0.0752814	0.0682965	0.0182995	0.0112642	0.0480107	0.145638	0.347388	0.938473	0.280549	0.643491	1.06716	2.0088	1	2.07908
1512000	85.53075	-52.39017	137.9209	0.05	0.8383724	0.119712	0.00345593	0.107568	0.079295	0.0188846	0.0166385	0.0120676	0.00640002	0.00564932	0.0714756	0.373702	0.139602	0.0187438	0.103694	0.422136	0.967045	2.50712	1	0.9731944
1513000	82.02769	-53.17731	135.205	0.05	2.294547	0.0495273	0.035697	0.0198489	0.0356492	0.0328285	0.0116024	0.131395	0.00406021	0.0450666	0.0248848	0.317995	0.348833	0.0178046	0.32607	0.683077	1.07587	1.91498	1	1.075191
1514000	83.99456	-55.03723	139.0318	0.05	0.9356305	0.0262756	0.102142	0.0928922	0.0492193	0.041747	0.061787	0.0036821	0.0328513	0.181932	0.0171245	0.199502	0.0191974	0.0123151	0.123938	0.456511	0.988458	2.43109	1	0.840667
1515000	68.14999	-55.16021	123.3102	0.05	0.9968859	0.453663	0.431245	0.103823	0.216655	0.0818301	0.00302417	0.0138388	0.0256206	0.0993853	0.0802465	0.744104	0.0218701	0.14733	0.136332	0.475814	0.999482	2.38837	1	2.422636
1516000	83.76337	-53.4233	137.1867	0.05	1.516104	0.0546342	0.0161869	0.0420089	0.0982449	0.0294544	0.0568623	0.0387462	0.0108632	0.47515	0.0128543	0.0724762	0.0381593	0.0127684	0.2278	0.591215	1.05135	2.12963	1	0.9584098
1517000	85.62343	-52.21838	137.8418	0.05	0.7407947	0.0563901	0.0217395	0.0675898	0.0220793	0.0167845	0.0639758	0.0268102	0.0392061	0.122638	0.0744368	0.0169139	0.258576	0.223334	0.0829147	0.382159	0.939096	2.59583	1	1.010474
1518000	79.71472	-50.58809	130.3028	0.05	7.996561	0.0285777	0.00555399	0.0127331	0.0609285	0.0749672	0.0519122	0.0201713	0.0216815	0.1742	0.109063	0.338942	0.0564223	0.0611733	0.592978	0.852473	1.07665	1.4779	1	1.016326
1519000	82.65986	-52.80861	135.4685	0.05	1.86281	0.0991505	0.0542796	0.129262	0.0920902	0.0371207	0.0310199	0.000394501	0.0552722	0.155442	0.00668174	0.271439	0.0431465	0.132489	0.276329	0.639584	1.06614	2.01794	1	1.107788
1520000	79.26534	-55.20792	134.4733	0.05	0.854506	0.145555	0.0418175	0.0680156	0.0963295	0.0519728	0.0898334	0.0145162	0.0259566	0.0275895	0.301666	0.0874911	0.151374	0.200412	0.107093	0.428187	0.970984	2.49374	1	1.302529
1521000	82.88192	-54.94109	137.823	0.05	0.4215164	0.124746	0.0127559	0.0599698	0.0290027	0.0067691	0.0312094	0.0635583	0.0403388	0.0581891	0.201529	0.00936666	0.0840108	0.335965	0.0199369	0.197638	0.753552	3.02887	1	1.057411
1522000	82.1	-57.01412	139.1141	0.05	0.7243468	0.0586016	0.0527501	0.0261273	0.0653138	0.00905023	0.156169	0.0170839	0.0183402	0.0573553	0.231909	0.0458467	0.104706	0.0216358	0.0793945	0.374795	0.933567	2.61224	1	0.8648883
1523000	80.67639	-57.10876	137.7852	0.05	0.7587227	0.150524	0.0516121	0.0218668	0.0138097	0.163483	0.00159079	0.00595463	0.158178	0.252511	0.0107396	0.0362944	0.0677079	0.040303	0.0867504	0.389969	0.944827	2.57845	1	0.9745752
1524000	78.66719	-57.85869	136.5259	0.05	1.793482	0.040123	0.00910118	0.0463011	0.10364	0.105638	0.0424586	0.0308241	0.000628451	0.129249	0.0752002	0.328664	0.00209796	0.0845366	0.267311	0.631088	1.06385	2.03776	1	0.9984613
1525000	88.12925	-52.99852	141.1278	0.05	1.300692	0.074427	0.0336161	0.032173	0.0124643	0.00368552	0.0338892	0.00819035	0.0207295	0.0872488	0.0393804	0.0804392	0.00792095	0.179513	0.192828	0.55163	1.03621	2.21934	1	0.6136778
1526000	87.60777	-49.23893	136.8467	0.05	0.6793732	0.102266	0.0670747	0.0179929	0.0760588	0.0116403	0.0128208	0.00320382	0.0338239	0.530393	0.135869	0.0391097	0.0167146	0.037864	0.0697889	0.353633	0.916978	2.6596	1	1.084831
1527000	90.60464	-48.78754	139.3922	0.05	1.917203	0.0170916	0.021162	0.0132833	0.0420912	0.00585926	0.0162827	0.0165568	0.00129734	0.177521	0.0726885	0.0399192	0.0471146	0.239873	0.283187	0.64591	1.06777	2.00313	1	0.7107398
1528000	76.76128	-58.17242	134.9337	0.05	2.119711	0.0654679	0.0567469	0.0727462	0.10767	0.0443834	0.0402888	0.0744335	0.181601	0.0759471	0.285807	0.0166412	0.084347	0.0197687	0.307158	0.667168	1.07272	1.95296	1	1.125849
1529000	87.27821	-51.05712	138.3353	0.05	1.031841	0.0401976	0.0700704	0.00953797	0.0174773	0.0304868	0.0634609	0.00544962	0.0321746	0.215304	0.181991	0.0146481	0.0220203	0.200529	0.143263	0.486118	1.00508	2.36554	1	0.9033468
1530000	91.10653	-49.4552	140.5617	0.05	0.7049349	0.0642294	0.0423916	0.0769037	0.12621	0.0105385	0.000597016	0.00305067	0.0087849	0.00311052	0.195519	0.0290719	0.0640694	0.0808864	0.0752427	0.365849	0.926683	2.63222	1	0.7053634
1531000	74.13923	-56.37123	130.5105	0.05	6.763955	0.00861106	0.0323683	0.0360903	0.199971	0.0100054	0.0240509	0.270432	0.0707233	0.160421	0.0527506	0.0636985	0.0730646	0.163696	0.56212	0.83684	1.0795	1.52154	1	1.165883
1532000	84.19015	-51.62641	135.8166	0.05	1.50791	0.0217471	0.0173104	0.035032	0.0878508	0.111914	0.0372087	0.00313556	0.00105878	0.0773851	0.137125	0.182219	0.0714389	0.311654	0.226542	0.589868	1.05088	2.13271	1	1.095079
1533000	85.72594	-53.13878	138.8647	0.05	1.014489	0.0284155	0.0940858	0.0467359	0.122637	0.011173	0.0551557	0.0223218	0.00958409	0.0920612	0.0214967	0.24234	0.065049	0.0508134	0.139836	0.481064	1.00236	2.37674	1	0.8618694
1534000	79.74107	-55.17697	134.918	0.05	1.472808	0.151996	0.0279118	0.0298021	0.0912095	0.03579	0.0184078	0.0553329	0.0245211	0.122264	0.00704421	0.0195097	0.458328	0.156788	0.221091	0.583967	1.04878	2.14616	1	1.198906
1535000	84.28252	-51.19756	135.4801	0.05	0.7623011	0.123626	0.132045	0.0267984	0.0496194	0.0292019	0.0187316	0.00219541	0.0137089	0.069471	0.000797812	0.155833	0.494488	0.102557	0.0875155	0.391501	0.945936	2.57505	1	1.219073
1536000	80.85563	-52.54406	133.3997	0.05	4.027732	0.161173	0.0817538	0.00078093	0.127462	0.01759	0.000595581	0.0399096	0.00349677	0.082755	0.183959	0.0679198	0.132426	0.187079	0.455879	0.776163	1.0844	1.68356	1	1.086901
1537000	77.68369	-54.48249	132.1662	0.05	0.9224346	0.0230918	0.0791442	0.0356344	0.0939303	0.198328	0.00553535	0.0854866	0.0336637	0.317343	0.0128119	0.231947	0.0165006	0.393535	0.121229	0.452128	0.985857	2.44079	1	1.526952
1538000	83.65729	-53.29596	136.9533	0.05	0.7138068	0.0530593	0.0662378	0.0440762	0.117555	0.00449575	0.0171923	0.0115917	0.0493036	0.183017	0.13237	0.110515	0.00519637	0.255216	0.0771395	0.369972	0.929879	2.62301	1	1.049826
1539000	75.04908	-58.20938	133.2585	0.05	0.7205982	0.263593	0.0290752	0.320609	0.0447688	0.0767531	0.00140109	0.0758562	0.0448646	0.0793362	0.0396401	0.0450871	0.126436	0.272678	0.0785924	0.373089	0.932269	2.61605	1	1.420099
1540000	79.57813	-55.25378	134.8319	0.05	0.4967952	0.154744	0.294586	0.0115107	0.025004	0.00219648	0.0311494	0.0270082	0.0215371	0.21984	0.441804	0.00796962	0.0341676	0.0233381	0.0327953	0.249819	0.817923	2.89946	1	1.294856
1541000	69.15392	-56.55633	125.7103	0.05	1.040346	0.0998098	0.0374467	0.0463378	0.0673414	0.0719317	0.0324291	0.00593452	0.224434	1.19282	0.164132	0.0698531	0.0619456	0.0719998	0.144933	0.488552	1.00638	2.36014	1	2.146412
1542000	85.57158	-51.4365	137.0081	0.05	2.311486	0.0301801	0.0159728	0.0293195	0.135363	0.00344023	0.00824371	0.0678705	0.0145968	0.302178	0.203418	0.066131	0.0128357	0.0420878	0.327823	0.684516	1.07614	1.91153	1	0.9316373
1543000	89.49673	-51.92238	141.4191	0.05	0.7370479	0.0290478	0.0114037	0.00987782	0.028423	0.0309942	0.0122529	0.00554045	0.0777552	0.0121967	0.0930832	0.0142892	0.0926427	0.223738	0.0821128	0.380498	0.93786	2.59953	1	0.6412446
1544000	71.13933	-59.37122	130.5105	0.05	0.5646939	0.161936	0.0066569	0.191064	0.0307311	0.0300042	0.0750024	0.0882556	0.00455671	0.22087	0.417737	0.16146	0.19806	0.176175	0.0459178	0.292068	0.862179	2.79984	1	1.762509
1545000	85.05023	-51.73517	136.7854	0.05	1.933579	0.0532685	0.0418329	0.0371487	0.0505384	0.0524064	0.0425147	0.00309797	0.0123184	0.307563	0.0281821	0.191329	0.0988165	0.0464099	0.285215	0.647759	1.06824	1.99879	1	0.9654264
1546000	86.98009	-52.342	139.3221	0.05	3.314058	0.0375072	0.00606161	0.00552465	0.0131096	0.0318547	0.00378298	0.047621	0.071407	0.128122	0.119775	0.0507661	0.0565848	0.04323	0.412188	0.747557	1.08368	1.75657	1	0.6153467
1547000	87.23975	-50.51356	137.7533	0.05	1.177243	0.0332688	0.10715	0.0911227	0.060898	0.0193141	0.0115512	0.0200594	0.00510006	0.00504238	0.0842263	0.0402737	0.000878463	0.464585	0.170905	0.524235	1.02412	2.28074	1	0.9434704
1548000	85.75228	-52.11111	137.8634	0.05	1.303425	0.114508	0.028243	0.0263639	0.0760701	0.0793523	0.0147296	0.0533546	0.0531603	0.0978592	0.05063	0.0393302	0.208186	0.0572849	0.193298	0.552192	1.03644	2.21807	1	0.899072
1549000	75.10747	-53.6198	128.7273	0.05	1.007086	0.17229	0.294279	0.038293	0.156087	0.0207701	0.040794	0.00848106	0.0223431	0.0654047	0.0302837	0.000712108	0.0124349	0.999433	0.138366	0.478871	1.00116	2.3816	1	1.861606
1550000	85.04042	-49.66529	134.7057	0.05	3.974265	0.043397	0.0244971	0.0178985	0.0929775	0.00729394	0.0188276	0.052743	0.0130199	0.105616	0.121908	0.127342	0.0629987	0.309972	0.452943	0.774314	1.0844	1.68834	1	0.9984908
1551000	72.44221	-55.82032	128.2625	0.05	2.454436	0.159334	0.0282969	0.0879656	0.251479	0.0157051	0.0709223	0.00957221	0.172488	0.273731	0.093509	0.032644	0.148808	0.416022	0.342094	0.696014	1.07809	1.8838	1	1.760477
1552000	81.39504	-54.12388	135.5189	0.05	1.894167	0.0038642	0.103466	0.034436	0.114352	0.037794	0.00927486	0.0147141	0.0883379	0.0624331	0.345206	0.0622388	0.199188	0.0660878	0.280305	0.643266	1.0671	2.00933	1	1.141392
1553000	75.7733	-53.87309	129.6464	0.05	4.772473	0.190512	0.0164175	0.0708268	0.00749828	0.0229023	0.0933287	0.0132858	0.0581594	0.00329581	0.237124	0.0883369	0.292463	0.302164	0.492344	0.798296	1.08368	1.62568	1	1.396314
1554000	83.81298	-54.28047	138.0934	0.05	2.476837	0.0235554	0.110934	0.0845248	0.0787934	0.0284797	0.0187889	0.0407129	0.0437221	0.0365713	0.116042	0.00303425	0.134219	0.0828592	0.34425	0.697718	1.07836	1.87967	1	0.8022364
1555000	79.92451	-56.26336	136.1879	0.05	2.135425	0.0939025	0.0586989	0.315758	0.0378256	0.0469743	0.0517661	0.00322551	0.0355545	0.20034	0.00664309	0.0887173	0.0035455	0.0709045	0.308922	0.668683	1.07304	1.94936	1	1.013855
1556000	85.50866	-48.98938	134.498	0.05	2.897295	0.0275239	0.042914	0.072802	0.0797959	0.00128294	0.0238607	0.000496953	0.0272639	0.524897	0.149866	0.0209527	0.0593953	0.0828795	0.381157	0.725678	1.08196	1.81121	1	1.113931
1557000	94.30071	-48.76678	143.0675	0.05	0.6801297	0.0451212	0.00914593	0.0542557	0.00927839	0.00252931	0.0412991	0.00141961	0.000116124	0.0535667	0.0182667	0.169485	6.69021e-05	0.0288429	0.06995	0.354002	0.917277	2.65877	1	0.4333938
1558000	86.06275	-51.58598	137.6487	0.05	1.061768	0.186729	0.0429606	0.0311649	0.00976885	0.0755162	0.00210886	0.0146634	0.0507792	0.0608722	0.34515	0.0317271	0.105756	0.0140875	0.149111	0.494561	1.00953	2.3468	1	0.9712836
1559000	77.62395	-56.06992	133.6939	0.05	1.573405	0.0714911	0.0235181	0.277298	0.245819	0.00235158	0.0316004	0.0487873	0.0188256	0.0772169	0.138081	0.0978119	0.0875841	0.207508	0.236442	0.600336	1.05446	2.10877	1	1.327894
1560000	71.95115	-56.92814	128.8793	0.05	2.902277	0.0598524	0.199441	0.238126	0.0249593	0.103191	0.0168644	0.0203781	0.122754	0.07607	0.290531	0.109911	0.0133151	0.376587	0.381558	0.72597	1.08199	1.81048	1	1.651982
1561000	78.32921	-59.76473	138.0939	0.05	1.282626	0.203714	0.00622849	0.0082457	0.012928	0.0496772	0.0600916	0.00540466	0.0348122	0.0206515	0.226532	0.01548	0.129775	0.129783	0.189708	0.547864	1.03462	2.22781	1	0.9033229
1562000	81.64049	-56.0181	137.6586	0.05	3.982369	0.0345843	0.0155221	0.0307641	0.039966	0.0563056	0.11421	0.0207855	0.029743	0.213012	0.112286	0.0152424	0.0306489	0.0192527	0.453391	0.774597	1.0844	1.68761	1	0.7323223
1563000	81.58426	-56.81529	138.3996	0.05	0.5573048	0.0288237	0.0399074	0.049897	0.0348844	0.0449568	0.141246	0.15265	0.0243781	0.0412546	0.192077	0.0939732	0.0737604	0.0464114	0.0444395	0.28769	0.857869	2.81	1	0.9642191
1564000	87.24528	-50.55575	137.801	0.05	1.508374	0.00127907	0.0809966	0.0312206	0.104176	0.0295368	0.000512389	0.0418238	0.0753014	0.108786	0.285756	0.0342244	0.075569	0.0441077	0.226613	0.589944	1.05091	2.13253	1	0.9132891
1565000	74.77889	-59.28501	134.0639	0.05	1.675877	0.0451254	0.0930684	0.0590478	0.248728	0.0467419	0.0993886	0.0871702	0.0711001	0.0125211	0.0328831	0.436497	0.0110168	0.00848224	0.251258	0.615434	1.05927	2.07403	1	1.25177
1566000	75.98752	-53.63501	129.6225	0.05	1.076248	0.20061	0.102597	0.012899	0.148822	0.0414624	0.0399831	0.0956857	0.0604456	0.692367	0.00398632	0.0147199	0.310116	0.0329899	0.151912	0.498529	1.01157	2.33799	1	1.756683
1567000	84.27277	-54.45725	138.73	0.05	1.245972	0.121033	0.0384523	0.10737	0.069434	0.0455916	0.0271455	0.0325611	0.00623335	0.026341	0.0275081	0.0125057	0.283061	0.0669292	0.183285	0.539978	1.03123	2.24551	1	0.8641662
1568000	79.19214	-52.85858	132.0507	0.05	0.9463035	0.14893	0.0290443	0.0137738	0.169244	0.0640597	0.0064943	0.0473	0.0813076	0.163967	0.0317626	0.0195654	0.592745	0.168561	0.126119	0.459995	0.9905	2.42339	1	1.536754
1569000	86.68288	-50.04045	136.7233	0.05	1.419018	0.0683887	0.0402238	0.0300618	0.0800751	0.00942724	0.0109108	0.0753316	0.023401	0.109207	0.0405319	0.111354	0.245352	0.182184	0.212537	0.574497	1.04529	2.16768	1	1.026449
1570000	81.14599	-54.03453	135.1805	0.05	1.741116	0.0344903	0.0631014	0.0333849	0.142622	0.0185826	0.107283	0.0105761	0.00390173	0.15275	0.0509888	0.396582	0.0815807	0.0449521	0.260284	0.624321	1.06192	2.05347	1	1.140797
1571000	84.09161	-54.71652	138.8081	0.05	2.018612	0.0589363	0.0451002	0.125419	0.0160281	0.0548309	0.0506731	0.0982369	0.0163219	0.0108184	0.100098	0.0219702	0.0132447	0.161103	0.295486	0.656978	1.07045	1.97709	1	0.7727808
1572000	82.14093	-52.0528	134.1937	0.05	1.610175	0.0555304	0.0644122	0.0151852	0.0537628	0.00169868	0.0768538	0.22008	0.0407493	0.14131	0.0600704	0.102937	0.0640801	0.392128	0.241851	0.605924	1.05629	2.09594	1	1.288799
1573000	81.71243	-57.31774	139.0302	0.05	1.064573	0.0324761	0.0411151	0.127299	0.162992	0.00691436	0.0225447	0.0227134	0.00875361	0.0728569	0.0309233	0.0446357	0.0458747	0.255727	0.149655	0.495336	1.00993	2.34508	1	0.8748256
1574000	75.58511	-59.05011	134.6352	0.05	2.453696	0.0899604	0.00802159	0.0418584	0.0930043	0.109762	0.00265073	0.123155	0.0556218	0.0538222	0.0676265	0.3207	0.0818554	0.0906298	0.342022	0.695957	1.07808	1.88394	1	1.138668
1575000	79.50447	-54.84556	134.35	0.05	2.951998	0.0648382	0.231104	0.0486015	0.0811685	0.027051	0.00385858	0.0114305	0.0333367	0.137002	0.0408724	0.0885075	0.34751	0.0167359	0.385514	0.728835	1.08227	1.80338	1	1.132016
1576000	75.0222	-59.01918	134.0414	0.05	3.035978	0.00132279	0.0149354	0.00436625	0.184446	0.0444342	0.0339226	0.118905	0.0571417	0.0986824	0.282988	0.0407958	0.269146	0.063795	0.392026	0.733501	1.08269	1.79178	1	1.214882
1577000	74.88958	-55.85818	130.7478	0.05	1.778027	0.182037	0.0540827	0.0882227	0.037437	0.0918104	0.0431325	0.0440549	0.128245	0.391726	0.0424471	0.213946	0.0721314	0.201764	0.265257	0.629123	1.0633	2.04232	1	1.591036
1578000	88.95627	-51.91238	140.8687	0.05	1.434424	0.0456021	0.018241	0.0477885	0.003775	0.0702124	0.00759998	0.0194807	0.00270697	0.211905	0.0336013	0.0743498	0.0691591	0.0131831	0.215012	0.577265	1.04633	2.1614	1	0.6176054
1579000	88.06257	-51.86738	139.9299	0.05	0.5640646	0.0114176	0.0486794	0.0625907	0.0538238	0.0273401	0.0883019	0.023336	0.00175477	0.233585	0.0418459	0.0618671	0.0237422	0.0977466	0.0457915	0.291697	0.861817	2.80069	1	0.7760313
1580000	86.73821	-53.27414	140.0123	0.05	1.830985	0.0132208	0.0223349	0.0327593	0.0351244	0.0125323	0.0257782	0.0235926	0.0111808	0.0558647	0.222433	0.182045	0.0628794	0.0209697	0.272229	0.635747	1.06512	2.0269	1	0.7207146
1581000	80.65896	-51.0701	131.7291	0.05	1.281511	0.254671	0.0432849	0.0714333	0.00465332	0.0759893	0.051133	0.00540878	0.00197419	0.280939	0.0510783	0.499907	0.168425	0.0251839	0.189515	0.547629	1.03452	2.22833	1	1.534082
1582000	84.38941	-50.6655	135.0549	0.05	3.185907	0.0076623	0.0397065	0.00573611	0.0161644	0.00463546	0.0305841	0.0221969	0.00581183	0.306129	0.102387	0.321326	0.132958	0.0540126	0.403151	0.741328	1.08329	1.77223	1	1.04931
1583000	73.15315	-55.74671	128.8999	0.05	0.9019433	0.176618	0.0391632	0.283149	0.122503	0.00085829	0.0986434	0.0089791	0.0866903	0.11377	0.0145556	0.106199	0.737339	0.0606049	0.116998	0.445156	0.981641	2.4562	1	1.849072
1584000	82.19906	-52.64654	134.8456	0.05	2.721797	0.0960472	0.0383357	0.0299601	0.0461381	0.045207	0.0987736	0.0138871	0.0390327	0.0269275	0.0024529	0.548579	0.0364145	0.0529862	0.366525	0.71486	1.08075	1.83787	1	1.074742
1585000	85.7681	-52.11884	137.8869	0.05	0.8540774	0.09418	0.143667	0.0635651	0.0230779	0.0183047	0.0645191	0.0235142	0.00726825	0.00872004	0.0440951	0.0175421	0.156119	0.295649	0.107003	0.428028	0.970882	2.49409	1	0.9602212
1586000	83.08128	-57.20366	140.2849	0.05	0.2524801	0.0107339	0.0303747	0.126856	0.00175817	0.0344127	0.0124074	0.209027	0.000156918	0.0145526	0.0243632	0.0163433	0.0894689	0.205612	0.00222936	0.0684868	0.506687	3.4226	1	0.7760666
1587000	88.91099	-52.61945	141.5304	0.05	2.465724	0.0363792	0.10283	0.0150884	0.0504535	0.00199757	0.0042404	0.0250505	0.00693871	0.1119	0.030046	0.0265575	0.022803	0.00634379	0.343183	0.696876	1.07823	1.88171	1	0.4406288
1588000	89.62443	-51.58844	141.2129	0.05	1.016534	0.0105557	0.0504749	0.0505997	0.00501253	0.0047483	0.0288867	0.00910529	0.000810731	0.0377291	0.194168	0.125105	0.0276664	0.10547	0.140241	0.481666	1.00269	2.37541	1	0.6503332
1589000	86.59769	-48.60856	135.2063	0.05	1.779262	0.0218759	0.0706844	0.0409209	0.107037	0.0266525	0.00681027	0.00492123	0.0615768	0.0442178	0.0737141	0.163902	0.0391671	0.471817	0.265422	0.629281	1.06334	2.04196	1	1.133297
1590000	90.13858	-51.04762	141.1862	0.05	0.3542843	0.0360331	0.0513651	0.0320196	0.0496406	0.00766606	0.00944685	0.00863326	0.0142667	0.13614	0.097935	0.111002	0.0205189	0.0811508	0.0107089	0.146883	0.676664	3.16574	1	0.6558179
1591000	88.2251	-51.88632	140.1114	0.05	0.5584545	0.0421609	0.00941802	0.0522492	0.0998622	0.0333396	0.0456839	0.017887	0.0218403	0.275084	0.0178643	0.0752615	0.0237718	0.0479573	0.0446688	0.288374	0.858547	2.80841	1	0.7623805
1592000	82.88092	-55.07999	137.9609	0.05	1.693166	0.091425	0.0448791	0.0471863	0.0852134	0.0288151	0.00674565	0.141373	0.077454	0.0503025	0.0336082	0.00279119	0.054969	0.205465	0.25368	0.617841	1.06	2.06847	1	0.8702273
1593000	78.34842	-54.64798	132.9964	0.05	1.773041	0.0287558	0.0542109	0.053723	0.0640288	0.0380295	0.074814	0.0378081	0.0335112	0.438999	0.113971	0.384478	0.0667498	0.0047088	0.264591	0.628484	1.06311	2.04381	1	1.393787
1594000	80.01393	-56.77547	136.7894	0.05	1.898175	0.216503	0.0346998	0.0443152	0.0564301	0.00206586	0.0180488	0.0302727	0.144549	0.0350736	0.0667119	0.11371	0.187902	0.0301015	0.280809	0.64373	1.06722	2.00824	1	0.9803837
1595000	78.77923	-53.07685	131.8561	0.05	2.878505	0.0602704	0.0507197	0.0267647	0.190873	0.0367075	0.094968	0.110386	0.0357524	0.209513	0.432489	0.0344154	0.011373	0.0917381	0.379639	0.724571	1.08185	1.81394	1	1.38597
1596000	75.79977	-55.63879	131.4386	0.05	1.737319	0.223195	0.038166	0.130793	0.107253	0.000293633	0.0659364	0.0157968	0.00299309	0.589166	0.0844597	0.130866	0.0600197	0.0644047	0.259767	0.623818	1.06178	2.05464	1	1.513344
1597000	80.3419	-53.23507	133.577	0.05	0.9709494	0.0636298	0.0901998	0.0618887	0.150671	0.0241509	0.0923478	0.0069066	0.029427	0.373073	0.232192	0.175584	0.0440782	0.0442314	0.131122	0.467842	0.995015	2.40602	1	1.38838
1598000	83.05672	-51.1905	134.2472	0.05	1.090804	0.233814	0.0917532	0.00305566	0.0854687	0.000571375	0.00186014	0.0194202	0.00507755	0.153142	0.420194	0.220043	0.0306421	0.0292085	0.154707	0.502441	1.01355	2.3293	1	1.29425
1599000	82.56199	-55.28978	137.8518	0.05	1.304982	0.0610865	0.0556501	0.133294	0.0131862	0.055649	0.108496	0.0176899	0.0304007	0.157177	0.184018	0.00783688	0.0331668	0.0536976	0.193565	0.552512	1.03657	2.21735	1	0.9113489
1600000	77.14821	-53.49607	130.6443	0.05	1.497962	0.105076	0.0460159	0.0122715	0.128113	0.139017	0.0228391	0.00294576	0.00793991	0.266229	0.38427	0.253685	0.147184	0.114522	0.225008	0.588217	1.0503	2.13647	1	1.630109
1601000	80.97354	-50.80583	131.7794	0.05	5.832466	0.00922591	0.0425908	0.207776	0.0469181	0.0227061	0.00306733	0.00613681	0.045513	0.0250346	0.370057	0.0414808	0.104721	0.157455	0.533365	0.82152	1.08163	1.56349	1	1.082682
1602000	83.48269	-52.60781	136.0905	0.05	1.396264	0.055338	0.0120145	0.103179	0.0812513	0.0153176	0.0522694	0.0036297	0.00145683	0.184155	0.0576245	0.316898	0.12694	0.0802721	0.208843	0.570327	1.0437	2.17713	1	1.090346
1603000	82.99903	-52.27909	135.2781	0.05	1.313569	0.0341426	0.0187388	0.0134562	0.0113459	0.131998	0.039145	0.00360793	0.0859941	0.0658319	0.336921	0.00438628	0.0519876	0.36573	0.195034	0.554266	1.0373	2.2134	1	1.163286
1604000	81.73821	-56.36952	138.1077	0.05	3.807252	0.00665619	0.0843575	0.0515667	0.143381	0.013478	0.00924064	0.0388107	0.036616	0.106685	0.0268566	0.0308564	0.0301491	0.0535674	0.44345	0.768268	1.08438	1.7039	1	0.6322213
1605000	79.24421	-58.27079	137.515	0.05	0.2501598	0.0958603	0.0119301	0.0923801	0.141711	0.0145606	0.00227702	0.142951	0.0532019	0.0216586	0.316434	0.0235661	0.100626	0.0174458	0.00211921	0.0668054	0.501823	3.42925	1	1.034603
1606000	85.47235	-53.6119	139.0843	0.05	1.871251	0.189199	0.0411217	0.0356874	0.0202497	0.0247914	0.0027527	0.00982281	0.0569716	0.0740264	0.123171	0.00907912	0.0553038	0.111324	0.277406	0.640585	1.06641	2.0156	1	0.7535011
1607000	85.17046	-54.28588	139.4563	0.05	1.999948	0.0867878	0.0135926	0.147279	0.0162955	0.0232705	0.00695417	0.0221527	0.0140153	0.118573	0.160013	0.0143911	0.0491274	0.00326552	0.293269	0.655008	1.06999	1.98173	1	0.675718
1608000	83.1298	-53.16171	136.2915	0.05	0.4952298	0.101257	0.0632149	0.0998731	0.0389009	0.0882614	0.0314079	0.0219001	0.0165106	0.0379635	0.117465	0.326037	0.121567	0.0989927	0.0325071	0.24879	0.816766	2.90194	1	1.163351
1609000	89.6911	-50.28412	139.9752	0.05	1.063992	0.00692834	0.0785313	0.00509434	0.070102	0.000971965	0.0104929	0.0143498	0.00400246	0.173456	0.0427332	0.0536164	0.115373	0.175904	0.149542	0.495176	1.00984	2.34544	1	0.751555
1610000	82.33851	-51.54516	133.8837	0.05	2.146177	0.0170984	0.0674967	0.00206228	0.136538	0.002613	0.119813	0.0189175	0.0112971	0.132782	0.00492198	0.431855	0.2054	0.0686796	0.310121	0.669709	1.07325	1.94692	1	1.219474
1611000	73.99589	-55.69168	129.6876	0.05	1.621569	0.127543	0.0223212	0.19191	0.0931976	0.0178173	0.145908	0.070381	0.136048	0.188095	0.0516643	0.417774	0.19637	0.0660851	0.243506	0.607616	1.05683	2.09205	1	1.725115
1612000	87.6752	-54.29671	141.9719	0.05	0.6347614	0.0126209	0.0172067	0.00969337	0.0226929	0.0387231	0.00870368	0.00392864	0.0100392	0.283121	0.000809456	0.0126208	0.162197	0.0465552	0.0603476	0.331052	0.898067	2.71053	1	0.6289123
1613000	86.88715	-53.30617	140.1933	0.05	0.2411173	0.0179489	0.0399181	0.0418778	0.120825	0.0408344	0.0184004	0.0118607	0.039189	0.00793141	0.0272464	0.296228	0.0147901	0.113444	0.00172331	0.0603543	0.482375	3.45555	1	0.7904947
1614000	78.98496	-55.82771	134.8127	0.05	2.957181	0.00149611	0.0521334	0.0251002	0.0900103	0.0613257	0.0010357	0.309885	0.0191611	0.164543	0.229512	0.01006	0.0992941	0.046884	0.385922	0.729129	1.0823	1.80265	1	1.110441
1615000	80.82601	-53.19606	134.0221	0.05	0.744955	0.109354	0.056869	0.0591715	0.00288117	0.034132	0.0127956	0.0924675	0.140387	0.184022	0.380628	0.085418	0.14688	0.0620447	0.083805	0.383991	0.940453	2.59175	1	1.36705
1616000	89.18056	-51.9375	141.1181	0.05	1.068998	0.0206683	0.0225007	0.146974	0.0287904	0.0513504	0.0147372	0.0100396	0.00238958	0.0394048	0.0998839	0.00492035	0.166839	0.0139819	0.150512	0.496552	1.01055	2.34238	1	0.6224802
1617000	84.48587	-52.35462	136.8405	0.05	1.996203	0.0490095	0.106605	0.0436916	0.00478419	0.118706	0.0490783	0.0125216	0.0119759	0.369821	0.0224154	0.118784	0.0266394	0.0110955	0.292821	0.654609	1.06989	1.98268	1	0.945127
1618000	76.67977	-58.02756	134.7073	0.05	1.162287	0.000274676	0.0490402	0.0222275	0.222354	0.0524113	0.058903	0.105566	0.00380238	0.0849453	0.0434213	0.0505074	0.202049	0.36895	0.168152	0.520631	1.02243	2.28879	1	1.264451
1619000	81.91214	-54.86518	136.7773	0.05	3.372012	0.00271582	0.0849116	0.0174665	0.0175533	0.0552985	0.0206969	0.00244544	0.0196434	0.115519	0.0304692	0.216077	0.181383	0.0833526	0.41614	0.750246	1.08382	1.74979	1	0.8475319
1620000	82.04523	-56.62729	138.6725	0.05	0.9258243	0.151017	0.0018222	0.132396	0.0523741	0.00183997	0.103491	0.0454948	0.0228156	0.02103	0.00646043	0.0478739	0.0611582	0.218622	0.121926	0.453262	0.986533	2.43828	1	0.8663958
1621000	78.63169	-59.80532	138.437	0.05	0.8674238	0.00401292	0.00835886	0.0167439	0.0212556	0.018725	0.0846575	0.0750484	0.003497	0.148063	0.0113545	0.298003	0.180129	0.0370594	0.109804	0.432927	0.974019	2.48325	1	0.9069087
1622000	79.32072	-54.48011	133.8008	0.05	1.421123	0.121056	0.03134	0.308162	0.0592582	0.0084187	0.118869	0.0197707	0.0265779	0.0310258	0.0697315	0.201508	0.166366	0.150405	0.212876	0.574878	1.04543	2.16681	1	1.312489
1623000	82.74017	-50.35375	133.0939	0.05	2.106793	0.10539	0.0185184	0.14236	0.0023646	0.0311452	0.000432133	0.0151169	0.0117254	0.0842419	0.0434909	0.200582	0.0417467	0.601834	0.305698	0.66591	1.07245	1.95595	1	1.298947
1624000	79.21322	-54.00296	133.2162	0.05	1.098164	0.0084081	0.10139	0.208205	0.00314175	0.0548001	0.0193196	0.0247216	0.0176325	0.155394	0.127581	0.172507	0.334491	0.159836	0.156114	0.504391	1.01454	2.32496	1	1.387426
1625000	81.19085	-52.2108	133.4016	0.05	0.8913809	0.035297	0.264776	0.108792	0.077537	0.0111605	0.0167554	0.0196754	0.0107676	0.024035	0.114207	0.108998	0.596052	0.00686583	0.114805	0.44148	0.979381	2.46433	1	1.394919
1626000	86.6019	-51.19944	137.8013	0.05	1.37182	0.120868	0.0945767	0.0177028	0.0826751	0.00186014	0.0363363	0.0235523	0.031978	0.269933	0.0247522	0.124713	0.0303642	0.0510108	0.204825	0.565731	1.04191	2.18753	1	0.9103224
1627000	82.85519	-51.43745	134.2926	0.05	3.279955	0.0489056	0.124538	0.0130971	0.0818122	0.00570245	0.0718789	0.00178152	0.00853977	0.0889557	0.033315	0.0250953	0.319124	0.272024	0.409824	0.745938	1.08359	1.76065	1	1.094769
1628000	76.45297	-54.74014	131.1931	0.05	3.151638	0.173398	0.0714818	0.166107	0.0381604	0.0539957	0.020884	0.00354977	0.00661067	0.160525	0.569964	0.0665541	0.0173183	0.0924108	0.400663	0.739593	1.08317	1.77658	1	1.44096
1629000	82.06062	-51.36162	133.4222	0.05	1.194717	0.00768235	0.0409871	0.128605	0.0313215	0.00709886	0.0764105	0.0637399	0.00255327	0.120217	0.194885	0.0834262	0.538929	0.0740879	0.174094	0.528362	1.02602	2.27152	1	1.369945
1630000	87.42838	-51.10849	138.5369	0.05	1.22701	0.0196654	0.0647108	0.016394	0.0137993	1.62369e-05	0.0498522	0.0757103	0.0213326	0.0353367	0.0917968	0.111897	0.203895	0.156864	0.179914	0.535763	1.02937	2.25496	1	0.8612698
1631000	82.14826	-53.92327	136.0715	0.05	0.5411903	0.0191895	0.113504	0.109717	0.129691	0.0915106	0.0555981	0.0100313	0.0289795	0.107427	0.380542	0.0316092	0.0145465	0.0803364	0.0412531	0.277958	0.848071	2.83272	1	1.172683
1632000	88.91175	-52.23108	141.1428	0.05	0.6124937	0.0366064	0.0231092	0.0400613	0.0590817	0.0100083	0.00563378	0.0227083	0.00114257	0.0452189	0.419756	0.00182095	0.000331121	0.0238575	0.0556947	0.319146	0.887561	2.7376	1	0.6893356
1633000	79.33935	-53.4449	132.7843	0.05	4.91474	0.109089	0.0455419	0.199077	0.00548312	0.0059702	0.0177252	0.0884829	0.00359441	0.0935675	0.0572005	0.0724041	0.0681658	0.290814	0.498498	0.801888	1.08345	1.61617	1	1.057116
1634000	72.13583	-54.55904	126.6949	0.05	0.405031	0.0761493	0.0911132	0.0465515	0.0265772	0.0740918	0.130226	0.0369923	0.0716854	1.10986	0.00249048	0.316727	0.126898	0.0264051	0.0174469	0.185504	0.736668	3.06038	1	2.135765
1635000	80.68693	-52.63338	133.3203	0.05	1.172216	0.010954	0.0475263	0.124187	0.0118462	0.0295702	0.0781059	0.073768	0.00786802	0.311079	0.069012	0.0509222	0.0209474	0.545481	0.169982	0.523031	1.02356	2.28343	1	1.381268
1636000	83.90891	-55.89872	139.8076	0.05	0.1803574	0.152103	0.0302653	0.000820456	0.0479869	0.00192812	0.040995	0.0154272	0.0285634	0.105548	0.0326881	0.0919322	0.0762027	0.214545	0.00025037	0.0232673	0.33049	3.64599	1	0.839006
1637000	90.05932	-48.662	138.7213	0.05	1.672448	0.0429874	0.0149924	0.0593839	0.0244136	0.0149698	0.00408983	0.00353503	0.0144244	0.0158673	0.111628	0.110276	0.354715	0.020508	0.250775	0.614952	1.05913	2.07515	1	0.7917912
1638000	85.72583	-52.27139	137.9972	0.05	2.164253	0.0697235	0.0879137	0.0132674	0.041813	0.0336704	0.0701942	0.0273599	0.0216314	0.0459494	0.0152423	0.121974	0.168093	0.094882	0.312124	0.671416	1.0736	1.94286	1	0.8117135
1639000	71.53859	-53.16151	124.7001	0.05	1.733627	0.55277	0.358863	0.0730932	0.0152395	0.0214915	0.001078	0.0544291	0.0385088	0.0904215	0.207047	0.563408	0.16404	0.0528396	0.259263	0.623328	1.06163	2.05578	1	2.193229
1640000	88.46108	-51.77953	140.2406	0.05	1.28446	0.00438538	0.0208406	0.0693866	0.0290871	0.0181065	0.000253451	0.0243407	0.0130159	0.0828916	0.128713	0.123761	0.0882638	0.0613753	0.190026	0.54825	1.03479	2.22694	1	0.6644213
1641000	83.94632	-50.84097	134.7873	0.05	3.30438	0.137644	0.0179654	0.0453793	0.0266488	0.0223726	0.0369932	0.0432581	0.0784537	0.139688	0.377589	0.0376995	0.024801	0.0403513	0.41152	0.7471	1.08366	1.75772	1	1.028844
1642000	78.66978	-55.277	133.9468	0.05	0.4417164	0.0610932	0.0158081	0.440395	0.0804357	0.0877728	0.0470096	0.00932972	0.0495068	0.47758	0.0126409	0.0777046	0.0342784	0.00175302	0.0231637	0.212176	0.772747	2.99191	1	1.395308
1643000	85.48466	-54.8663	140.351	0.05	0.9032755	0.0205498	0.0589412	0.0418427	0.0427381	0.0270212	0.0551247	0.0590425	0.121988	0.0323043	0.0510389	0.229774	0.015323	0.0159537	0.117274	0.445616	0.981922	2.45519	1	0.7716413
1644000	82.18396	-53.51713	135.7011	0.05	3.12402	0.114196	0.0191255	0.078738	0.0824108	0.0283026	0.0246048	0.0441685	0.0053975	0.351881	0.0546329	0.000311446	0.0374733	0.117292	0.398634	0.738171	1.08306	1.78013	1	0.9585343
1645000	74.9781	-56.8283	131.8064	0.05	0.44863	0.130445	0.113124	0.135336	0.113961	0.0209256	0.101617	0.0861148	0.00487523	0.201742	0.577257	0.043714	0.0610825	0.00812804	0.0243093	0.217064	0.778966	2.97966	1	1.598321
1646000	87.36966	-50.57276	137.9424	0.05	0.7043167	0.179196	0.0101186	0.0407013	0.0477512	0.0461882	0.0284663	0.00640817	0.0132043	0.125498	0.0773462	0.0259893	0.326512	0.0287364	0.0751106	0.36556	0.926458	2.63287	1	0.9561162
1647000	77.60155	-58.48151	136.0831	0.05	3.592695	0.0554456	0.0309634	0.0319521	0.0841105	0.116769	0.0789059	0.0377136	0.0396832	0.0429776	0.146221	0.082085	0.15964	0.00237462	0.430484	0.759831	1.08421	1.72548	1	0.9088417
1648000	85.1848	-53.32036	138.5052	0.05	0.6573646	0.0646598	0.0149284	0.0962386	0.0584683	0.021637	0.00280692	0.0321897	0.0215071	0.343928	0.00720588	0.0247606	0.0296834	0.198338	0.0651152	0.342699	0.907983	2.6842	1	0.9163515
1649000	81.0446	-51.74814	132.7927	0.05	3.085974	0.0116617	0.134252	0.012177	0.0744421	0.0171856	0.0358939	0.0243658	0.0984185	0.0301098	0.380583	0.184907	0.160294	0.0762732	0.395805	0.73618	1.08291	1.78511	1	1.240564
1650000	84.39499	-53.93387	138.3289	0.05	1.651056	0.0306154	0.141886	0.0326469	0.00563485	0.0143274	0.0899762	0.00342236	0.00102313	0.0593668	0.124489	0.0307186	0.0101879	0.31319	0.247743	0.61191	1.05819	2.08216	1	0.8574846
1651000	78.35943	-57.71357	136.073	0.05	0.9644018	0.0294053	0.0742623	0.015065	0.427607	0.00502525	0.00384773	0.200784	0.029683	0.0149712	0.245622	0.0132851	0.0940666	0.0201235	0.129797	0.465784	0.993842	2.41058	1	1.173748
1652000	76.33669	-52.95711	129.2938	0.05	1.513581	0.260036	0.0126332	0.107293	0.0911075	0.0908179	0.0221762	0.0123802	0.00259392	0.00334366	0.205252	0.072772	0.708243	0.177871	0.227413	0.590802	1.05121	2.13058	1	1.76652
1653000	77.58378	-54.84826	132.432	0.05	4.112753	0.00286336	0.0269169	0.0115116	0.269992	0.0451719	0.0612556	0.0220747	0.0299005	0.354551	0.0159596	0.0491523	0.0538089	0.247938	0.460451	0.77902	1.08437	1.67616	1	1.191096
1654000	84.6296	-53.16099	137.7906	0.05	1.740683	0.0573532	0.0375475	0.0759725	0.146326	0.0212105	0.0154603	0.00247549	0.0822573	0.108238	0.213838	0.0325291	0.0452388	0.049872	0.260225	0.624264	1.06191	2.0536	1	0.8883188
1655000	83.06497	-54.01556	137.0805	0.05	2.529849	0.0119986	0.00726966	0.129096	0.0171979	0.00918598	0.000243553	0.0307968	0.0355682	0.277052	0.0475579	0.0154798	0.271358	0.0132448	0.349268	0.701655	1.07896	1.87012	1	0.8660492
1656000	84.57874	-53.85292	138.4317	0.05	1.208754	0.0414128	0.0629074	0.0309076	0.0708131	0.0333435	0.110283	0.00571331	0.0354593	0.11712	0.0971221	0.266639	0.00657662	0.0040858	0.176636	0.531615	1.02751	2.26424	1	0.8823839
1657000	80.30883	-54.2904	134.5992	0.05	2.105915	0.165387	0.0465318	0.0364232	0.142271	0.0703483	0.0258918	0.0896342	0.0352486	0.161611	0.260392	0.0365155	0.0989082	0.0156913	0.305598	0.665824	1.07243	1.95615	1	1.184854
1658000	77.994	-57.04713	135.0411	0.05	2.47322	0.00868263	0.211809	0.0662366	0.0749206	0.00271773	0.180307	0.0166602	0.0150393	0.132364	0.0715326	0.126708	0.139172	0.0521539	0.343903	0.697445	1.07832	1.88034	1	1.098302
1659000	77.53835	-55.26588	132.8042	0.05	1.248898	0.0176725	0.0235745	0.319381	0.0632525	0.0399223	0.115522	0.0186022	0.0100597	0.0212791	0.507019	0.0916053	0.120182	0.0757809	0.183802	0.54062	1.03151	2.24407	1	1.423852
1660000	82.42949	-54.21079	136.6403	0.05	0.6003317	0.00957358	0.0952733	0.127797	0.00472496	0.0093104	0.0875945	0.00291286	0.0545383	0.0320624	0.193268	0.116284	0.322945	0.0814753	0.0531765	0.312457	0.881488	2.75288	1	1.137759
1661000	83.12995	-54.55429	137.6842	0.05	3.118339	0.00478822	0.0814565	0.0451761	0.0660281	0.0445741	0.0559669	0.00507115	0.00439852	0.0861522	0.058142	0.213894	0.0581214	0.0374422	0.398215	0.737877	1.08304	1.78087	1	0.7612118
1662000	78.93014	-51.75798	130.6881	0.05	1.476295	0.0504816	0.0295966	0.115469	0.0429036	0.0498101	0.133256	0.021118	0.0395649	0.162911	0.578341	0.109171	0.0476286	0.237857	0.221637	0.584563	1.049	2.1448	1	1.618107
1663000	86.87578	-50.51808	137.3939	0.05	1.413752	0.00599447	0.0431751	0.0311025	0.0743067	0.0500279	0.0212606	0.0103458	0.0782659	0.141783	0.0506663	0.394292	0.00985727	0.0461066	0.211686	0.573541	1.04493	2.16984	1	0.9571833
1664000	83.03693	-56.21415	139.2511	0.05	0.3913603	0.0811356	0.147037	0.0236347	0.0445386	0.0445305	0.0177596	0.0473297	0.00266626	0.0531524	0.0788915	0.0344182	0.205347	0.082087	0.015488	0.175273	0.72176	3.08748	1	0.8625279
1665000	80.93489	-54.2696	135.2045	0.05	0.4239519	0.128047	0.0774043	0.0440009	0.115304	0.131543	0.00364316	0.00829995	0.0653537	0.0953374	0.367388	0.0128564	0.0321622	0.180749	0.0203161	0.199411	0.755951	3.02432	1	1.262088
1666000	71.34859	-55.30289	126.6515	0.05	5.608992	0.0302733	0.276794	0.085384	0.0400687	0.116535	0.0207125	0.0390159	0.00714275	0.0987989	0.223094	0.0249739	0.545668	0.0898993	0.52556	0.817229	1.08211	1.5751	1	1.59836
1667000	78.67761	-55.82256	134.5002	0.05	0.7741733	0.200982	0.0267261	0.113202	0.00205488	0.158011	0.0541618	0.049134	0.0206312	0.133973	0.137516	0.043156	0.0782609	0.269736	0.0900524	0.396524	0.949533	2.56389	1	1.287545
1668000	89.09191	-47.70993	136.8018	0.05	1.394729	0.0490568	0.0213471	0.00440582	0.0460381	0.019562	0.0226043	0.00836127	0.00904424	0.0278072	0.018283	0.162594	0.116366	0.498278	0.208593	0.570042	1.04359	2.17777	1	1.003749
1669000	81.6163	-52.82665	134.4429	0.05	2.048664	0.102394	0.00997001	0.123093	0.171885	0.021953	0.00644007	0.00833056	0.125694	0.0301732	0.15016	0.0119395	0.426113	0.000974096	0.299015	0.660091	1.07116	1.96973	1	1.189119
1670000	87.58591	-51.7618	139.3477	0.05	0.3994863	0.0140414	0.0372807	0.0207811	0.0600984	0.0241563	0.00966639	0.0518233	0.0470912	0.205618	0.12885	0.110665	0.137176	0.0339827	0.0166404	0.181372	0.730724	3.07126	1	0.8812294
1671000	80.92571	-55.12494	136.0506	0.05	1.077315	0.0852547	0.0228047	0.116707	0.0338404	0.135322	0.000352126	0.0380327	0.029012	0.0514532	0.00478246	0.539479	0.0135263	0.0414517	0.152117	0.498818	1.01172	2.33735	1	1.112018
1672000	78.73275	-54.64955	133.3823	0.05	2.035164	0.145403	0.0242725	0.0903231	0.00857286	0.00594311	0.0406676	0.210463	0.02448	0.100307	0.118509	0.107645	0.0392883	0.360025	0.297436	0.658702	1.07085	1.97302	1	1.2759
1673000	79.57885	-58.83425	138.4131	0.05	0.3260966	0.00544312	0.00389535	0.0163694	0.0668423	0.10231	0.0912023	0.00255471	0.0605934	0.15738	0.106071	0.0583801	0.0724459	0.216058	0.00764926	0.124889	0.637135	3.23033	1	0.9595456
1674000	78.31961	-53.92239	132.242	0.05	2.80121	0.0744164	0.0297316	0.0540852	0.0715745	0.0846945	0.0174373	0.0232858	0.00679714	0.531086	0.150023	0.192884	0.0537705	0.0891468	0.373274	0.719892	1.08134	1.82549	1	1.378933
1675000	85.69489	-51.58269	137.2776	0.05	0.3369129	0.0900424	0.0107419	0.0729636	0.0212329	0.0798509	0.0200931	0.0101211	0.00268972	0.125073	0.0052209	0.0131531	0.103106	0.520592	0.00876144	0.133351	0.652891	3.205	1	1.07488
1676000	90.10408	-51.67155	141.7756	0.05	0.4443089	0.00699782	0.0349591	0.0171979	0.0090956	0.00140096	0.0321535	0.0233478	0.0783878	0.0798289	0.018846	0.173733	0.0213939	0.156116	0.0235909	0.214014	0.775099	2.9873	1	0.6534574
1677000	80.44175	-56.49325	136.935	0.05	1.258228	0.0574525	0.0849378	0.0235208	0.0982319	0.0262781	0.042727	0.0299303	0.180784	0.25651	0.00590272	0.0753173	0.105413	0.0282906	0.185447	0.542653	1.03239	2.23951	1	1.015295
1678000	84.60581	-55.02071	139.6265	0.05	0.1423256	0.0226208	0.0087595	0.047611	0.01571	0.0388331	0.0161486	0.0277313	0.0581333	0.0621417	0.0741296	0.0616112	0.0322717	0.399609	3.22845e-05	0.0084025	0.218573	3.77299	1	0.8653106
1679000	73.46143	-52.09482	125.5562	0.05	3.167943	0.165656	0.0831679	0.293438	0.107196	0.0481714	0.0112875	0.0374046	0.0372522	0.835715	0.0699194	0.106334	0.0437749	0.105539	0.401851	0.740422	1.08323	1.7745	1	1.944856
1680000	84.44043	-53.32253	137.763	0.05	0.3369827	0.0278217	0.0424677	0.0264172	0.130656	0.00200419	0.00581926	0.0232968	0.000460562	0.0818538	0.336981	0.0734598	0.0455007	0.241064	0.00876887	0.133406	0.652991	3.20483	1	1.037803
1681000	84.24515	-53.83867	138.0838	0.05	1.37416	0.0792196	0.0931979	0.0871444	0.0304897	0.0794594	0.00586789	0.0732477	0.0150987	0.0111406	0.0149936	0.063411	0.312801	0.0229753	0.205212	0.566176	1.04209	2.18652	1	0.889047
1682000	76.46361	-53.0628	129.5264	0.05	2.542934	0.0145093	0.139136	0.313574	0.0134391	0.166883	0.0400737	0.0258051	0.0151291	0.367695	0.0270867	0.0490033	0.44863	0.0104173	0.35049	0.702606	1.0791	1.86781	1	1.631381
1683000	83.68602	-53.12785	136.8139	0.05	2.371823	0.0207316	0.0545763	0.0350451	0.0156383	0.0742361	0.0782151	0.0396589	0.0258147	0.09853	0.209522	0.0192213	0.0762222	0.152685	0.333958	0.689505	1.07701	1.89952	1	0.9000962
1684000	76.34318	-54.57981	130.923	0.05	3.04149	0.0945008	0.0267723	0.0259355	0.0499466	0.0146575	0.0117341	0.253158	0.0304282	0.0152002	0.0121071	0.154802	0.126397	0.618604	0.392446	0.7338	1.08271	1.79104	1	1.434244
1685000	77.24762	-58.47776	135.7254	0.05	2.107154	0.0280719	0.0510084	0.0960974	0.0945939	0.0454391	0.099272	0.0515858	0.00229844	0.0716382	0.00814105	0.0672956	0.306482	0.134295	0.305739	0.665945	1.07245	1.95586	1	1.056219
1686000	81.93563	-56.4274	138.363	0.05	0.3930198	0.00406903	0.065049	0.0710548	0.045566	0.0397025	0.0470803	0.0667683	0.0120062	0.0207402	0.0635161	0.328521	0.113873	0.110238	0.0157204	0.176523	0.723615	3.08414	1	0.9881846
1687000	78.91883	-52.36755	131.2864	0.05	3.691779	0.0325471	0.135964	0.235324	0.0720574	0.0576566	0.0256196	0.00527951	0.0604506	0.120386	0.315644	0.0683076	0.00157931	0.189565	0.436585	0.763827	1.08431	1.71528	1	1.320381
1688000	74.55581	-62.79783	137.3536	0.05	3.04103	0.011564	0.0165101	0.0095752	0.0458284	0.0454491	0.148485	0.0667723	0.0509451	0.0402553	0.0358175	0.161957	0.162844	0.0260197	0.392411	0.733775	1.08271	1.7911	1	0.8220231
1689000	84.07009	-54.05757	138.1277	0.05	1.345118	0.0483408	0.0758799	0.0980634	0.0022791	0.0900077	0.0184584	0.0283663	0.0194872	0.166267	0.0363498	0.0557844	0.0614402	0.172595	0.200375	0.560568	1.03986	2.19919	1	0.8733195
1690000	85.86611	-52.75013	138.6162	0.05	0.9590452	0.0662162	0.0183585	0.0362464	0.0547223	0.0525782	0.00195585	0.019351	0.0188574	0.108305	0.0460052	0.312038	0.120319	0.0370304	0.128712	0.464086	0.992868	2.41433	1	0.8919844
1691000	81.89166	-51.48334	133.375	0.05	1.000175	0.00182625	0.191139	0.0268144	0.0611905	0.0422399	0.0288222	0.0823756	0.0455341	0.0074882	0.124934	0.210639	0.502472	0.0710612	0.136989	0.476805	1.00003	2.38618	1	1.396535
1692000	83.60569	-55.50879	139.1145	0.05	1.01596	0.0157802	0.0212122	0.0460921	0.0635191	0.0559904	0.0211888	0.00151658	0.0576498	0.078087	0.100474	0.126623	0.179457	0.136148	0.140127	0.481497	1.00259	2.37578	1	0.9037367
1693000	79.20797	-59.36933	138.5773	0.05	0.6411291	0.0117354	0.0712868	0.00754107	0.0297482	0.112132	0.135977	0.00805227	0.0834092	0.0498506	0.14732	0.00333354	0.115129	0.159161	0.0616868	0.334377	0.900934	2.703	1	0.934677
1694000	87.62016	-50.26641	137.8866	0.05	1.302463	0.119608	0.00613912	0.0552563	0.0668264	0.0213026	0.00191972	0.0343723	0.0709298	0.343918	0.0104734	0.10862	0.0329047	0.0434489	0.193133	0.551994	1.03636	2.21852	1	0.9157199
1695000	88.38453	-53.43558	141.8201	0.05	0.2741196	0.166505	0.00951871	0.0912266	0.0187805	0.000900399	0.0132393	0.0344435	0.0102366	0.0119756	0.220219	0.0167188	0.0204117	0.0328254	0.00343119	0.0845807	0.549669	3.36232	1	0.6470016
1696000	85.40872	-50.04483	135.4535	0.05	2.687324	0.025928	0.226634	0.113023	0.0251228	0.00244503	0.01049	0.0116673	0.0169032	0.0319206	0.0428939	0.0603201	0.425297	0.0413157	0.363527	0.712601	1.08047	1.84341	1	1.033961
1697000	76.34142	-57.02351	133.3649	0.05	0.9935231	0.0219134	0.0253135	0.00591575	0.27039	0.0694453	0.0666813	0.00432102	0.058227	0.46084	0.0687179	0.19657	0.0714094	0.184091	0.13566	0.474796	0.998918	2.39063	1	1.503835
1698000	76.98359	-60.15312	137.1367	0.05	0.8191468	0.0664244	0.208178	0.102213	0.0537397	0.0447092	0.0580805	0.068689	0.0504231	0.104779	0.0433618	0.0942774	0.0387902	0.103778	0.099626	0.41473	0.962122	2.52352	1	1.037444
1699000	82.57431	-51.06049	133.6348	0.05	2.023846	0.0374904	0.0684744	0.0128342	0.0509768	0.0205172	0.0158064	0.0741357	0.00043357	0.0851092	0.559704	0.0327983	0.100625	0.232051	0.296105	0.657526	1.07058	1.97579	1	1.290957
1700000	81.56679	-49.07819	130.645	0.05	4.138468	0.104126	0.0794554	0.161558	0.0114347	0.0119873	0.005266	0.0337407	0.010487	0.104635	0.0854798	0.566895	0.0296605	0.167811	0.461811	0.779865	1.08435	1.67397	1	1.372537
1701000	80.3879	-55.80081	136.1887	0.05	0.5898187	0.107573	0.078367	0.101297	0.175179	0.0339434	0.0351395	0.00909633	0.00435249	0.11349	0.351206	0.0561674	0.0170554	0.0721795	0.0510152	0.306565	0.876034	2.76639	1	1.155045
1702000	81.68252	-54.87278	136.5553	0.05	2.661343	0.13204	0.00833573	0.116853	0.068296	0.0498945	0.00904489	0.0184551	0.0244557	0.144361	0.0446911	0.0182004	0.233629	0.0460617	0.361239	0.710868	1.08024	1.84765	1	0.9143183
1703000	84.22134	-53.30779	137.5291	0.05	0.7774478	0.0755166	0.0380929	0.0296854	0.101197	0.0385281	0.0829863	0.000466327	0.00971608	0.117781	0.0541178	0.231158	0.235745	0.00513727	0.0907516	0.397893	0.950505	2.56085	1	1.020128
1704000	84.81319	-52.82848	137.6417	0.05	1.90907	0.083908	0.0444834	0.0240992	0.0652094	0.0563994	0.0872482	0.0335384	0.00428941	0.0482962	0.0276661	0.175316	0.15449	0.0796234	0.282173	0.644982	1.06754	2.00531	1	0.8845673
1705000	81.5945	-57.70262	139.2971	0.05	0.3522546	0.0177342	0.157385	0.0793226	0.184227	0.0985138	0.025952	0.00282711	0.00356103	0.14803	0.0800327	0.0478629	0.024921	0.0104125	0.0104713	0.145307	0.67398	3.17024	1	0.8807817
1706000	83.41443	-51.93941	135.3538	0.05	3.241563	0.065517	0.0379645	0.0475706	0.0747666	0.0852748	0.102919	0.00400599	0.00439908	0.122777	0.0410865	0.196242	0.0805737	0.102706	0.407127	0.744083	1.08347	1.76532	1	0.9658029
1707000	82.33927	-55.34713	137.6864	0.05	0.3456103	0.264019	0.00679267	0.0431461	0.0118466	0.0338023	0.0538046	0.00472167	0.0149426	0.118588	0.0223	0.0413333	0.359461	0.0410297	0.00971205	0.140138	0.665022	3.18513	1	1.015787
1708000	91.47173	-48.05821	139.5299	0.05	0.7713268	0.0819196	0.0425221	0.00362646	0.0427002	0.00603304	0.0112986	0.0278502	0.008778	0.0405929	0.0159379	0.45596	0.015235	0.0533931	0.0894444	0.395329	0.948682	2.56655	1	0.8058468
1709000	76.90441	-59.87503	136.7794	0.05	0.5243258	0.044577	0.0634864	0.151643	0.20383	0.0647943	0.181933	0.0181193	0.0395075	0.0197533	0.118626	0.123924	0.0178485	0.0870822	0.0379802	0.2675	0.837192	2.85733	1	1.135124
1710000	79.30694	-55.90249	135.2094	0.05	1.431888	0.010785	0.030218	0.027083	0.0493562	0.0628212	0.092749	0.0596427	0.102612	0.317474	0.00543694	0.0611741	0.0827076	0.271581	0.214606	0.576812	1.04616	2.16242	1	1.173641
1711000	85.56705	-52.19571	137.7628	0.05	0.5568552	0.12867	0.018203	0.123881	0.0201331	0.00418441	0.026286	0.0922546	0.056016	0.0495047	0.0861513	0.341732	0.0609117	0.0142286	0.0443499	0.287422	0.857604	2.81062	1	1.022157
1712000	82.2854	-57.40088	139.6863	0.05	0.7899061	0.00929869	0.0354505	0.0158902	0.0140306	0.124731	0.027046	0.0244687	0.159275	0.0866706	0.150686	0.0848171	0.0657072	0.034801	0.0934091	0.403038	0.954118	2.54943	1	0.8328719
1713000	87.93424	-52.41137	140.3456	0.05	1.010147	0.00272019	0.0667578	0.0836541	0.0484846	0.0246513	0.00476789	0.0623866	0.00587181	0.0939552	0.0413164	0.0700529	0.116797	0.0845966	0.138974	0.479781	1.00166	2.37958	1	0.7060129
1714000	76.06836	-55.4264	131.4948	0.05	1.608479	0.287761	0.318149	0.102822	0.0459453	0.0370557	0.0238491	0.0105508	0.001651	0.0202499	0.308351	0.0766691	0.123246	0.173875	0.241604	0.60567	1.0562	2.09652	1	1.530176
1715000	81.56379	-50.96606	132.5299	0.05	8.174569	0.102615	0.0911047	0.0620342	0.0422643	0.0019379	0.00493174	0.00642757	0.0451561	0.00750776	0.130143	0.259935	0.00630082	0.0337911	0.596907	0.854406	1.07625	1.47244	1	0.7941489
1716000	87.00004	-50.64332	137.6434	0.05	0.5318632	0.10852	0.0130607	0.0425896	0.0459895	0.00570925	0.0283543	0.0036704	0.00807696	0.00402025	0.0719745	0.535545	0.048373	0.0880089	0.0394347	0.272209	0.842136	2.84622	1	1.003892
1717000	81.61347	-56.52409	138.1376	0.05	1.830525	0.0572251	0.0584921	0.0281348	0.0123429	0.0963751	0.0663814	0.0613578	0.0736929	0.133505	0.114737	0.0494679	0.0289096	0.122535	0.272169	0.635691	1.06511	2.02703	1	0.9031564
1718000	85.11049	-54.41527	139.5258	0.05	0.5227434	0.224524	0.0679579	0.0235388	0.00953786	0.000927992	0.00352337	0.00727209	0.0234482	0.18938	0.0487046	0.125494	0.0276658	0.0723184	0.0376766	0.266504	0.836137	2.85968	1	0.8242929
1719000	80.08727	-56.44112	136.5284	0.05	2.103954	0.0626419	0.104894	0.0273841	0.174115	0.0116002	0.0547412	0.0550585	0.0686511	0.277064	0.0459836	0.00523042	0.0329054	0.0563003	0.305376	0.665631	1.07239	1.95661	1	0.9765691
1720000	80.20553	-57.1953	137.4008	0.05	0.8923295	0.0833407	0.0186605	0.0743793	0.05101	0.0575726	0.164063	0.0445331	0.0570578	0.0132177	0.177858	0.0035727	0.221662	0.0344945	0.115002	0.441812	0.979587	2.4636	1	1.001422
1721000	75.9538	-58.3288	134.2826	0.05	1.147214	0.144574	0.0282536	0.0130982	0.0250454	0.0861089	0.136126	0.0966929	0.0240215	0.065422	0.25379	0.0251779	0.00126954	0.377622	0.165357	0.516931	1.02067	2.29704	1	1.277202
1722000	78.11855	-53.71757	131.8361	0.05	4.067363	0.0315526	0.056639	0.139399	0.0227593	0.028709	0.159964	0.035438	0.0618925	0.0390955	0.433864	0.175981	0.0366151	0.0213908	0.458025	0.777507	1.08438	1.68008	1	1.243299
1723000	79.88082	-55.00113	134.8819	0.05	1.107703	0.216768	0.0841147	0.000348338	0.0582863	0.00337278	0.0423446	0.0275107	0.0563537	0.240284	0.260084	0.119992	0.0561787	0.0925666	0.157929	0.506892	1.01578	2.3194	1	1.258205
1724000	82.7508	-54.11279	136.8636	0.05	0.7673266	0.0299376	0.0681076	0.0618806	0.0570191	0.0093226	0.166858	0.00657795	0.122107	0.105162	0.0889084	0.0135838	0.228669	0.139253	0.0885898	0.393639	0.947473	2.5703	1	1.097386
1725000	82.98186	-52.87038	135.8522	0.05	2.035264	0.0176422	0.0434816	0.138158	0.0808838	0.00971235	0.00431142	0.091491	0.0672117	0.0122612	0.218969	0.081886	0.201112	0.0908412	0.297448	0.658712	1.07085	1.97299	1	1.057961
1726000	79.54871	-55.37205	134.9208	0.05	0.9307998	0.013936	0.0598191	0.0119739	0.0241852	0.0514908	0.0373679	0.0419533	0.13521	0.0666912	0.0839307	0.366929	0.195602	0.154337	0.122948	0.454916	0.987516	2.43462	1	1.243426
1727000	89.70984	-47.46367	137.1735	0.05	0.9609343	0.102178	0.00282393	0.0182124	0.077781	0.0389857	0.00224322	0.00370929	0.00490066	0.00811026	0.0407814	0.158539	0.490525	0.0491197	0.129095	0.464686	0.993213	2.41301	1	0.9979086
1728000	81.1281	-54.78309	135.9112	0.05	1.695126	0.00666622	0.0662012	0.0135558	0.103675	0.123314	0.0111485	0.0468731	0.023465	0.105907	0.0437982	0.032158	0.153834	0.354511	0.253953	0.618112	1.06009	2.06785	1	1.085108
1729000	81.79267	-54.50717	136.2998	0.05	2.352571	0.032903	0.0316514	0.138	0.113315	0.047542	0.0288791	0.0119203	0.0270281	0.0160328	0.0277704	0.135285	0.0277113	0.322562	0.332018	0.687935	1.07674	1.9033	1	0.9606003
1730000	84.10955	-51.7337	135.8432	0.05	1.010779	0.0590218	0.0127852	0.115175	0.0515318	0.00336215	0.0215803	0.0735929	0.0133531	0.0628991	0.0233181	0.0890881	0.55528	0.0521089	0.1391	0.479968	1.00176	2.37917	1	1.133097
1731000	84.69313	-50.72132	135.4144	0.05	2.373689	0.0601933	0.0376567	0.0221458	0.0528219	0.00144957	0.105462	0.0350718	0.01468	0.146408	0.0453556	0.0131332	0.331753	0.186721	0.334145	0.689656	1.07704	1.89916	1	1.052851
1732000	79.6532	-53.98767	133.6409	0.05	0.8341911	0.113314	0.0286492	0.14324	0.00946313	0.0979854	0.00471527	0.0370176	0.0686967	0.0593625	0.479493	0.10498	0.0338702	0.205673	0.102811	0.420544	0.965996	2.51065	1	1.38646
1733000	81.6397	-55.40818	137.0479	0.05	2.407594	0.0172114	0.154933	0.0702729	0.0600866	0.0893194	0.0220886	0.023117	0.0271823	0.0909509	0.0124038	0.247995	0.0795902	0.0309972	0.337517	0.692367	1.0775	1.89262	1	0.9261476
1734000	84.32565	-53.75892	138.0846	0.05	4.10895	0.00970752	0.0306872	0.0510979	0.0212832	0.0164719	0.0275211	0.00501374	0.100269	0.0217806	0.0539964	0.200092	0.0288992	0.0689984	0.460249	0.778894	1.08437	1.67649	1	0.635818
1735000	72.46147	-58.26561	130.7271	0.05	1.799534	0.144417	0.123496	0.0533334	0.139197	0.123789	0.247792	0.000322235	0.061404	0.0590368	0.0127555	0.382352	0.211523	0.018159	0.268111	0.63185	1.06406	2.03598	1	1.577577
1736000	83.18422	-55.48447	138.6687	0.05	0.509043	0.0848235	0.0819534	0.0688236	0.0244604	0.0169147	0.00688403	0.0751736	0.0483272	0.341623	0.00170841	0.112792	0.0328606	0.00705667	0.0350758	0.257778	0.826738	2.88041	1	0.9034007
1737000	78.65422	-57.13445	135.7887	0.05	0.4441286	0.0560715	0.016184	0.116606	0.0363814	0.0361283	0.170483	0.0762521	0.042821	0.289199	0.130594	0.139021	0.0219053	0.130819	0.0235611	0.213887	0.774936	2.98762	1	1.262465
1738000	74.95108	-57.8341	132.7852	0.05	0.7580026	0.0463313	0.0802699	0.346317	0.0596359	0.0091803	0.00914375	0.0199	0.198002	0.0736317	0.0204626	0.119265	0.348204	0.166184	0.0865964	0.38966	0.944602	2.57914	1	1.496528
1739000	87.50648	-53.48604	140.9925	0.05	0.6660273	0.0690895	0.0123819	0.0321825	0.0407428	0.00781332	0.0454753	0.0219574	0.00274203	0.0124775	0.093148	0.18773	0.112644	0.032418	0.0669517	0.34705	0.911598	2.6744	1	0.6708016
1740000	85.37282	-50.41883	135.7917	0.05	1.743836	0.00788652	0.086486	0.100428	0.0345305	0.047665	0.0141509	0.00241471	0.0534834	0.0663159	0.105491	0.110995	0.428896	0.0286341	0.260654	0.624681	1.06203	2.05264	1	1.087377
1741000	78.63622	-58.12574	136.762	0.05	0.3156204	0.17541	0.0335906	0.0420075	0.0646299	0.124973	0.041463	0.0284679	0.0107004	0.0212146	0.0316026	0.0157996	0.239044	0.302202	0.00664767	0.116688	0.621126	3.25554	1	1.131106
1742000	87.6527	-50.86942	138.5221	0.05	0.9923542	0.051716	0.0364189	0.173229	0.1024	0.00219121	0.00742945	0.0158999	0.010262	0.0326504	0.0108379	0.0579675	0.0186609	0.356586	0.135426	0.474442	0.998721	2.39141	1	0.8762487
1743000	83.57564	-50.8019	134.3775	0.05	2.234609	0.0438334	0.154797	0.0367014	0.0550071	0.0187352	0.0404642	0.0159957	0.0344615	0.0878673	0.572713	0.0123505	0.0149338	0.0765874	0.319759	0.677848	1.07489	1.92751	1	1.164448
1744000	84.54621	-52.73528	137.2815	0.05	1.885395	0.137147	0.0958892	0.125969	0.0543903	0.0336618	0.030515	0.055718	0.00300016	0.0491421	0.00458081	0.0733909	0.207556	0.036161	0.279199	0.642246	1.06684	2.01172	1	0.9071216
1745000	84.54367	-52.69166	137.2353	0.05	0.6613159	0.1903	0.0519038	0.0164385	0.0723717	0.0261018	0.0349364	0.0875236	0.0221687	0.0194834	0.364122	0.119061	0.00368584	0.0311295	0.0659524	0.344691	0.909644	2.67971	1	1.039227
1746000	82.05708	-56.18429	138.2414	0.05	0.5952662	0.0674499	0.061326	0.0949805	0.0762519	0.0142088	0.0114003	0.0405554	0.0129487	0.133454	0.069008	0.133043	0.0670819	0.170492	0.0521332	0.309631	0.878885	2.75935	1	0.9522005
1747000	89.14502	-52.23616	141.3812	0.05	1.284323	0.0103796	0.0313792	0.0422789	0.0191548	0.022382	0.075222	0.00970125	0.0172194	0.0243002	0.0943141	0.0444849	0.0914069	0.132393	0.190002	0.548221	1.03477	2.227	1	0.6146164
1748000	82.20574	-51.88731	134.093	0.05	2.33278	0.0106236	0.0306065	0.117174	0.192405	0.0133308	0.0304641	0.00717642	0.0543947	0.0873483	0.1068	0.0308721	0.460094	0.0332086	0.330007	0.6863	1.07646	1.90724	1	1.174499
1749000	77.32563	-52.72085	130.0465	0.05	1.027747	0.0818243	0.102041	0.15572	0.00712192	0.0174403	0.0620169	0.0036541	0.0222024	0.0459885	0.082637	0.565576	0.360408	0.221601	0.142457	0.484936	1.00445	2.36816	1	1.728231
1750000	79.39418	-53.40074	132.7949	0.05	1.890882	0.0484722	0.083249	0.010813	0.0604178	0.0663416	0.0608931	0.0649284	0.0324097	0.253947	0.0179573	0.125199	0.0924184	0.456037	0.279892	0.642885	1.067	2.01022	1	1.373083
1751000	76.481	-53.91667	130.3977	0.05	1.031987	0.111627	0.199263	0.13433	0.0115443	0.0786395	0.0269293	0.0081629	0.0245502	0.327636	0.187924	0.0600084	0.374926	0.154556	0.143292	0.48616	1.0051	2.36544	1	1.700097
1752000	72.35051	-59.67434	132.0249	0.05	1.98378	0.0672845	0.0136208	0.102161	0.0947238	0.220282	0.0619134	0.0112766	0.0891685	0.161628	0.0946046	0.00410873	0.113657	0.396478	0.291331	0.653278	1.06958	1.98581	1	1.430906
1753000	84.77749	-51.66481	136.4423	0.05	2.064918	0.0246766	0.124438	0.0210871	0.0558877	7.18013e-05	0.0633751	0.0286255	0.0073863	0.11851	0.0484926	0.131576	0.15741	0.20886	0.300903	0.661744	1.07153	1.96582	1	0.9903965
1754000	86.21708	-49.30235	135.5194	0.05	1.434521	0.0679622	0.0171757	0.11837	0.0271796	0.0227384	0.000593064	0.0291538	0.0118857	0.555938	0.0679043	0.0917208	0.00534414	0.121485	0.215028	0.577282	1.04633	2.16136	1	1.137451
1755000	80.1143	-55.69853	135.8128	0.05	4.518204	0.02659	0.0653451	0.0018701	0.000835565	0.0697336	0.0587438	0.0495094	0.0554857	0.0294861	0.00558726	0.302966	0.128864	0.0577289	0.480746	0.791416	1.08402	1.64381	1	0.852745
1756000	86.0578	-54.9734	141.0312	0.05	1.450084	0.0415879	0.0856859	0.0418363	0.0347259	0.0151866	0.00423397	0.0480392	0.0146053	0.153874	0.0103126	0.0558189	0.0111358	0.0880468	0.217507	0.580031	1.04735	2.15511	1	0.6050891
1757000	80.32809	-57.52622	137.8543	0.05	0.9622038	0.0557528	0.023286	0.0701699	0.00202309	0.102627	0.104008	0.0245938	0.0447931	0.0618306	0.0403524	0.0507448	0.328114	0.0489268	0.129352	0.465089	0.993444	2.41212	1	0.9572228
1758000	84.40193	-52.58525	136.9872	0.05	0.2105745	0.0450782	0.0776379	0.026595	0.0970713	0.0241608	0.103406	0.000591148	0.0158689	0.383251	0.0287111	0.013472	0.0230416	0.289619	0.000751312	0.04009	0.410688	3.54847	1	1.128504
1759000	74.96344	-57.14014	132.1036	0.05	1.868189	0.0527693	0.167139	0.0296589	0.0268432	0.04781	0.0106413	0.0113491	0.209861	0.231618	0.396323	0.151381	0.0640694	0.054065	0.277016	0.640223	1.06631	2.01645	1	1.453528
1760000	86.55241	-54.20682	140.7592	0.05	1.040293	0.0302563	0.0885248	0.0347191	0.102849	0.0362266	0.0411123	0.0158342	0.0214261	0.023693	0.0575408	0.00933151	0.169093	0.0275246	0.144923	0.488537	1.00637	2.36017	1	0.6581311
1761000	75.57265	-56.76014	132.3328	0.05	5.03855	0.0174345	0.0987273	0.0416145	0.119935	0.0657651	0.0520493	0.056312	0.0451694	0.336393	0.113098	0.0404656	0.140131	0.0201264	0.503671	0.804878	1.08323	1.60822	1	1.147221
1762000	75.51605	-57.8689	133.385	0.05	1.429839	0.0984605	0.0149971	0.113744	0.0739128	0.0183215	0.00797164	0.13906	0.00863732	0.495515	0.0363938	0.244465	0.0532036	0.098335	0.214278	0.576446	1.04602	2.16326	1	1.403016
1763000	78.2003	-57.21535	135.4157	0.05	2.088114	0.0182642	0.0401344	0.0535553	0.0422853	0.0471725	0.027879	0.0958174	0.113519	0.0421646	0.111718	0.095379	0.263753	0.19086	0.303571	0.664068	1.07205	1.96032	1	1.142503
1764000	81.66724	-53.40773	135.075	0.05	1.239394	0.0586841	0.0126721	0.0771237	0.0153936	0.0720302	0.0313966	0.0419976	0.0472955	0.0633706	0.291926	0.0835536	0.142846	0.311547	0.182119	0.538527	1.03059	2.24876	1	1.249836
1765000	75.95495	-56.93232	132.8873	0.05	3.243956	0.118745	0.0639021	0.033354	0.169056	0.0931743	0.0424187	0.011628	0.206083	0.0687464	0.229702	0.0330112	0.183218	0.00507182	0.407296	0.744199	1.08348	1.76502	1	1.258111
1766000	75.60717	-53.89364	129.5008	0.05	4.987513	0.0250912	0.1122	0.0494328	0.015145	0.202266	0.0167636	0.0663987	0.0327148	0.259899	0.0248059	0.292846	0.141849	0.160151	0.501558	0.80366	1.08332	1.61146	1	1.399565
1767000	82.88586	-52.17162	135.0575	0.05	2.489493	0.0235607	0.00459636	0.0395286	0.0541034	0.000672697	0.0305331	0.00931154	0.0124812	0.0569039	0.0389983	0.081972	0.700666	0.0287179	0.345458	0.69867	1.07851	1.87736	1	1.082045
1768000	80.28003	-53.81414	134.0942	0.05	4.381814	0.0673864	0.0571824	8.26341e-05	0.0633166	0.047936	0.0335905	0.0182498	0.0898448	0.0389603	0.462033	0.0733847	0.0357351	0.0144177	0.474182	0.787457	1.08417	1.65419	1	1.00212
1769000	86.19047	-53.05378	139.2443	0.05	0.4987585	0.00426478	0.0595163	0.0762246	0.0643717	0.00570369	0.0163145	0.0129221	0.0139152	0.0218536	0.102236	0.231299	0.207188	0.0392166	0.0331579	0.251105	0.819363	2.89637	1	0.8550271
1770000	81.06523	-54.71623	135.7815	0.05	1.380926	0.0373231	0.0398729	0.031771	0.00196849	0.0955086	0.0095001	0.00154201	0.158511	0.115213	0.180129	0.155864	0.0587434	0.238445	0.206328	0.567457	1.04259	2.18363	1	1.124391
1771000	87.18861	-51.03304	138.2217	0.05	2.014261	0.0404671	0.146762	0.0118338	0.0656885	0.0342123	0.0365329	0.00018229	0.00276224	0.00332958	0.0321204	0.366822	0.0490649	0.0277661	0.294971	0.656522	1.07034	1.97816	1	0.8175446
1772000	75.37803	-54.94505	130.3231	0.05	1.519353	0.133656	0.101497	0.0943422	0.00138111	0.150747	0.0978057	0.0213092	0.0841991	0.0559449	0.56429	0.282255	0.0058841	0.0474673	0.228297	0.591746	1.05154	2.12842	1	1.640779
1773000	86.12918	-53.82153	139.9507	0.05	1.632757	0.000821633	0.081756	0.00550352	0.014998	0.0653503	0.00990666	0.0742884	0.02888	0.276825	0.102509	0.02849	0.000304705	0.0042866	0.245121	0.609259	1.05735	2.08827	1	0.6939198
1774000	75.30025	-58.51505	133.8153	0.05	0.6674907	0.0229642	0.0176692	0.297119	0.0868862	0.00924004	0.0533952	0.00562728	0.0544069	0.0222291	0.23305	0.0966221	0.49169	0.0694854	0.0672624	0.347779	0.912199	2.67276	1	1.460383
1775000	77.38555	-56.90976	134.2953	0.05	0.4639426	0.0148363	0.0627318	0.0352451	0.00271919	0.0299309	0.100066	0.021434	0.162823	0.0572938	0.217029	0.434658	0.193172	0.0215268	0.0269155	0.227726	0.792149	2.95321	1	1.353466
1776000	77.33946	-54.19586	131.5353	0.05	3.427852	0.104607	0.0094293	0.0293315	0.0200055	0.139258	0.00838901	0.100602	0.129545	0.395403	0.165119	0.0792116	0.145898	0.0136403	0.419873	0.752767	1.08394	1.74342	1	1.34044
1777000	87.57105	-49.75575	137.3268	0.05	0.7065351	0.168824	0.0059982	0.118148	0.041299	0.00936349	0.0101048	0.0178502	0.0136815	0.010869	0.199148	0.410636	0.0455429	0.000641841	0.0755847	0.366597	0.927266	2.63055	1	1.052108
1778000	84.27292	-55.52574	139.7987	0.05	0.1103066	0.042205	0.0287959	0.0886719	0.0467416	0.0231021	0.0492589	0.034192	0.00359926	0.324495	0.0322206	0.0648498	0.0760691	0.00389074	1.91976e-06	0.00205653	0.122476	3.87547	1	0.8180915
1779000	78.97534	-55.69628	134.6716	0.05	0.3162655	0.0580902	0.0469924	0.236669	0.0103556	0.0117501	0.000663131	0.0632933	0.0429686	0.128286	0.155921	0.177094	0.370138	0.0164302	0.00670717	0.117193	0.622134	3.25397	1	1.318652
1780000	86.72306	-49.48535	136.2084	0.05	0.7583555	0.0566627	0.0369094	0.0924574	0.107999	0.0356091	0.00205729	0.0442134	0.000831381	0.0345454	0.0195074	0.120253	0.101452	0.46415	0.0866719	0.389811	0.944712	2.5788	1	1.116647
1781000	77.36363	-53.01724	130.3809	0.05	2.531475	0.0998216	0.0045654	0.404824	0.035536	0.00137813	0.0393724	0.0662862	0.0239392	0.0496726	0.479361	0.0291436	0.131838	0.168041	0.349421	0.701773	1.07898	1.86983	1	1.533778
1782000	85.41399	-53.4084	138.8224	0.05	0.8387515	0.0518932	0.0693117	0.00101041	0.0399151	0.0764758	0.0137178	0.040066	0.0216304	0.109729	0.122358	0.0621711	0.0268027	0.236143	0.103774	0.42228	0.96714	2.50681	1	0.8712231
1783000	86.55508	-52.86691	139.422	0.05	2.568818	0.0838954	0.111339	0.0672656	0.0314161	0.0260296	0.00239717	0.00666749	0.00103592	0.0354578	0.196555	0.0210237	0.053395	0.00767891	0.352886	0.704464	1.07937	1.86328	1	0.6441565
1784000	85.78863	-51.2168	137.0054	0.05	2.072644	0.0147846	0.164378	0.00515449	0.0431899	0.0445021	0.0434661	0.0395126	0.0172056	0.172372	0.00318838	0.287105	0.0173556	0.104955	0.301795	0.662523	1.07171	1.96398	1	0.9571688
1785000	69.67563	-56.00473	125.6804	0.05	0.3944881	0.0599427	0.127175	0.160387	0.383347	0.0219793	0.0449481	0.00259374	0.00649711	0.25528	0.0829083	0.0451879	0.576799	0.477058	0.0159273	0.177627	0.725247	3.0812	1	2.244103
1786000	83.10781	-52.26195	135.3698	0.05	0.8269229	0.0373956	0.0629496	0.00115714	0.0427657	0.0231334	0.0117989	0.106288	0.0076115	0.0881939	0.362557	0.242959	0.10107	0.129825	0.101273	0.417752	0.964144	2.51683	1	1.217704
1787000	74.69235	-57.20861	131.901	0.05	1.662785	0.0444983	0.103729	0.0106284	0.0609824	0.0231959	0.0439155	0.00689493	0.037679	0.118013	0.22347	0.278327	0.400408	0.175921	0.24941	0.613585	1.05871	2.0783	1	1.527662
1788000	77.11629	-52.58679	129.7031	0.05	1.821083	0.120089	0.0533328	0.01619	0.119282	0.0428327	0.0532278	0.0179565	0.102959	0.77288	0.0750384	0.0932343	0.128293	0.101213	0.27094	0.634531	1.06479	2.02974	1	1.696528
1789000	86.8134	-56.37745	143.1909	0.05	0.7775986	0.0193309	0.0168444	0.00673317	0.0159441	0.0639715	0.0139758	0.0130455	0.143341	0.00257337	0.0538626	0.00628433	0.0276407	0.0736991	0.0907838	0.397956	0.950549	2.56071	1	0.4572467
1790000	80.16148	-55.01854	135.18	0.05	0.6805537	0.0489763	0.0485711	0.181303	0.0791628	0.0825028	0.0676861	0.0322654	0.0147968	0.051785	0.00564505	0.144111	0.332582	0.171392	0.0700403	0.354209	0.917443	2.65831	1	1.260778
1791000	80.37046	-53.97705	134.3475	0.05	0.4966897	0.0325777	0.0108927	0.0200673	0.0181213	0.0388193	0.041926	0.051209	0.0855579	0.0439765	0.272478	0.00178498	0.00236564	0.731957	0.0327759	0.249749	0.817845	2.89963	1	1.351733
1792000	71.05564	-57.56415	128.6198	0.05	3.573345	0.042326	0.0631807	0.0345063	0.0655764	0.0480393	0.124594	0.169844	0.296037	0.174692	0.176859	0.389115	0.0412358	0.0279321	0.429269	0.75903	1.08418	1.72752	1	1.653937
1793000	84.58603	-50.6463	135.2323	0.05	1.527435	0.0373313	0.0561756	0.0476959	0.147468	0.047234	0.063503	0.0395385	0.0205347	0.115457	0.396831	0.0283508	0.0992474	0.0647074	0.22953	0.59306	1.05199	2.12542	1	1.164074
1794000	84.44986	-52.48179	136.9317	0.05	0.894413	0.0388931	0.0315004	0.134937	0.00943997	0.00724777	0.0421879	0.0097505	0.0722527	0.0463332	0.528357	0.0794933	0.0806952	0.000120896	0.115435	0.442541	0.980036	2.46199	1	1.081209
1795000	86.06765	-52.57106	138.6387	0.05	0.6541399	0.028838	0.164931	0.00429943	0.065759	0.00752302	0.00525646	0.00816938	0.00384299	0.439623	0.0967554	0.0552641	0.0499876	0.0477719	0.0644328	0.341064	0.906612	2.68789	1	0.9780206
1796000	70.70851	-59.75534	130.4638	0.05	0.1794259	0.125726	0.136527	0.228381	0.0560288	0.0829115	0.0110796	0.012565	0.0480334	0.0734859	0.286395	0.07477	0.562314	0.0945629	0.000240607	0.0228127	0.327877	3.64907	1	1.79278
1797000	81.07555	-54.21837	135.2939	0.05	1.059707	0.0515177	0.0756351	0.0116135	0.125662	0.108019	0.0339576	0.0587587	0.0318183	0.118468	0.0675041	0.199001	0.248986	0.101981	0.148711	0.493991	1.00923	2.34807	1	1.232923
1798000	79.60959	-54.48937	134.099	0.05	0.8525219	0.13806	0.0511577	0.0448122	0.0441858	0.0120617	0.065404	0.02007	0.0262936	0.10052	0.338286	0.0880733	0.364757	0.0444545	0.106676	0.427451	0.970509	2.49536	1	1.338135
1799000	85.25035	-52.38847	137.6388	0.05	2.964796	0.0144381	0.0617752	0.0973145	0.00521891	0.00825454	0.0141084	0.108858	0.0170061	0.0331397	0.293806	0.0607747	0.0291287	0.025371	0.38652	0.72956	1.08234	1.80158	1	0.7691934
1800000	83.81881	-52.26289	136.0817	0.05	0.7605592	0.0821024	0.0863245	0.135142	0.0264163	0.000866044	0.0814442	0.0280944	0.0379421	0.0989985	0.0199388	0.0551016	0.00153474	0.512089	0.0871431	0.390756	0.945397	2.5767	1	1.165994
1801000	81.58521	-57.05686	138.6421	0.05	1.560609	0.0278431	0.0179125	0.026956	0.0142502	0.0661303	0.023424	0.130493	0.0701131	0.0391112	0.244501	0.0386272	0.137803	0.0167305	0.234535	0.598343	1.05379	2.11333	1	0.8538944
1802000	90.37756	-51.07934	141.4569	0.05	2.019364	0.0535057	0.0540066	0.0127883	0.00996742	7.6921e-05	0.0165687	0.0101659	0.0352388	0.0159457	0.169621	0.0470797	0.0446969	0.0478322	0.295575	0.657057	1.07047	1.9769	1	0.5174939
1803000	79.60511	-56.69899	136.3041	0.05	2.341498	0.0168799	0.0531793	0.170875	0.063675	0.140695	0.0359011	0.00505204	0.0202307	0.266002	0.0450204	0.0174777	0.0807866	0.0855319	0.330895	0.687023	1.07658	1.9055	1	1.001307
1804000	81.08993	-56.5167	137.6066	0.05	1.297367	0.0042335	0.0282634	0.0901807	0.00746578	0.0469124	0.101434	0.0699755	0.0890766	0.235462	0.051565	0.0157585	0.226976	0.0612552	0.192256	0.550942	1.03592	2.22088	1	1.028558
1805000	83.60693	-56.29955	139.9065	0.05	1.400854	0.0149527	0.072457	0.0169538	0.0598112	0.122933	0.00790711	0.0579328	0.00873887	0.171874	0.0915983	0.0968548	0.0321521	0.00908838	0.209592	0.571176	1.04403	2.1752	1	0.7632535
1806000	79.26153	-57.26184	136.5234	0.05	0.3642621	0.189696	0.172142	0.0483793	0.00315799	0.0559519	0.0862381	0.00984698	0.0645364	0.0254927	0.075027	0.37726	0.00560286	0.0295753	0.0119142	0.154601	0.68952	3.14396	1	1.142907
1807000	80.20766	-53.87081	134.0785	0.05	1.829817	0.261478	0.0692782	0.0416521	0.0344439	0.111964	0.0466152	0.0042535	0.0811512	0.0029097	0.104614	0.37825	0.0891675	0.000990938	0.272077	0.635604	1.06508	2.02724	1	1.226768
1808000	76.99098	-52.65002	129.641	0.05	0.8966603	0.0236949	0.221709	0.147049	0.0557179	0.086105	0.124664	0.0101979	0.0212108	0.00401767	0.138672	0.00676812	0.855494	0.0694274	0.115902	0.443324	0.980519	2.46026	1	1.764728
1809000	80.5817	-52.98873	133.5704	0.05	1.918546	0.136792	0.00203914	0.0185202	0.0348415	0.015592	0.00700849	0.0305811	0.00690853	0.919953	0.00617102	0.0371525	0.0725471	0.0080356	0.283354	0.646063	1.06781	2.00277	1	1.296142
1810000	75.45701	-55.78638	131.2434	0.05	0.7200521	0.148939	0.0130615	0.00904413	0.00503631	0.0464361	0.0519145	0.0832108	0.0290344	0.326725	0.676138	0.144907	0.0592207	0.0354776	0.0784755	0.37284	0.932078	2.61661	1	1.629146
1811000	90.90493	-51.49066	142.3956	0.05	0.4867786	0.0227899	0.0168084	0.018563	0.057104	0.0117428	0.0361457	0.00556073	0.00692996	0.121089	0.0290064	0.0159691	0.122347	0.109233	0.0309642	0.243197	0.810405	2.91543	1	0.5732892
1812000	82.04307	-52.84691	134.89	0.05	1.536881	0.0317695	0.0448277	0.0373168	0.00192608	0.058748	0.0597541	0.0203294	0.00879769	0.051256	0.326652	0.189655	0.328889	0.036629	0.230964	0.594582	1.05252	2.12194	1	1.19655
1813000	81.29079	-51.79039	133.0812	0.05	2.227012	0.239407	0.0335283	0.00738671	0.0690688	0.0441887	0.06244	0.0183259	0.0258269	0.511329	0.0248379	0.0359652	0.231418	0.00413218	0.318946	0.677169	1.07476	1.92913	1	1.307855
1814000	83.40534	-54.93455	138.3399	0.05	1.010702	0.0237236	0.0280679	0.017031	0.0681342	0.133381	0.0102732	0.014253	0.176324	0.0130237	0.170837	0.0251429	0.143685	0.105613	0.139084	0.479945	1.00175	2.37922	1	0.9294895
1815000	75.92202	-54.01352	129.9355	0.05	2.547158	0.219885	0.0076457	0.0137524	0.196005	0.038831	0.0984983	0.0489406	0.0826834	0.058835	0.294548	0.00483083	0.420796	0.109086	0.350882	0.702911	1.07914	1.86706	1	1.594337
1816000	88.02506	-49.9379	137.963	0.05	2.796195	0.0432183	0.00289694	0.0292612	0.00928067	0.050083	0.00359865	0.0273144	0.0478046	0.0820951	0.416388	0.0289085	0.0256136	0.00930582	0.372854	0.719581	1.08131	1.82626	1	0.775769
1817000	81.86211	-55.69538	137.5575	0.05	0.5824216	0.0174039	0.0883631	0.0135497	0.0996745	0.00969601	0.00241413	0.0168896	0.249986	0.134598	0.195839	0.0123249	0.177671	0.0195772	0.0495039	0.302359	0.872079	2.77606	1	1.037988
1818000	83.22194	-52.75753	135.9795	0.05	0.8425044	0.0438223	0.0103674	0.0531556	0.0804014	0.0701579	0.0205078	0.0819944	0.0932512	0.117272	0.370974	0.0790549	0.0812657	0.0703616	0.104566	0.4237	0.96807	2.50366	1	1.172586
1819000	82.94217	-54.36696	137.3091	0.05	0.3121584	0.0648873	0.0683907	0.0672861	0.115613	0.0251197	0.140477	0.00476728	0.0548879	0.0504653	0.0923587	0.281728	0.104065	0.0220316	0.00633329	0.113981	0.615667	3.26402	1	1.092077
1820000	90.95887	-50.95192	141.9108	0.05	1.604968	0.0255261	0.0225003	0.0311244	0.0137513	0.0171336	0.0301638	0.0217384	0.0219678	0.0422592	0.148287	0.0271362	0.0649338	0.0193301	0.241092	0.605144	1.05603	2.09773	1	0.4858522
1821000	86.85148	-50.60324	137.4547	0.05	1.662946	0.0430086	0.0339351	0.0586301	0.0522233	0.0854895	0.00237078	0.0258942	0.00631752	0.130838	0.411325	0.00489262	0.0696584	0.015248	0.249432	0.613608	1.05871	2.07825	1	0.9398308
1822000	85.97404	-52.30371	138.2777	0.05	1.138017	0.140493	0.0213823	0.0763911	0.00812147	0.0114699	0.0141856	0.0384315	0.0225734	0.196775	0.0222455	0.0776001	0.128736	0.164006	0.163641	0.514639	1.01957	2.30215	1	0.9224106
1823000	88.82856	-49.99343	138.822	0.05	1.946249	0.0144379	0.152638	0.0186662	0.0324573	0.0327525	0.0440683	0.00127833	0.000514328	0.182068	0.0159165	0.0434547	0.06018	0.171243	0.286773	0.649173	1.06858	1.99547	1	0.7696749
1824000	79.97035	-55.50738	135.4777	0.05	0.4352152	0.0629552	0.027607	0.027444	0.0959362	0.0917374	0.0192808	0.0307142	0.00452713	0.0503965	0.32436	0.0321887	0.0706948	0.404329	0.0221052	0.207538	0.766739	3.00362	1	1.242171
1825000	84.32104	-53.86085	138.1819	0.05	0.5631067	0.0269634	0.103431	0.0292591	0.0690162	0.0668481	0.035816	0.0270898	0.00723992	0.0236772	0.313898	0.0376341	0.0902228	0.140652	0.0455994	0.291132	0.861263	2.80201	1	0.9717476
1826000	83.71713	-50.32274	134.0399	0.05	1.86158	0.0332883	0.13275	0.0748121	0.022749	0.0100056	0.00227402	0.0639008	0.0409471	0.132723	0.226086	0.00454594	0.451215	0.0312042	0.276172	0.639438	1.06611	2.01828	1	1.226502
1827000	78.97274	-58.12844	137.1012	0.05	0.4993616	0.0953269	0.00473856	0.08908	0.00669121	0.141778	0.0554688	0.00501615	0.0136307	0.116314	0.0814318	0.00701104	0.277961	0.182652	0.0332695	0.251499	0.819803	2.89543	1	1.077099
1828000	78.07672	-56.51586	134.5926	0.05	1.885912	0.0412011	0.0035022	0.0802525	0.0131031	0.0621415	0.0680897	0.127789	0.00751014	0.130687	0.0838724	0.00210634	0.416124	0.171492	0.279265	0.642306	1.06685	2.01158	1	1.20787
1829000	90.59161	-50.09167	140.6833	0.05	1.197866	0.0435366	0.0369625	0.0112597	0.0256101	0.0580054	0.054935	0.00718744	0.00624174	0.0829835	0.0826906	0.202868	0.0269404	0.00387179	0.174666	0.529097	1.02636	2.26988	1	0.6430928
1830000	86.16822	-53.07798	139.2462	0.05	0.5367334	0.0720894	0.031206	0.110429	0.0220433	0.021947	0.0625886	0.00146361	0.101739	0.27049	0.0249339	0.0344306	0.0837473	0.0154056	0.0403817	0.275222	0.84526	2.83914	1	0.8525138
1831000	89.68246	-51.36749	141.05	0.05	1.486039	0.0288967	0.0611302	0.121002	0.0089882	0.0050231	0.0230946	0.00634862	0.0467995	0.138357	0.041534	0.0490602	0.0423187	0.0186368	0.223158	0.586216	1.04959	2.14103	1	0.5911896
1832000	84.61211	-52.47101	137.0831	0.05	2.064062	0.0988111	0.035373	0.0414608	0.12412	0.0842874	0.0440014	0.0425521	0.013959	0.116535	0.0286165	0.171971	0.134478	0.00937421	0.300804	0.661657	1.07151	1.96603	1	0.9455397
1833000	82.55502	-51.4612	134.0162	0.05	2.256967	0.164991	0.10753	0.00696721	0.035092	0.00444303	0.0627957	0.010265	0.014621	0.318785	0.00807768	0.0384977	0.0128959	0.415288	0.322134	0.679825	1.07527	1.92278	1	1.200249
1834000	78.53389	-54.83348	133.3674	0.05	4.845349	0.0251603	0.0478343	0.102342	0.0132501	0.0527199	0.0459182	0.0401813	0.00616994	0.0257506	0.138836	0.294165	0.15875	0.0822639	0.495525	0.800158	1.08356	1.62076	1	1.033342
1835000	85.63196	-53.41231	139.0443	0.05	0.8153754	0.0491007	0.00203056	0.0231517	0.0129566	0.126816	0.0166352	0.0180367	0.0216994	0.00769453	0.335394	0.0266828	0.0626076	0.156259	0.098826	0.413251	0.961126	2.5268	1	0.8590657
1836000	78.7336	-58.34505	137.0787	0.05	1.002908	0.0867479	0.0665816	0.00897797	0.0244785	0.0545144	0.16847	0.00653327	0.0145239	0.15441	0.0635426	0.0944915	0.206842	0.0887709	0.137534	0.477624	1.00048	2.38436	1	1.038884
1837000	80.21249	-57.8014	138.0139	0.05	0.6393967	0.0249811	0.0955329	0.157455	0.0722904	0.0427756	0.0935612	0.0392041	0.0171479	0.0777975	0.0822366	0.132203	0.00279743	0.14778	0.0613221	0.333476	0.90016	2.70504	1	0.9857623
1838000	83.50597	-52.97503	136.481	0.05	1.750661	0.106572	0.0861567	0.0019405	0.106925	0.0787522	0.0217427	0.0506994	0.0277883	0.0130098	0.0162584	0.184855	0.246711	0.0637819	0.261579	0.625578	1.06229	2.05056	1	1.005193
1839000	80.87139	-54.01119	134.8826	0.05	1.0201	0.0529243	0.0577079	0.029169	0.0194756	0.202623	0.115665	0.00557666	0.0440359	0.105597	0.0035347	0.0477072	0.453624	0.102725	0.140947	0.482711	1.00325	2.37309	1	1.240365
1840000	79.71352	-54.58119	134.2947	0.05	0.917949	0.0123181	0.118	0.174222	0.0607797	0.031497	0.0239909	0.00245131	0.00829319	0.0769162	0.0402754	0.368645	0.0925839	0.344768	0.120306	0.45062	0.984953	2.44412	1	1.354741
1841000	81.05916	-56.6378	137.697	0.05	1.179738	0.0235559	0.0118975	0.0905903	0.0988975	0.143153	0.051774	0.0806661	0.0310179	0.0432001	0.254392	0.114529	0.0124323	0.0178413	0.171362	0.524829	1.0244	2.27941	1	0.9739468
1842000	82.01123	-52.98022	134.9914	0.05	1.260008	0.155612	0.131729	0.05121	0.0598437	0.0159501	0.0417218	0.00921032	0.0403138	0.03197	0.0623274	0.081196	0.0423159	0.484591	0.185759	0.543038	1.03256	2.23865	1	1.207991
1843000	86.7609	-52.05552	138.8164	0.05	0.5306291	0.109168	0.0506889	0.0154995	0.0659794	0.052378	0.00138639	0.0131371	0.0881026	0.0179144	0.104946	0.121919	0.234939	0.0351777	0.0391956	0.271442	0.841336	2.84803	1	0.9112351
1844000	80.18326	-57.83669	138.02	0.05	0.3787842	0.0618379	0.00483238	0.0534908	0.0321581	0.0175207	0.0198142	0.0192871	0.0493001	0.017489	0.0143423	0.287919	0.279725	0.111191	0.0137764	0.165739	0.707263	3.11322	1	0.968908
1845000	82.56615	-53.38964	135.9558	0.05	0.5084963	0.108837	0.00402996	0.113436	0.163551	0.0094405	0.0401732	0.0570532	0.0553761	0.0539888	0.0915004	0.0298292	0.425894	0.0338522	0.0349731	0.257426	0.826353	2.88125	1	1.186962
1846000	85.57722	-51.3799	136.9571	0.05	1.261354	0.0629392	0.0374677	0.0121135	0.0523625	0.0634339	0.00495023	0.0218302	0.0413568	0.0153	0.0400822	0.108781	0.0437047	0.536412	0.185996	0.543329	1.03268	2.23799	1	1.040734
1847000	89.25239	-51.09993	140.3523	0.05	0.8622474	0.0402208	0.0753779	0.0613587	0.039663	0.00593005	0.042152	0.027794	0.0104572	0.143633	0.0543647	0.0793072	0.0909584	0.0621979	0.108719	0.431038	0.972815	2.48743	1	0.7334143
1848000	85.46165	-52.382	137.8437	0.05	0.4508115	0.0390019	0.0170734	0.0669682	0.0558628	0.0850089	0.0356574	0.0165377	0.0215433	0.00552537	0.040264	0.479822	0.0697334	0.0852749	0.0246749	0.218597	0.780893	2.97584	1	1.018273
1849000	82.00681	-52.47858	134.4854	0.05	0.3937705	0.129153	0.146201	0.00642826	0.0157842	0.064348	0.00411292	0.0120977	0.0403636	0.0600113	0.014367	0.279936	0.16253	0.415051	0.0158261	0.177087	0.724451	3.08264	1	1.350384
1850000	83.32876	-53.85162	137.1804	0.05	1.861506	0.0388555	0.0677706	0.129862	0.0289455	0.012514	0.0783982	0.0402973	0.0256016	0.0745224	0.0603268	0.129366	0.0677016	0.219284	0.276163	0.639429	1.0661	2.0183	1	0.9734453
1851000	83.25826	-53.296	136.5543	0.05	0.8493295	0.0403636	0.0717681	0.0245191	0.0632721	0.0442089	0.00145732	0.0697333	0.0670751	0.300061	0.00953984	0.0351385	0.351171	0.015183	0.106004	0.426261	0.969739	2.498	1	1.09349
1852000	82.95798	-54.83347	137.7914	0.05	1.650015	0.0267214	0.1416	0.0408969	0.0506952	0.0444183	0.0286786	0.00583659	0.0138019	0.224601	0.0289651	0.00945675	0.0912393	0.167329	0.247594	0.611761	1.05814	2.08251	1	0.8742399
1853000	77.91371	-54.56573	132.4794	0.05	2.7958	0.0485723	0.00761832	0.0489897	0.165111	0.0613754	0.0170932	0.0437665	0.0144611	0.00760799	0.00317995	0.0464136	0.389584	0.457644	0.372821	0.719556	1.0813	1.82632	1	1.311417
1854000	78.62359	-56.88207	135.5057	0.05	1.182809	0.0806207	0.0116302	0.00979492	0.101722	0.0809238	0.0648447	0.0197104	0.00390708	0.173806	0.0471898	0.222641	0.0730479	0.316946	0.171924	0.525559	1.02473	2.27778	1	1.206786
1855000	80.84841	-54.47655	135.325	0.05	0.5669111	0.0412002	0.061592	0.00208544	0.0564101	0.0620799	0.11785	0.140538	0.033361	0.102502	0.0123411	0.334823	0.271757	0.0135704	0.0463634	0.293371	0.863451	2.79681	1	1.250111
1856000	91.79598	-49.28177	141.0778	0.05	1.675633	0.0522491	0.00713223	0.00450542	0.0292021	0.0133953	0.0157947	0.00982457	0.0199835	0.00108793	0.0508227	0.0469508	0.0465885	0.268628	0.251224	0.6154	1.05926	2.07411	1	0.5661648
1857000	76.19215	-56.38262	132.5748	0.05	2.686179	0.0772578	0.00741502	0.0164779	0.0178117	0.0189079	0.0964486	0.0483958	0.0103473	0.307214	0.112859	0.216937	0.00592163	0.3464	0.363426	0.712526	1.08046	1.84359	1	1.282393
1858000	75.44181	-57.23306	132.6749	0.05	1.06563	0.333454	0.17187	0.204352	0.0137628	0.0983596	0.0458596	0.00283166	0.0191142	0.299958	0.0997546	0.128021	0.0160551	0.0274021	0.14986	0.495627	1.01008	2.34444	1	1.460793
1859000	78.9737	-56.67585	135.6496	0.05	0.3135631	0.0384982	0.0468372	0.115682	0.111637	0.0956077	0.0374985	0.0292749	0.0162029	0.139376	0.399126	0.126191	0.0761394	0.00600826	0.00645985	0.115079	0.617893	3.26057	1	1.238078
1860000	79.48384	-56.59558	136.0794	0.05	2.191526	0.0124399	0.0219194	0.0309517	0.189394	0.0619683	0.00209246	0.0510439	0.103185	0.0265309	0.245969	0.0416234	0.209047	0.0292067	0.315113	0.673948	1.07412	1.93682	1	1.025372
1861000	80.14769	-51.16104	131.3087	0.05	1.264972	0.153762	0.21468	0.146106	0.00150966	0.0248652	0.0187155	0.00640831	0.00369484	0.0567266	0.00954892	0.0191354	0.177752	0.731386	0.18663	0.544108	1.03302	2.23624	1	1.56429
1862000	81.46279	-55.24754	136.7103	0.05	0.35223	0.153783	0.00468059	0.0343953	0.0130386	0.00588774	0.0480858	0.0443912	0.102565	0.11162	0.00175167	0.106092	0.0634167	0.43513	0.0104685	0.145288	0.673947	3.1703	1	1.124837
1863000	82.74092	-53.20546	135.9464	0.05	0.4088589	0.0186186	0.0744457	0.130029	0.024109	0.0235856	0.127458	0.0262609	0.0245286	0.0143571	0.00200416	0.180321	0.485944	0.0515998	0.0180129	0.188342	0.740692	3.05295	1	1.183262
1864000	77.10591	-58.98568	136.0916	0.05	3.289054	0.116247	0.00366428	0.0502912	0.103021	0.0525393	0.050592	0.0307258	0.103912	0.0322213	0.000277288	0.0963644	0.159832	0.104971	0.410457	0.746373	1.08361	1.75956	1	0.9046594
1865000	81.82591	-50.46022	132.2861	0.05	0.7780294	0.104635	0.0993996	0.0998384	0.000852201	0.0281552	0.0283072	0.0456436	0.0177351	0.674962	0.0930005	0.13741	0.143041	0.0616935	0.0908758	0.398136	0.950676	2.56031	1	1.534674
1866000	76.63208	-59.23689	135.869	0.05	0.710583	0.140139	0.0227083	0.0588964	0.117843	0.0789207	0.0839297	0.0386959	0.115892	0.174468	0.100124	0.199941	0.0304865	0.0211634	0.0764501	0.368481	0.928728	2.62634	1	1.183208
1867000	77.8504	-54.95644	132.8068	0.05	0.813453	0.12238	0.0812409	0.130691	0.0229044	0.0454461	0.0422858	0.0706546	0.0214103	0.498876	0.0862081	0.312299	0.0383292	0.00343717	0.0984181	0.412494	0.960614	2.52847	1	1.476162
1868000	79.88475	-54.98756	134.8723	0.05	2.956469	0.0404377	0.0342351	0.0353864	0.0326392	0.0345776	0.194317	0.144005	0.0464062	0.0337157	0.140282	0.146443	0.0816802	0.123191	0.385866	0.729089	1.08229	1.80275	1	1.087316
1869000	83.40534	-54.20829	137.6136	0.05	1.886064	0.00274596	0.084143	0.0323517	0.0184945	0.0431599	0.0106188	0.00461788	0.0452618	0.218312	0.0190907	0.0697528	0.0197552	0.298498	0.279284	0.642324	1.06686	2.01153	1	0.8668019
1870000	72.65118	-59.54684	132.198	0.05	0.37273	0.0676801	0.0156275	0.0307945	0.211461	0.0478179	0.155383	0.171169	0.203525	0.420698	0.0174706	0.0316571	0.170135	0.0713178	0.0129849	0.161111	0.700001	3.1259	1	1.614736
1871000	87.6901	-52.62083	140.3109	0.05	0.5206381	0.0576112	0.00213948	0.00175259	0.176707	0.0186007	0.0429847	0.0374436	0.0291627	0.114188	0.0287519	0.0459222	0.0154836	0.18092	0.0372737	0.265175	0.834723	2.86283	1	0.7516676
1872000	86.36892	-48.93405	135.303	0.05	1.270153	0.107946	0.00532965	0.098794	0.0107062	0.0204805	0.0260972	0.00466934	0.0460004	0.0717849	0.0246065	0.632171	0.082959	0.0366853	0.187536	0.545218	1.0335	2.23375	1	1.16823
1873000	85.56681	-53.38927	138.9561	0.05	2.52454	0.0205961	0.0217325	0.0453883	0.000130065	0.0376637	0.0602889	0.00139375	0.0393581	0.118353	0.0533477	0.0721676	0.0763633	0.141642	0.348771	0.701266	1.0789	1.87106	1	0.6884249
1874000	88.57072	-52.56665	141.1374	0.05	1.393525	0.0663752	0.0502626	0.0229391	0.0139703	0.0160679	0.0494568	0.0058101	0.0119013	0.0398116	0.0223676	0.163558	0.107922	0.00386495	0.208396	0.569818	1.0435	2.17828	1	0.5743075
1875000	89.06148	-50.91573	139.9772	0.05	0.3611079	0.0314985	0.070702	0.026917	0.0756336	0.0159476	0.000579043	0.0021953	0.00675074	0.349477	0.0225311	0.0608434	0.0158792	0.120202	0.0115265	0.152167	0.685516	3.15079	1	0.7991567
1876000	78.77318	-57.8381	136.6113	0.05	2.14839	0.141973	0.00981596	0.130043	0.025849	0.0430899	0.106372	0.00764115	0.00249611	0.130665	0.0214535	0.114609	0.0103863	0.237899	0.310367	0.669919	1.07329	1.94642	1	0.9822927
1877000	84.53336	-55.47046	140.0038	0.05	0.4428896	0.0693983	0.0556	0.00606237	0.0881708	0.0183665	0.0510258	0.108456	0.00362504	0.0984547	0.0215783	0.0102112	0.128482	0.114415	0.0233567	0.213009	0.773814	2.98982	1	0.7738459
1878000	78.21748	-53.92217	132.1397	0.05	1.601996	0.229791	0.0243506	0.0200339	0.197232	0.0711511	0.0473944	0.0791618	0.0649288	0.0811009	0.167727	0.0586628	0.406592	0.0147951	0.240657	0.604698	1.05589	2.09876	1	1.462921
1879000	77.09055	-55.26461	132.3552	0.05	1.505468	0.017437	0.147834	0.104284	0.0251674	0.102978	0.043997	0.168394	0.104903	0.16149	0.11388	0.00484051	0.129487	0.329092	0.226166	0.589464	1.05074	2.13363	1	1.453784
1880000	83.25292	-51.58417	134.8371	0.05	2.337132	0.12568	0.0634314	0.0978306	0.0863551	0.0025555	0.0128697	0.0121137	0.00575887	0.0113267	0.0908338	0.278358	0.0577559	0.270123	0.330451	0.686661	1.07652	1.90637	1	1.114993
1881000	79.00961	-56.13109	135.1407	0.05	0.6887663	0.00909594	0.0916683	0.00802906	0.101198	0.0556297	0.197972	0.0860534	0.0690981	0.059935	0.284878	0.000323384	0.105834	0.190085	0.0717905	0.358181	0.920633	2.64939	1	1.259801
1882000	83.96975	-52.7637	136.7334	0.05	2.871961	0.0715508	0.0526958	0.0259225	0.00672453	0.106172	0.106487	0.00843124	0.038495	0.0675591	0.114274	0.0482713	0.203419	0.0447769	0.379108	0.724183	1.08181	1.8149	1	0.8947783
1883000	81.96384	-52.44902	134.4129	0.05	1.364679	0.0931829	0.0575789	0.032475	0.100557	0.0114526	0.0246314	0.0563234	0.0306231	0.193312	0.12375	0.0587055	0.0419177	0.428126	0.203641	0.564365	1.04138	2.19062	1	1.252636
1884000	84.83845	-53.78288	138.6213	0.05	0.7983458	0.0575937	0.0707152	0.0532909	0.00804184	0.00572016	0.0885011	0.0978892	0.0176242	0.085731	0.239209	0.0229477	0.116768	0.0608338	0.0952067	0.406467	0.956495	2.54183	1	0.924865
1885000	84.37764	-50.66961	135.0473	0.05	1.468634	0.142221	0.0420335	0.157156	0.105019	0.00909288	0.00335572	0.00116632	0.0543887	0.000383016	0.488302	0.058272	0.0778455	0.0539814	0.220436	0.583251	1.04853	2.14779	1	1.193217
1886000	75.37495	-61.8317	137.2067	0.05	2.018153	0.0455792	0.150725	0.0655159	0.0265778	0.015046	0.00533335	0.118863	0.0538369	0.102649	0.0194423	0.0681258	0.0269664	0.213598	0.295432	0.65693	1.07044	1.9772	1	0.9122596
1887000	84.7032	-52.48329	137.1865	0.05	2.667622	0.0447583	0.092553	0.0247824	0.0755109	0.0522755	0.0620928	0.0401005	0.0285826	0.142764	0.0464022	0.108928	0.135222	0.00071513	0.361794	0.711289	1.0803	1.84662	1	0.8546875
1888000	76.11769	-56.66921	132.7869	0.05	1.222245	0.0142248	0.03385	0.0491639	0.0969394	0.0719329	0.0452148	0.0983108	0.0100077	0.0856449	0.00419292	0.00954872	0.481385	0.42062	0.179061	0.534689	1.02889	2.25736	1	1.421035
1889000	84.69077	-51.00187	135.6926	0.05	2.005948	0.0824702	0.0662701	0.00454815	0.128576	0.0153199	0.0154897	0.0541831	0.0690476	0.011139	0.0361049	0.11701	0.0585733	0.395891	0.293984	0.655645	1.07014	1.98023	1	1.054622
1890000	77.98801	-56.97972	134.9677	0.05	1.200633	0.133667	0.0255668	0.106564	0.0314381	0.0411538	0.037259	0.205047	0.0210802	0.115108	0.0857728	0.0911251	0.0894007	0.248989	0.175168	0.52974	1.02665	2.26844	1	1.232172
1891000	79.01802	-53.32969	132.3477	0.05	2.950596	0.0789966	0.0186575	0.185272	0.0276898	0.00528158	0.0876826	0.0541707	0.0380497	0.455312	0.039119	0.0467157	0.18652	0.0598849	0.385403	0.728755	1.08226	1.80358	1	1.283352
1892000	74.82014	-58.78203	133.6022	0.05	0.508825	0.0263434	0.0189382	0.225473	0.155166	0.00225343	0.0821054	0.184263	0.124918	0.0542233	0.0532154	0.318871	0.0924194	0.0639581	0.0350349	0.257638	0.826585	2.88074	1	1.402147
1893000	78.5793	-54.26595	132.8453	0.05	4.79966	0.0537555	0.0392008	0.0392806	0.0548516	0.0951248	0.00443631	0.132501	0.0855438	0.259121	0.0294201	0.207969	0.0629498	0.0107173	0.493538	0.798996	1.08363	1.62383	1	1.074872
1894000	90.44597	-47.79479	138.2408	0.05	2.638932	0.0404231	0.0168602	0.0352309	0.0226711	0.00631157	0.0029038	0.0116624	0.00999216	0.261376	0.0688577	0.0566892	0.027997	0.172996	0.359245	0.70935	1.08004	1.85136	1	0.7339703
1895000	84.53453	-50.48608	135.0206	0.05	2.307401	0.0642124	0.0228992	0.0129329	0.148041	0.00541846	0.0300664	0.0274101	0.0625913	0.12102	0.0400523	0.0210106	0.412166	0.129167	0.327401	0.68417	1.07607	1.91236	1	1.096988
1896000	78.87574	-52.55531	131.4311	0.05	3.671915	0.207841	0.00877676	0.175265	0.0529723	0.0210066	0.020857	0.0726247	0.00338582	0.162245	0.114075	0.401969	0.055385	0.0266563	0.435378	0.76304	1.08429	1.71729	1	1.323059
1897000	85.13524	-53.32776	138.463	0.05	1.320791	0.0768197	0.0364489	0.00815416	0.0717367	0.0882625	0.00137596	0.0153806	0.0159825	0.178873	0.174999	0.0184601	0.158643	0.0061117	0.196265	0.555729	1.0379	2.21011	1	0.851247
1898000	83.96549	-52.20794	136.1734	0.05	1.041792	0.0261723	0.13168	0.0150315	0.0719029	0.0457048	0.0341303	0.0870404	0.00240576	0.26548	0.123353	0.0277426	0.0826743	0.206281	0.145216	0.488963	1.00659	2.35923	1	1.119599
1899000	79.9219	-54.5734	134.4953	0.05	1.242438	0.0406185	0.0938104	0.0413139	0.0516506	0.115547	0.0973683	0.169442	0.00714536	0.366329	0.0570965	0.0131028	0.164073	0.055342	0.182659	0.5392	1.03089	2.24726	1	1.27284
1900000	93.12876	-48.50247	141.6312	0.05	0.474544	0.0377404	0.0104227	0.00940335	0.0204934	0.00647048	0.0201287	0.036508	0.00516976	0.0716891	0.0241991	0.328517	0.0295159	0.0169849	0.0287722	0.234973	0.800824	2.93543	1	0.6172434
1901000	88.40909	-53.74893	142.158	0.05	1.111747	0.0159819	0.0439143	0.0139046	0.0436983	0.0217226	0.0174153	0.0232079	0.0413763	0.0494938	0.146827	0.0573561	0.00880722	0.0237185	0.158696	0.507943	1.0163	2.31706	1	0.5074235
1902000	82.9836	-52.79489	135.7785	0.05	3.579185	0.0623539	0.0659464	0.217375	0.0839407	0.00364625	0.0144642	0.0224751	0.0510639	0.190221	0.0330555	0.0280565	0.0597141	0.0564276	0.429636	0.759272	1.08419	1.7269	1	0.8887407
1903000	78.48462	-58.26956	136.7542	0.05	0.4177271	0.0308585	0.0830094	0.022147	0.166541	0.0351478	0.185273	0.0382365	0.0967233	0.0494099	0.252988	0.133641	0.029534	0.036538	0.0193527	0.19487	0.749772	3.03601	1	1.160047
1904000	80.07763	-56.86168	136.9393	0.05	1.551123	0.0923859	0.0390065	0.0405718	0.0124407	0.0783357	0.0492999	0.0147073	0.0531894	0.186044	0.118837	0.0320406	0.198395	0.0688926	0.233113	0.59685	1.05329	2.11675	1	0.9841466
1905000	81.04969	-53.24031	134.29	0.05	2.733786	0.0426149	0.019834	0.0445476	0.00916018	0.0359682	0.0224608	0.0115168	0.0937466	0.1183	0.453142	0.0935471	0.0950699	0.100837	0.367558	0.715635	1.08084	1.83596	1	1.140746
1906000	79.68107	-56.6772	136.3583	0.05	1.647748	0.0218759	0.0138043	0.0520422	0.0328869	0.0314652	0.0625164	0.0879801	0.0561582	0.244362	0.0243825	0.128541	0.00674683	0.272482	0.247271	0.611434	1.05804	2.08326	1	1.035244
1907000	87.68629	-50.90595	138.5922	0.05	1.211413	0.0507973	0.031041	0.0195881	0.0311223	0.082101	0.00451426	0.0195983	0.0201291	0.10092	0.0860762	0.00190958	0.0572754	0.336524	0.177115	0.532225	1.02778	2.26288	1	0.8415959
1908000	87.57242	-51.51035	139.0828	0.05	0.8807622	0.0821794	0.0391655	0.015641	0.0202295	0.0327857	0.098017	0.0266322	0.00732148	0.0460707	0.0593433	0.0401675	0.0795465	0.27896	0.112593	0.437726	0.977045	2.47264	1	0.8260596
1909000	81.9967	-56.12737	138.1241	0.05	1.119683	0.193795	0.0316494	0.0918272	0.055416	0.0655172	0.0126469	0.0375277	0.0502259	0.00234342	0.242196	0.0761374	0.0109634	0.0421105	0.160196	0.509989	1.01731	2.3125	1	0.9123561
1910000	83.83343	-54.51187	138.3453	0.05	0.8499986	0.230884	0.00331483	0.0506335	0.0310522	0.0183684	0.00561265	0.0250034	0.0223376	0.00869797	0.0257369	0.294325	0.0381027	0.162747	0.106145	0.426511	0.969901	2.49744	1	0.9168161
1911000	77.25813	-54.68218	131.9403	0.05	0.3664021	0.110362	0.0727241	0.140446	0.0747744	0.0564373	0.0128372	0.0125289	0.0728161	0.0356778	0.123065	0.00897835	0.879328	0.014224	0.0121807	0.15625	0.692205	3.13936	1	1.614199
1912000	78.88061	-56.90711	135.7877	0.05	0.7188106	0.0641782	0.0664472	0.00287245	0.0890359	0.0847975	0.0133661	0.0533044	0.0184483	0.416166	0.0378025	0.231564	0.0208072	0.0721419	0.0782099	0.372272	0.931644	2.61787	1	1.170932
1913000	82.86787	-52.82896	135.6968	0.05	0.903681	0.0752922	0.173476	0.00494948	0.00858839	0.0234282	0.0108767	0.0253984	0.0121457	0.23852	0.0640562	0.417516	0.0940158	0.0190301	0.117358	0.445755	0.982007	2.45488	1	1.167293
1914000	81.16811	-54.2766	135.4447	0.05	1.484912	0.157276	0.0391837	0.0482625	0.0696118	0.103078	0.0344991	0.00790187	0.054346	0.00121534	0.0401778	0.0429314	0.204414	0.352074	0.222982	0.586026	1.04952	2.14147	1	1.154972
1915000	86.85741	-51.18765	138.0451	0.05	1.825191	0.0580547	0.0393425	0.0586806	0.0833403	0.00571156	0.040776	0.019008	0.0182077	0.099878	0.0661357	0.25053	0.0522683	0.0431653	0.271475	0.635037	1.06493	2.02856	1	0.8350984
1916000	81.82195	-51.54261	133.3646	0.05	1.030033	0.010497	0.0519032	8.3467e-06	0.0251532	0.134205	0.0328957	0.0125576	0.00869547	0.0474031	0.145757	0.0819522	0.245092	0.598609	0.142907	0.485596	1.0048	2.36669	1	1.394728
1917000	84.37589	-54.95446	139.3304	0.05	2.731734	0.0421895	0.0148229	0.123631	0.0696163	0.0168012	0.00790209	0.00418706	0.0495913	0.0249164	0.0382204	0.0924708	0.168899	0.0123669	0.367381	0.715503	1.08083	1.83629	1	0.6656146
1918000	82.72338	-56.77433	139.4977	0.05	0.5502412	0.0146251	0.0531501	0.0137886	0.0124527	0.0661423	0.0964838	0.0896542	0.101766	0.0395434	0.0109497	0.0134766	0.150365	0.181785	0.0430362	0.283455	0.853643	2.81987	1	0.8441829
1919000	78.37614	-54.34706	132.7232	0.05	2.157629	0.135437	0.00729713	0.0567495	0.0306336	0.0712747	0.267042	0.00194109	0.0612994	0.042912	0.435071	0.018214	0.209898	0.0191668	0.311392	0.670793	1.07348	1.94434	1	1.356936
1920000	79.82038	-54.65855	134.4789	0.05	1.309421	0.0517465	0.0335941	0.18508	0.0617419	0.0980572	0.015581	0.0240438	0.0955522	0.18384	0.277867	0.157371	0.00914561	0.0858037	0.194325	0.553421	1.03695	2.2153	1	1.279423
1921000	81.7403	-53.97861	135.7189	0.05	2.605478	0.0372696	0.110932	0.115317	0.0349635	0.0159412	0.0332509	0.0507172	0.0489822	0.103187	0.0205001	0.0260253	0.0381331	0.413306	0.356234	0.707045	1.07973	1.85699	1	1.048525
1922000	78.51356	-55.15385	133.6674	0.05	0.537538	0.0238713	0.00577756	0.0164186	0.0972161	0.0264266	0.0384862	0.0117269	0.0731826	0.100023	0.0557554	0.778602	0.194609	0.027238	0.0405387	0.275717	0.845771	2.83797	1	1.449333
1923000	82.23363	-55.26209	137.4957	0.05	1.35855	0.0282867	0.0609666	0.080187	0.148557	0.00487772	0.0170397	0.0709207	0.085751	0.275897	0.0195206	0.128997	0.0295284	0.00556326	0.202621	0.563184	1.04091	2.19329	1	0.9560925
1924000	84.73288	-51.57571	136.3086	0.05	2.611797	0.115272	0.0344831	0.0241894	0.0392126	0.00111802	0.00226923	0.00603855	0.0313435	0.162586	0.0458284	0.0443425	0.12191	0.316587	0.356806	0.707484	1.07979	1.85592	1	0.945181
1925000	73.12811	-55.17409	128.3022	0.05	0.2328918	0.150463	0.16519	0.00162794	0.0812898	0.0660973	0.0209836	0.0308275	0.0382852	0.705998	0.47921	0.178762	0.0109432	0.0388295	0.00140797	0.0546439	0.463992	3.47996	1	1.968508
1926000	77.22171	-57.0013	134.223	0.05	1.744806	0.11587	0.00482254	0.0251219	0.162452	0.135288	0.113674	0.0202157	0.109724	0.189012	0.204731	0.00973135	0.0908965	0.0594131	0.260785	0.624809	1.06206	2.05234	1	1.240954
1927000	85.92662	-49.65061	135.5772	0.05	1.485158	0.0067206	0.136254	0.0227589	0.0444719	0.00150724	0.0527898	0.00755811	0.0804231	0.0226035	0.0444216	0.0102344	0.608558	0.0801138	0.223021	0.586067	1.04954	2.14137	1	1.118415
1928000	81.43127	-53.13875	134.57	0.05	1.742287	0.0564236	0.0457187	0.0406883	0.00504814	0.0499474	0.00719858	0.0352494	0.00133908	0.0808609	0.484035	0.0822406	0.0952626	0.209045	0.260443	0.624476	1.06197	2.05311	1	1.193058
1929000	88.89453	-53.30993	142.2045	0.05	1.510271	0.0542205	0.0299161	0.0262672	0.0200852	0.0137624	0.0307977	0.00682852	0.0175573	0.0478352	0.0532726	0.0436246	0.134066	0.000761025	0.226905	0.590257	1.05102	2.13182	1	0.4789939
1930000	77.12233	-55.5838	132.7061	0.05	0.3947989	0.0298892	0.200179	0.02203	0.178976	0.0180402	0.0465763	0.0829958	0.142245	0.113109	0.0839888	0.193313	0.387272	0.0295705	0.0159713	0.17786	0.725591	3.08058	1	1.528185
1931000	84.5414	-56.82467	141.3661	0.05	0.911152	0.00733313	0.0658145	5.24365e-05	0.0869882	0.000365329	0.0329584	0.0224839	0.0220788	0.00983627	0.0620818	0.271188	0.0306134	0.0532166	0.118903	0.448315	0.983563	2.44922	1	0.6650113
1932000	77.47532	-57.82144	135.2968	0.05	1.597505	0.08132	0.105726	0.0212082	0.0185768	0.0263896	0.228178	0.0108072	0.0824661	0.0662019	0.0634992	0.257944	0.0346607	0.164834	0.239999	0.604021	1.05567	2.10031	1	1.161811
1933000	81.64082	-55.18084	136.8217	0.05	1.950093	0.121415	0.0723881	0.0236415	0.0572669	0.0419285	0.0640552	0.00332077	0.0700116	0.132169	0.320073	0.00746845	0.00715463	0.0405885	0.287244	0.6496	1.06869	1.99447	1	0.9614812
1934000	81.08629	-57.21113	138.2974	0.05	0.3196417	0.0911984	0.0368858	0.0175733	0.0464193	0.0303819	0.172262	0.00131861	0.007378	0.088083	0.01347	0.12863	0.0882503	0.244603	0.00702323	0.119836	0.627361	3.24578	1	0.9664532
1935000	85.25094	-50.35534	135.6063	0.05	2.106385	0.0433551	0.114348	0.0416605	0.0257428	0.0249543	0.00226261	0.0320185	0.0184573	0.0813404	0.139981	0.0227318	0.171716	0.351333	0.305652	0.66587	1.07244	1.95604	1	1.069901
1936000	85.95166	-51.30012	137.2518	0.05	1.020911	0.00528092	0.0682412	0.0260625	0.0487348	0.0132386	0.0232801	0.0445552	0.0947155	0.0366228	0.201904	0.0684424	0.317116	0.0879597	0.141107	0.482948	1.00338	2.37256	1	1.036153
1937000	87.36513	-52.4657	139.8308	0.05	2.513885	0.0310778	0.0789316	0.080903	0.0464218	0.0250229	0.0230912	0.000421457	0.00402336	0.0817002	0.0544712	0.10337	0.00049706	0.0728507	0.347769	0.700483	1.07878	1.87296	1	0.6027827
1938000	77.44473	-55.93247	133.3772	0.05	3.196294	0.0563158	0.16324	0.0477164	0.0938652	0.0205508	0.060251	0.0580211	0.0145352	0.0575137	0.253738	0.0702504	0.0429266	0.223208	0.4039	0.741848	1.08333	1.77092	1	1.162132
1939000	86.623	-52.53053	139.1535	0.05	0.5569016	0.0168487	0.0230578	0.0309829	0.0466145	0.00755307	0.0196655	0.0157268	0.0533515	0.0346975	0.487286	0.0529014	0.0648987	0.0332317	0.0443591	0.287449	0.857631	2.81056	1	0.8868159
1940000	84.21404	-54.35896	138.573	0.05	0.4129918	0.084853	0.0181208	0.0867147	0.109726	0.0120765	0.110147	0.0113609	0.0258952	0.0175501	0.337895	0.0791442	0.043032	0.00776611	0.0186325	0.191393	0.744965	3.04501	1	0.9442817
1941000	73.17089	-60.64533	133.8162	0.05	1.057855	0.0301125	0.0628747	0.182604	0.0169903	0.113965	0.0441755	0.346534	0.103293	0.137903	0.0633157	0.196533	0.0456788	0.0717271	0.148351	0.493477	1.00896	2.34921	1	1.415707
1942000	78.94247	-55.77873	134.7212	0.05	0.8676129	0.0305241	0.0951858	0.168846	0.0621794	0.0239509	0.0182111	0.0010502	0.0441439	0.06904	0.0442815	0.085445	0.616503	0.00683926	0.109844	0.432995	0.974062	2.4831	1	1.266201
1943000	81.7867	-53.91906	135.7058	0.05	0.6477404	0.00264712	0.106138	0.0159147	0.0621115	0.0408723	0.300215	0.0159405	0.0189077	0.121605	0.0513323	0.300606	0.0251736	0.144541	0.0630806	0.337793	0.903849	2.69528	1	1.206004
1944000	80.63892	-54.46765	135.1066	0.05	1.405001	0.0403119	0.0517275	0.0115117	0.280922	0.0816408	0.0527964	0.0529844	0.0575032	0.0412751	0.183033	0.0587933	0.217736	0.0446915	0.210267	0.57194	1.04432	2.17347	1	1.174926
1945000	77.44845	-54.38984	131.8383	0.05	4.036441	0.0476563	0.0462979	0.0723125	0.182179	0.0140599	0.210642	0.0303171	0.00355138	0.0589506	0.102107	0.333828	0.106702	0.029059	0.456353	0.77646	1.08439	1.68279	1	1.237664
1946000	78.174	-55.28561	133.4596	0.05	2.071624	0.188912	0.0428518	0.00422202	0.026939	0.269046	0.0304167	0.0401464	0.13211	0.366018	0.0270494	0.0437244	0.0901566	0.00806094	0.301677	0.66242	1.07168	1.96422	1	1.269653
1947000	80.21156	-52.18573	132.3973	0.05	1.879439	0.0532766	0.0977369	0.0317706	0.0884971	0.109078	0.00453992	0.0361833	0.023598	0.0400009	0.0283288	0.0549214	0.452306	0.431423	0.278446	0.641549	1.06666	2.01335	1	1.451661
1948000	84.18071	-52.72999	136.9107	0.05	0.8320508	0.0952295	0.0229036	0.021271	0.0477209	0.0469038	0.060222	0.0159873	0.00274943	0.0557134	0.0831704	0.378444	0.216381	0.0301195	0.102358	0.419725	0.965455	2.51246	1	1.076816
1949000	84.88664	-52.10847	136.9951	0.05	2.652535	0.0266426	0.0276181	0.0468123	0.0106118	0.0594838	0.0805178	0.000805714	0.0133661	0.106083	0.22648	0.0785749	0.187167	0.014535	0.360457	0.710274	1.08017	1.8491	1	0.8786976
1950000	84.16228	-50.6082	134.7705	0.05	4.929044	0.00351273	0.0693071	0.0188504	0.000893317	0.100941	0.0513058	0.00712786	0.00950394	0.0261336	0.0289477	0.0110822	0.340928	0.229019	0.499104	0.80224	1.08342	1.61523	1	0.897553
1951000	77.41111	-59.65886	137.07	0.05	0.7446489	0.096043	0.0463201	0.0183185	0.213277	0.0140935	0.083599	0.0566865	0.0195203	0.0314858	0.0177162	0.250046	0.0733567	0.11021	0.0837395	0.383857	0.940353	2.59205	1	1.030672
1952000	81.5336	-54.51651	136.0501	0.05	1.442102	0.075965	0.00703533	0.00488397	0.231927	0.0273799	0.0305347	0.00488378	0.0593609	0.0175596	0.000169649	0.187894	0.151232	0.301244	0.216238	0.578627	1.04683	2.1583	1	1.100069
1953000	80.20701	-51.59756	131.8046	0.05	2.081492	0.0271592	0.0887503	0.122541	0.00879057	0.00375436	0.000497118	0.00489261	0.0129519	0.0976224	0.00716213	0.212751	0.49158	0.363191	0.302812	0.663409	1.0719	1.96188	1	1.441644
1954000	81.02203	-53.79517	134.8172	0.05	0.6472858	0.146916	0.0996196	0.0744738	0.0131394	0.00759423	0.059592	0.0695497	0.0253256	0.075021	0.105564	0.453127	0.121286	0.025891	0.0629846	0.337559	0.90365	2.69581	1	1.277099
1955000	74.37129	-54.8409	129.2122	0.05	1.505649	0.187352	0.0165273	0.0258814	0.142888	0.0430505	0.0858411	0.09947	0.146609	0.394857	0.0569907	0.464371	0.0510497	0.032196	0.226194	0.589494	1.05075	2.13356	1	1.747083
1956000	84.45459	-50.43222	134.8868	0.05	0.8519288	0.104788	0.0190257	0.036446	0.113299	0.00222499	0.0876029	0.0010916	0.0355404	0.0573592	0.0747014	0.531222	0.0299236	0.155992	0.106551	0.42723	0.970367	2.49585	1	1.249216
1957000	78.78728	-52.05118	130.8385	0.05	3.202574	0.060602	0.047075	0.0793607	0.183477	0.152599	0.0252208	0.0194112	0.0231181	0.00706557	0.0273228	0.139887	0.509606	0.14989	0.404351	0.742161	1.08335	1.77014	1	1.424635
1958000	66.98725	-62.70915	129.6964	0.05	1.047329	0.0621595	0.0828017	0.0984628	0.145611	0.0410206	0.125839	0.166523	0.161485	0.491371	0.111142	0.0324545	0.15212	0.126336	0.1463	0.49053	1.00742	2.35575	1	1.797325
1959000	85.48003	-54.96248	140.4425	0.05	0.2707571	0.0204852	0.00716636	0.0659687	0.0256489	0.0390349	0.015905	0.0175005	0.0436357	0.0337474	0.0279458	0.0370622	0.269386	0.210691	0.0032234	0.0820379	0.543265	3.37147	1	0.8141771
1960000	80.86314	-55.52261	136.3857	0.05	1.302544	0.0176867	0.0288313	0.0222853	0.0467517	0.139705	0.0715926	0.0688454	0.0431577	0.173941	0.0316701	0.27311	0.0484194	0.112947	0.193147	0.552011	1.03636	2.21848	1	1.078943
1961000	82.54668	-53.78608	136.3328	0.05	1.649505	0.0113453	0.0711381	0.0101251	0.0407656	0.0380918	0.0140151	0.0391658	0.0236085	0.379957	0.00702049	0.0720668	0.218079	0.137681	0.247521	0.611687	1.05812	2.08268	1	1.06306
1962000	89.62888	-50.06647	139.6954	0.05	1.277492	0.141018	0.0107433	0.0139683	0.106103	0.000904276	0.0702024	0.0146891	0.0105659	0.251137	0.0173118	0.0738355	0.00766883	0.0174189	0.188816	0.54678	1.03416	2.23024	1	0.735566
1963000	80.84137	-53.23468	134.0761	0.05	1.353281	0.17493	0.00336738	0.0322669	0.0368197	0.0326433	0.128469	0.0483776	0.0917659	0.135065	0.265385	0.0814565	0.0755603	0.182119	0.201742	0.562162	1.0405	2.19559	1	1.288225
1964000	80.1253	-58.14674	138.272	0.05	1.528207	0.0363626	0.0854376	0.0391533	0.0569704	0.0172444	0.0859469	0.00023285	0.0249351	0.191974	0.153388	0.0875614	0.0597809	0.0199647	0.229647	0.593185	1.05204	2.12513	1	0.8589524
1965000	83.28028	-55.95738	139.2377	0.05	0.8465403	0.0848453	0.0551706	0.00724629	0.103045	0.000577918	0.0267685	0.131199	0.0337706	0.0533307	0.00979454	0.0730006	0.0260892	0.212479	0.105416	0.425218	0.969061	2.5003	1	0.8173164
1966000	89.82484	-51.53121	141.356	0.05	1.149693	0.0202836	0.0855016	0.0255731	0.0461155	0.0391704	0.00478295	0.0051882	0.00996376	0.0254542	0.0906048	0.0477404	0.0244751	0.139196	0.165818	0.517544	1.02097	2.29567	1	0.5640492
1967000	73.08342	-60.82165	133.9051	0.05	1.231705	0.00409586	0.122366	0.298408	0.0364593	0.0219883	0.0141029	0.0950467	0.0895595	0.106715	0.00530024	0.26699	0.057655	0.190029	0.180751	0.536816	1.02983	2.2526	1	1.308716
1968000	79.71562	-53.58753	133.3031	0.05	3.333265	0.081913	0.00228674	0.00558366	0.396965	0.004625	0.00432299	0.074089	0.00119178	0.119236	0.118417	0.108478	0.0954203	0.154689	0.413506	0.748457	1.08373	1.75431	1	1.167218
1969000	75.51721	-59.59645	135.1137	0.05	1.131569	0.0430901	0.00514357	0.0818395	0.114768	0.0613665	0.0772043	0.131005	0.136069	0.101156	0.292353	0.11922	0.0513376	0.0523658	0.162433	0.513016	1.01879	2.30576	1	1.266918
1970000	67.58714	-59.72574	127.3129	0.05	2.186727	0.0488563	0.0264685	0.100885	0.063288	0.00170634	0.239921	0.0388925	0.0800287	0.140628	0.132804	0.743718	0.256884	0.0713315	0.31459	0.673506	1.07403	1.93787	1	1.945411
1971000	85.68477	-51.09447	136.7792	0.05	0.8368976	0.0587305	0.027687	0.0112136	0.0126125	0.1337	0.00952911	0.0478321	0.0549461	0.0705769	0.100576	0.0436584	0.110329	0.395403	0.103382	0.421576	0.966677	2.50837	1	1.076794
1972000	86.9885	-51.42681	138.4153	0.05	1.154667	0.0473265	0.0130681	0.0849437	0.0304169	0.017411	0.0442945	0.0115198	0.0556089	0.416119	0.014468	0.057209	0.0270636	0.0875687	0.166742	0.518769	1.02155	2.29294	1	0.9070172
1973000	80.52026	-53.87727	134.3975	0.05	1.613147	0.097431	0.0705732	0.0853459	0.156235	0.00617513	0.0643771	0.0684012	0.0194916	0.202346	0.00471114	0.147377	0.064728	0.24677	0.242284	0.606367	1.05643	2.09492	1	1.233963
1974000	78.64164	-52.95855	131.6002	0.05	2.082527	0.0612689	0.0409901	0.0313196	0.0527792	0.0410297	0.0345722	0.00553554	0.0220673	0.212077	0.0195263	0.00431049	0.404094	0.560208	0.302931	0.663512	1.07192	1.96163	1	1.489778
1975000	87.31122	-57.25945	144.5707	0.05	0.2665835	0.0261579	0.0097767	0.0268842	0.023491	0.00811596	0.0333711	0.00296011	0.0215018	0.0633655	0.00789996	0.00452369	0.0792507	0.0866664	0.00297636	0.0789009	0.535178	3.38294	1	0.393965
1976000	85.01953	-54.22337	139.2429	0.05	1.202039	0.0724331	0.00516067	0.0080776	0.187403	0.0342676	0.0107149	0.0532706	0.0935467	0.0851067	0.171739	0.0256008	0.0328258	0.0365761	0.175422	0.530065	1.0268	2.26771	1	0.8167218
1977000	87.93627	-50.48396	138.4202	0.05	0.8375599	0.0550477	0.0659466	0.0499544	0.0611352	0.0100361	0.0116042	0.0970715	0.0144056	0.0433856	0.248741	0.109026	0.062396	0.0772503	0.103522	0.421827	0.966842	2.50781	1	0.9060004
1978000	85.41205	-50.33848	135.7505	0.05	0.9084841	0.026325	0.098074	0.0163683	0.0768627	0.041698	0.00499125	0.0366239	0.0371912	0.123256	0.0981855	0.0420211	0.0966491	0.461534	0.118352	0.447404	0.983011	2.45123	1	1.15978
1979000	82.6715	-56.84019	139.5117	0.05	0.6101685	0.0507225	0.0305082	0.0509723	0.0302659	0.0245701	0.0293499	0.0643931	0.0494518	0.059505	0.00123015	0.370908	0.0649469	0.0438153	0.0552119	0.317877	0.886419	2.74049	1	0.8706393
1980000	81.57084	-54.73376	136.3046	0.05	2.746548	0.0779015	0.119172	0.101078	0.0435179	0.0330079	0.155159	0.0150594	0.0199163	0.0675375	0.0238673	0.000823677	0.0163601	0.259957	0.368652	0.716454	1.08094	1.83395	1	0.9333585
1981000	84.49472	-56.21437	140.7091	0.05	0.4159809	0.0132784	0.0170897	0.00394385	0.0193051	0.0922057	0.0772275	0.0114363	0.037619	0.0922007	0.107375	0.162159	0.0186246	0.0606763	0.0190858	0.19359	0.74801	3.03931	1	0.713141
1982000	70.91846	-57.87002	128.7885	0.05	1.985634	0.00653917	0.191647	0.130946	0.0179603	0.0468901	0.404948	0.12467	0.0058293	0.0952292	0.172349	0.161399	0.0657951	0.362262	0.291554	0.653477	1.06963	1.98534	1	1.786465
1983000	89.3693	-53.54138	142.9107	0.05	1.372626	0.0353136	0.00881757	0.0220789	0.0439436	0.0159266	0.000516396	0.0241193	0.0835267	0.0212583	0.00997071	0.0325067	0.0845075	0.0387549	0.204958	0.565884	1.04198	2.18718	1	0.4212406
1984000	79.63951	-55.36204	135.0016	0.05	1.60229	0.0248105	0.0651762	0.0179039	0.0132289	0.0215182	0.08929	0.0251624	0.0477836	0.0110435	0.021883	0.00689052	0.358042	0.467828	0.2407	0.604742	1.0559	2.09865	1	1.17056
1985000	80.82972	-55.87045	136.7002	0.05	0.6128727	0.0398565	0.171357	0.0568646	0.0601676	0.0649117	0.0395727	0.0863425	0.000282826	0.0200286	0.17604	0.10011	0.267172	0.0449382	0.0557734	0.319352	0.887747	2.73713	1	1.127644
1986000	84.45475	-52.45195	136.9067	0.05	1.978111	0.0570705	0.0353297	0.0705256	0.0508757	0.0684029	0.0162993	5.53601e-05	0.0256568	0.0260635	0.308659	0.0960215	0.0797823	0.141613	0.290648	0.652666	1.06943	1.98725	1	0.9763552
1987000	77.29134	-55.81863	133.11	0.05	1.048618	0.0412	0.0900037	0.0508271	0.286386	0.069516	0.107413	0.000902801	0.00176414	0.0502444	0.104239	0.0712115	0.455582	0.0978844	0.146551	0.490893	1.00761	2.35495	1	1.427173
1988000	86.91658	-51.01272	137.9293	0.05	0.2385888	0.0976443	0.10544	0.0198052	0.0520043	0.00341655	0.0118703	0.0291611	0.0271443	0.0112517	0.488439	0.0155437	0.0386904	0.124406	0.00162191	0.0585818	0.476795	3.463	1	1.024817
1989000	80.54642	-53.40159	133.948	0.05	2.460307	0.0322428	0.0160223	0.0890209	0.012163	0.0151682	0.0118499	0.0378904	0.0427865	0.0169157	0.00864752	0.0804541	0.0658433	0.763802	0.342661	0.696463	1.07816	1.88271	1	1.192806
1990000	83.25275	-56.47513	139.7279	0.05	2.073683	0.0273554	0.0587082	0.0444886	0.0177712	0.0295368	0.0131229	0.0319234	0.0144146	0.0804221	0.163853	0.0654414	0.100884	0.0176355	0.301915	0.662627	1.07173	1.96373	1	0.6655567
1991000	74.01178	-61.20328	135.2151	0.05	0.6997837	0.00669331	0.0214737	0.0555416	0.0403873	0.280849	0.011646	0.0221889	0.0294681	0.406025	0.0262744	0.00759178	0.145424	0.189659	0.0741421	0.363428	0.924788	2.63764	1	1.243223
1992000	82.35606	-53.4411	135.7972	0.05	0.8827872	0.0894551	0.0363244	0.0249396	0.109935	0.0147246	0.0515105	0.0707756	0.0446522	0.0115608	0.102387	0.0250295	0.531736	0.0396332	0.113015	0.438446	0.977496	2.47104	1	1.152664
1993000	84.02584	-54.50066	138.5265	0.05	0.4450688	0.0649064	0.0352036	0.0685024	0.182683	0.0319973	0.0896601	0.0353483	0.00277998	0.0241704	0.0732058	0.221263	0.0241378	0.0721688	0.0237167	0.214552	0.775784	2.98595	1	0.9260273
1994000	82.31115	-54.31737	136.6285	0.05	1.291247	0.0397089	0.0465203	0.129295	0.049765	0.0254132	0.0291316	0.0147022	0.123979	0.00519574	0.448828	0.00345534	0.118652	0.0138107	0.191201	0.549671	1.03539	2.22374	1	1.048457
1995000	84.26675	-50.99682	135.2636	0.05	1.275054	0.0676635	0.0618382	0.0648812	0.0197448	0.0779287	0.0777124	0.0244917	0.0285642	0.0604217	0.0747463	0.119086	0.147059	0.346769	0.188391	0.546262	1.03394	2.2314	1	1.170907
1996000	84.22488	-51.41294	135.6378	0.05	1.002065	0.0725281	0.0609692	0.109157	0.0820937	0.0511213	0.0429186	0.00626743	0.0147154	0.0749619	0.0820219	0.558025	0.00558668	0.0109197	0.137366	0.477372	1.00034	2.38492	1	1.171286
1997000	78.26637	-51.74631	130.0127	0.05	1.530862	0.148366	0.0589906	0.038072	0.0361725	0.0182704	0.0559168	0.00767179	0.0124958	0.650393	0.138841	0.0887718	0.00396436	0.422032	0.230051	0.593614	1.05218	2.12415	1	1.679958
1998000	86.17935	-50.75461	136.934	0.05	0.6454041	0.0105882	0.0831529	0.092461	0.0802315	0.0410557	0.0504982	0.00659643	0.0195584	0.041424	0.0191002	0.0247012	0.573043	0.0389289	0.0625876	0.33659	0.902826	2.698	1	1.08134
1999000	77.56882	-57.61582	135.1846	0.05	0.8636355	0.00415036	0.0489006	0.0190584	0.0113415	0.183491	0.0890398	0.0341391	0.0668982	0.0537431	0.128529	0.0363407	0.511042	0.0475249	0.10901	0.431546	0.97314	2.4863	1	1.234198
2000000	89.6192	-52.29472	141.9139	0.05	0.3757251	0.0233147	0.0125764	0.0614204	0.0508524	0.0190497	0.00806862	0.00741489	0.0054346	0.140905	0.0579206	0.0734666	0.0553496	0.0852455	0.0133738	0.163403	0.703617	3.11961	1	0.6010192
2001000	78.8063	-59.09676	137.9031	0.05	0.6952082	0.0966918	0.00749307	0.0447022	0.0370592	0.0881532	0.0887933	0.0416341	0.00248273	0.033274	0.188349	0.160081	0.138805	0.0458798	0.073165	0.36126	0.92308	2.64249	1	0.9733995
2002000	87.26775	-52.84875	140.1165	0.05	0.742026	0.0387443	0.0404446	0.0765437	0.0866311	0.00886662	0.0015014	0.0212151	0.0268936	0.00741732	0.14597	0.227363	0.00267705	0.0657324	0.0831782	0.382702	0.939499	2.59462	1	0.7500004
2003000	84.04238	-56.59667	140.639	0.05	1.251547	0.0506207	0.048018	0.134522	0.0183503	0.0245801	0.0163709	0.0429123	0.0051904	0.0768563	0.0510937	0.0329115	0.0223848	0.113158	0.18427	0.5412	1.03176	2.24277	1	0.6369691
2004000	87.0136	-50.44357	137.4572	0.05	0.9231855	0.00591166	0.0743765	0.108248	0.0717799	0.0341075	0.0225178	0.0200322	0.0316857	0.465627	0.00472334	0.033838	0.0528408	0.0582837	0.121384	0.45238	0.986007	2.44023	1	0.9839715
2005000	84.47066	-49.09784	133.5685	0.05	1.533145	0.0541206	0.0940199	0.100525	0.0339831	0.0651684	0.00580772	0.0113925	0.0322773	0.0584377	0.123865	0.0996277	0.581782	0.0381849	0.230398	0.593982	1.05231	2.12331	1	1.299191
2006000	81.33749	-57.5189	138.8564	0.05	0.798782	0.0613874	0.0577573	0.0512606	0.0429829	0.0410931	0.0335897	0.00994329	0.0731257	0.213105	0.154792	0.00281495	0.109704	0.000269582	0.0952995	0.406643	0.956617	2.54144	1	0.8518248
2007000	77.97414	-56.19489	134.169	0.05	2.640574	0.18056	0.193602	0.0842404	0.00959265	0.100188	0.047313	0.0367579	0.00707768	0.0130393	0.175718	0.0527314	0.0126295	0.217597	0.359392	0.709462	1.08006	1.85109	1	1.131046
2008000	86.86794	-52.5325	139.4004	0.05	2.433573	0.0200163	0.0645426	0.020489	0.0641205	0.0215309	0.0694907	0.0158027	0.00303984	0.00472708	0.0303624	0.0776008	0.122243	0.123282	0.340067	0.694403	1.07783	1.8877	1	0.6372475
2009000	85.6938	-52.39669	138.0905	0.05	0.5433044	0.114861	0.00782974	0.0107118	0.208691	0.0300946	0.0144307	0.00325694	0.0408201	0.0987214	0.0521722	0.236673	0.0849509	0.060251	0.041668	0.279249	0.849389	2.82969	1	0.9634641
2010000	88.03212	-52.0582	140.0903	0.05	0.6463504	0.0556055	0.0598137	0.00728646	0.00467287	0.0276627	0.0930704	0.00788084	0.000978605	0.00949594	0.0493118	0.0555423	0.233348	0.153394	0.0627872	0.337078	0.903241	2.69689	1	0.7580628
2011000	67.81151	-63.86881	131.6803	0.05	0.6136437	0.0307076	0.00769615	0.145565	0.00331104	0.194033	0.193357	0.0222406	0.371858	0.215892	0.247435	0.0540107	0.133098	0.0864967	0.0559337	0.319771	0.888123	2.73617	1	1.705701
2012000	74.41478	-62.20899	136.6238	0.05	1.036824	0.0347044	0.185945	0.146466	0.180939	0.0477461	0.090408	0.0626742	0.0114193	0.0492831	0.0279319	0.109856	0.0719681	0.0663974	0.144242	0.487547	1.00584	2.36237	1	1.085738
2013000	84.16355	-53.92906	138.0926	0.05	1.808738	0.0290805	0.0399155	0.00770257	0.0306921	0.00829176	0.00779081	0.0836993	0.0198501	0.0490257	0.0524354	0.118925	0.123962	0.25308	0.269323	0.633001	1.06437	2.0333	1	0.8244503
2014000	83.49867	-53.77428	137.2729	0.05	0.6291313	0.106798	0.0530469	0.0534419	0.0235335	0.0451679	0.0656386	0.0308682	0.0301977	0.323469	0.223076	0.0279744	0.0424258	0.0239372	0.0591666	0.328083	0.895483	2.71727	1	1.049576
2015000	80.06499	-54.16797	134.233	0.05	1.48304	0.0658111	0.0963649	0.0372117	0.0998925	0.0214867	0.00457417	0.0519987	0.0661032	0.182445	0.109394	0.0351744	0.152659	0.332708	0.222691	0.585709	1.04941	2.14219	1	1.255823
2016000	81.97631	-52.52193	134.4982	0.05	0.688652	0.137883	0.0491302	0.0448657	0.0107525	0.0777945	0.000763675	0.0457187	0.0239059	0.0431507	0.135091	0.356882	0.0990015	0.287453	0.0717661	0.358126	0.92059	2.64952	1	1.312391
2017000	71.36034	-57.64703	129.0074	0.05	4.672282	0.0463617	0.0908328	0.0556674	0.0559162	0.0829427	0.00596577	0.179545	0.0659403	0.0437141	0.413442	0.389211	0.0315076	0.012419	0.48787	0.795659	1.08382	1.63265	1	1.473465
2018000	83.63767	-53.32805	136.9657	0.05	1.986273	0.0994441	0.0255955	0.0416691	0.0922669	0.0118839	0.0371087	0.0319637	0.00254093	0.413543	0.0435282	0.00711092	0.120013	0.0133899	0.291631	0.653546	1.06964	1.98518	1	0.9400583
2019000	86.30192	-53.50024	139.8022	0.05	0.4031603	0.0316938	0.037519	0.00676346	0.0045183	0.0492361	0.0525454	0.010075	0.0297231	0.051478	0.208792	0.0375792	0.0416724	0.261411	0.017173	0.184113	0.734678	3.06404	1	0.8230077
2020000	81.81566	-57.05687	138.8725	0.05	0.3717336	0.0212057	0.0169767	0.0271157	0.0207528	0.105037	0.112422	0.0754656	0.0378011	0.0118725	0.0376192	0.266909	0.117891	0.0642442	0.0128566	0.160347	0.698787	3.12801	1	0.9153117
2021000	78.18452	-56.051	134.2355	0.05	2.295316	0.12755	0.0282607	0.109544	0.117608	0.00935495	0.00671699	0.033872	0.0990045	0.0190838	0.185343	0.0250306	0.0782695	0.327189	0.32615	0.683143	1.07588	1.91482	1	1.166827
2022000	80.32693	-56.03714	136.3641	0.05	1.402105	0.163567	0.0550207	0.0561894	0.0216322	0.0219483	0.0485001	0.0194462	0.0207687	0.12542	0.00818737	0.194442	0.0464786	0.279438	0.209796	0.571407	1.04412	2.17468	1	1.061038
2023000	83.1979	-53.58377	136.7817	0.05	0.4993181	0.0968831	0.0948522	0.0421678	0.0313004	0.0119058	0.0691814	0.00711243	0.103354	0.32287	0.0147155	0.216388	0.0187032	0.0492643	0.0332614	0.251471	0.819772	2.8955	1	1.078698
2024000	78.46053	-54.72226	133.1828	0.05	0.6903024	0.206265	0.0989368	0.0752913	0.04283	0.113369	0.141472	0.0147679	0.0291013	0.092406	0.0752187	0.111998	0.0394257	0.395519	0.0721182	0.358918	0.921221	2.64774	1	1.436601
2025000	76.50365	-54.5601	131.0638	0.05	1.136123	0.0641772	0.0956467	0.12592	0.0485209	0.0123199	0.197632	0.038268	0.0243124	0.171029	0.0279228	0.730925	0.0512372	0.0270973	0.163287	0.514163	1.01934	2.30321	1	1.615009
2026000	85.49777	-54.17477	139.6725	0.05	2.174277	0.0556506	0.0568478	0.0105521	0.0193479	0.00482143	0.0183293	0.0144203	0.0883335	0.0292883	0.0570238	0.00138608	0.0895489	0.195528	0.313227	0.672352	1.0738	1.94062	1	0.6410778
2027000	86.69107	-52.21176	138.9028	0.05	1.091498	0.0722506	0.0386319	0.0462381	0.0320962	0.0468834	0.0449067	0.0140608	0.00735357	0.108637	0.378538	0.0119158	0.0497666	0.0113535	0.15484	0.502626	1.01365	2.32889	1	0.8626322
2028000	89.88552	-50.83611	140.7216	0.05	0.9796861	0.0585107	0.0271284	0.0342926	0.012369	0.0570207	0.00622265	0.0419627	0.00498177	0.22601	0.00873711	0.0475338	0.0674645	0.0624069	0.132883	0.47056	0.996551	2.40001	1	0.6546404
2029000	85.36001	-53.03763	138.3976	0.05	1.403134	0.0495566	0.0358187	0.0968641	0.00207161	0.0315363	0.00789996	0.108969	0.00533667	0.0150476	0.143007	0.107646	0.213507	0.0694748	0.209963	0.571597	1.04419	2.17425	1	0.8867358
2030000	85.16581	-52.81758	137.9834	0.05	1.492933	0.0709618	0.0741234	0.0385996	0.084202	0.00438531	0.0420321	0.0481342	0.0377579	0.242522	0.000481011	0.0721234	0.157604	0.0117754	0.224229	0.587376	1.05	2.13839	1	0.8847025
2031000	75.88615	-58.02783	133.914	0.05	0.1836216	0.0356468	0.139691	0.0671007	0.058213	0.169057	0.0638284	0.0109301	0.0195936	0.182244	0.175962	0.0222616	0.226224	0.246875	0.000286896	0.0248932	0.339582	3.63524	1	1.417627
2032000	85.83952	-53.97325	139.8128	0.05	0.4802353	0.024856	0.178708	0.0275851	0.0550697	0.0253105	0.0399779	0.00328682	0.0563113	0.00321389	0.213772	0.12685	0.0126194	0.045419	0.0297855	0.238817	0.805337	2.92606	1	0.8129795
2033000	81.32792	-55.25224	136.5802	0.05	1.054917	0.0225673	0.0284697	0.0809222	0.0422152	0.053252	0.064241	0.065768	0.0797923	0.439738	0.0164525	0.0924613	0.107276	0.0113791	0.147779	0.492658	1.00854	2.35103	1	1.104534
2034000	78.64562	-56.07941	134.725	0.05	0.4197659	0.000376984	0.0229999	0.0710788	0.0107376	0.0168178	0.0464544	0.0895411	0.036706	0.181428	0.096606	0.23065	0.0966671	0.471872	0.0196662	0.196361	0.751813	3.03216	1	1.371935
2035000	77.89646	-57.93682	135.8333	0.05	0.6213667	0.0435688	0.0165361	0.0213062	0.23143	0.142241	0.0928766	0.0301528	0.0152701	0.0722605	0.229303	0.139402	0.160372	0.00590294	0.0575427	0.323942	0.89184	2.72667	1	1.200623
2036000	78.27465	-56.76193	135.0366	0.05	0.6338367	0.0951908	0.0440353	0.00947321	0.0170209	0.0553226	0.229712	0.0878421	0.138371	0.0508233	0.20849	0.0873187	0.0140248	0.244846	0.0601535	0.330566	0.897646	2.71163	1	1.282471
2037000	70.14816	-58.33954	128.4877	0.05	0.6178936	0.0299948	0.251036	0.115527	0.0304201	0.0696368	0.0260859	0.148117	0.0139831	0.196486	0.170533	0.390169	0.14398	0.359458	0.0568183	0.322073	0.89018	2.73093	1	1.945426
2038000	64.1635	-62.76786	126.9314	0.05	1.626257	0.0892293	0.0935469	0.249044	0.140806	0.366113	0.0133665	0.154148	0.0254216	0.104385	0.067277	0.262679	0.210923	0.195254	0.244184	0.608306	1.05705	2.09046	1	1.972193
2039000	83.03979	-53.91563	136.9554	0.05	1.246678	0.076995	0.00551073	0.321237	0.00179179	0.0197444	0.0412975	0.0522626	0.0228945	0.0762329	0.0454167	0.270137	0.0340854	0.0407772	0.18341	0.540133	1.03129	2.24516	1	1.008383
2040000	90.43352	-46.93317	137.3667	0.05	2.401209	0.0346473	0.0662707	0.0180054	0.0353808	0.00667117	0.00266792	0.00559146	0.0273987	0.0926043	0.0265613	0.0451327	0.0695512	0.42517	0.336886	0.691861	1.07741	1.89384	1	0.8556528
2041000	72.53832	-55.4834	128.0217	0.05	2.824661	0.0757071	0.0102383	0.145928	0.129005	0.0371177	0.0274624	0.172964	0.133309	0.045158	0.210649	0.309547	0.231826	0.240758	0.375226	0.721333	1.0815	1.82194	1	1.76967
2042000	82.78363	-55.99132	138.775	0.05	0.7529989	0.00727328	0.0972832	0.0554189	0.02609	0.00799925	0.0843481	0.0673147	0.155362	0.0449637	0.0801688	0.198179	0.0793488	0.00625464	0.0855261	0.3875	0.943029	2.58394	1	0.9100043
2043000	74.44287	-59.73327	134.1761	0.05	1.213404	0.015108	0.0319327	0.095007	0.104995	0.0564211	0.164878	0.217676	0.0354627	0.168894	0.153294	0.0174721	0.219372	0.0387453	0.177474	0.53268	1.02799	2.26186	1	1.31926
2044000	74.7077	-55.90899	130.6167	0.05	0.7403242	0.239224	0.00235109	0.0492683	0.0280739	0.0714788	0.0595699	0.144831	0.0389271	0.0184651	0.0394288	0.750647	0.17564	0.0745323	0.082814	0.381951	0.938941	2.59629	1	1.692437
2045000	78.93918	-55.95894	134.8981	0.05	1.676215	0.0118077	0.101722	0.0522121	0.0274549	0.0752233	0.103559	0.0763024	0.0535532	0.226791	0.312942	0.0701418	0.0312291	0.0199625	0.251306	0.615481	1.05929	2.07392	1	1.1629
2046000	89.39439	-51.41884	140.8132	0.05	0.9187604	0.0932384	0.0139195	0.0274442	0.00727901	0.0070047	0.0113485	0.00654207	0.0147336	0.115002	0.204478	0.0602872	0.0071929	0.111427	0.120473	0.450893	0.985117	2.44352	1	0.6798978
2047000	87.06228	-52.14226	139.2045	0.05	1.135828	0.00417833	0.0931407	0.0305049	0.0729905	0.112774	0.0217761	0.0154382	0.000824369	0.0328086	0.124614	0.25903	0.0317405	0.00421497	0.163231	0.514089	1.01931	2.30337	1	0.8040357
2048000	82.77647	-53.85314	136.6296	0.05	0.3321664	0.0318971	0.0337996	0.0240116	0.00359806	0.0716096	0.0455228	0.0172116	0.0948779	0.076228	0.490711	0.14533	0.0354116	0.101703	0.00826372	0.12964	0.646071	3.21603	1	1.171912
2049000	75.95625	-52.44612	128.4024	0.05	3.619136	0.356392	0.0335372	0.0927463	0.0855132	0.0940813	0.0311254	0.0273464	0.00943256	0.442858	0.282409	0.107483	0.00197709	0.0647121	0.432132	0.760915	1.08424	1.72272	1	1.629615
2050000	75.47127	-57.70635	133.1776	0.05	0.8947568	0.0475128	0.17781	0.0531498	0.100764	0.0963591	0.176602	0.00548201	0.0276383	0.179924	0.306753	0.149004	0.0680532	0.027285	0.115507	0.442661	0.98011	2.46172	1	1.416337
2051000	80.40107	-52.29733	132.6984	0.05	2.596424	0.042823	0.0387573	0.00640703	0.004432	0.0840032	0.0528486	0.0347669	0.00900673	0.0279958	0.689951	0.123044	0.188398	0.00773431	0.355412	0.706413	1.07964	1.85853	1	1.310168
2052000	84.38331	-51.51514	135.8985	0.05	1.622081	0.0131556	0.0227695	0.038594	0.019575	0.00408594	0.120782	0.0444004	0.0203552	0.0535379	0.426615	0.0350689	0.0870541	0.211575	0.24358	0.607691	1.05685	2.09188	1	1.097569
2053000	80.60951	-52.47419	133.0837	0.05	2.35388	0.0587868	0.0159639	0.174057	0.0986583	0.00695677	0.0176606	0.068875	0.0160852	0.443518	0.169449	0.0813917	0.137319	0.00899939	0.33215	0.688042	1.07676	1.90305	1	1.29772
2054000	87.5534	-50.80743	138.3608	0.05	0.6247072	0.0333612	0.0439327	0.00514078	0.116111	0.0359466	0.0140376	0.00231919	0.00350046	0.0325877	0.012196	0.213697	0.397605	0.0343718	0.0582406	0.32573	0.893419	2.72261	1	0.9448064
2055000	73.89512	-57.16377	131.0589	0.05	2.116275	0.0726934	0.0174665	0.0569022	0.157147	0.0544507	0.346055	0.00847462	0.0680634	0.0404082	0.0774086	0.0268619	0.584874	0.0418127	0.30677	0.666835	1.07264	1.95375	1	1.552618
2056000	86.8098	-53.22373	140.0335	0.05	1.068154	0.0644333	0.0845426	0.0394413	0.0415896	0.0367295	0.0545197	0.0196654	0.034429	0.155498	0.0736405	0.0527042	0.0148171	0.0542382	0.150349	0.49632	1.01043	2.3429	1	0.7262485
2057000	86.16739	-51.6469	137.8143	0.05	0.7797279	0.14289	0.0370616	0.0473569	0.0316151	0.0195469	0.0192196	0.0733176	0.00598591	0.0847337	0.383424	0.0387904	0.0598945	0.02383	0.0912383	0.398842	0.951175	2.55874	1	0.9676663
2058000	77.18377	-52.61161	129.7954	0.05	5.15402	0.0516728	0.0600791	0.0102569	0.0929802	0.0257752	0.0405488	0.00468263	0.0473051	0.161332	0.0481088	0.381244	0.0732352	0.332717	0.508351	0.807559	1.08302	1.60107	1	1.329938
2059000	71.51628	-57.57974	129.096	0.05	3.430203	0.0352504	0.306556	0.0676077	0.231238	0.147578	0.0387981	0.0187046	0.0937113	0.282902	0.0436495	0.142774	0.152774	0.00630578	0.420029	0.752871	1.08395	1.74315	1	1.56785
2060000	86.3294	-51.4676	137.797	0.05	2.038563	0.0210191	0.108619	0.0822644	0.0114994	0.0187975	0.038951	0.017908	0.028664	0.0348282	0.0571812	0.0225182	0.0528924	0.343238	0.297835	0.659053	1.07093	1.97219	1	0.8383799
2061000	81.2041	-52.8218	134.0259	0.05	2.130458	0.0628225	0.0809678	0.108753	0.0424642	0.0596548	0.0201873	0.00351943	0.0772128	0.141784	0.0943532	0.084187	0.0327616	0.385288	0.308366	0.668206	1.07294	1.95049	1	1.193956
2062000	81.65342	-53.49608	135.1495	0.05	1.826096	0.0189383	0.106701	0.020036	0.0447498	0.0250715	0.0298615	0.0855964	0.0690896	0.0601249	0.0604259	0.428082	0.0165655	0.159088	0.271593	0.635148	1.06496	2.0283	1	1.124331
2063000	79.11132	-53.54281	132.6541	0.05	1.283291	0.0649571	0.0514539	0.164475	0.00213622	0.0204906	0.0505544	0.0756162	0.0685499	0.190176	0.0410696	0.137531	0.122095	0.441472	0.189823	0.548004	1.03468	2.22749	1	1.430578
2064000	84.34025	-53.99133	138.3316	0.05	1.195916	0.0770778	0.0191055	0.0133749	0.0352948	0.0252128	0.00966079	0.175594	0.112399	0.120367	0.107037	0.0671422	0.0676809	0.0651901	0.174312	0.528642	1.02615	2.27089	1	0.895137
2065000	80.02341	-53.92976	133.9532	0.05	0.6812366	0.104147	0.0854979	0.0307413	0.00553137	0.0461117	0.057691	0.00883947	0.0356012	0.429094	0.223403	0.167759	0.037943	0.143625	0.0701857	0.354541	0.917712	2.65756	1	1.375985
2066000	86.67695	-52.73789	139.4148	0.05	0.9182545	0.0673146	0.0291876	0.0361602	0.00257288	0.00742916	0.0494173	0.090381	0.0662978	0.157447	0.127628	0.0290489	0.0490375	0.0922399	0.120369	0.450723	0.985014	2.44389	1	0.8041616
2067000	71.63326	-54.0632	125.6965	0.05	3.025098	0.00401576	0.185983	0.0319416	0.0987365	0.0461016	0.137385	0.0381234	0.229591	0.530258	0.153844	0.011388	0.266844	0.230455	0.391194	0.732908	1.08264	1.79326	1	1.964667
2068000	82.79319	-52.83471	135.6279	0.05	3.718868	0.0348651	0.0424266	0.138714	0.102227	0.0117085	0.0760228	0.0187556	0.0337725	0.0208444	0.0914089	0.0752308	0.0265284	0.219883	0.438218	0.76489	1.08433	1.71256	1	0.8923871
2069000	83.97135	-52.21661	136.188	0.05	2.016809	0.0394921	0.0588025	0.0651673	0.0713423	0.0521658	0.0610272	0.0210785	0.0437853	0.0337701	0.0113491	0.0150531	0.147756	0.403543	0.295273	0.656789	1.0704	1.97753	1	1.024333
2070000	81.23976	-53.32745	134.5672	0.05	1.024961	0.00418165	0.033422	0.0646461	0.0485881	0.0802522	0.049371	0.0186884	0.0546602	0.454077	0.00785388	0.0244258	0.340628	0.134105	0.141907	0.484128	1.00402	2.36995	1	1.3149
2071000	84.66641	-51.05886	135.7253	0.05	1.144501	0.242033	0.00432209	0.0145558	0.0522953	0.0886407	0.0119838	0.00876335	0.00281586	0.00438296	0.0256672	0.502885	0.0827651	0.108232	0.164851	0.516257	1.02035	2.29854	1	1.149343
2072000	75.98257	-61.08201	137.0646	0.05	1.10427	0.00506847	0.0231944	0.204102	0.0289479	0.0454134	0.0171036	0.111638	0.258881	0.00159	0.17841	0.072477	0.11284	0.0403307	0.157276	0.505996	1.01534	2.32139	1	1.099996
2073000	79.52653	-53.56484	133.0914	0.05	2.417261	0.00709323	0.0234372	0.0737525	0.155678	0.114504	0.0120869	0.02265	0.0294174	0.237043	0.0228591	0.20525	0.0698457	0.316432	0.338469	0.693129	1.07762	1.89078	1	1.29005
2074000	77.92008	-56.36655	134.2866	0.05	0.7712859	0.0541795	0.0295946	0.286957	0.191117	0.00509829	0.0401593	0.0207357	0.0321233	0.0298354	0.0491745	0.433659	0.137504	0.00618349	0.0894357	0.395311	0.94867	2.56658	1	1.316321
2075000	88.44466	-52.04649	140.4912	0.05	0.6911892	0.0028518	0.0308288	0.0751774	0.0324049	0.0036492	0.0247649	0.0355167	0.0297597	0.0178096	0.0850873	0.0817746	0.285046	0.0115477	0.0723073	0.359343	0.921559	2.64679	1	0.7162183
2076000	87.38513	-54.05174	141.4369	0.05	0.351046	0.0314209	0.0589546	0.104005	0.00999824	0.0410764	0.0140355	0.00824326	0.0143299	0.00270529	0.001891	0.317105	0.048893	0.00984689	0.0103311	0.144368	0.67237	3.17293	1	0.6625046
2077000	85.4328	-53.39494	138.8277	0.05	0.666885	0.0266441	0.0448625	0.164674	0.0146988	0.00197345	0.10618	0.00518857	0.0188073	0.317707	0.0205375	0.0105678	0.0556723	0.0962568	0.0671338	0.347477	0.911951	2.67344	1	0.8837703
2078000	83.80707	-56.54369	140.3508	0.05	0.3245535	0.0565959	0.0108118	0.0790512	0.0199445	0.0846151	0.0306417	0.0577215	0.10362	0.00918579	0.076408	0.00648146	0.00937786	0.2233	0.00749702	0.123681	0.634824	3.234	1	0.7677548
2079000	86.84322	-50.64397	137.4872	0.05	0.9526413	0.19511	0.131885	0.0113886	0.0384359	0.00398617	0.0236623	0.0152635	0.00489502	0.0318484	0.391852	0.0745752	0.00106684	0.0487757	0.12741	0.462039	0.991687	2.41886	1	0.9727442
2080000	75.7194	-53.36096	129.0804	0.05	0.9073777	0.0808056	0.126517	0.0680503	0.0826389	0.016007	0.0137272	0.0252386	0.0509575	0.141486	0.590145	0.0694465	0.435705	0.134289	0.118123	0.447025	0.982781	2.45207	1	1.835014
2081000	75.23975	-57.4466	132.6863	0.05	0.5029491	0.0228142	0.0495698	0.0175559	0.145307	0.00490102	0.201001	0.061195	0.0751743	0.265411	0.347365	0.00773769	0.097236	0.241091	0.0339357	0.253837	0.822403	2.88983	1	1.536359
2082000	78.3851	-54.14295	132.5281	0.05	6.309831	0.155917	0.108955	0.0537227	0.0345406	0.0128358	0.00770623	0.0692278	0.0151401	0.233131	0.0236949	0.19076	0.00685389	0.0159504	0.548799	0.829837	1.08056	1.54081	1	0.9284342
2083000	88.06693	-52.24634	140.3133	0.05	0.5100548	0.0228413	0.07458	0.0205008	0.0574467	0.0108673	0.0321005	0.0059168	0.011227	0.141005	0.026961	0.142702	0.154934	0.0493617	0.0352662	0.258429	0.827449	2.87886	1	0.7504443
2084000	79.33299	-56.99763	136.3306	0.05	0.6183995	0.0504356	0.000440898	0.0262378	0.00267461	0.0458662	0.0968329	0.0854689	3.7787e-05	0.10579	0.162552	0.115131	0.457876	0.00416833	0.0569238	0.322346	0.890423	2.73031	1	1.153513
2085000	83.73838	-54.61404	138.3524	0.05	0.5842646	0.0177812	0.13253	0.0206108	0.0103311	0.217698	0.032013	0.0179088	0.00858943	0.102085	0.152556	0.0381628	0.0697043	0.136084	0.0498797	0.303412	0.873074	2.77363	1	0.9560546
2086000	86.3904	-53.07419	139.4646	0.05	1.207132	0.0403671	0.00746732	0.0406254	0.0133671	0.166995	0.00359452	0.00703772	0.00784979	0.0203854	0.173008	0.0870409	0.0246367	0.175966	0.176343	0.531242	1.02734	2.26508	1	0.7683402
2087000	77.54439	-59.34487	136.8893	0.05	1.117014	0.150125	0.0532072	0.0107033	0.0725184	0.014213	0.044836	0.0104055	0.319819	0.171449	0.0970777	0.0365385	0.0459593	0.037963	0.159692	0.509303	1.01697	2.31403	1	1.064815
2088000	79.70611	-52.89328	132.5994	0.05	1.871662	0.075981	0.0115732	0.0894413	0.0349583	0.0324328	0.0612111	0.125046	0.0148324	0.0908041	0.311184	0.168955	0.203085	0.178917	0.277458	0.640634	1.06642	2.01549	1	1.398421
2089000	86.16526	-52.74895	138.9142	0.05	0.8782137	0.0408844	0.00457399	0.0908697	0.069748	0.0249849	0.0382976	0.0110527	0.0165759	0.0359257	0.0681961	0.116379	0.0241276	0.319793	0.112061	0.436816	0.976475	2.47465	1	0.8614085
2090000	82.64778	-58.79587	141.4436	0.05	0.2485057	0.0025191	0.0362039	0.0105699	0.131632	0.062406	0.0309831	0.0287465	0.00444328	0.171625	0.14055	0.0524068	0.00127202	0.0496603	0.00204285	0.065613	0.498324	3.43402	1	0.7230179
2091000	89.8353	-50.86357	140.6989	0.05	1.21064	0.0491887	0.011641	0.00506785	0.0526068	0.0209169	0.00309453	0.0201375	0.0189975	0.086851	0.0138122	0.114486	0.20306	0.0605983	0.176976	0.532047	1.0277	2.26328	1	0.6604577
2092000	80.81197	-53.44174	134.2537	0.05	3.203272	0.0321825	0.0340916	0.0708829	0.0417748	0.0309814	0.0387564	0.0295034	0.244355	0.268327	0.00129022	0.143454	0.120882	0.0696681	0.404401	0.742196	1.08335	1.77005	1	1.126149
2093000	70.54203	-54.24347	124.7855	0.05	2.44031	0.098379	0.0493972	0.0697689	0.295072	0.00439456	0.0247902	0.112429	0.1563	0.342713	0.0766775	0.354365	0.0923282	0.444634	0.340724	0.694926	1.07792	1.88643	1	2.121248
2094000	83.68054	-54.41383	138.0944	0.05	1.915768	0.0144927	0.0337007	0.0712081	0.0317591	0.00640823	0.0641575	0.00976787	0.0164107	0.0818012	0.332879	0.0894258	0.178041	0.0194744	0.283008	0.645747	1.06773	2.00351	1	0.9495265
2095000	87.56786	-53.57654	141.1444	0.05	0.322808	0.0387631	0.0140041	0.0221096	0.0509556	0.0233683	0.0156553	0.0305877	0.00559417	0.0849825	0.0122164	0.0754387	0.28432	0.0615011	0.00732676	0.122315	0.63219	3.23817	1	0.7194962
2096000	84.20236	-53.05423	137.2566	0.05	2.198229	0.052961	0.0684945	0.0284967	0.172767	0.0576829	0.0254334	0.0632917	0.0279477	0.0291455	0.183897	0.0214991	0.0918281	0.0752562	0.315842	0.674563	1.07424	1.93535	1	0.8987006
2097000	79.03799	-55.02819	134.0662	0.05	1.188043	0.199048	0.0428732	0.0905688	0.147045	0.0138802	0.0590023	0.0198572	0.0399228	0.0416148	0.0246872	0.0313102	0.00563407	0.612019	0.172879	0.526796	1.02531	2.27502	1	1.327463
2098000	79.06715	-54.77453	133.8417	0.05	1.39091	0.0588551	0.0829632	0.197893	0.0244334	0.0355109	0.059984	0.000954411	0.0576795	0.17013	0.0156218	0.0166608	0.204622	0.393788	0.207968	0.56933	1.04332	2.17939	1	1.319095
2099000	81.46839	-56.96379	138.4322	0.05	0.3989823	0.00642903	0.0634694	0.0715806	0.0394201	0.019301	0.0243326	0.0573494	0.038826	0.0597142	0.143725	0.00102954	0.400826	0.0322056	0.0165679	0.180995	0.730177	3.07226	1	0.9582082
2100000	74.4311	-55.82418	130.2553	0.05	0.7502176	0.0999066	0.158551	0.106155	0.0553271	0.119844	0.00858285	0.114603	0.0966867	0.089306	0.0731284	0.455194	0.211942	0.161175	0.0849311	0.386292	0.942145	2.58663	1	1.7504
2101000	81.83785	-51.93951	133.7774	0.05	0.8565189	0.101197	0.0472771	0.104405	0.0104778	0.0447798	0.0376747	0.00496534	0.0145401	0.58382	0.0623294	0.232704	0.005198	0.126422	0.107516	0.428931	0.971464	2.49209	1	1.375789
2102000	79.25259	-58.14369	137.3963	0.05	0.2871213	0.0355197	0.0102578	0.026044	0.0543761	0.0417202	0.0995741	0.160805	0.103754	0.160049	0.0424112	0.0173069	0.0475767	0.301378	0.00430889	0.0945215	0.573527	3.32764	1	1.100772
2103000	86.62066	-53.56113	140.1818	0.05	0.1853524	0.0414558	0.0163113	0.0128357	0.00600542	0.000967709	0.00718399	0.00361115	0.0514728	0.00655172	0.0510927	0.114894	0.248627	0.235234	0.000307778	0.0257756	0.344363	3.62955	1	0.7962436
2104000	73.89128	-61.138	135.0293	0.05	1.617304	0.124471	0.250794	0.0568442	0.093881	0.0256861	0.0157787	0.0629196	0.00216146	0.0703701	0.012225	0.0387124	0.0040722	0.407474	0.242888	0.606984	1.05663	2.0935	1	1.165389
2105000	82.27641	-54.83794	137.1144	0.05	1.405089	0.077608	0.035883	0.15243	0.123148	0.0458354	0.0057014	0.0130031	0.0451958	0.176348	0.0538425	0.117982	0.0176581	0.115415	0.210281	0.571956	1.04432	2.17344	1	0.9800499
2106000	76.60184	-55.96023	132.5621	0.05	0.4276408	0.117703	0.123299	0.142547	0.126529	0.0164483	0.0191524	0.00218117	0.0408049	0.00732343	0.0306084	0.134793	0.411615	0.361143	0.0208956	0.202085	0.759539	3.01748	1	1.534146
2107000	90.20382	-51.21628	141.4201	0.05	0.4845354	0.0286922	0.0364482	0.0631847	0.0588108	0.028362	0.027462	0.00357923	0.0115463	0.0964941	0.0163555	0.0815934	0.118174	0.0644526	0.0305585	0.2417	0.808681	2.91906	1	0.6351551
2108000	92.41529	-49.48922	141.9045	0.05	0.7573628	0.0156497	0.0328924	0.0185826	0.0579118	0.0267452	0.000492699	0.00828263	0.00468428	0.00273357	0.120241	0.0136029	0.304167	0.0113119	0.0864596	0.389384	0.944402	2.57975	1	0.617298
2109000	81.13124	-53.27973	134.411	0.05	1.88716	0.0436729	0.0418666	0.000626519	0.151973	0.00270141	0.148785	0.00690662	0.0204104	0.372761	0.0144898	0.106855	0.284482	0.0119966	0.279422	0.642452	1.06689	2.01123	1	1.207527
2110000	81.13615	-50.72544	131.8616	0.05	2.818024	0.00383075	0.0853639	0.273922	0.0184098	0.00314845	0.0270293	0.00646978	0.0166425	0.0704976	0.60485	0.0126123	0.153117	0.0900421	0.374675	0.720927	1.08146	1.82294	1	1.365936
2111000	79.93573	-55.01083	134.9466	0.05	0.9644728	0.000362478	0.0385977	0.113845	0.233095	0.0041736	0.00294919	0.0644633	0.00905808	0.092984	0.241031	0.149617	0.254588	0.0901214	0.129812	0.465806	0.993854	2.41053	1	1.294885
2112000	80.99326	-55.75014	136.7434	0.05	0.3922603	0.289284	0.101858	0.0426806	0.017049	0.0111286	0.0537945	0.0195317	0.000415989	0.126122	0.0532585	0.0320757	0.0399277	0.331269	0.0156138	0.175951	0.722768	3.08567	1	1.118394
2113000	91.00123	-51.46129	142.4625	0.05	0.6485433	0.026175	0.0314979	0.00604906	0.0111958	0.00784175	0.0361599	0.00780861	0.00248179	0.1789	0.030078	0.0302409	0.0507255	0.11287	0.0632501	0.338205	0.904198	2.69435	1	0.5320236
2114000	80.13268	-52.69927	132.8319	0.05	1.949991	0.0340407	0.0838344	0.0467787	0.0792333	0.0504771	0.0111323	0.0334882	0.0106341	0.345905	0.0630887	0.226425	0.332154	0.0880421	0.287231	0.649588	1.06869	1.99449	1	1.405233
2115000	77.87087	-58.57851	136.4494	0.05	1.164505	0.0377255	0.00327589	0.0348733	0.0216722	0.00200543	0.0130224	0.00372525	0.0186588	0.136933	0.0227756	0.0157299	0.747032	0.0339149	0.168562	0.52117	1.02268	2.28758	1	1.091345
2116000	79.46798	-53.75943	133.2274	0.05	2.375931	0.117799	0.0804218	0.055286	0.216009	0.0490169	0.00263736	0.0195712	0.00265524	0.106843	0.0917526	0.0874214	0.0476659	0.420868	0.334369	0.689837	1.07707	1.89872	1	1.297948
2117000	78.16222	-55.13656	133.2988	0.05	0.8722479	0.0184048	0.308666	0.0742834	0.166016	0.0105436	0.00583239	0.130658	0.092064	0.0862948	0.367678	0.0505925	0.052551	0.0635543	0.110814	0.434673	0.975126	2.47939	1	1.427139
2118000	82.67032	-52.90849	135.5788	0.05	0.8563988	0.0565805	0.0448698	0.00995552	0.00310376	0.223999	0.00895864	0.00604595	0.0816435	0.246635	0.0872246	0.181868	0.109472	0.135155	0.107491	0.428887	0.971436	2.49219	1	1.195511
2119000	92.22219	-48.38551	140.6077	0.05	1.734178	0.0865928	0.0133224	0.0147608	0.0437717	0.010348	0.0411163	0.00089458	0.0157959	0.0879321	0.0613039	0.0272473	0.155876	0.0450871	0.259339	0.623401	1.06165	2.05561	1	0.604049
2120000	76.19598	-59.42085	135.6168	0.05	1.673591	0.115182	0.0299522	0.228513	0.0044925	0.0193036	0.0103141	0.0138746	0.119015	0.117413	0.116034	0.0558733	0.0387906	0.241125	0.250936	0.615113	1.05918	2.07478	1	1.109884
2121000	81.45139	-52.68418	134.1356	0.05	1.459444	0.222496	0.0665112	0.0374701	0.0900047	0.0146969	0.0409563	0.0244831	0.113384	0.0293203	0.00783827	0.158709	0.28973	0.174037	0.218989	0.581664	1.04795	2.1514	1	1.269635
2122000	85.72336	-53.22471	138.9481	0.05	1.056019	0.127508	0.000519681	0.00490649	0.19654	0.0375349	9.83846e-05	0.00952759	0.0296813	0.0704551	0.0191318	0.279746	0.022447	0.0327266	0.147994	0.492966	1.0087	2.35035	1	0.830824
2123000	89.69774	-51.35451	141.0522	0.05	0.6503684	0.0452386	0.027344	0.0405496	0.022729	0.0445049	0.0177828	0.0067219	0.0133167	0.0503781	0.0503603	0.239847	0.123667	0.0129189	0.0636355	0.33914	0.90499	2.69223	1	0.6953591
2124000	85.80288	-54.59951	140.4024	0.05	2.402576	0.0207259	0.0623034	0.00654115	0.0313689	0.0347191	0.0172626	0.0775198	0.00178515	0.116599	0.0660076	0.0804456	0.0353724	0.0100204	0.337021	0.69197	1.07743	1.89358	1	0.5606709
2125000	86.61352	-52.51999	139.1335	0.05	0.3421455	0.0367568	0.0544707	0.0307426	0.190674	0.0206397	0.000577621	0.00389446	0.0617414	0.0641655	0.186511	0.0985833	0.00507166	0.140996	0.00932742	0.137437	0.660246	3.19299	1	0.8948251
2126000	87.99058	-50.9755	138.9661	0.05	1.588698	0.102333	0.0289823	0.0306268	0.089949	0.00273554	0.0532347	0.00214131	0.000527091	0.13972	0.00643328	0.155343	0.131865	0.0640181	0.238705	0.602684	1.05523	2.10338	1	0.8079089
2127000	74.00904	-57.45615	131.4652	0.05	1.05698	0.0888783	0.319232	0.197836	0.0908221	0.0106221	0.203031	0.0112883	0.00677722	0.105972	0.000125174	0.401258	0.144574	0.00393811	0.148181	0.493233	1.00883	2.34975	1	1.584355
2128000	89.21155	-52.20193	141.4135	0.05	0.9808965	0.0370269	0.0442851	0.0115814	0.0914233	0.0109948	0.0289393	0.0133417	0.00624694	0.11366	0.0345303	0.00417191	0.0141168	0.189786	0.133127	0.470934	0.996761	2.39918	1	0.6001048
2129000	88.50216	-51.76641	140.2686	0.05	0.4179671	0.0528535	0.00825593	0.045198	0.0860242	0.00784872	0.00357229	0.0371326	0.0396927	0.0464846	0.0256554	0.0255279	0.03245	0.336772	0.0193895	0.195045	0.750013	3.03555	1	0.7474674
2130000	84.23819	-57.96871	142.2069	0.05	0.518617	0.0479282	0.0184473	0.0674422	0.00309833	0.126336	0.00353129	0.00278229	0.0177233	0.00864516	0.0423695	0.0191287	0.16271	0.035535	0.036888	0.263896	0.833356	2.86586	1	0.5556773
2131000	79.3691	-56.04014	135.4092	0.05	1.965246	0.0863167	0.240706	0.0733781	0.030089	0.032355	0.033973	0.0172314	0.00184979	0.0070736	0.02859	0.0765922	0.119481	0.335936	0.289091	0.651266	1.0691	1.99055	1	1.083572
2132000	87.60617	-48.33621	135.9424	0.05	2.399195	0.0796232	0.00657706	0.00622527	0.0988944	0.0299173	0.0192918	0.0275525	0.00168214	0.0454597	0.508675	0.0351248	0.0665069	0.0731092	0.336686	0.691701	1.07739	1.89423	1	0.9986392
2133000	83.40774	-53.44622	136.854	0.05	1.881698	0.011019	0.077141	0.078596	0.0273979	0.024007	0.0402848	0.019411	0.00536887	0.127123	0.246693	0.0689497	0.229157	0.0213602	0.278732	0.641814	1.06673	2.01273	1	0.9765088
2134000	84.72809	-57.09834	141.8264	0.05	3.722986	0.00916208	0.00864715	0.0148289	0.0476502	0.00949405	0.0305931	0.00146827	0.0561766	0.0415114	0.226106	0.000298865	0.0188553	0.00346398	0.438465	0.76505	1.08433	1.71215	1	0.4682554
2135000	82.93269	-57.53254	140.4652	0.05	1.551869	0.0597319	0.000163928	0.0763136	0.154516	0.0564755	0.0376613	0.00652941	0.0198301	0.00560472	0.0964482	0.10926	0.0431986	0.00172813	0.233225	0.596968	1.05333	2.11648	1	0.6674616
2136000	78.45578	-57.86719	136.323	0.05	1.892292	0.0481157	0.0685378	0.0495852	0.159164	0.0273121	0.121123	0.028522	0.0846057	0.00789895	0.0100155	0.0164657	0.265819	0.125301	0.280069	0.643049	1.06704	2.00984	1	1.012466
2137000	76.10875	-55.67551	131.7843	0.05	2.836295	0.000754314	0.546075	0.017715	0.0290957	0.0077161	0.0396412	0.0374744	0.0490734	0.0479555	0.141727	0.112123	0.00366849	0.309373	0.376187	0.722041	1.08158	1.82019	1	1.342392
2138000	89.51396	-49.79754	139.3115	0.05	2.85079	0.0397912	0.00540164	0.0391671	0.024124	0.0170958	0.0330117	0.00370151	0.00666434	0.0513575	0.0837117	0.14333	0.045083	0.132011	0.377379	0.722917	1.08167	1.81803	1	0.624451
2139000	76.09126	-57.54197	133.6332	0.05	0.434332	0.0598047	0.0847683	0.136288	0.0923013	0.0841864	0.0725329	0.0143196	0.0689446	0.656768	0.0399964	0.0234846	0.0285547	0.0672987	0.0219628	0.206905	0.765911	3.00522	1	1.429248
2140000	82.1175	-53.14371	135.2612	0.05	0.2924578	0.0667038	0.0585392	0.0627893	0.0510813	0.0998404	0.0703454	0.0231858	0.00260376	0.461761	0.0159031	0.0518104	0.0954916	0.231693	0.00470348	0.098642	0.582916	3.31374	1	1.291748
2141000	88.65197	-51.94213	140.5941	0.05	0.8275589	0.0237642	0.00637265	0.0509004	0.0705773	0.00649076	0.0136289	0.0355676	0.0110054	0.0010322	0.122443	0.0665845	0.265231	0.0617983	0.101408	0.417997	0.964308	2.51629	1	0.7353965
2142000	81.53695	-53.83338	135.3703	0.05	2.191437	0.111102	0.0575266	0.00628842	0.0895913	0.059066	0.0697441	0.039807	0.0194919	0.0184036	0.0467561	0.02595	0.430387	0.0998397	0.315103	0.67394	1.07412	1.93684	1	1.073954
2143000	78.68743	-54.73463	133.4221	0.05	0.5824562	0.0880885	0.0832061	0.117825	0.0130144	0.0527782	0.0299882	0.0401888	0.0110426	0.06599	0.0285759	0.101854	0.451845	0.35709	0.049511	0.302379	0.872098	2.77601	1	1.441486
2144000	83.80227	-51.79326	135.5955	0.05	1.126773	0.175858	0.0783359	0.0376198	0.077298	0.00280786	0.0530936	0.00543968	0.0402594	0.231331	0.0912469	0.137447	0.0333398	0.213963	0.161532	0.5118	1.0182	2.30847	1	1.17804
2145000	81.0305	-52.62128	133.6518	0.05	1.012949	0.00661305	0.158393	0.0606466	0.103308	0.123098	0.0259038	0.0283267	0.0984787	0.0241805	0.189802	0.112514	0.431056	0.0206616	0.13953	0.48061	1.00211	2.37775	1	1.382981
2146000	87.11306	-50.02838	137.1414	0.05	1.694029	0.0277262	0.0517205	0.102726	0.00621518	0.0194778	0.00468782	0.0367505	0.00827198	0.111526	0.0963211	0.107603	0.157919	0.212822	0.253801	0.61796	1.06004	2.0682	1	0.9437669
2147000	69.55656	-63.66165	133.2182	0.05	1.937505	0.104916	0.059825	0.263418	0.0312743	0.105105	0.245119	0.0347568	0.042941	0.0235049	0.1069	0.193684	0.0320396	0.110609	0.285699	0.648199	1.06834	1.99776	1	1.354094
2148000	82.70395	-54.34947	137.0534	0.05	2.042608	0.026255	0.0259888	0.115356	0.0794869	0.179375	0.071308	0.00473743	0.00475362	0.0250881	0.00933493	0.163126	0.200566	0.0320765	0.298308	0.659469	1.07102	1.9712	1	0.9374523
2149000	85.34543	-53.47628	138.8217	0.05	0.8829782	0.127128	0.0666623	0.020956	0.0687281	0.0469542	0.0172985	0.0502021	0.00982427	0.0596744	0.0402894	0.171593	0.149126	0.0457901	0.113055	0.438514	0.977538	2.47089	1	0.8742256
2150000	83.65287	-53.59548	137.2484	0.05	2.481505	0.026331	0.0281766	0.0533409	0.010052	0.0114987	0.0359022	0.0262683	0.000167541	0.0427164	0.37538	0.0518474	0.187903	0.0178563	0.344696	0.69807	1.07841	1.87882	1	0.8674411
2151000	82.2087	-53.60004	135.8087	0.05	0.5151819	0.121125	0.00323073	0.228459	0.0403435	0.00522521	0.113902	0.0323926	0.014896	0.0158047	0.0806525	0.0112362	0.0446401	0.493697	0.036235	0.261711	0.831008	2.87105	1	1.205604
2152000	85.89633	-53.45351	139.3498	0.05	1.043431	0.044446	0.0276242	0.0013924	0.0746463	0.0217839	0.0434449	0.0482041	0.0812427	0.070303	0.203595	0.0419168	0.0635979	0.0659667	0.145537	0.489428	1.00684	2.3582	1	0.7881636
2153000	83.13249	-54.82936	137.9618	0.05	1.937213	0.0356354	0.0179883	0.105088	0.0050565	0.084641	0.0180839	0.00364529	0.041777	0.0810192	0.228047	0.0860195	0.0733971	0.0631887	0.285663	0.648167	1.06834	1.99783	1	0.8435866
2154000	81.55503	-52.5298	134.0848	0.05	2.823267	0.254461	0.0552216	0.103811	0.0606069	0.00182277	0.0914854	0.0233137	0.0259274	0.0933508	0.255626	0.00715602	0.105513	0.0658744	0.37511	0.721248	1.08149	1.82215	1	1.14417
2155000	81.14456	-52.22835	133.3729	0.05	1.294679	0.11025	0.0817076	0.142595	0.0268822	0.0365378	0.0384236	0.00578832	0.00553742	0.143339	0.109486	0.559507	0.00375803	0.111393	0.191793	0.550385	1.03569	2.22214	1	1.375204
2156000	82.55575	-52.76225	135.318	0.05	2.510801	0.10473	0.0171214	0.0611289	0.0631494	0.00616936	0.0204899	0.00140914	0.0532863	0.052005	0.0492915	0.0517561	0.0482398	0.501124	0.347478	0.700256	1.07875	1.87352	1	1.029901
2157000	82.62643	-52.0762	134.7026	0.05	0.4070943	0.0704759	0.274661	0.0777623	0.0142168	0.009782	0.0232733	0.0289064	0.0084932	0.0582726	0.0448175	0.219244	0.415122	0.0626094	0.0177511	0.187036	0.738845	3.05637	1	1.307635
2158000	82.86839	-53.75707	136.6255	0.05	2.181004	0.00657745	0.032565	0.0912395	0.0525597	0.00709426	0.0442998	0.00139142	0.0560616	0.120896	0.262012	0.0434872	0.198573	0.0625807	0.313964	0.672977	1.07392	1.93914	1	0.979338
2159000	66.72385	-56.31004	123.0339	0.05	4.987527	0.0401899	0.13436	0.180396	0.371796	0.0126949	0.0990876	0.188381	0.0282827	0.0573384	0.351729	0.300925	0.061822	0.218618	0.501559	0.803661	1.08332	1.61146	1	2.04562
2160000	91.55046	-49.87664	141.4271	0.05	1.193761	0.0462796	0.0732132	0.0129839	0.0490062	0.0168963	0.0117656	0.000821964	0.00556153	0.0817975	0.0852138	0.0890953	0.0842299	0.0253641	0.173921	0.528138	1.02592	2.27202	1	0.5822288
2161000	83.89361	-54.62103	138.5146	0.05	1.703415	0.0294229	0.0107067	0.0101648	0.0154842	0.00187193	0.00602033	0.0356137	0.0794401	0.0404462	0.0405816	0.517458	0.0985514	0.00142599	0.255106	0.61925	1.06043	2.06522	1	0.8871876
2162000	84.80744	-56.77649	141.5839	0.05	1.136918	0.0766957	0.059298	0.0187577	0.0711593	0.0769039	0.0192195	0.00235309	0.0316713	0.00292666	0.0835055	0.0124935	0.117934	0.00759364	0.163435	0.514363	1.01944	2.30276	1	0.5805113
2163000	84.2341	-53.28794	137.522	0.05	0.9051094	0.098284	0.0172514	0.0375247	0.0443821	0.114649	0.0103122	0.023781	0.0342737	0.00553639	0.0162384	0.00972304	0.131429	0.427093	0.117653	0.446247	0.982307	2.45379	1	0.9704785
2164000	83.50235	-54.09979	137.6021	0.05	1.38688	0.029853	0.0386374	0.12576	0.0600026	0.0022041	0.023096	0.0522567	0.0811631	0.177339	0.0136951	0.0798622	0.065729	0.170211	0.207307	0.568577	1.04302	2.18109	1	0.9198094
2165000	81.98836	-52.95082	134.9392	0.05	1.243608	0.108419	0.0980033	0.0324598	0.0869346	0.164899	0.0151284	6.63256e-05	0.0305898	0.14051	0.159521	0.178973	0.20407	0.000835274	0.182867	0.539458	1.031	2.24668	1	1.220409
2166000	66.02553	-57.31742	123.3429	0.05	3.047658	0.0968598	0.0102158	0.123263	0.0243693	0.078116	0.321827	0.0276876	0.0703176	0.386053	0.00300782	0.683134	0.218882	0.144889	0.392916	0.734133	1.08274	1.79021	1	2.188623
2167000	86.89089	-50.30138	137.1923	0.05	0.781516	0.0530532	0.150258	0.0059163	0.0904845	0.0111936	0.0252992	0.00918547	0.0119772	0.0884619	0.0160693	0.336164	0.0914199	0.13334	0.0916199	0.399584	0.951699	2.5571	1	1.022823
2168000	88.27003	-52.80839	141.0784	0.05	2.667648	0.0765097	0.0321769	0.0175705	0.0315306	0.0453312	0.0065288	0.0312333	0.0174944	0.00907149	0.0440059	0.0356305	0.0463345	0.110889	0.361796	0.711291	1.0803	1.84661	1	0.5043069
2169000	76.84243	-56.84468	133.6871	0.05	0.4554315	0.047791	0.0285555	0.0536315	0.00190515	0.0561521	0.112598	0.17435	0.0960925	0.00105457	0.250454	0.0534165	0.570886	0.0301747	0.0254555	0.221828	0.78492	2.9678	1	1.477063
2170000	76.41296	-55.3539	131.7669	0.05	2.790816	0.20659	0.0167392	0.0156204	0.0150282	0.0189648	0.0870417	0.0365063	0.012727	0.18286	0.0911375	0.0048648	0.392393	0.295186	0.372403	0.719246	1.08127	1.82708	1	1.375659
2171000	85.19928	-54.34548	139.5448	0.05	1.550047	0.097457	0.0261741	0.0133411	0.133835	0.0430563	0.0403358	0.0001476	0.0150611	0.014421	0.0241224	0.0302078	0.221152	0.0732409	0.232951	0.59668	1.05323	2.11714	1	0.7325516
2172000	87.4597	-51.31637	138.7761	0.05	3.157541	0.158777	0.00690186	0.0124138	0.0158649	0.00155675	0.00674739	0.00417285	0.00521612	0.0554585	0.247941	0.0729086	0.00445276	0.0563897	0.401094	0.739894	1.08319	1.77582	1	0.6488014
2173000	75.78387	-60.04962	135.8335	0.05	1.445217	0.0792052	0.0232349	0.148743	0.0641315	0.00313563	0.0529219	0.000725215	0.0405897	0.155239	0.108385	0.190388	0.015635	0.25441	0.216734	0.579176	1.04704	2.15705	1	1.136745
2174000	87.68062	-49.49983	137.1805	0.05	1.495602	0.0465011	0.0241679	0.0595238	0.0543202	0.0136652	0.00156325	0.0726176	0.0149992	0.494422	0.0548917	0.0159557	0.0725511	0.0541959	0.224642	0.587823	1.05016	2.13737	1	0.979375
2175000	79.82252	-56.15143	135.9739	0.05	0.7086421	0.034221	0.0346452	0.0477835	0.0705286	0.209198	0.035638	0.0479115	0.0803374	0.0380729	0.0523778	0.174851	0.000165491	0.354908	0.0760351	0.367579	0.928029	2.62836	1	1.180638
2176000	79.85757	-55.94804	135.8056	0.05	0.9602111	0.0803781	0.00189173	0.0407154	0.100871	0.0218806	0.207053	0.086302	0.0142964	0.238005	0.0236798	0.0199545	0.298303	0.0360794	0.128948	0.464457	0.993081	2.41351	1	1.169409
2177000	72.25969	-60.91638	133.1761	0.05	3.858134	0.17147	0.0301936	0.19907	0.187708	0.106908	0.0366341	0.00473244	0.0517081	0.0404046	0.0274972	0.0760201	0.0257859	0.190206	0.446395	0.770156	1.0844	1.69905	1	1.148338
2178000	79.32322	-58.62922	137.9524	0.05	1.109106	0.0247031	0.0135107	0.112464	0.0304143	0.221906	0.0295362	0.0219199	0.0227058	0.0656719	0.132863	0.012754	0.0597486	0.212425	0.158195	0.507257	1.01596	2.31858	1	0.9606226
2179000	80.79234	-55.61138	136.4037	0.05	1.165816	0.0474436	0.162247	0.0624821	0.105599	0.0448807	0.0336927	0.0314814	0.0618374	0.0473798	0.098885	0.0447341	0.320013	0.0539957	0.168804	0.521487	1.02283	2.28687	1	1.114672
2180000	75.02822	-61.42885	136.4571	0.05	0.6367819	0.131945	0.0273573	0.000287642	0.140231	0.164866	0.0546244	0.121293	0.10286	0.0142762	0.105051	0.0491225	0.0643937	0.158297	0.0607722	0.332111	0.898983	2.70813	1	1.134606
2181000	87.83706	-53.02832	140.8654	0.05	2.129198	0.012097	0.0302893	0.00606589	0.0022663	0.00982663	0.0222817	0.00514171	0.000133065	0.00419707	0.291915	0.137344	0.0139059	0.0805674	0.308224	0.668085	1.07291	1.95078	1	0.6160304
2182000	83.81575	-53.9383	137.7541	0.05	0.5079561	0.0410115	0.0650549	0.015803	0.125619	0.0465247	0.00984613	0.0119159	0.0206129	0.271896	0.337029	0.0230039	0.00552336	0.0302929	0.0348717	0.257078	0.825972	2.88208	1	1.004133
2183000	83.9212	-52.50551	136.4267	0.05	0.4870924	0.104907	0.0170683	0.0168106	0.0209051	0.0265206	0.0808276	0.0364914	0.0148293	0.0364547	0.485396	0.212239	0.0449169	0.0555669	0.031021	0.243406	0.810644	2.91493	1	1.152934
2184000	84.2847	-54.69646	138.9812	0.05	1.995273	0.0487761	0.0126997	0.0608884	0.122731	0.00448816	0.0139192	0.00266557	0.0322563	0.0537926	0.342366	0.00709523	0.0477199	0.0222058	0.29271	0.65451	1.06987	1.98291	1	0.7716045
2185000	90.37072	-50.78735	141.1581	0.05	0.9236293	0.076732	0.0335193	0.0176477	0.0356384	0.0665426	0.0100105	0.00556404	0.017386	0.216138	0.0558628	0.0208785	0.00475841	0.0674774	0.121475	0.452529	0.986096	2.4399	1	0.628155
2186000	85.09652	-51.39871	136.4952	0.05	1.332233	0.100183	0.112103	0.0856385	0.0293708	0.0091214	0.0376337	0.00873272	0.000357661	0.0203884	0.0776001	0.0278492	0.118796	0.415769	0.198204	0.558021	1.03884	2.20494	1	1.043544
2187000	84.07942	-50.31625	134.3957	0.05	2.185418	0.0752793	0.075691	0.117165	0.125425	0.0197012	0.0333764	0.0134919	0.000448712	0.0583653	0.0582226	0.440638	0.0606727	0.0899991	0.314447	0.673386	1.07401	1.93816	1	1.168476
2188000	83.41566	-51.84135	135.257	0.05	2.109481	0.16475	0.0554348	0.0976069	0.0819042	0.0171123	0.0032373	0.0193196	0.0131513	0.0821242	0.0942795	0.0493851	0.0402083	0.381311	0.306002	0.666173	1.0725	1.95532	1	1.099825
2189000	87.09026	-50.48643	137.5767	0.05	1.647649	0.0497523	0.153692	0.136264	0.0377809	0.0142162	0.0215229	0.0090214	0.00473286	0.00629491	0.0416852	0.0614683	0.355064	0.0195724	0.247257	0.61142	1.05803	2.08329	1	0.9110668
2190000	81.56032	-53.73735	135.2977	0.05	1.923319	0.0228763	0.0322111	0.0215967	0.0234083	0.00576334	0.047418	0.0487752	0.00443051	0.0701143	0.0243357	0.174875	0.0742279	0.585413	0.283946	0.646604	1.06795	2.0015	1	1.135445
2191000	86.79313	-50.43015	137.2233	0.05	3.215407	0.0129137	0.115196	0.0371556	0.102662	0.00363605	0.0117952	0.0363659	0.00753307	0.0261656	0.0367344	0.0598537	0.291906	0.0306743	0.405269	0.742798	1.08339	1.76854	1	0.7725905
2192000	80.83883	-58.20889	139.0477	0.05	2.260623	0.0164725	0.0280526	0.0289369	0.0228583	0.149271	0.0644078	0.0234766	0.194862	0.0923063	0.0461637	0.0526076	0.0525267	0.00198496	0.322519	0.680145	1.07533	1.92201	1	0.7739273
2193000	82.46658	-52.78479	135.2514	0.05	0.6392405	0.125051	0.0134103	0.101738	0.15176	0.0442991	0.0190384	0.0107594	0.0146969	0.326414	0.261592	0.0411784	0.110303	0.0108393	0.0612892	0.333394	0.90009	2.70523	1	1.23108
2194000	79.20913	-56.96465	136.1738	0.05	1.202578	0.0269362	0.175845	0.108401	0.0308134	0.0386168	0.00443735	0.0175042	0.0419837	0.169356	0.118445	0.240344	0.0205761	0.103199	0.17552	0.53019	1.02686	2.26743	1	1.096458
2195000	83.67838	-53.97879	137.6572	0.05	0.9373447	0.00418354	0.207535	0.0104521	0.0549109	0.0339249	0.0365503	0.02566	0.00538386	0.0573501	0.356845	0.053589	0.0786421	0.0511256	0.124289	0.457074	0.988789	2.42985	1	0.9761529
2196000	80.26829	-59.45593	139.7242	0.05	2.097835	0.00910647	0.0471226	0.0300884	0.0801373	0.0162451	0.074606	0.0133415	0.0204395	0.0772498	0.279893	0.00766923	0.00894416	0.10534	0.30468	0.66503	1.07226	1.95803	1	0.7701829
2197000	80.81954	-54.67317	135.4927	0.05	0.2839083	0.0181478	0.0273759	0.0484403	0.00381204	0.0390099	0.0572089	0.0482024	0.030568	0.160684	0.00216223	0.437921	0.104893	0.351514	0.00408098	0.0920508	0.567762	3.33611	1	1.329939
2198000	81.45204	-54.50889	135.9609	0.05	0.8508817	0.050692	0.0994172	0.0385645	0.103849	0.00525792	0.12375	0.00779925	0.0869073	0.0691022	0.381673	0.00634416	0.00135655	0.169983	0.106331	0.42684	0.970114	2.49671	1	1.144696
2199000	78.64387	-54.29353	132.9374	0.05	1.76023	0.0505244	0.0303348	0.0292694	0.00221446	0.0432796	0.0369804	0.000498897	0.0081899	0.439003	0.0713943	0.307298	0.27392	0.0658628	0.262871	0.626828	1.06264	2.04766	1	1.35877
2200000	80.35674	-53.37921	133.736	0.05	3.333967	0.162125	0.0675094	0.00904891	0.0141498	0.070872	0.138815	0.0034693	0.00791489	0.0578891	0.107473	0.0384521	0.326779	0.11467	0.413555	0.748489	1.08373	1.75422	1	1.119167
2201000	79.53432	-53.41469	132.949	0.05	4.483006	0.17823	0.0663999	0.077996	0.0620066	0.00747939	0.00420049	0.0493315	0.00111393	0.0366979	0.0328439	0.028583	0.495871	0.0480953	0.479076	0.790414	1.08406	1.64645	1	1.088849
2202000	80.87721	-54.9583	135.8355	0.05	1.017937	0.018363	0.0892179	0.0375601	0.101311	0.00831831	0.0770403	0.179682	0.00133182	0.0200328	0.225621	0.121285	0.215434	0.0600877	0.140519	0.482078	1.00291	2.37449	1	1.155285
2203000	83.40436	-53.05736	136.4617	0.05	1.597499	0.107821	0.149833	0.119644	0.0451008	0.0138743	0.00213255	0.00675142	0.0105067	0.341646	0.0937862	0.111404	0.0127696	0.01316	0.239999	0.60402	1.05567	2.10031	1	1.02843
2204000	89.43382	-50.98668	140.4205	0.05	0.7479223	0.05795	0.0790616	0.0437223	0.00339642	0.0241035	0.00893357	0.0119281	0.0462432	0.077519	0.00449584	0.305353	0.00972811	0.0306533	0.08444	0.385291	0.94141	2.58886	1	0.703088
2205000	69.90286	-60.55347	130.4563	0.05	1.916606	0.0536066	0.00873254	0.118111	0.0513648	0.00203471	0.0825299	0.0479057	0.196087	0.0791588	0.129932	0.0814071	0.582201	0.17226	0.283112	0.645842	1.06776	2.00329	1	1.60533
2206000	81.58501	-53.5644	135.1494	0.05	2.221569	0.152698	0.0069149	0.0015934	0.114448	0.0312346	0.00377162	0.192263	0.0564032	0.0984592	0.295575	0.137619	0.0136591	0.000505494	0.318363	0.67668	1.07466	1.9303	1	1.105143
2207000	91.59712	-49.53276	141.1299	0.05	0.2660822	0.152208	0.0211357	0.0133134	0.0377142	0.0192377	0.00696303	0.004051	0.000326867	0.0482981	0.0130357	0.0252495	0.336062	0.0249242	0.00294749	0.0785256	0.534196	3.38433	1	0.7025187
2208000	83.14259	-50.66084	133.8034	0.05	2.325984	0.154186	0.0566446	0.00420234	0.0324696	0.0665523	0.0184695	0.0111304	0.00411878	0.0472824	0.0192893	0.665793	0.082248	0.0688259	0.329312	0.685733	1.07635	1.9086	1	1.231212
2209000	73.97651	-55.28678	129.2633	0.05	1.89488	0.0194623	0.0198785	0.301258	0.00810064	0.0958733	0.0449955	0.0317656	0.123666	0.517291	0.479073	0.0349001	0.0157911	0.0354054	0.280395	0.643349	1.06712	2.00913	1	1.727462
2210000	82.09149	-55.75808	137.8496	0.05	0.1822653	0.0369692	0.0761901	0.00904267	0.0830654	0.0288822	0.158735	0.0176017	0.017273	0.0769658	0.0808203	0.0638779	0.124248	0.261226	0.000271274	0.0242115	0.335816	3.6397	1	1.034897
2211000	81.74898	-52.71559	134.4646	0.05	2.034559	0.021657	0.147375	0.0902971	0.054645	0.0411769	0.0184699	0.0512974	0.00140655	0.028575	0.0575082	0.287561	0.0465393	0.331807	0.297365	0.658639	1.07083	1.97316	1	1.178315
2212000	79.46332	-55.1079	134.5712	0.05	0.9295874	0.120172	0.0921921	0.107833	0.0164802	0.0861032	0.0239383	0.0556038	0.0709998	0.109195	0.33158	0.000637085	0.217865	0.0537119	0.122699	0.454514	0.987277	2.43551	1	1.286311
2213000	81.79602	-52.80345	134.5995	0.05	5.435319	0.015871	0.0901261	0.120557	0.0810801	0.00451424	0.0364154	0.00765204	0.0220483	0.0371559	0.0752081	0.0327953	0.144478	0.173613	0.519211	0.813695	1.08247	1.58462	1	0.8415149
2214000	73.99937	-57.60972	131.6091	0.05	0.669479	0.114869	0.0035124	0.0544214	0.0276646	0.00907995	0.0583083	0.00745522	0.0349513	0.456885	0.0258381	0.337644	0.1511	0.355413	0.0676847	0.348766	0.913011	2.67054	1	1.637141
2215000	88.1908	-50.31749	138.5083	0.05	2.067063	0.036156	0.0912441	0.0806049	0.0923622	0.00533497	0.0144638	0.0232804	0.0185676	0.0431479	0.0878315	0.0265962	0.0746592	0.17485	0.301151	0.661961	1.07158	1.96531	1	0.7690986
2216000	83.4227	-53.50399	136.9267	0.05	1.735056	0.0488702	0.0258781	0.0984309	0.0146335	0.0140102	0.0743706	0.00172758	0.0175719	0.0518934	0.0148491	0.185294	0.348509	0.0901375	0.259458	0.623518	1.06169	2.05534	1	0.9861761
2217000	82.38113	-56.64005	139.0212	0.05	2.589902	0.0883376	0.0370213	0.0624933	0.0138999	0.0923758	0.0123015	0.0762975	0.0407074	0.0159131	0.0550932	0.0137978	0.143576	0.0574397	0.354818	0.705956	1.07958	1.85965	1	0.7092536
2218000	88.16233	-48.15612	136.3185	0.05	1.603164	0.111409	0.0188614	0.00340088	0.0876629	0.00763265	0.0137867	0.00941802	0.00703968	0.0371946	0.101338	0.154336	0.176659	0.317229	0.240828	0.604874	1.05595	2.09835	1	1.045968
2219000	88.07955	-49.19539	137.2749	0.05	1.227505	0.0744244	0.0769441	0.0324717	0.0667612	0.0041598	0.00393071	0.0112218	0.00152502	0.20008	0.0249773	0.08026	0.0984455	0.319891	0.180002	0.535875	1.02942	2.25471	1	0.9950923
2220000	83.01967	-52.57183	135.5915	0.05	3.297831	0.029177	0.0168711	0.0111171	0.0452811	0.018834	0.252139	0.031486	0.00370134	0.173251	0.137814	0.0569701	0.114303	0.0950201	0.411066	0.74679	1.08364	1.75851	1	0.985965
2221000	85.0363	-53.98582	139.0221	0.05	0.9152285	0.0482271	0.0137182	0.0226863	0.103313	0.0202828	0.0132011	0.0343949	0.044247	0.130144	0.207059	0.14237	0.0523895	0.0567819	0.119745	0.4497	0.984399	2.44616	1	0.8888151
2222000	83.29679	-54.4941	137.7909	0.05	0.5048784	0.00791851	0.0904008	0.0790131	0.0308202	0.0221997	0.0314645	0.0467285	0.0625256	0.0933957	0.0624956	0.0255925	0.00918491	0.438983	0.0342955	0.255089	0.823786	2.88683	1	1.000722
2223000	87.02466	-51.70844	138.7331	0.05	0.7806731	0.0934384	0.0470548	0.0553164	0.0145642	0.0323929	0.021603	0.0349436	0.00278164	0.0238721	0.103417	0.0944034	0.322875	0.0184369	0.09144	0.399235	0.951452	2.55787	1	0.8650995
2224000	81.24129	-55.04118	136.2825	0.05	1.226024	0.199177	0.0048638	0.0126916	0.0578161	0.0121389	0.000287205	0.00123673	0.171748	0.106024	0.0310814	0.227949	0.206536	0.050967	0.179737	0.535542	1.02927	2.25545	1	1.082516
2225000	86.57145	-52.97831	139.5498	0.05	0.3328601	0.0167064	0.0403022	0.046396	0.0223023	0.0223827	0.03626	0.00496105	0.0275842	0.188388	0.0303416	0.0546341	0.249552	0.123009	0.00833553	0.130182	0.647077	3.21441	1	0.8628195
2226000	82.59071	-55.90511	138.4958	0.05	3.239813	0.0396388	0.0209093	0.0965773	0.0161244	0.0369367	0.0600401	0.00325712	0.00579791	0.0581966	0.117346	0.0367357	0.137283	0.0307925	0.407003	0.743997	1.08347	1.76553	1	0.659635
2227000	84.80221	-52.09188	136.8941	0.05	2.299044	0.0171888	0.137034	0.00455538	0.0738602	0.0899573	0.0182761	0.00217476	0.0243334	0.16145	0.0227247	0.0131922	0.0913084	0.253831	0.326537	0.683461	1.07594	1.91406	1	0.9098867
2228000	90.83377	-49.24672	140.0805	0.05	1.010197	0.0444846	0.0283313	0.0158317	0.016181	0.0375952	0.0160428	0.0328615	0.0254002	0.377945	0.0377065	0.018187	0.0460061	0.0290337	0.138984	0.479795	1.00167	2.37955	1	0.7256062
2229000	76.99509	-56.42879	133.4239	0.05	1.692961	0.0134423	0.233586	0.0056981	0.0394397	0.0203028	0.0101669	0.0891969	0.0320582	0.417975	0.0678687	0.252765	0.0699391	0.0808369	0.253652	0.617813	1.06	2.06854	1	1.333275
2230000	79.16983	-55.55332	134.7232	0.05	3.689836	0.0567338	0.0254693	0.0691091	0.00457783	0.0650631	0.101759	0.0454098	0.0283682	0.159029	0.11205	0.173949	0.0506709	0.130648	0.436467	0.763751	1.08431	1.71548	1	1.022835
2231000	79.50356	-51.67082	131.1744	0.05	2.673862	0.17807	0.107313	0.0453324	0.132862	0.0320234	0.0225605	0.0143161	0.059823	0.0429805	0.128508	0.194789	0.00851273	0.483717	0.362344	0.711707	1.08035	1.8456	1	1.450808
2232000	82.15459	-54.7501	136.9047	0.05	1.184717	0.0228644	0.0575281	0.104121	0.04035	0.0697713	0.0010645	0.11634	0.113208	0.296104	0.00539432	0.10732	0.0692633	0.0244387	0.172273	0.526011	1.02494	2.27677	1	1.027769
2233000	86.51414	-50.58518	137.0993	0.05	1.339066	0.111396	0.0279794	0.0175693	0.0938606	0.0115747	0.0104097	0.0568053	0.0274913	0.0218368	0.442567	0.0203878	0.0549346	0.0939689	0.199357	0.559376	1.03938	2.20188	1	0.9907814
2234000	88.82409	-51.5257	140.3498	0.05	0.9160355	0.0559754	0.0177643	0.0518186	0.0486843	0.029238	0.0349167	0.0357039	0.0100554	0.1007	0.0556773	0.0434588	0.210387	0.0188656	0.119911	0.449973	0.984564	2.44555	1	0.7132448
2235000	83.37061	-50.25347	133.6241	0.05	2.572557	0.0607552	0.0310962	0.148644	0.0953722	0.0145162	0.00893585	0.00285654	0.0312253	0.482172	0.0670077	0.136387	0.0275423	0.112493	0.353229	0.70473	1.07941	1.86263	1	1.219003
2236000	84.52366	-53.74266	138.2663	0.05	1.203465	0.0650584	0.0311689	0.010434	0.0233709	0.0471458	0.027455	0.0481851	0.0476579	0.299699	0.0360612	0.00614255	0.245216	0.00381169	0.17568	0.530396	1.02695	2.26697	1	0.8914069
2237000	87.86905	-51.95082	139.8199	0.05	2.085034	0.0308167	0.0581374	0.00272847	0.00980699	0.0482394	0.0186679	0.0191747	0.0208297	0.0639326	0.0196091	0.103768	0.000613307	0.262892	0.303218	0.663762	1.07198	1.96104	1	0.6592171
2238000	85.87463	-49.30829	135.1829	0.05	1.129806	0.0647407	0.0611797	0.0419677	0.0348244	0.033852	0.00902546	0.0174121	0.0568968	0.449053	0.107523	0.228117	0.0607205	0.0470941	0.162102	0.51257	1.01857	2.30676	1	1.212407
2239000	76.92776	-50.84305	127.7708	0.05	1.213151	0.215655	0.0852807	0.0680832	0.00638443	0.0808765	0.000640096	0.00128117	0.081429	0.15253	0.0204863	0.132433	1.03562	0.0628815	0.177428	0.532622	1.02796	2.26199	1	1.943579
2240000	72.73496	-63.4253	136.1603	0.05	0.2976737	0.153845	0.0293361	0.017262	0.410543	0.0117388	0.0578192	0.0144305	0.0234404	0.101961	0.223071	0.0174245	0.062111	0.0547534	0.0051085	0.102687	0.591875	3.30033	1	1.177736
2241000	80.36861	-56.35657	136.7252	0.05	0.330344	0.0136849	0.0932786	0.345764	0.00654718	0.0283528	0.0162816	0.0506785	0.00718072	0.139622	0.0378852	0.196107	0.0918583	0.0817734	0.00807663	0.128214	0.643413	3.2203	1	1.109015
2242000	88.76981	-50.65388	139.4237	0.05	0.8961863	0.0426105	0.00381486	0.00375364	0.04838	0.000305388	0.0326622	0.000340388	0.0394733	0.00843471	0.0473126	0.186397	0.355194	0.0520567	0.115803	0.443159	0.980417	2.46062	1	0.8207349
2243000	84.25002	-52.13989	136.3899	0.05	1.83646	0.00599618	0.175483	0.0679603	0.00989419	0.0199362	0.0676987	0.0193297	0.0223423	0.0515375	0.438526	0.0649769	0.0113682	0.0491932	0.272939	0.636415	1.0653	2.02534	1	1.004243
2244000	68.44231	-60.24057	128.6829	0.05	0.1562198	0.0701108	0.0220118	0.116862	0.0241926	0.036966	0.0557669	0.0517784	0.00912534	0.159889	0.33333	0.13571	0.91252	0.0207455	7.66163e-05	0.0129194	0.260497	3.72651	1	1.949008
2245000	86.82686	-53.05174	139.8786	0.05	0.982677	0.0474332	0.134495	0.0110438	0.0386002	0.00130045	0.0340116	0.0696199	0.00797882	0.0585439	0.213515	0.033444	0.0318795	0.0611165	0.133485	0.471482	0.997069	2.39796	1	0.7429824
2246000	87.10717	-49.28535	136.3925	0.05	0.7543354	0.016938	0.0917893	0.0239875	0.121231	0.0251328	0.010228	0.0104451	0.0107598	0.123142	0.477267	0.0896793	0.00588575	0.125886	0.085812	0.388078	0.943452	2.58266	1	1.132372
2247000	82.54041	-52.38466	134.9251	0.05	2.51562	0.124699	0.0216539	0.0108124	0.0378161	0.00945881	0.0781799	0.00427055	0.15321	0.354816	0.0780833	0.146939	0.0217709	0.0978072	0.347933	0.700611	1.0788	1.87265	1	1.139516
2248000	76.60798	-59.76258	136.3706	0.05	1.065977	0.0611333	0.0097263	0.165974	0.014383	0.14363	0.0187425	0.124082	0.00711983	0.00261567	0.0845487	0.0141485	0.0365457	0.410231	0.149927	0.495722	1.01013	2.34422	1	1.092881
2249000	77.57597	-58.13692	135.7129	0.05	0.3753595	0.105111	0.0603421	0.0370782	0.0943762	0.0115083	0.112618	0.0633272	0.269846	0.00360636	0.150421	0.0417917	0.148364	0.129575	0.013326	0.163124	0.703178	3.12037	1	1.227965
2250000	75.25535	-56.84024	132.0956	0.05	0.5738882	0.0720217	0.00934338	0.157403	0.0240868	0.0370585	0.0473296	0.0461845	0.0559494	0.188113	0.384238	0.271961	0.0821082	0.197118	0.0477711	0.297442	0.867389	2.7874	1	1.572915
2251000	84.72772	-54.40802	139.1357	0.05	0.9464568	0.0775487	0.0153089	0.040057	0.104404	0.048737	0.095943	0.0302306	0.0273797	0.0168231	0.120888	0.0591934	0.0017124	0.208788	0.126151	0.460045	0.990529	2.42328	1	0.8470145
2252000	75.53468	-53.904	129.4387	0.05	4.570091	0.0478713	0.0486795	0.0919442	0.000709427	0.0154232	0.028802	0.160458	0.0440666	0.0875042	0.279616	0.0116125	0.0235899	0.614954	0.483179	0.792871	1.08396	1.63999	1	1.455232
2253000	85.80054	-49.98128	135.7818	0.05	2.345043	0.0533184	0.0139173	0.00279376	0.190048	0.0172352	0.0354133	0.00722278	0.00399099	0.0105964	0.116153	0.0988044	0.325377	0.179848	0.331255	0.687316	1.07663	1.90479	1	1.054717
2254000	83.20376	-52.5145	135.7183	0.05	2.179992	0.055092	0.0141723	0.0207803	0.157786	0.0492576	0.0423032	0.00982416	0.00300013	0.314846	0.0712235	0.173181	0.070236	0.0679889	0.313854	0.672883	1.0739	1.93936	1	1.049692
2255000	85.35159	-51.90095	137.2525	0.05	1.813251	0.102943	0.129023	0.0920094	0.0206195	0.00988599	0.0263943	0.0199252	0.0052478	0.23232	0.122649	0.0762083	0.0271403	0.0552492	0.269915	0.633563	1.06453	2.03199	1	0.9196139
2256000	75.4915	-54.81211	130.3036	0.05	0.5497955	0.182997	0.0979183	0.00812167	0.0969209	0.0988688	0.0479296	0.0451985	0.0963943	0.104762	0.037097	0.118928	0.233984	0.580221	0.042948	0.283186	0.853373	2.82049	1	1.749342
2257000	85.44883	-50.77327	136.2221	0.05	1.365778	0.00928242	0.117552	0.0206289	0.120476	0.0351196	0.0192023	0.00729732	0.0052056	0.0537356	0.145891	0.443428	0.00569432	0.109307	0.203824	0.564576	1.04146	2.19014	1	1.092821
2258000	88.14678	-51.28718	139.434	0.05	1.363512	0.113231	0.0434726	0.0682848	0.109652	0.00788546	0.00581989	0.00418034	0.0204627	0.0178238	0.0670193	0.0674186	0.0644377	0.19125	0.203447	0.56414	1.04129	2.19112	1	0.7809378
2259000	64.68152	-58.27055	122.9521	0.05	2.874911	0.19813	0.063018	0.0533365	0.0875249	0.107538	0.0842832	0.0080589	0.2573	0.0976913	0.108914	0.385269	0.705537	0.101953	0.379347	0.724358	1.08182	1.81447	1	2.258554
2260000	85.548	-53.86071	139.4087	0.05	1.143823	0.00646781	0.0558503	0.11295	0.0420518	0.0793959	0.0497273	0.00997725	0.0234562	0.0663275	0.0173164	0.0581229	0.257983	0.0188483	0.164725	0.516089	1.02027	2.29892	1	0.7984741
2261000	84.25059	-54.14972	138.4003	0.05	1.659091	0.0536274	0.101847	0.0717621	0.155908	0.0426914	0.0445403	0.0221646	0.0162365	0.142257	0.010461	0.0940621	0.0258283	0.0688366	0.248886	0.61306	1.05854	2.07951	1	0.8502227
2262000	86.94436	-56.24001	143.1844	0.05	2.144175	0.00117041	0.044888	0.0108747	0.0246157	0.0260653	0.0358816	0.00641285	0.0530435	0.00835408	0.0366609	0.0423758	0.0299982	0.1192	0.309898	0.669519	1.07321	1.94737	1	0.4395415
2263000	89.72783	-49.32728	139.0551	0.05	0.6713189	0.0112489	0.0259602	0.0519146	0.050059	0.0306821	0.00142231	0.0253443	0.00397721	0.0314951	0.073838	0.106623	0.00101325	0.444434	0.0680756	0.349677	0.913758	2.66849	1	0.8580125
2264000	81.2243	-57.56655	138.7908	0.05	2.67629	0.030349	0.0360128	0.00375276	0.0485875	0.0581032	0.101892	0.0380503	0.015336	0.00782445	0.0331669	0.171497	0.0602087	0.090031	0.362558	0.711868	1.08037	1.8452	1	0.6948117
2265000	78.41891	-57.74712	136.166	0.05	2.734427	0.204748	0.048639	0.00385394	0.170672	0.0125092	0.0524225	0.00311314	0.0194869	0.134545	0.00905511	0.0124224	0.22401	0.0681367	0.367613	0.715676	1.08085	1.83586	1	0.9636137
2266000	86.967	-50.90178	137.8688	0.05	2.173457	0.0601908	0.108844	0.0475968	0.0388641	0.00135367	0.0269043	0.0352453	0.0328498	0.0794991	0.00628301	0.356068	0.00475709	0.0404391	0.313137	0.672276	1.07378	1.94081	1	0.8388955
2267000	74.41736	-55.03663	129.454	0.05	0.2894008	0.103552	0.00652911	0.102991	0.0892856	0.163499	0.00904101	0.0220969	0.00985639	0.0525317	0.281639	0.183675	0.0451004	0.791532	0.00447499	0.0962791	0.577566	3.32168	1	1.861328
2268000	82.76556	-54.39719	137.1628	0.05	1.5092	0.0641383	0.0704776	0.0592924	0.0332452	0.0345378	0.0379007	0.0492475	0.0807729	0.0571073	0.236201	0.0112775	0.115449	0.130179	0.22674	0.590081	1.05096	2.13222	1	0.9798262
2269000	79.26361	-51.90472	131.1683	0.05	1.867846	0.279391	0.0134322	0.173471	0.0652424	0.0312429	0.0392289	0.0242748	0.0170382	0.38905	0.0274485	0.125937	0.179951	0.184896	0.276972	0.640182	1.0663	2.01654	1	1.550603
2270000	78.13464	-52.29025	130.4249	0.05	1.348295	0.0130721	0.165479	0.146785	0.127887	0.00205217	0.017211	0.00129358	0.166424	0.00507385	0.0839927	0.01452	0.213056	0.712023	0.200908	0.56119	1.04011	2.19779	1	1.668869
2271000	81.17315	-55.88237	137.0555	0.05	2.606397	0.0448414	0.0119659	0.0351586	0.0320254	0.0332134	0.00836882	0.123544	0.0614733	0.0400563	0.182375	0.0364338	0.0644906	0.243289	0.356317	0.707109	1.07974	1.85683	1	0.9172352
2272000	78.15702	-54.52306	132.6801	0.05	0.4462557	0.13843	0.0113829	0.108601	0.0842742	0.0143867	0.0972966	0.00801622	0.0686343	0.0224675	0.0195041	0.201156	0.231891	0.515118	0.0239136	0.21539	0.776849	2.98385	1	1.521159
2273000	74.03234	-55.41127	129.4436	0.05	1.605146	0.127246	0.00508874	0.0933698	0.147746	0.0312536	0.115002	0.108746	0.0982468	0.0840629	0.251496	0.0268966	0.0468808	0.589101	0.241118	0.605171	1.05604	2.09767	1	1.725135
2274000	78.0814	-50.48935	128.5707	0.05	3.206904	0.153215	0.0780985	0.0161356	0.0379491	0.00969792	0.017651	0.018916	0.00350727	0.0997201	0.134076	0.649046	0.0634699	0.389045	0.404661	0.742376	1.08336	1.7696	1	1.670527
2275000	85.61916	-52.70988	138.329	0.05	1.808665	0.200684	0.0167104	0.097345	0.00385878	0.0685094	0.00556883	0.0140458	0.0259256	0.0334072	0.0159743	0.232522	0.0543469	0.0735209	0.269314	0.632992	1.06437	2.03332	1	0.8424194
2276000	75.91354	-57.44926	133.3628	0.05	6.887992	0.0237405	0.0420798	0.093996	0.0435124	0.025047	0.0580654	0.0581174	0.179414	0.00334997	0.21344	0.0261004	0.00962401	0.0399214	0.565554	0.83862	1.07922	1.51661	1	0.8164083
2277000	83.18534	-52.62461	135.81	0.05	3.302932	0.0230114	0.12315	0.0541329	0.0317057	0.033475	0.0849878	0.0259768	0.00645889	0.0293742	0.02533	0.158654	0.173468	0.165049	0.411419	0.747032	1.08365	1.7579	1	0.9347733
2278000	84.16748	-51.43169	135.5992	0.05	1.814066	0.0218274	0.0275655	0.132202	0.155866	0.0307307	0.00123076	0.0189997	0.00472707	0.117776	0.0547369	0.0920754	0.383613	0.0413489	0.270022	0.633664	1.06456	2.03176	1	1.082699
2279000	91.57327	-47.28732	138.8606	0.05	1.582798	0.050309	0.0262913	0.0147487	0.0599694	0.00979258	0.013774	0.00236145	0.0298411	0.0959558	0.0362318	0.0572029	0.0325714	0.354297	0.237834	0.601782	1.05494	2.10545	1	0.7833469
2280000	81.2359	-54.59508	135.831	0.05	0.9078252	0.05309	0.273149	0.0197553	0.143576	0.0180776	0.0511647	0.00607476	0.0130279	0.061974	0.0763872	0.354266	0.0738625	0.00447756	0.118215	0.447179	0.982874	2.45173	1	1.148882
2281000	85.08605	-50.13544	135.2215	0.05	1.320635	0.0625625	0.0460052	0.0349708	0.0310274	0.0804982	0.0049483	0.0018099	0.0235337	0.308028	0.132834	0.320413	0.0411963	0.0914706	0.196238	0.555697	1.03789	2.21018	1	1.179298
2282000	77.28572	-55.77687	133.0626	0.05	0.4416232	0.0809555	0.116299	0.0316456	0.0405902	0.0272133	0.104365	0.00889216	0.0421894	0.121189	0.0898044	0.532377	0.104569	0.180828	0.0231484	0.21211	0.772662	2.99208	1	1.480918
2283000	83.62443	-55.82884	139.4533	0.05	0.8599657	0.0347241	0.04047	0.0529317	0.203373	0.0124558	0.000612886	0.0376883	0.035957	0.149518	0.0861828	0.0571383	0.082066	0.00122557	0.10824	0.430201	0.97228	2.48928	1	0.7943437
2284000	83.93052	-52.0858	136.0163	0.05	1.50796	0.0148793	0.0808364	0.10085	0.168442	0.0102994	0.0779572	0.00540531	0.00675457	0.146299	0.0826985	0.190427	0.118512	0.0667087	0.226549	0.589876	1.05089	2.13269	1	1.070069
2285000	81.94105	-54.89523	136.8363	0.05	0.6401897	0.00776387	0.0277021	0.0308922	0.0459784	0.0984333	0.0288772	0.124046	0.0156335	0.155749	0.00344047	0.103115	0.0482384	0.373157	0.061489	0.333889	0.900515	2.70411	1	1.063027
2286000	76.14633	-57.52872	133.675	0.05	2.731208	0.0974402	0.0779166	0.0222156	0.0739108	0.0631751	0.0494737	0.0909257	0.0783617	0.012174	0.00343117	0.209882	0.315818	0.104016	0.367336	0.715469	1.08082	1.83637	1	1.198741
2287000	79.00415	-57.84657	136.8507	0.05	1.365993	0.0824036	0.00830014	0.0623849	0.106665	0.0570614	0.00600196	0.00628939	0.152383	0.345237	0.0892065	0.0255782	0.0573112	0.020805	0.203859	0.564617	1.04148	2.19005	1	1.019627
2288000	70.34812	-60.09505	130.4432	0.05	5.376683	0.0513992	0.246035	0.162355	0.00884912	0.076487	0.10103	0.000627074	0.111287	0.105201	0.246211	0.0059475	0.110521	0.0245301	0.517008	0.81246	1.08259	1.58794	1	1.25048
2289000	80.13985	-54.93179	135.0716	0.05	0.6254496	0.378888	0.161381	0.00575421	0.0323529	0.0011293	0.00295934	0.0347042	0.0685911	0.0213617	0.0249206	0.513276	0.0229747	0.0239697	0.0583959	0.326126	0.893767	2.72171	1	1.292263
2290000	85.13083	-53.35843	138.4893	0.05	1.010718	0.0522905	0.0487127	0.0101079	0.00563231	0.127467	0.0753092	0.0199548	0.0310163	0.0377396	0.194296	0.108186	0.0726048	0.112385	0.139087	0.47995	1.00175	2.37921	1	0.8957028
2291000	79.42066	-55.95999	135.3806	0.05	0.9243657	0.0798328	0.0971259	0.00453674	0.0745662	0.0666574	0.0252234	0.0061926	0.0434139	0.234385	0.317692	0.0868396	0.090064	0.0791523	0.121627	0.452775	0.986243	2.43936	1	1.205681
2292000	74.7951	-58.47486	133.27	0.05	3.345472	0.0698141	0.339513	0.0223151	0.00507062	0.0379804	0.0267857	0.00128621	0.195917	0.0810107	0.0445148	0.25044	0.0586546	0.0273502	0.41434	0.749024	1.08376	1.75288	1	1.160652
2293000	76.9795	-58.59529	135.5748	0.05	0.1424747	0.0593152	0.0126538	0.217683	0.0812569	0.102182	0.118484	0.0141584	0.0143105	0.0719208	0.160559	0.171682	0.109984	0.140593	3.26146e-05	0.00844518	0.219026	3.7725	1	1.274783
2294000	73.15612	-56.23188	129.388	0.05	0.4933655	0.0832763	0.00306323	0.160711	0.160777	0.0937548	0.0269078	0.0530525	0.0673524	0.211568	0.0455052	0.194093	0.492417	0.269261	0.0321647	0.247563	0.81538	2.90489	1	1.861739
2295000	80.21788	-57.23787	137.4557	0.05	0.2435009	0.0750588	0.00106094	0.0457428	0.0014895	0.13199	0.0239683	0.11117	0.0293234	0.240754	0.22139	0.0843047	0.0629846	0.0607145	0.00182258	0.0620382	0.487578	3.44856	1	1.089951
2296000	79.30941	-55.70445	135.0139	0.05	1.863332	0.0355797	0.0685395	0.024067	0.0900352	0.0282573	0.0589369	0.0709635	0.143139	0.0564988	0.0917673	0.144328	0.218708	0.141767	0.276396	0.639647	1.06616	2.0178	1	1.172587
2297000	86.99839	-50.00166	137.0001	0.05	0.6267561	0.0698285	0.0351588	0.0298152	0.0432902	0.108535	0.0198747	0.0297554	0.00810537	0.00585808	0.153346	0.454683	0.06456	0.0569639	0.0586692	0.326822	0.894378	2.72013	1	1.079774
2298000	88.69023	-47.91065	136.6009	0.05	1.357546	0.198715	0.0447071	0.0171368	0.0506926	0.0109907	0.00298012	0.0357306	0.00700678	0.070832	0.0442884	0.0139665	0.523963	0.0337674	0.202454	0.562989	1.04083	2.19372	1	1.054777
2299000	84.4708	-54.25507	138.7259	0.05	0.5909873	0.00979352	0.0228983	0.0473646	0.0570436	0.0482544	0.0698085	0.00604646	0.0476544	0.0998086	0.0548069	0.000793537	0.00507898	0.429633	0.0512547	0.307225	0.87665	2.76487	1	0.8989847
2300000	80.51127	-54.8197	135.331	0.05	0.7093513	0.107792	0.167116	0.137733	0.0104344	0.0538503	0.0253084	0.0663117	0.0270578	0.0102264	0.313109	0.141301	0.0454096	0.123918	0.0761867	0.367909	0.928285	2.62762	1	1.229568
2301000	88.33277	-53.6055	141.9383	0.05	0.5390309	0.0118813	0.00698642	0.0234807	0.0408003	0.00725894	0.0476302	0.0132212	0.0146518	0.110373	0.0201245	0.0984064	0.054403	0.163919	0.0408304	0.276635	0.846715	2.83582	1	0.6131371
2302000	85.3053	-48.53858	133.8439	0.05	1.405932	0.113814	0.111984	0.0257768	0.00839284	0.0335404	0.0130527	0.000724947	0.0455188	0.0715572	0.136091	0.038802	0.63732	0.0850578	0.210418	0.572111	1.04438	2.17309	1	1.321633
2303000	69.8721	-57.12049	126.9926	0.05	2.357493	0.198292	0.192146	0.0317383	0.0814133	0.0552672	0.0375001	0.0736405	0.310415	0.524335	0.0643493	0.120106	0.145625	0.0622499	0.332516	0.688338	1.07681	1.90233	1	1.897077
2304000	80.51188	-56.3259	136.8378	0.05	1.556862	0.165202	0.0090175	0.0495033	0.0431292	0.0550949	0.000740155	0.0435765	0.0164956	0.178015	0.015114	0.0880512	0.211793	0.13656	0.233974	0.597755	1.05359	2.11468	1	1.012292
2305000	85.36945	-49.5498	134.9193	0.05	1.904966	0.0141961	0.0595398	0.00156655	0.109009	0.00453317	0.0435302	0.0230285	0.0571828	0.130928	0.0840717	0.444445	0.08733	0.108105	0.28166	0.644512	1.06742	2.00641	1	1.167466
2306000	84.41863	-52.44568	136.8643	0.05	0.2767412	0.144319	0.0108593	0.015037	0.0970005	0.032897	0.00860285	0.0280513	0.0451216	0.138451	0.516827	0.0280071	0.00390342	0.054492	0.00359865	0.086572	0.554595	3.35523	1	1.123569
2307000	81.20264	-53.53959	134.7422	0.05	0.621504	0.0913895	0.089297	0.0321366	0.0889359	0.0201493	0.0131183	0.0289002	0.0355873	0.657026	0.0621882	0.0509243	0.0925525	0.0421663	0.0575714	0.324016	0.891905	2.72651	1	1.304371
2308000	77.80652	-56.22777	134.0343	0.05	2.769987	0.0231052	0.0377014	0.0640717	0.0339861	0.056099	0.186298	0.0596487	0.0719301	0.0831367	0.272126	0.281767	0.0227975	0.023004	0.370646	0.717941	1.08112	1.8303	1	1.215672
2309000	70.08185	-60.23973	130.3216	0.05	2.293395	0.0138796	0.124345	0.0832767	0.0494104	0.299459	0.0289766	0.0219789	0.00738539	0.381028	0.1578	0.278107	0.0209611	0.115092	0.325951	0.682979	1.07585	1.91522	1	1.581699
2310000	81.25318	-54.0179	135.2711	0.05	0.6989913	0.0855229	0.00152833	0.0961007	0.00627547	0.0529673	0.0733186	0.039301	0.00202228	0.526922	0.0444434	0.0286417	0.00230466	0.270498	0.0739728	0.363054	0.924494	2.63848	1	1.229847
2311000	82.52418	-56.94258	139.4668	0.05	0.4539635	0.0199178	0.0598469	0.0610397	0.076049	0.1291	0.0292067	0.00766658	0.0138209	0.0767199	0.0537158	0.215444	0.0189544	0.0797534	0.0252065	0.220804	0.783648	2.97034	1	0.8412357
2312000	78.41689	-55.88613	134.303	0.05	3.431863	0.0939519	0.0446965	0.101802	0.0557111	0.195723	0.0195217	0.0341165	0.0482765	0.0258245	0.114054	0.00500373	0.147511	0.183751	0.420138	0.752945	1.08395	1.74296	1	1.069943
2313000	79.56018	-56.01799	135.5782	0.05	2.088503	0.0135599	0.0433176	0.0827252	0.0163135	0.231827	0.0629191	0.0789187	0.0735024	0.0961703	0.00927294	0.229658	0.110315	0.0441664	0.303615	0.664107	1.07205	1.96022	1	1.092666
2314000	80.60472	-52.63523	133.2399	0.05	0.3078901	0.244658	0.0191546	0.0292933	0.0190605	0.120842	0.0345591	0.0230845	0.0181698	0.0769852	0.0533922	0.178629	0.653614	0.00948291	0.00595714	0.110645	0.608818	3.27458	1	1.480925
2315000	85.94027	-52.63338	138.5736	0.05	0.5185788	0.0429284	0.0157587	0.01845	0.0853566	0.0460195	0.0174273	0.0128438	0.0365049	0.176574	0.172734	0.214779	0.0903803	0.0287089	0.0368808	0.263872	0.83333	2.86592	1	0.9584665
2316000	81.9353	-52.89033	134.8256	0.05	1.004208	0.0224523	0.0766615	0.18638	0.115526	0.0219155	0.0462443	0.0112111	0.0354239	0.0592499	0.0759778	0.0417316	0.186744	0.355777	0.137793	0.478013	1.00069	2.3835	1	1.235294
2317000	75.09874	-59.6152	134.7139	0.05	0.9158458	0.0657985	0.0547675	0.417612	0.0150933	0.0465951	0.201394	0.0320994	0.000417798	0.0276522	0.0279189	0.0258176	0.20678	0.192831	0.119872	0.449909	0.984525	2.44569	1	1.314778
2318000	79.86496	-52.79351	132.6585	0.05	1.744709	0.183521	0.0795966	0.0407963	0.148222	0.0240388	0.0329176	0.00264337	0.043887	0.0144976	0.158678	0.121723	0.450632	0.0838016	0.260772	0.624796	1.06206	2.05237	1	1.384954
2319000	81.02759	-53.55269	134.5803	0.05	4.22755	0.0660056	0.0197253	0.0413779	0.00440063	0.00991071	0.0225088	0.0743993	0.158922	0.036547	0.0925336	0.348482	0.0359883	0.0524132	0.466442	0.782728	1.0843	1.66653	1	0.9632144
2320000	78.49591	-59.59987	138.0958	0.05	0.8161332	0.0043672	0.0207003	0.0320622	0.0593377	0.0484344	0.0247633	0.0615735	0.0808707	0.197868	0.0503777	0.0870367	0.120995	0.219861	0.0989868	0.413549	0.961327	2.52614	1	1.008247
2321000	77.47607	-54.14366	131.6197	0.05	1.726453	0.262101	0.0187367	0.106246	0.00417394	0.221124	0.0345974	0.0642212	0.00627251	0.0775881	0.0216459	0.13689	0.339308	0.21612	0.258282	0.62237	1.06135	2.058	1	1.509026
2322000	81.39166	-59.14477	140.5364	0.05	1.365433	0.0818024	0.00195065	0.0407952	0.0679185	0.0782883	0.0277019	0.0182601	0.00312125	0.0269568	0.0958544	0.0275676	0.0877654	0.121102	0.203766	0.564509	1.04143	2.19029	1	0.6790842
2323000	77.21072	-57.84117	135.0519	0.05	2.248672	0.0527039	0.0463036	0.0288822	0.0532316	0.0689702	0.0760372	0.0182472	0.222685	0.138198	0.0814142	0.0824961	0.0388348	0.191988	0.321255	0.679095	1.07513	1.92452	1	1.099992
2324000	86.9364	-53.20202	140.1384	0.05	0.2383339	0.0273032	0.0339082	0.0616014	0.0638592	0.079084	0.000272186	0.0239769	0.0524018	0.308651	0.0170071	0.0328239	0.103578	0.0107512	0.00161191	0.0584039	0.476229	3.46375	1	0.8152187
2325000	69.51857	-63.83404	133.3526	0.05	0.479872	0.066915	0.064795	0.189967	0.42128	0.0170629	0.0144394	0.00902303	0.0605974	0.0206038	0.234748	0.164417	0.233517	0.0379974	0.0297205	0.238573	0.805052	2.92666	1	1.535363
2326000	80.21626	-51.64169	131.8579	0.05	0.6709194	0.126716	0.00551107	0.0225945	0.0416275	0.024456	0.101768	0.0335891	0.016553	0.0757865	0.106058	0.166241	0.295931	0.582406	0.0679907	0.34948	0.913596	2.66893	1	1.599238
2327000	80.03613	-54.37739	134.4135	0.05	4.244681	0.0171604	0.122426	0.0145855	0.0805532	0.0250912	0.0544122	0.0130801	0.0380209	0.378097	0.0527708	0.142623	0.0724649	0.013108	0.467319	0.783267	1.08429	1.66512	1	1.024394
2328000	84.82365	-51.48924	136.3129	0.05	2.365281	0.112799	0.0743519	0.02419	0.106103	0.00687031	0.00172195	0.0234897	0.0428751	0.0890365	0.0797981	0.243187	0.136708	0.0475829	0.3333	0.688974	1.07692	1.9008	1	0.9887131
2329000	85.0947	-58.70477	143.7995	0.05	0.6922859	0.00103189	0.011627	0.00175023	0.0434773	0.00761248	0.0212099	0.049794	0.113747	0.00615081	0.00664028	0.00963454	0.0525534	0.0934486	0.0725413	0.359868	0.921976	2.64562	1	0.4186769
2330000	85.10206	-50.54781	135.6499	0.05	4.303507	0.0748002	0.0429836	0.0692449	0.0504867	0.00256181	0.0109439	0.00417627	0.0214226	0.0535858	0.221678	0.263809	0.00500108	0.0200547	0.470296	0.785091	1.08424	1.66037	1	0.8407483
2331000	85.7317	-51.78122	137.5129	0.05	0.3450078	0.0936862	0.0334009	0.0748809	0.0785643	0.0209825	0.0245765	0.0491021	0.025712	0.0198613	0.0991749	0.00742223	0.0196827	0.510515	0.00964461	0.139669	0.664197	3.18649	1	1.057562
2332000	79.1476	-55.54663	134.6942	0.05	0.7288226	0.154813	0.0538321	0.00901995	0.0666649	0.00611174	0.109858	0.00785236	0.0257801	0.287468	0.385544	0.0230805	0.00636741	0.161684	0.0803523	0.376818	0.935098	2.60773	1	1.298076
2333000	85.272	-52.07951	137.3515	0.05	1.711184	0.0408642	0.0236831	0.00779125	0.0167118	0.069425	0.0832526	0.0029896	0.00172114	0.0683993	0.095763	0.424563	0.0143931	0.0821631	0.256181	0.620309	1.06074	2.06277	1	0.9317197
2334000	79.73044	-54.22679	133.9572	0.05	0.7042981	0.0584979	0.0762755	0.0233874	0.138263	0.0798317	0.0122303	0.0401149	0.0575191	0.170529	0.417062	0.0732647	0.0744508	0.191352	0.0751066	0.365551	0.926451	2.63289	1	1.412778
2335000	79.20233	-51.98679	131.1891	0.05	2.387943	0.187733	0.084813	0.0136769	0.0859279	0.00449617	0.00595824	0.0460718	0.0323711	0.404503	0.00792911	0.21779	0.113335	0.253585	0.335569	0.690803	1.07724	1.89639	1	1.45819
2336000	82.72208	-54.01696	136.739	0.05	1.646373	0.17177	0.0772473	0.0162512	0.099806	0.0512376	0.0349781	0.00206003	0.00135679	0.0880461	0.046421	0.0773186	0.222962	0.109539	0.247074	0.611236	1.05797	2.08372	1	0.9989945
2337000	84.49041	-55.64213	140.1325	0.05	1.439895	0.0155788	0.100099	0.0426621	0.0657088	0.081566	0.0386389	0.00243043	0.0307635	0.010003	0.0713679	0.0934824	0.131788	0.00978271	0.215886	0.578236	1.04669	2.15919	1	0.6938717
2338000	82.65387	-51.79563	134.4495	0.05	2.700006	0.139674	0.0616141	0.099921	0.0506422	0.0351434	0.0182588	0.0940314	0.0682823	0.077162	0.382794	0.0379534	0.0413782	0.017508	0.364635	0.713438	1.08057	1.84136	1	1.124363
2339000	71.32259	-58.55904	129.8816	0.05	2.252396	0.0660641	0.00431914	0.102238	0.0336155	0.0584148	0.0791007	0.123	0.0242004	0.208654	0.247157	0.144019	0.238928	0.350958	0.32165	0.679423	1.07519	1.92374	1	1.680669
2340000	80.97968	-52.66722	133.6469	0.05	0.8499511	0.083039	0.148379	0.081309	0.00101945	0.0655967	0.0339291	0.0109203	0.00179307	0.0616881	0.325275	0.313066	0.0626916	0.18537	0.106135	0.426493	0.96989	2.49748	1	1.374076
2341000	75.73868	-62.6606	138.3993	0.05	2.325571	0.0428206	0.0190715	0.0785929	0.0782946	0.0424993	0.0784211	0.0130224	0.131887	0.155223	0.0104393	0.164658	0.0067613	0.0273781	0.32927	0.685699	1.07635	1.90868	1	0.8490684
2342000	87.21345	-53.07683	140.2903	0.05	1.07088	0.0553856	0.0508727	0.0211292	0.006628	0.065887	0.011185	0.00149132	0.0468982	0.0737745	0.0221912	0.0268404	0.0798689	0.262792	0.150875	0.497067	1.01082	2.34124	1	0.7249439
2343000	82.20901	-51.31085	133.5199	0.05	2.71265	0.0406908	0.041495	0.0674482	0.0344663	0.0544643	0.0607062	0.00779476	0.0121259	0.625224	0.0393369	0.0560344	0.0614419	0.125076	0.365733	0.714265	1.08068	1.83933	1	1.226305
2344000	84.03824	-52.03938	136.0776	0.05	1.66984	0.149748	0.0288314	0.0509074	0.00856796	0.0713137	0.0478863	0.019443	0.0253339	0.11802	0.0128884	0.0163117	0.431346	0.0802767	0.250407	0.614584	1.05901	2.07599	1	1.060874
2345000	84.13497	-54.88201	139.017	0.05	1.896592	0.00123385	0.051247	0.00724328	0.175221	0.00592985	0.0240743	0.0194114	0.0441072	0.174621	0.0429821	0.063046	0.11991	0.0172502	0.28061	0.643547	1.06717	2.00867	1	0.7462774
2346000	70.59966	-59.82231	130.422	0.05	1.321792	0.0721851	0.120837	0.0110331	0.0854604	0.161535	0.170197	0.129241	0.0793738	0.139035	0.166449	0.451347	0.0684089	0.0548511	0.196435	0.55593	1.03798	2.20965	1	1.709955
2347000	80.24644	-55.9147	136.1611	0.05	1.04451	0.0172848	0.140305	0.108419	0.00554276	0.135155	0.0742898	0.0908268	0.026606	0.0730703	0.228435	0.12302	0.00339611	0.0920662	0.145748	0.489733	1.007	2.35752	1	1.118417
2348000	71.42218	-58.27001	129.6922	0.05	0.4169312	0.191869	0.0662271	0.130064	0.207739	0.0126698	0.0211384	0.0431176	0.170426	0.283978	0.235325	0.0384461	0.238677	0.184217	0.0192309	0.194287	0.748971	3.03751	1	1.823894
2349000	86.63952	-54.60577	141.2453	0.05	0.5338499	0.00429751	0.0342056	0.0235735	0.0123119	0.037494	0.179284	0.0187371	0.00400222	0.0336732	0.103402	0.0328143	0.210894	0.0157149	0.0398203	0.273441	0.843417	2.84332	1	0.7104045
2350000	74.29518	-61.37423	135.6694	0.05	0.2180877	0.0435093	0.0185697	0.0145937	0.0824681	0.0588768	0.0829612	0.0748127	0.00317308	0.0186287	0.327991	0.228866	0.263707	0.063861	0.000941675	0.0448183	0.429199	3.52504	1	1.282018
2351000	86.56211	-51.11391	137.676	0.05	0.1769157	0.0604924	0.0469291	0.0206794	0.0281852	0.00755019	0.0341912	0.0199148	0.0434097	0.0379229	0.0781384	0.57379	0.015487	0.0840937	0.000215702	0.0216087	0.320798	3.65738	1	1.050784
2352000	85.95982	-50.6015	136.5613	0.05	1.18289	0.0311076	0.0817695	0.0237977	0.0140074	0.0102631	0.0300246	0.019806	0.0404626	0.178651	0.0645185	0.257505	0.276344	0.045125	0.171939	0.525578	1.02474	2.27774	1	1.073381
2353000	81.31998	-50.47536	131.7953	0.05	1.603898	0.068293	0.047173	0.0183714	0.0510172	0.00720914	0.022561	0.0212595	0.0186181	0.512299	0.261762	0.334396	0.0405935	0.102052	0.240935	0.604984	1.05598	2.0981	1	1.505604
2354000	80.78167	-55.01649	135.7982	0.05	1.452362	0.0240742	0.039855	0.0913632	0.0374497	0.020949	0.014144	0.0471189	0.0208744	0.0386202	0.308085	0.0779553	0.147919	0.266727	0.217869	0.58043	1.0475	2.1542	1	1.135135
2355000	85.81884	-53.1154	138.9342	0.05	0.3232583	0.0416074	0.0245362	0.0881021	0.00862656	0.0275867	0.0268222	0.0214073	0.012829	0.0456656	0.0492674	0.222215	0.162144	0.213638	0.00737048	0.122667	0.632872	3.23709	1	0.9444476
2356000	85.51284	-52.23515	137.748	0.05	0.6878003	0.0657492	0.0576621	0.00789979	0.0330921	0.0661552	0.0325276	0.00475102	0.0691253	0.304268	0.0126138	0.260287	0.102774	0.00454984	0.0715845	0.357717	0.920262	2.65044	1	1.021455
2357000	82.91992	-54.325	137.2449	0.05	0.7468569	0.0421664	0.14001	0.0169292	0.034583	0.0376105	0.00415467	0.0274549	0.067632	0.0169605	0.31191	0.0621486	0.246222	0.0579236	0.084212	0.384825	0.941067	2.5899	1	1.065705
2358000	80.25247	-51.88716	132.1396	0.05	1.133853	0.190358	0.126741	0.0384389	0.0502237	0.0539275	0.00233972	0.00815841	0.0511176	0.0439852	0.791253	0.0967968	0.0371097	0.0360761	0.162861	0.513592	1.01907	2.30448	1	1.526525
2359000	69.46242	-62.38664	131.8491	0.05	0.30073	0.10458	0.0225432	0.0598045	0.287928	0.060877	0.324339	0.0360244	0.0987554	0.0456931	0.0907948	0.00949889	0.350474	0.171268	0.00535471	0.105063	0.597027	3.29256	1	1.662579
2360000	86.48939	-50.27535	136.7647	0.05	2.321985	0.0457565	0.0211238	0.0364063	0.116766	0.0227392	0.0138093	0.00638161	0.0446138	0.236917	0.0229734	0.0234308	0.168036	0.166719	0.328902	0.685399	1.07629	1.9094	1	0.9256735
2361000	87.46884	-51.77508	139.2439	0.05	0.3295519	0.0346386	0.0393271	0.00135502	0.0172495	0.0662285	0.000401813	0.0142742	0.0447115	0.0588586	0.0651289	0.30359	0.200636	0.0284481	0.007996	0.127594	0.642251	3.22216	1	0.8748478
2362000	77.42919	-56.30462	133.7338	0.05	2.771059	0.0288893	0.07425	0.0339869	0.0699741	0.102146	0.00375006	0.116991	0.238527	0.232219	0.100776	0.0973262	0.00126106	0.109961	0.370737	0.718009	1.08113	1.83013	1	1.210059
2363000	84.14253	-49.13815	133.2807	0.05	2.795243	0.0259963	0.0426001	0.0712715	0.0837889	0.00754276	0.00253492	0.0299172	0.0978801	0.0542447	0.0511433	0.612943	0.0249624	0.103734	0.372774	0.719522	1.0813	1.82641	1	1.20856
2364000	80.92039	-52.55657	133.477	0.05	1.681216	0.183595	0.0610852	0.0757824	0.122011	0.0137223	0.00191391	0.0096164	0.0851592	0.517452	0.106817	0.0230778	0.0889292	0.0152682	0.252009	0.616181	1.0595	2.07231	1	1.304429
2365000	76.71025	-59.38824	136.0985	0.05	1.296598	0.00518957	0.00758807	0.0910348	0.0473576	0.0528558	0.112677	0.0518183	0.0254001	0.0360916	0.543363	0.0126603	0.0291148	0.074679	0.192124	0.550783	1.03585	2.22124	1	1.08983
2366000	78.96539	-53.82346	132.7889	0.05	1.761136	0.10242	0.101385	0.0380627	0.0282017	0.103976	0.000649764	0.0199445	0.0077539	0.428016	0.0344847	0.0606817	0.262039	0.19046	0.262993	0.626945	1.06268	2.04738	1	1.378077
2367000	78.41889	-55.21138	133.6303	0.05	3.15097	0.196507	0.116678	0.0302674	0.0858459	0.00433061	0.0495906	0.000339942	0.0721651	0.065585	0.260892	0.132307	0.051126	0.0719015	0.400614	0.739558	1.08317	1.77666	1	1.137535
2368000	84.03791	-52.12272	136.1606	0.05	1.023871	0.063173	0.0321141	0.0286443	0.0437708	0.0331112	0.0107708	0.0724006	0.0386924	0.154782	0.100237	0.124331	0.262561	0.168502	0.141692	0.483811	1.00385	2.37065	1	1.133091
2369000	79.8843	-53.60032	133.4846	0.05	0.7404866	0.0966839	0.0198214	0.096424	0.0239338	0.0326195	0.199084	0.0674744	0.00379933	0.275331	0.115267	0.036658	0.0289342	0.402112	0.0828487	0.382023	0.938995	2.59613	1	1.398143
2370000	72.79175	-56.59308	129.3848	0.05	1.048957	0.0565736	0.227083	0.166401	0.130656	0.116744	0.0399428	0.0127014	0.141717	0.24879	0.0156042	0.144005	0.480295	0.0165936	0.146617	0.490988	1.00766	2.35473	1	1.797106
2371000	84.06275	-54.5537	138.6165	0.05	0.9236585	0.00188321	0.0717477	0.0501039	0.0446661	0.00705861	0.012333	0.0142745	0.00562534	0.117292	0.249068	0.079974	0.258752	0.00131348	0.121481	0.452538	0.986102	2.43988	1	0.9140911
2372000	78.95138	-59.17036	138.1217	0.05	0.5924503	0.00634449	0.0861772	0.157573	0.0812422	0.0251874	0.0974182	0.0202143	0.0474917	0.0383918	0.242331	0.0228679	0.117951	0.0373562	0.0515547	0.30805	0.877418	2.76298	1	0.9805468
2373000	87.58878	-52.05416	139.6429	0.05	1.112822	0.0293028	0.186114	0.00245896	0.0334237	0.0282458	0.00645144	3.99416e-05	0.0445977	0.00646012	0.0899763	0.0599801	0.148964	0.141778	0.158899	0.508221	1.01644	2.31644	1	0.7777928
2374000	79.89156	-54.41046	134.302	0.05	1.304502	0.217477	0.0878766	0.0405868	0.125909	0.130705	0.0242597	0.0277051	0.100756	0.0756893	0.00856945	0.0687362	0.364269	0.00898455	0.193482	0.552414	1.03653	2.21757	1	1.281524
2375000	85.25917	-53.7228	138.982	0.05	1.797222	0.0329153	0.0286783	0.0991676	0.0485657	0.00245828	0.0284617	0.0379433	0.0474221	0.010586	0.00236066	0.35031	0.0117665	0.0668793	0.267806	0.631559	1.06398	2.03666	1	0.7675152
2376000	86.17391	-53.99274	140.1667	0.05	0.6638195	0.00377348	0.033448	0.0270649	0.0390399	0.0367568	0.0130122	0.00426011	0.171194	0.093712	0.05	0.241642	0.010806	0.0355977	0.0664833	0.345947	0.910686	2.67688	1	0.7603071
2377000	75.63367	-53.7381	129.3718	0.05	2.140789	0.203001	0.0664625	0.123665	0.334402	0.0881556	0.0164012	0.00567109	0.0582656	0.0553669	0.0185888	0.659636	0.0206604	0.022339	0.309521	0.669196	1.07314	1.94814	1	1.672616
2378000	86.34224	-54.11139	140.4536	0.05	1.422582	0.0435806	0.0192689	0.128772	0.0144186	0.00557678	0.026748	0.0803419	0.0238339	0.0953053	0.0498406	0.13022	0.0304372	0.027571	0.213111	0.575142	1.04553	2.16622	1	0.6759149
2379000	76.1273	-56.59191	132.7192	0.05	2.527096	0.0276304	0.0618698	0.0211208	0.0319413	0.0312448	0.155498	0.109288	0.00747301	0.0197863	0.154211	0.620996	0.0276843	0.0436378	0.349011	0.701453	1.07893	1.87061	1	1.312381
2380000	80.15957	-57.19299	137.3526	0.05	1.712762	0.0327166	0.00200929	0.00245027	0.0597707	0.0245852	0.00779489	0.163491	0.0658649	0.0495387	0.0526414	0.0312152	0.188471	0.244167	0.256399	0.620524	1.06081	2.06227	1	0.924716
2381000	89.70754	-51.53158	141.2391	0.05	0.3380182	0.0562228	0.00172923	0.0651755	0.0737297	0.0304924	0.00714905	0.0053334	0.00202907	0.0136996	0.364379	0.0277122	0.0497296	0.00449849	0.0088795	0.134215	0.654459	3.20245	1	0.7018804
2382000	80.57756	-56.55793	137.1355	0.05	1.427554	0.029557	0.0350427	0.0679515	0.136478	0.033328	0.0163572	0.0698087	0.0187815	0.228321	0.0863606	0.0771266	0.0512081	0.119666	0.213911	0.576036	1.04587	2.16418	1	0.9699866
2383000	83.8129	-55.78654	139.5994	0.05	1.737292	0.0138973	0.0077574	0.0262106	0.0432562	0.0225209	0.089864	0.0299246	0.00278896	0.0861821	0.00737631	0.34974	0.0473821	0.0104491	0.259763	0.623815	1.06177	2.05465	1	0.7373492
2384000	82.68325	-54.79535	137.4786	0.05	0.2666653	0.015837	0.0278189	0.0242282	0.12059	0.0182882	0.0588514	0.0276997	0.0182816	0.288945	0.156812	0.0444538	0.160454	0.128585	0.00298108	0.0789621	0.535338	3.38272	1	1.090843
2385000	88.83924	-52.08801	140.9272	0.05	1.054058	0.133124	0.0436727	0.00749379	0.0135163	0.0112073	0.0380995	0.00359253	0.0502546	0.0139028	0.100904	0.100264	0.0669427	0.0688465	0.147612	0.492418	1.00841	2.35156	1	0.6518207
2386000	86.24962	-51.37509	137.6247	0.05	0.6159532	0.259319	0.00313087	0.0698293	0.0532711	0.00590654	0.00271225	0.0164422	0.0542168	0.141715	0.2804	0.078707	0.00863096	0.0502149	0.0564142	0.321024	0.889245	2.73332	1	1.024496
2387000	88.47017	-49.43589	137.9061	0.05	1.129752	0.0196729	0.0858628	0.0191424	0.0501606	0.000971002	0.00134948	0.00610761	0.00488304	0.0330727	0.11552	0.171642	0.0803295	0.356324	0.162092	0.512556	1.01856	2.30679	1	0.9450378
2388000	88.53124	-50.22032	138.7516	0.05	2.52395	0.0704731	0.0103038	0.0276274	0.00429247	0.00351996	0.0549581	0.017796	0.0612739	0.0606471	0.0455813	0.0876208	0.0243866	0.257044	0.348716	0.701223	1.07889	1.87117	1	0.725524
2389000	84.28808	-51.9625	136.2506	0.05	0.2921786	0.089668	0.00173698	0.0309529	0.029398	0.00637236	0.00443833	0.107797	0.0373394	0.00867057	0.0906319	0.0916562	0.099725	0.588858	0.00468234	0.098426	0.582431	3.31446	1	1.187245
2390000	89.12853	-49.98654	139.1151	0.05	2.245922	0.0672607	0.0576789	0.0414073	0.0117751	0.0216007	0.0296508	0.0272785	0.0447667	0.063991	0.0586653	0.0205821	0.224203	0.0443489	0.320963	0.678852	1.07508	1.9251	1	0.7132085
2391000	83.08659	-54.89662	137.9832	0.05	0.6804095	0.0974032	0.0881606	0.00524674	0.0458877	0.0246113	0.0051573	0.0604624	0.0945421	0.107458	0.0827619	0.0506653	0.0487043	0.252394	0.0700096	0.354138	0.917387	2.65847	1	0.9634545
2392000	83.90485	-49.33406	133.2389	0.05	1.086207	0.0528991	0.0897937	0.0378794	0.0847863	0.00740326	0.0433187	0.00236677	0.0220917	0.0643194	0.0829084	0.104908	0.684101	0.134057	0.153827	0.501214	1.01293	2.33203	1	1.410833
2393000	88.46163	-51.60623	140.0679	0.05	1.342923	0.0316726	0.0492887	0.0458908	0.0394966	0.00784798	0.0773796	0.00095526	0.00722284	0.0988716	0.101912	0.0310492	0.176051	0.0294622	0.200006	0.560136	1.03969	2.20017	1	0.6971001
2394000	77.90626	-54.814	132.7203	0.05	1.271764	0.348393	0.187408	0.0913891	0.00055115	0.0335719	0.0613398	0.0197878	0.00179551	0.236777	0.185187	0.0915062	0.028104	0.145802	0.187818	0.545562	1.03364	2.23298	1	1.431614
2395000	85.97969	-49.37718	135.3569	0.05	5.00837	0.0753016	0.0487988	0.110399	0.0760091	0.00587047	0.00070208	0.0235411	0.0135058	0.0280764	0.0852915	0.316617	0.0110663	0.000839994	0.502425	0.804161	1.08329	1.61013	1	0.7960192
2396000	92.35521	-49.14443	141.4996	0.05	1.421875	0.00559749	0.0220193	0.0305488	0.0355373	0.0204716	0.0342637	0.00173926	0.0155883	0.0273402	0.197636	0.0890939	0.0450888	0.0163063	0.212998	0.575014	1.04548	2.1665	1	0.5412313
2397000	73.5053	-63.34859	136.8539	0.05	0.5252807	0.293814	0.0515017	0.107107	0.0944322	0.0872965	0.132097	0.0322255	0.004877	0.248855	0.0211519	0.0461257	0.0329407	0.00592143	0.0381637	0.2681	0.837826	2.85591	1	1.158345
2398000	86.66208	-52.21783	138.8799	0.05	2.069234	0.00738243	0.0607077	0.0438263	0.0658776	0.0538097	0.0233102	0.0035847	0.0535996	0.0266458	0.00461055	0.0692141	0.324563	0.0176802	0.301401	0.66218	1.07163	1.96479	1	0.7548119
2399000	86.33158	-54.17727	140.5089	0.05	1.392429	0.0677359	0.0435949	0.0252703	0.0399747	0.0640139	0.0356098	0.0159195	0.0355125	0.0760715	0.0018545	0.00190074	0.156507	0.10376	0.208217	0.569614	1.04343	2.17874	1	0.667725
2400000	92.26911	-49.74189	142.011	0.05	1.801878	0.0493885	0.0263466	0.0435544	0.0276007	0.00320817	0.0484617	0.0019428	0.0115618	0.144729	0.0108693	0.0597126	0.0343333	0.00452017	0.26842	0.632144	1.06414	2.0353	1	0.466229
2401000	85.26138	-51.14729	136.4087	0.05	1.987139	0.0500565	0.0449285	0.00906013	0.0332333	0.115404	0.00697143	0.0210991	0.00767557	0.0664795	0.17719	0.448101	0.0220981	0.0250902	0.291735	0.653639	1.06966	1.98496	1	1.027387
2402000	84.07993	-52.9458	137.0257	0.05	2.438258	0.0218339	0.0355127	0.0276091	0.0120828	0.0257219	0.0733349	0.00132007	0.02013	0.0806989	0.0962701	0.0870536	0.377011	0.0207	0.340524	0.694767	1.07789	1.88682	1	0.8792789
2403000	86.04989	-50.49988	136.5498	0.05	3.815512	0.0398554	0.0229558	0.0520472	0.0391999	0.0312267	0.0240256	0.0529153	0.0225426	0.165966	0.046801	0.204199	0.0153736	0.0646599	0.443931	0.768578	1.08438	1.70311	1	0.7817687
2404000	81.93938	-55.00468	136.9441	0.05	0.5540486	0.14117	0.000921927	0.00955595	0.0796827	0.12775	0.0243341	0.00294098	0.01667	0.414619	0.098146	0.0755177	0.0510429	0.0392701	0.0437913	0.285744	0.855934	2.81453	1	1.081621
2405000	79.63919	-52.20816	131.8473	0.05	2.694706	0.132779	0.015611	0.099432	0.187702	0.0280943	0.0140986	0.0406819	0.0173287	0.0635682	0.385106	0.264552	0.0917112	0.0301274	0.364172	0.713089	1.08053	1.84221	1	1.370793
2406000	83.4427	-52.75741	136.2001	0.05	0.9440533	0.0447154	0.0356417	0.0540152	0.0195609	0.0317454	0.0771337	0.000783958	0.0365313	0.181644	0.00493278	0.589486	0.0321191	0.0365322	0.12566	0.459265	0.990074	2.425	1	1.144842
2407000	82.07074	-51.32795	133.3987	0.05	1.971956	0.102132	0.149275	0.131043	0.0184887	0.0072675	0.021633	0.0033685	0.0435094	0.424726	0.0924432	0.0751248	0.166193	0.0786711	0.289904	0.651998	1.06927	1.98883	1	1.313877
2408000	81.35106	-58.50893	139.86	0.05	1.64237	0.00811203	0.0197247	0.0627489	0.096463	0.0285225	0.0846069	0.0105836	0.139674	0.0765372	0.0123842	0.00036495	0.126335	0.0666172	0.246502	0.610658	1.05779	2.08505	1	0.7326745
2409000	80.40576	-54.80784	135.2136	0.05	0.6158076	0.0441875	0.0178365	0.0624921	0.0163583	0.0198316	0.0534502	0.0247553	0.0433979	0.0775555	0.0110686	0.508285	0.0330975	0.337233	0.0563839	0.320945	0.889174	2.7335	1	1.24955
2410000	73.07839	-52.84616	125.9245	0.05	2.806031	0.150106	0.0332007	0.0328755	0.129463	0.241009	0.0851942	0.00850527	0.00548831	0.0438563	0.246989	0.16409	0.0427857	0.784011	0.373676	0.72019	1.08137	1.82476	1	1.967574
2411000	81.28604	-52.57794	133.864	0.05	2.324698	0.210454	0.0418831	0.0103249	0.158463	0.0206772	0.0119066	0.0458653	0.0335185	0.00358996	0.199814	0.3312	0.0777169	0.0887992	0.32918	0.685626	1.07633	1.90886	1	1.234214
2412000	85.79635	-52.22438	138.0207	0.05	1.317321	0.135317	0.0189049	0.0163156	0.13051	0.00206102	0.00181637	0.027413	0.0336463	0.0202488	0.0251457	0.0273648	0.404846	0.0805342	0.195674	0.555028	1.03761	2.21169	1	0.9241234
2413000	78.82428	-54.69752	133.5218	0.05	0.5866241	0.14433	0.00944092	0.0319155	0.0807695	0.156182	0.0115127	0.000364624	0.159142	0.454785	0.0383668	0.0672389	0.275184	0.0154699	0.0503615	0.304755	0.874338	2.77055	1	1.444702
2414000	85.94818	-52.60359	138.5518	0.05	0.6998797	0.0768494	0.0327887	0.0672018	0.0979571	0.0273869	0.0683734	0.00820613	0.0383523	0.00406078	0.353226	0.0741487	0.025252	0.0616591	0.0741626	0.363473	0.924824	2.63754	1	0.9354619
2415000	86.58073	-53.78019	140.3609	0.05	2.003244	0.0716651	0.00705469	0.00146694	0.10661	0.043286	0.063835	0.010453	0.00355733	0.0942771	0.0831746	0.0415405	0.0106513	0.0700748	0.293662	0.655358	1.07007	1.98091	1	0.6076468
2416000	81.62823	-53.90932	135.5375	0.05	0.9819375	0.13353	0.0385819	0.00170756	0.0223067	0.130193	0.0131475	0.104697	0.015614	0.147797	0.00323553	0.168018	0.26464	0.157364	0.133336	0.471255	0.996941	2.39847	1	1.200832
2417000	90.77005	-49.03711	139.8072	0.05	1.222567	0.0802763	0.0411775	0.020055	0.0393213	0.0150421	0.00428693	0.0416672	0.0134556	0.0167699	0.11932	0.290547	0.00326609	0.040777	0.179119	0.534762	1.02892	2.2572	1	0.7259615
2418000	80.06175	-57.81688	137.8786	0.05	1.579151	0.0120562	0.0154787	0.0739376	0.150581	0.047067	0.0395881	0.00193725	0.00251892	0.160695	0.0666261	0.23506	0.0636791	0.00384173	0.237295	0.601222	1.05475	2.10673	1	0.873066
2419000	87.68802	-50.53217	138.2202	0.05	2.052453	0.143821	0.054069	0.00454141	0.069042	0.00331061	0.0293062	0.0396712	0.0342419	0.0659591	0.0639261	0.0311749	0.0461534	0.240286	0.299457	0.660478	1.07125	1.96882	1	0.8255023
2420000	83.13409	-49.69547	132.8296	0.05	4.628432	0.154443	0.0550159	0.0284998	0.0440983	0.0481513	0.0106467	0.0108797	0.0332737	0.0293146	0.0585996	0.0468317	0.0625589	0.518002	0.485873	0.794475	1.08388	1.63577	1	1.100315
2421000	83.67768	-53.415	137.0927	0.05	1.004611	0.0054863	0.0256157	0.0510959	0.0159169	0.0451258	0.118152	0.0178244	0.0903942	0.191086	0.00992592	0.0277339	0.437711	0.00631806	0.137873	0.478133	1.00076	2.38323	1	1.042387
2422000	79.3776	-59.15281	138.5304	0.05	0.3299789	0.0509681	0.0364134	0.025587	0.0412311	0.00115778	0.10033	0.10948	0.138889	0.193254	0.0290172	0.104086	0.0422058	0.0857558	0.00803941	0.127928	0.642878	3.22115	1	0.9583753
2423000	90.89862	-50.53871	141.4373	0.05	0.7046032	0.00901229	0.0943383	0.0336813	0.00798252	0.00721551	0.017896	0.0292538	0.0136471	0.00354145	0.229591	0.0934144	0.0262635	0.0741449	0.0751718	0.365694	0.926562	2.63257	1	0.6399825
2424000	84.86651	-51.80829	136.6748	0.05	0.6971683	0.0255631	0.0234576	0.00321926	0.0997301	0.0954849	0.0167267	0.0536089	0.0177349	0.088644	0.536085	0.0982409	0.0245759	0.0214644	0.0735835	0.362191	0.923815	2.64041	1	1.104536
2425000	82.35808	-59.6834	142.0415	0.05	0.2766086	0.0187863	0.0328828	0.0255997	0.0108035	0.0993012	0.0342195	0.0347403	0.0641252	0.000240242	0.103595	0.175651	0.0501832	0.101028	0.00359007	0.0864711	0.554347	3.35559	1	0.7511561
2426000	90.36911	-52.02471	142.3938	0.05	0.3634326	0.0157429	0.0529908	0.00475478	0.0216468	0.0133324	0.0268943	0.0226081	0.00439693	0.0310493	0.196403	0.0349305	0.0847503	0.0943861	0.0118116	0.153962	0.688472	3.14575	1	0.603886
2427000	77.22147	-59.72013	136.9416	0.05	2.707616	0.05036	0.00633178	0.0546957	0.00105536	0.0210381	0.0459416	0.0766053	0.106928	0.0818596	0.00225371	0.146185	0.0501874	0.251025	0.365297	0.713937	1.08063	1.84013	1	0.8944672
2428000	75.62829	-56.67996	132.3083	0.05	1.151121	0.06569	0.0534692	0.0800265	0.0234975	0.143963	0.1241	0.0206473	0.00384172	0.157289	0.253606	0.448947	0.145287	0.015034	0.166083	0.517897	1.02113	2.29489	1	1.5354
2429000	87.56436	-51.91004	139.4744	0.05	1.464711	0.0914019	0.0240402	0.0526016	0.024021	0.0720727	0.00845291	0.0249438	0.00846905	0.0974539	0.132596	0.0331208	0.199946	0.0049339	0.219819	0.582575	1.04828	2.14933	1	0.7740542
2430000	76.94325	-55.07844	132.0217	0.05	2.335139	0.0476985	0.0779312	0.065316	0.0511042	0.0119299	0.156221	0.112105	0.00619537	4.66741e-05	0.434659	0.00857974	0.16387	0.274738	0.330248	0.686496	1.07649	1.90677	1	1.410394
2431000	87.43319	-51.28289	138.7161	0.05	0.6155405	0.0378002	0.0473549	0.0469833	0.0462413	0.0645425	0.0040806	0.0111757	0.00701247	0.213197	0.161532	0.0496635	0.0379898	0.213991	0.0563283	0.320801	0.889045	2.73383	1	0.9415645
2432000	80.83492	-56.7974	137.6323	0.05	1.205357	0.00951814	0.0335837	0.00319717	0.0110101	0.0150126	0.0460941	0.0617596	0.0679256	0.108415	0.149185	0.388638	0.0304483	0.0510314	0.176022	0.530833	1.02715	2.26599	1	0.9758198
2433000	75.43242	-56.21602	131.6484	0.05	1.029834	0.112382	0.111588	0.0399094	0.173052	0.0850793	0.116588	0.0527135	0.0295376	0.171517	0.335107	0.190001	0.139505	0.0195613	0.142868	0.485539	1.00477	2.36682	1	1.57654
2434000	84.80249	-54.17257	138.9751	0.05	0.5333691	0.131577	0.0488412	0.0587891	0.0519329	0.0903169	0.0164447	0.0168663	0.0209804	0.0247492	0.00953991	0.0632903	0.257597	0.0835062	0.0397269	0.273143	0.843108	2.84402	1	0.8744307
2435000	80.81864	-50.11213	130.9308	0.05	2.999662	0.0528578	0.0401211	0.0566238	0.0251493	0.0246741	0.0071593	0.0385559	0.0184872	0.0623494	0.0248542	0.0183859	0.918322	0.157679	0.389236	0.731509	1.08251	1.79674	1	1.445219
2436000	82.07765	-56.30393	138.3816	0.05	1.378913	0.0596859	0.0132265	0.0375325	0.153441	0.0321029	0.0216903	0.0179223	0.0483472	0.0999469	0.0273719	0.0695982	0.220939	0.0697129	0.205996	0.567077	1.04244	2.18449	1	0.8715173
2437000	78.24808	-51.9778	130.2259	0.05	0.4526888	0.0209379	0.0752771	0.20837	0.0845436	0.0141236	0.107159	0.00416333	0.00980977	0.124501	0.0471664	0.184387	0.842186	0.0551037	0.024991	0.219912	0.782538	2.97256	1	1.777728
2438000	82.61407	-54.68328	137.2973	0.05	2.304059	0.000153482	0.0504854	0.110637	0.0399162	0.0469721	0.0360089	0.0350671	0.0235968	0.244322	0.0782548	0.000469023	0.150554	0.0602688	0.327056	0.683887	1.07602	1.91304	1	0.8767057
2439000	76.22487	-57.64452	133.8694	0.05	5.209049	0.00799804	0.0207333	0.209432	0.0238989	0.00917933	0.0806465	0.0798043	0.006099	0.0208738	0.0543059	0.287693	0.000899303	0.167131	0.510535	0.808802	1.08292	1.59774	1	0.9686949
2440000	89.1532	-50.85604	140.0092	0.05	0.917766	0.0892135	0.00228186	0.0238923	0.122125	0.0220606	0.0107089	0.031858	0.00691681	0.00855039	0.0778891	0.0277509	0.0859464	0.230819	0.120268	0.450558	0.984915	2.44426	1	0.7400128
2441000	82.78221	-53.92217	136.7044	0.05	1.523165	0.0779779	0.065121	0.0508594	0.202465	0.0128982	0.0216084	0.01398	0.0198394	0.168371	0.0134565	0.0194082	0.234663	0.128317	0.228879	0.592367	1.05175	2.127	1	1.028966
2442000	84.47005	-55.79329	140.2633	0.05	0.5471042	0.0831497	0.0221194	0.101328	0.0213842	0.0734805	0.0190078	0.0495896	0.0276883	0.0502303	0.0657891	0.0540463	0.0132444	0.186296	0.0424162	0.281559	0.851732	2.82429	1	0.7673526
2443000	87.59923	-53.46702	141.0662	0.05	1.01062	0.0393126	0.0192077	0.0543454	0.0608645	0.018397	0.0594706	0.0142667	0.0605005	0.0411511	0.0193202	0.221258	0.0113637	0.0159281	0.139068	0.479921	1.00174	2.37927	1	0.6353861
2444000	77.10996	-59.23484	136.3448	0.05	0.8957277	0.178853	0.00549751	0.117858	0.0171123	0.00933985	0.0935421	0.0413016	0.0607828	0.0950445	0.0385099	0.132613	0.0678612	0.263289	0.115708	0.443	0.980319	2.46097	1	1.121604
2445000	93.41052	-47.53919	140.9497	0.05	1.335297	0.101732	0.0178334	0.00291292	0.00248456	0.000658691	0.00289356	0.00235472	0.00324472	0.230184	0.0230382	0.0843377	0.0675542	0.0628127	0.198722	0.55863	1.03908	2.20357	1	0.6020411
2446000	77.04185	-54.08257	131.1244	0.05	2.88757	0.0129962	0.243051	0.01384	0.118325	0.0874692	0.159444	0.0555981	0.0111394	0.458509	0.172011	0.0408115	0.0526863	0.0270757	0.380373	0.725107	1.0819	1.81262	1	1.452956
2447000	81.02033	-56.78685	137.8072	0.05	1.419997	0.122863	0.0922397	0.0563075	0.0087322	0.0919972	0.0173382	0.0292735	0.0207065	0.0434289	0.142962	0.0560172	0.0123993	0.232929	0.212695	0.574675	1.04536	2.16727	1	0.9271943
2448000	81.04556	-53.89355	134.9391	0.05	2.862601	0.100185	0.0599997	0.00796613	0.0609128	0.0420572	0.0587094	0.0385629	0.061992	0.00158375	0.126126	0.282338	0.189957	0.0186001	0.378345	0.723625	1.08175	1.81628	1	1.04899
2449000	87.37434	-54.77098	142.1453	0.05	0.393598	0.00746961	0.0193586	0.00975347	0.0205604	0.0289729	0.0552665	0.0193199	0.108708	0.00554344	0.0238151	0.23512	0.0137473	0.0338279	0.0158018	0.176958	0.724259	3.08298	1	0.5814633
2450000	80.05261	-52.80046	132.8531	0.05	2.273975	0.0649528	0.0988779	0.010717	0.0384961	0.0658885	0.0405727	0.0735606	0.152742	0.118137	0.0838705	0.0923578	0.463668	0.0134789	0.323924	0.681307	1.07554	1.91922	1	1.31732
2451000	80.41256	-56.09114	136.5037	0.05	1.521267	0.0611562	0.0839084	0.0746098	0.248777	0.0110224	0.050599	0.0352164	0.0172797	0.0668914	0.0215573	0.175871	0.000189688	0.180004	0.228589	0.592058	1.05165	2.12771	1	1.027083
2452000	83.40447	-53.06087	136.4653	0.05	0.598009	0.0217065	0.0533063	0.0124785	0.0541776	0.0664219	0.00758964	0.0266696	0.0506653	0.395628	0.0858049	0.126846	0.185593	0.0396635	0.0526977	0.311164	0.8803	2.75584	1	1.126551
2453000	81.48318	-51.548	133.0312	0.05	2.383819	0.0791928	0.2213	0.0192261	0.036937	0.0859315	0.01777	0.00398793	0.0496101	0.239434	0.0297483	0.456665	0.0221804	0.00377164	0.335158	0.690472	1.07718	1.89719	1	1.265756
2454000	80.60498	-55.19559	135.8006	0.05	2.557345	0.0745072	0.0385792	0.108992	0.0741906	0.00101089	0.0039757	0.0411724	0.0500409	0.139312	0.0477004	0.0080046	0.0772501	0.32181	0.351827	0.703644	1.07925	1.86528	1	0.9865452
2455000	81.83633	-50.74256	132.5789	0.05	5.099039	0.254222	0.0289556	0.000716725	0.0768665	0.0600034	0.00582047	5.29996e-05	0.0327189	0.364886	0.0948809	0.0794987	0.0318281	0.0553965	0.50614	0.806295	1.08312	1.60444	1	1.085846
2456000	81.68721	-55.07791	136.7651	0.05	1.284278	0.2483	0.0252402	0.0294861	0.0396491	0.0775955	0.0110804	0.0239176	0.0266663	0.310346	0.00381832	0.0560389	0.0133831	0.150481	0.189995	0.548212	1.03477	2.22702	1	1.016002
2457000	87.90351	-48.66197	136.5655	0.05	1.110134	0.0781951	0.000560099	0.0785185	0.00864775	0.0563069	0.0133168	0.000622997	0.00252644	0.0771551	0.114868	0.532858	0.0424303	0.0540769	0.15839	0.507524	1.0161	2.31799	1	1.060082
2458000	73.69473	-54.69072	128.3854	0.05	1.857531	0.237998	0.019463	0.0404044	0.0100403	0.120644	0.0898557	0.0789323	0.0124462	0.665356	0.0152857	0.0597493	0.0743858	0.366832	0.275654	0.638955	1.06598	2.01941	1	1.791393
2459000	80.47286	-54.20337	134.6762	0.05	1.487897	0.177275	0.0072261	0.153441	0.0299382	0.0437275	0.0177696	0.0462479	0.0261289	0.458738	0.0979999	0.0660317	0.0287431	0.0669494	0.223447	0.586529	1.0497	2.14032	1	1.220216
2460000	78.99653	-52.90435	131.9009	0.05	1.792385	0.209023	0.160887	0.0165731	0.114472	0.0452699	0.0443158	0.0890631	0.0263324	0.157132	0.0285015	0.112662	0.1692	0.293447	0.267166	0.630949	1.06381	2.03808	1	1.466878
2461000	83.58682	-50.43369	134.0205	0.05	2.529385	0.203786	0.0589399	0.0456031	0.0483956	0.00999524	0.119496	0.000701358	0.00773266	0.323918	0.0559381	0.027503	0.18488	0.093299	0.349225	0.701621	1.07895	1.8702	1	1.180188
2462000	78.90639	-56.30745	135.2138	0.05	2.177436	0.0636396	0.0187981	0.0256077	0.0196716	0.0561899	0.00458233	0.238872	0.0303162	0.0936311	0.0130934	0.196031	0.0593656	0.278935	0.313573	0.672646	1.07386	1.93992	1	1.098733
2463000	70.44294	-62.32299	132.7659	0.05	0.1152678	0.215521	0.111726	0.323683	0.231353	0.0307419	0.00352755	0.0135126	0.00887576	0.22032	0.119871	0.190374	0.0732319	0.017046	3.29475e-06	0.00269278	0.136901	3.8604	1	1.559784
2464000	81.04442	-52.61865	133.6631	0.05	3.063247	0.0960862	0.00900892	0.0449651	0.0474971	0.0531353	0.0544084	0.0591291	0.00159371	0.0811672	0.468189	0.0599821	0.015494	0.192697	0.394096	0.734971	1.08281	1.78812	1	1.183353
2465000	85.86748	-53.85531	139.7228	0.05	1.124245	0.0469129	0.036844	0.068465	0.0305634	0.0525837	0.109594	0.0382073	0.00836762	0.0796915	0.141886	0.00144295	0.102044	0.0211059	0.161056	0.511156	1.01788	2.30991	1	0.7377078
2466000	83.8493	-52.32906	136.1784	0.05	2.172922	0.0482216	0.0193537	0.0483248	0.0267572	0.000397511	0.0212879	0.0321426	0.0151712	0.549146	0.033781	0.0524891	0.0774154	0.112738	0.313078	0.672226	1.07377	1.94093	1	1.037226
2467000	82.84886	-55.64278	138.4916	0.05	2.83091	0.00128221	0.0342	0.0462626	0.00170218	0.00351808	0.0242919	0.00858096	0.105623	0.143738	0.164757	0.013443	0.0954082	0.0955655	0.375743	0.721714	1.08154	1.821	1	0.738373
2468000	77.20473	-55.67088	132.8756	0.05	1.714086	0.0136741	0.104808	0.0423014	0.131864	0.065004	0.151319	0.0429001	0.0408331	0.00935889	0.243136	0.105404	0.305763	0.122922	0.256582	0.620703	1.06086	2.06185	1	1.379288
2469000	84.90392	-51.76461	136.6685	0.05	0.4668506	0.0292139	0.0673641	0.0429317	0.0514276	0.115945	0.00126819	0.0329169	0.0570132	0.440159	0.0355181	0.129952	0.0640477	0.0556319	0.0274207	0.229725	0.794564	2.94829	1	1.123389
2470000	79.30613	-54.75343	134.0596	0.05	0.6496499	0.037372	0.0752819	0.0882256	0.0826206	0.0344992	0.11469	0.0213904	0.0161297	0.143681	0.232255	0.110456	0.0265641	0.406279	0.0634838	0.338772	0.904679	2.69306	1	1.389446
2471000	91.29828	-48.5318	139.8301	0.05	0.9430691	0.0749344	0.00916565	0.0282526	0.026575	0.00914701	0.0381433	0.0106228	0.00594778	0.0463503	0.0218723	0.466291	0.0244092	0.0117778	0.125459	0.458945	0.989887	2.42571	1	0.7734895
2472000	88.75475	-50.80544	139.5602	0.05	1.214355	0.0608726	0.106696	0.00222731	0.0485408	0.0114682	0.00585205	0.0143974	0.000867796	0.0816468	0.272948	0.0968443	0.0291374	0.0435965	0.177645	0.532897	1.02808	2.26137	1	0.7750954
2473000	78.16546	-54.60325	132.7687	0.05	3.037132	0.11902	0.00955061	0.0442143	0.184484	0.011236	0.118464	0.0629338	0.0662936	0.0500293	0.0730261	0.101664	0.426082	0.0115913	0.392114	0.733563	1.08269	1.79163	1	1.278588
2474000	85.56368	-54.38561	139.9493	0.05	0.7028003	0.0647153	0.0280282	0.0284161	0.195721	0.0351343	0.00929101	0.0236065	0.0577225	0.0388663	0.0567051	0.142241	0.0224105	0.0909517	0.0747865	0.364848	0.925902	2.63446	1	0.7938092
2475000	83.55682	-53.94721	137.504	0.05	1.006579	0.0497543	0.146049	0.0331943	0.026908	0.0924657	0.00516729	0.0611683	0.0361392	0.102659	0.0392615	0.271509	0.0912717	0.0439288	0.138265	0.478721	1.00108	2.38193	1	0.9994766
2476000	74.82702	-59.29026	134.1173	0.05	0.378293	0.0333074	0.0522617	0.0256733	0.0557334	0.0147893	0.182361	0.209389	0.00788666	0.155588	0.220069	0.124502	0.0872725	0.22955	0.0137114	0.165364	0.70668	3.11424	1	1.398383
2477000	84.73914	-50.36583	135.105	0.05	1.729291	0.202085	0.105582	0.160399	0.0809285	0.0034436	0.00453757	0.0118903	0.00169065	0.0813607	0.405999	0.0100529	0.0717787	0.0402441	0.258671	0.622749	1.06146	2.05712	1	1.179991
2478000	82.43594	-53.45428	135.8902	0.05	2.449788	0.0256128	0.067414	0.0826014	0.0280306	0.0196633	0.0369917	0.153046	0.0492989	0.0996105	0.0487136	0.320086	0.0326183	0.0269659	0.341644	0.695657	1.07803	1.88467	1	0.9906539
2479000	78.97849	-56.07927	135.0578	0.05	0.478951	0.01137	0.0183151	0.0118473	0.0544284	0.0884693	0.260193	0.06773	0.0768903	0.340743	0.0146612	0.0113736	0.315311	0.0586315	0.0295559	0.237952	0.804327	2.92816	1	1.329964
2480000	88.66767	-50.32326	138.9909	0.05	1.654829	0.013181	0.0141915	0.12831	0.038289	0.0137862	0.000819813	0.00632	0.0552782	0.0032654	0.0388866	0.0591491	0.308568	0.0999121	0.24828	0.612451	1.05835	2.08091	1	0.7799571
2481000	78.67951	-56.47546	135.155	0.05	0.7085454	0.0454909	0.093211	0.0597826	0.187567	0.189629	0.0487375	0.013117	0.000262697	0.0684679	0.0779633	0.395313	0.032395	0.039354	0.0760144	0.367534	0.927994	2.62846	1	1.25129
2482000	83.16124	-51.96531	135.1266	0.05	1.05058	0.0295179	0.0379166	0.0858057	0.0457832	0.0373812	0.0747412	0.0291639	7.78706e-05	0.113997	0.000671645	0.573431	0.00972578	0.18305	0.146934	0.491444	1.0079	2.35372	1	1.221263
2483000	76.42182	-56.97017	133.392	0.05	0.9967972	0.146448	0.00422875	0.0812606	0.0332963	0.0454241	0.0561649	0.0303454	0.0685286	0.540429	0.219421	0.0781527	0.0896587	0.00853176	0.136314	0.475787	0.999467	2.38843	1	1.40189
2484000	80.03984	-54.07797	134.1178	0.05	2.612598	0.0817394	0.0473206	0.0250461	0.275458	0.0273459	0.0731386	0.0298667	0.0961661	0.156098	0.0756311	0.0839889	0.152621	0.0540258	0.356878	0.70754	1.0798	1.85578	1	1.178446
2485000	92.05159	-48.47629	140.5279	0.05	0.9522159	0.0235535	0.0326828	0.0151203	0.0032285	0.0113881	0.0146909	0.0252798	0.021873	0.361564	0.0379885	0.0750698	0.0458082	0.0276291	0.127324	0.461902	0.991608	2.41917	1	0.6958768
2486000	84.23696	-50.85703	135.094	0.05	3.758963	0.0507497	0.069395	0.0203719	0.0387971	0.104337	0.0116071	0.013893	0.0403585	0.122742	0.225541	0.227507	0.000678562	0.0393541	0.44061	0.766438	1.08435	1.7086	1	0.9653314
2487000	80.21192	-57.09677	137.3087	0.05	1.184776	0.116616	0.0560961	0.0834215	0.0263668	0.0224064	0.0158758	0.066846	0.0196824	0.0620171	0.0793861	0.0340064	0.309528	0.0874721	0.172283	0.526025	1.02495	2.27674	1	0.9797204
2488000	91.07031	-51.2515	142.3218	0.05	0.2614315	0.0182342	0.0103442	0.00599349	0.0565208	0.0128801	0.000555412	0.0426104	0.00760792	0.21999	0.0414432	0.0366867	0.0433687	0.0875032	0.00268789	0.0750609	0.524981	3.39727	1	0.5837384
2489000	80.18559	-54.067	134.2526	0.05	1.140281	0.0698095	0.146963	0.123984	0.0738799	0.0210629	0.00470256	0.0411893	0.0510722	0.369108	0.0958791	0.0877292	0.171261	0.0431306	0.164064	0.515206	1.01985	2.30088	1	1.299772
2490000	85.31038	-52.38172	137.6921	0.05	2.301372	0.014845	0.0659027	0.00830241	0.0330085	0.0223588	0.0646446	0.0127205	0.036678	0.186314	0.080922	0.0996448	0.0262903	0.185366	0.326778	0.683659	1.07598	1.91358	1	0.836997
2491000	75.852	-60.38018	136.2322	0.05	0.5799292	0.0428457	0.0424858	0.221803	0.0459193	0.0771685	0.111437	0.103039	0.0460411	0.0261692	0.0742618	0.00428554	0.263284	0.0955877	0.0489966	0.30093	0.870723	2.77935	1	1.154327
2492000	81.83783	-55.29376	137.1316	0.05	0.6586886	0.184403	0.00772416	0.000961145	0.0255603	0.014732	0.0252892	0.0456855	0.0599303	0.054512	0.0615241	0.352296	0.169055	0.0639337	0.0653956	0.343368	0.908542	2.68269	1	1.065607
2493000	80.22239	-56.22896	136.4513	0.05	3.14479	0.0140179	0.0135432	0.0018857	0.0835949	0.00961549	0.101031	0.231847	0.145266	0.0231736	0.00269613	0.0644176	0.205479	0.0122864	0.400162	0.739242	1.08314	1.77745	1	0.9088544
2494000	81.91739	-54.78778	136.7052	0.05	1.07629	0.116757	0.0233554	0.0267821	0.0402503	0.0080952	0.0675411	0.0424033	0.0237808	0.114762	0.222078	0.236474	0.0650039	0.0516725	0.15192	0.49854	1.01157	2.33797	1	1.038956
2495000	82.74449	-55.06334	137.8078	0.05	1.316076	0.0326895	0.00420903	0.0615158	0.0149711	0.034525	0.0318211	0.0253217	0.0806906	0.0357788	0.0459109	0.352974	0.0802514	0.174595	0.195462	0.554775	1.03751	2.21225	1	0.9752547
2496000	77.96229	-56.77842	134.7407	0.05	1.217391	0.0468586	0.0471141	0.0427522	0.0983446	0.183125	0.142627	0.0951917	0.0331985	0.0207945	0.159492	0.0204178	0.031377	0.33273	0.17819	0.533589	1.02839	2.25983	1	1.254024
2497000	82.94865	-55.33991	138.2886	0.05	0.6365243	0.0085097	0.0901066	0.0273805	0.127684	0.117464	0.0760719	0.000753639	0.0119761	0.142232	0.192315	0.0565837	0.0109456	0.106218	0.060718	0.331976	0.898867	2.70844	1	0.9682401
2498000	77.80504	-57.83225	135.6373	0.05	0.8423103	0.0527528	0.0349041	0.0756647	0.0554628	0.112555	0.301464	0.0203017	0.0188763	0.014468	0.146392	0.0109269	0.0745192	0.284913	0.104525	0.423627	0.968023	2.50383	1	1.203201
2499000	64.89514	-62.35152	127.2467	0.05	5.904915	0.0572088	0.292959	0.172374	0.0585876	0.0141552	0.26208	0.133096	0.0403671	0.335087	0.00636154	0.0193421	0.0197322	0.141769	0.535812	0.822853	1.08147	1.55987	1	1.55312
2500000	68.20241	-58.70586	126.9083	0.05	0.4531168	0.0914463	0.0612125	0.0883949	0.116971	0.00446328	0.0297065	0.409323	0.0853593	0.0681981	0.0584857	0.719648	0.341278	0.0274625	0.0250633	0.220212	0.782912	2.97181	1	2.10195
2501000	82.48713	-51.17677	133.6639	0.05	1.575417	0.0610228	0.123954	0.16022	0.0274482	0.038867	0.0229956	0.0168022	0.0482125	0.0231502	0.181969	0.0507443	0.0881929	0.465262	0.236741	0.600646	1.05456	2.10805	1	1.308842
2502000	87.10363	-49.46218	136.5658	0.05	2.044688	0.0440712	0.0302907	0.107824	0.00896082	0.0603372	0.0151169	0.0076422	0.0151412	0.0641444	0.0949391	0.467263	0.0645313	0.00201442	0.298551	0.659683	1.07107	1.9707	1	0.9822765
2503000	82.74278	-53.15349	135.8963	0.05	2.254963	0.0265399	0.0862303	0.044572	0.0842974	0.0258386	0.00716468	0.0302455	0.100441	0.181701	0.0866903	0.0753346	0.031544	0.251791	0.321922	0.679649	1.07523	1.9232	1	1.03239
2504000	83.8208	-54.32619	138.147	0.05	0.4810257	0.0169534	0.127469	0.0299277	0.00479375	0.0125029	0.0330289	0.0251791	0.0656024	0.2159	0.0410408	0.0769406	0.122185	0.232885	0.0299271	0.239348	0.805956	2.92477	1	1.004409
2505000	82.54486	-57.53503	140.0799	0.05	0.2464021	0.00795469	0.0387198	0.130379	0.0452764	0.00493171	0.0710056	0.0166551	0.00366389	0.049934	0.00647053	0.0877026	0.327291	0.026532	0.00194829	0.0641042	0.493837	3.44011	1	0.8165165
2506000	89.7058	-49.68318	139.389	0.05	1.330809	0.0170376	0.0523683	0.00126171	0.054487	0.0601823	0.0295782	0.00490145	0.0173221	0.235202	0.0287282	0.0431389	0.162067	0.0948817	0.197964	0.557737	1.03872	2.20558	1	0.8011572
2507000	66.84675	-59.26356	126.1103	0.05	0.5563902	0.0655542	0.0707949	0.179161	0.0532826	0.0322388	0.319247	0.423856	0.222002	0.340738	0.206269	0.101297	0.122679	0.0618638	0.0442572	0.287144	0.857328	2.81127	1	2.198983
2508000	77.00318	-54.77424	131.7774	0.05	1.234795	0.0236111	0.0060876	0.0149786	0.0460006	0.126468	0.129606	0.00403054	0.103138	0.253894	0.0748198	0.0579399	0.587929	0.118785	0.181302	0.537505	1.03014	2.25105	1	1.547289
2509000	89.97899	-50.94088	140.9199	0.05	0.3862928	0.0219539	0.0568493	0.0206284	0.0644404	0.001442	0.0294598	0.0216006	0.00918221	0.0778598	0.270938	0.0645721	0.0205364	0.0325046	0.0147876	0.171445	0.716011	3.09776	1	0.6919676
2510000	82.92892	-51.34234	134.2713	0.05	4.111433	0.0209029	0.0820459	0.00614463	0.0861715	0.0299267	0.00277584	0.0689532	0.0892124	0.0623792	0.0737278	0.136499	0.0604736	0.256464	0.460381	0.778976	1.08437	1.67627	1	0.9756767
2511000	79.14664	-57.51143	136.6581	0.05	2.45409	0.0937466	0.0346078	0.0348366	0.0602711	0.00985072	0.0606567	0.177531	0.00590145	0.190584	0.079063	0.00370437	0.0810666	0.0797489	0.34206	0.695987	1.07809	1.88387	1	0.9115688
2512000	80.25596	-52.65763	132.9136	0.05	0.4669554	0.297159	0.114356	0.0991519	0.0225534	0.000551264	0.0185296	0.00924857	0.000684329	0.0184532	0.132516	0.0487074	0.0419508	0.706052	0.027439	0.229797	0.794651	2.94811	1	1.509914
2513000	79.57241	-52.15123	131.7236	0.05	0.8592009	0.0353273	0.295236	0.0574107	0.0398239	0.107115	0.0197643	0.0188098	0.0134585	0.117019	0.0019656	0.165251	0.0655314	0.642115	0.108079	0.42992	0.972099	2.4899	1	1.578827
2514000	87.28868	-49.90344	137.1921	0.05	2.810452	0.0643065	0.0415891	0.0641173	0.121922	0.00773657	0.0181119	0.0196026	0.0512354	0.0506053	0.0175343	0.129324	0.0414091	0.220039	0.374045	0.720462	1.0814	1.82409	1	0.8475332
2515000	82.78268	-52.82393	135.6066	0.05	2.353317	0.0649908	0.0275931	0.0918685	0.13268	0.0576958	0.0231456	0.0225207	0.0173298	0.0516648	0.00493405	0.0439176	0.0733329	0.43198	0.332094	0.687996	1.07675	1.90316	1	1.043653
2516000	84.47627	-55.32984	139.8061	0.05	0.2358584	0.0467625	0.059886	0.0993654	0.113522	0.0755375	0.0211092	0.0260047	0.0470142	0.0111406	0.0915862	0.230444	0.0129776	0.00557901	0.0015169	0.0566846	0.470699	3.4711	1	0.8409297
2517000	89.1024	-50.50488	139.6073	0.05	1.153108	0.180318	0.00898634	0.0017229	0.0203143	0.055096	0.031402	0.0212963	0.027974	0.0681315	0.268406	0.0176676	0.0234563	0.053583	0.166452	0.518386	1.02137	2.29379	1	0.7783541
2518000	75.91987	-60.24767	136.1675	0.05	1.456627	0.0193831	0.209703	0.104434	0.10955	0.036137	0.0606111	0.0151248	0.0861327	0.0438767	0.256377	0.0494535	0.0245115	0.0710889	0.218544	0.581174	1.04777	2.15251	1	1.086384
2519000	88.02238	-49.81149	137.8339	0.05	0.6984871	0.0304615	0.109224	0.0461454	0.00573664	0.00468542	0.0311669	0.0223077	0.00460356	0.0647692	0.130336	0.0134009	0.516795	0.00466896	0.0738652	0.362816	0.924306	2.63901	1	0.9843011
2520000	64.6262	-61.46972	126.0959	0.05	0.7745608	0.715032	0.0438847	0.344842	0.108474	0.0194748	0.0595566	0.0439959	0.0194359	0.0397864	0.344436	0.135958	0.00438216	0.257587	0.0901352	0.396687	0.949649	2.56353	1	2.136846
2521000	77.83538	-53.78075	131.6161	0.05	1.160683	0.0686595	0.0866388	0.301788	0.00294992	0.0847101	0.0128436	0.0151734	0.00410199	0.527527	0.157849	0.100662	0.053983	0.139845	0.167856	0.520241	1.02225	2.28966	1	1.556732
2522000	78.14386	-52.49461	130.6385	0.05	4.000087	0.0285038	0.0617342	0.114112	0.143895	0.0191764	0.0626616	0.0162086	0.018111	0.0504714	0.357293	0.286958	0.11129	0.156482	0.454367	0.775212	1.0844	1.68602	1	1.426897
2523000	84.00074	-52.55257	136.5533	0.05	1.713707	0.119557	0.0470872	0.0115863	0.0677965	0.050721	0.00294871	0.0193279	0.0733916	0.149044	0.347324	3.63588e-05	0.0297337	0.097833	0.256529	0.620652	1.06085	2.06197	1	1.016387
2524000	92.23571	-47.59618	139.8319	0.05	3.933835	0.0133159	0.0344743	0.00327903	0.0171788	0.00868712	0.00246985	0.0120966	0.00982895	0.0663092	0.00955647	0.0344314	0.00922971	0.275361	0.45069	0.77289	1.08441	1.69201	1	0.4962186
2525000	80.5768	-55.77593	136.3527	0.05	1.303817	0.145644	0.0987859	0.0792817	0.21286	0.010201	0.0725347	0.00176685	0.0597682	0.155534	0.0250619	0.0017522	0.102865	0.104789	0.193365	0.552273	1.03647	2.21789	1	1.070845
2526000	80.21869	-55.78056	135.9992	0.05	1.128247	0.200259	0.0473561	0.0358845	0.0678881	0.0299116	0.000882865	0.0726305	0.0298352	0.228999	0.0428455	0.0955161	0.0273392	0.229312	0.161809	0.512175	1.01838	2.30764	1	1.10866
2527000	83.68301	-49.90346	133.5865	0.05	5.092901	0.0663714	0.0298203	0.0146142	0.0785908	0.0194643	0.0139081	0.111715	0.00925151	0.36295	0.0087889	0.150646	0.0683681	0.0273041	0.505891	0.806153	1.08314	1.60482	1	0.9617929
2528000	82.52593	-51.61972	134.1456	0.05	2.932074	0.0412059	0.0323983	0.152407	0.106325	0.0176758	0.00999863	0.0265836	0.0186504	0.214581	0.0717025	0.0694219	0.364992	0.00977194	0.383938	0.727696	1.08216	1.80621	1	1.135715
2529000	86.69126	-51.16737	137.8586	0.05	0.8238438	0.00514989	0.0231906	0.144525	0.0213674	0.0225241	0.00864576	0.00270926	0.0291686	0.0536194	0.0869625	0.0128919	0.448215	0.135509	0.100621	0.416559	0.963349	2.51947	1	0.9944785
2530000	81.55	-53.25915	134.8092	0.05	0.7530723	0.0586499	0.0790191	0.15704	0.0227204	0.0732687	0.0275441	0.0698606	0.0053658	0.0165346	0.0989822	0.0212746	0.504676	0.142889	0.0855418	0.387531	0.943053	2.58387	1	1.277825
2531000	80.08959	-53.39592	133.4855	0.05	0.851309	0.0365818	0.0591237	0.0358852	0.0181937	0.0249418	0.0947739	0.127844	0.0419048	0.221591	0.247859	0.0561142	0.396063	0.0612645	0.106421	0.426999	0.970217	2.49636	1	1.422141
2532000	82.01604	-50.87199	132.888	0.05	1.109534	0.0209301	0.0827627	0.0145679	0.0755448	0.0501711	0.014283	0.0987039	0.0107135	0.649152	0.1259	0.0128787	0.113246	0.160083	0.158276	0.507368	1.01602	2.31834	1	1.428937
2533000	77.94543	-53.02822	130.9737	0.05	0.8413442	0.118189	0.0173945	0.0553533	0.333745	0.0983444	0.0226842	0.0145996	0.00727533	0.417568	0.317696	0.170297	0.0195095	0.0657782	0.104321	0.423262	0.967784	2.50463	1	1.658435
2534000	74.33026	-57.15664	131.4869	0.05	3.096926	0.190333	0.0608641	0.0490948	0.199529	0.0608831	0.0269298	0.0277515	0.00612698	0.45115	0.0481177	0.190085	0.0165004	0.034034	0.396624	0.736757	1.08295	1.78366	1	1.3614
2535000	79.26299	-56.45235	135.7153	0.05	3.849417	0.16849	0.0235889	0.105612	0.13962	0.00483693	0.0909073	0.00736669	0.0246555	0.0111263	0.0103316	0.0107502	0.0547752	0.238558	0.445894	0.769835	1.08439	1.69988	1	0.8906182
2536000	79.17944	-54.17902	133.3585	0.05	3.102274	0.113365	0.102011	0.0217006	0.0218036	0.0468405	0.0807956	0.0054399	0.112033	0.303169	0.211527	0.0233232	0.127364	0.0262095	0.397022	0.737038	1.08298	1.78296	1	1.195581
2537000	86.81836	-53.40389	140.2223	0.05	0.3354221	0.119471	0.00323262	0.0127257	0.0753646	0.0134134	0.0410511	0.00230437	0.00708922	0.0660134	0.3985	0.0186283	0.00563025	0.0161178	0.0086035	0.132186	0.650765	3.20845	1	0.7795414
2538000	83.49285	-52.77807	136.2709	0.05	3.658211	0.0581234	0.148631	0.00546605	0.0659874	0.0685748	0.0417352	0.000747674	0.000150121	0.0631266	0.00702674	0.218896	0.153754	0.00625032	0.43454	0.762493	1.08428	1.71869	1	0.8384697
2539000	80.03988	-56.0123	136.0522	0.05	3.195098	0.0202964	0.0250663	0.0271282	0.214718	0.00572536	0.0311226	0.103779	0.00902724	0.0438911	0.0946201	0.104749	0.18807	0.0335635	0.403814	0.741788	1.08332	1.77107	1	0.901757
2540000	80.80731	-55.34688	136.1542	0.05	2.577036	0.125801	0.045848	0.00330355	0.0983447	0.00161417	0.0620274	0.0537409	0.0873343	0.109044	0.0780596	0.106074	0.0942953	0.141554	0.353641	0.705048	1.07945	1.86186	1	1.007041
2541000	85.41145	-51.7229	137.1343	0.05	0.9756828	0.127321	0.063803	0.102768	0.0216265	0.0285955	0.0151389	0.0256866	0.0285227	0.0568265	0.348051	0.0332682	0.147239	0.0362205	0.132077	0.469319	0.995851	2.40275	1	1.035066
2542000	79.7853	-56.37693	136.1622	0.05	0.6343957	0.0165546	0.0957097	0.168972	0.0625576	0.0212813	0.0679791	0.0183358	0.103652	0.0429455	0.0211377	0.393456	0.0912364	0.046445	0.0602708	0.33086	0.897901	2.71097	1	1.150263
2543000	81.28292	-56.46227	137.7452	0.05	0.7476866	0.127169	0.0762409	0.160711	0.193641	0.0358928	0.0181535	0.047386	0.0105894	0.276649	0.0252165	0.0144781	0.00557441	0.0120934	0.0843895	0.385188	0.941334	2.58909	1	1.003795
2544000	85.94533	-52.07879	138.0241	0.05	2.493486	0.0265432	0.14034	0.0339857	0.0141547	0.0255004	0.0518499	0.0429391	0.0378693	0.0588041	0.042059	0.00920934	0.0499823	0.24695	0.345838	0.698969	1.07855	1.87664	1	0.7801868
2545000	95.11947	-49.4606	144.5801	0.05	0.8264248	0.00279251	0.0307684	0.039818	0.027861	0.00345401	0.000266529	0.000635414	0.0161445	0.0209795	0.00860622	0.109788	0.0239448	0.0052076	0.101168	0.417559	0.964016	2.51726	1	0.2902668
2546000	83.1857	-52.36336	135.5491	0.05	1.04979	0.0139869	0.00830968	0.0297743	0.143394	0.0350899	0.000562598	0.0367763	0.0496685	0.20673	0.61387	0.0025086	0.0103636	0.0352689	0.14678	0.491222	1.00778	2.35421	1	1.186303
2547000	74.54969	-56.77699	131.3267	0.05	0.7390143	2.11374e-05	0.100735	0.0182922	0.181548	0.0488025	0.0703614	0.188364	0.0723495	0.32967	0.125073	0.383135	0.0419563	0.0977992	0.0825336	0.381371	0.93851	2.59759	1	1.658107
2548000	90.00121	-52.77573	142.7769	0.05	0.2878569	0.073727	0.00355055	0.000321561	0.0355713	0.0488315	0.00905722	0.00219178	0.00612452	0.00285888	0.149311	0.10344	0.0682026	0.0270628	0.0043621	0.0950883	0.574835	3.32571	1	0.5302507
2549000	80.71565	-50.90184	131.6175	0.05	2.149075	0.154809	0.0228719	0.0855152	0.0418993	0.101314	0.00858392	0.00365832	0.0226823	0.0982886	0.69385	0.0623493	0.0752721	0.0879287	0.310443	0.669984	1.07331	1.94626	1	1.459024
2550000	81.22669	-54.38762	135.6143	0.05	1.563361	0.0371576	0.072197	0.00582968	0.0040576	0.0946813	0.0699828	0.00478367	0.0321076	0.167859	0.325117	0.0293995	0.270644	0.0169087	0.234946	0.598774	1.05394	2.11234	1	1.130725
2551000	77.15594	-54.96319	132.1191	0.05	2.791232	0.0228656	0.0171029	0.0735146	0.0138946	0.170214	0.115889	0.0716083	0.0196975	0.024347	0.0378275	0.0347551	0.388089	0.393813	0.372437	0.719272	1.08127	1.82702	1	1.383618
2552000	73.02184	-57.99133	131.0132	0.05	0.891462	0.176492	0.0294035	0.00512273	0.0987923	0.163035	0.023491	0.0520145	0.143121	0.121169	0.171627	0.154087	0.0414598	0.474951	0.114822	0.441508	0.979399	2.46427	1	1.654765
2553000	83.68025	-52.89441	136.5747	0.05	0.8772943	0.0282046	0.0379374	0.0252008	0.0292137	0.0463978	0.019152	0.00294166	0.0889497	0.375633	0.130929	0.0345065	0.0191876	0.267959	0.111869	0.436487	0.976269	2.47538	1	1.106213
2554000	87.55128	-51.69569	139.247	0.05	1.589689	0.0457081	0.0580553	0.118066	0.00907652	0.0119733	0.0015775	0.0420643	0.00844618	0.190903	0.131853	0.0387063	0.040889	0.0885898	0.238851	0.602835	1.05528	2.10303	1	0.7859082
2555000	86.30751	-50.86011	137.1676	0.05	0.7595877	0.125431	0.0288538	0.00595254	0.0255093	0.0923312	0.00550632	0.0255838	0.0135071	0.322226	0.0312208	0.128718	0.0823486	0.14122	0.0869354	0.39034	0.945096	2.57763	1	1.028408
2556000	73.70139	-57.64794	131.3493	0.05	1.504932	0.135683	0.102307	0.0942671	0.211385	0.0012868	0.0727993	0.0471791	0.0437868	0.0214673	0.247522	0.00185072	0.129297	0.44182	0.226083	0.589375	1.05071	2.13383	1	1.550652
2557000	75.43646	-56.7519	132.1884	0.05	2.126571	0.0267577	0.0112675	0.0271212	0.194726	0.0579531	0.0318765	0.103224	0.00431191	0.142641	0.1191	0.208935	0.0387594	0.417799	0.307929	0.667832	1.07286	1.95138	1	1.384473
2558000	82.34366	-57.63479	139.9785	0.05	0.6164241	0.0170854	0.0329936	0.0113365	0.162195	0.141884	0.00178965	0.0322141	0.0560801	0.008258	0.130164	0.0822606	0.0933124	0.0187194	0.0565122	0.321279	0.889472	2.73274	1	0.7882923
2559000	84.20264	-52.02636	136.229	0.05	0.9150256	0.0592627	0.123003	0.00393844	0.14368	0.0218646	0.049222	0.00839274	0.0428422	0.232121	0.203411	0.0507317	0.134964	0.030163	0.119703	0.449631	0.984358	2.44631	1	1.103597
2560000	84.69693	-53.61909	138.316	0.05	0.7709018	0.032174	0.0233775	0.00312727	0.0201167	0.0636332	0.0445147	0.218645	0.00968646	0.29119	0.0571118	0.0428607	0.128136	0.021662	0.0893537	0.39515	0.948554	2.56694	1	0.9562351
2561000	76.99818	-54.5218	131.52	0.05	0.6440455	0.0478829	0.1155	0.141781	0.171275	0.0594797	0.102308	0.0550685	0.0327364	0.482827	0.0151017	0.0290701	0.000243678	0.363316	0.0623012	0.335888	0.902227	2.69958	1	1.616591
2562000	90.65362	-52.71051	143.3641	0.05	0.6559892	0.0292533	0.0137961	0.0248839	0.0129484	0.0380911	0.0497706	0.00111917	0.0155087	0.0653693	0.0291883	0.0511647	0.103066	0.0357401	0.0648241	0.342003	0.9074	2.68577	1	0.4699001
2563000	85.9936	-51.15604	137.1496	0.05	1.367804	0.169637	0.129308	0.0770634	0.0409144	0.0141774	0.0459206	0.0104691	0.0191126	0.0359003	0.0760147	0.0239251	0.307627	0.0579142	0.20416	0.564964	1.04161	2.18926	1	1.007983
2564000	85.22496	-51.96478	137.1897	0.05	1.32406	0.192115	0.0277126	0.0566674	0.063455	0.0221134	0.038104	0.0167615	0.0190467	0.0864026	0.031315	0.00446137	0.0245079	0.421469	0.19682	0.556387	1.03817	2.20862	1	1.004131
2565000	72.73405	-56.00898	128.743	0.05	1.480267	0.056882	0.0316546	0.401187	0.0162978	0.0189846	0.00618224	0.0560798	0.0140025	0.0947958	0.202917	0.750593	0.0459675	0.109755	0.222258	0.585239	1.04924	2.14326	1	1.8053
2566000	88.47842	-52.55417	141.0326	0.05	0.3930063	0.0078411	0.0731939	0.0269736	0.0243713	0.0144267	0.0144196	0.0152561	0.0743113	0.144257	0.0417665	0.0685522	0.0326752	0.179648	0.0157185	0.176513	0.7236	3.08417	1	0.7176929
2567000	74.10946	-58.46498	132.5744	0.05	0.7874672	0.0348719	0.0251279	0.0766481	0.216123	0.0821029	0.053779	0.171024	0.00384454	0.0426484	0.203105	0.0959689	0.096235	0.429059	0.0928892	0.402039	0.953421	2.55165	1	1.530537
2568000	75.46918	-54.50007	129.9692	0.05	0.6882974	0.153915	0.110132	0.0369765	0.169376	0.0376457	0.0227715	0.00901963	0.0434055	0.0226692	0.96204	0.0295459	0.124	0.0540834	0.0716905	0.357956	0.920453	2.6499	1	1.775582
2569000	79.34578	-54.42042	133.7662	0.05	0.9500152	0.0205436	0.193813	0.0547743	0.264035	0.0316169	0.00530324	0.00468975	0.0684861	0.200086	0.216721	0.125967	0.0388313	0.121023	0.126876	0.461194	0.991197	2.42073	1	1.34589
2570000	83.85099	-53.66055	137.5115	0.05	1.813379	0.0598829	0.048187	0.035507	0.0768038	0.223908	0.0156578	0.0172692	0.00995434	0.0725405	0.0988961	0.0179015	0.0430354	0.224504	0.269932	0.633578	1.06453	2.03196	1	0.9440482
2571000	78.98721	-57.61479	136.602	0.05	1.516448	0.0644156	0.0343617	0.30827	0.0123709	0.0216732	0.0363329	0.00871564	0.0927111	0.243637	0.0636191	0.0533551	0.0376404	0.0765286	0.227852	0.591272	1.05137	2.1295	1	1.053632
2572000	81.84458	-53.51165	135.3562	0.05	3.4464	0.0674178	0.118459	0.113094	0.0191741	0.0211397	0.0242765	0.000990989	0.0236933	0.0324258	0.00169997	0.0294464	0.396582	0.106383	0.421097	0.753589	1.08398	1.74133	1	0.9547829
2573000	78.48568	-52.66259	131.1483	0.05	3.615777	0.0271941	0.0758229	0.0403451	0.0263946	0.00112006	0.107501	0.0358486	0.00131914	0.524597	0.214945	0.00721716	0.0260669	0.269498	0.431923	0.760778	1.08423	1.72306	1	1.357871
2574000	85.50875	-50.28922	135.798	0.05	2.577806	0.0122294	0.0986529	0.0190883	0.0336845	0.00221231	0.14427	0.00766975	0.00924497	0.0363927	0.0246322	0.40843	0.154679	0.0662306	0.353711	0.705103	1.07946	1.86173	1	1.017418
2575000	85.84963	-52.50021	138.3498	0.05	1.681357	0.0223484	0.0956345	0.0113433	0.0811567	0.0139053	0.0107226	0.0290871	0.0252162	0.0348933	0.0149074	0.223169	0.064552	0.197221	0.252028	0.616201	1.05951	2.07226	1	0.8241561
2576000	78.80303	-52.47162	131.2747	0.05	1.832439	0.100259	0.0834707	0.0119351	0.155541	0.012506	0.201373	0.00964831	0.0281619	0.300725	0.180058	0.167316	0.132528	0.120196	0.272418	0.635924	1.06517	2.02649	1	1.503718
2577000	87.04639	-51.31409	138.3605	0.05	1.368691	0.0461618	0.00935014	0.00970388	0.0334697	0.0314496	0.0142783	0.0268629	0.00591154	0.115438	0.120485	0.0461116	0.135243	0.262961	0.204307	0.565133	1.04168	2.18888	1	0.8574273
2578000	83.5227	-52.52297	136.0457	0.05	0.705343	0.0219374	0.235112	0.119711	0.0461672	0.010205	0.00327201	0.000901678	0.126093	0.0416398	0.342369	0.0217284	0.0238186	0.164383	0.0753299	0.36604	0.926832	2.6318	1	1.157338
2579000	82.01318	-54.43675	136.4499	0.05	2.045418	0.123339	0.0194524	0.0224963	0.0180905	0.208096	0.0672092	0.00728475	0.00884966	0.28523	0.0490994	0.0593095	0.0360155	0.0630914	0.298637	0.659758	1.07109	1.97052	1	0.9675634
2580000	84.74686	-55.95848	140.7053	0.05	0.1992957	0.0173287	0.0639381	0.0337171	0.0264967	0.0287499	0.0460613	0.0135423	0.0137784	0.111238	0.15912	0.210239	0.00194221	0.0167489	0.000518393	0.0333701	0.381817	3.58429	1	0.742901
2581000	80.3779	-51.28371	131.6616	0.05	4.063254	0.0430501	0.0669103	0.0600415	0.0147571	0.0195425	0.0138984	0.0822674	0.00767463	0.0693197	0.389719	0.000623101	0.319768	0.179013	0.457804	0.777368	1.08439	1.68044	1	1.266585
2582000	75.21772	-54.33128	129.549	0.05	0.8975582	0.0198076	0.218901	0.0392277	0.0658983	0.0364766	0.0684782	0.0132845	0.0138805	0.209156	0.000862085	0.454463	0.622244	0.0184421	0.116088	0.443637	0.98071	2.45956	1	1.781122
2583000	84.56724	-54.22855	138.7958	0.05	0.7800681	0.0414679	0.0106687	0.010388	0.0422714	0.0435765	0.0501568	0.0149122	0.00447443	0.121236	0.00764629	0.280817	0.0321632	0.219143	0.0913109	0.398984	0.951275	2.55843	1	0.8789212
2584000	83.82272	-51.9896	135.8123	0.05	1.919247	0.104596	0.020415	0.034237	0.0199557	0.0336046	0.01339	0.0523609	0.0229373	0.0478124	0.0894767	0.0358004	0.514029	0.0674278	0.283441	0.646142	1.06783	2.00259	1	1.056043
2585000	85.19087	-51.41223	136.6031	0.05	2.855703	0.00391738	0.19298	0.00741847	0.0461429	0.0522939	0.0455048	0.000540029	0.00260698	0.30952	0.0536816	0.044337	0.0704092	0.0588877	0.377781	0.723212	1.0817	1.8173	1	0.8882406
2586000	85.521	-51.10076	136.6218	0.05	2.198519	0.0871418	0.0325012	0.0427634	0.117315	0.0204239	0.0521974	0.0261101	0.0325253	0.0400098	0.0445856	0.34634	0.0787423	0.0364525	0.315874	0.67459	1.07425	1.93529	1	0.9571079
2587000	83.3534	-52.19356	135.547	0.05	1.313248	0.113794	0.0666791	0.11205	0.106846	0.0670027	0.0114693	0.0112033	0.00991012	0.0207995	0.0242423	0.111007	0.116443	0.376365	0.194979	0.554201	1.03727	2.21355	1	1.14781
2588000	89.27681	-48.57767	137.8545	0.05	3.058818	0.041657	0.0130038	0.01439	0.0122433	0.00325973	0.0458221	0.00509753	0.00421819	0.149498	0.25661	0.0426074	0.0950074	0.0898979	0.393762	0.734733	1.08279	1.78871	1	0.7733118
2589000	75.64026	-56.20141	131.8417	0.05	0.3870178	0.126374	0.0866448	0.196243	0.022514	0.0239067	0.0684221	0.0544806	0.0169869	0.177936	0.175267	0.602307	0.055242	0.0336342	0.0148869	0.171993	0.716841	3.09628	1	1.639959
2590000	77.73839	-54.65912	132.3975	0.05	2.254828	0.1013	0.00363988	0.0789535	0.0563674	0.210549	0.097392	0.0196553	0.00884553	0.210478	0.0891727	0.0830735	0.0810395	0.341575	0.321907	0.679637	1.07523	1.92323	1	1.382042
2591000	88.31625	-50.64085	138.9571	0.05	0.6147884	0.123629	0.00252277	0.0257595	0.0102368	0.00862773	0.0418147	0.00389063	0.0339593	0.403231	0.0177349	0.0275996	0.0418952	0.148814	0.0561718	0.320393	0.88868	2.73476	1	0.8897153
2592000	81.84683	-52.83047	134.6773	0.05	0.7652907	0.184245	0.0113702	0.0975105	0.1626	0.0314515	0.0206884	0.044751	0.00455103	0.349896	0.0401234	0.168772	0.0440302	0.12285	0.0881546	0.392775	0.946853	2.57222	1	1.282839
2593000	81.65543	-52.20496	133.8604	0.05	1.479646	0.220988	0.0733724	0.0107861	0.032635	0.0207464	0.0232276	0.133936	0.0679544	0.118066	0.0695373	0.0146918	0.411616	0.104244	0.222161	0.585133	1.0492	2.1435	1	1.301801
2594000	82.54607	-52.52097	135.067	0.05	1.211377	0.025491	0.0861474	0.0199653	0.0698481	0.05864	0.0476986	0.0310036	0.013216	0.112773	0.565462	0.0885847	0.0208542	0.0704782	0.177109	0.532216	1.02778	2.2629	1	1.210161
2595000	75.69307	-55.01111	130.7042	0.05	2.783006	0.0273627	0.192788	0.436655	0.06536	0.0385174	0.00301562	0.0152941	0.0975775	0.0385463	0.129043	0.0152428	0.0136689	0.409018	0.371746	0.718759	1.08121	1.82828	1	1.48209
2596000	84.71747	-52.09494	136.8124	0.05	4.348754	0.12995	0.051065	0.00325962	0.0575535	0.000438557	0.0133311	0.0162791	0.0467621	0.0184994	0.0649743	0.130315	0.0986581	0.135127	0.472552	0.786467	1.0842	1.65678	1	0.7662131
2597000	89.35489	-51.39923	140.7541	0.05	1.552221	0.007525	0.0705319	0.0117568	0.0473608	0.00910664	0.00692354	0.0418981	0.0160451	0.112126	0.0640462	0.0532756	0.106913	0.0994964	0.233278	0.597024	1.05335	2.11635	1	0.6470051
2598000	83.74152	-50.76548	134.507	0.05	2.82711	0.0982062	0.0387809	0.152315	0.188601	0.0320499	0.00249811	0.0205177	0.00479511	0.290619	0.00511671	0.159134	0.0815584	0.0218653	0.375428	0.721483	1.08152	1.82157	1	1.096057
2599000	82.8708	-53.88026	136.7511	0.05	1.024213	0.0245975	0.0289591	0.022323	0.0235605	0.0454825	0.0340237	0.159249	0.055832	0.193993	0.0716363	0.0992264	0.211692	0.131772	0.14176	0.483911	1.0039	2.37043	1	1.102347
2600000	78.2097	-54.8202	133.0299	0.05	3.936742	0.0876436	0.0611352	0.0607545	0.0486666	0.00663138	0.0105889	0.113204	0.212546	0.084885	0.26227	0.0184448	0.11766	0.057515	0.450853	0.772993	1.08441	1.69175	1	1.141945
2601000	86.80809	-51.28519	138.0933	0.05	0.7128484	0.0491813	0.0912021	0.0126285	0.0620769	0.0675575	0.000670983	0.072665	0.0131946	0.345962	0.0541741	0.0531532	0.122467	0.00903287	0.0769345	0.36953	0.929538	2.624	1	0.9539657
2602000	77.55902	-54.20692	131.7659	0.05	0.5059162	0.0279438	0.0356915	0.0564245	0.27017	0.00555195	0.0283974	0.0623548	0.0241327	0.163077	0.397635	0.510582	0.0320943	0.0415355	0.0344895	0.255761	0.824526	2.88522	1	1.65559
2603000	83.9412	-52.94943	136.8906	0.05	2.17142	0.00513104	0.099008	0.0417206	0.0793998	0.0308175	0.0119207	0.0181726	0.0490157	0.0741292	0.0482701	0.1082	0.319685	0.0646966	0.312913	0.672086	1.07374	1.94126	1	0.9501668
2604000	89.22965	-49.84963	139.0793	0.05	1.017631	0.0323437	0.0310335	0.106502	0.0534854	0.0112412	0.00777511	0.000744817	0.00397002	0.229868	0.0224391	0.32202	0.0225715	0.00167193	0.140458	0.481988	1.00286	2.37469	1	0.8456667
2605000	76.77677	-59.20305	135.9798	0.05	2.5375	0.0353128	0.0804552	0.00264242	0.0685817	0.0561469	0.104965	0.0472918	0.0312743	0.27224	0.0380913	0.143829	0.0709342	0.0908105	0.349983	0.702212	1.07904	1.86876	1	1.042575
2606000	74.49601	-59.74319	134.2392	0.05	1.194256	0.0271962	0.072823	0.211947	0.123742	0.0074405	0.0089183	0.0924731	0.152579	0.0617557	0.199481	0.111965	0.0709944	0.164524	0.17401	0.528254	1.02598	2.27176	1	1.305839
2607000	82.32992	-54.33464	136.6646	0.05	0.6610326	0.0494728	0.111373	0.0259674	0.0775243	0.00416593	0.0437218	0.0290655	0.0326895	0.108577	0.0728846	0.147044	0.142055	0.250921	0.0658923	0.344549	0.909526	2.68003	1	1.095462
2608000	83.11383	-56.52875	139.6426	0.05	0.6799112	0.0458186	0.116792	0.0463813	0.0267048	0.00165392	0.0117359	0.0108172	0.015814	0.132478	0.126152	0.172781	0.083616	0.0293595	0.0699035	0.353896	0.91719	2.65901	1	0.8201038
2609000	81.60197	-54.06822	135.6702	0.05	1.19418	0.0840153	0.00738444	0.0400333	0.108065	0.017337	0.0285149	0.141064	0.0254555	0.0402595	0.0188202	0.483533	0.0101999	0.132553	0.173997	0.528236	1.02597	2.2718	1	1.137235
2610000	82.09317	-56.3207	138.4139	0.05	2.208859	0.0811439	0.0134818	0.00821664	0.0546442	0.0321158	0.0340121	0.0137315	0.0218512	0.149129	0.0221878	0.0200895	0.314415	0.0192471	0.316993	0.675532	1.07443	1.93304	1	0.7842657
2611000	79.38944	-55.11292	134.5024	0.05	0.4063569	0.0210695	0.0786206	0.0390127	0.0456515	0.0050411	0.0651986	0.0754833	0.107548	0.360946	0.283416	0.054519	0.226533	0.00267009	0.0176421	0.186489	0.738069	3.0578	1	1.365709
2612000	75.66588	-53.26492	128.9308	0.05	0.7944067	0.00519054	0.138388	0.00497479	0.168633	0.00408896	0.0482895	0.162663	0.0415301	0.045856	0.912952	0.0710084	0.016536	0.22516	0.094368	0.404872	0.955393	2.54537	1	1.84527
2613000	85.93933	-54.05233	139.9917	0.05	0.1433703	0.0237648	0.0376499	0.0322539	0.0886995	0.00185414	0.0264212	0.0205626	0.00616572	0.144527	0.0349763	0.244607	0.120962	0.0212603	3.46537e-05	0.00870416	0.221748	3.76951	1	0.8037041
2614000	82.9609	-51.96156	134.9225	0.05	0.5300578	0.108934	0.0110216	0.0806654	0.144242	0.0450769	0.0849891	0.00627704	0.00986875	0.692634	0.0460962	0.0179303	0.00326778	0.0387126	0.039085	0.271086	0.840964	2.84886	1	1.289715
2615000	70.7358	-54.80908	125.5449	0.05	1.3434	0.203544	0.148468	0.132764	0.137512	0.112084	0.175656	0.00973325	0.0273993	0.184113	0.660843	0.0322215	0.300957	0.0184268	0.200086	0.56023	1.03973	2.19995	1	2.143723
2616000	81.72611	-55.1585	136.8846	0.05	0.9319997	0.045285	0.0139236	0.012062	0.138867	0.0206654	0.0258297	0.00116924	0.00371996	0.0721251	0.283198	0.163368	0.160077	0.105429	0.123194	0.455313	0.987751	2.43374	1	1.045719
2617000	80.56534	-57.0875	137.6528	0.05	1.523802	0.053772	0.0658757	0.00972553	0.0108028	0.0832978	0.0295843	0.0160618	0.0534723	0.160986	0.17506	0.0944362	0.0142943	0.175015	0.228976	0.592471	1.05179	2.12676	1	0.942384
2618000	79.61164	-52.69073	132.3024	0.05	1.977189	0.0492659	0.249092	0.093375	0.0489708	0.010932	0.0105168	0.0362171	0.146432	0.184058	0.0710398	0.384572	0.059924	0.0756803	0.290536	0.652566	1.06941	1.98749	1	1.420076
2619000	74.14216	-55.86192	130.0041	0.05	1.187069	0.0930666	0.0615072	0.00685304	0.12587	0.142708	0.026674	0.142337	0.0163768	0.0457051	0.216579	0.130918	0.324111	0.398972	0.172702	0.526566	1.0252	2.27553	1	1.731677
2620000	83.10492	-51.23815	134.3431	0.05	1.294227	0.176306	0.149972	0.0203574	0.0667983	0.0887072	0.00765119	0.00359591	0.0176255	0.118607	0.0690317	0.0446545	0.37743	0.141368	0.191715	0.550291	1.03565	2.22235	1	1.282104
2621000	79.03139	-55.01746	134.0488	0.05	1.723783	0.0957032	0.0159904	0.0763123	0.220556	0.0352593	0.074397	0.0407276	0.0681622	0.0775096	0.227764	0.253365	0.0709286	0.007671	0.257916	0.622011	1.06125	2.05883	1	1.264346
2622000	81.25861	-52.73755	133.9962	0.05	1.464043	0.00969798	0.0674757	0.0153388	0.0228746	0.0803906	0.211819	0.0151194	0.0310427	0.254701	0.114575	0.100375	0.142639	0.245951	0.219714	0.58246	1.04824	2.14959	1	1.312
2623000	80.6435	-52.02228	132.6658	0.05	2.740905	0.0373763	0.0797961	0.101601	0.0697886	0.0526142	0.0475647	0.0619882	0.0445298	0.01553	0.097541	0.607771	0.0793797	0.000861719	0.368169	0.716092	1.0809	1.83484	1	1.296342
2624000	87.42191	-51.27028	138.6922	0.05	2.643113	0.0986815	0.0171667	0.0452059	0.0167971	0.00916923	0.058833	0.00440964	0.0675207	0.00391182	0.0323866	0.0197342	0.202103	0.121346	0.359618	0.709635	1.08008	1.85067	1	0.6972651
2625000	81.41601	-55.98464	137.4006	0.05	0.6073329	0.00407139	0.258668	0.0775216	0.0660923	0.00126489	0.0387587	0.0122989	0.00492724	0.33557	0.143715	0.0436309	0.0333671	0.0166174	0.0546239	0.316324	0.885014	2.74404	1	1.036503
2626000	86.87906	-50.67531	137.5544	0.05	1.230156	0.040743	0.0553846	0.0369095	0.0308515	0.00161848	0.0197063	0.130672	0.0307437	0.0197662	0.0477122	0.0319939	0.324599	0.174797	0.180475	0.536469	1.02968	2.25338	1	0.9454975
2627000	81.7065	-53.19097	134.8975	0.05	1.108304	0.0863312	0.116697	0.0182651	0.10144	0.0609263	0.00749137	0.105771	0.00173162	0.0977061	0.36225	0.0243633	0.183076	0.0532775	0.158043	0.507049	1.01586	2.31905	1	1.219328
2628000	80.51355	-54.50248	135.016	0.05	0.671607	0.268038	0.0622699	0.152273	0.0875112	0.120806	0.00887832	0.00324893	0.012604	0.0674167	0.0410681	0.0371051	0.0147813	0.365041	0.0681368	0.34982	0.913875	2.66817	1	1.241041
2629000	78.58031	-55.9996	134.5799	0.05	0.22765	0.166635	0.0756334	0.14502	0.157371	0.0083368	0.0395001	0.00212065	0.000451037	0.0787833	0.435774	0.0128421	0.061884	0.174136	0.00122841	0.0510938	0.451926	3.49575	1	1.358488
2630000	81.34392	-55.45395	136.7979	0.05	0.2629349	0.0875535	0.144814	0.0852237	0.184008	0.00649131	0.02382	0.0251765	0.0277282	0.0856727	0.0198721	0.136686	0.000881375	0.291615	0.00277019	0.0761775	0.527981	3.39307	1	1.119542
2631000	81.26364	-55.45721	136.7209	0.05	1.559551	0.0181508	0.0845338	0.206277	0.00936136	0.0860361	0.0644364	0.00622421	0.0429603	0.0173165	0.00276103	0.144624	0.297913	0.00436168	0.234377	0.598178	1.05374	2.11371	1	0.9849568
2632000	79.20828	-54.38698	133.5953	0.05	1.551766	0.0774897	0.0796878	0.105449	0.0617358	0.0507668	0.0852102	0.0127562	0.01469	0.0509743	0.0665525	0.191075	0.499045	0.0155724	0.233209	0.596952	1.05332	2.11652	1	1.311004
2633000	89.17128	-50.25565	139.4269	0.05	0.4901302	0.0591711	0.0120307	0.0453186	0.0108081	0.0101783	0.0334586	0.00287305	0.0523156	0.0885958	0.015114	0.262021	0.161859	0.069609	0.0315733	0.245424	0.812952	2.91005	1	0.8233535
2634000	73.18753	-62.06192	135.2495	0.05	1.149526	0.0985318	0.0208508	0.203819	0.0432139	0.00774969	0.168362	0.0314271	0.0846407	0.0102814	0.131055	0.325448	0.0269642	0.0210304	0.165787	0.517503	1.02095	2.29576	1	1.173373
2635000	79.60539	-53.59854	133.2039	0.05	1.516332	0.0592449	0.00743422	0.0130305	0.162605	0.0801796	0.134657	0.142819	0.00255196	0.110534	0.027561	0.0462851	0.0561357	0.519843	0.227835	0.591253	1.05137	2.12955	1	1.362881
2636000	78.38279	-56.55636	134.9392	0.05	0.5040072	0.0631399	0.0683093	0.127106	0.00983497	0.00780967	0.0366611	0.0245799	0.00417124	0.0701774	0.168573	0.553796	0.0575684	0.0801591	0.0341329	0.254524	0.823162	2.88818	1	1.271886
2637000	79.6709	-54.64237	134.3133	0.05	2.079768	0.0379705	0.127868	0.0815125	0.0562766	0.0172751	0.0414898	0.0688885	0.00870246	0.35801	0.23747	0.048376	0.0945648	0.0164095	0.302614	0.663237	1.07186	1.96229	1	1.194813
2638000	84.27867	-52.12833	136.407	0.05	0.6005875	0.0461195	0.156194	0.0794019	0.00430829	0.0121342	0.00922718	0.0178899	0.00544192	0.019197	0.11357	0.021017	0.0781835	0.622672	0.0532293	0.312599	0.881618	2.75255	1	1.185357
2639000	74.09639	-61.78307	135.8795	0.05	4.838593	0.00251089	0.0615721	0.00969901	0.0263053	0.00298631	0.0457399	0.139052	0.101784	0.0500127	0.0494685	0.140245	0.0162956	0.164061	0.495233	0.799987	1.08357	1.62121	1	0.8097326
2640000	84.62263	-51.29737	135.92	0.05	1.002195	0.0297722	0.0890974	0.152822	0.0702466	0.00255832	0.0446757	0.014236	0.0272624	0.218622	0.0549006	0.0663491	0.0238838	0.349146	0.137392	0.477411	1.00036	2.38483	1	1.143572
2641000	91.3727	-49.99962	141.3723	0.05	0.6973776	0.0340956	0.118218	0.0546389	0.0231842	0.0232287	0.00643458	0.000553944	0.00914152	0.0362076	0.0123101	0.0395619	0.256378	0.0287456	0.0736282	0.36229	0.923893	2.64019	1	0.6426987
2642000	82.34377	-51.81617	134.1599	0.05	2.038314	0.0579883	0.0996639	0.0107714	0.0514025	0.00835555	0.02451	0.026582	0.0397361	0.391036	0.159246	0.232337	0.104121	0.0113223	0.297806	0.659027	1.07092	1.97225	1	1.217072
2643000	78.99067	-56.41577	135.4064	0.05	0.8829397	0.00726366	0.115377	0.0525225	0.0107328	0.0123902	0.152387	0.0301916	0.0680429	0.278831	0.0972772	0.00404153	0.387498	0.0281883	0.113047	0.438501	0.97753	2.47092	1	1.244745
2644000	80.20665	-57.84225	138.0489	0.05	0.6950834	0.112856	0.00960422	0.0196486	0.0114241	0.137241	0.0271251	0.0345098	0.0431592	0.138266	0.136348	0.113863	0.0765037	0.0950172	0.0731384	0.361201	0.923033	2.64263	1	0.9555665
2645000	86.18021	-50.97283	137.153	0.05	2.173603	0.187135	0.0332808	0.00318833	0.00854778	0.0494347	0.067203	0.013404	0.00850071	0.113134	0.062519	0.0714403	0.0417057	0.245461	0.313153	0.67229	1.07378	1.94077	1	0.9049546
2646000	81.2598	-52.83857	134.0984	0.05	2.238506	0.12356	0.0284338	0.0758753	0.0702946	0.0393771	0.0945787	0.0629121	0.010721	0.00943379	0.230677	0.425524	0.0255458	0.0209866	0.320175	0.678195	1.07495	1.92668	1	1.21792
2647000	80.01195	-59.88354	139.8955	0.05	1.113596	0.0175221	0.033807	0.0334616	0.0298189	0.0112598	0.117661	0.116917	0.0865496	0.109723	0.0414368	0.0310721	0.0177145	0.0979212	0.159046	0.508421	1.01654	2.31599	1	0.7448657
2648000	81.28071	-51.55205	132.8328	0.05	1.214565	0.046344	0.0295766	0.00350791	0.123792	0.0195312	0.00289932	0.0199579	0.0256662	0.397765	0.0985137	0.424295	0.0342737	0.213507	0.177683	0.532945	1.02811	2.26127	1	1.43963
2649000	80.70017	-54.8181	135.5183	0.05	1.633342	0.0966268	0.0116321	0.0640873	0.133739	0.0032477	0.0540277	0.0160174	0.015839	0.243084	0.0045814	0.188911	0.18065	0.111204	0.245206	0.609345	1.05738	2.08807	1	1.123648
2650000	82.84295	-53.9948	136.8377	0.05	0.5091679	0.105922	0.0418254	0.0430409	0.16985	0.0684308	0.0152595	0.0435162	0.018557	0.15995	0.277812	0.0194892	0.0715936	0.0687133	0.0350993	0.257859	0.826826	2.88022	1	1.10396
2651000	77.8751	-56.6713	134.5464	0.05	1.131513	0.0163513	0.101724	0.0593046	0.440355	0.0471135	0.0209807	0.000501546	0.00278877	0.011176	0.114036	0.0571054	0.141267	0.312969	0.162423	0.513002	1.01878	2.3058	1	1.325673
2652000	81.96967	-54.69228	136.662	0.05	0.4198372	0.00735296	0.0475095	0.113528	0.0426335	0.0232174	0.0415369	0.135218	0.0121552	0.112595	0.271691	0.0491073	0.122237	0.156241	0.0196772	0.196413	0.751884	3.03203	1	1.135023
2653000	76.5331	-56.59901	133.1321	0.05	2.427808	0.0197416	0.0198113	0.16866	0.0664923	0.0331184	0.027275	0.0655764	0.0824049	0.00165162	0.213168	0.0426664	0.428728	0.13019	0.339504	0.693955	1.07776	1.88878	1	1.299485
2654000	77.87195	-54.67785	132.5498	0.05	1.197587	0.106783	0.0319946	0.191085	0.309271	0.0331407	0.00782036	0.00122631	0.0291817	0.307476	0.0710286	0.125936	0.114678	0.120067	0.174615	0.529032	1.02633	2.27002	1	1.449689
2655000	83.2031	-52.58743	135.7905	0.05	0.6287371	0.0445662	0.0257538	0.122159	0.0105398	0.0895162	0.0429157	0.012532	0.0632252	0.568711	0.115607	0.0474907	0.00845756	0.0348364	0.059084	0.327874	0.8953	2.71774	1	1.18631
2656000	87.55011	-51.71032	139.2604	0.05	0.5091723	0.0383255	0.0432707	0.0390397	0.0536203	0.0375301	0.00917425	0.0162856	0.0382857	0.04126	0.16107	0.0675288	0.0011253	0.301965	0.0351001	0.257862	0.826829	2.88021	1	0.8484808
2657000	76.63283	-54.18468	130.8175	0.05	0.6512447	0.124556	0.0112818	0.00233746	0.105973	0.00817066	0.0939977	0.00555732	0.0712363	0.0844573	0.923114	0.0395053	0.197317	0.0302602	0.0638207	0.339588	0.905369	2.69122	1	1.697765
2658000	77.12024	-58.94431	136.0646	0.05	0.1940355	0.0103108	0.0290292	0.0873457	0.0510677	0.245286	0.0531624	0.14084	0.0722532	0.241526	0.0225606	0.105849	0.00683116	0.177497	0.000429609	0.030407	0.367913	3.60125	1	1.24356
2659000	69.19094	-57.50372	126.6947	0.05	0.5542135	0.0526216	0.196985	0.0927803	0.111813	0.151194	0.0441406	0.267502	0.0519656	0.107632	0.0863312	0.513273	0.323974	0.12945	0.0438241	0.285842	0.856033	2.8143	1	2.129663
2660000	81.17008	-53.084	134.2541	0.05	1.755802	0.119227	0.0460548	0.0504149	0.047643	0.00450118	0.030485	0.0717234	0.0312034	0.0553867	0.223076	0.348954	0.197129	0.0340762	0.262274	0.626251	1.06248	2.049	1	1.259875
2661000	87.23625	-53.02251	140.2588	0.05	1.04776	0.0369849	0.0102144	0.0117987	0.0284912	0.041002	0.0640823	0.0907601	0.00317163	0.031085	0.0352751	0.00346437	0.228672	0.177814	0.146384	0.490651	1.00748	2.35548	1	0.7628158
2662000	86.14019	-53.69191	139.8321	0.05	0.6658572	0.0556306	0.009617	0.0793389	0.0255422	0.0354576	0.0171856	0.0522308	0.0257791	0.0482482	0.142972	0.129979	0.0113059	0.16084	0.0669156	0.346965	0.911528	2.67459	1	0.7941266
2663000	83.86595	-53.72731	137.5933	0.05	2.114544	0.0536132	0.00154328	0.0979044	0.061231	0.101872	0.0188032	0.0305574	0.00996471	0.0907887	0.0383691	0.0341706	0.0497101	0.276405	0.306575	0.666666	1.07261	1.95415	1	0.8649326
2664000	88.18276	-51.52463	139.7074	0.05	1.433683	0.0466982	0.0947842	0.011762	0.0553131	0.097078	0.0094384	0.00159065	0.0018059	0.264784	0.026775	0.0664693	0.00989735	0.0451563	0.214894	0.577132	1.04628	2.1617	1	0.7315526
2665000	85.99456	-53.45889	139.4534	0.05	0.3114406	0.0135017	0.134317	0.0309482	0.112332	0.0249622	0.0460131	0.0111945	0.0473583	0.0810348	0.0843203	0.00120531	0.232389	0.0343588	0.00626915	0.113419	0.614525	3.26579	1	0.8539355
2666000	80.63194	-51.81139	132.4433	0.05	1.528929	0.0578235	0.0970753	0.00935389	0.01409	0.1061	0.0808165	0.0057909	0.0971826	0.142085	0.0683595	0.49315	0.209978	0.0428445	0.229757	0.593302	1.05208	2.12486	1	1.424649
2667000	88.45204	-52.34638	140.7984	0.05	0.4920183	0.066107	0.0310899	0.00958271	0.00715009	0.0566234	0.0496081	0.00696879	0.00367496	0.00781001	0.345342	0.0474587	0.0277874	0.0348453	0.0319181	0.246673	0.814373	2.90704	1	0.6940487
2668000	76.87227	-57.27716	134.1494	0.05	0.8918338	0.00083744	0.0231465	0.0202659	0.104778	0.082585	0.292063	0.0375766	0.0427024	0.0107202	0.0740318	0.0944127	0.462671	0.11158	0.114899	0.441639	0.979479	2.46398	1	1.35737
2669000	81.6468	-54.07784	135.7246	0.05	2.021512	0.106139	0.0468508	0.106182	0.0516217	0.0739712	0.090618	0.0377723	0.00272066	0.0514885	0.0691772	0.0720964	0.334371	0.0170777	0.295829	0.657282	1.07052	1.97637	1	1.060086
2670000	87.39311	-53.71195	141.1051	0.05	0.2506023	0.0314476	0.0568846	0.0226149	0.0103516	0.0116119	0.0443436	0.00746745	0.00995683	0.168512	0.0463947	0.0240602	0.0480091	0.227577	0.00213994	0.0671252	0.502754	3.42798	1	0.7092314
2671000	81.05381	-54.82556	135.8794	0.05	0.820828	0.0981129	0.0638177	0.027337	0.0281779	0.0533487	0.0374322	0.0786655	0.0790106	0.137303	0.259356	0.0981328	0.0211955	0.170205	0.0999824	0.415386	0.962563	2.52207	1	1.152095
2672000	75.03737	-57.80004	132.8374	0.05	1.319299	0.154022	0.226187	0.0645312	0.0414819	0.0676294	0.0211421	0.0082192	0.00579721	0.143061	0.0545217	0.147334	0.316973	0.163093	0.196011	0.555428	1.03778	2.21078	1	1.413993
2673000	76.74067	-59.75628	136.497	0.05	0.8655025	0.0925556	0.0149784	0.0904434	0.0532788	0.0921449	0.0471785	0.0335472	0.0156561	0.236633	0.00656924	0.0902471	0.105917	0.219133	0.109401	0.432227	0.973574	2.4848	1	1.098283
2674000	78.01475	-54.2276	132.2424	0.05	0.6434787	0.371854	0.052202	0.0327113	0.0108975	0.0610002	0.0314702	0.0171716	0.0141299	0.500146	0.0488193	0.16261	0.0249514	0.221344	0.0621817	0.335595	0.901977	2.70025	1	1.549307
2675000	83.78878	-52.58571	136.3745	0.05	0.2880352	0.00946705	0.148292	0.0448596	0.0616601	0.0171665	0.0361303	0.033301	0.0728261	0.0541989	0.639618	0.0214898	0.0131931	0.00704808	0.00437505	0.0952258	0.575151	3.32525	1	1.159251
2676000	79.99391	-54.20642	134.2003	0.05	1.491308	0.0885519	0.0664286	0.0141184	0.132253	0.0694438	0.115782	0.00858317	0.00702671	0.261531	0.335624	0.00454958	0.0787977	0.0722637	0.223977	0.587103	1.04991	2.13901	1	1.254953
2677000	85.51165	-52.13458	137.6462	0.05	0.7850621	0.0475642	0.00641471	0.0146043	0.0202479	0.111378	0.0435166	0.0325898	0.00285177	0.0526762	0.133811	0.00740405	0.407847	0.119697	0.0923763	0.40105	0.952728	2.55385	1	1.000603
2678000	83.984	-54.42072	138.4047	0.05	0.5126881	0.0960677	0.0120745	0.0200424	0.0113581	0.0596074	0.0387965	0.00577033	0.022565	0.0427799	0.475552	0.0984246	0.0170786	0.0583863	0.0357628	0.260118	0.829285	2.87483	1	0.9585029
2679000	81.94626	-55.70473	137.651	0.05	0.2958185	0.0947084	0.00967939	0.111154	0.0640513	0.0614417	0.0114282	0.00463231	0.0115577	0.0684471	0.15171	0.25807	0.104224	0.0930503	0.00496225	0.101246	0.588713	3.30508	1	1.044154
2680000	78.8358	-53.27689	132.1127	0.05	6.14076	0.0501375	0.00949396	0.182843	0.0557255	0.0520813	0.0808854	0.00558194	0.01164	0.270889	0.0218033	0.0331312	0.208546	0.0317824	0.543513	0.827013	1.08094	1.54853	1	1.014541
2681000	84.13904	-49.76222	133.9013	0.05	1.135491	0.118493	0.00329896	0.0216276	0.0325616	0.0278031	0.03977	0.0117165	0.00784473	0.75537	0.0379431	0.0317814	0.154234	0.0767158	0.163168	0.514005	1.01927	2.30356	1	1.31916
2682000	77.97763	-52.82338	130.801	0.05	1.003158	0.167718	0.00798535	0.322239	0.120434	0.00403748	0.0354249	0.0259526	0.0164324	0.110767	0.26646	0.0312852	0.475525	0.0692197	0.137584	0.477699	1.00052	2.3842	1	1.653482
2683000	88.8812	-53.44152	142.3227	0.05	0.4018815	0.0309801	0.0175931	0.00595434	0.097654	0.0166098	0.041338	0.0747184	0.0126988	0.000981231	0.018692	0.038796	0.185276	0.0148611	0.0169868	0.18316	0.733309	3.06654	1	0.5561531
2684000	76.60163	-57.13028	133.7319	0.05	0.5738879	0.00570494	0.0154249	0.138393	0.0586581	0.118644	0.0806096	0.0717693	0.0800569	0.255511	0.0916023	0.339561	0.173739	0.024459	0.047771	0.297442	0.867389	2.7874	1	1.454134
2685000	85.80422	-48.10879	133.913	0.05	3.364636	0.107784	0.0388218	0.038223	0.0206613	0.00572521	0.00588562	0.0173656	0.0478113	0.157605	0.0320891	0.163306	0.406762	0.0499853	0.415641	0.749908	1.08381	1.75064	1	1.092025
2686000	71.48873	-57.40498	128.8937	0.05	1.134801	0.0659642	0.0316035	0.0778232	0.0582542	0.147525	0.0402352	0.375539	0.0845655	0.131956	0.113961	0.126168	0.078147	0.524306	0.163039	0.513831	1.01918	2.30395	1	1.856047
2687000	76.40259	-53.90549	130.3081	0.05	2.775498	0.0693747	0.102286	0.0761101	0.0245416	0.0566462	0.0310684	0.129385	0.0462415	0.019092	0.370226	0.0875589	0.426008	0.0901154	0.371112	0.718288	1.08116	1.82944	1	1.528653
2688000	88.61142	-50.40112	139.0125	0.05	1.96831	0.0326444	0.0706554	0.0423117	0.0364113	0.0782315	0.00326288	0.00318982	0.00418133	0.0372619	0.0813536	0.000790731	0.264631	0.0835815	0.289462	0.651601	1.06918	1.98976	1	0.7385068
2689000	81.60568	-53.77172	135.3774	0.05	1.675268	0.0471968	0.110691	0.0755547	0.00529248	0.0961795	0.0267806	0.00220218	0.0344763	0.343185	0.0707923	0.264671	0.0591922	0.00251789	0.251173	0.615348	1.05925	2.07423	1	1.138731
2690000	85.1338	-51.53589	136.6697	0.05	2.259598	0.0782249	0.0202865	0.00219692	0.0214764	2.49441e-05	0.0486524	0.0681445	0.157505	0.236274	0.0592032	0.125407	0.0337579	0.0995251	0.322411	0.680055	1.07531	1.92222	1	0.9506794
2691000	82.48862	-53.2576	135.7462	0.05	0.700475	0.0986509	0.121838	0.0593632	0.0227432	0.0734308	0.0249941	0.0328021	0.0175461	0.13687	0.157518	0.0949388	0.131973	0.197773	0.0742897	0.363754	0.925044	2.63691	1	1.170442
2692000	87.19599	-53.12301	140.319	0.05	0.4006237	0.016194	0.0352346	0.0199715	0.00639764	0.00656213	0.0468637	0.0106038	0.113607	0.187049	0.00113952	0.153978	0.0916331	0.0917066	0.0168045	0.182222	0.731955	3.06902	1	0.7809404
2693000	80.36116	-60.09039	140.4515	0.05	0.3994633	0.0018038	0.0259245	0.0166456	0.0677846	0.0285434	0.0675453	0.0759252	0.106496	0.0222249	0.0285038	0.044704	0.0691618	0.237123	0.016637	0.181355	0.730699	3.07131	1	0.7923855
2694000	82.36202	-52.06761	134.4296	0.05	1.511227	0.157717	0.0431308	0.0584377	0.0437756	0.00545587	0.0524927	0.0408633	0.0363576	0.109995	0.0135433	0.151946	0.444257	0.0862651	0.227052	0.590415	1.05107	2.13146	1	1.244237
2695000	83.85724	-52.41011	136.2673	0.05	1.117395	0.0486246	0.0666739	0.0890246	0.0378953	0.0220517	0.0742215	0.0384211	0.0588464	0.0170474	0.302189	0.0281365	0.155907	0.172618	0.159764	0.509401	1.01702	2.31381	1	1.111656
2696000	85.37037	-52.46086	137.8312	0.05	0.7434279	0.122578	0.0199978	0.0525261	0.133278	0.0203286	0.0339829	0.0203963	0.0116171	0.0572218	0.000628679	0.140808	0.340979	0.0233923	0.0834782	0.38332	0.939957	2.59325	1	0.9777334
2697000	81.39576	-53.40098	134.7967	0.05	0.7093495	0.00339527	0.153798	0.0453109	0.114953	0.0912181	0.00158315	0.00587743	0.108567	0.156381	0.0156152	0.0350549	0.464807	0.0765658	0.0761864	0.367908	0.928284	2.62762	1	1.273126
2698000	81.7443	-52.84222	134.5865	0.05	1.994168	0.0897975	0.161301	0.0932502	0.0215413	0.0495321	0.0138172	0.00646661	0.0112362	0.182096	0.23952	0.13607	0.0316112	0.130089	0.292577	0.654392	1.06984	1.98319	1	1.166328
2699000	86.58185	-51.50413	138.086	0.05	0.9152381	0.0129583	0.0627532	0.0345789	0.107805	0.0239259	0.00200835	0.0587921	0.0129185	0.144306	0.200337	0.116306	0.0176704	0.129931	0.119747	0.449703	0.984401	2.44615	1	0.924291
2700000	80.80513	-53.66158	134.4667	0.05	0.5008065	0.0181408	0.183079	0.0708519	0.0423512	0.000189904	0.0726836	0.00370864	0.0786654	0.134618	0.0988114	0.457411	0.0502527	0.125769	0.0335373	0.252442	0.820854	2.89317	1	1.336533
2701000	86.16464	-51.69566	137.8603	0.05	1.634978	0.00983502	0.0296544	0.0317381	0.0400255	0.0195012	0.162484	0.00345515	0.00466568	0.0243641	0.0253586	0.0177087	0.13504	0.386436	0.245441	0.609583	1.05745	2.08752	1	0.8902669
2702000	86.77092	-51.72938	138.5003	0.05	2.702611	0.1429	0.0538823	0.0232106	0.0191693	0.00619287	0.0200809	0.0529779	0.000165775	0.100168	0.0104216	0.0498926	0.0645591	0.183974	0.364861	0.713609	1.08059	1.84094	1	0.7275955
2703000	82.17609	-53.47004	135.6461	0.05	0.3132204	0.016478	0.100016	0.0837296	0.0826046	0.0405466	0.0521236	0.000734451	0.0180082	0.0372135	0.0743745	0.581927	0.128144	0.0235817	0.00642884	0.114811	0.617351	3.26141	1	1.239482
2704000	70.83047	-56.34607	127.1765	0.05	4.810382	0.0811778	0.090285	0.176675	0.136683	0.0937058	0.0872535	0.0291429	0.00916155	0.0888436	0.133774	0.0917081	0.00546885	0.619084	0.494006	0.799271	1.08362	1.62311	1	1.642963
2705000	84.07345	-54.75867	138.8321	0.05	0.387387	0.0732429	0.000574472	0.00771409	0.120865	0.0277857	0.0886651	0.00209995	0.00339195	0.0574816	0.0949458	0.106682	0.0766438	0.294153	0.0149376	0.172273	0.717263	3.09553	1	0.9542455
2706000	73.24619	-60.10501	133.3512	0.05	1.604039	0.00293604	0.228042	0.0653565	0.0295054	0.0279791	0.152361	0.0501646	0.0413481	0.314542	0.115536	0.135578	0.125505	0.0331826	0.240956	0.605005	1.05599	2.09805	1	1.322035
2707000	86.1913	-51.4403	137.6316	0.05	1.722377	0.0172909	0.135418	0.0808554	0.0336244	0.00783061	0.00391575	0.00281624	0.0317782	0.153229	0.125638	0.152035	0.109837	0.037804	0.257723	0.621822	1.06119	2.05926	1	0.8920726
2708000	89.18925	-50.1016	139.2908	0.05	2.448437	0.0168564	0.0166331	0.0859015	0.040632	0.0324767	0.00428878	0.00918755	0.00560181	0.271121	0.0519146	0.0647926	0.0296965	0.060612	0.341513	0.695553	1.07802	1.88492	1	0.6897143
2709000	81.29249	-56.39815	137.6906	0.05	0.4680436	0.0235019	0.100922	0.0489138	0.0403692	0.0210058	0.00293253	0.0197727	0.0168798	0.0221184	0.346154	0.127068	0.0372949	0.207614	0.0276289	0.230543	0.795547	2.94628	1	1.014547
2710000	76.48879	-56.70202	133.1908	0.05	0.8951484	0.077105	0.0241	0.0781315	0.146456	0.0495511	0.057506	0.0842554	0.131999	0.060074	0.41001	0.10633	0.0895896	0.130562	0.115588	0.442798	0.980194	2.46142	1	1.445669
2711000	83.27102	-54.03977	137.3108	0.05	0.7946339	0.169956	0.113412	0.01545	0.0460397	0.03839	0.0409492	0.00131157	0.0873881	0.0963621	0.00368734	0.336865	0.0414915	0.0554666	0.0944164	0.404965	0.955457	2.54516	1	1.046769
2712000	81.95412	-53.41484	135.369	0.05	1.484416	0.118169	0.00936102	0.0248251	0.0113143	0.0588387	0.256456	0.0191923	0.0193328	0.0307543	0.13468	0.0358422	0.00981281	0.433961	0.222905	0.585942	1.04949	2.14166	1	1.162541
2713000	77.23402	-57.41839	134.6524	0.05	1.588016	0.0017682	0.0193525	0.00151806	0.0366927	0.136193	0.0506323	0.148086	0.197488	0.0158826	0.0710146	0.538123	0.0423283	0.053248	0.238604	0.60258	1.0552	2.10362	1	1.312328
2714000	80.76168	-54.07946	134.8411	0.05	2.758409	0.0553088	0.0610916	0.00211016	0.103904	0.0573608	0.0575363	0.0346758	0.019039	0.0165537	0.00883219	0.384329	0.192783	0.101052	0.369663	0.717209	1.08103	1.8321	1	1.094576
2715000	83.82921	-49.16058	132.9898	0.05	5.751165	0.131914	0.110112	0.0312841	0.028289	0.0154314	0.0348872	0.0348779	0.0167551	0.0706603	0.0471878	0.0449766	0.0951922	0.269322	0.530571	0.819991	1.08181	1.56763	1	0.9308897
2716000	89.82829	-50.28353	140.1118	0.05	0.6494381	0.0397276	0.0804889	0.105794	0.0150973	0.00137172	0.0479869	0.00355873	0.0145897	0.228233	0.120092	0.0551845	0.0208915	0.0286826	0.063439	0.338664	0.904587	2.69331	1	0.7616981
2717000	84.45734	-50.74366	135.201	0.05	3.944558	0.113923	0.0127315	0.00346824	0.0792346	0.0266926	0.0258513	0.143029	0.0284588	0.116482	0.3124	0.0229302	0.0257744	0.0245022	0.45129	0.77327	1.08441	1.69103	1	0.9354767
2718000	74.98278	-58.93357	133.9163	0.05	3.44048	0.0446081	0.0958706	0.0808354	0.05594	0.072678	0.0706285	0.00289517	0.136025	0.0136734	0.304835	0.054708	0.149834	0.0324948	0.420707	0.753327	1.08397	1.742	1	1.115026
2719000	76.49483	-57.37425	133.8691	0.05	0.6849618	0.080886	0.214159	0.0721658	0.131279	0.0772029	0.040674	0.0100405	0.0164897	0.453563	0.030811	0.129251	0.0442322	0.0742269	0.0709794	0.356347	0.919166	2.65351	1	1.374981
2720000	79.51001	-57.60436	137.1144	0.05	1.50784	0.0743727	0.0942834	0.0195863	0.0310902	0.147035	0.0188719	0.0476755	0.0534659	0.132284	0.0588106	0.222388	0.0357645	0.0594166	0.226531	0.589856	1.05088	2.13273	1	0.9950442
2721000	85.01524	-53.02974	138.045	0.05	0.7963386	0.00214587	0.0555135	0.167575	0.0183539	0.00885324	0.0323855	0.0606046	0.0374216	0.0374517	0.342817	0.0493072	0.137645	0.00355718	0.0947794	0.405656	0.955935	2.54363	1	0.9536302
2722000	75.1357	-58.73451	133.8702	0.05	0.5349651	0.033692	0.141143	0.0361456	0.0525264	0.0326308	0.0379342	0.109623	0.113616	0.0837369	0.286013	0.197275	0.179205	0.0710093	0.0400372	0.27413	0.844132	2.8417	1	1.374551
2723000	84.82793	-52.91099	137.7389	0.05	2.306453	0.0291616	0.021438	0.156017	0.0685184	0.00705727	0.00156281	0.00644541	0.0250033	0.0546671	0.0176204	0.0993722	0.217392	0.117259	0.327303	0.68409	1.07606	1.91255	1	0.8215152
2724000	74.51215	-52.63245	127.1446	0.05	0.9840202	0.194831	0.201075	0.00959671	0.0819996	0.191157	0.00299977	0.0117362	0.0397873	0.0985802	0.206111	0.410652	0.0781458	0.507263	0.133754	0.471895	0.997301	2.39705	1	2.033934
2725000	86.56066	-51.57677	138.1374	0.05	0.7360065	0.0727927	0.0226901	0.0388456	0.0620281	0.144254	0.00216942	0.00252755	0.00705429	0.137329	0.276531	0.0915022	0.0507849	0.0456372	0.0818899	0.380035	0.937514	2.60056	1	0.9541466
2726000	87.71042	-52.51458	140.225	0.05	0.7531952	0.15835	0.023036	0.00519043	0.0155048	0.0241415	0.0308823	0.051099	0.0261211	0.00383135	0.0392603	0.0667815	0.209807	0.0984397	0.0855681	0.387585	0.943092	2.58376	1	0.7524452
2727000	84.07818	-54.79171	138.8699	0.05	2.371214	0.0438996	0.0208624	0.0272135	0.0908839	0.0295339	0.0520065	0.0714486	0.0152954	0.104997	0.0389763	0.0136513	0.129485	0.0874714	0.333896	0.689455	1.07701	1.89964	1	0.7257244
2728000	82.02843	-54.55477	136.5832	0.05	0.8389092	0.0176784	0.019121	0.103149	0.0560621	0.0718163	0.0737552	0.0223745	0.0137272	0.323011	0.168305	0.110992	0.0688436	0.0647541	0.103807	0.42234	0.967179	2.50667	1	1.113589
2729000	83.2436	-55.87083	139.1144	0.05	0.315943	0.00183058	0.161432	0.0694136	0.018172	0.0343544	0.00197596	0.0299681	0.0338566	0.245324	0.00920224	0.132452	0.0626193	0.0994554	0.00667739	0.116941	0.621631	3.25475	1	0.9000557
2730000	79.53288	-52.43047	131.9634	0.05	7.259915	0.0335576	0.0441142	0.0466781	0.00212369	0.0842441	0.0204805	0.00346695	0.0773913	0.396324	0.0280104	0.0378754	0.112392	0.0247571	0.575376	0.843655	1.07835	1.50262	1	0.9114156
2731000	77.13329	-54.69057	131.8239	0.05	2.01944	0.0145743	0.104064	0.0577246	0.0385606	0.00876503	0.0839825	0.0202436	0.0998959	0.16055	0.011364	0.0541164	0.807614	0.00306161	0.295584	0.657065	1.07047	1.97688	1	1.464517
2732000	77.94458	-56.10873	134.0533	0.05	3.463781	0.152658	0.0439987	0.0634527	0.038412	0.0227697	0.0614051	0.0357766	0.0819303	0.0430853	0.00520241	0.10771	0.181274	0.257581	0.422237	0.754353	1.08401	1.7394	1	1.095255
2733000	85.19168	-54.80695	139.9986	0.05	0.7885067	0.184106	0.00368519	0.0133048	0.0565616	0.0643126	0.0559587	0.000611765	0.00887474	0.0270474	0.0657828	0.0777242	0.166201	0.0100623	0.0931108	0.402465	0.953719	2.55071	1	0.7342329
2734000	85.82577	-54.12914	139.9549	0.05	1.063688	0.0244635	0.111253	0.00222888	0.0671943	0.094949	0.0124725	0.0146242	0.0232207	0.136436	0.0108919	0.209778	0.0128049	0.00495921	0.149484	0.495092	1.0098	2.34562	1	0.7252757
2735000	87.53376	-51.68136	139.2151	0.05	1.862567	0.0178218	0.0567232	0.00455823	0.052124	0.0194992	0.0538325	0.0386306	0.00129991	0.236974	0.0202771	0.0549538	0.0959569	0.112233	0.276298	0.639556	1.06614	2.01801	1	0.7648837
2736000	78.30561	-58.91711	137.2227	0.05	0.798181	0.00622372	0.0941858	0.0134134	0.0714069	0.0232457	0.0297821	0.0642504	0.134403	0.0599585	0.0666328	0.0821991	0.359062	0.0482552	0.0951716	0.406401	0.95645	2.54198	1	1.053018
2737000	67.77501	-62.27496	130.05	0.05	2.283044	0.0760868	0.0011443	0.176316	0.252843	0.180931	0.239704	0.028965	0.106526	0.0257319	0.174856	0.262183	0.00999765	0.0827725	0.324872	0.682091	1.07569	1.91735	1	1.618056
2738000	81.47389	-51.42325	132.8971	0.05	1.020224	0.033145	0.0902688	0.00203616	0.0865271	0.0502249	0.152731	0.0744219	0.0015286	0.0710718	0.0626369	0.556571	0.197203	0.0630016	0.140971	0.482747	1.00327	2.37301	1	1.441368
2739000	79.63968	-54.98527	134.6249	0.05	2.629416	0.0489772	0.00710434	0.160131	0.0276025	0.0903499	0.0557393	0.0322308	0.0879939	0.270387	0.0966146	0.0238235	0.0386603	0.190794	0.358393	0.708699	1.07996	1.85295	1	1.130408
2740000	73.24143	-56.97368	130.2151	0.05	4.702155	0.0736177	0.114487	0.03491	0.0621996	0.14658	0.133602	0.0584193	0.00411253	0.0751596	0.0259793	0.47537	0.0414184	0.103223	0.489216	0.796455	1.08378	1.63055	1	1.349079
2741000	88.88953	-50.49996	139.3895	0.05	3.292457	0.0651221	0.00780471	0.00653008	0.0787729	0.036428	0.0304791	0.00952906	0.00266473	0.140784	0.0710628	0.001361	0.065054	0.0547962	0.410694	0.746535	1.08362	1.75915	1	0.5703892
2742000	78.29263	-52.67023	130.9629	0.05	2.696742	0.0821887	0.014953	0.157921	0.0323569	0.0193368	0.121716	0.0144105	0.032575	0.282264	0.00792545	0.0413192	0.0340201	0.629237	0.36435	0.713223	1.08055	1.84188	1	1.470224
2743000	85.18423	-52.99086	138.1751	0.05	2.053245	0.0599925	0.0325522	0.0554171	0.0479442	0.0639382	0.0205499	0.0601375	0.0112442	0.046115	0.123441	0.108474	0.0543847	0.164432	0.299549	0.660559	1.07127	1.96863	1	0.8486221
2744000	81.44171	-52.91864	134.3604	0.05	1.398459	0.130172	0.025955	0.0225951	0.0817967	0.0879369	0.00666614	0.024552	0.0541201	0.0125949	0.0560578	0.462093	0.0340402	0.258762	0.209202	0.570733	1.04386	2.17621	1	1.257343
2745000	88.30457	-51.23904	139.5436	0.05	0.8413578	0.0471216	0.0788742	0.0425463	0.0594005	0.0306395	0.00660614	0.0338225	0.0137937	0.0923282	0.0254774	0.118052	0.176234	0.067894	0.104324	0.423267	0.967787	2.50462	1	0.7927892
2746000	77.67282	-57.64027	135.3131	0.05	1.755058	0.0106661	0.0245714	0.0995344	0.0768264	0.0238061	0.0452544	0.00942521	0.13824	0.0361147	0.0800558	0.149327	0.451996	0.0501089	0.262173	0.626154	1.06245	2.04922	1	1.195926
2747000	79.68791	-54.44726	134.1352	0.05	1.337007	0.0362272	0.20184	0.0986469	0.0984673	0.013878	0.0810193	0.0600992	0.0268517	0.0291982	0.196226	0.379345	0.0519381	0.029263	0.19901	0.558969	1.03922	2.2028	1	1.303
2748000	75.67547	-54.48918	130.1646	0.05	4.188299	0.110034	0.0871668	0.00217304	0.0241948	0.0108952	0.110213	0.0102314	0.0386446	0.183413	0.317447	0.281426	0.140635	0.107902	0.464416	0.781479	1.08433	1.66978	1	1.424376
2749000	80.2309	-60.35298	140.5839	0.05	0.637262	0.0215356	0.0894285	0.00712369	0.0845786	0.16226	0.00854343	0.0158384	0.00249468	0.00905317	0.0241294	0.0283233	0.160854	0.23024	0.0608731	0.332362	0.8992	2.70757	1	0.844403
2750000	87.79249	-47.61019	135.4027	0.05	2.337576	0.118108	0.0147556	0.0296501	0.0779355	0.00414369	0.0207939	0.00432603	0.010625	0.129615	0.0262123	0.0515412	0.454223	0.118785	0.330496	0.686698	1.07653	1.90628	1	1.060714
2751000	79.39355	-58.44761	137.8412	0.05	0.4646513	0.0872416	0.0297115	0.120099	0.0145381	0.00309594	0.00962217	0.052314	0.0045913	0.417015	0.0283536	0.177814	0.0235965	0.0371208	0.0270384	0.228214	0.79274	2.95201	1	1.005113
2752000	86.74059	-49.82184	136.5624	0.05	3.395963	0.0581916	0.0401081	0.0270835	0.104179	0.0140903	0.0637905	0.0289919	0.00384355	0.0866168	0.224034	0.0451326	0.0836625	0.056257	0.41775	0.751336	1.08388	1.74704	1	0.8359818
2753000	85.75218	-53.74657	139.4988	0.05	1.569157	0.0416303	0.0749771	0.00522169	0.0131423	0.019996	0.0200053	0.0177218	0.0849027	0.0829036	0.0133598	0.187558	0.0416126	0.117834	0.235811	0.599677	1.05424	2.11027	1	0.7208651
2754000	87.59868	-50.25421	137.8529	0.05	0.8267462	0.0753933	0.117831	0.0180268	0.00386455	0.00999291	0.0354255	0.017375	0.017627	0.0209701	0.0775242	0.0685997	0.450117	0.0510916	0.101236	0.417683	0.964099	2.51698	1	0.9638387
2755000	90.71709	-50.07576	140.7929	0.05	1.000883	0.00309397	0.0698589	0.00951008	0.0386238	0.0593201	0.00931665	0.0149336	0.0214203	0.00669845	0.0521201	0.0691976	0.239748	0.0575831	0.13713	0.477017	1.00015	2.38571	1	0.6514247
2756000	80.81106	-57.76065	138.5717	0.05	1.394987	0.128614	0.000340942	0.145415	0.00165902	0.0225143	0.0209266	0.01016	0.0777711	0.0455802	0.21598	0.043708	0.110439	0.01985	0.208635	0.57009	1.04361	2.17767	1	0.8429586
2757000	78.58674	-54.18959	132.7763	0.05	1.182546	0.0801832	0.00580076	0.268909	0.0112296	0.107927	0.0532586	0.0819952	0.0344807	0.0444013	0.0619102	0.0570704	0.58498	0.0510685	0.171876	0.525497	1.02471	2.27792	1	1.443214
2758000	77.74058	-57.93771	135.6783	0.05	2.957876	0.0658613	0.00941339	0.00576246	0.122635	0.0796597	0.146986	0.0849694	0.0182396	0.0647918	0.121361	0.0322732	0.223457	0.0501379	0.385977	0.729169	1.0823	1.80255	1	1.025547
2759000	86.8024	-50.32334	137.1257	0.05	2.944403	0.121972	0.0267039	0.0100328	0.0538566	0.0182413	0.0306529	0.0283506	0.040099	0.184524	0.116493	0.0539184	0.107909	0.0405804	0.384915	0.728403	1.08223	1.80446	1	0.8333333
2760000	74.37172	-54.45487	128.8266	0.05	0.6199209	0.111128	0.235412	0.079422	0.111313	0.00986759	0.0517491	0.0266488	0.00755005	0.772218	0.0575588	0.0770939	0.311657	0.0444025	0.057241	0.323166	0.891151	2.72844	1	1.896021
2761000	78.60867	-55.36009	133.9688	0.05	2.098885	0.0355652	0.0366587	0.175411	0.0193119	0.0643838	0.0972695	0.0521847	0.0507959	0.183239	0.268478	0.0360287	0.207884	0.0171186	0.3048	0.665133	1.07228	1.95779	1	1.244329
2762000	82.50001	-53.72473	136.2247	0.05	4.142842	0.137794	0.0183326	0.0225106	0.135876	0.0379292	0.0402617	0.0350242	0.0236342	0.182459	0.0136593	0.0457562	0.0436621	0.0988733	0.462041	0.780008	1.08435	1.6736	1	0.8357734
2763000	86.74971	-53.86371	140.6134	0.05	0.5239684	0.0261807	0.0594437	0.0668682	0.0417026	0.0441346	0.0614538	0.000199598	0.0259759	0.0136386	0.0369744	0.171206	0.0565335	0.141549	0.0379116	0.267275	0.836954	2.85786	1	0.7458605
2764000	88.27713	-50.88319	139.1603	0.05	1.888558	0.096912	0.0764842	0.0205342	0.0494565	0.0568613	0.00402802	0.0103961	0.0430242	0.0588784	0.156739	0.0639189	0.0855828	0.0133137	0.279599	0.642615	1.06693	2.01085	1	0.7361289
2765000	82.32107	-52.90939	135.2305	0.05	1.176817	0.163736	0.0174282	0.0800975	0.058393	0.0272538	0.0528058	0.060186	0.0970666	0.118763	0.0742551	0.065532	0.113215	0.254642	0.170827	0.524133	1.02407	2.28097	1	1.183374
2766000	80.68137	-56.46566	137.147	0.05	1.414514	0.065885	0.003143	0.0268249	0.0355407	0.0346767	0.0999254	0.0601837	0.105985	0.0690007	0.256471	0.11281	0.0886339	0.0293324	0.211809	0.57368	1.04498	2.16953	1	0.9884115
2767000	78.52868	-59.08546	137.6141	0.05	1.552127	0.0296298	0.0223786	0.00571812	0.00372226	0.0586676	0.0501061	0.132491	0.144605	0.354832	0.00555341	0.0397057	0.0257599	0.108199	0.233264	0.597009	1.05334	2.11639	1	0.981368
2768000	79.25911	-55.72922	134.9883	0.05	0.92909	0.111121	0.105349	0.0668635	0.0685147	0.0305709	0.0221507	0.0166224	0.0555678	0.120612	0.293436	0.0357851	0.0573293	0.270324	0.122597	0.454349	0.987179	2.43587	1	1.254248
2769000	88.46874	-49.77109	138.2398	0.05	0.486066	0.171518	0.0213889	0.0408061	0.0739224	0.0272111	0.00835877	0.0123886	0.00159549	0.392967	0.0221521	0.0129453	0.0874336	0.116247	0.0308351	0.242722	0.809859	2.91658	1	0.9889344
2770000	73.62696	-53.38866	127.0156	0.05	1.509278	0.0678161	0.0669411	0.0270041	0.181293	0.191676	0.02702	0.0335173	0.0827081	0.148076	0.714994	0.388681	0.0241172	0.0154928	0.226752	0.590094	1.05096	2.13219	1	1.969338
2771000	82.88856	-54.47903	137.3676	0.05	0.6947623	0.0353217	0.0314491	0.145546	0.0192461	0.0875589	0.0100559	0.047571	0.0185668	0.298214	0.12478	0.0748373	0.0770139	0.0616843	0.0730698	0.361048	0.922912	2.64297	1	1.031845
2772000	79.02121	-53.96143	132.9826	0.05	3.417881	0.0882967	0.00843042	0.0204584	0.291602	0.110178	0.00300343	0.0270566	0.0271771	0.0589426	0.000802739	0.238559	0.0479107	0.264888	0.419212	0.752322	1.08392	1.74454	1	1.187306
2773000	76.45495	-54.32353	130.7785	0.05	2.061545	0.155617	0.018387	0.00445708	0.00225767	0.0169891	0.0894662	0.0828836	0.0516277	0.630794	0.287956	0.0369459	0.136402	0.02666	0.300512	0.661403	1.07146	1.96663	1	1.540444
2774000	74.98402	-53.11426	128.0983	0.05	2.910124	0.18724	0.0809468	0.0955464	0.261837	0.117956	0.13127	0.0126651	0.0019777	0.00579784	0.262683	0.0434451	0.477422	0.0359442	0.382187	0.726427	1.08203	1.80935	1	1.714731
2775000	76.13068	-54.76755	130.8982	0.05	2.843981	0.277899	0.0517341	0.0835076	0.291487	0.02639	0.0712659	0.00310301	0.0243606	0.0886779	0.0732573	0.0389822	0.199852	0.215996	0.37682	0.722507	1.08163	1.81904	1	1.446513
2776000	81.24977	-53.06396	134.3137	0.05	1.157064	0.139932	0.345584	0.0580056	0.0210348	0.00353397	0.0156669	0.00609764	0.0217489	0.135695	0.00483654	0.00636	0.059711	0.518425	0.167186	0.519357	1.02183	2.29163	1	1.336632
2777000	86.58414	-51.29773	137.8819	0.05	0.6921448	0.145303	0.033449	0.00976286	0.0502985	0.124095	0.00479933	0.0606188	0.0063237	0.308095	0.0712524	0.0242913	0.081273	0.0674694	0.0725112	0.3598	0.921922	2.64577	1	0.987031
2778000	85.36805	-55.79479	141.1628	0.05	0.5268528	0.0493867	0.0982862	0.0278691	0.0683853	0.0329932	0.00449284	0.000654857	0.09179	0.0497325	0.016964	0.193238	0.00726316	0.0338005	0.0384663	0.269085	0.838865	2.85358	1	0.6748561
2779000	86.75455	-51.85865	138.6132	0.05	0.68928	0.0267019	0.0262557	0.035049	0.0329143	0.0841586	0.0323522	0.032583	0.00205	0.0143998	0.163728	0.0178715	0.425676	0.0120926	0.0719001	0.358428	0.92083	2.64884	1	0.9058323
2780000	86.96301	-51.42061	138.3836	0.05	1.278199	0.0315797	0.131384	0.106734	0.0171292	0.0103522	0.00898159	0.0377212	0.0160494	0.162904	0.0701428	0.126247	0.0745216	0.0750508	0.188939	0.546929	1.03423	2.22991	1	0.8687977
2781000	83.99947	-52.65081	136.6503	0.05	1.049313	0.115935	0.0163646	0.248153	0.0738534	0.0172935	0.00205785	0.0576292	0.00208961	0.0367752	0.0505255	0.0834743	0.35231	0.00851414	0.146687	0.491088	1.00771	2.35451	1	1.064976
2782000	89.33383	-50.77515	140.109	0.05	0.547053	0.0326223	0.0934442	0.00505308	0.0534101	0.0453921	0.0112639	0.00130189	0.000992116	0.0207631	0.00424824	0.377833	0.0606663	0.0499939	0.0424061	0.281528	0.851701	2.82437	1	0.7569841
2783000	73.9562	-56.90315	130.8594	0.05	3.89272	0.0697096	0.156905	0.0217571	0.424785	0.0190753	0.0356495	0.107459	0.0459637	0.0183865	0.0212131	0.145063	0.0902131	0.218901	0.44837	0.771416	1.0844	1.69581	1	1.375081
2784000	81.99593	-52.98736	134.9833	0.05	1.361669	0.0386633	0.0986556	0.118443	0.100471	0.0246861	0.00321168	0.00691186	0.0354378	0.117928	0.285379	0.203787	0.138066	0.0336924	0.203141	0.563786	1.04115	2.19193	1	1.205333
2785000	80.70645	-56.10085	136.8073	0.05	0.6672496	0.0120685	0.0846996	0.0261773	0.0806075	0.0653117	0.0447833	0.156746	0.00185376	0.0129175	0.109547	0.250363	0.142225	0.128437	0.0672112	0.347659	0.9121	2.67303	1	1.115737
2786000	82.0795	-52.40992	134.4894	0.05	0.848862	0.0497488	0.0462555	0.237831	0.0979417	0.0855889	0.0168339	0.00203863	0.019027	0.171748	0.457286	0.0181595	0.100215	0.00480398	0.105905	0.426087	0.969626	2.49838	1	1.307478
2787000	84.90131	-51.53457	136.4359	0.05	3.986958	0.0661337	0.0900034	0.0249516	0.0566735	0.0446037	0.013638	0.0306871	0.0230718	0.0549246	0.250314	0.0233556	0.110403	0.00870062	0.453644	0.774757	1.0844	1.6872	1	0.797461
2788000	87.68639	-50.45557	138.142	0.05	2.090792	0.0162681	0.0193464	0.022427	0.146078	0.022325	0.0061391	0.00901879	0.0164127	0.252147	0.0574793	0.180537	0.0573567	0.0258499	0.303877	0.664334	1.0721	1.95969	1	0.8313846
2789000	84.54309	-54.59819	139.1413	0.05	0.5785899	0.138475	0.0309557	0.104982	0.0486831	0.0111576	0.0379503	0.00866284	0.0283735	0.0330632	0.121825	0.182484	0.102593	0.0180608	0.0487244	0.30016	0.86999	2.78113	1	0.8672651
2790000	81.42442	-53.2464	134.6708	0.05	1.787523	0.1751	0.00805771	0.069251	0.0342505	0.0215828	0.0322197	0.0045696	0.116551	0.185482	0.041358	0.470713	0.0140824	0.0538159	0.266521	0.630334	1.06363	2.03951	1	1.227033
2791000	81.32688	-51.88634	133.2132	0.05	1.439863	0.109075	0.0439045	0.0833351	0.0526205	0.0923947	0.0510534	0.0020904	0.0410827	0.0381316	0.635851	0.0458924	0.0929784	0.0843524	0.215881	0.578231	1.04669	2.1592	1	1.372761
2792000	82.05168	-57.29117	139.3428	0.05	0.1241938	0.0576586	0.0680422	0.120345	0.0700155	0.00127463	0.0487168	0.00760898	0.0290368	0.0753367	0.00408857	0.315688	0.0560108	0.0502705	7.80938e-06	0.00414168	0.16349	3.83236	1	0.9040926
2793000	93.0252	-46.44543	139.4706	0.05	1.675976	0.0749958	0.00170272	0.00804273	0.0916181	0.00745792	0.00960244	0.00271318	0.00719809	0.294864	0.0522134	0.0523283	0.0485538	0.0703223	0.251272	0.615448	1.05928	2.074	1	0.7216128
2794000	85.66392	-48.84557	134.5095	0.05	0.9060292	0.149017	0.00526775	0.0372725	0.0244797	0.050341	0.0228233	0.00242182	0.0117432	0.725808	0.0647739	0.104308	0.0173845	0.089361	0.117844	0.446563	0.9825	2.45309	1	1.305002
2795000	77.4508	-57.19584	134.6466	0.05	0.9200108	0.088311	0.0698495	0.0592769	0.342508	0.0246497	0.0424446	0.00893837	0.00376994	0.201541	0.0842864	0.00211547	0.247773	0.108946	0.12073	0.451314	0.985369	2.44259	1	1.284409
2796000	85.32875	-50.29135	135.6201	0.05	3.609529	0.0315316	0.0870186	0.0522724	0.0603736	0.0667443	0.0338958	0.00245876	0.00507084	0.0759801	0.283247	0.0750196	0.073865	0.0709194	0.431535	0.760523	1.08423	1.72372	1	0.9183968
2797000	87.56268	-51.75474	139.3174	0.05	1.549947	0.121284	0.00636511	0.0655792	0.0169364	0.0199562	0.0351745	0.0107341	0.00424455	0.0263094	0.111781	0.00811799	0.283821	0.0409964	0.232936	0.596664	1.05322	2.11717	1	0.7513006
2798000	79.88553	-54.8612	134.7467	0.05	3.614402	0.0551173	0.0235473	0.0215338	0.0516451	0.0827864	0.0112361	0.0556179	0.00654242	0.251283	0.177613	0.208745	0.0440615	0.0131976	0.431838	0.760722	1.08423	1.72321	1	1.002927
2799000	78.22959	-52.9006	131.1302	0.05	2.295331	0.0556613	0.105962	0.0444601	0.0960957	0.0217098	0.105728	0.142038	0.115449	0.079005	0.0760517	0.0356143	0.0554988	0.573075	0.326152	0.683144	1.07589	1.91482	1	1.506348
2800000	83.28192	-55.94472	139.2266	0.05	1.091793	0.00516572	0.0712853	0.0425695	0.0787421	0.059651	0.0793998	0.0128644	0.00791371	0.000332791	0.00349358	0.199672	0.0924542	0.217608	0.154897	0.502704	1.01369	2.32871	1	0.8711525
2801000	66.87637	-59.28898	126.1654	0.05	3.196363	0.100529	0.00278092	0.0358714	0.501907	0.56649	0.0611494	0.0250544	0.0494103	0.0486347	0.192192	0.0466354	0.0503262	0.26005	0.403905	0.741851	1.08333	1.77092	1	1.941031
2802000	86.94751	-51.58734	138.5349	0.05	1.364637	0.0819538	0.0438664	0.127875	0.0323047	0.0337104	0.00665781	0.00587795	0.0379686	0.103331	0.159047	0.0524094	0.0748024	0.110615	0.203634	0.564357	1.04137	2.19064	1	0.8704192
2803000	88.61172	-50.0082	138.6199	0.05	3.303683	0.031362	0.159929	0.015231	0.00198469	0.0418036	0.00689785	0.00896653	0.000897179	0.0413057	0.0598223	0.0408826	0.0151324	0.228006	0.411471	0.747067	1.08365	1.75781	1	0.6522203
2804000	82.26157	-51.53104	133.7926	0.05	3.424052	0.095688	0.0421178	0.039725	0.0642651	0.0175821	0.0843184	0.028984	0.0943317	0.420299	0.0326692	0.0140773	0.168838	0.0135404	0.419621	0.752597	1.08394	1.74385	1	1.116435
2805000	73.39469	-58.8699	132.2646	0.05	1.008152	0.0344099	0.0446776	0.0714844	0.0870719	0.334302	0.0173481	0.10504	0.256036	0.0210787	0.138458	0.32274	0.000621098	0.121922	0.138577	0.479188	1.00134	2.3809	1	1.55519
2806000	77.79685	-54.43954	132.2364	0.05	1.395663	0.0557866	0.0962592	0.0612799	0.064988	0.105314	0.0765989	0.166299	0.0275728	0.0684402	0.63382	0.0379395	0.0531909	0.0133619	0.208745	0.570215	1.04366	2.17738	1	1.460852
2807000	80.1597	-55.82948	135.9892	0.05	1.670062	0.158556	0.0488387	0.0379294	0.00422226	0.105036	0.0630399	0.055239	0.0656552	0.0167729	0.373651	0.00186221	0.0333584	0.113556	0.250439	0.614616	1.05902	2.07592	1	1.077717
2808000	79.76582	-52.5003	132.2661	0.05	2.049404	0.145759	0.0728164	0.0191939	0.12334	0.00327436	0.0225764	0.124028	0.077628	0.110326	0.158906	0.000318235	0.133155	0.387317	0.299102	0.660166	1.07118	1.96955	1	1.378638
2809000	81.61028	-51.77637	133.3867	0.05	2.348778	0.132117	0.0606664	0.0521381	0.0520415	0.0240544	0.0519855	0.055402	0.00507311	0.124185	0.160148	0.0772142	0.0310517	0.425703	0.331634	0.687623	1.07669	1.90405	1	1.251781
2810000	88.46592	-49.79217	138.2581	0.05	1.313451	0.0975813	0.0550382	0.0454584	0.0706136	0.00945989	0.0257504	0.0232114	0.0218729	0.242331	0.017448	0.0859238	0.150166	0.0140236	0.195014	0.554243	1.03729	2.21345	1	0.8588784
2811000	83.37721	-54.02258	137.3998	0.05	2.258496	0.0870146	0.0427894	0.0125548	0.0769535	0.0284598	0.0764193	0.0181441	0.00294982	0.00677593	0.0847008	0.0277026	0.0828657	0.31875	0.322295	0.679959	1.07529	1.92246	1	0.8660803
2812000	76.72661	-53.60045	130.3271	0.05	5.430491	0.0115861	0.0751198	0.0641638	0.0464968	0.0616448	0.121931	0.043828	0.0596545	0.100454	0.314998	0.00898173	0.188622	0.176884	0.519031	0.813595	1.08248	1.58489	1	1.274364
2813000	81.62266	-49.30432	130.927	0.05	1.765632	0.0520815	0.203012	0.00888567	0.106767	0.0150016	0.0309657	0.0222322	0.00013498	0.704746	0.0178585	0.0674608	0.307461	0.0169381	0.263598	0.627528	1.06284	2.04603	1	1.553546
2814000	85.13175	-51.11259	136.2443	0.05	1.016717	0.114805	0.107169	0.0441778	0.163246	0.0289763	0.00167874	0.0338394	0.000943489	0.00890437	0.505715	0.0127892	0.00346081	0.0731961	0.140277	0.48172	1.00272	2.37529	1	1.0989
2815000	87.29441	-50.41126	137.7057	0.05	1.158042	0.103799	0.0285675	0.0634588	0.049162	0.00165701	0.0197222	0.00541587	0.00386115	0.0654233	0.0536777	0.0526282	0.271263	0.208762	0.167367	0.519596	1.02194	2.2911	1	0.9273984
2816000	88.17949	-51.22106	139.4006	0.05	0.5658758	0.000541294	0.101196	0.00618767	0.00599512	0.00325224	0.00260201	0.0197399	0.0957873	0.0572809	0.0199546	0.145315	0.361761	0.00581411	0.0461552	0.292763	0.862858	2.79822	1	0.8254283
2817000	85.52947	-50.40184	135.9313	0.05	1.031128	0.174376	0.0508337	0.0982134	0.0459046	0.034216	0.00564295	0.0147906	0.00801912	0.0661564	0.0470563	0.104497	0.273995	0.187489	0.143123	0.485912	1.00497	2.36599	1	1.11119
2818000	85.58117	-53.33677	138.9179	0.05	1.203876	0.0645447	0.113688	0.0869294	0.0764354	0.00125553	0.0366272	0.01057	0.038485	0.00135756	0.00238427	0.241706	0.0196482	0.118788	0.175755	0.530491	1.027	2.26676	1	0.8124194
2819000	87.85055	-52.11299	139.9635	0.05	1.947274	0.028673	0.00164454	0.0502561	0.000845533	0.0349019	0.0454451	0.00575843	0.0368401	0.230369	0.0876814	0.00840554	0.0367891	0.086498	0.286898	0.649287	1.06861	1.9952	1	0.6541073
2820000	87.90253	-49.93836	137.8409	0.05	1.518661	0.0689198	0.0441981	0.00320208	0.0604963	0.0182499	0.0772312	0.00132961	0.00291882	0.131228	0.167244	0.185435	0.0537771	0.0728756	0.228191	0.591633	1.0515	2.12868	1	0.8871056
2821000	76.65404	-55.74418	132.3982	0.05	0.6246864	0.050544	0.0332932	0.132599	0.0243194	0.0485323	0.304005	0.0120362	0.0649756	0.0374622	0.0368464	0.039534	0.338427	0.400399	0.0582362	0.325719	0.893409	2.72264	1	1.522973
2822000	82.71904	-54.29197	137.011	0.05	1.270322	0.0205948	0.0707438	0.0402604	0.0254651	0.0459579	0.00178517	0.0677606	0.098264	0.105067	0.293325	0.0489666	0.1182	0.0847983	0.187566	0.545254	1.03351	2.23367	1	1.021188
2823000	83.90704	-51.7993	135.7063	0.05	1.27128	0.0919389	0.0397853	0.14044	0.01085	0.00651682	0.0554302	0.016676	0.014331	0.0314983	0.00839298	0.435333	0.165264	0.119602	0.187733	0.545459	1.0336	2.23321	1	1.136058
2824000	90.06827	-51.06571	141.134	0.05	0.3191237	0.123969	0.00122255	0.0169947	0.0206015	0.0276848	0.0264133	0.00304414	0.0175993	0.0448813	0.0536052	0.122561	0.0143222	0.219072	0.00697423	0.11943	0.626564	3.24703	1	0.6919708
2825000	85.3683	-48.80419	134.1725	0.05	1.030543	0.0961204	0.0938747	0.00488462	0.0225875	0.048701	0.0339883	0.00226928	0.0137865	0.565825	0.043621	0.118675	0.219885	0.0479637	0.143008	0.485744	1.00488	2.36637	1	1.312182
2826000	74.74262	-56.20889	130.9515	0.05	5.876032	0.108363	0.0438873	0.125935	0.138524	0.02542	0.00431477	0.0537813	0.0112851	0.109652	0.110767	0.152257	0.0780008	0.195057	0.534841	0.822325	1.08153	1.5613	1	1.157246
2827000	83.33359	-52.45538	135.789	0.05	2.363284	0.0710237	0.188234	0.116398	0.0502891	0.0330357	0.0210809	0.00108575	0.00138337	0.268124	0.162439	0.0108308	0.00627562	0.0763668	0.333099	0.688811	1.0769	1.90119	1	1.006567
2828000	91.28495	-49.44726	140.7322	0.05	2.440436	0.0384972	0.0381481	0.0452154	0.00297217	0.045003	0.00463184	0.0090138	0.00746224	0.0188499	0.0293126	0.0376135	0.0434661	0.197908	0.340736	0.694936	1.07792	1.88641	1	0.5180939
2829000	82.50844	-54.56536	137.0738	0.05	2.537621	0.0985755	0.0299487	0.125332	0.00864629	0.0101564	0.00897069	0.0149422	0.0798536	0.351174	0.0181924	0.0298667	0.0598022	0.0257014	0.349995	0.702221	1.07904	1.86874	1	0.8611623
2830000	78.46748	-52.50439	130.9719	0.05	0.9022487	0.0750636	0.0427171	0.0723627	0.0400487	0.0135734	0.0308939	0.00122773	0.042067	0.046188	0.197956	0.229114	0.0427643	0.808955	0.117061	0.445261	0.981706	2.45597	1	1.642932
2831000	65.32099	-58.30192	123.6229	0.05	2.081222	0.0585229	0.183446	0.00978845	0.117279	0.316382	0.101776	0.0134763	0.0472063	0.319749	0.0574264	0.475066	0.464295	0.0902445	0.302781	0.663382	1.0719	1.96194	1	2.254658
2832000	81.67052	-51.67564	133.3462	0.05	2.624832	0.119857	0.0447894	0.0762753	0.0679293	0.0368435	0.0414127	0.0530253	0.00714663	0.0749006	0.041129	0.0897117	0.583069	0.0113226	0.357981	0.708385	1.07991	1.85372	1	1.247412
2833000	72.42979	-59.82113	132.2509	0.05	2.939627	0.00113569	0.374918	0.0352054	0.0423603	0.0461157	0.0114789	0.112307	0.0326139	0.242156	0.199301	0.197866	0.0320909	0.0146059	0.384537	0.728129	1.0822	1.80513	1	1.342154
2834000	83.20788	-51.73153	134.9394	0.05	0.6481607	0.11531	0.00669034	0.0699936	0.0765316	0.00254078	0.0773344	0.0201215	0.131272	0.0849053	0.0664891	0.541838	0.0118632	0.0681349	0.0631693	0.338009	0.904032	2.69479	1	1.273025
2835000	83.0285	-56.74588	139.7744	0.05	0.3697181	0.020917	0.0197523	0.0489928	0.117203	0.0477271	0.0328708	0.150495	0.00460892	0.0457424	0.0770904	0.138534	0.110607	0.0151224	0.0125991	0.1588	0.696317	3.13228	1	0.8296632
2836000	82.22322	-55.9729	138.1961	0.05	2.54358	0.0359134	0.00168609	0.0291803	0.0403297	0.139374	0.00462266	0.182565	0.0211888	0.00232282	0.192104	0.00238093	0.034534	0.0825096	0.35055	0.702653	1.07911	1.86769	1	0.7687118
2837000	81.20258	-51.46572	132.6683	0.05	1.501997	0.0191469	0.0700165	0.111526	0.00407919	0.0252741	0.0902472	0.0285189	0.0309269	0.0981062	0.72489	0.062542	0.137388	0.00928836	0.225631	0.588889	1.05054	2.13494	1	1.41195
2838000	85.42117	-50.79577	136.2169	0.05	0.8849598	0.0222119	0.0455612	0.19644	0.0225681	0.0301651	0.0129729	0.00117318	0.015325	0.0363577	0.195773	0.00461749	0.0588754	0.477136	0.113468	0.439217	0.977976	2.46934	1	1.119177
2839000	77.42751	-56.07151	133.499	0.05	0.2876308	0.143806	0.02144	0.0549778	0.123676	0.022095	0.222376	0.0315494	0.0815249	0.354378	0.241575	0.0486678	0.0287629	0.11227	0.0043457	0.094914	0.574433	3.32631	1	1.487099
2840000	69.52169	-55.70076	125.2224	0.05	0.423488	0.0584693	0.104268	0.0461977	0.145296	0.0370721	0.082699	0.00479003	0.0634569	0.113303	1.05785	0.506803	0.0183986	0.0472536	0.0202436	0.199073	0.755496	3.02519	1	2.285858
2841000	81.11168	-55.36609	136.4778	0.05	0.707952	0.0293516	0.00178	0.047438	0.0580333	0.0480666	0.0295518	0.00266088	0.0819523	0.155594	0.309924	0.0635295	0.244004	0.0389428	0.0758876	0.367258	0.92778	2.62907	1	1.110829
2842000	79.06083	-55.78168	134.8425	0.05	0.8529328	0.0170512	0.084475	0.0920732	0.000455695	0.0750826	0.0223296	0.0286607	0.0298571	0.113036	0.0446286	0.0987092	0.20399	0.470631	0.106762	0.427603	0.970608	2.49503	1	1.280979
2843000	83.32158	-52.48084	135.8024	0.05	1.436359	0.0604231	0.0235582	0.156497	0.0106853	0.0897543	0.0193017	0.0871573	0.0343221	0.0423397	0.411081	0.0754829	0.0652955	0.0356533	0.215322	0.577609	1.04645	2.16061	1	1.111551
2844000	75.79156	-56.35064	132.1422	0.05	0.705073	0.117374	0.000700604	0.167725	0.228973	0.0915538	0.0420773	0.0245203	0.0192061	0.0330408	0.0773297	0.606151	0.153976	0.00646124	0.0752722	0.365914	0.926734	2.63208	1	1.56909
2845000	79.83302	-53.27567	133.1087	0.05	1.231146	0.0185904	0.0833979	0.400918	0.0706518	0.00169741	0.00209436	0.0446067	0.00401671	0.441739	0.141334	0.0684139	0.0584488	0.0544494	0.180652	0.536691	1.02978	2.25288	1	1.390357
2846000	69.08996	-58.55047	127.6404	0.05	1.510195	0.154184	0.170748	0.0452316	0.130903	0.0990164	0.0199059	0.0377155	0.143386	0.112375	0.0867418	0.641611	0.181634	0.0903321	0.226893	0.590245	1.05101	2.13185	1	1.913786
2847000	74.19053	-57.69106	131.8816	0.05	0.376824	0.0658383	0.146872	0.0418331	0.00974224	0.0885882	0.0956608	0.00718677	0.139476	0.0189716	0.013683	0.783105	0.0694961	0.117164	0.0135178	0.164243	0.704932	3.11731	1	1.597617
2848000	86.16901	-52.37024	138.5392	0.05	1.222943	0.0620877	0.0145913	0.0962719	0.0258019	0.136883	0.0265018	0.00977756	0.0341744	0.0664899	0.27308	0.078022	0.0198449	0.0355718	0.179186	0.534847	1.02896	2.25701	1	0.8790982
2849000	83.72405	-51.71334	135.4374	0.05	0.6958829	0.166077	0.0333607	0.0102378	0.206347	0.0406122	0.0130372	0.0614406	0.0293689	0.0458977	0.100448	0.0363164	0.167234	0.323877	0.0733091	0.361581	0.923333	2.64178	1	1.234254
2850000	75.46299	-55.43097	130.894	0.05	0.3389388	0.119468	0.0300361	0.0116254	0.0819515	0.227089	0.0541045	0.0280581	0.0712094	0.571293	0.0713287	0.358877	0.00582958	0.0933612	0.00897843	0.134934	0.655759	3.20033	1	1.724232
2851000	89.71795	-50.0189	139.7368	0.05	1.023902	0.0373367	0.0674341	0.0461072	0.00701261	0.00991643	0.00364456	0.0178345	0.0482209	0.174077	0.0607497	0.0747322	0.0990087	0.116151	0.141698	0.48382	1.00385	2.37063	1	0.7622262
2852000	89.85859	-47.76368	137.6223	0.05	2.051139	0.0530644	0.0403406	0.0501172	0.0302107	0.0095404	0.0362169	0.00573648	0.00418383	0.0617077	0.0334947	0.443449	0.0137808	0.0772625	0.299304	0.660344	1.07122	1.96913	1	0.8591058
2853000	77.62858	-56.53516	134.1637	0.05	0.8870409	0.0535653	0.305381	0.0904662	0.0143385	0.090714	0.0255628	0.0462076	0.00732208	0.453094	0.0762044	0.0438502	0.0207694	0.100882	0.113902	0.439953	0.978434	2.46771	1	1.328357
2854000	91.78555	-52.09819	143.8837	0.05	0.2815242	0.0310627	0.0172268	0.0877692	0.0160271	0.0146826	0.0173438	0.0102371	0.00562889	0.0144879	0.0221645	0.00256635	0.133264	0.0476375	0.00391654	0.090223	0.56343	3.34243	1	0.4200982
2855000	77.41997	-56.01951	133.4395	0.05	1.372556	0.0994489	0.0871794	0.0193869	0.0633973	0.0277539	0.0456284	0.165107	0.0146488	0.0102634	0.177534	0.335707	0.231804	0.0746826	0.204947	0.565871	1.04197	2.18721	1	1.352541
2856000	77.13427	-58.47497	135.6092	0.05	0.3299067	0.0562805	0.0257955	0.228011	0.145229	0.0102405	0.0116021	0.0173427	0.0282682	0.0307341	0.0589182	0.0950751	0.281807	0.25018	0.00803206	0.127872	0.642772	3.22132	1	1.239484
2857000	84.2067	-50.96413	135.1708	0.05	3.652053	0.108465	0.00319247	0.00961018	0.117622	0.0319723	0.0431757	0.0182684	0.0226736	0.0298492	0.0635271	0.143995	0.256912	0.104169	0.434163	0.762247	1.08427	1.71932	1	0.9534322
2858000	80.27759	-54.73324	135.0108	0.05	0.6172236	0.0123303	0.0766006	0.0833599	0.193402	0.0515703	0.0746965	0.00476353	0.0123909	0.000197901	0.605433	0.0683566	0.0321279	0.0578177	0.0566787	0.321711	0.889858	2.73175	1	1.273047
2859000	81.34549	-55.34056	136.6861	0.05	0.420014	0.00397881	0.170727	0.0190251	0.0424001	0.0930612	0.0288539	0.0204895	0.0457182	0.277963	0.140433	0.145256	0.0872444	0.0668926	0.0197045	0.196542	0.75206	3.03169	1	1.142043
2860000	86.1109	-48.8018	134.9127	0.05	1.664589	0.0882937	0.00327179	0.0461713	0.0580197	0.000223176	0.0145153	0.00817524	0.0475002	0.655082	0.0801697	0.116217	0.029507	0.0296966	0.249665	0.613842	1.05878	2.07771	1	1.176843
2861000	86.57327	-52.88246	139.4557	0.05	1.194427	0.0852103	0.0295236	0.115329	0.0479146	0.00297191	0.0171608	0.0200483	0.0188512	0.123867	0.0734931	0.202011	0.0224364	0.00283331	0.174042	0.528294	1.02599	2.27167	1	0.7616506
2862000	78.46596	-53.65412	132.1201	0.05	0.6706386	0.0674827	0.0378377	0.00767368	0.254446	0.0673437	0.0411503	0.0428464	0.0115505	0.133257	0.198502	0.468143	0.188381	0.0281741	0.067931	0.349341	0.913482	2.66925	1	1.546787
2863000	88.56495	-48.65492	137.2199	0.05	2.029308	0.097755	0.0329783	0.0194543	0.0413954	0.00919896	0.00609637	0.0101719	0.00286321	0.0533224	0.0196173	0.377677	0.151346	0.0914236	0.296748	0.658095	1.07071	1.97445	1	0.9133003
2864000	76.62337	-55.5443	132.1677	0.05	0.656228	0.0814935	0.0120016	0.214915	0.122103	0.0222093	0.00415202	0.0269016	0.00999939	0.195527	0.0977022	0.478835	0.22002	0.0585722	0.0648746	0.342124	0.907501	2.6855	1	1.544431
2865000	83.48953	-54.59457	138.0841	0.05	0.3780471	0.0588954	0.00496164	0.0114182	0.181133	0.0997573	0.0220843	0.015549	0.00317889	0.12395	0.00983213	0.0613151	0.0619456	0.344993	0.0136789	0.165176	0.706389	3.11476	1	0.9990127
2866000	81.92788	-52.27399	134.2019	0.05	1.151986	0.00565133	0.0602688	0.163574	0.0565452	0.0501277	0.0498685	0.0241547	0.0236799	0.0832663	0.0272482	0.10683	0.589181	0.0719363	0.166244	0.51811	1.02124	2.29441	1	1.312332
2867000	78.22049	-56.04716	134.2677	0.05	0.8992714	0.0428188	0.0429657	0.173104	0.0110159	0.042031	0.0519533	0.00666741	0.0689674	0.0769716	0.12632	0.332163	0.0948924	0.255975	0.116444	0.444231	0.981075	2.45825	1	1.325845
2868000	80.51875	-51.07203	131.5908	0.05	1.621658	0.0324969	0.0955256	0.11815	0.0605823	0.00621896	0.124837	0.0231089	0.0291011	0.267515	0.0686426	0.493815	0.0804574	0.122733	0.243519	0.607629	1.05683	2.09202	1	1.523182
2869000	82.44913	-53.82204	136.2712	0.05	0.9905802	0.100621	0.0268392	0.0705459	0.121599	0.000652545	0.0129121	0.00258633	0.0614639	0.11428	0.48043	0.0154989	0.0592526	0.0410344	0.13507	0.473902	0.998421	2.39261	1	1.107716
2870000	79.73005	-57.3667	137.0968	0.05	0.970096	0.0237239	0.0110251	0.0279722	0.109204	0.0435173	0.0243327	0.127214	0.000964219	0.00605232	0.00406133	0.492966	0.0122636	0.139337	0.130949	0.467575	0.994863	2.40661	1	1.022635
2871000	88.86307	-50.65241	139.5155	0.05	0.241181	0.048656	0.0260975	0.0505022	0.048761	0.0026118	0.010136	0.0198718	0.0125826	0.00171205	0.0191498	0.0132476	0.108794	0.496602	0.00172591	0.0603991	0.482515	3.45536	1	0.8587246
2872000	77.29967	-59.86415	137.1638	0.05	0.5203172	0.0417219	0.00495753	0.0752041	0.0017677	0.0216635	0.0609102	0.0539356	0.181313	0.143847	0.0320872	0.0562114	0.259189	0.161605	0.0372124	0.264973	0.834507	2.86331	1	1.094414
2873000	80.5775	-55.39347	135.971	0.05	0.5912086	0.130321	0.063864	0.0473347	0.0224824	0.0822207	0.0503308	0.00080695	0.106973	0.0774139	0.180812	0.0362801	0.151466	0.250301	0.0513	0.30735	0.876767	2.76458	1	1.200606
2874000	83.09559	-53.82929	136.9249	0.05	1.203548	0.0678236	0.0594223	0.0962587	0.111266	0.0138946	0.00948289	0.0320626	0.0925178	0.105468	0.233127	0.0986738	0.0914812	0.00149662	0.175695	0.530415	1.02696	2.26693	1	1.012974
2875000	76.74433	-54.77363	131.518	0.05	0.9418767	0.0962927	0.0280489	0.00154548	0.0361737	0.301963	0.0136017	0.0353155	0.00885832	0.513323	0.0584091	0.289398	0.018079	0.177479	0.125216	0.458556	0.989659	2.42657	1	1.578488
2876000	83.76692	-52.22449	135.9914	0.05	1.516376	0.221062	0.00200505	0.0514891	0.0302758	0.0208005	0.0360649	0.0269752	0.0238227	0.161142	0.159097	0.192142	0.0839717	0.0580576	0.227841	0.59126	1.05137	2.12953	1	1.066907
2877000	86.89265	-52.35052	139.2432	0.05	1.908478	0.0892363	0.00477295	0.0156507	0.105018	0.0513224	0.0819908	0.0147465	0.00214334	0.0101769	0.237935	0.0596014	0.0238031	0.0427863	0.282099	0.644915	1.06752	2.00546	1	0.7391831
2878000	84.70071	-53.82537	138.5261	0.05	0.4942296	0.121202	0.0530978	0.0403213	0.00326438	0.00440602	0.11716	0.041223	0.0448392	0.284627	0.104093	0.0388455	0.0837072	0.00712548	0.0323233	0.248132	0.816024	2.90352	1	0.9439118
2879000	87.77548	-51.06776	138.8432	0.05	1.608658	0.0802322	0.0357436	0.0600923	0.04707	0.039002	0.00419234	0.0148198	0.00611431	0.227275	0.0730921	0.144168	0.0265225	0.0387683	0.24163	0.605697	1.05621	2.09646	1	0.7970915
2880000	79.07859	-55.34979	134.4284	0.05	1.080961	0.0181493	0.0393689	0.104531	0.0421543	0.156104	0.0696151	0.00441356	0.000930298	0.0767121	0.173654	0.126599	0.453241	0.119464	0.152819	0.499804	1.01222	2.33516	1	1.384937
2881000	90.55284	-49.11979	139.6726	0.05	0.9004128	0.0737624	0.00490974	0.0672573	0.0215519	0.00505501	0.027908	0.0102322	0.0129723	0.264102	0.114411	0.0475762	0.0612308	0.070974	0.11668	0.444627	0.981318	2.45738	1	0.7819432
2882000	72.22249	-57.61378	129.8363	0.05	1.89854	0.273153	0.0121708	0.022838	0.0425084	0.223511	0.0803964	0.0320783	0.0378726	0.276824	0.0631253	0.0200288	0.433885	0.160911	0.280855	0.643772	1.06723	2.00814	1	1.679303
2883000	85.07047	-52.91194	137.9824	0.05	0.7478889	0.00833559	0.10077	0.0791709	0.0694516	0.0696557	0.0298238	0.0345719	0.0303697	0.033412	0.0125866	0.0135172	0.11856	0.383504	0.0844328	0.385276	0.941399	2.58889	1	0.9837285
2884000	74.41061	-53.9354	128.346	0.05	0.5530252	0.131996	0.251651	0.0581099	0.0251763	0.275993	0.0385532	0.00370792	0.0155166	0.0266285	0.222071	0.617934	0.164739	0.114821	0.0435881	0.28513	0.855322	2.81596	1	1.946897
2885000	82.45271	-54.35219	136.8049	0.05	2.402179	0.0393352	0.00445887	0.0717226	0.0451113	0.0183543	0.00623014	0.00372038	0.0399146	0.105489	0.109319	0.111576	0.341998	0.0565646	0.336982	0.691938	1.07743	1.89365	1	0.9537942
2886000	89.75595	-50.80103	140.557	0.05	1.579137	0.0715346	0.0490637	0.0212365	0.0562063	0.00967426	0.00186995	0.0033974	0.00550638	0.0367451	0.177606	0.0367031	0.0638083	0.11525	0.237293	0.60122	1.05475	2.10674	1	0.6486016
2887000	83.50771	-58.34273	141.8504	0.05	0.210333	0.0365201	0.0261971	0.0110947	0.134282	0.00711087	0.0245047	0.04613	0.0810261	0.163313	0.061004	0.00351212	0.0240455	0.0132976	0.000745679	0.0399412	0.410084	3.54923	1	0.6320381
2888000	85.76756	-52.76066	138.5282	0.05	1.153537	0.0848276	0.243584	0.00435187	0.111533	0.0466622	0.000213436	0.00504152	0.00978723	0.0703032	0.0507194	0.166992	0.0790014	0.0172911	0.166532	0.518492	1.02142	2.29356	1	0.8903081
2889000	80.28889	-57.06949	137.3584	0.05	0.7074482	0.228161	0.0812641	0.0194921	0.080676	0.0245061	0.100367	0.000846237	0.0368505	0.0199844	0.148087	0.117554	0.00915386	0.168866	0.0757799	0.367023	0.927598	2.6296	1	1.035808
2890000	83.5611	-54.7158	138.2769	0.05	1.593865	0.0261758	0.0139661	0.0135272	0.0878422	0.0768721	0.0345228	0.0026156	0.00303637	0.0312011	0.288831	0.189107	0.00999791	0.0895418	0.239465	0.60347	1.05549	2.10158	1	0.8672369
2891000	86.37634	-51.01602	137.3924	0.05	1.096605	0.120668	0.0666962	0.0138278	0.0733938	0.0887458	0.000337362	0.0171595	0.0429673	0.144746	0.0165204	0.0407858	0.233947	0.108161	0.155816	0.50398	1.01433	2.32588	1	0.9679549
2892000	77.15022	-56.70897	133.8592	0.05	1.963962	0.145879	0.148436	0.102902	0.0997083	0.128046	0.00618422	0.0441217	0.0377123	0.092568	0.00232757	0.0175144	0.000351522	0.418609	0.288934	0.651126	1.06906	1.99088	1	1.244361
2893000	85.885	-52.98234	138.8673	0.05	2.030185	0.112686	0.0304586	0.0118349	0.0217295	0.00607614	0.015469	0.106466	0.0172251	0.082913	0.0919126	0.114998	0.0542977	0.0900355	0.296851	0.658186	1.07073	1.97424	1	0.7561014
2894000	86.22664	-50.505	136.7316	0.05	0.9413743	0.0822319	0.0119289	0.0839497	0.0454856	0.0215405	0.0519267	0.00583959	0.0147728	0.0200268	0.0877459	0.00852328	0.562416	0.0793947	0.125113	0.458392	0.989563	2.42693	1	1.075783
2895000	79.06222	-53.4685	132.5307	0.05	1.279733	0.047592	0.223057	0.189333	0.0245021	0.110918	0.0271761	0.00548454	0.0360506	0.0952383	0.096389	0.00598882	0.0815108	0.50574	0.189206	0.547254	1.03436	2.22918	1	1.44898
2896000	82.845	-52.14669	134.9917	0.05	1.682753	0.0488017	0.00447932	0.0477699	0.103982	0.034939	0.0572817	0.00301228	0.0265914	0.23478	0.0307743	0.549474	0.0282952	0.000132252	0.252224	0.616396	1.05957	2.07181	1	1.170313
2897000	86.08239	-53.69302	139.7754	0.05	0.9986251	0.00869739	0.0677153	0.106856	0.064823	0.0211416	0.0360367	0.0376348	0.0370972	0.00802282	0.0813702	0.0527278	0.0509474	0.222864	0.136679	0.476338	0.999772	2.38721	1	0.7959348
2898000	75.0951	-57.03033	132.1254	0.05	2.37241	0.168694	0.131189	0.144531	0.017398	0.0658741	0.00377737	0.0116487	0.0956249	0.0453296	0.226831	0.062976	0.362	0.0840301	0.334016	0.689552	1.07702	1.89941	1	1.419905
2899000	83.82404	-50.89633	134.7204	0.05	0.8792253	0.0423147	0.0788206	0.0855862	0.0175967	0.0793272	0.00947366	0.0537098	0.0124114	0.119975	0.64932	0.0330553	0.0402325	0.0414633	0.112272	0.437178	0.976702	2.47385	1	1.263286
2900000	82.36514	-55.80551	138.1706	0.05	0.9218396	0.0261066	0.00566179	0.027722	0.0190827	0.0779316	0.110817	0.00870231	0.10652	0.00126486	0.347324	0.0143578	0.00133911	0.193313	0.121107	0.451929	0.985737	2.44123	1	0.9401435
2901000	79.57274	-56.25528	135.828	0.05	1.359208	0.117639	0.0127371	0.0486188	0.127898	0.00326168	0.0257154	0.108959	0.266417	0.0392749	0.00029178	0.202355	0.0371893	0.155495	0.202731	0.563311	1.04096	2.193	1	1.145851
2902000	79.01519	-53.22552	132.2407	0.05	0.9263556	0.0927978	0.0403541	0.181874	0.0308264	0.0864218	0.00302242	0.0172673	0.0143759	0.312461	0.0245181	0.0371868	0.213766	0.469493	0.122036	0.453439	0.986639	2.43789	1	1.524365
2903000	79.65839	-57.0468	136.7052	0.05	1.280791	0.144852	0.0303984	0.0131905	0.0146806	0.0315875	0.143762	0.0287395	0.0125518	0.253781	0.130454	0.0612771	0.0874412	0.0851059	0.189389	0.547477	1.03446	2.22868	1	1.037821
2904000	82.59549	-53.48894	136.0844	0.05	1.077844	0.0274184	0.158937	0.042088	0.0544701	0.0501279	0.115567	0.00515287	0.0199833	0.318405	0.0467021	0.100858	0.152549	0.0333047	0.152219	0.498961	1.01179	2.33703	1	1.125563
2905000	88.17613	-52.46009	140.6362	0.05	0.9390162	0.00522517	0.0321138	0.0566031	0.0516324	0.0102283	0.0344941	0.00926506	0.0347907	0.239254	0.0102512	0.00966601	0.168821	0.0232535	0.124631	0.457622	0.989111	2.42864	1	0.6855982
2906000	82.82922	-53.7209	136.5501	0.05	1.070915	0.102958	0.0295255	0.0195927	0.0308615	0.0688996	0.00815399	0.0917585	0.0868144	0.405108	0.0947888	0.0496246	0.0205606	0.0675533	0.150882	0.497076	1.01082	2.34122	1	1.0762
2907000	88.50808	-50.66863	139.1767	0.05	1.325387	0.0502012	0.0608472	0.00387158	0.11367	0.093676	0.00168727	0.0156368	0.00880522	0.0458232	0.291808	0.00339078	0.0549042	0.0521858	0.197045	0.556653	1.03828	2.20802	1	0.7965079
2908000	87.12368	-52.9448	140.0685	0.05	0.9625357	0.0446868	0.0595001	0.146615	0.00860738	0.00113744	0.043776	0.0494849	0.00533051	0.0407922	0.0676283	0.107633	0.113344	0.0658946	0.129419	0.465194	0.993504	2.41188	1	0.7544309
2909000	82.6154	-55.44327	138.0587	0.05	0.4146531	0.0293409	0.101115	0.0461889	0.000499755	0.115809	0.0375854	0.00185129	0.01568	0.128224	0.00966531	0.274969	0.123643	0.114097	0.0188839	0.192615	0.746662	3.04184	1	0.9986695
2910000	88.72984	-52.56157	141.2914	0.05	0.5471736	0.118786	0.000567058	0.0115886	0.0473823	0.0475099	0.00290393	0.00285762	0.0382547	0.0230871	0.00867939	0.152233	0.155155	0.0207498	0.0424299	0.281601	0.851775	2.82419	1	0.6297545
2911000	80.72467	-55.51752	136.2422	0.05	2.177186	0.0190485	0.0469903	0.0485847	0.0347171	0.0131032	0.0575803	0.136686	0.0491171	0.045986	0.141204	0.0130595	0.303393	0.098473	0.313546	0.672623	1.07385	1.93998	1	1.007943
2912000	75.528	-55.72807	131.2561	0.05	1.601648	0.0967664	0.0671123	0.105683	0.194049	0.0851171	0.0531291	0.0280171	0.11895	0.100445	0.156998	0.0249113	0.13397	0.372761	0.240606	0.604645	1.05587	2.09888	1	1.537908
2913000	77.62343	-60.40523	138.0287	0.05	0.3708866	0.0392841	0.028568	0.0857284	0.179487	0.0433575	0.0026827	0.103895	0.0135224	0.0177369	0.159075	0.186677	0.11769	0.03367	0.0127481	0.159697	0.697752	3.1298	1	1.011374
2914000	80.40283	-53.40371	133.8065	0.05	1.262224	0.121312	0.162724	0.0214422	0.202384	0.0683573	0.0227499	0.0234354	0.0063773	0.0576766	0.0498413	0.386661	0.0192551	0.206574	0.186148	0.543516	1.03276	2.23757	1	1.34879
2915000	78.5655	-55.94967	134.5152	0.05	1.232796	0.0196406	0.0404881	0.0541159	0.0904153	0.262511	0.0137489	0.00234804	0.0986811	0.124957	0.0607874	0.243936	0.15509	0.118667	0.180946	0.537059	1.02994	2.25205	1	1.285387
2916000	82.77271	-52.50483	135.2775	0.05	2.881815	0.0140768	0.0472551	0.114771	0.0934395	0.0169411	0.00111264	0.0138254	0.0291449	0.0178523	0.620308	0.05319	0.00667592	0.0141545	0.379907	0.724767	1.08187	1.81346	1	1.042748
2917000	83.31436	-55.02913	138.3435	0.05	0.8974199	0.0317352	0.143468	0.0567354	0.0652714	0.0399214	0.139155	0.028124	0.00250047	0.138697	0.0766992	0.159814	0.018519	0.0237839	0.11606	0.443589	0.980681	2.45967	1	0.9244229
2918000	83.30692	-52.17664	135.4836	0.05	0.7872748	0.111689	0.0167236	0.0927936	0.151818	0.0344082	0.0241939	0.00894858	0.0412139	0.0755523	0.219286	0.155303	0.163608	0.0951449	0.0928482	0.40196	0.953366	2.55183	1	1.190682
2919000	77.46546	-58.39803	135.8635	0.05	4.617291	0.140671	0.0157706	0.00189484	0.0255344	0.0996435	0.0186603	0.0720603	0.0972482	0.0261906	0.0876571	0.0158068	0.0451963	0.150268	0.485362	0.794172	1.0839	1.63657	1	0.7966015
2920000	78.32773	-55.63623	133.964	0.05	1.782991	0.0880363	0.123629	0.0451097	0.0930671	0.0317487	0.0107447	0.0227963	0.135294	0.0394826	0.0911389	0.0955793	0.485745	0.0110673	0.265919	0.629757	1.06347	2.04085	1	1.273439
2921000	82.34077	-56.29094	138.6317	0.05	0.5107927	0.00756831	0.0141899	0.088176	0.0292065	0.108053	0.0649798	0.029837	0.0403729	0.0598842	0.0286368	0.205076	0.0153068	0.24987	0.0354051	0.258903	0.827965	2.87773	1	0.9411575
2922000	77.89709	-55.18029	133.0774	0.05	2.721549	0.143088	0.000725295	0.214933	0.0192767	0.0428919	0.00340034	0.0234343	0.0296634	0.00373768	0.168979	0.42677	0.0520687	0.163523	0.366503	0.714844	1.08075	1.83791	1	1.292492
2923000	81.18218	-57.29912	138.4813	0.05	0.9209451	0.0718077	0.0514931	0.0209384	0.012433	0.0439939	0.0148918	0.0514945	0.0483212	0.0614137	0.0607261	0.0641263	0.202895	0.192686	0.120923	0.451629	0.985558	2.44189	1	0.897221
2924000	85.0155	-50.30485	135.3204	0.05	2.129454	0.133654	0.05287	0.0571113	0.0372836	0.0218832	0.00387179	0.0602063	0.028051	0.0160893	0.396213	0.0816372	0.0905375	0.121026	0.308253	0.668109	1.07292	1.95072	1	1.100434
2925000	91.51421	-50.09399	141.6082	0.05	0.5227694	0.0414937	0.0581435	0.0422969	0.00515409	0.0220468	7.60697e-05	0.0235117	0.0172563	0.0507979	0.0279182	0.0978294	0.0761936	0.148577	0.0376816	0.266521	0.836154	2.85964	1	0.6112954
2926000	75.98152	-58.34201	134.3235	0.05	1.213848	0.00293897	0.0858442	0.250082	0.0786572	0.120567	0.0076234	0.0618269	0.0482239	0.04926	0.0123297	0.0430236	0.341805	0.170106	0.177553	0.532781	1.02803	2.26163	1	1.272288
2927000	83.11469	-51.90944	135.0241	0.05	1.070995	0.033313	0.0952694	0.0509805	0.00175256	0.00777456	0.0399304	0.00335122	0.00129985	0.116591	0.0106402	0.0342314	0.032078	0.782149	0.150898	0.497098	1.01083	2.34117	1	1.209362
2928000	85.34191	-53.25231	138.5942	0.05	1.663112	0.0418195	0.000346201	0.0828113	0.013171	0.0669242	0.00185179	0.00743199	0.0666321	0.00617093	0.0770969	0.234784	0.157586	0.0329596	0.249456	0.613632	1.05872	2.07819	1	0.7895847
2929000	86.87857	-50.99409	137.8727	0.05	2.243484	0.016462	0.033227	0.00241111	0.0652695	0.0455988	0.000856246	0.00712661	0.00954261	0.152401	0.142349	0.0399718	0.253704	0.0490905	0.320704	0.678636	1.07504	1.92562	1	0.8180103
2930000	85.04214	-51.38091	136.423	0.05	0.8530067	0.0909948	0.00671356	0.124863	0.0896815	0.0228904	0.0187455	0.0122144	0.0315842	0.106012	0.0931017	0.400545	0.0221005	0.0783394	0.106778	0.427631	0.970626	2.49497	1	1.097786
2931000	79.86625	-57.06506	136.9313	0.05	1.749529	0.239653	0.0547966	0.00536727	0.0621572	0.071346	0.0459521	0.096672	0.0352061	0.189872	0.0410929	0.0264976	0.07431	0.0236803	0.261426	0.62543	1.06224	2.0509	1	0.9666029
2932000	83.57149	-55.78783	139.3593	0.05	2.169443	0.0267527	0.0463626	0.0322344	0.00923167	0.0357337	0.112571	0.0367116	0.0755226	0.0451846	0.0741736	0.121384	0.0676273	0.001948	0.312696	0.671902	1.0737	1.9417	1	0.6854371
2933000	87.10424	-52.24526	139.3495	0.05	0.4852225	0.0659372	0.0531728	0.0308986	0.161364	0.0418419	0.0208586	0.0136321	0.0173193	0.233999	0.00101142	0.0201477	0.0954368	0.0915593	0.0306826	0.242159	0.809211	2.91795	1	0.8471782
2934000	78.17605	-56.72528	134.9013	0.05	0.8259213	0.237452	0.156768	0.149922	0.00288727	0.0301787	0.0238128	0.0104755	0.0396379	0.0141897	0.192569	0.376574	0.0141864	0.0324941	0.101061	0.417364	0.963886	2.51769	1	1.281147
2935000	80.01163	-59.82467	139.8363	0.05	0.4576944	0.0714467	0.0640545	0.0599814	0.0102301	0.101348	0.0284838	0.0350796	0.00261085	0.0213594	0.00359899	0.374278	0.000945265	0.026486	0.0258409	0.223403	0.786866	2.96389	1	0.7999027
2936000	72.4072	-53.50637	125.9136	0.05	2.909864	0.00414732	0.262192	0.496149	0.00507458	0.0626192	0.023753	0.0227621	0.0179427	0.670878	0.0759784	0.0639292	0.201466	0.0535284	0.382166	0.726412	1.08203	1.80939	1	1.960419
2937000	82.33546	-54.54132	136.8768	0.05	1.517322	0.0118539	0.0534349	0.0790701	0.0821935	0.0515455	0.0549013	0.0314592	0.0900855	0.0443461	0.0473798	0.164429	0.262947	0.0430829	0.227986	0.591414	1.05142	2.12918	1	1.016729
2938000	78.09657	-59.64136	137.7379	0.05	0.1968661	0.0927305	0.0143356	0.143789	0.0451059	0.0131799	0.0706559	0.0270123	0.0399267	0.298765	0.124635	0.0994236	0.0668174	0.0108388	0.000475905	0.0319873	0.375429	3.59211	1	1.047215
2939000	81.32085	-56.21588	137.5367	0.05	1.091264	0.0200844	0.0677413	0.0225847	0.0235459	0.109596	0.0195112	0.0955321	0.0207142	0.100417	0.186819	0.0416671	0.179362	0.0787023	0.154795	0.502564	1.01362	2.32902	1	0.9662771
2940000	82.98656	-54.51272	137.4993	0.05	0.5081898	0.0855874	0.142782	0.0113088	0.132581	0.0177621	0.0303857	0.00389695	0.0262783	0.105767	0.128576	0.119517	0.106883	0.116623	0.0349155	0.257229	0.826137	2.88172	1	1.027947
2941000	78.93914	-55.68211	134.6213	0.05	1.120702	0.105481	0.0615925	0.0167295	0.0118517	0.0843411	0.0100074	0.0315178	0.0167237	0.407019	0.220911	0.239689	0.0751496	0.0292228	0.160389	0.510251	1.01744	2.31192	1	1.310236
2942000	79.69537	-52.25975	131.9551	0.05	1.616386	0.00733555	0.0454606	0.0689414	0.0492632	0.0349266	0.0142038	0.011673	0.0820712	0.302478	0.0288387	0.106091	0.727486	0.0319378	0.242755	0.606848	1.05658	2.09381	1	1.510707
2943000	81.87628	-52.58815	134.4644	0.05	0.9134956	0.0358857	0.251274	0.127072	0.0383641	0.0116783	0.0531811	0.0379789	0.0204659	0.0789784	0.0311106	0.0167525	0.075902	0.537522	0.119387	0.449112	0.984045	2.44746	1	1.316166
2944000	82.67017	-53.13813	135.8083	0.05	0.8840863	0.154651	0.0550146	0.183346	0.0180017	0.00582706	0.0160241	0.084475	0.0239397	0.26079	0.087639	0.12107	0.0775853	0.0759408	0.113286	0.438907	0.977784	2.47002	1	1.164304
2945000	77.62325	-57.28156	134.9048	0.05	2.823522	0.0401006	0.157547	0.104305	0.0521219	0.00476381	0.0436411	0.0881694	0.0320967	0.1348	0.109499	0.0242065	0.0398961	0.212981	0.375131	0.721264	1.08149	1.82211	1	1.044129
2946000	83.44591	-54.27889	137.7248	0.05	1.032797	0.00396847	0.0542687	0.132314	0.111786	0.0598615	0.00533274	0.0316224	0.00653464	0.0587694	0.192865	0.257599	0.041831	0.00540121	0.143451	0.486393	1.00523	2.36493	1	0.962154
2947000	72.98606	-59.05029	132.0364	0.05	0.8557844	0.0761654	0.0398787	0.0910428	0.0853851	0.495125	0.00623842	0.0710728	0.0434933	0.148253	0.0272051	0.0154461	0.0147051	0.423641	0.107362	0.42866	0.971289	2.49269	1	1.537651
2948000	79.57123	-50.45586	130.0271	0.05	6.637515	0.0552165	0.0699188	0.0315192	0.00836954	0.00469903	0.00285722	0.0114619	0.0803126	0.312852	0.0703044	0.17555	0.331707	0.0307132	0.558533	0.834969	1.0798	1.5267	1	1.185481
2949000	76.118	-55.19756	131.3156	0.05	0.5508095	0.0391938	0.131116	0.0522636	0.00964469	0.0773105	0.0103069	0.0583908	0.130105	0.604619	0.237145	0.029724	0.250313	0.0310306	0.0431487	0.283798	0.853987	2.81907	1	1.661162
2950000	76.55093	-61.21781	137.7687	0.05	0.3285483	0.029075	0.0465553	0.0128842	0.0250708	0.0967917	0.0207963	0.0339294	0.14862	0.0879738	0.0777039	0.0264043	0.399785	0.0240065	0.00789446	0.126809	0.640773	3.22452	1	1.029596
2951000	89.36108	-49.46795	138.829	0.05	2.768962	0.0128793	0.0555588	0.0474655	0.0129797	0.0107221	0.000827456	0.0316325	0.0159761	0.0781745	0.144805	0.202479	0.0490832	0.0657654	0.370559	0.717877	1.08111	1.83045	1	0.7283487
2952000	86.46514	-54.02972	140.4949	0.05	0.4815808	0.0869784	0.0345559	0.134884	0.0690489	0.0334223	0.0574876	0.00513676	0.0123005	0.0489871	0.0104554	0.225942	0.0188014	0.000141604	0.0300267	0.239721	0.806389	2.92386	1	0.7381422
2953000	80.16164	-54.25015	134.4118	0.05	0.7522479	0.0172229	0.114408	0.0943419	0.10103	0.0355259	0.0242217	0.188088	0.00402548	0.160204	0.0387399	0.309636	0.0878455	0.134451	0.0853655	0.387174	0.942791	2.58467	1	1.30974
2954000	79.56549	-52.36236	131.9279	0.05	0.2689661	0.115404	0.0885656	0.0443603	0.0616398	0.0187915	0.0057051	0.0577344	0.00682458	1.03964	0.072629	0.0105817	0.0630823	0.0400607	0.00311591	0.080689	0.539813	3.37638	1	1.625023
2955000	84.36601	-54.61939	138.9854	0.05	0.5687096	0.210831	0.0804225	0.0435599	0.0144907	0.0408491	0.0343104	0.0323225	0.0204336	0.0171922	0.0398068	0.0718225	0.029074	0.269879	0.0467254	0.294425	0.864475	2.79437	1	0.904994
2956000	76.40068	-55.67319	132.0739	0.05	2.547779	0.00153249	0.0860842	0.00631868	0.14213	0.0747556	0.0078539	0.0544676	0.10509	0.12986	0.0527129	0.554474	0.0875063	0.0712554	0.35094	0.702956	1.07915	1.86695	1	1.374041
2957000	86.81056	-48.42029	135.2309	0.05	2.594217	0.104208	0.01192	0.0875912	0.147495	0.00340984	0.0193543	0.00639312	0.012073	0.0290052	0.441641	0.106236	0.00539968	0.080269	0.355211	0.706259	1.07962	1.85891	1	1.054995
2958000	73.31153	-57.49004	130.8016	0.05	0.9334735	0.157342	0.0337433	0.116274	0.190364	0.0791095	0.0143059	0.0727924	0.0473916	0.198614	0.0329962	0.0759349	0.615877	0.0305025	0.123496	0.4558	0.988038	2.43267	1	1.665247
2959000	91.59515	-48.16983	139.765	0.05	1.125026	0.0620907	0.0440251	0.0147462	0.0217075	0.0108185	0.00526802	0.00382138	0.0396834	0.0985875	0.00836361	0.0545657	0.28556	0.0954718	0.161203	0.511355	1.01798	2.30946	1	0.7447095
2960000	71.96893	-60.91984	132.8888	0.05	2.267453	0.0116063	0.0201787	0.0448551	0.0862773	0.0309529	0.11026	0.0332265	0.264819	0.014326	0.0918116	0.000887408	0.0570568	0.548104	0.323239	0.680741	1.07544	1.92058	1	1.314362
2961000	78.53419	-57.01591	135.5501	0.05	1.587048	0.0598352	0.0653658	0.0153982	0.158216	0.0152417	0.0134877	0.113483	0.175308	0.286111	0.135283	0.0213939	0.00538226	0.0563451	0.238462	0.602432	1.05515	2.10396	1	1.120851
2962000	79.38863	-54.40464	133.7933	0.05	0.8565345	0.171651	0.0790115	0.0473275	0.016909	0.0521135	0.0137445	0.0269288	0.0461887	0.106164	0.160056	0.620494	0.00222402	0.0359611	0.107519	0.428937	0.971468	2.49208	1	1.378774
2963000	84.57199	-52.07322	136.6452	0.05	1.021639	0.0392428	0.00766083	0.0969251	0.0289997	0.02412	0.0624434	0.00660709	0.00227926	0.0365548	0.158996	0.13169	0.426781	0.0461428	0.141251	0.483161	1.00349	2.37209	1	1.068444
2964000	82.64485	-52.30303	134.9479	0.05	1.414123	0.0363173	0.0538504	0.0716896	0.169568	0.0861108	0.00469662	0.000177095	0.0159993	0.202279	0.0541705	0.117671	0.187876	0.217834	0.211746	0.573609	1.04495	2.16969	1	1.21824
2965000	83.52519	-51.48481	135.01	0.05	2.494474	0.00101697	0.0912766	0.076273	0.170968	0.0682783	0.00182872	0.00498365	0.0137847	0.392949	0.000902474	0.0753749	0.101024	0.0977443	0.345932	0.699043	1.07856	1.87646	1	1.096404
2966000	74.00975	-55.968	129.9778	0.05	2.487238	0.0792167	0.0484141	0.0363952	0.000931038	0.0788571	0.255034	0.0172019	0.17066	0.00149477	0.127552	0.209062	0.505433	0.0530768	0.345243	0.698501	1.07848	1.87777	1	1.583328
2967000	80.79285	-53.17037	133.9632	0.05	2.576653	0.00212955	0.125144	0.0260462	0.020983	0.0866622	0.0248861	0.0214337	0.0891062	0.0588774	0.206665	0.0450851	0.0812342	0.396098	0.353606	0.705021	1.07945	1.86193	1	1.18435
2968000	90.19692	-50.57223	140.7692	0.05	0.3743746	0.0355127	0.0744025	0.0350255	0.0264025	0.00349539	0.00327485	0.00851077	0.000862934	0.257905	0.0110344	0.22497	0.0015882	0.036709	0.0131978	0.16237	0.701992	3.12244	1	0.7196934
2969000	82.62929	-56.1012	138.7305	0.05	0.4405247	0.0524399	0.0343703	0.0346915	0.0639829	0.0412577	0.113124	0.0207205	0.0793211	0.127702	0.239506	0.0176443	0.00981928	0.0669293	0.0229683	0.211329	0.771657	2.99405	1	0.901509
2970000	78.60322	-55.15034	133.7536	0.05	1.475935	0.0319856	0.109627	0.0321864	0.0056606	0.00122	0.0318393	0.0388607	0.106756	0.00503494	0.227425	0.132388	0.568937	0.0583839	0.221581	0.584501	1.04898	2.14494	1	1.350304
2971000	83.09304	-51.63313	134.7262	0.05	1.530966	0.0182258	0.331464	0.000381109	0.0840914	0.0136383	0.0157153	0.0582157	0.0429722	0.377263	0.0550512	0.100462	0.0895956	0.000386888	0.230067	0.593631	1.05219	2.12411	1	1.187462
2972000	84.51464	-50.56298	135.0776	0.05	2.067156	0.175988	0.182087	0.00201551	0.049363	0.0060842	0.00777771	0.0145129	0.033723	0.0814577	0.075254	0.392301	0.0108807	0.0694385	0.301162	0.66197	1.07158	1.96529	1	1.100883
2973000	77.54186	-50.16402	127.7059	0.05	4.864134	0.106208	0.0702924	0.118294	0.234908	0.0200281	0.00220015	0.0217271	0.00547481	0.0558665	0.0727123	0.852882	0.0345545	0.00300277	0.496335	0.800631	1.08353	1.6195	1	1.598151
2974000	90.34893	-48.16349	138.5124	0.05	1.347102	0.0633596	0.0266845	0.0226592	0.0834775	0.00620398	0.0310668	0.00129104	0.0164942	0.0150944	0.371899	0.1196	0.039359	0.0420482	0.200708	0.560957	1.04002	2.19832	1	0.8392375
2975000	77.80107	-53.96379	131.7649	0.05	3.371751	0.0171949	0.223768	0.102827	0.190024	0.0477946	0.0346612	0.0511432	0.0445489	0.0416791	0.463437	0.0285391	0.0430966	0.0277016	0.416122	0.750234	1.08382	1.74982	1	1.316416
2976000	84.35517	-53.27885	137.634	0.05	1.839431	0.0150975	0.0391025	0.0831994	0.0249949	0.0152567	0.0335687	0.155743	0.085997	0.0126079	0.324999	0.00968038	0.0461909	0.0485945	0.273324	0.636776	1.0654	2.0245	1	0.8950322
2977000	80.40022	-53.79638	134.1966	0.05	0.140986	0.0479873	0.0270673	0.0127185	0.0394788	0.0456431	0.0114501	0.00598066	0.0811762	0.00102257	0.00530748	0.860611	0.151817	0.106407	2.94368e-05	0.00802476	0.214498	3.77745	1	1.396667
2978000	87.01466	-53.38356	140.3982	0.05	0.1842416	0.0893556	0.0415843	0.00602387	0.0378707	0.0190851	0.0275251	0.0191687	0.017193	0.134785	0.0642424	0.22896	0.0122334	0.106951	0.000294253	0.0252077	0.341298	3.6332	1	0.804978
2979000	84.5895	-54.08474	138.6742	0.05	0.8738825	0.0150782	0.00463066	0.0140745	0.10329	0.103616	0.00461263	0.0537056	0.0892176	0.0448776	0.12713	0.00581488	0.0459298	0.272387	0.111156	0.435262	0.975498	2.47808	1	0.8843649
2980000	77.9362	-56.05964	133.9958	0.05	5.655958	0.0210169	0.0468636	0.0240729	0.0629679	0.00139515	0.178272	0.029539	0.0222169	0.0138427	0.324599	0.0254367	0.0642443	0.0494106	0.527234	0.818154	1.08201	1.5726	1	0.8638776
2981000	83.4455	-52.70206	136.1476	0.05	1.733321	0.189071	0.00108746	0.0171981	0.0520998	0.0511548	0.0752292	0.0289165	0.00240494	0.0921556	0.115146	0.150448	0.117291	0.156823	0.259222	0.623287	1.06162	2.05587	1	1.049024
2982000	81.626	-53.37547	135.0015	0.05	1.287567	0.0403586	0.0477989	0.0386269	0.0366178	0.0971295	0.0174975	0.0704089	0.215004	0.370232	0.0654294	0.0869788	0.0629878	0.0763059	0.190564	0.548902	1.03506	2.22547	1	1.225376
2983000	78.35714	-60.68628	139.0434	0.05	0.02744138	0.00695298	0.0463762	0.0297585	0.0307656	0.0440523	0.12103	0.00884706	0.043263	0.243385	0.0378237	0.00363257	0.0283418	0.304978	6.41762e-23	1.19766e-11	4.69274e-05	3.99995	1	0.9492072
2984000	89.07022	-53.525	142.5952	0.05	0.6208969	0.0236815	0.0352896	0.0155565	0.0073545	0.0373051	0.0165888	0.00213221	0.0130943	0.176342	0.0748803	0.013196	0.0770908	0.0236425	0.0574446	0.32369	0.891617	2.72725	1	0.5161544
2985000	79.36308	-57.40158	136.7647	0.05	1.030003	0.0510735	0.00446915	0.0488542	0.029494	0.0281511	0.0258199	0.0733541	0.0500579	0.0836471	0.0452405	0.245675	0.0709901	0.284713	0.142901	0.485588	1.0048	2.36671	1	1.04154
2986000	75.57507	-55.47262	131.0477	0.05	1.088667	0.0625032	0.00909533	0.244468	0.238334	0.0363557	0.153287	0.0018908	0.0542408	0.0511978	0.195544	0.520924	0.0266305	0.0117449	0.154298	0.501871	1.01327	2.33056	1	1.606217
2987000	84.40055	-52.93745	137.338	0.05	0.5298391	0.101803	0.0665024	0.0416794	0.0149062	0.00382373	0.0549129	0.0914579	0.0525761	0.0817931	0.0213232	0.0773027	0.385751	0.0314151	0.0390427	0.27095	0.840822	2.84919	1	1.025247
2988000	83.5296	-54.3021	137.8317	0.05	0.3363451	0.0179778	0.0143909	0.0380232	0.0108685	0.00527084	0.0158293	0.0156152	0.0258374	0.00163192	0.587193	0.1004	0.162102	0.0256836	0.00870111	0.132907	0.652083	3.20631	1	1.020824
2989000	80.62585	-56.85186	137.4777	0.05	0.5915417	0.0709014	0.170549	0.0687917	0.0015677	0.0507716	0.040282	0.0790772	0.021355	0.0601755	0.109216	0.114953	0.0262978	0.213771	0.0513683	0.307538	0.876942	2.76415	1	1.027708
2990000	78.23526	-57.61984	135.8551	0.05	0.9992089	0.0909961	0.0815255	0.00740971	0.0870245	0.00725207	0.100247	0.0170702	0.0676166	0.405138	0.0144285	0.0299147	0.0744726	0.172176	0.136796	0.476514	0.999869	2.38682	1	1.155272
2991000	79.56555	-55.09752	134.6631	0.05	0.996159	0.020868	0.102001	0.0923343	0.0106758	0.199059	0.015092	0.0214868	0.109012	0.0350215	0.206017	0.137157	0.28309	0.0362269	0.136187	0.475594	0.999361	2.38886	1	1.268041
2992000	85.93809	-50.19765	136.1357	0.05	0.7699983	0.0424241	0.172917	0.0605593	0.0302138	0.0361979	0.00980847	0.0370522	0.00345956	0.0776841	0.0202433	0.0629577	0.0539588	0.525322	0.0891606	0.394769	0.948282	2.56779	1	1.132798
2993000	83.36692	-54.78252	138.1494	0.05	0.7821218	0.118778	0.0600451	0.0312867	0.0156548	0.0636284	0.032726	0.0389917	0.00268095	0.302365	0.16701	0.0602462	0.0490299	0.00890521	0.0917491	0.399835	0.951875	2.55654	1	0.9513477
2994000	86.23603	-53.38828	139.6243	0.05	0.5524077	0.0103669	0.0247715	0.158269	0.00467173	0.023088	0.0321236	0.0129514	0.00653042	0.115902	0.0112244	0.0314305	0.291914	0.0925453	0.0434655	0.284759	0.854951	2.81682	1	0.8157888
2995000	81.66841	-54.44311	136.1115	0.05	1.436845	0.032819	0.0584202	0.17841	0.0023882	0.0733529	0.0787556	0.00341763	0.0880597	0.0160574	0.0312079	0.313087	0.016032	0.181274	0.2154	0.577695	1.04649	2.16042	1	1.073282
2996000	80.85309	-55.04865	135.9017	0.05	1.543508	0.035228	0.07739	0.0418323	0.0962661	0.04787	0.0054029	0.00912986	0.0399971	0.0521478	0.229716	0.0764405	0.439211	0.00729954	0.231966	0.595642	1.05288	2.11951	1	1.157931
2997000	81.66337	-52.54132	134.2047	0.05	0.5154435	0.0205754	0.0540707	0.226077	0.0216878	0.0155135	0.00328013	0.00708824	0.00444558	0.10767	0.212652	0.126065	0.0171555	0.539028	0.0362846	0.261878	0.831188	2.87065	1	1.355309
2998000	85.33545	-52.3414	137.6769	0.05	0.5700298	0.0281753	0.0125202	0.00492129	0.0802558	0.0378075	0.0248139	0.0142078	0.0578057	0.304031	0.309991	0.00552225	0.0935297	0.0253686	0.0469916	0.295197	0.865223	2.79259	1	0.9989501
2999000	79.08008	-50.46989	129.55	0.05	4.490687	0.0148484	0.130864	0.0361091	0.0933629	0.0395727	0.00873495	0.0606428	0.042231	0.0325518	0.0229346	0.0125944	0.0885893	0.83236	0.479442	0.790634	1.08406	1.64587	1	1.415396
3000000	81.37634	-51.91602	133.2924	0.05	1.885453	0.10295	0.01447	0.0345121	0.175537	0.0601233	0.00102771	0.00799276	0.0414631	0.0624952	0.0510786	0.405484	0.0888578	0.253863	0.279207	0.642253	1.06684	2.0117	1	1.299855
