Iteration	Posterior	Likelihood	Prior	alpha_dir	alpha_morpho	brlens[1]	brlens[2]	brlens[3]	brlens[4]	brlens[5]	char_rates[1]	char_rates[2]	char_rates[3]	char_rates[4]	model_indicator	tree_length
0	-71.20306	-84.35014	13.14708	10	1.506135	0.00474558	0.0294695	0.207034	0.0587204	0.0121961	0.226269	0.589574	1.05078	2.13338	5	0.3121654
1000	-56.22798	-65.67634	9.44836	10	0.1911171	0.0879504	0.0254715	0.235281	0.178631	0.184125	0.00038536	0.0288133	0.360079	3.61072	5	0.7114589
2000	-62.58149	-67.62942	5.047932	2	0.08959577	0.114529	0.0583834	0.435594	0.232038	0.0242797	1.05439e-07	0.000482903	0.0672041	3.93231	4	0.8648239
3000	-56.89196	-66.3179	9.425936	1	0.001535457	0.0514939	0.0330429	0.0534927	0.080955	0.12819	0	9.94974e-197	7.19807e-82	4	3	0.3471748
4000	-56.28233	-65.25687	8.974537	2	0.04651849	0.21729	0.0188542	0.0456294	0.21029	0.0250205	6.35979e-14	3.76411e-07	0.00344639	3.99655	4	0.5170844
5000	-57.37427	-64.89662	7.522345	10	0.02570218	0.511841	0.0321734	0.0794549	0.0683253	0.0586898	2.10328e-24	2.16851e-12	2.30925e-05	3.99998	5	0.7504842
6000	-53.48037	-64.20345	10.72307	10	0.04278117	0.310718	0.0708922	0.0727624	0.0818991	0.146588	4.71066e-15	1.02475e-07	0.00200877	3.99799	5	0.6828589
7000	-45.5204	-64.99034	19.46994	1000	0.1147071	0.237824	0.0389109	0.0992756	0.498806	0.0327422	3.10693e-06	0.00261506	0.135255	3.86213	6	0.9075581
8000	-50.82703	-65.66762	14.84059	1000	0.1416239	0.383273	0.16348	0.268353	0.426011	0.0873521	3.07668e-05	0.00820336	0.216439	3.77533	6	1.328469
9000	-58.46693	-65.20594	6.739006	10	0.9568549	0.191296	0.00266122	0.0268036	0.369766	0.236822	0.128267	0.463388	0.992466	2.41588	5	0.8273502
10000	-52.3623	-66.83589	14.47359	10	0.03080008	0.140651	0.0746719	0.0771353	0.0612152	0.0674172	1.58355e-20	1.88078e-10	0.000147121	3.99985	5	0.4210903
11000	-61.42035	-66.71274	5.292391	1	0.2774346	0.277687	0.065874	0.12003	0.119959	0.149389	0.00364375	0.0870999	0.555887	3.35337	3	0.7329394
12000	-65.38483	-66.44855	1.06372	2	0.2535671	0.203279	0.444593	0.0840517	0.290464	0.284487	0.00228219	0.0692778	0.508948	3.41949	4	1.306875
13000	-56.21582	-66.48455	10.26873	10	0.2543061	0.104967	0.231459	0.0550294	0.176404	0.195481	0.00231855	0.0698169	0.510479	3.41739	5	0.76334
14000	-44.2327	-67.00792	22.77522	1000	0.2467426	0.0818527	0.0396478	0.00316309	0.390268	0.14903	0.0019634	0.0643478	0.494566	3.43912	6	0.6639617
15000	-42.32626	-65.39216	23.06591	1000	0.1567241	0.170975	0.0158305	0.119997	0.14248	0.0839623	7.88299e-05	0.0131038	0.262002	3.72482	6	0.5332441
16000	-43.52762	-64.03588	20.50826	1000	0.08856683	0.257441	0.0426078	0.0232003	0.419817	0.107604	8.81061e-08	0.00044147	0.0647492	3.93481	6	0.8506704
17000	-63.86701	-69.80681	5.939798	1	0.006741311	0.0195746	0.429109	0.043094	0.141941	0.0615491	2.75273e-90	2.48492e-45	4.92745e-19	4	3	0.6952681
18000	-56.35966	-64.97886	8.619203	10	0.1530313	0.271084	0.0277741	0.086894	0.106529	0.0518726	6.37129e-05	0.0117868	0.25095	3.7372	5	0.544154
19000	-57.42341	-64.47739	7.053987	2	0.2768121	0.229972	0.0543412	0.0102059	0.150299	0.130363	0.00360325	0.0866259	0.554727	3.35504	4	0.5751807
20000	-54.74486	-68.07345	13.32858	0.2	0.07821512	0.196913	0.144313	0.0511911	0.120763	0.188971	1.11186e-08	0.000156968	0.0421555	3.95769	2	0.7021513
21000	-56.1007	-76.08072	19.98002	0.05	1.849122	0.149399	0.0311683	0.127256	0.133135	0.0431806	0.274574	0.637947	1.06571	2.02177	1	0.4841393
22000	-58.84596	-65.70345	6.857488	1	0.1304745	0.130921	0.097558	0.0169673	0.136607	0.209072	1.33522e-05	0.00541163	0.182499	3.81208	3	0.5911257
23000	-56.64858	-65.43357	8.784996	10	0.08576845	0.119097	0.130405	0.208832	0.126523	0.125197	5.28944e-08	0.000342145	0.0582516	3.94141	5	0.7100543
24000	-44.21154	-65.38915	21.17761	1000	0.0652096	0.111337	0.043308	0.0487006	0.190373	0.116883	3.24921e-10	2.68627e-05	0.0202568	3.97972	6	0.510602
25000	-55.0019	-64.23449	9.232596	1	0.08229991	0.15967	0.0353304	0.00821242	0.062499	0.0927205	2.678e-08	0.000243523	0.0505853	3.94917	3	0.3584324
26000	-48.26069	-65.48876	17.22807	1000	0.0386497	0.0362486	0.268471	0.0947576	0.0531379	0.574039	1.47588e-16	1.81449e-08	0.000979477	3.99902	6	1.026654
27000	-44.52051	-66.1933	21.67278	1000	0.1109362	0.0488379	0.069603	0.272096	0.401449	0.0537067	2.06149e-06	0.00213096	0.124288	3.87358	6	0.8456927
28000	-44.84803	-64.62321	19.77517	1000	0.03067515	0.122973	0.0852597	0.0822995	0.46568	0.136439	1.31835e-20	1.7161e-10	0.000141632	3.99986	6	0.8926508
29000	-63.22036	-71.18019	7.959823	1	0.01300424	0.181067	0.0541309	0.0616778	0.0500493	0.145715	2.82567e-47	7.95705e-24	4.14865e-10	4	3	0.4926392
30000	-58.56691	-66.76434	8.197428	10	0.07185023	0.23487	0.271516	0.123515	0.0692846	0.00755038	2.31535e-09	7.16685e-05	0.030444	3.96948	5	0.7067365
31000	-57.09638	-65.9192	8.822819	2	0.5114739	0.114287	0.047938	0.0285175	0.193718	0.126324	0.0355336	0.25934	0.828441	2.87669	4	0.5107844
32000	-42.95554	-64.80889	21.85334	1000	0.04006187	0.137131	0.0484245	0.0528021	0.17629	0.173527	5.22448e-16	3.4135e-08	0.00127308	3.99873	6	0.5881751
33000	-46.76893	-64.45807	17.68914	1000	0.05987411	0.391838	0.0694144	0.0709592	0.454652	0.0139083	4.89125e-11	1.04271e-05	0.0136764	3.98631	6	1.000772
34000	-52.63075	-66.46114	13.83039	10	0.02783044	0.0616848	0.000108502	0.0970923	0.128719	0.102978	1.30034e-22	1.70475e-11	5.43308e-05	3.99995	5	0.3905819
35000	-54.21793	-64.56028	10.34236	10	0.08457176	0.270182	0.0284248	0.0210714	0.203977	0.165505	4.20888e-08	0.000305234	0.0555565	3.94414	5	0.6891599
36000	-69.94203	-66.80743	-3.134595	2	0.02993822	0.162505	0.155362	0.0289561	0.362153	1.00751	4.33477e-21	9.84095e-11	0.00011245	3.99989	4	1.716485
37000	-53.60005	-65.26233	11.66227	10	0.02863498	0.0361719	0.0664568	0.112056	0.142364	0.220386	5.26999e-22	3.43169e-11	7.26307e-05	3.99993	5	0.5774345
38000	-58.75078	-66.74806	7.99728	1	0.0182812	0.160997	0.0446134	0.0954924	0.1557	0.0315623	6.52585e-34	3.82217e-17	2.45907e-07	4	3	0.4883658
39000	-55.59019	-64.43124	8.841048	10	0.06511759	0.244195	0.00702646	0.0926379	0.173269	0.108589	3.15311e-10	2.64627e-05	0.0201311	3.97984	5	0.6257165
40000	-41.62113	-64.56161	22.94048	1000	0.1637279	0.158594	0.0856542	0.0546589	0.251019	0.108076	0.000114966	0.0158084	0.282737	3.70134	6	0.6580025
41000	-46.05477	-67.57678	21.52201	1000	0.2141916	0.0917041	0.163119	0.10799	0.0348799	0.219796	0.000839268	0.0423428	0.419672	3.53715	6	0.6174884
42000	-54.87007	-64.63212	9.76205	10	0.1491241	0.226122	0.0633285	0.135494	0.196795	0.0633152	5.02807e-05	0.0104765	0.239183	3.75029	5	0.6850544
43000	-42.86989	-65.71535	22.84546	1000	0.1080473	0.0177326	0.135822	0.169635	0.217871	0.120839	1.47663e-06	0.00180404	0.116019	3.88218	6	0.6618996
44000	-58.49135	-64.79035	6.299001	1	0.02462056	0.111283	0.00455967	0.0731412	0.175756	0.292821	1.96741e-25	6.63286e-13	1.41253e-05	3.99999	3	0.6575599
45000	-62.00897	-69.572	7.563038	1	0.1430864	0.153771	0.02316	0.105723	0.231165	0.00549025	3.39968e-05	0.00862158	0.220886	3.77046	3	0.5193095
46000	-61.03153	-64.38879	3.357257	2	0.5391883	0.310128	0.0554076	0.0475894	0.279405	0.230812	0.0408612	0.276731	0.846814	2.83559	4	0.9233428
47000	-54.32946	-63.96662	9.637164	2	0.01851855	0.161399	0.02103	0.00547922	0.230609	0.0681024	1.72471e-33	6.21357e-17	3.00847e-07	4	4	0.4866193
48000	-55.3345	-66.076	10.7415	10	0.3814804	0.177978	0.111278	0.0157203	0.0846993	0.183622	0.0141358	0.167792	0.710436	3.10764	5	0.573298
49000	-62.59573	-65.47038	2.874655	10	0.07516719	0.310461	0.305551	0.417037	0.122612	0.33453	5.4218e-09	0.00010964	0.036321	3.96357	5	1.490191
50000	-61.23083	-68.2579	7.027065	2	0.8178062	0.12807	0.191226	0.0630508	0.138273	0.081681	0.0993417	0.414205	0.961769	2.52468	4	0.6023012
51000	-56.5294	-67.56486	11.03546	10	0.8232474	0.156886	0.0755084	0.0668727	0.0925863	0.0971641	0.100495	0.416328	0.963194	2.51998	5	0.4890176
52000	-62.08872	-66.91611	4.827389	2	1.456086	0.131941	0.0466301	0.0358331	0.489923	0.110081	0.218458	0.58108	1.04774	2.15273	4	0.8144079
53000	-58.36525	-65.94235	7.577099	2	0.1449037	0.0894981	0.0011812	0.165444	0.203411	0.212144	3.83785e-05	0.00915815	0.226405	3.7644	4	0.6716777
54000	-42.74625	-68.1903	25.44405	1000	0.06242882	0.071851	0.00959729	0.0411357	0.140859	0.0679037	1.26102e-10	1.67388e-05	0.0166455	3.98334	6	0.3313469
55000	-46.7734	-70.08226	23.30886	1000	1.310442	0.209947	0.0105895	0.0161032	0.137749	0.0421327	0.1945	0.55363	1.03704	2.21483	6	0.4165211
56000	-43.46602	-66.12526	22.65924	1000	0.4706018	0.159374	0.0622856	0.0368676	0.12805	0.0935661	0.028077	0.232291	0.79764	2.94199	6	0.480143
57000	-48.84998	-64.98063	16.13064	1000	0.04440254	0.598754	0.202071	0.108792	0.274931	0.0273699	1.5376e-14	1.85114e-07	0.00256734	3.99743	6	1.211919
58000	-47.10035	-70.12508	23.02473	1000	0.2947279	0.212036	0.148701	0.00604883	0.0955202	0.0474435	0.00487741	0.1004	0.586842	3.30788	6	0.5097494
59000	-50.48311	-65.06445	14.58134	1000	2.219128	0.360127	0.0805354	0.0736309	0.452836	0.124675	0.3181	0.676461	1.07462	1.93082	6	1.091804
60000	-58.63052	-66.68709	8.056575	2	0.1227965	0.23449	0.105322	0.0208281	0.0589936	0.194114	6.87938e-06	0.00388786	0.159287	3.83682	4	0.6137481
61000	-52.48321	-66.98633	14.50312	0.2	0.2089758	0.0967739	0.157415	0.108307	0.189644	0.050825	0.000714559	0.0391088	0.406675	3.5535	2	0.602965
62000	-39.65071	-65.30047	25.64976	0.2	0.395082	0.157764	0.0162326	0.00399375	0.15982	0.158515	0.0160113	0.178073	0.725903	3.08001	2	0.4963257
63000	-50.25146	-69.35656	19.1051	0.2	1.062203	0.114131	0.0682494	0.0606173	0.492767	0.26272	0.149196	0.494682	1.00959	2.34653	2	0.9984854
64000	-39.7672	-67.80334	28.03614	0.05	4.581883	0.13881	0.0199363	0.0397167	0.0459973	0.0587765	0.483727	0.793198	1.08394	1.63913	1	0.3032372
65000	-45.67452	-65.61481	19.94029	0.2	0.08506017	0.398713	0.111448	0.0238232	0.193829	0.203573	4.6239e-08	0.000319916	0.0566502	3.94303	2	0.9313854
66000	-29.5202	-63.61601	34.09581	0.2	0.04237668	0.226028	0.00485495	0.0994253	0.0891129	0.0456609	3.45767e-15	8.77981e-08	0.00188398	3.99812	2	0.4650819
67000	-33.0211	-66.04208	33.02099	0.2	0.05711027	0.0715774	0.0190031	0.00382533	0.10616	0.0579345	1.59584e-11	5.9573e-06	0.0108409	3.98915	2	0.2585
68000	-37.36956	-67.42076	30.0512	0.05	0.09555048	0.197703	0.0141901	0.0406195	0.0494112	0.0837181	2.76287e-07	0.00078128	0.0820425	3.91718	1	0.3856415
69000	-33.99544	-66.23337	32.23793	0.2	0.07190702	0.0103895	0.0897441	0.0551196	0.278851	0.172931	2.35088e-09	7.22159e-05	0.0305403	3.96939	2	0.6070353
70000	-17.60323	-65.09691	47.49367	0.05	0.003045924	0.158839	0.0045921	0.141342	0.0949637	0.101518	1.22526e-198	1.65839e-99	1.61388e-41	4	1	0.5012548
71000	-25.77891	-70.59745	44.81854	0.05	0.2270265	0.189706	0.0348228	0.0250698	0.0268118	0.0169165	0.00120813	0.0506765	0.450472	3.49764	1	0.2933268
72000	-23.88676	-67.08549	43.19873	0.05	0.302227	0.166326	0.202292	0.00299839	0.217236	0.104665	0.0054777	0.106229	0.599524	3.28877	1	0.6935168
73000	-32.76301	-64.47467	31.71166	0.05	0.01614188	0.444408	0.0774724	0.0972082	0.0835819	0.137393	2.81883e-38	2.5125e-19	3.05611e-08	4	1	0.8400631
74000	-20.75345	-64.31895	43.5655	0.2	0.0213997	0.209948	0.00977656	0.0848904	0.138076	0.065888	4.10823e-29	9.58741e-15	2.43484e-06	4	2	0.5085795
75000	-22.45957	-65.93173	43.47215	0.05	0.1007615	0.14562	0.109321	0.141744	0.249717	0.0513243	5.84608e-07	0.00113592	0.0958046	3.90306	1	0.6977264
76000	-21.34905	-67.95889	46.60984	0.05	0.07189204	0.184062	0.0983249	0.105432	0.068145	0.0377125	2.34146e-09	7.20712e-05	0.0305149	3.96941	1	0.4936765
77000	-24.46373	-63.9378	39.47407	0.05	0.06295728	0.471051	0.108717	0.0727196	0.029573	0.411395	1.51927e-10	1.83722e-05	0.0173014	3.98268	1	1.093456
78000	-26.42912	-65.19978	38.77067	0.2	0.03357983	0.181039	0.031758	0.095168	0.167033	0.198117	6.56997e-19	1.21116e-09	0.000318619	3.99968	2	0.6731149
79000	-26.43121	-64.83197	38.40075	0.2	0.1148856	0.183528	0.0147668	0.0200003	0.221235	0.0409858	3.16575e-06	0.00263965	0.135779	3.86158	2	0.4805159
80000	-20.63838	-65.30596	44.66758	0.2	0.2735103	0.151974	0.0567452	0.0171749	0.149647	0.150321	0.00339295	0.0841189	0.548516	3.36397	2	0.525862
81000	-19.86832	-66.08413	46.21581	0.2	0.1562613	0.112475	0.0510444	0.0138072	0.1439	0.135569	7.67968e-05	0.0129346	0.260621	3.72637	2	0.4567957
82000	-17.18543	-66.64422	49.4588	0.05	0.9040747	0.291107	0.0314428	0.200528	0.0867734	0.105702	0.117439	0.445891	0.98209	2.45458	1	0.7155529
83000	-31.32988	-65.70053	34.37065	0.2	0.07595496	0.305079	0.0505326	0.0448947	0.0697013	0.184081	6.56388e-09	0.000120629	0.0377901	3.96209	2	0.6542886
84000	-41.28197	-69.31388	28.03191	0.05	2.748198	0.167766	0.0587634	0.214409	0.119319	0.0200989	0.368793	0.716559	1.08095	1.83369	1	0.5803566
85000	-12.10347	-65.15692	53.05345	0.05	0.7866063	0.18563	0.0358564	0.0297498	0.0820252	0.0745551	0.0927056	0.401685	0.953173	2.55244	1	0.4078169
86000	-4.589669	-63.91744	59.32777	0.05	0.2322398	0.266704	0.00509296	0.0703757	0.276725	0.121975	0.00138474	0.0541984	0.462506	3.48191	1	0.7408731
87000	-16.31806	-67.28492	50.96686	0.05	0.04863937	0.14854	0.203371	0.0391667	0.175531	0.252338	2.33147e-13	7.20573e-07	0.0045121	3.99549	1	0.8189463
88000	-6.865961	-66.76201	59.89605	0.05	0.2133279	0.178861	0.0230425	0.0150706	0.161222	0.377671	0.000817653	0.0418008	0.417539	3.53984	1	0.7558672
89000	3.232733	-65.16342	68.39615	0.05	0.000997255	0.106866	0.0965211	0.131976	0.193531	0.00134128	0	1.55477e-302	8.7846e-126	4	1	0.5302359
90000	2.475782	-67.10578	69.58157	0.05	0.2656888	0.189807	0.0831083	0.240428	0.13251	0.00499735	0.00292496	0.0782313	0.533424	3.38542	1	0.6508498
91000	14.88057	-65.28874	80.16931	0.05	0.03530171	0.270522	0.0612134	0.18187	0.15979	0.109716	4.91985e-18	3.31383e-09	0.000483764	3.99952	1	0.7831106
92000	22.26564	-65.95368	88.21932	0.05	1.392812	0.132139	0.091427	0.0643297	0.237292	0.164333	0.208279	0.569685	1.04345	2.17858	1	0.6895209
93000	13.56063	-68.61295	82.17359	0.05	0.497014	0.106033	0.0283615	0.00211648	0.124842	0.03139	0.0328356	0.249962	0.818084	2.89912	1	0.2927432
94000	5.979889	-72.54451	78.5244	0.05	0.1190455	0.072524	0.0332235	0.0573422	0.0110769	0.082007	4.82298e-06	0.00325666	0.148072	3.84867	1	0.2561736
95000	16.22408	-67.52509	83.74917	0.05	0.01873833	0.115834	0.102848	0.0534923	0.0878813	0.0478894	4.14971e-33	9.63791e-17	3.6096e-07	4	1	0.4079458
96000	7.320619	-67.84125	75.16187	0.05	0.0732109	0.351824	0.0580146	0.0326504	0.00184891	0.152421	3.31326e-09	8.57231e-05	0.0327936	3.96712	1	0.5967594
97000	7.780586	-65.19259	72.97318	0.05	0.08088178	0.346576	0.178881	0.423709	0.194073	0.0638528	1.99364e-08	0.000210141	0.0475826	3.95221	1	1.207092
98000	20.93955	-64.86533	85.80488	0.05	0.01326228	0.275435	0.144927	0.0196963	0.147089	0.290618	2.24846e-46	2.24452e-23	6.37994e-10	4	1	0.8777649
99000	27.66202	-66.87281	94.53483	0.05	0.1184679	0.0725635	0.0360317	0.0450869	0.171719	0.0400865	4.5572e-06	0.00316586	0.146355	3.85047	1	0.3654877
100000	27.10951	-66.5179	93.62741	0.05	0.003027088	0.129131	0.214333	0.0569204	0.146787	0.000704166	7.21553e-200	4.02445e-100	8.96671e-42	4	1	0.5478752
101000	21.83639	-66.43392	88.27031	0.05	0.7962708	0.214986	0.00265213	0.0984556	0.17478	0.0227928	0.094765	0.405628	0.955916	2.54369	1	0.5136664
102000	16.34828	-67.78611	84.13439	0.05	1.013164	0.41611	0.068867	0.196013	0.0774672	0.0356111	0.139573	0.480673	1.00215	2.37761	1	0.7940687
103000	13.87846	-65.59842	79.47687	0.05	1.368017	0.356771	0.0896672	0.124204	0.174982	0.0288329	0.204195	0.565004	1.04163	2.18917	1	0.774457
104000	15.99012	-63.6349	79.62502	0.05	0.1299346	0.220241	0.00170481	0.0272458	0.122677	0.0712833	1.27766e-05	0.00529404	0.180859	3.81383	1	0.4431519
105000	1.388014	-67.80336	69.19137	0.05	0.4700479	0.14146	0.091757	0.0942918	0.122808	0.196399	0.0279798	0.231913	0.797189	2.94292	1	0.6467163
106000	3.099774	-70.27133	73.3711	0.05	1.658531	0.10741	0.0412545	0.185675	0.227787	0.0734785	0.248806	0.61298	1.05852	2.0797	1	0.6356043
107000	6.4204	-66.15067	72.57107	0.05	0.2710705	0.0877823	0.0378578	0.0380089	0.457628	0.301366	0.00324243	0.0822743	0.543866	3.37062	1	0.9226428
108000	5.892823	-67.31176	73.20458	0.05	0.6467321	0.21836	0.0262071	0.0655353	0.234181	0.0495173	0.0628678	0.337274	0.903408	2.69645	1	0.5938006
109000	18.24906	-67.10271	85.35177	0.05	0.7198968	0.0854406	0.0114799	0.108337	0.167629	0.0630888	0.0784423	0.372769	0.932024	2.61676	1	0.4359757
110000	6.739273	-65.15719	71.89646	0.05	0.34336	0.570038	0.097545	0.0164452	0.207859	0.0552463	0.00946136	0.138384	0.661928	3.19023	1	0.947134
111000	2.73885	-65.09719	67.83604	0.05	0.7255415	0.289911	0.0180296	0.0121227	0.191345	0.0914053	0.0796501	0.375336	0.933978	2.61104	1	0.6028135
112000	10.5691	-68.24356	78.81265	0.05	0.1417464	0.271486	0.0997682	0.0269606	0.145051	0.205694	3.10277e-05	0.00823794	0.216812	3.77492	1	0.7489593
113000	9.468756	-66.9966	76.46536	0.05	0.7119421	0.281218	0.0141633	0.0568175	0.201944	0.0516195	0.0767407	0.369111	0.929215	2.62493	1	0.6057626
114000	18.90086	-64.86876	83.76962	0.05	0.1651652	0.152779	0.0165411	0.207355	0.290087	0.356745	0.000123731	0.0163963	0.286951	3.69653	1	1.023507
115000	7.232091	-64.42545	71.65754	0.05	5.499178	0.219535	0.0246279	0.00178826	0.0280703	0.0255206	0.521576	0.815016	1.08234	1.58107	1	0.2995416
116000	16.11105	-65.13777	81.24883	0.05	0.2310281	0.300033	0.11668	0.00159846	0.101825	0.0770603	0.00134226	0.0533733	0.459734	3.48555	1	0.5971975
117000	7.642244	-65.67645	73.31869	0.05	1.520984	0.296509	0.191171	0.519186	0.52585	0.163076	0.228546	0.592012	1.05163	2.12781	1	1.695791
118000	19.27264	-65.90613	85.17877	0.05	0.3433413	0.135675	0.107304	0.025961	0.0984741	0.132628	0.00945929	0.13837	0.661902	3.19027	1	0.500042
119000	6.987379	-70.36551	77.35289	0.05	4.441608	0.101336	0.0248374	0.0142344	0.156856	0.0533284	0.477091	0.789218	1.08411	1.64958	1	0.3505915
120000	22.14341	-66.1	88.24341	0.05	0.1237742	0.177275	0.0319742	0.0626958	0.0426694	0.0653939	7.51987e-06	0.00406437	0.162226	3.8337	1	0.3800081
121000	18.56923	-64.60065	83.16988	0.05	0.1046732	0.0676349	0.0142175	0.00272431	0.0233677	0.0261666	9.76973e-07	0.0014679	0.106533	3.892	1	0.134111
122000	7.266628	-68.41714	75.68377	0.05	0.2434823	0.0239067	0.133725	0.25823	0.25099	0.0453295	0.00182179	0.0620251	0.487538	3.44862	1	0.7121817
123000	20.81055	-66.9699	87.78045	0.05	0.05904017	0.0677514	0.0725361	0.102943	0.29897	0.140708	3.52734e-11	8.8554e-06	0.0127797	3.98721	1	0.6829078
124000	25.65667	-67.04223	92.69891	0.05	0.04406001	0.0589761	0.0784532	0.0751938	0.0862303	0.231284	1.20631e-14	1.63968e-07	0.00244133	3.99756	1	0.5301374
125000	22.45992	-67.0538	89.51371	0.05	0.002399385	0.0226846	0.00687875	0.0613351	0.147519	0.185614	6.70638e-252	3.88008e-126	1.42923e-52	4	1	0.4240311
126000	24.49699	-65.77794	90.27493	0.05	0.05360231	0.0748503	0.130862	0.0687884	0.207454	0.00103954	3.26082e-12	2.69368e-06	0.00779848	3.9922	1	0.4829947
127000	24.74494	-64.8046	89.54954	0.05	0.01061725	0.19804	0.119387	0.0547761	0.108643	0.0517472	1.10328e-57	4.97307e-29	2.87147e-12	4	1	0.5325924
128000	16.40487	-65.9065	82.31137	0.05	0.6562822	0.397503	0.0846646	0.114731	0.120176	0.0576999	0.0648861	0.342151	0.907524	2.68544	1	0.7747738
129000	19.91014	-65.045	84.95514	0.05	0.6411008	0.27141	0.0231261	0.0635664	0.411849	0.0865338	0.0616808	0.334362	0.900921	2.70304	1	0.8564857
130000	11.92617	-69.07039	80.99656	0.05	0.8711337	0.11496	0.0595908	0.0717408	0.104767	0.0580883	0.110581	0.434271	0.974871	2.48028	1	0.4091462
131000	26.71615	-64.18309	90.89924	0.05	0.02633289	0.177773	0.00241318	0.000729787	0.277634	0.195132	7.65416e-24	4.13654e-12	3.01893e-05	3.99997	1	0.6536809
132000	24.9147	-66.01728	90.93197	0.05	1.691798	0.128942	0.0432775	0.00615638	0.0425589	0.0520156	0.253489	0.617652	1.05995	2.06891	1	0.2729506
133000	35.49558	-68.78739	104.283	0.05	0.04148842	0.0573261	0.0529268	0.123421	0.0802666	0.042423	1.71661e-15	6.18674e-08	0.00162931	3.99837	1	0.3563633
134000	47.14795	-65.02536	112.1733	0.05	0.05524483	0.190345	0.0866398	0.224212	0.0965572	0.0748928	7.0332e-12	3.95548e-06	0.00914647	3.99085	1	0.6726466
135000	49.56284	-63.96747	113.5303	0.05	0.0667152	0.248439	0.0495678	0.108233	0.165176	0.0791179	5.24842e-10	3.41367e-05	0.0223756	3.97759	1	0.6505339
136000	60.42632	-64.44845	124.8748	0.05	0.1399792	0.274697	0.0618888	0.0471934	0.191486	0.0627291	2.74311e-05	0.00774755	0.211434	3.78079	1	0.6379944
137000	60.06386	-65.61125	125.6751	0.05	0.2003144	0.314691	0.0607332	0.129385	0.02715	0.0534321	0.000536986	0.033957	0.384478	3.58103	1	0.5853908
138000	59.34411	-65.57901	124.9231	0.05	0.1129476	0.091639	0.0591753	0.0198852	0.375642	0.0767201	2.57447e-06	0.00238089	0.130116	3.8675	1	0.6230619
139000	58.90097	-68.30394	127.2049	0.05	0.2370323	0.205971	0.0287234	0.168351	0.0373333	0.0323429	0.00156148	0.0574981	0.473329	3.46761	1	0.4727214
140000	56.23629	-66.26819	122.5045	0.05	0.2721878	0.314391	0.147426	0.27859	0.0863347	0.235181	0.00331085	0.0831182	0.546002	3.36757	1	1.061923
141000	60.15433	-64.65608	124.8104	0.05	0.06752953	0.266388	0.252226	0.0619428	0.268234	0.0298656	6.74207e-10	3.86878e-05	0.0235689	3.97639	1	0.8786567
142000	64.06827	-64.58214	128.6504	0.05	0.6860465	0.301477	0.037848	0.0152999	0.21831	0.077848	0.0712106	0.356871	0.919586	2.65233	1	0.6507821
143000	64.90465	-64.2701	129.1748	0.05	0.1066011	0.268179	0.00777511	0.214159	0.107649	0.142253	1.24101e-06	0.00165409	0.111929	3.88642	1	0.7400147
144000	66.76299	-65.45059	132.2136	0.05	0.09880355	0.0802708	0.0662563	0.0297231	0.23945	0.0545075	4.45237e-07	0.000991498	0.0905573	3.90845	1	0.4702074
145000	65.50941	-66.22636	131.7358	0.05	0.469396	0.152169	0.0688628	0.0593594	0.171196	0.0243574	0.0278655	0.231468	0.796656	2.94401	1	0.4759448
146000	68.19445	-65.70821	133.9027	0.05	0.1185441	0.138785	0.0547062	0.00785163	0.0420565	0.0493565	4.59156e-06	0.00317774	0.146581	3.85024	1	0.2927564
147000	58.49973	-67.47945	125.9792	0.05	2.78155	0.182885	0.127505	0.140378	0.170788	0.23058	0.371623	0.718668	1.0812	1.82851	1	0.8521367
148000	65.14954	-65.2423	130.3918	0.05	0.1996945	0.166876	0.103676	0.024423	0.274333	0.0384485	0.000525617	0.0335994	0.38286	3.58301	1	0.6077569
149000	62.69791	-67.06667	129.7646	0.05	0.7568451	0.13056	0.0225546	0.0673944	0.341306	0.068247	0.0863488	0.389161	0.94424	2.58025	1	0.6300618
150000	60.03842	-66.45563	126.494	0.05	0.1260491	0.507114	0.121815	0.197142	0.190285	0.00149241	9.20117e-06	0.00449467	0.169087	3.82641	1	1.017847
151000	65.05869	-66.7713	131.83	0.05	0.02506107	0.319851	0.0726333	0.0614132	0.0144103	0.018622	5.29299e-25	1.08789e-12	1.73446e-05	3.99998	1	0.4869299
152000	64.64311	-64.30983	128.9529	0.05	0.06042996	0.231254	0.0870719	0.035175	0.128023	0.28395	6.05162e-11	1.15977e-05	0.0142939	3.98569	1	0.7654736
153000	66.6522	-65.28144	131.9336	0.05	0.02503973	0.0636524	0.0744186	0.06821	0.108033	0.160655	5.04928e-25	1.06256e-12	1.71758e-05	3.99998	1	0.4749696
154000	64.74163	-65.10354	129.8452	0.05	0.0802801	0.224631	0.173679	0.0471472	0.207162	0.0180559	1.75348e-08	0.000197088	0.0463327	3.95347	1	0.6706759
155000	64.38924	-67.54602	131.9353	0.05	0.03259959	0.0220588	0.00881969	0.0892791	0.114781	0.255583	1.89897e-19	6.51199e-10	0.000246299	3.99975	1	0.4905217
156000	67.92479	-65.67289	133.5977	0.05	0.2856498	0.165961	0.0175606	0.0643909	0.0669595	0.0265438	0.00420361	0.0933889	0.570897	3.33151	1	0.3414155
157000	62.27829	-66.24058	128.5189	0.05	1.329419	0.152186	0.102047	0.0978675	0.16559	0.178794	0.197729	0.55746	1.03861	2.2062	1	0.6964829
158000	66.7806	-67.07329	133.8539	0.05	0.4230769	0.117892	0.00794217	0.0441042	0.0959248	0.0247913	0.0201795	0.198774	0.755092	3.02595	1	0.2906549
159000	62.326	-70.0212	132.3472	0.05	0.194106	0.255855	0.122736	0.0809209	0.0220368	0.00444942	0.00043072	0.0304459	0.368101	3.60102	1	0.4859982
160000	60.56443	-69.32377	129.8882	0.05	0.1056144	0.133288	0.319454	0.156688	0.0276121	0.0277054	1.0992e-06	0.00155687	0.109159	3.88928	1	0.6647473
161000	68.37306	-66.98057	135.3536	0.05	0.9823713	0.0864861	0.0138809	0.0331699	0.0299493	0.0111157	0.133423	0.471388	0.997016	2.39817	1	0.1746019
162000	63.61813	-65.75969	129.3778	0.05	0.04836446	0.0998943	0.00976407	0.400512	0.152989	0.0879211	1.98285e-13	6.64536e-07	0.00436305	3.99564	1	0.7510809
163000	65.01987	-64.70642	129.7263	0.05	0.09714557	0.309902	0.0407154	0.0574764	0.103896	0.206183	3.50517e-07	0.000879868	0.0861845	3.91294	1	0.7181723
164000	68.06933	-64.39946	132.4688	0.05	0.1535076	0.174574	0.00733107	0.0230855	0.13676	0.0829148	6.55246e-05	0.0119524	0.252379	3.7356	1	0.4246654
165000	66.05515	-67.07749	133.1326	0.05	0.3855063	0.0823355	0.0292262	0.0469189	0.0899154	0.0838681	0.0146802	0.170849	0.715108	3.09936	1	0.3322641
166000	60.6473	-64.39952	125.0468	0.05	0.4859543	0.292424	0.128461	0.0500262	0.507617	0.145708	0.0308149	0.242648	0.809773	2.91676	1	1.124236
167000	65.53739	-66.65948	132.1969	0.05	0.0566302	0.0320749	0.0401625	0.0343237	0.198902	0.127442	1.29914e-11	5.37528e-06	0.0103881	3.98961	1	0.432905
168000	65.80187	-63.61077	129.4126	0.05	0.03101635	0.275464	0.0301798	0.0608133	0.250433	0.113521	2.16729e-20	2.20025e-10	0.000157016	3.99984	1	0.7304121
169000	61.25284	-67.23502	128.4879	0.05	0.8582813	0.100669	0.0981827	0.123632	0.295587	0.126004	0.107886	0.429581	0.971882	2.49065	1	0.7440747
170000	65.22844	-66.27269	131.5011	0.05	0.3519289	0.22393	0.0732669	0.0946675	0.119609	0.0153799	0.0104335	0.145054	0.673547	3.17097	1	0.5268532
171000	65.8179	-64.00774	129.8256	0.05	0.0696304	0.276272	0.00819007	0.160665	0.156608	0.0982906	1.2521e-09	5.27133e-05	0.0267988	3.97315	1	0.7000256
172000	63.38244	-67.05129	130.4337	0.05	0.4098534	0.281578	0.0308032	0.0852228	0.103993	0.096992	0.0181612	0.189078	0.741727	3.05103	1	0.5985893
173000	61.54814	-64.9133	126.4614	0.05	0.1014472	0.225586	0.124391	0.0474042	0.406626	0.218276	6.41507e-07	0.00118984	0.0976623	3.90115	1	1.022284
174000	68.07971	-64.59801	132.6777	0.05	0.3534757	0.23472	0.0146511	0.0172004	0.0841307	0.0645241	0.0106139	0.146255	0.675598	3.16753	1	0.4152259
175000	65.0525	-64.32745	129.38	0.05	0.4971049	0.268312	0.0697228	0.00990869	0.144394	0.195242	0.0328524	0.250022	0.81815	2.89898	1	0.6875793
176000	64.00037	-64.8758	128.8762	0.05	0.05493497	0.332699	0.166137	0.0861517	0.0548024	0.129501	6.10526e-12	3.68541e-06	0.00888194	3.99111	1	0.7692911
177000	58.88251	-66.7899	125.6724	0.05	0.8695671	0.449428	0.101174	0.0772307	0.356146	0.0156403	0.110253	0.433704	0.974512	2.48153	1	0.9996191
178000	65.14001	-66.7666	131.9066	0.05	0.303786	0.225026	0.00873791	0.127021	0.0689172	0.0760166	0.00560745	0.107443	0.602107	3.28484	1	0.5057193
179000	68.78653	-64.94629	133.7328	0.05	0.2338689	0.150088	0.0268801	0.00406564	0.0569689	0.0641761	0.00144325	0.0553136	0.466211	3.47703	1	0.3021791
180000	65.16348	-65.49523	130.6587	0.05	0.07881746	0.108271	0.154545	0.120039	0.107896	0.101238	1.27302e-08	0.000167951	0.0433557	3.95648	1	0.5919886
181000	69.31763	-64.70066	134.0183	0.05	0.07908419	0.175527	0.0173523	0.0590438	0.0365106	0.00722318	1.35076e-08	0.000172999	0.043892	3.95593	1	0.2956566
182000	61.32628	-66.76656	128.0928	0.05	0.3365296	0.079793	0.228617	0.10192	0.194726	0.228098	0.00872069	0.133052	0.652346	3.20588	1	0.8331546
183000	63.10313	-65.08205	128.1852	0.05	0.3342061	0.129441	0.072244	0.0814513	0.428182	0.102165	0.00847577	0.131235	0.649019	3.21127	1	0.8134823
184000	62.16778	-67.38421	129.552	0.05	0.4168568	0.180338	0.145761	0.0581443	0.226133	0.0718777	0.0192195	0.194232	0.748896	3.03765	1	0.6822539
185000	67.721	-66.11203	133.833	0.05	0.3435649	0.112533	0.0230801	0.0244713	0.0945008	0.0244628	0.00948405	0.138544	0.662211	3.18976	1	0.279048
186000	64.51022	-65.97716	130.4874	0.05	0.02017855	0.0743286	0.243929	0.0491404	0.0470798	0.205015	8.14979e-31	1.3505e-15	1.07954e-06	4	1	0.6194928
187000	67.31286	-64.97523	132.2881	0.05	0.1846142	0.299731	0.0168784	0.052583	0.0773757	0.006889	0.00029874	0.0253976	0.342327	3.63198	1	0.4534572
188000	65.83969	-66.17584	132.0155	0.05	1.106807	0.163082	0.0170279	0.0754361	0.119303	0.0514011	0.157758	0.506658	1.01567	2.31992	1	0.4262492
189000	62.7927	-65.18873	127.9814	0.05	0.1447817	0.148308	0.159042	0.190014	0.196919	0.168977	3.80709e-05	0.00912153	0.226034	3.76481	1	0.8632598
190000	62.3244	-67.37232	129.6967	0.05	0.4143352	0.198599	0.0402452	0.0760727	0.242305	0.105423	0.0188357	0.192381	0.746338	3.04245	1	0.6626445
191000	60.26495	-68.12614	128.3911	0.05	0.7788062	0.193042	0.0969032	0.00422742	0.231196	0.282172	0.0910416	0.398459	0.950905	2.55959	1	0.8075406
192000	69.5224	-64.43683	133.9592	0.05	0.284671	0.130325	0.018613	0.0100824	0.0653554	0.0636504	0.00413442	0.0926365	0.569138	3.33409	1	0.2880258
193000	62.99211	-66.04527	129.0374	0.05	0.5358588	0.490874	0.0245012	0.0862094	0.101696	0.0390949	0.0402112	0.274682	0.844703	2.8404	1	0.7423758
194000	64.65228	-67.70371	132.356	0.05	0.1072966	0.0465598	0.0967139	0.0106943	0.282889	0.00497131	1.35e-06	0.00172508	0.113892	3.88438	1	0.441828
195000	67.27596	-64.28241	131.5584	0.05	0.08660836	0.110085	0.0147537	0.0402839	0.158322	0.185769	6.18621e-08	0.000369986	0.0601736	3.93946	1	0.5092129
196000	61.39532	-65.64605	127.0414	0.05	0.5913691	0.492597	0.00129426	0.186024	0.0954571	0.150112	0.0513329	0.307441	0.876851	2.76438	1	0.9254843
197000	63.74377	-66.52556	130.2693	0.05	0.00859938	0.082629	0.122523	0.259922	0.183664	0.00664391	5.45297e-71	1.1058e-35	4.97705e-15	4	1	0.6553818
198000	66.38486	-68.0522	134.4371	0.05	0.1752499	0.0595444	0.0579979	0.0576709	0.0377462	0.0587352	0.000200267	0.0208269	0.316069	3.6629	1	0.2716946
199000	62.06955	-66.70091	128.7705	0.05	0.2011346	0.336056	0.0776616	0.0483418	0.180936	0.162549	0.000552296	0.0344326	0.386613	3.5784	1	0.8055451
200000	65.70653	-65.05656	130.7631	0.05	0.05011972	0.161889	0.0683294	0.221471	0.115127	0.0340337	5.40908e-13	1.09742e-06	0.0053726	3.99463	1	0.6008496
201000	67.76029	-66.36848	134.1288	0.05	1.011717	0.0775731	0.0258236	0.0145907	0.0476728	0.0605403	0.139286	0.480245	1.00191	2.37855	1	0.2262004
202000	63.59494	-65.06984	128.6648	0.05	0.3153634	0.227543	0.107662	0.0586869	0.258909	0.130806	0.00662405	0.116487	0.620724	3.25616	1	0.783607
203000	63.23839	-68.61495	131.8533	0.05	0.7975373	0.0766341	0.0277833	0.0759621	0.0985415	0.139938	0.0950346	0.406141	0.95627	2.54255	1	0.4188586
204000	67.14516	-64.88428	132.0294	0.05	0.1732026	0.107965	0.0713821	0.0354796	0.12968	0.109992	0.000182444	0.019885	0.310225	3.66971	1	0.454499
205000	64.35938	-64.96751	129.3269	0.05	0.01546497	0.174328	0.0147274	0.325268	0.151015	0.0705725	6.56994e-40	3.836e-20	1.40098e-08	4	1	0.7359107
206000	64.85081	-64.17527	129.0261	0.05	0.00609104	0.193002	0.105109	0.0555721	0.308622	0.119282	8.04101e-100	4.24728e-50	5.17707e-21	4	1	0.7815863
207000	63.53794	-64.47885	128.0168	0.05	0.4366876	0.462303	0.0667698	0.0713227	0.18951	0.0735879	0.0223433	0.208592	0.768114	3.00095	1	0.8634934
208000	65.42898	-63.67796	129.1069	0.05	0.02492078	0.303171	0.020032	0.147936	0.24252	0.0556512	3.87677e-25	9.31058e-13	1.62596e-05	3.99998	1	0.7693102
209000	61.21997	-67.61918	128.8392	0.05	0.8506219	0.0487745	0.0218386	0.128571	0.246543	0.269111	0.106276	0.426743	0.970052	2.49693	1	0.7148382
210000	62.68356	-69.90425	132.5878	0.05	1.496494	0.0797713	0.0233781	0.0799618	0.0622648	0.0382879	0.22478	0.587972	1.05022	2.13703	1	0.2836639
211000	64.73786	-64.66571	129.4036	0.05	0.1224307	0.287368	0.051487	0.0650413	0.0926007	0.229693	6.65158e-06	0.0038231	0.158189	3.83798	1	0.7261897
212000	65.2414	-65.80895	131.0503	0.05	0.9939324	0.144512	0.0750157	0.0033114	0.170804	0.0858692	0.135742	0.47492	0.998987	2.39035	1	0.4795128
213000	65.27013	-64.40672	129.6769	0.05	0.008084335	0.287302	0.104058	0.178795	0.0951298	0.0564609	1.88918e-75	6.50903e-38	5.90738e-16	4	1	0.7217463
214000	61.56876	-65.04908	126.6178	0.05	0.6528012	0.529932	0.0714148	0.0328172	0.254278	0.071688	0.0641497	0.340382	0.906039	2.68943	1	0.9601295
215000	66.89647	-65.70192	132.5984	0.05	0.003248087	0.0652317	0.0394435	0.0423167	0.159141	0.127336	2.45879e-186	2.34922e-93	5.76577e-39	4	1	0.4334685
216000	64.09415	-66.62811	130.7223	0.05	0.04394047	0.0438638	0.0473462	0.0278645	0.384926	0.104366	1.10737e-14	1.57102e-07	0.00239838	3.9976	1	0.6083662
217000	66.7207	-64.38326	131.104	0.05	0.09091303	0.140108	0.0173978	0.00316271	0.304348	0.0788655	1.31909e-07	0.000540063	0.0703959	3.92906	1	0.5438818
218000	58.6517	-66.15033	124.802	0.05	0.1543865	0.468089	0.191901	0.0282864	0.44049	0.0467506	6.89724e-05	0.0122613	0.255014	3.73266	1	1.175517
219000	58.29701	-68.51459	126.8116	0.05	2.610717	0.208978	0.0173895	0.301871	0.142944	0.104078	0.356708	0.707409	1.07978	1.8561	1	0.7752597
220000	64.73095	-64.86218	129.5931	0.05	0.07221842	0.183071	0.0636598	0.0594986	0.39108	0.0209387	2.55453e-09	7.52769e-05	0.0310712	3.96885	1	0.7182481
221000	66.97225	-63.88629	130.8585	0.05	0.002623461	0.403532	0.0024089	0.046577	0.113495	0.0601719	1.813e-230	2.01738e-115	4.00508e-48	4	1	0.626185
222000	64.93999	-66.4062	131.3462	0.05	0.1594899	0.15598	0.123601	0.120962	0.107994	0.0337565	9.1861e-05	0.0141398	0.270228	3.71554	1	0.5422938
223000	62.49933	-69.50015	131.9995	0.05	0.1218442	0.112004	0.124566	0.0454811	0.173403	0.0565088	6.29932e-06	0.00372074	0.15643	3.83984	1	0.5119629
224000	64.83714	-66.13751	130.9746	0.05	0.1850957	0.106596	0.0136158	0.200767	0.148141	0.0870718	0.000304612	0.0256439	0.343655	3.6304	1	0.5561919
225000	62.02425	-64.51614	126.5404	0.05	0.02827338	0.522529	0.0209156	0.146563	0.336945	0.00794007	2.83754e-22	2.51818e-11	6.38772e-05	3.99994	1	1.034893
226000	65.10593	-66.26012	131.366	0.05	0.002801934	0.00126979	0.0605352	0.241466	0.101913	0.152372	7.51814e-216	4.10806e-108	4.32563e-45	4	1	0.5575564
227000	66.73353	-64.6318	131.3653	0.05	0.1561379	0.188493	0.0184053	0.0590912	0.162236	0.0998529	7.62614e-05	0.0128896	0.260252	3.72678	1	0.5280781
228000	62.27618	-65.10911	127.3853	0.05	0.09330722	0.247415	0.0735809	0.213995	0.083431	0.315756	1.94998e-07	0.000656493	0.0763322	3.92301	1	0.9341782
229000	61.75636	-64.78118	126.5375	0.05	2.263944	0.615782	0.0425653	0.0946857	0.102683	0.00587084	0.32287	0.680435	1.07538	1.92131	1	0.8615875
230000	63.94589	-66.7965	130.7424	0.05	0.1267227	0.174007	0.0847456	0.244753	0.0582818	0.0505683	9.75411e-06	0.00462739	0.171123	3.82424	1	0.6123561
231000	65.62905	-64.78119	130.4102	0.05	0.01072752	0.171688	0.014696	0.0293733	0.361425	0.0715695	4.22235e-57	9.72871e-29	3.79363e-12	4	1	0.6487515
232000	68.01155	-64.80195	132.8135	0.05	0.113683	0.214631	0.00201799	0.115333	0.0747051	0.0082246	2.78688e-06	0.00247697	0.132259	3.86526	1	0.4149115
233000	68.95184	-63.71653	132.6684	0.05	0.1348256	0.135711	0.0219758	0.00584315	0.151061	0.0829927	1.88009e-05	0.00641819	0.195737	3.79783	1	0.3975835
234000	62.55103	-66.27026	128.8213	0.05	0.03776407	0.254174	0.106805	0.264426	0.109083	0.0608731	6.36505e-17	1.19169e-08	0.000822698	3.99918	1	0.7953624
235000	63.68272	-65.14473	128.8274	0.05	0.5925099	0.247617	0.00300281	0.130516	0.299086	0.0856289	0.051567	0.308083	0.877449	2.7629	1	0.7658504
236000	61.63718	-70.47897	132.1162	0.05	0.5998966	0.0153394	0.0682549	0.0376595	0.242802	0.0582544	0.0530867	0.312215	0.881266	2.75343	1	0.4223101
237000	65.0076	-64.52657	129.5342	0.05	1.359525	0.266062	0.0586558	0.0393811	0.138326	0.110517	0.202784	0.563372	1.04098	2.19286	1	0.6129408
238000	61.78731	-64.28215	126.0695	0.05	1.526696	0.378491	0.0378714	0.119906	0.256071	0.132553	0.229417	0.592941	1.05195	2.12569	1	0.9248929
239000	66.00161	-66.87235	132.874	0.05	0.5359065	0.113342	0.0269395	0.0893561	0.0955129	0.0578467	0.0402205	0.274712	0.844733	2.84033	1	0.3829973
240000	65.59149	-65.51454	131.106	0.05	0.04054671	0.0839501	0.0145306	0.136295	0.320917	0.0310379	7.90145e-16	4.19773e-08	0.00138713	3.99861	1	0.5867299
241000	66.37847	-67.12402	133.5025	0.05	0.09453828	0.172207	0.0167346	0.0579187	0.0311507	0.0797821	2.36574e-07	0.00072302	0.0794488	3.91983	1	0.3577927
242000	66.15543	-65.99843	132.1539	0.05	0.1424945	0.133521	0.041563	0.0254809	0.133423	0.168134	3.26586e-05	0.00845085	0.219086	3.77243	1	0.5021221
243000	62.26277	-66.62599	128.8888	0.05	0.09832056	0.189242	0.0677163	0.168808	0.0644045	0.288807	4.15615e-07	0.000957991	0.0892766	3.90976	1	0.7789776
244000	65.63098	-65.19385	130.8248	0.05	2.16283	0.265677	0.0530696	0.0155262	0.0601211	0.0507359	0.311967	0.671282	1.07358	1.94317	1	0.4451302
245000	65.86917	-67.28477	133.1539	0.05	0.1549492	0.170088	0.103443	0.0100288	0.0452842	0.0330899	7.12527e-05	0.0124613	0.256699	3.73077	1	0.3619343
246000	67.05078	-65.39224	132.443	0.05	0.01666925	0.14553	0.014913	0.0603699	0.171674	0.0459553	4.26615e-37	9.77396e-19	5.37034e-08	4	1	0.438442
247000	66.04519	-68.78227	134.8275	0.05	0.08817895	0.0438123	0.0271496	0.0147296	0.0298823	0.108866	8.2249e-08	0.000426559	0.0638327	3.93574	1	0.2244395
248000	57.91448	-65.2703	123.1848	0.05	0.6418506	0.718186	0.023095	0.181078	0.303513	0.0651011	0.0618387	0.334752	0.901255	2.70215	1	1.290973
249000	62.53281	-65.25059	127.7834	0.05	2.542877	0.247444	0.0360787	0.0699928	0.145974	0.166569	0.350484	0.702602	1.0791	1.86782	1	0.6660579
250000	63.7325	-64.68821	128.4207	0.05	0.006582333	0.330312	0.168999	0.0862632	0.0619354	0.178363	1.91761e-92	2.07404e-46	1.75798e-19	4	1	0.8258726
251000	61.58518	-65.49051	127.0757	0.05	0.2615421	0.135433	0.167798	0.12896	0.387123	0.120489	0.00269389	0.0751429	0.525202	3.39696	1	0.9398032
252000	63.43825	-64.32317	127.7614	0.05	0.4068803	0.277068	0.00619002	0.0731309	0.263377	0.225226	0.0177194	0.186877	0.73862	3.05678	1	0.8449922
253000	65.06972	-64.72019	129.7899	0.05	0.0187121	0.355452	0.0500627	0.00132845	0.27332	0.0441481	3.74101e-33	9.15102e-17	3.53278e-07	4	1	0.7243105
254000	61.74789	-65.37818	127.1261	0.05	0.07822371	0.0670314	0.0066012	0.259022	0.197169	0.423268	1.11403e-08	0.000157121	0.0421725	3.95767	1	0.9530912
255000	66.50006	-64.56515	131.0652	0.05	0.2224243	0.342692	0.0512604	0.0188196	0.07706	0.0816112	0.00106534	0.0476305	0.439621	3.51168	1	0.5714431
256000	61.4366	-71.05444	132.491	0.05	0.1216066	0.104893	0.227644	0.0669402	0.0330718	0.00830983	6.16102e-06	0.00367976	0.155718	3.8406	1	0.4408594
257000	70.67941	-63.88962	134.569	0.05	0.08130451	0.214519	0.017428	0.0231047	0.00867782	0.0195758	2.17931e-08	0.000219701	0.0484694	3.95131	1	0.2833054
258000	61.70667	-66.11292	127.8196	0.05	0.03247352	0.334253	0.00378516	0.337236	0.0391833	0.171659	1.61002e-19	5.9962e-10	0.000238009	3.99976	1	0.8861162
259000	58.04397	-68.89607	126.94	0.05	1.693517	0.197367	0.0519085	0.103859	0.162866	0.307201	0.253729	0.617889	1.06002	2.06836	1	0.8232019
260000	63.70548	-68.34043	132.0459	0.05	0.02572596	0.0749506	0.250325	0.0537916	0.0941793	0.000657447	2.21075e-24	2.22321e-12	2.33325e-05	3.99998	1	0.473904
261000	56.44659	-66.81361	123.2602	0.05	4.305266	0.3407	0.235121	0.0828847	0.21039	0.0819908	0.470384	0.785145	1.08424	1.66023	1	0.951087
262000	68.77717	-64.5414	133.3186	0.05	0.07165919	0.126196	0.0488989	0.0498349	0.111263	0.0196343	2.19934e-09	6.9851e-05	0.030121	3.96981	1	0.3558271
263000	64.29717	-66.07593	130.3731	0.05	1.406445	0.112922	0.0211969	0.0575986	0.178446	0.125474	0.210502	0.572205	1.04442	2.17287	1	0.4956366
264000	60.30226	-64.84128	125.1435	0.05	0.1412295	0.4654	0.0921029	0.0660691	0.45947	0.077377	2.9939e-05	0.00809266	0.215239	3.77664	1	1.160419
265000	66.66237	-66.04259	132.705	0.05	0.1151828	0.101429	0.110116	0.0181421	0.10723	0.0603929	3.26569e-06	0.0026809	0.136651	3.86066	1	0.3973102
266000	63.47292	-67.64549	131.1184	0.05	0.1644663	0.13547	0.0574886	0.153129	0.0270722	0.189454	0.000119408	0.0161091	0.284904	3.69887	1	0.5626141
267000	66.26667	-66.57465	132.8413	0.05	0.6087615	0.196759	0.0392308	0.0542714	0.0506304	0.0441612	0.05492	0.317107	0.885724	2.74225	1	0.3850533
268000	67.31252	-66.7109	134.0234	0.05	0.06930297	0.0770241	0.0134556	0.0628854	0.0475251	0.0758066	1.13975e-09	5.02942e-05	0.0262812	3.97367	1	0.2766968
269000	63.74644	-65.33646	129.0829	0.05	0.06642321	0.283843	0.112207	0.00131777	0.0600895	0.312221	4.79049e-10	3.26142e-05	0.0219558	3.97801	1	0.7696774
270000	60.4571	-68.29882	128.7559	0.05	1.138102	0.222207	0.0913186	0.177689	0.0627296	0.140862	0.163657	0.51466	1.01958	2.3021	1	0.694805
271000	61.55835	-64.43463	125.993	0.05	0.07462903	0.438526	0.106282	0.160723	0.103075	0.265795	4.74705e-09	0.000102596	0.0353333	3.96456	1	1.074401
272000	66.4244	-65.78166	132.2061	0.05	0.1047313	0.113978	0.0265599	0.102051	0.0934351	0.0896645	9.84169e-07	0.00147328	0.106695	3.89183	1	0.4256879
273000	61.2479	-65.61046	126.8584	0.05	0.5272801	0.138437	0.0416407	0.033907	0.45645	0.263732	0.0385486	0.269352	0.839146	2.85295	1	0.9341663
274000	65.58846	-64.35037	129.9388	0.05	0.6630283	0.225765	0.0404822	0.0415514	0.201724	0.102213	0.0663154	0.345551	0.910358	2.67778	1	0.6117361
275000	62.12767	-66.65668	128.7844	0.05	0.5760467	0.0763359	0.0574337	0.0731069	0.346429	0.167394	0.0482083	0.298692	0.868589	2.78451	1	0.7207001
276000	65.86385	-65.14569	131.0095	0.05	0.1276765	0.300248	0.0302422	0.0542729	0.0596117	0.11772	1.05832e-05	0.00481951	0.17401	3.82116	1	0.5620949
277000	65.60544	-67.3243	132.9297	0.05	0.3981989	0.156703	0.0429073	0.055801	0.0346088	0.0590952	0.0164554	0.180409	0.729324	3.07381	1	0.3491151
278000	65.69776	-65.56105	131.2588	0.05	0.08146923	0.0915339	0.0386774	0.0425195	0.209795	0.165368	2.25569e-08	0.000223515	0.0488169	3.95096	1	0.5478944
279000	67.24865	-64.30927	131.5579	0.05	0.08051312	0.183227	0.0328921	0.0571518	0.179044	0.0609599	1.84327e-08	0.000202068	0.046815	3.95298	1	0.5132755
280000	64.4111	-65.66402	130.0751	0.05	0.2995407	0.36003	0.0828602	0.0450226	0.111716	0.089256	0.00525812	0.104138	0.595031	3.29557	1	0.6888847
281000	64.7413	-65.79099	130.5323	0.05	1.215783	0.197494	0.0649456	0.0102671	0.0855582	0.171552	0.177902	0.533223	1.02823	2.26065	1	0.5298167
282000	68.09007	-66.69424	134.7843	0.05	0.02704938	0.0826375	0.0547139	0.0300862	0.0269854	0.0257751	3.08643e-23	8.30596e-12	4.03158e-05	3.99996	1	0.2201982
283000	67.10895	-64.71454	131.8235	0.05	0.2732011	0.15785	0.0548931	0.0109834	0.203886	0.0609779	0.00337365	0.0838848	0.547929	3.36481	1	0.4885905
284000	64.11957	-68.07389	132.1935	0.05	0.137676	0.128034	0.145563	0.00819779	0.125049	0.0499759	2.3251e-05	0.00713495	0.20442	3.78842	1	0.4568198
285000	65.47134	-65.37506	130.8464	0.05	0.05426744	0.121813	0.191795	0.032527	0.214877	0.0166845	4.47654e-12	3.15595e-06	0.00832827	3.99167	1	0.5776963
286000	60.00459	-69.03226	129.0369	0.05	0.3062407	0.0388149	0.215584	0.233624	0.0089683	0.255299	0.00581519	0.109358	0.606136	3.27869	1	0.7522898
287000	57.28024	-67.8742	125.1544	0.05	2.008766	0.143784	0.177135	0.28796	0.267205	0.0877617	0.294319	0.655943	1.07021	1.97953	1	0.963845
288000	63.71792	-66.66587	130.3838	0.05	0.1342538	0.128749	0.0629827	0.089588	0.330589	0.0236198	1.79969e-05	0.0062799	0.193996	3.79971	1	0.6355285
289000	71.09513	-64.16187	135.257	0.05	0.02245134	0.105868	0.00909913	0.0294005	0.0431798	0.0161479	8.53863e-28	4.37047e-14	4.56943e-06	4	1	0.2036948
290000	61.88683	-66.31304	128.1999	0.05	0.3819567	0.0880117	0.136658	0.13862	0.173376	0.295432	0.0141998	0.168154	0.710993	3.10665	1	0.832097
291000	66.0051	-65.51077	131.5159	0.05	0.1685192	0.196497	0.102978	0.0526255	0.157271	0.00736878	0.000146156	0.0178111	0.296725	3.68532	1	0.5167401
292000	70.29103	-65.83212	136.1231	0.05	0.9187963	0.0390468	0.0128593	0.00321904	0.0279354	0.0227173	0.12048	0.450905	0.985124	2.44349	1	0.1057779
293000	66.80535	-65.28183	132.0872	0.05	2.421769	0.214179	0.0396829	0.0053082	0.0573029	0.0241739	0.338912	0.693483	1.07768	1.88992	1	0.3406471
294000	60.59504	-67.47662	128.0717	0.05	1.167288	0.160389	0.13909	0.0520039	0.255169	0.154146	0.169075	0.521843	1.023	2.28608	1	0.7607971
295000	62.31818	-66.0592	128.3774	0.05	0.01673174	0.0334769	0.0346139	0.340697	0.209449	0.226687	5.82013e-37	1.14161e-18	5.72786e-08	4	1	0.8449239
296000	61.38325	-65.82709	127.2103	0.05	0.264168	0.179937	0.114832	0.110741	0.311975	0.236535	0.00283885	0.0770958	0.530427	3.38964	1	0.95402
297000	69.47042	-64.22118	133.6916	0.05	0.01584122	0.119987	0.00679707	0.0885026	0.104625	0.0183932	5.52323e-39	1.11219e-19	2.17916e-08	4	1	0.338305
298000	64.84993	-65.66066	130.5106	0.05	0.04293336	0.216868	0.189917	0.174723	0.0322218	0.0325436	5.28393e-15	1.0853e-07	0.00205719	3.99794	1	0.6462735
299000	64.7008	-64.90349	129.6043	0.05	0.4814788	0.268926	0.0289684	0.0803791	0.168845	0.126528	0.0300084	0.239653	0.80631	2.92403	1	0.6736464
300000	62.31467	-66.84905	129.1637	0.05	0.3882978	0.343257	0.135764	0.149842	0.0756921	0.0354258	0.015063	0.172962	0.7183	3.09368	1	0.739982
301000	59.28617	-66.63529	125.9215	0.05	0.02883602	0.467997	0.238739	0.12586	0.177998	0.0876244	7.38556e-22	4.06244e-11	7.78979e-05	3.99992	1	1.098218
302000	60.15776	-68.99609	129.1539	0.05	0.2565757	0.503276	0.0867696	0.00508368	0.105942	0.0407305	0.00243249	0.0714782	0.515149	3.41094	1	0.7418022
303000	67.95421	-64.19748	132.1517	0.05	0.01153489	0.258169	0.0317198	0.106867	0.0598729	0.0190524	3.57885e-53	8.95611e-27	2.47844e-11	4	1	0.4756809
304000	65.39969	-64.17943	129.5791	0.05	0.390888	0.274264	0.0581915	0.0543796	0.186139	0.126394	0.0154221	0.174917	0.721229	3.08843	1	0.699368
305000	58.6412	-65.2081	123.8493	0.05	1.350861	0.32269	0.182507	0.15099	0.325306	0.171195	0.201337	0.561691	1.04031	2.19666	1	1.152687
306000	68.50813	-64.52839	133.0365	0.05	0.1784515	0.0943327	0.00888384	0.0185071	0.17798	0.0737361	0.0002307	0.0223417	0.325136	3.65229	1	0.3734399
307000	64.69904	-65.64629	130.3453	0.05	0.1601253	0.23349	0.136605	0.093444	0.145294	0.0195317	9.50758e-05	0.0143837	0.272111	3.71341	1	0.628365
308000	70.36344	-63.47136	133.8348	0.05	0.06360052	0.13575	0.0126999	0.0148757	0.0713437	0.0607934	1.89805e-10	2.0534e-05	0.0181191	3.98186	1	0.2954627
309000	56.99332	-71.72324	128.7166	0.05	0.2222717	0.056272	0.0879414	0.372074	0.00446005	0.257273	0.00106081	0.0475306	0.439258	3.51215	1	0.7780211
310000	68.09869	-64.65769	132.7564	0.05	0.05204809	0.12732	0.0962508	0.00257842	0.125707	0.0544243	1.50674e-12	1.8313e-06	0.00664455	3.99335	1	0.4062812
311000	69.18506	-63.52475	132.7098	0.05	0.07513247	0.187306	0.022588	0.00891988	0.146774	0.0543671	5.37582e-09	0.000109175	0.0362569	3.96363	1	0.4199552
312000	61.69404	-65.41385	127.1079	0.05	1.553182	0.247791	0.115346	0.132309	0.231255	0.0906723	0.233422	0.597176	1.0534	2.116	1	0.8173733
313000	61.82295	-68.48501	130.308	0.05	3.235255	0.11372	0.00863823	0.0599815	0.169421	0.0215844	0.406681	0.743774	1.08345	1.76609	1	0.3733451
314000	58.65185	-69.21011	127.862	0.05	0.4954169	0.0403966	0.147243	0.0747381	0.304027	0.295047	0.0325415	0.248913	0.816905	2.90164	1	0.8614513
315000	66.95705	-66.18502	133.1421	0.05	0.1877508	0.0648937	0.0212278	0.0806543	0.140699	0.0300634	0.000338521	0.0270212	0.35094	3.6217	1	0.3375378
316000	63.97046	-66.17041	130.1409	0.05	0.5002506	0.128171	0.0220465	0.178305	0.185265	0.0866085	0.0334342	0.25208	0.820451	2.89404	1	0.6003961
317000	68.29229	-63.62633	131.9186	0.05	0.1345053	0.16845	0.0105944	0.0370147	0.188674	0.0777689	1.8347e-05	0.0063405	0.194762	3.79888	1	0.4825024
318000	65.64276	-67.27689	132.9196	0.05	2.725018	0.146255	0.0439411	0.0405062	0.00103099	0.0297248	0.366803	0.715069	1.08077	1.83735	1	0.2614584
319000	65.2959	-66.35507	131.651	0.05	0.07264842	0.0827479	0.111792	0.0906126	0.168887	0.0555284	2.8617e-09	7.96715e-05	0.0318118	3.96811	1	0.509568
320000	64.89385	-66.18114	131.075	0.05	0.04533694	0.164444	0.0378015	0.264144	0.0379642	0.0691817	2.9257e-14	2.55328e-07	0.00293378	3.99707	1	0.5735358
321000	63.63595	-64.92129	128.5572	0.05	0.1138351	0.357602	0.0588835	0.21463	0.116801	0.0627257	2.8326e-06	0.00249717	0.132704	3.8648	1	0.8106421
322000	63.80862	-65.55872	129.3673	0.05	0.006508343	0.270222	0.209178	0.0558934	0.189325	0.00182165	1.74959e-93	6.26481e-47	1.06963e-19	4	1	0.7264398
323000	59.40465	-69.7153	129.12	0.05	0.7725203	0.261147	0.147037	0.100738	0.0907725	0.106203	0.0896994	0.395831	0.94904	2.56543	1	0.7058971
324000	66.99866	-65.06976	132.0684	0.05	0.1917334	0.260267	0.0253917	0.0731518	0.0801246	0.038251	0.000394417	0.0291467	0.361741	3.60872	1	0.4771864
325000	64.40849	-64.88385	129.2923	0.05	0.2936858	0.352164	0.0861845	0.0388926	0.15818	0.078684	0.00479711	0.0995928	0.585045	3.31057	1	0.7141053
326000	57.36881	-66.75739	124.1262	0.05	1.253206	0.176676	0.18657	0.128188	0.260915	0.395283	0.184563	0.541561	1.03192	2.24196	1	1.147632
327000	66.42589	-64.35223	130.7781	0.05	0.1941294	0.156209	0.0616835	0.0301797	0.229869	0.0846628	0.00043109	0.0304588	0.368163	3.60095	1	0.5626044
328000	64.22887	-65.64279	129.8717	0.05	0.01917617	0.0410992	0.253113	0.0384705	0.272617	0.0711328	2.24698e-32	2.24263e-16	5.12466e-07	4	1	0.6764332
329000	61.19667	-66.9789	128.1756	0.05	2.52089	0.12258	0.0200407	0.00708346	0.273066	0.18682	0.348428	0.700999	1.07886	1.87171	1	0.6095911
330000	66.41322	-64.80407	131.2173	0.05	0.06027517	0.236829	0.0510776	0.0976275	0.133381	0.0479838	5.70554e-11	1.12613e-05	0.0141203	3.98587	1	0.5668985
331000	61.049	-64.74003	125.789	0.05	0.1033249	0.0486191	0.113312	0.167677	0.314808	0.444646	8.22096e-07	0.0013467	0.1028	3.89585	1	1.089062
332000	66.42891	-66.79728	133.2262	0.05	0.1043422	0.0385965	0.032629	0.110337	0.0733967	0.0941751	9.36831e-07	0.00143747	0.105613	3.89295	1	0.3491344
333000	60.34106	-68.85835	129.1994	0.05	0.3619307	0.245689	0.11923	0.086098	0.178016	0.125218	0.011627	0.152802	0.686566	3.149	1	0.7542504
334000	64.93225	-65.91424	130.8465	0.05	0.1955136	0.042551	0.0258848	0.17584	0.179083	0.166836	0.000453361	0.031228	0.371848	3.59647	1	0.5901959
335000	63.61513	-66.66428	130.2794	0.05	0.4029663	0.14799	0.10995	0.0287741	0.33725	0.0198077	0.0171447	0.183968	0.734471	3.06442	1	0.6437719
336000	63.33311	-64.89747	128.2306	0.05	0.7413481	0.231766	0.125737	0.000433969	0.243312	0.193167	0.0830331	0.382403	0.939277	2.59529	1	0.7944153
337000	66.01888	-66.22197	132.2408	0.05	0.1275144	0.102639	0.0945272	0.0806262	0.137572	0.0452606	1.04384e-05	0.00478651	0.17352	3.82168	1	0.4606249
338000	64.21804	-66.86985	131.0879	0.05	1.329429	0.170292	0.0338476	0.010403	0.138275	0.0635382	0.19773	0.557462	1.03861	2.2062	1	0.4163565
339000	66.39997	-67.33397	133.7339	0.05	0.8379455	0.209968	0.0259507	0.037465	0.0100345	0.0150618	0.103604	0.421974	0.966939	2.50748	1	0.2984799
340000	57.12338	-64.63519	121.7586	0.05	0.005510926	0.205058	0.381522	0.267983	0.418571	0.204574	3.16569e-110	2.66509e-55	3.58855e-23	4	1	1.477708
341000	61.97664	-67.34004	129.3167	0.05	1.197529	0.194165	0.0235403	0.139828	0.148807	0.134142	0.174605	0.529018	1.02633	2.27005	1	0.6404817
342000	58.5391	-70.92637	129.4655	0.05	1.98286	0.218758	0.155301	0.0548301	0.138555	0.0322933	0.29122	0.653179	1.06955	1.98605	1	0.5997373
343000	67.1865	-64.07697	131.2635	0.05	0.07422091	0.243738	0.0744549	0.07799	0.111083	0.0357335	4.2864e-09	9.74943e-05	0.034593	3.96531	1	0.5430001
344000	65.52364	-65.32212	130.8458	0.05	0.07524615	0.0460669	0.105132	0.0136233	0.213138	0.222409	5.52769e-09	0.000110705	0.036467	3.96342	1	0.6003696
345000	62.0483	-68.94572	130.994	0.05	1.02956	0.186566	0.0420173	0.0960179	0.0983857	0.0552233	0.142814	0.48546	1.00473	2.367	1	0.4782103
346000	59.84161	-70.10278	129.9444	0.05	0.4110947	0.190825	0.0134806	0.281871	0.085934	0.118617	0.018347	0.189994	0.743012	3.04865	1	0.6907273
347000	65.01874	-67.85845	132.8772	0.05	0.3754261	0.124008	0.0480028	0.0500979	0.0634333	0.0605328	0.0133347	0.163175	0.703258	3.12023	1	0.3460753
348000	61.56082	-64.84582	126.4066	0.05	0.07064675	0.50078	0.0525006	0.0313271	0.226714	0.212664	1.66709e-09	6.08195e-05	0.0284385	3.9715	1	1.023986
349000	63.81597	-66.18764	130.0036	0.05	0.02308722	0.179511	0.209516	0.01164	0.21149	0.0397448	4.67656e-27	1.02276e-13	6.50256e-06	3.99999	1	0.6519022
350000	63.70495	-67.20769	130.9126	0.05	0.04860291	0.407743	0.0201529	0.0165118	0.0424852	0.108558	2.28216e-13	7.12915e-07	0.00449214	3.99551	1	0.5954504
351000	66.51934	-66.75108	133.2704	0.05	0.2213335	0.137778	0.0341078	0.0382416	0.113606	0.0394052	0.00103325	0.0469177	0.437018	3.51503	1	0.363139
352000	58.89942	-68.38036	127.2798	0.05	1.289404	0.236826	0.226217	0.0269518	0.17996	0.159091	0.190882	0.549286	1.03522	2.22461	1	0.8290464
353000	63.85836	-66.37099	130.2294	0.05	0.1245755	0.440681	0.0396833	0.0221075	0.128448	0.049701	8.08059e-06	0.0042128	0.16464	3.83114	1	0.6806209
354000	64.37623	-67.15281	131.529	0.05	1.081976	0.144159	0.0180399	0.0199111	0.137878	0.111267	0.153014	0.500077	1.01236	2.33455	1	0.431256
355000	64.49497	-66.1648	130.6598	0.05	0.3422894	0.30847	0.00512374	0.122444	0.0890306	0.072939	0.00934324	0.137549	0.660446	3.19266	1	0.5980079
356000	66.52004	-64.45623	130.9763	0.05	0.05046781	0.320077	0.0783296	0.0852293	0.0691909	0.00506713	6.54558e-13	1.20718e-06	0.00558937	3.99441	1	0.5578941
357000	66.13072	-64.72547	130.8562	0.05	0.105397	0.198929	0.0573189	0.120156	0.111067	0.075428	1.06989e-06	0.001536	0.108551	3.88991	1	0.5628985
358000	60.70462	-65.557	126.2616	0.05	0.3662549	0.187823	0.0252815	0.16024	0.537902	0.0998543	0.0121623	0.156137	0.692021	3.13968	1	1.011101
359000	66.564	-67.14706	133.7111	0.05	0.002347074	0.00238118	0.0449806	0.0424904	0.166896	0.0686711	1.71381e-257	6.2027e-129	9.87531e-54	4	1	0.3254188
360000	61.24358	-64.32143	125.565	0.05	0.07444323	0.321289	0.0484277	0.123923	0.244243	0.378163	4.53213e-09	0.000100248	0.0349954	3.9649	1	1.116046
361000	55.90795	-66.99734	122.9053	0.05	0.1359443	0.140602	0.0532777	0.783655	0.225383	0.176145	2.04573e-05	0.00669404	0.199144	3.79414	1	1.379063
362000	61.15472	-66.15935	127.3141	0.05	0.1532081	0.2139	0.100394	0.000682263	0.163528	0.465792	6.43807e-05	0.0118481	0.25148	3.73661	1	0.9442957
363000	65.69676	-64.7817	130.4785	0.05	0.02760849	0.186859	0.082023	0.0194047	0.172272	0.16137	8.71292e-23	1.39548e-11	5.00004e-05	3.99995	1	0.6219287
364000	65.49628	-65.08255	130.5788	0.05	0.03999503	0.268504	0.0573462	0.0318495	0.0343688	0.222614	4.93095e-16	3.31624e-08	0.00125791	3.99874	1	0.6146822
365000	61.45522	-67.13059	128.5858	0.05	0.2260479	0.211768	0.151711	0.0461829	0.10927	0.281509	0.00117675	0.0500237	0.448183	3.50062	1	0.800441
366000	66.83148	-64.96677	131.7982	0.05	0.009619725	0.241731	0.0956117	0.0466511	0.065699	0.0380361	1.4541e-63	5.70976e-32	1.72956e-13	4	1	0.4877287
367000	63.26243	-65.24791	128.5103	0.05	0.03228318	0.378026	0.0546532	0.0314572	0.06745	0.295496	1.2518e-19	5.28731e-10	0.000225904	3.99977	1	0.8270827
368000	66.2447	-65.92158	132.1663	0.05	0.1542801	0.282066	0.0645071	0.0748961	0.0317734	0.0135437	6.85474e-05	0.0122236	0.254695	3.73301	1	0.4667861
369000	61.02328	-66.40412	127.4274	0.05	0.5608203	0.129122	0.172405	0.141479	0.237987	0.198305	0.0451415	0.289779	0.859934	2.80515	1	0.8792982
370000	67.38244	-66.19555	133.578	0.05	0.1666724	0.15477	0.00657819	0.0912911	0.0209222	0.0514182	0.000133459	0.0170248	0.291354	3.69149	1	0.3249795
371000	62.87407	-67.37357	130.2476	0.05	0.2231579	0.156714	0.103053	0.0360486	0.189758	0.172947	0.00108729	0.0481119	0.441365	3.50944	1	0.6585204
372000	62.55663	-65.70372	128.2603	0.05	0.08362767	0.295537	0.159159	0.262053	0.0960912	0.027131	3.49837e-08	0.000278303	0.0534671	3.94625	1	0.8399711
373000	64.18001	-65.62684	129.8069	0.05	0.008709055	0.084706	0.0738453	0.196268	0.125488	0.212387	4.15245e-70	3.05146e-35	7.58453e-15	4	1	0.6926948
374000	69.04945	-64.53347	133.5829	0.05	0.08909465	0.15658	0.0279045	0.0588886	0.0346062	0.0570122	9.66587e-08	0.00046238	0.0660042	3.93353	1	0.3349917
375000	56.06622	-67.48359	123.5498	0.05	0.64087	0.275348	0.499372	0.00347851	0.386308	0.0943162	0.0616322	0.334242	0.900819	2.70331	1	1.258823
376000	64.69735	-66.365	131.0623	0.05	0.711636	0.194386	0.0468147	0.0293429	0.197599	0.0959619	0.0766753	0.368969	0.929105	2.62525	1	0.5641044
377000	65.47971	-64.29316	129.7729	0.05	0.09373238	0.267356	0.105376	0.0201835	0.302767	0.00288652	2.08578e-07	0.000678942	0.0774038	3.92192	1	0.6985689
378000	66.67659	-65.0366	131.7132	0.05	0.1147102	0.367815	0.0478185	0.0550343	0.0556686	0.0192693	3.10796e-06	0.00261549	0.135265	3.86212	1	0.5456059
379000	59.81557	-66.23597	126.0515	0.05	0.3047057	0.333279	0.0396526	0.280984	0.022544	0.372101	0.00568478	0.108161	0.603621	3.28253	1	1.04856
380000	66.73205	-63.76123	130.4933	0.05	0.01217083	0.355484	0.0517669	0.0999511	0.0742654	0.0485385	1.90962e-50	2.0687e-25	9.12193e-11	4	1	0.6300056
381000	63.50684	-64.90275	128.4096	0.05	0.1014882	0.526881	0.0213486	0.19539	0.0432924	0.0555317	6.45056e-07	0.00119312	0.0977738	3.90103	1	0.8424435
382000	62.82335	-64.2445	127.0678	0.05	0.2724233	0.283548	0.126855	0.00481653	0.402561	0.12143	0.00332539	0.0832963	0.546451	3.36693	1	0.9392102
383000	67.01199	-64.94687	131.9589	0.05	0.02455356	0.182172	0.100805	0.0264595	0.0434655	0.135449	1.68724e-25	6.14248e-13	1.36822e-05	3.99999	1	0.4883514
384000	59.22642	-65.63964	124.8661	0.05	0.1371876	0.233616	0.0255074	0.117563	0.747247	0.0590371	2.2434e-05	0.00700889	0.202932	3.79004	1	1.18297
385000	62.95265	-67.23912	130.1918	0.05	0.2940437	0.106599	0.0802092	0.0209365	0.26741	0.150673	0.0048246	0.0998701	0.585663	3.30964	1	0.6258282
386000	63.91614	-65.46468	129.3808	0.05	1.811207	0.483931	0.0489137	0.00433723	0.0418561	0.0840823	0.269647	0.633309	1.06446	2.03259	1	0.6631207
387000	68.69554	-64.04419	132.7397	0.05	0.06530188	0.169769	0.0484775	0.033099	0.074809	0.0835583	3.34825e-10	2.72688e-05	0.0203834	3.97959	1	0.4097128
388000	66.99821	-65.31901	132.3172	0.05	0.02001394	0.0425393	0.0456214	0.0591678	0.194947	0.105187	4.63197e-31	1.01814e-15	9.60128e-07	4	1	0.4474622
389000	58.87088	-67.42581	126.2967	0.05	0.23377	0.544488	0.0498001	0.0345502	0.154598	0.2697	0.00143966	0.0552457	0.465987	3.47733	1	1.053137
390000	64.53275	-65.52731	130.0601	0.05	0.5243726	0.351043	0.0261403	0.102259	0.133459	0.052095	0.0379892	0.267529	0.837223	2.85726	1	0.6649969
391000	65.05762	-65.82584	130.8835	0.05	0.1170823	0.371956	0.00929164	0.107171	0.130037	0.00373881	3.96871e-06	0.00295482	0.142249	3.85479	1	0.6221951
392000	63.05598	-66.6247	129.6807	0.05	1.492003	0.222932	0.063673	0.0741253	0.156577	0.0305807	0.224084	0.58722	1.04995	2.13875	1	0.5478878
393000	62.17471	-66.19248	128.3672	0.05	0.5769024	0.375176	0.0178687	0.2132	0.169551	0.00048249	0.0483818	0.299187	0.869062	2.78337	1	0.7762784
394000	55.94827	-66.71857	122.6668	0.05	0.2293766	0.105377	0.284005	0.0427064	0.460909	0.476371	0.00128576	0.052255	0.455931	3.49053	1	1.369369
395000	58.96684	-67.77756	126.7444	0.05	1.059738	0.080294	0.0795084	0.18562	0.372888	0.163133	0.148717	0.493999	1.00923	2.34805	1	0.8814441
396000	60.18517	-65.96441	126.1496	0.05	0.198332	0.168475	0.2138	0.130187	0.0221069	0.489284	0.00050123	0.0328188	0.379291	3.58739	1	1.023853
397000	60.87861	-65.20867	126.0873	0.05	2.835864	0.389319	0.00206336	0.0559474	0.251447	0.0977472	0.376152	0.722015	1.08158	1.82026	1	0.7965237
398000	68.95074	-64.38318	133.3339	0.05	0.08019676	0.166732	0.00300898	0.00806935	0.0714498	0.0912903	1.72232e-08	0.000195331	0.0461607	3.95364	1	0.34055
399000	62.67143	-64.66219	127.3336	0.05	0.08367089	0.107525	0.0883964	0.0963538	0.353577	0.30574	3.52842e-08	0.000279495	0.0535621	3.94616	1	0.9515928
400000	60.20974	-66.95203	127.1618	0.05	0.8355303	0.272962	0.221148	0.112232	0.0547801	0.231214	0.103094	0.421055	0.966334	2.50952	1	0.8923358
401000	62.31094	-66.53323	128.8442	0.05	0.4383399	0.169668	0.0283203	0.200773	0.160544	0.17581	0.0226116	0.209772	0.769646	2.99797	1	0.7351144
402000	62.39182	-66.62779	129.0196	0.05	0.4593752	0.26144	0.0811014	0.0307214	0.0939782	0.296968	0.0261285	0.22457	0.7883	2.961	1	0.7642087
403000	69.49323	-67.08735	136.5806	0.05	0.1418058	0.147619	0.00857692	0.010399	0.00313114	0.0134492	3.11546e-05	0.00825471	0.216992	3.77472	1	0.1831751
404000	68.50128	-64.03162	132.5329	0.05	0.0744189	0.1253	0.0223134	0.0352393	0.114102	0.123798	4.50464e-09	9.99438e-05	0.0349512	3.96495	1	0.4207521
405000	60.57421	-67.09857	127.6728	0.05	1.20287	0.181654	0.111458	0.0328692	0.356944	0.141112	0.175573	0.530258	1.02689	2.26728	1	0.8240379
406000	63.53264	-67.38066	130.9133	0.05	0.767291	0.195977	0.01341	0.0318791	0.0864162	0.181891	0.0885821	0.393624	0.947463	2.57033	1	0.5095733
407000	62.76414	-65.91343	128.6776	0.05	0.05871988	0.16647	0.187303	0.0510084	0.0878708	0.307996	3.10347e-11	8.30654e-06	0.0124447	3.98755	1	0.8006483
408000	67.10922	-63.51808	130.6273	0.05	0.03761736	0.305412	0.035864	0.129036	0.104863	0.0320494	5.5161e-17	1.10939e-08	0.000798631	3.9992	1	0.6072243
409000	63.92406	-65.70416	129.6282	0.05	0.09707092	0.290543	0.159937	0.0773165	0.0569793	0.11327	3.46695e-07	0.000875064	0.0859892	3.91314	1	0.6980456
410000	63.84391	-64.817	128.6609	0.05	0.06920362	0.381621	0.116871	0.17362	0.0621281	0.0650448	1.10751e-09	4.95781e-05	0.0261252	3.97383	1	0.7992845
411000	66.10053	-66.1138	132.2143	0.05	0.07338905	0.150836	0.106247	0.0859551	0.0456802	0.0509216	3.46901e-09	8.77135e-05	0.0331076	3.9668	1	0.4396393
412000	63.45338	-64.55714	128.0105	0.05	1.095831	0.232399	0.0399515	0.053136	0.245532	0.212826	0.155668	0.503775	1.01423	2.32633	1	0.7838441
413000	64.37652	-65.65529	130.0318	0.05	0.1897733	0.175232	0.0375838	0.208126	0.224261	0.0221214	0.000366134	0.0280919	0.356444	3.6151	1	0.6673249
414000	62.53268	-66.29881	128.8315	0.05	0.4653776	0.295462	0.0509252	0.163597	0.206256	0.0260508	0.0271644	0.228714	0.793344	2.95078	1	0.7422911
415000	65.11585	-67.02222	132.1381	0.05	0.2490153	0.155611	0.00503072	0.0743829	0.183328	0.00819538	0.00206618	0.0659797	0.499404	3.43255	1	0.4265482
416000	65.54632	-63.93579	129.4821	0.05	0.02654108	0.381932	0.0149273	0.12415	0.133853	0.0813098	1.15671e-23	5.08502e-12	3.28892e-05	3.99997	1	0.7361722
417000	68.98132	-64.47484	133.4562	0.05	0.01234272	0.177487	0.0417268	0.0756364	0.0501996	0.00151646	9.32907e-50	4.57231e-25	1.26775e-10	4	1	0.3465665
418000	68.27385	-65.05544	133.3293	0.05	0.2093057	0.157138	0.00936029	0.0211298	0.0668445	0.0832691	0.000722039	0.0393105	0.407505	3.55246	1	0.3377418
419000	62.63527	-68.01778	130.6531	0.05	0.2467511	0.0505503	0.106319	0.186336	0.195416	0.0386388	0.00196378	0.0643539	0.494584	3.4391	1	0.5772595
420000	64.65303	-67.65788	132.3109	0.05	0.09406107	0.0910902	0.0542288	0.115332	0.121092	0.0470984	2.1963e-07	0.000696676	0.0782357	3.92107	1	0.4288417
421000	60.89381	-67.75171	128.6455	0.05	0.1263036	0.140215	0.148099	0.200515	0.324772	0.00314691	9.40698e-06	0.00454453	0.169856	3.82559	1	0.8167479
422000	63.84723	-64.2258	128.073	0.05	1.453256	0.336671	0.0128628	0.0267468	0.214708	0.156593	0.21801	0.580586	1.04755	2.15385	1	0.7475825
423000	66.86646	-66.05032	132.9168	0.05	0.05411817	0.0688956	0.0871786	0.0218549	0.164433	0.0420291	4.1721e-12	3.04678e-06	0.00820748	3.99179	1	0.3843916
424000	66.42879	-66.41987	132.8487	0.05	0.3394274	0.112897	0.0892699	0.0365974	0.0889843	0.0704691	0.00903118	0.135315	0.656447	3.19921	1	0.3982182
425000	64.02231	-66.89645	130.9188	0.05	0.4824089	0.190676	0.102626	0.0718461	0.143179	0.0189591	0.0301755	0.240277	0.807034	2.92251	1	0.5272862
426000	68.20876	-64.52469	132.7335	0.05	0.06647359	0.189385	0.0154141	0.0576265	0.133312	0.00658916	4.86682e-10	3.28729e-05	0.022028	3.97794	1	0.4023275
427000	66.35501	-63.54416	129.8992	0.05	0.07956803	0.426003	0.0435482	0.077894	0.119998	0.0214838	1.50258e-08	0.000182455	0.0448724	3.95495	1	0.688927
428000	62.16291	-66.14339	128.3063	0.05	0.1992615	0.234131	0.248976	0.0847931	0.235499	0.006363	0.000517778	0.0333505	0.381728	3.5844	1	0.8097629
429000	63.49889	-66.22	129.7189	0.05	0.5201495	0.375848	0.035074	0.0836455	0.0586323	0.10616	0.0371804	0.264867	0.834393	2.86356	1	0.6593597
430000	56.42683	-67.79109	124.2179	0.05	0.9044281	0.0481945	0.0641936	0.143763	0.735352	0.167187	0.117512	0.446013	0.982164	2.45431	1	1.15869
431000	63.86796	-68.18337	132.0513	0.05	0.6325705	0.117844	0.0551898	0.0339415	0.0527947	0.191326	0.0598877	0.3299	0.897067	2.71315	1	0.4510959
432000	63.25787	-67.07514	130.333	0.05	0.1460035	0.279425	0.18611	0.0829061	0.0186096	0.0976599	4.12396e-05	0.00949199	0.22974	3.76073	1	0.6647108
433000	66.15118	-68.13751	134.2887	0.05	0.04325602	0.0625117	0.0231293	0.0649853	0.0951555	0.0194896	6.7226e-15	1.22414e-07	0.00216254	3.99784	1	0.2652714
434000	64.2399	-66.03521	130.2751	0.05	0.009979723	0.0723719	0.0801889	0.00498442	0.163935	0.3346	2.63164e-61	7.68104e-31	5.08646e-13	4	1	0.6560809
435000	57.30959	-69.93159	127.2412	0.05	1.054878	0.0361887	0.157017	0.344183	0.0691497	0.264205	0.147772	0.492647	1.00853	2.35105	1	0.8707435
436000	61.89439	-68.42071	130.3151	0.05	0.9470716	0.335994	0.132798	0.0605473	0.0234793	0.0709916	0.126276	0.460244	0.990645	2.42284	1	0.6238099
437000	63.42022	-64.26185	127.6821	0.05	0.04156625	0.180164	0.139035	0.0304413	0.26852	0.298054	1.82743e-15	6.38327e-08	0.00165059	3.99835	1	0.9162141
438000	62.86351	-67.83638	130.6999	0.05	0.05317113	0.00159511	0.124193	0.24279	0.184523	0.0544008	2.64408e-12	2.42569e-06	0.00746662	3.99253	1	0.6075022
439000	61.64618	-68.49558	130.1418	0.05	1.42154	0.0665011	0.0829693	0.132581	0.186388	0.065727	0.212944	0.574953	1.04546	2.16664	1	0.534167
440000	68.41604	-64.51332	132.9294	0.05	0.09601079	0.21963	0.00777738	0.0218645	0.100898	0.0280289	2.96168e-07	0.000808867	0.0832311	3.91596	1	0.3781989
441000	65.9615	-64.28947	130.251	0.05	0.1183637	0.368171	0.0288909	0.0192551	0.183769	0.0378381	4.51058e-06	0.00314966	0.146046	3.8508	1	0.6379248
442000	57.9894	-67.12682	125.1162	0.05	0.9931426	0.268358	0.102156	0.200089	0.306721	0.177948	0.135584	0.474681	0.998854	2.39088	1	1.055272
443000	61.67543	-65.48124	127.1567	0.05	0.8077307	0.198361	0.0292096	0.164875	0.285267	0.219173	0.0972027	0.410228	0.959074	2.5335	1	0.8968855
444000	68.88934	-65.19986	134.0892	0.05	0.07602469	0.0694239	0.0360398	0.00415803	0.110377	0.0477248	6.6746e-09	0.000121641	0.0379215	3.96196	1	0.2677239
445000	66.96429	-65.84729	132.8116	0.05	0.2171543	0.155427	0.0100716	0.0845964	0.0711952	0.0647576	0.000916401	0.0442207	0.426931	3.52793	1	0.3860482
446000	65.92586	-65.546	131.4719	0.05	0.38572	0.12887	0.0756809	0.0345604	0.157042	0.0961332	0.0147093	0.171011	0.715354	3.09893	1	0.4922865
447000	63.62824	-67.52749	131.1557	0.05	1.828783	0.1252	0.0219617	0.0651622	0.126683	0.117338	0.271943	0.635477	1.06505	2.02753	1	0.4563444
448000	59.34117	-65.14142	124.4826	0.05	0.02475521	0.174712	0.282157	0.413864	0.0675474	0.273876	2.67239e-25	7.73033e-13	1.50519e-05	3.99998	1	1.212156
449000	68.1114	-64.17702	132.2884	0.05	0.05198522	0.319711	0.022214	0.0285567	0.060643	0.0363538	1.459e-12	1.80206e-06	0.00660032	3.9934	1	0.467478
450000	67.01048	-65.64288	132.6534	0.05	0.1416285	0.0615969	0.0670854	0.0499349	0.122523	0.0903863	3.07765e-05	0.00820465	0.216453	3.77531	1	0.3915266
451000	63.1246	-68.61763	131.7422	0.05	0.1997684	0.127443	0.124849	0.0257599	0.0961105	0.156615	0.000526963	0.033642	0.383053	3.58278	1	0.5307766
452000	60.69274	-67.57847	128.2712	0.05	0.01995225	0.0185685	0.0199697	0.26398	0.414626	0.126585	3.73905e-31	9.14765e-16	9.18402e-07	4	1	0.8437291
453000	65.84288	-64.30326	130.1461	0.05	0.3696368	0.333805	0.0242607	0.0150002	0.154643	0.119528	0.0125888	0.158738	0.696217	3.13246	1	0.6472373
454000	62.93469	-64.62174	127.5564	0.05	0.06112588	0.407634	0.219279	0.0400421	0.207901	0.0450433	7.85688e-11	1.3214e-05	0.0150893	3.9849	1	0.9198985
455000	66.45006	-65.99252	132.4426	0.05	8.042382e-05	0.0599863	0.0739821	0.0244668	0.270704	0.000390945	0	0	0	4	1	0.4295299
456000	63.70479	-67.49357	131.1984	0.05	0.02269562	0.147614	0.0499559	0.230396	0.045122	0.120419	1.65962e-27	6.09298e-14	5.24495e-06	3.99999	1	0.5935067
457000	65.63902	-64.21559	129.8546	0.05	0.1035835	0.379496	0.0260062	0.109198	0.133897	0.0482403	8.50063e-07	0.00136938	0.103513	3.89512	1	0.6968378
458000	58.63312	-64.94936	123.5825	0.05	0.3760379	0.496483	0.0715883	0.03374	0.349384	0.314649	0.0134147	0.163642	0.703992	3.11895	1	1.265845
459000	66.43364	-65.97218	132.4058	0.05	0.1956661	0.113257	0.0388974	0.108613	0.127932	0.0280445	0.000455863	0.0313132	0.372252	3.59598	1	0.4167437
460000	62.87923	-66.03225	128.9115	0.05	0.272556	0.380664	0.0177531	0.0960554	0.0443916	0.201512	0.00333359	0.0833966	0.546703	3.36657	1	0.7403753
461000	63.44759	-65.11093	128.5585	0.05	0.03524508	0.140365	0.231231	0.0321165	0.289169	0.10956	4.61905e-18	3.21095e-09	0.000477475	3.99952	1	0.8024407
462000	60.95863	-66.0301	126.9887	0.05	0.1097595	0.196508	0.112849	0.0591754	0.358934	0.250935	1.80333e-06	0.0019933	0.120905	3.8771	1	0.9784028
463000	60.59273	-67.42072	128.0134	0.05	1.154759	0.11406	0.019579	0.228504	0.330121	0.076082	0.166759	0.518792	1.02156	2.29289	1	0.7683456
464000	67.16547	-65.45323	132.6187	0.05	0.03115627	0.0976319	0.0509557	0.094995	0.110679	0.0625019	2.64899e-20	2.43248e-10	0.00016369	3.99984	1	0.4167636
465000	62.91554	-65.17608	128.0916	0.05	0.0184517	0.129608	0.0916225	0.14054	0.389434	0.113581	1.31502e-33	5.42564e-17	2.84385e-07	4	1	0.8647847
466000	66.46811	-63.76642	130.2345	0.05	0.01727774	0.441319	0.0311892	0.0644911	0.0606209	0.0876704	7.98003e-36	4.227e-18	9.86105e-08	4	1	0.6852905
467000	61.66188	-65.66065	127.3225	0.05	3.318388	0.538209	0.0376104	0.035519	0.026288	0.0703587	0.412486	0.74776	1.08369	1.75606	1	0.7079848
468000	67.21339	-65.5014	132.7148	0.05	0.01645713	0.041658	0.00454914	0.0546774	0.211337	0.0973289	1.4606e-37	5.71909e-19	4.29946e-08	4	1	0.409551
469000	61.3844	-64.60904	125.9934	0.05	0.06446049	0.227126	0.120972	0.244035	0.333843	0.134281	2.53825e-10	2.37441e-05	0.0192452	3.98073	1	1.060257
470000	63.03973	-67.14917	130.1889	0.05	0.63379	0.211047	0.0329752	0.126541	0.127927	0.0894119	0.0601436	0.330541	0.897625	2.71169	1	0.5879021
471000	64.73935	-68.15719	132.8965	0.05	0.15455	0.00505016	0.0524864	0.0991085	0.144521	0.0778739	6.96291e-05	0.0123192	0.255504	3.73211	1	0.37904
472000	64.84178	-66.16027	131.0021	0.05	0.04249155	0.159724	0.0435384	0.245843	0.0537695	0.0582569	3.77731e-15	9.17657e-08	0.00191885	3.99808	1	0.5611319
473000	62.42538	-65.55337	127.9787	0.05	0.4503659	0.312067	0.179339	0.0570113	0.115238	0.187126	0.0246	0.218284	0.780501	2.97662	1	0.8507813
474000	63.70323	-66.71746	130.4207	0.05	0.1284404	0.075116	0.0938903	0.201849	0.186027	0.0643888	1.12878e-05	0.00497692	0.176325	3.81869	1	0.6212707
475000	68.22469	-63.05728	131.282	0.05	0.04731348	0.229269	0.00452355	0.00917162	0.17398	0.139549	1.04918e-13	4.83433e-07	0.00382345	3.99618	1	0.5564935
476000	60.5969	-64.92111	125.518	0.05	0.3126948	0.612201	0.128923	0.0661591	0.188083	0.128589	0.00638146	0.1144	0.616519	3.2627	1	1.123956
477000	63.6087	-65.09558	128.7043	0.05	0.05339068	0.26022	0.212519	0.139573	0.0399196	0.149545	2.9432e-12	2.55918e-06	0.00763446	3.99236	1	0.8017767
478000	65.26341	-63.37204	128.6355	0.05	0.01260923	0.476129	0.00256516	0.109359	0.158988	0.0744329	1.00178e-48	1.49828e-24	2.07471e-10	4	1	0.821474
479000	63.90065	-68.51874	132.4194	0.05	0.1415583	0.0832131	0.100651	0.0613982	0.176464	0.014386	3.06279e-05	0.0081849	0.216239	3.77554	1	0.4361129
480000	66.12638	-64.06196	130.1883	0.05	0.2175986	0.292373	0.0187696	0.0476317	0.144868	0.151193	0.000928371	0.0445048	0.428012	3.52656	1	0.654836
481000	65.42594	-65.35418	130.7801	0.05	0.911397	0.208588	0.0345458	0.0167931	0.159	0.10352	0.118954	0.448398	0.983613	2.44903	1	0.5224468
482000	62.19606	-66.20293	128.399	0.05	0.4594392	0.527281	0.068507	0.0931923	0.112763	0.0595944	0.0261395	0.224614	0.788354	2.96089	1	0.8613383
483000	63.28361	-68.7967	132.0803	0.05	0.2811594	0.0944623	0.0302059	0.0911545	0.0932876	0.146924	0.00389173	0.0899438	0.562763	3.3434	1	0.4560345
484000	63.52798	-66.8106	130.3386	0.05	0.3655102	0.106678	0.0143803	0.0657581	0.269944	0.187489	0.0120693	0.155563	0.691089	3.14128	1	0.6442496
485000	62.91743	-64.98937	127.9068	0.05	0.1420123	0.27505	0.227626	0.0372579	0.0569635	0.285484	3.15998e-05	0.00831325	0.21762	3.77403	1	0.8823817
486000	65.6456	-65.39003	131.0356	0.05	0.8500644	0.251838	0.0773875	0.0359016	0.0817761	0.0860705	0.106159	0.426536	0.969917	2.49739	1	0.5329738
487000	66.2004	-65.53021	131.7306	0.05	0.03329587	0.162187	0.115082	0.0483612	0.0658996	0.091984	4.62034e-19	1.0157e-09	0.000296183	3.9997	1	0.4835132
488000	64.38563	-66.50783	130.8935	0.05	0.1879555	0.255188	0.0576444	0.107256	0.166579	0.00375556	0.000341244	0.0271288	0.351499	3.62103	1	0.5904227
489000	63.71333	-65.98968	129.703	0.05	0.2628611	0.318489	0.124617	0.0421174	0.143026	0.0914948	0.00276612	0.0761226	0.527834	3.39328	1	0.7197436
490000	62.89784	-67.92605	130.8239	0.05	0.7537876	0.13206	0.169573	0.00688281	0.14371	0.0715206	0.0856948	0.387841	0.943279	2.58319	1	0.5237466
491000	66.87212	-67.76244	134.6346	0.05	0.06730882	0.0307282	0.0482881	0.0274227	0.0802722	0.0267448	6.30341e-10	3.74087e-05	0.0232423	3.97672	1	0.213456
492000	63.13235	-64.10452	127.2369	0.05	0.08560475	0.424031	0.118993	0.0517074	0.245548	0.105854	5.12858e-08	0.000336907	0.0578799	3.94178	1	0.9461341
493000	56.18594	-66.64409	122.83	0.05	0.5167558	0.30193	0.0982715	0.0503496	0.844029	0.0319974	0.0365338	0.262714	0.832088	2.86866	1	1.326577
494000	67.90719	-64.5721	132.4793	0.05	0.06998173	0.127478	0.0618754	0.0800006	0.129583	0.024912	1.38364e-09	5.54114e-05	0.02736	3.97258	1	0.4238492
495000	66.85177	-63.55594	130.4077	0.05	0.09597023	0.359635	0.0128285	0.120427	0.0660084	0.0716368	2.94367e-07	0.000806408	0.0831261	3.91607	1	0.6305361
496000	67.94348	-64.44498	132.3885	0.05	0.01631146	0.158312	0.0482431	0.105009	0.0977246	0.0143259	6.8839e-38	3.9263e-19	3.67813e-08	4	1	0.4236145
497000	56.74591	-67.80441	124.5503	0.05	0.3271303	0.425485	0.335471	0.288139	0.022926	0.0979705	0.00775214	0.125699	0.638674	3.22788	1	1.169991
498000	67.30439	-65.36636	132.6707	0.05	0.1761701	0.147229	0.0775455	0.0186356	0.0512777	0.0882531	0.000208688	0.021257	0.318685	3.65985	1	0.3829407
499000	63.22782	-66.63737	129.8652	0.05	0.8071893	0.131611	0.0249873	0.105396	0.299557	0.0409681	0.0970876	0.410012	0.958927	2.53397	1	0.6025194
500000	65.0108	-65.44501	130.4558	0.05	0.1482473	0.218387	0.0382142	0.0635989	0.299676	0.000153059	4.75969e-05	0.0101943	0.236533	3.75323	1	0.620029
501000	60.68213	-66.44502	127.1272	0.05	1.109309	0.249771	0.102225	0.0964231	0.116502	0.315186	0.158234	0.50731	1.01599	2.31847	1	0.8801074
502000	63.18488	-65.70754	128.8924	0.05	1.254625	0.174532	0.0352256	0.106914	0.282605	0.0783376	0.184813	0.54187	1.03205	2.24127	1	0.6776149
503000	59.90551	-67.90296	127.8085	0.05	1.756799	0.294323	0.100807	0.17038	0.10267	0.0918377	0.262409	0.626381	1.06252	2.04869	1	0.7600189
504000	63.72568	-65.2093	128.935	0.05	1.133765	0.338485	0.0179753	0.019507	0.165466	0.197751	0.162845	0.51357	1.01906	2.30453	1	0.7391844
505000	63.927	-65.26498	129.192	0.05	0.0004550286	0.155586	0.123543	0.220205	0.233668	0.0247988	0	0	4.49812e-275	4	1	0.7578002
506000	67.95592	-66.65532	134.6112	0.05	0.03514221	0.10947	0.036569	0.00675596	0.0904475	0.00689711	4.11676e-18	3.03136e-09	0.000466209	3.99953	1	0.2501395
507000	64.5136	-65.43862	129.9522	0.05	0.2092695	0.29607	0.00276205	0.150464	0.214725	0.0291545	0.000721216	0.0392884	0.407414	3.55258	1	0.6931755
508000	64.34397	-66.77988	131.1239	0.05	0.1588404	0.149325	0.0406888	0.178753	0.0659103	0.112803	8.86618e-05	0.0138927	0.2683	3.71772	1	0.5474794
509000	64.11555	-65.15999	129.2755	0.05	0.1202692	0.163819	0.0177756	0.191861	0.281917	0.0844837	5.42863e-06	0.00345464	0.151719	3.84482	1	0.7398568
510000	67.42741	-66.15801	133.5854	0.05	0.5096016	0.106506	0.0560021	0.0171265	0.0979627	0.0327114	0.0351809	0.258138	0.827131	2.87955	1	0.3103085
511000	64.74014	-67.23669	131.9768	0.05	0.02713468	0.085895	0.109793	0.0629994	0.113818	0.11568	3.62588e-23	9.00255e-12	4.16858e-05	3.99996	1	0.4881858
512000	66.89456	-63.90725	130.8018	0.05	0.04072944	0.389783	0.0115359	0.0440996	0.0841805	0.0638456	9.21114e-16	4.53222e-08	0.00143197	3.99857	1	0.5934441
513000	66.67161	-63.8609	130.5325	0.05	0.01727709	0.199004	0.0692113	0.0268209	0.210794	0.13062	7.95621e-36	4.22068e-18	9.85493e-08	4	1	0.6364499
514000	61.12974	-65.58987	126.7196	0.05	0.8132899	0.419012	0.112647	0.144673	0.179041	0.103462	0.0983834	0.41243	0.96057	2.52862	1	0.9588354
515000	67.41318	-64.05149	131.4647	0.05	0.119738	0.11571	0.0285096	0.0283291	0.261078	0.107245	5.15845e-06	0.00336777	0.150134	3.84649	1	0.5408721
516000	62.22804	-65.13219	127.3602	0.05	0.0735693	0.586543	0.0844015	0.140329	0.0226626	0.116598	3.63323e-09	8.97642e-05	0.0334268	3.96648	1	0.9505347
517000	64.59305	-64.34009	128.9331	0.05	0.1134754	0.219311	0.071839	0.121131	0.191655	0.158132	2.72549e-06	0.00244959	0.131654	3.86589	1	0.7620681
518000	60.44475	-71.43327	131.878	0.05	0.252771	0.0543248	0.0484173	0.0958827	0.246805	0.0232302	0.00224342	0.0686983	0.507293	3.42177	1	0.4686605
519000	64.63335	-64.77672	129.4101	0.05	0.01536739	0.240118	0.168711	0.000232404	0.286807	0.028817	3.71867e-40	2.886e-20	1.24493e-08	4	1	0.7246857
520000	63.30562	-66.05539	129.361	0.05	0.09711854	0.0591733	0.14513	0.182564	0.179041	0.148155	3.49129e-07	0.000878126	0.0861138	3.91301	1	0.7140633
521000	65.40364	-64.54473	129.9484	0.05	0.08966871	0.31351	0.0904754	0.0388962	0.171035	0.0392053	1.06773e-07	0.000485945	0.0673794	3.93213	1	0.6531224
522000	64.84223	-65.46598	130.3082	0.05	0.217912	0.228882	0.0297607	0.101275	0.193076	0.0580169	0.000936881	0.0447056	0.428773	3.52558	1	0.6110116
523000	59.66515	-66.44009	126.1052	0.05	0.8067638	0.171911	0.0431907	0.258986	0.386475	0.122495	0.0969972	0.409843	0.958812	2.53435	1	0.9830571
524000	66.26434	-64.67452	130.9389	0.05	0.06393381	0.157656	0.120031	0.107067	0.185149	0.0175503	2.12633e-10	2.17332e-05	0.0185511	3.98143	1	0.5874538
525000	67.32161	-65.20962	132.5312	0.05	0.06350091	0.0883539	0.0437701	0.0987093	0.143697	0.0454533	1.83428e-10	2.01863e-05	0.0179911	3.98199	1	0.419984
526000	65.85395	-63.72931	129.5833	0.05	0.01609267	0.389642	0.021789	0.0830842	0.187532	0.0347049	2.16786e-38	2.20338e-19	2.89405e-08	4	1	0.716752
527000	64.14352	-65.8206	129.9641	0.05	1.782049	0.194537	0.0620681	0.0282406	0.133349	0.0966024	0.265793	0.629637	1.06344	2.04113	1	0.5147963
528000	65.59431	-67.03228	132.6266	0.05	0.3377675	0.107715	0.0138301	0.0133172	0.101722	0.194786	0.00885265	0.134019	0.654104	3.20302	1	0.4313704
529000	61.47947	-64.78855	126.268	0.05	0.1108511	0.344699	0.0742521	0.247192	0.0672375	0.310964	2.04182e-06	0.00212078	0.124043	3.87383	1	1.044345
530000	62.80175	-66.63725	129.439	0.05	0.0421565	0.0745313	0.330195	0.0750383	0.118289	0.138856	2.91471e-15	8.06119e-08	0.0018184	3.99818	1	0.7369101
531000	64.88043	-70.06792	134.9484	0.05	0.8205557	0.101471	0.0547728	0.00310008	0.0283998	0.0750119	0.0999247	0.41528	0.962492	2.5223	1	0.2627552
532000	62.96522	-64.81232	127.7775	0.05	0.07214929	0.10944	0.0666999	0.089037	0.125552	0.504631	2.508e-09	7.45887e-05	0.030953	3.96897	1	0.8953595
533000	61.17557	-64.99204	126.1676	0.05	0.1940582	0.347438	0.0343463	0.220142	0.120403	0.311839	0.000429967	0.0304195	0.367973	3.60118	1	1.034169
534000	64.60143	-67.84729	132.4487	0.05	0.01267461	0.151358	0.111747	0.0169806	0.0712386	0.10148	1.76635e-48	1.98949e-24	2.33381e-10	4	1	0.4528036
535000	64.1294	-64.03098	128.1604	0.05	0.07531304	0.252216	0.0248122	0.131133	0.285213	0.149345	5.61882e-09	0.000111613	0.0365909	3.9633	1	0.8427192
536000	68.4345	-63.51287	131.9474	0.05	0.05986204	0.220464	0.00500549	0.0414512	0.150195	0.0638265	4.86848e-11	1.04028e-05	0.0136631	3.98633	1	0.4809423
537000	65.23088	-65.90117	131.132	0.05	1.171154	0.284784	0.0193095	0.0981379	0.106062	0.0127463	0.169787	0.522776	1.02344	2.284	1	0.5210388
538000	64.90449	-66.34558	131.2501	0.05	0.1492489	0.162936	0.143916	0.0396843	0.144979	0.0405358	5.0672e-05	0.010517	0.239559	3.74987	1	0.532051
539000	60.43969	-65.18002	125.6197	0.05	0.029433	0.244887	0.477745	0.0508781	0.30884	0.0239489	1.95802e-21	6.61426e-11	9.5359e-05	3.9999	1	1.106299
540000	63.84611	-64.51279	128.3589	0.05	0.8503041	0.181313	0.0233324	0.0803066	0.293897	0.181852	0.106209	0.426625	0.969975	2.49719	1	0.7607016
541000	64.0375	-63.98995	128.0275	0.05	0.1587129	0.165639	0.0246097	0.0113555	0.435835	0.209956	8.80441e-05	0.0138445	0.267922	3.71815	1	0.8473954
542000	63.01941	-66.18921	129.2086	0.05	0.3001263	0.252209	0.0448718	0.199202	0.156662	0.0699854	0.00530556	0.104593	0.596015	3.29409	1	0.7229304
543000	65.54034	-65.97074	131.5111	0.05	0.07007069	0.124835	0.0693397	0.095177	0.225243	0.0228522	1.41886e-09	5.61118e-05	0.027503	3.97244	1	0.5374466
544000	65.04229	-67.96759	133.0099	0.05	0.08445401	0.0712006	0.026128	0.131914	0.136725	0.00682501	4.11385e-08	0.000301772	0.0552941	3.9444	1	0.3727927
545000	66.65833	-65.4499	132.1082	0.05	0.1074895	0.0860989	0.08266	0.0399425	0.226179	0.0152597	1.38164e-06	0.00174514	0.114438	3.88382	1	0.4501403
546000	65.12569	-65.38783	130.5135	0.05	0.5350251	0.106276	0.0222106	0.0523344	0.273555	0.0974852	0.0400489	0.274167	0.844171	2.84161	1	0.5518611
547000	61.20936	-67.31425	128.5236	0.05	0.2251163	0.279506	0.214522	0.116553	0.00659702	0.186216	0.00114739	0.0494048	0.445995	3.50345	1	0.8033954
548000	63.62017	-65.53284	129.153	0.05	0.2830479	0.201131	0.0330267	0.212544	0.165719	0.107139	0.00402117	0.0913906	0.566204	3.33838	1	0.7195596
549000	64.36989	-66.9897	131.3596	0.05	2.286342	0.215161	0.0484354	0.0904742	0.0465793	0.00581492	0.325216	0.682374	1.07574	1.91667	1	0.4064646
550000	59.44714	-66.02582	125.473	0.05	0.6627642	0.619882	0.0653055	0.186486	0.171554	0.0261042	0.0662594	0.345418	0.910248	2.67807	1	1.069332
551000	65.63348	-65.12162	130.7551	0.05	0.01846258	0.240197	0.0492236	0.0605396	0.164101	0.0854538	1.37458e-33	5.54715e-17	2.87011e-07	4	1	0.5995145
552000	67.43758	-64.99146	132.429	0.05	0.07627872	0.161495	0.0785392	0.0652949	0.0657597	0.0645793	7.09219e-09	0.000125386	0.0384018	3.96147	1	0.4356678
553000	62.41042	-64.87624	127.2867	0.05	0.04294445	0.221431	0.0146759	0.0616125	0.641053	0.0189259	5.32816e-15	1.08984e-07	0.00206075	3.99794	1	0.9576984
554000	65.36917	-65.44482	130.814	0.05	0.02345272	0.0196246	0.00751608	0.183133	0.136066	0.236313	1.19209e-26	1.63287e-13	7.89578e-06	3.99999	1	0.5826535
555000	60.96083	-67.16168	128.1225	0.05	0.2892594	0.336353	0.030408	0.233756	0.11974	0.131763	0.00446458	0.0961701	0.577316	3.32205	1	0.85202
556000	65.92612	-67.46687	133.393	0.05	0.1465733	0.1852	0.0803666	0.0433506	0.00977727	0.0309826	4.27865e-05	0.00966763	0.231467	3.75882	1	0.349677
557000	60.59941	-65.78081	126.3802	0.05	0.5763291	0.459413	0.114111	0.17417	0.112493	0.14044	0.0482655	0.298856	0.868745	2.78413	1	1.000627
558000	65.60585	-64.91199	130.5178	0.05	0.02111044	0.126084	0.13636	0.106028	0.206215	0.0333553	1.69113e-29	6.15139e-15	2.02532e-06	4	1	0.6080438
559000	63.5159	-66.54998	130.0659	0.05	0.292454	0.106416	0.0459992	0.171015	0.180273	0.132068	0.00470319	0.0986391	0.58291	3.31375	1	0.6357716
560000	64.53505	-65.40358	129.9386	0.05	1.152596	0.21034	0.00368961	0.0951511	0.199957	0.0752787	0.166357	0.51826	1.02131	2.29407	1	0.584416
561000	68.53809	-64.33021	132.8683	0.05	0.01330045	0.212424	0.0545878	0.0479131	0.0714136	0.0170083	3.03492e-46	2.60768e-23	6.78963e-10	4	1	0.4033471
562000	65.51017	-63.97647	129.4866	0.05	0.03614431	0.164182	0.0344486	0.0573955	0.366266	0.102815	1.22877e-17	5.23671e-09	0.000584902	3.99942	1	0.7251074
563000	68.39799	-65.49254	133.8905	0.05	0.1237629	0.153643	0.0329149	0.0505958	0.0650932	0.000997455	7.51222e-06	0.00406231	0.162192	3.83374	1	0.3032445
564000	68.35207	-65.49003	133.8421	0.05	0.02811286	0.0512871	0.0127228	0.0624542	0.13397	0.0364006	2.14467e-22	2.18928e-11	6.02733e-05	3.99994	1	0.2968342
565000	63.50447	-65.88641	129.3909	0.05	0.2462294	0.16164	0.169279	0.0737019	0.248967	0.0636665	0.00194066	0.0639808	0.493466	3.44061	1	0.7172549
566000	65.6375	-65.51476	131.1523	0.05	0.1818177	0.13841	0.0600032	0.122074	0.195289	0.0350224	0.000266259	0.0239884	0.334569	3.64118	1	0.5507986
567000	63.75915	-64.55382	128.313	0.05	0.06440779	0.289708	0.0748748	0.0954731	0.167225	0.220526	2.49401e-10	2.35363e-05	0.0191752	3.9808	1	0.8478068
568000	63.16848	-67.27703	130.4455	0.05	0.0354887	0.105632	0.227376	0.114116	0.190954	0.0015406	6.05059e-18	3.67491e-09	0.000504974	3.9995	1	0.639617
569000	64.83178	-65.83642	130.6682	0.05	2.233747	0.234887	0.0821268	0.00214917	0.0474247	0.0952649	0.319667	0.677771	1.07487	1.92769	1	0.4618521
570000	63.42825	-66.14262	129.5709	0.05	1.356857	0.273725	0.0121824	0.150978	0.153657	0.0151528	0.202339	0.562856	1.04078	2.19403	1	0.6056953
571000	69.01555	-64.81719	133.8327	0.05	0.06929455	0.07461	0.0390198	0.0150513	0.103327	0.0417874	1.13699e-09	5.02333e-05	0.026268	3.97368	1	0.2737958
572000	62.91186	-65.89381	128.8057	0.05	0.3638509	0.345862	0.0865493	0.146596	0.134532	0.0410462	0.0118633	0.154284	0.689001	3.14485	1	0.7545859
573000	65.50966	-67.51737	133.027	0.05	0.1774809	0.054293	0.0785401	0.0128452	0.160983	0.0397076	0.000221134	0.0218771	0.322397	3.65551	1	0.3463689
574000	66.80881	-65.88232	132.6911	0.05	0.8688784	0.101892	0.046149	0.0231381	0.116865	0.0630874	0.110109	0.433455	0.974354	2.48208	1	0.3511307
575000	62.34524	-66.80462	129.1499	0.05	0.5095243	0.226113	0.0736021	0.0408527	0.278218	0.0862899	0.0351663	0.258088	0.827077	2.87967	1	0.7050755
576000	62.88761	-65.63148	128.5191	0.05	1.317012	0.326804	0.0125728	0.0228342	0.178361	0.173393	0.195621	0.554965	1.03759	2.21183	1	0.7139642
577000	62.78828	-66.82148	129.6098	0.05	0.3115105	0.106421	0.153239	0.141405	0.164596	0.122013	0.00627538	0.113474	0.614636	3.26561	1	0.6876752
578000	65.20575	-67.13293	132.3387	0.05	0.2483673	0.0932836	0.00488921	0.146572	0.118244	0.074208	0.00203654	0.0655134	0.49803	3.43442	1	0.4371969
579000	59.07625	-65.53779	124.614	0.05	0.08318791	0.225356	0.273108	0.0369021	0.106808	0.601952	3.20508e-08	0.000266392	0.0525053	3.94723	1	1.244126
580000	64.27855	-66.41502	130.6936	0.05	2.738835	0.21208	0.0284595	0.0650186	0.0520428	0.0582866	0.367991	0.71596	1.08088	1.83517	1	0.415888
581000	64.26071	-65.46906	129.7298	0.05	0.1480076	0.0706114	0.0268209	0.216515	0.193802	0.176706	4.68832e-05	0.0101179	0.235808	3.75403	1	0.6844549
582000	62.38938	-66.37796	128.7673	0.05	1.114715	0.397576	0.0484832	0.0812376	0.0265957	0.171853	0.159258	0.508711	1.01668	2.31535	1	0.7257453
583000	61.99476	-68.78288	130.7776	0.05	0.2768554	0.194977	0.0749646	0.230687	0.0782462	0.000925794	0.00360605	0.0866589	0.554808	3.35493	1	0.579801
584000	63.76942	-67.75664	131.5261	0.05	2.035942	0.0795535	0.0623527	0.0510164	0.12084	0.0592288	0.297528	0.658782	1.07086	1.97283	1	0.3729912
585000	59.06509	-69.37217	128.4373	0.05	1.247037	0.123264	0.101646	0.247536	0.248687	0.0181521	0.183474	0.540212	1.03133	2.24499	1	0.7392859
586000	66.25529	-65.14723	131.4025	0.05	0.07617021	0.0654914	0.026598	0.161689	0.14479	0.109433	6.91107e-09	0.000123775	0.0381963	3.96168	1	0.5080015
587000	63.33345	-67.5151	130.8486	0.05	1.466844	0.266591	0.00245579	0.155909	0.0532795	0.0320722	0.220155	0.582943	1.04841	2.14849	1	0.5103069
588000	57.83239	-67.79912	125.6315	0.05	1.861625	0.219243	0.14641	0.246093	0.253562	0.0506845	0.276178	0.639443	1.06611	2.01827	1	0.9159921
589000	60.89402	-66.21191	127.1059	0.05	2.355386	0.139483	0.106394	0.0545057	0.263345	0.150565	0.332303	0.688166	1.07678	1.90275	1	0.714292
590000	64.14343	-64.13092	128.2744	0.05	0.04764142	0.494068	0.00699314	0.108141	0.037733	0.179376	1.28356e-13	5.34698e-07	0.00398673	3.99601	1	0.8263113
591000	65.09143	-66.05547	131.1469	0.05	0.08705438	0.198781	0.117036	0.124558	0.0900197	0.0316342	6.71443e-08	0.000385443	0.0612042	3.93841	1	0.5620281
592000	69.07929	-64.71545	133.7947	0.05	0.03416576	0.128905	0.00411525	0.0672818	0.065609	0.0589338	1.33351e-18	1.72542e-09	0.000369011	3.99963	1	0.3248452
593000	65.36018	-65.72196	131.0821	0.05	0.3745665	0.175471	0.112433	0.0550126	0.172909	0.0501948	0.0132227	0.162517	0.702224	3.12204	1	0.5660203
594000	63.73976	-64.14911	127.8889	0.05	0.594384	0.326074	0.0156188	0.0499054	0.351094	0.114917	0.0519519	0.309136	0.878427	2.76049	1	0.8576093
595000	56.9112	-65.7136	122.6248	0.05	6.435039	0.221702	0.052323	0.102028	0.286471	0.108709	0.552596	0.831849	1.08027	1.53529	1	0.7712341
596000	59.60584	-66.50961	126.1154	0.05	0.1047644	0.341134	0.0884317	0.0449297	0.163738	0.414953	9.88296e-07	0.00147636	0.106787	3.89174	1	1.053187
597000	65.08998	-66.22743	131.3174	0.05	0.2667454	0.266259	0.0103711	0.0275475	0.103699	0.0992787	0.00298571	0.0790221	0.535495	3.3825	1	0.5071552
598000	68.72076	-64.99951	133.7203	0.05	0.1075711	0.15398	0.00191712	0.0739999	0.0742854	0.00476442	1.39521e-06	0.00175368	0.114669	3.88358	1	0.3089463
599000	66.66505	-66.01348	132.6785	0.05	0.1140885	0.0565503	0.0363939	0.0307716	0.105538	0.148496	2.91016e-06	0.00253106	0.133444	3.86402	1	0.37775
600000	62.56654	-66.65807	129.2246	0.05	0.5938254	0.144428	0.182568	0.0129171	0.199732	0.138613	0.0518371	0.308823	0.878136	2.7612	1	0.678259
601000	68.22061	-65.34468	133.5653	0.05	0.1063849	0.151858	0.0253732	0.0327521	0.0903945	0.00912458	1.20868e-06	0.00163244	0.111321	3.88705	1	0.3095028
602000	65.98095	-64.88715	130.8681	0.05	0.06130598	0.199586	0.00360591	0.217478	0.16733	0.00987779	8.39793e-11	1.36612e-05	0.0152992	3.98469	1	0.5978776
603000	63.92134	-64.04434	127.9657	0.05	0.0550109	0.347637	0.0982841	0.100307	0.286601	0.0420139	6.32159e-12	3.75011e-06	0.00894632	3.99105	1	0.8748429
604000	63.74412	-65.86972	129.6138	0.05	0.02683833	0.120713	0.073745	0.207759	0.0773677	0.231032	2.0627e-23	6.79028e-12	3.70824e-05	3.99996	1	0.7106171
605000	63.01346	-66.94178	129.9552	0.05	3.050223	0.184074	0.00932569	0.0236113	0.0864359	0.143827	0.39311	0.734271	1.08275	1.78987	1	0.4472738
606000	59.84134	-69.02386	128.8652	0.05	0.6788137	0.180308	0.0493066	0.279559	0.0373101	0.189462	0.0696698	0.35336	0.916757	2.66021	1	0.7359465
607000	65.45446	-64.80544	130.2599	0.05	0.08215618	0.372209	0.0187497	0.00275272	0.226278	0.045363	2.6003e-08	0.000239967	0.0502774	3.94948	1	0.6653526
608000	64.61663	-64.72632	129.3429	0.05	0.06150663	0.0474174	0.0549755	0.167854	0.18454	0.27863	9.04055e-11	1.4174e-05	0.0155351	3.98445	1	0.7334172
609000	64.56809	-65.75074	130.3188	0.05	0.1180063	0.23562	0.0198091	0.0404228	0.144846	0.179604	4.35359e-06	0.00309448	0.144985	3.85192	1	0.6203017
610000	60.7273	-64.57646	125.3038	0.05	0.0373586	0.254236	0.320175	0.0889353	0.458469	0.00906693	4.27361e-17	9.76508e-09	0.000757457	3.99924	1	1.130883
611000	64.08606	-67.38305	131.4691	0.05	1.656037	0.214998	0.0133985	0.14595	0.0731257	0.0234179	0.248452	0.612624	1.05841	2.08052	1	0.4708909
612000	66.36352	-65.61736	131.9809	0.05	0.09634674	0.0851911	0.0754337	0.116081	0.189456	0.0307675	3.11444e-07	0.000829439	0.084102	3.91507	1	0.4969286
613000	60.46883	-68.31096	128.7798	0.05	0.2665235	0.352417	0.0354984	0.0238304	0.150821	0.240644	0.0029729	0.078856	0.535061	3.38311	1	0.8032112
614000	67.84137	-65.76416	133.6055	0.05	0.1571624	0.171769	0.0660841	0.0328837	0.0425031	0.0324469	8.07934e-05	0.0132651	0.263308	3.72335	1	0.345687
615000	67.08499	-65.09172	132.1767	0.05	0.06162561	0.121366	0.0658156	0.0967494	0.119698	0.0267021	9.44245e-11	1.44855e-05	0.0156759	3.98431	1	0.4303315
616000	62.86578	-67.72438	130.5902	0.05	0.5617933	0.427495	0.0506722	0.0965781	0.0519758	0.0261402	0.0453363	0.290355	0.860501	2.80381	1	0.652861
617000	64.73851	-63.94666	128.6852	0.05	0.0644703	0.272877	0.00727839	0.184814	0.257248	0.071726	2.54657e-10	2.3783e-05	0.0192583	3.98072	1	0.793943
618000	61.00685	-66.22448	127.2313	0.05	0.2634745	0.034308	0.076204	0.233913	0.440965	0.129542	0.00280011	0.0765791	0.529053	3.39157	1	0.9149322
619000	63.01421	-66.70213	129.7163	0.05	0.08425117	0.033637	0.140913	0.0257714	0.138325	0.356698	3.95457e-08	0.000295877	0.0548433	3.94486	1	0.6953441
620000	66.71417	-65.05561	131.7698	0.05	0.1178872	0.213036	0.0638885	0.0531466	0.0549599	0.101445	4.3023e-06	0.00307624	0.144632	3.85229	1	0.4864759
621000	66.40804	-65.33311	131.7412	0.05	0.4126845	0.158222	0.0297148	0.0625637	0.111768	0.105289	0.0185861	0.191166	0.74465	3.0456	1	0.4675571
622000	67.05249	-66.3822	133.4347	0.05	0.04395923	0.102725	0.0189825	0.0288856	0.157682	0.039422	1.12238e-14	1.58163e-07	0.00240509	3.99759	1	0.347697
623000	64.72751	-64.67478	129.4023	0.05	0.04034561	0.308169	0.00158699	0.0299863	0.282673	0.0916032	6.66364e-16	3.855e-08	0.00133897	3.99866	1	0.7140185
624000	62.84242	-66.19634	129.0388	0.05	0.1332234	0.0998473	0.233785	0.0131425	0.129612	0.270115	1.66181e-05	0.00603531	0.190859	3.80309	1	0.7465016
625000	64.35293	-64.77764	129.1306	0.05	0.0142743	0.418923	0.00455909	0.0855013	0.144977	0.103147	3.71813e-43	9.12653e-22	2.96922e-09	4	1	0.757107
626000	64.78922	-65.44053	130.2298	0.05	0.1170618	0.257267	0.125405	0.0723268	0.00770702	0.181476	3.9605e-06	0.00295177	0.142188	3.85486	1	0.6441816
627000	66.92218	-65.95129	132.8735	0.05	0.07171635	0.10642	0.0365736	0.0386468	0.146155	0.0644378	2.23349e-09	7.0391e-05	0.0302175	3.96971	1	0.3922333
628000	66.26175	-67.00981	133.2716	0.05	0.3341038	0.114516	0.00134251	0.0116994	0.150805	0.0988409	0.00846506	0.131155	0.648872	3.21151	1	0.3772041
629000	67.01711	-64.93871	131.9558	0.05	0.07354516	0.174798	0.0320479	0.0185336	0.173748	0.0854524	3.61084e-09	8.94875e-05	0.0333839	3.96653	1	0.4845793
630000	65.13471	-67.111	132.2457	0.05	0.09992675	0.0152333	0.071996	0.146903	0.0587861	0.1279	5.21202e-07	0.00107264	0.0935568	3.90537	1	0.4208188
631000	68.08747	-65.12692	133.2144	0.05	0.1582211	0.2012	0.0488636	0.018661	0.0414971	0.0557815	8.56921e-05	0.0136593	0.26646	3.7198	1	0.3660028
632000	63.95044	-64.62835	128.5788	0.05	0.02156386	0.331119	0.161482	0.0751291	0.19284	0.0337425	6.72681e-29	1.2268e-14	2.69713e-06	4	1	0.7943126
633000	65.26944	-64.72457	129.994	0.05	0.1164243	0.206164	0.0828465	0.0330769	0.283161	0.0746428	3.7122e-06	0.00285794	0.140306	3.85683	1	0.6798913
634000	59.77941	-66.04005	125.8195	0.05	1.650215	0.590805	0.070811	0.0452496	0.110462	0.191285	0.247623	0.611789	1.05815	2.08244	1	1.008613
635000	64.29582	-64.42643	128.7222	0.05	0.06862165	0.369751	0.0495486	0.0208678	0.0960068	0.24776	9.34558e-10	4.5545e-05	0.0252209	3.97473	1	0.7839345
636000	64.63053	-67.97973	132.6103	0.05	1.143387	0.0918609	0.0290465	0.0318467	0.15676	0.0777812	0.164644	0.51598	1.02022	2.29916	1	0.3872949
637000	65.86081	-64.56362	130.4244	0.05	0.6976405	0.22272	0.0590736	0.0302126	0.182526	0.0846943	0.0736843	0.362415	0.923991	2.63991	1	0.5792273
638000	60.71133	-65.74566	126.457	0.05	0.1230006	0.158879	0.203689	0.0151634	0.248162	0.365148	7.0092e-06	0.00392428	0.1599	3.83617	1	0.9910418
639000	64.61	-65.65783	130.2678	0.05	0.01604936	0.072385	0.137041	0.122574	0.275312	0.0395692	1.7182e-38	1.96161e-19	2.75777e-08	4	1	0.6468817
640000	64.17056	-65.91516	130.0857	0.05	0.1543214	0.17132	0.00936449	0.116628	0.214352	0.150908	6.87123e-05	0.0122382	0.254819	3.73287	1	0.6625733
641000	62.13667	-66.49858	128.6353	0.05	0.2281361	0.0366064	0.101127	0.186194	0.142321	0.329871	0.00124438	0.0514199	0.453057	3.49428	1	0.7961191
642000	68.04552	-65.34276	133.3883	0.05	0.1169685	0.145626	0.00866363	0.0744867	0.124428	0.00947493	3.92333e-06	0.00293792	0.141913	3.85515	1	0.3626799
643000	65.44093	-65.74992	131.1909	0.05	0.05372336	0.0952258	0.0680039	0.0228553	0.161257	0.212731	3.45642e-12	2.77326e-06	0.00789328	3.9921	1	0.5600728
644000	66.8919	-66.08313	132.975	0.05	1.371206	0.120185	0.018335	0.0308153	0.0657101	0.0637411	0.204723	0.565614	1.04187	2.18779	1	0.2987864
645000	62.72424	-64.641	127.3652	0.05	0.05669967	0.147247	0.281446	0.0666904	0.290207	0.13826	1.33868e-11	5.45643e-06	0.0104529	3.98954	1	0.9238516
646000	65.96977	-65.33023	131.3	0.05	0.007837369	0.161258	0.117839	0.022984	0.214153	0.0498754	8.50294e-78	4.3669e-39	1.92497e-16	4	1	0.56611
647000	63.25997	-68.89653	132.1565	0.05	0.5111207	0.12752	0.0986681	0.123102	0.0611925	0.068356	0.035467	0.259114	0.828194	2.87722	1	0.4788379
648000	64.39897	-65.19712	129.5961	0.05	1.294859	0.336914	0.0800358	0.0137255	0.180604	0.0603959	0.191824	0.550422	1.0357	2.22205	1	0.6716748
649000	66.74384	-67.75504	134.4989	0.05	0.3495056	0.140029	0.0380843	0.0233315	0.0228056	0.0475871	0.0101538	0.143171	0.670305	3.17637	1	0.2718378
650000	68.04543	-64.53822	132.5837	0.05	0.00273457	0.190467	0.0192027	0.0664223	0.106152	0.0723265	3.82707e-221	9.26867e-111	3.44831e-46	4	1	0.4545705
651000	66.54881	-66.72502	133.2738	0.05	1.086162	0.147083	0.019978	0.0698065	0.0712132	0.0269171	0.153818	0.501201	1.01293	2.33205	1	0.3349981
652000	64.04876	-69.79533	133.8441	0.05	0.4801467	0.197473	0.060787	0.0788952	0.0352754	0.0093542	0.0297697	0.238758	0.805267	2.92621	1	0.3817847
653000	64.47345	-66.70989	131.1833	0.05	0.3143089	0.136401	0.11778	0.021896	0.168051	0.110549	0.0065276	0.115662	0.619068	3.25874	1	0.5546776
654000	67.52083	-65.24065	132.7615	0.05	0.1862587	0.07424	0.0300277	0.0505302	0.113724	0.106223	0.000319144	0.0262432	0.346855	3.62658	1	0.3747454
655000	65.36222	-66.95192	132.3141	0.05	0.351773	0.0675975	0.0140637	0.0341764	0.236159	0.0505619	0.0104153	0.144933	0.673339	3.17131	1	0.4025588
656000	66.89904	-66.22971	133.1288	0.05	0.0900433	0.173742	0.0021734	0.0469176	0.096934	0.0229302	1.13859e-07	0.000501795	0.0682824	3.93122	1	0.3426971
657000	62.53948	-68.69551	131.235	0.05	0.7824855	0.19416	0.168863	0.0361258	0.0650296	0.0520063	0.0918267	0.399986	0.951981	2.55621	1	0.5161852
658000	60.70952	-67.85482	128.5643	0.05	1.696445	0.150818	0.0754087	0.187162	0.153429	0.108072	0.254137	0.618293	1.06014	2.06743	1	0.6748897
659000	60.15814	-70.5506	130.7087	0.05	0.9120837	0.0284	0.179457	0.0196784	0.147436	0.120786	0.119096	0.448632	0.983755	2.44852	1	0.4957573
660000	63.0843	-66.85605	129.9404	0.05	0.2133325	0.0739462	0.244245	0.0328263	0.228109	0.055989	0.000817766	0.0418036	0.417551	3.53983	1	0.6351159
661000	66.54587	-65.44545	131.9913	0.05	0.02427025	0.208518	0.000697888	0.0547942	0.0915587	0.128683	8.72916e-26	4.41827e-13	1.19338e-05	3.99999	1	0.4842518
662000	66.17041	-65.77268	131.9431	0.05	0.1925483	0.371189	0.0162647	0.0172621	0.0833465	0.0177421	0.000406626	0.0295902	0.363931	3.60607	1	0.5058042
663000	65.44328	-66.00179	131.4451	0.05	0.1317048	0.198012	0.0380022	0.0355704	0.207868	0.0610532	1.47427e-05	0.0056856	0.186239	3.80806	1	0.5405062
664000	65.73258	-67.93362	133.6662	0.05	0.06075661	0.122626	0.0175596	0.0026599	0.152899	0.0627676	6.84562e-11	1.23347e-05	0.0146641	3.98532	1	0.3585119
665000	66.70795	-64.25944	130.9674	0.05	0.4858266	0.241575	0.0598423	0.013951	0.14695	0.0822339	0.0307918	0.242562	0.809675	2.91697	1	0.5445527
666000	69.24729	-64.02735	133.2746	0.05	0.03414003	0.141605	0.0359825	0.0162174	0.120453	0.0378576	1.29336e-18	1.69925e-09	0.000366678	3.99963	1	0.3521158
667000	64.18338	-65.47626	129.6596	0.05	0.02008304	0.104557	0.0167101	0.108041	0.356099	0.111068	5.87848e-31	1.14698e-15	1.0088e-06	4	1	0.6964751
668000	66.55262	-65.67199	132.2246	0.05	0.03140878	0.0572684	0.121297	0.0338415	0.13584	0.0959862	3.78803e-20	2.90875e-10	0.000176296	3.99982	1	0.444233
669000	62.94128	-66.21337	129.1546	0.05	0.1867874	0.282456	0.0862564	0.103639	0.27152	0.00861626	0.000325915	0.0265178	0.348305	3.62485	1	0.7524879
670000	62.86976	-65.53137	128.4011	0.05	0.07788411	0.43346	0.0653296	0.0704803	0.178378	0.0476839	1.03124e-08	0.000151175	0.0415025	3.95835	1	0.7953319
671000	68.07277	-63.94344	132.0162	0.05	0.03303633	0.214046	0.0444631	0.0974399	0.0971887	0.0217925	3.33148e-19	8.62497e-10	0.000276757	3.99972	1	0.4749305
672000	66.20288	-64.3551	130.558	0.05	0.002089334	0.130893	0.0422331	0.0396102	0.200891	0.19924	3.89311e-289	9.34882e-145	2.67863e-60	4	1	0.6128674
673000	64.41691	-66.53074	130.9477	0.05	0.3534663	0.207284	0.0489967	0.110521	0.128023	0.0585284	0.0106128	0.146248	0.675585	3.16755	1	0.5533538
674000	65.72444	-67.72143	133.4459	0.05	2.725088	0.192141	0.0194645	0.00425933	0.00776453	0.0268467	0.366809	0.715074	1.08078	1.83734	1	0.2504761
675000	64.15693	-65.99994	130.1569	0.05	0.9768429	0.185723	0.0695792	0.0164793	0.102156	0.213293	0.132311	0.469679	0.996054	2.40196	1	0.5872302
676000	66.04383	-65.47881	131.5226	0.05	1.816587	0.288118	0.0132134	0.0270472	0.0883243	0.0473671	0.270352	0.633976	1.06464	2.03103	1	0.4640701
677000	65.8351	-66.5376	132.3727	0.05	0.1521112	0.0345352	0.0546514	0.0685603	0.194433	0.0831286	6.0324e-05	0.0114705	0.248185	3.74028	1	0.4353088
678000	67.4636	-65.98073	133.4443	0.05	0.2631462	0.190056	0.0366102	0.0715342	0.0481358	0.0135443	0.00278188	0.0763347	0.528401	3.39248	1	0.3598804
679000	62.39083	-65.77108	128.1619	0.05	0.01489324	0.143475	0.0710038	0.27169	0.0771525	0.290947	2.10434e-41	6.86559e-21	6.86028e-09	4	1	0.8542679
680000	63.49701	-68.56737	132.0644	0.05	0.05152719	0.0698599	0.140963	0.160121	0.0227453	0.0745958	1.15117e-12	1.60077e-06	0.00628375	3.99371	1	0.468285
681000	63.28944	-68.91137	132.2008	0.05	0.06307503	0.0500347	0.111748	0.00524576	0.0520882	0.221897	1.583e-10	1.87533e-05	0.0174495	3.98253	1	0.4410139
682000	63.06822	-65.66603	128.7342	0.05	3.002591	0.344691	0.034737	0.0663777	0.0093848	0.124718	0.389462	0.731671	1.08253	1.79634	1	0.5799086
683000	66.18732	-63.82421	130.0115	0.05	0.05307267	0.411126	0.0510471	0.0907273	0.05816	0.0632138	2.51928e-12	2.36777e-06	0.00739211	3.99261	1	0.6742745
684000	66.10352	-64.31656	130.4201	0.05	0.02900998	0.119068	0.122782	0.0278628	0.321409	0.0200471	9.8531e-22	4.69219e-11	8.2698e-05	3.99992	1	0.6111687
685000	66.25934	-64.88275	131.1421	0.05	0.0285014	0.223321	0.137532	0.0247681	0.151661	0.00969236	4.20031e-22	3.06371e-11	6.92917e-05	3.99993	1	0.5469737
686000	64.1699	-65.45817	129.6281	0.05	2.763968	0.344714	0.0625004	0.0113019	0.0446333	0.0643355	0.370136	0.717561	1.08107	1.83123	1	0.5274853
687000	64.53103	-67.91247	132.4435	0.05	0.02627481	0.0199889	0.038649	0.0198203	0.189225	0.194385	6.81328e-24	3.90273e-12	2.94692e-05	3.99997	1	0.4620686
688000	66.23855	-65.45991	131.6985	0.05	0.1212495	0.193741	0.0549529	0.0175969	0.0477111	0.202851	5.95795e-06	0.00361875	0.154649	3.84173	1	0.5168528
689000	66.77147	-64.61188	131.3833	0.05	0.004775017	0.083613	0.0438269	0.110444	0.15	0.156015	4.60814e-127	1.01688e-63	1.15075e-26	4	1	0.5438993
690000	65.08437	-68.15794	133.2423	0.05	0.1597858	0.155247	0.0226349	0.0225645	0.0385919	0.153151	9.33475e-05	0.0142531	0.271105	3.71455	1	0.3921891
691000	58.77113	-65.35166	124.1228	0.05	0.119527	0.339945	0.119015	0.339242	0.32263	0.127497	5.05424e-06	0.00333365	0.149505	3.84716	1	1.248328
692000	65.29559	-65.54467	130.8403	0.05	0.1596248	0.147594	0.106006	0.112535	0.162853	0.0619753	9.25363e-05	0.0141914	0.270628	3.71509	1	0.5909631
693000	63.33412	-67.52343	130.8575	0.05	0.2054529	0.0762282	0.0689224	0.249066	0.083078	0.113236	0.000638025	0.0369793	0.397739	3.56464	1	0.5905308
694000	62.94617	-67.16351	130.1097	0.05	0.4314415	0.122412	0.168892	0.0506375	0.224778	0.063344	0.0214993	0.204828	0.763179	3.01049	1	0.6300627
695000	55.81041	-68.52709	124.3375	0.05	0.7790376	0.0887064	0.187126	0.159179	0.172495	0.60744	0.091091	0.398555	0.950973	2.55938	1	1.214947
696000	66.70583	-64.55994	131.2658	0.05	0.08064682	0.179414	0.110068	0.0125485	0.210716	0.0426301	1.8966e-08	0.000204968	0.0470928	3.9527	1	0.5553773
697000	58.68728	-66.43171	125.119	0.05	0.312231	0.392667	0.238425	0.0999253	0.314678	0.113624	0.0063398	0.114037	0.615783	3.26384	1	1.159319
698000	67.47521	-66.94679	134.422	0.05	0.3660586	0.123609	0.0137899	0.00966865	0.0426917	0.0230252	0.0121377	0.155986	0.691776	3.1401	1	0.2127849
699000	65.57055	-66.80353	132.3741	0.05	0.09628208	0.113257	0.112706	0.0212424	0.127873	0.0349335	3.08452e-07	0.000825451	0.0839342	3.91524	1	0.4100122
700000	66.03145	-64.47624	130.5077	0.05	0.6590431	0.204712	0.0145127	0.0211413	0.205568	0.138918	0.0654707	0.343547	0.908691	2.68229	1	0.5848519
701000	67.7629	-65.96454	133.7274	0.05	0.2160774	0.0852449	0.0190628	0.0469984	0.0690202	0.0772217	0.000887824	0.0435348	0.424303	3.53127	1	0.297548
702000	57.84077	-67.78239	125.6232	0.05	0.3868219	0.0873328	0.392933	0.160214	0.269731	0.160323	0.0148601	0.171845	0.716617	3.09668	1	1.070534
703000	65.18652	-66.03066	131.2172	0.05	0.01245128	0.187987	0.194299	0.00225403	0.0487095	0.117877	2.48377e-49	7.4605e-25	1.55339e-10	4	1	0.551126
704000	58.90114	-70.41985	129.321	0.05	0.9672129	0.0730353	0.146285	0.166094	0.148166	0.115228	0.130366	0.46667	0.994348	2.40862	1	0.648809
705000	56.69417	-69.3384	126.0326	0.05	3.977226	0.0543495	0.118497	0.211849	0.26903	0.0392698	0.453107	0.774418	1.0844	1.68807	1	0.6929951
706000	61.55062	-68.34311	129.8937	0.05	0.2721422	0.236639	0.155409	0.0123823	0.228964	0.0335215	0.00330804	0.0830837	0.545915	3.36769	1	0.6669159
707000	65.54442	-67.13904	132.6835	0.05	0.5872441	0.0725426	0.0388702	0.0156606	0.120983	0.0999296	0.0504882	0.305107	0.874669	2.76974	1	0.3479858
708000	66.19935	-65.75109	131.9504	0.05	0.1636802	0.12209	0.0175158	0.057697	0.111242	0.15691	0.000114684	0.0157891	0.282597	3.7015	1	0.4654551
709000	66.3521	-67.76672	134.1188	0.05	0.1203838	0.0833374	0.0484204	0.0768374	0.0244331	0.0711041	5.48845e-06	0.00347357	0.152061	3.84446	1	0.3041324
710000	64.35257	-64.18661	128.5392	0.05	0.008680385	0.275119	0.0686886	0.0396939	0.411399	0.0376619	2.45459e-70	2.3461e-35	6.80062e-15	4	1	0.8325622
711000	64.78295	-65.93677	130.7197	0.05	0.0243408	0.0615625	0.0863422	0.172107	0.142888	0.135945	1.03007e-25	4.79951e-13	1.23508e-05	3.99999	1	0.598844
712000	61.24305	-71.42723	132.6703	0.05	0.3464462	0.0480427	0.109388	0.017009	0.123706	0.0753903	0.00980602	0.14079	0.666164	3.18324	1	0.3735363
713000	66.94656	-64.79036	131.7369	0.05	0.1459664	0.314516	0.0235569	0.064425	0.0931221	0.026445	4.11405e-05	0.00948062	0.229628	3.76085	1	0.5220649
714000	61.21361	-65.87447	127.0881	0.05	1.810804	0.18337	0.0478266	0.049697	0.381299	0.138241	0.269594	0.633259	1.06444	2.0327	1	0.8004333
715000	63.08263	-64.51892	127.6015	0.05	0.01619413	0.119776	0.0276966	0.130576	0.513298	0.127533	3.71886e-38	2.88586e-19	3.23697e-08	4	1	0.9188793
716000	65.76579	-64.11314	129.8789	0.05	0.05219696	0.285242	0.026366	0.228786	0.142487	0.0027429	1.62562e-12	1.90214e-06	0.00675004	3.99325	1	0.6856237
717000	59.52628	-67.70922	127.2355	0.05	0.3975346	0.108149	0.0586241	0.195455	0.508625	0.017941	0.0163603	0.179912	0.728599	3.07513	1	0.8887938
718000	63.49078	-66.11766	129.6084	0.05	0.05959723	0.0729827	0.271531	0.122086	0.200369	0.034545	4.39262e-11	9.88158e-06	0.0133747	3.98662	1	0.7015138
719000	64.78525	-64.77542	129.5607	0.05	0.1534033	0.243995	0.0384553	0.16973	0.144702	0.109564	6.51246e-05	0.011916	0.252066	3.73595	1	0.7064465
720000	66.13322	-65.86171	131.9949	0.05	0.04906939	0.168021	0.0299198	0.0638555	0.158119	0.0679965	2.99276e-13	8.16364e-07	0.00475193	3.99525	1	0.4879119
721000	63.84747	-69.85046	133.6979	0.05	1.934554	0.0643356	0.0193864	0.0403762	0.0606243	0.00679795	0.285335	0.647869	1.06826	1.99853	1	0.1915204
722000	66.45344	-66.1226	132.576	0.05	0.3057684	0.12841	0.0409593	0.0410767	0.0787984	0.0787665	0.00577489	0.108989	0.605364	3.27987	1	0.3680109
723000	65.7007	-65.10034	130.801	0.05	0.02004383	0.0827167	0.0519799	0.115137	0.0989069	0.219955	5.13596e-31	1.0721e-15	9.80925e-07	4	1	0.5686951
724000	63.53296	-65.54953	129.0825	0.05	0.3540038	0.289545	0.0743552	0.121009	0.16467	0.0638815	0.0106759	0.146665	0.676295	3.16636	1	0.7134617
725000	64.30897	-66.84412	131.1531	0.05	1.794157	0.33945	0.0229002	0.028403	0.0760251	0.00382178	0.267401	0.631173	1.06387	2.03756	1	0.4705998
726000	64.70356	-66.50229	131.2059	0.05	0.05448698	0.0666343	0.134664	0.131	0.149888	0.0505409	4.96168e-12	3.3225e-06	0.00850793	3.99149	1	0.5327285
727000	66.38566	-64.07629	130.4619	0.05	0.2087464	0.30148	0.0696119	0.0124254	0.11776	0.119248	0.000709389	0.0389687	0.406097	3.55422	1	0.6205259
728000	66.71879	-64.36431	131.0831	0.05	0.08016356	0.163456	0.00417161	0.139792	0.198176	0.0537206	1.71004e-08	0.000194634	0.0460923	3.95371	1	0.5593162
729000	65.11536	-65.37109	130.4864	0.05	0.05948312	0.0278092	0.0456013	0.19628	0.162916	0.179948	4.201e-11	9.66374e-06	0.0132515	3.98674	1	0.6125554
730000	65.75739	-63.99342	129.7508	0.05	0.368513	0.225119	0.0469926	0.0409753	0.210761	0.138302	0.0124463	0.157874	0.694829	3.13485	1	0.6621495
731000	61.26512	-66.12105	127.3862	0.05	0.8891001	0.53667	0.00337504	0.0452504	0.253732	0.0566305	0.11433	0.440678	0.978885	2.46611	1	0.8956574
732000	64.05535	-66.65057	130.7059	0.05	0.09445329	0.0633612	0.125745	0.086143	0.145109	0.189415	2.33477e-07	0.000718277	0.0792323	3.92005	1	0.6097732
733000	67.64182	-65.09865	132.7405	0.05	0.06226274	0.171579	0.0262236	0.0754527	0.11746	0.00805856	1.18853e-10	1.62508e-05	0.0164423	3.98354	1	0.3987743
734000	64.15166	-66.88204	131.0337	0.05	2.300488	0.0992241	0.0336054	0.0054102	0.110246	0.13824	0.326686	0.683584	1.07597	1.91376	1	0.386725
735000	66.21555	-64.41924	130.6348	0.05	2.753666	0.202522	0.03649	0.0204913	0.0895274	0.0620302	0.369259	0.716908	1.081	1.83284	1	0.4110605
736000	70.00018	-64.84877	134.849	0.05	0.03208492	0.128503	0.0186808	0.00023522	0.0289515	0.0412074	9.60089e-20	4.63052e-10	0.000213807	3.99979	1	0.2175783
737000	67.28483	-64.38226	131.6671	0.05	0.2272847	0.163422	0.00402187	0.0935844	0.167322	0.0636158	0.0012165	0.0508492	0.451075	3.49686	1	0.4919656
738000	61.98257	-70.6052	132.5878	0.05	1.865688	0.193882	0.00900123	0.056453	0.0628595	0.077492	0.276697	0.639926	1.06623	2.01714	1	0.3996877
739000	61.49244	-66.14367	127.6361	0.05	1.092838	0.172033	0.0318549	0.0501487	0.23075	0.321399	0.155096	0.502982	1.01383	2.32809	1	0.8061858
740000	66.35102	-64.73113	131.0822	0.05	0.1587546	0.402869	0.0258613	0.079966	0.0514441	0.03087	8.82455e-05	0.0138602	0.268045	3.71801	1	0.5910103
741000	59.04644	-64.79558	123.842	0.05	0.4564079	0.416867	0.0710244	0.119292	0.25083	0.394336	0.0256215	0.222508	0.785762	2.96611	1	1.252349
742000	65.67689	-69.26047	134.9374	0.05	0.2608101	0.0322262	0.0117553	0.00139115	0.0964151	0.0461017	0.00265431	0.0746003	0.523735	3.39901	1	0.1878895
743000	58.45556	-65.63898	124.0945	0.05	1.043587	0.448873	0.0955497	0.0199706	0.516936	0.0770297	0.145568	0.489472	1.00686	2.3581	1	1.15836
744000	64.72748	-66.92045	131.6479	0.05	0.1399859	0.0941437	0.0512535	0.169986	0.150942	0.0616046	2.7444e-05	0.00774937	0.211454	3.78077	1	0.52793
745000	59.23888	-64.68195	123.9208	0.05	0.04936986	0.414043	0.300242	0.176021	0.154456	0.22751	3.55405e-13	8.89608e-07	0.0049244	3.99507	1	1.272272
746000	65.19497	-66.27589	131.4709	0.05	0.2804856	0.222417	0.083219	0.0487001	0.10113	0.0617176	0.00384615	0.0894284	0.561528	3.3452	1	0.5171839
747000	65.28314	-68.95191	134.2351	0.05	0.04197486	0.0633351	0.0404808	0.0418972	0.0677685	0.0177549	2.52819e-15	7.5078e-08	0.00176553	3.99823	1	0.2312366
748000	60.04771	-69.7825	129.8302	0.05	0.4311464	0.359991	0.00363423	0.0580837	0.111824	0.111297	0.0214522	0.204615	0.762899	3.01103	1	0.6448305
749000	63.39321	-67.34023	130.7334	0.05	0.1101436	0.104935	0.146372	0.122982	0.162491	0.0597575	1.88443e-06	0.00203755	0.122007	3.87595	1	0.596538
750000	66.91129	-66.35934	133.2706	0.05	0.02878172	0.207337	0.0108312	0.0942423	0.021896	0.0168001	6.74521e-22	3.88235e-11	7.6446e-05	3.99992	1	0.3511064
751000	64.58266	-66.7401	131.3228	0.05	0.2045063	0.0126674	0.0864639	0.062363	0.290046	0.0540904	0.000618485	0.036415	0.395316	3.56765	1	0.5056307
752000	65.66824	-66.41259	132.0808	0.05	0.1158962	0.062139	0.0960707	0.118175	0.185088	0.0089509	3.51643e-06	0.00278171	0.138749	3.85847	1	0.4704241
753000	65.36686	-66.52042	131.8873	0.05	0.06888192	0.158387	0.136719	0.0403534	0.0180758	0.157537	1.00865e-09	4.73148e-05	0.0256233	3.97433	1	0.5110732
754000	69.45523	-64.74322	134.1985	0.05	0.03449624	0.112318	0.0126903	0.0778397	0.0586391	0.0212941	1.96696e-18	2.09547e-09	0.000399991	3.9996	1	0.2827807
755000	62.52147	-66.84137	129.3628	0.05	0.03283487	0.0427026	0.0709445	0.0170739	0.584462	0.043209	2.57535e-19	7.58341e-10	0.000262367	3.99974	1	0.7583925
756000	59.72672	-66.74722	126.4739	0.05	0.8785538	0.574696	0.181122	0.00189627	0.19195	0.0737481	0.112132	0.436938	0.976552	2.47438	1	1.023414
757000	67.09963	-63.50817	130.6078	0.05	0.006831048	0.214755	0.0391769	0.00659522	0.276007	0.0888431	4.10183e-89	9.59214e-45	8.63139e-19	4	1	0.6253769
758000	63.03684	-66.72054	129.7574	0.05	0.321021	0.349633	0.158123	0.0312118	0.0589507	0.0875575	0.00715462	0.120916	0.629473	3.24246	1	0.6854761
759000	61.18879	-68.39714	129.5859	0.05	0.6581333	0.014703	0.112139	0.0341379	0.278291	0.20763	0.065278	0.343088	0.908308	2.68333	1	0.6469005
760000	63.75485	-66.73017	130.485	0.05	0.08889501	0.226288	0.205081	0.056793	0.0266471	0.103303	9.33424e-08	0.000454386	0.0655285	3.93402	1	0.6181127
761000	63.87593	-67.99154	131.8675	0.05	0.07147411	0.125206	0.00235806	0.206391	0.0761701	0.0677818	2.09194e-09	6.81252e-05	0.0298098	3.97012	1	0.4779073
762000	66.93968	-65.20144	132.1411	0.05	0.06676206	0.052785	0.0169396	0.0997227	0.219174	0.0594843	5.32549e-10	3.43862e-05	0.0224434	3.97752	1	0.4481056
763000	58.81248	-65.84776	124.6602	0.05	0.9827542	0.253636	0.228532	0.209982	0.286929	0.127447	0.1335	0.471506	0.997083	2.39791	1	1.106526
764000	61.40883	-67.0851	128.4939	0.05	0.8905948	0.299803	0.00966076	0.224086	0.105401	0.127654	0.114641	0.441204	0.97921	2.46494	1	0.7666056
765000	64.39084	-66.98416	131.375	0.05	0.1328499	0.118487	0.0981911	0.188311	0.0422405	0.0646397	1.61399e-05	0.00594811	0.189722	3.80431	1	0.5118686
766000	64.09047	-64.77317	128.8636	0.05	0.07091001	0.249233	0.0419591	0.278761	0.0672138	0.14962	1.79299e-09	6.3073e-05	0.0288713	3.97107	1	0.7867874
767000	60.14056	-68.25244	128.393	0.05	0.7679857	0.201723	0.0639277	0.300398	0.165176	0.0227282	0.0887306	0.393918	0.947673	2.56968	1	0.7539528
768000	66.73825	-64.78279	131.521	0.05	0.09567938	0.145065	0.0863327	0.0306499	0.247121	0.00323737	2.81734e-07	0.000788935	0.0823748	3.91684	1	0.5124064
769000	59.62824	-65.03606	124.6643	0.05	0.7570386	0.358922	0.011489	0.275163	0.304578	0.193613	0.0863902	0.389245	0.944301	2.58006	1	1.143765
770000	65.21847	-65.92348	131.1419	0.05	0.3284887	0.245204	0.00769676	0.145021	0.138562	0.0035134	0.00788845	0.126762	0.640685	3.22466	1	0.5399965
771000	61.23929	-66.84007	128.0794	0.05	0.4557621	0.234663	0.00640768	0.149856	0.231063	0.192218	0.0255117	0.222058	0.785205	2.96722	1	0.8142071
772000	61.02874	-65.78569	126.8144	0.05	0.188168	0.01816	0.0719245	0.102691	0.378439	0.415553	0.000344088	0.0272406	0.352079	3.62034	1	0.9867683
773000	67.03984	-65.80096	132.8408	0.05	0.005650993	0.106585	0.0531009	0.0311502	0.158134	0.0588736	1.61552e-107	6.02043e-54	1.3087e-22	4	1	0.4078437
774000	59.53484	-67.88542	127.4203	0.05	3.658403	0.485051	0.0291078	0.0377593	0.0852668	0.0586365	0.434552	0.762501	1.08428	1.71867	1	0.6958216
775000	62.27834	-65.54813	127.8265	0.05	0.2209332	0.196665	0.0761968	0.061537	0.107903	0.434624	0.00102165	0.046657	0.436059	3.51626	1	0.8769255
776000	60.77626	-67.84438	128.6206	0.05	0.2147109	0.0832107	0.174416	0.0686901	0.290072	0.18194	0.000852453	0.0426698	0.420951	3.53553	1	0.7983294
777000	65.87598	-67.16011	133.0361	0.05	0.5502001	0.305371	0.0128045	0.0279832	0.0204004	0.0344308	0.043028	0.28343	0.853618	2.81992	1	0.4009897
778000	58.58686	-68.03475	126.6216	0.05	2.279126	0.228539	0.107601	0.100739	0.253018	0.100201	0.324463	0.681753	1.07563	1.91816	1	0.7900975
779000	64.60645	-66.12336	130.7298	0.05	0.2804045	0.271465	0.0510136	0.167709	0.0681536	0.0422023	0.00384068	0.0893663	0.561379	3.34541	1	0.6005432
780000	65.93154	-64.86585	130.7974	0.05	0.1831609	0.163558	0.0795926	0.0836802	0.165509	0.0852317	0.000281517	0.0246606	0.338305	3.63675	1	0.5775722
781000	65.49104	-66.1446	131.6356	0.05	0.08320053	0.358831	0.0152062	0.0520988	0.0601423	0.0308318	3.21318e-08	0.000266728	0.0525328	3.9472	1	0.5171106
782000	60.21338	-67.71887	127.9322	0.05	2.065844	0.2408	0.0497319	0.196271	0.1769	0.0316722	0.30101	0.661838	1.07155	1.9656	1	0.6953751
783000	65.57893	-65.28799	130.8669	0.05	0.01463401	0.134746	0.120943	0.0915987	0.222949	0.036358	4.04626e-42	3.01062e-21	4.87261e-09	4	1	0.6065947
784000	65.94851	-64.37123	130.3197	0.05	0.6407211	0.262455	0.00161851	0.020749	0.182404	0.140759	0.0616008	0.334165	0.900752	2.70348	1	0.6079851
785000	66.35175	-67.43508	133.7868	0.05	0.07225024	0.0646122	0.035607	0.0193465	0.111465	0.0576799	2.57621e-09	7.55954e-05	0.0311257	3.9688	1	0.2887105
786000	63.05671	-65.62716	128.6839	0.05	0.05369852	0.0900492	0.123809	0.00958608	0.434411	0.153722	3.41541e-12	2.75677e-06	0.00787377	3.99212	1	0.8115772
787000	61.38089	-64.78504	126.1659	0.05	0.01715016	0.209033	0.203056	0.199505	0.298494	0.161698	4.3933e-36	3.13639e-18	8.71242e-08	4	1	1.071786
788000	62.94348	-65.71489	128.6584	0.05	0.185073	0.0525482	0.106853	0.144266	0.285956	0.201543	0.000304334	0.0256322	0.343593	3.63047	1	0.7911658
789000	63.89822	-66.27978	130.178	0.05	0.001067754	0.283412	0.166556	0.130239	0.00584879	0.0724301	0	1.32465e-282	1.64284e-117	4	1	0.658485
790000	63.09104	-66.58551	129.6765	0.05	0.03534184	0.152004	0.19039	0.106081	0.118213	0.167115	5.14415e-18	3.38852e-09	0.000488258	3.99951	1	0.7338038
791000	63.26329	-64.67213	127.9354	0.05	2.33242	0.258973	0.00890449	0.0356437	0.207352	0.162293	0.32997	0.68627	1.07645	1.90731	1	0.6731671
792000	61.65609	-65.45773	127.1138	0.05	0.2695331	0.521653	0.0723707	0.076746	0.222596	0.051543	0.0031497	0.0811156	0.540909	3.37483	1	0.9449082
793000	61.45256	-65.41238	126.8649	0.05	2.528345	0.499003	0.0467891	0.156965	0.0954163	0.00812739	0.349128	0.701545	1.07894	1.87039	1	0.8063007
794000	64.33299	-70.38136	134.7143	0.05	0.342585	0.0899134	0.0639433	0.0378603	0.0580179	0.00339314	0.00937578	0.13778	0.660856	3.19199	1	0.2531279
795000	60.87889	-65.03975	125.9186	0.05	0.597563	0.22589	0.0499212	0.245314	0.357576	0.131006	0.0526058	0.310915	0.880071	2.75641	1	1.009708
796000	65.24636	-67.38064	132.627	0.05	0.05188575	0.226958	0.00309446	0.176863	0.0214832	0.0323257	1.38631e-12	1.75661e-06	0.00653072	3.99347	1	0.4607241
797000	65.4638	-66.409	131.8728	0.05	0.0556083	0.0119803	0.145517	0.117577	0.0348232	0.192484	8.28626e-12	4.29327e-06	0.00946289	3.99053	1	0.502381
798000	64.54511	-64.89189	129.437	0.05	0.02200218	0.210407	0.213456	0.117959	0.024591	0.178251	2.421e-28	2.32728e-14	3.51799e-06	4	1	0.744664
799000	66.93784	-65.08608	132.0239	0.05	0.151102	0.127967	0.108339	0.0175365	0.180869	0.0467464	5.67701e-05	0.011129	0.245148	3.74367	1	0.4814583
800000	64.60043	-65.44605	130.0465	0.05	0.5744514	0.151676	0.0763915	0.035161	0.16463	0.21123	0.0478851	0.297769	0.867703	2.78664	1	0.6390883
801000	67.97393	-65.35296	133.3269	0.05	0.04731404	0.103365	0.0385789	0.0693786	0.0789431	0.074479	1.04954e-13	4.83517e-07	0.00382373	3.99618	1	0.3647441
802000	61.8797	-66.79087	128.6706	0.05	0.1517777	0.0471708	0.0398828	0.0954643	0.566717	0.0606788	5.91308e-05	0.011357	0.247182	3.7414	1	0.8099138
803000	64.18642	-65.37477	129.5612	0.05	0.04724821	0.129106	0.156678	0.125197	0.24973	0.0693766	1.00757e-13	4.73753e-07	0.00379149	3.99621	1	0.7300871
804000	59.46538	-68.41614	127.8815	0.05	1.104114	0.155028	0.11264	0.12557	0.388414	0.0258358	0.157247	0.505955	1.01532	2.32148	1	0.8074879
805000	67.29376	-64.52308	131.8168	0.05	0.00422318	0.166253	0.0181497	0.0811981	0.129848	0.093184	1.54234e-143	5.88325e-72	4.38605e-30	4	1	0.4886332
806000	56.33869	-64.98708	121.3258	0.05	1.314007	0.491936	0.0881549	0.334143	0.440274	0.05974	0.195109	0.554355	1.03734	2.2132	1	1.414248
807000	68.56524	-63.59024	132.1555	0.05	0.004517887	0.140858	0.0133905	0.0142697	0.19855	0.0953874	3.07305e-134	2.62603e-67	3.73124e-28	4	1	0.4624552
808000	64.95971	-66.39393	131.3536	0.05	0.9808169	0.318471	0.0467294	0.0400505	0.0403537	0.0646021	0.133111	0.470909	0.996747	2.39923	1	0.5102069
809000	65.18061	-65.1336	130.3142	0.05	0.08091687	0.151152	0.00524911	0.0512301	0.402933	0.0303141	2.0085e-08	0.000210922	0.0476559	3.95213	1	0.6408777
810000	65.92677	-63.6073	129.5341	0.05	0.08170227	0.386391	0.0105926	0.12359	0.0657896	0.130111	2.36778e-08	0.000228996	0.0493103	3.95046	1	0.7164743
811000	63.12472	-64.57379	127.6985	0.05	0.006265234	0.192587	0.125052	0.253193	0.110015	0.217365	4.5026e-97	1.00503e-48	1.92472e-20	4	1	0.898211
812000	56.21568	-67.87087	124.0865	0.05	3.481536	0.221434	0.122674	0.142969	0.273427	0.134769	0.423394	0.755127	1.08404	1.73743	1	0.8952723
813000	65.43803	-66.66249	132.1005	0.05	0.804688	0.0822769	0.00470684	0.0714256	0.143233	0.0914651	0.0965559	0.409015	0.958245	2.53618	1	0.3931076
814000	62.09137	-67.3548	129.4462	0.05	0.3784045	0.304821	0.128698	0.00494122	0.116021	0.149052	0.0137262	0.165449	0.706813	3.11401	1	0.7035332
815000	64.16597	-65.2564	129.4224	0.05	0.01450602	0.381843	0.066811	0.00613693	0.102263	0.158701	1.75408e-42	1.98226e-21	4.09675e-09	4	1	0.715755
816000	62.97968	-64.46392	127.4436	0.05	0.007229775	0.437094	0.151267	0.17423	0.10051	0.059816	2.97648e-84	2.58382e-42	8.80538e-18	4	1	0.9229175
817000	65.43705	-64.36074	129.7978	0.05	0.08842945	0.348142	0.0159761	0.137871	0.0774193	0.0942481	8.59914e-08	0.000436145	0.064424	3.93514	1	0.6736558
818000	63.39855	-67.02165	130.4202	0.05	0.1905637	0.0605257	0.101766	0.0213738	0.381217	0.0311335	0.000377355	0.0285152	0.358584	3.61252	1	0.5960159
819000	61.37451	-67.12073	128.4952	0.05	0.3261203	0.0989397	0.200788	0.0589629	0.420895	0.00297373	0.00765161	0.124908	0.63717	3.23027	1	0.7825591
820000	67.73178	-63.39126	131.123	0.05	0.02684375	0.241325	0.0152825	0.0452708	0.213673	0.0484135	2.08435e-23	6.82582e-12	3.71628e-05	3.99996	1	0.5639655
821000	64.47563	-64.71281	129.1884	0.05	0.1105899	0.237266	0.0704719	0.105355	0.307295	0.0231587	1.98248e-06	0.00208979	0.123291	3.87462	1	0.7435466
822000	65.49816	-65.83547	131.3336	0.05	0.5233703	0.191475	0.0832955	0.0669102	0.0861565	0.0834267	0.0377968	0.266899	0.836556	2.85875	1	0.5112644
823000	66.07183	-64.37448	130.4463	0.05	0.1112016	0.316527	0.0430519	0.0354131	0.102223	0.115569	2.12379e-06	0.00216286	0.125054	3.87278	1	0.6127845
824000	67.00663	-65.52678	132.5334	0.05	0.4437038	0.150964	0.0460092	0.0428118	0.105657	0.0777163	0.023491	0.213586	0.774552	2.98837	1	0.4231589
825000	63.72948	-66.30974	130.0392	0.05	0.1565507	0.231448	0.171075	0.0241531	0.208306	0.000519478	7.80631e-05	0.0130402	0.261484	3.7254	1	0.6355011
826000	64.82426	-64.53674	129.361	0.05	0.01858969	0.363634	0.0425923	0.122433	0.0990528	0.116859	2.29688e-33	7.17049e-17	3.19272e-07	4	1	0.7445709
827000	64.49193	-66.2312	130.7231	0.05	0.3804889	0.139071	0.00412596	0.0881694	0.297784	0.0400467	0.0140032	0.167037	0.709274	3.10969	1	0.569197
828000	66.42022	-63.69366	130.1139	0.05	0.1177054	0.244017	0.00567838	0.0241943	0.191221	0.173647	4.225e-06	0.00304853	0.144093	3.85285	1	0.6387576
829000	65.8502	-66.7429	132.5931	0.05	0.02083927	0.00828642	0.13669	0.012627	0.158081	0.0923687	7.19592e-30	4.01271e-15	1.69629e-06	4	1	0.408053
830000	62.73463	-65.41094	128.1456	0.05	0.1061199	0.200873	0.308363	0.0784259	0.223495	0.0423356	1.17003e-06	0.00160617	0.110576	3.88782	1	0.8534926
831000	63.12679	-65.33629	128.4631	0.05	0.3102606	0.316789	0.0241334	0.0948108	0.177352	0.201734	0.00616448	0.112497	0.612639	3.2687	1	0.8148189
832000	67.27442	-66.04889	133.3233	0.05	0.2267714	0.246582	0.014815	0.0398073	0.0420667	0.0411981	0.00119989	0.050506	0.449877	3.49842	1	0.3844689
833000	64.7135	-65.4348	130.1483	0.05	0.1122887	0.289699	0.0508998	0.123109	0.105647	0.0695382	2.39582e-06	0.00229695	0.128201	3.8695	1	0.6388931
834000	59.31553	-68.96778	128.2833	0.05	0.001277792	0.253922	0.0415596	0.312836	0.1377	0.100503	0	2.91192e-236	2.81377e-98	4	1	0.8465203
835000	57.97055	-66.15278	124.1233	0.05	2.61445	0.330161	0.152542	0.19915	0.250265	0.0632374	0.357046	0.707668	1.07982	1.85547	1	0.9953552
836000	66.44126	-66.30244	132.7437	0.05	0.02332726	0.0746742	0.0929412	0.0531455	0.187809	0.00227593	8.67458e-27	1.39292e-13	7.39184e-06	3.99999	1	0.4108459
837000	63.41267	-65.22204	128.6347	0.05	0.6513434	0.258607	0.0668018	0.0481815	0.185498	0.192333	0.0638415	0.339639	0.905411	2.69111	1	0.751421
838000	64.8445	-64.53227	129.3768	0.05	0.3776388	0.406009	0.0285909	0.03892	0.187879	0.0610726	0.013625	0.164865	0.705903	3.11561	1	0.7224708
839000	62.1154	-64.23309	126.3485	0.05	0.0958238	0.758952	0.0329245	0.0664696	0.00230629	0.188771	2.87948e-07	0.000797577	0.0827476	3.91645	1	1.049424
840000	64.6999	-65.18488	129.8848	0.05	0.0981905	0.2587	0.0442869	0.251754	0.0422788	0.0771425	4.07934e-07	0.000949108	0.0889327	3.91012	1	0.6741625
841000	56.90362	-67.55213	124.4558	0.05	1.277035	0.0125918	0.20839	0.0586832	0.56913	0.271702	0.188736	0.546683	1.03412	2.23046	1	1.120498
842000	63.49548	-65.38813	128.8836	0.05	1.379558	0.272566	0.033165	0.0789982	0.142527	0.160553	0.206103	0.567199	1.04249	2.18421	1	0.6878092
843000	69.49231	-63.92761	133.4199	0.05	0.08923771	0.149089	0.0124291	0.00302547	0.0875621	0.0695398	9.90978e-08	0.000468171	0.0663459	3.93319	1	0.321645
844000	58.64061	-68.04483	126.6854	0.05	0.02626205	0.0576703	0.0403544	0.0234088	0.886161	0.00270316	6.64087e-24	3.85304e-12	2.93129e-05	3.99997	1	1.010298
845000	66.4112	-64.41425	130.8254	0.05	0.1111594	0.300319	0.0219586	0.117768	0.139333	0.0078594	2.11379e-06	0.00215777	0.124932	3.87291	1	0.5872384
846000	65.23218	-66.25039	131.4826	0.05	0.02625375	0.153423	0.0396926	0.183966	0.0637501	0.064754	6.53098e-24	3.82103e-12	2.92116e-05	3.99997	1	0.5055858
847000	67.01532	-66.14769	133.163	0.05	0.02430271	0.135451	0.0479148	0.0376913	0.0276027	0.11795	9.42101e-26	4.59001e-13	1.21242e-05	3.99999	1	0.3666091
848000	64.14812	-64.93448	129.0826	0.05	1.125732	0.286307	0.108084	0.0213777	0.162778	0.0959362	0.161336	0.511535	1.01807	2.30906	1	0.6744823
849000	65.7265	-64.5658	130.2923	0.05	0.05486765	0.236041	0.0994555	0.0792734	0.0736337	0.136586	5.91921e-12	3.62884e-06	0.0088251	3.99117	1	0.6249892
850000	64.5319	-64.52585	129.0577	0.05	0.7564579	0.263436	0.0772467	0.0394639	0.222261	0.0911346	0.086266	0.388994	0.944119	2.58062	1	0.6935423
851000	65.25775	-65.13784	130.3956	0.05	0.1082679	0.151528	0.116276	0.0896388	0.221275	0.0366532	1.51569e-06	0.0018277	0.116646	3.88152	1	0.6153704
852000	66.52877	-64.0054	130.5342	0.05	0.5043186	0.251889	0.0146136	0.0198659	0.173053	0.123947	0.034191	0.254726	0.823386	2.8877	1	0.5833681
853000	60.0812	-67.17133	127.2525	0.05	3.022841	0.262527	0.00161729	0.139983	0.184703	0.0906468	0.391021	0.732785	1.08263	1.79357	1	0.6794773
854000	58.09138	-68.69109	126.7825	0.05	3.370213	0.150015	0.0774709	0.121331	0.282932	0.0302738	0.416019	0.750164	1.08382	1.75	1	0.6620224
855000	61.48379	-69.20441	130.6882	0.05	1.772259	0.188692	0.06993	0.0406965	0.149156	0.0124828	0.264486	0.628383	1.06309	2.04404	1	0.4609579
856000	68.14177	-64.95553	133.0973	0.05	0.1495858	0.0964192	0.0681653	0.0195841	0.131676	0.0698408	5.17407e-05	0.0106269	0.240577	3.74874	1	0.3856849
857000	59.03056	-68.09132	127.1219	0.05	0.05339343	0.377942	0.201471	0.0737004	0.0937585	0.27337	2.94715e-12	2.56089e-06	0.00763659	3.99236	1	1.020242
858000	61.01242	-65.87025	126.8827	0.05	0.06169307	0.0202248	0.141272	0.0082811	0.647943	0.181648	9.6775e-11	1.46646e-05	0.015756	3.98423	1	0.9993689
859000	62.47022	-65.72994	128.2002	0.05	0.05042598	0.309385	0.114174	0.175707	0.0807682	0.201862	6.39819e-13	1.19351e-06	0.00556303	3.99444	1	0.8818967
860000	65.05902	-65.65041	130.7094	0.05	0.3713782	0.218661	0.101777	0.0106207	0.119929	0.117477	0.0128111	0.160074	0.698353	3.12876	1	0.5684652
861000	67.01656	-64.94596	131.9625	0.05	0.20018	0.185574	0.0842925	0.0232081	0.13848	0.0488362	0.000534508	0.0338794	0.384128	3.58146	1	0.4803909
862000	58.04962	-66.51196	124.5616	0.05	0.08359354	0.380362	0.337156	0.201705	0.0162107	0.273582	3.47479e-08	0.000277365	0.0533922	3.94633	1	1.209015
863000	62.53255	-65.41254	127.9451	0.05	0.005705735	0.220173	0.0338353	0.304841	0.0332812	0.29998	1.70015e-106	1.95305e-53	2.13283e-22	4	1	0.8921099
864000	64.61759	-67.44039	132.058	0.05	0.4882466	0.252933	0.00177173	0.129894	0.0852316	0.00129813	0.0312305	0.244174	0.811524	2.91307	1	0.4711281
865000	64.43639	-66.77781	131.2142	0.05	2.018452	0.113662	0.0242239	0.040238	0.104046	0.0740124	0.295467	0.656962	1.07044	1.97713	1	0.3561831
866000	64.9589	-63.79088	128.7498	0.05	0.2501718	0.19759	0.00569112	0.00157721	0.291643	0.271747	0.00211978	0.0668141	0.501848	3.42922	1	0.768247
867000	65.64466	-65.25491	130.8996	0.05	0.1705929	0.152424	0.0355555	0.113099	0.130459	0.142928	0.00016148	0.0187155	0.302725	3.6784	1	0.5744656
868000	68.51768	-65.97966	134.4973	0.05	0.2026603	0.0526863	0.00261893	0.0142423	0.0904087	0.0566181	0.000581593	0.0353242	0.390565	3.57353	1	0.2165745
869000	65.93531	-64.59997	130.5353	0.05	2.437454	0.25526	0.0417815	0.0148096	0.0997754	0.0547899	0.340445	0.694705	1.07788	1.88697	1	0.4664163
870000	66.4648	-64.07455	130.5394	0.05	0.02070669	0.289709	0.0730013	0.00276508	0.228762	0.0285507	4.70012e-30	3.24306e-15	1.55283e-06	4	1	0.6227882
871000	59.0364	-67.46537	126.5018	0.05	0.6443621	0.20919	0.043443	0.366271	0.247463	0.0821982	0.0623679	0.336052	0.902367	2.69921	1	0.9485655
872000	63.74035	-68.48879	132.2291	0.05	0.0220005	0.186066	0.00505581	0.0680644	0.0716689	0.163966	2.40937e-28	2.32168e-14	3.51447e-06	4	1	0.4948211
873000	68.58602	-64.9756	133.5616	0.05	0.09193896	0.153686	0.0418113	0.0428108	0.0848987	0.000596336	1.56351e-07	0.00058792	0.0729189	3.92649	1	0.3238031
874000	63.09735	-66.50877	129.6061	0.05	0.3898675	0.313541	0.0519049	0.184222	0.108613	0.0476842	0.0152802	0.174147	0.720079	3.09049	1	0.7059649
875000	61.08514	-65.58798	126.6731	0.05	0.4973665	0.110895	0.0224073	0.28367	0.298758	0.260983	0.0329007	0.250193	0.818343	2.89856	1	0.9767127
876000	63.41606	-66.29568	129.7117	0.05	2.196425	0.31895	0.0758977	0.0820651	0.0918491	0.0100996	0.315646	0.674398	1.07421	1.93575	1	0.5788617
877000	61.26524	-69.44593	130.7112	0.05	0.4804687	0.315269	0.00153471	0.100888	0.0876033	0.0576765	0.0298273	0.238974	0.80552	2.92568	1	0.562971
878000	67.69228	-66.86868	134.561	0.05	0.1215509	0.212428	0.0378985	0.0166231	0.0360185	0.00915317	6.12897e-06	0.0036702	0.155551	3.84077	1	0.312121
879000	68.79536	-65.23003	134.0254	0.05	0.0473577	0.118616	0.0585338	0.0217862	0.0554173	0.0321596	1.07827e-13	4.90088e-07	0.0038452	3.99615	1	0.2865126
880000	67.68635	-64.09665	131.783	0.05	0.1278312	0.178484	0.0444291	0.0331202	0.203934	0.0494692	1.07229e-05	0.00485113	0.174479	3.82066	1	0.5094362
881000	68.67535	-65.84714	134.5225	0.05	0.180385	0.079015	0.00268173	0.0289745	0.0612323	0.058373	0.000250663	0.0232809	0.330567	3.6459	1	0.2302765
882000	68.29652	-63.41047	131.707	0.05	0.06034842	0.151685	0.013812	0.0453267	0.201322	0.0976678	5.86701e-11	1.14195e-05	0.0142023	3.98579	1	0.5098131
883000	67.22263	-65.3568	132.5794	0.05	0.08764033	0.152775	0.0915017	0.0554381	0.0888656	0.0307804	7.46804e-08	0.000406478	0.0625684	3.93703	1	0.4193603
884000	66.32273	-65.71593	132.0387	0.05	0.1015119	0.275668	0.0144291	0.0819044	0.0727094	0.0270368	6.47112e-07	0.00119502	0.0978381	3.90097	1	0.4717477
885000	67.51498	-66.06841	133.5834	0.05	0.01501564	0.171865	0.000925319	0.050727	0.0436763	0.0769541	4.4942e-41	1.00332e-20	8.03008e-09	4	1	0.3441478
886000	65.17646	-65.91931	131.0958	0.05	0.3131652	0.261185	0.0118865	0.00267003	0.147436	0.116768	0.00642386	0.114768	0.617264	3.26154	1	0.5399452
887000	68.31169	-64.13278	132.4445	0.05	0.1586082	0.198541	0.00477037	0.0211202	0.106584	0.116676	8.7539e-05	0.0138049	0.26761	3.7185	1	0.4476911
888000	62.33955	-64.65795	126.9975	0.05	0.03226859	0.0841473	0.155848	0.25503	0.158635	0.316404	1.22773e-19	5.23623e-10	0.000224996	3.99978	1	0.970065
889000	66.73134	-65.86049	132.5918	0.05	0.9997519	0.177888	0.0197453	0.0249737	0.0850476	0.0382589	0.136904	0.476677	0.999959	2.38646	1	0.3459134
890000	69.6564	-64.61255	134.2689	0.05	0.1670431	0.0971845	0.0317799	0.0167491	0.0655565	0.0327888	0.000135938	0.0171812	0.292434	3.69025	1	0.2440588
891000	59.37777	-66.36811	125.7459	0.05	0.2293126	0.370702	0.289362	0.207819	0.0986431	0.12336	0.0012836	0.0522119	0.455783	3.49072	1	1.089886
892000	66.32171	-65.16374	131.4854	0.05	1.387836	0.344722	0.0319806	0.0417884	0.0650094	0.0233654	0.207464	0.568756	1.04309	2.18069	1	0.5068653
893000	62.6909	-65.5288	128.2197	0.05	0.01497847	0.334805	0.0212428	0.0755399	0.326702	0.100791	3.57391e-41	8.94722e-21	7.65724e-09	4	1	0.8590799
894000	63.99722	-69.69691	133.6941	0.05	0.3422658	0.20754	0.0308404	0.0295234	0.0297019	0.0403777	0.00934065	0.137531	0.660413	3.19272	1	0.3379833
895000	60.18809	-68.40768	128.5958	0.05	3.820973	0.181352	0.0158885	0.0799368	0.0890859	0.109017	0.444249	0.768781	1.08438	1.70259	1	0.4752795
896000	60.19292	-66.03657	126.2295	0.05	0.1045593	0.388785	0.208669	0.34474	0.0162328	0.100073	9.62999e-07	0.00145738	0.106216	3.89233	1	1.0585
897000	66.67579	-64.38074	131.0565	0.05	0.06108513	0.137219	0.0312733	0.0862409	0.23225	0.0792921	7.73896e-11	1.31145e-05	0.0150421	3.98494	1	0.5662749
898000	67.23394	-65.64612	132.8801	0.05	0.001655135	0.209846	0.0595093	0.0118767	0.0410842	0.0859128	0	1.49224e-182	5.50546e-76	4	1	0.4082294
899000	64.271	-64.54894	128.8199	0.05	0.08212037	0.200648	0.00498892	0.20161	0.0997743	0.267239	2.58125e-08	0.000239087	0.0502008	3.94956	1	0.7742604
900000	67.36265	-63.93078	131.2934	0.05	0.01197604	0.174627	0.0124889	0.102387	0.151507	0.114592	2.99465e-51	8.19226e-26	6.21053e-11	4	1	0.5556007
901000	60.31114	-71.25586	131.567	0.05	0.1176398	0.00114867	0.000286364	0.318597	0.0909992	0.108907	4.19739e-06	0.00303858	0.143899	3.85306	1	0.5199383
902000	65.26442	-65.58768	130.8521	0.05	0.04232587	0.260282	0.0301092	0.195292	0.0685517	0.0459927	3.32455e-15	8.60917e-08	0.0018687	3.99813	1	0.6002278
903000	60.6316	-65.35018	125.9818	0.05	1.552727	0.251725	0.087626	0.170687	0.21887	0.216639	0.233354	0.597104	1.05337	2.11617	1	0.9455474
904000	64.29611	-67.76509	132.0612	0.05	0.00571001	0.16007	0.134636	0.129534	0.012424	0.0597718	2.03929e-106	2.13899e-53	2.21487e-22	4	1	0.4964351
905000	63.37349	-64.01773	127.3912	0.05	0.2576784	0.249128	0.00511954	0.0356259	0.394311	0.222366	0.0024891	0.0722885	0.517401	3.40782	1	0.9065515
906000	64.20249	-67.56411	131.7666	0.05	0.207377	0.123732	0.0136624	0.214174	0.108451	0.0176371	0.000679075	0.0381368	0.402635	3.55855	1	0.4776559
907000	58.89515	-66.49612	125.3913	0.05	5.014077	0.116762	0.00145679	0.0605828	0.296727	0.149779	0.502661	0.804297	1.08328	1.60976	1	0.625308
908000	61.10781	-64.69279	125.8006	0.05	0.1412595	0.144441	0.167709	0.159151	0.309273	0.284411	3.00013e-05	0.00810105	0.21533	3.77654	1	1.064986
909000	56.34224	-70.97445	127.3167	0.05	3.046858	0.133209	0.204159	0.0934674	0.205437	0.00402809	0.392855	0.73409	1.08274	1.79032	1	0.6403007
910000	65.59141	-65.96283	131.5542	0.05	0.08225691	0.166914	0.141274	0.012084	0.153401	0.0173933	2.65455e-08	0.000242455	0.0504931	3.94926	1	0.4910672
911000	67.7871	-64.24517	132.0323	0.05	0.06054604	0.131429	0.0365518	0.0967557	0.16779	0.0316943	6.3236e-11	1.18553e-05	0.0144248	3.98556	1	0.46422
912000	62.22175	-65.25227	127.474	0.05	0.03698647	0.16584	0.00604675	0.158123	0.409936	0.192791	2.94224e-17	8.10273e-09	0.000701026	3.9993	1	0.9327364
913000	62.57293	-64.31359	126.8865	0.05	0.08060725	0.0418586	0.173361	0.0524255	0.376982	0.331291	1.88068e-08	0.000204106	0.0470105	3.95279	1	0.9759183
914000	59.49329	-67.97286	127.4661	0.05	0.4047936	0.0302345	0.136891	0.00901988	0.48012	0.238912	0.017412	0.185328	0.736416	3.06084	1	0.8951771
915000	63.44213	-65.01371	128.4558	0.05	0.01497887	0.358206	0.0286727	0.0562544	0.236315	0.131717	3.58288e-41	8.95844e-21	7.66122e-09	4	1	0.811165
916000	62.21677	-67.02145	129.2382	0.05	0.2855023	0.0486148	0.162002	0.105022	0.331539	0.0849098	0.00419314	0.0932755	0.570633	3.3319	1	0.7320879
917000	64.44547	-68.81327	133.2587	0.05	0.2889608	0.0967242	0.111584	0.0482743	0.00988505	0.0945706	0.00444265	0.0959396	0.576789	3.32283	1	0.3610378
918000	63.48013	-65.39731	128.8774	0.05	0.1658653	0.238071	0.16336	0.0340128	0.104971	0.247016	0.00012818	0.0166867	0.288998	3.69419	1	0.78743
919000	60.83559	-69.94806	130.7836	0.05	0.5223419	0.152346	0.00174891	0.246183	0.105283	0.0332636	0.0375997	0.266251	0.835868	2.86028	1	0.5388242
920000	61.35988	-65.18701	126.5469	0.05	0.1505786	0.0376007	0.0674963	0.172753	0.240849	0.475973	5.49925e-05	0.0109542	0.243571	3.74542	1	0.9946714
921000	68.60545	-64.71508	133.3205	0.05	0.1275711	0.189285	0.0251658	0.0114277	0.0466612	0.0628776	1.04888e-05	0.00479803	0.173691	3.8215	1	0.3354177
922000	63.12933	-64.62677	127.7561	0.05	0.4710868	0.173663	0.0211868	0.0584648	0.305383	0.281522	0.0281623	0.232622	0.798034	2.94118	1	0.8402202
923000	65.59984	-64.33205	129.9319	0.05	0.9088049	0.288417	0.0456722	0.0378411	0.145983	0.0956311	0.118418	0.447514	0.983077	2.45099	1	0.6135438
924000	62.54949	-67.23457	129.7841	0.05	0.5795397	0.11748	0.0182366	0.027495	0.222191	0.261776	0.0489174	0.300706	0.870511	2.77987	1	0.6471783
925000	63.50774	-68.51134	132.0191	0.05	0.1016794	0.0653262	0.208459	0.0776752	0.0970909	0.0195846	6.61815e-07	0.0012085	0.0982936	3.9005	1	0.4681363
926000	64.83853	-65.61517	130.4537	0.05	0.1777584	0.281948	0.0220242	0.0299553	0.204064	0.0648579	0.000223838	0.0220094	0.323181	3.65459	1	0.6028499
927000	67.7903	-64.08441	131.8747	0.05	0.05427359	0.266935	0.0504331	0.057674	0.0482607	0.0764649	4.48952e-12	3.16052e-06	0.00833327	3.99166	1	0.4997674
928000	64.19993	-64.6784	128.8783	0.05	0.08210893	0.343058	0.13727	0.162251	0.114402	0.0279713	2.57519e-08	0.000238807	0.0501764	3.94958	1	0.7849525
929000	65.66109	-64.72243	130.3835	0.05	0.03538985	0.308528	0.109158	0.116068	0.0436168	0.052289	5.42524e-18	3.47985e-09	0.000493676	3.99951	1	0.6296598
930000	63.81054	-66.46057	130.2711	0.05	0.7668323	0.129442	0.0126789	0.0484465	0.215692	0.156067	0.0884841	0.39343	0.947323	2.57076	1	0.562327
931000	59.95647	-65.62576	125.5822	0.05	0.6592154	0.372802	0.0298386	0.235837	0.371037	0.0502718	0.0655072	0.343634	0.908764	2.6821	1	1.059787
932000	65.79899	-63.85867	129.6577	0.05	0.1419837	0.229431	0.0249821	0.0228172	0.318895	0.0870557	3.15377e-05	0.00830512	0.217533	3.77413	1	0.683181
933000	62.5781	-66.24417	128.8223	0.05	0.02436775	0.336178	0.116339	0.292667	0.0066909	0.0285416	1.09703e-25	4.95304e-13	1.25133e-05	3.99999	1	0.7804166
934000	66.28005	-65.07195	131.352	0.05	2.626526	0.245248	0.0463877	0.0190061	0.0460222	0.0363564	0.358133	0.708501	1.07993	1.85344	1	0.39302
935000	68.1951	-63.407	131.6021	0.05	0.07331862	0.283651	0.00354486	0.10264	0.0882268	0.0622665	3.40667e-09	8.69224e-05	0.0329833	3.96693	1	0.5403297
936000	58.84091	-69.38825	128.2292	0.05	0.06137502	0.0213351	0.0286853	0.529028	0.0758536	0.203332	8.6142e-11	1.38359e-05	0.0153801	3.98461	1	0.8582337
937000	64.24345	-65.58177	129.8252	0.05	0.09468105	0.154219	0.217298	0.120853	0.182419	0.0128065	2.41858e-07	0.000731041	0.079813	3.91946	1	0.6875949
938000	65.2067	-66.05873	131.2654	0.05	0.02769222	0.0338862	0.0887342	0.161619	0.221733	0.0405431	1.01413e-22	1.50551e-11	5.16001e-05	3.99995	1	0.5465153
939000	64.83707	-65.19164	130.0287	0.05	0.09665055	0.249514	0.0117049	0.236266	0.120003	0.0583731	3.25838e-07	0.000848366	0.0848921	3.91426	1	0.6758617
940000	66.85114	-65.41908	132.2702	0.05	0.2939389	0.179562	0.0754036	0.0466344	0.103866	0.0434777	0.00481654	0.0997889	0.585482	3.30991	1	0.4489437
941000	59.98589	-65.68058	125.6665	0.05	0.2052029	0.146763	0.238852	0.124987	0.554841	0.0423852	0.000632823	0.03683	0.3971	3.56544	1	1.107828
942000	67.04792	-65.1151	132.163	0.05	0.06423367	0.131671	0.0967834	0.0346136	0.186155	0.00981936	2.35272e-10	2.28603e-05	0.0189446	3.98103	1	0.4590431
943000	65.6742	-64.76461	130.4388	0.05	0.06877705	0.129522	0.126741	0.0107877	0.223938	0.131938	9.78179e-10	4.65952e-05	0.0254607	3.97449	1	0.6229252
944000	64.27065	-67.87305	132.1437	0.05	1.074295	0.142298	0.0313148	0.0952293	0.0979638	0.0380083	0.151535	0.497998	1.0113	2.33917	1	0.4048143
945000	61.86161	-66.57029	128.4319	0.05	0.04131286	0.302532	0.114716	0.0281967	0.267628	0.10769	1.48942e-15	5.7629e-08	0.00158204	3.99842	1	0.8207632
946000	67.74061	-64.9829	132.7235	0.05	0.04005327	0.0658792	0.0234282	0.0630429	0.160717	0.0929695	5.1858e-16	3.40085e-08	0.00127112	3.99873	1	0.4060365
947000	60.70979	-67.73573	128.4455	0.05	0.1018058	0.282703	0.136782	0.113778	0.240649	0.0835801	6.73099e-07	0.00121875	0.0986378	3.90014	1	0.8574931
948000	62.02031	-67.6	129.6203	0.05	0.3996699	0.339491	0.0294913	0.0590944	0.135139	0.121277	0.0166668	0.181509	0.730923	3.0709	1	0.6844932
949000	64.03925	-68.76222	132.8015	0.05	0.2622762	0.0836797	0.0442998	0.0827077	0.0371362	0.118077	0.00273394	0.0756878	0.526669	3.39491	1	0.3659008
950000	64.39785	-66.9201	131.3179	0.05	0.1271934	0.166976	0.0340772	0.0607321	0.0809555	0.212051	1.01563e-05	0.00472158	0.172548	3.82272	1	0.5547912
951000	64.46747	-64.37877	128.8462	0.05	0.2790781	0.198598	0.0739152	0.00941153	0.311322	0.156253	0.00375197	0.088353	0.558935	3.34896	1	0.7494997
952000	66.32483	-63.71306	130.0379	0.05	0.3296724	0.322363	0.0301448	0.000941368	0.148272	0.142498	0.00800824	0.127688	0.642428	3.22188	1	0.6442193
953000	65.71816	-64.83632	130.5545	0.05	0.8288399	0.253388	0.0243961	0.0349369	0.133342	0.119084	0.101679	0.418491	0.964636	2.51519	1	0.5651476
954000	64.28275	-69.70555	133.9883	0.05	0.3511051	0.0581103	0.046888	0.0605485	0.0863557	0.00710875	0.010338	0.144414	0.672449	3.1728	1	0.2590112
955000	65.62377	-63.74908	129.3729	0.05	0.05955012	0.539682	0.034206	0.00885621	0.0607038	0.0853855	4.31257e-11	9.79117e-06	0.0133238	3.98667	1	0.7288336
956000	63.78716	-68.63703	132.4242	0.05	0.1776901	0.139844	0.0541134	0.172733	0.0289621	0.0300421	0.000223171	0.0219768	0.322988	3.65481	1	0.4256946
957000	58.5994	-68.48027	127.0797	0.05	0.08615621	0.23136	0.370422	0.105906	0.176084	0.0944856	5.6882e-08	0.000354795	0.0591358	3.94051	1	0.978257
958000	64.37958	-65.32556	129.7051	0.05	0.05540241	0.153029	0.122505	0.217735	0.0155073	0.191415	7.55335e-12	4.09908e-06	0.00928285	3.99071	1	0.7001902
959000	54.92929	-66.89385	121.8231	0.05	0.5061588	0.650724	0.240868	0.248487	0.187038	0.110404	0.0345349	0.255918	0.824699	2.88485	1	1.43752
960000	65.75882	-63.63349	129.3923	0.05	0.04328663	0.287904	0.00360667	0.194953	0.127578	0.108618	6.87665e-15	1.23808e-07	0.00217272	3.99783	1	0.7226589
961000	62.31279	-67.11051	129.4233	0.05	0.4873178	0.426916	0.0250193	0.090113	0.0765153	0.128583	0.0310619	0.243556	0.810817	2.91457	1	0.7471459
962000	64.32505	-65.62912	129.9542	0.05	0.002946259	0.102217	0.247141	0.00234639	0.264462	0.0653589	2.52228e-205	7.5244e-103	6.61176e-43	4	1	0.6815259
963000	66.5984	-64.19906	130.7975	0.05	0.1860575	0.144516	0.0597752	0.0365852	0.24714	0.0955944	0.000316594	0.0261391	0.346302	3.62724	1	0.5836108
964000	66.50002	-64.73826	131.2383	0.05	0.04874456	0.11661	0.0473724	0.0844359	0.276865	0.015702	2.47933e-13	7.43065e-07	0.00457001	3.99543	1	0.5409851
965000	67.73112	-66.32749	134.0586	0.05	1.272549	0.183926	0.0093708	0.0378974	0.00619772	0.0332643	0.187955	0.545729	1.03371	2.2326	1	0.2706557
966000	64.80313	-65.11453	129.9177	0.05	0.02023555	0.0619432	0.169499	0.132565	0.0578252	0.241323	9.88984e-31	1.48769e-15	1.12377e-06	4	1	0.6631546
967000	64.61671	-64.99295	129.6097	0.05	0.07035947	0.19042	0.0917463	0.00870257	0.362746	0.0266798	1.5388e-09	5.8434e-05	0.02797	3.97197	1	0.6802947
968000	65.34361	-65.50023	130.8438	0.05	0.04021169	0.110285	0.147625	0.121242	0.161917	0.0210657	5.94323e-16	3.6407e-08	0.00130757	3.99869	1	0.5621342
969000	66.12091	-67.06288	133.1838	0.05	0.3849689	0.099004	0.0888171	0.0221378	0.0653237	0.0847748	0.014607	0.170441	0.714489	3.10046	1	0.3600574
970000	69.43614	-63.47143	132.9076	0.05	0.1166539	0.195421	0.00240406	0.00327517	0.103735	0.091114	3.80009e-06	0.0028915	0.140983	3.85612	1	0.3959495
971000	63.30805	-64.82351	128.1316	0.05	0.6432361	0.225474	0.122887	0.021097	0.271449	0.144956	0.0621306	0.33547	0.90187	2.70053	1	0.7858637
972000	69.10352	-63.2126	132.3161	0.05	0.01281996	0.318812	0.0126905	0.0468322	0.0716136	0.0183953	6.104e-48	3.69833e-24	3.01865e-10	4	1	0.4683433
973000	58.06238	-67.38491	125.4473	0.05	0.7316669	0.224571	0.183653	0.273068	0.289041	0.0931431	0.0809611	0.378096	0.936061	2.60488	1	1.063476
974000	60.40933	-68.83244	129.2418	0.05	2.77849	0.212263	0.0492139	0.00676459	0.182813	0.0291857	0.371365	0.718476	1.08118	1.82898	1	0.4802403
975000	65.81189	-69.68537	135.4973	0.05	0.8256151	0.0817473	0.00307661	0.0307061	0.0127457	0.0109076	0.100997	0.417246	0.963807	2.51795	1	0.1391833
976000	62.52706	-64.23492	126.762	0.05	0.09568828	0.234644	0.143083	0.011047	0.48946	0.101898	2.82114e-07	0.000789466	0.0823978	3.91681	1	0.9801333
977000	64.09523	-65.76419	129.8594	0.05	2.838364	0.228336	0.0389199	0.0916234	0.0992805	0.0232872	0.376358	0.722167	1.08159	1.81988	1	0.4814473
978000	66.49496	-65.11037	131.6053	0.05	0.6760657	0.134977	0.0330532	0.0153174	0.174193	0.0987421	0.069085	0.352015	0.915666	2.66323	1	0.4562822
979000	67.43751	-65.83449	133.272	0.05	2.156795	0.134128	0.0159812	0.0173346	0.0331057	0.0276049	0.311299	0.670714	1.07346	1.94453	1	0.2281544
980000	62.86305	-69.95308	132.8161	0.05	0.2502112	0.0586608	0.0230962	0.161449	0.0563588	0.0871616	0.00212162	0.0668425	0.501931	3.4291	1	0.3867267
981000	61.93281	-68.97502	130.9078	0.05	0.09119093	0.024239	0.226184	0.0373205	0.0967016	0.172851	1.38177e-07	0.000552732	0.0710762	3.92837	1	0.5572964
982000	65.15847	-64.69521	129.8537	0.05	0.4255553	0.237681	0.0272535	0.111241	0.196361	0.0714252	0.0205672	0.200575	0.757517	3.02134	1	0.6439604
983000	62.85233	-65.36631	128.2186	0.05	0.1502107	0.173595	0.107824	0.0728024	0.345377	0.127092	5.37695e-05	0.0108323	0.242462	3.74665	1	0.826691
984000	61.8257	-68.58667	130.4124	0.05	0.5688705	0.181974	0.0406328	0.0568893	0.229456	0.0951519	0.0467579	0.294519	0.864567	2.79416	1	0.6041038
985000	66.57261	-65.10295	131.6756	0.05	0.009361273	0.0799653	0.0986471	0.0705663	0.11181	0.131941	2.7208e-65	7.8105e-33	7.57497e-14	4	1	0.4929307
986000	65.13869	-66.51548	131.6542	0.05	0.4742229	0.0778965	0.02856	0.08751	0.205067	0.0608173	0.0287154	0.234755	0.800567	2.93596	1	0.4598506
987000	66.02086	-65.14972	131.1706	0.05	0.1153452	0.253549	0.0991052	0.0596027	0.132044	0.0165334	3.32143e-06	0.00270364	0.137128	3.86016	1	0.5608349
988000	59.0495	-68.19933	127.2488	0.05	0.1952042	0.0249685	0.263692	0.251428	0.265553	0.14733	0.000448313	0.0310554	0.371026	3.59747	1	0.9529731
989000	59.95816	-67.15123	127.1094	0.05	1.013127	0.384155	0.134363	0.240295	0.0516422	0.074108	0.139566	0.480662	1.00214	2.37763	1	0.8845627
990000	61.80128	-65.30353	127.1048	0.05	0.1108311	0.112117	0.116234	0.291588	0.097813	0.361315	2.03723e-06	0.0021184	0.123985	3.87389	1	0.9790662
991000	69.84638	-63.81629	133.6627	0.05	0.01715506	0.149472	0.0325536	0.0164023	0.0667649	0.069052	4.49602e-36	3.17284e-18	8.7543e-08	4	1	0.3342452
992000	65.22481	-65.00206	130.2269	0.05	0.9909731	0.265264	0.0312774	0.00150212	0.1685	0.0963502	0.135149	0.474022	0.998488	2.39234	1	0.5628936
993000	68.58536	-64.2987	132.8841	0.05	0.0174905	0.14707	0.00835376	0.083439	0.0942863	0.0641579	2.11774e-35	6.88586e-18	1.20746e-07	4	1	0.397307
994000	63.42502	-67.40157	130.8266	0.05	1.643739	0.334218	0.00498954	0.0645618	0.104581	0.000745486	0.246698	0.610856	1.05786	2.08459	1	0.5090955
995000	66.95266	-64.73762	131.6903	0.05	0.1343248	0.197054	0.0685273	0.031859	0.190907	0.0134332	1.80951e-05	0.00629697	0.194212	3.79947	1	0.5017803
996000	70.47873	-63.7239	134.2026	0.05	0.03291785	0.10356	0.00765378	0.0132406	0.0874505	0.0451524	2.86452e-19	7.99777e-10	0.000268222	3.99973	1	0.257057
997000	62.76676	-64.67602	127.4428	0.05	0.4746705	0.409207	0.0307376	0.000361315	0.165519	0.312806	0.0287946	0.235059	0.800926	2.93522	1	0.9186307
998000	65.24645	-67.17653	132.423	0.05	0.9969857	0.192989	0.0395055	0.0472275	0.0497837	0.0287807	0.136352	0.475844	0.999499	2.38831	1	0.3582868
999000	63.10077	-68.28419	131.385	0.05	2.363003	0.127734	0.0252416	0.093857	0.0714839	0.0702611	0.333071	0.688788	1.07689	1.90125	1	0.3885776
1000000	57.33399	-65.5024	122.8364	0.05	3.416761	0.374699	0.0578896	0.257422	0.219518	0.157926	0.419137	0.752271	1.08392	1.74467	1	1.067454
1001000	68.07537	-63.91354	131.9889	0.05	0.06347719	0.221568	0.0404308	0.112856	0.102879	0.00626305	1.81939e-10	2.01042e-05	0.0179607	3.98202	1	0.4839979
1002000	61.97862	-65.18725	127.1659	0.05	0.430661	0.196005	0.091996	0.030503	0.219887	0.397486	0.0213748	0.204266	0.762436	3.01192	1	0.9358762
1003000	65.14904	-66.06903	131.2181	0.05	0.0005698593	0.105013	0.046361	0.0263257	0.212653	0.174614	0	0	9.58354e-220	4	1	0.5649662
1004000	66.40802	-65.13661	131.5446	0.05	0.03225999	0.138828	0.0390707	0.178451	0.144006	0.0384976	1.21375e-19	5.20634e-10	0.000224462	3.99978	1	0.5388529
1005000	68.49481	-64.06522	132.56	0.05	0.1506395	0.315302	0.0276849	0.00900579	0.0603749	0.0412045	5.51973e-05	0.0109745	0.243755	3.74522	1	0.4535717
1006000	65.47098	-66.72379	132.1948	0.05	1.188995	0.0954637	0.0460681	0.0267145	0.103185	0.0697268	0.173053	0.52702	1.02541	2.27452	1	0.3411584
1007000	69.14148	-64.41321	133.5547	0.05	0.09307228	0.104942	0.00523717	0.06895	0.10788	0.0359526	1.87828e-07	0.000644323	0.0757422	3.92361	1	0.3229624
1008000	64.03006	-68.21545	132.2455	0.05	0.6751404	0.128062	0.0748869	0.0767692	0.104075	0.0389148	0.0688882	0.351561	0.915296	2.66426	1	0.4227077
1009000	66.85936	-67.09428	133.9536	0.05	0.1135673	0.126703	0.00350204	0.0653057	0.0914299	0.0357039	2.75254e-06	0.00246169	0.131922	3.86561	1	0.3226441
1010000	58.81521	-66.8104	125.6256	0.05	0.1839993	0.529498	0.296599	0.12014	0.141658	0.00192958	0.000291362	0.0250846	0.340628	3.634	1	1.089824
1011000	64.73422	-65.61137	130.3456	0.05	0.06564916	0.126139	0.0498035	0.0297113	0.151556	0.257501	3.74597e-10	2.88421e-05	0.0208636	3.97911	1	0.6147109
1012000	69.00889	-64.43631	133.4452	0.05	0.117805	0.199748	0.0254855	0.0137969	0.0643602	0.057496	4.2672e-06	0.00306369	0.144388	3.85254	1	0.3608865
1013000	62.29766	-66.22	128.5177	0.05	0.3321243	0.277882	0.206161	0.0940554	0.117889	0.0826835	0.00825938	0.129607	0.64601	3.21612	1	0.7786707
1014000	60.40976	-66.40553	126.8153	0.05	0.188672	0.15891	0.220619	0.0605532	0.360891	0.183984	0.000350902	0.0275066	0.353452	3.61869	1	0.9849563
1015000	67.55576	-64.62267	132.1784	0.05	0.03728267	0.184109	0.00126249	0.0870695	0.166678	0.0475503	3.9626e-17	9.40311e-09	0.000745679	3.99925	1	0.4866688
1016000	65.09184	-66.22045	131.3123	0.05	0.03323669	0.124612	0.0686407	0.0774927	0.144035	0.127016	4.29028e-19	9.78755e-10	0.000291664	3.99971	1	0.5417966
1017000	67.22394	-66.44007	133.664	0.05	0.434271	0.0911126	0.0178284	0.0134017	0.140337	0.0371003	0.021953	0.206861	0.765854	3.00533	1	0.2997801
1018000	63.0127	-68.76961	131.7823	0.05	1.924328	0.0565973	0.0353828	0.0678416	0.106469	0.0720616	0.284071	0.646718	1.06798	2.00124	1	0.3383528
1019000	65.61559	-64.58686	130.2024	0.05	0.04748377	0.192708	0.0507078	0.127498	0.0654887	0.218131	1.16539e-13	5.09497e-07	0.00390767	3.99609	1	0.6545333
1020000	63.50078	-65.91039	129.4112	0.05	0.03581711	0.0199807	0.101091	0.211037	0.207451	0.18611	8.65621e-18	4.39541e-09	0.00054391	3.99946	1	0.7256696
1021000	63.25196	-65.00435	128.2563	0.05	0.1689845	0.173795	0.00909704	0.00742496	0.34915	0.296866	0.000149495	0.0180121	0.298074	3.68376	1	0.8363328
1022000	64.17484	-66.14261	130.3174	0.05	0.2218928	0.10733	0.139877	0.0917167	0.178404	0.114023	0.00104962	0.0472827	0.438354	3.51331	1	0.63135
1023000	67.90795	-64.42087	132.3288	0.05	0.136105	0.0968665	0.0203517	0.00873728	0.180577	0.125143	2.07046e-05	0.00673424	0.199634	3.79361	1	0.431675
1024000	64.8288	-65.09265	129.9215	0.05	0.03490295	0.410092	0.0202513	0.0480504	0.183046	0.056823	3.14148e-18	2.64811e-09	0.000440784	3.99956	1	0.7182634
1025000	66.33026	-64.7916	131.1219	0.05	0.07331036	0.30929	0.00737858	0.0809385	0.0780633	0.105947	3.39943e-09	8.68299e-05	0.0329687	3.96694	1	0.581617
1026000	61.77291	-64.35435	126.1273	0.05	0.05545142	0.221071	0.0434193	0.0772313	0.71916	0.0101027	7.72217e-12	4.14462e-06	0.00932551	3.99067	1	1.070985
1027000	58.54898	-65.36567	123.9147	0.05	1.216383	0.339803	0.146126	0.131618	0.181104	0.381808	0.178009	0.533359	1.02829	2.26034	1	1.18046
1028000	66.29652	-66.61476	132.9113	0.05	0.1135403	0.049096	0.0381723	0.0642465	0.0778232	0.152429	2.74456e-06	0.00245813	0.131843	3.8657	1	0.3817671
1029000	66.21059	-65.06125	131.2718	0.05	0.02982487	0.206935	0.00960046	0.125743	0.00903093	0.196083	3.63537e-21	9.01224e-11	0.000108419	3.99989	1	0.5473932
1030000	65.73492	-64.47735	130.2123	0.05	0.05127917	0.179235	0.0834206	0.140545	0.179519	0.0606928	1.01075e-12	1.49999e-06	0.00611647	3.99388	1	0.6434127
1031000	67.14339	-64.46382	131.6072	0.05	0.1149401	0.289608	0.0116299	0.0870287	0.0101095	0.101931	3.18388e-06	0.00264718	0.135939	3.86141	1	0.500307
1032000	64.64035	-66.19736	130.8377	0.05	0.06631418	0.187603	0.180312	0.0782631	0.122899	0.0349565	4.62897e-10	3.206e-05	0.0218002	3.97817	1	0.6040341
1033000	66.63386	-65.61508	132.2489	0.05	0.131971	0.153966	0.0393565	0.11762	0.119786	0.0203897	1.50583e-05	0.00574596	0.187048	3.80719	1	0.451118
1034000	65.45244	-64.48452	129.937	0.05	2.669706	0.30422	0.0303455	0.0266896	0.0937813	0.0629686	0.361978	0.711429	1.08032	1.84628	1	0.5180046
1035000	57.80261	-64.7435	122.5461	0.05	0.4432315	0.444786	0.238303	0.157364	0.335656	0.218449	0.023413	0.213251	0.774124	2.98921	1	1.394558
1036000	67.83031	-64.41099	132.2413	0.05	0.1687567	0.156795	0.0326368	0.024281	0.0945983	0.140751	0.000147853	0.0179136	0.297414	3.68452	1	0.4490621
1037000	62.53747	-65.95842	128.4959	0.05	0.1199636	0.202297	0.111303	0.207978	0.26001	0.0430478	5.27181e-06	0.00340449	0.150807	3.84578	1	0.8246348
1038000	64.85477	-65.85691	130.7117	0.05	0.2022492	0.241303	0.0777951	0.0526559	0.177327	0.0453641	0.000573593	0.035083	0.389503	3.57484	1	0.5944458
1039000	61.91877	-66.67405	128.5928	0.05	0.2096082	0.312616	0.0198532	0.160914	0.184724	0.134437	0.000728944	0.0394958	0.408266	3.55151	1	0.8125449
1040000	66.8438	-64.31379	131.1576	0.05	0.08094097	0.182847	0.0689705	0.0482983	0.164834	0.0929229	2.01877e-08	0.00021146	0.0477063	3.95208	1	0.5578735
1041000	66.25942	-66.33257	132.592	0.05	0.2272701	0.150666	0.00965243	0.112749	0.0983579	0.0608083	0.00121602	0.0508394	0.451041	3.4969	1	0.4322339
1042000	63.7139	-67.7106	131.4245	0.05	1.938768	0.188218	0.0599103	0.0354371	0.0712276	0.0987559	0.285854	0.64834	1.06838	1.99743	1	0.4535484
1043000	65.39145	-66.48294	131.8744	0.05	0.1840479	0.136296	0.0956256	0.0729682	0.0741186	0.0973965	0.000291939	0.0251092	0.340762	3.63384	1	0.4764053
1044000	65.28264	-66.35829	131.6409	0.05	0.07256107	0.0346911	0.0884736	0.131798	0.0518434	0.208715	2.79676e-09	7.87628e-05	0.0316607	3.96826	1	0.5155206
1045000	65.39825	-66.22935	131.6276	0.05	0.0681511	0.0450526	0.0926075	0.0498385	0.159295	0.155482	8.12947e-10	4.24801e-05	0.0245019	3.97546	1	0.502276
1046000	67.44786	-65.84042	133.2883	0.05	0.7092216	0.259097	0.0424655	0.00492144	0.0368987	0.045702	0.076159	0.367849	0.928238	2.62775	1	0.3890843
1047000	67.59038	-65.36788	132.9583	0.05	0.01841139	0.240419	0.0283472	0.0367385	0.058329	0.0100978	1.11561e-33	4.99738e-17	2.74845e-07	4	1	0.3739318
1048000	66.07741	-66.20685	132.2843	0.05	0.08404424	0.0522212	0.0604152	0.0471475	0.262759	0.0142582	3.79769e-08	0.000289954	0.054385	3.94533	1	0.4368012
1049000	66.08468	-65.23822	131.3229	0.05	0.01251919	0.14621	0.00598049	0.235553	0.122293	0.0329314	4.54339e-49	1.00902e-24	1.76076e-10	4	1	0.5429671
1050000	61.3052	-64.55542	125.8606	0.05	0.004281322	0.412746	0.126019	0.0357074	0.489457	0.017602	1.3311e-141	5.46551e-71	1.1062e-29	4	1	1.081531
1051000	56.80529	-65.48226	122.2875	0.05	0.2208758	0.349633	0.18075	0.331017	0.299934	0.254172	0.00101999	0.0466197	0.435922	3.51644	1	1.415506
1052000	66.72111	-65.5676	132.2887	0.05	0.1043843	0.204243	0.0572126	0.0320439	0.112602	0.0272124	9.41854e-07	0.00144131	0.10573	3.89283	1	0.4333148
1053000	62.69237	-66.05937	128.7517	0.05	0.5084954	0.332195	0.0174987	0.131153	0.221361	0.0825638	0.0349729	0.257426	0.826353	2.88125	1	0.7847712
1054000	64.60946	-64.76765	129.3771	0.05	0.2502474	0.418377	0.0496248	0.0460664	0.155469	0.0766477	0.00212331	0.0668687	0.502007	3.429	1	0.746185
1055000	66.27712	-65.13218	131.4093	0.05	0.04319748	0.330106	0.0611503	0.0169317	0.0184164	0.11309	6.43692e-15	1.19785e-07	0.00214315	3.99786	1	0.5396949
1056000	65.02654	-66.31458	131.3411	0.05	0.3260531	0.114135	0.0273648	0.073554	0.159375	0.154669	0.00764494	0.124855	0.63707	3.23043	1	0.5290978
1057000	62.7073	-65.51762	128.2249	0.05	1.101867	0.216301	0.0350333	0.0612061	0.284941	0.122406	0.156819	0.505366	1.01502	2.32279	1	0.7198879
1058000	70.13364	-64.51702	134.6507	0.05	0.05459447	0.166565	0.00498223	0.0106389	0.0365571	0.0394114	5.21647e-12	3.40671e-06	0.00859676	3.9914	1	0.2581549
1059000	63.57953	-64.61413	128.1937	0.05	0.07987254	0.231964	0.0468429	0.255152	0.240038	0.053437	1.60569e-08	0.000188606	0.0454943	3.95432	1	0.8274349
1060000	61.17573	-68.3452	129.5209	0.05	0.09568233	0.0404269	0.308605	0.0462633	0.103592	0.199624	2.8186e-07	0.000789111	0.0823824	3.91683	1	0.6985104
1061000	62.34683	-66.12832	128.4752	0.05	0.4050423	0.567312	0.0523464	0.100855	0.0272699	0.100288	0.0174485	0.185513	0.73668	3.06036	1	0.8480718
1062000	64.68491	-64.88937	129.5743	0.05	0.3045541	0.307582	0.0622385	0.063	0.213039	0.0678044	0.005672	0.108042	0.603372	3.28291	1	0.7136641
1063000	65.33727	-65.9427	131.28	0.05	0.06567211	0.254589	0.0616306	0.0252881	0.138166	0.0766211	3.7737e-10	2.89486e-05	0.0208956	3.97908	1	0.556295
1064000	57.79095	-66.17407	123.965	0.05	0.8999044	0.133621	0.0607572	0.381075	0.381987	0.232164	0.116575	0.444451	0.98121	2.45776	1	1.189604
1065000	63.56102	-65.04619	128.6072	0.05	0.6024373	0.277209	0.000853166	0.0184968	0.353726	0.119813	0.0536112	0.313624	0.882557	2.75021	1	0.7700977
1066000	60.97552	-64.81937	125.7949	0.05	0.07737367	0.334246	0.229548	0.255882	0.173344	0.0914455	9.17064e-09	0.000142566	0.0405046	3.95935	1	1.084465
1067000	64.70624	-65.95863	130.6649	0.05	0.04417181	0.126613	0.24642	0.00729064	0.108547	0.115501	1.30627e-14	1.70626e-07	0.00248197	3.99752	1	0.6043725
1068000	68.58718	-67.06493	135.6521	0.05	0.007527414	0.0779131	0.00501377	0.0153746	0.0612874	0.00356263	5.84017e-81	1.14449e-40	4.24651e-17	4	1	0.1631515
1069000	62.76343	-68.43211	131.1955	0.05	0.3696569	0.0147846	0.0707225	0.116359	0.136082	0.167973	0.0125913	0.158753	0.696241	3.13241	1	0.5059206
1070000	56.49371	-67.12037	123.6141	0.05	0.1545696	0.400289	0.234023	0.472097	0.128287	0.0676382	6.97078e-05	0.0123261	0.255562	3.73204	1	1.302334
1071000	66.56707	-65.55139	132.1185	0.05	0.6404579	0.122185	0.0587436	0.0019708	0.137759	0.116772	0.0615454	0.334028	0.900635	2.70379	1	0.4374304
1072000	61.07285	-66.51758	127.5904	0.05	1.599607	0.22297	0.149346	0.0965866	0.104224	0.208214	0.240308	0.604338	1.05577	2.09958	1	0.7813412
1073000	62.98601	-65.028	128.014	0.05	0.08688545	0.0837927	0.166592	0.19288	0.363828	0.0622929	6.50991e-08	0.000379533	0.060813	3.93881	1	0.8693849
1074000	66.28216	-64.86429	131.1464	0.05	0.10686	0.16575	0.0858694	0.0821661	0.110725	0.117638	1.28067e-06	0.00168028	0.112659	3.88566	1	0.5621475
1075000	62.70456	-70.19116	132.8957	0.05	1.215454	0.0360923	0.0329522	0.0414939	0.0843874	0.0650239	0.177842	0.533148	1.0282	2.26081	1	0.2599497
1076000	65.31848	-67.05713	132.3756	0.05	0.3660604	0.100122	0.0283065	0.0625659	0.197272	0.0165374	0.0121379	0.155987	0.691778	3.1401	1	0.4048037
1077000	63.88912	-69.3346	133.2237	0.05	0.4401358	0.0789795	0.0347746	0.0733292	0.106717	0.0279171	0.0229047	0.211052	0.771301	2.99474	1	0.3217171
1078000	67.37654	-64.17834	131.5549	0.05	0.05761617	0.165851	0.0250968	0.0239897	0.139328	0.150209	1.97478e-11	6.62667e-06	0.0113308	3.98866	1	0.5044742
1079000	66.09251	-64.52173	130.6142	0.05	0.1346909	0.311378	0.00385693	0.115789	0.168016	0.0037712	1.8609e-05	0.00638546	0.195327	3.79827	1	0.6028116
1080000	65.00861	-64.49322	129.5018	0.05	0.2107906	0.166901	0.00996795	0.0614204	0.246968	0.208885	0.000756379	0.0402233	0.411229	3.54779	1	0.694142
1081000	66.84805	-65.27518	132.1232	0.05	0.004215447	0.154167	0.046334	0.0747827	0.19081	0.00383468	8.44636e-144	4.35373e-72	3.87084e-30	4	1	0.4699283
1082000	68.91802	-63.74141	132.6594	0.05	0.02557941	0.154971	0.0368669	0.042961	0.151163	0.0378343	1.6236e-24	1.90527e-12	2.18852e-05	3.99998	1	0.4237961
1083000	55.19232	-74.87769	130.07	0.05	0.6872663	0.263063	0.00918435	0.0356067	0.0727195	0.227514	0.0714707	0.35746	0.920057	2.65101	1	0.6080879
1084000	61.13484	-68.99388	130.1287	0.05	0.9953373	0.224814	0.0584194	0.104353	0.0892171	0.0744756	0.136023	0.475346	0.999223	2.38941	1	0.5512789
1085000	62.13242	-69.42283	131.5553	0.05	0.3445917	0.0442853	0.0729096	0.0529299	0.206464	0.127115	0.00959817	0.139345	0.663626	3.18743	1	0.5037043
1086000	59.17466	-67.04746	126.2221	0.05	0.5441923	0.420332	0.22115	0.202596	0.168317	0.00825426	0.0418426	0.27979	0.849939	2.82843	1	1.020649
1087000	63.33597	-65.50567	128.8416	0.05	0.5721223	0.188722	0.0191463	0.167925	0.206787	0.156581	0.047414	0.296416	0.866402	2.78977	1	0.7391629
1088000	66.52597	-64.93909	131.4651	0.05	0.03188571	0.110873	0.115309	0.07772	0.215537	0.00342082	7.32978e-20	4.04601e-10	0.000202166	3.9998	1	0.5228593
1089000	65.2244	-64.90801	130.1324	0.05	0.2052502	0.175054	0.0324226	0.0536245	0.136391	0.238808	0.000633806	0.0368582	0.397221	3.56529	1	0.6362994
1090000	61.17246	-64.20773	125.3802	0.05	0.04546509	0.163429	0.131308	0.108909	0.705807	0.0172044	3.18897e-14	2.66566e-07	0.00298668	3.99701	1	1.126658
1091000	65.26807	-64.47623	129.7443	0.05	0.1232597	0.452643	0.0566341	0.0698322	0.0900951	0.0258257	7.17697e-06	0.00397085	0.160679	3.83534	1	0.69503
1092000	65.97576	-68.00807	133.9838	0.05	0.03813868	0.0443563	0.0992702	0.00999262	0.0839723	0.0317106	9.12778e-17	1.42703e-08	0.000886569	3.99911	1	0.269302
1093000	64.71378	-66.00257	130.7164	0.05	0.6142098	0.157472	0.0246592	0.0403585	0.169969	0.194064	0.0560514	0.320079	0.888399	2.73547	1	0.5865225
1094000	61.55878	-66.24675	127.8055	0.05	0.02012627	0.172587	0.144714	0.423958	0.132663	0.0135904	6.81779e-31	1.23522e-15	1.0403e-06	4	1	0.8875131
1095000	64.95286	-65.30665	130.2595	0.05	0.005837113	0.185238	0.00311864	0.133422	0.156456	0.151997	4.03104e-104	3.00728e-52	6.63423e-22	4	1	0.6302322
1096000	59.19329	-67.19399	126.3873	0.05	0.08437566	0.302699	0.17264	0.100762	0.0867622	0.345977	4.05167e-08	0.000299485	0.0551198	3.94458	1	1.00884
1097000	62.94644	-64.72473	127.6712	0.05	0.06276617	0.255318	0.210207	0.0717927	0.278037	0.082803	1.4208e-10	1.77671e-05	0.0170625	3.98292	1	0.8981577
1098000	61.47104	-66.67776	128.1488	0.05	2.484541	0.389069	0.134599	0.00247467	0.0747633	0.109522	0.344986	0.698299	1.07845	1.87827	1	0.7104283
1099000	62.45935	-66.01592	128.4753	0.05	0.1039224	0.177904	0.0234538	0.247409	0.307085	0.0763995	8.87938e-07	0.00139951	0.10445	3.89415	1	0.832251
1100000	63.587	-66.13923	129.7262	0.05	0.07236775	0.0881958	0.0690286	0.168755	0.1627	0.205114	2.65769e-09	7.67808e-05	0.0313275	3.9686	1	0.6937933
1101000	61.19878	-67.4047	128.6035	0.05	0.2031515	0.126861	0.0658031	0.245398	0.266971	0.0803617	0.000591252	0.0356131	0.391833	3.57196	1	0.7853941
1102000	63.4218	-65.20075	128.6226	0.05	0.1758867	0.201946	0.0682487	0.0773068	0.31219	0.126994	0.000206067	0.0211241	0.31788	3.66079	1	0.7866851
1103000	62.95947	-67.73076	130.6902	0.05	0.2363269	0.0437442	0.0185132	0.0832291	0.207849	0.242581	0.00153459	0.0570089	0.471751	3.46971	1	0.5959165
1104000	60.99946	-66.69742	127.6969	0.05	0.7058912	0.465861	0.0624552	0.173798	0.0637365	0.0846849	0.0754471	0.366297	0.927032	2.63122	1	0.8505352
1105000	65.89993	-64.13321	130.0331	0.05	0.05435753	0.168574	0.0391095	0.126427	0.172068	0.170645	4.67007e-12	3.22342e-06	0.0084017	3.9916	1	0.6768229
1106000	66.18121	-67.67302	133.8542	0.05	0.03727181	0.0593055	0.0462256	0.0348813	0.146114	0.0281226	3.9199e-17	9.35231e-09	0.000744006	3.99926	1	0.3146492
1107000	63.39553	-64.96056	128.3561	0.05	0.1094845	0.460615	0.121934	0.044595	0.0358486	0.202068	1.74711e-06	0.00196204	0.120117	3.87792	1	0.8650607
1108000	60.16391	-70.28082	130.4447	0.05	1.378026	0.0254157	0.114716	0.0816041	0.180152	0.105294	0.20585	0.566909	1.04238	2.18486	1	0.5071822
1109000	56.53659	-66.46266	122.9993	0.05	0.2129789	0.61926	0.185296	0.38098	0.158895	0.0145487	0.000809027	0.0415824	0.416675	3.54093	1	1.35898
1110000	66.84734	-65.85858	132.7059	0.05	0.02149566	0.0739977	0.0379884	0.100964	0.152564	0.0549131	5.48578e-29	1.10787e-14	2.58538e-06	4	1	0.4204279
1111000	62.55399	-71.25939	133.8134	0.05	0.7608243	0.0847467	0.00827637	0.0308994	0.0553088	0.0731078	0.0871998	0.39087	0.945479	2.57645	1	0.2523391
1112000	65.36593	-63.84771	129.2136	0.05	0.002190761	0.306321	0.0386645	0.0983589	0.19725	0.110512	8.53804e-276	4.37808e-138	1.57191e-57	4	1	0.7511054
1113000	64.10806	-68.52869	132.6367	0.05	0.5612231	0.0613512	0.0397738	0.084643	0.0873335	0.07419	0.0452221	0.290018	0.860169	2.80459	1	0.3472915
1114000	65.25628	-65.93888	131.1952	0.05	0.014994	0.0547721	0.0647842	0.133629	0.220097	0.0569933	3.93346e-41	9.3865e-21	7.81107e-09	4	1	0.5302754
1115000	65.11623	-65.07647	130.1927	0.05	0.262192	0.219243	0.0894901	0.0940826	0.173929	0.0653166	0.00272933	0.0756253	0.526501	3.39514	1	0.6420609
1116000	66.22506	-64.10434	130.3294	0.05	0.06748428	0.343023	0.0467319	0.122719	0.124951	0.0141787	6.64996e-10	3.84227e-05	0.0235018	3.97646	1	0.6516035
1117000	61.76961	-65.68245	127.4521	0.05	2.157098	0.417826	0.0298571	0.0503405	0.109442	0.16855	0.311333	0.670743	1.07347	1.94446	1	0.7760162
1118000	61.82554	-64.66333	126.4889	0.05	3.207016	0.27407	0.0184009	0.00354942	0.284892	0.155716	0.404669	0.742382	1.08336	1.76959	1	0.7366283
1119000	63.40678	-67.26172	130.6685	0.05	0.0959853	0.0725198	0.0447919	0.107517	0.252215	0.112388	2.95035e-07	0.000807321	0.0831651	3.91603	1	0.5894321
1120000	62.68006	-68.55983	131.2399	0.05	0.5177768	0.216272	0.0975488	0.0504345	0.108028	0.0510901	0.036728	0.263363	0.832784	2.86713	1	0.523374
1121000	63.55887	-65.41381	128.9727	0.05	3.396763	0.199788	0.0782826	0.0431452	0.126689	0.0726738	0.417804	0.751372	1.08388	1.74695	1	0.5205794
1122000	65.16349	-65.89492	131.0584	0.05	0.2544857	0.230937	0.0226532	0.14073	0.0498712	0.122598	0.00232744	0.069948	0.51085	3.41687	1	0.566789
1123000	62.96088	-66.0999	129.0608	0.05	0.08963947	0.154958	0.101331	0.303492	0.0176762	0.202551	1.06237e-07	0.000484724	0.0673091	3.93221	1	0.7800092
1124000	64.06042	-64.76986	128.8303	0.05	0.0744716	0.348989	0.057759	0.0356324	0.154624	0.202454	4.56437e-09	0.000100604	0.0350469	3.96485	1	0.7994583
1125000	63.51978	-66.63811	130.1579	0.05	0.5327642	0.330415	0.0991755	0.0923137	0.101739	0.00608809	0.0396095	0.272768	0.842718	2.8449	1	0.6297316
1126000	61.33448	-69.89302	131.2275	0.05	0.2190993	0.036595	0.0596658	0.184818	0.17104	0.0746878	0.000969596	0.0454691	0.431648	3.52191	1	0.5268066
1127000	63.26009	-65.57248	128.8326	0.05	0.03330446	0.133799	0.0939094	0.31967	0.183835	0.0436856	4.67022e-19	1.02117e-09	0.000296843	3.9997	1	0.7748985
1128000	65.24233	-65.38352	130.6259	0.05	0.009656238	0.13752	0.0974003	0.221399	0.128855	0.0219577	2.50754e-63	7.49796e-32	1.93662e-13	4	1	0.6071315
1129000	62.36212	-64.83406	127.1962	0.05	0.1010583	0.386959	0.0750171	0.179825	0.221672	0.0734423	6.08679e-07	0.00115904	0.0966073	3.90223	1	0.9369158
1130000	58.40654	-73.00358	131.4101	0.05	2.428308	0.00513245	0.0130289	0.0895653	0.11702	0.0845374	0.339553	0.693994	1.07777	1.88869	1	0.3092838
1131000	64.37471	-68.27563	132.6503	0.05	0.0344136	0.0240426	0.121955	0.0245008	0.138656	0.115148	1.78603e-18	1.99679e-09	0.000392066	3.99961	1	0.4243019
1132000	61.90013	-65.06164	126.9618	0.05	0.313422	0.250053	0.0179163	0.226419	0.317853	0.14551	0.00644707	0.114969	0.61767	3.26091	1	0.9577506
1133000	66.3381	-64.40388	130.742	0.05	0.0392543	0.175921	0.012489	0.205417	0.218581	0.0059046	2.56406e-16	2.39151e-08	0.00109836	3.9989	1	0.618312
1134000	66.77197	-64.60495	131.3769	0.05	0.04154959	0.162941	0.081953	0.103569	0.103395	0.0978088	1.80315e-15	6.34074e-08	0.00164602	3.99835	1	0.5496675
1135000	62.92983	-65.98014	128.91	0.05	0.3201317	0.517316	0.0516217	0.0858447	0.0273887	0.0772821	0.00706975	0.120219	0.628112	3.2446	1	0.7594534
1136000	65.5661	-65.93045	131.4966	0.05	0.0343634	0.10698	0.106784	0.0679545	0.225651	0.0222115	1.68398e-18	1.93891e-09	0.00038731	3.99961	1	0.5295813
1137000	61.52951	-65.80116	127.3307	0.05	0.07043089	0.178922	0.0500345	0.148136	0.179311	0.370952	1.56984e-09	5.902e-05	0.0280861	3.97185	1	0.9273555
1138000	66.60785	-65.14167	131.7495	0.05	0.1138348	0.132367	0.0133781	0.0999582	0.166102	0.076345	2.83252e-06	0.00249713	0.132703	3.8648	1	0.4881503
1139000	61.57894	-65.56117	127.1401	0.05	0.2577137	0.165784	0.111026	0.241013	0.159419	0.247937	0.00249092	0.0723144	0.517473	3.40772	1	0.9251781
1140000	66.56871	-65.54965	132.1184	0.05	1.962544	0.247081	0.0386832	0.0121199	0.0449807	0.0644056	0.288762	0.650971	1.06902	1.99124	1	0.4072703
1141000	63.8381	-65.78652	129.6246	0.05	0.5534838	0.174391	0.128583	0.0593797	0.224616	0.0611077	0.0436791	0.285405	0.855596	2.81532	1	0.6480772
1142000	64.49968	-68.01856	132.5182	0.05	0.01051171	0.0120928	0.0786027	0.0720126	0.0703711	0.182894	2.97384e-58	2.58193e-29	2.18755e-12	4	1	0.4159735
1143000	65.94896	-68.59842	134.5474	0.05	0.8725494	0.231139	0.0177693	0.0131455	0.0248155	0.0354196	0.110877	0.434782	0.975194	2.47915	1	0.3222893
1144000	66.29872	-64.82456	131.1233	0.05	0.04076206	0.120006	0.107644	0.0224342	0.204224	0.0937254	9.46536e-16	4.59432e-08	0.00144007	3.99856	1	0.5480328
1145000	68.82197	-64.14676	132.9687	0.05	0.1517836	0.154244	0.0376009	0.0254246	0.110525	0.0392594	5.91517e-05	0.011359	0.2472	3.74138	1	0.3670536
1146000	63.00739	-65.71782	128.7252	0.05	0.189308	0.227148	0.133351	0.0758396	0.108926	0.213657	0.00035964	0.0278439	0.355182	3.61661	1	0.7589214
1147000	62.72701	-69.6932	132.4202	0.05	0.9802311	0.0246519	0.0586112	0.0787481	0.116561	0.085833	0.132993	0.470728	0.996646	2.39963	1	0.3644048
1148000	66.26779	-66.39636	132.6642	0.05	0.1819997	0.175908	0.0584223	0.0242437	0.149402	0.00519801	0.00026829	0.024079	0.335077	3.64058	1	0.4131743
1149000	68.29249	-66.36337	134.6559	0.05	0.009062388	0.157441	0.0195331	0.0262026	0.00118611	0.0786427	2.05871e-67	6.79421e-34	2.74935e-14	4	1	0.283005
1150000	64.36477	-66.90535	131.2701	0.05	0.7553642	0.125368	0.107797	0.0147613	0.0985405	0.158159	0.0860321	0.388523	0.943776	2.58167	1	0.5046246
1151000	66.53813	-66.64572	133.1839	0.05	0.09761188	0.133447	0.0389664	0.0884413	0.0487219	0.0489118	3.75217e-07	0.000910302	0.0874076	3.91168	1	0.3584887
1152000	66.54568	-65.85362	132.3993	0.05	0.02613071	0.130117	0.0488985	0.0882207	0.175726	0.0119402	5.09344e-24	3.37444e-12	2.77432e-05	3.99997	1	0.4549028
1153000	66.3385	-63.40168	129.7402	0.05	0.1053453	0.35766	0.0084747	0.0383974	0.162581	0.116698	1.063e-06	0.00153106	0.108407	3.89006	1	0.6838113
1154000	62.73296	-64.24739	126.9804	0.05	0.8065528	0.257204	0.0491074	0.0162198	0.304879	0.26324	0.0969524	0.409759	0.958754	2.53453	1	0.8906501
1155000	63.18169	-66.87889	130.0606	0.05	0.2580134	0.306854	0.082994	0.0182574	0.137866	0.116004	0.00250645	0.072535	0.518083	3.40688	1	0.6619758
1156000	63.60031	-68.54308	132.1434	0.05	0.308445	0.169524	0.101758	0.0150773	0.164167	0.0258696	0.00600533	0.111079	0.609716	3.2732	1	0.4763956
1157000	63.64276	-67.57027	131.213	0.05	1.618497	0.094021	0.040353	0.0698224	0.173706	0.0449854	0.243061	0.607161	1.05668	2.09309	1	0.4228875
1158000	61.96174	-66.10543	128.0672	0.05	1.066313	0.400314	0.0369373	0.10144	0.230746	0.00549152	0.149992	0.495815	1.01017	2.34402	1	0.7749293
1159000	65.00387	-66.3302	131.3341	0.05	0.1876091	0.12816	0.102535	0.0302004	0.221098	0.0437102	0.000336645	0.0269469	0.350553	3.62216	1	0.5257036
1160000	65.91514	-65.91199	131.8271	0.05	0.1061764	0.109226	0.0574673	0.0660138	0.176446	0.0657804	1.17819e-06	0.00161175	0.110735	3.88765	1	0.4749331
1161000	66.39078	-64.45996	130.8507	0.05	0.0480764	0.357178	0.0605889	0.110937	0.0691813	0.0125922	1.67003e-13	6.09883e-07	0.00421041	3.99579	1	0.6104776
1162000	67.09689	-64.93562	132.0325	0.05	0.2835087	0.164145	0.0265134	0.0784792	0.149809	0.0395914	0.00405314	0.0917441	0.567039	3.33716	1	0.4585376
1163000	61.40298	-64.42617	125.8292	0.05	0.04817428	0.266345	0.118098	0.232837	0.234341	0.253484	1.77076e-13	6.28001e-07	0.00426187	3.99574	1	1.105105
1164000	62.54062	-66.50271	129.0433	0.05	0.0401129	0.383424	0.260699	0.0720807	0.0653264	0.0119707	5.45956e-16	3.48944e-08	0.00128476	3.99872	1	0.7935009
1165000	60.07601	-64.65862	124.7346	0.05	0.1713325	0.228457	0.0347877	0.169685	0.564096	0.189781	0.000167226	0.0190433	0.304856	3.67593	1	1.186807
1166000	64.94797	-64.98188	129.9299	0.05	0.2584308	0.183619	0.0864523	0.00302804	0.213817	0.173701	0.00252818	0.0728425	0.518931	3.4057	1	0.6606179
1167000	58.72326	-65.83638	124.5596	0.05	1.839629	0.38949	0.261156	0.0253013	0.14378	0.260431	0.273349	0.636799	1.0654	2.02445	1	1.080158
1168000	66.44378	-66.23327	132.677	0.05	0.1820819	0.113839	0.0369045	0.0390259	0.0688996	0.130439	0.000269211	0.02412	0.335305	3.64031	1	0.3891083
1169000	65.33746	-64.72601	130.0635	0.05	0.07861289	0.169453	0.1325	0.024965	0.148734	0.193512	1.21611e-08	0.000164156	0.0429464	3.95689	1	0.669164
1170000	62.11416	-67.79459	129.9088	0.05	0.1993565	0.00305476	0.0411798	0.177787	0.198335	0.273316	0.000519491	0.0334051	0.381976	3.5841	1	0.6936725
1171000	63.57675	-66.5397	130.1164	0.05	0.1410395	0.310865	0.193048	0.0218906	0.118237	0.0260433	2.95465e-05	0.00803964	0.214661	3.77727	1	0.6700835
1172000	68.045	-65.82871	133.8737	0.05	0.0750194	0.177628	0.0428335	0.0301752	0.0588619	0.0201413	5.22848e-09	0.000107669	0.0360485	3.96384	1	0.3296397
1173000	62.49708	-69.17878	131.6759	0.05	0.6865593	0.0748732	0.123874	0.0188642	0.175909	0.073467	0.0713199	0.357119	0.919784	2.65178	1	0.4669872
1174000	64.48726	-67.83888	132.3261	0.05	0.828349	0.187234	0.0299881	0.104511	0.117091	0.0206862	0.101575	0.418302	0.964511	2.51561	1	0.4595101
1175000	61.49992	-66.47468	127.9746	0.05	0.3239817	0.239079	0.0523325	0.0474788	0.452651	0.0623185	0.00744102	0.123234	0.633963	3.23536	1	0.8538594
1176000	66.84553	-66.79796	133.6435	0.05	0.0513637	0.0812025	0.0106692	0.0326393	0.155071	0.0397178	1.05672e-12	1.53371e-06	0.00617316	3.99383	1	0.3193001
1177000	66.45077	-66.94603	133.3968	0.05	0.07845908	0.107641	0.0737274	0.0282822	0.0544056	0.11221	1.17481e-08	0.000161347	0.0426398	3.9572	1	0.3762661
1178000	67.89844	-64.77194	132.6704	0.05	0.3847694	0.133558	0.00677466	0.00421343	0.158969	0.115825	0.0145799	0.17029	0.714259	3.10087	1	0.4193405
1179000	64.65834	-66.24655	130.9049	0.05	0.2173848	0.00266074	0.0972854	0.0696314	0.315673	0.0890821	0.0009226	0.0443681	0.427492	3.52722	1	0.5743321
1180000	64.55301	-64.6071	129.1601	0.05	0.5153423	0.225034	0.101954	0.0103937	0.192312	0.181637	0.0362654	0.261814	0.831119	2.8708	1	0.71133
1181000	59.55743	-69.91123	129.4687	0.05	3.975338	0.100537	0.0564079	0.0447989	0.117748	0.0165692	0.453002	0.774352	1.0844	1.68824	1	0.336061
1182000	66.19723	-63.704	129.9012	0.05	0.108103	0.319848	0.0125147	0.00493775	0.156428	0.17562	1.48641e-06	0.00180999	0.116177	3.88201	1	0.6693488
1183000	65.4729	-65.34199	130.8149	0.05	0.3198956	0.108665	0.00801474	0.024302	0.264812	0.159418	0.00704732	0.120035	0.62775	3.24517	1	0.5652123
1184000	68.99053	-65.43657	134.4271	0.05	0.4885514	0.11233	0.0126253	0.00117539	0.0473116	0.0689056	0.0312859	0.244376	0.811756	2.91258	1	0.2423475
1185000	62.46373	-65.33506	127.7988	0.05	1.929362	0.329589	0.0100618	0.124461	0.19348	0.0592961	0.284694	0.647286	1.06812	1.9999	1	0.716888
1186000	61.7422	-67.28831	129.0305	0.05	0.5980159	0.13902	0.0443368	0.163564	0.183041	0.185452	0.0526991	0.311168	0.880303	2.75583	1	0.7154149
1187000	68.42621	-63.37001	131.7962	0.05	0.0005687552	0.314955	0.00505162	0.10546	0.0797684	0.0189472	0	0	3.59679e-220	4	1	0.5241822
1188000	61.48517	-65.58704	127.0722	0.05	0.1299733	0.189929	0.259907	0.0826578	0.269353	0.150293	1.28171e-05	0.00530241	0.180977	3.81371	1	0.9521392
1189000	61.52197	-65.6504	127.1724	0.05	1.701102	0.416214	0.0532732	0.165334	0.008942	0.181729	0.254785	0.618933	1.06033	2.06595	1	0.8254924
1190000	63.97385	-65.8414	129.8152	0.05	0.009369778	0.18488	0.246129	0.0236589	0.111876	0.130002	3.11225e-65	8.35347e-33	7.78923e-14	4	1	0.6965456
1191000	64.7852	-65.4845	130.2697	0.05	0.7976434	0.108829	0.00683912	0.0832626	0.239882	0.136042	0.0950572	0.406184	0.9563	2.54246	1	0.5748551
1192000	66.87416	-64.38633	131.2605	0.05	0.126785	0.177821	0.0228451	0.0925444	0.13588	0.121365	9.80664e-06	0.0046398	0.171312	3.82404	1	0.5504557
1193000	65.60328	-67.08279	132.6861	0.05	0.2302444	0.0241192	0.022863	0.0866389	0.130228	0.103624	0.00131524	0.0528418	0.457933	3.48791	1	0.3674735
1194000	63.69678	-66.95308	130.6499	0.05	0.6514045	0.134303	0.0217922	0.0468078	0.177292	0.16002	0.0638545	0.33967	0.905438	2.69104	1	0.5402144
1195000	60.70918	-70.08823	130.7974	0.05	0.1144143	0.032677	0.190243	0.0501117	0.108491	0.192313	3.01244e-06	0.00257506	0.134397	3.86302	1	0.5738352
1196000	65.27743	-64.75115	130.0286	0.05	0.03106431	0.229989	0.0231521	0.195817	0.211865	0.0119407	2.32211e-20	2.27748e-10	0.000159279	3.99984	1	0.6727635
1197000	63.11609	-65.76004	128.8761	0.05	0.1933365	0.173655	0.0200206	0.259699	0.252638	0.074362	0.000418693	0.0300219	0.366044	3.60352	1	0.7803753
1198000	67.27755	-65.76896	133.0465	0.05	0.09757279	0.0447723	0.00143514	0.101368	0.121836	0.0768385	3.73091e-07	0.000907722	0.0873049	3.91179	1	0.3462497
1199000	60.35614	-66.21518	126.5713	0.05	1.686472	0.457169	0.0198441	0.193665	0.185247	0.00133968	0.252745	0.616914	1.05972	2.07062	1	0.857265
1200000	66.06769	-67.87117	133.9389	0.05	0.008019404	0.11263	0.0748858	0.0139283	0.0307734	0.0531567	4.71305e-76	3.25112e-38	4.42865e-16	4	1	0.2853742
1201000	64.44115	-64.71601	129.1572	0.05	0.2451611	0.286565	0.129639	0.0368753	0.115541	0.168703	0.00189386	0.0632183	0.491169	3.44372	1	0.7373232
1202000	64.28603	-66.0191	130.3051	0.05	0.216562	0.139048	0.0652381	0.0622221	0.239832	0.127406	0.000900607	0.043843	0.425487	3.52977	1	0.6337468
1203000	61.79485	-64.63186	126.4267	0.05	0.1135328	0.451704	0.18933	0.0180157	0.0903274	0.26376	2.74236e-06	0.00245715	0.131821	3.86572	1	1.013138
1204000	66.11385	-65.48054	131.5944	0.05	0.9776733	0.354437	0.00666922	0.0522739	0.0640799	0.0241396	0.132478	0.469937	0.9962	2.40139	1	0.5015995
1205000	66.51405	-64.44089	130.9549	0.05	0.05060383	0.189713	0.0428333	0.0399784	0.109048	0.205949	7.04703e-13	1.25255e-06	0.00567561	3.99432	1	0.5875221
1206000	64.37749	-64.14266	128.5201	0.05	0.09911973	0.363393	0.0708365	0.0668229	0.187395	0.156644	4.65594e-07	0.00101388	0.0913987	3.90759	1	0.8450916
1207000	63.76854	-67.1435	130.912	0.05	2.50654	0.244688	0.0360652	0.0555211	0.0359939	0.0375635	0.347076	0.69994	1.0787	1.87428	1	0.4098314
1208000	60.70901	-65.27517	125.9842	0.05	2.270922	0.477425	0.0811623	0.0786126	0.233898	0.0174544	0.323603	0.681043	1.0755	1.91986	1	0.8885519
1209000	65.04131	-67.74897	132.7903	0.05	0.06049715	0.0540897	0.0946667	0.13779	0.00542064	0.108306	6.20773e-11	1.17462e-05	0.0143696	3.98562	1	0.4002737
1210000	66.20253	-65.03963	131.2422	0.05	0.06592534	0.1136	0.0833932	0.0168413	0.312661	0.017056	4.09226e-10	3.01451e-05	0.0212499	3.97872	1	0.5435512
1211000	66.54922	-63.39737	129.9466	0.05	0.1606356	0.361408	0.00224276	0.0169885	0.149631	0.133203	9.77194e-05	0.0145812	0.273621	3.7117	1	0.6634731
1212000	65.06635	-65.55077	130.6171	0.05	0.2882313	0.296746	0.00606347	0.114754	0.111583	0.049956	0.00438932	0.095377	0.575499	3.32473	1	0.5791015
1213000	65.62258	-64.80131	130.4239	0.05	0.1886934	0.156699	0.0317482	0.127316	0.256453	0.0614661	0.000351195	0.0275179	0.353511	3.61862	1	0.6336827
1214000	61.39632	-65.63978	127.0361	0.05	0.5056151	0.252853	0.0108311	0.00849088	0.50322	0.196836	0.0344331	0.255566	0.824312	2.88569	1	0.9722307
1215000	66.5333	-64.60782	131.1411	0.05	0.0712763	0.119062	0.0614382	0.0468394	0.30557	0.0226334	1.98238e-09	6.63184e-05	0.029479	3.97045	1	0.5555436
1216000	52.19899	-66.40766	118.6066	0.05	0.8500364	0.189469	0.0397705	0.316509	0.516533	0.689061	0.106153	0.426525	0.96991	2.49741	1	1.751343
1217000	56.46304	-65.16332	121.6264	0.05	0.06218499	0.60448	0.0502334	0.353527	0.478835	0.0166925	1.15592e-10	1.60263e-05	0.0163476	3.98364	1	1.503768
1218000	63.62451	-65.42902	129.0535	0.05	0.05716344	0.156817	0.0434687	0.0692239	0.28371	0.211881	1.63226e-11	6.02488e-06	0.0108918	3.9891	1	0.7651013
1219000	68.16186	-64.28484	132.4467	0.05	0.08913721	0.203058	0.00658773	0.0299238	0.154349	0.0398191	9.73788e-08	0.000464097	0.0661058	3.93343	1	0.4337383
1220000	66.72621	-63.88296	130.6092	0.05	0.1972642	0.309209	0.0538849	0.00333569	0.190478	0.0780584	0.00048269	0.0322123	0.37648	3.59082	1	0.6349659
1221000	64.88257	-66.01641	130.899	0.05	0.1017373	0.112655	0.190044	0.0566981	0.215379	0.0147965	6.66968e-07	0.00121319	0.0984514	3.90033	1	0.5895723
1222000	65.50594	-68.37302	133.879	0.05	0.1192241	0.027158	0.0385201	0.0686731	0.094428	0.0440578	4.90773e-06	0.00328509	0.148603	3.84811	1	0.272837
1223000	65.37694	-65.85711	131.2341	0.05	1.497115	0.275505	0.0241724	0.0607293	0.0706086	0.0302584	0.224876	0.588075	1.05025	2.1368	1	0.4612734
1224000	66.40791	-67.18255	133.5905	0.05	2.390503	0.131773	0.0153498	0.0569109	0.0230696	0.00692239	0.335823	0.691008	1.07727	1.8959	1	0.2340262
1225000	65.97356	-64.73144	130.705	0.05	0.01985486	0.195805	0.0097743	0.101382	0.15035	0.151344	2.65922e-31	7.71452e-16	8.55705e-07	4	1	0.608656
1226000	65.54904	-65.10471	130.6537	0.05	0.7166889	0.306202	0.0887741	0.00519541	0.0934508	0.0854646	0.077756	0.371299	0.930899	2.62005	1	0.5790872
1227000	67.23728	-66.64268	133.88	0.05	0.06965331	0.0859537	0.0497399	0.0513877	0.0258623	0.0860699	1.26032e-09	5.2886e-05	0.0268352	3.97311	1	0.2990135
1228000	59.28091	-65.37275	124.6537	0.05	1.377077	0.434719	0.051441	0.233936	0.251433	0.105182	0.205694	0.566729	1.04231	2.18527	1	1.076711
1229000	67.42837	-64.50541	131.9338	0.05	0.2771665	0.163007	0.0109059	0.0294465	0.182674	0.0716659	0.00362627	0.0868957	0.555388	3.35409	1	0.4576992
1230000	63.89474	-65.59145	129.4862	0.05	0.1617049	0.210263	0.10961	0.135777	0.196521	0.0519378	0.000103442	0.0149997	0.276781	3.70812	1	0.7041085
1231000	65.96447	-64.70481	130.6693	0.05	0.01151432	0.0891653	0.135609	0.0395619	0.171449	0.158101	2.8874e-53	8.04455e-27	2.37046e-11	4	1	0.5938859
1232000	63.22296	-65.05644	128.2794	0.05	0.02797016	0.342047	0.0109921	0.138863	0.0690757	0.298272	1.66768e-22	1.93056e-11	5.72087e-05	3.99994	1	0.85925
1233000	60.18714	-66.14485	126.332	0.05	0.08135058	0.0257228	0.0039359	0.646154	0.142243	0.208236	2.20044e-08	0.000220763	0.0485665	3.95121	1	1.026292
1234000	68.86086	-63.36954	132.2304	0.05	0.01203679	0.246957	0.00633899	0.028395	0.108174	0.0587781	5.37118e-51	1.09714e-25	7.01095e-11	4	1	0.4486429
1235000	66.9407	-64.02474	130.9654	0.05	0.01905207	0.282543	0.0771843	0.103847	0.112568	0.0127212	1.40312e-32	1.77219e-16	4.64766e-07	4	1	0.5888628
1236000	60.58364	-67.35168	127.9353	0.05	0.06785514	0.153985	0.271805	0.193095	0.0635347	0.201977	7.43964e-10	4.06388e-05	0.0240553	3.9759	1	0.8843971
1237000	69.46209	-63.9776	133.4397	0.05	0.04567165	0.164807	0.00656275	0.0833178	0.0499431	0.0484797	3.6604e-14	2.85586e-07	0.00307331	3.99693	1	0.35311
1238000	62.6768	-67.33397	130.0108	0.05	0.7270942	0.142977	0.151379	0.0775288	0.213796	0.0278286	0.0799824	0.376038	0.934509	2.60947	1	0.613509
1239000	57.34884	-66.08705	123.4359	0.05	1.165322	0.617749	0.0286167	0.182407	0.235277	0.151669	0.168713	0.521368	1.02278	2.28714	1	1.215719
1240000	65.53231	-64.25663	129.7889	0.05	0.7011168	0.389794	0.0317159	0.00798951	0.142618	0.0963596	0.0744268	0.364057	0.925282	2.63623	1	0.6684768
1241000	65.85264	-65.09272	130.9454	0.05	0.08996979	0.236978	0.0914638	0.0245074	0.0811569	0.147163	1.12437e-07	0.000498655	0.0681048	3.9314	1	0.5812694
1242000	62.72517	-65.7439	128.4691	0.05	0.1569298	0.303155	0.162562	0.15688	0.0266653	0.190966	7.97466e-05	0.0131794	0.262615	3.72413	1	0.8402285
1243000	67.84725	-64.73118	132.5784	0.05	0.3561906	0.198951	0.00363013	0.00377406	0.106931	0.0911475	0.0109344	0.148361	0.679164	3.16154	1	0.4044335
1244000	65.01162	-64.07035	129.082	0.05	0.280134	0.329241	0.0446238	0.06063	0.224083	0.0816997	0.00382249	0.0891595	0.560882	3.34614	1	0.7402771
1245000	68.33208	-66.42985	134.7619	0.05	0.09352608	0.0783905	0.00984883	0.0593744	0.0413779	0.0143543	2.0189e-07	0.00066798	0.0768831	3.92245	1	0.203346
1246000	66.38114	-64.89991	131.281	0.05	0.1824223	0.261107	0.0136138	0.0617028	0.109156	0.117384	0.00027305	0.02429	0.336253	3.63918	1	0.5629636
1247000	63.58065	-65.78076	129.3614	0.05	0.02294713	0.334935	0.011641	0.154516	0.0281406	0.219381	3.24144e-27	8.515e-14	6.02641e-06	3.99999	1	0.748614
1248000	65.98771	-65.32332	131.311	0.05	0.04226751	0.0542503	0.00358813	0.0746122	0.283141	0.133254	3.1776e-15	8.41679e-08	0.00185126	3.99815	1	0.5488451
1249000	67.69842	-65.12126	132.8197	0.05	0.1198725	0.075599	0.0362562	0.0594764	0.105689	0.122147	5.22579e-06	0.00338963	0.150535	3.84607	1	0.3991672
1250000	63.53788	-66.6929	130.2308	0.05	0.1250068	0.214364	0.0167788	0.0128537	0.135641	0.275335	8.39631e-06	0.0042941	0.16594	3.82976	1	0.6549723
1251000	63.46201	-66.22696	129.689	0.05	0.3935302	0.198076	0.0208155	0.218676	0.151373	0.103157	0.0157922	0.176907	0.724184	3.08312	1	0.6920975
1252000	67.11562	-64.85579	131.9714	0.05	0.1698489	0.107563	0.0581551	0.0792906	0.13492	0.105536	0.000155849	0.0183884	0.300576	3.68088	1	0.4854642
1253000	61.53548	-71.24886	132.7843	0.05	1.51849	0.171397	0.0754685	0.0262488	0.11837	0.00540936	0.228165	0.591605	1.05149	2.12874	1	0.3968938
1254000	68.35645	-65.05391	133.4104	0.05	0.1196389	0.16293	0.0578783	0.0152325	0.0915207	0.0308531	5.10928e-06	0.00335171	0.149839	3.8468	1	0.358415
1255000	65.07957	-65.87319	130.9528	0.05	0.3657207	0.190615	0.0971166	0.00297177	0.0741355	0.201294	0.0120955	0.155726	0.691353	3.14083	1	0.5661324
1256000	61.76012	-65.34695	127.1071	0.05	0.1256365	0.752599	0.0437307	0.0411032	0.0327591	0.123638	8.87538e-06	0.00441459	0.167841	3.82774	1	0.9938298
1257000	66.14779	-65.81078	131.9586	0.05	0.3044312	0.219234	0.00822635	0.0241547	0.186612	0.059397	0.00566165	0.107947	0.60317	3.28322	1	0.497624
1258000	63.00693	-64.41831	127.4252	0.05	0.02288287	0.273455	0.152957	0.144449	0.187262	0.180916	2.73567e-27	7.82258e-14	5.81799e-06	3.99999	1	0.9390396
1259000	63.69341	-67.19721	130.8906	0.05	0.1294025	0.189931	0.00973549	0.0579343	0.0627	0.274232	1.22291e-05	0.0051797	0.179244	3.81556	1	0.5945326
1260000	62.13176	-66.31574	128.4475	0.05	0.2472463	0.445659	0.0537279	0.157155	0.139768	0.0177413	0.00198589	0.0647086	0.495642	3.43766	1	0.8140511
1261000	59.90612	-68.61358	128.5197	0.05	0.4740337	0.0496769	0.121091	0.115327	0.325367	0.163893	0.0286819	0.234627	0.800415	2.93628	1	0.7753556
1262000	64.0675	-65.59654	129.664	0.05	0.1642789	0.220549	0.0741928	0.0824282	0.220364	0.110085	0.000118269	0.0160325	0.284354	3.69949	1	0.7076194
1263000	62.55697	-65.82506	128.382	0.05	0.01568737	0.0986617	0.106491	0.271255	0.306945	0.0492575	2.34139e-39	7.24146e-20	1.82369e-08	4	1	0.8326103
1264000	61.71994	-66.86868	128.5886	0.05	0.08398603	0.0819554	0.339504	0.122662	0.0382025	0.206407	3.75456e-08	0.000288304	0.0542563	3.94546	1	0.7887316
1265000	63.78582	-64.84299	128.6288	0.05	1.063247	0.233699	0.0309532	0.0716825	0.194586	0.17949	0.149398	0.49497	1.00974	2.34589	1	0.7104113
1266000	62.97345	-67.67288	130.6463	0.05	1.27078	0.106208	0.0876931	0.00269101	0.130289	0.170334	0.187646	0.545352	1.03355	2.23345	1	0.4972156
1267000	60.92348	-68.28085	129.2043	0.05	1.004787	0.0774723	0.1724	0.0393872	0.328798	0.0421513	0.137908	0.478186	1.00079	2.38312	1	0.6602082
1268000	68.65054	-63.97385	132.6244	0.05	0.01364248	0.239634	0.0141597	0.0477567	0.115547	0.00700832	4.13989e-45	9.63079e-23	1.16769e-09	4	1	0.4241054
1269000	65.22539	-67.2147	132.4401	0.05	0.2121277	0.0746096	0.0341945	0.0612565	0.231113	0.0106761	0.000788258	0.0410518	0.414563	3.5436	1	0.4118496
1270000	64.9734	-67.55744	132.5308	0.05	0.06190152	0.106938	0.114538	0.0736206	0.0978519	0.0470094	1.04378e-10	1.52295e-05	0.0160052	3.98398	1	0.4399585
1271000	59.87891	-66.84525	126.7242	0.05	0.3938989	0.185746	0.233105	0.13147	0.293586	0.14994	0.0158441	0.177184	0.724593	3.08238	1	0.9938471
1272000	63.69776	-65.97137	129.6691	0.05	0.1976734	0.18865	0.159769	0.0712394	0.202148	0.0826425	0.000489736	0.0324441	0.377558	3.58951	1	0.7044495
1273000	65.24519	-69.63511	134.8803	0.05	0.02605058	0.0976204	0.014531	0.0423903	0.0208761	0.0239708	4.32662e-24	3.1101e-12	2.68199e-05	3.99997	1	0.1993887
1274000	62.95268	-67.41579	130.3685	0.05	0.3768119	0.245545	0.119046	0.0287561	0.179217	0.0293483	0.0135162	0.164234	0.704918	3.11733	1	0.6019116
1275000	64.00855	-65.78638	129.7949	0.05	0.1171296	0.0440051	0.170793	0.0129097	0.244862	0.225583	3.98767e-06	0.00296186	0.142389	3.85465	1	0.6981521
1276000	61.61046	-64.87889	126.4893	0.05	1.498968	0.229195	0.115963	0.0403593	0.316279	0.171383	0.225163	0.588385	1.05036	2.13609	1	0.873178
1277000	65.78217	-65.07433	130.8565	0.05	0.4861643	0.33493	0.0349948	0.0292806	0.0935982	0.0755857	0.0308529	0.242788	0.809934	2.91643	1	0.5683892
1278000	65.88427	-64.13874	130.023	0.05	0.4803122	0.330335	0.0335967	0.0211994	0.175644	0.0850737	0.0297993	0.238869	0.805397	2.92593	1	0.6458486
1279000	64.71743	-65.83059	130.548	0.05	0.01164161	0.120633	0.137209	0.033358	0.19354	0.139099	1.07701e-52	1.55365e-26	3.11505e-11	4	1	0.623839
1280000	64.48611	-65.56413	130.0502	0.05	0.1895105	0.214327	0.0414255	0.153554	0.170304	0.0801488	0.000362455	0.0279517	0.355731	3.61595	1	0.6597595
1281000	65.08688	-65.34514	130.432	0.05	0.2754227	0.244279	0.0737097	0.0919304	0.108728	0.113004	0.00351383	0.0855696	0.552125	3.35879	1	0.6316504
1282000	63.15372	-65.01035	128.1641	0.05	0.04573404	0.415736	0.163622	0.226869	0.0236849	0.0213677	3.81511e-14	2.91557e-07	0.00309981	3.9969	1	0.8512807
1283000	62.03992	-67.56312	129.603	0.05	0.2228668	0.110765	0.0680653	0.240286	0.266656	0.00399127	0.00107854	0.0479207	0.440674	3.51033	1	0.6897638
1284000	64.7813	-66.36364	131.1449	0.05	0.3018017	0.17245	0.0353294	0.0829303	0.206686	0.0480834	0.0054426	0.105897	0.598816	3.28984	1	0.5454795
1285000	65.84314	-66.85342	132.6966	0.05	0.169852	0.0934058	0.0844192	0.0390575	0.184496	0.0166724	0.000155872	0.0183898	0.300585	3.68087	1	0.4180505
1286000	63.59356	-68.02669	131.6203	0.05	0.03852946	0.217466	0.143851	0.0271065	0.120636	0.018081	1.31961e-16	1.71577e-08	0.000957004	3.99904	1	0.5271397
1287000	63.58477	-64.95577	128.5405	0.05	0.6481009	0.179524	0.0480582	0.0701136	0.206128	0.240398	0.0631567	0.337978	0.904006	2.69486	1	0.7442218
1288000	63.41153	-66.25068	129.6622	0.05	0.001711845	0.117528	0.100088	0.315364	0.138743	0.0225114	0	1.58128e-176	1.74366e-73	4	1	0.6942335
1289000	64.68595	-64.41968	129.1056	0.05	0.04933284	0.183114	0.132236	0.0239138	0.264337	0.135042	3.47996e-13	8.8029e-07	0.00490293	3.9951	1	0.7386414
1290000	59.33382	-67.44036	126.7742	0.05	0.2211364	0.0430474	0.196762	0.360927	0.283049	0.0893889	0.00102753	0.0467893	0.436546	3.51564	1	0.9731748
1291000	67.16314	-65.3046	132.4677	0.05	0.3307819	0.313149	0.0337991	0.0209254	0.0666762	0.0265798	0.00812139	0.128557	0.644054	3.21927	1	0.4611291
1292000	60.52506	-65.39044	125.9155	0.05	1.654283	0.189714	0.114544	0.0878416	0.398983	0.126132	0.248202	0.612373	1.05833	2.0811	1	0.917214
1293000	56.91829	-65.8058	122.7241	0.05	0.8958103	0.159725	0.13736	0.322956	0.408958	0.313638	0.115725	0.443028	0.980336	2.46091	1	1.342637
1294000	68.47569	-65.97001	134.4457	0.05	0.8409693	0.137939	0.0196738	0.0140408	0.0780024	0.0237869	0.104242	0.42312	0.967691	2.50495	1	0.2734424
1295000	66.94539	-65.7933	132.7387	0.05	0.01635443	0.14541	0.0313566	0.0633137	0.0335143	0.141755	8.60615e-38	4.39004e-19	3.85255e-08	4	1	0.4153496
1296000	64.60103	-64.23658	128.8376	0.05	0.316118	0.202179	0.0400978	0.107677	0.248516	0.172162	0.00669354	0.117078	0.621904	3.25432	1	0.7706313
1297000	66.5145	-64.72703	131.2415	0.05	0.08380616	0.134868	0.00545202	0.0544035	0.301326	0.0297142	3.62398e-08	0.000283251	0.0538596	3.94586	1	0.5257644
1298000	66.31739	-64.4956	130.813	0.05	0.1229697	0.273371	0.0309296	0.094384	0.138483	0.0317991	6.98941e-06	0.00391875	0.159807	3.83627	1	0.5689666
1299000	63.96828	-66.81182	130.7801	0.05	0.8721966	0.259258	0.0237014	0.0953568	0.114696	0.0615821	0.110803	0.434655	0.975114	2.47943	1	0.5545944
1300000	67.04113	-64.19943	131.2406	0.05	0.2326447	0.181592	0.0172776	0.00992271	0.1831	0.137653	0.00139913	0.0544749	0.463429	3.4807	1	0.5295444
1301000	62.25355	-68.92589	131.1794	0.05	0.4052035	0.210858	0.0562333	0.0409083	0.0153912	0.17721	0.0174722	0.185632	0.736851	3.06004	1	0.5006009
1302000	58.98999	-66.599	125.589	0.05	2.805494	0.102663	0.0473281	0.191321	0.352663	0.131843	0.373632	0.720156	1.08137	1.82484	1	0.8258184
1303000	62.26262	-67.99049	130.2531	0.05	0.9556562	0.369061	0.0967365	0.0253254	0.0199392	0.127309	0.128023	0.463005	0.992245	2.41673	1	0.6383707
1304000	65.87025	-65.05389	130.9241	0.05	0.1146578	0.307723	0.0800244	0.0657114	0.124249	0.0317652	3.09085e-06	0.0026083	0.135111	3.86228	1	0.6094724
1305000	67.20988	-65.57143	132.7813	0.05	0.145917	0.0410146	0.00492161	0.0619449	0.156723	0.118589	4.10085e-05	0.00946546	0.229478	3.76102	1	0.3831939
1306000	66.29791	-66.76955	133.0675	0.05	0.2331356	0.146112	0.0233793	0.09513	0.0737621	0.0280852	0.00141672	0.0548108	0.464547	3.47923	1	0.3664688
1307000	67.34608	-63.83744	131.1835	0.05	0.09153939	0.378098	0.0204457	0.0275493	0.104877	0.0205582	1.46401e-07	0.000568926	0.0719325	3.9275	1	0.5515282
1308000	62.24568	-65.93261	128.1783	0.05	0.1549856	0.39746	0.0926713	0.020658	0.197062	0.125504	7.1402e-05	0.0124743	0.256808	3.73065	1	0.8333554
1309000	61.78237	-65.18513	126.9675	0.05	3.898675	0.205972	0.0435638	0.066816	0.215938	0.0769415	0.448708	0.771631	1.0844	1.69526	1	0.6092313
1310000	62.61739	-64.95168	127.5691	0.05	0.1011711	0.163047	0.126193	0.138334	0.437925	0.0372732	6.18052e-07	0.00116792	0.0969131	3.90192	1	0.9027736
1311000	68.93019	-63.93664	132.8668	0.05	0.008160258	0.221339	0.0260208	0.0231369	0.0545905	0.0791132	9.31463e-75	1.4453e-37	8.2258e-16	4	1	0.4042009
1312000	65.52477	-64.345	129.8698	0.05	0.0392038	0.172111	0.0500344	0.0955438	0.166536	0.203918	2.45005e-16	2.33775e-08	0.00108805	3.99891	1	0.6881436
1313000	63.45685	-66.22277	129.6796	0.05	2.430568	0.180201	0.0280956	0.0794118	0.179191	0.0606037	0.339773	0.69417	1.07779	1.88826	1	0.5275038
1314000	62.2731	-65.51305	127.7862	0.05	0.3283633	0.506763	0.0154564	0.166209	0.0370117	0.16293	0.00787581	0.126664	0.6405	3.22496	1	0.8883709
1315000	55.37024	-68.00456	123.3748	0.05	1.810668	0.130973	0.155693	0.354097	0.414619	0.111788	0.269577	0.633242	1.06444	2.03274	1	1.16717
1316000	65.43144	-65.50675	130.9382	0.05	0.5311125	0.41992	0.0533236	0.0174419	0.0616593	0.0603032	0.0392892	0.271742	0.84165	2.84732	1	0.6126483
1317000	63.80379	-65.07892	128.8827	0.05	0.02212453	0.0243271	0.0405319	0.271605	0.284658	0.166961	3.43011e-28	2.77013e-14	3.7817e-06	4	1	0.7880819
1318000	65.04574	-65.29595	130.3417	0.05	0.1405975	0.10924	0.0905976	0.128011	0.228722	0.0587235	2.86493e-05	0.00791709	0.213316	3.77874	1	0.6152947
1319000	66.53999	-66.63622	133.1762	0.05	0.0142265	0.12535	0.0398673	0.099117	0.0580491	0.0153046	2.68305e-43	7.75282e-22	2.77486e-09	4	1	0.3376879
1320000	61.48629	-64.63629	126.1226	0.05	3.303843	0.444017	0.015807	0.0699515	0.179661	0.0754643	0.411482	0.747075	1.08365	1.75779	1	0.7849014
1321000	62.48792	-64.42878	126.9167	0.05	0.01826268	0.155073	0.0719487	0.213125	0.368338	0.164336	6.04286e-34	3.67802e-17	2.42014e-07	4	1	0.9728207
1322000	70.1576	-64.92004	135.0776	0.05	0.1391592	0.171859	0.0133396	0.0203894	0.0363626	0.0010295	2.58793e-05	0.007526	0.208937	3.78351	1	0.2429806
1323000	61.25856	-70.31869	131.5773	0.05	0.302927	0.0351151	0.217124	0.0496573	0.202635	0.00799849	0.00553575	0.106774	0.600686	3.287	1	0.5125296
1324000	62.53943	-66.37174	128.9112	0.05	0.07387873	0.122152	0.217072	0.147305	0.0884771	0.197636	3.93139e-09	9.33725e-05	0.0339782	3.96593	1	0.772641
1325000	66.8285	-63.68329	130.5118	0.05	0.09133472	0.246558	0.0558252	0.0263217	0.222357	0.069088	1.4152e-07	0.000559373	0.0714291	3.92801	1	0.6201505
1326000	60.80344	-69.8545	130.6579	0.05	0.7755977	0.294603	0.112254	0.00357342	0.0493723	0.132488	0.0903566	0.397121	0.949957	2.56257	1	0.5922914
1327000	61.72612	-70.04415	131.7703	0.05	0.1427355	0.0744982	0.0265289	0.0242004	0.0758154	0.296488	3.31984e-05	0.00852013	0.219819	3.77163	1	0.4975307
1328000	65.06757	-67.19196	132.2595	0.05	1.00644	0.216749	0.0170641	0.107547	0.0284078	0.0670433	0.138237	0.478679	1.00106	2.38202	1	0.4368105
1329000	64.03364	-68.42354	132.4572	0.05	0.2438511	0.155394	0.0779531	0.0163276	0.0355955	0.129242	0.00183746	0.0622867	0.488338	3.44754	1	0.4145116
1330000	66.40438	-63.83195	130.2363	0.05	0.023523	0.235817	0.0716298	0.0761782	0.241698	0.0444246	1.42234e-26	1.78359e-13	8.19043e-06	3.99999	1	0.669748
1331000	64.20375	-66.94401	131.1478	0.05	0.8506051	0.0894577	0.0779357	0.0401981	0.218179	0.0765645	0.106272	0.426737	0.970048	2.49694	1	0.5023352
1332000	67.43711	-67.08247	134.5196	0.05	0.9358783	0.140202	0.0141484	0.0459611	0.0379716	0.00044162	0.123989	0.456592	0.988506	2.43091	1	0.2387245
1333000	63.48092	-64.72616	128.2071	0.05	0.2342677	0.28883	0.0175894	0.0781074	0.215669	0.236252	0.00145782	0.0555877	0.467114	3.47584	1	0.8364473
1334000	64.20733	-65.99998	130.2073	0.05	1.430147	0.198793	0.0792103	0.00978418	0.21983	0.0624896	0.214327	0.576501	1.04604	2.16313	1	0.5701068
1335000	64.65618	-67.49241	132.1486	0.05	0.1842527	0.122221	0.0228275	0.115822	0.0251184	0.174058	0.000294386	0.0252133	0.341328	3.63316	1	0.4600468
1336000	69.2621	-64.35314	133.6152	0.05	0.07745417	0.306887	0.0236871	0.00674566	0.0222846	0.033889	9.34288e-09	0.000143898	0.0406612	3.95919	1	0.3934937
1337000	68.54463	-65.05462	133.5992	0.05	0.036506	0.0960516	0.0133076	0.0641443	0.101958	0.0686644	1.79671e-17	6.33212e-09	0.00063286	3.99937	1	0.3441256
1338000	61.11271	-64.99234	126.105	0.05	0.0240416	0.130018	0.261951	0.0805023	0.258473	0.319126	5.07067e-26	3.3675e-13	1.0662e-05	3.99999	1	1.05007
1339000	69.17139	-64.3014	133.4728	0.05	0.09315503	0.135492	0.0431394	0.0245524	0.0988005	0.0223648	1.90327e-07	0.000648591	0.0759498	3.9234	1	0.3243495
1340000	67.75278	-64.02705	131.7798	0.05	0.02216021	0.171005	0.0422688	0.0583121	0.108246	0.127655	3.7942e-28	2.91344e-14	3.86169e-06	4	1	0.5074872
1341000	54.20306	-66.56091	120.764	0.05	5.2071	0.762492	0.0570633	0.10005	0.123516	0.0473573	0.510458	0.808759	1.08292	1.59786	1	1.090479
1342000	66.09067	-63.84633	129.937	0.05	0.03462933	0.389706	0.0282718	0.0676931	0.126632	0.0663675	2.29539e-18	2.26364e-09	0.00041301	3.99959	1	0.6786706
1343000	65.94629	-68.67526	134.6215	0.05	0.126144	0.0561662	0.0263669	0.0294992	0.0967856	0.0240818	9.27748e-06	0.00451322	0.169374	3.8261	1	0.2328997
1344000	63.83937	-64.65706	128.4964	0.05	0.006302697	0.130848	0.0922293	0.0197475	0.16841	0.421968	1.67745e-96	1.93987e-48	2.52869e-20	4	1	0.8332027
1345000	65.75856	-64.46258	130.2211	0.05	0.2339549	0.239998	0.0819268	0.0710662	0.198511	0.0845961	0.00144639	0.0553727	0.466406	3.47678	1	0.6760979
1346000	60.58219	-66.04183	126.624	0.05	0.2413443	0.223551	0.069567	0.21879	0.215388	0.312453	0.00173261	0.0605141	0.482873	3.45488	1	1.039749
1347000	60.53402	-65.93794	126.472	0.05	0.5751031	0.121682	0.0666987	0.178563	0.217795	0.390001	0.0480171	0.298146	0.868065	2.78577	1	0.9747398
1348000	67.68352	-66.52961	134.2131	0.05	0.04169403	0.12253	0.0550562	0.0530982	0.00186822	0.0420748	2.02404e-15	6.71781e-08	0.00168594	3.99831	1	0.2746278
1349000	63.28328	-70.0286	133.3119	0.05	0.2726577	0.0656821	0.0223595	0.0897043	0.177498	0.00366444	0.00333989	0.0834735	0.546897	3.36629	1	0.3589086
1350000	63.21093	-67.84645	131.0574	0.05	0.885902	0.135259	0.113554	0.00483053	0.0584788	0.21276	0.113664	0.43955	0.978184	2.4686	1	0.5248819
1351000	59.94336	-64.93146	124.8748	0.05	0.04469862	0.794146	0.0242421	0.046435	0.114968	0.192683	1.89077e-14	2.05271e-07	0.00267982	3.99732	1	1.172473
1352000	64.28655	-65.88431	130.1709	0.05	0.0642267	0.116013	0.0552147	0.226311	0.0896294	0.154717	2.34722e-10	2.28336e-05	0.0189354	3.98104	1	0.6418848
1353000	66.40076	-63.75455	130.1553	0.05	0.1476963	0.330822	0.0149676	0.0357697	0.196652	0.0616982	4.59691e-05	0.0100192	0.234867	3.75507	1	0.6399094
1354000	63.58716	-66.77905	130.3662	0.05	1.278288	0.199002	0.10036	0.0270345	0.194477	0.0378181	0.188954	0.546948	1.03423	2.22986	1	0.5586916
1355000	64.60528	-68.18615	132.7914	0.05	0.03415203	0.078292	0.0630874	0.0483504	0.0840291	0.124189	1.31194e-18	1.71141e-09	0.000367765	3.99963	1	0.3979479
1356000	65.99087	-64.38218	130.3731	0.05	0.1090419	0.390676	0.00770407	0.140397	0.0940276	0.00911499	1.65969e-06	0.00191241	0.118852	3.87923	1	0.6419199
1357000	65.78275	-66.16662	131.9494	0.05	0.2000035	0.119311	0.034324	0.113821	0.158852	0.0209849	0.000531264	0.0337775	0.383667	3.58202	1	0.4472927
1358000	60.88984	-65.98438	126.8742	0.05	0.1438473	0.323814	0.17859	0.0784489	0.134366	0.258659	3.57804e-05	0.00884396	0.223198	3.76792	1	0.9738778
1359000	65.83833	-64.83653	130.6749	0.05	0.009440244	0.133225	0.0768997	0.158926	0.219694	0.00642686	9.39078e-65	1.45104e-32	9.7954e-14	4	1	0.5951721
1360000	60.04361	-66.03536	126.079	0.05	0.09305545	0.0631963	0.281853	0.192529	0.0808456	0.426392	1.87323e-07	0.000643458	0.0757	3.92366	1	1.044816
1361000	62.55527	-68.30926	130.8645	0.05	0.2429327	0.382362	0.0631013	0.0225259	0.0919361	0.0574538	0.00179858	0.0616357	0.486343	3.45022	1	0.6173787
1362000	71.61329	-64.09327	135.7066	0.05	0.01642206	0.125712	0.00806822	0.0189384	0.00145172	0.0311528	1.22013e-37	5.22715e-19	4.14194e-08	4	1	0.1853227
1363000	66.12092	-66.8983	133.0192	0.05	0.05992869	0.0798308	0.0269016	0.0300333	0.192772	0.0415543	4.99543e-11	1.05375e-05	0.0137363	3.98625	1	0.3710918
1364000	68.19994	-64.38798	132.5879	0.05	0.03919023	0.27308	0.0216287	0.0603422	0.0807542	0.00293929	2.42025e-16	2.32349e-08	0.00108529	3.99891	1	0.4387439
1365000	60.13947	-73.62626	133.7657	0.05	0.5284017	0.0189703	0.0836882	0.0286058	0.0399067	0.0683082	0.038765	0.270053	0.839882	2.8513	1	0.2394792
1366000	61.18352	-66.21156	127.3951	0.05	0.1260555	0.0748753	0.343165	0.0778724	0.150838	0.289826	9.20636e-06	0.00449593	0.169106	3.82639	1	0.9365761
1367000	60.42086	-71.33052	131.7514	0.05	0.3952352	0.025628	0.0314015	0.210901	0.149968	0.0368453	0.016033	0.178188	0.726073	3.07971	1	0.4547437
1368000	64.06264	-66.66823	130.7309	0.05	0.3672918	0.24201	0.00536017	0.0544373	0.199372	0.0948512	0.0122923	0.156935	0.693314	3.13746	1	0.5960303
1369000	61.41828	-69.22241	130.6407	0.05	0.955605	0.13602	0.0275515	0.0240269	0.308615	0.0262371	0.128013	0.462989	0.992236	2.41676	1	0.52245
1370000	66.74756	-65.9073	132.6549	0.05	0.04671744	0.142755	0.105115	0.0115389	0.154586	0.0121806	7.22011e-14	4.01057e-07	0.00353829	3.99646	1	0.4261756
1371000	63.14209	-66.52746	129.6696	0.05	0.03363118	0.264369	0.0440853	0.138867	0.0309615	0.232557	6.99736e-19	1.24992e-09	0.000322812	3.99968	1	0.7108406
1372000	70.31004	-65.40258	135.7126	0.05	0.1535342	0.124464	0.00347562	0.00681287	0.0350855	0.016719	6.5627e-05	0.0119616	0.252459	3.73551	1	0.1865573
1373000	61.94249	-68.71322	130.6557	0.05	0.3953503	0.220559	0.119454	0.0775972	0.127726	0.0164373	0.0160494	0.178274	0.7262	3.07948	1	0.5617732
1374000	66.31979	-63.73853	130.0583	0.05	0.04492656	0.220788	0.0901579	0.0166759	0.26243	0.0763359	2.21288e-14	2.22064e-07	0.0027687	3.99723	1	0.6663872
1375000	67.61083	-66.21327	133.8241	0.05	0.7177463	0.129436	0.0306651	0.0211097	0.0750728	0.064726	0.0779822	0.371784	0.931271	2.61896	1	0.3210091
1376000	65.15404	-64.21352	129.3676	0.05	0.007692441	0.157087	0.015465	0.191038	0.253072	0.116119	3.03591e-79	8.2516e-40	9.64041e-17	4	1	0.7327813
1377000	62.93677	-65.9971	128.9339	0.05	0.9002121	0.118836	0.00468165	0.0803	0.260295	0.235582	0.116639	0.444557	0.981275	2.45753	1	0.6996944
1378000	67.77181	-65.9822	133.754	0.05	0.1397411	0.0556971	0.00771115	0.0297072	0.0865936	0.0864549	2.6973e-05	0.00768282	0.210709	3.78158	1	0.2661639
1379000	63.21219	-64.91738	128.1296	0.05	0.02190242	0.299447	0.0308483	0.290217	0.187602	0.0487093	1.81702e-28	2.0162e-14	3.31464e-06	4	1	0.8568238
1380000	60.66075	-67.76463	128.4254	0.05	0.3083088	0.0765433	0.0794769	0.0437645	0.15148	0.444253	0.00599348	0.110972	0.609496	3.27354	1	0.795518
1381000	62.46623	-65.70229	128.1685	0.05	0.4460605	0.222586	0.0103859	0.234491	0.225203	0.103411	0.0238812	0.215253	0.776675	2.98419	1	0.796077
1382000	62.30404	-65.97434	128.2784	0.05	0.3083185	0.226582	0.0641303	0.198482	0.194164	0.123477	0.00599432	0.11098	0.609512	3.27351	1	0.8068353
1383000	65.4526	-65.99943	131.452	0.05	0.3195001	0.262979	0.0424141	0.0420251	0.110619	0.0242001	0.00700982	0.119725	0.627143	3.24612	1	0.4822374
1384000	69.88412	-64.50473	134.3889	0.05	0.0965431	0.157202	0.0164909	0.0331757	0.0187238	0.0294095	3.20683e-07	0.000841637	0.0846124	3.91455	1	0.2550019
1385000	66.20304	-68.36302	134.5661	0.05	0.1718769	0.0529843	0.00316399	0.0624366	0.0526857	0.0297905	0.000171554	0.0192865	0.306422	3.67412	1	0.2010611
1386000	60.55476	-65.92206	126.4768	0.05	0.154965	0.415835	0.00122089	0.156066	0.232162	0.238317	7.13174e-05	0.0124669	0.256746	3.73072	1	1.043601
1387000	65.7798	-65.49728	131.2771	0.05	0.1089853	0.075366	0.0635851	0.16936	0.171098	0.064254	1.64878e-06	0.00190613	0.11869	3.8794	1	0.5436633
1388000	69.87611	-63.93905	133.8152	0.05	0.009821891	0.133332	0.0128652	0.0440246	0.0961954	0.0199941	2.82354e-62	2.516e-31	3.20074e-13	4	1	0.306411
1389000	65.08974	-65.49401	130.5838	0.05	0.1112367	0.219926	0.0445463	0.0175497	0.265893	0.0732424	2.13215e-06	0.00216711	0.125155	3.87268	1	0.6211579
1390000	59.52412	-66.23111	125.7552	0.05	0.4763425	0.343338	0.0808418	0.24058	0.383215	0.0116885	0.0290912	0.236191	0.802261	2.93246	1	1.059663
1391000	66.77359	-65.33481	132.1084	0.05	0.1305407	0.146601	0.0906702	0.0766294	0.0868855	0.0426629	1.34242e-05	0.00542616	0.1827	3.81186	1	0.4434492
1392000	64.75556	-65.29282	130.0484	0.05	0.1796926	0.278977	0.0370829	0.0459982	0.217404	0.0682403	0.000243374	0.0229425	0.328626	3.64819	1	0.6477022
1393000	66.25145	-66.95188	133.2033	0.05	0.06530834	0.0891017	0.0616985	0.0616084	0.0807131	0.0802271	3.35529e-10	2.72975e-05	0.0203923	3.97958	1	0.3733489
1394000	68.63791	-64.33232	132.9702	0.05	0.05393346	0.208968	0.016607	0.064595	0.0710597	0.0207146	3.82179e-12	2.91611e-06	0.00805953	3.99194	1	0.3819446
1395000	54.23728	-64.68756	118.9248	0.05	1.798254	0.877314	0.123589	0.346679	0.107059	0.175114	0.267942	0.631689	1.06401	2.03636	1	1.629755
1396000	63.14508	-65.40709	128.5522	0.05	0.586635	0.18335	0.0255374	0.0765529	0.216645	0.275495	0.0503637	0.304761	0.874344	2.77053	1	0.7775805
1397000	66.08227	-64.97689	131.0592	0.05	0.08670479	0.131535	0.0898948	0.108161	0.217948	0.0177193	6.29722e-08	0.000373288	0.0603958	3.93923	1	0.5652583
1398000	64.66882	-65.72738	130.3962	0.05	0.179289	0.269445	0.00294414	0.099134	0.226864	0.0186119	0.000239197	0.0227463	0.327493	3.64952	1	0.6169988
1399000	66.20067	-65.62461	131.8253	0.05	1.836375	0.373853	0.0132545	0.0206591	0.0313722	0.029019	0.272928	0.636404	1.0653	2.02537	1	0.4681582
1400000	62.54018	-64.42437	126.9645	0.05	0.07333408	0.092851	0.192317	0.0650732	0.398419	0.217217	3.42028e-09	8.70956e-05	0.0330105	3.9669	1	0.9658769
1401000	64.39503	-64.09751	128.4925	0.05	0.001239667	0.27837	0.0187985	0.061825	0.409309	0.0500657	0	1.65574e-243	2.76863e-101	4	1	0.8183686
1402000	61.763	-65.93443	127.6974	0.05	1.774505	0.370619	0.0354325	0.173821	0.0184821	0.169752	0.264787	0.628672	1.06317	2.04337	1	0.7681065
1403000	65.58845	-65.58662	131.1751	0.05	0.09277937	0.317032	0.0412457	0.00567923	0.151855	0.0348215	1.79208e-07	0.000629382	0.0750089	3.92436	1	0.5506331
1404000	65.33223	-65.38986	130.7221	0.05	0.1321418	0.156389	0.0471104	0.111382	0.20528	0.0637224	1.52638e-05	0.00578491	0.187568	3.80663	1	0.583884
1405000	61.52751	-64.85584	126.3834	0.05	0.02838765	0.227143	0.252494	0.224618	0.229196	0.0897528	3.45656e-22	2.77929e-11	6.65464e-05	3.99993	1	1.023204
1406000	68.56905	-64.83084	133.3999	0.05	0.01516974	0.133783	0.0360031	0.0554862	0.0851375	0.0353971	1.148e-40	1.60354e-20	9.75507e-09	4	1	0.345807
1407000	60.40823	-67.24791	127.6561	0.05	0.009655694	0.119431	0.0975599	0.161958	0.415474	0.116074	2.48734e-63	7.46769e-32	1.93337e-13	4	1	0.9104979
1408000	59.09658	-68.16376	127.2603	0.05	0.3634519	0.334785	0.197675	0.0130397	0.209449	0.162648	0.011814	0.153976	0.688497	3.14571	1	0.9175972
1409000	63.19779	-65.94384	129.1416	0.05	0.1111869	0.075625	0.0605551	0.174151	0.280964	0.154975	2.1203e-06	0.00216108	0.125012	3.87283	1	0.7462712
1410000	57.17742	-66.02295	123.2004	0.05	0.03553081	0.344755	0.0134065	0.527829	0.282454	0.173211	6.3373e-18	3.76096e-09	0.000509846	3.99949	1	1.341655
1411000	62.92019	-67.40662	130.3268	0.05	0.06951515	0.113929	0.270999	0.0217083	0.0578674	0.159425	1.21147e-09	5.18515e-05	0.026616	3.97333	1	0.6239284
1412000	62.88757	-64.59598	127.4836	0.05	0.08401654	0.602077	0.084832	0.105092	0.114244	0.0238176	3.77711e-08	0.000289168	0.0543237	3.94539	1	0.9300617
1413000	59.51997	-67.2758	126.7958	0.05	0.5996428	0.219273	0.163359	0.174827	0.125124	0.254136	0.0530344	0.312074	0.881137	2.75376	1	0.9367185
1414000	61.83793	-66.12935	127.9673	0.05	1.474205	0.257771	0.153502	0.067527	0.138318	0.126348	0.22131	0.584206	1.04887	2.14561	1	0.7434661
1415000	64.11216	-67.02134	131.1335	0.05	0.02755075	0.225064	0.0891393	0.0285711	0.178357	0.0316153	7.84274e-23	1.32397e-11	4.89208e-05	3.99995	1	0.5527471
1416000	64.01532	-64.60975	128.6251	0.05	0.2705709	0.145792	0.0657759	0.0462245	0.293384	0.22274	0.00321212	0.0818974	0.542907	3.37198	1	0.7739166
1417000	63.60914	-65.31841	128.9275	0.05	1.474924	0.221593	0.0264435	0.10984	0.245398	0.0633873	0.221423	0.584329	1.04891	2.14533	1	0.6666629
1418000	68.78571	-63.84833	132.634	0.05	0.1038888	0.269405	0.0124112	0.0498677	0.0768095	0.0135306	8.84114e-07	0.0013965	0.104357	3.89425	1	0.4220236
1419000	65.8552	-64.70868	130.5639	0.05	0.02485542	0.181943	0.0313103	0.235298	0.15046	0.00403283	3.34923e-25	8.654e-13	1.57736e-05	3.99998	1	0.6030432
1420000	66.59822	-64.19878	130.797	0.05	0.02742408	0.254611	0.0180562	0.0812745	0.127572	0.122682	6.21641e-23	1.17874e-11	4.66183e-05	3.99995	1	0.6041953
1421000	60.83998	-66.53842	127.3784	0.05	3.038	0.121223	0.0229082	0.1182	0.262782	0.0937994	0.39218	0.73361	1.0827	1.79151	1	0.6189123
1422000	59.88835	-64.99829	124.8866	0.05	0.07813075	0.281062	0.319586	0.0990531	0.393016	0.0742613	1.0908e-08	0.000155476	0.0419886	3.95786	1	1.166978
1423000	66.48629	-64.86429	131.3506	0.05	0.08648338	0.263795	0.0561933	0.0278801	0.123611	0.0573754	6.04488e-08	0.000365739	0.059886	3.93975	1	0.5288544
1424000	61.19743	-64.58767	125.7851	0.05	0.3806327	0.347557	0.159275	0.014749	0.27993	0.258772	0.0140224	0.167147	0.709442	3.10939	1	1.060282
1425000	62.20361	-66.62379	128.8274	0.05	0.4921221	0.271331	0.0495787	0.194541	0.216471	0.0221534	0.0319371	0.246742	0.814451	2.90687	1	0.7540759
1426000	65.39421	-64.568	129.9622	0.05	0.5794604	0.244145	0.0113259	0.0435331	0.246554	0.0982252	0.0489013	0.300661	0.870467	2.77997	1	0.6437831
1427000	62.16491	-64.96047	127.1254	0.05	0.1868947	0.332733	0.0102922	0.115398	0.339348	0.152135	0.000327302	0.0265736	0.348599	3.6245	1	0.9499055
1428000	62.89624	-65.04665	127.9429	0.05	1.964204	0.417285	0.0396114	0.0377271	0.099351	0.143488	0.288964	0.651152	1.06907	1.99082	1	0.7374618
1429000	64.22669	-68.71911	132.9458	0.05	0.3058584	0.0837119	0.0551768	0.0230115	0.138994	0.111243	0.00578255	0.10906	0.605511	3.27965	1	0.4121376
1430000	67.34847	-65.31856	132.667	0.05	0.1827837	0.208354	0.0311874	0.073643	0.0647231	0.0296422	0.000277169	0.024471	0.337257	3.63799	1	0.4075493
1431000	67.26926	-64.13394	131.4032	0.05	0.1404265	0.141651	0.0372771	0.062795	0.164415	0.126319	2.83082e-05	0.00786998	0.212795	3.77931	1	0.5324575
1432000	62.33987	-66.25656	128.5964	0.05	0.2463273	0.370434	0.0354828	0.128089	0.114759	0.172686	0.00194499	0.0640507	0.493676	3.44033	1	0.8214506
1433000	65.74981	-66.458	132.2078	0.05	1.738244	0.211169	0.0127256	0.070794	0.0296677	0.0455056	0.259893	0.623941	1.06181	2.05435	1	0.369862
1434000	61.90012	-65.62432	127.5244	0.05	0.8960695	0.251811	0.062677	0.0919037	0.156981	0.279944	0.115779	0.443119	0.980392	2.46071	1	0.8433163
1435000	62.43157	-65.19415	127.6257	0.05	1.039271	0.398179	0.0644462	0.071574	0.124754	0.171279	0.144722	0.488246	1.00621	2.36082	1	0.8302325
1436000	65.05173	-64.31093	129.3627	0.05	0.06865825	0.274262	0.0853545	0.0497017	0.142638	0.158728	9.44672e-10	4.57906e-05	0.0252773	3.97468	1	0.7106854
1437000	66.76817	-65.75668	132.5249	0.05	0.06086789	0.147103	0.0198529	0.000790675	0.175868	0.0879445	7.1371e-11	1.25945e-05	0.0147915	3.9852	1	0.431559
1438000	65.81122	-64.66333	130.4745	0.05	0.1078292	0.159043	0.055159	0.0213282	0.163871	0.221858	1.43885e-06	0.00178085	0.1154	3.88282	1	0.6212595
1439000	67.34749	-65.54947	132.897	0.05	0.06905602	0.11024	0.0934853	0.0586756	0.0721426	0.0475947	1.06111e-09	4.85291e-05	0.0258943	3.97406	1	0.3821379
1440000	65.98586	-67.54364	133.5295	0.05	0.1537518	0.142801	0.0587454	0.0190374	0.0208835	0.0757438	6.64689e-05	0.0120378	0.253112	3.73478	1	0.3172109
1441000	64.31678	-65.43986	129.7566	0.05	0.09225093	0.419711	0.0448567	0.0376766	0.0381638	0.134611	1.64522e-07	0.00060307	0.0736923	3.9257	1	0.6750183
1442000	68.33071	-63.93793	132.2686	0.05	0.2513681	0.221313	0.0304344	0.00375912	0.115993	0.0646704	0.00217613	0.0676797	0.504362	3.42578	1	0.4361697
1443000	57.58635	-65.06997	122.6563	0.05	0.07254469	0.105104	0.0740889	0.313475	0.548704	0.362094	2.78473e-09	7.85933e-05	0.0316324	3.96829	1	1.403466
1444000	62.63891	-66.3864	129.0253	0.05	1.301615	0.22996	0.109355	0.0376472	0.15325	0.108288	0.192987	0.55182	1.03629	2.21891	1	0.6384994
1445000	64.13827	-65.05665	129.1949	0.05	0.05426368	0.24675	0.0906843	0.108477	0.110392	0.219231	4.46865e-12	3.15316e-06	0.00832522	3.99167	1	0.7755342
1446000	65.49404	-65.59274	131.0868	0.05	0.3255985	0.135793	0.00353241	0.0470501	0.18747	0.156283	0.00759993	0.124499	0.63639	3.23151	1	0.5301292
1447000	67.06454	-65.25327	132.3178	0.05	0.03453876	0.0775372	0.00660555	0.0874536	0.164822	0.113245	2.06668e-18	2.14793e-09	0.000404116	3.9996	1	0.4496637
1448000	62.12672	-67.4109	129.5376	0.05	0.3567366	0.269972	0.132892	0.0538296	0.0791772	0.177798	0.0109994	0.148784	0.679876	3.16034	1	0.7136691
1449000	59.54501	-65.98118	125.5262	0.05	0.5683911	0.4661	0.0521027	0.116317	0.199911	0.276722	0.0466613	0.294239	0.864294	2.79481	1	1.111154
1450000	60.81458	-70.6853	131.4999	0.05	4.629578	0.0835827	0.041347	0.00359463	0.0489653	0.00459031	0.485925	0.794506	1.08388	1.63569	1	0.1820799
1451000	59.43699	-65.014	124.451	0.05	0.02593994	0.0674182	0.349533	0.0390565	0.358924	0.385468	3.44807e-24	2.77646e-12	2.55863e-05	3.99997	1	1.2004
1452000	66.80441	-65.96606	132.7705	0.05	0.0652932	0.0353847	0.0801104	0.0205982	0.178777	0.0512732	3.33882e-10	2.72304e-05	0.0203715	3.9796	1	0.3661434
1453000	61.33031	-65.66999	127.0003	0.05	0.804009	0.402896	0.0398994	0.206412	0.189823	0.0624307	0.0964116	0.408743	0.95806	2.53679	1	0.9014605
1454000	64.04143	-66.76871	130.8101	0.05	0.2191002	0.132502	0.0163048	0.0725475	0.245423	0.0905089	0.000969621	0.0454697	0.43165	3.52191	1	0.5572863
1455000	66.36908	-65.69424	132.0633	0.05	0.009561101	0.228887	0.0823115	0.0923618	0.0495715	0.0285847	6.00971e-64	3.6707e-32	1.43981e-13	4	1	0.4817165
1456000	60.7716	-67.75343	128.525	0.05	0.5803805	0.318292	0.00291471	0.189747	0.110976	0.1648	0.0490884	0.301189	0.87097	2.77875	1	0.7867296
1457000	66	-63.85723	129.8572	0.05	0.02231599	0.229297	0.0393716	0.0551068	0.261511	0.101337	5.87155e-28	3.62423e-14	4.22785e-06	4	1	0.6866243
1458000	63.9644	-65.35223	129.3166	0.05	0.08144106	0.122638	0.0951139	0.281612	0.155594	0.0731289	2.24247e-08	0.000222859	0.0487574	3.95102	1	0.7280864
1459000	66.97504	-64.38543	131.3605	0.05	0.07008737	0.233232	0.0486252	0.0966844	0.130189	0.0124489	1.42555e-09	5.62438e-05	0.0275299	3.97241	1	0.5211795
1460000	63.94267	-64.96258	128.9053	0.05	0.1079882	0.104454	0.16443	0.142725	0.148451	0.210259	1.46631e-06	0.00179773	0.115851	3.88235	1	0.7703182
1461000	62.29375	-67.0366	129.3303	0.05	2.776252	0.294281	0.0747345	0.0534909	0.0982435	0.0234963	0.371176	0.718336	1.08116	1.82933	1	0.5442465
1462000	65.77033	-64.59773	130.3681	0.05	0.3296245	0.209189	0.0504788	0.0251962	0.24009	0.0880177	0.00800338	0.127651	0.642358	3.22199	1	0.6129721
1463000	61.29359	-67.66628	128.9599	0.05	0.5479917	0.399045	0.0727484	0.223215	0.0217118	0.056725	0.0425914	0.282096	0.852275	2.82304	1	0.7734457
1464000	63.85955	-64.26556	128.1251	0.05	0.02306742	0.187733	0.15973	0.081652	0.378121	0.0346329	4.4417e-27	9.96749e-14	6.43342e-06	3.99999	1	0.8418685
1465000	58.97563	-70.96598	129.9416	0.05	2.446775	0.0822177	0.0723374	0.0879329	0.096552	0.107355	0.341352	0.695425	1.078	1.88523	1	0.4463951
1466000	68.57163	-65.14234	133.714	0.05	0.008242998	0.0642484	0.037034	0.0653482	0.0951772	0.0492984	5.12539e-74	3.39029e-37	1.1718e-15	4	1	0.3111061
1467000	60.70378	-66.27925	126.983	0.05	0.3838722	0.285131	0.0738729	0.0760708	0.403523	0.117108	0.0144581	0.169609	0.713221	3.10271	1	0.9557058
1468000	66.66042	-64.94071	131.6011	0.05	0.03139972	0.0786464	0.0568926	0.0561789	0.142694	0.191168	3.7401e-20	2.89029e-10	0.000175831	3.99982	1	0.52558
1469000	60.19706	-65.04673	125.2438	0.05	0.003501008	0.0384768	0.3177	0.401048	0.196298	0.199816	6.04573e-173	1.16487e-86	3.46473e-36	4	1	1.153339
1470000	66.01804	-65.79528	131.8133	0.05	0.08761095	0.10369	0.0344118	0.0974803	0.196394	0.0471031	7.42857e-08	0.000405403	0.0624998	3.93709	1	0.4790793
1471000	62.68538	-65.59913	128.2845	0.05	0.08114173	0.318971	0.087073	0.0349788	0.245275	0.160611	2.10608e-08	0.000215981	0.0481271	3.95166	1	0.8469094
1472000	63.00953	-67.0848	130.0943	0.05	1.158599	0.204355	0.0662592	0.0615415	0.23722	0.016087	0.16747	0.519732	1.02201	2.29079	1	0.585463
1473000	61.62881	-67.33338	128.9622	0.05	0.1769833	0.10511	0.344637	0.0801057	0.0657226	0.153973	0.000216347	0.0216407	0.320989	3.65715	1	0.7495483
1474000	68.06828	-64.05549	132.1238	0.05	0.1298659	0.144179	0.0145956	0.0471194	0.175437	0.0592721	1.27049e-05	0.0052792	0.180651	3.81406	1	0.4406033
1475000	65.88687	-64.80616	130.693	0.05	0.3305458	0.370584	0.0447215	0.0101067	0.112764	0.0485945	0.00809724	0.128372	0.643709	3.21982	1	0.5867711
1476000	65.40244	-66.35034	131.7528	0.05	0.2712454	0.241173	0.0328143	0.143991	0.0591135	0.0214542	0.00325309	0.0824063	0.544201	3.37014	1	0.4985464
1477000	63.75833	-66.41903	130.1774	0.05	0.2552863	0.174771	0.0848286	0.148676	0.0842998	0.159506	0.00236734	0.0705333	0.512502	3.4146	1	0.6520819
1478000	69.37228	-65.43159	134.8039	0.05	0.1376064	0.0713533	0.0316397	0.0290521	0.0610525	0.0290738	2.31331e-05	0.00711689	0.204208	3.78865	1	0.2221714
1479000	65.33978	-65.02551	130.3653	0.05	0.1098924	0.0786824	0.0276452	0.179452	0.152664	0.197725	1.83105e-06	0.00200854	0.121286	3.8767	1	0.6361686
1480000	66.50243	-67.30788	133.8103	0.05	0.1253871	0.0501013	0.0710712	0.0271	0.0823119	0.0697211	8.68305e-06	0.00436662	0.167088	3.82854	1	0.3003056
1481000	66.86401	-65.75787	132.6219	0.05	0.01654855	0.0751508	0.0151316	0.0930748	0.18376	0.0659916	2.32603e-37	7.21713e-19	4.73527e-08	4	1	0.4331086
1482000	63.08037	-70.65303	133.7334	0.05	0.4262681	0.111734	0.0148058	0.0261715	0.0596814	0.0825793	0.0206792	0.201091	0.75821	3.02002	1	0.2949719
1483000	61.24739	-70.3758	131.6232	0.05	0.1367107	0.0416052	0.102754	0.0616453	0.0110802	0.26621	2.16584e-05	0.00688709	0.201479	3.79161	1	0.4832947
1484000	63.99206	-65.49673	129.4888	0.05	0.2307599	0.111645	0.0463899	0.115771	0.265097	0.154326	0.00133297	0.0531912	0.459118	3.48636	1	0.6932289
1485000	58.84577	-63.57187	122.4176	0.05	0.5496245	0.468488	0.00188424	0.0294979	0.461502	0.415525	0.0429141	0.283083	0.853269	2.82073	1	1.376898
1486000	61.32663	-69.28897	130.6156	0.05	0.5161582	0.0943463	0.0528538	0.0813303	0.117886	0.232051	0.0364203	0.262334	0.831679	2.86957	1	0.5784673
1487000	66.16929	-67.622	133.7913	0.05	0.3849963	0.079954	0.0678166	0.0243747	0.0852812	0.0254556	0.0146107	0.170462	0.714521	3.10041	1	0.2828822
1488000	59.27562	-66.50174	125.7774	0.05	0.05473978	0.0606795	0.626655	0.169012	0.222489	0.0124413	5.58007e-12	3.52339e-06	0.00871775	3.99128	1	1.091277
1489000	59.54517	-68.25934	127.8045	0.05	0.6127358	0.228329	0.256958	0.0814792	0.21129	0.0578992	0.055745	0.319278	0.88768	2.7373	1	0.8359554
1490000	62.27402	-65.68939	127.9634	0.05	0.2904666	0.061239	0.14276	0.0597963	0.414241	0.156239	0.00455391	0.0971023	0.57944	3.3189	1	0.8342751
1491000	65.40292	-68.63646	134.0394	0.05	0.5247631	0.0879552	0.0249405	0.0623379	0.0797883	0.00488034	0.0380642	0.267775	0.837483	2.85668	1	0.2599022
1492000	60.96368	-68.63707	129.6008	0.05	0.6005347	0.0920994	0.152347	0.0164908	0.205474	0.158739	0.0532184	0.312569	0.881591	2.75262	1	0.62515
1493000	60.31374	-64.87108	125.1848	0.05	0.03401359	0.138541	0.165644	0.141142	0.613503	0.0856786	1.11218e-18	1.57576e-09	0.000355378	3.99964	1	1.144508
1494000	61.56101	-64.86782	126.4288	0.05	0.3629629	0.2646	0.0812288	0.157999	0.204327	0.298319	0.0117538	0.153599	0.687877	3.14677	1	1.006474
1495000	63.60335	-64.01289	127.6162	0.05	0.02735541	0.528797	0.0393175	0.205884	0.115096	0.0175899	5.47559e-23	1.10628e-11	4.54072e-05	3.99995	1	0.9066844
1496000	66.97934	-64.08191	131.0613	0.05	0.2089779	0.256708	0.0225902	0.0569488	0.123961	0.107292	0.000714608	0.0391101	0.40668	3.55349	1	0.5675008
1497000	65.09054	-65.95195	131.0425	0.05	0.09979514	0.356393	0.0530361	0.0470159	0.0632785	0.0496906	5.11763e-07	0.0010629	0.0932038	3.90573	1	0.569414
1498000	64.5258	-66.36542	130.8912	0.05	0.3089554	0.162298	0.0206024	0.151426	0.210703	0.0190057	0.00604984	0.111477	0.61054	3.27193	1	0.5640353
1499000	65.94294	-64.35141	130.2943	0.05	0.1779955	0.15459	0.0630634	0.030646	0.201065	0.177957	0.000226169	0.0221229	0.32385	3.6538	1	0.6273216
1500000	61.7877	-68.07001	129.8577	0.05	0.2137813	0.0864105	0.166294	0.132944	0.146124	0.12838	0.000828951	0.042085	0.41866	3.53843	1	0.6601512
1501000	63.59016	-65.10853	128.6987	0.05	0.04471476	0.356464	0.126837	0.0811747	0.217578	0.0239406	1.91204e-14	2.06422e-07	0.00268605	3.99731	1	0.805995
1502000	67.80801	-65.15073	132.9587	0.05	0.1688561	0.166166	0.00171952	0.0861519	0.147451	0.00556918	0.000148568	0.0179565	0.297702	3.68419	1	0.4070577
1503000	64.65939	-66.32559	130.985	0.05	0.6786819	0.134151	0.0996217	0.0350965	0.119243	0.124912	0.0696418	0.353296	0.916705	2.66036	1	0.5130238
1504000	63.60485	-65.04087	128.6457	0.05	0.1183869	0.162772	0.0404511	0.0719788	0.446019	0.0869259	4.52089e-06	0.00315325	0.146114	3.85073	1	0.8081474
1505000	65.79902	-66.9385	132.7375	0.05	0.6088387	0.193601	0.0554201	0.00144455	0.0343724	0.0887094	0.054936	0.31715	0.885762	2.74215	1	0.3735473
1506000	64.97772	-66.27816	131.2559	0.05	0.4703617	0.177078	0.122355	0.00327269	0.169298	0.0442079	0.0280349	0.232127	0.797444	2.94239	1	0.5162109
1507000	66.87525	-64.78107	131.6563	0.05	0.0922011	0.0802759	0.0060504	0.07086	0.262803	0.0760345	1.63192e-07	0.000600631	0.0735686	3.92583	1	0.4960234
1508000	62.5969	-64.82614	127.423	0.05	0.8936651	0.201308	0.0600175	0.052347	0.261374	0.257951	0.11528	0.44228	0.979875	2.46257	1	0.8329968
1509000	65.99465	-64.3177	130.3123	0.05	0.0967999	0.297422	0.0883779	0.0868023	0.102188	0.07103	3.33121e-07	0.000857783	0.0852814	3.91386	1	0.6458201
1510000	66.03167	-64.52518	130.5568	0.05	0.1731438	0.155565	0.0199891	0.0135938	0.322454	0.0928998	0.00018195	0.0198583	0.310057	3.6699	1	0.604502
1511000	61.74176	-66.36666	128.1084	0.05	0.4137308	0.369696	0.175683	0.0791536	0.203849	0.00996326	0.0187441	0.191937	0.745721	3.0436	1	0.8383452
1512000	61.84007	-66.90338	128.7435	0.05	0.3642498	0.339141	0.10943	0.0299735	0.204863	0.119368	0.0119127	0.154592	0.689504	3.14399	1	0.8027756
1513000	62.32598	-67.47507	129.801	0.05	0.04901843	0.131093	0.045271	0.0270542	0.0588573	0.446487	2.90617e-13	8.04471e-07	0.00472308	3.99528	1	0.7087623
1514000	67.36555	-64.96118	132.3267	0.05	0.1271591	0.126587	0.00022098	0.141767	0.162187	0.0259506	1.01266e-05	0.00471468	0.172444	3.82283	1	0.4567126
1515000	67.39452	-64.6733	132.0678	0.05	2.734537	0.243923	0.0236386	0.0235012	0.0383094	0.0149828	0.367622	0.715683	1.08085	1.83585	1	0.3443553
1516000	67.24727	-66.94983	134.1971	0.05	0.1753895	0.111428	0.0491823	0.0511168	0.0567265	0.00561883	0.000201528	0.0208918	0.316467	3.66244	1	0.2740723
1517000	59.7469	-66.63972	126.3866	0.05	2.987814	0.4044	0.146838	0.0791381	0.10011	0.0583181	0.388317	0.730851	1.08246	1.79838	1	0.7888044
1518000	65.17241	-67.02075	132.1932	0.05	0.08500065	0.122225	0.0373721	0.16505	0.159867	0.0284654	4.57147e-08	0.000318099	0.0565165	3.94317	1	0.5129794
1519000	57.92607	-65.18463	123.1107	0.05	1.53039	0.51244	0.102406	0.0662767	0.397087	0.195783	0.229979	0.593538	1.05216	2.12433	1	1.273993
1520000	58.45477	-70.05756	128.5123	0.05	2.63942	0.165452	0.0521243	0.188447	0.159333	0.00371331	0.359289	0.709383	1.08005	1.85128	1	0.5690696
1521000	67.39776	-64.27157	131.6693	0.05	0.0170654	0.210788	0.0415891	0.0854505	0.146516	0.00427652	2.94067e-36	2.56603e-18	8.01612e-08	4	1	0.4886198
1522000	68.33514	-66.08018	134.4153	0.05	0.0125782	0.137255	0.0208785	0.0246944	0.0176443	0.044825	7.6386e-49	1.30832e-24	1.9612e-10	4	1	0.2452971
1523000	61.15643	-67.16682	128.3232	0.05	0.1223616	0.0753202	0.161115	0.277584	0.144964	0.159544	6.6092e-06	0.00381094	0.157981	3.8382	1	0.8185278
1524000	57.70083	-67.9784	125.6792	0.05	0.4728297	0.468476	0.00211178	0.0374233	0.169365	0.382865	0.0284692	0.233808	0.799445	2.93828	1	1.060241
1525000	63.31799	-65.71347	129.0315	0.05	0.2501711	0.1253	0.0718405	0.0400254	0.268184	0.235946	0.00211974	0.0668136	0.501846	3.42922	1	0.7412972
1526000	66.13508	-63.59606	129.7311	0.05	0.003330236	0.294963	0.0153563	0.179983	0.114695	0.0875679	9.18466e-182	4.54038e-91	5.12506e-38	4	1	0.6925648
1527000	68.9488	-64.3996	133.3484	0.05	0.01674702	0.10171	0.029368	0.0574976	0.105254	0.0537205	6.27709e-37	1.18557e-18	5.81839e-08	4	1	0.3475507
1528000	63.42401	-65.72834	129.1524	0.05	0.2929679	0.258292	0.0143847	0.133623	0.235624	0.0867546	0.00474224	0.0990369	0.583802	3.31242	1	0.7286783
1529000	62.52847	-65.26279	127.7913	0.05	0.4272377	0.293081	0.0648503	0.151333	0.309625	0.0241525	0.020832	0.201794	0.759149	3.01823	1	0.8430423
1530000	67.37383	-64.47436	131.8482	0.05	0.02075276	0.106221	0.0584736	0.0103543	0.221989	0.079995	5.45327e-30	3.49323e-15	1.60146e-06	4	1	0.4770324
1531000	66.83037	-65.1043	131.9347	0.05	0.3472753	0.138615	0.00800712	0.0774592	0.167812	0.0460034	0.00989966	0.141435	0.667292	3.18137	1	0.4378971
1532000	64.86136	-65.78623	130.6476	0.05	0.09118485	0.251548	0.0352405	0.0337144	0.256952	0.0190256	1.38037e-07	0.000552453	0.0710613	3.92839	1	0.5964813
1533000	69.34759	-66.21977	135.5674	0.05	0.5594838	0.136797	0.00743505	0.00284433	0.0219733	0.0132228	0.0448744	0.288986	0.859152	2.80699	1	0.1822729
1534000	60.70215	-68.48198	129.1841	0.05	1.442185	0.166542	0.0902691	0.159757	0.104735	0.0977795	0.216252	0.578641	1.04684	2.15827	1	0.6190827
1535000	69.29474	-64.08625	133.381	0.05	0.02327969	0.269968	0.0113979	0.0406795	0.0627643	0.00438531	7.68282e-27	1.31088e-13	7.20797e-06	3.99999	1	0.3891954
1536000	63.78837	-66.53734	130.3257	0.05	0.09124621	0.35037	0.162397	0.0806453	0.0256563	0.0294863	1.39454e-07	0.000555279	0.0712118	3.92823	1	0.6485558
1537000	64.34303	-65.5139	129.8569	0.05	0.3469783	0.121676	0.0476479	0.0190813	0.206774	0.258688	0.00986606	0.141204	0.666888	3.18204	1	0.6538676
1538000	62.70186	-68.40646	131.1083	0.05	0.5789732	0.171446	0.0041531	0.135902	0.0919063	0.131587	0.0488023	0.30038	0.8702	2.78062	1	0.5349953
1539000	65.69992	-64.71679	130.4167	0.05	0.06173177	0.104382	0.0963042	0.0500199	0.290535	0.0799676	9.81474e-11	1.47682e-05	0.0158021	3.98418	1	0.6212091
1540000	61.05113	-67.91293	128.9641	0.05	1.495106	0.368321	0.139361	0.041093	0.0589284	0.115059	0.224565	0.58774	1.05013	2.13756	1	0.7227632
1541000	67.78574	-64.91607	132.7018	0.05	0.03723456	0.08818	0.0105611	0.0808958	0.124915	0.0840082	3.77677e-17	9.18001e-09	0.000738287	3.99926	1	0.3885598
1542000	65.61718	-65.09294	130.7101	0.05	0.002787842	0.214917	0.00175997	0.220749	0.018306	0.165066	6.16548e-217	1.17643e-108	2.57427e-45	4	1	0.6207981
1543000	65.67306	-65.90901	131.5821	0.05	0.2376651	0.250713	0.0795934	0.0165864	0.0695235	0.0925902	0.00158587	0.057938	0.474741	3.46573	1	0.5090066
1544000	66.89609	-65.53239	132.4285	0.05	0.3780792	0.14516	0.0547926	0.0391208	0.0766789	0.106474	0.0136832	0.165201	0.706427	3.11469	1	0.4222263
1545000	64.82448	-65.37778	130.2023	0.05	0.4204525	0.131777	0.0576495	0.0913324	0.259928	0.070177	0.0197722	0.196862	0.752497	3.03087	1	0.6108644
1546000	63.08275	-66.62604	129.7088	0.05	0.0431693	0.0367562	0.109217	0.236915	0.315838	0.0114647	6.30352e-15	1.18537e-07	0.00213386	3.99787	1	0.7101918
1547000	62.89937	-65.26927	128.1686	0.05	0.3411172	0.21987	0.0313068	0.0942555	0.379911	0.110371	0.00921478	0.136635	0.658814	3.19534	1	0.8357146
1548000	68.33584	-64.56169	132.8975	0.05	0.2415348	0.131908	0.0123223	0.00796088	0.153841	0.0830537	0.00174044	0.0606484	0.483291	3.45432	1	0.3890863
1549000	61.70778	-65.65887	127.3666	0.05	0.8258235	0.239288	0.000732756	0.175925	0.3007	0.166263	0.101041	0.417327	0.963861	2.51777	1	0.8829089
1550000	59.18717	-65.83058	125.0178	0.05	0.2055045	0.251634	0.0649246	0.0257286	0.463059	0.340948	0.000639103	0.0370102	0.397871	3.56448	1	1.146294
1551000	65.58147	-64.75284	130.3343	0.05	0.1632446	0.376524	0.0372349	0.0836244	0.037807	0.0830088	0.000112129	0.0156132	0.281317	3.70296	1	0.6181994
1552000	63.99275	-66.30651	130.2993	0.05	0.07136499	0.0225334	0.168819	0.00366269	0.312388	0.118218	2.03085e-09	6.71237e-05	0.0296271	3.97031	1	0.6256207
1553000	65.22016	-64.33846	129.5586	0.05	0.04559715	0.301593	0.0423115	0.0726318	0.259242	0.0390677	3.48333e-14	2.78594e-07	0.00304187	3.99696	1	0.7148463
1554000	57.35467	-65.60436	122.959	0.05	0.6808212	0.4862	0.244343	0.155684	0.106826	0.333741	0.0700973	0.354339	0.917549	2.65802	1	1.326795
1555000	63.09392	-64.41207	127.506	0.05	0.08655734	0.249265	0.0525121	0.00332623	0.552258	0.06765	6.12817e-08	0.000368248	0.0600561	3.93958	1	0.925012
1556000	68.32501	-64.04555	132.3706	0.05	0.142223	0.171912	0.0373661	0.0466737	0.115863	0.0697935	3.2059e-05	0.00837321	0.218261	3.77333	1	0.441608
1557000	63.20145	-64.23936	127.4408	0.05	0.1152718	0.250856	0.00693999	0.0583392	0.285244	0.312708	3.29614e-06	0.00269335	0.136913	3.86039	1	0.9140875
1558000	65.51668	-64.32161	129.8383	0.05	0.9672315	0.244319	0.0201009	0.0139331	0.188785	0.165009	0.13037	0.466676	0.994351	2.4086	1	0.6321471
1559000	68.32138	-64.35244	132.6738	0.05	0.00834635	0.233324	0.00814431	0.0680088	0.0399052	0.0682531	4.11297e-73	9.60388e-37	1.80523e-15	4	1	0.4176351
1560000	65.97491	-64.77551	130.7504	0.05	0.01633517	0.0702336	0.0358184	0.10998	0.185858	0.200578	7.78755e-38	4.17605e-19	3.77348e-08	4	1	0.6024683
1561000	58.937	-68.22759	127.1646	0.05	0.6486824	0.375272	0.184578	0.21927	0.0221469	0.148188	0.0632794	0.338276	0.904259	2.69419	1	0.9494552
1562000	55.6866	-69.7483	125.4349	0.05	0.2003976	0.224394	0.288348	0.164919	0.391576	0.0559562	0.000538526	0.0340052	0.384695	3.58076	1	1.125194
1563000	64.12575	-66.57433	130.7001	0.05	1.757144	0.1897	0.0561678	0.00498285	0.193053	0.0376337	0.262455	0.626426	1.06253	2.04859	1	0.4815375
1564000	67.2424	-64.34301	131.5854	0.05	0.03439967	0.171021	0.0170481	0.0738118	0.11493	0.147885	1.75714e-18	1.98058e-09	0.000390741	3.99961	1	0.5246964
1565000	64.53448	-65.93957	130.4741	0.05	1.043778	0.222115	0.0729323	0.0931844	0.112102	0.0489735	0.145605	0.489526	1.00689	2.35798	1	0.5493062
1566000	63.49061	-65.86475	129.3554	0.05	0.1844302	0.143975	0.188393	0.112201	0.0586951	0.203385	0.000296518	0.0253037	0.341819	3.63258	1	0.7066492
1567000	65.4059	-65.52039	130.9263	0.05	0.1286548	0.175633	0.0312201	0.0258317	0.276672	0.0434017	1.14923e-05	0.00502168	0.176975	3.81799	1	0.5527581
1568000	61.57553	-67.04339	128.6189	0.05	0.1043219	0.0733036	0.243495	0.0117734	0.415141	0.0647776	9.34413e-07	0.00143562	0.105557	3.89301	1	0.8084912
1569000	69.04018	-64.22927	133.2694	0.05	0.01775978	0.285519	0.00915265	0.0378049	0.0503309	0.0241121	7.04313e-35	1.25572e-17	1.54938e-07	4	1	0.4069196
1570000	67.7751	-66.29184	134.0669	0.05	0.007142457	0.12114	0.0567078	0.0657032	0.0266885	0.0260553	2.85526e-85	8.00272e-43	5.41361e-18	4	1	0.2962951
1571000	66.62809	-66.27354	132.9016	0.05	0.7638172	0.190449	0.00164117	0.0624685	0.0970695	0.0148966	0.0878397	0.392148	0.946402	2.57361	1	0.3665251
1572000	63.39346	-66.29389	129.6873	0.05	1.966029	0.283784	0.0598735	0.130716	0.0788272	0.0149594	0.289186	0.651352	1.06912	1.99035	1	0.5681598
1573000	66.68371	-64.38268	131.0664	0.05	0.04101406	0.281128	0.0468898	0.074177	0.146119	0.0132697	1.16646e-15	5.1001e-08	0.00150384	3.9985	1	0.5615842
1574000	62.83166	-67.31165	130.1433	0.05	0.004182159	0.155307	0.000649336	0.118174	0.254967	0.120903	6.16381e-145	1.17612e-72	2.24851e-30	4	1	0.6500012
1575000	64.56446	-65.63161	130.1961	0.05	0.967575	0.234905	0.126817	0.00973689	0.133929	0.0773866	0.13044	0.466784	0.994412	2.40836	1	0.5827735
1576000	66.66957	-64.77943	131.449	0.05	0.05013642	0.108669	0.113368	0.0342667	0.259581	0.00307945	5.45911e-13	1.10248e-06	0.00538287	3.99462	1	0.5189653
1577000	66.79552	-65.01144	131.807	0.05	0.04765984	0.0809368	0.0574951	0.0964673	0.102639	0.147772	1.29808e-13	5.37713e-07	0.00399604	3.996	1	0.4853098
1578000	67.27375	-63.84077	131.1145	0.05	0.09241659	0.303538	0.00378575	0.130084	0.103561	0.00479263	1.69009e-07	0.00061123	0.0741042	3.92528	1	0.5457611
1579000	65.39307	-64.10934	129.5024	0.05	0.01636931	0.362128	0.00264802	0.0856701	0.149699	0.146657	9.2951e-38	4.56237e-19	3.91461e-08	4	1	0.7468019
1580000	64.8654	-67.52266	132.3881	0.05	0.1257604	0.0835625	0.0758597	0.00519732	0.261712	0.0030576	8.9722e-06	0.00443854	0.168215	3.82734	1	0.4293896
1581000	64.07109	-65.76249	129.8336	0.05	0.3318758	0.197533	0.16533	0.0349816	0.200111	0.0723465	0.00823374	0.129412	0.645648	3.21671	1	0.6703018
1582000	63.28557	-65.34235	128.6279	0.05	0.1347944	0.268334	0.220787	0.0144111	0.246733	0.0640567	1.87562e-05	0.00641059	0.195642	3.79793	1	0.8143218
1583000	64.76797	-67.38496	132.1529	0.05	0.5646099	0.107516	0.0464595	0.0702338	0.110884	0.0429438	0.0459009	0.292018	0.862131	2.79995	1	0.3780373
1584000	65.41316	-65.05028	130.4634	0.05	0.05109382	0.112086	0.104404	0.101782	0.303099	0.0125457	9.16364e-13	1.42826e-06	0.00599336	3.99401	1	0.6339156
1585000	63.52457	-66.82554	130.3501	0.05	0.4925907	0.133636	0.0262236	0.113634	0.114322	0.212661	0.0320228	0.247051	0.814801	2.90612	1	0.6004779
1586000	61.72263	-68.60814	130.3308	0.05	0.3576553	0.220183	0.0900172	0.191262	0.132871	0.00970489	0.0111092	0.149496	0.68107	3.15832	1	0.6440379
1587000	68.15179	-65.09842	133.2502	0.05	0.1741588	0.129595	0.0358322	0.0102174	0.0601085	0.125126	0.000190614	0.0203223	0.312959	3.66653	1	0.360879
1588000	61.87232	-68.91296	130.7853	0.05	0.1001604	0.137649	0.273924	0.0647576	0.106494	0.0173641	5.38328e-07	0.0010901	0.0941844	3.90472	1	0.6001893
1589000	66.01066	-64.57819	130.5888	0.05	0.2078683	0.228462	0.0452441	0.0885046	0.15549	0.0848727	0.000689844	0.0384345	0.403879	3.557	1	0.6025728
1590000	62.41547	-65.43125	127.8467	0.05	0.03656666	0.0805789	0.0642908	0.325084	0.250833	0.178729	1.9135e-17	6.53464e-09	0.00064118	3.99936	1	0.8995159
1591000	66.45595	-67.96699	134.4229	0.05	0.0304073	0.102263	0.00354664	0.0778854	0.0412268	0.0271878	8.85449e-21	1.40643e-10	0.000130408	3.99987	1	0.2521096
1592000	64.09179	-65.12885	129.2206	0.05	1.195355	0.218485	0.00994986	0.0113717	0.246443	0.145415	0.17421	0.528511	1.02609	2.27119	1	0.6316649
1593000	64.97155	-65.52234	130.4939	0.05	0.010399	0.185669	0.0216366	0.12507	0.128874	0.168947	7.12185e-59	1.26353e-29	1.62612e-12	4	1	0.6301961
1594000	60.10074	-65.53373	125.6345	0.05	0.2669261	0.243156	0.016404	0.184053	0.558521	0.0899861	0.00299619	0.0791575	0.535848	3.382	1	1.09212
1595000	55.87767	-66.92497	122.8026	0.05	0.4531298	0.166859	0.400176	0.272304	0.501551	0.000123908	0.0250655	0.220221	0.782923	2.97179	1	1.341013
1596000	61.20992	-65.64014	126.8501	0.05	1.029887	0.303317	0.0492905	0.19406	0.210921	0.128785	0.142878	0.485555	1.00478	2.36679	1	0.8863732
1597000	67.37016	-66.22987	133.6	0.05	0.3571924	0.0825888	0.0291942	0.0406752	0.0700991	0.0762288	0.0110538	0.149137	0.680469	3.15934	1	0.2987861
1598000	62.88715	-68.77955	131.6667	0.05	0.6931063	0.143755	0.0495498	0.0400605	0.167931	0.0481187	0.0727164	0.360259	0.922287	2.64474	1	0.4494156
1599000	66.34364	-64.41645	130.7601	0.05	0.007729345	0.181079	0.0772045	0.0371644	0.0971982	0.212757	7.17743e-79	1.26875e-39	1.15249e-16	4	1	0.6054036
1600000	56.43871	-67.01002	123.4487	0.05	0.004381172	0.0452771	0.092478	0.307311	0.808283	0.0909097	2.13365e-138	2.18818e-69	5.11571e-29	4	1	1.344259
1601000	64.97941	-65.65101	130.6304	0.05	0.06045379	0.312092	0.0890198	0.163345	0.027895	0.0176485	6.10658e-11	1.16502e-05	0.0143207	3.98567	1	0.6100005
1602000	65.70654	-64.17539	129.8819	0.05	0.02512255	0.273639	0.117959	0.0457883	0.131869	0.135003	6.06015e-25	1.16406e-12	1.78386e-05	3.99998	1	0.7042571
1603000	58.32288	-64.51339	122.8363	0.05	0.08430501	0.220226	0.129441	0.120234	0.524982	0.396962	3.99632e-08	0.000297434	0.0549628	3.94474	1	1.391845
1604000	65.44903	-65.9998	131.4488	0.05	0.1475955	0.0867033	0.0206584	0.086747	0.192187	0.140389	4.56759e-05	0.00998736	0.234562	3.75541	1	0.5266853
1605000	66.47767	-65.38874	131.8664	0.05	0.03554911	0.124305	0.0120466	0.112319	0.150966	0.120586	6.46579e-18	3.79889e-09	0.000511973	3.99949	1	0.5202225
1606000	64.56954	-66.10887	130.6784	0.05	0.02499389	0.193731	0.0357825	0.129755	0.19352	0.0558043	4.56177e-25	1.00996e-12	1.68178e-05	3.99998	1	0.6085933
1607000	70.9136	-65.22846	136.1421	0.05	0.1654887	0.101022	0.00749422	0.00501579	0.0180233	0.0238463	0.000125772	0.0165302	0.287898	3.69545	1	0.1554018
1608000	69.35803	-63.82157	133.1796	0.05	0.1025365	0.140714	0.0309433	0.0467786	0.107226	0.0482281	7.41611e-07	0.00127918	0.100634	3.89809	1	0.3738891
1609000	64.21548	-65.94666	130.1621	0.05	0.5854835	0.284546	0.0315446	0.122414	0.117178	0.0471218	0.0501285	0.304106	0.873728	2.77204	1	0.6028051
1610000	64.89014	-65.44637	130.3365	0.05	0.04865484	0.225158	0.129904	0.0593156	0.14908	0.0626238	2.35268e-13	7.23843e-07	0.00452058	3.99548	1	0.6260819
1611000	59.27575	-71.44082	130.7166	0.05	0.4849044	0.220374	0.134813	0.136529	0.0117016	0.0838583	0.0306251	0.241947	0.808966	2.91846	1	0.5872755
1612000	61.6268	-64.50972	126.1365	0.05	0.700194	0.293155	0.109365	0.107492	0.316933	0.189762	0.0742297	0.363622	0.92494	2.63721	1	1.016707
1613000	64.4865	-67.29877	131.7853	0.05	3.179167	0.152848	0.0108211	0.0648781	0.00791384	0.0686539	0.402665	0.740989	1.08327	1.77308	1	0.3051153
1614000	63.5777	-64.87895	128.4566	0.05	1.044501	0.390141	0.0472507	0.0663006	0.160842	0.0799949	0.145747	0.489731	1.007	2.35752	1	0.7445294
1615000	60.28062	-66.66983	126.9504	0.05	0.1584184	0.271654	0.231666	0.0815302	0.32994	0.0568364	8.66297e-05	0.0137334	0.267046	3.71913	1	0.9716267
1616000	59.65422	-66.24478	125.899	0.05	0.05055401	0.0829201	0.17406	0.330107	0.00166524	0.49524	6.85939e-13	1.23577e-06	0.00564393	3.99435	1	1.083993
1617000	57.83023	-67.09875	124.929	0.05	0.02467474	0.256103	0.509057	0.092696	0.210305	0.136372	2.22632e-25	7.05577e-13	1.44923e-05	3.99999	1	1.204532
1618000	64.04369	-65.28017	129.3239	0.05	0.1522862	0.205697	0.103639	0.187859	0.212065	0.0237891	6.09574e-05	0.0115303	0.248711	3.7397	1	0.7330492
1619000	62.12609	-68.88476	131.0108	0.05	0.897909	0.0200271	0.0212654	0.115576	0.221329	0.111006	0.116161	0.443758	0.980785	2.4593	1	0.4892031
1620000	65.57774	-65.02926	130.607	0.05	0.4503887	0.151074	0.0176628	0.0822926	0.167031	0.161439	0.0246039	0.2183	0.780521	2.97658	1	0.5794996
1621000	58.55274	-68.88483	127.4376	0.05	0.8309124	0.168561	0.224654	0.147589	0.160802	0.183054	0.102118	0.419288	0.965165	2.51343	1	0.8846597
1622000	66.14092	-65.86444	132.0054	0.05	0.0137089	0.0581584	0.0795733	0.0585702	0.0674279	0.200226	6.77355e-45	1.23189e-22	1.29329e-09	4	1	0.4639558
1623000	62.1737	-63.3405	125.5142	0.05	0.0590215	0.768224	0.0023591	0.0120933	0.238384	0.0917778	3.50125e-11	8.82261e-06	0.01276	3.98723	1	1.112839
1624000	59.64629	-64.60412	124.2504	0.05	0.02650005	0.0774424	0.0892895	0.42429	0.157255	0.499781	1.06685e-23	4.88354e-12	3.23421e-05	3.99997	1	1.248058
1625000	64.24468	-65.29271	129.5374	0.05	0.2785076	0.456797	0.0258171	0.0670218	0.1658	0.0178258	0.00371418	0.0879177	0.55788	3.35049	1	0.7332623
1626000	64.20583	-68.30477	132.5106	0.05	0.6872654	0.0965288	0.0222793	0.0829476	0.135271	0.0314716	0.0714705	0.357459	0.920056	2.65101	1	0.3684981
1627000	66.48716	-65.32721	131.8144	0.05	0.1073286	0.140387	0.0322213	0.106153	0.176743	0.0451537	1.35522e-06	0.00172841	0.113982	3.88429	1	0.5006584
1628000	64.51095	-66.42335	130.9343	0.05	0.9237546	0.102571	0.00230881	0.0551639	0.211388	0.135448	0.121501	0.452571	0.986121	2.43981	1	0.5068794
1629000	62.46417	-65.00131	127.4655	0.05	0.09592244	0.186559	0.000308143	0.331114	0.347372	0.0685931	2.92259e-07	0.000803518	0.0830025	3.91619	1	0.9339457
1630000	63.39362	-65.27982	128.6734	0.05	4.089234	0.215453	0.0650116	0.0168438	0.118022	0.0453145	0.459198	0.778239	1.08438	1.67819	1	0.4606446
1631000	64.47885	-68.19805	132.6769	0.05	0.0938896	0.0525879	0.189291	0.039684	0.0564071	0.0783558	2.13803e-07	0.000687384	0.0778013	3.92151	1	0.4163255
1632000	68.27921	-63.50086	131.7801	0.05	0.06687406	0.346076	0.00873336	0.0641309	0.0502828	0.0330115	5.51384e-10	3.49887e-05	0.0226058	3.97736	1	0.5022344
1633000	56.98951	-65.7887	122.7782	0.05	4.499179	0.393667	0.0233306	0.178498	0.234432	0.155674	0.479846	0.790876	1.08405	1.64523	1	0.9856022
1634000	63.87826	-66.22307	130.1013	0.05	0.06646201	0.174833	0.0176607	0.176644	0.147378	0.149033	4.84918e-10	3.28133e-05	0.0220114	3.97796	1	0.6655485
1635000	65.00218	-65.45204	130.4542	0.05	0.2014605	0.341987	0.0241093	0.0951589	0.12565	0.0468583	0.000558465	0.0346223	0.387459	3.57736	1	0.6337635
1636000	65.87113	-67.69153	133.5627	0.05	0.2847528	0.0500015	0.0539639	0.0302598	0.118793	0.0294383	0.00414018	0.0926994	0.569286	3.33387	1	0.2824569
1637000	64.15476	-69.0156	133.1704	0.05	0.08376514	0.0939423	0.0657513	0.0716733	0.0598535	0.0463847	3.59477e-08	0.000282108	0.0537693	3.94595	1	0.3376051
1638000	59.0726	-63.97809	123.0507	0.05	0.4023421	0.687845	0.0175308	0.0965677	0.318321	0.214262	0.0170537	0.183504	0.733803	3.06564	1	1.334526
1639000	65.98294	-65.263	131.2459	0.05	0.183473	0.151724	0.0139122	0.0357055	0.245953	0.0664096	0.000285153	0.0248181	0.33917	3.63573	1	0.5137041
1640000	65.23526	-66.90742	132.1427	0.05	0.02359835	0.153774	0.032763	0.0573179	0.0998179	0.110763	1.71683e-26	1.95954e-13	8.5165e-06	3.99999	1	0.4544352
1641000	64.74532	-64.51324	129.2586	0.05	0.0498599	0.128751	0.0614764	0.0412325	0.42056	0.0933938	4.68322e-13	1.02115e-06	0.00521441	3.99478	1	0.7454137
1642000	66.02122	-65.62109	131.6423	0.05	0.006048662	0.155618	0.0701899	0.0212658	0.0493347	0.248459	1.63227e-100	1.91361e-50	3.71857e-21	4	1	0.5448666
1643000	63.94739	-67.17292	131.1203	0.05	0.3241085	0.22209	0.170607	0.00102271	0.0574182	0.0985194	0.00745341	0.123333	0.634154	3.23506	1	0.5496568
1644000	66.58334	-66.35754	132.9409	0.05	0.04252052	0.0851815	0.0162179	0.0492068	0.207232	0.0244711	3.8622e-15	9.27909e-08	0.00192771	3.99807	1	0.3823094
1645000	66.84221	-65.27075	132.113	0.05	0.05065989	0.0796968	0.0831323	0.0714377	0.187065	0.0332103	7.26384e-13	1.27167e-06	0.00571139	3.99429	1	0.4545418
1646000	62.90386	-69.06374	131.9676	0.05	0.1664178	0.0810611	0.160167	0.0418633	0.0927881	0.0695707	0.000131776	0.0169177	0.290611	3.69234	1	0.4454498
1647000	64.57915	-65.7554	130.3345	0.05	0.1604609	0.159119	0.0789325	0.114163	0.259066	0.00578175	9.68083e-05	0.0145134	0.273105	3.71229	1	0.6170615
1648000	63.20901	-65.88964	129.0986	0.05	0.8848278	0.141663	0.072021	0.121321	0.261879	0.0742407	0.113441	0.43917	0.977947	2.46944	1	0.6711242
1649000	63.69357	-66.60435	130.2979	0.05	0.1204514	0.259162	0.168225	0.110298	0.0984014	0.0137784	5.52393e-06	0.00348476	0.152263	3.84425	1	0.6498646
1650000	66.37352	-67.26484	133.6384	0.05	0.3221588	0.268828	0.0207019	0.074119	0.0194355	0.0187916	0.00726397	0.121806	0.631206	3.23972	1	0.4018754
1651000	61.37065	-63.89538	125.266	0.05	0.1265514	0.311565	0.0392264	0.115724	0.338723	0.335324	9.61103e-06	0.00459342	0.170605	3.82479	1	1.140562
1652000	66.57878	-65.01813	131.5969	0.05	0.03834029	0.15482	0.0573295	0.162912	0.124333	0.0271875	1.105e-16	1.57008e-08	0.000922415	3.99908	1	0.5265818
1653000	64.28674	-67.63196	131.9187	0.05	0.1197857	0.200722	0.0411097	0.0792882	0.0293765	0.166218	5.18226e-06	0.00337551	0.150276	3.84634	1	0.5167147
1654000	61.53152	-64.45821	125.9897	0.05	0.07621477	0.180134	0.035036	0.202281	0.584841	0.0476069	6.98494e-09	0.000124435	0.0382806	3.96159	1	1.049898
1655000	66.31799	-65.83705	132.155	0.05	0.1019476	0.0989886	0.00981023	0.00289763	0.246725	0.105832	6.85954e-07	0.00123031	0.0990243	3.89974	1	0.464253
1656000	65.04345	-64.1629	129.2063	0.05	1.540077	0.297716	0.0592465	0.00625767	0.185442	0.100771	0.231448	0.595094	1.05269	2.12077	1	0.6494331
1657000	61.99009	-66.70964	128.6997	0.05	0.3062868	0.156041	0.103493	0.0945763	0.297631	0.125701	0.00581913	0.109394	0.606211	3.27858	1	0.7774421
1658000	53.80052	-66.98439	120.7849	0.05	1.271707	0.150804	0.0482628	0.065006	0.605554	0.598445	0.187808	0.54555	1.03364	2.23301	1	1.468072
1659000	65.8542	-64.43525	130.2895	0.05	0.104101	0.229031	0.0307466	0.0805305	0.192104	0.0951102	9.0847e-07	0.00141558	0.104945	3.89364	1	0.6275221
1660000	67.04613	-65.04	132.0861	0.05	0.06894417	0.248663	0.0122899	0.147112	0.0183337	0.0482474	1.02713e-09	4.77462e-05	0.02572	3.97423	1	0.4746457
1661000	67.05508	-65.05317	132.1083	0.05	0.04218439	0.196187	0.103268	0.0630096	0.101793	0.00123905	2.97878e-15	8.14928e-08	0.00182662	3.99817	1	0.4654977
1662000	61.24559	-64.13668	125.3823	0.05	0.03161872	0.281635	0.00218923	0.199065	0.111564	0.528607	5.07774e-20	3.36765e-10	0.000187344	3.99981	1	1.12306
1663000	60.62909	-66.25571	126.8848	0.05	0.4010008	0.362046	0.202428	0.000817634	0.252863	0.132871	0.0168591	0.182503	0.732361	3.06828	1	0.9510259
1664000	64.47862	-65.22562	129.7042	0.05	1.967489	0.192309	0.0635708	0.0259029	0.177602	0.0630826	0.289363	0.651511	1.06915	1.98997	1	0.5224672
1665000	62.54222	-68.51194	131.0542	0.05	0.267542	0.0930639	0.200494	0.0102456	0.219453	0.0150079	0.00303203	0.0796193	0.537049	3.3803	1	0.5382644
1666000	63.49607	-65.77668	129.2727	0.05	0.09086022	0.0190911	0.178803	0.166278	0.175737	0.215133	1.30746e-07	0.00053768	0.0702669	3.9292	1	0.755042
1667000	66.39237	-65.62868	132.0211	0.05	0.07696297	0.0863483	0.0572003	0.14472	0.0756153	0.132201	8.335e-09	0.000135921	0.0397098	3.96015	1	0.4960851
1668000	59.29637	-66.46226	125.7586	0.05	0.07635342	0.289477	0.0976723	0.344477	0.154126	0.221111	7.21935e-09	0.000126504	0.0385436	3.96133	1	1.106864
1669000	61.96163	-68.19786	130.1595	0.05	0.8005725	0.182975	0.0345627	0.138165	0.22041	0.0198899	0.0956806	0.407364	0.957113	2.53984	1	0.5960033
1670000	64.15853	-66.6973	130.8558	0.05	1.308893	0.213811	0.049453	0.110422	0.0934786	0.0671018	0.194235	0.553313	1.03691	2.21555	1	0.5342655
1671000	60.97233	-66.44959	127.4219	0.05	0.4835605	0.13925	0.0911105	0.0225389	0.553604	0.0891891	0.0303827	0.241048	0.807928	2.92064	1	0.8956932
1672000	66.5172	-64.85388	131.3711	0.05	0.5336908	0.180154	0.00595753	0.0209164	0.165997	0.105751	0.0397894	0.273342	0.843315	2.84355	1	0.4787771
1673000	63.3134	-64.65519	127.9686	0.05	0.09840568	0.0866802	0.0787347	0.162401	0.375822	0.173055	4.20709e-07	0.000963836	0.0895019	3.90953	1	0.8766928
1674000	66.83379	-65.88373	132.7175	0.05	0.7884734	0.246403	0.0388279	0.0253152	0.0475335	0.0380476	0.0931037	0.402452	0.953709	2.55074	1	0.3961277
1675000	65.96924	-64.78709	130.7563	0.05	0.02787244	0.25826	0.0800858	0.179823	0.0793464	0.0163059	1.4017e-22	1.76994e-11	5.51835e-05	3.99994	1	0.6138211
1676000	64.80409	-64.95239	129.7565	0.05	0.02172583	0.140602	0.190121	0.0589146	0.291721	0.0381453	1.0863e-28	1.55897e-14	2.9791e-06	4	1	0.7195037
1677000	66.63304	-63.66911	130.3022	0.05	0.08969495	0.297461	0.0441826	0.047481	0.227705	0.0358252	1.07257e-07	0.000487043	0.0674425	3.93207	1	0.6526542
1678000	67.77641	-65.83555	133.612	0.05	0.09901435	0.0800576	0.0698056	0.0165269	0.0573203	0.106259	4.58722e-07	0.00100638	0.091118	3.90788	1	0.3299698
1679000	65.58621	-64.69874	130.285	0.05	0.4724666	0.359285	0.0102202	0.0461289	0.154101	0.0784484	0.0284052	0.233562	0.799152	2.93888	1	0.648183
1680000	65.31018	-68.04348	133.3537	0.05	0.1948483	0.209361	0.0736673	0.0406627	0.0118514	0.0253707	0.000442556	0.0308573	0.370079	3.59862	1	0.3609134
1681000	58.58219	-68.72488	127.3071	0.05	0.1919034	0.150537	0.0545081	0.218732	0.0581679	0.466568	0.000396941	0.029239	0.362198	3.60817	1	0.9485126
1682000	64.87937	-64.3613	129.2407	0.05	0.01075956	0.331438	0.0231018	0.214956	0.113693	0.0609023	6.20394e-57	1.17926e-28	4.10896e-12	4	1	0.7440916
1683000	65.10279	-64.77702	129.8798	0.05	0.05378702	0.140636	0.146804	0.052691	0.123963	0.203202	3.56358e-12	2.81591e-06	0.00794343	3.99205	1	0.6672962
1684000	66.84616	-65.03283	131.879	0.05	0.06032388	0.191686	0.0324276	0.164615	0.0869787	0.00912394	5.81245e-11	1.13663e-05	0.0141748	3.98581	1	0.4848315
1685000	61.83924	-68.51412	130.3534	0.05	0.332505	0.0673488	0.217862	0.126697	0.114948	0.078595	0.00829873	0.129905	0.646562	3.21523	1	0.6054512
1686000	58.74767	-64.1996	122.9473	0.05	0.07784531	0.296909	0.166973	0.0989043	0.770154	0.0288121	1.02214e-08	0.000150506	0.0414262	3.95842	1	1.361753
1687000	59.81915	-66.49167	126.3108	0.05	1.909831	0.27115	0.140065	0.0869504	0.339241	0.031492	0.282268	0.645069	1.06756	2.0051	1	0.8688978
1688000	63.11911	-65.5514	128.6705	0.05	0.7050933	0.421265	0.0275907	0.0736806	0.112343	0.112858	0.0752765	0.365923	0.926741	2.63206	1	0.747738
1689000	58.78989	-66.37337	125.1633	0.05	0.2484363	0.452873	0.31945	0.0700028	0.277677	0.0115752	0.00203968	0.065563	0.498176	3.43422	1	1.131578
1690000	64.13623	-65.01549	129.1517	0.05	0.1094445	0.118557	0.134982	0.074382	0.188852	0.228373	1.73904e-06	0.00195751	0.120003	3.87804	1	0.745146
1691000	68.18171	-63.76393	131.9456	0.05	0.1140811	0.226139	0.00821687	0.0847379	0.115146	0.0321992	2.90787e-06	0.00253006	0.133423	3.86404	1	0.4664383
1692000	69.2102	-64.72137	133.9316	0.05	0.09015386	0.147704	1.37638e-05	0.0017295	0.0693704	0.0571503	1.16027e-07	0.000506544	0.0685497	3.93094	1	0.2759684
1693000	64.82902	-67.01008	131.8391	0.05	0.1057987	0.0280283	0.128938	0.0475962	0.153954	0.114359	1.1246e-06	0.00157473	0.109675	3.88875	1	0.4728749
1694000	66.94166	-65.43934	132.381	0.05	0.06693427	0.0838273	0.00631525	0.00891239	0.237964	0.104066	5.61757e-10	3.53161e-05	0.0226934	3.97727	1	0.4410852
1695000	62.44118	-68.53955	130.9807	0.05	0.5155037	0.0873546	0.0247967	0.118262	0.145634	0.190418	0.036296	0.261917	0.83123	2.87056	1	0.5664649
1696000	66.81413	-63.54166	130.3558	0.05	0.05372915	0.305833	0.00561934	0.0710324	0.218099	0.0238962	3.46604e-12	2.77712e-06	0.00789784	3.9921	1	0.6244804
1697000	60.86031	-66.27029	127.1306	0.05	0.007397339	0.105908	0.549039	0.131905	0.177847	0.0157991	2.291e-82	2.26682e-41	2.16863e-17	4	1	0.9804983
1698000	60.97546	-65.27898	126.2544	0.05	0.2743665	0.25973	0.038712	0.2102	0.211528	0.319199	0.00344676	0.0847679	0.550135	3.36165	1	1.039369
1699000	63.58777	-67.35913	130.9469	0.05	0.07088204	0.0997921	0.0500797	0.0380311	0.158233	0.216278	1.77922e-09	6.28305e-05	0.0288251	3.97111	1	0.5624135
1700000	61.04498	-65.56938	126.6144	0.05	5.812668	0.202301	0.0700889	0.0625944	0.0947132	0.0801693	0.532689	0.82115	1.08167	1.56449	1	0.5098668
1701000	66.13448	-65.03495	131.1694	0.05	0.07334151	0.0379264	0.0661653	0.0878298	0.302702	0.0772859	3.42682e-09	8.71789e-05	0.0330236	3.96689	1	0.5719098
1702000	64.9989	-65.16119	130.1601	0.05	0.1616865	0.213542	0.0644378	0.122353	0.239136	0.00233247	0.000103341	0.0149924	0.276726	3.70818	1	0.6418016
1703000	64.90094	-65.23665	130.1376	0.05	0.1171705	0.041046	0.100445	0.0204438	0.380643	0.116983	4.00418e-06	0.00296797	0.14251	3.85452	1	0.6595615
1704000	62.23203	-65.61804	127.8501	0.05	1.00833	0.184038	0.0389743	0.0182915	0.23251	0.339725	0.138613	0.479241	1.00137	2.38078	1	0.8135391
1705000	63.29739	-64.82131	128.1187	0.05	0.02068506	0.289345	0.18088	0.0286955	0.236672	0.114829	4.38242e-30	3.13154e-15	1.53044e-06	4	1	0.8504212
1706000	61.84673	-66.01762	127.8643	0.05	0.327482	0.258305	0.0474633	0.13408	0.270524	0.145955	0.00778732	0.125974	0.639196	3.22704	1	0.8563281
1707000	65.93253	-67.73369	133.6662	0.05	0.1045939	0.0622909	0.0457824	0.0255101	0.0971494	0.0494026	9.67229e-07	0.00146057	0.106313	3.89223	1	0.2801354
1708000	69.81327	-64.84375	134.657	0.05	0.06166735	0.199382	0.00911231	0.0447841	0.0289547	0.00296663	9.58727e-11	1.45961e-05	0.0157254	3.98426	1	0.2851996
1709000	68.57689	-63.67693	132.2538	0.05	0.07214543	0.121132	0.00637666	0.0186763	0.160383	0.138956	2.50543e-09	7.45505e-05	0.0309464	3.96898	1	0.4455239
1710000	64.65052	-64.84555	129.4961	0.05	2.474497	0.219966	0.0726829	0.0239185	0.145612	0.0679473	0.344025	0.697541	1.07833	1.8801	1	0.5301267
1711000	63.47095	-66.22579	129.6967	0.05	0.2765144	0.0958231	0.132958	0.0951042	0.297343	0.0492618	0.00358398	0.0863994	0.554171	3.35585	1	0.6704908
1712000	63.54881	-66.16343	129.7122	0.05	0.1207903	0.00445783	0.114993	0.157153	0.310375	0.10113	5.70492e-06	0.00354126	0.153275	3.84318	1	0.6881084
1713000	63.00537	-66.55264	129.558	0.05	0.4593778	0.323	0.0566343	0.189891	0.120171	0.0138529	0.026129	0.224572	0.788302	2.961	1	0.7035497
1714000	64.85808	-66.34564	131.2037	0.05	0.5775657	0.16063	0.0388391	0.0961824	0.179284	0.0488333	0.0485164	0.29957	0.869427	2.78249	1	0.5237689
1715000	61.01641	-69.51194	130.5283	0.05	0.6390091	0.0890314	0.0926615	0.0432133	0.28256	0.0600738	0.0612405	0.333274	0.899986	2.7055	1	0.56754
1716000	63.05798	-64.91671	127.9747	0.05	0.08127077	0.382471	0.0334966	0.220311	0.115639	0.135348	2.16395e-08	0.000218926	0.0483983	3.95138	1	0.8872658
1717000	65.58954	-64.23018	129.8197	0.05	0.1081972	0.342407	0.031706	0.134291	0.0342874	0.133962	1.50307e-06	0.00182009	0.116445	3.88173	1	0.6766537
1718000	64.742	-66.62894	131.3709	0.05	0.2396175	0.0332433	0.0447829	0.138147	0.221975	0.0940619	0.00166268	0.0593011	0.479073	3.45996	1	0.5322105
1719000	64.40728	-68.47871	132.886	0.05	0.1093494	0.00885643	0.0957476	0.0483164	0.187028	0.042898	1.72001e-06	0.00194679	0.119731	3.87832	1	0.3828462
1720000	63.66161	-64.73626	128.3979	0.05	0.04801693	0.213965	0.0360516	0.125384	0.313244	0.143203	1.61146e-13	5.99095e-07	0.00417935	3.99582	1	0.8318474
1721000	69.46191	-65.11095	134.5729	0.05	0.2789435	0.100582	0.0398944	0.00116631	0.0568456	0.0360735	0.00374303	0.0882503	0.558687	3.34932	1	0.2345617
1722000	58.7802	-69.68497	128.4652	0.05	4.247725	0.167481	0.0097401	0.0691303	0.166081	0.0410634	0.467474	0.783362	1.08429	1.66488	1	0.4534966
1723000	66.19771	-64.53688	130.7346	0.05	0.01912655	0.301329	0.0866306	0.0436095	0.127522	0.062661	1.8627e-32	2.04188e-16	4.92906e-07	4	1	0.6217515
1724000	65.93106	-64.71137	130.6424	0.05	0.03446085	0.249699	0.117294	0.0780673	0.0770008	0.0918081	1.88743e-18	2.05268e-09	0.000396582	3.9996	1	0.6138688
1725000	65.17468	-66.40885	131.5835	0.05	0.3502336	0.223069	0.0280604	0.119791	0.0868266	0.0533726	0.0102374	0.143737	0.671283	3.17474	1	0.5111198
1726000	54.79392	-68.71641	123.5103	0.05	2.317145	0.236389	0.0676294	0.074615	0.456261	0.264432	0.328405	0.684992	1.07622	1.91038	1	1.099326
1727000	63.76082	-65.31905	129.0799	0.05	1.007841	0.21812	0.0398973	0.108371	0.167915	0.132926	0.138516	0.479096	1.00129	2.3811	1	0.6672297
1728000	69.65826	-63.38427	133.0425	0.05	0.1089221	0.164859	0.010061	0.000954597	0.104432	0.0962847	1.63669e-06	0.00189913	0.11851	3.87959	1	0.3765916
1729000	57.01756	-67.04237	124.0599	0.05	1.006542	0.194028	0.347109	0.121279	0.0867264	0.423061	0.138257	0.478709	1.00108	2.38196	1	1.172205
1730000	58.19724	-66.09276	124.29	0.05	0.6246239	0.141861	0.274737	0.0389846	0.632969	0.1018	0.0582232	0.325686	0.89338	2.72271	1	1.190352
1731000	65.84511	-65.11887	130.964	0.05	0.6460758	0.221811	0.00197952	0.0356787	0.176507	0.116294	0.0627293	0.336936	0.903121	2.69721	1	0.5522704
1732000	57.42445	-66.6691	124.0935	0.05	0.8326581	0.503307	0.0978275	0.190316	0.0212787	0.39068	0.102487	0.419957	0.965609	2.51195	1	1.203409
1733000	62.83828	-66.68585	129.5241	0.05	1.536335	0.280518	0.0448102	0.0762268	0.112691	0.0884348	0.230881	0.594495	1.05249	2.12214	1	0.6026807
1734000	65.13988	-66.05363	131.1935	0.05	0.3068884	0.235279	0.0848414	0.0420121	0.160221	0.0555451	0.00587071	0.109863	0.607192	3.27707	1	0.5778983
1735000	60.53874	-68.57798	129.1167	0.05	0.912581	0.103454	0.177168	0.0915817	0.306678	0.0164693	0.119198	0.448801	0.983857	2.44814	1	0.6953507
1736000	65.62141	-66.21484	131.8362	0.05	1.077349	0.36488	0.0220329	0.0478829	0.0414961	0.000515638	0.152124	0.498827	1.01172	2.33733	1	0.4768077
1737000	62.64301	-69.23223	131.8752	0.05	0.2629023	0.0987627	0.107034	0.170295	0.0749672	0.0218451	0.00276839	0.0761532	0.527916	3.39316	1	0.4729044
1738000	60.48803	-65.12219	125.6102	0.05	0.008993118	0.12962	0.123752	0.0202238	0.544577	0.295651	6.33701e-68	3.76952e-34	2.15301e-14	4	1	1.113825
1739000	61.62534	-69.3136	130.9389	0.05	0.4544889	0.107908	0.0569184	0.213136	0.0611846	0.128717	0.0252955	0.22117	0.784104	2.96943	1	0.5678632
1740000	65.82059	-67.93318	133.7538	0.05	0.6476223	0.140696	0.0121399	0.0186419	0.0571039	0.0305258	0.0630556	0.337732	0.903797	2.69542	1	0.2591076
1741000	66.93367	-65.13088	132.0645	0.05	1.067956	0.139646	0.0273359	0.00568969	0.138589	0.0933529	0.15031	0.496266	1.01041	2.34302	1	0.4046138
1742000	64.52729	-66.26697	130.7943	0.05	0.08209764	0.000370785	0.0739406	0.152572	0.251928	0.0949775	2.56923e-08	0.00023853	0.0501522	3.94961	1	0.5737895
1743000	54.85509	-67.62158	122.4767	0.05	0.1926583	0.601735	0.0634446	0.491436	0.222496	0.0725474	0.000408295	0.0296503	0.364226	3.60572	1	1.451658
1744000	64.79286	-65.93341	130.7263	0.05	0.449055	0.161452	0.0579094	0.025681	0.125048	0.173438	0.0243803	0.217363	0.779343	2.97891	1	0.5435281
1745000	64.80006	-65.18236	129.9824	0.05	0.8459561	0.170818	0.0359815	0.0501375	0.249234	0.103815	0.105293	0.424999	0.968918	2.50079	1	0.6099857
1746000	68.45073	-66.77515	135.2259	0.05	0.08634478	0.101206	0.0426015	0.022687	0.0171919	0.0192162	5.89146e-08	0.000361073	0.0595678	3.94007	1	0.2029029
1747000	56.81293	-68.32251	125.1354	0.05	1.636558	0.210192	0.229921	0.0373393	0.10748	0.436316	0.245668	0.609814	1.05753	2.08699	1	1.021248
1748000	64.3744	-65.32955	129.7039	0.05	1.8008	0.321128	0.0233545	0.0348675	0.127994	0.0498307	0.268278	0.632009	1.0641	2.03561	1	0.5571747
1749000	63.96473	-66.30152	130.2663	0.05	2.08696	0.13491	0.011084	0.0664062	0.138524	0.0990566	0.303439	0.663953	1.07202	1.96059	1	0.4499804
1750000	64.79994	-67.01141	131.8114	0.05	0.9611981	0.321962	0.0761215	0.0158974	0.0425132	0.0475854	0.129148	0.46477	0.993261	2.41282	1	0.50408
1751000	58.62447	-69.479	128.1035	0.05	1.672907	0.174238	0.129006	0.247546	0.157611	0.00225121	0.25084	0.615017	1.05915	2.075	1	0.7106526
1752000	64.45107	-65.03657	129.4876	0.05	0.03172051	0.190571	0.0409045	0.170034	0.254341	0.0599202	5.84476e-20	3.61302e-10	0.000192892	3.99981	1	0.715771
1753000	61.61998	-64.38363	126.0036	0.05	0.3881516	0.20356	0.0361212	0.0491716	0.565791	0.178797	0.0150428	0.172851	0.718134	3.09397	1	1.033441
1754000	64.65721	-64.92125	129.5785	0.05	0.05225017	0.197427	0.115779	0.20528	0.0691206	0.120895	1.67017e-12	1.92802e-06	0.006788	3.99321	1	0.7085021
1755000	65.96447	-65.04722	131.0117	0.05	0.2095939	0.0933924	0.0362534	0.0204891	0.244614	0.140377	0.000728616	0.0394871	0.40823	3.55155	1	0.5351258
1756000	61.99082	-67.30986	129.3007	0.05	0.2504168	0.0594868	0.188319	0.0873566	0.262511	0.11838	0.00213124	0.0669911	0.502364	3.42851	1	0.7160542
1757000	60.9233	-68.81106	129.7344	0.05	0.371367	0.164067	0.146403	0.189842	0.14474	0.015072	0.0128096	0.160066	0.698339	3.12879	1	0.6601245
1758000	66.02388	-63.70485	129.7287	0.05	0.07062812	0.339811	0.0578462	0.0362009	0.181456	0.0774304	1.65849e-09	6.06626e-05	0.028408	3.97153	1	0.6927446
1759000	62.46742	-70.11506	132.5825	0.05	0.3467302	0.247191	0.0559062	0.0135873	0.0681067	0.0404526	0.00983805	0.141011	0.66655	3.1826	1	0.425244
1760000	69.86784	-64.6143	134.4821	0.05	0.2513368	0.131786	0.0364386	0.00126032	0.045969	0.044666	0.00217464	0.067657	0.504296	3.42587	1	0.2601194
1761000	65.75094	-64.2395	129.9904	0.05	0.1385514	0.191502	0.119017	0.00848866	0.242653	0.105293	2.47749e-05	0.00736424	0.207086	3.78553	1	0.6669536
1762000	64.7109	-65.1863	129.8972	0.05	0.08974774	0.27626	0.0185875	0.120701	0.168479	0.0956193	1.08235e-07	0.000489258	0.0675695	3.93194	1	0.6796464
1763000	62.5238	-68.05001	130.5738	0.05	0.1225948	0.0970108	0.00671858	0.143317	0.208018	0.13041	6.75299e-06	0.00385207	0.158681	3.83746	1	0.5854747
1764000	62.20753	-64.12112	126.3287	0.05	0.008761051	0.294118	0.146452	0.0121325	0.293792	0.307488	1.06802e-69	4.89376e-35	9.2271e-15	4	1	1.053983
1765000	66.70722	-64.48717	131.1944	0.05	0.1543031	0.176783	0.0619763	0.0492662	0.225011	0.0486222	6.86392e-05	0.0122317	0.254764	3.73294	1	0.5616589
1766000	60.30111	-64.70963	125.0107	0.05	1.578524	0.254491	0.013669	0.0992117	0.4707	0.170522	0.237202	0.601126	1.05472	2.10695	1	1.008593
1767000	66.97645	-63.63691	130.6134	0.05	0.05415208	0.43024	0.0375138	0.0242007	0.0599905	0.06876	4.23952e-12	3.07129e-06	0.00823482	3.99176	1	0.6207052
1768000	68.10462	-64.03792	132.1425	0.05	0.002396541	0.103431	0.0427446	0.0439006	0.162786	0.0908136	3.37884e-252	2.75411e-126	1.23971e-52	4	1	0.4436752
1769000	69.18719	-65.94009	135.1273	0.05	0.1254371	0.0856034	0.0430354	0.00831066	0.0409087	0.0308025	8.72133e-06	0.00437621	0.167239	3.82838	1	0.2086606
1770000	57.18188	-70.49785	127.6797	0.05	0.1061484	0.280672	0.264272	0.0418374	0.247861	0.0924192	1.17414e-06	0.00160898	0.110656	3.88773	1	0.9270623
1771000	65.86334	-66.49655	132.3599	0.05	0.6471556	0.10121	0.0358297	0.0255684	0.126682	0.0945272	0.0629571	0.337492	0.903593	2.69596	1	0.3838172
1772000	59.94481	-66.81177	126.7566	0.05	1.073749	0.21686	0.0080248	0.0313836	0.348939	0.31318	0.15143	0.497849	1.01122	2.3395	1	0.9183876
1773000	65.92941	-64.29644	130.2258	0.05	0.177792	0.217257	0.0632317	0.0441382	0.267047	0.0503111	0.000224168	0.0220255	0.323276	3.65447	1	0.6419855
1774000	64.46945	-65.44866	129.9181	0.05	0.1324981	0.121117	0.158404	0.113953	0.195145	0.0851368	1.56997e-05	0.00586668	0.188652	3.80547	1	0.6737547
1775000	61.5294	-66.34043	127.8698	0.05	1.218175	0.274716	0.208648	0.0713924	0.153399	0.0938065	0.178331	0.533767	1.02847	2.25943	1	0.8019621
1776000	63.54137	-66.02655	129.5679	0.05	0.1325798	0.25454	0.152213	0.0294851	0.239634	0.071824	1.5801e-05	0.00588552	0.1889	3.8052	1	0.7476968
1777000	62.51788	-67.71189	130.2298	0.05	0.7284889	0.0624193	0.0492812	0.175979	0.229448	0.0772087	0.0802809	0.376667	0.934985	2.60807	1	0.5943359
1778000	67.94373	-64.33045	132.2742	0.05	0.06363421	0.146001	0.0042117	0.0551274	0.119388	0.134367	1.92007e-10	2.06527e-05	0.0181625	3.98182	1	0.4590944
1779000	68.9249	-65.82345	134.7484	0.05	0.06026546	0.109328	0.0227523	0.0615874	0.0606669	0.00412633	5.68446e-11	1.12405e-05	0.0141095	3.98588	1	0.2584604
1780000	63.1404	-66.68076	129.8212	0.05	0.2032002	0.096184	0.182452	0.0241567	0.150312	0.224251	0.000592217	0.0356418	0.391958	3.57181	1	0.6773556
1781000	65.81109	-68.40873	134.2198	0.05	0.198027	0.0834763	0.0248711	0.0619573	0.0547948	0.0028495	0.000495883	0.032645	0.378489	3.58837	1	0.227949
1782000	65.41177	-66.31499	131.7268	0.05	0.09302128	0.115393	0.121494	0.15677	0.0658579	0.0377199	1.86302e-07	0.000641704	0.0756144	3.92374	1	0.4972345
1783000	61.06525	-65.51684	126.5821	0.05	0.281053	0.181219	0.223059	0.0760895	0.432236	0.0755088	0.00388451	0.0898623	0.562568	3.34369	1	0.9881117
1784000	66.26066	-66.85592	133.1166	0.05	0.7872689	0.208391	0.0418256	0.0491021	0.0143557	0.0375832	0.0928469	0.401957	0.953364	2.55183	1	0.3512574
1785000	66.96597	-66.27635	133.2423	0.05	0.299877	0.192789	0.0326384	0.0537671	0.0387657	0.0405201	0.00528533	0.104399	0.595596	3.29472	1	0.3584804
1786000	68.06184	-64.2152	132.277	0.05	0.05826023	0.138606	0.0506684	0.0166715	0.201049	0.0321739	2.57625e-11	7.56846e-06	0.0119732	3.98802	1	0.4391684
1787000	58.96903	-65.70196	124.671	0.05	0.7903955	0.56784	0.0955381	0.202259	0.212389	0.0483402	0.0935134	0.403238	0.954258	2.54899	1	1.126366
1788000	64.75297	-65.67358	130.4265	0.05	0.06726283	0.141092	0.0100176	0.0785186	0.225218	0.206681	6.21531e-10	3.71465e-05	0.0231745	3.97679	1	0.6615265
1789000	64.46747	-65.41366	129.8811	0.05	0.4507293	0.278717	0.0625337	0.0695578	0.150216	0.0995812	0.024661	0.218539	0.780821	2.97598	1	0.6606059
1790000	60.51031	-67.38237	127.8927	0.05	0.8487997	0.282321	0.0771919	0.193819	0.253312	0.00375121	0.105892	0.426063	0.969611	2.49843	1	0.810396
1791000	63.87651	-67.09459	130.9711	0.05	0.3790503	0.0354431	0.0572651	0.0962882	0.172256	0.184473	0.0138117	0.165941	0.707577	3.11267	1	0.5457251
1792000	64.85758	-69.77921	134.6368	0.05	0.1454375	0.0587381	0.00879539	0.0195631	0.0948241	0.0959066	3.97468e-05	0.00931932	0.228024	3.76262	1	0.2778273
1793000	58.5025	-64.60781	123.1103	0.05	1.675457	0.462095	0.084214	0.167129	0.342857	0.130709	0.251199	0.615375	1.05926	2.07417	1	1.187004
1794000	67.20601	-64.85923	132.0652	0.05	0.03730981	0.143061	0.0262871	0.130251	0.164164	0.00818786	4.07122e-17	9.53109e-09	0.000749873	3.99925	1	0.4719512
1795000	67.08725	-64.23025	131.3175	0.05	0.1100415	0.210437	0.0149121	0.136804	0.148922	0.0309029	1.86259e-06	0.00202573	0.121714	3.87626	1	0.5419785
1796000	60.9263	-64.3731	125.2994	0.05	0.0803796	0.309747	0.173899	0.0558998	0.271481	0.315696	1.79134e-08	0.000199203	0.0465384	3.95326	1	1.126723
1797000	65.25257	-64.60388	129.8564	0.05	0.1289645	0.224375	0.139761	0.0404558	0.199755	0.0843908	1.1793e-05	0.00508677	0.177915	3.81699	1	0.6887369
1798000	64.53614	-65.90519	130.4413	0.05	0.111484	0.181978	0.0179233	0.198355	0.144458	0.0948661	2.19183e-06	0.00219717	0.12587	3.87193	1	0.6375816
1799000	58.6013	-69.92143	128.5227	0.05	1.471342	0.094304	0.00901303	0.0408773	0.249832	0.305154	0.220861	0.583716	1.04869	2.14673	1	0.6991807
1800000	64.05599	-63.44692	127.5029	0.05	0.02532388	0.510314	0.016271	0.114924	0.260078	0.0266029	9.39707e-25	1.44951e-12	1.95381e-05	3.99998	1	0.9281901
1801000	67.4736	-64.58507	132.0587	0.05	0.006964897	0.1575	0.0027738	0.0940008	0.17203	0.0641645	2.02644e-87	6.742e-44	1.93891e-18	4	1	0.4904694
1802000	66.11266	-65.81891	131.9316	0.05	0.06333075	0.185841	0.0282669	0.0939408	0.0216894	0.138406	1.72983e-10	1.96034e-05	0.0177736	3.98221	1	0.4681447
1803000	64.22438	-65.61232	129.8367	0.05	0.2065153	0.126154	0.130502	0.0438192	0.111326	0.261969	0.00066047	0.0376167	0.400447	3.56128	1	0.6737704
1804000	61.24354	-65.53732	126.7809	0.05	0.3189435	0.302963	0.109815	0.105071	0.343233	0.10473	0.00695723	0.119289	0.626286	3.24747	1	0.9658114
1805000	59.11686	-68.42691	127.5438	0.05	2.143737	0.141262	0.0561543	0.201373	0.270207	0.0462897	0.309849	0.669477	1.0732	1.94747	1	0.7152855
1806000	63.07424	-65.67488	128.7491	0.05	0.07434343	0.504379	0.0109678	0.165452	0.118621	0.025044	4.4203e-09	9.90045e-05	0.0348145	3.96509	1	0.8244643
1807000	67.8123	-65.51697	133.3293	0.05	0.06266784	0.149135	0.0204307	0.0677637	0.0919273	0.00591118	1.37243e-10	1.74622e-05	0.0169404	3.98304	1	0.3351677
1808000	67.25683	-65.07947	132.3363	0.05	0.0122005	0.10677	0.00300466	0.0357609	0.12456	0.157042	2.519e-50	2.37594e-25	9.66152e-11	4	1	0.4271377
1809000	63.90079	-65.58953	129.4903	0.05	0.0194956	0.294652	0.103442	0.226216	0.0385372	0.0824104	7.34514e-32	4.05458e-16	6.5523e-07	4	1	0.745257
1810000	59.91331	-68.52161	128.4349	0.05	3.556064	0.201084	0.0662889	0.114843	0.0673223	0.0579333	0.428177	0.758308	1.08416	1.72936	1	0.5074711
1811000	67.16086	-64.84648	132.0073	0.05	0.3322518	0.101673	0.00535594	0.0638316	0.197446	0.08022	0.00827254	0.129707	0.646195	3.21583	1	0.4485271
1812000	60.17657	-64.95766	125.1342	0.05	1.301662	0.301458	0.024971	0.00183739	0.513467	0.199159	0.192995	0.551829	1.03629	2.21889	1	1.040892
1813000	64.16639	-64.37552	128.5419	0.05	0.361299	0.246034	0.0204549	0.0041715	0.207462	0.331574	0.0115498	0.152314	0.68576	3.15038	1	0.8096969
1814000	64.60742	-69.53639	134.1438	0.05	0.03977607	0.0720272	0.0231587	0.0439027	0.100829	0.0215585	4.07457e-16	3.0146e-08	0.00120911	3.99879	1	0.2614764
1815000	63.57248	-67.00361	130.5761	0.05	0.04892391	0.0443162	0.0647449	0.0469861	0.178646	0.26567	2.75169e-13	7.82804e-07	0.00466988	3.99533	1	0.6003641
1816000	67.24822	-63.69945	130.9477	0.05	0.01470406	0.23827	0.0159922	0.13516	0.181099	0.002442	6.35403e-42	3.77269e-21	5.35094e-09	4	1	0.5729628
1817000	64.36696	-64.08336	128.4503	0.05	0.101432	0.471317	0.0904889	0.0577183	0.192082	0.0205738	6.40194e-07	0.00118862	0.0976209	3.90119	1	0.8321793
1818000	68.06182	-65.17509	133.2369	0.05	0.0462252	0.118494	0.0107442	0.11406	0.0772688	0.0499245	5.26437e-14	3.42472e-07	0.00331389	3.99669	1	0.3704916
1819000	61.65439	-65.42195	127.0763	0.05	0.05943594	0.210254	0.0161348	0.424158	0.0321463	0.284382	4.12403e-11	9.57484e-06	0.0132008	3.98679	1	0.9670753
1820000	65.73822	-66.17735	131.9156	0.05	1.351266	0.221522	0.0105522	0.0958851	0.0717535	0.0146789	0.201405	0.56177	1.04035	2.19648	1	0.414392
1821000	60.84148	-64.40526	125.2467	0.05	3.526632	0.414912	0.0919886	0.0305097	0.207063	0.119494	0.426303	0.757065	1.08412	1.73252	1	0.8639667
1822000	63.49555	-64.33903	127.8346	0.05	0.1202139	0.184363	0.111048	0.0564289	0.240812	0.291278	5.39996e-06	0.00344552	0.151553	3.845	1	0.8839301
1823000	61.66421	-66.02624	127.6905	0.05	0.1931149	0.314832	0.171682	0.186283	0.0788973	0.156772	0.000415275	0.0299003	0.365451	3.60423	1	0.9084657
1824000	64.80402	-63.50011	128.3041	0.05	0.0006767793	0.488231	0.023794	0.18557	0.131945	0.00991536	0	0	4.15528e-185	4	1	0.8394561
1825000	64.54977	-67.01697	131.5667	0.05	0.2427105	0.129143	0.0656053	0.0456012	0.0561411	0.216831	0.00178926	0.0614784	0.485859	3.45087	1	0.5133215
1826000	65.48149	-64.89124	130.3727	0.05	0.08869585	0.115248	0.158891	0.019058	0.339975	0.00153166	9.01332e-08	0.000446515	0.0650551	3.9345	1	0.6347029
1827000	63.69802	-67.11175	130.8098	0.05	0.0700864	0.317485	0.0493386	0.000340287	0.142032	0.0846309	1.42516e-09	5.62361e-05	0.0275283	3.97242	1	0.5938271
1828000	64.33382	-64.84971	129.1835	0.05	0.8359387	0.352985	0.0327235	0.0667725	0.162288	0.0976521	0.10318	0.421211	0.966436	2.50917	1	0.7124213
1829000	65.15359	-65.60824	130.7618	0.05	0.07058693	0.00329336	0.0658294	0.151357	0.0958656	0.280431	1.63961e-09	6.03165e-05	0.0283406	3.9716	1	0.5967759
1830000	64.65224	-64.96208	129.6143	0.05	0.08580946	0.262325	0.159071	0.0189336	0.211352	0.0515058	5.33042e-08	0.000343466	0.0583448	3.94131	1	0.7031876
1831000	66.11768	-64.11851	130.2362	0.05	0.1491479	0.139932	0.0127793	0.0393609	0.330435	0.108183	5.03551e-05	0.0104842	0.239255	3.75021	1	0.6306903
1832000	63.79863	-65.18919	128.9878	0.05	1.055047	0.29519	0.0402148	0.0218856	0.236179	0.0889478	0.147805	0.492694	1.00855	2.35095	1	0.6824171
1833000	63.73407	-65.12746	128.8615	0.05	0.02270693	0.248408	0.10639	0.00859371	0.263375	0.15259	1.71088e-27	6.18636e-14	5.27816e-06	3.99999	1	0.7793559
1834000	61.91583	-66.29102	128.2069	0.05	0.1272713	0.242861	0.0470088	0.0217785	0.503151	0.0469265	1.02243e-05	0.0047373	0.172784	3.82247	1	0.8617259
1835000	64.83013	-64.5103	129.3404	0.05	0.07070523	0.257322	0.0338944	0.0553647	0.109446	0.273601	1.69435e-09	6.13145e-05	0.0285343	3.9714	1	0.7296291
1836000	67.18771	-64.56527	131.753	0.05	0.09294016	0.251774	0.0429453	0.0538341	0.0652001	0.0914831	1.83896e-07	0.000637552	0.0754112	3.92395	1	0.5052364
1837000	58.81179	-66.06538	124.8772	0.05	4.643258	0.341544	0.0691288	0.0987421	0.191513	0.0685935	0.486551	0.794878	1.08386	1.63471	1	0.7695207
1838000	63.106	-66.03208	129.1381	0.05	1.533151	0.181478	0.0751835	0.0492793	0.149321	0.171118	0.230398	0.593983	1.05231	2.12331	1	0.6263791
1839000	64.86807	-66.72222	131.5903	0.05	0.7909865	0.310088	0.0680189	0.0813292	0.042429	0.0213808	0.0936393	0.40348	0.954426	2.54846	1	0.5232462
1840000	68.06732	-66.35989	134.4272	0.05	0.8278833	0.128243	0.0338166	0.00277569	0.0281348	0.0712171	0.101477	0.418122	0.964391	2.51601	1	0.2641878
1841000	65.31415	-66.10521	131.4194	0.05	0.6419791	0.0922963	0.0564572	0.0622726	0.180351	0.0912624	0.0618658	0.334818	0.901312	2.702	1	0.4826398
1842000	64.87772	-65.71449	130.5922	0.05	0.05251176	0.0953814	0.231919	0.0433711	0.0571868	0.192268	1.90609e-12	2.05965e-06	0.00697659	3.99302	1	0.6201263
1843000	66.97179	-64.89083	131.8626	0.05	0.1218816	0.168521	0.0445915	0.00327336	0.23751	0.0350652	6.3213e-06	0.0037272	0.156542	3.83972	1	0.4889611
1844000	65.63889	-64.78157	130.4205	0.05	0.1895733	0.336034	0.0380585	0.0655872	0.176149	0.0285167	0.000363332	0.0279852	0.355902	3.61575	1	0.6443451
1845000	63.14094	-66.24844	129.3894	0.05	0.1748198	0.301561	0.222286	0.00886416	0.138215	0.0732699	0.000196419	0.0206272	0.314845	3.66433	1	0.7441964
1846000	67.49126	-64.47067	131.9619	0.05	0.001207208	0.34168	0.00100483	0.11605	0.0080704	0.0572802	0	4.89571e-250	5.40024e-104	4	1	0.524085
1847000	60.16374	-65.07941	125.2431	0.05	0.1092077	0.528815	0.0296711	0.181854	0.306166	0.11169	1.692e-06	0.0019309	0.119326	3.87874	1	1.158196
1848000	59.42522	-68.53275	127.958	0.05	2.7041	0.275858	0.0589466	0.240406	0.0735791	0.0208161	0.364991	0.713707	1.08061	1.8407	1	0.6696052
1849000	60.6154	-68.59675	129.2122	0.05	0.2587076	0.109402	0.02759	0.138007	0.239455	0.233619	0.00254266	0.0730465	0.519492	3.40492	1	0.7480732
1850000	63.26488	-64.90161	128.1665	0.05	0.09025557	0.431293	0.0691961	0.139043	0.0838804	0.146556	1.18053e-07	0.000510943	0.068796	3.93069	1	0.8699683
1851000	67.89066	-64.91944	132.8101	0.05	0.02507019	0.1988	0.0309262	0.0362072	0.0442732	0.0822057	5.40048e-25	1.09889e-12	1.74171e-05	3.99998	1	0.3924121
1852000	61.43753	-65.30217	126.7397	0.05	0.01727519	0.220948	0.0461741	0.573099	0.156605	0.00565038	7.88625e-36	4.20209e-18	9.83689e-08	4	1	1.002477
1853000	66.24311	-66.17139	132.4145	0.05	0.09027608	0.0634158	0.064929	0.133888	0.12414	0.0312031	1.18466e-07	0.000511834	0.0688458	3.93064	1	0.4175758
1854000	60.41389	-68.58893	129.0028	0.05	0.5658052	0.14595	0.0453587	0.230864	0.113449	0.184427	0.046141	0.292722	0.862818	2.79832	1	0.7200494
1855000	66.42087	-66.2539	132.6748	0.05	0.07235447	0.164788	0.0723204	0.145496	0.0500538	0.00702425	2.64836e-09	7.66461e-05	0.0313046	3.96862	1	0.4396823
1856000	69.28572	-63.95317	133.2389	0.05	0.02790044	0.130217	0.00626577	0.0698489	0.149244	0.0220871	1.47343e-22	1.81466e-11	5.57578e-05	3.99994	1	0.3776624
1857000	60.25146	-66.79728	127.0487	0.05	2.316097	0.107935	0.0167626	0.199297	0.31573	0.119626	0.328297	0.684904	1.07621	1.91059	1	0.7593517
1858000	69.94862	-64.46889	134.4175	0.05	0.07692851	0.093046	0.0111317	0.00433026	0.0972478	0.0380759	8.26806e-09	0.000135374	0.0396434	3.96022	1	0.2438316
1859000	61.85575	-64.86918	126.7249	0.05	5.087763	0.244215	0.0433924	0.000900182	0.14496	0.13	0.505682	0.806033	1.08315	1.60514	1	0.5634678
1860000	69.17877	-63.59189	132.7707	0.05	0.0813497	0.138817	0.0056006	0.00170056	0.109888	0.129262	2.20004e-08	0.000220742	0.0485646	3.95121	1	0.3852683
1861000	62.59761	-66.72528	129.3229	0.05	0.5227333	0.101244	0.0325069	0.154243	0.154222	0.276548	0.0376747	0.266498	0.83613	2.8597	1	0.7187633
1862000	61.26707	-68.90051	130.1676	0.05	0.01061838	0.0711972	0.33384	0.112196	0.0406837	0.119136	1.11867e-57	5.00765e-29	2.87974e-12	4	1	0.6770528
1863000	60.81774	-64.90539	125.7231	0.05	0.932055	0.415724	0.00584805	0.0252022	0.316581	0.246752	0.123205	0.455331	0.987761	2.4337	1	1.010108
1864000	65.86918	-65.5782	131.4474	0.05	0.01563626	0.0605555	0.13787	0.0743187	0.0708884	0.182238	1.75397e-39	6.26763e-20	1.7176e-08	4	1	0.5258698
1865000	61.75052	-66.72779	128.4783	0.05	0.448844	0.146406	0.0856985	0.0864243	0.419575	0.0417707	0.024345	0.217215	0.779156	2.97928	1	0.7798749
1866000	58.70345	-68.94494	127.6484	0.05	1.581015	0.278959	0.0889318	0.0963766	0.235991	0.110532	0.23757	0.601508	1.05485	2.10608	1	0.8107897
1867000	64.58787	-66.15656	130.7444	0.05	0.2152175	0.286804	0.0302233	0.0580535	0.0457011	0.165297	0.00086545	0.0429898	0.422196	3.53395	1	0.5860784
1868000	59.69505	-65.93728	125.6323	0.05	0.8504728	0.391327	0.0145388	0.28908	0.302892	0.00980676	0.106245	0.426688	0.970016	2.49705	1	1.007645
1869000	66.02298	-67.10294	133.1259	0.05	0.1261029	0.0904581	0.00431833	0.0648402	0.115698	0.0749793	9.24436e-06	0.00450518	0.169249	3.82624	1	0.3502938
1870000	62.60807	-69.36535	131.9734	0.05	2.050975	0.157676	0.0595039	0.0237811	0.0423552	0.0235967	0.299285	0.660327	1.07121	1.96917	1	0.3069128
1871000	61.39977	-66.05275	127.4525	0.05	0.7855504	0.304466	0.055777	0.156026	0.331864	0.0279248	0.0924805	0.401251	0.952869	2.5534	1	0.876058
1872000	63.44422	-69.02409	132.4683	0.05	0.1135743	0.106181	0.126109	0.0326966	0.144095	0.0517867	2.75459e-06	0.00246261	0.131942	3.86559	1	0.4608693
1873000	61.08213	-65.76208	126.8442	0.05	2.478135	0.344477	0.00711381	0.152189	0.260663	0.0232306	0.344374	0.697816	1.07838	1.87943	1	0.7876737
1874000	67.76178	-64.62703	132.3888	0.05	0.05100854	0.12813	0.0276564	0.00327671	0.225747	0.0587365	8.75734e-13	1.39625e-06	0.00593724	3.99406	1	0.4435471
1875000	67.39694	-64.57757	131.9745	0.05	0.1538387	0.11342	0.00647199	0.0352695	0.189532	0.133649	6.68075e-05	0.0120682	0.253372	3.73449	1	0.4783421
1876000	61.27479	-67.58768	128.8625	0.05	0.3228049	0.0566608	0.253156	0.126115	0.190394	0.135604	0.00732646	0.122312	0.632186	3.23818	1	0.7619303
1877000	56.39585	-69.20047	125.5963	0.05	0.3416055	0.159788	0.146992	0.5604	0.0550255	0.178305	0.00926818	0.137016	0.659495	3.19422	1	1.10051
1878000	61.88769	-63.95491	125.8426	0.05	0.1934593	0.55442	0.0188494	0.102847	0.22934	0.174794	0.000420596	0.0300894	0.366372	3.60312	1	1.080251
1879000	67.46111	-64.02349	131.4846	0.05	0.1754726	0.245407	0.000157645	0.0373191	0.129776	0.129353	0.000202282	0.0209306	0.316703	3.66216	1	0.5420135
1880000	58.93812	-67.13897	126.0771	0.05	0.8966013	0.469139	0.165399	0.105986	0.28969	0.0111409	0.11589	0.443304	0.980506	2.4603	1	1.041356
1881000	63.18987	-65.60676	128.7966	0.05	0.06973784	0.112839	0.225171	0.213219	0.106603	0.152473	1.29108e-09	5.3527e-05	0.0269698	3.97298	1	0.8103044
1882000	62.33025	-66.18122	128.5115	0.05	0.7220235	0.247549	0.0167549	0.19392	0.244488	0.0539011	0.0788973	0.373739	0.932764	2.6146	1	0.7566131
1883000	65.9382	-65.15727	131.0955	0.05	0.07176879	0.0469377	0.0472696	0.0795877	0.225519	0.173797	2.26524e-09	7.08892e-05	0.0303061	3.96962	1	0.5731102
1884000	61.05834	-65.98507	127.0434	0.05	0.9669217	0.369624	0.0889216	0.0699524	0.108964	0.267619	0.130307	0.466578	0.994295	2.40882	1	0.9050809
1885000	63.10296	-64.75352	127.8565	0.05	0.1355452	0.185407	0.107433	0.150491	0.251749	0.189222	1.98535e-05	0.00659482	0.197929	3.79546	1	0.8843015
1886000	64.69968	-65.23808	129.9378	0.05	0.1972361	0.365745	0.0233213	0.0653183	0.19589	0.0144259	0.000482209	0.0321964	0.376406	3.59092	1	0.6647009
1887000	63.9185	-70.23386	134.1524	0.05	0.0841073	0.00167871	0.0249105	0.0501406	0.0620479	0.125252	3.84491e-08	0.00029175	0.0545245	3.94518	1	0.2640294
1888000	65.89885	-65.43659	131.3354	0.05	0.08362735	0.217504	0.0247099	0.180235	0.0871212	0.0227692	3.49815e-08	0.000278294	0.0534664	3.94626	1	0.5323392
1889000	62.91307	-65.86453	128.7776	0.05	0.2708574	0.24365	0.163612	0.101834	0.26685	0.00481541	0.00322949	0.0821135	0.543457	3.3712	1	0.7807611
1890000	58.05514	-68.10985	126.165	0.05	2.872262	0.370209	0.206443	0.102994	0.0116758	0.122723	0.379132	0.724201	1.08181	1.81486	1	0.8140451
1891000	65.78817	-65.7228	131.511	0.05	0.01535149	0.200912	0.0162726	0.0440534	0.167187	0.0931924	3.38681e-40	2.75422e-20	1.22102e-08	4	1	0.521617
1892000	64.3143	-69.79593	134.1102	0.05	0.2122499	0.0483902	0.0177205	0.0527949	0.0935744	0.0167931	0.000791215	0.0411278	0.414866	3.54321	1	0.2292731
1893000	68.34909	-65.12587	133.475	0.05	0.02061686	0.107726	0.00174824	0.103162	0.0574116	0.0502635	3.511e-30	2.80297e-15	1.46164e-06	4	1	0.3203111
1894000	61.65641	-64.92133	126.5777	0.05	0.00614742	0.277115	0.105842	0.275224	0.309861	0.0493803	6.48385e-99	1.20606e-49	7.98364e-21	4	1	1.017423
1895000	68.39923	-64.16106	132.5603	0.05	0.1488885	0.114366	0.0121529	0.0443061	0.122533	0.113008	4.9548e-05	0.0104002	0.238471	3.75108	1	0.4063655
1896000	67.38023	-65.32458	132.7048	0.05	0.002916165	0.199707	0.0678183	0.0857327	0.0334305	0.0265738	1.96328e-207	6.63848e-104	2.4138e-43	4	1	0.4132626
1897000	62.80306	-68.0658	130.8689	0.05	0.82807	0.155937	0.0773076	0.102895	0.0833953	0.108363	0.101516	0.418194	0.964439	2.51585	1	0.5278974
1898000	59.97041	-65.70659	125.677	0.05	0.158544	0.355209	0.357077	0.0198913	0.300521	0.0362226	8.72306e-05	0.0137807	0.26742	3.71871	1	1.06892
1899000	65.21101	-67.98547	133.1965	0.05	0.5442854	0.299962	0.0185602	0.0675742	0.0320699	0.00329613	0.0418609	0.279847	0.849997	2.8283	1	0.4214621
1900000	66.43494	-66.17081	132.6057	0.05	0.1302706	0.136263	0.0291652	0.0130711	0.173066	0.0586831	1.31323e-05	0.00536703	0.18188	3.81274	1	0.4102479
1901000	65.68752	-67.84963	133.5371	0.05	0.8504448	0.165609	0.00932346	0.0353937	0.0550069	0.0115763	0.106239	0.426677	0.970009	2.49707	1	0.2769095
1902000	62.14537	-64.93859	127.084	0.05	0.8125548	0.532195	0.0690182	0.000611329	0.234387	0.110518	0.0982274	0.41214	0.960374	2.52926	1	0.9467299
1903000	65.57696	-64.53631	130.1133	0.05	0.07910626	0.269557	0.0459185	0.0452573	0.235381	0.0662311	1.35738e-08	0.000173422	0.0439365	3.95589	1	0.6623451
1904000	65.33105	-65.20655	130.5376	0.05	0.01784891	0.15097	0.109294	0.0594085	0.278203	0.0376579	1.04002e-34	1.52591e-17	1.67989e-07	4	1	0.6355343
1905000	69.25129	-65.26002	134.5113	0.05	0.07608201	0.129205	0.0472276	0.0138957	0.0270838	0.0495082	6.76686e-09	0.000122478	0.0380296	3.96185	1	0.26692
1906000	65.98361	-64.46548	130.4491	0.05	0.03980862	0.229378	0.138803	0.014876	0.237311	0.0185603	4.19234e-16	3.05785e-08	0.00121627	3.99878	1	0.6389282
1907000	61.95052	-68.48533	130.4358	0.05	0.6704369	0.105564	0.0696393	0.0822404	0.289269	0.0118206	0.0678882	0.349241	0.913401	2.66947	1	0.5585327
1908000	65.83648	-68.84719	134.6837	0.05	0.7630541	0.114997	0.0518954	0.0225143	0.0525476	0.0306786	0.0876765	0.391823	0.946167	2.57433	1	0.2726328
1909000	63.59495	-67.49148	131.0864	0.05	0.01762121	0.0972843	0.0782013	0.0136233	0.226764	0.14356	3.81232e-35	9.23871e-18	1.3641e-07	4	1	0.559433
1910000	58.19639	-66.65767	124.8541	0.05	0.4283827	0.261753	0.0394226	0.285834	0.418763	0.133266	0.0210129	0.202622	0.760254	3.01611	1	1.139038
1911000	67.15329	-66.39084	133.5441	0.05	0.4142946	0.0890615	0.0224609	0.0280898	0.122514	0.0641305	0.0188295	0.192351	0.746297	3.04252	1	0.3262565
1912000	60.26242	-66.10121	126.3636	0.05	1.617315	0.353365	0.116772	0.136563	0.259886	0.0204762	0.24289	0.606986	1.05663	2.0935	1	0.8870619
1913000	65.65877	-64.83242	130.4912	0.05	0.791723	0.161509	0.0372131	0.0296034	0.223057	0.107346	0.0937963	0.40378	0.954635	2.54779	1	0.5587279
1914000	65.37284	-67.88092	133.2538	0.05	0.037498	0.0456775	0.0471216	0.00613821	0.174418	0.073084	4.90568e-17	1.04622e-08	0.00077944	3.99922	1	0.3464388
1915000	60.52989	-65.84514	126.375	0.05	0.446975	0.528903	0.00531418	0.173212	0.160178	0.12059	0.0240332	0.215898	0.777493	2.98258	1	0.9881973
1916000	66.95195	-64.18609	131.138	0.05	0.04459516	0.115286	0.0520088	0.0290859	0.216315	0.12936	1.75953e-14	1.9802e-07	0.00264014	3.99736	1	0.542055
1917000	64.96933	-64.408	129.3773	0.05	0.4898115	0.320832	0.0847707	0.0335491	0.147683	0.120372	0.0315152	0.245212	0.812711	2.91056	1	0.7072064
1918000	66.7325	-65.58277	132.3153	0.05	3.315091	0.183394	0.0127675	0.0401949	0.0343315	0.0127049	0.412259	0.747605	1.08368	1.75645	1	0.2833927
1919000	63.92963	-67.19412	131.1238	0.05	0.1512561	0.145924	0.0926021	0.0119929	0.190605	0.134295	5.73021e-05	0.0111808	0.245612	3.74315	1	0.5754182
1920000	62.12924	-66.53482	128.6641	0.05	1.955935	0.14037	0.00278968	0.124772	0.20893	0.131954	0.287957	0.650245	1.06885	1.99295	1	0.608815
1921000	61.42464	-67.63908	129.0637	0.05	2.008355	0.117774	0.112388	0.0605447	0.135537	0.177174	0.29427	0.655899	1.0702	1.97963	1	0.6034174
1922000	64.36429	-68.75763	133.1219	0.05	0.1114013	0.00994447	0.0955173	0.0446828	0.0936666	0.108285	2.17172e-06	0.00218708	0.125631	3.87218	1	0.3520959
1923000	63.82185	-64.76162	128.5835	0.05	0.02090588	0.211469	0.023468	0.336567	0.130548	0.11356	8.89474e-30	4.46128e-15	1.77255e-06	4	1	0.8156125
1924000	64.19255	-65.34611	129.5387	0.05	0.08298584	0.0861416	0.0721003	0.0720515	0.430826	0.0509425	3.07772e-08	0.00026105	0.0520657	3.94767	1	0.7120614
1925000	70.2563	-64.50582	134.7621	0.05	0.1407858	0.1542	0.0145276	0.013981	0.044808	0.0322938	2.90289e-05	0.00796917	0.213889	3.77811	1	0.2598106
1926000	64.15351	-67.50108	131.6546	0.05	1.138674	0.26619	0.063139	0.0719462	0.0330633	0.0440002	0.163764	0.514803	1.01965	2.30178	1	0.4783383
1927000	68.67365	-64.34387	133.0175	0.05	0.04409082	0.138941	0.0470628	0.0474445	0.125614	0.0130134	1.23312e-14	1.6578e-07	0.00245248	3.99755	1	0.3720758
1928000	68.2066	-65.16561	133.3722	0.05	0.09194129	0.21229	0.0064297	0.081576	0.0359571	0.0325	1.5641e-07	0.000588032	0.0729246	3.92649	1	0.3687529
1929000	66.23432	-67.40702	133.6413	0.05	0.1516052	0.114515	0.0128039	0.0216028	0.0942474	0.048462	5.85212e-05	0.0112986	0.246663	3.74198	1	0.2916312
1930000	62.15023	-65.45812	127.6083	0.05	0.07986877	0.259145	0.111204	0.019839	0.485655	0.0271474	1.60438e-08	0.000188529	0.0454866	3.95432	1	0.902991
1931000	63.56544	-64.97125	128.5367	0.05	0.3334609	0.24917	0.0630224	0.180166	0.219603	0.0874084	0.00839797	0.130652	0.647945	3.213	1	0.7993707
1932000	58.21166	-66.18668	124.3983	0.05	0.05708349	0.153164	0.050019	0.30396	0.145085	0.566004	1.57778e-11	5.9235e-06	0.0108153	3.98918	1	1.218232
1933000	62.89647	-66.1454	129.0419	0.05	1.197698	0.332404	0.0466163	0.0919147	0.122314	0.126933	0.174636	0.529058	1.02634	2.26996	1	0.7201815
1934000	64.00664	-65.1278	129.1344	0.05	0.05173393	0.284484	0.0333194	0.121941	0.063583	0.256822	1.28179e-12	1.68912e-06	0.00642541	3.99357	1	0.7601488
1935000	58.92284	-69.18077	128.1036	0.05	3.533212	0.153507	0.023825	0.117828	0.161758	0.0501953	0.426723	0.757344	1.08413	1.73181	1	0.5071133
1936000	68.19568	-64.33973	132.5354	0.05	0.0366416	0.171615	0.0120574	0.040784	0.166417	0.0174411	2.06776e-17	6.7929e-09	0.000651574	3.99935	1	0.4083148
1937000	60.36947	-66.66766	127.0371	0.05	0.09869395	0.369581	0.342651	0.178986	0.0496452	0.0305757	4.38361e-07	0.000983822	0.0902662	3.90875	1	0.9714393
1938000	65.90105	-66.70154	132.6026	0.05	0.2544361	0.144296	0.00980295	0.0590384	0.153385	0.061474	0.00232498	0.0699118	0.510748	3.41702	1	0.4279967
1939000	63.76281	-64.20246	127.9653	0.05	0.01373842	0.141425	0.0427113	0.175948	0.341277	0.193061	8.41721e-45	1.37324e-22	1.35293e-09	4	1	0.8944225
1940000	68.95505	-63.61857	132.5736	0.05	0.00187117	0.262885	0.0372179	0.0592272	0.029537	0.0476809	9.88131e-323	1.48689e-161	2.85709e-67	4	1	0.4365483
1941000	55.41393	-66.42904	121.843	0.05	0.1053697	0.335614	0.179419	0.445431	0.238982	0.276775	1.06625e-06	0.00153339	0.108475	3.88999	1	1.476221
1942000	61.01026	-67.11755	128.1278	0.05	0.01041277	0.282625	0.0428433	0.169215	0.280741	0.107844	8.49414e-59	1.37991e-29	1.68668e-12	4	1	0.8832683
1943000	66.75498	-64.87179	131.6268	0.05	0.04556988	0.293428	0.0846921	0.064543	0.0595581	0.0332932	3.42055e-14	2.76073e-07	0.00303042	3.99697	1	0.5355141
1944000	69.11914	-64.9965	134.1156	0.05	0.006637765	0.0690287	0.0183704	0.00705586	0.134193	0.0581366	1.11324e-91	4.99723e-46	2.53232e-19	4	1	0.2867843
1945000	63.43174	-69.67877	133.1105	0.05	0.007674986	0.0543852	0.100886	0.156918	0.0575395	0.0108334	2.01508e-79	6.72266e-40	8.8544e-17	4	1	0.3805625
1946000	64.18517	-65.15332	129.3385	0.05	0.1107518	0.251898	0.0320052	0.1007	0.0211255	0.319329	2.0191e-06	0.00210897	0.123757	3.87413	1	0.7250587
1947000	67.05903	-63.01818	130.0772	0.05	0.03395462	0.38291	0.0215508	0.0159211	0.146921	0.100087	1.03618e-18	1.52098e-09	0.000350199	3.99965	1	0.6673894
1948000	61.09099	-68.28431	129.3753	0.05	0.2231458	0.155475	0.168457	0.149451	0.176739	0.0930111	0.00108693	0.048104	0.441337	3.50947	1	0.7431329
1949000	63.73812	-66.08029	129.8184	0.05	0.4634133	0.245581	0.114682	0.0835721	0.135584	0.085913	0.0268239	0.227361	0.791706	2.95411	1	0.6653318
1950000	65.81349	-66.63165	132.4451	0.05	1.078765	0.106457	0.0272996	0.0676318	0.130401	0.0597674	0.152396	0.49921	1.01192	2.33648	1	0.3915564
1951000	57.55997	-67.83183	125.3918	0.05	0.9366211	0.429967	0.267131	0.0350871	0.0903689	0.273874	0.124141	0.456836	0.98865	2.43037	1	1.096428
1952000	66.25442	-67.29885	133.5533	0.05	0.4146767	0.120746	0.00294545	0.0499969	0.104782	0.0516149	0.0188875	0.192632	0.746686	3.04179	1	0.3300852
1953000	65.02538	-66.2947	131.3201	0.05	0.1120435	0.110686	0.160551	0.0387757	0.0948706	0.15255	2.33206e-06	0.00226623	0.12749	3.87024	1	0.5574338
1954000	63.921	-66.78497	130.706	0.05	1.39485	0.27993	0.0129443	0.0802037	0.106877	0.0442921	0.208613	0.570064	1.0436	2.17772	1	0.5242475
1955000	62.81144	-66.9963	129.8077	0.05	0.03988974	0.091341	0.0809037	0.166312	0.318394	0.0440609	4.49995e-16	3.16802e-08	0.00123427	3.99877	1	0.7010118
1956000	64.79749	-64.50434	129.3018	0.05	0.7982577	0.222307	0.0167927	0.00850104	0.284675	0.155993	0.0951879	0.406432	0.956471	2.54191	1	0.6882687
1957000	64.70517	-64.65334	129.3585	0.05	0.0510265	0.174987	0.0883575	0.0624889	0.303327	0.102591	8.84152e-13	1.40294e-06	0.00594904	3.99405	1	0.7317512
1958000	61.879	-67.13038	129.0094	0.05	0.5362861	0.223615	0.0908062	0.112506	0.19124	0.0962082	0.0402945	0.274946	0.844975	2.83978	1	0.7143749
1959000	66.10999	-66.22568	132.3357	0.05	0.1876523	0.0818324	0.0932931	0.042254	0.162749	0.0497956	0.000337216	0.0269696	0.350671	3.62202	1	0.4299237
1960000	65.29577	-64.84559	130.1414	0.05	3.896112	0.268472	0.0203264	0.0579041	0.0453139	0.0112079	0.448563	0.771538	1.0844	1.6955	1	0.4032247
1961000	64.85715	-67.04701	131.9042	0.05	0.2962401	0.312966	0.00935486	0.0398225	0.049168	0.0769734	0.00499528	0.101573	0.589434	3.304	1	0.4882846
1962000	65.37639	-65.0401	130.4165	0.05	0.03345348	0.0410087	0.0182434	0.121479	0.26784	0.175958	5.62155e-19	1.12034e-09	0.000308481	3.99969	1	0.6245291
1963000	60.10891	-67.31181	127.4207	0.05	5.696016	0.129829	0.0279097	0.0462212	0.0983689	0.0683967	0.528647	0.818933	1.08193	1.57049	1	0.3707256
1964000	63.28211	-68.71561	131.9977	0.05	1.486245	0.136729	0.0213659	0.134612	0.0807198	0.0098094	0.22319	0.586251	1.0496	2.14096	1	0.3832361
1965000	63.74715	-64.63282	128.38	0.05	1.265764	0.31428	0.00720727	0.0456047	0.249633	0.104643	0.186769	0.544278	1.03309	2.23586	1	0.7213677
1966000	63.3294	-66.66897	129.9984	0.05	0.152098	0.149813	0.287381	0.0037546	0.183268	0.0381748	6.02764e-05	0.011466	0.248145	3.74033	1	0.6623922
1967000	66.7122	-65.28778	132	0.05	0.635124	0.137575	0.0388013	0.0260551	0.118529	0.101448	0.0604238	0.331242	0.898232	2.7101	1	0.422409
1968000	56.12447	-65.65925	121.7837	0.05	0.8267501	0.335484	0.420145	0.0660737	0.330806	0.266688	0.101237	0.417685	0.9641	2.51698	1	1.419196
1969000	65.71557	-66.00661	131.7222	0.05	0.2797783	0.296325	0.0903816	0.0131442	0.050193	0.066394	0.00379865	0.0888877	0.560227	3.34709	1	0.5164382
1970000	65.45795	-67.15295	132.6109	0.05	0.4782523	0.248139	0.0111607	0.056999	0.0774927	0.00823953	0.0294312	0.237481	0.803776	2.92931	1	0.4020305
1971000	59.4005	-71.85775	131.2583	0.05	0.2480571	0.0287374	0.171386	0.102206	0.149457	0.0973116	0.00202244	0.0652905	0.49737	3.43532	1	0.549098
1972000	64.4738	-65.49996	129.9738	0.05	0.1336762	0.15882	0.175241	0.0303156	0.16234	0.148977	1.7213e-05	0.00614205	0.192237	3.8016	1	0.6756929
1973000	68.28307	-65.03246	133.3155	0.05	0.08099578	0.116393	0.0041396	0.105212	0.0568262	0.0624043	2.04228e-08	0.000212687	0.047821	3.95197	1	0.344975
1974000	64.02483	-66.561	130.5858	0.05	0.2249753	0.222506	0.0968652	0.135092	0.153326	0.0136448	0.00114299	0.0493113	0.445663	3.50388	1	0.6214347
1975000	63.7312	-64.50468	128.2359	0.05	1.176131	0.274902	0.0028595	0.0315215	0.221523	0.231006	0.170701	0.523969	1.024	2.28133	1	0.7618125
1976000	65.56701	-64.72315	130.2902	0.05	0.02967711	0.282431	0.0750499	0.170668	0.0609868	0.0580925	2.88439e-21	8.0277e-11	0.000103338	3.9999	1	0.6472278
1977000	61.00092	-65.49543	126.4963	0.05	0.9482736	0.568438	0.0906672	0.132042	0.0517637	0.125778	0.126521	0.460632	0.990871	2.42198	1	0.9686894
1978000	63.66096	-67.37773	131.0387	0.05	0.7889778	0.158868	0.0258149	0.121745	0.168221	0.0440916	0.0932112	0.402658	0.953853	2.55028	1	0.5187407
1979000	62.5322	-67.65962	130.1918	0.05	1.390978	0.0813164	0.0212759	0.10982	0.246224	0.0609342	0.207979	0.569343	1.04332	2.17936	1	0.5195698
1980000	61.75708	-69.7185	131.4756	0.05	0.9084132	0.0597151	0.0943636	0.111953	0.149376	0.0203005	0.118337	0.44738	0.982996	2.45129	1	0.4357076
1981000	63.33223	-64.40663	127.7389	0.05	0.06034462	0.409683	0.117096	0.0693862	0.0787303	0.226688	5.85853e-11	1.14112e-05	0.014198	3.98579	1	0.9015837
1982000	63.37755	-66.36158	129.7391	0.05	0.1271522	0.12369	0.313792	0.0180786	0.195969	0.0486825	1.01206e-05	0.0047133	0.172423	3.82285	1	0.7002125
1983000	55.75991	-74.02455	129.7845	0.05	1.647267	0.0421291	0.25319	0.0410249	0.110358	0.122143	0.247202	0.611365	1.05801	2.08342	1	0.5688449
1984000	64.7545	-66.19362	130.9481	0.05	0.2160573	0.188868	0.0124137	0.0912232	0.255997	0.0145032	0.000887298	0.043522	0.424254	3.53134	1	0.5630052
1985000	62.59704	-66.6841	129.2811	0.05	0.7117937	0.170739	0.16048	0.0561116	0.0878054	0.218551	0.076709	0.369042	0.929162	2.62509	1	0.6936868
1986000	64.1046	-67.41031	131.5149	0.05	0.002038048	0.0128206	0.0938731	0.103507	0.265918	0.0498344	2.18333e-296	2.21396e-148	8.37838e-62	4	1	0.5259526
1987000	64.53345	-66.65049	131.1839	0.05	0.2094424	0.325509	0.00170911	0.11533	0.0726841	0.0491579	0.000725153	0.0393942	0.407849	3.55203	1	0.5643902
1988000	67.78364	-65.44882	133.2325	0.05	0.1597945	0.119387	0.0484732	0.0111359	0.149859	0.0240559	9.33915e-05	0.0142564	0.271131	3.71452	1	0.3529112
1989000	58.65866	-65.7137	124.3724	0.05	3.119855	0.487448	0.0163905	0.234894	0.0446529	0.178613	0.398327	0.737955	1.08305	1.78067	1	0.9619987
1990000	62.2088	-71.09081	133.2996	0.05	0.4737873	0.091905	0.111991	0.0490396	0.0712879	0.0108941	0.0286384	0.234459	0.800217	2.93669	1	0.3351178
1991000	65.58269	-64.06069	129.6434	0.05	0.1744062	0.165758	0.0069801	0.0614694	0.379446	0.0972612	0.000192771	0.0204361	0.313665	3.66571	1	0.7109151
1992000	63.07343	-65.15309	128.2265	0.05	0.7361191	0.228024	0.0636029	0.142557	0.28113	0.0679167	0.081914	0.380085	0.937551	2.60045	1	0.7832307
1993000	66.93881	-66.03802	132.9768	0.05	0.2276877	0.131028	0.0652691	0.0142093	0.0443152	0.133656	0.00122964	0.0511191	0.452014	3.49564	1	0.3884771
1994000	59.92609	-65.54326	125.4694	0.05	1.621236	0.474559	0.0371426	0.267735	0.185114	0.0320123	0.243458	0.607566	1.05681	2.09216	1	0.996563
1995000	61.65951	-64.60996	126.2695	0.05	0.09342166	0.512153	0.00983151	0.121181	0.262092	0.123139	1.98576e-07	0.000662482	0.0766201	3.92272	1	1.028397
1996000	61.20748	-67.19792	128.4054	0.05	0.2503347	0.14482	0.133027	0.147847	0.29844	0.0984031	0.00212739	0.0669318	0.502191	3.42875	1	0.8225371
1997000	65.23983	-65.06775	130.3076	0.05	0.2889874	0.235737	0.0665145	0.0521726	0.164262	0.133875	0.0044446	0.0959602	0.576836	3.32276	1	0.6525611
1998000	57.52733	-70.64864	128.176	0.05	1.25681	0.215405	0.120777	0.312896	0.118714	0.0452042	0.185197	0.542345	1.03226	2.2402	1	0.8129963
1999000	67.46998	-65.63129	133.1013	0.05	0.03574913	0.178574	0.0759268	0.0719715	0.0165673	0.0529959	8.04206e-18	4.23664e-09	0.000535671	3.99946	1	0.3960356
2000000	66.09143	-64.50212	130.5936	0.05	0.09326582	0.105574	0.14837	0.00939594	0.292433	0.0689069	1.93718e-07	0.000654337	0.0762281	3.92312	1	0.6246811
2001000	62.91952	-64.10914	127.0287	0.05	1.180569	0.443487	0.0477172	0.066302	0.230787	0.107412	0.171514	0.525027	1.02449	2.27897	1	0.895705
2002000	62.99356	-64.80016	127.7937	0.05	0.4969749	0.217969	0.0437864	0.157383	0.308152	0.124918	0.0328284	0.249936	0.818055	2.89918	1	0.8522088
2003000	63.85061	-65.16	129.0106	0.05	0.5640183	0.331865	0.0805742	0.0553295	0.249585	0.0399434	0.0457822	0.29167	0.86179	2.80076	1	0.7572971
2004000	62.65238	-68.67058	131.323	0.05	0.2336801	0.147018	0.0132165	0.013018	0.302368	0.0734012	0.00143639	0.055184	0.465783	3.4776	1	0.549022
2005000	68.15346	-65.90792	134.0614	0.05	0.08600607	0.0963878	0.0552963	0.0396719	0.0606868	0.0327392	5.53078e-08	0.000349856	0.0587928	3.94086	1	0.284782
2006000	59.55671	-66.46612	126.0228	0.05	0.1788188	0.538404	0.0884893	0.183093	0.1643	0.116486	0.000234398	0.0225187	0.32617	3.65108	1	1.090771
2007000	64.16697	-64.51051	128.6775	0.05	0.0144274	0.195842	0.00795723	0.262698	0.258313	0.102659	1.0421e-42	1.52789e-21	3.67719e-09	4	1	0.8274695
2008000	62.58127	-67.2656	129.8469	0.05	0.1675179	0.216102	0.152928	0.233296	0.0583758	0.0295525	0.000139164	0.0173825	0.293816	3.68866	1	0.6902546
2009000	59.981	-66.98126	126.9623	0.05	0.1612415	0.000596244	0.338966	0.271801	0.306719	0.0586961	0.000100932	0.0148176	0.275413	3.70967	1	0.9767784
2010000	55.34874	-67.4284	122.7771	0.05	0.1181354	0.620174	0.143262	0.378394	0.0170519	0.260297	4.40976e-06	0.00311434	0.145368	3.85151	1	1.419179
2011000	63.12791	-65.28549	128.4134	0.05	0.008257378	0.0807319	0.011535	0.29235	0.112093	0.350845	6.8694e-74	3.92493e-37	1.24522e-15	4	1	0.8475553
2012000	67.53053	-64.16876	131.6993	0.05	0.1326158	0.20142	0.0254043	0.0751833	0.122713	0.0906493	1.58459e-05	0.00589385	0.18901	3.80508	1	0.5153695
2013000	66.4106	-64.45706	130.8677	0.05	0.1115796	0.199323	0.0479478	0.0686212	0.108612	0.172493	2.21529e-06	0.00220887	0.126147	3.87164	1	0.5969967
2014000	68.59297	-64.77199	133.365	0.05	0.1438106	0.163714	0.0259018	0.0699331	0.0828814	0.00744861	3.56926e-05	0.00883315	0.223086	3.76805	1	0.3498785
2015000	62.01558	-65.84365	127.8592	0.05	0.1793051	0.206939	0.168723	0.117462	0.07747	0.314602	0.000239362	0.022754	0.327538	3.64947	1	0.8851964
2016000	67.02164	-64.74603	131.7677	0.05	0.07099757	0.162421	0.0755248	0.0540433	0.126464	0.0659171	1.83672e-09	6.38371e-05	0.029016	3.97092	1	0.48437
2017000	65.47337	-65.19007	130.6634	0.05	0.07825072	0.175619	0.0948926	0.126262	0.109977	0.0899398	1.12086e-08	0.000157602	0.042226	3.95762	1	0.596691
2018000	65.66928	-66.59697	132.2662	0.05	0.01761867	0.125429	0.164003	0.0765756	0.0374943	0.0520803	3.76944e-35	9.18661e-18	1.3609e-07	4	1	0.4555821
2019000	68.7746	-65.31239	134.087	0.05	1.725182	0.113382	0.0194951	0.0107555	0.0526818	0.0208847	0.258108	0.622199	1.0613	2.05839	1	0.2171996
2020000	64.22205	-67.75673	131.9788	0.05	0.158629	0.159216	0.0245761	0.0515869	0.0163808	0.217223	8.76392e-05	0.0138128	0.267672	3.71843	1	0.4689829
2021000	64.89178	-66.01174	130.9035	0.05	0.08200402	0.110093	0.116097	0.106139	0.233236	0.00381359	2.52021e-08	0.000236246	0.0499523	3.94981	1	0.5693789
2022000	65.09013	-66.83831	131.9284	0.05	0.2019726	0.0814423	0.0388896	0.0392571	0.139841	0.148316	0.000568255	0.0349212	0.388787	3.57572	1	0.447746
2023000	63.01486	-65.27912	128.294	0.05	0.007402584	0.113422	0.307355	0.0812769	0.313263	0.0167705	2.61636e-82	2.42244e-41	2.22922e-17	4	1	0.8320871
2024000	65.94029	-66.21812	132.1584	0.05	0.1772065	0.200528	0.041257	0.06744	0.0582597	0.0800803	0.000218485	0.0217466	0.321621	3.65641	1	0.4475649
2025000	61.19218	-65.2974	126.4896	0.05	0.2115283	0.407325	0.107721	0.129565	0.198458	0.164066	0.000773854	0.0406796	0.41307	3.54548	1	1.007135
2026000	64.98753	-66.65279	131.6403	0.05	0.0595931	0.177524	0.122879	0.050972	0.1013	0.0687984	4.38554e-11	9.87362e-06	0.0133702	3.98662	1	0.5214734
2027000	64.74028	-65.96971	130.71	0.05	0.09435286	0.176214	0.130936	0.0958928	0.0821149	0.107071	2.29861e-07	0.0007127	0.0789767	3.92031	1	0.5922282
2028000	66.68352	-64.78429	131.4678	0.05	0.03363784	0.131107	0.0749092	0.11252	0.0999015	0.0908947	7.05469e-19	1.25503e-09	0.000323358	3.99968	1	0.5093316
2029000	60.26014	-63.74908	124.0092	0.05	0.04222881	0.554321	0.117226	0.0723643	0.235582	0.287663	3.08352e-15	8.29129e-08	0.00183976	3.99816	1	1.267155
2030000	62.61924	-64.82388	127.4431	0.05	0.3344723	0.182288	0.0435564	0.0405908	0.508387	0.119472	0.00850364	0.131443	0.649402	3.21065	1	0.8942945
2031000	70.34236	-63.52585	133.8682	0.05	0.03472135	0.127226	0.0265122	0.0058893	0.0728222	0.0700335	2.55229e-18	2.38694e-09	0.000422198	3.99958	1	0.3024835
2032000	68.29583	-64.4097	132.7055	0.05	0.2572817	0.215365	0.0164593	0.00597146	0.0733804	0.0964186	0.00246864	0.0719967	0.516592	3.40894	1	0.4075943
2033000	68.5265	-64.23414	132.7606	0.05	0.1044777	0.157697	0.0232874	0.0704035	0.130029	0.0252077	9.53096e-07	0.00144987	0.10599	3.89256	1	0.4066247
2034000	65.79342	-63.60103	129.3944	0.05	0.0787366	0.467309	0.0512274	0.0947209	0.123025	0.0126409	1.25024e-08	0.000166443	0.0431937	3.95664	1	0.748923
2035000	68.57044	-64.83007	133.4005	0.05	0.002688313	0.215859	0.0636131	0.0178859	0.0657	0.0184172	6.23104e-225	1.18268e-112	5.64241e-47	4	1	0.3814749
2036000	63.75706	-64.96435	128.7214	0.05	0.1557945	0.439015	0.0253329	0.212109	0.112827	0.020314	7.47874e-05	0.0127651	0.259226	3.72793	1	0.8095976
2037000	66.23033	-64.16332	130.3937	0.05	0.3290185	0.340473	0.0287603	0.0218513	0.135032	0.0834906	0.00794195	0.127177	0.641467	3.22341	1	0.6096073
2038000	62.68591	-66.1923	128.8782	0.05	0.2927613	0.180553	0.174653	0.11833	0.185272	0.102478	0.00472652	0.098877	0.583444	3.31295	1	0.7612857
2039000	62.62777	-66.04748	128.6752	0.05	0.1179255	0.171124	0.151536	0.0907349	0.24604	0.146801	4.31876e-06	0.0030821	0.144746	3.85217	1	0.806236
2040000	66.00842	-66.37185	132.3803	0.05	1.309799	0.120651	0.0321197	0.0420917	0.128602	0.0321536	0.19439	0.553498	1.03698	2.21513	1	0.3556179
2041000	62.60601	-64.57861	127.1846	0.05	0.03419092	0.252859	0.0869727	0.00348202	0.599264	0.00442153	1.37393e-18	1.75137e-09	0.000371303	3.99963	1	0.9469996
2042000	68.14848	-63.86453	132.013	0.05	0.06710501	0.196568	0.0144965	0.109116	0.14627	0.00281385	5.92137e-10	3.6258e-05	0.0229427	3.97702	1	0.4692646
2043000	65.21985	-66.57396	131.7938	0.05	0.3917464	0.239403	0.0501111	0.107663	0.0663583	0.0180521	0.0155419	0.175564	0.722193	3.0867	1	0.4815876
2044000	66.93951	-64.78244	131.722	0.05	0.1894891	0.174443	0.0179358	0.00629909	0.17232	0.131563	0.000362157	0.0279403	0.355673	3.61602	1	0.5025606
2045000	66.38235	-64.35496	130.7373	0.05	0.06195407	0.263333	0.00123546	0.171695	0.0501687	0.124934	1.06379e-10	1.53747e-05	0.0160684	3.98392	1	0.611366
2046000	56.14436	-65.09848	121.2428	0.05	0.4541199	0.2702	0.034396	0.296613	0.588633	0.305579	0.025233	0.220913	0.783784	2.97007	1	1.495422
2047000	69.02165	-63.80443	132.8261	0.05	0.1108859	0.252817	0.019049	0.0162932	0.0561641	0.0510287	2.04984e-06	0.00212494	0.124143	3.87373	1	0.3953516
2048000	66.11206	-66.50747	132.6195	0.05	0.03700826	0.0575682	0.103641	0.0157812	0.220418	0.00444875	3.00791e-17	8.19263e-09	0.000704242	3.9993	1	0.4018576
2049000	67.11999	-67.27981	134.3998	0.05	0.1381005	0.201642	0.00412029	0.0194259	0.0232338	0.0381877	2.39803e-05	0.0072456	0.205713	3.78702	1	0.2866098
2050000	58.30651	-64.91045	123.217	0.05	0.06089309	1.03196	0.00427378	0.0637575	0.134107	0.13099	7.20464e-11	1.26539e-05	0.0148205	3.98517	1	1.365083
2051000	65.53077	-66.47857	132.0093	0.05	0.1134773	0.171378	0.0539217	0.0997889	0.102701	0.0758808	2.72604e-06	0.00244984	0.131659	3.86589	1	0.5036708
2052000	64.42972	-65.11638	129.5461	0.05	0.7727062	0.301019	0.000762732	0.0838943	0.160173	0.123012	0.0897391	0.395909	0.949095	2.56526	1	0.6688611
2053000	65.7897	-66.90987	132.6996	0.05	0.4126055	0.203784	0.00499382	0.0141381	0.138592	0.0350128	0.0185742	0.191108	0.744569	3.04575	1	0.396521
2054000	65.8441	-66.78832	132.6324	0.05	0.06597431	0.11436	0.0566966	0.0852995	0.128816	0.0392868	4.1566e-10	3.0381e-05	0.0213188	3.97865	1	0.424458
2055000	64.42425	-64.27841	128.7027	0.05	0.04564044	0.141607	0.07382	0.0540616	0.488622	0.0510413	3.58521e-14	2.82638e-07	0.00306011	3.99694	1	0.8091523
2056000	65.14847	-65.73711	130.8856	0.05	2.57468	0.142777	0.0634986	0.0313889	0.0952414	0.0619526	0.353424	0.704881	1.07943	1.86227	1	0.3948585
2057000	66.57758	-64.38554	130.9631	0.05	0.02679236	0.337418	0.0103955	0.063365	0.0585252	0.138419	1.88777e-23	6.496e-12	3.64069e-05	3.99996	1	0.6081224
2058000	62.16133	-68.65546	130.8168	0.05	0.861047	0.149506	0.0892987	0.0353311	0.199399	0.0554962	0.108467	0.430598	0.972534	2.4884	1	0.5290311
2059000	66.5526	-64.88418	131.4368	0.05	0.1369581	0.200461	0.049809	0.0894587	0.151277	0.021653	2.2058e-05	0.00695011	0.202233	3.7908	1	0.5126585
2060000	59.2695	-66.33248	125.602	0.05	3.607117	0.304507	0.0588657	0.0335364	0.324794	0.0441556	0.431384	0.760424	1.08422	1.72397	1	0.7658587
2061000	63.1828	-65.42135	128.6041	0.05	0.03341734	0.120794	0.121986	0.117911	0.42567	0.0189905	5.37517e-19	1.09552e-09	0.000305627	3.99969	1	0.8053522
2062000	66.87687	-67.3668	134.2437	0.05	0.02074596	0.0889102	0.056538	0.0321406	0.0694085	0.030138	5.33513e-30	3.45518e-15	1.5942e-06	4	1	0.2771354
2063000	66.32768	-65.47275	131.8004	0.05	0.01486477	0.151986	0.0722179	0.0145709	0.11609	0.145117	1.76075e-41	6.28015e-21	6.61117e-09	4	1	0.4999815
2064000	63.41716	-63.25504	126.6722	0.05	0.008897792	0.676672	0.0323971	0.143118	0.0737682	0.0991509	1.21523e-68	1.65074e-34	1.52832e-14	4	1	1.025106
2065000	59.39534	-65.9049	125.3002	0.05	0.03075718	0.51558	0.000877809	0.311617	0.268775	0.0426579	1.4872e-20	1.82267e-10	0.000145217	3.99985	1	1.139508
2066000	65.17785	-64.36431	129.5422	0.05	0.06595108	0.100189	0.0388781	0.10254	0.342787	0.144296	4.12596e-10	3.02689e-05	0.0212861	3.97868	1	0.7286894
2067000	61.46259	-66.09515	127.5577	0.05	0.0869679	0.169456	0.348586	0.112633	0.160225	0.147299	6.60904e-08	0.000382409	0.0610038	3.93861	1	0.9381986
2068000	60.21246	-65.55501	125.7675	0.05	3.131078	0.204818	0.0273492	0.0841215	0.226593	0.277635	0.399155	0.738537	1.08309	1.77922	1	0.8205177
2069000	57.95629	-65.39434	123.3506	0.05	0.03093021	0.160492	0.0629026	0.51146	0.592575	0.0120376	1.91365e-20	2.06751e-10	0.000153014	3.99985	1	1.339468
2070000	64.90856	-65.55236	130.4609	0.05	0.0681687	0.202936	0.0329746	0.179444	0.0920755	0.137215	8.17226e-10	4.25917e-05	0.0245286	3.97543	1	0.6446451
2071000	65.4442	-65.0717	130.5159	0.05	0.174845	0.390903	0.0236638	0.0725123	0.00325064	0.127281	0.000196643	0.0206389	0.314916	3.66425	1	0.6176108
2072000	57.97368	-67.77953	125.7532	0.05	0.5540617	0.0418793	0.00538664	0.0843449	0.52763	0.386808	0.043794	0.285751	0.855942	2.81451	1	1.046049
2073000	67.61872	-65.45834	133.0771	0.05	0.1088441	0.297772	0.0172439	0.031103	0.0679079	0.0215527	1.62184e-06	0.00189051	0.118287	3.87982	1	0.4355791
2074000	63.67548	-64.21291	127.8884	0.05	0.02381377	0.466217	0.0345205	0.0173802	0.329686	0.0476758	2.92074e-26	2.55582e-13	9.50904e-06	3.99999	1	0.8954795
2075000	65.57897	-64.43109	130.0101	0.05	0.00585344	0.172314	0.100563	0.0675602	0.294091	0.0371084	7.81823e-104	4.18811e-52	7.61187e-22	4	1	0.6716356
2076000	67.7703	-63.5001	131.2704	0.05	0.0007683819	0.296546	0.00770336	0.0916627	0.0513953	0.110308	0	0	4.2324e-163	4	1	0.5576145
2077000	64.78596	-65.42352	130.2095	0.05	0.003882618	0.365105	0.079347	0.199218	0.022607	0.00668453	4.82564e-156	3.29092e-78	1.11468e-32	4	1	0.6729608
2078000	58.05328	-68.59981	126.6531	0.05	2.934265	0.264885	0.205072	0.130471	0.0798186	0.0655234	0.384112	0.727822	1.08217	1.80589	1	0.7457701
2079000	62.93846	-67.73058	130.669	0.05	0.5666589	0.248528	0.00679942	0.108499	0.122827	0.0721891	0.0463126	0.293223	0.863307	2.79716	1	0.5588419
2080000	59.87802	-67.97566	127.8537	0.05	4.779369	0.296789	0.0627673	0.137804	0.0329643	0.000108706	0.492648	0.798474	1.08366	1.62521	1	0.5304329
2081000	67.5734	-65.80869	133.3821	0.05	0.1977542	0.072065	0.0503296	0.0394665	0.0917318	0.0643533	0.000491136	0.03249	0.377771	3.58925	1	0.3179461
2082000	64.22843	-66.73461	130.963	0.05	0.3046273	0.100222	0.143435	0.0213841	0.220424	0.080664	0.00567817	0.108099	0.603493	3.28273	1	0.5661288
2083000	60.69028	-69.67441	130.3647	0.05	0.214724	0.0407542	0.0540027	0.0280307	0.396018	0.109538	0.000852787	0.0426781	0.420983	3.53549	1	0.6283442
2084000	69.93453	-63.62147	133.556	0.05	0.03592893	0.103204	0.00839939	0.021282	0.119823	0.0602726	9.76415e-18	4.66819e-09	0.000557669	3.99944	1	0.3129803
2085000	54.57212	-67.35514	121.9273	0.05	3.515059	0.28696	0.235588	0.086231	0.211254	0.311962	0.425561	0.756572	1.0841	1.73377	1	1.131994
2086000	62.45776	-65.24332	127.7011	0.05	0.3582813	0.116894	0.0888943	0.172889	0.309566	0.155868	0.0111843	0.149981	0.681881	3.15695	1	0.8441114
2087000	66.28633	-64.57262	130.859	0.05	0.03458246	0.297947	0.0825619	0.089305	0.0673581	0.0488209	2.1742e-18	2.20308e-09	0.000408389	3.99959	1	0.5859926
2088000	56.53117	-68.3582	124.8894	0.05	2.372437	0.148437	0.293755	0.120952	0.146812	0.235741	0.334019	0.689554	1.07702	1.8994	1	0.9456977
2089000	66.10655	-65.54838	131.6549	0.05	0.03763271	0.24116	0.0715	0.0546132	0.0538273	0.114583	5.59966e-17	1.11776e-08	0.000801126	3.9992	1	0.5356831
2090000	65.29901	-64.43246	129.7315	0.05	0.1259955	0.187204	0.0257738	0.0621632	0.14761	0.268037	9.15832e-06	0.00448422	0.168925	3.82658	1	0.6907874
2091000	67.13876	-65.21096	132.3497	0.05	0.063716	0.088	0.0551209	0.0916834	0.0933946	0.10952	1.9745e-10	2.09432e-05	0.0182681	3.98171	1	0.4377194
2092000	60.64064	-66.55465	127.1953	0.05	0.1941396	0.19629	0.189972	0.122719	0.149272	0.281539	0.000431252	0.0304645	0.36819	3.60091	1	0.9397928
2093000	66.5954	-64.52422	131.1196	0.05	0.1562256	0.236896	0.000466349	0.106269	0.182857	0.0266405	7.66413e-05	0.0129215	0.260514	3.72649	1	0.5531285
2094000	66.24864	-64.40494	130.6536	0.05	0.04078907	0.135211	0.0423789	0.160364	0.206799	0.0625495	9.68091e-16	4.64633e-08	0.00144681	3.99855	1	0.6073022
2095000	62.38529	-65.28825	127.6735	0.05	0.6785446	0.181194	0.0819758	0.0477439	0.42058	0.105375	0.0696125	0.353229	0.916651	2.66051	1	0.8368684
2096000	64.41586	-66.11417	130.53	0.05	0.08680711	0.076469	0.186967	0.0555874	0.20114	0.0841175	6.41692e-08	0.000376816	0.060632	3.93899	1	0.6042805
2097000	59.58189	-66.4065	125.9884	0.05	0.2888271	0.0322951	0.00340594	0.182135	0.263361	0.554699	0.00443284	0.0958365	0.576553	3.32318	1	1.035896
2098000	66.93861	-64.99417	131.9328	0.05	0.7856444	0.165046	0.0225675	0.0358274	0.13805	0.0638577	0.0925005	0.40129	0.952896	2.55331	1	0.4253487
2099000	60.93072	-67.25344	128.1842	0.05	0.03552277	0.233953	0.417165	0.167727	0.00505415	0.0325018	6.28155e-18	3.74438e-09	0.000508912	3.99949	1	0.8564011
2100000	60.08621	-68.12989	128.2161	0.05	1.103323	0.0965846	0.0605911	0.20432	0.29074	0.107742	0.157096	0.505748	1.01521	2.32194	1	0.7599779
2101000	64.8501	-66.13919	130.9893	0.05	0.03844922	0.0616822	0.186391	0.139603	0.161862	0.0307215	1.22417e-16	1.65257e-08	0.000942219	3.99906	1	0.5802598
2102000	61.06571	-66.05339	127.1191	0.05	0.008157087	0.114722	0.11601	0.175065	0.453609	0.107552	8.71924e-75	1.39835e-37	8.11382e-16	4	1	0.966959
2103000	65.88069	-64.23152	130.1122	0.05	0.09711269	0.408071	0.0377034	0.00065489	0.148543	0.0775539	3.48829e-07	0.00087775	0.0860985	3.91302	1	0.6725269
2104000	67.39957	-65.15239	132.552	0.05	0.3233506	0.0960479	0.00387111	0.0149814	0.176484	0.0963452	0.00737946	0.122739	0.633011	3.23687	1	0.3877293
2105000	63.60113	-66.28039	129.8815	0.05	0.1309408	0.0406173	0.0430187	0.273506	0.217581	0.0977308	1.3866e-05	0.00551447	0.183916	3.81056	1	0.6724532
2106000	66.74229	-64.65539	131.3977	0.05	0.04548049	0.165899	0.00167512	0.0182669	0.141935	0.222158	3.22208e-14	2.67946e-07	0.00299308	3.99701	1	0.5499335
2107000	64.70308	-68.04186	132.7449	0.05	0.1519475	0.0480988	0.0673179	0.0989278	0.154854	0.0117183	5.97361e-05	0.0114147	0.247693	3.74083	1	0.3809166
2108000	61.75114	-63.73944	125.4906	0.05	0.4753456	0.429243	0.0178222	0.0258241	0.368001	0.253958	0.0289143	0.235516	0.801466	2.9341	1	1.094848
2109000	58.6123	-70.06258	128.6749	0.05	0.2280503	0.334909	0.0988422	0.313488	0.0195091	0.016586	0.00124155	0.0513623	0.452857	3.49454	1	0.7833343
2110000	64.65876	-65.75815	130.4169	0.05	0.8312043	0.277446	0.0644656	0.0485729	0.0940022	0.084939	0.102179	0.4194	0.96524	2.51318	1	0.5694261
2111000	65.36472	-64.59233	129.957	0.05	0.04833231	0.134941	0.133669	0.103317	0.250779	0.0503988	1.94542e-13	6.58235e-07	0.00434584	3.99565	1	0.6731047
2112000	57.87344	-65.44523	123.3187	0.05	0.631204	0.21172	0.115646	0.276087	0.560891	0.115589	0.059601	0.329179	0.89644	2.71478	1	1.279932
2113000	65.49863	-63.89672	129.3954	0.05	0.0742195	0.227895	0.062138	0.0252133	0.346408	0.0698604	4.28488e-09	9.74771e-05	0.0345905	3.96531	1	0.7315152
2114000	67.87138	-64.18432	132.0557	0.05	0.2205526	0.209625	0.0158758	0.0324865	0.135013	0.0791851	0.00101069	0.0464096	0.435147	3.51743	1	0.4721845
2115000	62.50065	-66.0629	128.5635	0.05	0.3570644	0.295591	0.196334	0.0420616	0.22248	0.0299798	0.0110385	0.149038	0.680303	3.15962	1	0.7864466
2116000	63.85544	-67.19304	131.0485	0.05	0.9926626	0.150337	0.0279114	0.109768	0.115377	0.0755322	0.135487	0.474535	0.998774	2.3912	1	0.4789254
2117000	58.65035	-67.04112	125.6915	0.05	0.1324655	0.41828	0.236216	0.364847	0.0136961	0.0852299	1.56594e-05	0.00585916	0.188552	3.80557	1	1.11827
2118000	64.34086	-65.7859	130.1268	0.05	0.7297186	0.140202	0.0903767	0.0725958	0.167385	0.132471	0.0805441	0.377221	0.935402	2.60683	1	0.603031
2119000	67.6587	-64.64007	132.2988	0.05	0.1170452	0.117532	0.0604893	0.00438797	0.103954	0.134462	3.95384e-06	0.00294929	0.142139	3.85491	1	0.4208254
2120000	64.34275	-65.24828	129.591	0.05	0.2080267	0.210375	0.0333803	0.00220257	0.118507	0.336687	0.000693342	0.0385307	0.40428	3.5565	1	0.7011521
2121000	68.21333	-63.34955	131.5629	0.05	0.0236013	0.244715	0.0124415	0.105277	0.146221	0.00970103	1.72947e-26	1.96674e-13	8.52947e-06	3.99999	1	0.5183556
2122000	68.76918	-66.41516	135.1843	0.05	0.0431574	0.0732995	0.0228269	0.0322908	0.0409033	0.0110986	6.24799e-15	1.18014e-07	0.00212995	3.99787	1	0.1804192
2123000	62.01547	-65.74881	127.7643	0.05	1.080442	0.320836	0.021661	0.0986624	0.343938	0.0704885	0.152719	0.499663	1.01215	2.33547	1	0.8555857
2124000	62.41381	-64.19529	126.6091	0.05	0.738051	0.341477	0.0266463	0.024521	0.245515	0.333267	0.0823275	0.380944	0.938192	2.59854	1	0.9714264
2125000	59.65149	-71.12345	130.7749	0.05	1.178235	0.00800014	0.168322	0.119867	0.15983	0.0335663	0.171087	0.524471	1.02423	2.28021	1	0.4895862
2126000	62.33546	-65.33582	127.6713	0.05	0.1399707	0.449234	0.0776217	0.177462	0.187278	0.0238654	2.74145e-05	0.00774522	0.211408	3.78082	1	0.9154606
2127000	68.16399	-64.66212	132.8261	0.05	0.261962	0.118636	0.0416476	0.00374094	0.11766	0.0905078	0.00271675	0.0754545	0.526042	3.39579	1	0.3721918
2128000	66.17925	-64.72525	130.9045	0.05	0.11611	0.244691	0.111459	0.0314575	0.0814313	0.121756	3.59462e-06	0.00281241	0.139379	3.85781	1	0.5907947
2129000	65.17058	-66.46164	131.6322	0.05	2.191373	0.147356	0.0268502	0.0209688	0.0979489	0.107779	0.315096	0.673934	1.07412	1.93685	1	0.4009031
2130000	65.59675	-65.2497	130.8465	0.05	0.08146494	0.152296	0.0698416	0.119688	0.0862316	0.154166	2.25367e-08	0.000223415	0.0488078	3.95097	1	0.5822226
2131000	60.19465	-66.93914	127.1338	0.05	2.115308	0.193441	0.0756455	0.204607	0.182956	0.102338	0.306661	0.666741	1.07262	1.95397	1	0.7589883
2132000	63.55791	-65.98811	129.546	0.05	0.1684952	0.260231	0.0331568	0.284659	0.126713	0.0213298	0.000145986	0.0178008	0.296656	3.6854	1	0.7260896
2133000	64.0744	-65.80275	129.8771	0.05	1.18253	0.227251	0.114249	0.0313504	0.203643	0.0614087	0.171873	0.525493	1.0247	2.27793	1	0.6379013
2134000	61.89669	-64.14845	126.0451	0.05	1.461012	0.480578	0.042256	0.0728646	0.240451	0.109974	0.219236	0.581936	1.04805	2.15078	1	0.9461225
2135000	63.55781	-64.12782	127.6856	0.05	0.1033188	0.473259	0.0597145	0.0821291	0.127838	0.178226	8.21444e-07	0.00134617	0.102783	3.89587	1	0.9211658
2136000	64.68089	-64.37851	129.0594	0.05	0.1256697	0.381499	0.0355829	0.0888882	0.237169	0.0244412	8.90119e-06	0.00442099	0.167941	3.82763	1	0.7675807
2137000	63.38366	-66.29416	129.6778	0.05	0.1322126	0.224459	0.211028	0.100437	0.0864658	0.106559	1.53496e-05	0.0058011	0.187783	3.8064	1	0.7289488
2138000	67.33705	-65.14995	132.487	0.05	0.3671165	0.242062	0.0246141	0.0280485	0.104269	0.0325244	0.0122703	0.1568	0.693096	3.13783	1	0.4315181
2139000	64.09704	-67.39893	131.496	0.05	0.3418723	0.135175	0.159485	0.0460169	0.048834	0.106973	0.00929743	0.137224	0.659866	3.19361	1	0.4964833
2140000	68.69264	-64.6698	133.3624	0.05	0.03741374	0.147401	0.00175559	0.0864104	0.0619609	0.0467989	4.5138e-17	1.00357e-08	0.000766096	3.99923	1	0.344327
2141000	64.93389	-64.36502	129.2989	0.05	0.006560399	0.176485	0.00362103	0.066673	0.331496	0.172502	9.48333e-93	1.45854e-46	1.51899e-19	4	1	0.7507768
2142000	61.8546	-65.79664	127.6512	0.05	0.007726973	0.0548912	0.122332	0.133376	0.231421	0.37618	6.79286e-79	1.23429e-39	1.1394e-16	4	1	0.9182001
2143000	66.51109	-64.90606	131.4172	0.05	0.02919755	0.176063	0.0655754	0.165469	0.122532	0.00500053	1.33931e-21	5.47045e-11	8.8135e-05	3.99991	1	0.5346403
2144000	58.38067	-66.95096	125.3316	0.05	1.559854	0.140185	0.0924779	0.0543167	0.407755	0.298217	0.234422	0.598225	1.05375	2.1136	1	0.9929521
2145000	68.4186	-65.2859	133.7045	0.05	0.1994393	0.185596	0.00809545	0.0470275	0.0775284	0.0104826	0.000520986	0.0334526	0.382193	3.58383	1	0.3287298
2146000	67.4535	-66.22377	133.6773	0.05	0.1175768	0.161507	0.0525576	0.00849417	0.0448946	0.0507793	4.171e-06	0.00302903	0.143712	3.85325	1	0.3182328
2147000	64.4732	-66.31048	130.7837	0.05	0.1900524	0.225582	0.0964136	0.00423561	0.201709	0.0538851	0.000370068	0.028241	0.357201	3.61419	1	0.5818251
2148000	67.60661	-64.57966	132.1863	0.05	0.08637718	0.209227	0.0448954	0.0843497	0.00748481	0.109152	5.92701e-08	0.000362159	0.0596421	3.94	1	0.4551097
2149000	60.41353	-65.52888	125.9424	0.05	1.052174	0.242456	0.223333	0.035686	0.31029	0.158939	0.147245	0.491891	1.00813	2.35273	1	0.9707049
2150000	64.57883	-64.55183	129.1307	0.05	0.1224941	0.345222	0.0378585	0.0287355	0.251155	0.0808059	6.69057e-06	0.00383427	0.158379	3.83778	1	0.7437776
2151000	70.14786	-64.44056	134.5884	0.05	0.02573516	0.108643	0.0231878	0.013135	0.0489541	0.0254082	2.25377e-24	2.24474e-12	2.3426e-05	3.99998	1	0.2193281
2152000	63.25573	-64.97246	128.2282	0.05	1.051542	0.174858	0.0063672	0.129216	0.308368	0.118523	0.147122	0.491714	1.00804	2.35312	1	0.7373313
2153000	67.85175	-65.39013	133.2419	0.05	0.01075746	0.0861858	0.0866611	0.0260249	0.0841219	0.0599072	6.05027e-57	1.16457e-28	4.08763e-12	4	1	0.342901
2154000	67.3775	-64.04919	131.4267	0.05	0.002541471	0.254635	0.0543049	0.0825331	0.0789932	0.0635529	7.15888e-238	4.0088e-119	1.16477e-49	4	1	0.5340192
2155000	65.52366	-65.59852	131.1222	0.05	0.07344483	0.149403	0.0558746	0.0549455	0.244786	0.071602	3.51911e-09	8.83442e-05	0.0332062	3.96671	1	0.5766106
2156000	58.83717	-66.40931	125.2465	0.05	1.40541	0.0803117	0.0131057	0.236047	0.464621	0.222205	0.210333	0.572015	1.04435	2.1733	1	1.016291
2157000	59.10135	-64.66601	123.7674	0.05	0.0182761	0.367623	0.356545	0.379142	0.0227908	0.163473	6.38919e-34	3.78194e-17	2.44829e-07	4	1	1.289574
2158000	64.49234	-67.54802	132.0404	0.05	0.2533044	0.281375	0.00571534	0.0651261	0.0575664	0.0320906	0.00226935	0.0690865	0.508403	3.42024	1	0.4418732
2159000	64.78599	-65.35748	130.1435	0.05	0.6128267	0.124864	0.00308283	0.112149	0.264187	0.0950326	0.0557639	0.319327	0.887724	2.73718	1	0.5993163
2160000	62.87334	-64.23646	127.1098	0.05	2.049696	0.306625	0.0628018	0.0451214	0.231395	0.145614	0.299136	0.660196	1.07118	1.96948	1	0.7915569
2161000	64.74185	-66.50374	131.2456	0.05	0.1848322	0.137443	0.110459	0.0725236	0.187351	0.0377712	0.000301389	0.0255089	0.342929	3.63126	1	0.5455478
2162000	69.89759	-63.92055	133.8181	0.05	0.05114548	0.164307	0.0394796	0.000552497	0.0815848	0.0325217	9.41813e-13	1.44795e-06	0.0060275	3.99397	1	0.3184451
2163000	64.63536	-68.19433	132.8297	0.05	0.0167446	0.0413856	0.158514	0.0428763	0.000558823	0.18203	6.20238e-37	1.1785e-18	5.80396e-08	4	1	0.425365
2164000	64.70294	-70.9183	135.6212	0.05	0.07327012	0.0710945	0.0132806	0.0358064	0.0258538	0.0630408	3.36433e-09	8.63808e-05	0.0328978	3.96702	1	0.209076
2165000	65.53441	-66.30264	131.837	0.05	1.023899	0.2596	0.0188951	0.0421682	0.085409	0.0811858	0.141698	0.483819	1.00385	2.37063	1	0.4872585
2166000	62.88754	-65.36248	128.25	0.05	0.4183147	0.39111	0.022783	0.164548	0.236441	0.016526	0.0194428	0.1953	0.750362	3.0349	1	0.8314087
2167000	63.52408	-65.21408	128.7382	0.05	0.1570803	0.0747912	0.104933	0.156722	0.153068	0.287689	8.04228e-05	0.0132348	0.263064	3.72362	1	0.7772034
2168000	56.81934	-69.51455	126.3339	0.05	1.39752	0.0863057	0.304104	0.10175	0.333099	0.0820129	0.209048	0.570559	1.04379	2.1766	1	0.9072719
2169000	65.691	-66.19157	131.8826	0.05	0.1490956	0.191026	0.000890283	0.0516473	0.128777	0.123075	5.01916e-05	0.0104673	0.239097	3.75039	1	0.4954158
2170000	66.5824	-64.93019	131.5126	0.05	0.09866021	0.117206	0.066658	0.0569895	0.203078	0.057721	4.36263e-07	0.000981468	0.0901767	3.90884	1	0.5016523
2171000	66.82154	-65.3239	132.1454	0.05	0.1174139	0.296658	0.0627963	0.0198802	0.0815139	0.00827358	4.10343e-06	0.00300445	0.14323	3.85376	1	0.4691223
2172000	66.06948	-64.93462	131.0041	0.05	1.04385	0.313171	0.0507125	0.0338043	0.0900183	0.0432683	0.145619	0.489547	1.0069	2.35793	1	0.530974
2173000	67.28528	-65.30217	132.5874	0.05	0.5421408	0.107262	0.0235722	0.0314364	0.130985	0.0887719	0.0414396	0.278539	0.848665	2.83136	1	0.3820272
2174000	65.23065	-64.37752	129.6082	0.05	0.05280088	0.153208	0.0681254	0.118277	0.232818	0.127136	2.20243e-12	2.21393e-06	0.00718887	3.99281	1	0.6995644
2175000	63.58337	-64.63627	128.2196	0.05	0.03044318	0.156666	0.0537612	0.246647	0.201575	0.190186	9.34322e-21	1.44472e-10	0.000131869	3.99987	1	0.8488362
2176000	64.26156	-64.67495	128.9365	0.05	0.0134496	0.163277	0.120709	0.121162	0.19888	0.18367	9.64132e-46	4.64775e-23	8.62997e-10	4	1	0.7876971
2177000	67.70114	-66.43594	134.1371	0.05	0.595499	0.0969287	0.0154363	0.0428419	0.0684811	0.0311234	0.0521811	0.309761	0.879005	2.75905	1	0.2548114
2178000	63.62733	-65.66993	129.2973	0.05	0.9414854	0.290943	0.129637	0.0323592	0.175958	0.0509834	0.125136	0.458428	0.989585	2.42685	1	0.6798802
2179000	64.48216	-68.21381	132.696	0.05	0.2093602	0.0699209	0.141836	0.0572156	0.0660681	0.0500505	0.000723279	0.0393439	0.407642	3.55229	1	0.3850913
2180000	66.54245	-63.7515	130.2939	0.05	0.1209473	0.179307	0.043845	0.0446411	0.284051	0.0843554	5.79043e-06	0.00356764	0.153745	3.84268	1	0.6361998
2181000	65.0539	-66.60074	131.6546	0.05	0.01306266	0.000855622	0.0785726	0.0939926	0.308069	0.0278411	4.55149e-47	1.00987e-23	4.58001e-10	4	1	0.5093312
2182000	61.05068	-67.55775	128.6084	0.05	0.6128325	0.276904	0.230848	0.0139465	0.199775	0.0425053	0.0557651	0.31933	0.887727	2.73718	1	0.7639785
2183000	63.01788	-66.51105	129.5289	0.05	0.4267793	0.156639	0.0499269	0.187163	0.229848	0.0590775	0.0207597	0.201462	0.758706	3.01907	1	0.6826549
2184000	66.8645	-64.91576	131.7803	0.05	0.01941686	0.13456	0.0916863	0.00877018	0.0773986	0.176546	5.50502e-32	3.51017e-16	6.17175e-07	4	1	0.4889603
2185000	59.90645	-66.73024	126.6367	0.05	0.3642535	0.341587	0.33018	0.0614193	0.0477767	0.201279	0.0119131	0.154595	0.689509	3.14398	1	0.9822412
2186000	63.15471	-68.21421	131.3689	0.05	0.2715279	0.0663451	0.0759998	0.0633216	0.24756	0.0540834	0.00327034	0.0826196	0.544742	3.36937	1	0.5073097
2187000	61.97455	-66.49059	128.4651	0.05	0.02388662	0.17031	0.183303	0.208122	0.196627	0.0805146	3.48819e-26	2.79306e-13	9.86582e-06	3.99999	1	0.8388761
2188000	69.01209	-63.55563	132.5677	0.05	0.02103345	0.302615	0.0185922	0.0464686	0.0166536	0.0642527	1.32981e-29	5.45485e-15	1.9268e-06	4	1	0.4485826
2189000	61.58041	-67.60827	129.1887	0.05	3.628847	0.122392	0.00485043	0.0661056	0.204937	0.0631439	0.432733	0.76131	1.08425	1.72171	1	0.4614289
2190000	63.8727	-65.97387	129.8466	0.05	0.1458599	0.242496	0.13089	0.153719	0.0863784	0.0840777	4.08567e-05	0.009448	0.229305	3.76121	1	0.6975615
2191000	61.96705	-67.0044	128.9714	0.05	0.00232592	0.024569	0.13294	0.383009	0.24674	0.00131362	7.96282e-260	4.22798e-130	3.23916e-54	4	1	0.7885716
2192000	65.93416	-66.23526	132.1694	0.05	0.5479842	0.264281	0.0227436	0.0883157	0.0249529	0.0836581	0.0425899	0.282092	0.85227	2.82305	1	0.4839517
2193000	65.72021	-67.42365	133.1439	0.05	0.03451659	0.141705	0.00550772	0.133842	0.0829103	0.0477332	2.01411e-18	2.12043e-09	0.000401961	3.9996	1	0.4116987
2194000	65.29038	-64.51307	129.8035	0.05	0.07404168	0.197547	0.0306707	0.00712606	0.280168	0.189913	4.09703e-09	9.53179e-05	0.0342703	3.96563	1	0.7054252
2195000	70.38295	-64.62325	135.0062	0.05	0.1269345	0.182714	0.0158751	0.0231819	0.014797	0.0227271	9.9335e-06	0.00466964	0.171764	3.82356	1	0.2592954
2196000	65.81763	-65.61511	131.4327	0.05	0.09918371	0.0866874	0.161631	0.0433776	0.179551	0.0773536	4.69808e-07	0.00101845	0.0915692	3.90741	1	0.5486011
2197000	60.40438	-66.25906	126.6634	0.05	0.4686864	0.292553	0.206194	0.0100086	0.398583	0.0435905	0.0277413	0.230983	0.796075	2.9452	1	0.9509293
2198000	61.62697	-64.3808	126.0078	0.05	0.02672049	0.568887	0.124168	0.154398	0.101887	0.119467	1.64253e-23	6.05942e-12	3.53709e-05	3.99996	1	1.068808
2199000	60.20656	-65.98846	126.195	0.05	0.05811885	0.152518	0.0396515	0.316115	0.436006	0.109395	2.43142e-11	7.35272e-06	0.0118304	3.98816	1	1.053686
2200000	62.33467	-64.45057	126.7852	0.05	0.01947763	0.376874	0.136318	0.237163	0.183969	0.0615808	6.87871e-32	3.92374e-16	6.46371e-07	4	1	0.9959037
2201000	63.04097	-66.65211	129.6931	0.05	2.031693	0.273652	0.0744761	0.0831094	0.105253	0.00445119	0.297029	0.658342	1.07076	1.97387	1	0.5409415
2202000	63.00746	-64.62202	127.6295	0.05	0.09338396	0.341601	0.159587	0.0164678	0.0615273	0.335294	1.97391e-07	0.000660505	0.0765252	3.92281	1	0.9144778
2203000	64.85902	-65.67938	130.5384	0.05	0.007812805	0.0711518	0.240737	0.103711	0.176831	0.0358743	4.8758e-78	3.30683e-39	1.71516e-16	4	1	0.6283053
2204000	63.32916	-68.29444	131.6236	0.05	0.9797123	0.152844	0.0621723	0.143085	0.0618688	0.0481709	0.132888	0.470568	0.996555	2.39999	1	0.4681407
2205000	69.86742	-64.37301	134.2404	0.05	0.1095943	0.130863	0.0157015	0.0324071	0.0817423	0.0138684	1.76938e-06	0.00197448	0.120432	3.87759	1	0.2745824
2206000	66.72973	-64.92501	131.6547	0.05	0.09598256	0.0953784	0.0586049	0.0493135	0.147808	0.160383	2.94914e-07	0.000807155	0.083158	3.91603	1	0.5114869
2207000	69.16577	-66.03257	135.1983	0.05	1.369795	0.146779	0.0160451	0.0232047	0.0255166	0.000226736	0.20449	0.565344	1.04176	2.1884	1	0.2117726
2208000	59.17328	-65.61617	124.7895	0.05	3.225676	0.248018	0.173621	0.0195006	0.238588	0.210911	0.406001	0.743304	1.08342	1.76727	1	0.8906391
2209000	58.14963	-67.06195	125.2116	0.05	0.0295738	0.0795197	0.327071	0.185781	0.141272	0.420342	2.45014e-21	7.39883e-11	9.98989e-05	3.9999	1	1.153985
2210000	62.72563	-67.21441	129.94	0.05	0.2162231	0.214256	0.140322	0.183259	0.0634941	0.0603238	0.000891656	0.0436274	0.424659	3.53082	1	0.6616544
2211000	64.08279	-66.6472	130.73	0.05	0.03856219	0.324187	0.162134	0.0091637	0.0450908	0.0663154	1.36052e-16	1.74215e-08	0.000963083	3.99904	1	0.6068901
2212000	64.88605	-64.40441	129.2905	0.05	0.04425285	0.105266	0.0381407	0.106873	0.393675	0.110116	1.38354e-14	1.75598e-07	0.00251173	3.99749	1	0.7540702
2213000	61.58415	-65.35416	126.9383	0.05	0.1249861	0.00344249	0.0421344	0.393583	0.212847	0.298303	8.38094e-06	0.00429018	0.165878	3.82982	1	0.950309
2214000	66.62603	-63.93349	130.5595	0.05	0.01614473	0.232562	0.023189	0.101139	0.157107	0.10662	2.86192e-38	2.53164e-19	3.06574e-08	4	1	0.6206165
2215000	59.7116	-65.61112	125.3227	0.05	1.846063	0.169351	0.0562719	0.220836	0.342454	0.161177	0.27418	0.637578	1.06561	2.02263	1	0.9500901
2216000	60.8206	-66.18793	127.0085	0.05	0.05215094	0.0817392	0.286311	0.229452	0.018425	0.358746	1.58797e-12	1.88e-06	0.00671731	3.99328	1	0.9746736
2217000	58.63907	-64.93382	123.5729	0.05	0.9416263	0.490359	0.102361	0.121925	0.29566	0.20515	0.125165	0.458474	0.989612	2.42675	1	1.215456
2218000	62.28546	-67.94211	130.2276	0.05	0.3312536	0.312685	0.0384413	0.0445492	0.213132	0.00509264	0.00816973	0.128926	0.644742	3.21816	1	0.6139001
2219000	64.50479	-65.13482	129.6396	0.05	0.02970728	0.0632859	0.27504	0.040322	0.259505	0.0695092	3.02452e-21	8.22036e-11	0.00010436	3.9999	1	0.7076616
2220000	64.48052	-67.56952	132.05	0.05	0.3873221	0.293537	0.0617822	0.0289422	0.0973201	0.00525703	0.0149287	0.172224	0.717189	3.09566	1	0.4868385
2221000	56.40872	-65.79536	122.2041	0.05	2.665119	0.482206	0.0625397	0.29862	0.192293	0.170407	0.361573	0.711121	1.08028	1.84703	1	1.206065
2222000	64.8072	-66.14667	130.9539	0.05	0.0493445	0.0191588	0.183826	0.143459	0.169035	0.0633641	3.50314e-13	8.83216e-07	0.00490969	3.99509	1	0.5788441
2223000	66.47576	-64.51152	130.9873	0.05	0.09439504	0.229503	0.0186212	0.0933972	0.226614	0.0216527	2.31374e-07	0.000715038	0.079084	3.9202	1	0.5897884
2224000	64.85635	-64.26422	129.1206	0.05	0.3563494	0.208979	0.0393178	0.0143429	0.347674	0.135154	0.0109533	0.148484	0.679371	3.16119	1	0.7454685
2225000	61.95667	-63.82903	125.7857	0.05	0.08404808	0.526518	0.0361553	0.161008	0.296868	0.0711968	3.80055e-08	0.000290063	0.0543935	3.94532	1	1.091745
2226000	59.85833	-66.12199	125.9803	0.05	1.488421	0.478114	0.0108313	0.290531	0.163246	0.0220567	0.223528	0.586618	1.04973	2.14012	1	0.9647788
2227000	60.45896	-68.95965	129.4186	0.05	1.282441	0.135169	0.0796176	0.208944	0.0939813	0.0845171	0.189676	0.547825	1.03461	2.22789	1	0.6022288
2228000	63.19653	-67.1628	130.3593	0.05	0.2886315	0.178448	0.0135978	0.021492	0.244064	0.158732	0.00441852	0.0956855	0.576207	3.32369	1	0.6163329
2229000	59.40421	-65.32579	124.73	0.05	0.04811758	0.0232686	0.146429	0.258556	0.356146	0.406293	1.71174e-13	6.1745e-07	0.00423201	3.99577	1	1.190693
2230000	63.29717	-65.45185	128.749	0.05	0.7148168	0.212063	0.0316748	0.042283	0.38018	0.0758403	0.0773555	0.370438	0.930238	2.62197	1	0.7420414
2231000	64.93159	-66.90634	131.8379	0.05	0.3554973	0.109444	0.119352	0.0675827	0.141523	0.0369493	0.0108521	0.147824	0.678257	3.16307	1	0.4748509
2232000	63.02568	-65.87907	128.9047	0.05	0.03028628	0.274444	0.244387	0.0687997	0.05134	0.141712	7.38002e-21	1.28401e-10	0.000125572	3.99987	1	0.7806826
2233000	63.44805	-65.10985	128.5579	0.05	1.35929	0.381184	0.0601919	0.061214	0.166262	0.0435022	0.202745	0.563327	1.04097	2.19296	1	0.7123546
2234000	66.46041	-64.36033	130.8207	0.05	0.460073	0.18253	0.0295468	0.00385214	0.210441	0.134023	0.0262482	0.225053	0.788892	2.95981	1	0.5603926
2235000	61.69129	-71.6308	133.3221	0.05	1.1859	0.130957	0.0573118	0.0584086	0.0276773	0.0944423	0.172488	0.52629	1.02507	2.27615	1	0.3687969
2236000	63.47276	-67.37863	130.8514	0.05	0.4827405	0.254992	0.108079	0.0505041	0.101809	0.0432326	0.0302351	0.240499	0.807292	2.92197	1	0.558616
2237000	66.34249	-63.80557	130.1481	0.05	0.02504614	0.307111	0.0141411	0.101249	0.154489	0.0726801	5.12128e-25	1.0701e-12	1.72264e-05	3.99998	1	0.6496711
2238000	64.84886	-69.54509	134.3939	0.05	0.3612031	0.0362591	0.0266729	0.018433	0.105635	0.0214768	0.0115381	0.15224	0.685638	3.15058	1	0.2084768
2239000	64.27092	-65.32578	129.5967	0.05	0.2841471	0.112032	0.10149	0.115885	0.245738	0.122348	0.00409766	0.0922341	0.568194	3.33547	1	0.6974923
2240000	59.94926	-66.91595	126.8652	0.05	0.4963338	0.0235246	0.239689	0.0757526	0.441223	0.161525	0.0327103	0.249516	0.817582	2.90019	1	0.9417148
2241000	67.67578	-65.75413	133.4299	0.05	2.300696	0.190216	0.0125081	0.0141863	0.0519122	0.014847	0.326708	0.683601	1.07597	1.91372	1	0.2836694
2242000	64.92174	-64.28304	129.2048	0.05	1.340956	0.306408	0.0457395	0.0410294	0.164417	0.113934	0.199675	0.559749	1.03954	2.20104	1	0.6715282
2243000	60.08516	-63.62382	123.709	0.05	3.80384	0.455855	0.0706125	0.00890049	0.223031	0.222146	0.443251	0.76814	1.08438	1.70423	1	0.9805447
2244000	66.37021	-66.85223	133.2224	0.05	0.4363363	0.0583484	0.00546182	0.0704234	0.149485	0.0537303	0.0222864	0.208341	0.767787	3.00159	1	0.3374487
2245000	64.37453	-65.76849	130.143	0.05	0.1170048	0.036892	0.0263202	0.110783	0.199998	0.28281	3.93773e-06	0.00294329	0.14202	3.85503	1	0.6568038
2246000	67.15022	-65.45559	132.6058	0.05	0.1761445	0.232254	0.0376695	0.0700092	0.0568452	0.00898343	0.00020845	0.021245	0.318612	3.65993	1	0.405761
2247000	66.39912	-63.63434	130.0335	0.05	0.06796425	0.29949	0.0176687	0.00376132	0.194372	0.161478	7.68756e-10	4.131e-05	0.0242195	3.97574	1	0.6767699
2248000	71.53245	-64.97089	136.5033	0.05	0.08186026	0.0393882	0.0062232	0.00279882	0.0252212	0.0138453	2.44654e-08	0.00023277	0.049646	3.95012	1	0.08747673
2249000	61.7637	-66.36873	128.1324	0.05	1.563487	0.304323	0.0192931	0.15166	0.161016	0.112441	0.234965	0.598794	1.05394	2.1123	1	0.7487325
2250000	63.09892	-67.62113	130.72	0.05	1.005804	0.118201	0.0781163	0.0907879	0.0834018	0.13826	0.13811	0.47849	1.00096	2.38244	1	0.5087675
2251000	57.91468	-66.78327	124.698	0.05	0.413447	0.678864	0.102627	0.204056	0.122414	0.058003	0.0187012	0.191728	0.745431	3.04414	1	1.165965
2252000	65.93591	-63.63395	129.5699	0.05	0.1953007	0.260176	0.0539906	0.00730593	0.192085	0.183183	0.000449883	0.0311092	0.371282	3.59716	1	0.6967398
2253000	67.53299	-65.89978	133.4328	0.05	0.1852753	0.0698941	0.0282009	0.01694	0.127299	0.0966622	0.000306824	0.025736	0.34415	3.62981	1	0.338996
2254000	63.00465	-67.48741	130.4921	0.05	1.192725	0.123416	0.0952174	0.108815	0.139376	0.064881	0.173732	0.527896	1.02581	2.27256	1	0.5317068
2255000	64.74818	-65.34853	130.0967	0.05	0.743182	0.148225	0.0125192	0.0874904	0.267846	0.0778464	0.0834256	0.383212	0.939876	2.59349	1	0.593927
2256000	62.09285	-66.22023	128.3131	0.05	0.7194753	0.259684	0.114691	0.0701325	0.190197	0.132817	0.0783521	0.372576	0.931877	2.61719	1	0.7675218
2257000	61.99438	-66.13413	128.1285	0.05	0.4785002	0.275959	0.0287144	0.117296	0.3471	0.0484884	0.0294754	0.237649	0.803971	2.9289	1	0.817558
2258000	63.99811	-66.39521	130.3933	0.05	1.716625	0.195895	0.112032	0.0344569	0.127797	0.0502375	0.256932	0.621047	1.06096	2.06106	1	0.5204189
2259000	60.71013	-65.79948	126.5096	0.05	0.1198618	0.186701	0.0967131	0.469771	0.165662	0.0996359	5.22038e-06	0.00338788	0.150503	3.8461	1	1.018482
2260000	62.75356	-64.54584	127.2994	0.05	0.7485942	0.424186	0.00483469	0.0218589	0.182633	0.255938	0.0845837	0.385584	0.941626	2.58821	1	0.889451
2261000	66.33545	-64.87158	131.207	0.05	0.08118805	0.269942	0.071087	0.0697726	0.148573	0.00328018	2.1267e-08	0.000217035	0.0482244	3.95156	1	0.5626541
2262000	66.96708	-65.90314	132.8702	0.05	0.2016024	0.174355	0.0199793	0.113608	0.0570729	0.0195572	0.000561165	0.034705	0.387827	3.57691	1	0.3845715
2263000	60.66447	-67.13488	127.7994	0.05	0.00608624	0.422537	0.0147352	0.28851	0.194688	0.00887642	6.7197e-100	3.88267e-50	4.98776e-21	4	1	0.9293468
2264000	62.88313	-67.53492	130.4181	0.05	0.1981453	0.152473	0.0351826	0.210271	0.0935343	0.118393	0.000497953	0.0327124	0.3788	3.58799	1	0.6098531
2265000	65.05527	-67.49368	132.549	0.05	0.5141675	0.105123	0.0355406	0.0721411	0.118883	0.0297008	0.0360427	0.261064	0.830309	2.87258	1	0.3613887
2266000	68.19866	-65.96961	134.1683	0.05	0.09750457	0.0685993	0.0346567	0.0163076	0.105685	0.0207976	3.69405e-07	0.000903233	0.0871257	3.91197	1	0.2460462
2267000	66.27564	-64.62511	130.9008	0.05	0.2938152	0.143793	0.0249139	0.0253877	0.189857	0.174411	0.00480704	0.0996931	0.585268	3.31023	1	0.5583631
2268000	61.93801	-67.40035	129.3384	0.05	3.110077	0.225286	0.058939	0.112955	0.0768226	0.0361798	0.397602	0.737446	1.08301	1.78194	1	0.5101817
2269000	64.94658	-65.54542	130.492	0.05	0.2175033	0.151161	0.0769086	0.0813528	0.115161	0.212803	0.000925797	0.0444439	0.42778	3.52685	1	0.6373855
2270000	65.68094	-70.26242	135.9434	0.05	0.607058	0.0583535	0.0358605	0.0363394	0.0197806	0.0125103	0.054567	0.316173	0.884877	2.74438	1	0.1628444
2271000	62.97904	-67.31885	130.2979	0.05	0.8508623	0.108611	0.125155	0.0100249	0.176616	0.142066	0.106327	0.426833	0.97011	2.49673	1	0.5624723
2272000	66.73928	-66.70578	133.4451	0.05	0.9928488	0.0921427	0.051259	0.0217262	0.0857508	0.0315795	0.135525	0.474592	0.998805	2.39108	1	0.2824582
2273000	63.17404	-64.54328	127.7173	0.05	0.04210691	0.303471	0.0198661	0.269553	0.218307	0.0943582	2.80402e-15	7.90667e-08	0.00180386	3.9982	1	0.9055553
2274000	62.39606	-66.66907	129.0651	0.05	0.2401385	0.220843	0.2284	0.0492086	0.100227	0.160141	0.00168358	0.0596664	0.480223	3.45843	1	0.7588201
2275000	66.8502	-63.5324	130.3826	0.05	0.01428185	0.272817	0.0198533	0.154887	0.170959	0.0074153	3.91402e-43	9.36385e-22	3.00102e-09	4	1	0.6259323
2276000	66.01616	-68.33963	134.3558	0.05	0.08025975	0.131083	0.0422501	0.0024744	0.0163433	0.0540248	1.74582e-08	0.000196658	0.0462907	3.95351	1	0.2461755
2277000	66.70843	-65.41822	132.1267	0.05	0.1129362	0.145327	0.0467769	0.0601831	0.0839086	0.1343	2.57129e-06	0.00237942	0.130083	3.86754	1	0.4704956
2278000	60.94667	-69.35363	130.3003	0.05	1.412261	0.250357	0.012141	0.067908	0.147201	0.0301394	0.211445	0.573269	1.04482	2.17046	1	0.5077464
2279000	64.1215	-65.32456	129.4461	0.05	0.08330125	0.0468342	0.154561	0.15314	0.0635987	0.306932	3.27852e-08	0.000269424	0.0527525	3.94698	1	0.7250658
2280000	62.6102	-64.61569	127.2259	0.05	0.9162543	0.2796	0.112274	0.0166663	0.206466	0.263049	0.119956	0.450047	0.984608	2.44539	1	0.8780551
2281000	64.65409	-67.28878	131.9429	0.05	0.3752405	0.276636	0.0331495	0.0902966	0.0155681	0.093015	0.0133105	0.163033	0.703035	3.12062	1	0.508665
2282000	64.9006	-65.73544	130.636	0.05	0.2038768	0.177054	0.0228072	0.150183	0.21145	0.0240111	0.000605723	0.0360415	0.3937	3.56965	1	0.5855065
2283000	68.1321	-64.4715	132.6036	0.05	0.01249996	0.232129	0.0289703	0.10616	0.0481693	0.00728128	3.83181e-49	9.26643e-25	1.69962e-10	4	1	0.4227098
2284000	63.61436	-66.62091	130.2353	0.05	0.3086436	0.199226	0.163192	0.094787	0.100187	0.0598699	0.00602262	0.111234	0.610037	3.27271	1	0.6172608
2285000	62.87122	-70.29586	133.1671	0.05	0.5139099	0.00247807	0.106583	0.0659315	0.149407	0.032823	0.035994	0.2609	0.830132	2.87297	1	0.3572224
2286000	67.04037	-64.2023	131.2427	0.05	0.1978159	0.177174	0.00365835	0.0332305	0.15926	0.173068	0.000492207	0.032525	0.377934	3.58905	1	0.5463909
2287000	63.56691	-67.26917	130.8361	0.05	0.0332295	0.0938282	0.0321506	0.187917	0.159537	0.104836	4.25172e-19	9.74347e-10	0.000291119	3.99971	1	0.5782691
2288000	62.60504	-65.90084	128.5059	0.05	0.08113596	0.0405597	0.0961694	0.0668686	0.56952	0.0424301	2.10353e-08	0.00021585	0.0481149	3.95167	1	0.8155473
2289000	62.62525	-65.6537	128.279	0.05	0.4936618	0.165362	0.111096	0.166565	0.260704	0.101258	0.0322191	0.247758	0.815601	2.90442	1	0.8049853
2290000	66.73185	-65.11749	131.8493	0.05	0.3575297	0.223907	0.0110763	0.00765247	0.195347	0.0738275	0.0110941	0.149399	0.680907	3.1586	1	0.5118108
2291000	63.37404	-69.97374	133.3478	0.05	0.7052259	0.0887052	0.0708899	0.0421521	0.0796952	0.0161423	0.0753049	0.365986	0.92679	2.63192	1	0.2975847
2292000	64.1519	-68.41954	132.5714	0.05	0.3352762	0.0696094	0.0156669	0.0593117	0.223431	0.0157025	0.00858812	0.132072	0.650556	3.20878	1	0.3837215
2293000	62.99068	-68.48244	131.4731	0.05	1.318292	0.0714218	0.0783642	0.0240824	0.108049	0.129459	0.195839	0.555224	1.03769	2.21124	1	0.411376
2294000	61.1845	-65.97996	127.1645	0.05	4.086246	0.268807	0.056043	0.0571199	0.136136	0.126007	0.459038	0.77814	1.08438	1.67844	1	0.6441129
2295000	66.80228	-64.71202	131.5143	0.05	0.07708336	0.137791	0.117562	0.0055609	0.173981	0.0852816	8.57264e-09	0.000137843	0.039942	3.95992	1	0.5201768
2296000	63.68243	-66.31059	129.993	0.05	0.09512049	0.0591989	0.288905	0.0498223	0.218433	0.0437213	2.58766e-07	0.000756131	0.0809374	3.91831	1	0.6600801
2297000	63.10484	-66.52536	129.6302	0.05	0.2946959	0.282803	0.0665706	0.208261	0.00272325	0.151477	0.00487493	0.100376	0.586787	3.30796	1	0.7118355
2298000	64.56434	-65.00379	129.5681	0.05	0.0249064	0.0457215	0.00035497	0.149169	0.190277	0.339924	3.75426e-25	9.16229e-13	1.61516e-05	3.99998	1	0.725447
2299000	64.86422	-64.93022	129.7944	0.05	0.03549384	0.137188	0.000663148	0.182721	0.151375	0.220486	6.08492e-18	3.68532e-09	0.000505567	3.99949	1	0.6924333
2300000	65.47804	-65.80697	131.285	0.05	0.1109075	0.0787521	0.0959297	0.0600295	0.259605	0.0330062	2.05482e-06	0.00212751	0.124205	3.87366	1	0.5273225
2301000	66.67296	-65.89508	132.568	0.05	1.445949	0.111131	0.0134861	0.0154792	0.107831	0.0833289	0.216851	0.579305	1.04708	2.15676	1	0.3312558
2302000	64.40095	-65.59515	129.9961	0.05	0.110203	0.0277848	0.030635	0.115634	0.17348	0.315653	1.89723e-06	0.00204445	0.122178	3.87578	1	0.663187
2303000	62.19141	-67.40374	129.5952	0.05	0.1923106	0.258676	0.180668	0.133032	0.0629195	0.0881997	0.000403037	0.0294606	0.363293	3.60684	1	0.723495
2304000	64.13108	-66.06794	130.199	0.05	0.1039755	0.226088	0.12246	0.0704896	0.178876	0.0426126	8.93996e-07	0.00140427	0.104597	3.894	1	0.6405263
2305000	63.47783	-66.40822	129.886	0.05	1.038142	0.177178	0.0738793	0.0136914	0.228101	0.084951	0.144501	0.487923	1.00604	2.36153	1	0.5778008
2306000	59.52455	-70.48109	130.0056	0.05	1.173315	0.292568	0.0297004	0.0781361	0.0590815	0.100103	0.170184	0.523295	1.02368	2.28284	1	0.5595894
2307000	66.84809	-65.12699	131.9751	0.05	0.03501827	0.24217	0.0438504	0.0646968	0.112361	0.00662547	3.5804e-18	2.82703e-09	0.000452904	3.99955	1	0.4697039
2308000	64.64437	-64.8493	129.4937	0.05	0.03544983	0.106621	0.096157	0.0753591	0.333202	0.107032	5.79698e-18	3.59708e-09	0.000500509	3.9995	1	0.7183712
2309000	66.56358	-65.08057	131.6441	0.05	0.3172145	0.153734	0.0445708	0.0586668	0.115951	0.105272	0.00679522	0.117936	0.623611	3.25166	1	0.4781949
2310000	66.09082	-66.49272	132.5835	0.05	0.01990786	0.145524	0.143869	0.0227841	0.0936326	0.0217256	3.20236e-31	8.46575e-16	8.89347e-07	4	1	0.4275351
2311000	65.88341	-65.80328	131.6867	0.05	0.06329253	0.10225	0.0724625	0.126086	0.17991	0.00370608	1.70712e-10	1.94744e-05	0.0177249	3.98226	1	0.4844146
2312000	63.59418	-66.4407	130.0349	0.05	2.107717	0.124542	0.0593792	0.0201101	0.126221	0.130637	0.305803	0.666	1.07247	1.95573	1	0.4608895
2313000	60.68412	-67.79694	128.4811	0.05	0.8421554	0.202033	0.218709	0.0208486	0.218237	0.076979	0.104492	0.423568	0.967984	2.50396	1	0.7368073
2314000	62.07083	-67.33352	129.4044	0.05	2.223279	0.099219	0.0209711	0.05987	0.262169	0.0683126	0.318546	0.676834	1.07469	1.92993	1	0.510542
2315000	60.58444	-66.80969	127.3941	0.05	0.4512159	0.116048	0.274026	0.0425017	0.254262	0.205818	0.0247428	0.218881	0.781249	2.97513	1	0.8926561
2316000	62.98151	-64.67663	127.6581	0.05	0.3777057	0.316968	0.0503578	0.166562	0.245891	0.0758335	0.0136339	0.164916	0.705983	3.11547	1	0.8556123
2317000	64.1012	-64.28109	128.3823	0.05	0.1032572	0.238325	0.0786526	0.00818855	0.307849	0.198648	8.149e-07	0.00134081	0.102614	3.89604	1	0.8316627
2318000	67.61318	-65.33459	132.9478	0.05	0.0921421	0.108602	0.0613133	0.00996612	0.149316	0.042326	1.6163e-07	0.000597753	0.0734222	3.92598	1	0.3715243
2319000	66.67405	-63.86013	130.5342	0.05	0.2361309	0.27204	0.00521304	0.0108284	0.219098	0.0965696	0.00152717	0.0568731	0.471311	3.47029	1	0.603749
2320000	66.3176	-65.12185	131.4395	0.05	0.07407711	0.32045	0.0160817	0.0389215	0.154332	0.0134865	4.13387e-09	9.57452e-05	0.034334	3.96557	1	0.5432721
2321000	64.75225	-63.27634	128.0286	0.05	0.02371159	0.491114	0.0123106	0.113111	0.229786	0.029367	2.27276e-26	2.25457e-13	9.02684e-06	3.99999	1	0.8756886
2322000	62.71847	-68.14612	130.8646	0.05	3.026722	0.203301	0.0422761	0.00964072	0.0389079	0.0422172	0.391319	0.732997	1.08264	1.79304	1	0.3363429
2323000	60.51073	-69.72347	130.2342	0.05	0.9875275	0.170092	0.0180664	0.151359	0.140939	0.0718338	0.134459	0.472971	0.997902	2.39467	1	0.5522903
2324000	57.13981	-65.05303	122.1928	0.05	0.9386104	0.569879	0.0469252	0.294165	0.287266	0.149802	0.124548	0.457489	0.989033	2.42893	1	1.348037
2325000	66.83353	-64.99838	131.8319	0.05	2.33065	0.164329	0.0380995	0.0109976	0.0521707	0.0718003	0.329789	0.686123	1.07642	1.90766	1	0.3373976
2326000	62.42753	-65.69354	128.1211	0.05	1.028439	0.165594	0.0512099	0.173349	0.252173	0.104605	0.142593	0.485136	1.00456	2.36771	1	0.7469308
2327000	63.62443	-67.77303	131.3975	0.05	1.538768	0.0970007	0.0835815	0.0285122	0.119001	0.0507701	0.23125	0.594885	1.05262	2.12125	1	0.3788658
2328000	63.77036	-69.83103	133.6014	0.05	1.593288	0.122632	0.0155327	0.100182	0.0453299	0.00301118	0.23938	0.603382	1.05546	2.10178	1	0.2866877
2329000	62.18791	-64.70033	126.8882	0.05	1.686941	0.380619	0.0529411	0.0895837	0.253924	0.062078	0.252811	0.616979	1.05974	2.07047	1	0.8391455
2330000	70.13247	-64.76199	134.8945	0.05	0.05210013	0.119798	0.0182645	0.033496	0.052148	0.00583824	1.54735e-12	1.8558e-06	0.0066813	3.99332	1	0.2295447
2331000	63.79583	-66.24542	130.0412	0.05	0.06269797	0.0867346	0.152918	0.153867	0.105751	0.164415	1.38709e-10	1.75551e-05	0.0169777	3.983	1	0.6636861
2332000	66.01051	-65.95197	131.9625	0.05	0.0178758	0.214587	0.0906607	0.0933512	0.0676564	0.0198784	1.16891e-34	1.6177e-17	1.72111e-07	4	1	0.4861332
2333000	60.79199	-67.03661	127.8286	0.05	0.1560635	0.13926	0.0348714	0.104663	0.534907	0.03728	7.59403e-05	0.0128626	0.26003	3.72703	1	0.8509815
2334000	65.93082	-66.33452	132.2653	0.05	2.182247	0.216662	0.0311512	0.0110701	0.0666281	0.0508164	0.3141	0.673092	1.07395	1.93886	1	0.3763275
2335000	62.74939	-64.50153	127.2509	0.05	0.05356147	0.333407	0.128846	0.204324	0.127691	0.136085	3.19718e-12	2.66727e-06	0.00776666	3.99223	1	0.930354
2336000	63.11508	-64.89964	128.0147	0.05	0.02404983	0.0593833	0.240284	0.139784	0.169135	0.25522	5.17166e-26	3.40087e-13	1.07057e-05	3.99999	1	0.863806
2337000	66.06714	-64.70441	130.7716	0.05	0.02989597	0.125781	0.0138124	0.0558536	0.26715	0.135037	4.06021e-21	9.52423e-11	0.000110934	3.99989	1	0.5976337
2338000	52.83569	-69.64828	122.484	0.05	1.321094	0.106178	0.0709334	0.012319	0.738958	0.372197	0.196316	0.55579	1.03793	2.20997	1	1.300585
2339000	64.74424	-64.68118	129.4254	0.05	0.04621772	0.00268058	0.150208	0.0738723	0.365438	0.145518	5.23889e-14	3.41642e-07	0.00331056	3.99669	1	0.7377173
2340000	58.61594	-67.32542	125.9414	0.05	0.3235167	0.402022	0.125643	0.162035	0.131976	0.232696	0.00739564	0.12287	0.633262	3.23647	1	1.054372
2341000	65.68786	-67.0158	132.7037	0.05	0.05933188	0.0369088	0.0965286	0.088217	0.110169	0.0647531	3.95879e-11	9.38114e-06	0.0130893	3.9869	1	0.3965765
2342000	60.64946	-66.38037	127.0298	0.05	0.3346647	0.269291	0.0988517	0.165319	0.136816	0.263544	0.00852383	0.131594	0.649679	3.2102	1	0.9338223
2343000	65.64273	-64.69672	130.3394	0.05	0.03205003	0.20965	0.168162	0.00600061	0.117022	0.132614	9.15975e-20	4.5229e-10	0.000211731	3.99979	1	0.6334494
2344000	62.98705	-68.37531	131.3624	0.05	1.82402	0.226325	0.00133102	0.0784768	0.0678615	0.0488647	0.271323	0.634893	1.06489	2.02889	1	0.4228593
2345000	57.90347	-66.73442	124.6379	0.05	0.1387998	0.306694	0.108753	0.483198	0.178469	0.12108	2.52217e-05	0.00743011	0.207843	3.7847	1	1.198193
2346000	59.50377	-65.38123	124.885	0.05	0.02769608	0.443525	0.0919721	0.166954	0.23668	0.240241	1.02122e-22	1.51077e-11	5.16747e-05	3.99995	1	1.179372
2347000	58.93266	-66.79299	125.7256	0.05	0.7023469	0.366854	0.161505	0.114049	0.335928	0.0422305	0.0746896	0.364635	0.925735	2.63494	1	1.020567
2348000	64.16118	-67.47817	131.6393	0.05	0.2632343	0.0161198	0.0271883	0.113436	0.181924	0.13276	0.00278677	0.0764003	0.528576	3.39224	1	0.4714281
2349000	66.51399	-65.29952	131.8135	0.05	0.1468747	0.148706	0.0512287	0.0586005	0.183852	0.0313211	4.36231e-05	0.00976129	0.23238	3.75782	1	0.4737083
2350000	62.82241	-66.94519	129.7676	0.05	0.2735226	0.193249	0.122647	0.0474129	0.268575	0.0573601	0.00339373	0.0841283	0.548539	3.36394	1	0.6892432
2351000	63.87103	-66.40315	130.2742	0.05	0.1053855	0.067759	0.0992364	0.0922723	0.204281	0.185168	1.06835e-06	0.0015349	0.108519	3.88995	1	0.6487165
2352000	67.5279	-66.51083	134.0387	0.05	0.08838283	0.122193	0.00747031	0.0451359	0.0181296	0.0786187	8.52838e-08	0.000434349	0.0643138	3.93525	1	0.2715475
2353000	58.96346	-64.52252	123.486	0.05	0.534627	0.630843	0.0321527	0.185933	0.26737	0.149109	0.0399714	0.273921	0.843916	2.84219	1	1.265407
2354000	65.32833	-66.26361	131.5919	0.05	0.07722	0.088442	0.111601	0.0317274	0.189068	0.0807033	8.84962e-09	0.000140051	0.0402063	3.95965	1	0.501542
2355000	62.89103	-66.20222	129.0932	0.05	3.529247	0.127452	0.0648311	0.033884	0.11195	0.0989557	0.42647	0.757176	1.08412	1.73223	1	0.4370727
2356000	69.23521	-64.2011	133.4363	0.05	0.07662051	0.207416	0.0214178	0.0355854	0.0668073	0.0148189	7.69069e-09	0.000130565	0.0390526	3.96082	1	0.3460455
2357000	65.77571	-64.63742	130.4131	0.05	0.0669308	0.289623	0.0868975	0.132987	0.0503393	0.0736833	5.61155e-10	3.52972e-05	0.0226884	3.97728	1	0.6335302
2358000	61.67863	-65.99295	127.6716	0.05	3.549228	0.161639	0.0311366	0.000144206	0.175154	0.193743	0.427743	0.758021	1.08415	1.73009	1	0.561816
2359000	65.43677	-63.36752	128.8043	0.05	0.04562853	0.455319	0.010628	0.180372	0.128923	0.0224067	3.55692e-14	2.81521e-07	0.00305509	3.99694	1	0.7976486
2360000	66.76294	-65.50578	132.2687	0.05	0.8825607	0.206122	0.0258094	0.0428929	0.0737819	0.0519549	0.112968	0.438366	0.977446	2.47122	1	0.4005607
2361000	61.53261	-65.5992	127.1318	0.05	0.6836278	0.0758372	8.41288e-05	0.150502	0.401153	0.250313	0.0706951	0.355702	0.918647	2.65496	1	0.877889
2362000	64.02257	-65.25728	129.2799	0.05	0.2111153	0.216068	0.0976469	0.00876244	0.112519	0.263128	0.000764037	0.0404239	0.41204	3.54677	1	0.6981242
2363000	65.65161	-66.13313	131.7847	0.05	0.4186106	0.0760622	0.0347765	0.0615042	0.149209	0.133165	0.0194883	0.195516	0.750659	3.03434	1	0.4547167
2364000	66.32282	-65.22833	131.5512	0.05	1.858189	0.253562	0.0370536	0.0139441	0.0822483	0.0259223	0.275738	0.639034	1.066	2.01923	1	0.4127302
2365000	61.14167	-67.76329	128.905	0.05	0.06691975	0.158419	0.365143	0.0203439	0.144152	0.0995809	5.5924e-10	3.52369e-05	0.0226723	3.97729	1	0.7876393
2366000	66.55818	-65.50319	132.0614	0.05	0.0472611	0.115331	0.0163465	0.15549	0.157903	0.0477535	1.01566e-13	4.75651e-07	0.00379779	3.9962	1	0.4928243
2367000	68.60139	-65.02362	133.625	0.05	0.1143443	0.221061	0.0142503	0.0446676	0.0352242	0.0280472	2.99022e-06	0.00256557	0.134193	3.86324	1	0.3432505
2368000	63.56658	-67.57199	131.1386	0.05	0.02747019	0.0349754	0.0997803	0.0838655	0.241908	0.0959455	6.76682e-23	1.22981e-11	4.74461e-05	3.99995	1	0.5564749
2369000	69.62674	-65.16714	134.7939	0.05	0.128886	0.0654851	0.0093193	0.0271672	0.0599821	0.0497863	1.17162e-05	0.00507022	0.177677	3.81724	1	0.21174
2370000	63.26629	-66.80273	130.069	0.05	0.08325088	0.194571	0.0743265	0.208605	0.202504	0.00619782	3.2457e-08	0.000268073	0.0526426	3.94709	1	0.6862048
2371000	66.91783	-65.9537	132.8715	0.05	1.506321	0.263767	0.0359802	0.0407336	0.0226078	0.0209342	0.226297	0.589605	1.05079	2.13331	1	0.3840231
2372000	68.77618	-63.97907	132.7552	0.05	0.02001544	0.171694	0.0211453	0.00126986	0.116379	0.0891347	4.65604e-31	1.02079e-15	9.61161e-07	4	1	0.3996228
2373000	59.93872	-65.72057	125.6593	0.05	1.684683	0.706635	0.0740246	0.069475	0.156903	0.00390306	0.252495	0.616665	1.05965	2.07119	1	1.010941
2374000	66.74246	-65.11625	131.8587	0.05	0.1298931	0.146321	0.0133614	0.113662	0.204387	0.0105071	1.27332e-05	0.00528506	0.180733	3.81397	1	0.4882384
2375000	62.35285	-67.81586	130.1687	0.05	0.6606136	0.0918171	0.0803249	0.142951	0.149593	0.140305	0.0658035	0.344338	0.90935	2.68051	1	0.6049915
2376000	64.18641	-66.99717	131.1836	0.05	0.8408474	0.244812	0.00878185	0.14626	0.104292	0.0134604	0.104216	0.423074	0.967661	2.50505	1	0.5176064
2377000	62.05032	-65.07825	127.1286	0.05	0.09182695	0.0968405	0.151756	0.0677559	0.366755	0.261701	1.53504e-07	0.000582549	0.0726419	3.92678	1	0.944809
2378000	63.15593	-67.79097	130.9469	0.05	0.2808642	0.0442501	0.00690317	0.0516324	0.233456	0.222725	0.00387172	0.0897179	0.562222	3.34419	1	0.5589669
2379000	65.80666	-64.82114	130.6278	0.05	0.04856842	0.262298	0.0533042	0.18458	0.0803481	0.0424021	2.23642e-13	7.05737e-07	0.00447332	3.99553	1	0.6229321
2380000	67.08653	-66.32368	133.4102	0.05	0.07945571	0.111945	0.0147523	0.144629	0.0461737	0.0377521	1.46605e-08	0.000180225	0.044644	3.95518	1	0.355252
2381000	63.90404	-64.64688	128.5509	0.05	0.5830695	0.531513	0.0280597	0.00796384	0.121462	0.121611	0.0496359	0.302729	0.872429	2.77521	1	0.8106096
2382000	65.86334	-65.8425	131.7058	0.05	0.1437574	0.0277462	0.0053614	0.144308	0.204688	0.123514	3.55659e-05	0.00881752	0.222924	3.76822	1	0.5056171
2383000	55.92134	-66.9835	122.9048	0.05	1.045521	0.150256	0.0783778	0.340077	0.556543	0.171438	0.145946	0.490019	1.00715	2.35688	1	1.296691
2384000	61.21464	-68.0794	129.294	0.05	0.1274819	0.102635	0.0687583	0.109201	0.100203	0.37278	1.04096e-05	0.00477992	0.173421	3.82179	1	0.7535775
2385000	65.92052	-65.94451	131.865	0.05	0.01104179	0.0141371	0.0542996	0.0363383	0.271749	0.119558	1.67075e-55	6.11957e-28	8.13799e-12	4	1	0.4960817
2386000	63.10354	-65.66094	128.7645	0.05	0.1646776	0.406327	0.151176	0.0696672	0.110252	0.0495675	0.000120703	0.0161957	0.285523	3.69816	1	0.7869893
2387000	60.76325	-66.23799	127.0012	0.05	0.2428657	0.155546	0.208562	0.241766	0.234336	0.111622	0.00179577	0.0615883	0.486197	3.45042	1	0.9518317
2388000	63.69079	-66.07637	129.7672	0.05	0.01579405	0.116119	0.144995	0.315777	0.0959705	0.0284433	4.25287e-39	9.75948e-20	2.06413e-08	4	1	0.7013044
2389000	62.05883	-71.49583	133.5547	0.05	0.6910275	0.0626595	0.042608	0.0445833	0.117144	0.010453	0.0722728	0.359266	0.921498	2.64696	1	0.2774483
2390000	60.61011	-64.96758	125.5777	0.05	2.072035	0.298689	0.037903	0.0553862	0.351119	0.194949	0.301725	0.662461	1.07169	1.96412	1	0.938046
2391000	62.3948	-64.96277	127.3576	0.05	0.3524987	0.476664	0.0280619	0.0615071	0.288437	0.0507468	0.0104998	0.145497	0.674304	3.1697	1	0.9054173
2392000	64.89735	-68.10536	133.0027	0.05	0.4525316	0.0940006	0.0643814	0.0038312	0.140407	0.0209187	0.0249645	0.219802	0.782401	2.97283	1	0.3235388
2393000	65.84618	-64.96487	130.8111	0.05	4.236797	0.19948	0.0264363	0.0401228	0.03567	0.00693342	0.466916	0.783019	1.0843	1.66577	1	0.3086421
2394000	62.8112	-66.7198	129.531	0.05	0.3642011	0.170668	0.0179515	0.142851	0.151261	0.202263	0.0119066	0.154554	0.689443	3.1441	1	0.6849955
2395000	67.88532	-66.2263	134.1116	0.05	0.04752924	0.0712438	0.0175358	0.084285	0.0850233	0.0382298	1.19839e-13	5.16659e-07	0.00393037	3.99607	1	0.2963177
2396000	59.87552	-69.0446	128.9201	0.05	1.667062	0.278657	0.033024	0.0459772	0.153033	0.118502	0.250015	0.614192	1.05889	2.0769	1	0.6291932
2397000	69.49329	-65.25398	134.7473	0.05	0.06295175	0.114363	0.00878335	0.0598617	0.00807623	0.0436755	1.51634e-10	1.83544e-05	0.0172945	3.98269	1	0.2347602
2398000	65.01046	-66.1282	131.1387	0.05	0.5280267	0.220464	0.0919389	0.0133619	0.0524896	0.162189	0.0386926	0.269819	0.839637	2.85185	1	0.5404439
2399000	56.39443	-66.76969	123.1641	0.05	3.146155	0.217246	0.0548538	0.135873	0.367652	0.267231	0.400262	0.739312	1.08315	1.77728	1	1.042855
2400000	64.03957	-65.03811	129.0777	0.05	0.06342071	0.179996	0.130965	0.20501	0.131027	0.0953628	1.78436e-10	1.99098e-05	0.0178884	3.98209	1	0.742361
2401000	66.51494	-65.36436	131.8793	0.05	0.1307426	0.0754085	0.0597575	0.0216649	0.235546	0.0738791	1.36457e-05	0.00547061	0.183314	3.8112	1	0.466256
2402000	62.01972	-65.18192	127.2016	0.05	0.06931476	0.347735	0.026018	0.0501147	0.188714	0.332846	1.14364e-09	5.03798e-05	0.0262997	3.97365	1	0.9454279
2403000	59.23136	-69.41955	128.6509	0.05	1.176052	0.17256	0.170605	0.123251	0.245538	0.0189767	0.170686	0.52395	1.02399	2.28138	1	0.7309293
2404000	63.09277	-64.39732	127.4901	0.05	0.09715524	0.164669	0.00115262	0.136627	0.296544	0.309323	3.51015e-07	0.000880491	0.0862099	3.91291	1	0.9083152
2405000	59.1016	-68.19905	127.3007	0.05	1.033527	0.134624	0.0138519	0.0956603	0.175238	0.421641	0.143595	0.486602	1.00534	2.36446	1	0.8410153
2406000	64.77321	-65.4769	130.2501	0.05	0.1507847	0.138375	0.0538643	0.0959838	0.099887	0.251848	5.56874e-05	0.0110229	0.244192	3.74473	1	0.6399584
2407000	60.02079	-64.80367	124.8245	0.05	0.01455256	0.226227	0.0529302	0.523492	0.339905	0.0529539	2.38123e-42	2.30958e-21	4.365e-09	4	1	1.195508
2408000	64.4115	-63.86529	128.2768	0.05	0.1643797	0.317248	0.0456127	0.0562169	0.315929	0.0845292	0.000118881	0.0160737	0.28465	3.69916	1	0.8195351
2409000	66.47739	-63.83136	130.3087	0.05	0.02220134	0.271873	0.00891	0.185489	0.0801934	0.10707	4.26035e-28	3.08721e-14	3.95565e-06	4	1	0.6535354
2410000	64.43476	-65.03853	129.4733	0.05	0.369946	0.262893	0.102962	0.0665897	0.233416	0.0588719	0.0126281	0.158975	0.696597	3.1318	1	0.7247323
2411000	67.73271	-65.88853	133.6212	0.05	0.2409543	0.0957358	0.0451001	0.0494446	0.0792017	0.0368712	0.00171665	0.0602396	0.482017	3.45603	1	0.3063534
2412000	65.55827	-64.10115	129.6594	0.05	0.02578142	0.15526	0.109515	0.0216806	0.397875	0.00912525	2.48249e-24	2.35588e-12	2.39004e-05	3.99998	1	0.6934569
2413000	64.23475	-66.59173	130.8265	0.05	1.085893	0.142622	0.0188989	0.0381459	0.26241	0.0649942	0.153766	0.501129	1.01289	2.33221	1	0.5270709
2414000	65.01339	-66.98669	132.0001	0.05	0.2756081	0.180677	0.00707256	0.160751	0.0187859	0.0922567	0.00352568	0.0857104	0.552473	3.35829	1	0.4595426
2415000	63.11162	-67.11653	130.2281	0.05	0.1970656	0.062134	0.121032	0.189877	0.158892	0.108954	0.000479297	0.0321	0.375956	3.59146	1	0.6408886
2416000	65.74968	-67.44656	133.1962	0.05	0.4433666	0.227622	0.0226241	0.0859361	0.0697442	7.165e-05	0.0234353	0.213347	0.774247	2.98897	1	0.4059976
2417000	65.74907	-65.80063	131.5497	0.05	0.216368	0.353247	0.00335847	0.044185	0.0673933	0.0511535	0.000895475	0.0437195	0.425013	3.53037	1	0.5193373
2418000	63.77561	-65.65013	129.4257	0.05	0.1699644	0.300266	0.0172568	0.108167	0.0611605	0.209689	0.000156713	0.018439	0.30091	3.68049	1	0.6965385
2419000	55.58818	-68.40218	123.9904	0.05	0.6933676	0.340508	0.0295032	0.0904119	0.509778	0.214001	0.0727722	0.360384	0.922386	2.64446	1	1.184203
2420000	61.35606	-66.56967	127.9257	0.05	0.3561893	0.160051	0.170735	0.00648187	0.259647	0.253818	0.0109342	0.14836	0.679162	3.16154	1	0.8507331
2421000	63.80501	-66.04408	129.8491	0.05	0.02787128	0.0640679	0.102886	0.244051	0.134222	0.151104	1.39879e-22	1.7681e-11	5.51597e-05	3.99994	1	0.6963308
2422000	64.38065	-65.27965	129.6603	0.05	0.03578065	0.227187	0.0854665	0.256821	0.079346	0.0493511	8.32153e-18	4.30961e-09	0.00053948	3.99946	1	0.698171
2423000	62.01963	-67.27646	129.2961	0.05	1.148464	0.118254	0.000887073	0.0536048	0.223257	0.241864	0.16559	0.517241	1.02082	2.29635	1	0.6378675
2424000	63.36355	-64.91195	128.2755	0.05	0.08653803	0.519064	0.0936089	0.0224134	0.112924	0.0828659	6.10632e-08	0.000367592	0.0600117	3.93962	1	0.8308758
2425000	66.2688	-64.99885	131.2676	0.05	0.05037129	0.251616	0.101383	0.0171886	0.0616551	0.128379	6.21009e-13	1.17584e-06	0.00552871	3.99447	1	0.560222
2426000	64.49626	-66.74658	131.2428	0.05	0.6222044	0.0666589	0.0120123	0.117851	0.203666	0.0983526	0.0577176	0.324392	0.892237	2.72565	1	0.4985405
2427000	61.80451	-65.40373	127.2082	0.05	0.09224838	0.225556	0.141874	0.0511084	0.261062	0.277139	1.64453e-07	0.000602945	0.073686	3.92571	1	0.9567389
2428000	65.73304	-64.83668	130.5697	0.05	0.1010169	0.180536	0.0880007	0.0530498	0.23963	0.0644806	6.0527e-07	0.00115579	0.0964952	3.90235	1	0.6256969
2429000	65.78974	-64.30554	130.0953	0.05	0.1005383	0.200274	0.0479009	0.116286	0.281513	0.0135966	5.67039e-07	0.00111875	0.095202	3.90368	1	0.6595705
2430000	58.03102	-69.02937	127.0604	0.05	1.838209	0.0732494	0.145341	0.114342	0.198625	0.284261	0.273166	0.636627	1.06536	2.02485	1	0.8158182
2431000	63.54334	-65.7281	129.2714	0.05	0.01487299	0.158528	0.139072	0.252059	0.0845872	0.119824	1.85393e-41	6.44417e-21	6.68229e-09	4	1	0.7540712
2432000	62.93223	-67.28751	130.2197	0.05	0.1434269	0.00681472	0.198137	0.125432	0.145866	0.160728	3.47859e-05	0.00872068	0.22192	3.76932	1	0.6369772
2433000	61.32035	-65.82275	127.1431	0.05	1.043028	0.245793	0.0939399	0.213386	0.211033	0.105481	0.145459	0.489314	1.00678	2.35845	1	0.8696332
2434000	66.78399	-64.63039	131.4144	0.05	0.09065928	0.243624	0.0369941	0.0833528	0.167198	0.0131262	1.26402e-07	0.000528683	0.0697769	3.92969	1	0.5442947
2435000	63.82342	-65.88186	129.7053	0.05	0.6920101	0.143268	0.00632514	0.112311	0.280988	0.126851	0.0724825	0.359736	0.921871	2.64591	1	0.6697429
2436000	66.42372	-66.62186	133.0456	0.05	0.1944143	0.0751832	0.00287471	0.109503	0.128669	0.0705359	0.000435608	0.0306165	0.368923	3.60003	1	0.3867657
2437000	64.38489	-67.50411	131.889	0.05	0.1813944	0.0872352	0.172272	0.0227874	0.0701759	0.148295	0.000261578	0.0237783	0.333389	3.64257	1	0.5007656
2438000	65.00941	-67.62925	132.6387	0.05	1.506713	0.306747	0.0326181	0.0722947	0.00215658	0.0219367	0.226358	0.58967	1.05081	2.13316	1	0.435753
2439000	59.71994	-65.52916	125.2491	0.05	0.01545669	0.155418	0.164214	0.420514	0.273727	0.140275	6.26199e-40	3.74502e-20	1.3871e-08	4	1	1.154148
2440000	61.67361	-67.33745	129.0111	0.05	0.2480491	0.143218	0.0798159	0.0669015	0.332273	0.140194	0.00202208	0.0652847	0.497353	3.43534	1	0.7624033
2441000	67.59584	-66.19052	133.7864	0.05	0.1699507	0.104864	0.0346277	0.062924	0.0623617	0.0357141	0.00015661	0.018433	0.30087	3.68054	1	0.300492
2442000	68.16287	-65.87803	134.0409	0.05	0.5470281	0.0870757	0.0306174	0.0133529	0.0907428	0.0328391	0.0424012	0.281513	0.851686	2.8244	1	0.254628
2443000	62.10118	-66.23181	128.333	0.05	0.06406831	0.200509	0.341145	0.0426548	0.0133158	0.227937	2.22532e-10	2.2233e-05	0.018727	3.98125	1	0.8255613
2444000	66.52284	-64.87034	131.3932	0.05	0.06598002	0.0961292	0.0417667	0.11699	0.198278	0.061769	4.16417e-10	3.04087e-05	0.0213268	3.97864	1	0.5149325
2445000	63.30391	-65.69452	128.9984	0.05	2.336031	0.204189	0.113358	0.000521782	0.102392	0.159514	0.330339	0.68657	1.0765	1.90659	1	0.5799741
2446000	59.95215	-67.95769	127.9098	0.05	0.2335733	0.0482704	0.210467	0.260207	0.334299	0.0285742	0.00143252	0.0551107	0.465541	3.47792	1	0.8818179
2447000	65.82431	-67.54218	133.3665	0.05	1.776401	0.12381	0.0114027	0.0588067	0.0503874	0.0183625	0.26504	0.628915	1.06324	2.04281	1	0.2627695
2448000	61.02931	-67.01331	128.0426	0.05	0.007652379	0.115881	0.066051	0.00620463	0.309149	0.367543	1.1818e-79	5.14835e-40	7.92626e-17	4	1	0.8648288
2449000	65.16613	-64.43084	129.597	0.05	0.05603243	0.0674357	0.0392654	0.0979294	0.394984	0.120835	1.00065e-11	4.71774e-06	0.00984049	3.99015	1	0.7204498
2450000	63.46005	-70.25632	133.7164	0.05	0.1011105	0.0109869	0.0225494	0.146255	0.10601	0.0314786	6.12999e-07	0.00116314	0.0967487	3.90209	1	0.317279
2451000	61.05758	-67.61886	128.6764	0.05	2.233686	0.34271	0.097061	0.0694976	0.112048	0.0366518	0.31966	0.677766	1.07487	1.9277	1	0.657968
2452000	70.37888	-63.49752	133.8764	0.05	0.01362123	0.155591	0.0220941	0.0218001	0.0574164	0.0475962	3.53306e-45	8.897e-23	1.12991e-09	4	1	0.3044983
2453000	60.3398	-67.01685	127.3566	0.05	0.3651196	0.226185	0.0684846	0.231222	0.149249	0.252927	0.0120206	0.155262	0.690599	3.14212	1	0.9280671
2454000	61.51037	-65.04088	126.5512	0.05	0.2057104	0.0384658	0.0154563	0.218574	0.31879	0.388851	0.000643416	0.0371334	0.398396	3.56383	1	0.9801377
2455000	59.67666	-69.72274	129.3994	0.05	0.9851694	0.149051	0.0581388	0.0452451	0.348115	0.0175881	0.133985	0.472248	0.997499	2.39627	1	0.6181382
2456000	62.35257	-67.61495	129.9675	0.05	1.399839	0.0999035	0.0602537	0.0571552	0.212043	0.0992322	0.209427	0.570989	1.04395	2.17563	1	0.5285878
2457000	60.59799	-70.37424	130.9722	0.05	0.3900594	0.0831057	0.0545134	0.0524981	0.33113	0.070212	0.0153068	0.174292	0.720296	3.09011	1	0.5914592
2458000	62.13181	-72.00688	134.1387	0.05	0.4291353	0.0319016	0.060218	0.0691471	0.0378649	0.0417527	0.0211322	0.203165	0.760977	3.01473	1	0.2408842
2459000	63.34015	-67.63145	130.9716	0.05	0.001178258	0.0783279	0.132387	0.268837	0.0626565	0.0424977	0	3.65545e-256	1.54715e-106	4	1	0.5847062
2460000	57.62826	-64.92922	122.5575	0.05	0.08174411	0.264678	0.0249519	0.233291	0.439227	0.443934	2.38842e-08	0.000229991	0.0493991	3.95037	1	1.406082
2461000	60.96367	-67.83028	128.7939	0.05	0.03026466	0.0540436	0.00495412	0.377683	0.0705218	0.317493	7.14262e-21	1.2632e-10	0.000124724	3.99988	1	0.8246952
2462000	68.23046	-64.3763	132.6068	0.05	0.2622501	0.116832	0.00216957	0.0137963	0.162252	0.0988183	0.00273251	0.0756684	0.526617	3.39498	1	0.3938687
2463000	66.93179	-66.16679	133.0986	0.05	0.1062357	0.158951	0.000592261	0.0860251	0.0869371	0.0654601	1.18679e-06	0.00161761	0.110901	3.88748	1	0.3979654
2464000	62.18194	-64.39736	126.5793	0.05	0.09478251	0.157703	0.0163345	0.010963	0.475843	0.359993	2.45675e-07	0.000736779	0.0800721	3.91919	1	1.020836
2465000	62.787	-67.44962	130.2366	0.05	0.08960918	0.028586	0.111644	0.155473	0.190202	0.164815	1.05683e-07	0.000483461	0.0672363	3.93228	1	0.6507199
2466000	62.05766	-66.74267	128.8003	0.05	0.2844662	0.0611031	0.0950855	0.171503	0.113377	0.32936	0.00412003	0.0924792	0.568769	3.33463	1	0.7704279
2467000	65.71369	-65.10115	130.8148	0.05	1.113711	0.154615	0.0478981	0.0117091	0.162819	0.139188	0.159068	0.508451	1.01655	2.31593	1	0.5162289
2468000	65.04509	-65.87889	130.924	0.05	0.06624596	0.148265	0.0900581	0.150448	0.0993934	0.0903527	4.53044e-10	3.17171e-05	0.0217031	3.97827	1	0.5785173
2469000	66.28367	-66.35914	132.6428	0.05	0.06140934	0.0995459	0.018428	0.178309	0.119232	0.00725505	8.72357e-11	1.39234e-05	0.0154205	3.98457	1	0.4227702
2470000	60.04762	-69.55272	129.6003	0.05	1.316786	0.122318	0.0673917	0.110483	0.272126	0.00609397	0.195583	0.554919	1.03757	2.21193	1	0.5784129
2471000	68.07141	-66.27141	134.3428	0.05	0.1361576	0.0571344	0.0307538	0.00836498	0.0575274	0.089466	2.07861e-05	0.00674743	0.199794	3.79344	1	0.2432467
2472000	64.71686	-66.57821	131.2951	0.05	0.3708104	0.0444882	0.0411894	0.108539	0.171122	0.139923	0.0127384	0.159639	0.697658	3.12996	1	0.505261
2473000	64.82521	-64.62364	129.4488	0.05	1.401457	0.262943	0.0486195	0.0144017	0.136414	0.138232	0.20969	0.571287	1.04407	2.17495	1	0.6006104
2474000	62.24954	-67.92251	130.1721	0.05	2.17934	0.199365	0.0376787	0.0738802	0.0966991	0.0483595	0.313782	0.672823	1.07389	1.9395	1	0.4559827
2475000	60.36372	-66.55484	126.9186	0.05	0.05609137	0.321159	0.425227	0.122255	0.0813016	0.0203149	1.02699e-11	4.77942e-06	0.00989368	3.9901	1	0.9702567
2476000	69.01901	-63.38093	132.3999	0.05	0.0601295	0.214345	0.023142	0.0565523	0.122472	0.0276095	5.39647e-11	1.09522e-05	0.0139581	3.98603	1	0.4441216
2477000	67.85991	-65.04973	132.9096	0.05	0.09973183	0.0740084	0.00503259	0.0698322	0.189441	0.0475823	5.07276e-07	0.00105823	0.0930342	3.90591	1	0.3858961
2478000	64.60789	-64.75168	129.3596	0.05	0.08845334	0.159193	0.0991128	0.0136942	0.258583	0.191862	8.63558e-08	0.000437068	0.0644805	3.93508	1	0.7224442
2479000	58.488	-68.85609	127.3441	0.05	1.681077	0.0861305	0.217384	0.0142775	0.373927	0.0954603	0.251989	0.616162	1.0595	2.07235	1	0.7871793
2480000	66.67491	-66.40809	133.083	0.05	0.1985876	0.166893	0.000975596	0.0595696	0.0707062	0.0480415	0.000505743	0.0329647	0.379962	3.58657	1	0.3461863
2481000	59.83037	-65.99161	125.822	0.05	1.055706	0.377117	0.0757253	0.076653	0.169171	0.288457	0.147933	0.492878	1.00865	2.35054	1	0.9871221
2482000	69.31185	-64.02547	133.3373	0.05	0.1091902	0.123594	0.00762574	0.0607433	0.107213	0.0408521	1.68856e-06	0.00192894	0.119276	3.87879	1	0.3400286
2483000	65.76401	-67.2328	132.9968	0.05	0.3718798	0.0898741	0.00424405	0.0501175	0.0936113	0.0971957	0.0128754	0.160459	0.698965	3.1277	1	0.3350427
2484000	64.4664	-65.44263	129.909	0.05	0.09226909	0.195288	0.122097	0.151137	0.133472	0.0897113	1.65009e-07	0.000603961	0.0737374	3.92566	1	0.6917055
2485000	66.15775	-65.15307	131.3108	0.05	0.09692789	0.138455	0.0508164	0.0867838	0.164047	0.096852	3.39473e-07	0.000865913	0.0856155	3.91352	1	0.5369542
2486000	65.03092	-65.3844	130.4153	0.05	0.1196829	0.195326	0.0335114	0.127859	0.146413	0.147781	5.13107e-06	0.00335884	0.14997	3.84667	1	0.6508915
2487000	68.09675	-64.63829	132.735	0.05	0.1105054	0.162451	0.00537058	0.0827111	0.152206	0.0162922	1.96358e-06	0.00207983	0.123047	3.87487	1	0.4190312
2488000	67.72797	-64.21905	131.947	0.05	0.09372507	0.242521	0.00488192	0.0595705	0.121847	0.0358196	2.08338e-07	0.000678552	0.0773853	3.92194	1	0.4646403
2489000	67.51361	-66.56462	134.0782	0.05	0.1038712	0.105518	0.00573664	0.0853621	0.0547833	0.0103721	8.82125e-07	0.00139493	0.104309	3.8943	1	0.2617726
2490000	64.13607	-65.20861	129.3447	0.05	0.1508028	0.545039	0.00439241	0.101346	0.0614897	0.024221	5.57487e-05	0.0110289	0.244247	3.74467	1	0.7364885
2491000	67.39724	-65.74605	133.1433	0.05	0.1391778	0.184609	0.0273267	0.0732163	0.0482651	0.0512911	2.59136e-05	0.00753098	0.208994	3.78345	1	0.3847078
2492000	66.67952	-66.42227	133.1018	0.05	0.01317822	0.0403611	0.0248568	0.0686577	0.168838	0.071146	1.1543e-46	1.60822e-23	5.55561e-10	4	1	0.3738595
2493000	62.54703	-67.75415	130.3012	0.05	0.326491	0.0862153	0.161706	0.00321657	0.305933	0.0605033	0.00768842	0.125198	0.637723	3.22939	1	0.6175744
2494000	63.49195	-67.80849	131.3004	0.05	0.0435169	0.160605	0.0475644	0.0221021	0.323374	0.00505762	8.14624e-15	1.3475e-07	0.00225043	3.99775	1	0.5587032
2495000	60.94105	-66.21834	127.1594	0.05	0.8876201	0.333375	0.0332559	0.195827	0.287528	0.0302857	0.114022	0.440157	0.978561	2.46726	1	0.8802715
2496000	68.1481	-63.8167	131.9648	0.05	0.06426952	0.212384	0.0718121	0.0310777	0.118116	0.052721	2.38121e-10	2.29982e-05	0.0189919	3.98099	1	0.4861106
2497000	67.20525	-63.98568	131.1909	0.05	0.04792534	0.275277	0.00379027	0.0891905	0.00600574	0.193248	1.52498e-13	5.82803e-07	0.00413181	3.99587	1	0.5675118
2498000	61.19375	-66.35446	127.5482	0.05	0.2609762	0.113041	0.0126217	0.371578	0.260441	0.14546	0.00266326	0.0747234	0.524068	3.39854	1	0.9031411
2499000	66.84697	-65.60528	132.4522	0.05	0.05715205	0.103608	0.138122	0.0257596	0.128583	0.0386279	1.6244e-11	6.01035e-06	0.0108809	3.98911	1	0.4347007
2500000	61.80832	-67.27585	129.0842	0.05	0.003131197	0.087351	0.250834	0.198314	0.169974	0.0752217	2.95926e-193	8.15006e-97	2.11315e-40	4	1	0.7816944
2501000	68.9444	-63.77618	132.7206	0.05	0.05180182	0.170522	0.0124477	0.0498181	0.139171	0.055344	1.3276e-12	1.71902e-06	0.00647237	3.99353	1	0.4273028
2502000	66.36383	-64.64026	131.0041	0.05	0.01183651	0.333934	0.0903292	0.0218356	0.112284	0.0444313	7.6517e-52	4.14109e-26	4.67911e-11	4	1	0.6028147
2503000	67.23262	-66.21121	133.4438	0.05	0.1364183	0.188379	0.053673	0.0209219	0.0427498	0.0442969	2.11937e-05	0.00681305	0.200588	3.79258	1	0.3500207
2504000	64.56832	-65.21764	129.786	0.05	0.02265266	0.313783	0.0137534	0.139702	0.133363	0.0763838	1.47808e-27	5.7501e-14	5.1204e-06	3.99999	1	0.6769859
2505000	64.1339	-67.37197	131.5059	0.05	0.05536382	0.166897	0.00596684	0.24937	0.0456018	0.047415	7.42278e-12	4.06351e-06	0.00924933	3.99075	1	0.5152506
2506000	55.39476	-65.96451	121.3593	0.05	0.5015284	0.644491	0.26291	0.22391	0.134768	0.235938	0.0336714	0.252913	0.821377	2.89204	1	1.502017
2507000	66.36929	-63.88705	130.2563	0.05	0.01697514	0.287644	0.0120309	0.0442286	0.131572	0.18968	1.90924e-36	2.06762e-18	7.32896e-08	4	1	0.6651558
2508000	63.32824	-68.43891	131.7672	0.05	0.4594339	0.0738143	0.121207	0.049917	0.179004	0.0188949	0.0261386	0.22461	0.788349	2.9609	1	0.4428373
2509000	65.23698	-67.08516	132.3221	0.05	0.500942	0.152009	0.00815669	0.0273621	0.081965	0.135704	0.0335625	0.25253	0.820953	2.89295	1	0.4051966
2510000	61.78847	-68.43335	130.2218	0.05	1.346707	0.446419	0.0791767	0.0504464	0.0409923	0.0029744	0.200641	0.560879	1.03999	2.19849	1	0.620009
2511000	65.06641	-68.88476	133.9512	0.05	0.08882997	0.0996708	0.0223116	0.0915632	0.0569365	0.0591165	9.22836e-08	0.000451805	0.0653737	3.93417	1	0.3295986
2512000	67.13569	-65.30032	132.436	0.05	0.02742177	0.182665	0.0978437	0.0580143	0.0597019	0.0306088	6.18994e-23	1.17623e-11	4.65771e-05	3.99995	1	0.4288332
2513000	66.85585	-65.53069	132.3865	0.05	0.343517	0.158961	0.0135703	0.00927201	0.119902	0.0820667	0.00947874	0.138507	0.662145	3.18987	1	0.3837724
2514000	63.16948	-64.31587	127.4853	0.05	0.08754369	0.318321	0.103855	0.0120765	0.356902	0.10831	7.33889e-08	0.000402951	0.0623426	3.93725	1	0.899464
2515000	69.283	-64.58144	133.8644	0.05	0.1161761	0.141542	0.0189814	0.00303292	0.0449703	0.0876757	3.6191e-06	0.00282195	0.139574	3.8576	1	0.2962023
2516000	63.0163	-65.51762	128.5339	0.05	0.2256091	0.167506	0.153131	0.0798074	0.362875	0.0295433	0.00116286	0.0497319	0.447153	3.50195	1	0.7928627
2517000	62.01615	-67.93669	129.9528	0.05	0.862615	0.300533	0.1282	0.0309369	0.0802407	0.14577	0.108796	0.431173	0.972901	2.48713	1	0.6856805
2518000	63.9645	-64.07534	128.0398	0.05	0.08479851	0.282929	0.0258638	0.023996	0.34598	0.178969	4.3973e-08	0.000311985	0.0560632	3.94362	1	0.8577381
2519000	64.0143	-66.41758	130.4319	0.05	0.03393963	0.0169776	0.104687	0.0332817	0.188606	0.291673	1.01766e-18	1.50733e-09	0.000348891	3.99965	1	0.6352259
2520000	59.5943	-68.01605	127.6104	0.05	1.478235	0.271119	0.227588	0.106319	0.0802949	0.105655	0.221941	0.584893	1.04912	2.14405	1	0.790977
2521000	64.47463	-68.95139	133.426	0.05	0.742055	0.160042	0.0343947	0.0210343	0.0318994	0.0406333	0.0831844	0.382715	0.939509	2.59459	1	0.288004
2522000	60.30907	-69.22537	129.5344	0.05	0.6456964	0.147489	0.0469858	0.299494	0.10425	0.0918828	0.0626493	0.336741	0.902954	2.69766	1	0.6901008
2523000	66.3757	-63.67997	130.0557	0.05	0.08478894	0.43759	0.035174	0.0231124	0.124536	0.0382594	4.3892e-08	0.000311698	0.0560418	3.94365	1	0.6586718
2524000	65.70421	-64.66759	130.3718	0.05	0.1291792	0.153218	0.0250286	0.0574048	0.181264	0.190724	1.20052e-05	0.0051322	0.178566	3.81629	1	0.6076393
2525000	63.97418	-69.12121	133.0954	0.05	0.03634582	0.0451492	0.02446	0.0157674	0.239456	0.0206108	1.51987e-17	5.82396e-09	0.000611272	3.99939	1	0.3454437
2526000	68.07185	-64.38976	132.4616	0.05	0.01939294	0.18788	0.0357771	0.0766274	0.020635	0.111961	5.04098e-32	3.35898e-16	6.06001e-07	4	1	0.4328805
2527000	65.32789	-66.60746	131.9353	0.05	1.107455	0.185787	0.0641909	0.0106944	0.0510873	0.150073	0.157882	0.506827	1.01575	2.31954	1	0.4618332
2528000	61.71476	-66.09559	127.8104	0.05	0.5714894	0.507439	0.0455869	0.132743	0.173855	0.0404499	0.0472862	0.296048	0.866046	2.79062	1	0.9000744
2529000	64.88457	-65.16256	130.0471	0.05	0.08017266	0.251018	0.124206	0.197304	0.0755201	0.0144309	1.7134e-08	0.000194825	0.046111	3.95369	1	0.6624787
2530000	65.47789	-64.82068	130.2986	0.05	0.0278481	0.135943	0.129613	0.127233	0.253903	0.00592072	1.34208e-22	1.73189e-11	5.46881e-05	3.99995	1	0.6526124
2531000	64.07579	-63.97321	128.049	0.05	0.01866417	0.291909	0.0463151	0.177462	0.303751	0.0485949	3.09287e-33	8.32067e-17	3.39604e-07	4	1	0.8680321
2532000	67.11352	-67.40891	134.5224	0.05	1.018706	0.0704962	0.0143523	0.0349053	0.0707852	0.02995	0.140671	0.482303	1.00303	2.37399	1	0.2204889
2533000	67.16735	-64.40734	131.5747	0.05	0.05815407	0.191315	0.0384091	0.0423237	0.227013	0.0174791	2.46679e-11	7.40599e-06	0.0118659	3.98813	1	0.5165403
2534000	66.91182	-65.0654	131.9772	0.05	0.1282693	0.175755	0.0485805	0.0666729	0.149231	0.0266766	1.11267e-05	0.00494139	0.175807	3.81924	1	0.4669163
2535000	59.35151	-69.09559	128.4471	0.05	0.08406118	0.427356	0.0146695	0.0571728	0.0846316	0.232155	3.81033e-08	0.000290436	0.0544225	3.94529	1	0.8159851
2536000	64.52807	-66.93239	131.4605	0.05	1.432889	0.181928	0.0863933	0.0216568	0.0436115	0.0855539	0.214767	0.576991	1.04622	2.16202	1	0.4191436
2537000	65.89578	-65.3498	131.2456	0.05	0.5645901	0.232947	0.00608094	0.0361347	0.148783	0.0693851	0.045897	0.292007	0.86212	2.79998	1	0.493331
2538000	66.1312	-66.28088	132.4121	0.05	0.005110084	0.0436746	0.0803596	0.119993	0.161666	0.0189963	8.52927e-119	1.3834e-59	5.97861e-25	4	1	0.4246898
2539000	63.91943	-67.93393	131.8534	0.05	0.3480555	0.181627	0.0322346	0.0824724	0.108488	0.132199	0.00998818	0.142042	0.668349	3.17962	1	0.5370206
2540000	67.51161	-64.94149	132.4531	0.05	0.03034339	0.148941	0.0534694	0.121302	0.0893358	0.00882538	8.04381e-21	1.34051e-10	0.000127836	3.99987	1	0.4218735
2541000	60.9304	-64.85433	125.7847	0.05	1.628185	0.372823	0.0939397	0.0954283	0.258796	0.137868	0.244463	0.60859	1.05714	2.08981	1	0.9588549
2542000	65.18443	-66.62056	131.805	0.05	0.09744582	0.409016	0.0416239	0.0209567	0.0145742	0.0662402	3.66255e-07	0.000899379	0.0869714	3.91213	1	0.5524114
2543000	65.59436	-65.52989	131.1242	0.05	0.07677947	0.110421	0.137606	0.0433565	0.0275424	0.233613	7.98403e-09	0.00013303	0.039357	3.96051	1	0.5525389
2544000	65.72064	-65.06585	130.7865	0.05	1.23729	0.169183	0.024171	0.0448461	0.170341	0.0900104	0.181746	0.53806	1.03038	2.24981	1	0.4985511
2545000	67.95561	-65.09475	133.0504	0.05	0.2326424	0.139146	0.0183084	0.0447763	0.131617	0.0250831	0.00139906	0.0544734	0.463424	3.4807	1	0.3589315
2546000	69.25184	-64.14812	133.4	0.05	0.1198793	0.161649	0.0489329	0.00912579	0.0934761	0.0403689	5.22917e-06	0.00339072	0.150555	3.84605	1	0.3535529
2547000	60.17131	-65.42282	125.5941	0.05	0.3268182	0.193661	0.192839	0.0572006	0.404687	0.239322	0.007721	0.125454	0.63821	3.22861	1	1.08771
2548000	66.98723	-65.75671	132.7439	0.05	0.02362283	0.0784659	0.00984429	0.0684923	0.157072	0.0872269	1.82457e-26	2.02009e-13	8.62472e-06	3.99999	1	0.401101
2549000	63.69772	-65.40838	129.1061	0.05	0.2414773	0.118358	0.120703	0.127996	0.168736	0.203493	0.00173807	0.0606078	0.483164	3.45449	1	0.7392851
2550000	64.09538	-65.51229	129.6077	0.05	0.5657684	0.296398	0.0807008	0.0836988	0.119816	0.105416	0.0461336	0.2927	0.862797	2.79837	1	0.6860295
2551000	61.32018	-64.46077	125.781	0.05	1.42996	0.377875	0.126399	0.0369904	0.216651	0.201215	0.214297	0.576467	1.04603	2.16321	1	0.9591294
2552000	66.43025	-64.66909	131.0993	0.05	0.03569339	0.180203	0.0282245	0.115489	0.0760524	0.174668	7.56958e-18	4.11032e-09	0.000528986	3.99947	1	0.5746373
2553000	69.1133	-65.40169	134.515	0.05	0.03606024	0.0908826	0.0036496	0.0213729	0.0724281	0.036098	1.12368e-17	5.0078e-09	0.000574156	3.99943	1	0.2244312
2554000	63.92799	-65.73055	129.6585	0.05	2.376924	0.409371	0.0506335	0.0541766	0.058099	0.00565055	0.334469	0.689917	1.07709	1.89853	1	0.5779306
2555000	62.70994	-67.53269	130.2426	0.05	0.4085915	0.226814	0.180716	0.110891	0.0789271	0.0490934	0.0179731	0.188144	0.740413	3.05347	1	0.6464411
2556000	62.1724	-64.77857	126.951	0.05	0.02376033	0.107093	0.151951	0.24896	0.425234	0.0628384	2.56232e-26	2.39388e-13	9.25423e-06	3.99999	1	0.9960763
2557000	65.34928	-64.86923	130.2185	0.05	0.08822697	0.126349	0.116546	0.125498	0.202075	0.0850217	8.29552e-08	0.000428384	0.0639459	3.93563	1	0.6554893
2558000	63.42185	-66.60831	130.0302	0.05	0.1461611	0.184358	0.0376587	0.00440997	0.292323	0.186716	4.1663e-05	0.00954039	0.230218	3.7602	1	0.7054652
2559000	65.39709	-64.55866	129.9557	0.05	0.09870462	0.244755	0.0731533	0.177745	0.13898	0.0365776	4.39027e-07	0.000984568	0.0902946	3.90872	1	0.671212
2560000	64.37355	-66.09237	130.4659	0.05	0.4059524	0.241298	0.0907317	0.112117	0.109422	0.0360879	0.0175824	0.186188	0.737642	3.05859	1	0.5896575
2561000	63.53493	-65.68995	129.2249	0.05	0.03354761	0.351887	0.225019	0.0167743	0.116787	0.0441221	6.31456e-19	1.18738e-09	0.00031601	3.99968	1	0.7545898
2562000	62.84917	-66.63035	129.4795	0.05	1.008729	0.260711	0.155429	0.0507188	0.0658552	0.140985	0.138692	0.47936	1.00143	2.38052	1	0.6736991
2563000	66.65366	-65.7028	132.3565	0.05	0.1525436	0.173563	0.0110098	0.0978974	0.145766	0.0283382	6.18989e-05	0.0116185	0.249485	3.73883	1	0.4565743
2564000	66.0901	-64.73711	130.8272	0.05	0.3150649	0.320724	0.0617546	0.0325179	0.120269	0.045672	0.00659667	0.116254	0.620256	3.25689	1	0.5809371
2565000	61.66371	-64.10608	125.7698	0.05	2.084593	0.537652	0.0849793	0.0273834	0.191534	0.0930092	0.303168	0.663718	1.07197	1.96115	1	0.9345582
2566000	65.07389	-66.6499	131.7238	0.05	0.02984988	0.0159587	0.164035	0.0508655	0.240779	0.0293802	3.77974e-21	9.18942e-11	0.000109299	3.99989	1	0.5010188
2567000	65.4166	-65.70206	131.1187	0.05	0.3297281	0.110837	0.0216414	0.0228413	0.170573	0.215869	0.0080139	0.127732	0.64251	3.22174	1	0.5417623
2568000	64.46432	-66.84291	131.3072	0.05	0.2085253	0.0448964	0.107572	0.0723275	0.237091	0.0811695	0.000704434	0.038834	0.40554	3.55492	1	0.5430565
2569000	66.96433	-65.24925	132.2136	0.05	0.1822578	0.33082	0.0177174	0.0577948	0.0469353	0.0323236	0.00027119	0.0242077	0.335795	3.63973	1	0.4855907
2570000	65.43382	-65.46318	130.897	0.05	0.07636423	0.0223708	0.106508	0.119356	0.287555	0.0523163	7.23791e-09	0.000126666	0.0385642	3.96131	1	0.5881067
2571000	59.7674	-66.3352	126.1026	0.05	0.3654046	0.264918	0.088701	0.169539	0.128055	0.384594	0.0120561	0.155482	0.690956	3.14151	1	1.035806
2572000	67.33754	-64.60897	131.9465	0.05	0.2639711	0.162925	0.010322	0.07796	0.169071	0.0512768	0.00282782	0.076949	0.530037	3.39019	1	0.4715546
2573000	66.5409	-65.40703	131.9479	0.05	0.02820134	0.105131	0.0832167	0.0205226	0.132648	0.12853	2.50351e-22	2.36534e-11	6.2239e-05	3.99994	1	0.4700491
2574000	64.48801	-64.79826	129.2863	0.05	0.213417	0.433273	0.0210169	0.0462493	0.135337	0.0898788	0.000819865	0.0418566	0.41776	3.53956	1	0.7257547
2575000	64.88381	-63.82068	128.7045	0.05	0.03745405	0.386868	0.0422671	0.115771	0.0107091	0.244217	4.69744e-17	1.02378e-08	0.000772459	3.99923	1	0.7998318
2576000	58.93741	-67.44899	126.3864	0.05	0.09576615	0.213944	0.164117	0.029979	0.271732	0.386389	2.85453e-07	0.000794119	0.0825987	3.91661	1	1.066161
2577000	57.4596	-66.51648	123.9761	0.05	0.4573602	0.265228	0.228005	0.131516	0.599782	0.0165335	0.0257839	0.223171	0.786579	2.96447	1	1.241064
2578000	63.74161	-64.21007	127.9517	0.05	0.1031098	0.375593	0.075766	0.0598981	0.321449	0.0418943	7.99436e-07	0.00132804	0.102208	3.89646	1	0.8746003
2579000	67.54409	-65.80345	133.3475	0.05	0.3251555	0.267179	0.013233	0.0288352	0.0698719	0.0141313	0.00755622	0.124153	0.635727	3.23256	1	0.3932507
2580000	62.4767	-64.12612	126.6028	0.05	0.07020435	0.361843	0.126433	0.0694843	0.410362	0.0541394	1.47329e-09	5.71773e-05	0.0277186	3.97222	1	1.022262
2581000	64.84368	-67.42042	132.2641	0.05	0.1356025	0.0473088	0.0250674	0.0760979	0.268044	0.0388758	1.99393e-05	0.00660902	0.198103	3.79527	1	0.4553936
2582000	63.54835	-65.73335	129.2817	0.05	0.036873	0.180781	0.309626	0.00898137	0.0836884	0.185132	2.62179e-17	7.64883e-09	0.000684458	3.99932	1	0.7682078
2583000	64.20235	-66.67999	130.8823	0.05	0.4493654	0.112209	0.0915259	0.0178197	0.274561	0.0624157	0.0244323	0.217581	0.779617	2.97837	1	0.5585321
2584000	61.70427	-66.02406	127.7283	0.05	0.1674802	0.154013	0.246846	0.0785331	0.41708	0.00584795	0.000138906	0.0173665	0.293707	3.68879	1	0.9023199
2585000	65.6465	-66.74635	132.3928	0.05	0.118466	0.194619	0.0977499	0.0185609	0.0330253	0.0837726	4.55633e-06	0.00316555	0.146349	3.85048	1	0.4277273
2586000	65.49399	-65.46048	130.9545	0.05	0.2088115	0.114023	0.115199	0.0594838	0.123643	0.156388	0.000710854	0.0390085	0.406261	3.55402	1	0.5687377
2587000	70.40178	-64.0755	134.4773	0.05	0.1470772	0.131205	0.0143785	0.0195691	0.0544984	0.0329252	4.41923e-05	0.0098245	0.232993	3.75714	1	0.2525757
2588000	57.68142	-70.59506	128.2765	0.05	0.6578728	0.272137	0.194039	0.0467983	0.176289	0.183246	0.0652229	0.342956	0.908198	2.68362	1	0.8725095
2589000	63.88188	-65.00375	128.8856	0.05	1.740738	0.451402	0.0414272	0.0588495	0.0846182	0.0540967	0.260233	0.624271	1.06191	2.05359	1	0.6903934
2590000	57.88848	-70.554	128.4425	0.05	0.4436279	0.52815	0.00282915	0.0330622	0.273623	0.0146503	0.0234784	0.213532	0.774483	2.98851	1	0.8523146
2591000	64.09702	-68.33555	132.4326	0.05	0.06234654	0.0656047	0.152369	0.0305668	0.16869	0.0472946	1.22462e-10	1.64955e-05	0.0165446	3.98344	1	0.4645246
2592000	60.65958	-66.47446	127.134	0.05	0.4060681	0.336084	0.0789896	0.140173	0.0311514	0.329537	0.0175995	0.186274	0.737764	3.05836	1	0.9159352
2593000	66.18387	-64.78916	130.973	0.05	0.01930573	0.0363327	0.0806789	0.0694234	0.26554	0.109517	3.65e-32	2.85824e-16	5.66735e-07	4	1	0.5614923
2594000	64.3548	-65.51961	129.8744	0.05	0.1006884	0.197762	0.00672673	0.0987923	0.254677	0.131754	5.788e-07	0.00113027	0.095607	3.90326	1	0.6897127
2595000	65.81639	-65.34837	131.1648	0.05	0.1656923	0.170394	0.0415318	0.122509	0.195425	0.00110799	0.00012707	0.0166147	0.288493	3.69477	1	0.5309678
2596000	65.61298	-66.13555	131.7485	0.05	1.235501	0.126041	0.0691881	0.021783	0.0894233	0.111263	0.181427	0.537662	1.03021	2.2507	1	0.417698
2597000	60.15823	-66.46564	126.6239	0.05	0.2139459	0.176624	0.208236	0.201036	0.342603	0.0564807	0.00083308	0.0421883	0.419066	3.53791	1	0.9849798
2598000	63.79956	-65.38657	129.1861	0.05	0.124075	0.185831	0.195004	0.122963	0.182679	0.0650424	7.72649e-06	0.00411969	0.163132	3.83274	1	0.7515202
2599000	72.00585	-63.32465	135.3305	0.05	0.03029724	0.170412	0.00964814	0.00265867	0.0215215	0.0162632	7.50317e-21	1.29468e-10	0.000126004	3.99987	1	0.2205038
2600000	63.61424	-66.86258	130.4768	0.05	0.2241288	0.125962	0.107579	0.169945	0.191509	0.0085565	0.00111682	0.0487515	0.443665	3.50647	1	0.6035513
2601000	64.41651	-66.72277	131.1393	0.05	1.474964	0.189269	0.0016755	0.0560805	0.137207	0.0547729	0.221429	0.584335	1.04892	2.14532	1	0.4390049
2602000	66.26151	-63.66178	129.9233	0.05	0.00452038	0.209285	0.0310496	0.0328128	0.351341	0.0653776	3.63967e-134	2.8579e-67	3.86459e-28	4	1	0.6898664
2603000	60.94101	-67.01586	127.9569	0.05	2.313401	0.436043	0.0950545	0.089057	0.0715493	0.0294605	0.32802	0.684677	1.07616	1.91114	1	0.7211648
2604000	60.11928	-65.73564	125.8549	0.05	0.06329939	0.209074	0.283257	0.0680421	0.294285	0.228856	1.71118e-10	1.94975e-05	0.0177337	3.98225	1	1.083515
2605000	68.44403	-64.69961	133.1436	0.05	0.01155473	0.180299	0.00579919	0.0694848	0.065586	0.0594273	4.3991e-53	9.92952e-27	2.58688e-11	4	1	0.3805959
2606000	61.26566	-63.82499	125.0907	0.05	0.07800262	0.636913	0.0196627	0.193032	0.24726	0.0734626	1.05949e-08	0.000153229	0.0417357	3.95811	1	1.17033
2607000	65.98241	-65.37381	131.3562	0.05	0.01873336	0.113372	0.106821	0.0698064	0.0633546	0.18563	4.06905e-33	9.5438e-17	3.59493e-07	4	1	0.538984
2608000	63.06711	-65.09126	128.1584	0.05	0.04358623	0.0350966	0.0324752	0.122939	0.24649	0.43895	8.56956e-15	1.38206e-07	0.0022742	3.99773	1	0.8759507
2609000	57.93498	-70.25546	128.1904	0.05	0.2284027	0.0995653	0.214944	0.197528	0.220627	0.1326	0.0012532	0.0515991	0.453676	3.49347	1	0.8652638
2610000	62.44752	-68.66992	131.1174	0.05	0.7055483	0.200972	0.0921934	0.0311331	0.0699429	0.12198	0.0753738	0.366136	0.926907	2.63158	1	0.516222
2611000	70.38483	-64.79565	135.1805	0.05	0.007831809	0.0843427	0.0122372	0.00250645	0.0387878	0.0692898	7.49961e-78	4.10117e-39	1.87546e-16	4	1	0.207164
2612000	69.41428	-63.95836	133.3726	0.05	0.09926309	0.135408	0.0488961	0.00951202	0.0888273	0.0857701	4.75083e-07	0.00102415	0.091781	3.90719	1	0.3684136
2613000	65.42713	-66.48128	131.9084	0.05	0.01960238	0.183706	0.185543	0.0359581	0.094	0.0126205	1.08195e-31	4.92091e-16	7.10058e-07	4	1	0.5118277
2614000	65.50123	-66.61207	132.1133	0.05	0.03372207	0.109949	0.192418	0.0349203	0.0476515	0.0838838	7.81949e-19	1.3213e-09	0.000330336	3.99967	1	0.4688218
2615000	62.62308	-65.08121	127.7043	0.05	0.06104282	0.104536	0.20747	0.244214	0.324405	0.0041048	7.61824e-11	1.30119e-05	0.0149931	3.98499	1	0.8847292
2616000	60.21262	-66.26222	126.4748	0.05	1.200319	0.46999	0.0759494	0.192362	0.0994631	0.0740423	0.175111	0.529667	1.02662	2.2686	1	0.9118071
2617000	64.9353	-65.19912	130.1344	0.05	0.1262571	0.144927	0.121741	0.0389177	0.302822	0.0297997	9.36909e-06	0.00453539	0.169715	3.82574	1	0.638207
2618000	66.24964	-65.951	132.2006	0.05	0.08754789	0.0453859	0.0555191	0.0281495	0.225527	0.123846	7.34446e-08	0.000403104	0.0623525	3.93724	1	0.4784272
2619000	67.60447	-64.73582	132.3403	0.05	0.01598639	0.235089	0.0155092	0.0547025	0.0605447	0.0820024	1.22266e-38	1.65474e-19	2.56979e-08	4	1	0.4478482
2620000	61.23536	-67.513	128.7484	0.05	0.08981822	0.285414	0.182252	0.1299	0.131734	0.0337229	1.09554e-07	0.000492226	0.0677393	3.93177	1	0.7630225
2621000	65.6096	-64.92036	130.53	0.05	0.05831099	0.315115	0.0968366	0.00835456	0.0725284	0.108635	2.63015e-11	7.64718e-06	0.0120248	3.98797	1	0.6014698
2622000	68.30504	-63.91576	132.2208	0.05	0.07472842	0.18229	0.0330438	0.00702996	0.142729	0.0725267	4.86571e-09	0.000103869	0.0355148	3.96438	1	0.4376197
2623000	66.66779	-64.3478	131.0156	0.05	0.1267669	0.236048	0.0127708	0.110471	0.189405	0.0104285	9.79135e-06	0.0046362	0.171257	3.8241	1	0.5591236
2624000	60.8624	-68.92972	129.7921	0.05	0.6099717	0.195567	0.0842151	0.0921638	0.171556	0.137832	0.055171	0.31777	0.886322	2.74074	1	0.6813333
2625000	67.55554	-64.6808	132.2363	0.05	0.05068332	0.152308	0.0143269	0.137251	0.126616	0.0418604	7.35629e-13	1.27973e-06	0.00572639	3.99427	1	0.4723621
2626000	65.61884	-65.75234	131.3712	0.05	0.09153254	0.150558	0.0873415	0.149131	0.0402588	0.100392	1.46235e-07	0.000568604	0.0719156	3.92752	1	0.5276813
2627000	62.60918	-66.18521	128.7944	0.05	0.07785507	0.0695609	0.0108267	0.0344104	0.159237	0.520201	1.02442e-08	0.000150674	0.0414454	3.9584	1	0.7942357
2628000	58.55069	-71.37151	129.9222	0.05	0.8784925	0.0636791	0.209354	0.0365895	0.189339	0.10432	0.112119	0.436916	0.976538	2.47443	1	0.6032819
2629000	63.93517	-64.8684	128.8036	0.05	0.006390879	0.0315337	0.071321	0.17082	0.301458	0.206299	3.48898e-95	8.84694e-48	4.74691e-20	4	1	0.7814311
2630000	69.06632	-65.66093	134.7273	0.05	0.01648042	0.076236	0.00308858	0.025175	0.0612344	0.0299328	1.64518e-37	6.06969e-19	4.40694e-08	4	1	0.1956668
2631000	64.89996	-65.92543	130.8254	0.05	0.2579365	0.210863	0.0126906	0.192865	0.11681	0.0415268	0.00250246	0.0724784	0.517926	3.40709	1	0.5747553
2632000	68.27709	-64.60711	132.8842	0.05	0.2213345	0.153884	0.0520112	0.0231327	0.0759364	0.085831	0.00103328	0.0469183	0.43702	3.51503	1	0.3907953
2633000	63.49111	-64.55318	128.0443	0.05	0.496859	0.216264	0.094355	0.0256474	0.27912	0.213246	0.0328071	0.24986	0.81797	2.89936	1	0.828632
2634000	66.61867	-65.15874	131.7774	0.05	0.1215782	0.128038	0.0978715	0.0132491	0.115383	0.146102	6.14466e-06	0.00367489	0.155633	3.84069	1	0.5006432
2635000	64.8856	-65.73743	130.623	0.05	0.08444558	0.0227334	0.176796	0.141279	0.105353	0.176073	4.10712e-08	0.000301525	0.0552753	3.94442	1	0.6222334
2636000	64.36479	-65.60371	129.9685	0.05	0.09145376	0.1219	0.212966	0.00947622	0.266639	0.0587245	1.44341e-07	0.000564914	0.0717217	3.92771	1	0.6697056
2637000	63.95666	-67.32801	131.2847	0.05	0.1882483	0.138031	0.214434	0.0389078	0.0185116	0.132984	0.000345168	0.0272829	0.352298	3.62007	1	0.5428687
2638000	66.17027	-65.77952	131.9498	0.05	0.05962659	0.0239091	0.0434896	0.0508766	0.281804	0.072695	4.4432e-11	9.93829e-06	0.0134065	3.98658	1	0.4727739
2639000	62.85398	-67.49982	130.3538	0.05	0.4499714	0.312264	0.103101	0.115898	0.106066	0.0117557	0.0245338	0.218007	0.780153	2.97731	1	0.6490838
2640000	63.07427	-64.72832	127.8026	0.05	1.007589	0.22995	0.00571605	0.0975701	0.259156	0.236927	0.138466	0.479021	1.00125	2.38127	1	0.8293196
2641000	63.83006	-65.97853	129.8086	0.05	0.6665837	0.293961	0.0210398	0.0694698	0.161076	0.0826085	0.0670698	0.347327	0.911827	2.67378	1	0.6281549
2642000	70.11333	-64.68146	134.7948	0.05	0.06640517	0.114561	0.00595848	0.050116	0.056175	0.0108944	4.76341e-10	3.2522e-05	0.02193	3.97804	1	0.2377048
2643000	62.1528	-68.65423	130.807	0.05	0.2215366	0.00824284	0.127831	0.0705599	0.251466	0.107235	0.00103918	0.0470502	0.437504	3.51441	1	0.5653352
2644000	60.15809	-66.80718	126.9653	0.05	0.9157455	0.258042	0.04932	0.231279	0.339067	0.0421963	0.119851	0.449875	0.984505	2.44577	1	0.9199051
2645000	67.32425	-63.75297	131.0772	0.05	0.02094892	0.344461	0.028249	0.0659338	0.102243	0.0450771	1.01929e-29	4.77573e-15	1.82337e-06	4	1	0.585964
2646000	61.40245	-66.03584	127.4383	0.05	0.0804333	0.263833	0.330127	0.0403594	0.177276	0.11719	1.81207e-08	0.000200351	0.0466496	3.95315	1	0.9287853
2647000	58.2571	-69.48125	127.7383	0.05	0.4674371	0.119882	0.234323	0.334934	0.171658	0.0062219	0.027523	0.230127	0.795048	2.9473	1	0.8670192
2648000	69.05441	-63.47119	132.5256	0.05	0.02410786	0.199081	0.0424425	0.0216871	0.107475	0.0700562	5.94142e-26	3.64517e-13	1.10184e-05	3.99999	1	0.4407419
2649000	65.2769	-65.53084	130.8077	0.05	0.02346099	0.0791803	0.0236735	0.118553	0.351404	0.0177953	1.21721e-26	1.64998e-13	7.93001e-06	3.99999	1	0.5906068
2650000	64.50483	-66.84693	131.3518	0.05	0.06929245	0.124531	0.0124278	0.302983	0.0998143	0.00980645	1.1363e-09	5.0218e-05	0.0262646	3.97369	1	0.5495632
2651000	65.90606	-64.68328	130.5893	0.05	0.1337753	0.196505	0.0013523	0.147836	0.183794	0.0792473	1.73456e-05	0.00616558	0.192539	3.80128	1	0.6087344
2652000	63.86217	-64.57598	128.4381	0.05	0.03165357	0.293777	0.177561	0.137639	0.183421	0.0457907	5.32886e-20	3.44991e-10	0.000189229	3.99981	1	0.8381891
2653000	64.38439	-64.68501	129.0694	0.05	0.07365996	0.530551	0.102544	0.0873751	0.0143063	0.0589442	3.71842e-09	9.08099e-05	0.0335879	3.96632	1	0.7937208
2654000	61.11085	-66.00822	127.1191	0.05	0.0005386009	0.210039	0.409909	0.109482	0.237771	0.00437163	0	0	1.80872e-232	4	1	0.9715715
2655000	61.74345	-67.83859	129.582	0.05	1.48019	0.249395	0.0163915	0.0757318	0.0913718	0.143698	0.222246	0.585226	1.04924	2.14329	1	0.5765881
2656000	64.03206	-68.39104	132.4231	0.05	0.4334117	0.0808853	0.0653688	0.0578281	0.135035	0.0559785	0.0218148	0.206245	0.765045	3.0069	1	0.3950959
2657000	64.13219	-65.44835	129.5805	0.05	0.03807247	0.313314	0.0113129	0.00545407	0.227884	0.17792	8.56876e-17	1.38265e-08	0.000875024	3.99912	1	0.735885
2658000	67.65931	-66.24693	133.9062	0.05	1.601844	0.202679	0.0190626	0.0232234	0.0211329	0.0139148	0.240635	0.604675	1.05588	2.09881	1	0.2800129
2659000	59.75977	-67.09438	126.8542	0.05	1.442486	0.183003	0.0839195	0.0157879	0.216516	0.391922	0.216299	0.578695	1.04686	2.15815	1	0.8911481
2660000	58.08361	-68.02884	126.1124	0.05	3.038821	0.452535	0.126071	0.151934	0.106481	0.0208043	0.392243	0.733655	1.0827	1.7914	1	0.8578255
2661000	61.76461	-71.2505	133.0151	0.05	0.1785731	0.136419	0.01935	0.165539	0.0121388	0.0300032	0.000231919	0.0224002	0.325478	3.65189	1	0.3634494
2662000	66.05247	-65.66706	131.7195	0.05	0.4883465	0.125483	0.031545	0.0675464	0.132951	0.08244	0.0312487	0.24424	0.8116	2.91291	1	0.4399655
2663000	60.29399	-67.11365	127.4076	0.05	0.4496755	0.55539	0.0375323	0.160746	0.0958253	0.095412	0.0244842	0.217799	0.779892	2.97782	1	0.9449054
2664000	62.63976	-65.00734	127.6471	0.05	0.01894852	0.317764	0.0988893	0.0429455	0.372014	0.0947	9.42808e-33	1.45271e-16	4.27964e-07	4	1	0.9263134
2665000	65.32316	-65.43739	130.7605	0.05	0.09645914	0.22369	0.0305465	0.240191	0.0628173	0.0524623	3.16704e-07	0.000836406	0.084394	3.91477	1	0.6097069
2666000	67.96422	-64.27263	132.2369	0.05	0.1691032	0.0953123	0.00987151	0.0346278	0.178126	0.102593	0.000150356	0.0180635	0.298418	3.68337	1	0.420531
2667000	68.10117	-65.366	133.4672	0.05	0.004310773	0.0888537	0.0390186	0.0584773	0.0976155	0.0428291	1.21598e-140	1.65191e-70	1.75064e-29	4	1	0.3267942
2668000	63.83939	-64.38596	128.2253	0.05	0.02442737	0.214988	0.00987159	0.114741	0.234109	0.291137	1.26041e-25	5.30905e-13	1.28789e-05	3.99999	1	0.864847
2669000	66.78689	-65.5589	132.3458	0.05	0.6709178	0.307078	0.0225775	0.0369507	0.0563875	0.0355163	0.0679904	0.349479	0.913596	2.66894	1	0.4585105
2670000	61.01407	-68.93463	129.9487	0.05	0.04007666	0.0765728	0.00450181	0.419462	0.0907783	0.0839549	5.29162e-16	3.43536e-08	0.00127646	3.99872	1	0.6752696
2671000	61.03406	-65.88275	126.9168	0.05	2.747828	0.24674	0.0904163	0.125032	0.195004	0.0680158	0.368761	0.716535	1.08095	1.83375	1	0.7252076
2672000	63.25553	-67.28858	130.5441	0.05	0.2529867	0.149328	0.200544	0.0230321	0.218402	0.0341852	0.00225389	0.0688552	0.507742	3.42115	1	0.6254909
2673000	65.17391	-67.64765	132.8216	0.05	0.001580418	0.127728	0.0337481	0.175639	0.0193035	0.0806505	0	3.76076e-191	1.48618e-79	4	1	0.437069
2674000	62.55094	-64.37611	126.9271	0.05	1.478209	0.319139	0.00212516	0.0903157	0.30928	0.123301	0.221937	0.584889	1.04912	2.14406	1	0.8441612
2675000	65.24937	-67.82753	133.0769	0.05	0.5617076	0.173268	0.00361616	0.0211503	0.0554597	0.108445	0.0453191	0.290305	0.860451	2.80393	1	0.3619399
2676000	61.048	-67.44434	128.4923	0.05	0.1703596	0.204819	0.0809109	0.324733	0.0568419	0.166897	0.000159698	0.0186126	0.302052	3.67918	1	0.8342022
2677000	64.92914	-66.19323	131.1224	0.05	0.09837576	0.330196	0.0251208	0.157883	0.0523665	0.00931672	4.18912e-07	0.000961779	0.0894227	3.90962	1	0.5748838
2678000	67.76719	-63.94217	131.7094	0.05	0.06180419	0.367497	0.0447587	0.000146849	0.0439755	0.0732606	1.00763e-10	1.49636e-05	0.0158886	3.9841	1	0.5296387
2679000	65.439	-65.40187	130.8409	0.05	0.2263111	0.0737865	0.0513437	0.109898	0.236522	0.0948009	0.00118513	0.050199	0.4488	3.49982	1	0.5663508
2680000	63.334	-66.52623	129.8602	0.05	0.2721343	0.101929	0.155644	0.0467021	0.165531	0.188356	0.00330756	0.0830778	0.5459	3.36771	1	0.6581623
2681000	67.52594	-65.55042	133.0764	0.05	0.1696456	0.218729	0.0397955	0.0352234	0.0647187	0.0173825	0.000154337	0.0182996	0.299988	3.68156	1	0.3758491
2682000	62.2825	-66.75708	129.0396	0.05	1.950793	0.104552	0.0534835	0.079232	0.189974	0.165405	0.287329	0.649677	1.06871	1.99429	1	0.592646
2683000	68.98859	-64.09914	133.0877	0.05	0.3004746	0.154779	0.0326598	0.000857203	0.0863189	0.0842757	0.00533389	0.104864	0.596599	3.2932	1	0.3588906
2684000	66.38729	-64.06017	130.4475	0.05	0.1100851	0.16804	0.0331132	0.0211029	0.306386	0.0739228	1.87189e-06	0.00203078	0.121839	3.87613	1	0.6025651
2685000	65.91335	-67.89791	133.8113	0.05	0.226261	0.130264	0.0465474	0.0437481	0.0142563	0.0456778	0.00118354	0.0501656	0.448682	3.49997	1	0.2804935
2686000	62.49299	-65.16744	127.6604	0.05	1.377702	0.290512	0.0236636	0.159672	0.205654	0.0957735	0.205797	0.566848	1.04235	2.185	1	0.7752746
2687000	58.80316	-69.61304	128.4162	0.05	0.06282592	0.356628	0.00322166	0.0728717	0.339496	0.0542682	1.45094e-10	1.79545e-05	0.017137	3.98285	1	0.8264858
2688000	66.76127	-64.92327	131.6845	0.05	0.7378887	0.174273	0.0530525	0.0202636	0.109309	0.0956824	0.0822927	0.380872	0.938138	2.5987	1	0.4525805
2689000	65.48911	-64.55663	130.0457	0.05	0.03452825	0.205451	0.0673816	0.21327	0.176472	0.0010946	2.04161e-18	2.13486e-09	0.000403093	3.9996	1	0.6636703
2690000	63.9385	-67.1107	131.0492	0.05	0.09226237	0.0583581	0.20716	0.107292	0.133524	0.0496005	1.64828e-07	0.000603631	0.0737207	3.92568	1	0.5559351
2691000	65.51332	-68.28539	133.7987	0.05	0.2110484	0.0341119	0.066643	0.0438059	0.0991464	0.0363631	0.000762456	0.0403826	0.411873	3.54698	1	0.2800703
2692000	63.71614	-65.25807	128.9742	0.05	0.03300494	0.267562	0.132395	0.217005	0.0512561	0.0981372	3.20118e-19	8.45463e-10	0.000274476	3.99973	1	0.766356
2693000	68.71359	-63.9307	132.6443	0.05	0.04106784	0.244723	0.0364096	0.0396254	0.0565438	0.0330961	1.21924e-15	5.21419e-08	0.00151771	3.99848	1	0.4103974
2694000	65.48534	-65.2198	130.7051	0.05	0.07607989	0.079026	0.172646	0.0128808	0.181133	0.122938	6.76344e-09	0.000122447	0.0380256	3.96185	1	0.5686238
2695000	64.28113	-65.13501	129.4161	0.05	0.1548395	0.414962	0.0569917	0.0521734	0.136044	0.0672228	7.08034e-05	0.0124221	0.25637	3.73114	1	0.7273934
2696000	58.51864	-70.00317	128.5218	0.05	0.5424469	0.0579319	0.0385894	0.124175	0.514984	0.0367857	0.0414996	0.278726	0.848855	2.83092	1	0.7724664
2697000	63.1388	-66.1814	129.3202	0.05	0.6570547	0.122153	0.0268746	0.0249502	0.327524	0.198253	0.0650496	0.342543	0.907852	2.68456	1	0.6997545
2698000	64.22891	-65.98677	130.2157	0.05	0.2790255	0.153899	0.0840449	0.093951	0.295029	0.00727751	0.00374848	0.0883129	0.558838	3.3491	1	0.6342018
2699000	62.26399	-64.69947	126.9635	0.05	1.370861	0.288215	0.0459913	0.0186224	0.352102	0.14038	0.204666	0.565548	1.04184	2.18794	1	0.8453099
2700000	59.76034	-69.95547	129.7158	0.05	0.9510635	0.101775	0.00270765	0.260965	0.13596	0.0916618	0.127089	0.461532	0.991393	2.41999	1	0.5930691
2701000	63.67185	-66.99004	130.6619	0.05	3.020667	0.170092	0.0204228	0.0919488	0.0764562	0.00706261	0.390854	0.732666	1.08262	1.79386	1	0.365982
2702000	60.70398	-67.45311	128.1571	0.05	1.784725	0.282907	0.0745983	0.197833	0.0366527	0.0976078	0.266149	0.629978	1.06354	2.04034	1	0.6895985
2703000	68.45959	-65.00479	133.4644	0.05	0.1556542	0.223419	0.0240548	0.0425695	0.000120483	0.0767795	7.41914e-05	0.0127144	0.258807	3.7284	1	0.3669428
2704000	66.44008	-66.77722	133.2173	0.05	0.3658547	0.113708	0.067527	0.0166315	0.0845241	0.048647	0.0121122	0.155829	0.69152	3.14054	1	0.3310375
2705000	54.77892	-67.5966	122.3755	0.05	2.597403	0.342757	0.415718	0.116067	0.23314	0.0899348	0.355501	0.706482	1.07965	1.85836	1	1.197617
2706000	67.63819	-65.56938	133.2076	0.05	0.05227305	0.100777	0.0227403	0.0349784	0.139082	0.0838098	1.68968e-12	1.93925e-06	0.00680436	3.99319	1	0.381388
2707000	59.97791	-68.7522	128.7301	0.05	0.2613189	0.155953	0.0537237	0.208707	0.126528	0.233524	0.00268179	0.0749774	0.524756	3.39759	1	0.7784351
2708000	66.44485	-63.58023	130.0251	0.05	0.1229641	0.401439	0.00347635	0.0332356	0.124018	0.0927165	6.98587e-06	0.00391776	0.15979	3.83628	1	0.6548847
2709000	66.28388	-65.792	132.0759	0.05	1.344761	0.265876	0.0187285	0.020673	0.107654	0.0369751	0.200315	0.560497	1.03984	2.19935	1	0.4499062
2710000	65.0527	-65.43006	130.4828	0.05	0.3301776	0.177672	0.144632	0.0321738	0.156292	0.102274	0.00805965	0.128084	0.643169	3.22069	1	0.6130443
2711000	61.5169	-68.91626	130.4332	0.05	0.4273437	0.04918	0.0617733	0.178305	0.258049	0.0548007	0.0208487	0.20187	0.759252	3.01803	1	0.6021081
2712000	66.71941	-65.05509	131.7745	0.05	0.07371432	0.149737	0.114516	0.0872756	0.11491	0.0269691	3.77036e-09	9.14414e-05	0.0336846	3.96622	1	0.4934078
2713000	67.44217	-67.16758	134.6097	0.05	0.2209062	0.0621431	0.00482434	0.0277077	0.0505784	0.0715051	0.00102087	0.0466394	0.435995	3.51634	1	0.2167586
2714000	64.73183	-69.26404	133.9959	0.05	0.7731324	0.1349	0.0152032	0.0137521	0.0721399	0.107733	0.0898301	0.396088	0.949223	2.56486	1	0.343728
2715000	69.90639	-63.53189	133.4383	0.05	0.06890228	0.165297	0.0411406	0.00526259	0.0845879	0.0501001	1.01466e-09	4.74556e-05	0.0256549	3.9743	1	0.3463885
2716000	63.86604	-63.89673	127.7628	0.05	0.2851737	0.289229	0.0346055	0.0564603	0.362375	0.136953	0.00416987	0.0930228	0.570043	3.33276	1	0.8796229
2717000	63.79475	-65.03182	128.8266	0.05	0.1312021	0.448507	0.0408949	0.143986	0.0162872	0.12997	1.41609e-05	0.00557263	0.18471	3.8097	1	0.7796459
2718000	64.70362	-64.94748	129.6511	0.05	0.1768122	0.0953621	0.017928	0.0365847	0.290063	0.236844	0.000214718	0.0215597	0.320505	3.65772	1	0.6767814
2719000	61.24864	-69.42967	130.6783	0.05	0.4915319	0.0144451	0.0781841	0.117118	0.325684	0.0199073	0.0318292	0.246352	0.814008	2.90781	1	0.5553387
2720000	63.04495	-66.50526	129.5502	0.05	0.2043812	0.135654	0.113634	0.148597	0.29577	0.00786706	0.000615933	0.0363406	0.394995	3.56805	1	0.7015214
2721000	68.43054	-64.2883	132.7188	0.05	0.05691691	0.246335	0.0198204	0.0121272	0.126154	0.0361366	1.46957e-11	5.71685e-06	0.0106571	3.98934	1	0.4405732
2722000	61.29184	-69.43935	130.7312	0.05	0.5587892	0.173544	0.0169493	0.194449	0.0944269	0.0850526	0.0447356	0.288573	0.858744	2.80795	1	0.5644214
2723000	64.21051	-67.08229	131.2928	0.05	1.191134	0.232603	0.0662781	0.0853856	0.133315	0.00190762	0.173443	0.527523	1.02564	2.27339	1	0.5194894
2724000	66.68146	-64.73303	131.4145	0.05	0.05097281	0.0485461	0.096341	0.0538675	0.293802	0.0463119	8.59214e-13	1.38302e-06	0.00591384	3.99408	1	0.5388683
2725000	64.03686	-64.43498	128.4718	0.05	0.1175903	0.237003	0.065388	0.16124	0.176245	0.193325	4.17663e-06	0.00303107	0.143752	3.85321	1	0.833201
2726000	72.03145	-64.21196	136.2434	0.05	0.1273041	0.0673539	0.0157964	7.59835e-05	0.0210501	0.0275873	1.02529e-05	0.00474392	0.172883	3.82236	1	0.1318637
2727000	58.87363	-68.58559	127.4592	0.05	2.40704	0.220245	0.000874164	0.126542	0.386136	0.0182485	0.337462	0.692323	1.07749	1.89272	1	0.7520452
2728000	62.7453	-68.55467	131.3	0.05	0.3192584	0.148632	0.107599	0.0693068	0.0710552	0.129834	0.00698696	0.119536	0.626771	3.24671	1	0.5264269
2729000	67.12306	-64.74547	131.8685	0.05	0.3418791	0.25744	0.0454948	0.0310272	0.108872	0.0382712	0.00929817	0.137229	0.659875	3.1936	1	0.4811055
2730000	66.01663	-64.06062	130.0773	0.05	0.1021364	0.287582	0.0409561	0.0935583	0.122911	0.122235	7.03397e-07	0.00124583	0.0995397	3.89921	1	0.6672423
2731000	66.72984	-65.48409	132.2139	0.05	0.09738341	0.0955543	0.0940285	0.0186982	0.222139	0.0120026	3.62935e-07	0.000895298	0.0868077	3.9123	1	0.4424224
2732000	54.67263	-72.21032	126.8829	0.05	0.2701948	0.383322	0.265581	0.0359013	0.0132665	0.257806	0.00318941	0.0816139	0.542184	3.37301	1	0.9558766
2733000	63.69518	-68.67433	132.3695	0.05	0.4487063	0.168735	0.0446088	0.00575379	0.180484	0.0853118	0.024322	0.217118	0.779034	2.97953	1	0.4848936
2734000	66.84397	-64.87053	131.7145	0.05	0.05994064	0.280822	0.0657218	0.0507427	0.0991882	0.00114174	5.01852e-11	1.05618e-05	0.0137494	3.98624	1	0.4976169
2735000	65.70612	-64.70716	130.4133	0.05	0.09473409	0.25701	0.0369573	0.088178	0.0109043	0.251874	2.43847e-07	0.000734036	0.0799484	3.91932	1	0.6449236
2736000	60.46488	-68.2488	128.7137	0.05	0.7462935	0.00692105	0.0912416	0.0777719	0.312786	0.261514	0.0840915	0.384578	0.940886	2.59044	1	0.7502347
2737000	67.76856	-64.61486	132.3834	0.05	0.1027831	0.208338	0.0862647	0.00943806	0.105778	0.0351671	7.66029e-07	0.00130004	0.10131	3.89739	1	0.4449862
2738000	57.8785	-65.95623	123.8347	0.05	0.2640997	0.445731	0.0697923	0.099229	0.379592	0.270805	0.00283502	0.0770449	0.530292	3.38983	1	1.265149
2739000	61.71045	-66.05624	127.7667	0.05	3.311492	0.204674	0.0764537	0.08946	0.137696	0.0812754	0.412011	0.747436	1.08367	1.75688	1	0.589559
2740000	62.19931	-66.93399	129.1333	0.05	0.1787407	0.0636548	0.191268	0.0599156	0.29915	0.142251	0.000233609	0.022481	0.32595	3.65133	1	0.7562396
2741000	65.98361	-65.69772	131.6813	0.05	0.005845061	0.195867	0.0701792	0.168826	0.0329754	0.0737607	5.56769e-104	3.53429e-52	7.09409e-22	4	1	0.5416078
2742000	66.24877	-64.77803	131.0268	0.05	0.07619003	0.118867	0.0205628	0.00475901	0.208363	0.236108	6.94384e-09	0.000124068	0.0382338	3.96164	1	0.5886591
2743000	65.24361	-66.72898	131.9726	0.05	1.136094	0.136771	0.0531791	0.0354925	0.156331	0.0631008	0.163281	0.514156	1.01934	2.30322	1	0.4448743
2744000	66.51776	-65.0832	131.601	0.05	0.4050671	0.141933	0.0397737	0.0759818	0.167386	0.0594032	0.0174522	0.185531	0.736706	3.06031	1	0.4844781
2745000	58.09465	-71.4327	129.5274	0.05	0.781768	0.182798	0.043811	0.194472	0.164214	0.0704936	0.0916736	0.399689	0.951772	2.55687	1	0.6557883
2746000	67.79525	-63.47558	131.2708	0.05	0.1038567	0.281056	0.000212355	0.0755609	0.146182	0.0353511	8.80488e-07	0.00139364	0.104268	3.89434	1	0.5383622
2747000	60.59302	-66.90712	127.5001	0.05	2.948694	0.301637	0.0841849	0.0661932	0.151937	0.0367364	0.385253	0.728647	1.08225	1.80385	1	0.6406883
2748000	66.98036	-64.10843	131.0888	0.05	0.006521641	0.320417	0.0573588	0.0794167	0.117936	0.0115924	2.70128e-93	7.78437e-47	1.17052e-19	4	1	0.5867208
2749000	67.61713	-64.71205	132.3292	0.05	0.04518046	0.140275	0.0057403	0.133902	0.0873263	0.0792772	2.63178e-14	2.42167e-07	0.00287006	3.99713	1	0.446521
2750000	66.85672	-63.93413	130.7909	0.05	0.1457757	0.226916	0.0220948	0.0980858	0.204934	0.043497	4.06335e-05	0.00942227	0.22905	3.76149	1	0.5955281
2751000	65.65918	-64.58412	130.2433	0.05	0.4406061	0.163776	0.00847446	0.0966366	0.216717	0.123638	0.0229816	0.211387	0.771732	2.9939	1	0.6092417
2752000	62.66824	-67.21791	129.8862	0.05	1.656294	0.202514	0.0110104	0.0191952	0.217981	0.064728	0.248488	0.612661	1.05842	2.08043	1	0.5154287
2753000	57.63679	-66.86212	124.4989	0.05	0.03686127	0.263248	0.15544	0.0584291	0.668087	0.08451	2.5906e-17	7.60321e-09	0.000682761	3.99932	1	1.229715
2754000	63.27229	-66.77622	130.0485	0.05	0.6421805	0.170756	0.165152	0.0175679	0.0848366	0.176291	0.0619082	0.334923	0.901402	2.70177	1	0.6146037
2755000	64.09086	-65.24019	129.331	0.05	0.1074959	0.295927	0.140427	0.100459	0.128547	0.0567212	1.3827e-06	0.00174581	0.114456	3.8838	1	0.7220812
2756000	67.85115	-63.93563	131.7868	0.05	0.05458272	0.238907	0.0247188	0.0915301	0.0743526	0.0733611	5.18805e-12	3.39742e-06	0.00858702	3.99141	1	0.5028695
2757000	63.20573	-64.87375	128.0795	0.05	0.02244101	0.0395585	0.0176357	0.217918	0.296584	0.277577	8.29943e-28	4.30883e-14	4.54257e-06	4	1	0.8492734
2758000	57.98111	-68.75343	126.7345	0.05	0.1220142	0.369951	0.248334	0.178372	0.0466305	0.16537	6.39977e-06	0.00375021	0.156939	3.8393	1	1.008658
2759000	65.01613	-65.03338	130.0495	0.05	0.03556089	0.138937	0.0390709	0.189497	0.290727	0.00510595	6.54986e-18	3.8235e-09	0.000513347	3.99949	1	0.6633378
2760000	64.16483	-65.67495	129.8398	0.05	0.07616738	0.161266	0.0603091	0.0843336	0.36571	0.0283628	6.90639e-09	0.000123734	0.038191	3.96169	1	0.6999823
2761000	67.00544	-63.43713	130.4426	0.05	0.05897593	0.344373	0.0153796	0.149244	0.110043	0.0258481	3.43831e-11	8.74298e-06	0.0127121	3.98728	1	0.644888
2762000	68.9668	-64.17164	133.1384	0.05	0.07905853	0.154963	0.0245641	0.0365232	0.0709585	0.0916503	1.3431e-08	0.000172508	0.0438403	3.95599	1	0.3786591
2763000	65.95737	-66.71414	132.6715	0.05	8.792377e-05	0.17529	0.0446329	0.00435721	0.140705	0.0803133	0	0	0	4	1	0.4452978
2764000	63.38102	-67.65613	131.0371	0.05	0.1188302	0.0317964	0.122697	0.148725	0.192239	0.0609987	4.72247e-06	0.00322262	0.147432	3.84934	1	0.5564558
2765000	63.5941	-67.14658	130.7407	0.05	0.7466902	0.171801	0.0396477	0.151724	0.0977189	0.0786451	0.0841763	0.384752	0.941014	2.59006	1	0.5395368
2766000	66.39042	-66.39395	132.7844	0.05	0.1619757	0.0394443	0.0222046	0.0443348	0.213726	0.0604754	0.000104931	0.0151066	0.27758	3.70721	1	0.3801851
2767000	65.8923	-65.51641	131.4087	0.05	0.1848293	0.293649	0.0915413	0.0117807	0.0560171	0.0668355	0.000301353	0.0255074	0.342921	3.63127	1	0.5198233
2768000	65.58379	-65.85372	131.4375	0.05	0.06296335	0.229423	0.0811393	0.0755981	0.0827138	0.0411938	1.5225e-10	1.83917e-05	0.017309	3.98267	1	0.510068
2769000	65.94507	-64.80468	130.7498	0.05	0.6030364	0.199737	0.0425307	0.0351224	0.132413	0.148114	0.0537349	0.313956	0.88286	2.74945	1	0.5579168
2770000	65.5918	-64.41032	130.0021	0.05	0.01904053	0.0234573	0.0706283	0.0857825	0.362063	0.120325	1.3426e-32	1.73355e-16	4.60533e-07	4	1	0.6622568
2771000	64.10911	-64.42809	128.5372	0.05	0.06399303	0.00875083	0.090902	0.0912459	0.404824	0.214685	2.16941e-10	2.19521e-05	0.0186284	3.98135	1	0.8104076
2772000	67.31552	-65.81081	133.1263	0.05	0.05100409	0.144074	0.0398572	0.00556301	0.142174	0.013821	8.73663e-13	1.3946e-06	0.00593433	3.99406	1	0.3454897
2773000	66.52613	-63.79772	130.3239	0.05	0.146495	0.176653	0.0401493	0.038003	0.193132	0.174764	4.25711e-05	0.00964337	0.231229	3.75908	1	0.6227016
2774000	66.30761	-64.58255	130.8902	0.05	0.03574861	0.125388	0.0233877	0.0935567	0.306664	0.0295803	8.03754e-18	4.23545e-09	0.000535609	3.99946	1	0.5785767
2775000	65.48355	-64.32765	129.8112	0.05	0.683825	0.354193	0.0285691	0.000695292	0.187975	0.0922627	0.0707371	0.355797	0.918724	2.65474	1	0.6636948
2776000	60.966	-66.26326	127.2293	0.05	2.717071	0.143257	0.0372751	0.114083	0.308609	0.101984	0.366116	0.714553	1.08071	1.83862	1	0.7052082
2777000	61.8229	-68.57792	130.4008	0.05	0.3688482	0.117254	0.020451	0.101989	0.337274	0.0420388	0.0124887	0.158132	0.695244	3.13414	1	0.6190069
2778000	58.91408	-67.7211	126.6352	0.05	1.292281	0.125078	0.0266326	0.227048	0.340767	0.164502	0.191379	0.549886	1.03548	2.22326	1	0.8840274
2779000	63.49464	-69.89924	133.3939	0.05	0.5417027	0.0792963	0.0133186	0.0984521	0.05593	0.0381235	0.0413536	0.278271	0.848391	2.83198	1	0.2851204
2780000	57.5447	-65.02057	122.5653	0.05	0.08462583	0.345978	0.120091	0.440868	0.115169	0.379622	4.25315e-08	0.000306834	0.0556771	3.94402	1	1.401728
2781000	65.17895	-65.87977	131.0587	0.05	0.1801147	0.1495	0.0149147	0.130643	0.155794	0.129626	0.000247799	0.0231485	0.32981	3.64679	1	0.5804777
2782000	66.2403	-67.44766	133.688	0.05	0.1360492	0.0600034	0.0498541	0.0915499	0.0577169	0.0355786	2.06185e-05	0.00672027	0.199464	3.7938	1	0.2947029
2783000	65.05881	-68.1022	133.161	0.05	0.03749144	0.14658	0.112843	0.0151186	0.00975463	0.0810401	4.87401e-17	1.04284e-08	0.000778393	3.99922	1	0.3653361
2784000	64.65195	-65.00847	129.6604	0.05	0.06039346	0.122749	0.0459975	0.0708457	0.460111	0.00666158	5.96835e-11	1.15176e-05	0.0142528	3.98574	1	0.7063652
2785000	67.99688	-66.47181	134.4687	0.05	0.2511173	0.140944	0.00526645	0.0580358	0.0455323	0.0165025	0.00216424	0.067498	0.503836	3.4265	1	0.2662811
2786000	61.5772	-66.44468	128.0219	0.05	0.563516	0.218708	0.159322	0.000852804	0.0809714	0.359115	0.0456815	0.291373	0.8615	2.80145	1	0.8189692
2787000	62.26569	-64.7275	126.9932	0.05	0.04805801	0.542995	0.0647135	0.0465053	0.138663	0.167912	1.65171e-13	6.06528e-07	0.00420079	3.9958	1	0.9607888
2788000	61.08208	-67.13082	128.2129	0.05	0.06076002	0.0886503	0.0395195	0.251541	0.185005	0.268396	6.85438e-11	1.23426e-05	0.014668	3.98532	1	0.8331115
2789000	66.18413	-65.20417	131.3883	0.05	0.2125465	0.085401	0.0477923	0.0597359	0.209747	0.0883894	0.00079843	0.0413126	0.415603	3.54229	1	0.4910657
2790000	62.83592	-65.20311	128.039	0.05	0.1403998	0.4704	0.0536904	0.0288816	0.2841	0.0343647	2.82553e-05	0.00786265	0.212714	3.77939	1	0.8714372
2791000	62.07156	-67.56135	129.6329	0.05	0.5254052	0.125068	0.1514	0.0682382	0.310789	0.0122331	0.0381876	0.268178	0.837908	2.85573	1	0.6677273
2792000	62.57291	-64.89233	127.4652	0.05	2.22091	0.218941	0.0302078	0.0248879	0.304491	0.151255	0.318292	0.676621	1.07465	1.93044	1	0.7297826
2793000	63.24529	-66.85512	130.1004	0.05	0.01858219	0.147844	0.0975175	0.131235	0.276278	0.0459541	2.22878e-33	7.0634e-17	3.17284e-07	4	1	0.6988284
2794000	62.67357	-65.18222	127.8558	0.05	0.02935432	0.0976703	0.0411796	0.214116	0.427436	0.133447	1.72581e-21	6.20972e-11	9.28944e-05	3.99991	1	0.9138481
2795000	60.17072	-65.63971	125.8104	0.05	4.666401	0.291277	0.00602749	0.0416739	0.174135	0.142242	0.487603	0.795501	1.08383	1.63307	1	0.6553556
2796000	64.19322	-64.3447	128.5379	0.05	0.04417249	0.207921	0.189757	0.0246627	0.297645	0.0698948	1.3069e-14	1.70667e-07	0.00248222	3.99752	1	0.7898813
2797000	66.32093	-66.18804	132.509	0.05	0.04089713	0.187466	0.0992366	0.0262314	0.0720491	0.0460589	1.05903e-15	4.85962e-08	0.00147401	3.99853	1	0.4310424
2798000	69.35563	-64.49303	133.8487	0.05	0.5048627	0.164237	0.0255596	0.00473328	0.0720059	0.0531391	0.0342925	0.255079	0.823775	2.88685	1	0.3196752
2799000	59.16247	-72.58736	131.7498	0.05	0.894664	0.294807	0.00792619	0.0123171	0.0731719	0.0292812	0.115487	0.442629	0.98009	2.46179	1	0.4175028
2800000	64.81589	-66.3475	131.1634	0.05	0.3504815	0.284225	0.0177244	0.123993	0.0574447	0.0559921	0.0102659	0.14393	0.671615	3.17419	1	0.5393795
2801000	60.02991	-66.18224	126.2122	0.05	0.08981011	0.164917	0.00243392	0.361539	0.511169	0.0152326	1.09402e-07	0.000491884	0.0677197	3.93179	1	1.055292
2802000	66.46387	-65.48083	131.9447	0.05	0.130505	0.248318	0.0615295	0.0610151	0.0569868	0.0708211	1.33854e-05	0.00541833	0.182592	3.81198	1	0.4986703
2803000	66.54555	-67.45198	133.9975	0.05	0.01272308	0.0727577	0.100369	0.031249	0.0710316	0.0105624	2.67946e-48	2.45034e-24	2.54458e-10	4	1	0.2859697
2804000	66.04103	-66.35514	132.3962	0.05	0.06980044	0.187274	0.00388296	0.0438712	0.0830826	0.123557	1.31429e-09	5.40058e-05	0.0270696	3.97288	1	0.4416683
2805000	67.03005	-65.72709	132.7571	0.05	0.005181889	0.134396	0.106633	0.0184115	0.055386	0.0941278	3.66005e-117	9.06219e-59	1.30432e-24	4	1	0.4089541
2806000	67.49194	-65.74249	133.2344	0.05	0.6698022	0.187089	0.0156838	0.0262634	0.0584018	0.0445748	0.0677533	0.348927	0.913143	2.67018	1	0.3320125
2807000	65.10824	-65.10413	130.2124	0.05	0.1557492	0.171024	0.0118223	0.188829	0.204354	0.0519756	7.45946e-05	0.0127487	0.259091	3.72809	1	0.6280047
2808000	59.65957	-66.96717	126.6267	0.05	0.2395238	0.289911	0.0663123	0.127916	0.359944	0.153557	0.00165894	0.0592355	0.478866	3.46024	1	0.9976401
2809000	67.83118	-66.00761	133.8388	0.05	0.3635931	0.0773073	0.0204897	0.034267	0.123039	0.0450563	0.0118314	0.154085	0.688675	3.14541	1	0.3001594
2810000	63.8403	-64.11215	127.9524	0.05	0.18828	0.297928	0.0131849	0.167903	0.255211	0.150931	0.000345594	0.0272996	0.352384	3.61997	1	0.8851587
2811000	63.76351	-66.92047	130.684	0.05	0.3507907	0.0523626	0.0995581	0.0885442	0.281995	0.074148	0.0103016	0.14417	0.672029	3.1735	1	0.5966077
2812000	63.63026	-65.99515	129.6254	0.05	0.1710752	0.109156	0.0668384	0.0259391	0.310636	0.182019	0.00016521	0.018929	0.304115	3.67679	1	0.6945888
2813000	60.57677	-65.46276	126.0395	0.05	2.621394	0.278149	0.0840977	0.075197	0.180635	0.187661	0.357672	0.708148	1.07988	1.8543	1	0.805739
2814000	69.30466	-64.78297	134.0876	0.05	0.1240343	0.267474	0.00621877	0.0276968	0.0241963	0.0051186	7.69828e-06	0.00411218	0.163009	3.83287	1	0.3307045
2815000	66.71712	-64.95882	131.6759	0.05	0.08536932	0.202638	0.0397869	0.140174	0.0791418	0.023698	4.90477e-08	0.00032948	0.057347	3.94232	1	0.4854387
2816000	65.60155	-65.65194	131.2535	0.05	0.004801079	0.11938	0.163771	0.0907011	0.152204	0.00905065	2.22833e-126	2.23611e-63	1.59594e-26	4	1	0.5351063
2817000	60.50884	-65.16248	125.6713	0.05	0.03751209	0.166371	0.296125	0.450027	0.086914	0.10136	4.97425e-17	1.0535e-08	0.000781687	3.99922	1	1.100797
2818000	61.25822	-65.90909	127.1673	0.05	1.397345	0.291199	0.142396	0.0505546	0.105669	0.223804	0.20902	0.570527	1.04378	2.17668	1	0.8136232
2819000	56.83546	-69.99851	126.834	0.05	2.205247	0.224783	0.135255	0.224604	0.137844	0.0327628	0.316603	0.675203	1.07437	1.93382	1	0.7552492
2820000	54.15233	-69.36736	123.5197	0.05	4.510336	0.120765	0.11158	0.190149	0.227284	0.220968	0.480375	0.791193	1.08403	1.6444	1	0.8707456
2821000	62.75501	-65.7386	128.4936	0.05	0.01678354	0.164735	0.0290804	0.25222	0.359844	0.00345457	7.51603e-37	1.29731e-18	6.03998e-08	4	1	0.8093345
2822000	62.44573	-64.06585	126.5116	0.05	0.09108973	0.266156	0.141499	0.0502808	0.479162	0.0693033	1.35865e-07	0.000548094	0.0708282	3.92862	1	1.0064
2823000	65.03893	-67.10655	132.1455	0.05	0.5814694	0.198271	0.001106	0.135387	0.0929281	0.0334037	0.04931	0.301814	0.871562	2.77731	1	0.4610958
2824000	62.16446	-66.77269	128.9372	0.05	0.6542208	0.317594	0.0525198	0.0823214	0.161519	0.102901	0.0644499	0.341105	0.906646	2.6878	1	0.7168555
2825000	70.07986	-65.84421	135.9241	0.05	0.02196726	0.070683	0.0224317	0.0243119	0.0334574	0.0023363	2.19025e-28	2.2136e-14	3.44563e-06	4	1	0.1532203
2826000	65.85318	-64.33402	130.1872	0.05	0.006444295	0.214113	0.0687324	0.155637	0.127571	0.0917074	2.10646e-94	2.17379e-47	6.89365e-20	4	1	0.6577601
2827000	67.39911	-66.58011	133.9792	0.05	0.08234213	0.103898	0.00613246	0.0277662	0.059361	0.0700392	2.70122e-08	0.000244576	0.0506759	3.94908	1	0.2671973
2828000	69.19047	-64.26247	133.4529	0.05	0.07766373	0.193854	0.0166747	0.0348087	0.0862383	0.0138351	9.80482e-09	0.00014741	0.0410703	3.95878	1	0.3454105
2829000	68.01049	-65.46035	133.4708	0.05	0.1436831	0.220736	0.0166241	0.0299649	0.0638474	0.0226157	3.53893e-05	0.00879569	0.222699	3.76847	1	0.353788
2830000	58.23448	-67.60977	125.8442	0.05	0.0220235	0.0678742	0.574799	0.153487	0.234123	0.0648374	2.57326e-28	2.39934e-14	3.56279e-06	4	1	1.09512
2831000	66.35259	-64.25712	130.6097	0.05	0.1310788	0.212721	0.086307	0.0213179	0.213172	0.06185	1.40212e-05	0.00554515	0.184335	3.81011	1	0.5953677
2832000	68.37154	-66.60671	134.9782	0.05	0.1366945	0.0660975	0.00770499	0.0180934	0.0377668	0.0355496	2.16325e-05	0.00688298	0.20143	3.79167	1	0.1652124
2833000	66.89457	-65.23729	132.1319	0.05	0.103508	0.110039	0.0875099	0.0144233	0.0824078	0.16447	8.4182e-07	0.00136274	0.103305	3.89533	1	0.4588503
2834000	65.72739	-64.37194	130.0993	0.05	0.02283187	0.208346	0.0349276	0.18233	0.13045	0.104703	2.38946e-27	7.31088e-14	5.65694e-06	3.99999	1	0.6607571
2835000	61.73739	-65.33464	127.072	0.05	0.6588362	0.132745	0.0295698	0.12941	0.39089	0.229807	0.0654269	0.343443	0.908604	2.68253	1	0.912422
2836000	62.98965	-69.52691	132.5166	0.05	0.2055373	0.105242	0.0576682	0.0360114	0.0801393	0.139071	0.000639788	0.0370298	0.397954	3.56438	1	0.4181317
2837000	63.52229	-66.72164	130.2439	0.05	0.2512331	0.083189	0.0249103	0.114748	0.213847	0.201824	0.00216972	0.0675819	0.504079	3.42617	1	0.6385186
2838000	66.62266	-65.69299	132.3156	0.05	0.09558184	0.248817	0.0625884	0.0129201	0.0961101	0.0179335	2.77604e-07	0.000783138	0.0821233	3.91709	1	0.4383693
2839000	63.56734	-66.97722	130.5446	0.05	0.01237286	0.060532	0.115497	0.166015	0.0821719	0.214055	1.22641e-49	5.24244e-25	1.34179e-10	4	1	0.6382707
2840000	63.30876	-63.9102	127.219	0.05	0.0462171	0.302712	0.051606	0.0673738	0.39628	0.140527	5.23679e-14	3.41574e-07	0.00331028	3.99669	1	0.9584987
2841000	63.90334	-67.72789	131.6312	0.05	0.06821203	0.0414171	0.0250485	0.040013	0.0969209	0.327579	8.27845e-10	4.28674e-05	0.0245944	3.97536	1	0.5309782
2842000	65.43736	-68.39729	133.8347	0.05	0.1382773	0.0724431	0.0773389	0.0761292	0.0516696	0.00972339	2.42894e-05	0.00729198	0.206251	3.78643	1	0.2873042
2843000	69.5301	-64.37865	133.9087	0.05	0.2332633	0.108254	0.0237967	0.00992646	0.0865159	0.0502835	0.00142132	0.0548982	0.464837	3.47884	1	0.2787767
2844000	62.73937	-68.00081	130.7402	0.05	0.3209666	0.158397	0.0235625	0.115314	0.130332	0.159395	0.00714941	0.120873	0.62939	3.24259	1	0.5870007
2845000	65.51352	-65.59492	131.1084	0.05	0.0738375	0.0643199	0.147397	0.116407	0.232413	0.00891253	3.89045e-09	9.28853e-05	0.0339045	3.966	1	0.569449
2846000	63.13623	-68.95879	132.095	0.05	0.6376519	0.0775853	0.118323	0.0530919	0.0474084	0.128733	0.0609551	0.332566	0.899376	2.7071	1	0.4251419
2847000	67.39532	-64.47069	131.866	0.05	0.1468236	0.197774	0.0566178	0.0663648	0.12104	0.0574889	4.34804e-05	0.00974538	0.232225	3.75799	1	0.4992854
2848000	67.48163	-63.73177	131.2134	0.05	0.002856765	0.288664	0.0308849	0.00859798	0.0806663	0.136421	1.00057e-211	4.73917e-106	3.10371e-44	4	1	0.5452345
2849000	63.0989	-63.97825	127.0772	0.05	0.07059876	0.499673	0.116217	0.0902622	0.125756	0.110783	1.64501e-09	6.04157e-05	0.0283599	3.97158	1	0.9426914
2850000	68.06028	-64.7194	132.7797	0.05	0.120076	0.218559	0.00998346	0.0650924	0.0443522	0.0738593	5.32903e-06	0.00342287	0.151142	3.84543	1	0.4118466
2851000	66.19303	-65.77598	131.969	0.05	1.100101	0.125968	0.0652066	0.00364061	0.125851	0.0873308	0.156483	0.504902	1.01479	2.32383	1	0.4079962
2852000	68.40665	-63.47921	131.8859	0.05	0.07255139	0.228476	0.00616421	0.0903108	0.124449	0.0520903	2.78964e-09	7.86626e-05	0.031644	3.96828	1	0.5014898
2853000	63.08015	-64.28114	127.3613	0.05	0.02798347	0.302376	0.189325	0.0238111	0.328108	0.112794	1.70746e-22	1.95345e-11	5.74892e-05	3.99994	1	0.9564134
2854000	62.95588	-66.29034	129.2462	0.05	0.03231818	0.495992	0.052327	0.0842047	0.108021	0.0134258	1.31138e-19	5.41164e-10	0.000228093	3.99977	1	0.7539711
2855000	61.79065	-66.4131	128.2037	0.05	0.05677087	0.264956	0.00893559	0.401044	0.10151	0.0898637	1.38035e-11	5.54066e-06	0.0105195	3.98947	1	0.8663087
2856000	64.31189	-63.631	127.9429	0.05	0.08189013	0.444687	0.00564539	0.00724958	0.178363	0.230355	2.46169e-08	0.000233489	0.0497095	3.95006	1	0.8663002
2857000	60.44467	-65.91229	126.357	0.05	0.5624371	0.347352	0.00895624	0.310422	0.103348	0.210867	0.0454652	0.290736	0.860875	2.80292	1	0.9809453
2858000	66.7581	-65.67491	132.433	0.05	0.3516606	0.113037	0.064695	0.0186139	0.150723	0.0479657	0.0104023	0.144846	0.67319	3.17156	1	0.3950347
2859000	62.4944	-65.0822	127.5766	0.05	0.1209922	0.240949	0.123567	0.201201	0.132239	0.214188	5.81509e-06	0.00357521	0.153879	3.84254	1	0.9121437
2860000	62.81112	-68.28947	131.1006	0.05	0.01136835	0.0232877	0.320936	0.0189676	0.11251	0.0922702	6.15398e-54	3.71391e-27	1.71998e-11	4	1	0.5679716
2861000	57.36305	-67.16039	124.5234	0.05	3.068269	0.44556	0.128261	0.0838705	0.210299	0.0620405	0.394475	0.735239	1.08283	1.78745	1	0.930031
2862000	64.74127	-66.50773	131.249	0.05	0.1115813	0.251033	0.00785314	0.139662	0.043097	0.104389	2.21571e-06	0.00220908	0.126152	3.87164	1	0.5460333
2863000	67.35461	-67.66268	135.0173	0.05	0.4022456	0.0948061	0.0146541	0.0270144	0.0403935	0.0578148	0.0170397	0.183432	0.733699	3.06583	1	0.2346828
2864000	68.60663	-64.75215	133.3588	0.05	0.02334178	0.149201	0.0611858	0.0425982	0.0497097	0.0440331	9.0014e-27	1.41891e-13	7.44877e-06	3.99999	1	0.3467275
2865000	64.06945	-67.14023	131.2097	0.05	0.2115472	0.090037	0.0754803	0.132435	0.108659	0.118453	0.000774305	0.0406913	0.413118	3.54542	1	0.5250645
2866000	62.60962	-66.77406	129.3837	0.05	0.02673943	0.361826	0.0456052	0.0863591	0.0141647	0.250204	1.70401e-23	6.17177e-12	3.56416e-05	3.99996	1	0.758159
2867000	64.05812	-65.93642	129.9945	0.05	0.05061043	0.144443	0.18485	0.234843	0.0837487	0.0297386	7.07225e-13	1.25479e-06	0.00567981	3.99432	1	0.6776226
2868000	64.25009	-66.25515	130.5052	0.05	0.07787907	0.0940233	0.22663	0.0935792	0.183586	0.0303173	1.03005e-08	0.000151088	0.0414926	3.95836	1	0.6281366
2869000	61.32316	-64.61785	125.941	0.05	1.478888	0.584475	0.037651	0.0950363	0.207478	0.0521781	0.222043	0.585004	1.04916	2.1438	1	0.9768181
2870000	59.87266	-70.84093	130.7136	0.05	0.4620956	0.0546326	0.182774	0.159554	0.18687	0.0106777	0.0265963	0.226452	0.790601	2.95635	1	0.5945084
2871000	65.52271	-66.54859	132.0713	0.05	0.2501334	0.135941	0.0786519	0.0266489	0.157635	0.0475198	0.00211798	0.0667863	0.501767	3.42933	1	0.4463967
2872000	62.02725	-64.98969	127.0169	0.05	0.6209317	0.156688	0.0194644	0.0936299	0.402005	0.238159	0.0574519	0.323709	0.891633	2.72721	1	0.9099472
2873000	62.98218	-68.05118	131.0334	0.05	0.1061547	0.00761096	0.129969	0.130885	0.235562	0.0582766	1.17505e-06	0.00160961	0.110674	3.88772	1	0.5623033
2874000	65.88631	-67.5149	133.4012	0.05	0.09453736	0.12224	0.0610542	0.103761	0.00561488	0.0374857	2.36541e-07	0.000722969	0.0794465	3.91983	1	0.3301562
2875000	62.13741	-66.26458	128.402	0.05	0.8756211	0.343113	0.0553494	0.0972859	0.235961	0.025326	0.111519	0.435887	0.975891	2.4767	1	0.7570347
2876000	62.76822	-69.71163	132.4798	0.05	0.04431757	0.215965	0.107827	0.0736446	0.0404748	0.0269327	1.44828e-14	1.79659e-07	0.00253567	3.99746	1	0.464844
2877000	58.09774	-67.90465	126.0024	0.05	0.1405843	0.171022	0.373668	0.404361	0.101093	0.0105237	2.8623e-05	0.00791346	0.213276	3.77878	1	1.060667
2878000	63.98769	-65.43668	129.4244	0.05	0.1716986	0.080345	0.0786823	0.111531	0.24133	0.21422	0.000170128	0.0192067	0.30591	3.67471	1	0.7261074
2879000	63.63162	-66.67182	130.3034	0.05	0.07733452	0.0983454	0.0636586	0.00498905	0.32255	0.137873	9.08789e-09	0.000141922	0.0404285	3.95943	1	0.6274156
2880000	62.58074	-67.83432	130.4151	0.05	0.1823978	0.0589054	0.00156072	0.130143	0.25969	0.172941	0.000272772	0.0242777	0.336185	3.63927	1	0.6232398
2881000	64.86554	-65.78504	130.6506	0.05	0.1348579	0.0351658	0.00460503	0.191063	0.154219	0.211492	1.88471e-05	0.00642605	0.195835	3.79772	1	0.5965454
2882000	58.90832	-66.68941	125.5977	0.05	0.3474607	0.312731	0.137892	0.108811	0.35747	0.180255	0.00992066	0.141579	0.667543	3.18096	1	1.09716
2883000	67.2553	-66.52193	133.7772	0.05	0.08337588	0.0782857	0.0331873	0.0925191	0.0736722	0.0170793	3.32768e-08	0.000271435	0.0529155	3.94681	1	0.2947437
2884000	58.67992	-68.32427	127.0042	0.05	0.6292294	0.0162063	0.147059	0.135067	0.491448	0.13683	0.0591871	0.328135	0.895528	2.71715	1	0.9266105
2885000	67.41292	-65.24367	132.6566	0.05	0.7868247	0.129327	0.02494	0.023109	0.130738	0.0627946	0.0927522	0.401775	0.953236	2.55224	1	0.3709085
2886000	64.92689	-65.48878	130.4157	0.05	5.061167	0.174875	0.0362786	0.0216468	0.0296104	0.0151373	0.504598	0.805411	1.08319	1.6068	1	0.2775475
2887000	66.89183	-65.38274	132.2746	0.05	0.1242555	0.148886	0.0701826	0.035765	0.188846	0.00630646	7.85272e-06	0.00415313	0.163675	3.83216	1	0.4499852
2888000	65.77144	-63.96733	129.7388	0.05	0.07846794	0.382943	0.0161554	0.0323879	0.202296	0.0505154	1.17716e-08	0.000161508	0.0426574	3.95718	1	0.6842984
2889000	65.26071	-64.43861	129.6993	0.05	0.068834	0.224279	0.0411856	0.138371	0.0962429	0.204465	9.94621e-10	4.69849e-05	0.0255489	3.9744	1	0.7045438
2890000	63.13773	-64.80643	127.9442	0.05	0.04521625	0.425659	0.117306	0.148182	0.144071	0.048844	2.69647e-14	2.45124e-07	0.00288455	3.99712	1	0.8840616
2891000	67.38866	-65.41817	132.8068	0.05	0.07307303	0.0770367	0.0838745	0.0159246	0.130676	0.0816454	3.19706e-09	8.42074e-05	0.0325516	3.96736	1	0.3891569
2892000	68.69222	-66.44437	135.1366	0.05	0.01125538	0.0514464	0.048303	0.0139114	0.041494	0.0355621	1.80968e-54	2.014e-27	1.3342e-11	4	1	0.190717
2893000	63.85791	-65.98217	129.8401	0.05	0.2017801	0.0429516	0.119046	0.157355	0.221801	0.12698	0.000564561	0.0348087	0.388288	3.57634	1	0.6681342
2894000	63.36556	-67.04844	130.414	0.05	1.849009	0.153037	0.0946229	0.043149	0.122615	0.115965	0.274559	0.637933	1.06571	2.0218	1	0.52939
2895000	68.06518	-65.30432	133.3695	0.05	0.04722496	0.152207	0.0484537	0.0447773	0.0525699	0.0700919	9.93123e-14	4.70345e-07	0.00378015	3.99622	1	0.3681
2896000	59.48276	-67.6127	127.0955	0.05	0.5704788	0.45898	0.217699	0.108564	0.00010808	0.145521	0.0470821	0.295459	0.865477	2.79198	1	0.9308719
2897000	62.42848	-65.04937	127.4779	0.05	0.06255765	0.261594	0.0490344	0.362456	0.227066	0.0248625	1.32e-10	1.71256e-05	0.016804	3.98318	1	0.9250123
2898000	61.49569	-64.88181	126.3775	0.05	0.03675269	0.238373	0.171426	0.26961	0.333937	0.0101584	2.31822e-17	7.19248e-09	0.00066721	3.99933	1	1.023504
2899000	62.69977	-66.0365	128.7363	0.05	0.2464859	0.33331	0.0169905	0.0543881	0.28563	0.0752773	0.00195201	0.0641642	0.494016	3.43987	1	0.7655955
2900000	66.25741	-66.42807	132.6855	0.05	0.1568128	0.123146	0.0595617	0.0259123	0.136785	0.051913	7.92239e-05	0.0131363	0.262266	3.72452	1	0.3973178
2901000	63.29141	-66.29758	129.589	0.05	0.3694379	0.23174	0.0529548	0.137317	0.0653454	0.190389	0.0125635	0.158585	0.695972	3.13288	1	0.6777472
2902000	67.09161	-64.64574	131.7373	0.05	0.2663299	0.19722	0.0039964	0.052058	0.159208	0.0523973	0.00296173	0.0787109	0.534682	3.38365	1	0.4648799
2903000	66.34357	-66.11063	132.4542	0.05	0.7490273	0.178534	0.0135913	0.0275721	0.097742	0.0440454	0.0846764	0.385773	0.941765	2.58779	1	0.3614849
2904000	60.9806	-66.43919	127.4198	0.05	0.1822397	0.0325039	0.299155	0.0350059	0.350008	0.188298	0.000270985	0.0241987	0.335745	3.63979	1	0.9049707
2905000	64.01704	-65.95103	129.9681	0.05	0.07056844	0.0494714	0.158654	0.111167	0.157794	0.193327	1.6312e-09	6.01617e-05	0.0283104	3.97163	1	0.6704136
2906000	65.54572	-67.4763	133.022	0.05	0.2369674	0.0503675	0.0422854	0.088923	0.0696443	0.10439	0.00155899	0.0574531	0.473184	3.4678	1	0.3556099
2907000	61.43872	-68.24407	129.6828	0.05	0.08197357	0.403455	0.0378491	0.0884426	0.0146995	0.180364	2.50445e-08	0.000235507	0.0498874	3.94988	1	0.7248098
2908000	65.07022	-64.65828	129.7285	0.05	0.05461819	0.216309	0.0918191	0.13824	0.197145	0.0425891	5.27429e-12	3.42553e-06	0.00861644	3.99138	1	0.6861016
2909000	69.53072	-63.69514	133.2259	0.05	0.09624853	0.181348	0.0129004	0.0311693	0.0781992	0.0634317	3.06909e-07	0.000823387	0.0838471	3.91533	1	0.3670482
2910000	62.74629	-66.17152	128.9178	0.05	0.06382433	0.0670555	0.173306	0.0385066	0.405332	0.0901056	2.04874e-10	2.13331e-05	0.0184085	3.98157	1	0.7743057
2911000	64.03671	-64.1409	128.1776	0.05	0.014674	0.17298	0.159879	0.0549866	0.297743	0.167287	5.23799e-42	3.42539e-21	5.14072e-09	4	1	0.8528757
2912000	67.79681	-65.91678	133.7136	0.05	0.07589214	0.116079	0.00257133	0.0436169	0.0657518	0.0777544	6.46552e-09	0.000119722	0.037672	3.96221	1	0.3057732
2913000	59.40237	-65.90035	125.3027	0.05	0.7760025	0.142015	0.165039	0.214353	0.240575	0.298144	0.090443	0.39729	0.950077	2.56219	1	1.060126
2914000	65.06942	-65.56249	130.6319	0.05	0.2240399	0.272456	0.0619891	0.0568947	0.19143	0.0186613	0.00111409	0.0486928	0.443455	3.50674	1	0.6014314
2915000	62.54986	-64.09279	126.6427	0.05	0.02684739	0.280709	0.0179151	0.215429	0.487917	0.0114934	2.09898e-23	6.84973e-12	3.72168e-05	3.99996	1	1.013463
2916000	61.03646	-66.72206	127.7585	0.05	0.06508158	0.242664	0.322796	0.00244345	0.177945	0.174934	3.1162e-10	2.63074e-05	0.020082	3.97989	1	0.9207815
2917000	64.78678	-64.13622	128.923	0.05	0.05282257	0.440734	0.0011246	0.13984	0.00250978	0.20249	2.2263e-12	2.22589e-06	0.00720496	3.99279	1	0.7866979
2918000	65.30434	-65.89893	131.2033	0.05	0.6375609	0.169221	0.0664766	0.0325624	0.192259	0.0360644	0.0609359	0.332518	0.899335	2.70721	1	0.4965831
2919000	64.82425	-66.68445	131.5087	0.05	0.1211923	0.121367	0.00673764	0.0460733	0.145517	0.235514	5.92596e-06	0.00360905	0.154478	3.84191	1	0.5552095
2920000	68.2555	-64.52572	132.7812	0.05	0.175916	0.0975767	0.00219115	0.0722833	0.141167	0.0825572	0.000206337	0.0211378	0.317963	3.66069	1	0.3957752
2921000	67.22161	-64.28985	131.5115	0.05	0.3700654	0.204056	0.0245742	0.029142	0.141573	0.115941	0.0126433	0.159067	0.696744	3.13155	1	0.5152859
2922000	63.62144	-65.49855	129.12	0.05	0.3051841	0.308561	0.0103779	0.0127105	0.364027	0.0737202	0.00572525	0.108534	0.604407	3.28133	1	0.7693974
2923000	60.73633	-67.18953	127.9259	0.05	0.2537941	0.0668967	0.236117	0.129408	0.290221	0.135781	0.00229332	0.0694434	0.509419	3.41884	1	0.8584234
2924000	66.745	-65.49691	132.2419	0.05	0.2681549	0.139035	0.0574918	0.0217545	0.126108	0.139841	0.00306796	0.0800793	0.538241	3.37861	1	0.484231
2925000	68.87681	-65.37985	134.2567	0.05	0.3448282	0.111846	0.0248763	0.0308955	0.0803879	0.0326616	0.00962455	0.139529	0.66395	3.1869	1	0.2806677
2926000	61.06949	-65.60936	126.6789	0.05	1.156699	0.49064	0.111711	0.0145718	0.253269	0.0688081	0.167118	0.519267	1.02179	2.29183	1	0.9389995
2927000	60.83205	-66.25121	127.0833	0.05	0.6570041	0.509539	0.143285	0.0243677	0.0817039	0.148136	0.0650389	0.342517	0.90783	2.68461	1	0.9070308
2928000	65.10874	-66.4597	131.5684	0.05	0.6336331	0.14653	0.0268412	0.11587	0.126495	0.0767556	0.0601107	0.330459	0.897553	2.71188	1	0.4924924
2929000	65.49408	-68.00341	133.4975	0.05	0.09936223	0.22581	0.0766282	0.00316738	0.00830419	0.0676615	4.81742e-07	0.00103129	0.0920456	3.90692	1	0.3815715
2930000	68.57068	-66.45496	135.0256	0.05	1.360124	0.0703852	0.013899	0.0214756	0.0444135	0.020782	0.202884	0.563488	1.04103	2.1926	1	0.1709552
2931000	65.15734	-65.82034	130.9777	0.05	0.1501701	0.294785	0.063666	0.163729	0.0288112	0.033445	5.36358e-05	0.0108188	0.242339	3.74679	1	0.5844366
2932000	61.2269	-67.43968	128.6666	0.05	0.8744457	0.307706	0.172665	0.119477	0.0866722	0.0601881	0.111274	0.435465	0.975625	2.47764	1	0.7467075
2933000	65.39297	-65.19447	130.5874	0.05	0.1061389	0.0185444	0.142325	0.0234017	0.328221	0.0860323	1.17277e-06	0.00160805	0.11063	3.88776	1	0.5985247
2934000	60.3059	-66.73713	127.043	0.05	0.3169036	0.650113	0.0997169	0.082121	0.0359032	0.116104	0.0067663	0.117693	0.623128	3.25241	1	0.9839587
2935000	56.71131	-70.19096	126.9023	0.05	0.3067713	0.094724	0.205914	0.1112	0.440728	0.125335	0.00586065	0.109772	0.607001	3.27737	1	0.9779009
2936000	65.45197	-65.91653	131.3685	0.05	1.193912	0.209037	0.00157831	0.052684	0.135533	0.0670689	0.173948	0.528174	1.02594	2.27194	1	0.4659016
2937000	63.5713	-64.4728	128.0441	0.05	0.01216976	0.343939	0.0696657	0.0233197	0.276225	0.161689	1.89045e-50	2.05828e-25	9.10284e-11	4	1	0.8748383
2938000	65.51833	-64.68155	130.1999	0.05	0.7222354	0.169534	0.00907199	0.0613055	0.215997	0.157433	0.0789427	0.373835	0.932837	2.61438	1	0.6133412
2939000	67.07479	-63.85638	130.9312	0.05	0.008613509	0.336466	0.00951726	0.0925675	0.119842	0.031486	7.10359e-71	1.26211e-35	5.25779e-15	4	1	0.5898795
2940000	65.14758	-67.55898	132.7066	0.05	0.0995837	0.0623416	0.0712283	0.138702	0.121951	0.00583093	4.96906e-07	0.00104737	0.0926376	3.90631	1	0.4000544
2941000	65.7182	-65.56035	131.2785	0.05	0.3817077	0.198802	0.0743315	0.0039388	0.154569	0.124267	0.0141663	0.167965	0.710702	3.10717	1	0.5559072
2942000	66.84312	-65.44674	132.2899	0.05	0.110376	0.166675	0.0336608	0.054601	0.142719	0.0429903	1.93495e-06	0.00206464	0.122675	3.87526	1	0.4406464
2943000	67.31918	-64.76096	132.0801	0.05	0.2902004	0.171529	0.0292848	0.0654419	0.107326	0.0853465	0.00453412	0.0968966	0.578972	3.3196	1	0.4589279
2944000	61.82565	-66.07775	127.9034	0.05	0.4034882	0.333558	0.00397055	0.21316	0.262192	0.0221558	0.0172208	0.184357	0.735028	3.06339	1	0.8350362
2945000	64.76838	-64.79846	129.5668	0.05	0.008968155	0.168859	0.00502053	0.155977	0.364113	0.014296	4.12606e-68	3.04168e-34	1.96959e-14	4	1	0.7082657
2946000	68.03829	-64.91963	132.9579	0.05	0.06164657	0.104528	0.0365052	0.0837725	0.0930722	0.0602775	9.51491e-11	1.45409e-05	0.0157007	3.98428	1	0.3781556
2947000	62.5175	-66.74424	129.2617	0.05	0.2777702	0.130138	0.10671	0.218762	0.121132	0.122109	0.00366569	0.0873556	0.556512	3.35247	1	0.6988511
2948000	67.05182	-64.53783	131.5897	0.05	0.02999849	0.173285	0.040891	0.0359615	0.195315	0.044481	4.7574e-21	1.03095e-10	0.000114641	3.99989	1	0.4899341
2949000	65.45975	-64.37679	129.8365	0.05	0.001682818	0.349672	0.0566539	0.0318747	0.204289	0.032463	0	1.46472e-179	9.60614e-75	4	1	0.6749526
2950000	69.54845	-65.22808	134.7765	0.05	2.132956	0.13219	0.00147148	0.0151392	0.0201734	0.00758657	0.308645	0.668446	1.07299	1.94992	1	0.1765604
2951000	65.90681	-65.00022	130.907	0.05	0.131778	0.291823	0.0305494	0.0785615	0.134693	0.0161993	1.48289e-05	0.00570216	0.186461	3.80782	1	0.5518265
2952000	61.80036	-66.02453	127.8249	0.05	0.2937291	0.151106	0.080611	0.205129	0.307892	0.108253	0.00480043	0.0996264	0.58512	3.31045	1	0.8529914
2953000	65.9917	-67.41006	133.4018	0.05	0.01665349	0.133157	0.0483758	0.0502083	0.00264168	0.0896288	3.94329e-37	9.39685e-19	5.28337e-08	4	1	0.3240119
2954000	64.75823	-67.44249	132.2007	0.05	0.06576865	0.289103	0.00293514	0.0293155	0.00173544	0.147881	3.8924e-10	2.94002e-05	0.0210303	3.97894	1	0.4709704
2955000	65.66968	-64.37099	130.0407	0.05	0.08046908	0.192097	0.0737246	0.0358633	0.273112	0.0605052	1.826e-08	0.000201119	0.0467237	3.95308	1	0.6353019
2956000	60.42861	-69.26742	129.696	0.05	1.34261	0.0469467	0.161457	0.0786955	0.197889	0.0815266	0.199953	0.560075	1.03967	2.20031	1	0.5665151
2957000	59.59215	-65.72691	125.3191	0.05	0.1747893	0.147303	0.323918	0.0938977	0.456902	0.107387	0.000196148	0.0206131	0.314758	3.66443	1	1.129408
2958000	58.58751	-65.45179	124.0393	0.05	0.4511663	0.377626	0.314691	0.0029685	0.339781	0.200306	0.0247345	0.218846	0.781205	2.97521	1	1.235371
2959000	65.87216	-64.28605	130.1582	0.05	0.1151857	0.309787	0.0569512	0.0699642	0.20699	0.00654015	3.26667e-06	0.00268131	0.13666	3.86066	1	0.6502328
2960000	64.92654	-66.46466	131.3912	0.05	0.1565526	0.100222	0.0244718	0.0877717	0.293248	0.0198185	7.80713e-05	0.0130409	0.26149	3.72539	1	0.5255322
2961000	62.14088	-66.79755	128.9384	0.05	0.2876127	0.111023	0.138376	0.0617482	0.170849	0.286024	0.00434439	0.0949001	0.574401	3.32635	1	0.7680194
2962000	62.30761	-66.47805	128.7857	0.05	0.01387332	0.0898792	0.104805	0.145679	0.0942682	0.353394	2.24545e-44	2.2429e-22	1.65843e-09	4	1	0.7880246
2963000	65.88489	-66.16116	132.0461	0.05	0.05778374	0.203711	0.0276697	0.134878	0.00721951	0.0857987	2.11743e-11	6.86175e-06	0.0114959	3.9885	1	0.4592763
2964000	64.92904	-65.99428	130.9233	0.05	0.177337	0.254735	0.11634	0.000875473	0.150548	0.0244539	0.000219742	0.0218086	0.32199	3.65598	1	0.5469518
2965000	65.65471	-66.79192	132.4466	0.05	0.09531474	0.0486874	0.0451374	0.106269	0.111746	0.108348	2.66559e-07	0.000767419	0.081436	3.9178	1	0.4201867
2966000	57.32444	-66.73542	124.0599	0.05	1.095548	0.139166	0.336282	0.117593	0.506089	0.0603547	0.155614	0.503701	1.01419	2.3265	1	1.159486
2967000	64.24557	-65.05542	129.301	0.05	0.4209743	0.27401	0.00612847	0.0173007	0.325997	0.12024	0.0198529	0.197243	0.753015	3.02989	1	0.7436758
2968000	65.92163	-66.82466	132.7463	0.05	0.1705605	0.0588126	0.0249486	0.0488024	0.140038	0.106211	0.000161231	0.0187011	0.302631	3.67851	1	0.3788128
2969000	65.66428	-64.74167	130.4059	0.05	0.6123135	0.20563	0.000916469	0.00863779	0.257463	0.123284	0.0556573	0.319048	0.887473	2.73782	1	0.5959322
2970000	63.99338	-69.36977	133.3632	0.05	0.1121553	0.161192	0.0142726	0.0251496	0.065405	0.0798237	2.36093e-06	0.0022802	0.127814	3.8699	1	0.3458427
2971000	66.85625	-66.18716	133.0434	0.05	0.2734806	0.131432	0.0788092	0.0341223	0.0623653	0.0884159	0.0033911	0.0840965	0.54846	3.36405	1	0.395145
2972000	61.27394	-66.21634	127.4903	0.05	0.313108	0.169903	0.0960367	0.0999578	0.20068	0.323158	0.0064187	0.114723	0.617173	3.26168	1	0.8897353
2973000	64.51211	-63.80579	128.3179	0.05	0.2681536	0.188345	0.00493616	0.0196867	0.356934	0.240672	0.00306789	0.0800784	0.538238	3.37862	1	0.8105734
2974000	61.34977	-68.24869	129.5985	0.05	0.5408511	0.211773	0.077659	0.114764	0.201335	0.044671	0.0411867	0.27775	0.847859	2.8332	1	0.6502026
2975000	64.04008	-63.99774	128.0378	0.05	0.06518063	0.0864818	0.115306	0.0313203	0.528523	0.103018	3.21867e-10	2.67362e-05	0.0202172	3.97976	1	0.8646483
2976000	64.89179	-67.03465	131.9264	0.05	0.06012454	0.106719	0.0355986	0.245709	0.0808812	0.0247286	5.38623e-11	1.09418e-05	0.0139526	3.98604	1	0.493636
2977000	57.48884	-67.22899	124.7178	0.05	1.333382	0.517901	0.242609	0.0494362	0.0663193	0.221727	0.198398	0.558249	1.03893	2.20442	1	1.097992
2978000	59.04636	-68.30815	127.3545	0.05	1.22293	0.0661047	0.0751616	0.116963	0.32353	0.243512	0.179184	0.534844	1.02896	2.25702	1	0.8252719
2979000	64.90974	-67.19813	132.1079	0.05	0.1520376	0.297273	0.0941686	0.0516721	0.0479026	0.0149075	6.0059e-05	0.0114454	0.247964	3.74053	1	0.5059236
2980000	60.88329	-66.6243	127.5076	0.05	0.3237513	0.176043	0.107392	0.0467027	0.441717	0.123769	0.00741852	0.123053	0.633616	3.23591	1	0.8956239
2981000	64.77108	-66.64768	131.4188	0.05	0.8925447	0.0848914	0.0221508	0.0357127	0.185932	0.14222	0.115047	0.441888	0.979633	2.46343	1	0.4709068
2982000	67.14739	-67.104	134.2514	0.05	0.1733249	0.141385	0.054492	0.0476279	0.0599095	0.00327854	0.000183474	0.0199407	0.310576	3.6693	1	0.3066927
2983000	66.72173	-65.2188	131.9405	0.05	4.845043	0.0916516	0.013474	0.00200691	0.0379027	0.0155961	0.495512	0.80015	1.08356	1.62078	1	0.1606313
2984000	66.68483	-65.0896	131.7744	0.05	0.02373504	0.156817	0.0716252	0.149403	0.106558	0.0255495	2.40788e-26	2.32062e-13	9.13565e-06	3.99999	1	0.5099515
2985000	65.29398	-65.94801	131.242	0.05	0.08480388	0.232834	0.0722856	0.196782	0.0381806	0.0100813	4.40185e-08	0.000312147	0.0560752	3.94361	1	0.5501638
2986000	58.4327	-64.39297	122.8257	0.05	0.4509131	0.378953	0.0188088	0.271886	0.545783	0.133361	0.0246919	0.218668	0.780982	2.97566	1	1.348793
2987000	64.50416	-66.80883	131.313	0.05	0.8326315	0.193509	0.0368519	0.0602933	0.0767154	0.127834	0.102481	0.419947	0.965602	2.51197	1	0.4952035
2988000	66.02635	-64.81345	130.8398	0.05	0.03521535	0.216461	0.0252351	0.0280253	0.102228	0.224102	4.46821e-18	3.15809e-09	0.000474198	3.99953	1	0.5960518
2989000	63.98525	-65.9829	129.9682	0.05	1.914693	0.286977	0.034591	0.0906927	0.0801941	0.0654365	0.282874	0.645624	1.0677	2.0038	1	0.5578911
2990000	63.95627	-67.54295	131.4992	0.05	1.266686	0.399406	0.034755	0.0469393	0.0170539	0.00490822	0.18693	0.544476	1.03318	2.23542	1	0.503062
2991000	65.06913	-66.80564	131.8748	0.05	0.7224948	0.173683	0.0880952	0.0651899	0.113456	0.053247	0.0789982	0.373953	0.932927	2.61412	1	0.4936708
2992000	61.49598	-69.96574	131.4617	0.05	0.8799537	0.127976	0.0790342	0.00264596	0.200013	0.0599114	0.112424	0.437438	0.976865	2.47327	1	0.4695803
2993000	66.6239	-64.21675	130.8407	0.05	0.08483263	0.23899	0.0368051	0.0556357	0.109075	0.134837	4.42629e-08	0.000313011	0.0561396	3.94355	1	0.5753429
2994000	65.47734	-65.73142	131.2088	0.05	0.5453461	0.20471	0.0465152	0.104774	0.132743	0.0416018	0.0420697	0.280492	0.850652	2.82679	1	0.5303436
2995000	58.49525	-65.05522	123.5505	0.05	0.01512045	0.0123357	0.204174	0.128883	0.827613	0.160325	8.52255e-41	1.38164e-20	9.17036e-09	4	1	1.333331
2996000	64.40046	-67.47551	131.876	0.05	0.795255	0.188341	0.0566965	0.0678538	0.138395	0.0322877	0.0945486	0.405217	0.955631	2.5446	1	0.4835739
2997000	66.02252	-64.05531	130.0778	0.05	0.2723244	0.161641	0.0190194	0.0533937	0.288788	0.105971	0.00331928	0.0832215	0.546262	3.3672	1	0.6288135
2998000	64.89808	-66.72247	131.6205	0.05	0.2231853	0.0268797	0.0184175	0.120981	0.236264	0.0857819	0.00108812	0.0481299	0.441431	3.50935	1	0.488324
2999000	67.52366	-65.09466	132.6183	0.05	0.2414118	0.121464	0.0271196	0.00639108	0.151988	0.110153	0.00173538	0.0605617	0.483021	3.45468	1	0.4171151
3000000	64.9092	-65.92746	130.8367	0.05	0.1745393	0.26892	0.0322345	0.0858455	0.158504	0.0202005	0.00019394	0.0204976	0.314045	3.66526	1	0.5657046
