Iteration	Posterior	Likelihood	Prior	alpha_dir	alpha_morpho	brlens[1]	brlens[2]	brlens[3]	brlens[4]	brlens[5]	brlens[6]	brlens[7]	brlens[8]	brlens[9]	brlens[10]	brlens[11]	brlens[12]	brlens[13]	brlens[14]	brlens[15]	brlens[16]	brlens[17]	brlens[18]	brlens[19]	char_rates[1]	char_rates[2]	char_rates[3]	char_rates[4]	model_indicator	tree_length
0	-743.9478	-874.8584	130.9106	10	0.288753	0.0423363	0.0254185	0.0780337	0.0902356	0.147821	0.0179927	0.113592	0.142866	0.00668518	0.0676542	0.0833095	0.00849868	0.099859	0.044473	0.00223357	0.18927	0.131167	0.157418	0.0883251	0.00442742	0.0957793	0.576422	3.32337	5	1.537188
1000	-414.0885	-555.1066	141.0181	10	0.191662	0.011791	0.0647519	0.0083553	0.0281712	0.00751934	0.00417666	0.0372909	0.00249972	0.00976412	0.00415444	0.0331174	0.0176743	0.0848765	0.805585	0.0954646	0.00608223	0.0672027	0.0384711	0.00916265	0.00039336	0.029108	0.361548	3.60895	5	1.336112
2000	-417.3008	-555.1737	137.8729	10	0.6554273	0.0219741	0.113367	0.0190007	0.0496205	0.0246102	0.00667733	0.0488993	0.0194249	0.00633442	0.00646268	0.0737918	0.0574904	0.1008	0.687784	0.0885581	0.044534	0.0137796	0.0909116	0.100253	0.0647052	0.341718	0.907161	2.68642	5	1.574274
3000	-411.3092	-554.7364	143.4272	10	0.2984252	0.0215562	0.108472	0.0425446	0.077696	0.0120514	0.00490814	0.0121262	0.00196435	0.00481134	0.0598381	0.00307126	0.063897	0.00808387	1.38896	0.0106169	0.0759368	0.0612462	0.0230835	0.0409949	0.00516843	0.103271	0.593149	3.29841	5	2.021857
4000	-412.6887	-557.2482	144.5595	10	0.766859	0.0164016	0.157578	0.0567762	0.0685513	0.00374827	0.00944839	0.00806206	0.0059026	0.00485888	0.00774172	0.0775191	0.105597	0.0767356	0.568137	0.0939607	0.17464	0.0338305	0.00254892	0.0975593	0.0884898	0.393441	0.947331	2.57074	5	1.569597
5000	-414.8488	-556.7474	141.8985	10	0.181296	0.0256245	0.126272	0.0327725	0.0543622	0.0144976	0.00789715	0.00740941	0.00424706	0.00601308	0.0213136	0.0193529	0.0551118	0.003756	0.444971	0.0549233	0.0634717	0.00330591	0.0504229	0.0926951	0.000260499	0.0237296	0.333114	3.6429	5	1.08842
6000	-418.8126	-553.5094	134.6968	10	0.2605023	0.0302985	0.0937075	0.00694307	0.0960352	0.0038372	0.0231481	0.00807454	0.00531941	0.00814634	0.0605741	0.00460479	0.0954963	0.0172393	0.975738	0.0350168	0.0788028	0.0180118	0.0644516	0.153863	0.00263778	0.0743724	0.523116	3.39987	5	1.779309
7000	-411.0031	-554.7093	143.7062	10	0.5350817	0.0366965	0.143687	0.0507153	0.0657852	0.00157146	0.00886322	0.00839137	0.00287794	0.0114704	0.0046124	0.0308587	0.0371871	0.0830359	0.538988	0.0775198	0.0668746	0.115293	0.107994	0.0171007	0.0400599	0.274202	0.844207	2.84153	5	1.409522
8000	-421.769	-563.4467	141.6777	10	0.3206095	0.0137115	0.105947	0.0124288	0.0913399	0.0174892	0.00689796	0.0544273	0.0343594	0.0174632	0.00205084	0.148543	0.000557328	0.219945	1.14866	0.0382833	0.0616469	0.0323093	0.0557641	0.0744856	0.00711528	0.120593	0.628844	3.24345	5	2.136305
9000	-429.005	-566.5826	137.5776	10	0.5260193	0.0033523	0.133708	0.0691241	0.0659235	0.00335341	0.00069681	0.0129252	0.0157004	0.0081111	0.0116169	0.0278186	0.0234474	0.0799378	0.51792	0.0333536	0.00651777	0.142331	0.0186657	0.149503	0.0383058	0.268563	0.838315	2.85482	5	1.324005
10000	-419.3602	-556.7571	137.3968	10	0.2340889	0.00968148	0.0793256	0.00796527	0.0566516	0.00636349	0.00832412	0.0164117	0.0218411	0.00978951	0.025435	0.0268092	0.0880763	0.0247785	0.857707	0.0867422	0.0075304	0.0318583	0.0418291	0.0822369	0.00145128	0.0554648	0.466709	3.47637	5	1.489357
11000	-433.0373	-562.2118	129.1745	10	0.4489604	0.0328096	0.125013	0.0254441	0.0517071	0.0394873	0.0116005	0.0289561	0.0142934	0.00263225	0.00590915	0.118922	0.0528662	0.0184828	0.425422	0.0322262	0.0277197	0.0684405	0.0948879	0.00937885	0.0243645	0.217296	0.779259	2.97908	5	1.186199
12000	-425.1289	-563.6624	138.5335	10	0.44837	0.0140761	0.0527501	0.0630357	0.0658982	0.0137303	0.00366542	0.00128969	0.00885566	0.0145851	0.00316068	0.0643525	0.0267912	0.00809591	0.480631	0.030994	0.11081	0.148783	0.0841755	0.0738568	0.0242658	0.216881	0.778735	2.98012	5	1.269537
13000	-420.1472	-556.3507	136.2036	10	0.1873739	0.042518	0.0479304	0.0396211	0.0346922	0.0201229	0.0088976	0.00332378	0.0101991	0.00644559	0.0254995	0.0206847	0.0184666	0.0111935	0.715101	0.0169605	0.134344	0.117904	0.0679432	0.0326625	0.000333548	0.0268238	0.349911	3.62293	5	1.374509
14000	-413.0193	-554.3985	141.3792	10	0.7773707	0.0319254	0.0673629	0.0125428	0.0357944	0.000515878	0.00454654	0.0341364	0.00307395	0.0140058	0.0115716	0.0410035	0.047767	0.0815351	0.563674	0.0627738	0.0738824	0.0530261	0.0763936	0.166492	0.0907351	0.397861	0.950482	2.56092	5	1.382023
15000	-428.3442	-565.0862	136.7419	10	0.3723423	0.0208526	0.0366618	0.0321186	0.0361014	0.00411714	0.0337531	0.0118522	0.0374732	0.00196108	0.0319249	0.0304691	0.0488478	0.0131961	0.612641	0.0213697	0.0149223	0.130203	0.0331954	0.0909555	0.0129349	0.160814	0.699529	3.12672	5	1.242615
16000	-420.5654	-556.3853	135.8199	10	0.2883553	0.0203132	0.0662986	0.0235706	0.0553904	0.030786	0.0321617	0.0100088	0.00434679	0.0118795	0.0129417	0.0285862	0.0640188	0.0600027	0.843418	0.0742975	0.0479186	0.0411222	0.0112833	0.0827662	0.00439835	0.0954725	0.575718	3.32441	5	1.521111
17000	-427.2662	-563.4813	136.215	10	1.247749	0.0585945	0.0743054	0.0109563	0.0594503	0.00474242	0.00648036	0.0151279	0.0219033	0.00939336	0.0669406	0.0169533	0.0288237	0.205715	0.61107	0.0449937	0.122935	0.0356857	0.110493	0.0931902	0.183599	0.540368	1.0314	2.24464	5	1.597754
18000	-417.3591	-560.3576	142.9985	10	0.3646583	0.0312519	0.0861329	0.0200839	0.0686539	0.0161348	0.00649145	0.0169275	0.0190182	0.000798924	0.0182093	0.0319783	0.133938	0.131451	0.530974	0.0371728	0.0742374	0.00548117	0.047808	0.0763236	0.0119633	0.154907	0.690019	3.14311	5	1.353066
19000	-413.8962	-554.6957	140.7995	10	0.2131843	0.0260788	0.108003	0.0197739	0.00725256	0.0217758	0.00820655	0.024123	0.00824897	0.0015411	0.00192006	0.0472977	0.0524015	0.154303	0.521042	0.0531311	0.0164401	0.0311605	0.0823048	0.0272594	0.000814095	0.0417109	0.417184	3.54029	5	1.212264
20000	-410.9295	-553.9847	143.0552	10	0.8693319	0.0218631	0.10585	0.0132468	0.0596559	0.0276479	0.00700443	0.00893205	0.0107333	0.00834928	0.0160929	0.0575261	0.0566704	0.114041	0.535422	0.000185135	0.0636338	0.109123	0.0759453	0.0341917	0.110204	0.433619	0.974458	2.48172	5	1.326115
21000	-422.8927	-556.2287	133.336	10	0.2163225	0.0421268	0.106676	0.00024779	0.0321903	0.0268733	0.0125133	0.00879763	0.00185298	0.0173065	0.0185827	0.0325309	0.0612313	0.0151759	0.471762	0.0462165	0.101813	0.104386	0.0488921	0.0445671	0.000894274	0.0436906	0.424902	3.53051	5	1.193743
22000	-426.2447	-560.3157	134.071	10	0.3949904	0.0655401	0.0508625	0.009368	0.067306	0.00390431	0.0142476	0.00140382	0.00415128	0.0145895	0.030546	0.0578834	0.0237443	0.147214	0.765786	0.00297631	0.0627882	0.0999707	0.0520339	0.118571	0.0159984	0.178004	0.725802	3.0802	5	1.592887
23000	-417.5349	-555.5697	138.0348	10	0.3999375	0.047512	0.143472	0.02226	0.058683	0.00160413	0.0474301	0.013507	0.00893233	0.000696053	0.0289837	0.0666881	0.0761688	0.0727188	0.778134	0.0367986	0.00513947	0.142071	0.028976	0.0598254	0.0167054	0.181709	0.731213	3.07037	5	1.639601
24000	-419.4945	-568.42	148.9254	10	0.580255	0.04275	0.0698436	0.0301179	0.0652908	0.0057743	0.00250372	0.0451151	0.0188089	0.00710061	0.0122415	0.0568902	0.0273567	0.0137986	0.289242	0.0658934	0.014248	0.164927	0.0213919	0.0960864	0.0490628	0.301117	0.870901	2.77892	5	1.049381
25000	-413.176	-551.9814	138.8054	10	0.4369148	0.050878	0.0766324	0.0409173	0.0736181	0.00684592	0.00342942	0.0100911	0.00560582	0.0129115	0.0193044	0.0511575	0.081727	0.0293229	0.526258	0.0382033	0.0484911	0.0669424	0.0892004	0.0170256	0.0223801	0.208754	0.768325	3.00054	5	1.248563
26000	-430.1226	-561.4837	131.3611	10	0.3757031	0.00708571	0.161994	0.0298861	0.0211832	0.0140271	0.056821	0.0396683	0.00792827	0.0113363	0.00327649	0.0505036	0.0231938	0.0236296	0.722622	0.0489369	0.0875989	0.112462	0.0606779	0.0293994	0.0133709	0.163386	0.70359	3.11965	5	1.51223
27000	-423.3343	-561.1289	137.7946	10	1.288479	0.00895291	0.120756	0.0794709	0.0860632	0.0304127	0.0245623	0.00638863	0.00411382	0.019875	0.039375	0.0497034	0.0831103	0.0632911	0.429983	0.0595669	0.100078	0.0999514	0.0366084	0.000169169	0.190722	0.549093	1.03514	2.22504	5	1.342432
28000	-428.6977	-564.1851	135.4874	10	1.487727	0.0283566	0.130381	0.0413558	0.0650427	0.0502972	0.00813991	0.0127497	0.000769945	0.0149121	0.0658046	0.0385481	0.0254542	0.104736	0.905915	0.0325204	0.0566788	0.0401284	0.0468999	0.0457373	0.22342	0.586501	1.04969	2.14039	5	1.714427
29000	-410.0532	-554.7739	144.7207	10	0.5275023	0.0310654	0.163286	0.0476566	0.103308	0.00339678	0.00110039	0.00432968	0.00354123	0.00100298	0.0285188	0.0318592	0.0997705	0.0150129	0.676804	0.00458304	0.0439359	0.0815623	0.0739185	0.108166	0.0385915	0.269491	0.839292	2.85263	5	1.522818
30000	-424.667	-558.2592	133.5922	10	0.2215871	0.00712496	0.105651	0.0123435	0.0354035	0.0127093	0.0223275	0.00918042	0.016795	0.000368387	0.0527042	0.0150939	0.0416627	0.0324783	0.478211	0.0373047	0.0217006	0.0813155	0.0100964	0.112543	0.00104065	0.0470831	0.437624	3.51425	5	1.105014
31000	-424.2424	-556.959	132.7166	10	0.4797357	0.0241292	0.092939	0.0447916	0.0615189	0.00176355	0.0208444	0.0517323	0.00664104	0.00278559	0.0605011	0.0285535	0.12893	0.0895065	0.591082	0.0270204	0.0283676	0.093997	0.00940764	0.0581098	0.0296961	0.238481	0.804944	2.92688	5	1.422622
32000	-417.8606	-552.9012	135.0406	10	0.7339616	0.051135	0.192891	0.00852663	0.0357616	0.0096057	0.0127823	0.0224545	0.00941345	0.0112567	0.00400814	0.090671	0.0152585	0.10148	0.653576	0.0349763	0.101269	0.0806935	0.109456	0.0729614	0.0814522	0.379123	0.936832	2.60259	5	1.618177
33000	-435.3635	-560.7129	125.3495	10	0.7492981	0.0288841	0.0487894	0.0324926	0.0751779	0.0306199	3.2633e-05	0.00431865	0.0053084	0.027957	0.015727	0.0452878	0.0241569	0.0663006	0.413729	0.0486152	0.0359813	0.0142576	0.0779177	0.0735624	0.0847344	0.385891	0.941851	2.58752	5	1.069116
34000	-412.933	-553.4567	140.5238	10	0.4817713	0.022756	0.0887992	0.0252444	0.0738101	0.0264339	0.0134722	0.0127222	0.00192567	0.0173972	0.0331582	0.0217237	0.0653373	0.039959	0.546238	0.0583278	0.00854312	0.07093	0.0462882	0.0231297	0.0300609	0.239849	0.806538	2.92355	5	1.196195
35000	-421.2874	-560.8672	139.5799	10	0.2720366	0.0567949	0.0702189	0.0143701	0.0927026	0.00609005	0.0128872	0.00852181	0.0032549	0.0200788	0.0190364	0.0666884	0.0516699	0.032228	0.594035	0.102396	0.086733	0.0356627	0.0434037	0.0386824	0.00330154	0.0830039	0.545714	3.36798	5	1.355455
36000	-418.7215	-560.8455	142.1241	10	0.3823599	0.000764505	0.127701	0.0348435	0.126468	0.0174726	0.0239026	0.0117229	0.00836932	0.0157219	0.00662728	0.066936	0.0526931	0.0662298	0.462286	0.113118	0.0619824	1.33043e-05	0.012744	0.0680004	0.014254	0.168461	0.711464	3.10582	5	1.277596
37000	-415.1317	-557.617	142.4852	10	0.3814467	0.00718368	0.207999	0.0685618	0.0287622	0.00386671	0.00458127	0.0246437	0.00150654	0.00320265	0.0209101	0.0627967	0.0465728	0.0208772	0.505154	0.0711454	0.0363846	0.0998065	0.0726807	0.0757108	0.0141313	0.167766	0.710397	3.10771	5	1.362347
38000	-412.7082	-550.3761	137.6679	10	0.4572105	0.0303935	0.132318	0.0204032	0.0787312	0.00591381	0.0106993	0.0216461	0.00549714	0.00800989	0.00981038	0.0439244	0.100519	0.130411	0.923417	0.0312758	0.0337294	0.00284853	0.121021	0.00657913	0.0257583	0.223067	0.786451	2.96472	5	1.717146
39000	-416.8637	-554.7976	137.9339	10	0.3342447	0.0100404	0.0655509	0.00691225	0.0311207	0.00385508	0.00145301	0.00178858	0.0179963	0.00438104	0.0304269	0.0236432	0.00497408	0.0265459	0.362256	0.0499054	0.0397165	0.0158168	0.0896104	0.0382541	0.00847981	0.131265	0.649075	3.21118	5	0.8242471
40000	-406.881	-552.03	145.149	10	0.2492664	0.00877821	0.0701428	0.0196829	0.0525924	0.000857384	0.00559688	0.0118129	5.25262e-05	0.00624755	0.000164715	0.0538548	0.0182249	0.0121731	0.601445	0.0547137	0.101916	0.00125551	0.0764245	0.0930014	0.00207774	0.0661606	0.499936	3.43183	5	1.188938
41000	-424.7774	-557.4186	132.6412	10	0.3250193	0.00894839	0.13884	0.0441764	0.0246809	0.00434967	0.00269833	0.0276166	0.00125844	0.00229879	0.0431603	0.0157023	0.101313	0.0405217	0.546768	0.034806	0.120827	0.00487187	0.0745559	0.0299494	0.0075428	0.124046	0.635523	3.23289	5	1.267343
42000	-419.6374	-559.582	139.9446	10	0.8196715	0.0254307	0.158173	0.0144513	0.0970368	0.00992999	0.00134682	0.00494764	0.00656209	0.0101136	0.0207529	0.0882152	0.125203	0.0994053	0.428435	0.0495429	0.0327076	0.0351805	0.031512	0.119837	0.0997372	0.414935	0.96226	2.52307	5	1.358782
43000	-429.1564	-551.2528	122.0964	10	0.3170232	0.00882409	0.0750735	0.0246217	0.0315659	0.0199273	0.00867713	0.0108071	0.00273941	0.0115013	0.0172571	0.0402743	0.0263998	0.0501019	0.474535	0.0742152	0.0593542	0.0761159	0.0334194	0.0957016	0.00677742	0.117786	0.623314	3.25212	5	1.141111
44000	-426.2488	-561.3478	135.0991	10	0.134884	0.0214117	0.0774525	0.00917374	0.0183552	0.00832107	0.0176857	0.0138791	0.00375774	0.0047754	0.0210663	0.0345309	0.0456843	0.0657805	0.560886	0.034223	0.0834206	0.119009	0.0193657	0.0132532	1.88846e-05	0.00643242	0.195915	3.79763	5	1.172032
45000	-427.4125	-566.722	139.3095	10	0.1274462	0.00663512	0.0803528	0.0304635	0.0271067	0.00506857	0.0351688	0.0128471	0.0101846	0.00720025	0.00546877	0.0334299	0.133998	0.104358	0.956183	0.0711806	0.0463117	0.00908137	0.0312009	0.0120227	1.03779e-05	0.00477267	0.173313	3.8219	5	1.618262
46000	-423.3992	-559.3621	135.963	10	0.6759919	0.035907	0.108297	0.0425698	0.0717279	0.0138533	0.00524397	0.0163287	0.00131733	0.023825	0.0327538	0.0220118	0.0308984	0.0142956	0.479152	0.0540032	0.0328386	0.0719448	0.0755734	0.207726	0.0690693	0.351979	0.915636	2.66332	5	1.340267
47000	-429.6717	-562.8128	133.1411	10	0.6329404	0.0455769	0.0695141	0.0242619	0.0638156	0.0161363	0.0212533	0.0387532	0.046114	0.00839208	0.102966	0.00262186	0.0103689	0.00732403	0.722136	0.0207619	0.109302	0.0638773	0.0975306	0.1147	0.0599653	0.330094	0.897237	2.7127	5	1.585406
48000	-410.8438	-551.5656	140.7218	10	0.2375952	0.00699822	0.0938684	0.0108044	0.0332239	0.012031	0.00102476	0.0192511	0.0138211	0.00841956	7.34259e-05	0.0683525	0.000360794	0.0302163	0.799345	0.0539409	0.022231	0.0585364	0.0923032	0.143319	0.00158316	0.0578894	0.474585	3.46594	5	1.468121
49000	-405.652	-551.6752	146.0231	10	0.3208587	0.0245184	0.0510799	0.00439657	0.0362339	0.0221687	0.0185524	0.00109471	0.0100844	0.00152594	0.000556039	0.0602139	0.0239414	0.0362461	0.473988	0.00605399	0.0198406	0.113938	0.0758476	0.0520299	0.00713908	0.120789	0.629225	3.24285	5	1.03231
50000	-421.5513	-555.0616	133.5102	10	0.404594	0.0185561	0.106986	0.0304458	0.0261615	0.00101403	0.0030615	0.0428916	0.00561693	0.0168052	0.0439777	0.0234796	0.0172373	0.0277803	0.898237	0.0284506	0.10009	0.0669787	0.0673647	0.0410033	0.0173827	0.185179	0.736204	3.06123	5	1.566137
51000	-420.6884	-563.2488	142.5604	10	0.5290038	0.0295481	0.0534502	0.0222125	0.115295	0.018689	0.0136218	0.0372681	0.00264152	0.0292479	0.00285302	0.1006	0.127627	0.0948307	0.505486	0.0715446	0.013977	0.0488	0.0453889	0.0160137	0.0388813	0.270429	0.840277	2.85041	5	1.349096
52000	-417.2784	-557.9548	140.6764	10	0.3730764	0.0167729	0.0712756	0.0249302	0.0835922	0.0112555	0.0297123	0.0120525	0.00595668	0.00227573	0.00942418	0.017467	0.0160218	0.110873	0.829763	0.0129782	0.0375338	0.0442415	0.0227851	0.0430235	0.0130296	0.161376	0.700421	3.12517	5	1.401934
53000	-423.8791	-559.2048	135.3257	10	0.3058868	0.00326561	0.124098	0.0246962	0.0416028	0.0370889	0.0132957	0.0154168	0.0202792	0.0172761	0.0586567	0.0537586	0.133245	0.000138707	0.722387	0.0890811	0.0415299	0.0512517	0.0352878	0.163039	0.00578498	0.109082	0.605558	3.27958	5	1.645394
54000	-419.5883	-553.3358	133.7476	10	0.5905206	0.0184436	0.0817139	0.0159524	0.0939941	0.00413401	0.00207094	0.000284177	0.0010661	0.0205047	0.00244422	0.0645791	0.0174899	0.140022	0.659911	0.0933349	0.00771271	0.0874328	0.0478429	0.0765405	0.051159	0.306962	0.876405	2.76547	5	1.435473
55000	-410.2927	-551.9927	141.7	10	0.3931713	0.0225796	0.0946351	0.0106181	0.0678463	0.0314528	0.016296	0.0033598	0.00509715	0.00247043	0.0300316	0.0440331	0.100681	0.00718385	0.756765	0.0261525	0.0685664	0.0415748	0.111368	0.0397126	0.0157417	0.176637	0.723784	3.08384	5	1.480424
56000	-422.0895	-562.9628	140.8733	10	0.3565726	0.0262213	0.11343	0.0551841	0.0376575	0.00360222	0.000475129	0.0650857	0.0159838	0.0256387	0.00122512	0.0911972	0.0620682	0.0640327	0.586085	0.103902	0.0218724	0.0391722	0.000111881	0.0540027	0.0109798	0.148657	0.679662	3.1607	5	1.366948
57000	-421.6345	-559.5557	137.9212	10	0.3267599	0.0352148	0.108073	0.0299167	0.0740974	0.00777512	0.0299701	0.00971209	0.0272548	0.00461237	0.00338718	0.10016	0.167996	0.157683	0.646971	0.0184729	0.0227431	0.112278	0.0119774	0.101196	0.00771519	0.125409	0.638123	3.22875	5	1.66949
58000	-416.3632	-555.8411	139.4779	10	0.1939483	0.0628028	0.0785696	0.0147065	0.0820123	0.0295542	0.0208637	0.000500899	0.00840406	0.00508129	0.0061857	0.035843	0.0483878	0.0195877	0.64913	0.0197873	0.0287706	0.122549	0.00437627	0.0928514	0.000428236	0.0303588	0.36768	3.60153	5	1.329964
59000	-422.1709	-555.3247	133.1539	10	0.4752102	0.0357764	0.283513	0.0070855	0.0727524	0.0107941	0.0183669	0.00607899	0.0122146	0.00665677	0.0368299	0.0827002	0.0830504	0.047834	0.846179	0.0906599	0.122658	0.0847026	0.0137413	0.0835002	0.0288903	0.235424	0.801357	2.93433	5	1.945094
60000	-404.7714	-554.5031	149.7317	10	0.1355127	0.0159653	0.0556866	0.0580068	0.0140323	0.0109455	0.00795324	0.00656837	0.00564473	0.00555828	0.00986287	0.0180608	0.0402682	0.0109153	0.749763	0.105909	0.017745	0.0976842	0.0325409	0.00921594	1.9805e-05	0.0065868	0.19783	3.79556	5	1.272326
61000	-397.5497	-556.9461	159.3964	10	0.1804879	0.0190341	0.0415146	0.0295925	0.0241972	0.00589161	0.00507204	0.0351575	0.00377249	0.00951345	0.0191182	0.0140188	0.0783031	0.0301096	0.393633	0.0255618	0.0238334	0.0440815	0.0677833	0.00343017	0.000251761	0.0233313	0.330855	3.64556	5	0.8736182
62000	-429.708	-559.9485	130.2405	10	0.4858713	0.0231562	0.121824	0.0206585	0.0441068	0.0170727	0.020112	0.0081126	0.00574689	0.0156291	0.0396441	0.0821918	0.0519723	0.135102	0.558198	0.0258596	0.0477084	0.0967	0.0482544	0.0130215	0.0307999	0.242592	0.809709	2.9169	5	1.375071
63000	-413.5473	-552.5637	139.0164	10	0.2197937	0.0224392	0.0585691	0.0272051	0.0684277	0.0127674	0.00534822	0.0223022	0.000504912	0.00486035	0.0119562	0.0456478	0.0543634	0.0391038	0.745559	0.033533	0.0716085	0.0487349	0.00199818	0.0702152	0.000989087	0.0459177	0.433322	3.51977	5	1.345144
64000	-428.6738	-558.8722	130.1984	10	0.3105087	0.0635834	0.123691	0.0418858	0.0418155	0.0780506	0.00224701	0.098937	0.00601142	0.0081832	0.0230753	0.0743097	0.0822049	0.0944741	1.05418	0.0560108	0.139476	0.090096	0.0470881	0.0146396	0.0061864	0.112691	0.613036	3.26809	5	2.139957
65000	-422.2447	-555.3083	133.0636	10	0.3098038	0.0326181	0.245045	0.0136758	0.0601081	0.00290179	0.00121181	0.0255023	0.00220689	0.00833146	0.00665619	0.0522954	0.0328861	0.015081	1.01631	0.0619824	0.0120678	0.0169829	0.126147	0.070849	0.00612422	0.11214	0.611906	3.26983	5	1.802857
66000	-422.0391	-558.6283	136.5891	10	0.2878962	0.00697441	0.0857524	0.0146926	0.0481604	0.00822376	0.0233148	0.00559423	0.00636111	0.0195721	0.00720117	0.0344046	0.0704718	0.0659665	0.491853	0.14821	0.0515285	0.00154358	0.0489905	0.0494403	0.00436495	0.0951186	0.574905	3.32561	5	1.188256
67000	-423.9606	-559.1226	135.1619	10	0.4248719	0.0704124	0.0822818	0.0066957	0.0550927	0.0209123	0.0027389	0.0320289	0.0208447	0.0204289	0.0468439	0.0417593	0.0110433	0.0131169	1.11311	0.0500043	0.0483576	0.107745	0.0544303	0.0481833	0.02046	0.200079	0.756851	3.02261	5	1.84603
68000	-411.5219	-551.4023	139.8803	10	0.3528585	0.0238075	0.0674413	0.0280774	0.048998	0.00393901	0.000406112	0.00113582	0.00481358	0.0138993	0.0479523	0.00643451	0.019952	0.0515025	0.668841	0.0459325	0.045613	0.10395	0.0546052	0.123565	0.0105417	0.145776	0.674781	3.1689	5	1.360867
69000	-434.4819	-567.5486	133.0668	10	0.3026627	0.0361144	0.0748231	0.0121283	0.206764	0.00708494	0.00519418	0.0177255	0.0102364	0.00410186	0.0509909	0.0293576	0.0213462	0.0329776	0.75536	0.120982	0.118093	0.00317979	0.0863888	0.0597807	0.00551379	0.106568	0.600248	3.28767	5	1.652629
70000	-421.1738	-554.4331	133.2593	10	0.3313508	0.043218	0.0985865	0.0634085	0.0395166	0.0282806	0.00903016	0.0097393	0.0121285	0.00793754	0.0305682	0.0647105	0.0731652	0.0519265	1.00752	0.0993304	0.0375732	0.0729929	0.0545859	0.137248	0.00817972	0.129002	0.644884	3.21793	5	1.941471
71000	-418.0613	-557.5454	139.484	10	0.6706674	0.0339487	0.0912201	0.0186874	0.0668125	0.0131878	0.0118824	0.0172254	0.0147031	0.00119577	0.0260266	0.0317816	0.11132	0.000239572	0.635711	0.181074	0.0262218	0.00546414	0.0572586	0.138282	0.0679372	0.349355	0.913494	2.66921	5	1.482243
72000	-422.4738	-560.6429	138.1691	10	0.6404338	0.0357517	0.0779582	0.0212996	0.0548595	0.0238764	0.0066276	0.0135067	0.0129886	0.00349467	0.0458239	0.0649829	0.0303782	0.129916	0.634433	0.182415	0.184261	0.0587952	0.0994131	0.093766	0.0615404	0.334016	0.900624	2.70382	5	1.774548
73000	-410.6425	-557.5685	146.926	10	0.4054048	0.00994615	0.151303	0.0124572	0.0690576	0.0198412	0.0211511	0.0101835	0.00315671	0.0158312	0.0103103	0.0675177	0.0410087	0.0609809	0.5821	0.112125	0.0717334	0.0254993	0.0765985	0.0266849	0.0175018	0.185782	0.737064	3.05965	5	1.387487
74000	-434.7541	-570.3663	135.6123	10	0.9069501	0.0258966	0.182447	0.0822235	0.0645838	0.0350446	0.0109103	0.0570145	0.0498935	0.0151504	0.1008	0.0363851	0.230424	0.0401775	0.769018	0.0840809	0.0161171	0.0401334	0.0807105	0.0371614	0.118034	0.446879	0.982692	2.4524	5	1.958172
75000	-430.653	-559.7479	129.0949	10	0.3578496	0.0694421	0.12245	0.0673688	0.0562807	0.0116421	0.00270759	0.055373	0.0120607	0.00860142	0.00261622	0.0927102	0.134264	0.0428885	0.673382	0.0513587	0.144771	0.0280657	0.04735	0.0179794	0.0111325	0.149646	0.681322	3.1579	5	1.641312
76000	-421.9713	-548.148	126.1767	10	0.2178573	0.0103093	0.164074	0.00875786	0.0700535	0.027551	0.0094463	0.011344	0.00628811	0.0121519	0.0194162	0.0448114	0.0897921	0.0205403	1.03347	0.0907799	0.0239013	0.0573923	0.0446728	0.0371926	0.000935392	0.0446706	0.42864	3.52575	5	1.781941
77000	-421.1777	-559.9802	138.8025	10	0.4646107	0.0226728	0.102795	0.0731763	0.0318885	0.02385	0.000809034	0.0464899	0.00704361	0.000461967	0.0283472	0.0633328	0.105883	0.0542546	0.52964	0.116937	0.0177828	0.0678925	0.0208366	0.0271214	0.0270313	0.228186	0.792706	2.95208	5	1.341215
78000	-414.6526	-549.0176	134.3651	10	0.2533277	0.0162221	0.0738359	0.0247498	0.0366104	0.00943004	1.33246e-05	0.0100285	0.00154644	0.0115829	0.00567978	0.0657554	0.0454417	0.0349404	0.700272	0.0685927	0.0426873	0.0271522	0.0470064	0.0538766	0.00227049	0.0691035	0.508451	3.42018	5	1.275424
79000	-424.5451	-556.2478	131.7028	10	0.2371476	0.0412266	0.125018	0.00354277	0.0476631	0.0214441	0.00196938	0.0435161	0.0231893	0.00468044	0.00443277	0.0513383	0.0662844	0.025914	0.838726	0.0474984	0.0460113	0.0543848	0.0416279	0.071114	0.00156591	0.0575782	0.473587	3.46727	5	1.559581
80000	-421.827	-555.4804	133.6534	10	0.5891687	0.0748264	0.148109	0.0425823	0.0830375	0.0261419	0.00467283	0.00384986	0.0137276	0.00402661	0.0203241	0.0510816	0.00639905	0.132823	0.522105	0.14095	0.0401677	0.0292444	0.0391004	0.0567364	0.050882	0.306198	0.875691	2.76723	5	1.439905
81000	-417.0719	-551.859	134.7871	10	0.3663208	0.0121734	0.106287	0.0174508	0.0425486	0.00447421	0.000830429	0.0297082	0.00558094	0.0106346	0.000781965	0.126406	0.0719545	0.0419779	0.863005	0.048158	0.0273955	0.107528	0.0259759	0.0552295	0.0121705	0.156188	0.692103	3.13954	5	1.5981
82000	-414.8581	-560.6006	145.7426	10	0.702497	0.0156031	0.147551	0.0552205	0.0518077	0.0292449	0.0125681	0.0458496	0.0164976	0.00652488	0.0273398	0.050383	0.0358938	0.037837	0.410478	0.00686357	0.0961234	0.0428872	0.076193	0.0253532	0.0747217	0.364706	0.92579	2.63478	5	1.19022
83000	-418.0505	-556.6958	138.6452	10	0.6445721	0.058111	0.126897	0.00744199	0.0445053	0.0209935	0.000983595	0.00944127	0.00528806	0.0110202	0.0212091	0.0645035	0.0775329	0.124169	0.705608	0.0922225	0.0240676	0.0421322	0.00770095	0.0450965	0.0624122	0.33616	0.90246	2.69897	5	1.488923
84000	-420.2675	-555.6076	135.3401	10	0.6027837	0.0499584	0.228891	0.0462115	0.0902381	0.0220682	0.0243476	0.0406328	0.0207492	0.000339454	0.00669221	0.0664229	0.127151	0.12505	0.825998	0.114598	0.00560174	0.0553921	0.0214678	0.00340279	0.0536827	0.313816	0.882732	2.74977	5	1.875212
85000	-423.6922	-558.9752	135.283	10	0.5757771	0.00868623	0.172482	0.0327279	0.0624184	0.0178781	0.0137895	0.0198137	0.0136249	0.0147113	0.0172457	0.0662895	0.0306193	0.0637765	0.983592	0.0258332	0.120763	0.0353354	0.127615	0.137354	0.0481536	0.298537	0.868439	2.78487	5	1.964555
86000	-417.2863	-561.6411	144.3547	10	0.2752762	0.0599735	0.0568683	0.0491955	0.066739	0.023668	0.00886358	0.07588	0.000551395	0.0210989	0.0435158	0.0281143	0.053683	0.0297364	0.702306	0.0296792	0.0722838	0.0308545	0.0115511	0.0469127	0.00350448	0.0854583	0.551849	3.35919	5	1.411475
87000	-416.106	-550.1345	134.0285	10	0.2193198	0.0118439	0.198405	0.0201315	0.0710488	0.0238673	0.01909	0.0140425	0.00331332	0.0101316	0.00244208	0.0489217	0.00921385	0.0467522	0.655117	0.0156355	0.129728	0.0767245	0.030837	0.127082	0.000975759	0.0456114	0.43218	3.52123	5	1.514329
88000	-437.0543	-559.1492	122.0949	10	0.7929779	0.024867	0.151128	0.023962	0.0762869	0.0236492	0.00924882	0.0286766	0.010491	0.0278647	0.0175353	0.0670229	0.00878139	0.0860998	0.758879	0.0711352	0.12089	0.122106	0.0383544	0.144657	0.0940636	0.404291	0.95499	2.54665	5	1.811636
89000	-417.1656	-555.2139	138.0484	10	0.343314	0.0456857	0.114853	0.022678	0.050627	0.0257974	0.00259694	0.0111928	0.00750544	0.00764591	0.00564599	0.0674415	0.0229309	0.0261653	0.407614	0.0207608	0.0788459	0.0408136	0.0595567	0.0604848	0.00945626	0.138348	0.661865	3.19033	5	1.078842
90000	-414.8499	-552.81	137.9601	10	0.3080886	0.0452411	0.0546181	0.0168501	0.0650517	0.0126289	0.000169372	0.00763249	0.00676469	0.00612105	0.0414545	0.0200121	0.00726948	0.0217642	0.679618	0.116629	0.0933362	0.0421347	0.0738096	0.00790229	0.00597436	0.110801	0.60914	3.27409	5	1.319008
91000	-413.4584	-551.3517	137.8933	10	0.2329416	0.00756803	0.115868	0.02046	0.0283521	0.00805384	0.00218522	0.00469512	0.000292296	0.0128352	0.000764517	0.0447684	0.094296	0.000183547	0.540618	0.0123101	0.0355512	0.138589	0.056075	0.0249199	0.00140975	0.054678	0.464105	3.47981	5	1.148385
92000	-417.0075	-564.1003	147.0928	10	0.2342674	0.0123344	0.11547	0.0521154	0.0521286	0.00754916	0.00643951	0.00971044	0.0182243	0.00426614	0.0503943	0.0595126	0.00722257	0.0843699	0.493708	0.0665088	0.0465888	0.00540378	0.0672755	0.0628005	0.00145781	0.0555874	0.467113	3.47584	5	1.222023
93000	-415.2878	-557.4204	142.1326	10	0.3408809	0.0407407	0.0688362	0.0298412	0.0683614	0.00487014	0.0278878	0.0255649	0.00963436	0.00103561	0.0254571	0.0308339	0.0373046	0.0319774	0.891905	0.0880666	0.0575963	0.0275693	0.0505116	0.0322717	0.00918899	0.13645	0.658484	3.19588	5	1.550266
94000	-415.5797	-559.9499	144.3701	10	0.4283855	0.0583978	0.135494	0.00851185	0.0677818	0.00126928	0.0103143	0.0066289	0.0327025	0.0029787	0.00379874	0.0660316	0.066739	0.0571535	0.564988	0.0116803	0.0156191	0.131228	0.0507726	0.0181001	0.0210134	0.202624	0.760256	3.01611	5	1.31019
95000	-407.4432	-557.3463	149.9031	10	0.4226383	0.0745797	0.111121	0.0496134	0.0382945	0.00407222	0.0153837	0.0268688	0.00999605	0.00352244	0.00682563	0.0991103	0.0213441	0.0407102	0.677976	0.0630127	0.0197678	0.0587678	0.0995973	0.0563569	0.0201112	0.198455	0.75466	3.02677	5	1.47692
96000	-422.6526	-555.1641	132.5115	10	0.3078841	0.0450692	0.0591562	0.0415255	0.0855339	0.0314418	0.0219473	0.00179454	0.00479136	0.00604251	0.0610585	0.0199037	0.102711	0.0981135	0.804114	0.0313665	0.10196	0.0307957	0.0414234	0.116387	0.00595663	0.110641	0.608809	3.27459	5	1.705136
97000	-414.4702	-549.8538	135.3837	10	0.3288677	0.00241145	0.0910586	0.0213537	0.0420506	0.0230827	0.00230705	0.00668484	0.00309749	0.00814123	0.0108479	0.0358103	0.0220745	0.110596	0.86391	0.123367	0.0568586	0.0634365	0.00174809	0.0111659	0.0079267	0.127059	0.641244	3.22377	5	1.500003
98000	-416.671	-552.9521	136.2811	10	0.3339974	0.0190506	0.172753	0.0138295	0.0190363	0.0201809	0.0032751	0.0148275	0.00498206	0.0144246	0.0247522	0.0190903	0.115272	0.0591902	1.11188	0.0328506	0.0573792	0.055136	0.077049	0.0169986	0.00845394	0.131072	0.648719	3.21176	5	1.851955
99000	-409.7898	-556.7457	146.956	10	0.4633871	0.0102323	0.0837649	0.0302611	0.0112495	0.0211585	0.000828028	0.00694733	0.00750433	0.00632958	0.00702279	0.0431088	0.0623655	0.0183556	0.674049	0.0433393	0.0676007	0.0441876	0.0317151	0.063001	0.0268194	0.227343	0.791685	2.95415	5	1.233021
100000	-420.6474	-556.3741	135.7267	10	0.6226527	0.0211536	0.141842	0.0286529	0.12021	0.0162807	0.00928879	0.00101817	0.00939771	0.0054507	0.00717494	0.0296711	0.134673	0.0197589	0.60088	0.0375366	0.0927333	0.0992324	0.0327351	0.037785	0.0578112	0.324632	0.89245	2.72511	5	1.445475
101000	-415.6883	-560.2397	144.5514	10	0.3211208	0.0245196	0.0798461	0.00320832	0.0807006	0.0146889	0.0125317	0.00758048	0.00415399	0.0255712	0.0185159	0.0228462	0.0596149	0.04564	0.54256	0.120236	0.0494453	0.103314	0.0447164	0.0533527	0.00716417	0.120994	0.629625	3.24222	5	1.313042
102000	-427.121	-555.9284	128.8074	10	0.6567693	0.0425768	0.0924246	0.00150057	0.0715907	0.0120365	0.00553832	0.00841991	0.00577647	0.0119267	0.0194795	0.046345	0.0313479	0.0402312	0.495081	0.114408	0.0402456	0.0233251	0.0476687	0.100065	0.0649892	0.342398	0.907731	2.68488	5	1.209987
103000	-417.778	-558.1588	140.3808	10	0.5058651	0.0763941	0.106052	0.0490969	0.0876415	0.032092	0.00644408	0.0110638	0.00209302	0.0154127	0.00243735	0.0454543	0.176475	0.0932888	0.851051	0.0203117	0.0188433	0.0258304	0.0928425	0.146151	0.0344799	0.255728	0.82449	2.8853	5	1.858975
104000	-410.0996	-549.8472	139.7476	10	0.3384414	0.00963493	0.083159	0.012074	0.0532399	0.0156314	0.00608324	0.00752764	0.006629	0.00757851	0.0459715	0.0231735	0.0444898	0.0485521	0.607747	0.028966	0.0821143	0.0351025	0.0225595	0.0871681	0.00892491	0.134545	0.655057	3.20147	5	1.227402
105000	-414.053	-555.0715	141.0186	10	0.1921987	0.0298195	0.0704524	0.0105915	0.0494581	0.0151276	0.00574091	0.0247653	0.00590745	0.00491005	0.00533627	0.0359117	0.0462015	0.0356787	0.427186	0.0589742	0.032744	0.0585227	0.0601758	0.0651175	0.000401355	0.0293996	0.362992	3.60721	5	1.042621
106000	-418.6301	-561.0352	142.4051	10	0.3928432	0.0341315	0.0913035	0.0627759	0.152508	0.0268942	0.0135936	0.00538638	0.00173484	0.00683193	0.0670272	0.0703718	0.000128057	0.0205645	1.08017	0.0844161	0.103228	0.0255947	0.136808	0.0400588	0.0156956	0.17639	0.723419	3.0845	5	2.023528
107000	-424.5746	-557.8606	133.286	10	0.6515223	0.0433581	0.130114	0.00945249	0.0486886	0.0101302	0.00720117	0.0223182	0.00793417	0.013372	0.0288317	0.042766	0.0918201	0.030302	0.600752	0.110843	0.152364	0.0449846	0.0272883	0.0529998	0.0638794	0.33973	0.905488	2.6909	5	1.47552
108000	-416.0439	-555.1601	139.1162	10	0.2077603	0.0124786	0.0945148	0.0137517	0.0484439	0.00788876	0.000477423	0.0147287	0.00629804	0.00542224	0.0633268	0.0405364	0.0195998	0.0366992	0.648471	0.0690975	0.0985617	0.0394609	0.0601573	0.0350271	0.000687468	0.038369	0.403606	3.55734	5	1.314942
109000	-409.866	-565.422	155.556	10	0.5331809	0.0410772	0.0350483	0.0149061	0.0617464	0.0335309	0.0156475	0.0193673	0.00237065	0.0150341	0.0383083	0.0480491	0.00751976	0.0936791	0.401968	0.0644078	0.0811332	0.0215543	0.0395425	0.0493262	0.0396904	0.273026	0.842987	2.8443	5	1.084217
110000	-439.5095	-555.7534	116.2439	10	0.543788	0.0136025	0.14287	0.00835406	0.0899803	0.0296763	0.0202663	0.0293201	0.0166435	0.00712938	0.0320789	0.046803	0.0757638	0.0557757	0.575098	0.0398873	0.0747554	0.0817009	0.0327818	0.0939939	0.0417631	0.279544	0.849689	2.829	5	1.466481
111000	-430.2053	-557.4236	127.2183	10	0.3128549	0.022209	0.0772475	0.0119682	0.0417892	0.00125154	0.0131365	0.00246205	0.0172364	0.000555987	0.00742311	0.0420313	0.113043	0.0467966	0.731355	0.0336142	0.0673193	0.127097	0.0195994	0.0521861	0.00639587	0.114525	0.616773	3.26231	5	1.428322
112000	-412.5224	-556.4918	143.9694	10	0.2329935	0.0305198	0.101917	0.0209197	0.0640275	0.0119084	0.00977141	0.000830231	0.0178941	0.00645268	0.0132191	0.033871	0.00921421	0.045429	0.637093	0.0064831	0.0270238	0.128646	0.0604723	0.0570134	0.00141161	0.0547135	0.464224	3.47965	5	1.282706
113000	-424.1016	-559.0515	134.9499	10	0.6442244	0.089117	0.10824	0.0327612	0.0285504	0.0209328	0.0235929	0.011935	0.00509633	0.00390399	0.018258	0.0962099	0.0552329	0.0252598	0.67611	0.0217617	0.0533402	0.113262	0.0552534	0.0685884	0.0623389	0.335981	0.902306	2.69937	5	1.507407
114000	-415.5598	-558.9584	143.3986	10	0.3654184	0.0228064	0.153294	0.0421642	0.0541074	0.0192852	0.0261783	0.0231873	0.0169191	0.00712772	0.00582727	0.0576028	0.0120295	0.0126908	0.695889	0.035696	0.0820106	0.0217197	0.0715969	0.059019	0.0120578	0.155493	0.690974	3.14148	5	1.419152
115000	-415.8091	-555.468	139.6589	10	0.1836255	0.0420243	0.061014	0.0205238	0.0406357	0.00262161	0.000706097	0.0129558	0.00690608	0.0129743	0.00797411	0.0375943	0.023251	0.0407044	0.523198	0.0522186	0.124848	0.0748122	0.0759994	4.43369e-05	0.000286942	0.0248951	0.339593	3.63523	5	1.161007
116000	-424.8394	-565.4047	140.5653	10	0.4130008	0.0450276	0.0934477	0.0678572	0.073368	0.00436776	0.00200581	0.0424238	0.00607923	0.00393138	0.0316365	0.0794706	5.32863e-06	0.00275981	0.673337	0.0409247	0.0659976	0.111725	0.120083	0.0996515	0.0186338	0.191399	0.744974	3.04499	5	1.564099
117000	-424.9356	-564.0386	139.103	10	0.4980271	0.0596164	0.11859	0.0391018	0.115142	0.00723725	0.0693846	0.0458366	0.00306982	0.0120293	0.0306548	0.0413554	0.106425	0.0955277	0.919415	0.027952	0.0162805	0.0199175	0.186523	0.0177167	0.0330227	0.250626	0.818828	2.89752	5	1.931776
118000	-406.5035	-553.4233	146.9198	10	0.2765192	0.0442238	0.0754565	0.0213992	0.048851	0.00991402	0.0147937	0.00124975	0.0101693	0.00868526	0.0375908	0.069263	0.0189239	0.0700105	0.776362	0.0763879	0.0331447	0.0640399	0.0289691	0.0541899	0.00358428	0.086403	0.55418	3.35583	5	1.463624
119000	-417.6924	-555.3712	137.6788	10	0.6477415	0.0569248	0.124304	0.0196011	0.0550701	0.0125172	0.0165501	0.0227771	0.0113088	0.0203143	0.0146937	0.0699313	0.072612	0.0621956	0.572929	0.0202685	0.0436768	0.0973234	0.185361	0.0319968	0.0630808	0.337793	0.903849	2.69528	5	1.510356
120000	-419.3393	-561.3094	141.9701	10	0.2550987	0.0116679	0.0994556	0.0105781	0.0663042	0.00438331	0.00392219	0.0154749	0.0129566	0.0152395	0.0377247	0.0249733	0.0543091	0.0790583	0.76129	0.0407193	0.0491201	0.00451135	0.0960112	0.0171864	0.00235795	0.0703961	0.512115	3.41513	5	1.404886
121000	-411.9821	-554.4033	142.4212	10	0.2085391	0.00531675	0.113208	0.0114839	0.0203175	0.0301005	0.00246938	0.0140176	0.000793083	0.0223926	0.0237474	0.0435982	0.0527384	0.00136191	0.776949	0.0191896	0.0728401	0.0562726	0.0453489	0.118744	0.000704741	0.0388424	0.405574	3.55488	5	1.430889
122000	-407.9168	-555.427	147.5102	10	0.1965453	0.0204171	0.0497433	0.0164113	0.043809	0.00977452	0.0116063	0.0138248	0.00658211	0.0107418	0.0157935	0.0231474	0.0599768	0.00948838	0.313791	0.00680941	0.0292394	0.0509783	0.0254603	0.073485	0.000470487	0.0318066	0.374582	3.59314	5	0.7910792
123000	-422.7321	-560.0597	137.3277	10	0.3714455	0.0209738	0.0954292	0.0262942	0.044009	0.0478311	0.00027967	0.00830298	0.0188656	0.0115781	0.0234009	0.0112681	0.141265	0.0194415	0.824396	0.0292222	0.0423996	0.0380693	0.0756253	0.10377	0.0128197	0.160126	0.698435	3.12862	5	1.582421
124000	-423.8917	-558.7016	134.8098	10	0.3284907	0.0544685	0.153422	0.0519545	0.0726758	0.0129105	0.00419565	0.0501984	0.027104	0.0188793	0.003965	0.0697923	0.0323336	0.135293	1.05984	0.0619714	0.0135738	0.0119009	0.0836007	0.10428	0.00788866	0.126764	0.640688	3.22466	5	2.022363
125000	-407.6027	-556.8538	149.2511	10	0.2322719	0.00111506	0.107972	0.0164456	0.0549894	0.00733593	0.00126606	0.0102805	0.000947461	0.0155167	0.00535826	0.050491	0.0269938	0.0506831	0.510886	0.112065	0.0857989	0.0270695	0.101669	0.000544507	0.00138588	0.0542203	0.46258	3.48181	5	1.187427
126000	-416.4159	-563.3667	146.9508	10	0.355535	0.0200912	0.0384707	0.022579	0.0472969	0.0188316	0.020404	0.0490969	0.0269377	0.00059678	0.0135163	0.0456177	0.0137519	0.0309404	0.563122	0.0238689	0.108661	0.0363626	0.0573956	0.0859041	0.0108566	0.147853	0.678307	3.16298	5	1.223446
127000	-423.0397	-558.9614	135.9217	10	0.5969777	0.0202888	0.120317	0.0224832	0.0834636	0.0359945	0.0269334	0.00523922	0.00609435	0.00309023	0.00395405	0.0957773	0.0440555	0.0314233	0.555921	0.0709319	0.0634101	0.0115132	0.0754438	0.0114512	0.0524853	0.310588	0.879769	2.75716	5	1.287785
128000	-413.6429	-560.4472	146.8044	10	0.6218319	0.0372353	0.0829047	0.0196855	0.0114202	0.0218579	0.0142167	0.0538306	0.00383672	0.03508	0.0138106	0.0618062	0.0622547	0.136376	0.745998	0.0862718	0.123209	0.175945	0.0423696	0.0176516	0.0576398	0.324192	0.892061	2.72611	5	1.74576
129000	-434.8071	-560.3727	125.5656	10	1.012147	0.0372922	0.111843	0.0887426	0.0953361	0.0290767	0.0221303	0.0249608	0.0166068	0.00194807	0.0365932	0.0384404	0.0235324	0.132682	0.798167	0.0848044	0.0601359	0.0264152	0.155956	0.0878739	0.139371	0.480373	1.00198	2.37827	5	1.872537
130000	-417.7102	-559.7333	142.0231	10	0.3362526	0.00338924	0.0951901	0.0490775	0.0162087	0.0240526	0.0035638	0.00643289	0.00465931	0.0113346	0.00833258	0.0636114	0.0411532	0.0331754	0.429812	0.0791252	0.0313109	0.0773925	0.102009	0.0317227	0.00869131	0.132835	0.651951	3.20652	5	1.111554
131000	-415.146	-552.3149	137.1689	10	0.4712758	0.0137852	0.10642	0.0160623	0.0516116	0.0205963	0.00450569	0.000288361	0.00774784	0.00102726	7.40373e-05	0.0582052	0.00233969	0.0530264	0.424893	0.0308825	0.0147753	0.0828032	0.100118	0.0385926	0.0281955	0.232751	0.798188	2.94087	5	1.027754
132000	-415.0565	-553.6538	138.5973	10	0.3711458	0.0595168	0.0645157	0.0278581	0.0309811	0.0115698	0.00659078	0.0135843	0.00712914	0.00499238	0.00367484	0.0331572	0.0347967	0.0037142	0.921573	0.0770857	0.0174617	0.0624043	0.105005	0.0488797	0.0127813	0.159896	0.698069	3.12925	5	1.53449
133000	-411.8674	-552.5983	140.7309	10	0.4373518	0.0485847	0.0928889	0.0178112	0.0747246	0.00168947	0.0195501	0.0151241	0.0168006	0.00441958	0.0315136	0.0284838	0.0727838	0.0790862	0.667543	0.0517442	0.0478567	0.0202143	0.0874284	0.0682927	0.022451	0.209067	0.768731	2.99975	5	1.446539
134000	-418.1646	-560.5437	142.379	10	0.2908412	0.0213442	0.0542153	0.0133153	0.023678	0.01302	0.00658573	0.00469924	0.0162021	0.0027488	0.0477148	0.0370289	0.0564113	0.0271572	0.317842	0.0800878	0.140339	0.0665475	0.063303	0.0629714	0.00458183	0.0973918	0.580096	3.31793	5	1.055212
135000	-423.9452	-567.7255	143.7803	10	0.7560218	0.0626771	0.0887752	0.0191441	0.0653551	0.0118996	0.0198798	0.000710673	0.0335367	0.0052521	0.0795618	0.00954304	0.0258118	0.0317824	0.515677	0.0120005	0.0342196	0.0732939	0.104351	0.208693	0.0861728	0.388807	0.943982	2.58104	5	1.402165
136000	-419.6462	-559.8248	140.1786	10	0.2995107	0.028354	0.0667987	0.0668085	0.0466751	0.00674533	0.0117803	0.0224838	0.00965766	0.00026916	0.0732519	0.011244	0.038998	0.0255675	0.698215	0.00938083	0.0416978	0.17314	0.0755933	0.114087	0.0052557	0.104115	0.59498	3.29565	5	1.520748
137000	-413.9113	-555.2129	141.3016	10	0.33112	0.00762641	0.136235	0.0467958	0.0625742	0.0147117	0.00156564	0.0147394	0.00397255	0.0108083	0.030472	0.0345128	0.00367557	0.0646756	0.61934	0.0553165	0.081484	0.0231015	0.0717524	0.00282437	0.00815603	0.128821	0.644547	3.21848	5	1.286183
138000	-415.7219	-554.1967	138.4747	10	0.1846318	0.0147338	0.0810345	0.0202432	0.0748189	0.00227315	0.0104691	0.0145028	0.0164276	0.000951646	0.0385871	0.0193612	0.0241495	0.0262498	0.53399	0.0767451	0.0826278	0.032461	0.00582562	0.06611	0.000298953	0.0254065	0.342376	3.63192	5	1.141562
139000	-418.9387	-557.3467	138.4081	10	0.4127539	0.0179248	0.0829527	0.0483296	0.070234	0.0119337	0.00250057	0.0259513	0.0100789	0.0105071	0.0147319	0.0526604	0.0803102	0.0500012	0.50983	0.0842137	0.0731806	0.0457082	0.0168911	0.0420457	0.0185966	0.191217	0.744721	3.04547	5	1.249986
140000	-433.5919	-561.0571	127.4653	10	1.148122	0.0158053	0.108979	0.0136133	0.0516616	0.0774965	0.00114882	0.00967389	0.0189231	0.0183962	0.0167435	0.0947079	0.101481	0.0955696	0.973819	0.0519867	0.094015	0.0196913	0.0390522	0.113528	0.165526	0.517156	1.02078	2.29654	5	1.916294
141000	-421.1206	-560.3067	139.1862	10	0.2442811	0.0652606	0.0771624	0.0320432	0.0728774	0.00575118	0.0215047	0.000320891	0.00215969	0.0102575	0.0158731	0.0267557	0.0696604	0.0288291	0.660306	0.0180501	0.111889	0.0245933	0.0358353	0.0101504	0.00185585	0.062592	0.489269	3.44628	5	1.28928
142000	-424.7838	-559.6736	134.8898	10	0.4323227	0.0287599	0.0954888	0.0391447	0.0207018	0.0203576	0.0110796	0.0106627	0.023832	0.0146912	0.0117683	0.084307	0.0457944	0.0852571	0.787677	0.0368655	0.0837751	0.0239996	0.0681391	0.154757	0.0216402	0.205462	0.764016	3.00888	5	1.647058
143000	-428.3747	-557.7991	129.4244	10	0.9123696	0.0299063	0.121234	0.0674559	0.0750066	0.00988744	0.00288427	0.0233501	0.000604158	0.0195413	0.0147303	0.0402525	0.0942829	0.0261202	0.734751	0.0645727	0.0297626	0.0329607	0.00314334	0.0555398	0.119155	0.44873	0.983814	2.4483	5	1.445985
144000	-420.256	-559.2068	138.9508	10	0.3218516	0.0203842	0.0928824	0.0125476	0.0920765	0.0518819	0.000868345	0.00290008	0.0162961	0.00285946	0.0404367	0.0357488	0.103221	0.0221521	1.01311	0.0626554	0.0594401	0.0379314	0.0327008	0.0213588	0.00723436	0.121566	0.630739	3.24046	5	1.721456
145000	-412.0404	-551.93	139.8896	10	0.3424891	0.023011	0.0752911	0.00754888	0.0261748	0.00923367	0.00583987	0.0067112	0.0110973	0.0104584	0.0110147	0.0360047	0.00416338	0.0209196	0.724866	0.0395549	0.0816722	0.107673	0.135871	0.0624975	0.00936522	0.137705	0.660723	3.19221	5	1.399604
146000	-414.3023	-556.8862	142.5839	10	0.6031429	0.0271406	0.0987707	0.0172525	0.0607494	0.00921052	0.0260328	0.00212907	0.00337199	0.014604	0.0266704	0.0210691	0.0731283	0.0527386	0.567938	0.045759	0.0432127	0.0219489	0.0743335	0.00781453	0.0537569	0.314015	0.882914	2.74931	5	1.193874
147000	-412.6806	-557.5067	144.8261	10	0.7183493	0.0385606	0.10071	0.039938	0.0632305	0.0349728	0.00786781	0.00215699	0.022609	0.00686393	0.0459053	0.0470297	0.0179105	0.149509	0.444143	0.0565718	0.075756	0.0617966	0.106884	0.00170121	0.0781112	0.372061	0.931483	2.61835	5	1.324116
148000	-424.4006	-563.5597	139.1591	10	0.874359	0.0247196	0.153344	0.0135091	0.0441621	0.0215678	0.0153934	0.0132226	0.0113758	0.0177007	0.00616556	0.0593477	0.0456952	0.0653939	0.703621	0.0544206	0.168586	0.058724	0.00168987	0.0408443	0.111255	0.435434	0.975606	2.4777	5	1.519484
149000	-429.7937	-560.1735	130.3798	10	0.9142358	0.0905317	0.107611	0.0395225	0.108811	0.00597219	0.0163159	0.0260764	0.00963466	0.0148567	0.0184396	0.0353147	0.0417198	0.0723895	0.729541	0.0847829	0.0898994	0.0390621	0.00838773	0.0807359	0.11954	0.449363	0.984196	2.4469	5	1.619605
150000	-423.4568	-560.3279	136.8711	10	0.4513168	0.0332471	0.0773759	0.0431823	0.0781406	0.0311088	0.0031482	0.0310092	0.0306972	0.0167854	0.0936659	0.00975529	0.038635	0.0938938	1.23892	0.0818892	0.0421944	0.11686	0.0299457	0.00190201	0.0247598	0.218951	0.781337	2.97495	5	2.092358
151000	-423.7087	-557.8235	134.1148	10	0.9675162	0.0203824	0.16406	0.0057299	0.140772	0.0557995	0.010478	0.0027995	0.00398513	0.00938832	0.0547197	0.111349	0.0297079	0.058486	0.981372	0.0751978	0.180988	0.168823	0.129885	0.0373468	0.130428	0.466765	0.994402	2.4084	5	2.241269
152000	-415.4042	-554.2788	138.8746	10	0.2048682	0.0104987	0.170948	0.0158366	0.0809763	0.0216506	0.00225831	0.00988679	0.00850301	0.00137842	0.0201648	0.0206591	0.0214879	0.00875031	0.777727	0.0296625	0.082813	0.125987	0.047415	0.0408813	0.000625905	0.0366303	0.396244	3.5665	5	1.497485
153000	-432.3816	-558.8931	126.5115	10	0.8203197	0.0293478	0.0992034	0.00979103	0.0543856	0.00384391	0.0259897	0.0179289	0.0145715	0.0327341	0.0311489	0.0428825	0.0634604	0.147904	0.70398	0.0151751	0.112229	0.0919588	0.171681	0.0634183	0.0998746	0.415188	0.96243	2.52251	5	1.731634
154000	-427.9763	-563.7999	135.8236	10	0.5010124	0.0510833	0.129674	0.0581007	0.0573579	0.0198865	0.0189574	0.0335209	0.0349873	0.00177136	0.00420572	0.0383243	0.0234611	0.119396	0.471182	0.0824433	0.0809085	0.0757078	0.0281645	0.0375297	0.0335756	0.252576	0.821004	2.89284	5	1.366663
155000	-415.1811	-565.4037	150.2226	10	0.4735492	0.0288143	0.0261264	0.0212963	0.0742578	0.00345605	0.00227405	0.0305287	0.0230869	0.00463072	0.0078571	0.0349878	0.0156057	0.0380683	0.367502	0.0244582	0.0596693	0.0254998	0.0231542	0.015954	0.0285963	0.234298	0.800025	2.93708	5	0.8272277
156000	-415.8982	-558.7715	142.8733	10	0.4009895	0.0304357	0.0951046	0.0265202	0.00911255	0.0260324	0.00246137	0.0104095	0.0118831	0.0141032	0.0247376	0.0186153	0.0658604	0.120148	0.449403	0.0535719	0.0399216	0.0666757	0.0741413	0.0333182	0.0168574	0.182495	0.732349	3.0683	5	1.172456
157000	-415.8203	-558.8204	143.0001	10	0.3327072	0.03928	0.0881813	0.0128909	0.0618	0.0172063	0.00749294	0.00879054	0.00358674	0.00891801	0.0227236	0.0280499	0.0862465	0.14069	0.660263	0.0475435	0.0344848	0.0101041	0.0299014	0.0324292	0.00831967	0.130063	0.646855	3.21476	5	1.340584
158000	-408.5452	-560.5197	151.9745	10	0.2450714	0.0372978	0.0897995	0.011943	0.025917	0.0177008	0.0116226	0.0321009	0.0201299	0.00722745	0.00460605	0.055702	0.122613	0.0813222	0.459802	0.0113011	0.045007	0.0786016	0.0146025	0.0597341	0.00188996	0.0631544	0.490976	3.44398	5	1.187031
159000	-428.8093	-557.5829	128.7736	10	0.3567232	0.0387076	0.0552095	0.0429113	0.063574	0.00718537	0.000801485	0.0135572	0.0153764	0.00115387	0.00105065	0.0871356	0.0137728	0.0257771	1.15178	0.0588318	0.0579735	0.0983689	0.0398166	0.0195814	0.0109978	0.148774	0.679859	3.16037	5	1.792567
160000	-407.6761	-555.9327	148.2566	10	0.3749025	0.0227774	0.0675836	0.00548285	0.0585766	0.00712897	0.00057354	0.0311766	0.00533698	0.0122701	0.0456143	0.0194833	0.0820265	0.0031867	0.55205	0.0783341	0.023762	0.0784467	0.0397571	0.0576354	0.0132664	0.162774	0.702628	3.12133	5	1.191203
161000	-411.0735	-553.6117	142.5382	10	0.1855975	0.0213688	0.0686691	0.0137344	0.0279768	0.00113428	0.00555776	0.00713272	0.00425081	0.00350725	0.00896126	0.0642062	0.0102963	0.028931	0.407141	0.0634736	0.0834109	0.0454857	0.0174297	0.0400354	0.000310821	0.0259017	0.345037	3.62875	5	0.9227034
162000	-430.6463	-560.4871	129.8408	10	1.649388	0.00844002	0.13891	0.0296653	0.0265691	0.000503442	0.0176274	0.016053	0.0173077	0.00220045	0.00869025	0.0810295	0.142471	0.0466609	0.584947	0.0669643	0.131817	0.0923811	0.0928188	0.102868	0.247505	0.61167	1.05811	2.08271	5	1.607924
163000	-425.3745	-563.2325	137.858	10	0.332774	0.00947847	0.134176	0.0741931	0.0529044	0.0286918	0.0141503	0.00701921	0.00439203	0.00923472	0.0300738	0.0195337	0.0628355	0.0888626	0.586425	0.00671601	0.0958093	0.0126851	0.0314228	0.0671406	0.0083266	0.130115	0.646952	3.21461	5	1.335745
164000	-414.1425	-554.2802	140.1377	10	0.2050885	0.0146219	0.0933981	0.0315777	0.05301	0.0196269	0.00227479	0.0242683	0.0031027	0.00408989	0.00618429	0.0295907	0.00636202	0.060616	0.532494	0.034463	0.0853394	0.0679955	0.0186676	0.00416511	0.000630452	0.0367617	0.396807	3.5658	5	1.091848
165000	-412.7273	-557.4367	144.7094	10	0.4650113	0.0175748	0.112595	0.0474506	0.0534344	0.00299695	0.00806998	0.00118885	0.0300782	0.0002791	0.021975	0.0366186	0.0104338	0.0519474	0.391907	0.0389963	0.0658047	0.0453942	0.00789107	0.12465	0.0271008	0.228462	0.79304	2.9514	5	1.069286
166000	-437.3702	-558.8152	121.445	10	1.857436	0.0204568	0.112672	0.022125	0.0635881	0.0375534	0.0130897	0.000276705	0.0149652	0.00488904	0.034631	0.0201663	0.126025	0.0903581	0.749365	0.0131589	0.032307	0.00279479	0.141076	0.131891	0.275642	0.638944	1.06598	2.01944	5	1.631389
167000	-410.6389	-558.7669	148.128	10	0.4960739	0.0275193	0.106608	0.0387934	0.0512237	0.00797423	0.0448383	0.0161443	0.000843828	0.0174438	0.0208579	0.0395147	0.135528	0.0255303	0.35767	0.0261551	0.0805284	0.00220094	0.114179	0.0999481	0.0326624	0.249345	0.817391	2.9006	5	1.213501
168000	-421.903	-566.2179	144.3149	10	1.251379	0.0654857	0.0874312	0.0126407	0.0718781	0.0144513	0.0517067	0.00880141	0.0152625	0.00902329	0.00914841	0.039383	0.0359772	0.0245612	0.513651	0.0258085	0.0166354	0.0606379	0.126551	0.0287574	0.18424	0.541163	1.03174	2.24285	5	1.217792
169000	-423.3805	-555.9027	132.5222	10	0.5271659	0.0385197	0.099381	0.0656606	0.0817068	0.00315019	0.0207943	0.0136083	0.00649031	0.0028525	0.012483	0.0666299	0.0312362	0.117273	0.685569	0.113474	0.0396363	0.0181712	0.000444169	0.0724595	0.0385266	0.269281	0.839071	2.85312	5	1.48954
170000	-416.6014	-556.4678	139.8664	10	0.2331073	0.0379987	0.102994	0.0239525	0.0420449	0.0302981	0.00682026	0.0221195	0.00206725	0.0174636	0.0459255	0.00113497	0.00924544	0.0332861	0.886019	0.0468137	0.0230682	0.0268915	0.0966696	0.0516694	0.0014157	0.0547914	0.464482	3.47931	5	1.506482
171000	-426.9459	-565.2186	138.2728	10	0.6072515	0.0306534	0.131198	0.0586877	0.0777406	0.07473	0.0154519	0.0013707	0.0180945	5.46153e-05	0.0877379	0.0296463	0.0589383	0.136163	0.757317	0.112436	0.0176459	0.00780421	0.0644492	0.0481933	0.0546071	0.316279	0.884974	2.74414	5	1.728313
172000	-413.1888	-553.2572	140.0684	10	0.4400893	0.0518841	0.0815677	0.0251613	0.0459163	0.0132904	0.00885084	0.00703945	0.011868	0.00972585	0.0674364	0.0288766	0.0898304	0.159431	0.703291	0.0393835	0.0926354	0.0415603	0.0234756	0.0487256	0.0228971	0.211019	0.771258	2.99483	5	1.54995
173000	-421.2027	-561.5894	140.3867	10	0.2602509	0.0172977	0.0864201	0.026202	0.0376718	0.00114444	0.036545	0.00789152	0.028717	0.00685814	0.0125596	0.0776816	0.0595053	0.127098	0.686751	0.0487155	0.0990797	0.00336251	0.0443917	0.0172083	0.00262433	0.0741864	0.52261	3.40058	5	1.425101
174000	-420.1715	-554.1147	133.9431	10	0.3428295	0.0841615	0.154009	0.0354333	0.049347	0.0208726	0.011555	0.0421005	0.0155518	0.001761	0.01418	0.0499802	0.0814458	0.123116	0.747773	0.0277204	0.0232755	0.0774204	0.0499804	0.0397256	0.00940274	0.137971	0.661194	3.19143	5	1.649408
175000	-423.6892	-557.3926	133.7034	10	0.523503	0.018303	0.110824	0.0304672	0.0382541	0.00944205	0.0168072	0.0537157	0.00186882	0.0034873	0.0344052	0.0594317	0.18533	0.0334419	0.812229	0.076999	0.0879438	0.0403289	0.0861737	0.127763	0.0378223	0.266983	0.836644	2.85855	5	1.827216
176000	-424.9056	-560.4425	135.5369	10	1.035333	0.0422942	0.109779	0.0128833	0.0420798	0.0437414	0.00980292	0.00683355	0.00871281	0.0242535	0.00372344	0.0882211	0.120477	0.188785	0.590039	0.0442513	0.0234546	0.0402102	0.0884456	0.0153149	0.14395	0.48712	1.00562	2.36331	5	1.503303
177000	-418.8708	-559.4513	140.5805	10	0.2894705	0.0279387	0.109716	0.0056023	0.0786262	0.0504669	0.021659	0.00481446	0.0226636	0.000410276	0.00668887	0.08166	0.0845239	0.029871	0.605708	0.0330949	0.0439743	0.0745605	0.0960944	0.155921	0.00448013	0.096333	0.577688	3.3215	5	1.533995
178000	-410.6586	-554.2496	143.591	10	0.2357601	0.00754889	0.0549406	0.0144382	0.0290497	0.0114578	0.0336709	0.00190088	0.00258928	0.0111808	0.0136297	0.0254249	0.0554819	0.0827971	0.365268	0.0242304	0.0904701	0.00714658	0.0170968	0.0433067	0.0015132	0.0566166	0.470478	3.47139	5	0.8916294
179000	-430.2557	-559.0978	128.8421	10	1.180404	0.0227229	0.140227	0.0417767	0.148921	0.00167852	0.0112942	0.0272969	0.0208659	0.00316647	0.0054422	0.083238	0.0497423	0.0373109	0.870543	0.0433722	0.2715	0.101422	0.0950992	0.211322	0.171484	0.524988	1.02447	2.27906	5	2.186941
180000	-423.6193	-553.7616	130.1423	10	0.6494042	0.0333524	0.130594	0.0242651	0.0665574	0.0272163	0.000166697	0.00979976	0.00470324	0.0188882	0.00585079	0.0488774	0.0788171	0.0769291	0.395858	0.0403125	0.0401039	0.0721756	0.0192544	0.0331285	0.0634318	0.338647	0.904573	2.69335	5	1.126851
181000	-416.8496	-551.9092	135.0595	10	0.3779623	0.0075171	0.0971256	0.02833	0.0355799	0.0141006	0.00193372	0.00257376	0.00130257	0.0283664	0.0164562	0.0499198	0.0276489	0.0441785	0.842965	0.0517699	0.0152201	0.0140825	0.0961519	0.0757851	0.0136677	0.165112	0.706288	3.11493	5	1.451007
182000	-414.2951	-554.7121	140.417	10	0.1880144	0.0198916	0.0580427	0.00865635	0.0338171	6.86869e-05	0.00233672	0.000195542	0.00793179	0.00300034	0.00369784	0.0306784	0.0326432	0.0180753	0.4008	0.024912	0.00745526	0.1376	0.0584394	0.0203207	0.00034203	0.0271597	0.35166	3.62084	5	0.8685628
183000	-420.9009	-557.1298	136.2289	10	0.664059	0.0389174	0.117977	0.052611	0.063716	0.00439482	0.00898001	0.00584518	0.00912124	0.0357476	0.0189281	0.0859193	0.105073	0.12746	0.97483	0.0279746	0.0597198	0.00185444	0.13849	0.0868936	0.0665341	0.346067	0.910785	2.67661	5	1.964454
184000	-425.7602	-565.0583	139.2981	10	0.3091197	0.0310992	0.102969	0.0214072	0.124889	0.0215795	0.0206006	0.0349	0.00333077	0.00581175	0.00381855	0.0444421	0.0452593	0.168401	0.840917	0.0301016	0.00158805	0.138247	0.0192306	0.0371321	0.0060642	0.111606	0.610805	3.27153	5	1.695723
185000	-420.972	-559.1665	138.1944	10	0.3023705	0.0373796	0.131154	0.0242848	0.0428833	0.0033952	0.0254117	0.014284	0.00981462	0.00552874	0.0550983	0.0322668	0.0791484	0.155536	0.914473	0.00449271	0.0604783	0.0394447	0.077502	0.0744302	0.00548957	0.10634	0.599762	3.28841	5	1.787007
186000	-431.1185	-562.4736	131.3551	10	0.438278	0.0143847	0.112118	0.00242006	0.0375622	0.0233391	0.0430668	0.0630437	0.0064837	0.0133803	0.0214705	0.0596837	0.196387	0.0356486	0.581956	0.018794	0.13637	0.0340972	0.0481125	0.0177668	0.0226016	0.209728	0.769589	2.99808	5	1.466085
187000	-415.8264	-557.1693	141.3429	10	0.4444457	0.0255979	0.150943	0.0500308	0.0645212	0.00576442	0.00277056	0.0144666	0.00639221	0.0169799	0.00194284	0.0640163	0.0355847	0.104244	0.743071	0.1923	0.0678639	0.0171648	0.0668837	0.0678931	0.0236136	0.214111	0.775223	2.98705	5	1.698431
188000	-412.2116	-554.1395	141.9279	10	0.3361243	0.028012	0.0584258	0.015931	0.0667885	0.0322846	0.0124596	0.0233056	0.00786191	0.00743193	0.0117346	0.0587549	0.0132644	0.0757349	0.71865	0.0708456	0.03658	0.103477	0.0385597	0.0125484	0.00867772	0.132735	0.651768	3.20682	5	1.39265
189000	-413.3252	-554.3547	141.0295	10	0.2743649	0.0132509	0.0438196	0.0158111	0.0432608	0.000274773	0.00168809	0.000769973	0.0119489	0.00152914	0.0518656	0.00965303	0.0206679	0.0599031	0.523343	0.0418828	0.0350144	0.126092	0.0019728	0.0510143	0.00344665	0.0847667	0.550132	3.36165	5	1.053762
190000	-418.9259	-557.3518	138.4259	10	0.5563024	0.0397723	0.0633656	0.0325809	0.0541173	0.0108041	0.0193043	0.0154188	0.013138	0.0063025	0.00600467	0.0622797	0.114794	0.130626	0.391583	0.0598654	0.0274842	0.0197641	0.0538115	0.0471953	0.0442397	0.287092	0.857276	2.81139	5	1.168212
191000	-422.9695	-565.5593	142.5898	10	0.580866	0.00595181	0.115729	0.0210727	0.0457943	0.0474413	0.0058181	0.0130012	0.030761	0.00796877	0.00200381	0.0979526	0.00541689	0.0897809	0.835849	0.0163331	0.0543445	0.0690591	0.160347	0.133424	0.0491872	0.301468	0.871234	2.77811	5	1.758049
192000	-423.1874	-563.479	140.2916	10	0.4794628	0.00664219	0.0728457	0.0315182	0.0284462	0.00745895	0.00616241	0.0407777	0.0217986	0.00157335	0.0128465	0.0206756	0.0138699	0.117935	0.369836	0.0343597	0.0388404	0.00753828	0.0546597	0.0573969	0.0296474	0.238297	0.80473	2.92733	5	0.9451813
193000	-426.1829	-553.9198	127.737	10	0.325442	0.0552114	0.104244	0.0328035	0.0630861	0.0093029	0.0270324	0.00792083	0.00966191	0.00498595	0.0238782	0.0412927	0.0577333	0.0979377	0.784817	0.0105346	0.0798595	0.067242	0.0600148	0.0528887	0.00758448	0.124377	0.636156	3.23188	5	1.590447
194000	-413.8174	-551.9729	138.1554	10	0.1736601	0.0133873	0.146546	0.0313735	0.0368279	0.0198178	0.004261	0.00150082	0.0131777	0.00599057	0.01536	0.0361101	0.0176806	0.0260307	0.824112	0.0431401	0.0534445	0.0263711	0.124242	0.0558491	0.00018632	0.0200937	0.311534	3.66819	5	1.495223
195000	-427.6981	-565.4827	137.7846	10	0.3295923	0.0227199	0.158871	0.0422746	0.0716476	0.00408366	0.0142473	0.0689991	0.00483193	0.00762587	0.0372639	0.0640964	0.0434299	0.0680952	0.839183	0.0131221	0.10039	0.131773	0.0365488	0.0236475	0.00800011	0.127626	0.642311	3.22206	5	1.752851
196000	-426.6467	-557.7434	131.0967	10	0.3095508	0.0125421	0.0847201	0.0216664	0.0797984	0.00684054	0.00214274	0.00131631	0.0324221	0.00265642	0.00347498	0.049893	0.00434673	0.00204211	0.93919	0.101378	0.0281628	0.0494065	0.113917	0.0438637	0.00610199	0.111943	0.611499	3.27046	5	1.57978
197000	-428.5806	-556.31	127.7294	10	0.1568816	0.012307	0.0321656	0.0274608	0.0615838	0.0117745	0.00392534	0.0121214	0.00630282	0.00257	0.00239266	0.0262942	0.0652508	0.0143347	0.7678	0.0351239	0.0279508	0.0766651	0.0123038	0.0776252	7.95309e-05	0.0131616	0.262471	3.72429	5	1.275952
198000	-416.4728	-552.055	135.5822	10	0.2580306	0.0372347	0.091371	0.0371956	0.0700607	0.00129791	0.00434181	0.0287282	0.00121225	0.00398683	0.00140755	0.0494821	0.0661773	0.0317693	0.56324	0.0198839	0.0114654	0.0429438	0.0418643	0.0618854	0.00250735	0.0725477	0.518118	3.40683	5	1.165548
199000	-423.2412	-559.5348	136.2936	10	0.3224363	0.0116723	0.100759	0.0216377	0.0292787	0.0165272	0.0055377	0.0294393	0.00184712	0.00805421	0.0165153	0.0340904	0.0828296	0.0297757	0.549991	0.00162311	0.0738767	0.0224312	0.0191879	0.0122168	0.00729077	0.122024	0.631627	3.23906	5	1.067291
200000	-419.6503	-559.7675	140.1172	10	0.2169928	0.0660226	0.109509	0.00950573	0.0840643	0.00294467	0.0282068	0.03303	9.66865e-05	0.00578797	0.0420227	0.00851125	0.113552	0.032041	0.64904	0.0242045	0.0695559	0.0795767	0.0290825	0.0141038	0.000912077	0.0441176	0.426538	3.52843	5	1.400857
201000	-414.4772	-557.9918	143.5146	10	0.1991145	0.0173227	0.0458157	0.0168167	0.0313319	0.00469641	0.00737728	0.000434186	0.00488884	0.00525184	0.0290867	0.0387983	0.0134261	0.0737715	0.449043	0.0556705	0.067019	0.0274216	0.0538148	0.00756523	0.000515135	0.0332662	0.381343	3.58488	5	0.9495523
202000	-417.1786	-551.358	134.1794	10	0.1368675	0.015551	0.0726614	0.0114676	0.0315469	0.00883836	0.00101265	0.00176093	0.00261585	0.00618384	0.0452645	0.000176879	0.0290221	0.0105521	0.999949	0.0281763	0.0432534	0.0787081	0.0330788	0.0168456	2.19109e-05	0.00692698	0.201957	3.79109	5	1.436665
203000	-424.7334	-554.2115	129.4782	10	0.1719882	0.0132547	0.14148	0.0258073	0.0403978	0.00492928	0.00504835	0.0104654	0.00156831	0.00178857	0.00101468	0.0631383	0.100719	0.0520999	0.909909	0.108637	0.0713892	0.054043	0.0642137	0.0788681	0.000172449	0.0193364	0.306742	3.67375	5	1.74877
204000	-422.4906	-555.6829	133.1922	10	0.8273707	0.0696764	0.126397	0.0568425	0.0701586	0.0152414	0.00465169	0.0194351	0.000831406	0.0471213	0.00513761	0.0630177	0.0474378	0.0299258	0.846694	0.0529245	0.111701	0.108196	0.0189905	0.0659008	0.101368	0.417925	0.96426	2.51645	5	1.760282
205000	-427.8777	-558.0882	130.2105	10	0.7427061	0.0578439	0.0810431	0.0560879	0.0904222	0.000375611	0.00487832	0.038288	0.00131464	0.0194162	0.0124037	0.0749031	0.124992	0.14352	0.920763	0.0266441	0.0485556	0.0927995	0.0371812	0.0403535	0.0833237	0.383002	0.939721	2.59395	5	1.871787
206000	-428.9454	-556.7812	127.8359	10	0.8350239	0.0319488	0.150924	0.0238321	0.0445878	0.0140793	0.0214639	0.0263899	0.0019253	0.0244862	0.0101024	0.0815571	0.0641973	0.0429883	0.692157	0.135075	0.0466595	0.0745844	0.092638	0.0110777	0.102987	0.420862	0.966206	2.50995	5	1.590675
207000	-414.6848	-561.683	146.9982	10	0.5850766	0.0548361	0.0607361	0.0488037	0.021905	0.010896	0.00930958	0.0140705	0.0088702	0.00308914	0.0368882	0.0380861	0.0291209	0.0336048	0.50465	0.0777918	0.0124393	0.0504498	0.0518966	0.0592976	0.0500454	0.303874	0.87351	2.77257	5	1.126742
208000	-422.8426	-555.7691	132.9266	10	0.1888962	0.0140671	0.0774101	0.0110638	0.0282157	0.0122242	0.00665796	0.0130329	0.00483587	0.0212982	0.0272834	0.0163003	0.0290506	0.146873	0.625334	0.0292686	0.00972409	0.0262207	0.0747289	0.0390799	0.000353966	0.0276253	0.354062	3.61796	5	1.212668
209000	-428.5086	-561.5332	133.0246	10	0.8478982	0.0226098	0.0542188	0.00755606	0.0409287	0.0129763	0.0187744	0.0258925	0.0100418	0.00995667	0.0329781	0.058061	0.0760898	0.0473034	0.499713	0.134511	0.214869	0.0965261	0.0898714	0.0835367	0.105703	0.425726	0.969392	2.49918	5	1.536414
210000	-412.344	-558.5968	146.2528	10	0.2111841	0.0454691	0.0730646	0.0165045	0.0418787	0.00424622	0.00901925	0.0562444	0.00299118	0.00344661	0.0663019	0.003846	0.043606	0.0226792	0.607171	0.0308002	0.0779642	0.0282141	0.0306332	0.0191235	0.000765667	0.0404665	0.412212	3.54656	5	1.183204
211000	-421.9237	-558.2863	136.3626	10	0.5293336	0.01776	0.0598174	0.0435202	0.0681225	0.0159292	0.0154143	0.0136755	0.00565019	0.0106252	0.0189602	0.0630236	0.0635257	0.0617298	0.730592	0.00404274	0.113832	0.00351831	0.0435172	0.101306	0.038945	0.270635	0.840492	2.84993	5	1.454562
212000	-418.2507	-561.9262	143.6754	10	0.1625172	0.06699	0.0500522	0.0135221	0.042368	0.00114827	0.013005	0.0307201	0.00333769	0.0144076	0.0195008	0.048206	0.0295044	0.0674513	0.421174	0.00237263	0.0376491	0.0757375	0.0527685	0.0508757	0.000107958	0.0153217	0.279176	3.70539	5	1.040791
213000	-423.0147	-556.3249	133.3102	10	0.7658298	0.0257208	0.102831	0.0107395	0.0461792	0.0489591	0.025988	0.0507834	0.0148698	0.00363598	0.0201284	0.0385014	0.105234	0.0093792	0.477478	0.0506422	0.018196	0.0900571	0.0958722	0.0340625	0.0882699	0.393004	0.947018	2.57171	5	1.269258
214000	-429.798	-558.0538	128.2559	10	0.6802262	0.0356377	0.139445	0.0748797	0.0839542	0.00909441	0.00977143	0.033977	0.0413148	0.00288944	0.0139505	0.0787153	0.201125	0.119939	1.05942	0.0172588	0.177896	0.0509771	0.011879	0.0902292	0.0699706	0.354049	0.917315	2.65867	5	2.252357
215000	-426.2865	-556.5595	130.273	10	0.8609434	0.0690583	0.094662	0.0150716	0.0832094	0.0223303	0.0110829	0.0188569	0.0105951	0.0238328	0.033181	0.0455509	0.0756758	0.0276561	0.722681	0.169605	0.0355794	0.0157778	0.0698704	0.043991	0.108445	0.43056	0.97251	2.48848	5	1.588268
216000	-416.0887	-555.081	138.9923	10	0.406242	0.0145625	0.0860499	0.0605647	0.0453042	0.028673	0.00123282	0.00675564	0.00653012	0.0172485	0.00918636	0.0349286	0.0271698	0.00980623	0.48913	0.0438723	0.040374	0.0509942	0.0478161	0.0581157	0.0176251	0.186403	0.737948	3.05802	5	1.078315
217000	-412.9068	-556.5903	143.6835	10	0.302501	0.0165939	0.0690871	0.0121867	0.0365346	0.0252323	0.0175486	0.00991362	0.017968	0.00289393	0.0200156	0.0263081	0.0265761	0.0424027	0.575251	0.104084	0.0782631	0.0166941	0.0672162	0.0204927	0.00550037	0.106442	0.599979	3.28808	5	1.185262
218000	-412.2514	-550.8242	138.5728	10	0.2821214	0.00293816	0.093352	0.00863794	0.0352522	0.00997886	0.00986145	0.0057347	4.63968e-05	0.0126308	0.00239368	0.0325222	0.0625319	0.0323627	0.55861	0.0397678	0.0605426	0.0470613	0.0278612	0.0771011	0.00395735	0.0906803	0.564519	3.34084	5	1.119187
219000	-414.1711	-557.0534	142.8823	10	0.4332546	0.0624371	0.0467906	0.0276595	0.0199366	0.0253102	0.000687893	0.0381246	0.00285603	0.00477366	0.00113112	0.0644676	0.00488094	0.105199	0.442656	0.0531807	0.026587	0.0747074	0.113889	0.0494562	0.0217896	0.206132	0.764897	3.00718	5	1.164731
220000	-430.7789	-563.6832	132.9043	10	1.086008	0.0522862	0.0572816	0.0557232	0.0800259	0.00862345	0.0197491	0.00879128	0.0161545	0.00535911	0.00780558	0.114005	0.111764	0.0310401	0.592752	0.0232501	0.114728	0.00311998	0.0965563	0.119984	0.153788	0.50116	1.01291	2.33214	5	1.519
221000	-421.5618	-555.5896	134.0279	10	0.2729668	0.0463152	0.0503119	0.0273111	0.0378971	0.00155018	0.0161004	0.00132297	0.00246106	0.00853959	0.0392933	0.024981	0.0426013	0.023874	0.902024	0.0741738	0.217412	0.0201874	0.0187313	0.00442113	0.00335907	0.0837074	0.547485	3.36545	5	1.559509
222000	-418.7674	-551.7069	132.9395	10	0.5719571	0.0120019	0.0900536	0.0357506	0.0390674	0.0202071	0.00209565	0.0134581	0.00167121	0.0150335	0.000517718	0.0666976	0.0102013	0.0329634	0.739492	0.0566166	0.06623	0.0393579	0.0806333	0.0472207	0.0473806	0.29632	0.866309	2.78999	5	1.369269
223000	-427.8715	-557.8707	129.9992	10	0.3098726	0.0390522	0.0837503	0.000504422	0.108782	0.0306333	0.0110051	0.000402882	0.0135584	0.00512348	0.0022264	0.0320485	0.0501576	0.0652523	0.69307	0.0359967	0.0374791	0.107023	0.0389183	0.0454907	0.00613027	0.112194	0.612016	3.26966	5	1.400475
224000	-432.6658	-556.4563	123.7905	10	0.3979561	0.0679879	0.062918	0.00376584	0.0389848	0.0216373	0.00341888	0.0293558	0.00339832	0.00680707	0.0757321	0.00408418	0.107066	0.026903	1.2561	0.032516	0.011293	0.123216	0.0375391	0.171076	0.0164206	0.180228	0.729059	3.07429	5	2.083794
225000	-420.4561	-562.5075	142.0514	10	0.7071631	0.0269859	0.127885	0.0553059	0.0677503	0.0361113	0.0364867	0.00190988	0.0344628	0.00456083	0.0177287	0.0783745	0.158537	0.000605138	0.604323	0.0914982	0.120538	0.0356967	0.0166786	0.0353354	0.0757189	0.36689	0.927494	2.6299	5	1.550774
226000	-421.9093	-561.8805	139.9712	10	0.7303423	0.0437384	0.127203	0.0250164	0.0697472	0.0258861	0.0225383	0.000180818	0.0233064	0.0300809	0.0246645	0.0750403	0.0244757	0.0830904	0.781535	0.266535	0.00672612	0.0737304	0.0694174	0.0113173	0.0806776	0.377501	0.935614	2.60621	5	1.78423
227000	-418.9576	-559.1358	140.1781	10	0.8965861	0.0331181	0.0777439	0.0427495	0.0555517	0.0129546	0.00769842	0.0239031	0.00667694	0.0129819	0.0310501	0.0155974	0.131027	0.0116	0.513801	0.056656	0.0410354	0.0338459	0.125769	0.0191137	0.115886	0.443298	0.980503	2.46031	5	1.252874
228000	-422.1869	-562.299	140.1122	10	0.3089609	0.0217481	0.0712424	0.0504864	0.034342	0.00309933	0.0113902	0.0207467	0.00224356	0.0109042	0.0307738	0.0241312	0.053729	0.0136598	0.482769	0.0183236	0.0168587	0.124718	0.104097	0.0195421	0.00605032	0.111482	0.610549	3.27192	5	1.114805
229000	-406.3407	-553.8413	147.5005	10	0.2915324	0.0169837	0.0438129	0.0327263	0.0233659	0.000498749	0.00137046	0.0181941	0.0109885	0.00659654	0.0190577	0.0492173	0.0519087	0.0562212	0.538441	0.0381797	0.0231872	0.0126269	0.0659902	0.0564264	0.00463361	0.0979261	0.581304	3.31614	5	1.065793
230000	-425.1143	-567.0909	141.9766	10	1.092626	0.0151031	0.0845146	0.0494894	0.0895556	0.0391188	0.0348375	0.0450212	0.0439485	0.00172906	0.0267871	0.0723307	0.053546	0.0553509	0.461513	0.0327313	0.103386	0.0564856	0.0379291	0.0242323	0.155056	0.502926	1.0138	2.32822	5	1.32761
231000	-409.9153	-556.451	146.5358	10	0.307934	0.00875072	0.112742	0.0227292	0.0363318	0.00952773	0.0112878	0.00198056	0.00243938	0.00965303	0.0600752	0.048951	0.0418933	0.0359987	0.687821	0.0856711	0.0792365	0.0710581	0.0672779	0.0625433	0.00596094	0.11068	0.608889	3.27447	5	1.455969
232000	-424.3268	-556.8878	132.561	10	0.2976104	0.0356556	0.103198	0.0213738	0.0607531	0.0304609	0.0153362	0.00610481	0.00454698	0.0171367	0.0703639	0.0141918	0.0747451	0.102972	0.710996	0.108455	0.0790886	0.000349187	0.00826535	0.0135296	0.00510347	0.102637	0.591768	3.30049	5	1.477522
233000	-425.6012	-562.7529	137.1517	10	1.341224	0.0416607	0.143809	0.00811102	0.0532667	0.00889838	0.0107862	0.0216539	0.00541106	0.00851566	0.00635917	0.0893178	0.0701234	0.0759324	0.457786	0.0392548	0.0374021	0.00570376	0.107603	0.0617543	0.19972	0.559802	1.03956	2.20092	5	1.25335
234000	-425.9033	-556.4078	130.5045	10	0.6560373	0.032662	0.157965	0.00522384	0.0533663	0.0262726	0.0184914	0.00542071	0.0215664	0.00374044	0.00326678	0.0633319	0.134432	0.0414778	0.453558	0.089431	0.0181342	0.0190182	0.0702448	0.0374239	0.0648343	0.342027	0.90742	2.68572	5	1.255027
235000	-417.0678	-557.875	140.8072	10	0.3783565	0.0351977	0.0727436	0.0120028	0.0405612	0.0150735	0.0112758	0.0143682	0.00474228	0.0244253	0.019164	0.0865409	0.0302946	0.10684	0.422049	0.00527724	0.121725	0.0625961	0.0113104	0.105694	0.0137198	0.165412	0.706756	3.11411	5	1.201882
236000	-416.147	-558.3533	142.2063	10	0.3529644	0.016951	0.0707762	0.0102909	0.0461646	0.00464851	0.0124059	0.0280807	0.0231302	0.00360099	0.0108192	0.0749923	0.0473342	0.0443134	0.649572	0.0668148	0.102522	0.0154184	0.108336	0.0736692	0.0105541	0.145859	0.674921	3.16867	5	1.409841
237000	-418.7317	-555.9567	137.225	10	0.4146941	0.0109055	0.0878723	0.0465407	0.0467784	0.0354724	0.00177266	0.0670058	0.00729649	0.0155993	0.0257515	0.04605	0.0622369	0.0659117	0.781828	0.130044	0.13599	0.0459607	0.035567	0.0177509	0.0188901	0.192645	0.746704	3.04176	5	1.666335
238000	-440.0855	-567.1788	127.0932	10	1.065634	0.00623443	0.113301	0.0172424	0.078673	0.011355	0.0137219	0.048564	0.00432977	0.042263	0.0421522	0.0428966	0.157289	0.0240585	0.5553	0.0170734	0.0833639	0.0409891	0.0422976	0.16403	0.149861	0.495628	1.01008	2.34443	5	1.505135
239000	-419.316	-553.5724	134.2564	10	0.4204364	0.0085829	0.146966	0.0244573	0.0933924	0.0204184	0.00145398	0.000378979	0.0178429	0.00190199	0.0228928	0.0243946	0.00491494	0.0204307	1.06368	0.270775	0.131093	0.0294485	0.0479269	0.102569	0.0197697	0.19685	0.752481	3.0309	5	2.03352
240000	-412.1353	-557.6848	145.5496	10	0.3272591	0.00882063	0.0912053	0.0249114	0.0774306	0.00882467	0.0280028	0.00522082	0.00432577	0.0136699	0.0422811	0.0190533	0.000466536	0.0764069	0.699338	0.0885862	0.0954378	0.0338139	0.00945389	0.0654773	0.00776501	0.125799	0.638865	3.22757	5	1.392727
241000	-426.2086	-560.4423	134.2337	10	0.4187355	0.00781613	0.145866	0.0465781	0.120585	0.0212931	0.0172082	0.0407191	0.00744832	0.00722439	0.0237299	0.0691978	0.0922897	0.117062	0.907679	0.00673608	0.0866279	0.109521	0.0562487	0.0159891	0.0195075	0.195608	0.750784	3.0341	5	1.89982
242000	-410.8158	-553.9636	143.1478	10	0.3744789	0.0412495	0.0782721	0.0290106	0.0588379	0.0053764	0.0189204	0.00132705	0.0165472	0.000153859	0.0281623	0.00822447	0.096109	0.0251814	0.561794	0.126298	0.0887946	0.0249216	0.0695078	0.00257949	0.0132113	0.16245	0.702118	3.12222	5	1.281268
243000	-430.9487	-569.1325	138.1838	10	0.7972128	0.0502869	0.0277052	0.0219693	0.0682409	0.00332488	0.0245609	0.013645	0.00939655	0.0328451	0.00970439	0.0788808	0.0430011	0.055138	0.383264	0.0535072	0.0289015	0.109804	0.0528947	0.209429	0.0949655	0.406009	0.95618	2.54285	5	1.276499
244000	-411.2292	-556.2019	144.9727	10	0.3566714	0.0368441	0.0763066	0.00199641	0.0233045	0.000808491	0.0112044	0.00609903	0.00027019	0.021543	0.0314319	0.0344277	0.0190001	0.116906	0.513331	0.0370245	0.0830846	0.0323484	0.0656081	0.0517086	0.0109916	0.148734	0.679791	3.16048	5	1.163248
245000	-418.5385	-554.4045	135.866	10	0.241295	0.00259928	0.0843013	0.0367235	0.0491024	0.0139397	0.00159694	0.00651871	0.00149462	0.00799388	0.0169808	0.0493331	0.0852425	0.010642	0.416758	0.073588	0.03337	0.0276216	0.227138	0.00651907	0.00173058	0.0604794	0.482765	3.45502	5	1.151464
246000	-405.9182	-550.2874	144.3692	10	0.2489	0.0269033	0.0470066	0.00902952	0.0346948	0.00155111	0.00392037	0.00580781	0.00684611	0.00556509	0.0322541	0.0217493	0.0624475	0.0564812	0.499266	0.0427301	0.0314535	0.0738301	0.0171056	0.0401039	0.00206088	0.0658967	0.49916	3.43288	5	1.018746
247000	-425.0703	-563.5419	138.4716	10	0.7716649	0.0454478	0.0975288	0.073297	0.00872102	0.0222453	0.0364071	0.0236083	0.0105449	0.00866464	0.0357731	0.0449662	0.11359	0.0421447	0.519597	0.0951135	0.0800354	0.0301352	0.139952	0.0290322	0.0895167	0.395471	0.948783	2.56623	5	1.456803
248000	-410.665	-550.8019	140.1369	10	0.3028674	0.0362671	0.0841866	0.0177717	0.0465995	0.00841331	0.00371214	0.00710039	0.0164847	0.0012236	0.0180222	0.0335148	0.0639143	0.099261	0.535738	0.0242048	0.0274672	0.0366309	0.000497329	0.107174	0.00553079	0.106728	0.600587	3.28715	5	1.168183
249000	-428.7716	-568.3072	139.5356	10	0.4038652	0.0460446	0.0980335	0.0222197	0.0493215	0.051525	0.000494068	0.00529862	0.00248256	0.0259687	0.00507696	0.0549988	0.0446364	0.0510806	0.460965	0.13572	0.0397509	0.0985176	0.212943	0.130703	0.017276	0.184638	0.73543	3.06266	5	1.535781
250000	-424.9082	-562.1345	137.2262	10	0.3794742	0.0679329	0.0770121	0.0230747	0.0914354	0.013834	0.00686144	0.0222356	0.00493978	0.0113431	0.00290511	0.0503666	0.00065148	0.103748	0.603772	0.0789543	0.221816	0.0613559	0.0733126	0.0820428	0.013868	0.166264	0.708078	3.11179	5	1.597593
251000	-424.6077	-553.2519	128.6442	10	0.2185877	0.017089	0.0538649	0.019409	0.0406875	0.0109213	0.0144355	0.044197	0.00680292	0.00495724	0.00574479	0.070682	0.0215525	0.0454586	0.728527	0.023115	0.0625896	0.0518163	0.0492327	0.135908	0.000955407	0.0451396	0.430411	3.52349	5	1.406991
252000	-417.8497	-562.8353	144.9856	10	0.4610944	0.0226707	0.0851603	0.0117808	0.0630808	0.0036209	0.00138195	0.0162854	0.0111672	0.00357118	0.0644688	0.0135538	0.0542306	0.0468367	0.437643	0.0833583	0.0413327	0.0796233	0.018571	0.0308749	0.0264238	0.22576	0.789757	2.95806	5	1.089212
253000	-420.4162	-560.9491	140.5329	10	0.2655493	0.0055962	0.0747616	0.0101212	0.0386619	0.024185	0.01031	0.00310461	0.0176748	0.00174488	0.00178126	0.0643143	0.0406939	0.00498068	0.699192	0.125141	0.0525161	0.0408461	0.0358259	0.0271275	0.002917	0.0781271	0.53315	3.38581	5	1.278579
254000	-413.6806	-556.9589	143.2784	10	0.2912455	0.0447419	0.0378909	0.00837232	0.026925	0.0165449	0.0207534	0.00848115	0.000407368	0.0120535	0.0142466	0.0668289	0.163839	0.104688	1.12631	0.0170714	0.00200873	0.122356	0.00640075	0.0408561	0.00461208	0.0977042	0.580803	3.31688	5	1.840776
255000	-420.5529	-556.2941	135.7412	10	0.5236655	0.0245163	0.0700317	0.0573099	0.0525175	0.0125362	0.000572188	0.024533	0.00135941	0.00564717	0.00455474	0.0370094	0.0321495	0.012927	0.692101	0.0712732	0.0883103	0.161151	0.0245566	0.0847018	0.0378535	0.267085	0.836752	2.85831	5	1.457758
256000	-420.1865	-554.2153	134.0288	10	0.3578154	0.00039225	0.0640734	0.0177943	0.0428123	0.00457454	0.00626599	0.0194045	0.00378721	0.0221233	0.029049	0.0414909	0.118624	0.0962272	0.697322	0.0113569	0.0396786	0.0334685	0.0403614	0.0421507	0.0111284	0.14962	0.681278	3.15797	5	1.330957
257000	-420.7128	-558.0694	137.3566	10	0.3466164	0.0384881	0.117221	0.0463131	0.0654629	0.000959005	0.000657987	0.0132466	0.00842548	0.00744776	0.0210608	0.0410075	0.0095193	0.0815707	0.391134	0.0657933	0.0266587	0.0435233	0.0861183	0.0604757	0.0098252	0.140922	0.666395	3.18286	5	1.125083
258000	-425.4488	-556.1651	130.7164	10	0.3254851	0.0570293	0.108151	0.0529672	0.0290575	0.00348443	0.00225046	0.0186284	0.0204721	0.0061189	0.0190853	0.0524599	0.0137223	0.0780607	0.600315	0.0438688	0.0112048	0.0599426	0.0705876	0.0689498	0.00758873	0.124411	0.636221	3.23178	5	1.316356
259000	-428.5565	-566.407	137.8505	10	0.3785029	0.0495073	0.124541	0.0290976	0.0898351	0.0181082	0.0276329	0.0219511	0.0085319	0.0341733	0.0366549	0.032225	0.063161	0.0975572	0.427856	0.0217108	0.0572474	0.0760927	0.0604704	0.0792079	0.0137392	0.165524	0.706929	3.11381	5	1.355562
260000	-414.7176	-553.1246	138.407	10	0.2221807	0.00817491	0.151407	0.00807349	0.044097	0.00528076	0.01203	0.00336642	0.0033931	0.00808585	0.0319168	0.058478	0.0187337	0.0305407	0.506187	0.0104397	0.0369402	0.0103729	0.10539	0.0638826	0.00105812	0.047471	0.439041	3.51243	5	1.11679
261000	-422.809	-560.3257	137.5167	10	0.6939867	0.0525232	0.116929	0.0323995	0.074633	0.025795	0.0551165	0.0142797	0.0215991	0.00206983	0.0761487	0.0394908	0.0750159	0.0928852	0.992219	0.197609	0.0483924	0.0134078	0.029646	0.0984022	0.0729043	0.360679	0.92262	2.6438	5	2.058563
262000	-404.715	-555.078	150.3631	10	0.1766447	0.017009	0.028213	0.0189816	0.0138333	0.00175833	0.0206192	0.0158591	0.00701445	0.000178149	0.00305951	0.0448975	0.0772902	0.00909554	0.465932	0.0446305	0.0452114	0.0333308	0.0101137	0.000916618	0.000213132	0.0214805	0.32003	3.65828	5	0.8579443
263000	-422.4142	-557.2765	134.8623	10	0.7607054	0.0157722	0.0701925	0.00979441	0.0588742	0.00720237	0.0121191	0.0067858	0.00682994	0.00240055	0.0137994	0.0358323	0.0600453	0.139375	0.412867	0.0558715	0.0238275	0.00415411	0.0449789	0.0201948	0.0871744	0.390819	0.945443	2.57656	5	1.000917
264000	-425.3312	-560.9666	135.6353	10	0.4134357	0.0181983	0.0853274	0.0512337	0.0731402	0.0325071	0.0242849	0.00286388	0.0181825	0.00544243	0.00445271	0.0715575	0.0372717	0.0969443	0.70866	0.00802298	0.00363761	0.00462546	0.104674	0.0411865	0.0186995	0.191719	0.745419	3.04416	5	1.392214
265000	-425.8782	-557.9311	132.0529	10	0.4382177	0.0301224	0.111197	0.0259544	0.0451494	0.0167067	0.00342684	0.00489739	0.0358784	0.0144219	0.000842156	0.0734352	0.00650446	0.0274017	0.558359	0.0457916	0.106418	0.0509412	0.102022	0.0155283	0.0225918	0.209685	0.769533	2.99819	5	1.274998
266000	-433.4528	-571.115	137.6622	10	0.6363218	0.112898	0.00539554	0.0538122	0.0668383	0.011835	0.0214474	0.0310934	0.0101153	0.00488614	0.0097559	0.0459205	0.0741024	0.118849	0.466403	0.153962	0.0502893	0.0373327	0.0105707	0.0960457	0.0606754	0.33187	0.898775	2.70868	5	1.381553
267000	-406.332	-553.5621	147.2302	10	0.1793075	0.0282196	0.078788	0.0129616	0.0435456	0.0228477	0.00139531	0.00281466	0.0014588	0.0072946	0.0111653	0.0404246	0.0336443	0.0622835	0.604845	0.0755791	0.0345298	0.00753556	0.029351	0.0384674	0.000239387	0.0227552	0.327545	3.64946	5	1.137152
268000	-418.9239	-557.8903	138.9664	10	0.2837144	0.0544931	0.0813383	0.0134538	0.0350114	0.012838	0.0121922	0.0532671	0.0110833	0.00889163	0.0055116	0.0555109	0.0390277	0.0349379	0.712757	0.0500158	0.0397713	0.105119	0.0157019	0.0798652	0.00406745	0.0919019	0.567412	3.33662	5	1.420788
269000	-434.961	-559.423	124.4619	10	0.8033545	0.0526662	0.138747	0.0377345	0.0596251	0.0400185	0.017583	0.00847489	0.00721928	0.0143057	0.0417183	0.0362918	0.0516834	0.0797957	1.01744	0.0983131	0.111826	0.00891982	0.0158279	0.0628882	0.0962724	0.408481	0.95788	2.53737	5	1.901076
270000	-417.0268	-558.4355	141.4087	10	0.3054508	0.0515383	0.107205	0.00653159	0.0672787	0.0269566	0.00861952	0.0177646	0.0137375	0.00950555	0.040556	0.00977268	0.0550635	0.074571	0.612078	0.0113708	0.0400532	0.04793	0.0136048	0.141024	0.00574788	0.108742	0.604844	3.28067	5	1.355161
271000	-437.3162	-567.1778	129.8616	10	0.3139873	0.0383839	0.0596315	0.00353156	0.0332193	0.0147601	0.10582	0.0277487	0.00518607	0.028967	0.0243228	0.0394209	0.0810349	0.0975445	0.838171	0.011679	0.0672282	0.0425174	0.011049	0.172989	0.00649834	0.115411	0.618562	3.25953	5	1.703205
272000	-420.2455	-560.2139	139.9685	10	0.2845799	0.0100189	0.0549362	0.0120621	0.0249297	0.048705	0.00452799	0.0111821	0.0106952	0.00413619	0.0361538	0.0862396	0.080455	0.031977	0.668084	0.0355626	0.0326792	0.0308312	0.15626	0.200925	0.00412802	0.0925666	0.568974	3.33433	5	1.54036
273000	-420.9343	-558.7554	137.8211	10	0.1873536	0.00685409	0.10269	0.0280398	0.0131392	0.0234456	0.00543151	0.030591	0.00502424	0.00839882	0.0340899	0.0528836	0.062138	0.0371995	0.534853	0.046592	0.0264384	0.0238484	0.0171847	0.0138704	0.000333281	0.0268131	0.349855	3.623	5	1.072713
274000	-406.8828	-550.9588	144.076	10	0.1861827	0.0126995	0.0826371	0.00495621	0.0572386	0.00584196	0.007007	0.00112317	0.00469525	0.00425312	0.00514871	0.0291018	0.0416322	0.0889212	0.763746	0.106176	0.0286687	0.0320657	0.0194639	0.0809778	0.00031818	0.0262039	0.346646	3.62683	5	1.376353
275000	-420.1415	-561.4403	141.2988	10	0.5378677	0.0139398	0.0630275	0.0103185	0.0124777	0.000218962	0.0150791	0.0155933	0.0171757	0.0115424	0.00738205	0.0460672	0.106459	0.0450461	0.43324	0.115728	0.00409521	0.0288436	0.0548191	0.0860989	0.0406031	0.27592	0.84598	2.8375	5	1.087152
276000	-405.1037	-553.654	148.5503	10	0.6351249	0.0451156	0.0984495	0.0567925	0.082977	0.00414317	0.0137133	0.00321675	0.00039146	0.015897	0.00732128	0.0572431	0.0288062	0.0963541	0.654918	0.0158145	0.0205491	0.0294317	0.123892	0.131553	0.060424	0.331243	0.898233	2.7101	5	1.48658
277000	-419.4531	-559.757	140.3039	10	0.7473322	0.0449515	0.0614221	0.0442575	0.0413866	0.0467192	0.0010975	0.0139084	0.00707692	0.0131779	0.0193691	0.0849186	0.0427928	0.121698	0.576707	0.0902567	0.0333304	0.00205112	0.0230376	0.0592828	0.0843137	0.385033	0.94122	2.58943	5	1.327442
278000	-428.1151	-561.5444	133.4293	10	0.4876255	0.0485309	0.290172	0.00249836	0.0499136	0.0342619	0.0128619	0.026939	0.0024632	0.0150629	0.0312668	0.091235	0.0945743	0.0394475	0.411064	0.044799	0.104361	0.0235471	0.0776905	0.0580986	0.0311177	0.243761	0.811051	2.91407	5	1.458788
279000	-417.4941	-560.3781	142.884	10	0.7281594	0.0254768	0.0631108	0.0458273	0.0519745	0.0210569	0.00546688	0.00589095	0.00814744	0.0160655	0.0287364	0.0187899	0.0581172	0.116513	0.527849	0.0122646	0.0587691	0.0210109	0.0606648	0.071749	0.0802104	0.376519	0.934873	2.6084	5	1.217481
280000	-421.4994	-550.8082	129.3088	10	0.4103645	0.0176187	0.113329	0.0283917	0.0552626	0.0300657	0.00800254	0.0262742	0.0149747	0.000460461	0.000193145	0.0512063	0.0127269	0.0206545	0.53451	0.0401895	0.0181516	0.122954	0.0921315	0.0939879	0.0182376	0.189455	0.742257	3.05005	5	1.281086
281000	-421.0657	-555.5961	134.5304	10	0.3606269	0.00282364	0.0602755	0.00737491	0.0463603	0.00956945	0.00154197	0.0180846	0.00391684	0.0201184	0.0160178	0.0609821	0.039683	0.00720502	0.585603	0.0908073	0.0831848	0.0489044	0.0650097	0.0588158	0.0114679	0.151795	0.684901	3.15184	5	1.226278
282000	-430.1201	-562.1166	131.9965	10	0.8538192	0.0285691	0.0867618	0.00896464	0.050894	0.0274905	0.020336	0.0262133	0.00743871	0.0054388	0.014134	0.0367026	0.11767	0.0447776	0.810887	0.0422615	0.0334211	0.129263	0.108931	0.0516737	0.106949	0.427932	0.97082	2.4943	5	1.651828
283000	-434.0909	-555.0399	120.949	10	0.3956782	0.0556793	0.0969701	0.0134953	0.0814672	0.00521496	0.0144291	0.00148819	0.00791915	0.0196766	0.0100852	0.058365	0.0915468	0.163798	0.969624	0.0179112	0.0885345	0.0911623	0.0983318	0.09534	0.0160959	0.17852	0.726561	3.07882	5	1.981039
284000	-420.9574	-558.8794	137.922	10	0.5424139	0.00447319	0.0783495	0.0360722	0.0739249	0.0171938	0.00110404	0.0047881	0.0126439	0.00926197	0.0603673	0.0404389	0.0875446	0.0636916	0.68538	0.0102105	0.162396	0.00257013	0.0730228	0.100135	0.0414932	0.278706	0.848835	2.83097	5	1.523569
285000	-426.212	-556.1513	129.9393	10	0.2367046	0.0166766	0.0719445	0.0490631	0.0316578	0.000989114	0.00665031	0.0059522	0.00942368	0.00191855	0.0379159	0.0303953	0.044317	0.0418988	0.844275	0.0542951	0.111841	0.0396991	0.107831	0.00769192	0.00154895	0.0572707	0.472596	3.46858	5	1.514436
286000	-419.7504	-558.5056	138.7552	10	0.1461099	0.00381789	0.0737757	0.0201808	0.0182127	0.0164964	0.00554323	0.0057917	0.000266679	0.00268688	0.0493787	0.025792	0.0963215	0.0495482	0.700577	0.0450958	0.036105	0.0165359	0.0107772	0.0151833	4.15249e-05	0.00952463	0.230063	3.76037	5	1.192086
287000	-418.0117	-553.923	135.9114	10	0.7040074	0.0420752	0.105573	0.0136455	0.065076	0.00102651	0.0121725	0.00306348	0.014696	0.00843292	0.0195338	0.0356676	0.0239221	0.159787	0.819359	0.0339078	0.0536983	0.107636	0.0779242	0.106642	0.0750445	0.365415	0.926344	2.6332	5	1.703838
288000	-418.0148	-561.5789	143.5641	10	0.2509482	0.0106122	0.108587	0.0489769	0.0181051	0.0230062	0.0117707	0.00741104	0.012373	0.0151596	0.0171489	0.0582783	0.0234355	0.0613412	0.520322	0.0517422	0.046882	0.0871664	0.0353298	0.0473797	0.00215624	0.0673756	0.503481	3.42699	5	1.205027
289000	-407.3489	-554.6391	147.2901	10	0.1717598	0.00601165	0.0830803	0.0289176	0.0409596	0.00629741	0.00502978	0.010061	0.00400263	0.00152542	0.0159604	0.0241015	0.053071	0.0748791	0.708109	0.0402242	0.0224171	0.0796097	0.0694308	0.00815288	0.000170616	0.0192341	0.306086	3.67451	5	1.281841
290000	-413.4423	-559.7282	146.2859	10	0.3586404	0.0032011	0.0830618	0.0223344	0.0301595	0.0159907	0.0131252	0.00931124	0.0128899	0.0332993	0.0705033	0.00329976	0.062975	0.0432572	0.408707	0.0100448	0.0409688	0.0544122	0.0378261	0.0723037	0.0112275	0.150259	0.682346	3.15617	5	1.027671
291000	-419.0115	-563.9422	144.9307	10	0.3761598	0.0579805	0.0394178	0.0211284	0.0919358	0.0212799	0.0111653	0.0580512	0.00920728	0.0125545	0.0200793	0.0269367	0.0174533	0.0317889	0.468625	0.107709	0.0509922	0.144117	0.0224014	0.0618556	0.0134307	0.163735	0.704138	3.1187	5	1.274679
292000	-418.8299	-560.3839	141.5541	10	0.577429	0.0815417	0.0605908	0.0286145	0.0627036	0.0177586	0.0167162	0.0116505	0.00525863	0.0144168	0.0328264	0.0209541	0.0934826	0.0773253	0.811406	0.0433753	0.100009	0.0998832	0.0260452	0.00788318	0.0484887	0.299491	0.869352	2.78267	5	1.612441
293000	-421.0532	-554.6166	133.5634	10	0.2432975	0.021103	0.0512686	0.0343835	0.0537574	0.00144549	0.00310624	0.00385297	0.00242748	0.00666427	0.0338007	0.0348163	0.109872	0.0313544	0.877182	0.0426487	0.0196351	0.044947	0.0803864	0.0292494	0.00181397	0.0618941	0.487136	3.44916	5	1.481902
294000	-427.0292	-554.2042	127.175	10	0.5291538	0.00591589	0.150385	0.0193032	0.0350686	0.0289858	0.000729957	0.00250632	0.00902113	0.00621696	0.00306157	0.067887	0.0951992	0.0630047	0.668014	0.135348	0.0619033	0.0262313	0.135706	0.0439116	0.0389103	0.270523	0.840375	2.85019	5	1.5584
295000	-421.2383	-557.3591	136.1208	10	0.4716657	0.0143018	0.12404	0.0458766	0.0773129	0.0207381	0.00603999	0.0175204	0.0202625	0.00615999	0.00854594	0.0371199	0.0763334	0.100692	0.627641	0.0133891	0.0126806	0.0451364	0.0858897	0.0545482	0.0282641	0.233016	0.798504	2.94022	5	1.394228
296000	-422.8057	-559.2432	136.4376	10	0.3329301	0.00970979	0.106714	0.0288026	0.0276467	0.0114767	0.0374415	0.0129921	0.00772151	0.015365	0.015574	0.0489317	0.0432534	0.100235	0.548056	0.0247347	0.0285554	0.0490334	0.101125	0.057592	0.00834279	0.130237	0.647178	3.21424	5	1.274961
297000	-414.8981	-555.3862	140.4881	10	0.4310937	0.0313883	0.159104	0.0508347	0.0722817	0.0204861	0.0102268	0.0567333	0.0133236	0.0121325	0.0222119	0.0438783	0.114509	0.000513168	0.610963	0.147384	0.00246238	0.0836472	0.118453	0.0548478	0.0214438	0.204578	0.762849	3.01113	5	1.625381
298000	-418.135	-556.1644	138.0293	10	0.402473	0.0267122	0.162323	0.0262498	0.062137	0.0154572	0.00229504	0.0572683	0.0155498	0.00234012	0.00160394	0.0331903	0.0435171	0.0342479	0.475954	0.13717	0.0499644	0.0818628	0.0196482	0.00936493	0.0170728	0.183601	0.733943	3.06538	5	1.256856
299000	-416.5172	-557.1491	140.6319	10	0.6086368	0.0246674	0.0796202	0.0164478	0.0242834	0.000991777	0.00143996	0.000650599	0.00134184	0.013365	0.000829984	0.0795426	0.012109	0.0987919	0.451982	0.00571705	0.0601888	0.101055	0.0874895	0.0290691	0.0548942	0.317039	0.885662	2.7424	5	1.089583
300000	-433.4787	-559.1631	125.6844	10	1.988197	0.0432853	0.114905	0.029743	0.0697705	0.0125718	0.00183549	0.0307573	0.0248324	0.000224373	0.00379058	0.102791	0.0306064	0.0937845	0.630719	0.0873203	0.0983398	0.0503283	0.165453	0.113448	0.291862	0.653753	1.06969	1.98469	5	1.704505
301000	-423.9333	-562.4888	138.5556	10	0.396217	0.0292491	0.0774858	0.0430155	0.0682446	0.0198999	0.0323761	0.0484369	0.0217743	0.00566504	0.0167668	0.0435479	0.0703211	0.053653	0.778553	0.0300801	0.0910552	0.00938571	0.024032	0.0379414	0.0161724	0.178924	0.727154	3.07775	5	1.501484
302000	-414.6689	-555.4091	140.7402	10	0.4171862	0.0122741	0.0758299	0.0172168	0.0591276	0.0266491	0.00258118	0.00192782	0.00781578	0.0181681	0.0489254	0.0347433	0.0925492	0.0687048	0.41007	0.013177	0.0431297	0.0263245	0.0263248	0.00374272	0.0192699	0.194474	0.749228	3.03703	5	0.9892821
303000	-431.6316	-566.0252	134.3936	10	0.3076633	0.0139602	0.0716502	0.0256599	0.0589158	0.00118194	0.0170698	6.65092e-05	0.00319223	0.00690612	0.00281627	0.0411657	0.0539642	0.0571254	0.184944	0.0106531	0.116847	0.0308732	0.0787382	0.0393806	0.00593751	0.110468	0.608451	3.27514	5	0.81511
304000	-437.0169	-571.7619	134.7451	10	0.2693759	0.0705374	0.0594942	0.00513913	0.0377356	0.00233672	0.0353666	0.0308947	0.00190418	0.026692	0.012575	0.0256947	0.0152926	0.060151	0.393952	0.00614883	0.0341299	0.0535716	0.0426761	0.0687348	0.00314032	0.0809973	0.540606	3.37526	5	0.983027
305000	-412.7208	-557.7959	145.0752	10	0.5107364	0.0719792	0.0777912	0.0279628	0.0646643	0.00122628	0.00912943	0.0411623	0.0128838	0.00750614	0.0541211	0.0198946	0.0448401	0.0744745	0.608858	0.0900025	0.054715	0.00824246	0.152798	0.0898793	0.0353945	0.258867	0.827926	2.87781	5	1.512131
306000	-423.1493	-565.6968	142.5475	10	1.741833	0.0533824	0.12625	0.0174586	0.0164265	0.0115692	0.0154348	0.0291276	0.00406145	0.00931814	0.0288745	0.0833483	0.0785955	0.0193821	0.661484	0.0315714	0.139463	0.0323734	0.0209469	0.0499871	0.260381	0.624416	1.06195	2.05325	5	1.429055
307000	-416.0942	-557.8806	141.7864	10	0.2293595	0.0427301	0.135985	0.0106688	0.0108605	0.00276342	0.00990787	0.00929645	0.0138055	0.00112812	0.0411698	0.0415274	0.0405203	0.0428444	0.501069	0.0583531	0.01987	0.067449	0.0157075	0.00672168	0.00128518	0.0522435	0.455892	3.49058	5	1.072378
308000	-427.0394	-557.5191	130.4796	10	0.6630067	0.0391964	0.121031	0.0495485	0.0717301	0.0123821	0.0221639	0.00438071	0.0268426	0.000417611	0.00812303	0.070956	0.00519839	0.110836	0.785385	0.0477725	0.00795813	0.0226525	0.0769702	0.0579651	0.0663109	0.34554	0.910349	2.6778	5	1.54151
309000	-427.546	-564.4839	136.9379	10	0.7003491	0.0305469	0.0855318	0.030495	0.049762	0.00725318	0.00297832	0.00939779	0.0243945	0.0284501	0.0300898	0.082062	0.0299194	0.00539619	0.496455	0.20027	0.0170701	0.048711	0.0451517	0.0438293	0.0742629	0.363695	0.924998	2.63704	5	1.267764
310000	-433.9599	-568.0689	134.109	10	0.446591	0.0468836	0.143824	0.0281392	0.0910777	0.00850906	0.0332352	0.0201753	0.00811528	0.0204198	0.102682	0.032382	0.122758	0.0351786	0.653883	0.0872922	0.00960192	0.0870789	0.00517841	0.0289798	0.0239693	0.215627	0.77715	2.98325	5	1.565395
311000	-414.3189	-553.499	139.1801	10	0.5109004	0.0244819	0.13021	0.0150929	0.0516682	0.0172484	0.00101081	0.00459715	0.00528158	0.0130852	0.0284503	0.0325054	0.025943	0.0497147	0.996865	0.0415153	0.0525398	0.0555969	0.118866	0.0775204	0.0354255	0.258972	0.828041	2.87756	5	1.742192
312000	-432.3069	-555.0683	122.7614	10	0.4554083	0.0150935	0.128377	0.0476325	0.0386525	0.00661167	0.00436539	0.0341508	0.0155171	0.0023722	0.0373691	0.0710749	0.0196185	0.0949706	0.698916	0.0352056	0.052928	0.113746	0.00695884	0.055588	0.0254515	0.221812	0.7849	2.96784	5	1.479148
313000	-416.2748	-555.7228	139.448	10	0.2116242	0.0320407	0.114771	0.0330338	0.0181818	0.00792883	0.0120957	0.0082308	0.00616798	0.00939008	0.0141664	0.0233102	0.0325845	0.00468131	0.488728	0.0388205	0.0504051	0.0558211	0.0355488	0.00854381	0.000776147	0.0407391	0.41331	3.54518	5	0.9944505
314000	-420.7097	-558.0087	137.299	10	0.4117874	0.0976306	0.0930202	0.0177173	0.0658293	0.00562909	0.0105196	0.00332962	0.0155855	0.00104888	0.0483966	0.0210969	0.103813	0.0201246	1.05617	0.0136478	0.0371721	0.0686597	0.0723434	0.0215541	0.018451	0.190505	0.743727	3.04732	5	1.773283
315000	-413.1125	-555.8152	142.7027	10	0.3811616	0.0487457	0.108099	0.0358788	0.031734	0.0088195	0.0332169	0.0335325	0.0106821	0.00431628	0.00605777	0.0520535	0.0152556	0.0353074	0.582956	0.0849631	0.0950603	0.0457811	0.0134346	0.0338299	0.0140931	0.167549	0.710063	3.10829	5	1.279724
316000	-410.7714	-555.3078	144.5363	10	0.4213753	0.0350983	0.0814758	0.0409222	0.0560073	0.0175662	0.000883708	0.00522261	0.00660156	0.0045351	0.00569506	0.0462421	0.0493863	0.0325268	0.439789	0.0681737	0.0734969	0.00165265	0.0937203	0.0405189	0.0199151	0.197535	0.753412	3.02914	5	1.099514
317000	-412.7539	-559.4209	146.6671	10	0.3379021	0.071242	0.0760339	0.0201394	0.0878479	0.014039	0.0133471	0.0159519	0.000895682	0.000754889	0.0374083	0.0115132	0.0302058	0.0485936	0.474017	0.0955669	0.0662616	0.0267934	0.00411941	0.0326895	0.00886706	0.134124	0.654295	3.20271	5	1.12742
318000	-415.2636	-555.7976	140.534	10	0.2527754	0.0436265	0.0532341	0.0331688	0.0395901	0.0158743	0.0137726	0.0081372	0.0107024	0.00834992	0.0353076	0.0287587	0.0338518	0.0517719	0.350919	0.0546579	0.0218679	0.0386049	0.00754116	0.0469011	0.00224364	0.0687015	0.507302	3.42175	5	0.8966382
319000	-419.5395	-564.0479	144.5084	10	0.4441823	0.0297144	0.0721857	0.00157102	0.0578306	0.016699	0.00165497	0.00844652	0.00437002	0.0155528	0.0370452	0.034694	0.0211967	0.0328226	0.798666	0.0819299	0.00650669	0.0490757	0.0309226	0.0627671	0.02357	0.213925	0.774985	2.98752	5	1.363652
320000	-421.4497	-564.789	143.3393	10	0.2906902	0.0137151	0.0719989	0.03008	0.0526887	0.000654101	0.00325512	0.101201	0.00818489	0.0107658	0.0467962	0.000906753	0.0327923	0.0735701	0.424496	0.0830683	0.017465	0.0161726	0.0865689	0.0494489	0.00457056	0.097275	0.579832	3.31832	5	1.123829
321000	-414.0238	-556.8034	142.7796	10	0.4445175	0.0749519	0.0805922	0.0115977	0.0732787	0.0211164	0.00501009	0.0190873	0.0154586	0.00617639	0.00163516	0.0454134	0.00355705	0.0453157	0.613488	0.0695762	0.0128067	0.0962339	0.0939966	0.0895335	0.0236254	0.214162	0.775287	2.98693	5	1.378826
322000	-429.7154	-565.5204	135.8051	10	0.2944069	0.0331729	0.066437	0.0104865	0.0289199	0.00218994	0.0511481	0.0259352	0.00500379	0.0011628	0.0191552	0.0383026	0.103592	0.0467605	0.737504	0.179689	0.146173	0.0333811	0.00336077	0.0278095	0.00485259	0.100152	0.586289	3.30871	5	1.560183
323000	-407.0425	-559.0744	152.032	10	0.4312437	0.0286833	0.053605	0.0139539	0.0451433	0.0399059	0.00273981	6.55159e-05	0.0182954	0.00982079	0.0244564	0.0379667	0.0566002	0.0111484	0.321016	0.0325004	0.0579064	0.114108	0.0289084	0.0306349	0.0214677	0.204686	0.762991	3.01086	5	0.9274584
324000	-426.3472	-561.2352	134.888	10	0.3158762	0.0100629	0.0604352	0.00251324	0.0555843	0.00685305	0.00721248	0.0076866	0.00947581	0.0062944	0.0111226	0.0489299	0.0186569	0.010297	0.468131	0.0876122	0.111171	0.0780598	0.0808077	0.0373441	0.00667123	0.116889	0.621526	3.25491	5	1.118251
325000	-406.6853	-557.6688	150.9834	10	0.2775824	0.0220696	0.0463376	0.00192237	0.0266483	0.00732607	0.0119069	0.013802	0.00945361	0.00384227	0.0300559	0.0465982	0.0877952	0.1098	0.558446	0.102979	0.0289953	0.0300352	0.1398	0.0433715	0.0036534	0.0872125	0.556162	3.35297	5	1.321185
326000	-415.5025	-555.5647	140.0623	10	0.4191278	0.0189041	0.121703	0.0134264	0.0476902	0.0123797	0.0091723	0.0208974	0.0156084	0.00526383	0.0428582	0.0360756	0.0791646	0.120929	0.669597	0.0115445	0.0428444	0.0880763	0.0301657	0.0162413	0.0195679	0.195894	0.751176	3.03336	5	1.402541
327000	-414.5772	-559.9433	145.3661	10	0.5339924	0.0218593	0.137602	0.00628296	0.0782788	0.0140636	0.000523863	0.0201041	0.00527674	0.0311805	0.00868156	0.113368	0.0998874	0.0315208	0.630868	0.0749634	0.0552902	0.0445859	0.0276892	0.0728262	0.039848	0.273529	0.843509	2.84311	5	1.474852
328000	-420.4744	-556.1039	135.6295	10	0.325384	0.0530555	0.0348951	0.0298798	0.0451334	0.0154014	0.0138642	0.00404989	0.00490172	0.0112265	0.0456313	0.0111381	0.0327636	0.0492938	0.463283	0.0805374	0.0316358	0.0162623	0.0899127	0.0358269	0.00757875	0.124331	0.636069	3.23202	5	1.068692
329000	-408.748	-556.521	147.773	10	0.3236703	0.00955987	0.0663487	0.0202616	0.0518274	0.0239791	0.0126725	0.0144871	0.00382135	0.0141581	0.00580477	0.0690729	0.0985288	0.029604	0.508362	0.048	0.0543055	0.0059243	0.0374517	0.0641547	0.00741061	0.12299	0.633494	3.23611	5	1.138325
330000	-425.7802	-565.0187	139.2385	10	0.3734319	0.00569226	0.0703119	0.0149408	0.0280869	0.0660658	2.59334e-05	0.0155614	0.00615446	0.00525272	0.00934085	0.0842564	0.041961	0.00956013	0.959792	0.107462	0.0668461	0.0105963	0.029803	0.173686	0.0130755	0.161649	0.700852	3.12442	5	1.705396
331000	-421.6652	-557.018	135.3528	10	0.3888439	0.0359998	0.0835901	0.040446	0.0477587	0.0137807	0.0161416	0.0106211	0.0106574	0.00153127	0.0142996	0.0543896	0.0656589	0.0260707	0.790233	0.0803605	0.0150371	0.0804245	0.0717904	0.134137	0.0151384	0.173374	0.718921	3.09257	5	1.592928
332000	-410.3534	-555.3531	144.9996	10	0.2589441	0.00742378	0.181887	0.034635	0.0492969	0.00754357	0.0101999	0.00979358	0.00680198	0.00301346	0.0864558	0.00584036	0.152029	0.131771	0.690981	0.0378911	0.0280119	0.00284386	0.0481539	0.173399	0.00255507	0.073221	0.519972	3.40425	5	1.667972
333000	-415.2665	-559.2116	143.9451	10	0.7033489	0.0245202	0.0947129	0.0031306	0.0947418	0.00229183	0.0254695	0.0184051	0.00614802	0.00904943	0.019135	0.0558354	0.0606815	0.00797909	0.756246	0.100326	0.0255656	0.104016	0.0484835	0.0628413	0.0749037	0.365106	0.926103	2.63389	5	1.519578
334000	-441.8854	-566.276	124.3906	10	2.599109	0.0729151	0.136711	0.0370508	0.0647966	0.0204277	0.0271144	0.0572422	0.00376916	0.00884283	0.0544392	0.0155635	0.0880946	0.101406	0.659623	0.0922281	0.0401937	0.157903	0.107125	0.0641672	0.355656	0.706601	1.07967	1.85807	5	1.809613
335000	-421.6702	-563.46	141.7898	10	0.6306132	0.053634	0.138991	0.0153472	0.11023	0.0272599	0.00227378	0.0466172	0.0176763	0.00740058	0.0175966	0.135284	0.0207307	0.172906	0.665633	0.0590198	0.0530744	0.0646106	0.0659733	0.095916	0.0594772	0.328867	0.896168	2.71549	5	1.770176
336000	-424.2766	-555.2536	130.977	10	0.3046328	0.00923864	0.111902	0.0291447	0.0213285	0.00890346	0.0102348	0.00280711	0.00926645	0.00195893	0.0105678	0.0207962	0.0380882	0.0743862	0.55799	0.114728	0.0293027	0.00684301	0.0729909	0.0590133	0.00567863	0.108104	0.603502	3.28272	5	1.189491
337000	-417.9853	-550.5723	132.587	10	0.1915503	0.0164484	0.0612029	0.0320091	0.0356315	0.00609869	0.00792797	0.00499691	0.00711536	0.000921585	0.0415657	0.0154028	0.102823	0.0340522	0.551257	0.0319819	0.00677349	0.0864731	0.0672154	0.0407185	0.000391709	0.0290475	0.361247	3.60931	5	1.150615
338000	-416.2623	-554.5555	138.2932	10	0.3425752	0.0392525	0.201416	0.0145411	0.0687243	0.0420293	0.00822867	0.00916696	0.0112372	0.00391606	0.00480429	0.0488507	0.0749125	0.0415925	0.585902	0.0414192	0.103482	0.0987174	0.076275	0.00839782	0.0093747	0.137772	0.660842	3.19201	5	1.482865
339000	-414.2499	-560.3266	146.0768	10	0.4381514	0.0127321	0.0749482	0.0152807	0.0587388	0.0118901	0.00634296	0.0202079	0.000123119	0.0167273	0.00095324	0.0507318	0.0254578	0.0192996	0.552734	0.024717	0.0422636	0.0435912	0.0995185	0.143119	0.022581	0.209638	0.769472	2.99831	5	1.219376
340000	-414.0204	-555.6448	141.6244	10	0.3001973	0.0666476	0.124451	0.0350473	0.0601338	0.00337412	0.00751497	0.0147417	0.0136303	0.00706015	0.0307905	0.0306968	0.0240707	0.0933171	0.742844	0.100611	0.085791	0.0460099	0.00582413	0.0405891	0.00531132	0.104649	0.596134	3.29391	5	1.533145
341000	-409.9784	-550.3297	140.3513	10	0.6289034	0.054899	0.0912045	0.0441743	0.0312868	0.00984263	0.00116283	0.00495912	0.0158176	0.00324248	0.0163042	0.0441709	0.00356034	0.0230773	0.632472	0.047003	0.132619	0.0929497	0.0485522	0.0764347	0.0591188	0.327962	0.895377	2.71754	5	1.373733
342000	-419.09	-552.3446	133.2546	10	0.3865506	0.0396227	0.102589	0.0149668	0.0406452	0.0196719	0.0140215	0.0178707	0.0158808	0.0104083	0.0261652	0.0395744	0.0623029	0.013412	0.628455	0.0171806	0.0381485	0.0802607	0.0341733	0.0993797	0.0148229	0.17164	0.716307	3.09723	5	1.314729
343000	-405.2275	-555.0804	149.8529	10	0.3165157	0.0120198	0.140895	0.00226175	0.0413557	0.0177279	0.0226847	0.0103689	0.00553146	0.00174545	0.00213538	0.0430208	0.145209	0.043614	0.247398	0.0067953	0.0546585	0.0947747	0.0153594	0.0352008	0.00673032	0.117389	0.622524	3.25336	5	0.9427573
344000	-409.5395	-552.8529	143.3134	10	0.3699317	0.0297303	0.0902194	0.0156276	0.0671148	0.00658444	0.0147086	0.0130157	0.00911324	0.0108682	0.0129668	0.0522657	0.0239958	0.0255909	0.54234	0.0675055	0.0289382	0.0774124	0.0353012	0.0415946	0.0126263	0.158964	0.69658	3.13183	5	1.164893
345000	-427.0718	-556.0996	129.0278	10	0.328068	0.0323286	0.100245	0.0436258	0.0639365	0.00921277	0.0127929	0.00295391	0.0266777	0.00987042	0.0270456	0.0681496	0.0369178	0.0813612	0.560616	0.0376304	0.0608255	0.0325296	0.109476	0.0206615	0.0078461	0.126433	0.640064	3.22566	5	1.336858
346000	-431.3244	-565.755	134.4306	10	0.242197	0.0399223	0.0651716	0.0182806	0.0769588	0.0315798	0.00969413	0.00567555	0.000475557	0.00702599	0.00727322	0.0374276	0.0155416	0.144122	0.624659	0.00335871	0.241428	0.0156931	0.0573107	0.062167	0.00176783	0.0611155	0.484739	3.45238	5	1.463765
347000	-434.1393	-558.8554	124.7161	10	0.5420119	0.032118	0.15424	0.0360578	0.0822006	0.021763	0.0121807	0.0137406	0.0129028	0.0306209	0.0111542	0.0440787	0.0594702	0.0761117	0.809849	0.0732432	0.0594486	0.0420768	0.00292539	0.10665	0.0414143	0.27846	0.848584	2.83154	5	1.680832
348000	-415.3225	-554.1731	138.8507	10	0.4062768	0.0207949	0.0688708	0.00602011	0.0582158	0.0103407	0.000852666	0.0215158	0.00135064	0.00571679	0.0288325	0.0273469	0.0619086	0.0485486	0.283933	0.0135356	0.0149671	0.0376879	0.0629599	0.036908	0.0176303	0.186429	0.737984	3.05796	5	0.810307
349000	-407.9126	-550.2422	142.3296	10	0.2525508	0.0337815	0.0694699	0.00465231	0.026108	0.0164194	0.00143525	0.000380572	0.0101363	0.00349991	0.0104713	0.0273404	0.0464485	0.0129327	0.416856	0.0576502	0.0567465	0.0155627	0.03266	0.0251287	0.00223277	0.0685381	0.506834	3.4224	5	0.8676797
350000	-416.8372	-560.1475	143.3103	10	0.4376265	0.00777782	0.120929	0.0288683	0.0563021	0.013291	0.00484659	0.0372006	0.00171391	0.021838	0.0257276	0.0310583	0.00700554	0.0393326	0.398786	0.0331501	0.0215033	0.0504378	0.125812	0.117329	0.0224956	0.209263	0.768986	2.99926	5	1.142909
351000	-435.2007	-564.232	129.0313	10	0.3163048	0.0415666	0.0600936	0.0159776	0.0655829	0.0690146	0.0217554	0.0147521	0.0223621	0.00819426	0.00818779	0.0756865	0.0643564	0.00187341	0.553088	0.0362754	0.112586	0.0419983	0.126101	0.030636	0.00671081	0.117224	0.622195	3.25387	5	1.370088
352000	-412.426	-552.1731	139.7471	10	0.3337801	0.0319131	0.077965	0.0227463	0.0887466	0.000479322	0.00534527	0.00269336	0.00247916	0.0192725	0.0329702	0.048708	0.0815267	0.00269374	0.577074	0.0342756	0.047037	0.0491031	0.0382164	0.074455	0.00843125	0.130902	0.648406	3.21226	5	1.2377
353000	-414.6298	-554.3363	139.7065	10	0.4589435	0.0360873	0.0747937	0.0166697	0.0797733	0.00871684	0.00776253	0.0033024	0.00758019	0.0074297	0.0426913	0.011215	0.0844782	0.0113537	0.700825	0.0213083	0.10693	0.0421754	0.0890498	0.0429704	0.0260545	0.22427	0.787932	2.96174	5	1.395112
354000	-424.3182	-565.5965	141.2783	10	0.4081555	0.0526905	0.21773	0.0461403	0.0659	0.002414	0.00672342	0.0115993	0.012573	0.0062719	0.0426124	0.0905792	0.0195244	0.0233167	0.5809	0.152139	0.0410792	0.0809656	0.0255893	0.0818325	0.0179083	0.187822	0.739957	3.05431	5	1.56058
355000	-418.1882	-554.9118	136.7236	10	0.8025381	0.0828249	0.121085	0.0408083	0.0599955	0.0101396	0.0165326	0.0376303	0.00172175	0.000974219	0.0148519	0.0462282	0.00590433	0.041169	0.768925	0.104126	0.155187	0.0532723	0.0516158	0.015565	0.0960987	0.408154	0.957656	2.53809	5	1.628556
356000	-420.1559	-554.1161	133.9602	10	0.3976791	0.0549935	0.0681351	0.0256573	0.0844554	0.0266711	0.00249087	0.000783926	0.0029729	0.00968756	0.00718017	0.0479274	0.0682673	0.0870778	0.772381	0.0904145	0.110431	0.0432002	0.0193997	0.00457701	0.016381	0.18002	0.728757	3.07484	5	1.526703
357000	-418.3685	-555.76	137.3915	10	0.6651802	0.0590415	0.095728	0.0492195	0.0308418	0.0315911	0.00503888	0.0159526	0.0130512	0.00633852	0.036034	0.0325428	0.08302	0.0568558	0.646839	0.078371	0.0133139	0.0689134	0.0501314	0.0625954	0.0667719	0.346627	0.911249	2.67535	5	1.435419
358000	-417.0535	-557.3607	140.3072	10	0.4080775	0.0393453	0.102664	0.0387955	0.0817691	0.00902534	0.00431488	0.00639564	0.0098397	0.00558704	0.0336993	0.0295587	0.119656	0.176839	0.737393	0.102948	0.00999271	0.0858845	0.040866	0.0761932	0.0178968	0.187764	0.739875	3.05446	5	1.710767
359000	-418.8049	-562.4277	143.6227	10	0.4720174	0.0303142	0.0721941	0.0847407	0.0203475	0.020833	0.0201583	0.00896741	0.00833485	0.0223259	0.0343768	0.0621372	0.0706303	0.080908	0.773426	0.0700115	0.233168	0.169767	0.0186582	0.0029963	0.028326	0.233256	0.798789	2.93963	5	1.804296
360000	-411.3928	-558.95	147.5572	10	0.2012292	0.013177	0.0729174	0.0119828	0.0826147	0.000595644	0.00862207	0.0045175	0.00354485	0.00162958	0.0207862	0.0458917	0.0622253	0.0185473	0.460052	0.0282218	0.0942972	0.0526813	0.100911	0.0155415	0.000554083	0.0344876	0.386859	3.5781	5	1.098757
361000	-412.4312	-555.3484	142.9172	10	0.4192204	0.00333881	0.109417	0.0550436	0.033279	0.00388	0.00766652	0.00385857	0.0161297	0.00714776	0.0143163	0.0376227	0.103561	0.0340027	0.557029	0.0674107	0.0579362	0.015848	0.0527936	0.0269723	0.0195821	0.195962	0.751269	3.03319	5	1.207253
362000	-419.4573	-558.0382	138.5809	10	0.769283	0.0336435	0.0966244	0.0290125	0.0751768	0.014286	0.025526	0.00703459	0.0229091	0.00319769	0.0227706	0.0283018	0.172958	0.0553995	0.654015	0.0743134	0.132706	0.0146723	0.0795067	0.0501122	0.0890078	0.394467	0.948066	2.56846	5	1.592166
363000	-410.2128	-557.8299	147.6171	10	0.5796219	0.0316635	0.0574407	0.029054	0.0418402	0.027474	0.00470247	0.0493418	0.00994456	0.000934641	0.0249781	0.0456899	0.0164761	0.061009	0.43885	0.114761	0.109818	0.0314187	0.0391759	0.08302	0.0489341	0.300753	0.870555	2.77976	5	1.217592
364000	-418.6524	-553.0751	134.4227	10	0.2700315	0.0246853	0.0885743	0.0134634	0.0673285	0.021232	0.00818981	0.00189407	0.00978247	0.000298765	0.022781	0.0828754	0.0292126	0.0205379	0.526212	0.0397847	0.0824834	0.0355381	0.0798884	0.0672263	0.00317959	0.0814909	0.54187	3.37346	5	1.221989
365000	-408.961	-550.4849	141.5239	10	0.1761255	0.00303485	0.0905099	0.0124821	0.0463651	0.00868089	0.00966519	0.00394701	0.0019945	0.00949846	0.0199919	0.017526	0.0349742	0.050544	0.505511	0.0637155	0.0136182	0.00894747	0.00645289	0.0234499	0.000208274	0.0212361	0.318558	3.66	5	0.9309089
366000	-411.2348	-557.6435	146.4087	10	0.2822498	0.00969859	0.0965528	0.0183549	0.069474	0.0133297	0.0188984	0.000872139	0.00134066	0.00624575	0.00290043	0.0638834	0.00415977	0.0153564	0.361748	0.0701695	0.00713526	0.0451394	0.0826851	0.0353193	0.00396616	0.0907787	0.564753	3.3405	5	0.9232633
367000	-407.3751	-555.6642	148.2891	10	0.3760917	0.00575912	0.102278	0.034804	0.0616219	0.00861654	0.00861695	0.0710373	0.010066	0.00356772	0.0121395	0.0505001	0.000132361	0.0184889	0.897859	0.109025	0.0440223	0.0385168	0.0652475	0.184588	0.0134218	0.163683	0.704056	3.11884	5	1.726886
368000	-418.5787	-553.7042	135.1256	10	0.5736095	0.0225235	0.0817454	0.0475596	0.0275792	0.00797978	0.013804	0.0348438	0.000929262	0.0121092	0.0005987	0.0746875	0.112814	0.0301198	0.580864	0.0412845	0.0197168	0.0420943	0.0863283	0.0265492	0.0477147	0.297281	0.867234	2.78777	5	1.26413
369000	-418.2486	-560.5448	142.2962	10	0.3560481	0.0400536	0.158706	0.032371	0.051549	0.00176361	0.00439443	0.0162742	0.00126791	0.00508669	0.0517024	0.00667934	0.015458	0.0256011	0.513459	0.0775673	0.0830067	0.0426198	0.0821566	0.0667433	0.0109174	0.148251	0.678978	3.16185	5	1.27646
370000	-412.8938	-556.0202	143.1265	10	0.3734249	0.039009	0.0979538	0.0291591	0.0167024	0.00826132	0.0183528	0.0159176	0.00668316	0.0035529	0.00400658	0.0336826	0.0162895	0.0873567	0.416576	0.075599	0.0278969	0.0459698	0.0553868	0.00236205	0.0130746	0.161643	0.700844	3.12444	5	1.000718
371000	-412.9338	-554.217	141.2832	10	0.3553265	0.0355791	0.0378819	0.0233538	0.0720701	0.00265381	0.00579586	0.00519582	0.00499868	0.0145657	0.00954331	0.0556357	0.0791824	0.0293447	0.550953	0.0844649	0.0281575	0.0567449	0.0105279	0.129657	0.0108319	0.147691	0.678033	3.16344	5	1.236305
372000	-428.2309	-561.5806	133.3497	10	0.3674358	0.0245463	0.0970938	0.00869594	0.0484388	0.0315253	5.52176e-05	0.025157	0.00557837	0.00268928	0.000319102	0.105668	0.0712878	0.0208032	0.549582	0.0820271	0.024896	0.0100485	0.139312	0.0760779	0.0123104	0.157046	0.693493	3.13715	5	1.323801
373000	-426.6332	-553.8433	127.2101	10	0.3120542	0.0616166	0.149359	0.0143196	0.0648692	0.00955727	0.00706006	0.0396115	0.00491306	0.00610784	0.0404822	0.0279034	0.0183908	0.0233735	0.840489	0.00462177	0.0295967	0.0814979	0.0249117	0.149044	0.00632396	0.113899	0.615502	3.26428	5	1.597726
374000	-418.4288	-559.4004	140.9716	10	0.2695803	0.0364357	0.0419863	0.0262458	0.0373968	0.0096194	0.0372945	0.0215762	0.010246	0.0205023	0.0109646	0.0437346	0.0876877	0.00263436	0.567328	0.00284913	0.00724442	0.0760046	0.0353888	0.114994	0.00315252	0.0811511	0.541	3.3747	5	1.190133
375000	-419.376	-557.28	137.9039	10	0.2905153	0.0399318	0.0770266	0.0346384	0.0242405	0.00840636	0.00542953	0.0313471	0.0084515	0.0024513	0.0695224	0.0169753	0.0716724	0.0445716	0.530575	0.0477447	0.0382832	0.0358789	0.000295737	0.131183	0.00455753	0.0971399	0.579525	3.31878	5	1.218625
376000	-417.2341	-554.7515	137.5173	10	0.221422	0.0096775	0.110867	0.0102034	0.0345458	0.0142035	0.0124794	0.00981065	0.0108809	0.00153186	0.0167743	0.0401568	0.0275292	0.122212	0.482395	0.00571428	0.103951	0.0164302	0.0533083	0.125973	0.00103583	0.0469754	0.43723	3.51476	5	1.208643
377000	-419.0355	-556.5153	137.4799	10	0.2834562	0.0504586	0.0925379	0.0273783	0.107491	0.012387	0.0173494	0.0222078	0.000512117	0.0179754	0.00916372	0.0848361	0.066037	0.0154015	0.581365	0.103787	0.101349	0.0505101	0.00990498	0.0219577	0.00404948	0.0917038	0.566944	3.3373	5	1.392609
378000	-413.2866	-554.4929	141.2063	10	0.351433	0.00838472	0.0925769	0.00543947	0.040682	0.00796878	0.0081167	0.0215594	0.00224093	0.0212419	0.0297876	0.0707797	0.15033	0.0441516	0.738024	0.000106278	0.0842822	0.0299389	0.0435699	0.0690912	0.0103759	0.144669	0.672886	3.17207	5	1.468273
379000	-414.099	-559.0847	144.9858	10	0.5861952	0.0315999	0.0635989	0.0294993	0.0424048	0.00995409	0.0246465	0.000683782	0.00526097	0.00191975	0.00596168	0.0798647	0.117561	0.0472441	0.539569	0.00399548	0.118891	0.128488	0.0341367	0.00968871	0.0502738	0.304511	0.874109	2.77111	5	1.294969
380000	-427.2178	-553.7165	126.4987	10	0.2602954	0.0242431	0.108402	0.00214352	0.0837153	0.0113577	0.0118791	0.0537638	0.0130888	0.00323938	0.0192454	0.0205312	0.0528295	0.104091	1.08486	0.00407429	0.0783263	0.0278501	0.0453874	0.130004	0.0026267	0.0742193	0.5227	3.40045	5	1.879027
381000	-415.3909	-555.1945	139.8037	10	0.2114028	0.00715869	0.0921811	0.0126867	0.103772	0.0096625	0.00159577	0.0159317	0.00552989	0.0028143	0.0250077	0.0311401	0.0705687	0.0300792	0.487211	0.0583198	0.0178127	0.0172724	0.0325457	0.0633606	0.000770861	0.0406019	0.412758	3.54587	5	1.084651
382000	-418.8382	-556.018	137.1798	10	0.3574699	0.0133361	0.115668	0.0319802	0.0743958	0.00326689	0.00369487	0.0108642	0.0168162	0.000935182	0.00556282	0.0689204	0.0724752	0.0496622	0.447646	0.112582	0.00098937	0.0267144	0.0490974	0.0200417	0.011087	0.149352	0.68083	3.15873	5	1.124649
383000	-409.5799	-553.9098	144.3299	10	0.4376847	0.021863	0.103401	0.0168696	0.0500913	0.00886961	0.00541883	0.00588845	0.0119211	0.0019094	0.00589784	0.075857	0.0184142	0.0614514	0.506108	0.0191565	0.0513317	0.0622968	0.0241868	0.0662936	0.0225051	0.209305	0.76904	2.99915	5	1.117226
384000	-425.0046	-560.0308	135.0263	10	0.3114855	0.0191626	0.0903415	0.0666093	0.0553413	0.0193876	0.0147324	0.0183768	0.0114797	0.000845706	0.0416178	0.0500151	0.0178646	0.00515482	0.675644	0.0424546	0.0612728	0.061576	0.142498	0.0157837	0.00627315	0.113455	0.614596	3.26568	5	1.410158
385000	-425.0775	-561.6143	136.5368	10	1.630913	0.0259983	0.123354	0.00957947	0.0955163	0.0155021	0.0109415	0.00718419	0.0131272	0.023614	0.00389116	0.0883818	0.0347679	0.121741	0.521368	0.10345	0.0538175	0.0161353	0.0583412	0.000163223	0.244856	0.60899	1.05727	2.08889	5	1.326875
386000	-432.6066	-564.8222	132.2156	10	0.3280048	0.0253303	0.123734	0.0531037	0.0455159	0.0397259	0.0271099	0.0164398	0.00203943	0.0289225	0.00913439	0.0507853	0.0419951	0.0719294	0.55055	0.0142172	0.042434	0.194849	0.0101167	0.0337754	0.00783975	0.126383	0.63997	3.22581	5	1.381708
387000	-432.3446	-557.1427	124.798	10	0.4730073	0.0295651	0.136811	0.0599925	0.0405894	0.000863692	0.0110618	0.0111035	0.0097325	3.41261e-05	0.0212542	0.0439132	0.072209	0.0629215	0.584847	0.00423776	0.0614813	0.0445447	0.0641912	0.123267	0.0285006	0.233929	0.799589	2.93798	5	1.382621
388000	-417.4355	-552.817	135.3815	10	0.2808797	0.0317058	0.0998236	0.0421973	0.050764	0.00799902	0.00220229	0.0257321	0.0139046	0.00324426	0.00814764	0.042292	0.0217603	0.0426082	0.511519	0.0303905	0.0262855	0.10454	0.0182844	0.0474471	0.00387277	0.0897298	0.562251	3.34415	5	1.130848
389000	-430.6036	-561.2541	130.6505	10	0.2963497	0.0171303	0.214703	0.0234504	0.0351213	0.0248842	0.080058	0.0144105	0.0013018	0.00139211	0.00171058	0.078138	0.126884	0.0478126	0.703247	0.042154	0.00159339	0.00854288	0.157271	0.0624795	0.00500388	0.101659	0.589621	3.30372	5	1.642284
390000	-424.9819	-556.5688	131.5869	10	0.8640941	0.0375381	0.0899724	0.0152379	0.04234	0.00665399	0.0123131	6.30368e-05	0.000951313	0.0127896	0.0524951	0.0407593	0.0845302	0.011495	0.674213	0.062078	0.0227256	0.0336423	0.0767041	0.128616	0.109106	0.431714	0.973247	2.48593	5	1.405119
391000	-429.2101	-561.0145	131.8044	10	0.3402502	0.0285269	0.149822	0.00993109	0.0226075	0.0116196	0.0233631	0.0057681	0.00241413	0.00100601	0.00672117	0.0503801	0.0975862	0.0605127	0.487191	0.140449	0.0896458	0.0770183	0.0958966	0.119789	0.00912033	0.135958	0.657602	3.19732	5	1.480249
392000	-417.7964	-556.1547	138.3583	10	0.2071591	0.0257934	0.146181	0.0129805	0.0432476	0.000531797	0.0106889	0.0126246	0.00546349	0.000246553	0.0105546	0.0353148	0.0534612	0.0289309	0.528325	0.0839946	0.0206015	0.0198928	0.0865968	0.00653471	0.000674335	0.038005	0.402083	3.55924	5	1.131965
393000	-420.1456	-561.2292	141.0836	10	0.3735334	0.00468976	0.131963	0.0362436	0.0579685	0.0163441	0.0280271	0.0385847	0.0347755	0.00603668	0.00396281	0.041376	0.0504044	0.0642796	0.78263	0.0628979	0.0710999	0.0641913	0.0544684	0.0382349	0.0130887	0.161726	0.700975	3.12421	5	1.588178
394000	-415.0362	-556.4537	141.4175	10	0.4227677	0.0175195	0.0954351	0.0459283	0.0234643	0.0247267	0.0266305	0.00599616	0.00049357	0.0201072	0.0188365	0.0788524	0.00254602	0.0943036	0.498804	0.00983129	0.109707	0.0349152	0.194585	0.0395575	0.0201314	0.198549	0.754787	3.02653	5	1.342239
395000	-419.8131	-561.1303	141.3172	10	0.4208752	0.0301207	0.0638701	0.0205385	0.130635	0.00590865	0.00588764	0.0236461	0.0122937	0.00661118	0.0119755	0.0280816	0.0401831	0.018846	0.560397	0.0324436	0.0666903	0.118278	0.083894	0.027522	0.0198376	0.19717	0.752916	3.03008	5	1.287822
396000	-446.6354	-574.4155	127.7801	10	0.3131798	0.0595525	0.16893	0.0128806	0.0232942	0.00400271	0.00033131	0.0455651	0.023238	0.00975058	0.0598581	0.000997622	0.226681	0.0705732	0.725008	0.108897	0.0761584	0.134986	0.066538	0.0737271	0.00642518	0.114779	0.617287	3.26151	5	1.89097
397000	-420.4743	-560.9748	140.5005	10	0.6841491	0.0185357	0.0960616	0.0330411	0.0625559	0.0269739	0.020893	0.0254424	0.0014924	0.0219279	0.0725436	0.0337823	0.0551646	0.0682665	0.539501	0.022194	0.0538959	0.0408401	0.0742348	0.119938	0.0708062	0.355954	0.91885	2.65439	5	1.387284
398000	-415.3087	-555.822	140.5133	10	0.3541855	0.0252144	0.0548982	0.0457702	0.0547264	0.00739543	0.000507694	0.0338419	0.0103001	0.00549687	0.0168591	0.0158854	0.0549358	0.0536843	0.2433	0.0473472	0.0564173	0.0357654	0.0152393	0.0357992	0.0106973	0.146806	0.676534	3.16596	5	0.8133841
399000	-416.476	-563.6937	147.2178	10	0.2049569	0.0804314	0.057965	0.0192917	0.0507366	0.00799074	0.0036789	0.00694567	0.00230269	0.00600965	0.0205783	0.0075671	0.0540318	0.00311486	0.563815	0.0706275	0.013687	0.0708887	0.0518459	0.0225601	0.000627734	0.0366832	0.396471	3.56622	5	1.114069
400000	-426.6713	-560.8382	134.1669	10	0.4763949	0.00377101	0.164895	0.0375632	0.0547548	0.0103514	0.0257507	0.0172202	0.0140962	0.0156922	0.0019857	0.0578893	0.0171698	0.207862	0.474953	0.0168322	0.0809123	0.0454992	0.0960583	0.155441	0.0291005	0.236227	0.802303	2.93237	5	1.498698
401000	-417.44	-561.0367	143.5967	10	0.265497	0.0473513	0.0616003	0.0152626	0.0401158	0.0241353	0.0211891	0.0349021	0.00100723	0.0140046	0.027519	0.0230535	0.078083	0.0717539	0.570846	0.0009601	0.0494695	0.00338563	0.0475674	0.0550506	0.00291401	0.078088	0.533047	3.38595	5	1.187257
402000	-405.3831	-552.7957	147.4126	10	0.3146127	0.0248549	0.087232	0.0169458	0.0251775	0.00209995	0.0261027	0.00346567	0.00521196	0.0152514	0.000148523	0.039367	0.0717855	0.133669	0.552873	0.0148408	0.0836511	0.0118116	0.0977997	0.0733548	0.00655531	0.1159	0.619546	3.258	5	1.285643
403000	-439.2118	-562.5621	123.3504	10	0.4140586	0.00523343	0.0534325	0.0366327	0.0326851	0.0265647	0.0409931	0.0809837	0.0182163	0.00172967	0.0238998	0.0694764	0.0147462	0.0429841	1.01766	0.0885011	0.0805951	0.127898	0.105799	0.0200474	0.0187938	0.192178	0.746056	3.04297	5	1.888079
404000	-424.7438	-556.3716	131.6279	10	0.5606566	0.00328457	0.231872	0.029629	0.0801135	0.0309945	0.00955139	0.00993689	0.00193426	0.00127299	0.0361993	0.0269663	0.0733997	0.00694205	0.821185	0.114193	0.00828601	0.231674	0.0548443	0.176221	0.0451088	0.289682	0.859838	2.80537	5	1.9485
405000	-421.3627	-565.4021	144.0394	10	0.2304041	0.00585416	0.0504223	0.0204469	0.136249	0.0061159	0.0185671	0.0379881	0.00199893	0.00379288	0.00119102	0.0442202	0.0453787	0.075994	0.766458	0.0328559	0.0312824	0.0728766	0.0712496	0.00253701	0.00132072	0.05295	0.4583	3.48743	5	1.425479
406000	-411.7513	-554.86	143.1087	10	0.1939763	0.0234524	0.0726489	0.0246228	0.0357124	0.00619096	5.7417e-05	0.0185129	0.0187067	0.00304857	0.0146604	0.0545651	0.087908	0.0994535	0.740591	0.0853194	0.00223622	0.0424901	0.0437606	0.0905739	0.000428676	0.0303743	0.367754	3.60144	5	1.464512
407000	-415.2276	-553.1721	137.9445	10	0.1907961	0.0531245	0.0502722	0.0146497	0.0218337	0.0166285	0.000337669	0.00280326	0.00702975	0.0028787	0.00118022	0.0257934	0.09432	0.038091	0.585191	0.0884241	0.0181312	0.0393815	0.00258613	0.0675308	0.000380702	0.0286402	0.359213	3.61177	5	1.130188
408000	-432.9524	-558.8806	125.9283	10	0.3925828	0.0681116	0.125492	0.0495194	0.0604281	0.0106575	0.0476994	0.00804112	0.0137661	0.00804249	0.0532886	0.0372225	0.0625714	0.0661064	0.756791	0.0280409	0.0449179	0.186718	0.211808	0.00205826	0.0156591	0.176194	0.723128	3.08502	5	1.84128
409000	-425.3683	-551.8236	126.4553	10	0.506507	0.0307263	0.10635	0.0246346	0.0518112	0.0168515	0.0129737	0.000493525	0.00651767	0.0120225	0.0403817	0.0245612	0.0462933	0.170728	1.04455	0.0184248	0.0469245	0.0130493	0.0590285	0.19449	0.0346	0.256143	0.824946	2.88431	5	1.920811
410000	-424.9936	-562.8593	137.8657	10	1.490273	0.0330648	0.110305	0.0161878	0.0397218	0.0126544	0.015489	0.0882766	0.0132383	0.0204781	0.00523461	0.082523	0.000511085	0.186572	0.778038	0.0371418	0.0510289	0.10177	0.0653932	0.0434396	0.223816	0.586929	1.04985	2.13941	5	1.701068
411000	-421.1174	-557.8831	136.7657	10	0.7235489	0.0702114	0.140514	0.020171	0.045905	0.0141675	0.000951212	0.0276428	0.00785304	0.0320445	0.0170164	0.0682352	0.0510604	0.143386	0.831891	0.0641324	0.0241378	0.0688122	0.0492004	0.0811544	0.0792237	0.374432	0.933292	2.61305	5	1.758487
412000	-418.8967	-559.4336	140.5369	10	0.3150886	0.0769591	0.073162	0.0353712	0.029336	0.00966997	0.00252502	0.0344472	9.27949e-05	0.0159844	0.0209433	0.0605865	0.052017	0.111459	0.514121	0.0871103	0.0236069	0.0564067	0.119444	0.148066	0.00659884	0.116272	0.620293	3.25684	5	1.471308
413000	-430.5517	-559.8455	129.2938	10	0.493067	0.0238606	0.107641	0.085281	0.0488785	0.0361658	0.0179699	0.0366806	0.00165657	0.0121802	0.0721524	0.0248879	0.056298	0.023773	0.698114	0.127166	0.0249908	0.140339	0.0212515	0.093519	0.0321101	0.247366	0.815158	2.90537	5	1.652806
414000	-423.4714	-554.0482	130.5768	10	0.4213753	0.0245185	0.108923	0.0267453	0.0886877	0.0127999	0.013198	0.00192994	0.00945095	0.0038712	0.000420492	0.0542202	0.00175478	0.00521384	0.715706	0.118609	0.0764378	0.104493	0.16173	0.077384	0.0199151	0.197535	0.753412	3.02914	5	1.606093
415000	-416.3541	-560.5997	144.2455	10	0.2690819	0.0276602	0.112275	0.0682317	0.0558079	0.0283614	0.00470081	0.0295116	0.0278605	0.00411638	0.00632736	0.0771586	0.0657428	0.0802107	0.586646	0.0300316	0.0247779	0.0483719	0.0911673	0.0261883	0.0031228	0.0807761	0.540038	3.37606	5	1.395148
416000	-420.7797	-557.538	136.7583	10	0.3244206	0.0241056	0.0703643	0.0290657	0.013885	0.0183124	0.00263672	0.0222187	0.0302002	0.00122367	0.0187747	0.0348627	0.0784575	0.0106786	0.508457	0.000811789	0.0854431	0.0400477	0.0265558	0.0293486	0.00748397	0.123577	0.634624	3.23431	5	1.04545
417000	-419.0641	-555.8491	136.7851	10	0.5383167	0.0536773	0.0744491	0.0519903	0.078256	0.0137448	0.0176785	0.00044663	0.0251955	0.00417011	0.0270824	0.0235135	0.0269959	0.0285435	0.81357	0.0210598	0.0669171	0.166892	0.0188821	0.131133	0.0406908	0.276196	0.846264	2.83685	5	1.644197
418000	-426.2412	-565.712	139.4708	10	0.7452331	0.0369469	0.0664543	0.0318242	0.0892191	0.0342959	0.00103207	0.0788387	0.0135468	0.00111503	0.0603061	0.122749	0.00850163	0.00236095	0.531958	0.093932	0.0278465	0.0760884	0.104644	0.161026	0.0838645	0.384113	0.940543	2.59148	5	1.542685
419000	-418.6752	-558.1487	139.4735	10	0.2351558	0.0473955	0.0487886	0.0668796	0.0189949	0.0145602	0.00528827	0.0140504	0.00439353	0.00271134	0.033429	0.0284717	0.0388084	0.0872792	0.44388	0.0346307	0.113452	0.0195887	0.0720974	0.0270569	0.00149061	0.0561993	0.469119	3.47319	5	1.121756
420000	-418.6208	-559.665	141.0442	10	0.5647462	0.0205441	0.0670405	0.0409469	0.0543554	0.0237383	0.0231383	0.00906886	0.00396256	0.00991516	0.00371796	0.062596	0.115436	0.0293009	0.502909	0.0840456	0.0551671	0.0329493	0.0994685	0.150258	0.0459283	0.292099	0.862209	2.79976	5	1.388557
421000	-426.6788	-556.2769	129.5981	10	0.2936947	0.0963722	0.0662822	0.0736536	0.0717771	0.00774834	0.00174769	0.0205446	0.0118223	0.0079373	0.0398787	0.0323183	0.104274	0.103854	1.20196	0.0520722	0.0103891	0.0136221	0.0023163	0.151762	0.00479779	0.0995997	0.58506	3.31054	5	2.070336
422000	-432.8546	-557.5651	124.7105	10	0.8509998	0.0548729	0.202668	0.0130769	0.0823315	0.0936935	0.0190462	0.00711665	0.00971832	0.00442746	0.0455422	0.0401802	0.19117	0.0871667	0.895072	0.0637118	0.0873159	0.129721	0.0336757	0.0324322	0.106355	0.426884	0.970143	2.49662	5	2.092939
423000	-427.0042	-561.8011	134.7969	10	0.1976943	0.0588856	0.0656796	0.0172993	0.0717889	0.024319	0.00946507	0.030085	0.00432766	0.00442219	0.020548	0.0207511	0.0278008	0.021445	0.77197	0.147819	0.111189	0.0436737	0.00877646	0.114086	0.000490098	0.032456	0.377614	3.58944	5	1.574331
424000	-420.6228	-556.2129	135.59	10	0.3899864	0.0444516	0.176575	0.0138394	0.089756	0.0174665	0.00662474	0.00689211	0.00114051	0.0111763	0.0171862	0.0740694	0.0197967	0.0951448	0.834349	0.0608249	0.143481	0.0164249	0.0358779	0.0411994	0.0152967	0.174237	0.720213	3.09025	5	1.706276
425000	-419.6752	-555.4887	135.8135	10	0.3319475	0.064487	0.0894183	0.0378403	0.0407258	0.0195345	0.00517277	0.0357435	0.00542709	0.0187217	0.00481552	0.037078	0.0343711	0.0919874	0.585863	0.119757	0.0784056	0.0517176	0.0190043	0.00157508	0.00824113	0.129469	0.645753	3.21654	5	1.341646
426000	-420.9431	-560.5476	139.6045	10	0.5384244	0.0264245	0.0831183	0.0128408	0.0960905	0.0109816	0.00258315	0.000547906	0.000676175	0.0288873	0.057781	0.0226489	0.0949618	0.129575	0.681585	0.0329724	0.0509569	0.0294785	0.0417263	0.0792459	0.0407118	0.276262	0.846332	2.83669	5	1.483082
427000	-420.1519	-559.1649	139.013	10	0.3948148	0.00822178	0.105352	0.0285525	0.133084	0.0185912	0.00572426	0.0249606	0.00389594	0.00666213	0.0470931	0.0103626	0.0010761	0.0805862	0.68424	0.0732212	0.0213692	0.144372	0.0712077	0.0190882	0.0159735	0.177872	0.725608	3.08055	5	1.487661
428000	-417.2213	-553.5687	136.3474	10	0.3018582	0.0181898	0.23057	0.0284205	0.0486715	0.0104871	0.00294925	0.0699244	0.0167153	0.00808222	0.00430124	0.0843695	0.0558015	0.0841504	1.17619	0.0338811	0.120468	0.0792931	0.0259129	0.0588374	0.00544725	0.105941	0.59891	3.2897	5	2.157211
429000	-421.2926	-557.4286	136.136	10	0.320588	0.0211936	0.0946378	0.0403134	0.0737661	0.0196085	0.032246	0.00619308	0.0154911	0.0136592	0.0481705	0.0557782	0.038688	0.0787759	0.559102	0.0378055	0.00970842	0.112405	0.00305084	0.0387404	0.00711323	0.120577	0.628811	3.2435	5	1.299334
430000	-411.4994	-558.4419	146.9426	10	0.4990025	0.044219	0.100568	0.0294254	0.0698629	0.0118986	3.23634e-05	0.0274006	0.000539233	0.0114711	0.00503079	0.0752902	0.0532263	0.0269299	0.410532	0.0444534	0.0341442	0.00586758	0.111852	0.0356626	0.033203	0.251264	0.819541	2.89599	5	1.098406
431000	-408.0542	-551.2843	143.2301	10	0.3940715	0.027979	0.104309	0.0242924	0.0350861	0.00870285	0.000767888	0.0194773	0.0101734	0.00183721	0.00847508	0.0442817	0.0199129	0.0640794	0.563309	0.0431292	0.053342	0.0700189	0.0290588	0.00355585	0.0158685	0.177314	0.724785	3.08203	5	1.131789
432000	-420.0451	-557.0465	137.0014	10	0.2759273	0.0400927	0.0746975	0.0217223	0.0571588	0.00844432	0.025139	0.00766062	0.0094825	0.000549698	0.013318	0.0491049	0.0555706	0.0684431	0.6729	0.0317225	0.000357413	0.0915179	0.0341955	0.173213	0.00354615	0.085953	0.553072	3.35743	5	1.435291
433000	-417.9715	-558.191	140.2195	10	0.2149082	0.0396826	0.0537777	0.0356493	0.0385099	0.000973004	0.0170022	0.0365851	0.0160263	0.00802395	0.0121667	0.0348325	0.0185771	0.0226674	0.355911	0.0359942	0.037801	0.0363033	0.0547108	0.0759642	0.000857499	0.0427943	0.421436	3.53491	5	0.9311578
434000	-423.9992	-556.4438	132.4447	10	0.5250152	0.00793129	0.158199	0.048816	0.0471988	0.00853674	0.00932959	0.0124047	0.00551922	0.00932102	0.0775648	0.0101768	0.0885532	0.0693018	0.600059	0.0373858	0.13677	0.0430922	0.0522297	0.0313083	0.0381126	0.267933	0.83765	2.8563	5	1.453699
435000	-420.4545	-555.702	135.2474	10	0.2876039	0.0375445	0.0886443	0.0333271	0.0409756	0.0112821	0.00120242	0.0799635	0.00130712	0.0152622	0.0337297	0.0492999	0.0692343	0.0796326	0.769228	0.189651	0.0208675	0.0493948	0.008994	0.0484835	0.00434375	0.0948933	0.574385	3.32638	5	1.628024
436000	-426.2609	-560.051	133.7901	10	0.8380152	0.036525	0.084975	0.00423354	0.101246	0.0463734	0.0137169	0.0369492	0.00449173	0.00185346	0.0568734	0.0710168	0.189179	0.149747	0.807412	0.0393734	0.0664244	0.0765317	0.0490582	0.011879	0.103618	0.422	0.966956	2.50742	5	1.847859
437000	-414.2869	-551.8566	137.5697	10	0.2582301	0.0429596	0.0899223	0.0204452	0.0209124	0.00530765	0.00235149	0.0146944	0.00376078	0.00170635	0.0143804	0.0432582	0.0127403	0.129731	0.716257	0.0260946	0.0228603	0.0908503	0.0381556	0.166574	0.00251772	0.0726946	0.518523	3.40626	5	1.462962
438000	-426.2396	-557.8343	131.5947	10	0.2845834	0.0598807	0.0942839	0.0285982	0.00312875	0.01367	0.0184712	0.0170418	0.00459227	0.00227705	0.0187698	0.0800205	0.0775971	0.121801	0.874278	0.0927009	0.112053	0.0783611	0.0234484	0.0192595	0.00412826	0.0925692	0.568981	3.33432	5	1.740233
439000	-417.2033	-561.8963	144.693	10	0.3238534	0.0150494	0.0829677	0.0794226	0.0627842	0.00619631	0.0105212	0.063001	0.00123604	0.0180033	0.00350935	0.0460058	4.46647e-05	0.145502	0.713556	0.0612083	0.0589622	0.0648964	0.00693787	0.0294755	0.00742848	0.123133	0.63377	3.23567	5	1.46928
440000	-407.4779	-553.8171	146.3392	10	0.2369309	0.0356261	0.0774886	0.0153983	0.0529192	0.00280728	0.00930092	0.0327477	0.001298	0.0115585	0.0142765	0.057132	0.031664	0.0711039	0.745446	0.0261034	0.128006	0.00809975	0.0410724	0.0535533	0.0015576	0.0574277	0.473103	3.46791	5	1.415602
441000	-422.1267	-562.7152	140.5885	10	0.4496713	0.011903	0.141215	0.0286977	0.0533341	0.00329325	0.0077178	0.0103515	0.0387191	0.00459665	0.016905	0.0390224	0.0704942	0.111604	0.513208	0.0388503	0.0719224	0.162676	0.0812536	0.0442967	0.0244835	0.217796	0.779888	2.97783	5	1.45006
442000	-424.7388	-561.9613	137.2225	10	0.3196963	0.0149896	0.105336	0.035889	0.0141374	0.00651919	0.00914364	0.00399319	0.0132398	0.00319668	0.00150102	0.0652212	0.0924324	0.0744996	0.819289	0.0870783	0.161467	0.0661828	0.04416	0.0287099	0.00702841	0.119879	0.627444	3.24565	5	1.646985
443000	-411.4104	-554.1258	142.7154	10	0.1708493	0.0222169	0.0385011	0.0105072	0.0330203	0.00519462	0.0106842	0.00390476	0.0118373	0.00275517	0.00615867	0.0384561	0.0488046	0.0327786	0.390468	0.0725097	0.0414249	0.0745718	0.0478453	0.032073	0.000163454	0.0188288	0.303464	3.67754	5	0.9237119
444000	-423.919	-556.2275	132.3085	10	0.270037	0.0385244	0.0728631	0.0302588	0.0844042	0.00437549	0.0244737	0.0334229	0.0222132	0.00762715	0.0113669	0.0346736	0.00643131	0.0467338	0.903828	0.0877147	0.0327339	0.0458994	0.0819573	0.122052	0.00317991	0.081495	0.541881	3.37344	5	1.691554
445000	-433.6831	-559.5018	125.8187	10	2.274531	0.0826908	0.161496	0.0461285	0.108723	0.0164909	0.0205023	0.0186919	0.00924555	0.00276888	0.0342981	0.0970776	0.000815731	0.12679	0.795745	0.084004	0.0780652	0.0593105	0.242953	0.0828924	0.323982	0.681356	1.07555	1.91911	5	2.068689
446000	-422.3063	-557.5568	135.2504	10	0.5028782	0.0273409	0.113954	0.0286122	0.0933223	0.0352278	0.0317714	0.0113405	0.00953421	0.028491	0.024633	0.0623847	0.0724049	0.0668656	0.751261	0.00710735	0.0981799	0.113674	0.0128465	0.0296966	0.0339224	0.253791	0.822351	2.88994	5	1.618648
447000	-425.7119	-552.5843	126.8723	10	0.7860926	0.0462226	0.0896336	0.0364942	0.088923	0.00955825	0.0100998	0.00540226	0.00116987	0.0122538	0.00109935	0.0718073	0.0488936	0.0361629	0.70446	0.137373	0.0226137	0.109246	0.0627814	6.71701e-05	0.0925961	0.401474	0.953026	2.5529	5	1.494262
448000	-411.3572	-557.0082	145.651	10	0.2798015	0.0590345	0.0611443	0.0222209	0.0243245	0.00962267	0.00373076	0.00693687	0.00180611	0.00259741	0.0171597	0.0158174	0.0458785	0.0662247	0.439747	0.044184	0.00713814	0.0224706	0.0785155	0.0284676	0.0038002	0.0889055	0.56027	3.34702	5	0.9570212
449000	-426.9783	-561.3947	134.4164	10	0.8356411	0.00542398	0.227738	0.0367696	0.023256	0.0178257	0.016139	0.0249735	0.00964991	0.00487601	0.0572045	0.0212007	0.00782549	0.0368944	0.489288	0.105426	0.138239	0.03244	0.086078	0.076993	0.103117	0.421097	0.966362	2.50942	5	1.418241
450000	-420.0156	-555.1666	135.151	10	0.2923081	0.002082	0.0979546	0.00926008	0.0290285	0.0121929	0.0109197	0.00438939	0.00351759	0.00568016	0.0182301	0.0607579	0.0495569	0.0962229	0.706607	0.0222973	0.0336791	0.121061	0.0275541	0.00907349	0.00469214	0.0985262	0.582656	3.31413	5	1.320065
451000	-428.4923	-557.0909	128.5987	10	0.49443	0.039282	0.0979952	0.0533027	0.0816781	0.00363058	0.0100437	0.0353508	0.00864846	8.68867e-05	0.0217433	0.0491672	0.0533554	0.0192451	0.658672	0.0477347	0.172249	0.249246	0.00758216	0.176901	0.0323601	0.248264	0.816173	2.9032	5	1.785914
452000	-424.5584	-556.0708	131.5124	10	0.5002006	0.00722237	0.116105	0.0467134	0.10036	0.0082732	0.00466416	0.00675159	0.0175554	0.00132729	0.0181941	0.0417525	0.0606061	0.103733	0.793307	0.0214673	0.171371	0.0503251	0.0233774	0.0734956	0.0334249	0.252047	0.820414	2.89411	5	1.666602
453000	-421.591	-559.6165	138.0255	10	0.2080212	0.0512375	0.0867327	0.0142569	0.0184844	0.0134154	0.0477006	0.00241932	0.00261743	0.0110233	0.0461053	0.0353342	0.0586475	0.0452664	0.491498	0.0195456	0.0217602	0.0548091	0.031105	0.0704328	0.00069322	0.0385273	0.404266	3.55651	5	1.122392
454000	-411.2302	-551.336	140.1058	10	0.2810048	0.00525914	0.130544	0.0146657	0.0427371	0.00883771	0.00609234	0.0137375	0.000286936	0.00702821	0.044592	0.00305534	0.124479	0.0385937	0.7429	0.147466	0.048283	0.0666987	0.0122599	0.0465587	0.00388124	0.0898254	0.56248	3.34381	5	1.504074
455000	-414.426	-556.6497	142.2237	10	0.2530227	0.0165637	0.0564699	0.015254	0.0483651	0.00564816	0.00313609	0.0240881	0.0061508	0.00389155	0.0392435	0.0592523	0.0154854	0.0687221	0.344882	0.0220013	0.0468314	0.0656143	0.0201091	0.0883372	0.00225563	0.0688814	0.507817	3.42105	5	0.9500455
456000	-428.0941	-563.1377	135.0436	10	0.4257082	0.0109422	0.193898	0.0214441	0.0957271	0.0207013	0.0154197	0.0432711	0.0162895	0.0038506	0.0313302	0.0518382	0.0276533	0.0261961	0.390107	0.107232	0.00617149	0.140536	0.100366	0.0374368	0.0205912	0.200685	0.757666	3.02106	5	1.34041
457000	-416.8588	-559.4482	142.5895	10	0.3142445	0.0216764	0.105055	0.021983	0.0732547	0.0117128	0.00722705	0.0157966	0.0232937	0.00141852	0.0286072	0.023811	0.0249458	0.0621339	0.609383	0.0544982	0.00512627	0.0949853	0.0359699	0.0271011	0.00652173	0.115612	0.618967	3.2589	5	1.247979
458000	-415.6413	-556.4545	140.8132	10	0.4416018	0.0224382	0.0826307	0.043453	0.0388819	0.00150991	0.00333248	0.00259213	0.00762271	0.000300778	0.0105858	0.0650308	0.0637895	0.119775	0.655555	0.0117526	0.0813411	0.00976994	0.0321541	0.0634106	0.0231449	0.212095	0.772642	2.99212	5	1.315926
459000	-408.9332	-556.5208	147.5877	10	0.2955531	0.009451	0.0927587	0.0100015	0.0165834	0.00600493	0.0215686	0.0385177	0.00563433	0.00316901	0.00776416	0.0274648	0.038628	0.0120767	0.672231	0.0692888	0.0156558	0.05837	0.0513095	0.105994	0.00494153	0.10104	0.588259	3.30576	5	1.262472
460000	-435.7469	-570.1255	134.3787	10	1.094831	0.0155267	0.0567679	0.0279257	0.0696149	0.00761639	0.0312157	0.0673341	0.0141317	0.0126008	0.0724788	0.0299603	0.0883174	0.0392309	0.678535	0.0216867	0.0930597	0.0227397	0.0892744	0.180011	0.155477	0.503511	1.01409	2.32692	5	1.618028
461000	-413.9354	-554.4485	140.5131	10	0.4171234	0.0210827	0.0730659	0.0202081	0.0414934	0.0194607	0.00577067	0.00428185	0.00609132	0.0125309	0.000277355	0.0340201	0.0903224	0.0158578	0.563442	0.0470075	0.0344508	0.0942819	0.0241025	0.00210886	0.0192603	0.194427	0.749164	3.03715	5	1.109856
462000	-421.665	-562.0496	140.3846	10	0.3964828	0.0141878	0.1477	0.0380964	0.0758201	0.0237695	0.0478269	0.0122618	0.00467863	0.0137833	0.0321429	0.0114367	0.150094	0.0350654	0.66197	0.0589182	0.0245436	0.0606724	0.0366363	0.174731	0.0162103	0.179124	0.727446	3.07722	5	1.624335
463000	-424.0428	-563.6131	139.5703	10	0.1475789	0.0332487	0.0437887	0.0294716	0.0391761	0.00129717	0.0210065	0.0179286	0.000424195	0.00562204	0.0209628	0.0135847	0.0355172	0.0114299	0.72385	0.0214857	0.101754	0.0603863	0.0293329	0.0643676	4.56279e-05	0.00998212	0.234511	3.75546	5	1.274634
464000	-413.7259	-557.0935	143.3675	10	0.5770262	0.0489421	0.0690356	0.0399852	0.0628965	0.000500205	0.00354439	0.00737779	0.00304075	0.0091174	0.00195061	0.0598968	0.0678211	0.10941	0.604705	0.0877658	0.0549804	0.0800777	0.0152119	0.0698485	0.0484069	0.299258	0.86913	2.7832	5	1.396108
465000	-428.6919	-557.4891	128.7971	10	0.6910575	0.0312476	0.130439	0.00527465	0.0249912	0.0253269	0.00951807	0.033748	0.00398205	0.0129525	0.0432265	0.0538803	0.0747499	0.0305932	0.431561	0.0871059	0.0522421	0.0409242	0.0437672	0.0942785	0.0722792	0.35928	0.921509	2.64693	5	1.229809
466000	-414.3836	-554.2778	139.8941	10	0.3130414	0.00491263	0.151812	0.0279657	0.0564134	0.00500136	0.00492913	0.016527	0.00713114	0.00437905	0.0546722	0.00666865	0.112931	0.107221	0.81544	0.0639922	0.0251211	0.0222764	0.0511309	0.00104395	0.00641268	0.114671	0.617068	3.26185	5	1.539568
467000	-422.3453	-564.7731	142.4279	10	0.6988053	0.0393747	0.0858875	0.105143	0.0985109	0.0208099	0.0159823	0.0105555	0.0065507	0.0170277	0.0156859	0.0631279	0.104684	0.00484669	0.455734	0.0905048	0.0898443	0.0841049	0.0703639	0.0107285	0.0739331	0.362966	0.924425	2.63868	5	1.389467
468000	-416.3678	-558.8403	142.4725	10	0.2019379	0.000130281	0.100666	0.0187241	0.0484306	0.00487539	0.0190501	0.0186816	0.0027464	0.00556587	0.027468	0.0495402	0.0845175	0.0882588	0.589794	0.0782288	0.0270006	0.024855	0.0171317	0.043977	0.000567588	0.0349009	0.388697	3.57583	5	1.249642
469000	-404.1826	-556.5178	152.3352	10	0.3601919	0.0404731	0.0851603	0.0202252	0.0377064	0.00114113	0.0115793	0.0260321	0.0160116	0.000278839	0.0319079	0.0044098	0.0333849	0.0219095	0.600433	0.0357263	0.100748	0.0578246	0.0305653	0.0702785	0.0114151	0.151459	0.684343	3.15278	5	1.225796
470000	-422.8585	-560.7149	137.8563	10	0.2533216	0.0387139	0.0629918	0.0384539	0.0420358	0.0106721	0.00423651	0.00596129	0.00715872	0.0179992	0.0185995	0.0167174	0.0229793	0.0934514	0.299922	0.0212327	0.0603672	0.00916472	0.0445229	0.0176543	0.00227019	0.069099	0.508438	3.42019	5	0.8328348
471000	-417.6812	-557.7429	140.0617	10	0.5376531	0.0421612	0.0745475	0.030877	0.0685213	0.00880844	0.0325455	0.0328889	0.0210089	0.00257588	0.010592	0.0361862	0.0272419	0.0912941	0.595364	0.000543774	0.107863	0.0575988	0.0265921	0.109632	0.0405612	0.275788	0.845844	2.83781	5	1.376841
472000	-421.7993	-561.8102	140.0109	10	0.7418877	0.0321528	0.121035	0.0155898	0.147629	0.00356333	0.0129301	0.00605213	0.000681895	0.0176904	0.00405879	0.0816417	0.0249871	0.109521	0.435509	0.0544735	0.062381	0.00334355	0.0795725	0.0926947	0.0831486	0.382641	0.939454	2.59476	5	1.305508
473000	-416.5679	-556.4195	139.8516	10	0.2136968	0.0144796	0.0803725	0.0452362	0.0476006	0.00286971	0.00158077	0.0312091	0.00507971	0.00756283	0.0168279	0.0669084	0.0210669	0.0692254	0.800225	0.0512059	0.00939293	0.00644399	0.0417996	0.123027	0.000826836	0.0420319	0.418451	3.53869	5	1.442113
474000	-423.2386	-556.5634	133.3248	10	0.2063011	0.0606128	0.0779249	0.0112786	0.0566228	0.00845847	0.00408207	0.0124074	0.0138275	0.0076221	0.0153333	0.0492493	0.0209952	0.0253047	0.86056	0.0300909	5.32323e-05	0.0623768	0.060856	0.0580115	0.000655901	0.0374879	0.399902	3.56195	5	1.435668
475000	-423.4776	-559.4612	135.9836	10	0.5074076	0.00926489	0.101169	0.0316963	0.0143888	0.0159666	0.0242442	0.0232234	0.0118333	0.000626024	0.0116056	0.0501216	0.0627781	0.0738966	0.744399	0.055798	0.0206317	0.183613	0.0604918	0.0241583	0.0347688	0.256724	0.825584	2.88292	5	1.519906
476000	-419.1192	-554.0437	134.9245	10	0.1436128	0.0157047	0.0696606	0.0222806	0.0513722	0.0372811	0.00135154	0.0228209	0.0079256	0.00658748	0.00637076	0.0511761	0.0561998	0.00757505	0.627679	0.0102666	0.0449861	0.0557641	0.0022263	0.039199	3.5223e-05	0.00877508	0.222485	3.7687	5	1.136428
477000	-415.1409	-561.7817	146.6409	10	0.7295231	0.0499025	0.0611727	0.0309993	0.0683546	0.00397502	0.0216735	0.0348834	0.000635452	0.020845	0.000592104	0.0908449	0.0258564	0.0128324	0.514182	0.0961657	0.0247929	0.0457467	0.0285966	0.133479	0.0805023	0.377133	0.935336	2.60703	5	1.26553
478000	-421.9235	-564.5716	142.6481	10	0.3193252	0.0384315	0.088396	0.0654556	0.102057	0.00329707	0.00762808	0.0418	0.00929893	0.00923937	0.0584252	0.0394222	0.0599795	0.0826759	0.454122	0.0426901	0.0485461	0.0281078	0.00174607	0.105507	0.00699328	0.119588	0.626874	3.24654	5	1.286826
479000	-419.1347	-561.2649	142.1302	10	0.2158289	0.0474178	0.0981738	0.0080024	0.0487018	0.0467478	0.00389737	0.0442138	0.000795291	0.006963	0.00454379	0.0589947	0.058909	0.0404961	0.474883	0.0551666	0.0646201	0.0250848	0.00578926	0.0338247	0.000881319	0.043377	0.423695	3.53205	5	1.127225
480000	-427.1121	-554.8351	127.723	10	0.3729067	0.0578886	0.159659	0.00885381	0.0653566	0.02538	0.0139521	0.0615428	0.0166757	0.0030002	0.00689048	0.0507346	0.0108975	0.117759	1.15745	0.0170735	0.102797	0.102651	0.0686643	0.0916712	0.0130077	0.161246	0.700215	3.12553	5	2.1389
481000	-433.146	-560.8558	127.7097	10	1.091763	0.0587817	0.147122	0.0462936	0.107373	0.0166954	0.0435615	0.00461096	0.00783073	0.0320024	0.0365095	0.0250924	0.135631	0.1616	0.772505	0.0422549	0.0052546	0.0776485	0.169617	0.0557597	0.154891	0.502696	1.01368	2.32873	5	1.946145
482000	-416.9879	-553.5527	136.5648	10	0.6092357	0.0210991	0.118248	0.0212181	0.0447469	0.0265185	5.8325e-05	0.00186708	0.00561793	0.0138906	0.0102437	0.0707212	0.0250708	0.0567249	0.681069	0.185373	0.02535	0.111965	0.0999135	0.0383726	0.0550184	0.317367	0.885959	2.74166	5	1.558068
483000	-416.2966	-559.7986	143.502	10	0.5726786	0.042375	0.0699193	0.0233977	0.0553474	0.00652751	0.00899175	0.00134501	0.00173668	0.00077966	0.0235997	0.0460011	0.0659154	0.0390737	0.468868	0.045683	0.0684497	0.0550983	0.00794348	0.0563135	0.0475264	0.29674	0.866713	2.78902	5	1.087366
484000	-421.0156	-556.4798	135.4642	10	0.3874479	0.0296076	0.104775	0.00910659	0.043473	0.0276266	0.0164013	0.00391219	0.0443365	0.00673539	0.0247805	0.0194602	0.0343346	0.0494194	0.43269	0.0382393	0.0913462	0.0460221	0.0303825	0.107372	0.014946	0.172319	0.717332	3.0954	5	1.16002
485000	-415.8628	-558.4225	142.5597	10	0.3286658	0.00732358	0.052034	0.0273252	0.0262107	0.0136032	0.00191046	0.0158052	0.00375108	0.0153135	0.015108	0.0908526	0.0801115	0.0456183	0.501606	0.0440436	0.0974173	0.0975448	0.0375796	0.000370595	0.00790632	0.126901	0.640947	3.22425	5	1.173529
486000	-424.6173	-555.5922	130.9748	10	0.2927514	0.0247366	0.125476	0.0361541	0.0439432	0.0290733	0.0116039	0.0394114	0.00072785	0.0144086	0.0413473	0.0915792	0.147019	0.0142009	0.875452	0.119216	0.0536057	0.016036	0.0228871	0.135777	0.00472576	0.0988692	0.583426	3.31298	5	1.842655
487000	-424.306	-563.4524	139.1464	10	0.2779396	0.0220185	0.12975	0.0167562	0.0668846	0.00778197	0.00210828	0.0446059	0.00358705	0.0131033	0.0364837	0.0993789	0.0408674	0.0325767	0.623212	0.118183	0.0565049	0.00541511	0.0590082	0.0498206	0.0036768	0.0874846	0.556826	3.35201	5	1.428046
488000	-422.8678	-559.2067	136.3389	10	0.5652665	0.0798401	0.103089	0.0241149	0.0356031	0.0154489	0.0224639	0.0105685	0.0162427	0.0197298	0.00899128	0.0464047	0.0794802	0.0449532	0.627943	0.072304	0.0287198	0.0573835	0.122343	0.0945702	0.0460328	0.292405	0.862509	2.79905	5	1.510194
489000	-413.9744	-556.3198	142.3454	10	0.3654351	0.0592298	0.119896	0.0271668	0.0454313	0.00369124	0.0266252	0.0568988	0.00289581	0.0226772	0.0049903	0.0923865	0.0499498	0.0642654	0.891879	0.0957498	0.0354975	0.106272	0.00183688	0.0307719	0.0120599	0.155505	0.690995	3.14144	5	1.738112
490000	-429.5081	-558.8875	129.3794	10	0.5099622	0.00886811	0.123476	0.0411631	0.0777398	0.027248	0.0145679	0.0224481	0.00497963	0.0233947	0.0980377	0.0243219	0.0517101	0.00681892	0.984839	0.0464736	0.0543456	0.15324	0.0201722	0.195557	0.0352487	0.25837	0.827384	2.879	5	1.979402
491000	-410.7683	-557.9591	147.1907	10	0.3805769	0.0296471	0.108	0.0192857	0.0446645	0.00862295	0.0187898	0.0110933	0.00371341	0.0101028	0.0287199	0.0266526	0.0236616	0.047517	0.587888	0.0475935	0.0320835	0.0815958	0.0707191	0.0430471	0.0140149	0.167104	0.709377	3.1095	5	1.243397
492000	-423.258	-557.9421	134.6842	10	0.4446845	0.0249205	0.097726	0.0317878	0.0554428	0.00893538	0.00502752	0.00889637	0.00126342	0.0138953	0.0566366	0.0143111	0.0511695	0.0386849	0.446255	0.134003	0.0497591	0.00144554	0.1569	0.0630188	0.023653	0.21428	0.775438	2.98663	5	1.260079
493000	-419.8002	-560.7471	140.9469	10	0.95211	0.0397564	0.0853843	0.0341735	0.104941	0.0250196	0.0423535	0.0100344	0.0238008	0.00486881	0.016546	0.0404256	0.012207	0.0378339	0.82345	0.130742	0.0459503	0.00561593	0.0932701	0.0471011	0.127302	0.461868	0.991588	2.41924	5	1.623474
494000	-420.9128	-563.8399	142.9272	10	0.33634	0.0453907	0.181336	0.0122231	0.0344414	0.0125776	0.0239728	0.0201813	0.0216569	0.00410616	0.0210604	0.0946428	0.0666826	0.123714	0.58143	0.0209628	0.0312175	0.0723571	0.0374602	0.0231615	0.00870057	0.132903	0.652076	3.20632	5	1.428574
495000	-417.0097	-559.5834	142.5737	10	0.4652211	0.0245245	0.101839	0.0277046	0.0938893	0.00297043	0.00802972	0.0207364	0.0107026	0.00182691	0.00950896	0.0689617	0.0671237	0.0681764	0.653895	0.0647861	0.110798	0.0590131	0.00233469	0.109483	0.0271373	0.228606	0.793214	2.95104	5	1.506304
496000	-423.8353	-562.5904	138.7551	10	0.7983618	0.0613175	0.0488318	0.0158717	0.0658312	0.0504159	0.000941971	0.0661417	0.00288946	0.00697823	0.0682692	0.0465594	0.0851385	0.22376	0.946176	0.0591171	0.0579135	0.00205604	0.166347	0.0578362	0.0952101	0.406474	0.9565	2.54182	5	2.032392
497000	-418.5645	-558.9893	140.4248	10	0.3102758	0.0261274	0.0653475	0.0428715	0.0281646	0.0077632	0.0155321	0.0031667	0.00059324	0.0179274	0.00205362	0.0316102	0.0551818	0.055877	0.343784	0.0441845	0.065801	0.0336876	0.058049	0.0314321	0.00616582	0.112509	0.612663	3.26866	5	0.9291545
498000	-416.963	-558.7259	141.7629	10	0.4692946	0.0647667	0.140358	0.0424378	0.0663398	0.00155971	0.00609961	0.000951452	0.0108623	0.00164786	0.00784509	0.0703716	0.0114	0.0841645	0.434036	0.0318069	0.0450763	0.0045557	0.0527223	0.0453871	0.0278477	0.231398	0.796573	2.94418	5	1.122389
499000	-414.8018	-557.4942	142.6925	10	0.4330125	0.0115249	0.0721075	0.0235681	0.0451175	0.00554921	0.00823292	0.0017267	0.00573029	0.000201636	0.0126124	0.0761143	0.00957512	0.00102747	0.436817	0.0791245	0.0604476	0.0866086	0.0278103	0.0528085	0.0217507	0.205958	0.764668	3.00762	5	1.016705
500000	-408.9882	-550.9824	141.9942	10	0.2144521	0.0139852	0.0787324	0.0227198	0.027903	0.0233623	0.00682347	0.0128883	0.010994	0.00103341	0.00800115	0.0435819	0.0390885	0.0114884	0.689181	0.080126	0.0830547	0.0282772	0.056915	0.0759606	0.000845865	0.0425067	0.420314	3.53633	5	1.314117
501000	-423.4073	-552.5879	129.1806	10	0.3586349	0.0213834	0.135786	0.0198157	0.134142	0.0103752	0.00321142	0.0350447	0.00670666	0.00398299	0.00624131	0.0442859	0.0984421	0.0076825	1.17962	0.0494825	0.11703	0.0680473	0.0889313	0.0121824	0.0112268	0.150254	0.682339	3.15618	5	2.04239
502000	-410.4376	-556.6141	146.1765	10	0.1732892	0.0360197	0.0819367	0.0187971	0.0182955	0.0290223	0.000853991	0.0451069	0.00563637	0.00289794	0.00909993	0.0188289	0.0431811	0.0592833	0.574469	0.0214897	0.0227033	0.0163922	0.0526946	0.0240693	0.000183172	0.0199244	0.310473	3.66942	5	1.080777
503000	-415.2191	-554.412	139.1929	10	0.3016025	0.00121712	0.1543	0.0376777	0.0272544	0.0121022	0.00162594	0.00647204	0.0108784	0.0026651	0.0271476	0.0393565	0.0924003	0.0681565	1.04207	0.00966334	0.00139716	0.0220136	0.197955	0.0273054	0.0054262	0.105742	0.598484	3.29035	5	1.781661
504000	-420.873	-556.7047	135.8317	10	0.4848632	0.0403539	0.0603977	0.0348423	0.0855447	0.0026152	0.0130169	0.00476087	0.00204096	0.0128184	0.0308508	0.0566483	0.1058	0.0422336	0.567559	0.0528952	0.0161639	0.174972	0.0721492	0.0665247	0.0306177	0.241919	0.808934	2.91853	5	1.442188
505000	-415.6975	-554.9804	139.2828	10	0.5504663	0.0236848	0.103567	0.00829982	0.0363026	0.0306014	0.0213586	0.000344002	0.00182161	0.0233545	0.00870769	0.0613691	0.0208922	0.0296722	0.776368	0.0384085	0.115497	0.106994	0.0854935	0.0514141	0.0430808	0.283591	0.85378	2.81955	5	1.54415
506000	-424.7983	-553.6735	128.8752	10	0.3456247	0.0215493	0.0476624	0.0331766	0.0619551	0.00614919	0.00403108	0.00616324	0.00277599	0.00305443	0.0082052	0.0395052	0.0471416	0.0411678	0.323143	0.0077162	0.077482	0.0488904	0.0233511	0.116591	0.00971367	0.14015	0.665042	3.18509	5	0.9197111
507000	-420.5597	-555.3403	134.7806	10	0.2935622	0.00854024	0.0751746	0.0335761	0.0533151	0.0137508	0.013936	0.0154155	0.0101994	0.00259092	0.0169167	0.0218487	0.0192984	0.107794	0.657825	0.0684176	0.0928656	0.0116222	0.0260467	0.0820789	0.00478764	0.0994971	0.584831	3.31088	5	1.331213
508000	-418.2034	-557.6225	139.4191	10	0.3622986	0.0104231	0.0366424	0.0112301	0.0682292	0.0082491	0.0117583	0.000202356	0.0251029	0.00463548	0.00909399	0.0339492	0.0982631	0.075822	0.448008	0.0539667	0.0297425	0.0252789	0.0905031	0.0837659	0.0116721	0.153086	0.687034	3.14821	5	1.124866
509000	-437.5798	-564.419	126.8392	10	1.746013	0.0452426	0.132585	0.0694153	0.09013	0.0374289	0.0200747	0.00899253	0.00900974	0.0180336	0.0239012	0.0385341	0.0991751	0.0201987	0.862476	0.102415	0.0648538	0.0485276	0.0956642	0.0247859	0.260949	0.624968	1.06211	2.05197	5	1.811445
510000	-426.1565	-560.6257	134.4692	10	0.8138227	0.0411937	0.169865	0.0238658	0.0993214	0.0873689	0.00751461	0.0381237	0.0132684	0.0142868	0.0211269	0.0333759	0.188895	0.0883852	0.943979	0.0269466	0.078236	0.134007	0.0281384	0.0365986	0.0984965	0.41264	0.960713	2.52815	5	2.074497
511000	-417.579	-556.2158	138.6369	10	0.5674754	0.0582821	0.0540218	0.0585169	0.0524038	0.00740817	0.00929365	0.00967114	0.0130839	0.00364238	0.0177943	0.0533947	0.00190447	0.042854	0.448345	0.0734865	0.0356302	0.149828	0.0403305	0.0371454	0.0464769	0.293702	0.863773	2.79605	5	1.167038
512000	-416.7757	-556.4336	139.6579	10	0.3088202	0.030357	0.144911	0.0307879	0.0246702	0.0257299	0.0296396	0.0025516	0.00942129	0.00229378	0.039141	0.052822	0.136366	0.0824731	0.851239	0.131276	0.0166726	0.0381686	0.0264737	0.0209751	0.00603802	0.111372	0.610322	3.27227	5	1.695969
513000	-415.1571	-555.361	140.2039	10	0.2762271	0.00308246	0.0868684	0.00790542	7.77058e-05	0.0116311	0.00678578	0.00826755	0.00214412	0.00722479	0.0337886	0.0158881	0.0766953	0.105735	0.670771	0.137593	0.0391771	0.0665881	0.0136467	0.0412114	0.00356544	0.0861809	0.553633	3.35662	5	1.335082
514000	-413.726	-551.3777	137.6517	10	0.2182763	0.0168594	0.111386	0.0139152	0.0394491	0.012724	0.00421913	0.0179159	0.00038209	0.00515756	0.00912547	0.0255498	0.0519167	0.0587673	0.758439	0.123532	0.0121611	0.0520072	0.0246992	0.0492673	0.000946837	0.0449394	0.429657	3.52446	5	1.387474
515000	-418.616	-554.7696	136.1536	10	0.1478077	0.0289968	0.0873087	0.030524	0.0618341	0.00638728	0.007382	0.00679068	0.00966689	0.00726591	0.0163487	0.0413509	0.0122771	0.00860884	0.569599	0.0743873	0.0306935	0.0429731	0.114573	0.0163494	4.62944e-05	0.0100545	0.235204	3.7547	5	1.173317
516000	-422.183	-560.3038	138.1208	10	0.8770015	0.0515497	0.120811	0.0323281	0.0989746	0.00921013	0.0170869	0.023664	0.0306901	0.00793422	0.01242	0.0683506	0.0173586	0.0399223	0.494399	0.100319	0.0878768	0.0904105	0.0648434	0.138707	0.111808	0.436382	0.976203	2.47561	5	1.506856
517000	-420.7515	-559.9972	139.2457	10	0.7627945	0.0341101	0.0502923	0.0244104	0.0907898	0.0358079	0.0510498	0.00713385	0.0185006	0.0126062	0.00297363	0.0702295	0.139173	0.0351978	0.837681	0.133666	0.0944936	0.0180546	0.0666512	0.0936551	0.087621	0.391712	0.946087	2.57458	5	1.816476
518000	-416.6623	-551.4013	134.739	10	0.2897077	0.0306078	0.145013	0.00331663	0.0152243	0.0211823	0.00887406	0.00127935	0.013416	0.00913189	0.0321724	0.0138118	0.0445671	0.0263171	0.64761	0.13623	0.0393315	0.0300529	0.104952	0.128529	0.00449763	0.0965161	0.578106	3.32088	5	1.451619
519000	-415.7304	-553.6195	137.8891	10	0.6177855	0.0550323	0.136665	0.0524105	0.0486532	0.00387297	0.0115241	0.0142129	0.00347295	0.0124944	0.00498977	0.127429	0.0706723	0.0961228	0.795434	0.0375079	0.0893358	0.077633	0.140483	0.108464	0.0567958	0.322015	0.890128	2.73106	5	1.886409
520000	-422.4115	-558.9767	136.5652	10	0.7162573	0.0235266	0.08319	0.0128446	0.0578894	0.0215094	0.0029227	0.00979535	0.00694569	0.022885	0.00227297	0.0712862	0.200996	0.00907381	0.515045	0.0462268	0.0701724	0.0272681	0.0599975	0.0985888	0.0776637	0.371101	0.930747	2.62049	5	1.342436
521000	-429.3076	-561.6477	132.3401	10	0.4401523	0.0220294	0.116429	0.0321255	0.0575003	0.0032533	0.0237957	0.0481051	0.0116198	0.0137142	0.0360984	0.0110703	0.0672998	0.0457622	0.619274	0.0156822	0.0449564	0.131576	0.0951433	0.147775	0.0229074	0.211064	0.771316	2.99471	5	1.54321
522000	-415.1201	-557.0506	141.9305	10	0.2406759	0.0467506	0.0513146	0.030074	0.0726397	0.00732191	0.00362772	0.0134913	0.00554468	0.007519	0.00045898	0.0622654	0.0110918	0.0801489	0.63857	0.0800583	0.00791921	0.0208571	0.0322928	0.0503323	0.00170532	0.0600438	0.481406	3.45685	5	1.222278
523000	-427.8535	-555.4623	127.6088	10	0.1913196	0.0243159	0.0433139	0.0349512	0.0490225	0.00581864	0.00146465	0.00993415	0.00393621	0.000809004	0.00287384	0.0663338	0.0877091	0.0447246	0.957631	0.00107636	0.124687	0.00593989	0.0556704	0.0355682	0.000388318	0.0289226	0.360625	3.61006	5	1.555781
524000	-436.5613	-560.7581	124.1968	10	0.3316302	0.0651594	0.0714236	0.0283669	0.0636837	0.00978672	0.0834749	0.00558472	0.0230308	0.00600786	0.0504688	0.0356977	0.0127685	0.121316	0.521754	0.0598271	0.108606	0.0414376	0.0759197	0.013231	0.00820844	0.12922	0.645291	3.21728	5	1.397546
525000	-414.7569	-559.2561	144.4992	10	0.5289634	0.0200543	0.129204	0.0282817	0.0769459	0.0157997	0.0373704	0.00456381	0.017118	0.010439	0.00389015	0.068606	0.0665392	0.0226786	0.564611	0.0373711	0.0790937	0.0275219	0.0658064	0.0590598	0.0388735	0.270404	0.84025	2.85047	5	1.334955
526000	-421.4832	-557.1967	135.7135	10	0.2997825	0.0736416	0.109388	0.00625155	0.0577774	0.0258575	0.0124146	0.0306757	0.0348112	0.00273103	0.0136934	0.0481427	0.112568	0.0279378	0.492773	0.0333408	0.0290317	0.0369727	0.0542782	0.0381034	0.00527768	0.104326	0.595437	3.29496	5	1.24039
527000	-412.6072	-561.4578	148.8507	10	0.5402528	0.0174408	0.0538773	0.0144495	0.0576049	0.0157578	0.026791	0.0099112	0.0141375	0.00962206	0.0170357	0.051628	0.0141479	0.0240886	0.695319	0.0250143	0.120611	0.0958123	0.0765357	0.0978512	0.0410695	0.277384	0.847483	2.83406	5	1.437636
528000	-439.3723	-567.048	127.6757	10	0.6871202	0.0789657	0.119112	0.0581636	0.0564695	0.0434405	0.0108913	0.0399784	0.00360567	0.0218008	0.0116237	0.0287472	0.0551713	0.0156756	0.592851	0.0233872	0.035959	0.0613771	0.168684	0.0159312	0.0714395	0.357389	0.92	2.65117	5	1.441835
529000	-416.4423	-559.0255	142.5831	10	0.3892824	0.016285	0.0547449	0.0302737	0.00331268	0.00669371	0.00658294	0.0154628	0.00370977	0.00753068	0.00754548	0.072237	0.0732837	0.133282	0.712104	0.073234	0.0449892	0.0239271	0.0785614	0.0231961	0.0151991	0.173705	0.719417	3.09168	5	1.386956
530000	-424.2974	-563.8149	139.5175	10	1.010585	0.0835867	0.0961367	0.0990622	0.0666051	0.0437332	0.0268661	0.00239599	0.0119936	0.00494747	0.0212423	0.0453457	0.114296	0.0204785	0.406251	0.00818072	0.118067	0.168575	0.0383865	0.0425691	0.139061	0.479911	1.00173	2.3793	5	1.418719
531000	-413.6834	-553.8575	140.1742	10	0.1607801	0.048361	0.0578172	0.0290466	0.0233242	0.0133088	0.0204722	0.000671938	0.00368901	0.00837913	0.0160108	0.0314334	0.0218245	0.0407337	0.623949	0.0541796	0.0746375	0.00471566	0.0305146	0.016029	9.84783e-05	0.0146374	0.274049	3.71122	5	1.119098
532000	-417.5575	-556.6855	139.128	10	0.4006329	0.0503962	0.0840666	0.0712557	0.040796	0.00872488	0.00366108	0.0125975	0.015397	0.0135565	0.0105994	0.0258801	0.0168073	0.00731658	0.626165	0.0173657	0.0875677	0.0970602	0.0457548	0.104019	0.0168058	0.182229	0.731965	3.069	5	1.338988
533000	-430.2178	-553.5629	123.3451	10	0.4713357	0.0618961	0.110439	0.00816743	0.0800489	0.010547	0.0023626	0.0125069	0.0124578	0.0076135	0.0341117	0.0472137	0.0711483	0.0515977	0.492028	0.0343426	0.0207419	0.0327166	0.0414791	0.112468	0.028206	0.232791	0.798236	2.94077	5	1.243887
534000	-438.8088	-567.4652	128.6564	10	0.3190278	0.0369891	0.042528	0.0854209	0.0176305	0.00403979	0.0125341	0.000972587	0.0227269	0.00315614	0.07387	0.0676386	0.0224913	0.149614	1.04556	0.0638789	0.106394	0.00903359	0.0694076	0.118895	0.00696518	0.119355	0.626416	3.24726	5	1.952785
535000	-421.1397	-557.6352	136.4955	10	0.3171505	0.0382627	0.0828032	0.027062	0.0369714	0.0151569	0.00198382	0.00800588	0.0109707	0.0253197	0.0276511	0.0263761	0.024053	0.101235	0.523788	0.0456196	0.0921037	0.0752425	0.0438916	0.0287001	0.00678926	0.117886	0.623512	3.25181	5	1.235197
536000	-415.9748	-558.6938	142.719	10	0.4046745	0.0240898	0.133752	0.00513981	0.120519	0.00225271	0.00901364	0.0174327	0.000628849	0.0211741	0.0492583	0.0157234	0.0034434	0.0335922	0.542141	0.144631	0.0692858	0.111802	0.0676783	0.0791944	0.0173945	0.185239	0.73629	3.06108	5	1.450751
537000	-413.9697	-556.3972	142.4275	10	0.3298679	0.0292965	0.11258	0.0435901	0.0366471	0.00220684	0.0042584	0.0155494	0.00576618	0.00895604	0.00768855	0.0281607	0.0251349	0.00243938	0.429559	0.0793554	0.028778	0.120787	0.0305441	0.0947887	0.00802812	0.127841	0.642715	3.22142	5	1.106086
538000	-423.6974	-565.9313	142.2338	10	0.6874946	0.018186	0.0922275	0.0272857	0.0374577	0.0370777	0.0011023	0.0265825	0.00226281	0.00444471	0.073251	0.0257791	0.0169068	0.107202	0.631775	0.0235174	0.0101209	0.18938	0.0781301	0.135166	0.0715193	0.35757	0.920145	2.65077	5	1.537856
539000	-412.7394	-559.1128	146.3733	10	0.7060054	0.0660619	0.0699946	0.0284554	0.0614667	0.00177843	0.0097722	0.00270376	0.0104072	0.0229243	0.001917	0.074288	0.11902	0.0884162	0.640163	0.0723811	0.00256954	0.0291611	0.0459153	0.0391841	0.0754715	0.36635	0.927074	2.6311	5	1.38658
540000	-425.2886	-564.8951	139.6064	10	0.7110189	0.0241971	0.121236	0.0301166	0.0315065	0.0224757	0.0149312	0.00517978	0.00583542	0.0151585	0.00958093	0.125477	0.0918562	0.0242657	0.538148	0.1299	0.0790075	0.0204782	0.0690535	0.0677858	0.0765433	0.368683	0.928884	2.62589	5	1.42619
541000	-415.6935	-552.875	137.1815	10	0.4056297	0.0377281	0.109586	0.0426951	0.0416814	0.0068131	6.68383e-05	0.0133753	0.00254829	0.0187222	0.0210086	0.0683262	0.131242	0.0618462	1.1434	0.0609381	0.0732907	0.148525	0.00673583	0.00499032	0.0175349	0.185949	0.737301	3.05921	5	1.993522
542000	-422.1449	-560.5527	138.4078	10	0.571713	0.0211032	0.190292	0.0282978	0.024858	0.0238284	0.0258058	0.0174012	0.00137273	0.0182739	0.000394713	0.0797808	0.0188348	0.00792969	0.554051	0.100952	0.0081166	0.133644	0.0621241	0.0861155	0.0473313	0.296178	0.866172	2.79032	5	1.403176
543000	-418.7377	-555.7032	136.9655	10	0.4540007	0.0309128	0.103954	0.0251476	0.0419946	0.0140498	0.0198437	0.0171168	0.00254399	0.0211095	0.00933529	0.0485879	0.0597948	0.0301863	0.687743	0.08945	0.0310757	0.0268572	0.156341	0.0652832	0.0252128	0.22083	0.783681	2.97028	5	1.481327
544000	-408.5649	-552.6351	144.0702	10	0.2830733	0.0169088	0.081726	0.038858	0.0291394	0.00294432	0.0122624	0.0189809	0.00368326	0.0132602	0.0129017	0.0390119	0.0436133	0.137623	0.644171	0.0241191	0.0566828	0.0962035	0.0422981	0.00615575	0.00402293	0.0914101	0.56625	3.33832	5	1.320544
545000	-423.7851	-558.3415	134.5564	10	0.7961888	0.0216165	0.10593	0.0461657	0.0780138	0.0178914	0.00261143	0.00535802	0.0204953	0.00378377	0.0491688	0.0182102	0.132648	0.111209	0.644984	0.0391415	0.170195	0.0516041	0.0368255	0.0826299	0.0947475	0.405595	0.955893	2.54376	5	1.638483
546000	-429.1873	-560.5251	131.3377	10	0.9146587	0.0597511	0.129432	0.0600761	0.0777023	0.0465913	0.00286147	0.0227311	0.0137724	0.0199216	0.0148398	0.0532183	0.114011	0.0114616	0.821201	0.0775828	0.0628394	0.0356934	0.108279	0.0338395	0.119627	0.449507	0.984283	2.44658	5	1.765804
547000	-423.9044	-562.3052	138.4008	10	0.4145508	0.0669848	0.0409591	0.0494002	0.056894	0.0184038	0.0183985	0.0274027	0.000706838	0.00578398	0.0563743	0.00815577	0.0272307	0.156038	0.830424	0.0347309	0.157947	0.136916	0.00943972	0.0420878	0.0188684	0.19254	0.746558	3.04203	5	1.744277
548000	-433.8892	-564.3754	130.4862	10	0.929774	0.0327468	0.0726727	0.0167795	0.10502	0.0217629	0.0160688	0.0164457	0.00718392	0.0114055	0.0404605	0.0461019	0.0296778	0.017817	0.664084	0.0684368	0.0436235	0.0663346	0.106479	0.0673412	0.122738	0.454576	0.987314	2.43537	5	1.450442
549000	-417.2719	-560.9001	143.6282	10	0.2402091	0.0290179	0.0530004	0.0166645	0.0379198	0.0123333	0.0212342	0.0248781	0.00107949	0.00719786	0.0533563	0.0529661	0.00788079	0.0529315	0.713663	0.191055	0.00999759	0.00506672	0.0501711	0.101456	0.00168642	0.0597159	0.480378	3.45822	5	1.441871
550000	-432.2717	-570.2324	137.9608	10	0.3655032	0.0232357	0.0342243	0.0246963	0.0545623	0.0150027	0.0162175	0.0923318	0.0171063	0.00702922	0.00239275	0.136404	0.0271274	0.0761562	0.499061	0.132518	0.0201892	0.00192639	0.0780509	0.0204137	0.0120684	0.155558	0.69108	3.14129	5	1.278645
551000	-419.1407	-558.1261	138.9854	10	1.565767	0.0162479	0.119005	0.045484	0.113965	0.00388645	0.00460129	0.00196074	0.00342938	0.0233852	0.0231856	0.0487323	0.177489	0.017798	0.48884	0.0605797	0.0748019	0.0713052	0.0835193	0.0182304	0.235306	0.599149	1.05406	2.11148	5	1.396446
552000	-419.094	-554.1205	135.0265	10	0.4066388	0.0316895	0.100789	0.0552754	0.0425806	0.0103334	0.0249042	0.00231075	0.00899744	0.00503327	0.00535206	0.0524624	0.0121937	0.123849	0.871184	0.0300751	0.0595943	0.129024	0.0440935	0.00943196	0.0176837	0.186698	0.738366	3.05725	5	1.619173
553000	-411.1426	-550.5475	139.4049	10	0.5000859	0.0256844	0.117174	0.00549806	0.0524665	0.00747468	0.00232578	0.00359369	0.00775578	0.00623065	0.0446505	0.0247806	0.057073	0.140099	0.744826	0.0526562	0.0485244	0.0373299	0.0935503	0.055277	0.0334037	0.251972	0.820331	2.89429	5	1.52697
554000	-415.4653	-561.9421	146.4768	10	0.2560604	0.0585932	0.0771255	0.0240616	0.0814963	0.0180155	0.0036349	0.00427608	0.000732767	0.021644	0.0279817	0.0560671	0.0987671	0.105494	0.464647	0.0887139	0.00807542	0.029481	0.0202172	0.110335	0.00240632	0.0711002	0.514093	3.4124	5	1.299359
555000	-419.7078	-555.0638	135.3561	10	0.6120495	0.0125094	0.111024	0.0312357	0.0642716	0.0177064	0.00936136	0.011825	0.00819563	0.0191413	0.0205764	0.0530869	0.0948046	0.0101046	0.529418	0.0835139	0.0826729	0.0463659	0.125016	0.0418031	0.0556024	0.318904	0.887344	2.73815	5	1.372633
556000	-419.5965	-557.5055	137.909	10	0.3301051	0.0207221	0.0845012	0.0311179	0.0424008	0.0111729	0.0202617	0.00381045	0.00396898	0.00279024	0.0129094	0.0870086	0.0318249	0.0821553	0.626174	0.00678566	0.0500996	0.047621	0.126221	0.0789303	0.00805226	0.128027	0.643063	3.22086	5	1.370475
557000	-415.6402	-560.136	144.4959	10	0.9172028	0.0360306	0.0887714	0.022173	0.0426075	0.000867612	0.0252431	0.0249003	0.00474104	0.0136393	0.00345209	0.0720164	0.0716118	0.138056	0.543665	0.0604865	0.033851	0.115973	0.15498	0.0141208	0.120152	0.450368	0.984801	2.44468	5	1.467187
558000	-418.1309	-554.6847	136.5538	10	0.4162423	0.0250362	0.0645001	0.0281763	0.0529863	0.00689859	0.00126158	0.00738721	0.0146382	0.00525301	0.0222894	0.0238449	0.0192199	0.0846851	0.441332	0.0150485	0.0480156	0.0827548	0.0241834	0.0368877	0.0191257	0.193781	0.748275	3.03882	5	1.004399
559000	-417.2341	-551.6826	134.4485	10	0.1590883	0.0223206	0.0355217	0.00157123	0.0264807	0.00360915	0.0147901	0.00665282	0.00471831	0.00664181	0.00420074	0.0432389	0.101387	0.00544124	0.431088	0.0740789	0.0199691	0.0251427	0.0374691	0.0317373	8.98725e-05	0.0139867	0.269036	3.71689	5	0.896059
560000	-419.5325	-557.5329	138.0004	10	0.1977487	0.0558613	0.0821915	0.0369462	0.0463689	0.00645028	0.00833337	0.00964482	7.76955e-05	0.0192512	0.0117275	0.0462286	0.137427	0.0388923	0.750965	0.0258149	0.0122992	0.0460483	0.040185	0.0908217	0.000491041	0.0324869	0.377757	3.58927	5	1.465535
561000	-417.1108	-554.3634	137.2526	10	0.2594909	0.0397394	0.106863	0.0101255	0.0285743	0.0313815	0.00415835	0.00111514	0.00111969	0.00836901	0.0359935	0.0130389	0.0890066	0.0575645	0.471278	0.0615791	0.0629462	0.0414964	0.00621225	0.0284869	0.00258391	0.0736246	0.521078	3.40271	5	1.099048
562000	-434.7947	-560.9942	126.1995	10	0.4127569	0.00835571	0.0680562	0.0449544	0.0494423	0.0133438	0.00418328	0.0198299	0.0226962	0.00953289	0.00231201	0.040921	0.0121265	0.0646647	0.402059	0.132444	0.0754605	0.0302838	0.0353649	0.0312604	0.018597	0.19122	0.744724	3.04546	5	1.067292
563000	-427.1132	-559.8892	132.776	10	0.2735274	0.044119	0.0859872	0.0376595	0.0070849	0.0111025	0.00437275	0.0101322	0.00434436	0.0227178	0.0355413	0.0450549	0.0378485	0.115806	0.725259	0.124943	0.00549807	0.0919646	0.0290628	0.210248	0.00339403	0.0841319	0.548548	3.36393	5	1.648748
564000	-420.2995	-555.4299	135.1304	10	0.4008652	0.0177619	0.0584093	0.0207769	0.0534449	0.0276237	0.0029044	0.0123209	0.0175946	0.00459389	0.00641001	0.0577842	0.00643317	0.00262044	0.59613	0.0152983	0.0332467	0.0727864	0.132061	0.108078	0.0168394	0.182402	0.732215	3.06854	5	1.246278
565000	-412.7169	-551.9605	139.2436	10	0.2509836	0.00952995	0.0915135	0.017542	0.034274	0.000423729	0.00565449	0.00467605	0.00522529	0.0097229	0.0371269	0.00667408	0.0364168	0.106494	0.404774	0.0809787	0.0187353	0.00687116	0.0200883	0.0602389	0.00215792	0.0674012	0.503555	3.42689	5	0.9569596
566000	-408.8752	-554.037	145.1618	10	0.3681743	0.0420111	0.0754396	0.04104	0.0344825	0.0237953	0.00412243	0.00560594	0.00366667	0.0134088	0.0022406	0.126749	0.086486	0.109116	0.690177	0.0444393	0.0971272	0.0413751	0.016625	0.0197373	0.0124035	0.157614	0.69441	3.13557	5	1.477644
567000	-412.8914	-557.3242	144.4328	10	0.353037	0.0248424	0.0642078	0.0363545	0.030998	0.0281137	0.0332074	0.00473442	0.00202447	0.00254319	0.0144939	0.0774472	0.0397027	0.0198823	0.659702	0.0705268	0.0448323	0.0285	0.0109659	0.0778347	0.0105626	0.145915	0.675017	3.16851	5	1.270914
568000	-415.2318	-554.9679	139.7361	10	0.2279322	0.0369468	0.0621802	0.0322395	0.0362287	0.00900766	0.00245671	9.17398e-06	0.0113117	0.000584381	0.00247094	0.0577156	0.0075375	0.0379343	0.522542	0.0310186	0.0898298	0.0336096	0.033619	0.0347319	0.00123766	0.0512831	0.452583	3.4949	5	1.041974
569000	-408.52	-556.1554	147.6354	10	0.2982668	0.0195385	0.0441929	0.0109038	0.0729456	0.0131031	0.0170578	0.0014947	0.00171555	0.00589614	0.000701929	0.0503587	0.107322	0.0110287	0.378713	0.00831885	0.0520178	0.0447786	0.07521	0.0169372	0.00515576	0.103147	0.592881	3.29882	5	0.9322348
570000	-417.7397	-558.2729	140.5332	10	0.2838615	0.0202292	0.0786343	0.0205632	0.0446351	0.0352886	0.0110265	0.00112089	0.00716791	0.000618114	0.00310303	0.0616162	0.0479495	0.116642	0.579748	0.0155995	0.0485186	0.0154065	0.0237859	0.0187185	0.00407771	0.0920148	0.567678	3.33623	5	1.150372
571000	-415.5512	-557.4732	141.922	10	0.4972326	0.0131147	0.0769343	0.0138692	0.0679908	0.0196059	0.034131	0.0310787	0.00865127	0.0111566	0.00314021	0.0821448	0.0809313	0.122228	0.801945	0.0465878	0.00822149	0.0677722	0.026478	0.0795991	0.032876	0.250105	0.818244	2.89877	5	1.59558
572000	-428.1442	-558.364	130.2198	10	0.3822946	0.0104914	0.0795997	0.00400519	0.123193	0.00767534	0.00104984	0.0184911	0.0176221	0.000615424	0.0118977	0.0236898	0.036152	0.148823	0.676354	0.0598234	0.14623	0.111387	0.0025406	0.0604868	0.0142452	0.168411	0.711388	3.10596	5	1.540128
573000	-417.3505	-554.3099	136.9595	10	0.3419278	0.0169415	0.0837353	0.0572422	0.0145023	0.0164784	0.0164542	0.00359676	0.000344074	0.00731123	0.0086606	0.0646258	0.0163702	0.0982146	0.736384	0.030978	0.000189922	0.0870225	0.0233331	0.0972816	0.00930352	0.137267	0.659943	3.19349	5	1.379666
574000	-416.7551	-558.1961	141.441	10	0.3432141	0.0733786	0.0637437	0.0343135	0.104316	0.0172165	0.00995419	0.00870506	0.00831553	0.00445492	0.00533844	0.0724498	0.148879	0.019254	0.663137	0.0206711	0.0928057	0.0504631	0.040866	0.123436	0.00944522	0.138271	0.661727	3.19056	5	1.561697
575000	-423.893	-563.2388	139.3457	10	0.3970412	0.0300342	0.108446	0.029732	0.065691	0.0108626	0.0494842	0.000544769	0.0168656	0.0049648	0.0153485	0.0224045	0.0668832	0.00348039	0.514874	0.0101887	0.0316592	0.151269	0.010101	0.130709	0.0162899	0.179542	0.728059	3.07611	5	1.273543
576000	-427.8325	-566.698	138.8655	10	0.4711162	0.0334844	0.0296288	0.0229333	0.0470149	0.00209017	0.00420863	0.0348987	0.00262103	0.00570422	0.0167538	0.0668432	0.0602585	0.0462111	0.668908	0.0600286	0.112274	0.00118087	0.0631822	0.0137095	0.0281674	0.232642	0.798058	2.94113	5	1.291934
577000	-415.5046	-557.048	141.5434	10	0.2763878	0.0316409	0.105527	0.0344166	0.0602302	0.0192189	0.010218	0.0595838	0.00989086	0.00952069	0.010541	0.0484055	0.0164697	0.178331	0.737739	0.0596536	0.039188	0.0359836	0.0199803	0.0137083	0.0035758	0.0863031	0.553934	3.35619	5	1.500246
578000	-414.3574	-560.3077	145.9504	10	1.01624	0.0348009	0.133861	0.0298076	0.0355299	0.0100536	0.0125295	0.0261711	0.0107197	0.0122042	0.001531	0.112341	0.121258	0.119529	0.403551	0.0340983	0.0774826	0.0860398	0.0904968	0.0712038	0.140183	0.481579	1.00264	2.3756	5	1.423209
579000	-431.3718	-567.2985	135.9267	10	0.45881	0.0409696	0.186741	0.0140886	0.0761208	0.0478645	0.0177274	0.0133599	0.0257209	0.00416859	0.0402806	0.0655135	0.0934972	0.0726888	0.484592	0.0899989	0.0823779	0.20489	0.0664545	0.0662692	0.0260317	0.224178	0.787818	2.96197	5	1.693325
580000	-419.5195	-560.9196	141.4001	10	0.8594814	0.0399094	0.137428	0.0441351	0.0736039	0.032183	0.0041361	0.0133284	0.0201514	0.00537846	0.087486	0.0567497	0.0222742	0.0301038	0.585373	0.122946	0.00692472	0.147625	0.165592	0.0411426	0.108138	0.430023	0.972165	2.48967	5	1.63647
581000	-417.1099	-557.172	140.0621	10	0.4850049	0.0403476	0.134593	0.0269108	0.0312317	0.00743286	0.000110339	0.0310849	0.00389922	0.000270047	0.000760079	0.0406034	0.0221634	0.121075	0.332512	0.0694676	0.124461	0.00954077	0.0301311	0.0150881	0.0306433	0.242014	0.809043	2.9183	5	1.041683
582000	-417.8754	-557.5638	139.6884	10	0.3541124	0.0505586	0.0386989	0.0102387	0.0265853	0.00558772	0.00441838	0.0219367	0.00751402	0.0109421	0.00998219	0.036808	0.0333955	0.0314863	0.463346	0.0272575	0.107864	0.0230771	0.0374179	0.0983656	0.0106887	0.14675	0.676438	3.16612	5	1.04548
583000	-421.8012	-562.4886	140.6875	10	0.3362008	0.0368268	0.109599	0.0378784	0.00134805	0.0293717	0.0364544	0.0191913	0.00400837	0.00977131	0.0335794	0.0484377	0.0606456	0.0742877	0.725288	0.0943321	0.0242916	0.0843014	0.0107112	0.0666277	0.00868581	0.132795	0.651877	3.20664	5	1.506951
584000	-421.8364	-559.0953	137.2589	10	0.5818449	0.0308008	0.0949702	0.0227763	0.0210372	0.0181716	0.0187064	0.0148586	0.0297939	0.0184633	0.011713	0.0433816	0.0989859	0.112058	0.61935	0.0445723	0.0546053	0.0346904	0.0729869	0.0115261	0.0493864	0.302029	0.871766	2.77682	5	1.373447
585000	-424.4946	-553.6911	129.1966	10	0.5849349	0.0492457	0.132847	0.0427355	0.0320976	0.0233051	0.00980997	0.0235045	0.00447881	0.00409202	0.0142703	0.0444273	0.0257729	0.0739163	0.513599	0.113073	0.0412611	0.0736645	0.0185703	0.137372	0.0500165	0.303794	0.873434	2.77276	5	1.378043
586000	-417.1313	-556.5476	139.4163	10	0.1985164	0.0253976	0.0512764	0.0190512	0.0373994	0.0275881	0.00466633	0.0214372	0.00644436	0.0155656	0.0131876	0.0530947	0.050887	0.0629264	0.904485	0.0603105	0.0309686	0.0296429	0.00334924	0.0343542	0.000504482	0.032924	0.379775	3.5868	5	1.452032
587000	-424.6942	-557.0822	132.3879	10	0.4229132	0.00165207	0.08634	0.0306932	0.0385304	0.0275036	0.00270955	0.0183237	0.0151155	0.00576138	0.0162445	0.0745308	0.124571	0.0556145	0.437773	0.00948582	0.00215324	0.037383	0.0406732	0.139346	0.020154	0.198655	0.754931	3.02626	5	1.164404
588000	-426.7778	-563.3822	136.6044	10	0.4257678	0.0202358	0.0389922	0.0249457	0.0519652	0.0141969	0.00643014	0.0238803	0.0104086	0.00123555	0.0262779	0.0164238	0.023429	0.0184519	0.351053	0.0150399	0.0763286	0.0285984	0.0944038	0.101022	0.0206006	0.200729	0.757724	3.02095	5	0.9433192
589000	-419.3281	-557.9915	138.6634	10	0.4414753	0.0302989	0.0834348	0.0426642	0.0605456	0.036806	0.0229066	0.00440537	0.0105686	0.0103848	0.0278555	0.0253791	0.0388934	0.037606	0.505591	0.0151934	0.12498	0.111305	0.00269494	0.0391634	0.0231241	0.212005	0.772527	2.99234	5	1.230677
590000	-416.8895	-556.8433	139.9537	10	0.269092	0.023235	0.0640088	0.0218169	0.0650839	0.00875325	0.00166772	0.000750623	0.0171617	0.00546838	0.0229647	0.0517006	0.0340595	0.0386387	0.701116	0.064069	0.0248099	0.0130569	0.0586342	0.0349629	0.0031234	0.0807837	0.540057	3.37604	5	1.251959
591000	-422.2359	-563.141	140.905	10	0.4711983	0.0303454	0.122674	0.0300366	0.0319215	0.00586106	0.00429911	0.0221289	0.00845658	0.0106982	0.0472579	0.0547784	0.172663	0.0146375	0.762805	0.0676526	0.0258896	0.075457	0.0483653	0.0630559	0.0281819	0.232698	0.798125	2.941	5	1.598984
592000	-423.87	-564.5706	140.7006	10	0.646255	0.00155831	0.143273	0.00676199	0.0436991	0.000642983	0.0179722	0.084362	0.01457	0.0225431	0.00275607	0.10862	0.0499411	0.263952	0.898049	0.0628672	0.257807	0.00873943	0.0530763	0.0723419	0.0627671	0.337029	0.903199	2.69701	5	2.113533
593000	-416.1577	-563.4681	147.3104	10	0.3195383	0.0196423	0.0541253	0.019905	0.0669865	0.0317165	0.000378021	0.0165068	0.00471727	0.0065529	0.00755554	0.0372587	0.0358915	0.0534105	0.250627	0.0200217	0.0457099	0.0286509	0.0213776	0.00476375	0.00701344	0.119755	0.627202	3.24603	5	0.7257972
594000	-433.6157	-563.3649	129.7492	10	0.3600177	0.0844249	0.104709	0.0632221	0.0778156	0.00673505	0.0380184	0.00585967	0.00756978	0.00176629	0.0469218	0.0276035	0.0107805	0.109324	0.777955	0.0898503	0.0414402	0.0537089	0.0369951	0.110998	0.0113939	0.151324	0.68412	3.15316	5	1.695698
595000	-421.4598	-556.8865	135.4266	10	0.4671403	0.00737241	0.116707	0.054217	0.0846979	0.0171428	0.0105916	0.0379599	0.0172445	0.00336858	0.0313789	0.0231956	0.0798327	0.12506	0.950984	0.110281	0.0538694	0.0849478	0.00122803	0.012471	0.0274712	0.229924	0.794803	2.9478	5	1.822551
596000	-428.7469	-560.9768	132.2299	10	0.4449587	0.0208079	0.113156	0.0535519	0.0732577	0.0389153	0.00182663	0.0672342	0.0102874	0.015547	0.0133348	0.0507361	0.0434285	0.12595	0.551366	0.0966561	0.0313165	0.00197195	0.0898113	0.0363313	0.0236984	0.214474	0.775685	2.98614	5	1.435487
597000	-409.6183	-556.9806	147.3622	10	1.331964	0.0198922	0.0867498	0.0301439	0.107597	0.00717948	0.00244438	0.0158891	0.00516997	0.0016784	0.000306449	0.0713181	0.0526911	0.11396	0.452362	0.07536	0.026826	0.032604	0.136576	0.0250266	0.198159	0.557967	1.03881	2.20506	5	1.263775
598000	-404.212	-552.8417	148.6297	10	0.09000538	0.00868798	0.0593535	0.0134967	0.0315895	0.0101675	0.00492509	0.00962601	0.0015779	0.00232557	0.0108932	0.0238777	0.0454015	0.0181624	0.227813	0.0216054	0.0120684	0.0182684	0.0381212	0.027204	1.13124e-07	0.000500173	0.0681908	3.93131	5	0.5851644
599000	-421.4261	-564.8545	143.4284	10	0.7755336	0.00602284	0.143092	0.0177185	0.0362221	0.00136985	0.00964932	0.0478414	0.00297558	0.0269409	0.0496532	0.0336457	0.0216134	0.0793038	0.794377	0.0165903	0.175568	0.0346319	0.0399398	0.095818	0.0903429	0.397094	0.949938	2.56263	5	1.632974
600000	-438.1649	-557.4233	119.2585	10	0.576636	0.0321565	0.108781	0.0288846	0.100378	0.00625013	0.0563477	0.0224367	0.00650222	0.0046694	0.013674	0.0381647	0.0256568	0.112752	0.528412	0.0796235	0.13187	0.0274122	0.0234636	0.0827952	0.0483278	0.299033	0.868914	2.78372	5	1.430231
601000	-403.9955	-552.6162	148.6207	10	0.2393201	0.0267675	0.0628405	0.0390598	0.0354882	0.0100092	0.0174777	0.0264448	0.0106475	0.00289192	0.0168657	0.0505313	0.0237449	0.0411293	0.730377	0.0748536	0.0788709	0.0571352	0.00692653	0.00830975	0.00165083	0.0590929	0.478416	3.46084	5	1.320372
602000	-423.5496	-558.4567	134.9071	10	0.1605533	0.0188283	0.0338861	0.019937	0.0368549	0.0414362	0.00665803	0.00793307	0.00709315	0.0114052	0.0106287	0.0394185	0.0244796	0.0167931	0.559895	0.0926718	0.0284228	0.0782855	0.0102224	0.056818	9.7289e-05	0.0145492	0.273378	3.71198	5	1.101668
603000	-408.2439	-550.8573	142.6134	10	0.1979722	0.0268189	0.0687739	0.018229	0.0257183	0.000725553	0.00371341	0.0116118	0.00846259	0.00743348	0.0245421	0.0283352	0.0692215	0.00683581	0.54945	0.0208939	0.0169623	0.0730018	0.0954046	0.0531859	0.000494928	0.0326139	0.378345	3.58855	5	1.10932
604000	-425.9095	-554.0897	128.1802	10	0.7106263	0.0350546	0.12812	0.0473643	0.0663724	0.00546823	0.014593	0.00345493	0.00011605	0.0105297	0.00385397	0.0860218	0.129361	0.00473722	1.28966	0.0158547	0.184711	0.139521	0.117018	0.061419	0.0764594	0.368501	0.928743	2.6263	5	2.343233
605000	-422.0402	-563.7032	141.663	10	0.6691802	0.0352983	0.136807	0.0618186	0.0544111	0.0282811	0.0274766	0.00702221	0.000811698	0.0462198	0.0104814	0.0733265	0.0475903	0.0832449	0.406863	0.0464383	0.00789483	0.0957682	0.0245442	0.160152	0.0676212	0.348618	0.912889	2.67087	5	1.35445
606000	-428.7148	-558.0435	129.3287	10	0.5705639	0.0118126	0.160643	0.05832	0.0307973	0.0288828	0.00726573	0.0149478	0.0109965	0.00907189	0.0230841	0.10199	0.0334288	0.0677501	0.797871	0.0597345	0.106692	0.141687	0.0708591	0.0502177	0.0470993	0.295508	0.865525	2.79187	5	1.786052
607000	-416.1846	-551.4322	135.2476	10	0.3720932	0.019234	0.11033	0.0208367	0.0886305	0.0128033	0.0319644	0.00271812	0.0106265	0.00286541	0.0169663	0.0455198	0.11357	0.0211498	0.606254	0.076424	0.114993	0.057095	0.0144627	0.0403908	0.0129028	0.160623	0.699226	3.12725	5	1.406835
608000	-410.5051	-562.7505	152.2455	10	0.6594904	0.0552309	0.0555342	0.0431817	0.0417603	0.0164276	0.00719093	0.0476467	0.00515003	0.00766719	0.0411983	0.0788806	0.000527217	0.107825	0.364928	0.0261473	0.0839244	0.0211269	0.0311619	0.0261328	0.0655655	0.343773	0.908879	2.68178	5	1.061642
609000	-411.6576	-556.7136	145.056	10	0.3247865	0.0421275	0.121086	0.0173497	0.0851562	0.00883158	0.00129293	0.00105863	0.00613258	0.00375756	0.00760925	0.047089	0.00902271	0.0259689	0.502653	0.0697738	0.0588367	0.0702887	0.0199363	0.106521	0.0075199	0.123864	0.635174	3.23344	5	1.204492
610000	-422.0983	-565.5531	143.4548	10	0.2825551	0.0203677	0.0697363	0.0478291	0.0473681	0.00437457	0.0335587	0.00603882	0.00785056	0.00542099	0.0171621	0.00890162	0.241883	0.00221156	0.594074	0.0186772	0.0201505	0.0941139	0.0302443	0.036987	0.00398715	0.0910127	0.565309	3.33969	5	1.306949
611000	-415.6282	-555.2701	139.6419	10	0.3307794	0.0213263	0.0963878	0.014362	0.0483312	0.000351557	0.00984658	0.0229766	0.0109828	0.0142094	0.0124866	0.0526619	0.050467	0.0118121	0.532304	0.0838701	0.035859	0.106251	0.0250078	0.0707315	0.00812113	0.128555	0.64405	3.21927	5	1.220225
612000	-416.752	-554.515	137.7631	10	0.3299939	0.0210215	0.0809537	0.0222875	0.0392115	0.00977773	0.00738037	0.0442193	0.00656775	0.0114367	0.00410884	0.0706057	0.0823945	0.0121062	0.52005	0.152167	0.00801055	0.0808168	0.0228853	0.0364444	0.00804094	0.12794	0.6429	3.22112	5	1.232445
613000	-427.8515	-562.6021	134.7505	10	0.556653	0.0109482	0.122744	0.00276471	0.0426356	0.0126533	0.0426968	0.0198743	0.0120185	0.0128938	0.00725261	0.0506404	0.128654	0.0943751	0.4751	0.0229936	0.0658965	0.163901	0.0545016	0.0207098	0.0443096	0.287301	0.857484	2.81091	5	1.363253
614000	-423.9019	-565.7006	141.7987	10	1.341496	0.0465324	0.0854205	0.0170362	0.0461245	0.00994167	0.00830398	0.0386298	0.00300596	0.0117868	0.0308993	0.0749345	0.053404	0.0421147	0.612038	0.0206791	0.0583849	0.0494476	0.0403098	0.0402219	0.199766	0.559855	1.03958	2.2008	5	1.289216
615000	-411.32	-555.9071	144.5871	10	0.3337338	0.0446779	0.0621122	0.0205628	0.0810204	0.0140947	0.0117275	0.00848853	0.00557682	0.00322471	0.0569377	0.0508538	0.0301826	0.0372309	0.795583	0.0327525	0.0517995	0.0578461	0.0147137	0.12395	0.00842642	0.130866	0.648339	3.21237	5	1.503336
616000	-414.3229	-555.5992	141.2762	10	0.7055613	0.060006	0.101466	0.0370452	0.0619024	0.0242181	0.000270687	0.000246667	0.000417077	0.0112625	0.00766503	0.0313275	0.157803	0.0400615	0.777882	0.0022228	0.0144783	0.0666935	0.0958514	0.106353	0.0753765	0.366142	0.926912	2.63157	5	1.597172
617000	-429.1997	-559.3228	130.1231	10	0.8096704	0.0228281	0.101809	0.0614697	0.0568419	0.0282012	0.0600037	0.0352165	0.00120655	0.00261066	0.0344132	0.0539632	0.0504975	0.0086516	0.62063	0.0854959	0.035815	0.120573	0.0303916	0.105516	0.0976148	0.410998	0.959599	2.53179	5	1.516134
618000	-419.6068	-557.9704	138.3636	10	0.3882912	0.0284106	0.148077	0.0366849	0.0527691	0.0257088	0.0257467	0.01199	0.00330795	0.00380303	0.0383223	0.00642584	0.0290648	0.0856719	0.852001	0.0234268	0.0232012	0.214471	0.120854	0.0768993	0.0150621	0.172957	0.718293	3.09369	5	1.806836
619000	-420.5966	-562.8864	142.2898	10	0.5427399	0.0782347	0.0767477	0.0928927	0.0554325	0.0316818	0.0065885	0.00360405	0.00117322	0.00907364	0.041827	0.0413267	0.0900957	0.0654742	0.686563	0.0807645	0.0602793	0.0290289	0.177583	0.00491755	0.0415572	0.278905	0.849038	2.8305	5	1.633289
620000	-419.5614	-563.1915	143.6301	10	0.7732835	0.0692223	0.0810975	0.0331541	0.0426394	0.00212189	0.0155488	0.00241792	0.0075858	0.0266198	0.0128315	0.0677679	0.0230244	0.00785644	0.456269	0.0833421	0.118939	0.0731243	0.133127	0.000163274	0.0898624	0.396151	0.949268	2.56472	5	1.256851
621000	-414.839	-557.4425	142.6035	10	0.2824926	0.0191355	0.105651	0.00657581	0.0814111	0.0526853	0.00969961	0.0143783	0.0243589	0.00107406	0.0395469	0.0167539	0.072835	0.154499	0.624317	0.015576	0.106226	0.00461327	0.0587003	0.00860132	0.00398285	0.0909648	0.565195	3.33986	5	1.416637
622000	-406.0041	-552.3235	146.3194	10	0.3988069	0.0673878	0.0811392	0.0255187	0.0573203	0.0106007	0.00225155	0.0187661	0.0066071	0.00690534	0.0174906	0.025931	0.034815	0.0636761	0.536817	0.0557589	0.0328911	0.0627658	0.0917718	0.0781654	0.0165427	0.180864	0.729986	3.07261	5	1.27658
623000	-411.3386	-558.4561	147.1175	10	0.2514336	0.0107289	0.107679	0.0256877	0.0313076	0.0100761	0.00797886	0.0100353	0.00625273	0.00390415	0.0122258	0.0602614	0.0767964	0.0384535	0.319727	0.0571271	0.0185853	0.0355509	0.0472383	0.101165	0.00217925	0.0677272	0.504499	3.42559	5	0.980781
624000	-411.6912	-554.5788	142.8877	10	0.2566506	0.0402667	0.0632134	0.0289303	0.0386954	0.00840804	0.0272075	0.0217345	0.00137395	0.00576114	0.0525596	0.0231694	0.0813934	0.0389491	0.793518	0.0264253	0.00898072	0.0983171	0.0569716	0.0503506	0.00243631	0.0715331	0.515302	3.41073	5	1.466225
625000	-413.8703	-557.497	143.6267	10	0.2331109	0.0440367	0.0609635	0.0289214	0.0313316	0.0158198	0.0122694	0.0392901	0.00145434	0.0128887	0.00650002	0.0204228	0.0595944	0.0636638	0.353928	0.0315548	0.0311939	0.00234973	0.0106458	0.0039669	0.00141583	0.0547939	0.464491	3.4793	5	0.830796
626000	-412.8006	-555.4948	142.6941	10	0.2490011	0.0104989	0.110392	0.00948775	0.00423469	0.00758802	0.000927159	0.0237257	0.0131578	0.0156718	0.0276763	0.0533689	0.163522	0.0723447	0.677182	0.0275208	0.0485202	0.0313213	0.0507093	0.0148243	0.00206553	0.0659696	0.499374	3.43259	5	1.362673
627000	-424.0228	-556.7349	132.7121	10	0.2368398	0.00868737	0.204235	0.0446689	0.050906	0.00834973	0.0090943	0.00627991	0.00107198	0.0104359	0.00511745	0.0802066	0.0527887	0.174427	0.726943	0.0329955	0.0535101	0.0675211	0.00924209	0.0269847	0.00155411	0.0573645	0.472899	3.46818	5	1.573466
628000	-423.7537	-563.3463	139.5927	10	0.6154122	0.0234879	0.0951828	0.063271	0.0848029	0.0175214	0.0132558	0.0179031	0.0184815	0.0131666	0.00121864	0.0353413	0.133276	0.106013	0.340691	0.0244378	0.0109914	0.0734543	0.0174062	0.0138679	0.0563016	0.320731	0.888983	2.73398	5	1.103771
629000	-411.1243	-555.4107	144.2864	10	0.3075007	0.0115486	0.0667549	0.0596167	0.0298625	0.0140155	0.0155957	0.00114237	0.00711235	0.00290753	0.00121633	0.0358198	0.0360473	0.0884018	0.413034	0.0476952	0.0279305	0.013221	0.0221168	0.0444609	0.00592346	0.110341	0.608187	3.27555	5	0.9384998
630000	-411.1169	-553.2126	142.0957	10	0.2774409	0.0188488	0.0940082	0.0183994	0.0436947	0.0178814	0.00375396	0.00243058	0.00603266	0.0187719	0.0149154	0.04184	0.014977	0.0684073	0.718628	0.0438335	0.0379764	0.0284133	0.018135	0.0206634	0.00364416	0.0871047	0.555899	3.35335	5	1.23161
631000	-428.1442	-554.6258	126.4816	10	1.667547	0.05854	0.0735897	0.0224999	0.0564209	0.0125117	0.00647675	0.00602831	0.000524404	0.00874195	0.0342587	0.0512773	0.00886227	0.0964587	0.466819	0.0476237	0.0941356	0.0318465	0.0910193	0.0411901	0.250084	0.61426	1.05891	2.07674	5	1.208825
632000	-420.2377	-564.0065	143.7688	10	0.3658152	0.0117169	0.0950957	0.0367706	0.0562548	0.00159943	0.0114219	0.00410245	0.00256574	0.0137191	0.00125899	0.0655786	0.0329505	0.0553468	0.51531	0.0338125	0.0814161	0.116178	0.0153836	0.060432	0.0121073	0.155798	0.691471	3.14062	5	1.210913
633000	-411.8888	-552.8309	140.9421	10	0.2393207	0.0211318	0.0761862	0.00723347	0.0329527	0.0105229	0.00445151	0.0200869	0.00164609	0.00679872	0.00504632	0.045597	0.0934531	0.0323268	0.756759	0.0715179	0.0513552	0.0269171	0.00657493	0.0466585	0.00165085	0.0590934	0.478417	3.46084	5	1.317216
634000	-406.1719	-549.7702	143.5983	10	0.1769064	0.0181243	0.0925891	0.0066934	0.0501149	0.010925	0.00722506	0.0053172	0.00877274	0.000504919	0.0160604	0.0256428	0.0713256	0.0353204	0.467299	0.0417236	0.0514896	0.0866193	0.0151877	0.0458258	0.000215613	0.0216043	0.320772	3.65741	5	1.056761
635000	-411.1189	-559.0942	147.9752	10	0.3315835	0.0493685	0.0959976	0.0229138	0.0343805	0.031307	0.00178037	0.0411827	0.0068244	0.00979103	0.00585367	0.0440657	0.075312	0.108503	0.790566	0.110438	0.0355607	0.00044003	0.0900631	0.0683212	0.00820364	0.129184	0.645223	3.21739	5	1.622668
636000	-410.5695	-551.6907	141.1212	10	0.2829311	0.0274109	0.0813643	0.0123559	0.0720783	0.00952006	0.00108937	0.000238042	0.0070798	0.000918082	0.00916627	0.0593151	0.061717	0.0728779	0.639855	0.0849155	0.0478559	0.00623521	0.104095	0.00730105	0.00401309	0.091301	0.565992	3.33869	5	1.305388
637000	-430.2289	-564.7302	134.5012	10	0.4649323	0.0737993	0.0650078	0.0214519	0.0654218	0.00200502	0.00975812	0.0387132	0.00424467	0.00166237	0.102051	0.010264	0.031361	0.0537123	0.667865	0.112557	0.0247856	0.0859313	0.146573	0.0819992	0.0270871	0.228407	0.792974	2.95153	5	1.599163
638000	-430.7218	-558.2296	127.5077	10	0.7445257	0.0901081	0.0709641	0.0539702	0.0765123	0.0536441	0.00167567	0.0387037	0.00529948	0.0108172	0.0735237	0.0429223	0.162878	0.0275741	0.692445	0.0556324	0.0617836	0.0419268	0.120842	0.0358086	0.0837131	0.383803	0.940313	2.59217	5	1.717032
639000	-411.8441	-559.6305	147.7864	10	0.7799243	0.0231586	0.0671117	0.0154354	0.0272019	0.0094151	0.00080515	0.00930137	0.00269709	0.00131547	0.0506634	0.0370701	0.0643413	0.0320843	0.385963	0.0508234	0.039873	0.0600389	0.0640383	0.11323	0.0912802	0.398924	0.951233	2.55856	5	1.054567
640000	-416.9913	-559.275	142.2837	10	0.8807474	0.0348278	0.116135	0.0309061	0.140869	0.00454133	0.0212086	0.0198212	0.00519137	0.00593642	0.00430241	0.0795261	0.108797	0.0519008	0.592982	0.0418345	0.131686	0.0309004	0.0590236	0.109848	0.11259	0.437721	0.977042	2.47265	5	1.590237
641000	-419.3821	-557.229	137.8469	10	0.693813	0.0178024	0.148406	0.0686592	0.0542416	0.00307832	0.00527396	0.0144132	0.01948	0.00851847	0.0497227	0.0580806	0.0418452	0.13776	0.73975	0.125967	0.0468235	0.127061	0.0539563	0.0688079	0.0728672	0.360596	0.922554	2.64398	5	1.789647
642000	-418.3219	-559.8412	141.5193	10	0.5353199	0.00805446	0.0883615	0.01488	0.0795726	0.0203735	0.0095889	0.00509141	0.00185567	0.00597171	0.00403803	0.0875177	0.0532627	0.00797299	0.383996	0.0589976	0.0656629	0.0322604	0.0126506	0.0907094	0.0401063	0.27435	0.844359	2.84119	5	1.030818
643000	-453.7734	-585.8	132.0266	10	1.740698	0.0193578	0.102985	0.080619	0.0932492	0.0708233	0.0217303	0.0346204	0.00729246	0.00965594	0.000710586	0.294093	0.157606	0.034	0.544138	0.102906	0.0960112	0.000448275	0.0732899	0.203035	0.260227	0.624266	1.06191	2.0536	5	1.946571
644000	-416.484	-556.549	140.065	10	0.3133267	0.0502749	0.0585424	0.024839	0.0522128	0.00909562	0.0203164	0.043286	0.00311636	0.00410472	0.0189953	0.0388969	0.00827981	0.133799	0.578951	0.0140285	0.0263011	0.104999	0.0433613	0.0532613	0.00643845	0.114894	0.617519	3.26115	5	1.286661
645000	-413.6023	-554.3574	140.7551	10	0.2441216	0.0231099	0.0653099	0.0104404	0.0480546	0.0141124	0.000846343	0.0259567	0.00445495	0.0140736	0.0252697	0.0342155	0.0348448	0.0632019	0.563026	0.0328087	0.0113946	0.120874	0.0454505	0.0187995	0.00184902	0.0624788	0.488924	3.44675	5	1.156244
646000	-407.4648	-556.5463	149.0815	10	0.3355465	0.0162494	0.0640864	0.0276885	0.0541426	0.0192738	0.00886351	0.0236998	0.0147865	0.000277407	0.00696709	0.0432536	0.062736	0.0108566	0.484546	0.0207598	0.00905309	0.0709741	0.0562164	0.0409584	0.00861662	0.132283	0.650943	3.20816	5	1.035389
647000	-417.1726	-556.3779	139.2053	10	0.4056388	0.0474704	0.0880445	0.0256665	0.0275247	0.00894085	0.0261502	0.00840707	0.0127284	0.0193752	0.0107092	0.0480766	0.022228	0.0472523	0.598763	0.0645375	0.0486635	0.0479984	0.0564065	0.0868372	0.0175362	0.185956	0.737311	3.0592	5	1.29578
648000	-413.9449	-556.7019	142.757	10	0.3607434	0.0136053	0.153495	0.032004	0.0733889	0.00541383	0.000550908	0.00471922	0.00476891	0.000907086	0.0175257	0.0351602	0.125383	0.0447351	0.502734	0.00346071	0.0848201	0.0459758	0.0381728	0.093311	0.0114821	0.151885	0.68505	3.15158	5	1.280132
649000	-402.6474	-550.4513	147.8039	10	0.1887309	0.0197182	0.0505214	0.00501116	0.023623	0.00081617	0.00458947	0.00205047	0.000773914	0.0141165	0.00155319	0.0493879	0.0263384	0.069378	0.423836	0.0366253	0.0785846	0.0253587	0.0542769	0.0177511	0.000351706	0.0275378	0.353613	3.6185	5	0.90431
650000	-405.8658	-553.3568	147.491	10	0.2724338	0.0129119	0.104713	0.0128543	0.0421268	0.0151846	0.00924499	0.00855592	0.0115124	0.00386251	0.0283245	0.0543822	0.0550533	0.0238716	0.801537	0.0683871	0.0292326	0.125606	0.0250992	0.0178319	0.00332603	0.0833042	0.546471	3.3669	5	1.450292
651000	-411.7198	-565.1046	153.3848	10	0.4663479	0.0018498	0.0857645	0.0108333	0.0635769	0.0227645	0.0131158	0.0212891	0.00325565	0.00595215	0.024334	0.0360732	0.0658695	0.0388353	0.284033	0.137668	0.0884574	0.00314798	0.170848	0.103899	0.0273332	0.22938	0.794149	2.94914	5	1.181568
652000	-421.5924	-558.8064	137.214	10	0.4542082	0.0207207	0.185854	0.0261947	0.0673365	0.0250129	0.00233129	0.0352195	0.0177575	0.00115894	0.0453375	0.0209519	0.0540392	0.13239	0.749843	0.0661446	0.0410889	0.0122157	0.0851972	0.0110602	0.0252479	0.220974	0.783861	2.96992	5	1.599854
653000	-424.0034	-564.6463	140.6429	10	0.4321577	0.0339907	0.05333	0.01396	0.0966958	0.00913558	0.0100039	0.00210123	0.00430347	0.0117877	0.00422971	0.0652971	0.091222	0.00942022	0.496513	0.0615094	0.0151377	0.00885844	0.133319	0.0676666	0.0216138	0.205343	0.763859	3.00918	5	1.188482
654000	-426.1234	-558.032	131.9087	10	0.6102873	0.0217901	0.0871016	0.0759493	0.0615172	0.00315627	0.0213252	0.022267	0.0200612	0.00791903	0.00585264	0.121229	0.0579867	0.0598474	0.888786	0.0197414	0.0803578	0.0433024	0.136447	0.14039	0.0552365	0.317942	0.886478	2.74034	5	1.875028
655000	-416.4624	-563.1655	146.7031	10	0.4117675	0.0705428	0.204195	0.0504769	0.107641	0.021412	0.0013361	0.0344425	0.00435026	0.0128319	0.0515526	0.0254795	0.0411324	0.043761	0.457656	0.0684384	0.0875392	0.0163753	0.115558	0.0608107	0.018448	0.190491	0.743707	3.04735	5	1.475532
656000	-433.297	-556.8104	123.5133	10	0.4903491	0.0619417	0.176926	0.00588042	0.0516291	0.00508971	0.0179125	0.00404956	0.0245977	0.00177753	0.0272362	0.0857539	0.0913812	0.133264	0.989572	0.00131795	0.0184693	0.0986871	0.117946	0.0395732	0.0316132	0.245569	0.813117	2.9097	5	1.953005
657000	-421.9584	-562.6107	140.6523	10	0.5561738	0.0334481	0.077728	0.0499017	0.0900867	0.0685507	0.0109043	0.0220172	0.000890876	0.0217519	0.0331274	0.0600281	0.159492	0.0714122	0.724946	0.0114791	0.082599	0.088462	0.0313796	0.0448194	0.0442141	0.287015	0.8572	2.81157	5	1.683024
658000	-413.8265	-557.3046	143.4782	10	0.271751	0.0580816	0.116366	0.0247567	0.0293462	0.0185533	0.00310228	0.00273022	0.0088227	0.00229008	0.0187752	0.045372	0.0499782	0.042641	0.513209	0.0684339	0.0167817	0.0332633	0.0896527	0.111874	0.00328401	0.0827881	0.545168	3.36876	5	1.25403
659000	-416.4586	-559.2164	142.7578	10	0.5295208	0.00686013	0.0870451	0.0022829	0.0421982	0.0120267	0.0168143	0.00230845	0.0140456	0.000576433	0.00587804	0.0708735	0.0734431	0.0625176	0.650321	0.0216758	0.0596283	0.140433	0.123773	0.049155	0.0389812	0.270751	0.840614	2.84965	5	1.441857
660000	-435.0833	-559.9467	124.8634	10	0.2981085	0.00657196	0.110699	0.0509325	0.0906153	0.0187712	0.0415332	0.0171098	0.00627471	0.00908139	0.00326235	0.083194	0.0505909	0.0339515	0.612193	0.0581687	0.00210877	0.18784	0.140392	0.0594352	0.00514312	0.103024	0.592612	3.29922	5	1.582725
661000	-417.5261	-553.2412	135.7151	10	0.6052223	0.0493973	0.094104	0.0348136	0.0686779	0.0122116	0.000867648	0.00387099	0.00178266	0.0239297	0.0106401	0.0721055	0.00723158	0.123445	0.638591	0.0769543	0.0635798	0.0554368	0.0715945	0.101151	0.0541869	0.315163	0.88396	2.74669	5	1.510385
662000	-413.7081	-561.7651	148.057	10	0.4778594	0.0610007	0.0879566	0.0363938	0.0178387	0.00234212	0.0132859	0.0336078	0.0123748	0.0055679	0.0207789	0.0517446	0.0575463	0.00189352	0.609903	0.0295263	0.1237	0.026075	0.0756732	0.0551937	0.0293612	0.237216	0.803465	2.92996	5	1.322403
663000	-411.2472	-558.5576	147.3105	10	0.4583703	0.0442662	0.0936273	0.0457246	0.0605501	0.0170693	0.0121046	0.012991	0.0137275	0.00520652	0.0236754	0.0855245	0.0477501	0.0648531	0.552288	0.00197042	0.111067	0.114688	0.0401439	0.112573	0.0259564	0.223873	0.787443	2.96273	5	1.4598
664000	-425.9728	-559.1239	133.1511	10	0.4165532	0.0719784	0.0862518	0.0167971	0.0969734	0.00280642	0.0111711	0.00107566	0.0151369	0.0105248	0.0216697	0.0527961	0.0441771	0.12855	0.85284	0.0428935	0.097703	0.0910582	0.0549966	0.0670759	0.0191731	0.19401	0.748589	3.03823	5	1.766476
665000	-418.6612	-557.4092	138.748	10	0.5890509	0.0285845	0.0644454	0.0425686	0.0463556	0.0022884	0.00870806	0.00633679	0.00922603	0.00219472	0.0257814	0.0561829	0.084872	0.157053	0.534404	0.0317386	0.0323886	0.0580804	0.0980581	0.0626365	0.0508579	0.306131	0.875629	2.76738	5	1.351903
666000	-416.2037	-555.5319	139.3282	10	0.3000206	0.0283693	0.104138	0.0209244	0.0324442	0.0277382	0.0020552	0.0536081	0.00373307	0.0296169	0.0119075	0.0488084	0.0404696	0.0482219	0.811401	0.0150508	0.0171838	0.0359607	0.131179	0.0443375	0.00529698	0.104511	0.595837	3.29435	5	1.507148
667000	-423.5341	-554.6502	131.1161	10	0.3831164	0.0210643	0.130846	0.0598488	0.04512	0.0130941	0.0146878	0.0246801	0.0119565	0.00379893	0.00299947	0.0397287	0.0976318	0.125702	1.01895	0.0586859	0.0416992	0.122644	0.0566707	0.00117448	0.0143559	0.169035	0.712344	3.10426	5	1.89098
668000	-414.3403	-556.8377	142.4974	10	0.3601247	0.0122576	0.103921	0.0107805	0.125395	0.00478605	0.00354873	0.0120305	0.000939226	0.0143457	0.0106063	0.0871888	0.0241272	0.00970321	0.649187	0.0340061	0.0493343	0.0756697	0.153164	0.0929047	0.0114069	0.151407	0.684257	3.15293	5	1.473895
669000	-417.0134	-561.2792	144.2658	10	0.3230587	0.0316787	0.0734241	0.0264149	0.107247	0.0166398	0.0102825	0.0053725	0.00626454	0.00487593	0.0161483	0.015205	0.0530835	0.0471089	0.566054	0.13036	0.0370397	0.0241453	0.180211	0.0292527	0.00735109	0.122511	0.63257	3.23757	5	1.380808
670000	-412.7878	-555.9242	143.1363	10	0.4280939	0.0413921	0.13171	0.0126472	0.083169	0.0104139	0.00271458	0.00106751	0.0131066	0.00657402	0.0398227	0.0413513	0.0670507	0.00833878	0.67529	0.0591874	0.12354	0.03441	0.0172215	0.142553	0.0209672	0.202413	0.759976	3.01664	5	1.511562
671000	-428.3359	-562.2846	133.9487	10	1.319342	0.0207789	0.107707	0.0593488	0.133757	0.00257728	0.0137402	0.0131231	0.00607384	0.0277422	0.00591255	0.1139	0.108775	0.0399244	0.511462	0.0342778	0.075945	0.0170226	0.166019	0.0700071	0.196018	0.555436	1.03778	2.21076	5	1.528094
672000	-414.0997	-557.6568	143.5571	10	0.26128	0.0329931	0.0530289	0.0352931	0.0840798	0.00380732	0.00753425	0.00870744	0.00564774	0.00982182	0.00243375	0.0765092	0.0885386	0.0170425	0.826011	0.0375351	0.00827124	0.0915982	0.0147307	0.0227299	0.00267968	0.0749485	0.524677	3.39769	5	1.426313
673000	-422.499	-563.6343	141.1353	10	0.7887572	0.0258131	0.112014	0.0550682	0.0788904	0.0114416	0.0240062	0.000521898	0.0517863	0.00213665	0.0139889	0.0746341	0.0979824	0.0973941	0.56604	0.0554857	0.157912	0.0898286	0.0136374	0.0179739	0.0931642	0.402568	0.95379	2.55048	5	1.546555
674000	-425.0005	-561.3829	136.3823	10	0.2349913	0.026229	0.120851	0.00333699	0.0485639	0.0119329	0.0058603	0.0133044	0.0110775	0.00455023	0.0344877	0.0304475	0.0375912	0.043341	0.323507	0.0087585	0.0138315	0.0395814	0.0407317	0.0449159	0.0014845	0.0560858	0.468748	3.47368	5	0.8628992
675000	-435.1459	-555.6715	120.5256	10	0.2156972	0.0202894	0.0861813	0.0262675	0.0627895	0.00423295	0.0217879	0.0436034	0.021876	0.000139942	0.0489981	0.0290997	0.0605732	0.106288	1.12849	0.00743512	0.0915533	0.024555	0.0051332	0.115049	0.000877883	0.0432935	0.423372	3.53246	5	1.904339
676000	-409.7213	-551.3865	141.6652	10	0.2452369	0.00692789	0.0967898	0.0241394	0.0273414	0.0125566	0.0170635	0.00332681	0.00813727	0.0053329	0.0165101	0.0527695	0.107196	0.0911798	0.582826	0.0184863	0.0311791	0.0959668	0.0918797	0.0310639	0.00189715	0.0632723	0.491333	3.4435	5	1.320673
677000	-412.724	-555.6969	142.9728	10	0.2898619	0.0438102	0.0552975	0.0417959	0.0826873	0.00485559	5.13933e-05	0.00185666	0.00582111	0.00160039	0.0361934	0.0446086	0.0282265	0.151802	0.604548	0.0442988	0.0405074	0.0777747	0.0702958	0.0518347	0.00450903	0.0966352	0.578378	3.32048	5	1.387866
678000	-421.0881	-557.8738	136.7857	10	0.4664734	0.0433096	0.115929	0.034097	0.0598765	0.0105368	0.00953354	2.33884e-05	0.00767337	0.00707134	0.0207448	0.100522	0.000986019	0.0757607	0.703442	0.0245202	0.0198678	0.0859895	0.0438661	0.123824	0.027355	0.229466	0.794253	2.94893	5	1.487573
679000	-419.699	-556.2658	136.5669	10	0.3502531	0.0432788	0.0942013	0.00539162	0.0383844	0.0168522	0.00645602	0.00904841	0.000620864	0.0208953	0.0635717	0.0174215	0.0961228	0.0101382	0.691142	0.0738509	0.0059619	0.0098562	0.097167	0.0660606	0.0102396	0.143752	0.671309	3.1747	5	1.366421
680000	-423.39	-556.1635	132.7735	10	0.3044817	0.0279225	0.101173	0.00316866	0.0116065	0.041199	0.0339601	0.0090923	0.00238289	0.00157508	0.0155791	0.0335389	0.0109732	0.081313	0.400218	0.0432238	0.0959383	0.0117063	0.099291	0.0983975	0.00566589	0.107986	0.603253	3.2831	5	1.12226
681000	-423.1209	-557.1474	134.0264	10	0.4417138	0.0390969	0.141379	0.0324514	0.0163847	0.0171565	0.0157757	0.0118582	0.000650994	0.044111	0.0191838	0.0430527	0.149418	0.0990376	0.571784	0.0489104	0.103063	0.0418773	0.0975354	0.0493356	0.0231633	0.212174	0.772744	2.99192	5	1.542062
682000	-418.9505	-559.5789	140.6284	10	1.004247	0.0451102	0.13071	0.0779051	0.0977823	0.0386367	0.00780487	0.0053092	0.0251674	0.00624137	0.0293448	0.0924184	0.122806	0.0163188	0.551087	0.150614	0.0111334	0.0590035	0.0366463	0.072873	0.1378	0.478025	1.0007	2.38347	5	1.576913
683000	-430.1236	-557.348	127.2244	10	0.8033453	0.0345242	0.11359	0.00955908	0.036557	0.00875002	0.00447882	0.0414641	0.0117003	0.00829302	0.0293995	0.0273461	0.102978	0.0471075	1.10744	0.0994801	0.0647811	0.0608411	0.157832	0.0169288	0.0962704	0.408477	0.957878	2.53737	5	1.983049
684000	-411.624	-548.2402	136.6161	10	0.206983	0.013074	0.0667187	0.00442884	0.0330228	0.00444646	0.00865077	0.0020868	0.00776212	0.00188541	0.019549	0.0253778	0.0711065	0.00501469	0.496408	0.0378948	0.0272943	0.0348511	0.0679436	0.0393991	0.000670523	0.0378987	0.401636	3.5598	5	0.9669153
685000	-411.0448	-552.8167	141.7719	10	0.2371946	0.0579505	0.101743	0.0216136	0.0464882	0.000863979	0.0129831	0.00147877	0.0057918	0.00208762	0.0311934	0.0143199	0.0238944	0.00441205	0.53801	0.0223953	0.0237384	0.0192659	0.0935107	0.0298642	0.00156771	0.0576108	0.473692	3.46713	5	1.051605
686000	-419.9209	-557.8699	137.949	10	0.3132954	0.0218054	0.0429489	0.0339183	0.093895	0.0202374	0.00115716	0.00791533	0.0170914	0.0124788	0.0089682	0.0198742	0.0193113	0.0929995	0.522957	0.030687	0.0508751	0.040185	0.0121105	0.0731942	0.00643562	0.11487	0.61747	3.26123	5	1.12261
687000	-425.2773	-556.2095	130.9323	10	0.2936079	0.04726	0.076652	0.0232351	0.0299648	0.013437	0.00812825	0.00687787	0.0137672	0.00929018	0.0067751	0.0365113	0.0935597	0.00485423	0.516258	0.0168	0.0196955	0.0706721	0.0201489	0.0777483	0.00479114	0.0995325	0.58491	3.31077	5	1.091636
688000	-413.5856	-553.0148	139.4293	10	0.3074503	0.0276787	0.0559957	0.0137241	0.0518036	0.0104848	0.00271464	0.0209288	0.000849704	0.00481692	0.0153409	0.0643626	0.114961	0.103088	0.536506	0.021758	0.0482018	0.0586096	0.0458856	0.0581241	0.00591911	0.110302	0.608105	3.27567	5	1.255836
689000	-434.3716	-555.8046	121.433	10	0.3132255	0.013265	0.180556	0.00769062	0.0730402	0.0195867	0.01192	0.0123139	0.0204791	0.00957502	0.0230241	0.0362304	0.0802974	0.0818412	0.674977	0.015391	0.0545621	0.0724832	0.0172896	0.0798108	0.00642931	0.114815	0.617359	3.2614	5	1.484333
690000	-424.0536	-560.1267	136.0731	10	0.3646989	0.0514267	0.0492531	0.0330407	0.0222264	0.0165907	0.0112606	0.000637782	0.0135535	0.00429285	0.000721425	0.0433234	0.0497023	0.1002	0.295679	0.0479483	0.0111915	0.0159141	0.0330936	0.0448404	0.0119684	0.154938	0.69007	3.14302	5	0.8448959
691000	-405.4962	-553.6073	148.1111	10	0.4637274	0.0154786	0.142032	0.0261518	0.0324634	0.0111527	0.00347901	0.0114634	0.015615	0.0202054	0.00394991	0.0438981	0.0161243	0.0811642	0.568324	0.059983	0.0132401	0.0628337	0.014919	0.0762906	0.0268783	0.227578	0.791969	2.95357	5	1.218769
692000	-411.9025	-558.8061	146.9036	10	0.2447083	0.00544834	0.0791572	0.0456492	0.0343983	0.0140631	0.0157433	0.000242516	0.00443734	0.00724645	0.0293225	0.0751691	0.11322	0.0240094	0.652518	0.0486395	0.0104849	0.0696045	0.0304202	0.0191533	0.00187424	0.0628959	0.490193	3.44504	5	1.278927
693000	-401.3034	-549.459	148.1556	10	0.2557971	0.0180117	0.0683786	0.012426	0.0273418	0.0119288	0.00295573	0.0122508	0.00860729	0.000961072	0.00319501	0.0294679	0.0198846	0.0485386	0.368339	0.0197747	0.0248297	0.0445602	0.0461552	0.0339723	0.00239302	0.0709073	0.513552	3.41315	5	0.8015794
694000	-423.9649	-566.4295	142.4646	10	0.4391228	0.115471	0.0465043	0.0250025	0.0568563	0.0341315	0.00907064	0.0345259	0.00464781	0.0194323	0.0129724	0.0638657	0.0125988	0.0646743	0.595908	0.106231	0.0489567	0.00996296	0.0142117	0.106349	0.0227392	0.21033	0.770369	2.99656	5	1.381373
695000	-432.3919	-564.3662	131.9743	10	0.2634933	0.00120631	0.144716	0.0120447	0.014135	0.0311471	0.0238927	0.0156091	0.0222117	0.00196612	0.0293366	0.0719488	0.0440716	0.0391251	0.621225	0.00289844	0.0147259	0.00864895	0.11915	0.0873197	0.00280116	0.0765931	0.529091	3.39152	5	1.305379
696000	-419.4733	-556.3048	136.8316	10	1.066609	0.0483687	0.223474	0.032196	0.135961	0.00778464	0.00486661	0.00523366	0.0105599	0.0121164	0.028001	0.0689869	0.109104	0.0527704	0.631922	0.0225034	0.135754	0.0888606	0.111209	0.109161	0.150049	0.495896	1.01022	2.34384	5	1.838832
697000	-428.9936	-562.5495	133.5559	10	0.2338775	0.0188826	0.115842	0.0331685	0.0415242	0.00983853	0.0248477	0.0428079	0.00256137	0.0179068	0.0164976	0.073229	0.140388	0.0171117	0.938633	5.91581e-05	0.146477	0.108827	0.106812	0.0666278	0.00144357	0.0553195	0.46623	3.47701	5	1.922042
698000	-421.8721	-562.1671	140.295	10	0.467957	0.0168087	0.0959489	0.0542451	0.0825042	0.0228516	0.0182976	0.0107653	0.00709775	0.024838	0.00163851	0.0556497	0.0251656	0.0407545	0.570953	0.0586151	0.0782401	0.164902	0.0127612	0.0622007	0.0276138	0.230483	0.795476	2.94643	5	1.404237
699000	-430.5478	-557.1083	126.5605	10	0.3783895	0.078502	0.199499	0.0131099	0.0367883	0.0219801	0.00467201	0.0171483	0.0110465	0.0084937	0.0277533	0.0477921	0.0441501	0.0667791	0.853498	0.0606679	0.0524473	0.169075	0.137016	0.0653399	0.0137242	0.165438	0.706795	3.11404	5	1.91576
700000	-410.4813	-558.6523	148.1711	10	0.4174767	0.0205457	0.0449867	0.0272996	0.0627125	0.00706171	0.00404895	0.0139117	0.00299335	0.0132345	0.00404427	0.0240377	0.0682653	0.0908806	0.488825	0.0629302	0.000546699	0.0369779	0.00131578	0.0472005	0.0193144	0.194686	0.74952	3.03648	5	1.021819
701000	-416.6144	-558.8153	142.2009	10	0.3210402	0.0171875	0.0769849	0.0245259	0.0438103	0.0121388	0.0218509	0.00996777	0.0068716	0.0259892	0.0173232	0.0247754	0.0525503	0.0085944	0.547908	0.0120026	0.050215	0.0103892	0.119913	0.0797521	0.00715645	0.120931	0.629502	3.24241	5	1.16275
702000	-425.9116	-564.6689	138.7573	10	0.4179692	0.0128811	0.0894193	0.0261244	0.0937886	0.0467889	0.0188363	0.0364461	0.00918125	0.00309617	0.00398823	0.04189	0.010385	0.0976018	0.641679	0.165337	0.0888477	0.0732093	0.021839	0.00622242	0.0193898	0.195047	0.750015	3.03555	5	1.487562
703000	-421.8839	-561.1914	139.3075	10	0.4648764	0.0665251	0.142044	0.046984	0.044103	0.0210148	0.0303892	0.0123837	0.00487247	0.00874337	0.0127309	0.0816371	0.0108836	0.0362021	0.60926	0.198684	0.126783	0.0135738	0.0938175	0.123606	0.0270774	0.228369	0.792928	2.95163	5	1.684237
704000	-421.9151	-553.0028	131.0878	10	0.2167747	0.0018858	0.112847	0.0185739	0.0907665	0.000160641	0.00066032	0.00129563	0.00410791	0.005818	0.00893131	0.0470452	0.102378	0.0669121	0.450392	0.0661757	0.00965978	0.0409199	0.00701893	0.109458	0.000906258	0.0439785	0.426006	3.52911	5	1.145007
705000	-410.5494	-552.6836	142.1342	10	0.161996	0.0180649	0.0809677	0.0290511	0.0085621	0.00420991	0.00454114	0.0309139	0.00713596	0.00413859	0.0206518	0.0295428	0.0220074	0.0319728	0.757002	0.0522998	0.024827	0.0577687	0.0614699	0.108419	0.000105044	0.0151147	0.27764	3.70714	5	1.353547
706000	-420.3765	-561.4468	141.0703	10	0.2174774	0.024907	0.0637438	6.8193e-05	0.103907	0.00270082	0.00881878	0.0791812	0.0135747	0.00279245	0.0313801	0.0111118	0.100467	0.0208204	0.455557	0.066684	0.0554936	0.000886623	0.131566	0.0276675	0.000925097	0.0444273	0.427717	3.52693	5	1.201328
707000	-420.5151	-561.9517	141.4366	10	0.341502	0.0263522	0.131804	0.119487	0.00373845	0.0125869	0.00789341	0.00215411	0.0025908	0.0115156	0.0149192	0.0715875	0.119892	0.00236967	0.570436	0.0235905	0.0562345	0.247065	0.076605	0.0168138	0.00925685	0.136935	0.659351	3.19446	5	1.517636
708000	-413.8418	-558.9118	145.0701	10	0.4846186	0.00966775	0.0572911	0.0496935	0.0435683	0.0368378	0.0255796	0.00963514	0.0106296	0.00594747	0.0358496	0.012101	0.030126	0.0830511	0.719198	0.036529	0.0345855	0.0218883	0.0903571	0.0395031	0.0305735	0.241756	0.808746	2.91893	5	1.352039
709000	-412.346	-552.8226	140.4765	10	0.1780119	0.0460457	0.0844085	0.00506684	0.0889692	0.0119572	0.0112935	0.00756728	0.00500776	0.00173497	0.021623	0.0415659	0.0649528	0.0246294	0.605182	0.0700762	0.0902017	0.0285131	0.0509253	0.045168	0.00022633	0.0221307	0.323896	3.65375	5	1.304889
710000	-411.3155	-557.6942	146.3787	10	0.2841734	0.0333343	0.0603429	0.0194674	0.0541396	0.00156653	0.0369696	0.00664187	0.000405216	0.0181145	0.0393895	0.0114524	0.000580779	0.0789045	0.446161	0.0433003	0.0799964	0.020436	0.0227494	0.11247	0.0040995	0.0922543	0.568241	3.33541	5	1.086422
711000	-426.8339	-558.1213	131.2874	10	1.205704	0.0347982	0.0773984	0.0455491	0.0587385	0.0154285	0.00463464	0.0143266	0.00399929	0.0158342	0.0171923	0.0401688	0.131903	0.07153	0.388374	0.0627779	0.0788205	0.0138786	0.0477774	0.0305873	0.176085	0.530913	1.02719	2.26581	5	1.153717
712000	-414.3746	-554.0206	139.6461	10	0.3226678	0.0246957	0.0536353	0.0177571	0.0285289	0.0106408	0.000101586	0.0313653	0.00330103	0.00900196	0.0264391	0.0151043	0.0414969	0.0259867	0.285986	0.0749281	0.0468736	0.0577808	0.0724425	0.00187654	0.00731317	0.122205	0.631978	3.2385	5	0.8279421
713000	-425.4707	-561.4855	136.0149	10	0.4805879	0.0562762	0.143332	0.0384515	0.037809	0.0221868	0.039573	0.0198889	0.0129094	0.0226199	0.00266724	0.0966837	0.0294136	0.0975067	0.673391	0.0407747	0.120452	0.028918	0.0235994	0.0355759	0.0298487	0.239054	0.805613	2.92548	5	1.542029
714000	-426.8078	-557.7172	130.9094	10	0.7241377	0.0105733	0.0990121	0.0289473	0.0691455	0.0380651	0.0295723	0.00804347	0.0125303	0.0234703	0.026628	0.0504437	0.000545428	0.10586	0.886494	0.161351	0.0734595	0.033031	0.0443757	0.00461887	0.0793497	0.3747	0.933495	2.61246	5	1.706167
715000	-414.6675	-552.6039	137.9364	10	0.2569642	0.0258168	0.0962954	0.038045	0.059658	0.00597779	0.00712969	0.0015192	0.00437219	0.0105289	0.0250789	0.0525016	0.106832	0.0307233	0.410494	0.0752879	0.000619565	0.0420171	0.0144726	0.061496	0.00245234	0.0717634	0.515944	3.40984	5	1.068866
716000	-405.995	-554.7279	148.733	10	0.2311821	0.0317153	0.120819	0.0165657	0.061847	0.0264369	0.00207101	0.00164611	0.00986149	0.00120211	0.0198539	0.0388943	0.0240329	0.12497	0.489511	0.035853	0.00191501	0.0431886	0.0833639	0.0108583	0.00134761	0.0534779	0.460087	3.48509	5	1.144605
717000	-433.9712	-564.739	130.7677	10	0.5517559	0.0532929	0.0935153	0.0418596	0.0354453	0.027061	0.0449852	0.0151859	0.0278961	0.000596067	0.0422508	0.0643155	0.129525	0.00337686	0.618964	0.0043176	0.0379516	0.118652	0.0197722	0.0916122	0.0433363	0.284367	0.854558	2.81774	5	1.470575
718000	-425.6178	-556.0772	130.4595	10	0.6750929	0.0173029	0.151745	0.0135502	0.0667741	0.0261615	0.0142837	0.0236848	0.00421891	0.017955	0.0421607	0.0258995	0.0175858	0.0541174	0.646077	0.0905187	0.1225	0.120961	0.082049	0.042833	0.068878	0.351537	0.915277	2.66431	5	1.58038
719000	-397.417	-551.6017	154.1847	10	0.211453	0.0191733	0.0613666	0.00724382	0.0517248	0.00353647	0.0011955	0.00742704	0.00484841	0.00599373	0.00703145	0.0473943	0.0679747	0.0182077	0.575214	0.0146124	0.0757418	0.0363928	0.0459527	0.0947957	0.000772058	0.040633	0.412883	3.54571	5	1.145827
720000	-426.9595	-563.0081	136.0486	10	0.3243657	0.0423246	0.081721	0.0429998	0.0501319	0.0218756	0.0176273	0.0071478	0.00199467	0.00912823	0.0224355	0.0687955	0.0258975	0.0169619	0.918564	0.104081	0.0067311	0.0763801	0.168595	0.0544898	0.0074786	0.123534	0.634541	3.23445	5	1.737882
721000	-430.1682	-554.4817	124.3135	10	0.418396	0.0462087	0.148695	0.0200941	0.0161749	0.00621087	0.000188954	0.0184781	0.00370343	0.00553727	0.013531	0.0280282	0.0253842	0.107606	0.630803	0.121177	0.0746994	0.0458494	0.0576346	0.0614837	0.0194553	0.195359	0.750444	3.03474	5	1.431488
722000	-425.5353	-557.0108	131.4755	10	0.3874891	0.0474993	0.0852973	0.00682679	0.0799271	0.00518423	0.0129864	0.0278681	0.0225689	0.00288874	0.0215168	0.0835468	0.0698298	0.0638892	0.831924	0.0776633	0.00806672	0.0768608	0.0042654	0.112889	0.0149517	0.17235	0.717379	3.09532	5	1.641499
723000	-403.2811	-554.0999	150.8188	10	0.358504	0.0575119	0.09855	0.035963	0.0346462	0.0275429	0.00272382	0.0063875	0.00229767	0.00671604	0.000307125	0.0393318	0.0141813	0.0192836	0.755232	0.0369717	0.0565561	0.0794895	0.0190886	0.0712533	0.0112111	0.150153	0.682169	3.15647	5	1.364034
724000	-411.9342	-558.2039	146.2698	10	0.2387892	0.0160548	0.0989634	0.0670848	0.108467	0.0165578	0.0201729	0.00276846	0.00501253	0.00306952	0.0051766	0.0518431	0.0100525	0.00886835	0.544966	0.0140011	0.0771406	0.00246185	0.0671917	0.0637053	0.0016298	0.0587218	0.47724	3.46241	5	1.183558
725000	-428.1463	-559.2891	131.1428	10	0.9323228	0.0652249	0.116581	0.0104546	0.0792746	0.0386456	0.0200792	0.00476176	0.0039204	0.00827738	0.0208421	0.0600232	0.014124	0.0500792	0.491082	0.0907863	0.158667	0.0251657	0.182517	0.0329548	0.12326	0.45542	0.987814	2.43351	5	1.473461
726000	-413.9615	-554.8612	140.8997	10	0.361436	0.00701391	0.065984	0.0342194	0.0635925	0.00268651	0.0176099	0.0047788	0.00732657	0.0154715	0.00731702	0.0182138	0.0403789	0.0211345	0.656104	0.0986239	0.059199	0.0947122	0.00498338	0.0749913	0.0115665	0.15242	0.685935	3.15008	5	1.294342
727000	-415.834	-557.757	141.923	10	0.526662	0.0193918	0.107694	0.0471209	0.0816167	0.00978628	0.00634151	0.0228546	0.0030943	0.024826	0.0198465	0.0746019	0.00750181	0.0482327	0.498143	0.0422113	0.00349701	0.104357	0.0675091	0.0123766	0.0384295	0.268965	0.838739	2.85387	5	1.201002
728000	-408.5394	-556.3037	147.7644	10	0.2318485	0.00689668	0.079383	0.0167334	0.066843	4.38247e-05	0.00222688	0.0181645	0.0179179	0.00610115	0.00148554	0.0268099	0.075706	0.000519885	0.520767	0.0191906	0.0322534	0.0510233	0.010275	0.0879654	0.00137092	0.0539315	0.461612	3.48309	5	1.040306
729000	-418.7998	-558.3893	139.5895	10	0.5277933	0.012386	0.0656297	0.0152208	0.028166	0.0617247	0.00501406	0.0194879	0.00261196	0.0219703	0.019127	0.0627068	0.0204214	0.0183931	0.902152	0.138685	0.0880294	0.0549762	0.1802	0.0401163	0.0386476	0.269673	0.839483	2.8522	5	1.757019
730000	-425.9692	-555.9364	129.9672	10	0.7247928	0.0619459	0.0584337	0.0269149	0.055256	0.00243301	0.0242238	0.00597909	0.00161156	0.00496475	0.0171416	0.10425	0.0441592	0.069899	0.900615	0.0739151	0.03978	0.121609	0.059277	0.00308432	0.0794899	0.374997	0.93372	2.61179	5	1.675492
731000	-420.8876	-561.5725	140.6849	10	0.2077801	0.0238083	0.0568205	0.00314612	0.042263	0.0199206	0.00100647	0.00409802	0.00484785	0.00898718	0.0048697	0.0728382	0.0278672	0.0291397	0.538872	0.0524951	0.0726238	0.0857457	0.017652	0.0540829	0.000687902	0.038381	0.403656	3.55727	5	1.121085
732000	-409.7946	-558.86	149.0655	10	0.7291099	0.0475772	0.084731	0.0559049	0.0912982	0.00951298	0.00580815	0.0452291	0.0157012	0.00319974	0.0132303	0.0861589	0.0316598	0.0360703	0.550341	0.115247	0.0178802	0.164178	0.081098	0.066615	0.0804138	0.376947	0.935196	2.60744	5	1.52144
733000	-413.5997	-558.1683	144.5686	10	0.5015629	0.0257603	0.0818323	0.07071	0.0533534	0.00945363	0.00435885	0.0267924	0.0166323	0.0115681	0.0186083	0.053421	0.0423191	0.0553407	0.462534	0.0910286	0.0535104	0.0409769	0.0433191	0.0132064	0.0336778	0.252935	0.821402	2.89198	5	1.174725
734000	-422.4581	-565.5906	143.1325	10	0.8527916	0.0387111	0.102692	0.024157	0.0774509	0.0169876	0.00872973	0.0166764	0.0124948	0.011133	0.0563664	0.0275078	0.0649404	0.0727718	0.523351	0.158904	0.127935	0.0751689	0.0371642	0.035771	0.106732	0.427551	0.970574	2.49514	5	1.488913
735000	-416.5374	-558.6345	142.097	10	0.6862778	0.01784	0.0631711	0.0305929	0.050663	0.0113271	0.00740116	0.0123057	0.0256493	0.0031149	0.00978666	0.0954896	0.0616575	0.0548888	0.459162	0.033656	0.0320678	0.0579383	0.0472131	0.0210484	0.0712599	0.356983	0.919675	2.65208	5	1.094973
736000	-423.5165	-555.8764	132.3599	10	0.2552326	0.00326421	0.0980922	0.0139338	0.0318611	0.0206592	0.00507747	5.92258e-05	0.00613446	0.00198602	0.0357269	0.0195309	0.0674298	0.143742	0.489638	0.0433213	0.0439248	0.0398035	0.0232166	0.0593537	0.00236465	0.070494	0.512391	3.41475	5	1.146755
737000	-421.5253	-557.5608	136.0355	10	0.4387143	0.0425098	0.109004	0.0335158	0.0536991	0.0108086	0.00316856	0.00630051	0.0160713	0.00588143	0.0202981	0.0795099	0.03452	0.11885	0.485446	0.105252	0.0747198	0.0391252	0.0693549	0.00146918	0.0226726	0.210039	0.769992	2.9973	5	1.309504
738000	-416.2946	-561.2426	144.948	10	0.4871347	0.0326165	0.102831	0.0232854	0.0641742	0.00429879	0.0214272	0.00690777	0.0108151	0.00508447	0.0420674	0.0591456	0.0398756	0.077497	0.608498	0.112492	0.0871397	0.0472448	0.0464934	0.0626857	0.0310287	0.243434	0.810677	2.91486	5	1.454579
739000	-434.1506	-563.4186	129.268	10	0.4103468	0.0489191	0.0722451	0.0155471	0.0231167	0.0188526	0.00914674	0.0654573	0.0211909	0.00779597	0.0410954	0.0237886	0.0347011	0.0847271	0.607032	0.0217728	0.14095	0.13909	0.0200232	0.0335021	0.018235	0.189442	0.742238	3.05008	5	1.428955
740000	-421.8899	-554.7026	132.8127	10	0.4289972	0.0532957	0.104498	0.0563757	0.0547646	0.0124726	0.00043547	0.0310569	0.00313689	0.0165377	0.0167242	0.0546899	0.117855	0.0519735	0.595303	0.0428488	0.0533528	0.100094	0.00762921	0.0730796	0.0211103	0.203066	0.760844	3.01498	5	1.446123
741000	-401.7608	-554.0271	152.2663	10	0.4682646	0.0300884	0.0929914	0.0322388	0.0225901	0.0113341	0.0115086	0.0064701	0.000954808	0.0142153	0.00252411	0.0636943	0.0226051	0.105064	0.557843	0.0266075	0.1306	0.044585	0.0504001	0.0327225	0.0276675	0.230694	0.795729	2.94591	5	1.259036
742000	-410.5452	-556.5154	145.9701	10	0.2913232	0.019463	0.0784522	0.0319253	0.0725592	0.0172011	0.0022174	0.00798921	0.027362	0.0149889	0.0136702	0.0614593	0.0132153	0.0809129	0.565221	0.010991	0.0697618	0.0750639	0.0317143	0.0393102	0.00461791	0.0977644	0.580939	3.31668	5	1.233478
743000	-423.996	-555.9476	131.9516	10	0.4659783	0.0237163	0.138809	0.0343038	0.08748	0.010041	0.0110188	0.0243953	0.017635	0.00999088	0.0476181	0.0510627	0.0518673	0.0895746	1.14817	0.0361234	0.033603	0.00590464	0.0859842	0.0769787	0.0272689	0.229126	0.793843	2.94976	5	1.984279
744000	-415.099	-553.2743	138.1753	10	1.006413	0.0763981	0.111909	0.0109008	0.0804729	0.010013	0.0270238	0.0232779	0.00227951	0.0134687	0.0235356	0.0597845	0.0718665	0.0369719	0.866712	0.0711182	0.102723	0.0890108	0.0243252	0.0573438	0.138232	0.478671	1.00105	2.38204	5	1.759135
745000	-420.0622	-563.8545	143.7923	10	0.6432896	0.0617833	0.116685	0.01768	0.0303579	0.000935154	0.00198919	0.0591771	0.0193728	0.0059018	0.00715494	0.119697	0.0765599	0.130587	0.726388	0.0314453	0.0654611	0.0326206	0.029331	0.0279399	0.0621419	0.335497	0.901893	2.70047	5	1.561067
746000	-431.3897	-560.8517	129.4619	10	0.8743287	0.0401837	0.18126	0.0382287	0.0552666	0.000606408	0.0192801	0.00576671	0.0126862	0.0045793	0.0149931	0.0858509	0.0652428	0.0115558	0.767295	0.0359497	0.0391321	0.143901	0.0862287	0.0759765	0.111249	0.435423	0.975599	2.47773	5	1.683983
747000	-414.3202	-554.8342	140.514	10	0.3699325	0.00678641	0.136337	0.0136941	0.0846738	0.00900946	0.000602301	0.00503755	0.0197242	0.0176096	0.00350897	0.0483077	0.117308	0.042496	0.536303	0.024054	0.197352	0.0370083	0.0510379	0.0492013	0.0126264	0.158965	0.69658	3.13183	5	1.400051
748000	-420.3778	-556.2541	135.8763	10	0.2108337	0.0397907	0.0861873	0.0426911	0.0350891	0.0145833	0.00156259	0.00497867	0.0165595	0.00884668	0.00637846	0.0404284	0.0515776	0.0344229	0.456237	0.0473332	0.0660481	0.0258143	0.0124118	0.0719989	0.000757394	0.0402499	0.411337	3.54766	5	1.062939
749000	-408.2025	-554.2346	146.0321	10	0.4038207	0.0304667	0.0966148	0.0182425	0.0576007	0.00025088	0.00487645	0.00625485	0.0245694	0.00602084	0.00412401	0.0590194	0.104083	0.0539513	0.774287	0.0164141	0.0139867	0.0530361	0.0326158	0.087146	0.0172694	0.184604	0.735382	3.06274	5	1.44356
750000	-415.0278	-557.527	142.4992	10	0.5957072	0.0293571	0.0704895	0.00530417	0.0694411	0.0242819	0.00867589	0.0345836	0.00044866	0.0179098	0.00250183	0.0447849	0.132282	0.0447177	0.366698	0.0287459	0.132725	0.0357059	0.0708831	0.0473645	0.0522239	0.309878	0.879113	2.75879	5	1.166901
751000	-431.4002	-572.4054	141.0052	10	0.7870086	0.0118069	0.166351	0.0312061	0.0494513	0.0136027	0.144479	0.00393727	0.00889199	0.0226704	0.0556007	0.0636699	0.0724835	0.0341503	0.838316	0.114977	0.0915989	0.112507	0.00188532	0.0461853	0.0927914	0.401851	0.953289	2.55207	5	1.88377
752000	-426.8889	-559.1477	132.2588	10	0.5012013	0.0538982	0.154083	0.0794268	0.0618687	0.018708	0.0296346	0.00654615	0.00630326	0.0264609	0.00284715	0.105382	0.11305	0.0371166	0.568059	0.00977318	0.106964	0.0423125	0.0868081	0.110725	0.0336106	0.252699	0.821141	2.89255	5	1.619967
753000	-406.1625	-558.0695	151.907	10	0.1662554	0.0312075	0.0597056	0.0104531	0.0801124	0.00658652	0.0170989	0.000214439	0.00828462	0.000334518	0.0114905	0.0333909	0.0480844	0.0862074	0.399084	0.0695424	0.00951857	0.0132481	0.0252384	0.103679	0.000130712	0.0168497	0.290138	3.69288	5	1.013481
754000	-410.0698	-553.278	143.2083	10	0.1675723	0.0412563	0.0653439	0.0404028	0.0492757	0.00134917	0.0124174	0.00561538	0.000772867	0.00848582	0.0140341	0.0278051	0.0397977	0.01667	0.733532	0.000655664	0.0812735	0.12488	0.0312709	0.0478906	0.000139537	0.0174057	0.293975	3.68848	5	1.342728
755000	-427.8534	-565.4796	137.6263	10	0.2969525	0.0356519	0.212986	0.0170756	0.0473158	0.0107816	0.0220924	0.0449379	0.0053534	0.00289099	0.0439011	0.00441386	0.0166532	0.0248345	0.793443	0.0182978	0.0255955	0.0245726	0.144547	0.0853672	0.00505136	0.102126	0.590649	3.30217	5	1.580712
756000	-435.2581	-559.9166	124.6585	10	0.851856	0.105077	0.139197	0.0641536	0.0479817	0.0393765	0.00469445	0.0443928	0.00444206	0.0179973	0.000687787	0.0885142	0.0564375	0.0687909	0.936296	0.0301921	0.0365887	0.111698	0.177959	0.0965853	0.106536	0.427203	0.970349	2.49591	5	2.071062
757000	-413.3102	-552.1352	138.8249	10	0.4141905	0.0339299	0.101303	0.0284264	0.062302	0.0134922	0.00190112	0.00198165	0.0071504	0.0185805	0.0215695	0.147593	0.101308	0.0415219	0.97548	0.0205322	0.114967	0.0297519	0.0328017	0.0867139	0.0188137	0.192275	0.746191	3.04272	5	1.841306
758000	-430.6088	-555.2496	124.6408	10	0.2728108	0.0402716	0.132179	0.0103887	0.0497091	0.0350435	0.00503093	0.00825879	0.0129725	0.0195076	0.0444148	0.0213274	0.0102827	0.0334938	0.760729	0.0802623	0.0991048	0.046733	0.0593636	0.0486677	0.00334938	0.0835894	0.547188	3.36587	5	1.517741
759000	-428.5261	-558.2156	129.6895	10	0.4958648	0.0371853	0.10864	0.000603867	0.0312539	0.0553947	0.000405275	0.00630258	0.0016826	0.0161351	0.025772	0.0444947	0.146648	0.115503	0.763208	0.135736	0.0498416	0.0926855	0.094442	0.166264	0.0326239	0.249208	0.817236	2.90093	5	1.892198
760000	-409.8011	-556.426	146.6249	10	0.340397	0.0232309	0.0764418	0.00517373	0.0543013	0.00335025	0.00282164	0.000644967	0.00368365	0.0119715	0.0285209	0.0425525	0.0724282	0.0714683	0.387581	0.0305516	0.0236921	0.0498036	0.0671974	0.00896485	0.0091363	0.136072	0.657807	3.19698	5	0.9643804
761000	-427.3169	-560.961	133.644	10	0.3141698	0.0148696	0.030857	0.0348039	0.0635826	0.0234922	0.00560467	0.00120297	0.000643305	0.00632122	0.0104974	0.050611	0.0766976	0.0905849	0.675335	0.0452912	0.00621968	0.0148834	0.126087	0.0765618	0.00651494	0.115554	0.618849	3.25908	5	1.354147
762000	-420.4508	-553.5551	133.1043	10	0.570721	0.0127279	0.143431	0.0205806	0.0559732	0.0114203	0.000251339	0.0191437	0.0124026	0.00807859	0.0109867	0.0993266	0.0695114	0.0891765	0.568902	0.0379069	0.0870764	0.0271306	0.0938986	0.0471463	0.047131	0.2956	0.865613	2.79166	5	1.415071
763000	-431.0373	-558.0196	126.9822	10	0.5360678	0.0215008	0.11016	0.0460767	0.0804891	0.0110845	0.0140648	0.00959941	0.0187261	0.0114739	0.0625691	0.00725415	0.168127	0.00171952	0.613448	0.104916	0.0542483	0.062134	0.0556231	0.115314	0.040252	0.274811	0.844836	2.8401	5	1.568529
764000	-420.6356	-561.0576	140.4219	10	0.5523394	0.0232338	0.095934	0.0343643	0.0397687	0.0198	0.00163724	0.0246504	0.0100584	0.00651932	0.0375396	0.0414148	0.136	0.0320083	0.574779	0.00356213	0.0566737	0.0789256	0.074956	0.0228444	0.043452	0.284718	0.85491	2.81692	5	1.31467
765000	-425.293	-558.6125	133.3196	10	0.6767804	0.0571152	0.140184	0.0324356	0.0532862	0.0293414	0.0142327	0.044253	0.0154535	0.00334721	0.00708738	0.04203	0.227918	0.158437	0.511203	0.033893	0.0577788	0.0868776	0.0498241	0.0158276	0.0692371	0.352365	0.91595	2.66245	5	1.580525
766000	-414.6962	-553.3177	138.6215	10	0.3597561	0.0163274	0.109065	0.0455836	0.082138	0.00936313	0.0117594	0.0255593	0.00125946	0.00510791	0.0261342	0.0434532	0.0369964	0.0410397	0.70552	0.108657	0.149909	0.0239974	0.0405118	0.0770269	0.0113622	0.151122	0.683784	3.15373	5	1.55941
767000	-427.805	-563.0237	135.2187	10	0.4717299	0.0477809	0.166249	0.01707	0.0285148	0.0396888	0.0200494	0.0429146	0.00519008	0.0166051	0.025332	0.0398432	0.116385	0.115681	0.530365	0.19052	0.10959	0.024068	0.0477086	0.123124	0.0282754	0.23306	0.798556	2.94011	5	1.70668
768000	-414.4208	-551.8927	137.4719	10	0.2085696	0.0357835	0.0746921	0.0293189	0.0438641	0.0145011	0.00991955	0.00080049	0.00326662	0.0051948	0.019218	0.0219966	0.133485	0.108834	0.792039	0.00635543	0.0295848	0.0292031	0.0779992	0.0704415	0.000705424	0.038861	0.405651	3.55478	5	1.506497
769000	-413.374	-554.3234	140.9494	10	0.3199905	0.0216833	0.0724349	0.0177329	0.0512372	0.00689091	0.0025772	0.0196066	0.00434403	0.00601312	0.0135848	0.0432458	0.0869016	0.0165506	0.442497	0.0689158	0.0592798	0.0638107	0.0103453	0.0168912	0.00705633	0.120109	0.627896	3.24494	5	1.024543
770000	-411.6442	-550.9112	139.2669	10	0.5166786	0.0558498	0.0919946	0.0564173	0.0764854	0.00148412	0.00137934	0.000679487	0.00157438	0.01062	0.0379015	0.014325	0.0455769	0.00202179	0.602783	0.0986084	0.0841535	0.00464471	0.101376	0.120796	0.0365191	0.262665	0.832035	2.86878	5	1.408671
771000	-431.5457	-562.0917	130.546	10	0.8257916	0.0176063	0.148451	0.00844981	0.040795	0.00377352	0.00448482	0.0375231	0.0327737	0.00318109	0.0169393	0.0393338	0.00966174	0.0604271	0.497743	0.0852982	0.102338	0.079167	0.0396928	0.114223	0.101034	0.417314	0.963853	2.5178	5	1.341862
772000	-410.4585	-552.4625	142.0039	10	0.1904645	0.018011	0.0947633	0.0051372	0.0336221	0.0218737	0.00761531	0.0102775	0.00276087	0.0141939	0.00364349	0.0575203	0.0487994	0.020205	0.518443	0.0792577	0.0207729	0.0544418	0.0132503	0.0686146	0.000375933	0.0284619	0.358316	3.61285	5	1.093203
773000	-407.6819	-558.9287	151.2467	10	0.2537331	0.0501008	0.078507	0.0518727	0.0377247	0.0218459	0.0205838	0.0237291	0.0169179	0.00286624	0.00156375	0.0302545	0.00363286	0.015053	0.75633	0.163241	0.0756901	0.133605	0.0328465	0.0184597	0.00229033	0.0693989	0.509292	3.41902	5	1.534825
774000	-412.7006	-559.3579	146.6573	10	0.3286784	0.0303533	0.0501426	0.0287164	0.0816415	0.00106237	0.0062453	0.00361003	0.000216207	0.0110151	0.0308527	0.039579	0.0819671	0.0251671	0.585885	0.0927509	0.0561433	0.17625	0.0803756	0.0128779	0.00790758	0.12691	0.640965	3.22422	5	1.394851
775000	-410.9124	-561.8113	150.899	10	0.6196729	0.0254116	0.0852918	0.0217296	0.093944	0.00635517	0.0108653	0.0135395	0.00829429	0.00366045	0.0226866	0.0268626	0.0511503	0.0285332	0.5759	0.0897181	0.0436114	0.0533299	0.0876986	0.026239	0.0571893	0.323032	0.891033	2.72875	5	1.274821
776000	-422.9223	-561.045	138.1227	10	0.5583662	0.0587497	0.151018	0.0279416	0.113867	0.0318798	0.011798	0.00268403	0.0201458	0.0104155	0.0481666	0.0616977	0.134556	0.0635612	0.729454	0.000108236	0.0507497	0.051958	0.0542004	0.00160749	0.0446512	0.288322	0.858495	2.80853	5	1.624558
777000	-428.647	-555.9625	127.3155	10	0.8672399	0.0189013	0.0964976	0.0194308	0.0360139	0.00678069	0.0233348	0.0125605	0.0119082	0.00211712	0.00530244	0.093212	0.0185415	0.0927806	1.10545	0.0727175	0.041913	0.0258969	0.0394643	0.125306	0.109766	0.43286	0.973976	2.4834	5	1.848125
778000	-428.7001	-564.2795	135.5794	10	0.2165976	0.0477606	0.0719456	0.00961306	0.0524496	0.0205506	0.0336168	0.0219605	0.0172515	0.00401459	0.0241883	0.011634	0.0998804	0.0318453	0.519512	0.00833657	0.102094	0.033034	0.0118537	0.0710578	0.000901551	0.0438656	0.425574	3.52966	5	1.192599
779000	-407.8009	-555.0152	147.2143	10	0.3901864	0.012872	0.0647114	0.0131972	0.0312276	0.0270163	0.0046587	0.00335525	0.00351324	0.0022496	0.00675411	0.0271409	0.0361716	0.0258175	0.445857	0.0751208	0.0158454	0.0344178	0.0676996	0.0274196	0.0153245	0.174388	0.720439	3.08985	5	0.9250453
780000	-419.8159	-556.2841	136.4682	10	0.3466587	0.0415868	0.0936409	0.00515533	0.0512484	0.0104081	0.0200407	0.00410637	0.0056021	0.0105427	0.000119972	0.0830933	0.0327501	0.0772973	0.535665	0.0465145	0.158605	0.0688057	0.0973708	0.0562068	0.00982998	0.140955	0.666453	3.18276	5	1.39876
781000	-410.4568	-561.0687	150.6119	10	0.5273186	0.0589467	0.0361069	0.0234346	0.0645126	0.0473031	0.010449	0.0148552	0.0142627	0.0193508	0.0849416	0.00816502	0.0109105	0.0860589	0.625354	0.0278188	0.14411	0.0809695	0.015359	0.0229337	0.038556	0.269376	0.839171	2.8529	5	1.395842
782000	-416.5211	-551.2575	134.7364	10	0.1979174	0.0197407	0.053074	0.0372069	0.030921	0.0018327	0.00966992	0.0138885	0.00342575	0.00588461	0.0115044	0.050682	0.0389217	0.0442169	0.586234	0.0201656	0.0600188	0.00272888	0.0557388	0.0622224	0.000493972	0.0325827	0.378201	3.58872	5	1.108077
783000	-414.4822	-558.0329	143.5507	10	0.2858713	0.070183	0.0739032	0.0294602	0.0464079	0.0174746	0.00794269	0.0124831	0.000582053	0.00797999	0.00312908	0.0477721	0.10792	0.10128	0.678031	0.0136294	0.0670362	0.024189	0.00589254	0.0616361	0.00421936	0.0935593	0.571294	3.33093	5	1.376932
784000	-415.603	-553.1236	137.5206	10	0.3372542	0.0104419	0.0608885	0.0328383	0.0273759	0.00334938	0.00289555	0.0146136	0.00320155	0.0113395	0.0210015	0.0185971	0.103867	0.0238686	0.715308	0.0284601	0.0709017	0.0168174	0.118676	0.100098	0.00879781	0.133618	0.653376	3.20421	5	1.384539
785000	-415.6888	-559.3735	143.6847	10	0.5395011	0.0346074	0.0856486	0.04572	0.0485252	0.0552313	0.00600714	0.017873	0.0185768	0.00186681	0.00865275	0.0514262	0.172425	0.0123538	0.650479	0.0489549	0.0851669	0.0718502	0.0116316	0.0420348	0.0409223	0.276923	0.847011	2.83514	5	1.469031
786000	-419.3751	-559.1602	139.7851	10	0.4743466	0.0326243	0.0934942	0.0206462	0.0616602	0.0118723	0.00179112	0.0262619	0.0455671	0.00492097	0.0124156	0.0483781	0.0448689	0.0684517	0.924359	0.00113229	0.0382146	0.0483433	0.0398683	0.146898	0.0287373	0.234839	0.800666	2.93576	5	1.671767
787000	-438.3428	-556.3516	118.0087	10	0.4811709	0.0651983	0.118192	0.0390136	0.0611224	0.012653	0.0653565	0.0348414	0.000461549	0.0112985	0.0529187	0.0575129	0.120271	0.115749	1.18885	0.0768824	0.0435915	0.0157735	0.0709029	0.05937	0.0299532	0.239446	0.806069	2.92453	5	2.209962
788000	-419.5845	-553.5654	133.9809	10	0.2668653	0.0280628	0.135128	0.0233631	0.0478125	0.000707079	0.00548712	0.0340521	0.018049	6.84516e-05	0.00275077	0.0563128	0.0021491	0.0265481	0.644423	0.0363818	0.0902946	0.0164104	0.037838	0.0441896	0.00299266	0.079112	0.535729	3.38217	5	1.250028
789000	-419.1862	-560.7558	141.5695	10	0.4114209	0.00846676	0.106531	0.00328412	0.0394805	0.00507216	0.0134055	0.00555961	0.00635988	0.0139079	0.00687705	0.0385542	0.0186837	0.0817485	0.556655	0.10067	0.0521179	0.05129	0.0261034	0.0411587	0.018396	0.190235	0.743349	3.04802	5	1.175926
790000	-428.0322	-560.8792	132.847	10	0.4992759	0.0948413	0.0695504	0.0115022	0.0624266	0.0303681	0.00117322	0.0188442	0.00581535	0.0131717	0.0389981	0.0343191	0.0325342	0.097937	0.534145	0.0996914	0.0159709	0.0604386	0.055828	0.0315679	0.0332536	0.251443	0.819741	2.89556	5	1.309124
791000	-421.044	-556.645	135.601	10	0.3564363	0.0104138	0.127737	0.0425807	0.0369615	0.0159678	0.00951501	0.00802132	0.0205908	0.00317736	0.000842959	0.0555512	0.127399	0.0578132	0.696891	0.0368853	0.00113922	0.0409571	0.163437	0.0445297	0.0109636	0.148552	0.679485	3.161	5	1.500412
792000	-421.0453	-558.8633	137.818	10	0.51768	0.0277858	0.0764831	0.0174595	0.0321594	0.0463065	0.00338106	0.00570592	0.010802	0.0209795	0.00324958	0.0526857	0.0514115	0.0308812	0.354495	0.116559	0.025423	0.0228508	0.116176	0.0241797	0.0367096	0.263301	0.832718	2.86727	5	1.038974
793000	-408.8585	-552.8446	143.9861	10	0.3100261	0.0766801	0.101982	0.0231119	0.104315	0.00409305	0.000293413	0.00164967	0.00305838	0.00048677	0.0108391	0.0542403	0.0396634	0.0363038	0.748974	0.114957	0.028871	0.0343882	0.0763893	0.126765	0.0061438	0.112314	0.612262	3.26928	5	1.587061
794000	-411.4657	-553.4803	142.0147	10	0.2924649	0.0216924	0.0920263	0.0393446	0.0693839	0.0148148	0.000309023	0.00123807	0.0181105	0.00821964	0.0154774	0.0195093	0.105526	0.0259181	0.599427	0.103704	0.0195356	0.0217803	0.0739305	0.0239748	0.00470402	0.0986475	0.582929	3.31372	5	1.273923
795000	-436.8822	-557.7067	120.8244	10	0.5041457	0.0043131	0.151369	0.0311707	0.0684595	0.0505239	0.0628991	0.0421043	0.00559751	0.0185376	0.0381091	0.0585599	0.00439974	0.079404	0.834683	0.118812	0.0476441	0.0648923	0.0804313	0.105203	0.0341587	0.254614	0.823262	2.88797	5	1.867115
796000	-416.1917	-555.1248	138.9331	10	0.2721521	0.0153855	0.0518879	0.0218942	0.0173778	0.0354024	0.00690778	0.00583049	0.00203936	0.0134836	0.00809741	0.0373221	0.0351527	0.0403911	0.432772	0.0634702	0.0785744	0.0577537	0.00976209	0.0193898	0.00330865	0.0830912	0.545934	3.36767	5	0.9528949
797000	-411.1333	-555.7158	144.5825	10	0.568254	0.0224089	0.127674	0.0238929	0.0615356	0.0529246	0.00474551	0.011722	0.00671	0.0150655	0.0309371	0.0364024	0.0546636	0.150368	0.600966	0.0578087	0.0429358	0.0287926	0.126461	0.07982	0.0466337	0.294158	0.864217	2.79499	5	1.535835
798000	-439.9609	-557.8905	117.9296	10	0.9711514	0.021106	0.146717	0.0299263	0.06191	0.0301738	0.0213984	0.0138246	0.0140444	0.00634269	0.00997204	0.0644793	0.0183244	0.112576	0.736771	0.0212536	0.0778738	0.194089	0.0820558	0.0901974	0.131162	0.467906	0.99505	2.40588	5	1.753036
799000	-421.8761	-563.2184	141.3423	10	0.4616575	0.0347982	0.236784	0.0145286	0.121823	0.0344679	0.0119207	0.00730445	0.00415471	0.0239279	0.00097404	0.0302396	0.0825802	0.0379063	0.634206	0.0994859	0.0592131	0.0610081	0.0126154	0.05018	0.0265208	0.226149	0.790232	2.9571	5	1.558118
800000	-408.0053	-556.3411	148.3357	10	0.3598722	0.00807639	0.113982	0.0239759	0.0312011	0.0104199	0.00582546	0.0320065	0.0145385	0.00439495	0.0157408	0.0365365	0.0747196	0.0309348	0.573742	0.0297611	0.0413889	0.0664087	0.0708563	0.0753514	0.0113763	0.151211	0.683933	3.15348	5	1.259861
801000	-414.5967	-554.823	140.2263	10	0.2913089	0.0194407	0.105699	0.0271185	0.0170762	0.0118149	0.000223719	0.0291468	0.00513159	0.00689597	0.0205017	0.0143039	0.0376565	0.022372	0.493075	0.0171205	0.0127991	0.0349369	0.0610077	0.101245	0.00461683	0.0977533	0.580914	3.31672	5	1.037565
802000	-421.8627	-553.2121	131.3494	10	0.5293975	0.0410501	0.21014	0.0152031	0.0521708	0.0229708	0.00646377	0.0348754	0.0117856	0.00339114	0.0488062	0.0745219	0.111066	0.0479728	0.784296	0.0298457	0.16741	0.0610222	0.0107029	0.123248	0.0389574	0.270675	0.840534	2.84983	5	1.856943
803000	-421.8101	-556.1459	134.3358	10	0.551682	0.0372502	0.0995622	0.0476767	0.0426224	0.0247444	0.0150002	0.00879642	0.00936772	0.00480001	0.0222152	0.0658867	0.018889	0.0422216	0.772068	0.0374302	0.105936	0.0391141	0.00780854	0.193285	0.0433216	0.284323	0.854514	2.81784	5	1.594674
804000	-418.1317	-557.2057	139.074	10	0.4235588	0.0179695	0.0862413	0.0409473	0.058312	0.0276711	0.00240405	0.0144158	0.0159187	0.00330261	0.0140464	0.0276327	0.0431487	0.0550735	0.490947	0.0371409	0.0569396	0.0487125	0.0177977	0.110293	0.0202547	0.199125	0.755565	3.02506	5	1.168915
805000	-417.0383	-553.6289	136.5906	10	0.3576863	0.0137183	0.119209	0.0279339	0.0659814	0.00866222	0.00920611	0.0122989	0.00643565	0.00258128	0.0345625	0.0466248	0.0541868	0.0881776	0.739248	0.0607909	0.072183	0.0630393	0.0126645	0.000671931	0.0111129	0.14952	0.681111	3.15826	5	1.438176
806000	-417.0049	-555.5161	138.5113	10	0.3823753	0.0106637	0.1157	0.0233258	0.0410318	0.0177951	0.0201762	0.00197393	0.00528891	0.00628525	0.0186756	0.0101853	0.0549057	0.095051	0.39316	0.031779	0.040594	0.164721	0.0300405	0.0233354	0.014256	0.168472	0.711482	3.10579	5	1.104688
807000	-413.5376	-559.4838	145.9462	10	0.253731	0.0559986	0.121567	0.0115531	0.0308957	0.00599882	0.00876356	0.00961545	0.00462554	0.00323669	0.00522745	0.0326132	0.0185021	0.129101	0.465524	0.0438455	0.0346757	0.0330737	0.0371141	0.0300368	0.00229022	0.0693973	0.509288	3.41902	5	1.081967
808000	-407.3968	-557.9113	150.5146	10	0.2678523	0.0156057	0.129384	0.0130046	0.0793382	0.049574	0.0261188	0.0173391	0.0082507	0.0150332	0.00965741	0.0414146	0.0273662	0.027795	0.515977	0.0157313	0.055832	0.00844673	0.0880523	0.0989502	0.00305019	0.0798522	0.537653	3.37944	5	1.242871
809000	-418.7069	-562.033	143.3261	10	0.393072	0.0211399	0.0663208	0.0225927	0.0554943	0.00903587	0.0391767	0.0168273	0.0170429	0.00148474	0.0588261	0.0252568	0.0126665	0.00735056	0.489018	0.0703909	0.0995077	0.0594313	0.0814773	0.0801619	0.0157277	0.176562	0.723674	3.08404	5	1.233202
810000	-419.6291	-556.2343	136.6053	10	0.3502553	0.0172998	0.0509302	0.0163638	0.0400349	0.00826642	0.0128089	0.0195464	0.0100476	0.0003792	0.00442382	0.0666987	0.0375463	0.0724449	0.598066	0.0869606	0.0202437	0.00930922	0.0723516	0.00407625	0.0102399	0.143754	0.671312	3.17469	5	1.147798
811000	-412.3173	-557.189	144.8717	10	0.3098618	0.0174262	0.11535	0.00927216	0.0377212	0.0523461	0.00846878	0.0483578	0.00934491	0.00184842	0.0293642	0.0452883	0.0131972	0.0739164	0.593931	0.0546555	0.0293963	0.037293	0.107668	0.0267899	0.00612933	0.112186	0.611999	3.26969	5	1.311635
812000	-405.4569	-550.6942	145.2373	10	0.2226381	0.0215996	0.0925107	0.0122939	0.0222513	0.00939116	0.00898132	0.00357507	0.00738232	0.00596344	0.0219752	0.0247129	0.0639597	0.0708722	0.340425	0.0232219	0.0233973	0.0278425	0.00748426	0.0625308	0.00107171	0.0477707	0.44013	3.51103	5	0.8503705
813000	-420.6466	-558.0474	137.4007	10	0.374798	0.0223819	0.160551	0.0317275	0.0452256	0.0214107	0.00775673	0.027599	0.00871981	0.00937478	0.00831607	0.0603505	0.14529	0.0465005	0.571431	0.0803321	0.0676138	0.0426243	0.0350399	0.116938	0.0132528	0.162694	0.702502	3.12155	5	1.509184
814000	-426.4404	-560.9877	134.5473	10	0.3645863	0.0702562	0.0640141	0.0140486	0.0440967	0.0105512	0.0131129	0.0176371	0.0205822	0.000509715	0.052422	0.000539605	0.0881335	0.0295628	1.13188	0.0321255	0.0137039	0.0349667	0.0123664	0.116018	0.0119544	0.154851	0.689928	3.14327	5	1.766524
815000	-418.3193	-560.4478	142.1285	10	0.7108821	0.0214761	0.0863482	0.0378918	0.102239	0.0456606	0.0108794	0.000308698	0.0209029	0.00380204	0.0455397	0.0495349	0.0562683	0.076855	0.515202	0.0827182	0.0515392	0.134131	0.0315866	0.0392671	0.0765141	0.36862	0.928835	2.62603	5	1.41215
816000	-412.7413	-554.5646	141.8233	10	0.2165702	0.0202302	0.119628	0.0204567	0.0359228	0.00765861	0.00625944	0.00617717	0.000994062	0.000851812	0.0195145	0.0709577	0.0138946	0.0224418	0.570097	0.000550336	0.121169	0.0329938	0.10111	0.0294399	0.000900826	0.0438482	0.425507	3.52974	5	1.200348
817000	-420.4386	-558.466	138.0274	10	0.3398427	0.0123163	0.102817	0.0289111	0.0531772	0.0150451	0.00037025	0.0109721	0.00782442	0.0132211	0.0131812	0.072461	0.0282454	0.0673225	0.647885	0.155595	0.115339	0.100909	0.0204747	0.0129759	0.00907612	0.13564	0.65703	3.19825	5	1.479044
818000	-406.991	-552.4421	145.451	10	0.4229175	0.0049177	0.0855106	0.0429501	0.0348242	0.00386846	0.00524217	0.00474999	0.00600675	0.00234751	0.0225183	0.0607416	0.0745706	0.0159906	0.422922	0.0663939	0.0229238	0.0812897	0.112227	0.0325274	0.0201547	0.198658	0.754935	3.02625	5	1.102523
819000	-410.2168	-554.5126	144.2958	10	0.3987069	0.0186089	0.125001	0.0425958	0.0409013	0.0136976	0.0139033	0.0115354	0.00610098	0.0149647	0.00625707	0.0585103	0.0745968	0.0434583	0.649239	0.0147118	0.00481675	0.0385542	0.0403784	0.0361468	0.0165283	0.180789	0.729878	3.0728	5	1.253978
820000	-408.3566	-557.4034	149.0468	10	0.2662472	0.00532157	0.0958329	0.0162646	0.0699098	0.0159273	0.00348149	0.0154202	0.00155194	0.0265842	0.0232283	0.0411688	0.0671604	0.0591226	0.652847	0.0233283	0.057594	0.0792231	0.0461742	0.0402209	0.00295698	0.0786491	0.53452	3.38387	5	1.340361
821000	-411.9729	-555.3338	143.3609	10	0.265551	0.0196423	0.0901929	0.00553006	0.0347622	0.00636273	0.010589	0.0186511	0.00894626	0.00468883	0.00178139	0.0258177	0.0209814	0.077417	0.522963	0.0963034	0.0154702	0.0765023	0.0174458	0.0242811	0.00291709	0.0781283	0.533154	3.3858	5	1.078329
822000	-414.5733	-552.6573	138.0841	10	0.5419021	0.0351093	0.118101	0.0162411	0.0929199	0.0100082	0.0023497	0.0126119	0.00632318	0.0362153	0.0178213	0.0580757	0.0411592	0.0321475	0.661465	0.11353	0.106366	0.020453	0.0771871	0.0698825	0.0413927	0.278393	0.848516	2.8317	5	1.527967
823000	-409.304	-548.01	138.7061	10	0.2352305	0.011914	0.0608205	0.0301392	0.0418661	0.00229493	0.00584411	0.00459589	0.00504944	0.00490733	0.00182342	0.035214	0.0470234	0.0362167	0.372894	0.0651955	0.0175247	0.0100928	0.0778298	0.0441103	0.00149339	0.0562509	0.469287	3.47297	5	0.8753563
824000	-429.964	-559.5716	129.6076	10	0.4377137	0.0506941	0.186766	0.0930017	0.0797401	0.0107534	0.0292393	0.00203389	0.0259776	0.000883781	0.0194584	0.0988445	0.056159	0.00694803	1.04773	0.107775	0.029912	0.131352	0.0788208	0.235318	0.0225098	0.209325	0.769067	2.9991	5	2.29141
825000	-421.5031	-557.5185	136.0155	10	0.3407414	0.0165972	0.125159	0.0262237	0.0384721	0.0517788	0.0251349	0.00802437	0.00585813	0.00451731	0.0239643	0.0173066	0.0848005	0.0348036	0.57139	0.0540466	0.0573563	0.0493069	0.0873054	0.0536788	0.00917378	0.136341	0.658289	3.1962	5	1.335725
826000	-425.4223	-559.311	133.8887	10	0.347432	0.0355235	0.0580131	0.0139898	0.079613	0.0287887	0.0037662	0.00854465	0.00524364	0.00904259	0.071289	0.0336238	0.0329076	0.108832	0.79097	0.0115727	0.0664357	0.0184423	0.0668729	0.0777783	0.00991741	0.141557	0.667504	3.18102	5	1.52125
827000	-431.1911	-561.1595	129.9684	10	0.3645508	0.0385475	0.0780912	0.0551763	0.0699291	0.00398348	0.00345261	0.0324699	0.0131071	0.00976285	0.0709986	0.0301865	0.0929057	0.0144487	0.55844	0.0303838	0.127826	0.182518	0.0349609	0.125516	0.01195	0.154824	0.689884	3.14334	5	1.572703
828000	-418.2493	-560.1318	141.8825	10	0.6767491	0.0353837	0.0633563	0.0624004	0.0329275	0.0110813	0.00820732	0.0247626	0.00376996	0.0223607	0.0211927	0.0339211	0.0847578	0.0140524	0.378716	0.0896224	0.0133605	0.0606583	0.0517754	0.0482481	0.0692304	0.35235	0.915938	2.66248	5	1.060555
829000	-424.9489	-554.0424	129.0935	10	0.1534829	0.0222441	0.0450415	0.0424903	0.0114753	0.0142387	0.00281139	0.00296928	0.00329633	0.00924216	0.0135687	0.0290005	0.0245986	0.0421851	0.456789	0.0244629	0.0583402	0.0184931	0.00207749	0.0435067	6.54297e-05	0.0119437	0.252305	3.73569	5	0.8668312
830000	-422.0122	-556.9786	134.9664	10	0.4349857	0.079143	0.122054	0.0531343	0.0251128	0.0103936	0.00534997	0.0491707	0.00633264	0.00236438	0.00552093	0.0778694	0.120691	0.051155	0.55421	0.137782	0.0818734	0.00203971	0.0318603	0.0357796	0.0220682	0.207374	0.766524	3.00403	5	1.451836
831000	-417.0694	-557.8731	140.8037	10	0.4220964	0.036992	0.0969833	0.0379621	0.0984717	0.0016566	0.00511735	0.0280425	0.0126531	0.0022864	0.0262163	0.0266334	0.0677554	0.05634	0.559031	0.0389601	0.159136	0.0334402	0.0136795	0.0329687	0.020027	0.198061	0.754125	3.02779	5	1.334325
832000	-422.9874	-558.3611	135.3737	10	0.5898042	0.0512596	0.0300076	0.0152774	0.028553	0.0126661	0.000637368	0.0198748	0.00103603	0.0330098	0.0134389	0.0268244	0.0812803	0.111579	0.708626	0.0440737	0.0235608	0.000626458	0.0390616	0.0893869	0.0510122	0.306557	0.876027	2.7664	5	1.33078
833000	-416.2792	-560.38	144.1008	10	0.3474583	0.0765071	0.113411	0.00672982	0.0123778	0.0274943	0.00390962	0.0177313	0.00975606	0.00300469	0.000320964	0.0566872	0.121711	0.157909	0.684565	0.0874175	0.0634767	0.00941889	0.039292	0.0679336	0.00992039	0.141578	0.66754	3.18096	5	1.559654
834000	-414.9271	-556.906	141.979	10	0.3190822	0.0170238	0.0751087	0.015492	0.0313056	0.0142157	0.0209292	0.026611	0.00491854	0.0102493	0.00478645	0.0492735	0.0252974	0.0122836	0.40353	0.0400229	0.00927179	0.0759501	0.066207	0.0363832	0.00697032	0.119398	0.6265	3.24713	5	0.9388601
835000	-428.2791	-559.3685	131.0894	10	0.2592247	0.0147676	0.0605473	0.00856776	0.0282789	0.021898	0.00633352	0.000831238	0.0119993	0.0102208	0.00386074	0.0954001	0.0974845	0.0161773	0.671311	0.0759848	0.0557073	0.115591	0.0570243	0.0554677	0.00256984	0.073428	0.520539	3.40346	5	1.407454
836000	-413.9063	-552.7477	138.8414	10	0.4124737	0.0102649	0.0757214	0.0188232	0.0233689	0.00756698	0.00654896	0.00210355	0.00160549	0.0168834	0.0106143	0.0519975	0.0372714	0.0856156	0.528527	0.133314	0.0728037	0.0611809	0.0133023	0.0712055	0.0185543	0.191011	0.744433	3.046	5	1.228718
837000	-431.2737	-562.3821	131.1084	10	0.5979894	0.013189	0.169352	0.0696364	0.06734	0.0962659	0.0354077	0.0112875	0.000992018	0.00177001	0.0272626	0.0252881	0.125038	0.194698	0.593336	0.198649	0.0151103	0.00279806	0.0798131	0.0107516	0.0526936	0.311153	0.88029	2.75586	5	1.737985
838000	-421.1357	-555.1198	133.9842	10	0.2779273	0.0471096	0.0565245	0.01937	0.0335228	0.0074303	0.00562502	0.00631258	0.0184578	0.00255001	0.00546701	0.0218892	0.0371019	0.0642668	0.29949	0.0318486	0.0109097	0.0845317	0.0193292	0.0224747	0.00367599	0.0874753	0.556804	3.35205	5	0.7942116
839000	-420.9748	-547.7527	126.7779	10	0.2590275	0.0372277	0.103399	0.0141091	0.015039	0.0127176	0.00798077	0.0096187	0.00469663	0.00538325	0.00185415	0.0586155	0.0528512	0.0526091	0.77965	0.0473695	0.0741653	0.15678	0.00578702	0.0869946	0.00255946	0.0732825	0.520141	3.40402	5	1.526849
840000	-430.7576	-558.8104	128.0528	10	0.41675	0.0661231	0.07747	0.0913667	0.0411328	0.00344037	0.0165032	0.00756684	0.0190671	0.00678218	0.00664544	0.0476452	0.00925801	0.043301	0.543495	0.0749737	0.0762211	0.0893702	0.00195663	0.112415	0.0192032	0.194154	0.748788	3.03786	5	1.334733
841000	-426.0963	-555.1168	129.0205	10	0.3006217	0.00266711	0.071955	0.0411009	0.0419157	0.00342823	0.00628258	0.0208951	0.0138117	0.00546675	0.000724725	0.0690359	0.0543173	0.0175357	0.546682	0.00264685	0.0184644	0.0467201	0.0630178	0.0757981	0.00534587	0.104979	0.596845	3.29283	5	1.102466
842000	-425.9158	-562.4743	136.5585	10	0.2185047	0.0861095	0.0421456	0.00744545	0.0530342	0.00552918	0.00122251	0.00448641	0.0192063	0.00697773	0.0384661	0.0378537	0.0473981	0.0541309	0.99318	0.0360881	0.0112579	0.0605712	0.0464337	0.117455	0.000953117	0.0450862	0.43021	3.52375	5	1.668992
843000	-414.0588	-557.1295	143.0706	10	0.1529503	0.0144907	0.0551354	0.03955	0.0414179	0.000444371	0.00127325	0.0133671	0.00677443	0.00727985	0.032801	0.0319912	0.104616	0.0370434	0.825604	0.0507049	0.00244933	0.0309119	0.0492363	0.00732158	6.34088e-05	0.0117587	0.250706	3.73747	5	1.352412
844000	-421.09	-562.8353	141.7453	10	0.8743472	0.0779878	0.0762512	0.0403362	0.0648109	0.0150797	0.0153986	0.00155479	0.00419207	0.00845205	0.0378165	0.0624993	0.017334	0.0387218	0.717244	0.062559	0.0504956	0.0151504	0.135117	0.142928	0.111253	0.43543	0.975603	2.47771	5	1.58393
845000	-415.7217	-555.7776	140.0559	10	0.4482737	0.0199319	0.0650302	0.0357169	0.0575875	0.00943692	0.00159402	0.000945934	0.0047223	0.0012613	0.00860882	0.0617223	0.012144	0.0582999	0.34104	0.0223712	0.0112747	0.137116	0.0532452	0.0876657	0.0242497	0.216813	0.77865	2.98029	5	0.9897148
846000	-420.6955	-557.9071	137.2116	10	0.3754865	0.00475493	0.0551172	0.014291	0.0679452	0.0131591	0.00742001	0.0173609	0.0119455	0.00141208	0.0471051	0.0137926	0.0119043	0.023781	0.809731	0.0917451	0.0214475	0.0498483	0.072006	0.154332	0.0133426	0.163221	0.70333	3.12011	5	1.489099
847000	-411.3746	-555.6505	144.2759	10	0.4229713	0.0334906	0.138233	0.0334142	0.0234872	0.0277913	0.00116708	0.0136098	0.000712583	0.00344142	0.0403029	0.0252862	0.0336037	0.00562491	0.49911	0.0553136	0.0804642	0.0380167	0.15546	0.0774788	0.0201631	0.198697	0.754988	3.02615	5	1.286007
848000	-418.7989	-554.9783	136.1793	10	0.2803709	0.0382728	0.0764029	0.00894888	0.0336405	0.00464031	0.0105077	0.0420075	0.00641548	0.000821709	0.0192884	0.0482405	0.0173688	0.0522762	0.373036	0.077779	0.040281	0.0357165	0.018813	0.0444366	0.00383843	0.0893407	0.561317	3.3455	5	0.9488932
849000	-424.2021	-557.1935	132.9914	10	1.049582	0.0159193	0.134527	0.0270278	0.0593709	0.0491208	0.00335981	0.0146373	0.00895631	0.021401	0.0133888	0.0865974	0.010286	0.129262	0.511151	0.0630521	0.0717983	0.0421792	0.0421443	0.0783962	0.146739	0.491164	1.00775	2.35434	5	1.382575
850000	-413.9415	-552.4471	138.5056	10	0.1968031	0.0184462	0.12498	0.0268551	0.0634054	0.011498	0.00752032	4.71961e-05	0.00932475	0.0123031	0.0101635	0.0387508	0.0765503	0.025898	0.657343	0.0754425	0.0288611	0.00381162	0.0763895	0.000120369	0.000474836	0.0319517	0.375263	3.59231	5	1.267711
851000	-426.0052	-553.9168	127.9116	10	0.3840428	0.00266679	0.102107	0.0236158	0.0981207	0.00533478	0.0194354	0.0301135	0.0114408	0.00383644	0.000947143	0.0545291	0.0152149	0.0588988	0.919679	0.085008	0.117928	0.133551	0.0460254	0.0210839	0.0144812	0.169739	0.713419	3.10236	5	1.749536
852000	-413.0419	-557.2883	144.2464	10	0.2409343	0.0157244	0.113045	0.0219944	0.110071	0.00642676	0.0014371	0.00158783	0.0156467	0.0135071	0.0298805	0.0448411	0.0361202	0.0933806	0.640944	0.0760141	0.0251693	0.0248641	0.0209473	0.0162656	0.00171583	0.0602255	0.481973	3.45609	5	1.307867
853000	-419.5585	-557.0004	137.4418	10	0.4666774	0.0219394	0.073418	0.0324731	0.0451477	0.00322424	0.0111423	0.00295749	0.0265906	0.00227234	0.0118771	0.033467	0.0495404	0.131289	0.347194	0.0611655	0.0744378	0.00797629	0.115801	0.00183587	0.0273905	0.229606	0.794421	2.94858	5	1.05375
854000	-436.0571	-556.8946	120.8375	10	0.322776	0.0106096	0.166592	0.0302205	0.0688455	0.00490576	0.00612374	0.03399	0.00364448	0.00293371	0.0222046	0.0528128	0.00908955	0.106982	0.906838	0.130128	0.0300172	0.0742546	0.0108185	0.073671	0.00732365	0.12229	0.632142	3.23824	5	1.744681
855000	-424.817	-560.3833	135.5662	10	0.6398637	0.024712	0.0503704	0.0452125	0.0398333	0.0100805	0.0156295	0.0144913	0.0119169	0.00184146	0.0386388	0.0362263	0.0206415	0.140481	0.520603	0.0845715	0.0658763	0.0755067	0.0434591	0.0675728	0.0614204	0.333719	0.900369	2.70449	5	1.307665
856000	-405.3918	-551.6644	146.2726	10	0.1762985	0.0602504	0.12119	0.0217418	0.0313307	0.00762246	0.00268682	0.0237252	0.00131858	0.00689905	0.00875104	0.0341156	0.010098	0.0902905	0.709387	0.0584489	0.0289615	0.0327498	0.037565	0.01657	0.000209884	0.0213174	0.319049	3.65942	5	1.303702
857000	-416.1079	-557.3984	141.2906	10	0.2661522	0.0266581	0.0382185	0.00842516	0.0167088	0.0483993	0.000570012	0.00309539	0.000398099	0.0053745	0.0145894	0.0254176	0.0914316	0.00946432	0.558745	0.0494544	0.0455597	0.0158624	0.0540665	0.0401515	0.00295151	0.0785779	0.534333	3.38414	5	1.052591
858000	-420.4675	-556.1435	135.676	10	0.3317009	0.014323	0.14903	0.0171981	0.0644083	0.0013987	0.00470213	0.0340063	0.00158375	0.013768	0.00923589	0.049589	0.0366227	0.111556	0.464341	0.0796874	0.0992252	0.123996	0.0803003	0.0694847	0.00821572	0.129276	0.645394	3.21711	5	1.424455
859000	-426.8856	-563.1393	136.2537	10	1.557551	0.0490565	0.11235	0.0821915	0.0833215	0.000832255	0.00552915	0.016575	0.0129843	0.0061165	0.00066238	0.0682043	0.0115544	0.0916042	0.312766	0.0896272	0.151353	0.056628	0.0651894	0.119072	0.234077	0.597864	1.05363	2.11443	5	1.335617
860000	-421.8591	-561.5998	139.7407	10	0.3078004	0.0202388	0.0579211	0.00525846	0.0390906	0.0406529	0.0028151	0.0428182	0.00476733	0.000828238	0.00773778	0.0325816	0.0302728	0.0242612	0.399169	0.110626	0.201511	0.0753921	0.0216248	0.00956667	0.00594937	0.110575	0.608673	3.2748	5	1.127134
861000	-415.2996	-554.444	139.1444	10	0.6004644	0.0251172	0.160229	0.0561657	0.116061	0.0286459	0.00824821	0.00151302	0.0118144	0.00528323	0.0133364	0.0691213	0.00183209	0.0643524	0.766217	0.0819723	0.104401	0.0363652	0.142243	0.0560772	0.0532039	0.31253	0.881556	2.75271	5	1.748995
862000	-421.947	-558.7906	136.8437	10	1.258657	0.0316416	0.0922123	0.0314916	0.0627991	0.0118291	0.00503915	0.00453346	0.0165326	0.0129507	0.0133303	0.0413712	0.0981885	0.0459215	0.568885	0.0165441	0.0338494	0.0376323	0.0603329	0.0781289	0.185522	0.542745	1.03243	2.2393	5	1.263214
863000	-414.5692	-553.3767	138.8075	10	0.2088641	0.0136647	0.118976	0.0488674	0.0406333	0.00585443	0.0122954	0.00537543	0.00447712	0.00839099	0.0319306	0.0315605	0.0391891	0.027746	0.839967	0.0384209	0.0105584	0.0126916	0.0434207	0.0662183	0.000712038	0.0390406	0.406394	3.55385	5	1.400238
864000	-439.0392	-570.2714	131.2322	10	0.9270046	0.129784	0.0858271	0.0233671	0.0845073	0.0175379	0.0159977	0.00129237	0.00240067	0.00224897	0.0550758	0.118041	0.0503728	0.269516	0.876877	0.0179052	0.086717	0.114188	0.0933868	0.0924066	0.122169	0.453655	0.986767	2.43741	5	2.137449
865000	-422.6323	-561.0514	138.4191	10	0.559449	0.0380342	0.139113	0.0454436	0.0607403	0.00606179	0.00721481	0.0213892	0.00287263	0.0121232	0.0276661	0.0312509	0.104899	0.0344613	0.804997	0.000782497	0.0878116	0.0299052	0.0746509	0.100292	0.0448674	0.288966	0.859132	2.80704	5	1.629709
866000	-409.9381	-552.8057	142.8676	10	0.1988329	0.00792053	0.0950838	0.0136132	0.0137377	0.00984204	0.0179027	0.00414283	0.0119661	0.0123603	0.000765903	0.0706545	0.0296951	0.0112792	0.736663	0.0238746	0.0950712	0.0711813	0.0269508	0.0907462	0.000510101	0.0331049	0.380605	3.58578	5	1.343451
867000	-415.618	-557.6839	142.0659	10	0.2620942	0.0899994	0.0730285	0.0256784	0.0904825	0.00619215	0.0150166	0.0157717	0.00173491	0.0189947	0.00829402	0.0491632	0.125749	0.091762	0.961797	0.0672011	0.0153053	0.0240157	0.117907	0.105138	0.00272398	0.0755527	0.526306	3.39542	5	1.903231
868000	-412.6201	-556.2313	143.6112	10	0.2194276	0.0121056	0.149281	0.00635217	0.0499423	0.0173171	0.0130168	0.0134139	0.00588298	6.65196e-06	0.0163743	0.0379341	0.0407368	0.0117178	0.330624	0.0473526	0.050825	0.0465622	0.0506184	0.0263673	0.000978778	0.045681	0.43244	3.5209	5	0.9264308
869000	-410.8634	-553.5476	142.6841	10	0.2967853	0.0151607	0.0784995	0.0103695	0.0692143	0.00120275	0.005587	0.0323528	0.00363054	0.00974744	0.0176891	0.0565411	0.000847458	0.0167901	0.495017	0.0592983	0.0679982	0.0915009	0.0700857	0.0366087	0.00503817	0.101997	0.590364	3.3026	5	1.138141
870000	-410.9966	-559.1622	148.1656	10	0.8093525	0.0310963	0.0871686	0.0192474	0.0795426	0.0286564	0.0493255	0.015654	0.00944317	0.00100365	0.0417808	0.0333958	0.0888812	0.035239	0.412383	0.136134	0.0973933	0.0265885	0.0463146	0.0352824	0.0975473	0.410872	0.959513	2.53207	5	1.27453
871000	-417.4474	-554.0384	136.591	10	0.3389342	0.000461119	0.105068	0.0341462	0.0174545	0.0339452	0.0143424	0.0241221	0.00387988	0.0166619	0.00057096	0.0672885	0.0393861	0.0681014	0.515542	0.0774861	0.0357272	0.0284243	0.0394028	0.036987	0.00897793	0.13493	0.655753	3.20034	5	1.158998
872000	-422.6869	-554.6877	132.0009	10	0.3297197	0.0209352	0.0697989	0.00408021	0.04424	0.0261151	0.00307332	0.0268534	0.0054172	0.0177907	0.0342488	0.0152553	0.00441472	0.0211029	0.313069	0.05372	0.0721558	0.0189137	0.0668164	0.0664091	0.00801305	0.127725	0.642498	3.22176	5	0.8844101
873000	-429.7904	-562.6216	132.8312	10	0.6029992	0.0343194	0.0721223	0.0204959	0.0320422	0.0224177	7.59589e-05	0.0416098	0.0153444	0.0206634	0.0710092	0.0220668	0.134111	0.046219	0.960189	0.0617033	0.0744155	0.0763095	0.134056	0.119301	0.0537272	0.313935	0.882841	2.7495	5	1.958473
874000	-411.5743	-553.7712	142.1968	10	0.1976951	0.0257998	0.0892329	0.0182428	0.0649018	0.0149257	0.0136088	0.0178145	0.0162716	0.00522538	0.00440243	0.055038	0.0488818	0.0182396	0.808983	0.0575934	0.045221	0.0459328	0.0138879	0.0966132	0.000490112	0.0324564	0.377616	3.58944	5	1.460816
875000	-434.5226	-562.5764	128.0538	10	0.90373	0.05016	0.0716243	0.0545813	0.117665	0.00795452	0.0169621	0.0335507	0.00347582	0.0018768	0.0759807	0.00156611	0.0475183	0.0317051	0.519801	0.0670006	0.0460065	0.0741413	0.0141264	0.0397031	0.117368	0.445772	0.982018	2.45484	5	1.2754
876000	-419.8962	-554.2995	134.4034	10	0.4082598	0.0236069	0.082026	0.054025	0.0431431	0.0206685	0.0162021	0.0101366	0.00835495	0.00352234	0.00548169	0.0464167	0.0677982	0.0483438	0.54111	0.0392899	0.0496185	0.0430576	0.0351697	0.0897752	0.0179238	0.187899	0.740066	3.05411	5	1.227747
877000	-424.1591	-557.7061	133.547	10	0.5670156	0.0236378	0.100743	0.0102144	0.0575577	0.00425181	0.00526482	0.00359062	0.0152957	0.00698992	0.0878561	0.0471399	0.0802873	0.0951579	0.749844	0.0354993	0.0718597	0.0385727	0.093953	0.0616421	0.0463844	0.293433	0.863511	2.79667	5	1.589357
878000	-422.2692	-561.9925	139.7233	10	0.378832	0.0368418	0.0871726	0.0368925	0.0432001	0.0149769	0.00573878	0.0929284	0.0150618	0.00326816	0.038351	0.0121848	0.0514663	0.0814124	0.400717	0.0649793	0.00178858	0.0773603	0.0417418	0.0395415	0.0137828	0.165775	0.707319	3.11312	5	1.145624
879000	-416.3391	-559.0787	142.7397	10	0.8714998	0.0379551	0.13714	0.0269158	0.0282643	0.0201849	0.0155099	0.0118364	0.0121287	0.00999012	0.0215572	0.0499417	0.0529732	0.00442249	0.472673	0.0282302	0.0608146	0.0532153	0.0713066	0.0238452	0.110657	0.434403	0.974955	2.47998	5	1.138904
880000	-413.3103	-555.491	142.1807	10	0.20736	0.0227132	0.060833	0.0365853	0.0337435	0.00675196	0.00124904	0.0177337	0.009304	0.00716779	0.000701236	0.0726796	0.010493	0.0447914	0.616103	0.0686073	0.128749	0.0410405	0.0151755	0.0146149	0.000678703	0.0381264	0.402592	3.5586	5	1.209037
881000	-419.6634	-557.7105	138.0471	10	0.3031113	0.0312368	0.0997626	0.0174112	0.0580423	0.0311633	0.0396935	0.00345235	0.00660602	0.0040408	0.00821591	0.0675681	0.0516406	0.0621214	0.672415	0.042601	0.0332034	0.0847769	0.111105	0.0183609	0.00555108	0.106918	0.600991	3.28654	5	1.443417
882000	-403.4312	-552.036	148.6048	10	0.114187	0.0158428	0.0677609	0.0201157	0.0208301	0.00686086	0.000772597	0.0188071	0.0048237	0.00263625	0.0108764	0.00997064	0.0492937	0.0394246	0.678429	0.00853681	0.060296	0.0208427	0.060278	0.00420067	2.94078e-06	0.00254431	0.133732	3.86372	5	1.100599
883000	-427.715	-563.3183	135.6033	10	0.3771663	0.0202087	0.0926052	0.0118336	0.0446699	0.0162231	0.00570118	0.0361141	0.00936504	0.0216651	0.0206657	0.0326971	0.0826841	0.0470581	0.59777	0.0391819	0.0460845	0.0452672	0.109845	0.0840265	0.0135628	0.164504	0.70534	3.11659	5	1.363667
884000	-420.6307	-563.5217	142.891	10	0.5659479	0.0204588	0.0903041	0.0147949	0.0561246	0.0608307	0.0137194	0.000949104	0.00541832	0.0268882	0.0176445	0.0130422	0.0451412	0.0146058	0.431711	0.105399	0.0789183	0.0551998	0.0179884	0.0608855	0.0461697	0.292806	0.8629	2.79812	5	1.130024
885000	-411.3423	-554.9126	143.5704	10	0.2081929	0.0514092	0.0509782	0.0162099	0.0269701	0.0176477	0.00343641	0.0015021	0.00561516	0.00230079	0.000555499	0.0388155	0.0808476	0.0136891	0.482887	0.0942477	0.0231749	0.019424	0.08382	0.00508801	0.000697026	0.0386317	0.4047	3.55597	5	1.018619
886000	-417.8448	-557.9691	140.1242	10	0.2612693	0.0214623	0.0748139	0.00975797	0.0464607	0.00510815	0.00829841	0.00129412	0.0116695	0.00494716	0.0108834	0.0262006	0.00921621	0.0874943	0.558173	0.030027	0.12383	0.0304545	0.00542194	0.123627	0.0026791	0.0749406	0.524656	3.39772	5	1.189141
887000	-425.9768	-564.4068	138.43	10	1.349624	0.0891539	0.0609724	0.0412091	0.0890446	0.0594151	0.0173953	0.0431547	0.00649758	0.00754014	0.00745376	0.101318	0.114187	0.0606693	0.536855	0.00428983	0.0769733	0.0294439	0.145175	0.119128	0.20113	0.56145	1.04022	2.1972	5	1.609876
888000	-428.8785	-564.085	135.2065	10	0.7820993	0.0767725	0.0813855	0.0523677	0.0683157	0.0783194	0.0144485	0.00206439	0.00645285	0.00773985	0.0443083	0.0271654	0.164453	0.157933	0.714927	0.0419615	0.0886794	0.034826	0.0320137	0.0311235	0.0917443	0.399826	0.951869	2.55656	5	1.725257
889000	-414.6155	-555.5079	140.8924	10	0.3902089	0.0157928	0.0553549	0.0358659	0.0670627	0.0329165	0.0204247	0.006629	0.00860317	0.00540579	0.0403619	0.0273189	0.0684274	0.00496122	0.658898	0.0402835	0.0177206	0.0486308	0.0250662	0.0476634	0.0153276	0.174405	0.720464	3.0898	5	1.227387
890000	-420.4683	-554.3954	133.9271	10	0.2732679	0.00895505	0.10578	0.0157178	0.0373882	0.0215265	0.00599013	0.0102926	0.00280488	0.0221069	0.0122073	0.0301323	0.114683	0.0118098	0.427695	0.00904846	0.0910529	0.009491	0.0179423	0.0427928	0.00337782	0.0839354	0.548056	3.36463	5	0.9974177
891000	-406.7605	-553.921	147.1604	10	0.4194664	0.0132292	0.0527256	0.0203967	0.0428322	0.0180972	0.00280181	0.0103331	0.00655927	0.0131645	0.0298792	0.0252159	0.0177744	0.0788987	0.837169	0.0267999	0.0141374	0.0526683	0.0511393	0.00732175	0.01962	0.196142	0.751514	3.03272	5	1.321144
892000	-427.3544	-562.7688	135.4144	10	0.8867573	0.0535706	0.0866317	0.0303492	0.0838409	0.0209527	0.0145992	0.00163353	0.00180099	0.0160475	0.0292777	0.0728336	0.0281979	0.0509584	0.757066	0.174368	0.0810106	0.0875819	0.0643542	0.0173352	0.113843	0.439853	0.978372	2.46793	5	1.672409
893000	-421.0585	-560.432	139.3735	10	0.3319015	0.042621	0.11179	0.00708341	0.060423	0.0136544	0.00289336	0.00607765	0.00168703	0.012291	0.0219565	0.0422357	0.0291554	0.0422366	0.435665	0.0189134	0.0681142	0.0298646	0.116353	0.1348	0.00823639	0.129433	0.645686	3.21665	5	1.197814
894000	-409.5798	-550.7391	141.1593	10	0.3204864	0.0173286	0.100809	0.00235642	0.0564465	0.0131227	0.00952013	0.00395324	0.00865172	0.000427889	0.0212543	0.023972	0.0418287	0.0859159	0.642469	0.064767	0.0194111	0.0701658	0.0287962	0.109127	0.00710354	0.120497	0.628656	3.24374	5	1.320323
895000	-414.4485	-552.167	137.7185	10	0.2673407	0.00252996	0.0794903	0.0138912	0.0646434	0.000182853	0.0247459	0.00464406	0.0168746	0.00383561	0.0205742	0.0404937	0.065156	0.112355	0.781682	0.071905	0.0352104	0.0322727	0.011615	0.0825485	0.00302029	0.0794683	0.536657	3.38085	5	1.46465
896000	-414.3328	-559.0455	144.7127	10	0.5190691	0.0520553	0.164108	0.0380594	0.0674206	0.026013	0.0290963	0.0118877	0.00215326	0.0167023	0.00435583	0.100832	0.064928	0.0404984	0.498796	0.0389601	0.147201	0.0741191	0.0415168	0.104785	0.0369742	0.264182	0.833662	2.86518	5	1.523489
897000	-424.1042	-555.3751	131.2709	10	0.5345388	0.0300419	0.175997	0.0203727	0.0670754	0.00935044	0.02506	0.0121547	0.00203119	0.0113208	0.0459132	0.0622931	0.0401467	0.0832793	0.706204	0.0668679	0.0447756	0.0139055	0.0947154	0.0223473	0.0399543	0.273867	0.843859	2.84232	5	1.533852
898000	-423.2116	-560.9245	137.713	10	0.402905	0.048091	0.0583424	0.0191108	0.0630519	0.0033082	0.0135574	0.00977673	0.0054088	0.00195578	0.0729097	0.072014	0.134227	0.0195112	0.452065	0.0435154	0.054509	0.0386551	0.0478089	0.0174597	0.0171357	0.183923	0.734405	3.06454	5	1.175277
899000	-406.9881	-557.1431	150.155	10	0.4212695	0.0261175	0.0653443	0.0429265	0.0486605	0.00764963	0.0102055	0.00377984	0.0184554	0.0100558	0.0102815	0.0498301	0.049501	0.0132505	0.575332	0.00865813	0.0250145	0.0254208	0.0481784	0.0735841	0.0198987	0.197458	0.753307	3.02934	5	1.112245
900000	-410.767	-548.8158	138.0488	10	0.3537068	0.00588795	0.119055	0.0100645	0.0540805	0.00799227	0.00473973	0.001055	0.000561516	0.0204376	0.00130698	0.0589233	0.0131458	0.0032362	0.495917	0.030081	0.0609992	0.0547527	0.0377258	0.0769134	0.010641	0.146435	0.675903	3.16702	5	1.056875
901000	-419.3941	-560.74	141.3459	10	0.3424818	0.0567197	0.150926	0.0332001	0.0212333	0.00330742	0.0102704	0.00957296	0.00128691	0.00813502	0.00985832	0.0982828	0.0313305	0.0502425	0.615715	0.170391	0.0572881	0.0255268	0.0162772	0.0298072	0.00936442	0.137699	0.660713	3.19222	5	1.399371
902000	-401.9816	-551.3893	149.4076	10	0.2649031	0.00628389	0.113032	0.0284274	0.042889	0.00466834	0.00116757	7.67312e-05	0.00382827	0.00545697	0.0122998	0.0281441	0.00161292	0.0237402	0.455828	0.0306603	0.0416168	0.0182678	0.0350239	0.112157	0.00288027	0.0776443	0.531878	3.3876	5	0.9651805
903000	-410.7243	-555.5398	144.8155	10	0.4811621	0.0298496	0.0759134	0.0365947	0.0673949	0.00799837	0.0158304	0.026048	0.0144306	0.00291787	0.0342769	0.0270539	0.0473229	0.0408256	0.58261	0.0941882	0.0419827	0.00895944	0.0681619	0.0537065	0.0299516	0.23944	0.806062	2.92455	5	1.276065
904000	-410.649	-560.1551	149.5061	10	0.6596302	0.0531291	0.0612777	0.0403517	0.0786622	0.00637542	0.0140795	0.028056	0.00640276	0.00120754	0.00489016	0.0326398	0.0440171	0.0325611	0.510863	0.00047686	0.052861	0.115958	0.119273	0.0501009	0.0655951	0.343843	0.908938	2.68162	5	1.253183
905000	-421.9008	-561.16	139.2593	10	0.6988437	0.0326724	0.127608	0.00340906	0.11079	0.0191885	0.00353286	0.018275	0.0154435	0.0104975	0.0400495	0.0434489	0.0850307	0.0661856	0.601809	0.0794428	0.0582145	0.0130037	0.0977284	0.040528	0.0739413	0.362984	0.924439	2.63864	5	1.466858
906000	-417.2983	-551.9038	134.6054	10	0.2537323	0.0136212	0.0829382	0.00934302	0.0528812	0.000885927	0.00233923	0.0138102	0.0165994	0.00202116	0.00196206	0.0584685	0.0898793	0.0521448	0.615495	0.0342634	0.088963	0.0332109	0.00804522	0.0397761	0.00229028	0.0693982	0.509291	3.41902	5	1.216648
907000	-417.4297	-560.6632	143.2335	10	0.5127567	0.0130751	0.0827571	0.0458653	0.0651589	0.005451	0.00510665	0.0461084	0.00014451	0.0137552	0.00241177	0.057427	0.127491	0.00871151	0.634214	0.105595	0.0253771	0.031174	0.0309104	0.041433	0.0357758	0.260162	0.829333	2.87473	5	1.342166
908000	-423.325	-562.9196	139.5947	10	0.3388871	0.0756723	0.115638	0.0402023	0.123563	0.0154236	0.00852489	0.0356995	0.00462292	0.00776229	0.0147286	0.056289	0.0883514	0.00630414	0.571055	0.0625907	0.0145689	0.21525	0.02256	0.10889	0.00897287	0.134893	0.655686	3.20045	5	1.587698
909000	-421.4227	-561.3695	139.9468	10	0.5520641	0.0483155	0.0864012	0.0343541	0.0556667	0.0336028	0.000353952	0.00466911	0.00876023	0.016169	0.00880979	0.0671129	0.0357377	0.0694346	0.492709	0.237837	0.0684408	0.0030095	0.0158109	0.0259798	0.0433974	0.284553	0.854744	2.81731	5	1.313174
910000	-411.6741	-561.3914	149.7173	10	0.3857663	0.015603	0.0776884	0.051899	0.0758131	0.0101615	0.0127322	0.00354774	0.00284915	0.00729397	0.00737056	0.0682007	0.0774329	0.0884672	0.494004	0.0269862	3.45042e-06	0.0705272	0.00467707	0.0572332	0.0147157	0.171046	0.715407	3.09883	5	1.152491
911000	-413.1839	-561.0112	147.8272	10	0.2124217	0.063089	0.0600904	0.0253507	0.0473785	0.0084386	0.012354	0.000266086	0.0135586	0.00294116	0.0727719	0.0153832	0.0498535	0.00904603	0.88755	0.0341243	0.0148661	0.0636219	0.0201826	0.0649265	0.000795389	0.0412348	0.415293	3.54268	5	1.465793
912000	-435.0742	-558.4338	123.3597	10	1.542564	0.0698274	0.0902285	0.0452554	0.107843	0.0482523	0.00191452	0.0340718	0.00402554	0.0143795	0.0118878	0.0547792	0.0780232	0.0858828	0.764785	0.0685754	0.0875815	0.0585045	0.0662741	0.100005	0.231823	0.595491	1.05283	2.11986	5	1.792097
913000	-420.1497	-560.492	140.3423	10	0.7192294	0.0318104	0.131285	0.0496089	0.0581334	0.00354711	0.0122028	0.0888461	0.00755168	0.0260175	0.0503416	0.057029	0.115377	0.0124514	0.633616	0.0653902	0.0517456	0.0355267	0.110767	0.0263598	0.0782995	0.372464	0.931791	2.61745	5	1.567607
914000	-425.6094	-556.2502	130.6408	10	0.8413848	0.0376579	0.113179	0.0369737	0.0371375	0.0284727	0.00187397	0.0028824	3.1103e-05	0.0126264	0.0255218	0.0776413	0.088133	0.0555007	0.582082	0.135141	0.0193042	0.0593885	0.00445727	0.156705	0.10433	0.423277	0.967794	2.5046	5	1.474709
915000	-426.2916	-564.8492	138.5576	10	0.4880462	0.0560458	0.143089	0.0219384	0.0533376	0.0265272	0.0113864	0.00471575	0.00523368	0.0250556	0.0190695	0.0607797	0.0234274	0.0300706	0.888231	0.10635	0.118835	0.0306832	0.113282	0.0186811	0.0311941	0.24404	0.811372	2.91339	5	1.756739
916000	-413.888	-556.0752	142.1872	10	0.3259778	0.0107258	0.0718134	0.0209061	0.061034	0.00796279	0.00407488	0.0303493	0.00544427	0.00546134	0.0572268	0.031091	0.0354694	0.0356748	0.637616	0.0404514	0.0480545	0.056657	0.0776526	0.0212633	0.00763747	0.124796	0.636957	3.23061	5	1.258929
917000	-407.3939	-558.9441	151.5502	10	0.3074248	0.0362824	0.0899374	0.0115179	0.0702459	0.03999	0.0184621	0.00719529	0.0121758	0.00032025	0.010735	0.123227	0.137674	0.0679355	0.495692	0.0469655	0.0279985	0.0144192	0.0886968	0.0321501	0.00591691	0.110282	0.608064	3.27574	5	1.331621
918000	-414.9564	-557.3641	142.4077	10	0.41819	0.0264957	0.056339	0.0513002	0.0277301	0.00517393	0.0065586	0.00332383	0.00512802	0.0208969	0.076392	0.00487086	0.0210282	0.0427079	0.62383	0.0182894	0.119465	0.0273858	0.0685359	0.0684709	0.0194237	0.195209	0.750237	3.03513	5	1.273923
919000	-424.3404	-558.4502	134.1098	10	0.6079623	0.00226246	0.181633	0.024805	0.0516049	0.0168127	0.0220347	0.0022325	0.00350163	0.0216426	0.0314085	0.0232375	0.0292793	0.0270265	0.681349	0.163323	0.0934695	0.0226856	0.011701	0.0970953	0.0547543	0.316669	0.885327	2.74325	5	1.507104
920000	-421.4037	-559.5316	138.128	10	0.3471771	0.0288153	0.104863	0.00450059	0.0709876	0.0169738	0.0200456	0.0416001	0.00298727	0.0129039	0.0177883	0.0198734	0.0177678	0.0179242	0.537987	0.107371	0.00948243	0.0775253	0.0801946	0.0824573	0.00988855	0.141359	0.667158	3.18159	5	1.272048
921000	-421.9559	-558.0797	136.1238	10	0.3447995	0.0259203	0.102788	0.044606	0.0637128	0.00595967	0.00393202	0.0288077	0.00649876	0.0022262	0.00927344	0.0440387	0.0526171	0.0729714	0.351897	0.0426238	0.127726	0.0210944	0.0552532	0.0449824	0.00962135	0.139507	0.663911	3.18696	5	1.10693
922000	-424.3373	-560.4576	136.1203	10	0.8399259	0.0475888	0.0498803	0.0473336	0.0330096	0.0164673	0.00215545	0.0181641	0.00255682	0.00401686	0.0406377	0.0386965	0.101893	0.0307527	0.424583	0.0466154	0.0147495	0.102148	0.0510025	0.0323371	0.104022	0.422725	0.967432	2.50582	5	1.104588
923000	-423.8301	-554.2133	130.3831	10	0.2006103	0.0169877	0.0594324	0.0419161	0.0516287	0.00870954	7.80115e-05	0.0327583	0.0142895	0.00419583	0.033423	0.0115435	0.0183912	0.0507694	0.48823	0.0377495	0.0280686	0.110232	0.0523305	0.0298701	0.000542474	0.0341283	0.385249	3.58008	5	1.090604
924000	-415.7386	-553.5898	137.8512	10	0.2098877	0.0140696	0.0845024	0.00915759	0.0532507	0.0168557	0.00239977	0.010753	0.00208856	0.0136235	0.0359587	0.0263414	0.0487986	0.0219442	0.449603	0.0298772	0.0197815	0.0782276	0.0332454	0.0756791	0.000735366	0.0396673	0.408967	3.55063	5	1.026158
925000	-424.2074	-559.1955	134.9881	10	0.2934603	0.0328937	0.0803757	0.0523405	0.0245639	0.0236012	0.00346737	0.010389	0.00120333	0.0205418	0.0218983	0.0548053	0.0508997	0.029614	0.45473	0.00479186	0.0931755	0.029758	0.110524	0.0471885	0.00477984	0.0994181	0.584655	3.31115	5	1.146762
926000	-420.4696	-554.7909	134.3214	10	0.3820509	0.00258952	0.0883854	0.0270262	0.0549596	0.00766096	0.00435706	0.0148003	0.00131377	0.00475348	0.0216844	0.0180509	0.0556358	0.0923309	0.519774	0.0438345	0.0193872	0.112857	0.00738083	0.0063852	0.0142124	0.168226	0.711103	3.10646	5	1.103167
927000	-400.2031	-546.8552	146.6521	10	0.2207114	0.0170432	0.097228	0.028958	0.0394617	0.00840266	0.00774728	0.00400402	0.0073589	0.00638152	0.00147728	0.054516	0.0361821	0.0387571	0.794849	0.0164736	0.0516515	0.0279064	0.0742998	0.079792	0.00101525	0.0465128	0.435528	3.51694	5	1.392491
928000	-434.0298	-559.4321	125.4023	10	1.216806	0.0284958	0.253484	0.0376113	0.143625	0.0144406	0.0106556	0.0209502	0.0293799	0.0132342	0.0476808	0.0616351	0.154828	0.135545	1.09044	0.0632404	0.00557434	0.12629	0.0602567	0.0165716	0.178085	0.533456	1.02834	2.26012	5	2.313935
929000	-428.5227	-559.0455	130.5228	10	0.2936373	0.00636318	0.141472	0.00759709	0.0368408	0.0181132	0.00146236	0.0452567	0.0259621	0.0004978	0.0630017	0.0519623	0.19024	0.238174	1.03706	0.0162932	0.0437183	0.0731352	0.108699	0.0420234	0.0047934	0.0995553	0.584961	3.31069	5	2.147868
930000	-414.021	-559.5013	145.4803	10	0.37337	7.80525e-05	0.114185	0.0309678	0.0357535	0.0528902	0.00121776	0.0111324	0.0114373	0.00315475	0.0237325	0.051343	0.141327	0.0107202	0.387806	0.154217	0.0123094	0.144009	0.0132925	0.114695	0.0130675	0.161601	0.700777	3.12455	5	1.314268
931000	-415.3124	-556.7116	141.3991	10	0.3076282	0.00421867	0.149383	0.0255072	0.0534196	0.025803	0.00360454	0.0117694	0.00341363	0.00968163	0.00969431	0.0803389	0.0268289	0.0294581	0.555341	0.072369	0.062714	0.0244711	0.191478	0.0360244	0.00593448	0.110441	0.608394	3.27523	5	1.375518
932000	-427.3197	-560.9895	133.6698	10	0.3618498	0.0254065	0.123983	0.023528	0.0509759	0.00436312	0.00430943	0.0147482	0.0246478	0.00826132	0.0323617	0.0311707	0.0663837	0.0648851	0.678274	0.0236911	0.203126	0.0558058	0.0329261	0.0913075	0.0116171	0.15274	0.686463	3.14918	5	1.560154
933000	-426.2379	-568.7312	142.4934	10	0.9309764	0.0227739	0.0929951	0.0357372	0.0975749	0.00200849	0.0043468	0.0714372	0.00243931	0.0225818	0.0227905	0.0315805	0.0116692	0.0758012	0.462371	0.102659	0.0754367	0.0474761	0.1078	0.0683218	0.122984	0.454974	0.98755	2.43449	5	1.357801
934000	-415.0463	-551.9408	136.8945	10	0.292749	0.0180355	0.0914946	0.0129282	0.0821593	0.0157892	0.00812945	0.0124873	0.00847296	0.00381273	0.000497198	0.049591	0.011033	0.0875729	0.524667	0.0810766	0.0548073	0.00685594	0.106839	0.0496789	0.00472559	0.0988674	0.583422	3.31298	5	1.225928
935000	-416.1489	-560.3022	144.1533	10	0.6497016	0.0171514	0.0683589	0.0291502	0.0688502	0.0117171	0.0461266	0.00443661	0.00465075	0.0124838	0.0102972	0.0407289	0.0645946	0.0522291	1.11379	0.083268	0.108759	0.109049	0.00936792	0.145447	0.0634947	0.338799	0.904702	2.693	5	2.000455
936000	-422.0778	-556.8717	134.7939	10	0.3683919	0.039876	0.109483	0.00868506	0.0539374	0.0124524	0.0118198	0.00213388	0.0135375	0.00306543	0.0248426	0.0746927	0.0384794	0.0228687	0.690069	0.0834498	0.217078	0.0543242	0.0600141	0.0433976	0.012431	0.157781	0.694679	3.13511	5	1.564207
937000	-426.2937	-563.2312	136.9375	10	1.21318	0.066161	0.104947	0.0783195	0.0983231	0.000572975	0.025441	0.0215322	0.0183	0.00234652	0.00910726	0.0745613	0.029853	0.126411	0.596348	0.0899685	0.155618	0.07699	0.133535	0.0538019	0.177433	0.532629	1.02796	2.26197	5	1.762138
938000	-418.9049	-555.4007	136.4958	10	0.2331203	0.0117076	0.0852777	0.0223963	0.0672549	0.0243375	0.00620969	0.0105065	0.00755015	0.00845212	0.0537406	0.0349896	0.0256724	0.0624184	0.49121	0.0901447	0.0318937	0.129993	0.022308	0.0463924	0.00141617	0.0548003	0.464512	3.47927	5	1.232456
939000	-431.7405	-567.3341	135.5936	10	0.3062223	0.0378532	0.0607595	0.0549654	0.0865536	0.00853283	0.0152209	0.0418107	0.0309844	0.0233392	0.0819963	0.00664793	0.034624	0.067937	0.984748	0.047077	0.0676458	0.113224	0.00429371	0.175571	0.00581361	0.109344	0.606106	3.27874	5	1.943785
940000	-420.0333	-556.2929	136.2596	10	0.4159341	0.0294502	0.145246	0.0269825	0.045292	0.0187307	0.0204055	0.0129439	0.015969	0.0141424	0.0386051	0.0281444	0.0276847	0.0510037	0.687461	0.0841779	0.136527	0.11021	0.00310787	0.125344	0.0190787	0.193555	0.747963	3.0394	5	1.621428
941000	-421.3494	-557.0994	135.75	10	0.3372271	0.0505055	0.0654845	0.00135345	0.0884059	0.00215059	0.00578361	0.0157216	0.00910266	0.0052117	0.0117581	0.0362702	0.0918503	0.0582975	0.799209	0.0542025	0.0703077	0.11253	0.0463079	0.0216952	0.00879492	0.133597	0.653338	3.20427	5	1.546149
942000	-415.8801	-552.1788	136.2988	10	0.3591312	0.0193251	0.0483659	0.0317313	0.0664754	0.00524489	0.00429755	0.00919352	0.009112	0.00732667	0.013478	0.0538519	0.0648329	0.0173557	0.505321	0.0328653	0.0653023	0.0276789	0.0617115	0.0477224	0.0112867	0.150638	0.682979	3.1551	5	1.091192
943000	-407.8799	-552.9419	145.062	10	0.1977686	0.0184987	0.103733	0.0316763	0.0236904	0.00329937	0.0123517	8.70346e-05	0.00490912	0.00803326	0.0190153	0.0293802	0.0105545	0.045386	0.579215	0.0869862	0.0923837	0.0147258	0.00180412	0.0396162	0.000491385	0.0324982	0.377809	3.5892	5	1.125346
944000	-417.1789	-554.1147	136.9357	10	0.2484427	0.0364057	0.0836074	0.0155304	0.0764241	0.0131699	0.000944501	0.00870816	0.00170856	0.0102121	0.00431457	0.0347452	0.0748358	0.0252569	0.649341	0.0486636	0.0614641	0.111314	0.0494185	0.0425342	0.00203997	0.0655676	0.49819	3.4342	5	1.348598
945000	-423.9157	-565.5169	141.6011	10	0.6788643	0.0512792	0.161666	0.044517	0.0777021	0.0355847	0.0251754	0.0106509	0.00346705	0.0100266	0.0262787	0.0270063	0.165848	0.125212	0.609629	0.0364288	0.0876506	0.0435218	0.0079314	0.0598809	0.0696806	0.353385	0.916777	2.66016	5	1.609456
946000	-422.5926	-558.3541	135.7615	10	0.9234598	0.0296463	0.118193	0.0619939	0.0539106	0.00623004	0.000293406	0.00946158	0.0216741	0.00974387	0.051066	0.0428297	0.00328293	0.0981497	0.865565	0.017947	0.0502603	0.171841	0.105778	0.0575247	0.12144	0.452472	0.986062	2.44003	5	1.775391
947000	-406.8869	-557.1425	150.2556	10	0.4609744	0.0211601	0.13315	0.00643763	0.0428146	0.00258033	0.00472739	0.0229651	0.0146462	0.00035162	0.0308955	0.0366445	0.00418486	0.0164829	0.582308	0.141914	0.0541647	0.0413873	0.0784368	0.0453077	0.0264032	0.225677	0.789655	2.95826	5	1.280559
948000	-409.6876	-556.2782	146.5906	10	0.215839	0.0230804	0.0698827	0.00592325	0.0387752	0.0051544	0.000718476	0.0163641	0.00884044	0.00134621	0.0202973	0.0272399	0.0447751	0.00228662	0.395892	0.0586939	0.0481473	0.0367418	0.0431814	0.0107317	0.000881583	0.0433834	0.42372	3.53202	5	0.8580722
949000	-420.654	-556.4783	135.8242	10	0.3736755	0.0410989	0.103289	0.0281799	0.0798946	0.0521983	0.0085599	0.0199501	0.0170572	0.00697595	0.0125478	0.0895176	0.0538404	0.0959429	0.700307	0.0328299	0.00390085	0.125849	0.137206	0.0453041	0.0131071	0.161835	0.701147	3.12391	5	1.654449
950000	-422.6206	-570.4282	147.8076	10	0.3429694	0.119889	0.0273906	0.0143488	0.0855143	0.00145705	0.00395541	0.012703	0.00491285	0.0174349	0.0414015	0.0416159	0.036697	0.0769503	0.660856	0.0696226	0.0735784	0.00520143	0.0357043	0.0262671	0.00941818	0.13808	0.661388	3.19111	5	1.355501
951000	-418.0806	-559.7517	141.6712	10	0.2954955	0.00149349	0.0901697	0.00146868	0.0633352	0.0266496	0.0104097	0.00176349	0.000586944	0.00719902	0.00923934	0.0593956	0.143204	0.0705615	0.504257	0.0290849	0.0521528	0.0594474	0.0369867	0.0168815	0.00493703	0.100996	0.58816	3.30591	5	1.184286
952000	-416.8506	-561.4311	144.5805	10	0.5209396	0.0481315	0.0827967	0.050998	0.0432665	0.0435629	0.00440317	0.00746344	0.00964019	0.00360392	0.0494856	0.0124374	0.132801	0.117366	0.433482	0.00292436	0.0572238	0.0231558	0.0207332	0.113702	0.0373314	0.265366	0.834926	2.86238	5	1.257177
953000	-417.6506	-550.5444	132.8939	10	0.2369711	0.00603744	0.125414	0.0157877	0.0288096	0.0039606	0.0172408	0.00118773	0.00801981	0.00444554	0.0328306	0.0565999	0.0681453	0.0377882	0.566552	0.0580105	0.0643948	0.0323791	0.059572	0.034666	0.00155914	0.0574557	0.473193	3.46779	5	1.221842
954000	-426.9123	-560.16	133.2477	10	0.7354941	0.0379605	0.0943944	0.00599075	0.0389831	0.0467709	0.00276938	0.00526901	0.0320297	0.00984116	0.0150531	0.0638744	0.0463146	0.0598848	0.450025	0.0242031	0.136675	0.0667319	0.106456	0.122182	0.0817802	0.379807	0.937343	2.60107	5	1.365409
955000	-411.5769	-558.0395	146.4626	10	0.2721957	0.025946	0.116048	0.0367837	0.0448679	0.0391269	0.0115361	0.000214325	0.00653047	0.0171043	0.0240152	0.0579088	0.0632562	0.0467788	0.533051	0.000444816	0.0315958	0.0333234	0.0911903	0.105658	0.00331134	0.0831242	0.546017	3.36755	5	1.28538
956000	-421.647	-555.4956	133.8486	10	0.2108467	0.0715321	0.0976245	0.0287198	0.0504628	0.0301431	0.00138774	0.0262015	0.00510471	0.0038316	0.0168896	0.0327352	0.0388801	0.0598169	0.894925	0.0173295	0.071557	0.0439097	0.0250064	0.121833	0.000757698	0.0402579	0.411369	3.54762	5	1.63789
957000	-417.7485	-558.283	140.5345	10	0.2246811	0.0124323	0.0594915	0.00043161	0.0311422	0.002574	0.00912239	0.0341381	0.0221032	0.00399785	0.0808583	0.00631739	0.0347509	0.0405715	0.736044	0.0149396	0.0320071	0.0992453	0.0865904	0.0645542	0.00113385	0.0491165	0.444969	3.50478	5	1.371311
958000	-431.2518	-559.312	128.0602	10	0.3233894	0.00776955	0.0965617	0.00759874	0.0458112	0.0805108	0.00488679	0.00763692	0.0034503	0.0134039	0.0368855	0.0357492	0.0883739	0.101943	0.718373	0.148227	0.0282575	0.0175644	0.0149379	0.0537805	0.00738324	0.12277	0.63307	3.23678	5	1.511722
959000	-415.9339	-557.8764	141.9424	10	0.2959797	0.00846689	0.0997062	0.0213855	0.0373697	0.0457835	0.0066093	0.0274825	0.0202105	0.00294186	0.0108092	0.033302	0.0243723	0.0637577	0.421079	0.0490117	0.00519935	0.0693288	0.00586199	0.0551577	0.00497486	0.101371	0.588989	3.30466	5	1.007836
960000	-409.8181	-554.1004	144.2822	10	0.3724048	0.0268297	0.0842204	0.0464072	0.0605235	0.00779692	0.00562939	0.02925	0.00674885	0.00925248	0.00905927	0.0273677	0.112397	0.0335593	0.58669	0.0491333	0.0752498	0.0312943	0.00170834	0.00683555	0.0129429	0.160862	0.699605	3.12659	5	1.209953
961000	-411.9108	-552.53	140.6191	10	0.3216101	0.0120403	0.147085	0.0296974	0.0910629	0.0248574	0.00520044	0.0162499	0.00647983	0.0125819	0.0160637	0.0768503	0.0904267	0.0432304	0.924294	0.0364055	0.0474601	0.0169515	0.150402	0.0574372	0.00721112	0.121377	0.630371	3.24104	5	1.804777
962000	-419.7485	-563.7715	144.023	10	0.3520199	0.0293753	0.0858974	0.0841419	0.0683437	0.0024245	0.0303452	0.00518155	0.0162816	0.00884221	0.0255673	0.0413685	0.0427451	0.0824926	0.404782	0.142234	0.00488816	0.05935	0.0663444	0.0421412	0.010444	0.145125	0.673668	3.17076	5	1.242746
963000	-423.7544	-557.1882	133.4338	10	0.3312619	0.0352032	0.0656554	0.00871353	0.0513003	0.0026121	0.0275439	0.00187141	0.0147929	0.00203334	0.0282371	0.00434592	0.00386253	0.0315911	0.517666	0.0738321	0.0783758	0.0837555	0.127377	0.0414957	0.00817059	0.128932	0.644754	3.21814	5	1.200265
964000	-420.2762	-556.484	136.2078	10	0.5246649	0.0349942	0.0636352	0.0270625	0.0369768	0.0139152	0.00611355	0.0048389	0.000953256	0.00632754	0.0111095	0.0782213	0.0284502	0.0425565	0.42326	0.0634186	0.0232739	0.0787504	0.0303036	0.0339716	0.0380453	0.267713	0.837417	2.85682	5	1.008132
965000	-414.366	-553.2094	138.8434	10	0.4625534	0.0574191	0.101624	0.0186162	0.05473	0.0165356	0.0098062	0.0420321	0.00728274	0.0168493	0.0279569	0.0290197	0.111785	0.023311	0.513839	0.072625	0.00559396	0.0477835	0.15729	0.0370153	0.0266753	0.226768	0.790985	2.95557	5	1.351115
966000	-425.9701	-563.1153	137.1452	10	0.6621979	0.0303258	0.163105	0.0519525	0.10013	0.0437059	0.0643389	0.0906083	0.0167743	0.00519814	0.0203492	0.0428357	0.090693	0.152702	0.787574	0.153881	0.110961	0.038469	0.0330197	0.0230978	0.0661394	0.345134	0.910012	2.67871	5	2.019722
967000	-409.5269	-553.2445	143.7175	10	0.2566646	0.0205505	0.0904269	0.0112704	0.0553987	0.0136826	0.0121789	0.0251097	0.00863733	0.00184397	0.00301558	0.0324252	0.0161816	0.108776	0.517604	0.0116132	0.140832	0.0139464	0.00871087	0.0312428	0.00243703	0.0715435	0.515331	3.41069	5	1.123446
968000	-416.2335	-551.9216	135.6882	10	0.2336669	0.00331244	0.0785805	0.0208538	0.0417846	0.0329752	0.00207251	0.018903	0.00369366	0.00102205	0.00178231	0.0516298	0.08261	0.0131428	0.439652	0.0172084	0.037305	0.0212192	0.0834172	0.0447276	0.00143591	0.055175	0.465753	3.47764	5	0.9958922
969000	-421.8522	-558.5465	136.6943	10	0.55609	0.00377789	0.151717	0.0450566	0.061951	0.0096672	0.034731	0.00676237	0.00642166	0.0174882	0.032834	0.0173233	0.0884427	0.0882985	0.655812	0.0809297	0.0299098	0.033885	0.176519	0.0692151	0.0441974	0.286965	0.85715	2.81169	5	1.610741
970000	-406.7999	-548.9146	142.1147	10	0.2597829	0.0218753	0.0855281	0.0254063	0.0215246	0.00744055	0.00632495	0.0112542	0.00270005	0.00860511	0.018421	0.0497626	0.0588411	0.0717316	0.464974	0.0118869	0.0644539	0.0267482	0.0432174	0.0134926	0.00259939	0.0738403	0.521667	3.40189	5	1.014189
971000	-426.4523	-558.1826	131.7303	10	0.2998425	0.00142932	0.166434	0.026134	0.0546014	0.0249407	0.0394255	0.000229336	0.0205295	0.00072063	0.0695412	0.0127513	0.146989	0.00463566	0.514459	0.0922197	0.0790824	0.16553	0.0362733	0.0571666	0.00528254	0.104373	0.595538	3.29481	5	1.513094
972000	-420.3612	-558.2502	137.889	10	0.4218952	0.0275089	0.0849312	0.0158513	0.068572	0.0320248	0.0158346	0.00068096	0.0106671	0.0039664	0.00829024	0.0178161	0.0134835	0.1584	0.633107	0.0806588	0.0252989	0.0358572	0.0160523	0.0297003	0.0199957	0.197914	0.753927	3.02816	5	1.278701
973000	-415.695	-553.3955	137.7005	10	0.3068146	0.0185609	0.0669248	0.0230291	0.0410201	0.00342874	0.00151763	0.00269856	0.0156663	0.0105335	0.00580046	0.05049	0.0750797	0.0830591	0.743578	0.055336	0.0536954	0.0634382	0.0327152	0.0129238	0.00586436	0.109806	0.607072	3.27726	5	1.359496
974000	-417.9203	-552.7778	134.8575	10	0.1901224	0.0204258	0.0588638	0.0333991	0.0403003	0.0159269	0.0136801	0.0108814	0.00109302	0.00472624	0.0105493	0.0314723	0.019615	0.0159403	0.546159	0.0533853	0.0459582	0.0129149	0.00219794	0.0788471	0.000371059	0.0282785	0.35739	3.61396	5	1.016336
975000	-419.3119	-559.1399	139.8279	10	0.3319263	0.0561048	0.0536664	0.020652	0.0506992	0.0213773	0.00666684	0.00513968	0.00520158	0.0108274	0.015435	0.042699	1.3911e-05	0.105621	0.568831	0.0276446	0.0310353	0.057946	0.0186038	0.109863	0.00823894	0.129452	0.645722	3.21659	5	1.208028
976000	-411.5805	-557.9085	146.328	10	0.2910313	0.0387586	0.0395779	0.0276933	0.0618503	0.00565344	0.00275996	0.0402521	0.00805168	0.0107243	0.0262429	0.0659702	0.0117026	0.0154069	0.479753	0.0538581	0.0609984	0.0653262	0.0464915	0.0357542	0.00459604	0.0975387	0.580429	3.31744	5	1.096826
977000	-411.391	-553.949	142.558	10	0.3369724	0.0377614	0.0606113	0.0366496	0.0583232	0.011298	0.00260453	0.0236908	0.00561886	0.00474781	0.0433665	0.0791261	0.0436078	0.0393532	0.657764	0.0837959	0.0503138	0.050007	0.0103748	0.0843588	0.00876778	0.133398	0.652976	3.20486	5	1.383374
978000	-413.4847	-554.5771	141.0924	10	0.5717959	0.0442896	0.121317	0.0367746	0.0319629	0.0167589	0.00342628	0.00647416	0.0156821	0.0057591	0.05085	0.00799049	0.0942587	0.0419406	0.754571	0.102622	0.0111296	0.0836699	0.0370226	0.0946593	0.0473481	0.296226	0.866218	2.79021	5	1.561158
979000	-424.9525	-563.275	138.3226	10	0.8394286	0.0814197	0.199138	0.0344034	0.0477439	0.0375246	0.0438049	0.00299164	0.0364703	0.00946838	0.0245326	0.0523371	0.143174	0.05562	0.613508	0.053287	0.0210357	0.106324	0.142919	0.0269235	0.103917	0.422537	0.967309	2.50624	5	1.732627
980000	-411.9879	-553.0947	141.1069	10	0.2296052	0.0278877	0.0757505	0.00683334	0.0567834	0.00537263	0.00108046	0.024379	0.00933213	0.00482569	0.0377463	0.0245483	0.025825	0.0684713	0.389038	0.0103962	0.0780653	0.00127378	0.0128476	0.0414866	0.00129348	0.0524094	0.456459	3.48984	5	0.9019429
981000	-412.3038	-562.5814	150.2777	10	0.2842684	0.0472985	0.0643385	0.0113137	0.0725296	0.0208115	0.0481549	0.00900434	0.00472187	0.00865293	0.0171997	0.0401805	0.033389	0.0644608	0.451633	0.0940467	0.0276883	0.058221	0.0479736	0.00506686	0.00410616	0.0923272	0.568413	3.33515	5	1.126686
982000	-417.2294	-555.0823	137.8529	10	0.2105119	0.0410897	0.0966912	0.0127593	0.0162315	0.0436803	0.00587717	0.0210141	0.00106977	0.00604185	0.0271903	0.0389573	0.0224571	0.0726519	0.738143	0.123284	0.0326974	0.0968124	0.0135064	0.0270738	0.000749848	0.0400514	0.410532	3.54867	5	1.437228
983000	-412.7417	-550.5001	137.7584	10	0.2890531	0.0151064	0.063116	0.0139915	0.0463497	0.000756283	0.0114588	0.00014777	0.0121656	0.00458027	0.0116578	0.0509197	0.0918298	0.008899	0.591393	0.0798007	0.114435	0.0432349	0.00246047	0.0441857	0.00444942	0.0960108	0.576952	3.32259	5	1.206489
984000	-421.9445	-557.2512	135.3067	10	0.4192791	0.0357299	0.133494	0.0408317	0.0908558	0.00745247	0.0206134	0.00167388	0.0070172	0.0133695	0.0228438	0.0284568	0.0157197	0.106884	0.989835	0.0312693	0.115803	0.0295254	0.0107606	0.143193	0.0195912	0.196005	0.751327	3.03308	5	1.845329
985000	-416.757	-559.3555	142.5985	10	0.5480046	0.0323705	0.0653914	0.0212384	0.0246368	0.0109856	0.001446	0.0137887	0.00809657	0.00140812	0.0281964	0.0246629	0.0190274	0.0171287	0.392425	0.0857313	0.0336619	0.0268404	0.017872	0.0660076	0.042594	0.282104	0.852283	2.82302	5	0.8909153
986000	-424.0269	-557.7047	133.6778	10	0.1783291	0.0487236	0.0589327	0.056098	0.0307671	0.0208794	0.00215364	0.005398	0.0134187	0.0159207	0.00319621	0.0397104	0.00575703	0.120157	0.726185	0.0927798	0.0492455	0.0323772	0.0225276	0.0649856	0.000229477	0.0222828	0.324791	3.6527	5	1.409214
987000	-419.4957	-560.0428	140.5471	10	0.4359369	0.0343765	0.0381119	0.0320652	0.0853772	0.00301969	0.0306337	0.0435766	0.0106186	0.0115766	0.0401105	0.0411604	0.0860059	0.0553612	0.496164	0.0820596	0.0181726	0.109843	0.0862676	0.018059	0.0222218	0.208055	0.767414	3.00231	5	1.32256
988000	-421.4866	-557.2019	135.7152	10	0.4773308	0.0370368	0.190189	0.0479895	0.102397	0.00789302	0.0184742	0.00219096	0.00989746	0.00303058	0.0408177	0.0271643	0.0771542	0.104298	0.77953	0.00756677	0.0800281	0.0712907	0.0834899	0.0264792	0.029267	0.236859	0.803046	2.93083	5	1.716918
989000	-407.3515	-550.7591	143.4076	10	0.3798447	0.00647381	0.109617	0.00908789	0.0347928	0.0101201	0.00193665	0.00452046	0.00212012	0.0144764	0.0268396	0.0601978	0.0292681	0.0289756	0.485376	0.0513319	0.0721407	0.0494133	0.107307	0.074061	0.0139173	0.166547	0.708515	3.11102	5	1.178056
990000	-407.3527	-553.0596	145.7068	10	0.3163765	0.0113708	0.0650791	0.0396782	0.0395375	0.00455547	0.00216509	0.0094954	0.00141225	0.0151382	0.0211121	0.0241692	0.00810954	0.0477665	0.641506	0.0940737	0.0733442	0.0382144	0.0638796	0.0393466	0.00671744	0.11728	0.622307	3.2537	5	1.239954
991000	-409.3778	-556.19	146.8121	10	0.292725	0.0403728	0.096923	0.00574775	0.0273226	0.0187975	0.0073447	0.00364405	0.00360092	0.00876141	0.0114908	0.0164107	0.0135593	0.0198123	0.421822	0.0935659	0.0079637	0.0707213	0.0373555	0.115736	0.00472376	0.0988488	0.58338	3.31305	5	1.020952
992000	-418.0936	-557.1595	139.0659	10	0.3055685	0.0526786	0.0295321	0.0132747	0.0423124	0.00710938	0.0192887	0.00563225	0.0163882	0.0056696	0.0241845	0.0404882	0.0688845	0.0112193	0.8661	0.0456889	0.0158008	0.133069	0.145667	0.0750598	0.00575788	0.108833	0.605037	3.28037	5	1.618048
993000	-431.4929	-557.8437	126.3508	10	0.5538427	0.0516811	0.115212	0.0172837	0.0645028	0.012966	0.0213125	0.0103885	0.020935	0.000418207	0.0419297	0.0414153	0.0064415	0.137157	0.956645	0.132994	0.017258	0.060292	0.113817	0.0652402	0.0437504	0.28562	0.855811	2.81482	5	1.887889
994000	-416.9316	-550.2783	133.3468	10	0.3947768	0.0390654	0.0901354	0.0172062	0.0476137	0.0292059	0.000477783	0.0013466	0.00571783	0.0151254	0.0468552	0.0215881	0.0219512	0.0904028	0.726677	0.0775905	0.105102	0.00457011	0.0254672	0.052834	0.0159681	0.177844	0.725566	3.08062	5	1.418932
995000	-411.4228	-556.1425	144.7197	10	0.4099417	0.0196384	0.0888074	0.0258814	0.0761679	0.00147084	0.00552334	0.0159918	0.00492765	0.0187785	0.00734807	0.0609517	0.0433339	0.168547	0.705889	0.0638092	0.0005311	0.0690037	0.0871618	0.0761212	0.0181744	0.189143	0.741818	3.05086	5	1.539884
996000	-408.535	-552.5565	144.0215	10	0.3594871	0.023018	0.04529	0.0301044	0.0412235	0.0111556	0.0044075	0.0114591	0.00877945	0.00772328	0.0125741	0.0280062	0.121993	0.00248106	0.602906	0.0383109	0.0986283	0.0320861	0.046605	0.00961234	0.0113297	0.150914	0.683438	3.15432	5	1.176364
997000	-421.0851	-558.0812	136.9961	10	0.4667128	0.0367766	0.0815455	0.011761	0.055724	0.0153669	0.00329015	0.0275043	0.00908283	0.00861144	0.0236189	0.0627311	0.0114063	0.0299474	0.524345	0.104485	0.0690295	0.0108301	0.0952866	0.0412396	0.0273967	0.22963	0.79445	2.94852	5	1.222583
998000	-413.2735	-548.3616	135.0881	10	0.3523323	0.0158979	0.0934617	0.0204626	0.0317384	0.0154166	0.0053909	0.00671301	0.00899721	0.00825964	0.00717762	0.0411276	0.0273528	0.0289792	0.331529	0.0694544	0.021365	0.0385849	0.0374126	0.0526191	0.0104804	0.145368	0.674083	3.17007	5	0.8619399
999000	-420.2327	-559.9799	139.7473	10	1.127683	0.0906647	0.15137	0.034756	0.0665616	0.0153203	0.0136753	0.0131313	0.0123171	0.010413	0.124989	0.00944104	0.0713691	0.124144	0.704882	0.0323497	0.173155	0.0414194	0.00098157	0.158234	0.161703	0.512031	1.01831	2.30796	5	1.849174
1000000	-419.6771	-556.1848	136.5077	10	0.2586025	0.0500985	0.07102	0.0463389	0.0267543	0.0168872	0.014264	0.0191514	2.72414e-05	0.0113999	0.0261273	0.0222025	0.0227268	0.0720183	0.798025	0.0216637	0.00498914	0.0944559	0.0425899	0.00387206	0.00253716	0.0729691	0.519279	3.40521	5	1.364612
1001000	-409.7354	-553.3434	143.608	10	0.3042709	0.0291955	0.0704701	0.0190257	0.0711901	0.00859313	0.000452766	0.00214171	0.0152651	0.0101669	0.0362075	0.0779779	0.131447	0.0837873	0.63597	0.0642189	0.0443092	0.00104212	0.0859236	0.00112957	0.00564815	0.107821	0.602906	3.28362	5	1.388513
1002000	-423.5053	-560.0033	136.498	10	0.718049	0.0453116	0.0596025	0.0202079	0.0802425	0.0266608	0.000966402	0.0163705	0.000901487	0.000625328	0.012313	0.0600329	0.0734745	0.0689491	0.568719	0.149372	0.0255107	0.0413663	0.0728029	0.0255662	0.078047	0.371923	0.931377	2.61865	5	1.348996
1003000	-412.5512	-553.8786	141.3274	10	0.2687361	0.0192877	0.0671962	0.0178739	0.00925728	0.00467745	0.00305839	0.0121941	0.00220148	0.0158644	0.0165358	0.0331845	0.0382447	0.0668772	0.437655	0.0294839	0.0158967	0.0292953	0.0832281	0.0435693	0.00310227	0.080516	0.539368	3.37701	5	0.945581
1004000	-410.7789	-557.4067	146.6278	10	0.2550943	0.0211832	0.0540656	0.0410143	0.019229	0.00419762	0.0035005	0.000240433	0.00657092	0.0174886	0.0199558	0.0435657	0.0559365	0.0422631	0.443983	0.0154601	0.150879	0.0192962	0.0204015	0.0520572	0.00235773	0.0703929	0.512106	3.41514	5	1.031289
1005000	-431.0278	-557.2558	126.228	10	0.7427692	0.0957676	0.132164	0.0411855	0.101577	0.00313468	0.000301118	0.0587751	0.0135399	0.00964097	0.0165396	0.0679783	0.157573	0.098374	0.941597	0.0782138	0.00374363	0.0870217	0.152475	0.0100606	0.0833373	0.38303	0.939742	2.59389	5	2.069662
1006000	-412.8377	-557.9831	145.1453	10	0.3743898	0.0166386	0.0783046	0.0351352	0.0262664	0.0117014	0.00149125	0.0104797	0.015842	0.00830797	0.00764245	0.0522216	0.0500106	0.113384	0.496156	0.038017	0.0541811	0.0469625	0.0743208	0.0979885	0.0131997	0.162382	0.70201	3.12241	5	1.235052
1007000	-417.0679	-559.3164	142.2484	10	0.37471	0.0285046	0.135829	0.0141287	0.0162101	0.0234742	0.0189977	0.0746074	0.00241425	0.00292309	0.0165755	0.0120596	0.0768617	0.0588762	0.751757	0.0480901	0.0443313	0.0529674	0.0075851	0.0461241	0.0132414	0.162627	0.702396	3.12174	5	1.432317
1008000	-426.2054	-558.2892	132.0838	10	0.3446428	0.0297702	0.104408	0.0489009	0.0561083	0.0545183	0.00121412	0.0023387	0.00923905	0.0369725	0.00377489	0.0525738	0.0110709	0.0593404	0.761685	0.0796709	0.0685956	0.0606814	0.016939	0.0738898	0.00960387	0.139384	0.663696	3.18732	5	1.531692
1009000	-429.1057	-557.0155	127.9098	10	0.3508398	0.0216858	0.0880545	0.0392146	0.0431362	0.00369651	0.00752075	0.00358839	0.012913	0.00562446	0.0220795	0.0431387	0.0391668	0.0443678	0.536063	0.0162778	0.156835	0.0426196	0.0484263	0.0222983	0.0103073	0.144208	0.672094	3.17339	5	1.196707
1010000	-420.0107	-564.4365	144.4258	10	0.2272726	0.0111174	0.12257	0.00902783	0.0408075	0.00216031	0.0115236	0.00406826	0.0319429	0.00611687	0.00994935	0.0439402	0.0757867	0.0352718	0.452069	0.0480917	0.0175864	0.0395074	0.107994	0.0124527	0.00121611	0.0508411	0.451047	3.4969	5	1.081984
1011000	-417.2222	-562.3043	145.0821	10	0.2508564	0.0455684	0.0473739	0.00550345	0.027069	0.0174755	0.0178041	0.00162695	0.00168054	0.00723288	0.0135694	0.0208451	0.0409567	0.0737494	0.540797	0.031135	0.00507881	0.0186978	0.0153399	0.0344396	0.00215191	0.0673092	0.503288	3.42725	5	0.9659433
1012000	-422.181	-555.8111	133.6301	10	0.5294738	0.00317914	0.153845	0.0146881	0.0420425	0.044995	0.0125545	0.0125754	0.0237248	0.00483823	0.00860965	0.0601656	0.0652469	0.0605749	0.661277	0.0531867	0.103445	0.132062	0.0368573	0.146583	0.0389721	0.270722	0.840584	2.84972	5	1.640451
1013000	-424.5016	-560.22	135.7184	10	0.4667196	0.126131	0.0831669	0.0304197	0.0100841	0.0084688	0.00502442	0.0248678	0.00179061	0.00385466	0.0175299	0.0435625	0.079873	0.144838	0.946818	0.129829	0.0740147	0.0068431	0.0549016	0.0122618	0.0273979	0.229635	0.794456	2.94851	5	1.804279
1014000	-406.2009	-554.295	148.0941	10	0.2862877	0.0224245	0.0575026	0.0254691	0.0356422	0.0122216	0.00412531	0.0276048	0.00258822	0.00425979	0.0152081	0.0450621	0.0375518	0.0161074	0.383536	0.0767359	0.00689935	0.0502635	0.0327595	0.0521016	0.00424906	0.0938797	0.572039	3.32983	5	0.9080634
1015000	-408.6547	-553.4432	144.7884	10	0.2617537	0.00392788	0.0986944	0.0329093	0.0511078	0.0168709	0.00595588	0.00158373	0.00689035	0.00407469	0.0370373	0.0250484	0.017448	0.00105777	0.554399	0.0678923	0.121692	0.00461516	0.0235603	0.103418	0.0027054	0.0752999	0.525626	3.39637	5	1.178183
1016000	-434.7283	-570.6797	135.9513	10	0.7762959	0.0483609	0.140793	0.0115525	0.0320348	0.0320704	0.00532813	0.0050883	0.0114773	0.0324015	0.0256763	0.0434255	0.049332	0.0847805	0.496365	0.0522711	0.0310435	0.0748905	0.0332057	0.190848	0.0905057	0.397413	0.950164	2.56192	5	1.400945
1017000	-420.2947	-558.5124	138.2177	10	0.5026461	0.0775559	0.137625	0.0120399	0.0791611	0.0154797	0.0125725	0.00755906	0.0105667	0.00427398	0.00208856	0.074603	0.148287	0.0644031	0.449584	0.016894	0.0116156	0.0114001	0.147844	0.0966898	0.0338792	0.25364	0.822184	2.8903	5	1.380242
1018000	-419.8908	-556.2926	136.4018	10	0.5233463	0.0104717	0.0691238	0.0332342	0.0432749	0.0233615	0.0131904	0.020118	0.00281337	0.0148337	0.00243094	0.0933942	0.00707245	0.0638191	0.461047	0.084457	0.00881503	0.0403531	0.0847162	0.0534542	0.0377922	0.266884	0.836539	2.85878	5	1.12998
1019000	-423.2402	-562.8973	139.6572	10	1.092554	0.0170617	0.0535242	0.0213571	0.0555278	0.0181455	0.0109835	0.0161621	0.00272206	0.00745455	0.00128751	0.0815585	0.0393686	0.0426342	0.449136	0.124264	0.087405	0.00295598	0.157521	0.0333987	0.155042	0.502907	1.01379	2.32826	5	1.222467
1020000	-416.5817	-562.0531	145.4715	10	0.6005419	0.0102114	0.0648302	0.0207944	0.072339	0.0147896	0.042402	0.0336454	0.0141584	0.00798668	0.0422159	0.0209853	0.0364025	0.0359629	0.337544	0.0662877	0.017082	0.0932663	0.0247414	0.0249051	0.0532199	0.312573	0.881595	2.75261	5	0.98055
1021000	-410.6243	-553.552	142.9277	10	0.31353	0.0208255	0.108082	0.0335981	0.0521643	0.0251614	0.0104368	0.0103189	0.00676483	0.00136297	0.00487674	0.0279882	0.0221214	0.0485789	0.362678	0.0750305	0.0155558	0.103666	0.0240185	0.0425925	0.00645685	0.115053	0.61784	3.26065	5	0.9958213
1022000	-418.586	-562.3995	143.8135	10	0.319072	0.0402935	0.0897532	0.0344539	0.061239	0.0108515	0.018222	0.0303807	0.00488049	0.000815589	0.0121635	0.0552872	0.0795931	0.014781	0.484648	0.186093	0.00617682	0.0383269	0.0588595	0.0721427	0.00696935	0.11939	0.626484	3.24716	5	1.298962
1023000	-422.4594	-560.7136	138.2541	10	0.5723832	0.0361532	0.106975	0.0342563	0.0683174	0.00703229	0.0374369	0.008166	0.0100474	0.00680988	0.0387911	0.0701063	0.0489383	0.097844	0.713001	0.0367186	0.12514	0.00963238	0.0854655	0.0326848	0.0474667	0.296568	0.866548	2.78942	5	1.573517
1024000	-423.9783	-556.9776	132.9993	10	0.2595669	0.0241608	0.0941002	0.0649437	0.0557174	0.0126943	0.0113357	0.007527	0.0194674	0.00515887	0.0113056	0.0521365	0.0440023	0.00803213	0.738458	0.0466388	0.0369477	0.14152	0.0483122	0.130917	0.00258793	0.0736807	0.521231	3.4025	5	1.553375
1025000	-411.5552	-557.2646	145.7094	10	0.6319021	0.0572849	0.120837	0.056691	0.0561407	0.00524091	0.000311436	0.0409884	0.0113592	0.00690722	0.00412768	0.0424159	0.0575646	0.0333256	0.490349	0.001007	0.148556	0.0408304	0.00722096	0.0978811	0.0597475	0.329547	0.896761	2.71394	5	1.279039
1026000	-421.2574	-565.5713	144.3139	10	0.2741231	0.00407309	0.068472	0.0571144	0.0466261	0.0224053	0.0190825	0.00491169	0.00774829	0.0011024	0.0244007	0.0410211	0.029434	0.10274	0.49771	0.0310172	0.0319913	0.0164187	0.0532542	0.0976353	0.00343141	0.0845833	0.549676	3.36231	5	1.157158
1027000	-421.5052	-561.5299	140.0248	10	0.3526104	0.0598849	0.0757428	0.0140761	0.0381823	0.0062688	0.0148333	0.0196117	0.00918444	0.00297075	0.0507498	0.0133631	0.120754	0.0107654	0.585017	0.0101041	0.0305056	0.0374494	0.0633204	0.200986	0.0105128	0.145584	0.674452	3.16945	5	1.363769
1028000	-420.5991	-559.5928	138.9938	10	0.368585	0.031993	0.0860521	0.0637435	0.0754183	0.0130928	0.00816222	0.0162355	0.00118269	0.013492	0.0231	0.0640201	0.0454236	0.0744893	0.680496	0.185224	0.147314	0.0270447	0.0587689	0.00259274	0.0124554	0.15793	0.694918	3.1347	5	1.617846
1029000	-409.4253	-554.7847	145.3594	10	0.2398455	0.0168291	0.122901	0.0275852	0.04418	0.00693926	0.0105856	0.0141556	0.00171686	0.0192363	0.000495464	0.0436367	0.0718942	0.0212627	0.493309	0.0137776	0.0214779	0.00888131	0.0338278	0.0841296	0.00167181	0.0594609	0.479576	3.45929	5	1.056821
1030000	-425.4113	-556.6988	131.2875	10	0.6686998	0.0292076	0.0986148	0.00233519	0.0537273	0.0425674	0.00758536	0.00300022	0.00282953	0.00637283	0.0343715	0.00311343	0.141876	0.0691312	0.67754	0.0250073	0.0704787	0.0926284	0.0557854	0.00799691	0.0675192	0.34838	0.912693	2.67141	5	1.424169
1031000	-409.2719	-554.3572	145.0853	10	0.4378787	0.0185358	0.153073	0.0350484	0.0634557	0.009676	0.00313846	0.00171482	0.0021552	0.0175854	0.0574531	0.0183851	0.00553842	0.0538881	0.611616	0.0551056	0.0435904	0.0950091	0.0793113	0.0331254	0.0225366	0.209443	0.76922	2.9988	5	1.357405
1032000	-414.3564	-553.6891	139.3327	10	0.5234998	0.0252574	0.121081	0.0265547	0.0805059	0.0148593	0.0225752	0.00231886	0.00831755	0.00238189	0.0231772	0.0336273	0.0495705	0.0482613	0.774167	0.109035	0.0755135	0.0546954	0.109674	0.0495687	0.0378217	0.26698	0.836642	2.85856	5	1.631142
1033000	-419.5595	-566.4291	146.8696	10	0.374461	0.032812	0.0778604	0.0364498	0.0559988	0.000107052	0.0168289	0.00334495	0.00719307	0.0161125	0.00866363	0.041283	0.209367	0.0336832	0.442569	0.0119032	0.0519984	0.00595419	0.0384672	0.0262855	0.013209	0.162436	0.702096	3.12226	5	1.116882
1034000	-419.9309	-553.3851	133.4543	10	0.3024909	0.0133789	0.0971914	0.0184634	0.0330178	0.00459252	0.00883265	0.00499471	0.0011057	0.00402626	0.0622898	0.00984464	0.0150698	0.053478	0.707167	0.0342345	0.0600883	0.0561453	0.10095	0.212755	0.00549954	0.106434	0.599962	3.2881	5	1.497626
1035000	-418.8668	-555.2588	136.392	10	0.3476915	0.0378882	0.102576	0.00962414	0.0817792	0.00959486	0.00457665	0.0315579	0.00378221	0.0052902	0.0287962	0.0430551	0.162379	0.0506986	0.523495	0.0253047	0.138113	0.0691764	0.0224734	0.034221	0.00994683	0.141759	0.667856	3.18044	5	1.384381
1036000	-416.5566	-555.7505	139.194	10	0.4451772	0.0131215	0.113239	0.0123148	0.0396468	0.0239112	0.0280546	0.027226	0.00560139	0.00575015	0.00127091	0.0580461	0.0386126	0.143894	0.542152	0.0818314	0.0594122	0.0179449	0.0110692	0.0123512	0.0237347	0.214629	0.775881	2.98576	5	1.23545
1037000	-421.2122	-551.783	130.5708	10	0.3117115	0.00699473	0.0520934	0.0359404	0.0318239	0.0041118	0.00566581	0.00883011	0.00310488	0.00666273	0.0121609	0.0190651	0.056925	0.00873713	0.369604	0.0758737	0.0542919	0.0392417	0.00946294	0.0295666	0.00629332	0.113631	0.614957	3.26512	5	0.8301563
1038000	-408.9416	-552.7048	143.7631	10	0.2034509	0.00970771	0.106241	0.0244659	0.0248615	0.00209961	0.00444301	0.0190768	0.0134227	0.00185801	0.00753507	0.0293304	0.158484	0.0340864	0.637233	0.0250163	0.0644923	0.0392944	0.0463879	0.0589956	0.000597196	0.0357897	0.392604	3.57101	5	1.307033
1039000	-407.9747	-555.1039	147.1292	10	0.2230041	0.0839945	0.0812842	0.0171102	0.0378261	0.00890721	0.0189772	0.00537856	0.00815698	0.00750463	0.0333909	0.0112458	0.0562267	0.13379	0.640949	0.0313022	0.0273922	0.0190221	0.0141489	0.117598	0.00108266	0.0480108	0.441	3.50991	5	1.354206
1040000	-432.1262	-559.7147	127.5885	10	0.7460873	0.0212749	0.171045	0.132874	0.0934758	0.00694458	0.030103	0.0212805	0.0119666	0.00373489	0.00905769	0.0928458	0.0909503	0.025358	0.650029	0.0928812	0.176101	0.00772698	0.0458431	0.0542966	0.0840473	0.384488	0.940819	2.59065	5	1.737789
1041000	-428.2469	-559.074	130.8271	10	0.3894111	0.0189913	0.128239	0.0107761	0.0347785	0.0346959	0.0443648	0.0181128	0.00663235	0.00265011	0.0136594	0.0537924	0.0378274	0.070751	0.873607	0.0388136	0.0507875	0.102718	0.0682816	0.0480357	0.0152169	0.173803	0.719563	3.09142	5	1.657515
1042000	-421.1615	-553.6724	132.5109	10	0.306382	0.0362037	0.0615688	0.0225124	0.0583147	0.000381013	0.011143	0.0026168	0.00374307	0.0208769	0.00645233	0.0457571	0.0347311	0.0450269	0.474156	0.0810101	0.032102	0.0505118	0.00686886	0.0747807	0.00582727	0.109468	0.606366	3.27834	5	1.068758
1043000	-419.7136	-560.1351	140.4215	10	0.4643261	0.0437709	0.0437164	0.0310774	0.0673454	0.0118458	0.0317227	0.0189439	0.0042669	0.0165849	0.027313	0.030942	0.0819189	0.00396516	0.794365	0.191387	0.0236321	0.047098	0.0699062	0.0693675	0.026982	0.22799	0.792469	2.95256	5	1.609169
1044000	-413.972	-555.1009	141.129	10	0.5835408	0.0176175	0.0659881	0.0167864	0.0442088	0.0180368	0.0157589	0.0277694	0.021122	0.000526816	0.00290898	0.102334	0.0281037	0.0203059	0.782929	0.0724781	0.0642715	0.108843	0.205751	0.0312198	0.049732	0.302999	0.872684	2.77459	5	1.64696
1045000	-425.9709	-561.4537	135.4828	10	0.8972414	0.0506638	0.100933	0.0363015	0.0872783	0.0100977	0.00666465	0.021338	0.0130855	0.00642677	0.0167146	0.051897	0.113548	0.0160097	1.26599	0.145692	0.0951216	0.0655664	0.00774112	0.0833369	0.116022	0.443526	0.980643	2.45981	5	2.194409
1046000	-420.9044	-560.2091	139.3047	10	0.9420521	0.0586826	0.142612	0.0224368	0.0773335	0.00475778	0.0185754	0.0307707	0.00658349	0.0110572	0.0291889	0.0574339	0.0211091	0.117021	0.707751	0.124273	0.139635	0.110812	0.109775	0.0348704	0.125252	0.458613	0.989693	2.42644	5	1.824678
1047000	-426.957	-563.2024	136.2454	10	1.869996	0.0656042	0.133353	0.0495411	0.107021	0.0480003	0.0297901	0.016182	0.00887924	0.023225	0.00101699	0.123403	0.185269	0.00140759	1.15493	0.131272	0.0283558	0.00340046	0.0783312	0.0223708	0.277246	0.640437	1.06637	2.01595	5	2.211348
1048000	-419.6313	-559.3879	139.7566	10	0.9634301	0.0609971	0.112531	0.0291907	0.102253	0.00983307	0.0120248	0.0476672	0.00918019	0.0114162	0.0609675	0.0679137	0.0803784	0.0682616	0.618851	0.0367331	0.124891	0.0286896	0.125158	0.140122	0.129601	0.465477	0.993666	2.41126	5	1.74706
1049000	-421.876	-559.2253	137.3493	10	0.6262518	0.0202615	0.11212	0.0142707	0.110353	0.00727792	0.00393319	0.0136283	0.00705603	0.00135128	0.0557226	0.0361006	0.05177	0.0348875	0.855299	0.101237	0.044147	0.0781777	0.00607854	0.0333143	0.0585637	0.326553	0.894143	2.72074	5	1.586986
1050000	-426.9522	-561.3716	134.4194	10	0.3479365	0.0316828	0.0459233	0.00709617	0.0185253	0.0419257	0.00301386	0.0237812	0.00846857	0.0208477	0.0215025	0.0583579	0.0523739	0.0711179	0.829581	0.0548023	0.0397039	0.0206232	0.089267	0.0724382	0.00997465	0.14195	0.668188	3.17989	5	1.511032
1051000	-411.7573	-552.7624	141.0052	10	0.3006357	0.050465	0.0610885	0.0252842	0.0438552	0.00423588	0.00464436	0.011428	0.00559281	0.0153817	0.0161287	0.013512	0.0545651	0.0557924	0.336794	0.0764106	0.0195757	0.00250534	0.0345568	0.00349296	0.00534701	0.10499	0.596869	3.29279	5	0.835309
1052000	-418.988	-559.1225	140.1345	10	0.4792418	0.0502149	0.103636	0.00121306	0.0383844	0.0115681	0.00434026	0.00629166	0.00432503	0.0286692	0.00198194	0.034047	0.0272198	0.0573383	0.428612	0.0377064	0.0375033	0.00980767	0.0483667	0.0147926	0.0296078	0.238148	0.804556	2.92769	5	0.9460185
1053000	-417.3291	-554.5714	137.2422	10	0.3167896	0.0070113	0.0611821	0.0252075	0.0406781	0.0144441	0.0202108	0.0093597	0.00568178	0.00198515	0.00477091	0.0388821	0.046453	0.0719053	0.646683	0.117444	0.0643009	0.0153717	0.00259702	0.0099203	0.00675572	0.117603	0.622951	3.25269	5	1.204089
1054000	-438.4376	-569.9595	131.5219	10	0.8721409	0.0664428	0.083913	0.0417464	0.0588689	0.0812911	0.00188648	0.0530994	0.00308023	0.0178918	0.0353536	0.0371244	0.291336	0.0433789	0.803423	0.14936	0.0349517	0.0318358	0.003826	0.11149	0.110792	0.434635	0.975101	2.47947	5	1.9503
1055000	-417.0962	-556.1971	139.1009	10	0.2811139	0.017279	0.080156	0.0222184	0.0422735	0.0327091	0.00899252	0.0078542	0.0032547	0.0147647	0.0228684	0.0351075	0.0461723	0.0196193	0.740812	0.0395663	0.0528895	0.116498	0.0134136	0.163879	0.00388865	0.089909	0.56268	3.34352	5	1.480328
1056000	-409.5543	-555.4385	145.8842	10	0.2956742	0.0149042	0.0717179	0.0128861	0.0410423	0.0193697	0.00183038	0.00227715	0.013079	0.0040604	0.00104846	0.094242	0.0342927	0.0183578	0.653696	0.0458508	0.0263607	0.129344	0.0420854	0.064086	0.00495097	0.101134	0.588466	3.30545	5	1.290531
1057000	-432.8263	-563.6618	130.8355	10	0.8926962	0.0475486	0.120656	0.0113246	0.0678093	0.011278	0.00861155	0.0290832	0.0152138	0.000888447	0.0114799	0.0810279	0.0222471	0.204323	0.695562	0.225778	0.102186	0.165297	0.0611317	0.0166546	0.115078	0.441941	0.979666	2.46332	5	1.8981
1058000	-412.7086	-554.9381	142.2295	10	0.4453758	0.0512685	0.103092	0.0259613	0.0806133	0.0130846	0.00568777	0.0442335	0.00426157	0.00304797	0.0588055	0.00296506	0.0482107	0.086637	0.8731	0.0940668	0.153741	0.0106739	0.0936965	0.0196379	0.0237676	0.214769	0.77606	2.9854	5	1.772786
1059000	-404.6621	-554.7262	150.0641	10	0.2646023	0.0246799	0.0944788	0.0228693	0.0396813	0.00254456	0.0174226	0.0255377	0.00167908	0.0128823	0.0256602	0.0118781	0.133319	0.0686366	0.439355	0.0558483	0.00277415	0.0133284	0.0303758	0.0229132	0.00286328	0.0774197	0.531285	3.38843	5	1.045865
1060000	-407.1963	-552.3637	145.1674	10	0.5020107	0.0320004	0.0892156	0.0203894	0.0362799	0.00291389	0.0124421	6.49501e-05	0.00742293	0.000488017	0.00717255	0.0572746	0.0403777	0.0765174	0.724747	0.086734	0.0210671	0.0547025	0.105667	0.000939988	0.033761	0.253227	0.821726	2.89129	5	1.376417
1061000	-407.0053	-555.3599	148.3546	10	0.7030191	0.0138559	0.107967	0.0229007	0.0507637	0.0101193	0.00565084	0.0110336	0.00951686	0.00494093	0.0294228	0.0490599	0.148868	0.0617943	0.556972	0.0266667	0.177338	0.0214172	0.111764	0.0191062	0.0748333	0.364951	0.925982	2.63423	5	1.439157
1062000	-413.2397	-559.5542	146.3144	10	0.4137382	0.0507918	0.0887029	0.0281631	0.052452	0.0093467	0.0180181	0.0670356	0.00698771	0.00708745	0.00904908	0.0612018	0.014088	0.0238233	0.360433	0.0302145	0.0686547	0.0987375	0.0566874	0.124174	0.0187453	0.191942	0.745729	3.04358	5	1.175648
1063000	-409.0443	-558.0349	148.9906	10	0.2690543	0.0524385	0.0686919	0.0241045	0.0571519	0.0461411	0.00520459	0.00249118	0.010939	0.00418457	0.00284183	0.0588072	0.0114318	0.0608499	0.544445	0.0498981	0.0158415	0.0263227	0.0508306	0.0386	0.00312116	0.0807553	0.539984	3.37614	5	1.131216
1064000	-421.3411	-552.2731	130.932	10	0.3655695	0.00880598	0.114797	0.0506742	0.0279255	0.0129023	0.0135014	0.00630238	0.00582268	0.00152703	0.000521933	0.0320497	0.107327	0.0539315	0.358584	0.0203618	0.0661468	0.00720617	0.0383768	0.0246313	0.0120767	0.155609	0.691163	3.14115	5	0.9513952
1065000	-412.6441	-551.6522	139.0081	10	0.2849057	0.0221993	0.129415	0.0158726	0.0578197	0.00430127	0.00516052	0.00565805	0.00445679	0.00846434	0.0239333	0.0404029	0.0352608	0.0893321	0.577121	0.0422565	0.034362	0.0730639	0.0972768	0.081676	0.00415095	0.0928169	0.569561	3.33347	5	1.348033
1066000	-407.5403	-549.8561	142.3158	10	0.2109851	0.0199701	0.0911454	0.0120046	0.0544546	0.0202982	0.00594266	0.00666294	0.000187466	0.0143904	0.00823268	0.0434593	0.136522	0.0532235	1.00548	0.0507855	0.0103208	0.0763673	0.0142428	0.0993881	0.00076096	0.0403434	0.411715	3.54718	5	1.723079
1067000	-421.4524	-557.9985	136.546	10	0.818343	0.0365566	0.0990438	0.000626572	0.0841244	0.0131068	0.00178894	0.0164683	0.00847786	0.00584067	0.0446625	0.0152885	0.138368	0.0883139	0.44125	0.0523638	0.0805493	0.0759536	0.0417794	0.0885013	0.0994556	0.414416	0.961911	2.52422	5	1.333064
1068000	-416.6654	-556.9825	140.3171	10	0.3869049	0.051704	0.0807689	0.0114173	0.0298504	0.0442711	0.00780028	0.00201254	0.0111893	0.00309728	0.0107865	0.017895	0.0602259	0.0796174	0.425487	0.0670997	0.101294	0.0255514	0.0118228	0.0168106	0.0148714	0.171908	0.716712	3.09651	5	1.058701
1069000	-417.5094	-560.0053	142.4959	10	0.2916209	0.022318	0.0624587	0.0383154	0.0589805	0.019571	0.0267212	0.00108887	0.00205697	0.00525251	0.0360916	0.018445	0.0130369	0.0468977	0.356393	0.0682425	0.0402226	0.0344475	0.00518384	0.0339689	0.00464027	0.0979945	0.581459	3.31591	5	0.8896924
1070000	-416.222	-557.4254	141.2035	10	0.5016547	0.0105795	0.133623	0.0246167	0.0562282	0.00589484	0.0183315	0.0242087	0.0259451	0.000696225	0.0103855	0.0952545	0.0758799	0.120091	0.509098	0.0465335	0.0437218	0.0157919	0.210327	0.049458	0.0336948	0.252995	0.821469	2.89184	5	1.476665
1071000	-412.6549	-558.0887	145.4339	10	0.2588211	0.0045328	0.0773664	0.0176005	0.0587619	0.0420206	0.00221251	0.0067149	0.00553637	0.00238821	0.00745659	0.0363888	0.074126	0.0927907	0.708155	0.0562829	0.00662451	0.0324841	0.0148991	0.0563178	0.00254861	0.0731302	0.519722	3.4046	5	1.302659
1072000	-437.0673	-567.6836	130.6164	10	0.4266194	0.00480375	0.100913	0.0463714	0.033955	0.034015	0.023073	0.00858484	0.000656912	0.0232334	0.0516847	0.0610629	0.0363412	0.00771581	0.402955	0.132778	0.032796	0.119921	0.00127523	0.176179	0.0207345	0.201346	0.758551	3.01937	5	1.298315
1073000	-421.8345	-557.5997	135.7652	10	0.1929499	0.00835064	0.0946459	0.00905457	0.0658391	0.0227578	0.0159018	0.0194009	0.00292312	0.0211046	0.0068145	0.0621342	0.0351401	0.124109	0.882525	0.0112613	0.0621007	0.0881412	0.0591144	0.0217887	0.000412743	0.0298098	0.365008	3.60477	5	1.613108
1074000	-411.5782	-554.0828	142.5046	10	0.2384413	0.01747	0.0850625	0.0088064	0.0322661	0.0139774	0.0117647	0.0165205	0.00387344	0.00916685	0.00169088	0.0339797	0.033555	0.00617577	0.381291	0.0540383	0.114593	0.0300938	0.0383456	0.0887936	0.00161612	0.0584789	0.476468	3.46344	5	0.981464
1075000	-420.9103	-556.1935	135.2832	10	0.600525	0.0756484	0.129	0.0201835	0.065494	0.0048406	0.018522	0.0234386	0.00953322	0.00588347	0.0414892	0.0390538	0.0802173	0.0995435	0.702566	0.0252074	0.0553544	0.0731844	0.0173351	0.0410429	0.0532164	0.312564	0.881587	2.75263	5	1.527538
1076000	-424.4228	-560.1385	135.7157	10	0.2983708	0.016887	0.118312	0.0851876	0.0220343	0.0132632	0.0260366	0.00537988	0.0145223	0.0048194	0.0515866	0.0256258	0.0358586	0.07401	0.88227	0.0751474	0.0291421	0.0477042	0.082729	0.0841773	0.00516408	0.103228	0.593057	3.29855	5	1.694694
1077000	-421.37	-558.9602	137.5902	10	0.5554769	0.0479051	0.137465	0.0461679	0.123842	0.0105519	0.00179952	0.0124961	0.0128781	0.00376929	0.13104	0.0303625	0.102542	0.163733	0.922447	0.0691244	0.00852074	0.033325	0.153365	0.0639793	0.0440754	0.286599	0.856786	2.81254	5	2.075313
1078000	-416.3856	-556.0012	139.6156	10	0.596727	0.0797319	0.118097	0.0405891	0.0334089	0.00130039	0.0441538	0.00112227	0.00530566	0.0112696	0.0367254	0.0327368	0.134236	0.0104728	0.820593	0.0933522	0.0824364	0.033024	0.0261698	0.0472618	0.0524337	0.310448	0.87964	2.75748	5	1.651986
1079000	-411.4368	-557.828	146.3912	10	0.2435517	0.00920777	0.0808592	0.00216881	0.0269643	0.017362	0.00185207	0.0473457	0.00425154	0.00390981	0.0201619	0.0221889	0.0166576	0.0137177	0.407205	0.00554678	0.0524195	0.0484256	0.0602538	0.072972	0.00182473	0.0620742	0.487688	3.44841	5	0.9134695
1080000	-427.9865	-558.1566	130.1701	10	0.4809008	0.0299499	0.0629009	0.02991	0.0356903	0.0169341	0.00844107	0.0243241	0.00267016	0.00225902	0.00855601	0.0597353	0.0912973	0.0414622	0.435559	0.0180994	0.139409	0.0436924	0.0794988	0.0460623	0.0299048	0.239265	0.805858	2.92497	5	1.176451
1081000	-418.9096	-559.1271	140.2175	10	0.460937	0.0195282	0.108922	0.0540672	0.042158	0.00655102	0.00237566	0.00126022	0.00307905	0.0186741	0.113774	0.0109575	0.0415469	0.00174233	0.531382	0.0847013	0.0525921	0.0575933	0.010115	0.0792161	0.0263967	0.225651	0.789624	2.95833	5	1.240235
1082000	-412.3062	-558.9489	146.6426	10	0.4178671	0.0582809	0.161441	0.0985558	0.0352573	0.0246052	0.0146057	0.00665958	0.00540332	0.0199221	0.00434596	0.0829503	0.0257561	0.0755648	0.697612	0.0632248	0.0611185	0.0391473	0.109199	0.0453224	0.0193742	0.194972	0.749913	3.03574	5	1.628973
1083000	-414.531	-554.115	139.5841	10	0.3778101	0.0203261	0.0762656	0.0181447	0.0585997	0.00676522	0.00679149	0.044361	0.00142076	0.0104497	0.00405867	0.0511126	0.069258	0.0400808	0.694866	0.0716839	0.0301615	0.113184	0.0195018	0.000631076	0.0136476	0.164996	0.706107	3.11525	5	1.337663
1084000	-427.7864	-556.2833	128.4969	10	1.293048	0.0199531	0.198194	0.0371945	0.0663962	0.0326405	0.0242573	0.0180664	0.00962428	0.0108736	0.0137389	0.112698	0.0915897	0.0490036	1.0356	0.0300166	0.134839	0.0765941	0.166165	0.123854	0.191512	0.550046	1.03554	2.2229	5	2.251297
1085000	-419.9835	-557.416	137.4325	10	0.3273604	0.0419873	0.100584	0.0163969	0.0707891	0.0487627	0.00312486	0.011088	0.017247	0.00206613	0.0298419	0.0496411	0.0701391	0.100887	1.08184	0.0196333	0.00923806	0.190467	0.0400243	0.0673856	0.00777514	0.125879	0.639015	3.22733	5	1.971146
1086000	-418.7485	-555.4616	136.7131	10	0.517992	0.046807	0.122522	0.0290688	0.0340968	0.0217661	0.0011733	0.0173361	0.012899	0.00910793	0.0390768	0.034668	0.0700618	0.0306353	1.01288	0.0574226	0.157602	0.121789	0.176138	0.0491093	0.036769	0.263499	0.832931	2.8668	5	2.044161
1087000	-424.7733	-553.4478	128.6745	10	0.3097682	0.0287243	0.0818208	0.0275725	0.102729	0.0114809	0.0147759	0.00815975	0.000584711	0.0220678	0.0213215	0.050071	0.114116	0.0153007	1.21073	0.0331073	0.0801571	0.0280081	0.0337402	0.101816	0.00612109	0.112112	0.611848	3.26992	5	1.98628
1088000	-422.932	-562.9555	140.0235	10	0.3241037	0.043214	0.164629	0.0120603	0.0575332	0.0293527	0.0225265	0.00313768	0.00426539	0.00860324	0.0521893	0.0565202	0.116243	0.010323	0.940042	0.0811929	0.0431916	0.0176595	0.0750656	0.056526	0.00745294	0.123329	0.634147	3.23507	5	1.794274
1089000	-420.0219	-558.4902	138.4683	10	0.2440801	0.0278093	0.0664326	0.00958848	0.0350736	0.0192331	0.0145716	0.0105527	0.000118687	0.0138638	0.0354592	0.0348163	0.0386757	0.0640099	0.556576	0.0400852	0.0960629	0.0196576	0.00192794	0.0950229	0.00184724	0.0624492	0.488834	3.44687	5	1.179537
1090000	-417.3685	-555.4271	138.0586	10	0.2564617	0.0375686	0.0757506	0.0117402	0.0455079	0.00178857	0.0386348	0.0103769	0.00376561	0.00328162	0.0347026	0.040202	0.0202218	0.0432204	0.902538	0.0728643	0.0954552	0.0787378	0.0728135	0.033022	0.00242669	0.0713945	0.514916	3.41126	5	1.622193
1091000	-409.1662	-553.5655	144.3993	10	0.2580086	0.0228028	0.049106	0.0175431	0.0822272	0.00434308	0.0111276	0.0129239	0.00272981	0.00930393	0.00115061	0.0595232	0.00603235	0.0712577	0.461611	0.0385138	0.0390812	0.0757764	0.0216531	0.0491692	0.0025062	0.0725315	0.518073	3.40689	5	1.035876
1092000	-411.8576	-555.4092	143.5517	10	0.3813986	0.0109998	0.113259	0.0397426	0.0801726	0.0271707	0.000235627	0.000612918	0.00128677	0.00474251	0.0207286	0.0534067	0.00403149	0.0726426	0.423718	0.0079404	0.00364321	0.11625	0.0567768	0.0505733	0.0141249	0.16773	0.710341	3.1078	5	1.087933
1093000	-415.0067	-558.2526	143.2459	10	0.5097832	0.0222627	0.135809	0.0117501	0.0223547	0.00811842	0.0256929	0.0150489	0.011755	0.00928549	0.000838469	0.0501829	0.0881357	0.051924	0.403565	0.061957	0.0607394	0.131619	0.0278825	0.061843	0.035215	0.258255	0.827258	2.87927	5	1.200764
1094000	-422.1044	-559.3982	137.2938	10	0.4054678	0.0269995	0.0766707	0.00207219	0.0660627	0.0284583	0.0381763	0.0127925	0.000522537	0.00871199	0.0020551	0.0363854	0.0139269	0.0834888	0.510803	0.00384869	0.0532424	0.0675972	0.0458029	0.0503274	0.0175111	0.185829	0.73713	3.05953	5	1.127944
1095000	-414.508	-554.6076	140.0996	10	0.3203902	0.0218326	0.100711	0.055345	0.0852578	0.0208052	0.00252303	0.0400823	0.0189347	0.00571815	0.00521669	0.056398	0.0276766	0.0134964	0.639896	0.168358	0.0599257	0.021071	0.0905796	0.0575557	0.00709436	0.120422	0.628509	3.24398	5	1.491383
1096000	-425.0962	-552.2401	127.1439	10	0.4331688	0.02785	0.0650374	0.0169536	0.0394016	0.0194007	0.00192083	0.0174061	0.00784329	0.00825959	0.0290879	0.0423713	0.0947258	0.0475922	0.92237	0.0234447	0.0715181	0.055822	0.0236615	0.0502071	0.0217758	0.20607	0.764816	3.00734	5	1.564874
1097000	-423.5521	-554.3504	130.7982	10	0.5263374	0.0241725	0.0826354	0.0147776	0.037032	0.0152302	0.00523895	0.0176233	0.00578707	0.011046	0.0319388	0.0196431	0.11719	0.0166374	0.384133	0.03692	0.0480136	0.0815457	0.0447915	0.0324479	0.038367	0.268762	0.838525	2.85435	5	1.026804
1098000	-421.837	-558.744	136.907	10	0.3008725	0.0971581	0.0346968	0.0351008	0.0351531	0.00312689	0.0122594	0.013557	0.00907797	0.00289066	0.00683284	0.0750164	0.0838238	0.0212851	0.620927	0.00414929	0.0472559	0.0507857	0.0536376	0.137515	0.00536635	0.105174	0.597265	3.29219	5	1.34425
1099000	-426.5882	-560.6639	134.0757	10	0.5493536	0.0380918	0.13931	0.066483	0.123694	0.0310279	0.00068684	0.00232524	0.00730036	0.00764414	0.00165839	0.0184359	0.134201	0.0412136	0.705538	0.11049	0.0457712	0.0118324	0.0109791	0.153771	0.0428606	0.28292	0.853105	2.82112	5	1.650454
1100000	-428.4038	-568.1072	139.7034	10	0.2953169	0.0189634	0.143898	0.0122489	0.0399208	0.0152842	0.00150149	0.015945	0.00011374	0.00721786	0.0646657	0.0705617	0.00289536	0.0935218	0.483966	0.000173795	0.0185667	0.0837725	0.0952379	0.0790664	0.00492313	0.100857	0.587854	3.30637	5	1.247521
1101000	-416.4058	-558.9833	142.5775	10	0.6887982	0.0569076	0.0716189	0.0209909	0.0676321	0.0285607	0.00367193	0.00413857	0.0271696	0.0102252	0.0397972	0.0333704	0.010349	0.0862113	0.686565	0.020857	0.13761	0.0224674	0.218791	0.0688108	0.0717973	0.358197	0.920646	2.64936	5	1.615744
1102000	-416.7481	-553.7377	136.9897	10	0.1844054	0.0417216	0.0794991	0.00921666	0.00697415	0.00377156	0.004544	0.0113052	0.0083673	0.00224855	0.0313562	0.0220823	0.0242629	0.0472156	0.546386	0.031124	0.0623675	0.00419881	0.0716036	0.0448653	0.000296219	0.025291	0.34175	3.63266	5	1.053111
1103000	-413.808	-553.7012	139.8932	10	0.3383394	0.00870315	0.171259	0.0258023	0.0429552	0.000482954	0.00801603	0.0109445	0.00939323	0.000834944	0.0164316	0.0645142	0.0694716	0.161177	0.957946	0.201965	0.00352448	0.0489309	0.0304981	0.0606781	0.00891395	0.134466	0.654913	3.20171	5	1.893529
1104000	-433.2316	-562.3854	129.1537	10	0.5314459	0.0452859	0.0769015	0.0421815	0.0488497	0.0335939	0.010283	0.0340066	0.00185487	0.0271246	0.0186287	0.0367792	0.077424	0.00389532	0.61479	0.135295	0.0737252	0.0256588	0.0427779	0.107294	0.0393538	0.27195	0.841866	2.84683	5	1.45635
1105000	-421.2871	-557.0808	135.7937	10	0.5314248	0.0358822	0.114321	0.0187207	0.0537003	0.0306103	0.00245311	0.00538546	0.00742634	0.011107	0.0307874	0.0414202	0.115145	0.08202	0.771274	0.0351649	0.058065	0.058357	0.0268161	0.0292599	0.0393497	0.271937	0.841852	2.84686	5	1.527916
1106000	-417.8247	-557.3282	139.5035	10	0.2303471	0.0408598	0.0689046	0.0358477	0.0440956	0.00702833	0.0118563	0.00460608	0.003599	0.00688288	0.00319492	0.0808489	0.0885894	0.0157957	0.608785	0.0362641	0.00869416	0.0282566	0.0723263	0.0389707	0.00131876	0.0529113	0.458169	3.4876	5	1.205406
1107000	-414.2179	-557.5661	143.3482	10	0.2817061	0.0103168	0.118964	0.0259595	0.0471688	0.030686	0.0296196	0.0425532	0.00303741	0.000305201	0.0057858	0.0756347	0.0387003	0.0261381	0.680725	0.0361213	0.0995373	0.00781411	0.0117938	0.0694347	0.00392895	0.0903623	0.563762	3.34195	5	1.360295
1108000	-419.4093	-558.2824	138.8731	10	0.3918424	0.0374102	0.100992	0.0500232	0.0523665	0.0164657	0.00642797	0.0177908	0.00370347	0.0137394	0.00196845	0.0432481	0.0144378	0.0556626	0.397304	0.0064952	0.0329366	0.0313423	0.0880746	0.0193139	0.0155553	0.175636	0.7223	3.08651	5	0.9897021
1109000	-417.7239	-552.2235	134.4996	10	0.3391391	0.0257875	0.108344	0.000526352	0.0755581	0.0289464	0.00321305	0.0486121	0.013198	0.00429534	0.0205599	0.0414416	0.0723107	0.0558068	0.729783	0.0319176	0.0656816	0.0806462	0.138609	0.0636232	0.00900003	0.13509	0.656041	3.19987	5	1.60886
1110000	-427.1364	-559.4251	132.2887	10	0.463784	0.012346	0.0936207	0.0530023	0.0487748	0.00251232	0.0109595	0.0087593	0.0115197	0.0175103	0.0102907	0.157166	0.110136	0.0742422	0.984681	0.0273824	0.133511	0.0169024	0.112483	0.0339873	0.0268881	0.227617	0.792016	2.95348	5	1.919787
1111000	-425.9841	-557.5166	131.5325	10	0.2101666	0.00537628	0.125549	0.0307748	0.0208421	0.033713	0.0210335	0.000392832	0.0086603	0.00344973	0.0500773	0.0248149	0.0282859	0.00132726	0.625734	0.0621	0.110668	0.0429754	0.0886093	0.0117684	0.000741813	0.0398388	0.409667	3.54975	5	1.296151
1112000	-423.6702	-566.812	143.1418	10	0.4870044	0.0386186	0.0581251	0.0783483	0.0539437	0.092726	0.0469609	0.00283795	0.0133708	0.00127935	0.047876	0.0339423	0.0118125	0.0332414	0.684839	0.0369264	0.0259514	0.0897777	0.104965	0.0406066	0.0310051	0.243347	0.810577	2.91507	5	1.496149
1113000	-413.5225	-553.2548	139.7324	10	0.4194928	0.0287395	0.1305	0.0121469	0.0707647	0.00411915	0.00015351	0.00223029	0.0158173	0.00454989	0.00541579	0.0600809	0.13149	0.0308466	0.560343	0.0278107	0.103576	0.161214	0.0482641	0.0233152	0.0196241	0.196161	0.751541	3.03267	5	1.421377
1114000	-427.3979	-559.5457	132.1478	10	0.3128909	0.0521473	0.0849244	0.00198849	0.043285	0.00013817	0.0203006	0.00743324	0.00565936	0.013811	0.0184621	0.0283478	0.0105022	0.0517985	0.798634	0.194618	0.0612323	0.0615036	0.110637	0.0266496	0.00639912	0.114553	0.61683	3.26222	5	1.592072
1115000	-407.8301	-556.0068	148.1767	10	0.3618223	0.0169868	0.113491	0.0380736	0.00566048	0.00596826	0.00444446	0.0210908	0.0156593	0.0018776	0.0031167	0.0392285	0.0491793	0.0730626	0.529099	0.0511309	0.107722	0.0200722	0.00626593	0.10014	0.0116138	0.152719	0.686428	3.14924	5	1.20227
1116000	-414.545	-553.3115	138.7665	10	0.3262514	0.0332923	0.0781043	0.0370846	0.033144	0.025253	0.00152472	0.0275631	0.0228392	0.00449456	0.00029416	0.0822652	0.0379999	0.0185093	0.889282	0.0875272	0.0645911	0.0364252	0.075421	0.114802	0.00766462	0.125011	0.637366	3.22996	5	1.670417
1117000	-411.6338	-547.0493	135.4155	10	0.2707072	0.00335951	0.113503	0.0245673	0.0496263	0.00378268	0.00448279	0.00220223	0.00158847	0.0171197	0.00344798	0.066802	0.0965315	0.0322836	0.818552	0.0540158	0.0459407	0.0274105	0.0300476	0.0757246	0.00322037	0.0820002	0.543169	3.37161	5	1.470989
1118000	-421.5019	-559.7371	138.2352	10	0.5939318	0.0252336	0.134728	0.0399616	0.0391854	0.00552209	0.0179576	0.0407281	0.0144472	0.00656547	0.0201344	0.0219976	0.0429037	0.0175425	0.760356	0.0538649	0.0624663	0.0300524	0.14566	0.0128309	0.0518589	0.308882	0.878191	2.76107	5	1.492137
1119000	-423.3759	-558.6912	135.3153	10	0.3391767	0.0319835	0.0647804	0.0242623	0.0410046	0.00996299	0.0134029	0.029682	0.000219381	0.00396465	0.000186711	0.0466055	0.0590957	0.0298007	1.14068	0.00307518	0.115222	0.00182173	0.0698084	0.00395017	0.00900409	0.13512	0.656094	3.19978	5	1.68951
1120000	-419.2515	-557.4243	138.1728	10	0.2832886	0.0097397	0.0923178	0.035487	0.0317593	0.0137502	0.00899388	0.00774262	5.71245e-05	0.0173992	0.0385917	0.0555168	0.0731737	0.0297546	0.470961	0.0168696	0.0185184	0.0434006	0.0838228	0.0392669	0.00403785	0.0915752	0.566641	3.33775	5	1.087123
1121000	-419.2619	-557.7899	138.528	10	0.4048764	0.0115192	0.0611192	0.0354606	0.0364428	0.0152939	0.00117325	0.00947854	0.00529579	0.00758039	0.0517077	0.0389798	0.0397935	0.0695325	0.556474	0.00643155	0.00821109	0.128547	0.0870497	0.0521384	0.0174242	0.185389	0.736504	3.06068	5	1.222229
1122000	-426.5338	-554.1732	127.6394	10	0.7395585	0.0102324	0.107808	0.0352497	0.0805772	0.0312754	0.0182384	0.0170496	0.0115679	0.00280899	0.00775901	0.0735112	0.05086	0.0564003	0.830875	0.0973115	0.149808	0.0333853	0.0165762	0.0228315	0.0826501	0.381612	0.93869	2.59705	5	1.654125
1123000	-411.8711	-550.8107	138.9397	10	0.4458542	0.0217015	0.0726185	0.0272384	0.0465337	0.0453512	0.00995274	0.020645	0.00572153	0.00617724	0.00876208	0.0466181	0.0631548	0.093086	0.642469	0.109992	0.0173526	0.0096306	0.0467775	0.0156263	0.0238469	0.215107	0.77649	2.98456	5	1.309409
1124000	-417.7615	-555.1089	137.3475	10	0.9979386	0.0112851	0.142763	0.0153847	0.0633376	0.0025745	0.0327435	0.004137	0.0152757	0.00408054	0.0258955	0.0574685	0.0692732	0.0769047	0.887282	0.122864	0.0382953	0.11814	0.143621	0.0572934	0.136542	0.476131	0.999658	2.38767	5	1.888618
1125000	-428.6509	-559.5858	130.9349	10	0.4932138	0.0481293	0.119823	0.0408305	0.0620738	0.0287669	0.00682657	0.0688236	0.00185627	0.0166765	0.0425826	0.0337544	0.0736157	0.0367174	0.853564	0.00169352	0.0373664	0.0804442	0.0809457	0.0595716	0.032137	0.247463	0.815267	2.90513	5	1.694062
1126000	-416.1326	-554.0409	137.9083	10	0.2065996	0.0152404	0.110146	0.00441333	0.0320305	0.0155001	0.0074335	0.00191965	0.00141376	0.0101175	0.0346468	0.0221402	0.0450558	0.0189125	0.587785	0.0699508	0.0199053	0.0370438	0.0505201	0.101806	0.000662274	0.0376675	0.400662	3.56101	5	1.185981
1127000	-412.9594	-558.428	145.4686	10	0.2456946	0.0174695	0.112023	0.0159475	0.0567699	0.0290159	0.008424	0.0203173	0.000504885	0.0211626	0.00668518	0.0474723	0.0467531	0.00920806	0.64005	0.00141424	0.0369409	0.12615	0.0789699	0.0729793	0.00191714	0.0635988	0.492318	3.44217	5	1.348258
1128000	-428.6575	-558.74	130.0825	10	0.849372	0.0366013	0.100837	0.0260473	0.0607589	0.00398738	0.0146591	0.0275676	0.0256009	0.00257509	0.0293158	0.0336119	0.0810198	0.03412	0.673084	0.0267181	0.0130612	0.115328	0.16957	0.0296283	0.106013	0.426277	0.969749	2.49796	5	1.504091
1129000	-409.4775	-553.2532	143.7757	10	0.1401401	0.0206097	0.0652663	0.0250005	0.0249621	0.0135472	0.00992998	0.009155	0.00311326	0.00244294	0.0182057	0.00786557	0.016344	0.00155824	0.730497	0.0347453	0.0300343	0.0044941	0.0873739	0.0245395	2.7744e-05	0.00779145	0.211924	3.78026	5	1.129684
1130000	-423.2268	-561.1319	137.9051	10	0.1590502	0.0104406	0.0884217	0.0331259	0.0337924	0.0155783	0.0196002	0.00808692	0.000230219	0.0173895	0.00276393	0.0490751	0.06017	0.0535746	0.869285	0.0795712	0.0188271	0.0874186	0.0663927	0.0327625	8.96855e-05	0.0139722	0.268923	3.71702	5	1.546507
1131000	-425.1152	-558.0506	132.9354	10	0.4353342	0.0516264	0.10437	0.0446015	0.0268322	0.00963947	0.0227961	0.0128134	0.0123605	0.0100749	0.0376965	0.055903	0.0547412	0.0540618	0.72553	0.138017	0.123488	0.0428856	0.00178986	0.0950091	0.0221244	0.207623	0.766851	3.0034	5	1.624237
1132000	-420.2177	-553.517	133.2993	10	0.5697237	0.024065	0.160521	0.0222136	0.0891083	0.037899	0.00762918	0.0150151	0.0112571	0.0148372	0.00568932	0.0407699	0.0137328	0.0706192	0.53512	0.0824098	0.0241276	0.0667699	0.0540992	0.0669167	0.0469298	0.295018	0.86505	2.793	5	1.342801
1133000	-424.0906	-566.3121	142.2214	10	0.1699154	0.0450731	0.0978656	0.00351263	0.0501811	0.0115885	0.0214092	0.0179941	0.0122916	0.0248888	0.0133534	0.0209628	0.0376325	0.0388526	0.509414	0.0724275	0.0533483	0.0423456	0.032097	0.0765579	0.000156346	0.0184175	0.300768	3.68066	5	1.181796
1134000	-415.0923	-551.981	136.8887	10	0.3234569	0.0256043	0.0872902	0.0145567	0.0635289	0.000509858	0.0263513	0.00721164	0.00386653	0.00136446	0.00202084	0.0379997	0.0188205	0.0563966	0.61262	0.00140577	0.0484794	0.0409723	0.0145767	0.0997105	0.00738981	0.122823	0.633172	3.23662	5	1.163286
1135000	-423.2431	-557.9714	134.7283	10	0.2581824	0.0249726	0.126355	0.0403577	0.0867666	0.0271731	0.0497442	0.00576956	0.00150384	0.010714	0.0243731	0.0974141	0.132356	0.0133913	0.850737	0.0276243	0.0923817	0.0166857	0.0188288	0.109174	0.00251524	0.0726594	0.518426	3.4064	5	1.756322
1136000	-413.0418	-555.9151	142.8733	10	0.1936429	0.0615571	0.12036	0.00656615	0.0530648	0.0059075	0.00160856	0.00396279	0.00199848	0.0128313	0.0374712	0.0289495	0.076674	0.0295202	0.641672	0.104357	0.020352	0.070501	0.137257	0.00749868	0.000423453	0.0301904	0.366863	3.60252	5	1.422109
1137000	-424.2147	-559.7719	135.5572	10	0.502723	0.0213757	0.077558	0.00802504	0.0358748	0.0156602	0.0182168	0.00830384	0.0128093	0.00888064	0.0224247	0.0266721	0.124778	0.113696	0.583835	0.0553564	0.0624269	0.0296364	0.0255957	0.0535807	0.0338936	0.25369	0.82224	2.89018	5	1.304706
1138000	-417.6511	-557.5782	139.9271	10	0.8463204	0.0270398	0.133839	0.0676347	0.0770117	0.049938	0.00758032	0.00813021	0.00670029	0.00666599	0.044901	0.0192753	0.135475	0.0202187	0.890215	0.0371269	0.00539994	0.145442	0.165751	0.0775156	0.10537	0.425135	0.969007	2.50049	5	1.92586
1139000	-421.9243	-558.1389	136.2146	10	0.36382	0.0302485	0.116409	0.0334351	0.122998	0.0185947	0.0046446	0.0115317	0.0174848	0.000770027	0.0810577	0.0276097	0.0142694	0.0830654	1.02537	0.0978897	0.0613251	0.0748643	0.0496444	0.129349	0.0118595	0.15426	0.688962	3.14492	5	2.000563
1140000	-435.8901	-571.1959	135.3058	10	0.4433343	0.043209	0.131808	0.0182273	0.0341524	0.0770681	0.000896966	0.0933189	0.00595675	0.0174208	0.0314115	0.013305	0.0315319	0.0314603	0.633185	0.0142003	0.0255216	0.0285923	0.00116792	0.113417	0.02343	0.213324	0.774218	2.98903	5	1.345852
1141000	-412.9668	-555.6996	142.7327	10	0.213431	0.0117362	0.0747895	0.0313926	0.0936026	0.00554797	0.000181459	0.00310045	0.000330969	0.0253998	0.0174091	0.0580814	0.0501599	0.000828625	0.75093	0.0347488	0.044762	0.0590803	0.0429326	0.0561608	0.000820212	0.0418653	0.417794	3.53952	5	1.361175
1142000	-426.026	-564.114	138.088	10	0.9417378	0.0761071	0.118053	0.00229179	0.0628266	0.0755163	0.0208944	0.0211381	0.0340586	0.00270769	0.0169288	0.0410438	0.208334	0.162105	0.823075	0.0384502	0.0808211	0.00827782	0.0664802	0.0623854	0.125187	0.458511	0.989633	2.42667	5	1.921495
1143000	-423.5381	-563.2904	139.7523	10	0.4683157	0.132779	0.0861816	0.019856	0.0575237	0.0442177	0.00124965	7.57153e-05	0.0252676	0.00100285	0.0159247	0.0786707	0.124005	0.0236849	0.88506	0.0224628	0.0422461	0.0554383	0.0226536	0.0954825	0.0276764	0.230729	0.795771	2.94582	5	1.733782
1144000	-420.2061	-555.7155	135.5093	10	0.1539417	0.0383125	0.0631591	0.00869663	0.00578559	0.00311723	0.0116816	0.0348396	0.0069059	0.00400018	0.00744156	0.0377828	0.0624685	0.0178809	0.659266	0.0310574	0.0506009	0.0512888	0.0718313	0.0392521	6.72103e-05	0.0121044	0.253681	3.73415	5	1.205368
1145000	-419.0906	-555.025	135.9344	10	0.2965229	0.00863419	0.0834824	0.00344119	0.0704289	0.0249656	0.0445708	0.00252249	0.00310208	0.00841677	0.0279747	0.0462348	0.0261021	0.0424651	0.517937	0.0876231	0.08875	0.0205938	0.0851121	0.0110047	0.00501749	0.101793	0.589917	3.30327	5	1.203362
1146000	-430.7355	-566.0453	135.3098	10	0.546137	0.0324294	0.132856	0.0471687	0.1129	0.0198807	0.0180163	0.00792947	0.00768907	0.0149643	0.0483387	0.015313	0.04229	0.11673	0.471462	0.114532	0.0665554	0.0719513	0.0125259	0.0518224	0.0422255	0.280972	0.851139	2.82566	5	1.405354
1147000	-413.476	-555.5894	142.1134	10	0.5085649	0.0459836	0.0870354	0.0169076	0.0392259	0.00574321	0.0236094	0.00872436	0.00128923	0.0147926	0.0336769	0.0219356	0.029941	0.0580904	0.324804	0.0398622	0.017231	0.108154	0.0459957	0.0981826	0.034986	0.25747	0.826402	2.88114	5	1.021185
1148000	-419.1588	-556.3798	137.221	10	0.7062847	0.03465	0.0786644	0.030441	0.0285453	0.0255618	0.00117535	0.0200883	0.00991628	5.38482e-05	0.00503549	0.0618529	0.0116707	0.15542	0.504049	0.0555766	0.0733175	0.0684047	0.0250628	0.0264127	0.0755312	0.36648	0.927175	2.63081	5	1.215899
1149000	-426.7024	-564.5812	137.8788	10	0.4234458	0.021534	0.0661599	0.0236667	0.0810784	0.0113403	0.00582614	0.00390528	0.00103278	0.0610056	0.0145337	0.0627675	0.108967	0.0433621	0.975266	0.0627788	0.0933202	0.0555023	0.0228353	0.0344586	0.020237	0.199043	0.755454	3.02527	5	1.74934
1150000	-416.1387	-556.3342	140.1955	10	0.42351	0.0134254	0.0883657	0.0297544	0.0585885	0.0184164	0.00766888	0.015372	0.00322848	0.00913128	0.0166763	0.0346044	0.0530091	0.066085	0.59259	0.048902	0.0163153	0.0239446	0.0268522	0.0594605	0.0202471	0.199089	0.755517	3.02515	5	1.18239
1151000	-424.0803	-555.8722	131.7919	10	0.7926534	0.0144744	0.173425	0.0303027	0.0634864	0.00548217	0.0202587	0.0223094	0.0201335	0.0171515	0.00547883	0.0685835	0.00858605	0.0353676	0.716946	0.0393965	0.114392	0.0948274	0.0831863	0.14072	0.0939945	0.404159	0.954898	2.54695	5	1.674509
1152000	-410.4621	-554.1052	143.6432	10	0.4603032	0.0352908	0.0612465	0.0305456	0.0447681	0.00117992	0.00464019	0.0203866	0.0106659	0.0173611	0.0415844	0.0193883	0.0346326	0.0369487	0.452166	0.0678383	0.0480335	0.00797879	0.0258829	0.0470328	0.0262878	0.225213	0.789087	2.95941	5	1.007571
1153000	-417.9883	-555.8241	137.8358	10	0.4915458	0.0111703	0.162823	0.00201413	0.138913	0.00262629	0.0160474	0.0177285	0.00991305	0.00758924	0.0302594	0.0821277	0.0734033	0.0246345	1.15319	0.0927812	0.0996849	0.00128581	0.0690165	0.133248	0.0318317	0.246361	0.814018	2.90779	5	2.12846
1154000	-422.7449	-564.5516	141.8067	10	0.4986249	0.0580833	0.0484527	0.0473877	0.0458731	0.0259138	0.00464484	0.0626357	0.0238717	0.00537989	0.00205371	0.0775556	0.0310299	0.0153691	0.894823	0.0791732	0.012461	0.10626	0.13145	0.019842	0.0331332	0.251017	0.819265	2.89658	5	1.692261
1155000	-420.6516	-559.1435	138.4919	10	0.5002527	0.0487846	0.0759333	0.00696471	0.0585919	0.022184	0.00484816	0.0191129	0.0109275	0.00907076	0.000862698	0.0719472	0.0241312	0.0616217	0.571722	0.0704062	0.0307536	0.0347838	0.10488	0.101263	0.0334346	0.252081	0.820452	2.89403	5	1.32879
1156000	-430.9928	-564.1496	133.1568	10	0.8598272	0.0148714	0.115686	0.0577894	0.0588183	0.0189115	0.0063545	0.0135421	0.0236712	0.0194138	0.0181266	0.0537487	0.0507035	0.118111	0.590756	0.0595797	0.0363803	0.00870577	0.109686	0.0814255	0.108211	0.43015	0.972247	2.48939	5	1.456281
1157000	-408.5538	-562.2806	153.7269	10	0.7213405	0.0263952	0.0742217	0.011746	0.0282669	0.0456922	0.00542775	0.0246174	0.00575169	0.0122142	0.0255308	0.0110846	0.0616631	0.0992011	0.391329	0.0576254	0.0740183	0.073183	0.0184722	0.0438136	0.0787512	0.373428	0.932527	2.61529	5	1.090255
1158000	-419.163	-558.5408	139.3778	10	0.8545924	0.0121476	0.153938	0.0323309	0.0552169	0.0191555	0.0221321	0.0248338	0.00997916	0.008129	0.0384452	0.0727788	0.102288	0.0734359	0.426506	0.0354438	0.104367	0.131048	0.0337164	0.0725963	0.107111	0.428219	0.971005	2.49366	5	1.428488
1159000	-421.9445	-563.556	141.6115	10	0.2927188	0.0348575	0.17356	0.0364359	0.0700257	0.00585043	0.0437767	0.0244324	0.00427922	0.00191763	0.00857036	0.0373672	0.0608824	0.12029	0.487401	0.00627286	0.0474923	0.05565	0.0239686	0.0431993	0.00472329	0.098844	0.58337	3.31306	5	1.28623
1160000	-427.0447	-564.2398	137.1951	10	0.533034	0.0331281	0.178879	0.0070923	0.126533	0.00703376	0.0103691	0.0141628	0.00949251	0.0255563	0.151043	0.0443385	0.0207917	0.0500738	0.830938	0.0474837	0.0963756	0.0564951	0.197437	0.174129	0.0396619	0.272935	0.842892	2.84451	5	2.081352
1161000	-416.9364	-549.8899	132.9535	10	0.2599634	0.0191822	0.0745503	0.00591804	0.0577005	0.0161753	0.0114563	0.000273993	0.0219452	0.000369977	0.0509883	0.0101642	0.119159	0.0289616	0.792784	0.0271106	0.0398882	0.0795456	0.0383333	0.0603336	0.00260899	0.0739738	0.522031	3.40139	5	1.454841
1162000	-426.0637	-559.9538	133.8901	10	0.8533399	0.0435351	0.146394	0.0368208	0.0372394	0.000187183	0.016798	0.009829	0.0161952	0.0302059	0.0160348	0.0843298	0.107179	0.119816	0.498791	0.0319423	0.0440366	0.177541	0.10472	0.043186	0.106848	0.427754	0.970705	2.49469	5	1.564781
1163000	-429.661	-565.2915	135.6305	10	0.4747038	0.0989981	0.0699232	0.0184496	0.0886511	0.0313341	0.0129359	0.0278847	0.026615	0.00438687	0.0249253	0.0421332	0.0618369	0.0380609	0.85833	0.0376216	0.109801	0.034035	0.197521	0.00368209	0.0288005	0.235081	0.800952	2.93517	5	1.787126
1164000	-414.1884	-561.0708	146.8824	10	0.3754485	0.0572033	0.0677601	0.0615398	0.0085779	0.00740205	0.00211093	0.0522463	0.00108525	0.0141626	0.0172241	0.067217	0.0182739	0.146423	0.778242	0.0442309	0.0395895	0.113727	0.0142602	0.0539558	0.0133377	0.163192	0.703285	3.12019	5	1.565232
1165000	-411.7411	-557.3538	145.6127	10	0.5452778	0.024579	0.111712	0.0440339	0.0854071	0.00793961	0.0096896	0.0319927	0.00294238	0.0183797	0.0373444	0.053511	0.0433206	0.0261647	0.41166	0.0650651	0.0886462	0.00691018	0.0293788	0.0815853	0.0420562	0.28045	0.85061	2.82688	5	1.180262
1166000	-412.2473	-557.1515	144.9042	10	0.5165103	0.027311	0.0816498	0.0433685	0.0633636	0.0165172	0.0138489	0.00461314	0.00741962	0.0166446	0.0130715	0.055522	0.114781	0.0048562	0.387084	0.0639512	0.0640449	0.0311672	0.0319288	0.0722144	0.0364872	0.262558	0.83192	2.86904	5	1.113357
1167000	-416.5911	-556.3689	139.7778	10	0.3675752	0.0150611	0.0714785	0.0128405	0.0635699	0.00878925	0.0187639	0.0374284	0.0142961	0.000169656	0.0309761	0.0373138	0.055941	0.0364572	0.821081	0.0896993	0.0506798	0.094235	0.0489247	0.238233	0.0123279	0.157153	0.693666	3.13685	5	1.745939
1168000	-426.9968	-564.1083	137.1115	10	0.5796488	0.0156431	0.0707634	0.0205156	0.126601	0.00489465	0.0391988	0.00586062	0.00669893	0.00959549	0.024829	0.0413578	0.0144512	0.0554979	0.462583	0.0773134	0.127405	0.0354435	0.115538	0.0104043	0.0489396	0.300769	0.87057	2.77972	5	1.264596
1169000	-419.7911	-559.5696	139.7785	10	0.2930514	0.0425184	0.155088	0.0450843	0.0974657	0.0381942	0.00400319	0.00297914	0.000433955	0.01863	0.00133945	0.052581	0.0775199	0.0511828	0.520884	0.0914211	0.0221033	0.0675628	0.0848854	0.086937	0.00474861	0.0991015	0.583947	3.3122	5	1.460814
1170000	-418.384	-558.188	139.8041	10	0.262919	0.0723766	0.0508879	0.0181476	0.0497909	0.0373425	0.00348928	0.00858816	0.00242573	0.00963273	0.0060771	0.0490605	0.088024	0.0163013	0.406267	0.025925	0.0441642	0.0859641	0.00868647	0.0015785	0.00276932	0.0761657	0.52795	3.39312	5	0.98473
1171000	-415.7	-552.8599	137.1599	10	0.5213363	0.014559	0.127947	0.0356876	0.0520133	0.0140086	0.00217052	0.00709744	0.00751396	0.00492824	0.0183121	0.0540683	0.0886093	0.00231138	0.588036	0.112585	0.0701573	0.0923764	0.12871	0.0716447	0.0374072	0.265617	0.835193	2.86178	5	1.492737
1172000	-431.496	-561.9203	130.4243	10	0.6859843	0.0471718	0.128817	0.035241	0.0602727	0.00585775	0.0143376	0.0252066	0.00630438	0.0122656	0.0154057	0.0623468	0.0410871	0.0502426	0.84354	0.0441506	0.0988537	0.0209745	0.0269687	0.00253823	0.0711973	0.356841	0.919562	2.6524	5	1.541583
1173000	-418.0443	-556.8415	138.7972	10	0.4549119	0.0252938	0.0871844	0.0231609	0.049793	0.0446284	0.00544048	0.00538868	0.00661632	0.010549	0.0064062	0.04306	0.0113863	0.0731468	0.872933	0.0704103	0.0598351	0.109392	0.040666	0.0390583	0.0253673	0.221466	0.784471	2.9687	5	1.584349
1174000	-426.7733	-563.2347	136.4614	10	0.8289965	0.0283675	0.112135	0.0479948	0.115503	0.00533159	0.0267786	0.0107854	0.0147715	0.00518083	0.0146165	0.0250464	0.125235	0.0318121	0.644892	0.0266942	0.127254	0.178895	0.121201	0.0657768	0.101712	0.418551	0.964677	2.51506	5	1.728272
1175000	-410.9456	-550.9438	139.9982	10	0.2011441	0.0208472	0.089533	0.019131	0.0292654	0.00254798	0.00447649	0.0152649	0.000847523	0.00793058	0.031642	0.0203109	0.096054	0.077803	0.623772	0.0731302	0.0111834	0.0288368	0.0469375	0.060579	0.000552476	0.0344381	0.386637	3.57837	5	1.260093
1176000	-428.359	-560.3899	132.0308	10	0.4608407	0.0503886	0.0559844	0.0476521	0.0247619	0.00773388	0.00720976	0.0167758	0.0203807	0.0191061	0.0043339	0.103395	0.0504781	0.0405094	0.497165	0.109862	0.109877	0.0401467	0.072677	0.0233829	0.0263802	0.225585	0.789542	2.95849	5	1.301821
1177000	-414.5977	-553.8089	139.2112	10	0.2245071	0.0100072	0.09011	0.0231612	0.0417325	0.0213065	0.00698608	0.0352666	0.0150244	0.00140979	0.0173084	0.0200178	0.0180182	0.120855	0.897072	0.0195794	0.0201328	0.0493632	0.0330327	0.0660527	0.00112846	0.0490014	0.444559	3.50531	5	1.506437
1178000	-425.3325	-564.943	139.6105	10	1.103911	0.0498788	0.0967142	0.0551736	0.0490666	0.026991	0.000634679	0.0195981	0.0022481	0.0479237	0.0413736	0.0733614	0.0308248	0.079239	0.346932	0.02215	0.0458427	0.0681307	0.0174613	0.114324	0.157208	0.505902	1.01529	2.3216	5	1.187868
1179000	-417.8592	-557.0933	139.2341	10	0.6172991	0.0310631	0.0985467	0.00690246	0.0847713	0.0263119	0.0127412	0.010843	0.000150232	0.0206671	0.0137856	0.0460229	0.121236	0.0601285	0.695049	0.125762	0.0428271	0.0187869	0.070034	0.100149	0.0566945	0.321752	0.889894	2.73166	5	1.585778
1180000	-429.2068	-561.8362	132.6294	10	0.2400462	0.0149995	0.0581175	0.0636087	0.0360236	0.0259333	0.00315609	0.00980112	0.00978632	0.0179707	0.00142996	0.08025	0.0339626	0.0699423	0.773912	0.0315344	0.0101777	0.16033	0.0233546	0.115835	0.00167987	0.0596017	0.480019	3.4587	5	1.540125
1181000	-410.7252	-549.5062	138.781	10	0.244817	0.00218826	0.0815291	0.0157056	0.0462415	0.0139657	0.00794594	0.0124607	0.0046597	0.00314434	0.00983105	0.0323534	0.0129579	0.0196351	0.600672	0.0552806	0.0280711	0.0840214	0.00133171	0.115045	0.00187894	0.0629732	0.490427	3.44472	5	1.147039
1182000	-414.722	-564.1559	149.4339	10	0.1919295	0.0470783	0.0490767	0.0135532	0.0385345	0.00717618	0.0280947	0.020142	0.00324412	0.00908198	0.00275369	0.0240854	0.0109503	0.0136774	0.511254	0.0541885	0.0125942	0.0474549	0.0195904	0.133527	0.00039733	0.0292532	0.362268	3.60808	5	1.046058
1183000	-430.2862	-566.2156	135.9293	10	0.3345945	0.00705188	0.0909815	0.00505772	0.048289	0.0476147	0.00233763	0.0725384	0.00400201	0.0250424	0.0255062	0.0398057	0.163862	0.0345012	0.312101	0.0252974	0.219256	0.0354148	0.0230172	0.154383	0.00851646	0.131539	0.649578	3.21037	5	1.33606
1184000	-418.4867	-556.2362	137.7495	10	0.6162184	0.0739798	0.100778	0.0600329	0.0472801	0.00515383	0.00516761	0.00226056	0.00278061	0.013379	0.00271231	0.046328	0.0535421	0.0795457	0.604296	0.0915148	0.117406	0.0630174	0.0575083	0.0106282	0.0564694	0.321168	0.889373	2.73299	5	1.437311
1185000	-419.0002	-551.2561	132.2559	10	0.2253115	0.00818683	0.101103	0.00015936	0.0287862	0.0114356	0.00663081	0.00591911	0.0065065	0.00442112	0.0229458	0.0412555	0.0466092	0.00310257	0.749339	0.067315	0.0396039	0.0740711	0.0159352	0.0353937	0.0011535	0.0495342	0.446454	3.50286	5	1.26872
1186000	-412.7945	-552.3244	139.5299	10	0.35975	0.0241185	0.171464	0.010081	0.030914	0.0351054	0.0048151	0.019095	0.00447775	0.00228977	0.0277325	0.0299997	0.0511954	0.0137773	0.442263	0.0431076	0.0292801	0.0962864	0.0840724	0.0201683	0.0113615	0.151117	0.683776	3.15375	5	1.140243
1187000	-427.5591	-559.1684	131.6093	10	0.6074379	0.0381686	0.147334	0.0274667	0.0716477	0.0252942	0.00109447	0.0140537	0.00536771	0.00371423	0.0371003	0.0521869	0.112478	0.0510596	0.737757	0.155101	0.0292505	0.0834719	0.0177788	0.0314524	0.0546457	0.316381	0.885067	2.74391	5	1.641778
1188000	-421.2824	-562.2246	140.9422	10	0.4714421	0.00475194	0.199841	0.0198989	0.0327823	0.0301055	0.0135706	0.0215836	0.000899237	0.0370878	0.0160534	0.0709414	0.0333617	0.020117	0.560361	0.050949	0.0637546	0.124306	0.151822	0.0435283	0.0282248	0.232864	0.798323	2.94059	5	1.495717
1189000	-420.493	-562.0953	141.6023	10	0.5719108	0.0132931	0.109328	0.0574517	0.0964525	0.0310071	0.01954	0.0326821	0.00422408	0.0238659	0.0136199	0.058005	0.0346885	0.0361433	0.506895	0.0735073	0.128413	0.00124175	0.112148	0.0262912	0.0473713	0.296293	0.866283	2.79005	5	1.378798
1190000	-422.0963	-557.4475	135.3511	10	0.3319589	0.0262675	0.0760254	0.0419291	0.0221088	0.0312105	0.0010621	0.0325208	0.00128387	0.0190363	0.00456563	0.0640642	0.105331	0.00372023	0.841287	0.13335	0.116947	0.0616071	0.112302	0.0138524	0.00824231	0.129477	0.645769	3.21651	5	1.708472
1191000	-418.6276	-560.5243	141.8968	10	0.5035271	0.0372844	0.0873759	0.0319028	0.0498674	0.00124288	0.00916934	0.00467298	0.00406074	0.0119374	0.0116904	0.0326452	0.00405882	0.0121506	0.391975	0.03675	0.100993	0.0596068	0.00372441	0.0678482	0.0340433	0.254212	0.822818	2.88893	5	0.9589567
1192000	-409.477	-556.1719	146.6949	10	0.2301053	0.0100635	0.0442214	0.00531863	0.0157523	0.000316024	0.000518312	0.00095042	0.000765204	0.0164557	0.00642336	0.0289795	0.0174406	0.098852	0.280757	0.0468869	0.0688206	0.0983463	0.0135446	0.0334551	0.00131049	0.0527476	0.457612	3.48833	5	0.7878676
1193000	-415.5926	-557.0725	141.4799	10	0.3750813	0.0377967	0.0410683	0.0251589	0.0623263	0.0221669	0.00101277	0.00723777	0.0157251	0.000386305	0.00709764	0.0701622	0.00781698	0.215671	0.614665	0.0344271	0.00287794	0.0773657	0.0588957	0.240908	0.0132897	0.162911	0.702843	3.12096	5	1.542766
1194000	-412.4027	-555.8335	143.4307	10	0.3855253	0.0140718	0.106879	0.0176874	0.0682709	0.00180619	0.0165457	0.0376066	0.00423508	0.0121159	0.0288025	0.029475	0.0878415	0.0616575	0.637755	0.0816187	0.00446819	0.00440505	0.0131806	0.0895435	0.0146828	0.170863	0.71513	3.09932	5	1.317965
1195000	-420.6215	-567.9137	147.2921	10	0.8177046	0.0437943	0.0512835	0.0544655	0.0989422	0.01317	0.0123137	0.0314335	0.0153081	0.0020306	0.0718711	0.048688	0.118261	0.040647	0.377303	0.183303	0.0152846	0.0276744	0.168414	0.00815372	0.0993202	0.414166	0.961742	2.52477	5	1.382341
1196000	-418.2675	-555.6809	137.4133	10	0.5245858	0.0249249	0.0642178	0.0425263	0.0576227	0.00641291	0.00156433	0.0451466	0.0146141	0.0173361	0.0301666	0.0235263	0.0595859	0.0705089	0.75079	0.00572734	0.0359419	0.0622295	0.087319	0.122749	0.0380301	0.267663	0.837365	2.85694	5	1.52291
1197000	-420.7882	-560.5028	139.7146	10	0.289709	0.0470907	0.081816	0.0230981	0.0603261	0.00208883	0.041975	0.0153102	0.024132	0.00338601	0.0207971	0.0599823	0.0137043	0.0789202	0.753622	0.101452	0.0318654	0.0185551	0.159479	0.0198219	0.00449773	0.0965171	0.578108	3.32088	5	1.557422
1198000	-430.2743	-559.5429	129.2686	10	0.3084017	0.00822865	0.0557796	0.0343585	0.0220831	0.0170272	0.0118391	0.0128826	0.00477388	0.0179753	0.00888681	0.0190928	0.140869	0.0718791	0.699052	0.0155532	0.0367129	0.0251872	0.0227643	0.0448504	0.00600155	0.111045	0.609646	3.27331	5	1.269796
1199000	-416.4855	-552.9625	136.477	10	0.899671	0.0419973	0.130091	0.0229765	0.054493	0.00733574	0.0105864	0.00759975	0.00414488	0.0177627	0.0147767	0.0880716	0.0234661	0.141926	0.662575	0.134222	0.0333162	0.0510422	0.104122	0.0460627	0.116527	0.44437	0.98116	2.45794	5	1.596568
1200000	-403.3879	-552.9289	149.541	10	0.3022738	0.0102539	0.148896	0.00836959	0.0858294	0.0319461	0.00142542	0.027893	0.00444909	0.00710951	0.00259079	0.0438	0.0315025	0.125806	0.467987	0.0191603	0.00372549	0.0956091	0.0571186	0.0475232	0.00548157	0.106265	0.599602	3.28865	5	1.220995
1201000	-408.5414	-549.7086	141.1672	10	0.1638323	0.00508793	0.0534248	0.00229717	0.023213	0.0124124	0.000201649	0.00860689	0.00231517	0.00517289	0.002776	0.0360791	0.0835651	0.0272804	0.722782	0.0287366	0.00612619	0.0773468	0.142131	0.0367965	0.000115587	0.0158507	0.283044	3.70099	5	1.276352
1202000	-418.168	-559.2862	141.1183	10	0.387519	0.0321088	0.0585552	0.0640358	0.0682421	0.0250412	0.00493272	0.0376896	0.00221666	0.00289744	0.0376396	0.0285023	0.01096	0.0244621	0.47514	0.0182098	0.0824387	0.0794513	0.0700092	0.0268787	0.0149558	0.172373	0.717414	3.09526	5	1.149411
1203000	-421.5624	-556.1623	134.5999	10	0.4854453	0.0329792	0.100818	0.0187169	0.0416091	0.0563708	0.00768324	0.00409214	0.00386892	0.0267006	0.0192203	0.03239	0.0881351	0.0442674	0.4892	0.119291	0.0165058	0.113348	0.0674147	0.0411839	0.0307228	0.242308	0.809382	2.91759	5	1.323796
1204000	-418.108	-560.0309	141.9229	10	0.978366	0.0632385	0.0656489	0.0208941	0.0590065	0.013224	0.00556123	0.0143225	0.0076951	0.00511047	0.0317088	0.0340644	0.136289	0.0868228	0.37075	0.022405	0.0604558	0.07188	0.0170329	0.0744623	0.132617	0.470151	0.996321	2.40091	5	1.160572
1205000	-419.295	-556.552	137.2571	10	0.3660062	0.0248159	0.151379	0.0310902	0.0683328	0.00635034	0.00771541	0.0244915	0.00556313	0.00520477	0.00960913	0.0558842	0.0279876	0.0136835	0.685349	0.0187434	0.116731	0.125788	0.0479	0.0844923	0.0121312	0.155945	0.69171	3.14021	5	1.511111
1206000	-413.4256	-556.5672	143.1416	10	0.3466221	0.0378807	0.0835568	0.015511	0.0327808	0.00401129	0.0107271	0.00457028	0.0107199	0.00252588	0.0273027	0.04678	0.0277685	0.145202	0.487997	0.0979261	0.00653196	0.0592331	0.0707179	0.00810725	0.00982585	0.140927	0.666403	3.18284	5	1.179851
1207000	-426.004	-565.7833	139.7794	10	0.8575359	0.0406266	0.206077	0.0465785	0.0779541	0.00837086	0.0278004	0.0172151	0.0163414	0.0189919	0.0245729	0.0875946	0.0985291	0.0730624	0.775881	0.06759	0.0953594	0.0271117	0.223576	0.147695	0.10773	0.429307	0.971705	2.49126	5	2.080927
1208000	-405.1322	-552.87	147.7379	10	0.3887829	0.0472016	0.09773	0.0132661	0.0586148	0.015451	0.00417127	0.0126493	0.00491199	0.00894894	0.0199253	0.0489693	0.0431342	0.10323	0.381291	0.0384662	0.0464773	0.0440393	0.0211445	0.0445203	0.01513	0.173328	0.718851	3.09269	5	1.054143
1209000	-418.1168	-557.9902	139.8734	10	0.4573008	0.045634	0.175695	0.0409362	0.0351563	0.000281118	0.0328836	0.0277665	0.0114705	0.020544	0.0258426	0.00588738	0.0972561	0.0619427	0.721968	0.0543887	0.0674189	0.00283964	0.0496126	0.0479257	0.0257737	0.22313	0.786528	2.96457	5	1.525449
1210000	-411.6766	-556.7602	145.0836	10	0.235883	0.0291963	0.0586871	0.0443458	0.0273833	0.000727227	0.00761377	0.0327345	0.00888143	0.00566783	0.00367065	0.0538465	0.0201025	0.0615555	0.295491	0.0148984	0.126594	0.00962737	0.0625163	0.0724881	0.00151782	0.0567016	0.470755	3.47103	5	0.9360273
1211000	-423.4999	-553.4864	129.9865	10	0.5224897	0.0253147	0.0884016	0.0333417	0.0765696	0.0052134	0.0340486	0.00649947	0.00888035	0.0129225	0.00411637	0.0640057	0.0263714	0.129894	0.820591	0.130023	0.142419	0.0899378	0.074473	0.0360569	0.037628	0.266344	0.835967	2.86006	5	1.809081
1212000	-425.8897	-562.3742	136.4845	10	0.2517404	0.0195911	0.0524839	0.0215671	0.032781	0.00835218	0.000616029	0.0328002	0.0137384	0.0159837	0.00743114	0.0303518	0.0267802	0.00464216	0.297114	0.00850972	0.0746587	0.0592506	0.0174078	0.0333344	0.00219386	0.0679497	0.505142	3.42471	5	0.7573939
1213000	-416.1134	-556.0037	139.8903	10	0.2024114	0.00819969	0.0793829	0.0110035	0.0524043	0.00719557	0.0103523	0.00290912	0.00236777	0.0167003	0.0353673	0.016034	0.0135389	0.0766006	0.497092	0.073958	0.0632092	0.0329636	0.00263587	0.0131321	0.000576739	0.0351781	0.389922	3.57432	5	1.015047
1214000	-434.8196	-559.8591	125.0395	10	0.1885673	0.0222572	0.101598	0.0112981	0.00993934	0.00260534	0.00674138	0.00879914	0.00308241	0.0101517	0.0476248	0.013204	0.0538529	0.01664	0.662507	0.15739	0.0274842	0.0475119	0.0221552	0.0964597	0.000349479	0.0274512	0.353167	3.61903	5	1.321303
1215000	-411.0772	-558.1991	147.122	10	0.5247903	0.0708212	0.0418118	0.0497932	0.0296561	0.0256254	0.0005117	0.0251622	0.00978374	0.00208385	0.0452655	0.023224	0.0490513	0.023703	0.601347	0.0564377	0.00977707	0.0903469	0.0834376	0.159001	0.0380694	0.267792	0.837501	2.85664	5	1.39684
1216000	-430.2828	-570.1612	139.8784	10	0.4067994	0.0172359	0.153253	0.0674034	0.045553	0.0334786	0.00756141	0.0395241	0.00433923	0.014661	0.0230908	0.0560708	0.109957	0.114717	0.351054	0.0606675	0.00496372	0.0582656	0.0856627	0.00127244	0.0177074	0.186817	0.738535	3.05694	5	1.248732
1217000	-417.806	-559.0927	141.2867	10	0.3214746	0.0542459	0.0769858	0.0079204	0.0278638	0.00808998	0.0128309	0.0111655	0.0060896	0.00876349	0.0124062	0.0573039	0.0461308	0.098339	0.659186	0.144368	0.00745117	0.0703449	0.0278461	0.0521005	0.0071981	0.121271	0.630165	3.24137	5	1.389432
1218000	-419.1405	-559.0877	139.9473	10	0.9684938	0.0279291	0.130743	0.0259358	0.0587582	0.0055466	0.000768237	0.0124522	0.00484228	0.0021572	0.00761692	0.068029	0.055511	0.0363752	0.428383	0.0148848	0.0445794	0.0405736	0.0247418	0.063038	0.130625	0.467073	0.994577	2.40773	5	1.052866
1219000	-423.9261	-558.5862	134.6601	10	0.3619904	0.0178034	0.0382898	0.00768271	0.0457242	0.0246216	0.0016547	0.0242928	0.0273709	0.000436222	0.00256357	0.0493899	0.00151728	0.0748065	0.460879	0.0360614	0.0864486	0.0573797	0.011595	0.0448305	0.0116344	0.152848	0.686642	3.14888	5	1.013348
1220000	-422.2428	-559.6455	137.4027	10	0.2948595	0.0306464	0.0430496	0.00176023	0.0469686	0.00350942	0.00335647	0.0203821	0.000793083	0.0117712	0.0279556	0.0110172	0.0155439	0.0773302	0.426109	0.0267118	0.0416741	0.16304	0.0499497	0.0480184	0.0048876	0.100502	0.587068	3.30754	5	1.049587
1221000	-420.159	-559.9539	139.7949	10	0.6375085	0.0826613	0.121878	0.0430263	0.0521846	0.00096196	0.00471393	0.0135158	0.024313	0.00481309	0.0596297	0.0190679	0.0787897	0.129684	0.405703	0.047156	0.0289615	0.0529282	0.047185	0.114208	0.0609249	0.332491	0.899311	2.70727	5	1.331382
1222000	-424.2374	-557.4866	133.2491	10	0.4709117	0.0308243	0.191083	0.0320109	0.0360224	0.0143433	0.0224331	0.0213319	0.0159213	0.0188812	0.0137909	0.066908	0.185326	0.0718124	0.740678	0.0163779	0.0785296	0.144457	0.026607	0.0208771	0.0281315	0.232502	0.797892	2.94147	5	1.748214
1223000	-413.3912	-555.8602	142.469	10	0.477088	0.0419322	0.0730949	0.0615705	0.112022	0.000413393	6.80472e-05	0.0102355	0.000113889	0.0231555	0.0220053	0.0598725	0.142837	0.0680917	0.821424	0.117057	0.00647008	0.0725415	0.053729	0.0134948	0.0292238	0.236695	0.802853	2.93123	5	1.700129
1224000	-409.5492	-553.4506	143.9014	10	0.3302532	0.0251471	0.120056	0.0201055	0.0574787	0.00120982	0.00636159	0.00566884	0.0108411	0.00159847	0.0454825	0.0331477	0.0443633	0.0447537	0.556776	0.0310401	0.0688757	0.0282532	0.0310594	0.0688101	0.00806737	0.128143	0.64328	3.22051	5	1.201029
1225000	-420.9905	-561.2617	140.2711	10	0.4539254	0.0232193	0.0810006	0.0321728	0.0509586	0.0223696	0.0238368	0.00617923	0.00840985	0.000740774	0.0254596	0.0491097	0.00142138	0.0302936	0.446834	0.0269962	0.0770405	0.0879905	0.120263	0.0122433	0.0252001	0.220777	0.783615	2.97041	5	1.126539
1226000	-419.9771	-553.4431	133.466	10	0.3430714	0.0424152	0.0613702	0.0246013	0.0445037	0.0144568	0.00130538	0.0363544	0.0103588	0.00061785	0.0027898	0.0865453	0.0533973	0.0520487	0.555312	0.0300593	0.0875853	0.132313	0.0616829	0.0273373	0.00942945	0.138159	0.661529	3.19088	5	1.325055
1227000	-424.2574	-561.8617	137.6044	10	0.6311649	0.0215537	0.14088	0.0593249	0.0429949	0.036128	0.005987	0.0163535	0.0179318	0.00935887	0.00398112	0.0587876	0.0421286	0.0335899	0.823137	0.0850603	0.0897492	0.0412306	0.0557648	0.0242306	0.0595928	0.329158	0.896422	2.71483	5	1.608173
1228000	-423.3601	-563.9429	140.5828	10	0.2699887	0.0130357	0.0769485	0.00266	0.06228	0.00488948	0.0156993	0.0128387	0.0151573	0.00067834	0.00414147	0.0611342	0.0345268	0.10013	0.510794	0.0468656	0.00249992	0.0593428	0.0203442	0.0794864	0.00317701	0.0814587	0.541788	3.37358	5	1.123452
1229000	-411.4838	-550.9583	139.4745	10	0.3631083	0.0186697	0.0831235	0.0160559	0.0633447	0.0114045	0.00280301	0.00369617	0.00616426	0.00315618	0.0274006	0.0270083	0.0390641	0.0560388	0.366824	0.123205	0.0375227	0.095042	0.0519392	0.0502557	0.0117717	0.153711	0.688062	3.14646	5	1.082719
1230000	-433.905	-561.2375	127.3325	10	0.7075599	0.0260147	0.0755663	0.0860262	0.0921977	0.006684	0.0224945	0.0252313	0.00411939	0.0218777	0.0133787	0.0883758	0.0612898	0.0272584	0.520366	0.131012	0.09348	0.0610213	0.0340353	0.0666081	0.0758038	0.367075	0.927638	2.62948	5	1.457037
1231000	-405.8793	-552.175	146.2957	10	0.2561203	0.0368935	0.0531884	0.035736	0.0275464	0.0150037	0.0160912	0.0159375	0.0131754	0.00160083	0.0010159	0.0383945	0.0844575	0.00875469	0.637361	0.0764564	0.037176	0.0644078	0.0304384	0.00794902	0.00240935	0.0711442	0.514216	3.41223	5	1.201584
1232000	-421.0398	-561.3349	140.2952	10	0.8220351	0.0119401	0.112113	0.0284353	0.0418459	0.0160739	0.00908264	0.0417357	0.00712406	0.0151223	0.0134367	0.0619568	0.0315463	0.0526446	0.742747	0.0603157	0.0316176	0.207717	0.0249396	0.10779	0.100238	0.415856	0.962878	2.52103	5	1.618185
1233000	-414.7484	-554.5936	139.8453	10	0.3521451	0.0214514	0.0868197	0.0163315	0.0601642	0.000291167	0.0166104	0.000495983	0.00668492	0.0152518	0.0190055	0.0610908	0.00703493	0.0736948	0.718838	0.0492721	0.112477	0.058258	0.0675258	0.0238165	0.0104586	0.145222	0.673834	3.17048	5	1.415114
1234000	-408.6201	-557.4459	148.8259	10	0.1730906	0.021806	0.14485	0.017237	0.0280017	0.0131801	0.0157013	0.00188734	0.00699029	0.0100636	0.00649957	0.0488721	0.028768	0.0316671	0.457753	0.0766072	0.0690685	0.0627373	0.0832534	0.00547585	0.000181504	0.0198341	0.309904	3.67008	5	1.13042
1235000	-423.1912	-553.8899	130.6987	10	0.7393673	0.0148707	0.174345	0.0191078	0.061339	0.0128124	0.0226471	0.00861268	0.000294546	0.0176212	0.0125019	0.0973318	0.115293	0.0152	0.772058	0.0433983	0.0768799	0.0642331	0.156473	0.183437	0.0826092	0.381527	0.938627	2.59724	5	1.868457
1236000	-419.6813	-557.3837	137.7024	10	0.2353949	0.0191597	0.0656042	0.00382609	0.0343802	0.0603087	0.00544866	0.00655769	0.00242344	0.0096962	0.0268085	0.00826774	0.0743957	0.0820737	0.445911	0.0295737	0.0268753	0.106204	0.0145494	0.0724596	0.00149952	0.0563644	0.469657	3.47248	5	1.094524
1237000	-410.0482	-560.7065	150.6582	10	0.274855	0.0236773	0.0409938	0.0297471	0.0407	0.00275378	0.0173264	0.0133097	0.00145794	0.0152034	0.0111057	0.0807847	0.0602245	0.0604568	0.409412	0.0556259	0.0405213	0.00506331	0.0318949	0.0445847	0.00347768	0.0851385	0.551057	3.36033	5	0.9848434
1238000	-425.707	-554.2075	128.5005	10	0.4380828	0.0424576	0.0914737	0.0384333	0.0573175	0.0160271	0.0104464	0.0116085	0.0006734	0.0149815	0.0725861	0.0200544	0.0797143	0.0215077	0.705811	0.13374	0.189333	0.0584058	0.0801175	0.00107631	0.0225698	0.209589	0.769409	2.99843	5	1.645766
1239000	-432.3401	-566.9812	134.6411	10	1.699354	0.0426904	0.12589	0.0856276	0.0751465	0.000532776	0.0280893	0.0569343	0.00792075	0.00421331	0.0425875	0.0787318	0.079224	0.0259876	0.843891	0.0449111	0.0761422	0.0639772	0.158631	0.0867518	0.254542	0.618693	1.06026	2.0665	5	1.92788
1240000	-430.3469	-557.2483	126.9014	10	0.6544801	0.0158487	0.108306	0.0455488	0.116691	0.0019822	0.0150578	0.00172817	0.0217443	0.0027091	0.0153395	0.0447354	0.143522	0.00522135	0.699088	0.179838	0.0567807	0.00865938	0.143204	0.19302	0.0645048	0.341237	0.906757	2.6875	5	1.819025
1241000	-421.6148	-554.6853	133.0705	10	0.2332314	0.0208447	0.0534968	0.0111908	0.0918085	0.00468331	0.00937431	0.0128616	0.00544682	0.00530001	0.00197144	0.0506491	0.0165068	0.105386	0.570491	0.088966	0.0482965	0.000782505	0.0130776	0.0469164	0.00142017	0.0548764	0.464764	3.47894	5	1.158051
1242000	-424.3358	-556.454	132.1182	10	0.3549847	0.0259597	0.154944	0.00432904	0.047055	0.0156405	0.00467638	0.0127286	0.00230069	0.0102593	0.000817838	0.0343153	0.146092	0.125733	0.896827	0.0224497	0.0390416	0.070474	0.00893321	0.176656	0.0107915	0.147426	0.677585	3.1642	5	1.799232
1243000	-417.1578	-556.2781	139.1203	10	0.3215867	0.0292675	0.113658	0.0334395	0.0527399	0.0059382	0.0101034	0.0238498	0.000910344	0.00604731	0.0581727	0.0458379	0.0837647	0.0333733	0.694574	0.0495743	0.0544354	0.0825108	0.0336323	0.019568	0.00720887	0.121358	0.630336	3.2411	5	1.431397
1244000	-420.8638	-554.7042	133.8404	10	0.3013605	0.036911	0.108511	0.00393304	0.0282635	0.00721914	0.0165165	0.0277657	0.0129088	0.00783327	0.0114427	0.0488996	0.0300807	0.0490533	0.570471	0.0423787	0.0232136	0.089566	0.026173	0.112202	0.00540631	0.105554	0.598081	3.29096	5	1.253343
1245000	-432.4732	-568.6064	136.1332	10	0.3464462	0.0502762	0.157968	0.0462604	0.0875618	0.00616254	0.0117484	0.0133383	0.0155746	0.000155746	0.0663797	0.0579238	0.204581	0.00938943	0.76351	0.169849	0.027932	0.0226821	0.022763	0.0463657	0.00980602	0.14079	0.666164	3.18324	5	1.780422
1246000	-416.6445	-566.2882	149.6437	10	0.2293088	0.0640774	0.0644684	0.0438493	0.0407112	0.00418912	0.031584	0.0222772	0.00192124	0.0062106	0.0235267	0.0643892	0.0291194	0.00531232	0.55349	0.0431089	0.0481191	0.022683	0.0692655	0.0515182	0.00128347	0.0522093	0.455774	3.49073	5	1.189821
1247000	-410.8897	-560.0171	149.1274	10	0.4255574	0.0280602	0.0811584	0.00397845	0.0671628	0.000313089	0.0287043	0.0163139	0.00618674	0.0145761	0.0147231	0.0552971	0.0642405	0.0141217	0.554669	0.0929262	0.0569242	0.0534829	0.0638176	0.0753029	0.0205675	0.200576	0.757519	3.02134	5	1.291959
1248000	-411.9045	-553.5607	141.6562	10	0.2160471	0.00990776	0.137628	0.0186226	0.0454165	0.012108	0.00310435	0.00430372	0.00354702	0.00192552	0.0206707	0.0233552	0.0110305	0.00728792	0.540718	0.0608389	0.0587315	0.107451	0.0802427	0.0104093	0.000887029	0.0435155	0.424229	3.53137	5	1.157299
1249000	-416.8733	-557.5585	140.6851	10	0.2268485	0.0102325	0.146476	0.0132233	0.0915253	0.00879269	0.0119243	0.00664286	0.00862727	0.0168155	0.0168729	0.105764	0.0442755	0.0201131	0.799311	0.11218	0.0788749	0.0123125	0.121755	0.0219931	0.00120238	0.0505575	0.450057	3.49818	5	1.647711
1250000	-415.358	-559.9056	144.5476	10	0.2983122	0.0199169	0.0908362	0.021184	0.0457811	0.0768951	0.00241736	0.0141971	0.00958256	0.00846615	0.00572067	0.0665116	0.0134203	0.0724929	0.600289	0.101324	0.263177	0.0331239	0.0193052	0.0337763	0.0051594	0.103183	0.592958	3.2987	5	1.498417
1251000	-429.5386	-558.3654	128.8267	10	0.4899532	0.0287845	0.0892093	0.0617869	0.0419956	0.00182318	0.0202127	0.010933	0.0087342	0.0112362	0.000732322	0.050811	0.0115034	0.0920031	0.389025	0.0889682	0.105234	0.13792	0.0531841	0.00897154	0.0315411	0.245306	0.812818	2.91033	5	1.213067
1252000	-417.2582	-561.5493	144.2911	10	0.3192607	0.00471159	0.0657227	0.000729851	0.015335	0.0107858	0.00914442	0.0356075	0.0106397	0.0040703	0.0403747	0.0373608	0.0354574	0.00805634	0.534388	0.0774669	0.0774889	0.0760389	0.0326066	0.199461	0.00698717	0.119538	0.626775	3.2467	5	1.275446
1253000	-415.9524	-553.9667	138.0142	10	0.3190984	0.0242371	0.126411	0.0371196	0.0724013	0.0042535	0.00416307	0.00777855	0.0114264	0.0046906	0.0058086	0.0729504	0.0663698	0.0807184	0.944375	0.186139	0.0731271	0.0505444	0.0487674	0.00926185	0.00697184	0.11941	0.626525	3.24709	5	1.830543
1254000	-409.6217	-552.9317	143.31	10	0.3518093	0.00377139	0.104156	0.00861815	0.0695323	0.00442683	0.0026113	0.0325066	0.0192071	0.00405204	0.0071798	0.0549311	0.0925472	0.0429818	0.627027	0.0822942	0.0161878	0.115133	0.0543035	0.0410176	0.0104196	0.144961	0.673388	3.17123	5	1.382484
1255000	-419.4231	-558.8277	139.4046	10	0.4470806	0.0197941	0.0774512	0.0335619	0.0674942	0.0162595	0.00890237	0.042686	0.00424798	0.00966401	0.0120756	0.0291063	0.0985369	0.125569	0.424871	0.0518829	0.00275118	0.0493084	0.142609	0.0575727	0.0240508	0.215973	0.777587	2.98239	5	1.274344
1256000	-418.6191	-557.2889	138.6698	10	0.2020853	0.0210194	0.0639384	0.0197446	0.0359958	0.00107512	0.00070695	0.00307973	0.00674975	0.00724581	0.0187301	0.0255295	0.144172	0.0554465	0.988927	0.0112772	0.0618429	0.0838149	0.0693794	0.0371716	0.000570426	0.0349871	0.389079	3.57536	5	1.655847
1257000	-399.3991	-552.6642	153.2651	10	0.3037234	0.0324084	0.0823228	0.0274327	0.0221511	0.000353988	0.00919534	0.00498751	0.00113042	0.00454217	0.00164492	0.0372751	0.0485149	0.0358951	0.440676	0.106279	0.0325289	0.000337929	0.00489338	0.0624942	0.0056022	0.107395	0.602003	3.285	5	0.955064
1258000	-423.3934	-552.712	129.3186	10	0.4335341	0.0122172	0.128006	0.0451459	0.0546513	0.0091823	0.000834099	0.00816401	0.000413879	0.0105696	0.0164655	0.0363429	0.112682	0.00510399	0.657805	0.0114911	0.119007	0.117413	0.0308977	0.0637309	0.0218345	0.206332	0.76516	3.00667	5	1.440123
1259000	-407.0942	-549.5465	142.4523	10	0.2013765	0.0244203	0.0746106	0.00568728	0.0546549	0.0110223	0.00920691	0.00115277	0.00646806	0.00188563	0.0022493	0.0398483	0.0818619	0.0603677	0.547014	0.033115	0.0144465	0.0575253	0.0148083	0.0544104	0.00055687	0.0345733	0.387241	3.57763	5	1.094756
1260000	-415.7684	-557.9256	142.1573	10	0.9789368	0.0146285	0.156655	0.0304216	0.0830847	0.00760191	0.000848654	0.00338836	0.0126967	0.0122431	0.0487668	0.0145454	0.0428201	0.0606365	0.749067	0.0283508	0.0134615	0.107941	0.131443	0.0265178	0.132732	0.470328	0.99642	2.40052	5	1.545118
1261000	-413.6047	-551.1518	137.5471	10	0.1718758	0.0335759	0.0853944	0.0246523	0.0277928	0.00720174	0.00452752	0.00425704	0.00344801	0.00764171	0.00487453	0.0334891	0.00461252	0.0178563	0.515281	0.0673855	0.0690652	0.0206844	0.0699943	0.0273744	0.000171545	0.019286	0.306419	3.67412	5	1.029109
1262000	-427.242	-564.3126	137.0706	10	0.7602859	0.0575237	0.0846865	0.0179771	0.0700165	0.00139999	0.0236151	0.0183484	0.00964556	0.014801	0.0204873	0.0607596	0.0616148	0.0154799	1.25219	0.120538	0.0265211	0.0773095	0.0104759	0.0755549	0.0870847	0.390639	0.945313	2.57696	5	2.018948
1263000	-419.7134	-558.9751	139.2616	10	0.3264546	0.0125463	0.105288	0.00806671	0.0616244	0.00479904	0.0146858	0.00323965	0.00689819	0.0181674	0.0268621	0.0524807	0.181161	0.0225838	0.562122	0.0873766	0.0657104	0.0263355	0.0416268	0.0111737	0.0076848	0.12517	0.637668	3.22948	5	1.312748
1264000	-417.4538	-557.3947	139.9409	10	0.3681223	0.0250779	0.105531	0.027184	0.0784903	0.00894271	0.0152659	0.0129736	0.0089877	0.016759	0.00428608	0.0405768	0.0890484	0.0177426	0.63153	0.0709259	0.0490801	0.0822134	0.110309	0.00471384	0.0123969	0.157574	0.694345	3.13568	5	1.399638
1265000	-413.9077	-557.7805	143.8728	10	0.5947033	0.0614633	0.0770579	0.0417171	0.040485	0.0112343	0.00268209	0.01771	0.0108904	0.00871749	0.0430001	0.0237837	0.111242	0.0184461	0.546291	0.126194	0.0713435	0.081304	0.0225008	0.00324839	0.0520175	0.309315	0.878592	2.76007	5	1.319312
1266000	-416.8839	-551.8307	134.9468	10	0.3883095	0.00734784	0.203449	0.008359	0.0308727	0.0298102	0.0117987	0.0073928	0.00238355	0.00701599	0.0137364	0.035994	0.132795	0.0211482	1.39934	0.0513283	0.0382974	0.142092	0.0531139	0.0724238	0.0150646	0.17297	0.718314	3.09365	5	2.268697
1267000	-413.5062	-556.3589	142.8528	10	0.2978018	0.0068407	0.110467	0.00435301	0.0426462	0.00349784	0.000654465	0.0252345	0.00458034	0.0094822	0.00706149	0.0248725	0.00320998	0.0986704	0.431329	0.0334055	0.0653567	0.0709019	0.126515	0.0583079	0.00511868	0.102786	0.592093	3.3	5	1.127387
1268000	-410.9421	-558.8066	147.8646	10	0.3716797	0.00806511	0.0724623	0.0356407	0.0695683	0.013727	0.0112417	0.0020363	0.0051648	0.0173768	0.00148883	0.0427784	0.0405089	0.0170352	0.607289	0.144353	0.00959362	0.0628638	0.0163015	0.0843981	0.0128497	0.160306	0.698721	3.12812	5	1.261893
1269000	-416.7739	-554.3377	137.5638	10	0.3395486	0.00248465	0.0829758	0.0319114	0.0488994	0.0273257	0.00849199	0.00213912	0.000224568	0.00449088	0.0101699	0.0655907	0.0747141	0.0465155	0.670626	0.0781865	0.0194931	0.104708	0.00970068	0.0344234	0.00904428	0.13541	0.656617	3.19893	5	1.323071
1270000	-418.9898	-559.6217	140.6318	10	0.3507011	0.0813712	0.106322	0.024527	0.0732173	0.0348188	0.00106096	0.0158365	0.00924205	0.00596714	0.0215151	0.0274886	0.0270983	0.0451824	0.489192	0.0198214	0.0478838	0.0421584	0.0588006	0.159974	0.0102913	0.1441	0.671909	3.1737	5	1.291476
1271000	-418.0625	-554.635	136.5725	10	0.301188	0.0203664	0.0548392	0.0261921	0.0493131	0.01055	0.00954174	0.0333986	0.00298591	0.0131619	0.0379825	0.0221647	0.121385	0.027324	0.680686	0.0188869	0.118271	0.0562312	0.043338	0.00376276	0.00539217	0.10542	0.597793	3.2914	5	1.350382
1272000	-413.3453	-558.1399	144.7947	10	0.3334483	0.0197468	0.115264	0.0401809	0.0647043	0.00036617	0.000750811	0.00995457	0.00510179	0.00268644	0.00339722	0.0441159	0.157432	0.0828232	0.428534	0.104248	0.0236495	0.0557791	0.0521422	0.0210229	0.00839666	0.130642	0.647927	3.21303	5	1.2319
1273000	-415.5264	-561.1868	145.6604	10	0.2130469	0.0624217	0.0481498	0.0361459	0.0619456	0.0121797	0.0138741	0.000627541	0.0171245	0.00866357	0.0100993	0.0713964	0.0727388	0.089307	0.786411	0.048741	0.0571169	0.0360917	0.0236643	0.00118251	0.000810702	0.0416249	0.416844	3.54072	5	1.457881
1274000	-428.7517	-562.6304	133.8787	10	1.34408	0.126325	0.116288	0.0422286	0.0598319	0.00724511	0.00973861	0.00393385	0.00689505	0.00466033	0.0712297	0.0487565	0.0696125	0.0253958	0.57446	0.0679811	0.0213788	0.0440384	0.05407	0.097539	0.2002	0.560364	1.03978	2.19965	5	1.451609
1275000	-407.4362	-556.373	148.9368	10	0.4964321	0.0174262	0.0573525	0.0345758	0.0426186	0.00297202	0.00895876	0.00589981	0.00332138	0.00424312	0.0315275	0.0303708	0.010045	0.0644172	0.429762	0.0596169	0.0551753	0.0739052	0.0544398	0.00523764	0.0327284	0.24958	0.817655	2.90004	5	0.9918651
1276000	-429.3244	-564.6871	135.3626	10	0.937745	0.0753226	0.129412	0.0287108	0.0364174	0.00173779	0.0135341	0.0505908	0.0159859	0.0199649	0.0325641	0.0134827	0.0495267	0.052663	0.558402	0.0524251	0.04053	0.17945	0.0372143	0.0456529	0.124371	0.457205	0.988867	2.42956	5	1.433588
1277000	-423.0481	-558.0974	135.0492	10	0.3219843	0.0155881	0.0645461	0.0469287	0.0379566	0.011903	0.0121601	0.0203598	0.00185272	0.00670061	0.0239742	0.0437713	0.0452645	0.0100672	0.278029	0.0312324	0.0366406	0.118004	0.0310532	0.0522264	0.00724714	0.12167	0.630941	3.24014	5	0.8882585
1278000	-442.9794	-570.457	127.4776	10	0.6405549	0.0682666	0.165521	0.0369623	0.0446644	0.00503243	0.0205099	0.094127	0.00456228	0.0204334	0.0173571	0.0529665	0.0637626	0.0421101	0.760546	0.0263142	0.0665861	0.172571	0.00143688	0.0468881	0.0615658	0.334079	0.900678	2.70368	5	1.710618
1279000	-421.5452	-564.6009	143.0558	10	0.452628	0.00480624	0.120877	0.0107483	0.0645547	0.00732553	0.0218981	0.00793245	0.0308941	0.0183194	0.000713732	0.0664696	0.182603	0.0443186	0.566079	0.0446254	0.0202611	0.0996138	0.123073	0.0232002	0.0249808	0.21987	0.782485	2.97266	5	1.458312
1280000	-418.2119	-566.3326	148.1207	10	0.3657603	0.0333943	0.108272	0.0335825	0.0270973	0.00476869	0.00314791	0.123599	0.00159484	0.0133713	0.00749716	0.0748282	0.0952285	0.00813723	0.466449	0.0257405	0.0501581	0.0306237	0.0502593	0.0444317	0.0121005	0.155756	0.691402	3.14074	5	1.202181
1281000	-408.278	-559.2545	150.9765	10	0.4204601	0.0652355	0.0565149	0.0396117	0.0539668	0.0113165	0.00243557	0.00663502	0.00542799	0.00547619	0.0370003	0.0384294	0.0297402	0.0490313	0.309867	0.0400488	0.0875575	0.0229368	0.0273168	0.0963181	0.0197734	0.196868	0.752504	3.03085	5	0.984866
1282000	-429.5906	-560.3979	130.8073	10	1.624171	0.0278563	0.0689161	0.0250586	0.0810772	0.0158112	0.00345956	0.0294891	0.00368801	0.00590282	0.0633347	0.0122314	0.0542638	0.0284667	0.45508	0.0154611	0.0630203	0.092337	0.0543218	0.0918594	0.243883	0.607999	1.05695	2.09117	5	1.191635
1283000	-422.7699	-557.2499	134.48	10	0.7265398	0.0263542	0.188133	0.00806203	0.0749917	0.0611087	0.00335513	0.0274866	0.00498637	0.0090341	0.00258379	0.081228	0.134984	0.0690572	0.832915	0.0720985	0.0884235	0.0565197	0.00131412	0.108333	0.0798638	0.375788	0.93432	2.61003	5	1.850969
1284000	-409.3326	-555.6357	146.3031	10	0.2636745	0.00707832	0.0652281	0.0201006	0.020869	0.00855107	0.00822871	0.00909984	0.00175721	0.00199878	0.00504352	0.0598909	0.0359858	0.0346946	0.298927	0.0745215	0.0174695	0.0463451	0.0927078	0.0309631	0.00281125	0.076728	0.52945	3.39101	5	0.8394608
1285000	-419.4609	-559.2292	139.7683	10	0.2928794	0.0126953	0.0790907	0.0233264	0.0679016	0.0103331	0.0122713	0.0268791	0.0204163	0.00143221	0.0367413	0.0502261	0.0438981	0.110832	0.671643	0.0222803	0.0445535	0.0494542	0.0910189	0.106204	0.0047355	0.0989683	0.583648	3.31265	5	1.481197
1286000	-416.5589	-558.5144	141.9555	10	0.5646965	0.0282841	0.124744	0.0150555	0.0558106	0.0559078	0.0106366	0.00116904	0.0226451	0.0105894	0.0029032	0.103382	0.0428324	0.0705847	0.597034	0.133345	0.0841702	0.0218751	0.0619126	0.0849093	0.0459183	0.292069	0.862181	2.79983	5	1.52779
1287000	-409.9397	-557.9357	147.996	10	0.3811881	0.06957	0.0729813	0.0530838	0.0580814	0.00960677	0.00467847	0.0256064	0.00942713	0.00395072	0.00865988	0.0604667	0.0526022	0.00184123	0.536502	0.0483183	0.0613124	0.0627491	0.0437684	0.0379187	0.0140967	0.16757	0.710094	3.10824	5	1.221125
1288000	-409.4518	-556.1717	146.7199	10	0.6210338	0.0323033	0.0936195	0.0260505	0.0529592	0.00577394	0.00587501	0.00656381	0.0073306	0.000916615	0.0259526	0.0511768	0.0526821	0.0519645	0.413935	0.0398046	0.0278459	0.0467469	0.0222974	0.0294275	0.0574732	0.323764	0.891682	2.72708	5	0.9932264
1289000	-415.7549	-558.5316	142.7768	10	1.39732	0.0500966	0.155252	0.0251143	0.0593992	0.000381264	0.0193933	0.02953	0.00500297	0.00695961	0.0386531	0.0499044	0.0623026	0.033141	0.668484	0.0974877	0.0363966	0.0622521	0.0158406	0.0699321	0.209016	0.570522	1.04378	2.17669	5	1.485524
1290000	-417.1199	-556.5653	139.4454	10	0.203557	0.0323835	0.047992	0.0342726	0.0666744	0.00720158	0.00104764	0.033348	0.000422837	0.0224998	0.0101274	0.0331244	0.0881695	0.103753	0.729537	0.0101686	0.107015	0.0391122	0.0387741	0.0229603	0.000599313	0.0358524	0.392877	3.57067	5	1.428585
1291000	-418.7494	-561.2027	142.4533	10	0.3454881	0.0698836	0.0852166	0.0186823	0.0183988	0.0112829	0.0411736	0.0157085	0.0062999	0.0173451	0.00854999	0.070668	0.0930145	0.0562397	0.768317	0.0189809	0.0378967	0.0172334	0.0791378	0.0993507	0.00969836	0.140043	0.664855	3.1854	5	1.53338
1292000	-417.2474	-553.069	135.8216	10	0.3861236	0.0261689	0.0711767	0.0271257	0.0867444	0.0139456	0.00607221	0.00106946	0.0083972	0.00909391	0.0058912	0.0407037	0.123621	0.0183416	0.472111	0.0217591	0.049147	0.0127099	0.0549011	0.075319	0.0147645	0.171316	0.715817	3.0981	5	1.124298
1293000	-424.7435	-558.6849	133.9414	10	0.1712089	0.0148635	0.0953851	0.057286	0.0285357	0.00852868	0.00206482	0.0213039	0.0107114	0.00211426	0.0360042	0.0134853	0.0886554	0.0033215	0.567545	0.0310262	0.113145	0.00104684	0.063877	0.0073229	0.000166255	0.0189883	0.3045	3.67635	5	1.166222
1294000	-417.2796	-558.2993	141.0197	10	0.4090957	0.0293874	0.162986	0.0100129	0.0591682	0.0207063	0.00195151	0.0140525	0.00637315	0.00966266	0.031637	0.0315564	0.120328	0.0688761	0.575855	0.0266981	0.0125384	0.187654	0.0426759	0.0419131	0.0180482	0.188517	0.740938	3.0525	5	1.454033
1295000	-428.8208	-565.0234	136.2025	10	0.3055307	0.0529147	0.0645068	0.0339304	0.0704071	0.0221686	0.0020106	0.0177199	0.000277887	0.011915	0.00627246	0.0670607	0.0384985	0.0517406	0.52966	0.0985604	0.0932847	0.000424245	0.0219916	0.0649015	0.00575466	0.108804	0.604975	3.28047	5	1.248245
1296000	-418.0213	-563.0358	145.0145	10	0.4340959	0.0450028	0.0752635	0.00989725	0.0451036	0.00442213	0.0190869	0.00538198	0.00511031	0.00688826	0.00409412	0.0365611	0.0202742	0.112359	0.608988	0.195714	0.0621764	0.0221567	0.106829	0.0959595	0.0219248	0.206736	0.765689	3.00565	5	1.481268
1297000	-414.3007	-553.441	139.1403	10	0.3769128	0.0584386	0.061418	0.0135159	0.0767267	0.0235325	0.00565874	0.00348899	0.00692489	0.0060534	0.00136187	0.0935039	0.0774531	0.00244899	0.757712	0.141737	0.00409394	0.0852777	0.0399501	0.030777	0.0135295	0.164311	0.705038	3.11712	5	1.490073
1298000	-432.3324	-563.6275	131.2951	10	0.8421071	0.0598925	0.124288	0.0308034	0.112842	0.0263805	0.0287532	0.0581347	0.00253603	0.0234175	0.0223275	0.091296	0.0957248	0.029208	0.789295	0.0108079	0.0379392	0.072957	0.0390227	0.0491272	0.104482	0.42355	0.967972	2.504	5	1.704752
1299000	-427.1317	-556.8346	129.7029	10	0.9292782	0.0623687	0.140673	0.016018	0.0847226	0.0441184	0.00212043	0.026409	0.0149589	0.00935239	0.00239676	0.100408	0.10024	0.0729841	1.10428	0.0271623	0.0366735	0.0935833	0.0242177	0.0631686	0.122636	0.454411	0.987216	2.43574	5	2.025858
1300000	-425.0332	-559.0429	134.0097	10	1.030868	0.107349	0.112741	0.0320427	0.0684186	0.0417485	0.00520101	0.00512433	0.00410605	0.00676959	0.0102422	0.0822004	0.105192	0.0591947	0.541085	0.00238016	0.0605417	0.033064	0.0876205	0.0902675	0.143072	0.485837	1.00493	2.36616	5	1.455289
1301000	-430.8703	-563.464	132.5937	10	0.4274527	0.0258099	0.223667	0.0209269	0.0849958	0.0428954	0.00695293	0.0229958	0.0124813	0.0128758	0.00689144	0.0630378	0.222078	0.00299551	0.721574	0.00269891	0.0609807	0.121443	0.0311646	0.0775934	0.0208659	0.201949	0.759357	3.01783	5	1.764058
1302000	-427.4122	-554.2568	126.8446	10	0.1785175	0.01564	0.0414681	0.0263349	0.0338701	0.00218429	0.00283354	0.0202216	0.0108795	0.0045863	0.0294698	0.0455673	0.067501	0.0757657	0.803804	0.014032	0.00160146	0.0143346	0.0175402	0.0573506	0.000231361	0.0223734	0.325322	3.65207	5	1.284985
1303000	-418.9607	-555.2648	136.3041	10	0.5953018	0.0120992	0.231028	0.00958159	0.052436	0.0325336	0.0373276	0.0323757	0.00126597	0.0178119	0.0753835	0.0133394	0.138721	0.148222	0.934913	0.0713914	0.0700041	0.093785	0.0353707	0.172404	0.0521405	0.309651	0.878903	2.75931	5	2.179994
1304000	-410.6546	-560.0014	149.3468	10	0.4554251	0.0270975	0.091212	0.0502621	0.0455202	0.01514	0.00983771	0.0105413	0.00740491	0.00496896	0.0307676	0.040141	0.00469129	0.0660616	0.750421	0.117018	0.0235667	0.0472328	0.166139	0.114536	0.0254544	0.221824	0.784914	2.96781	5	1.62256
1305000	-429.2484	-558.4439	129.1954	10	0.6065244	0.0441829	0.0906946	0.0690276	0.106982	0.0308342	0.041138	0.0103857	0.015335	0.00332372	0.0339619	0.0696445	0.029072	0.177765	1.11988	0.0757593	0.031846	0.0150847	0.0606689	0.172092	0.0544565	0.315879	0.884611	2.74505	5	2.197683
1306000	-419.547	-559.4056	139.8586	10	0.5179349	0.102806	0.161862	0.0349575	0.0797188	0.0246277	0.0214347	0.00825537	0.00910175	0.0135107	0.00606966	0.112463	0.0399119	0.0527135	0.537468	0.0133869	0.083043	0.017118	0.159456	0.109333	0.0367581	0.263463	0.832892	2.86689	5	1.587237
1307000	-415.7301	-555.6399	139.9098	10	0.3581424	0.0324048	0.0836177	0.0275336	0.0208073	0.00433715	0.0132465	0.0268605	0.0172797	0.00480831	0.00575615	0.0730766	0.0710625	0.0851693	0.523121	0.0148054	0.024893	0.0189437	0.0525985	0.056254	0.0111676	0.149873	0.681702	3.15726	5	1.156576
1308000	-412.9063	-554.3261	141.4198	10	1.00809	0.0356032	0.0672041	0.0271127	0.0357204	0.00993093	0.0155074	0.00285835	0.00420941	0.00187116	0.0174099	0.0369407	0.0391095	0.000366021	0.567831	0.108587	0.105471	0.105727	0.0585602	0.0156975	0.138565	0.47917	1.00133	2.38094	5	1.255718
1309000	-418.7172	-554.7947	136.0775	10	0.2009239	0.00304995	0.0585251	0.014408	0.0371184	0.0115702	0.00780112	0.0031175	0.00590613	0.00074124	0.018492	0.0230153	0.0168773	0.0170035	0.200017	0.0190229	0.0499954	0.084416	0.0364937	0.0683352	0.000548334	0.0343102	0.386065	3.57908	5	0.6759056
1310000	-417.498	-555.7058	138.2077	10	0.6108973	0.0569353	0.0551763	0.0212333	0.0354236	0.0121595	0.00420686	0.00916303	0.00456178	0.026693	0.0372737	0.0348131	0.0693174	0.0501954	0.602869	0.0656706	0.0496664	0.00352091	0.0471889	0.0384812	0.0553631	0.318275	0.886778	2.73958	5	1.224549
1311000	-411.0075	-555.6382	144.6307	10	0.5087038	0.0413695	0.0693805	0.0393808	0.0560638	0.0161484	0.00679069	0.00371861	0.00116321	0.0130779	0.0196126	0.0626269	0.0803363	0.0140975	0.36493	0.00948808	0.0820208	0.0959549	0.0183128	0.009944	0.0350121	0.25756	0.8265	2.88093	5	1.004418
1312000	-432.3947	-566.436	134.0414	10	0.6447091	0.0272643	0.175262	0.0498918	0.080606	0.0225589	0.0582101	0.0472062	8.45748e-05	0.0197528	0.0173597	0.0435722	0.126054	0.088391	0.54033	0.0563945	0.114448	0.0102721	0.131098	0.0276255	0.0624411	0.336231	0.90252	2.69881	5	1.636382
1313000	-420.6915	-562.4156	141.7242	10	0.2001813	0.0177504	0.0539397	0.0272862	0.0430984	0.0304902	0.00649	0.0229546	0.00264626	0.0302417	0.0122833	0.0303163	0.0204792	0.0448135	0.655993	0.0486308	0.135418	0.144918	0.0574717	0.0251136	0.000534532	0.0338802	0.384131	3.58145	5	1.410334
1314000	-426.8833	-561.0953	134.212	10	0.5361663	0.00954745	0.0631659	0.04908	0.0470204	0.0465214	0.00435504	0.0108453	0.0105208	0.0111768	0.0680006	0.0287465	0.0158721	0.0625401	0.65144	0.0431122	0.134057	0.173272	0.0009614	0.0980449	0.0402712	0.274872	0.844899	2.83996	5	1.52828
1315000	-417.2464	-555.6771	138.4307	10	0.2063697	0.0478264	0.0981455	0.0360454	0.0233204	0.0153679	0.0017182	0.00420236	0.0100446	0.00754753	0.0275709	0.00331813	0.0587561	0.0252571	0.488776	0.0593708	0.0748896	0.0434549	0.0236288	0.0295761	0.000657361	0.0375291	0.400077	3.56174	5	1.078817
1316000	-415.9135	-562.3665	146.453	10	0.6526449	0.0526103	0.107002	0.0379762	0.0714322	0.00134488	0.0111041	0.0116289	0.00813857	0.0436733	0.000630746	0.0726636	0.0771278	0.0307201	0.649477	0.0651077	0.129472	0.00264534	0.00925577	0.0549707	0.0641166	0.340303	0.905971	2.68961	5	1.436982
1317000	-418.6985	-558.2451	139.5465	10	0.3370632	0.0289632	0.135705	0.0281875	0.00934954	0.018699	0.0178386	0.00518803	0.00998708	0.00348401	0.00372406	0.0563456	0.0809733	0.0266638	0.667075	0.0954533	0.152103	0.00470482	0.187422	0.0669633	0.00877745	0.133469	0.653105	3.20465	5	1.59883
1318000	-414.7709	-556.9727	142.2018	10	0.2507989	0.0159378	0.106574	0.0323163	0.0486855	0.0271839	0.0171347	0.0278961	0.000427129	0.0114525	0.0455097	0.00922041	0.160857	0.0491307	0.684006	0.152861	0.061503	0.0378406	0.0561309	0.062269	0.0021492	0.0672675	0.503167	3.42742	5	1.606936
1319000	-412.0389	-555.9721	143.9332	10	0.202858	0.0496332	0.0562863	0.0380462	0.0605812	0.038115	0.000333794	0.00319964	0.00461344	0.00485965	0.0134933	0.0583033	0.128245	0.0583538	0.662479	0.00618451	0.0726027	0.0418217	0.0254461	0.0433103	0.000585467	0.0354404	0.391076	3.5729	5	1.365908
1320000	-411.0524	-555.7759	144.7235	10	0.2584625	0.0396703	0.162786	0.0163547	0.0532287	0.0045124	0.000784765	0.00540105	0.00435865	0.00816582	0.0953567	0.0133508	0.0926589	0.0571335	0.777219	0.0123868	0.0331004	0.0508151	0.081734	0.0939821	0.00252984	0.0728659	0.518995	3.40561	5	1.603
1321000	-412.651	-553.7756	141.1246	10	0.3441206	0.0330711	0.0656263	0.0321422	0.0435495	0.0197715	0.00311646	0.00975025	0.00603033	0.00422425	0.00567553	0.047916	0.0566274	0.00660799	0.489487	0.111634	0.00364142	0.0596957	0.0696796	0.0421382	0.00954573	0.138977	0.662978	3.1885	5	1.110384
1322000	-449.7785	-561.1423	111.3638	10	0.7764464	0.0936647	0.11999	0.0294419	0.0815144	0.00831524	0.0144499	0.00676359	0.017615	0.0235409	0.00882933	0.0673898	0.055244	0.0175324	1.07958	0.0408322	0.000604471	0.0927578	0.117096	0.0878952	0.0905378	0.397475	0.950209	2.56178	5	1.963058
1323000	-433.8018	-560.5632	126.7614	10	0.8134898	0.0177763	0.119117	0.0681607	0.154996	0.0119959	0.0141325	0.0244819	0.00423654	0.00692661	0.0240217	0.0401326	0.2622	0.107047	0.470787	0.014663	0.128183	0.00866708	0.0803603	0.0918619	0.0984259	0.412509	0.960624	2.52844	5	1.649748
1324000	-418.7599	-561.6705	142.9106	10	0.5159056	0.0463557	0.0794321	0.0261462	0.0535622	0.0159469	0.00406289	0.00942646	0.0271269	0.000197871	0.0152157	0.124319	0.1229	0.164826	0.757335	0.0452981	0.0156103	0.0407063	0.0123276	0.0311905	0.0363723	0.262173	0.831505	2.86995	5	1.591986
1325000	-419.6226	-567.25	147.6274	10	0.3235381	0.0861094	0.0472545	0.0102948	0.0569053	0.00293148	0.00266103	0.0580379	0.00441597	0.0124991	0.0231328	0.10577	0.0017644	0.0507035	0.513153	0.0887001	0.023726	0.0805307	0.0549958	0.0306235	0.00739772	0.122886	0.633294	3.23642	5	1.254208
1326000	-414.492	-556.9966	142.5047	10	0.2521996	0.036549	0.0848996	0.0105382	0.0325103	0.0132901	0.00159877	0.0494379	0.00495491	0.0107007	0.0297371	0.0537766	0.0297053	0.0659378	0.736073	0.0877071	0.00431629	0.113238	0.0127844	0.0433066	0.00221586	0.068283	0.506101	3.4234	5	1.421061
1327000	-420.0246	-560.6701	140.6456	10	0.8124167	0.0326616	0.170178	0.0628171	0.0501915	0.00680507	0.022825	0.00681957	0.00185635	0.0121184	0.083168	0.0102471	0.116463	0.0565214	0.654473	0.119259	0.0152508	0.0379644	0.0151668	0.088791	0.098198	0.412085	0.960337	2.52938	5	1.563577
1328000	-437.5509	-559.2613	121.7103	10	1.506313	0.0187079	0.114338	0.01289	0.0657527	0.00373035	0.00278331	0.0345968	0.00278433	0.0144974	0.0469268	0.0256451	0.0311345	0.0643457	0.570992	0.095006	0.0153378	0.0319432	0.0589	0.0822524	0.226296	0.589604	1.05079	2.13331	5	1.292565
1329000	-411.692	-561.4147	149.7226	10	0.4821513	0.0211067	0.178633	0.0209305	0.0746771	0.0405319	0.00102786	0.0547326	0.00391194	0.0107284	0.0698364	0.0181215	0.11763	0.068418	0.491286	0.0379134	0.0079892	0.122545	0.0977277	0.0541473	0.0301292	0.240104	0.806834	2.92293	5	1.491894
1330000	-422.4338	-554.0214	131.5876	10	0.3462713	0.00431207	0.12935	0.0285325	0.047753	0.0305955	0.000448301	0.0550016	0.000789328	0.00706224	0.0125627	0.0510962	0.0596234	0.0481691	0.644525	0.153272	0.0211794	0.112481	0.0478853	0.0477272	0.00978632	0.140653	0.665925	3.18364	5	1.502366
1331000	-414.6744	-559.9608	145.2863	10	0.2567052	0.0265339	0.0511854	0.00191436	0.052382	0.00729539	0.0121068	0.00257378	0.00486311	0.0182319	0.0089699	0.0361217	0.0165264	0.0974275	0.266741	0.0923515	0.0192309	0.00736466	0.0774466	0.0163806	0.00243909	0.0715732	0.515414	3.41057	5	0.8156469
1332000	-423.9809	-559.1766	135.1957	10	0.2643092	0.0337097	0.112021	0.027082	0.0720176	0.0138924	0.00598393	0.0382159	0.0092497	0.00329064	0.0779294	0.012072	0.00535122	0.118299	0.693062	0.0147029	0.0084066	0.1276	0.142275	0.0584496	0.00284678	0.0772011	0.530706	3.38925	5	1.57361
1333000	-423.7972	-560.9871	137.1899	10	0.4526275	0.0314331	0.0722375	0.0363523	0.0905695	0.0116904	0.00404281	0.0236516	0.0096705	0.00548959	0.0391092	0.0547786	0.0585481	0.148192	0.518743	0.136565	0.0157391	0.0729538	0.0186983	0.0491181	0.0249807	0.219869	0.782485	2.97267	5	1.397582
1334000	-412.653	-556.1006	143.4475	10	0.2917586	0.0229286	0.160436	0.0231582	0.0758215	0.0109801	0.00420854	0.0126065	0.0214634	0.00484513	0.0155792	0.076929	0.034704	0.0319857	0.646547	0.0226231	0.109937	0.0551628	0.0683073	0.0402659	0.00465064	0.098101	0.581699	3.31555	5	1.43849
1335000	-416.3417	-552.4454	136.1037	10	0.882101	0.0251432	0.128257	0.00877506	0.0643971	0.00326873	0.00478072	0.00070575	0.000682522	0.013067	0.040305	0.0347582	0.0462249	0.0336774	0.522376	0.131697	0.09883	0.0290886	0.00841904	0.109394	0.112872	0.438203	0.977344	2.47158	5	1.303847
1336000	-425.7796	-559.7642	133.9846	10	0.4141732	0.00995418	0.143459	0.0224175	0.136732	0.00816814	0.0100489	0.0367331	0.030057	0.00550002	0.0411715	0.0332584	0.0488581	0.0149411	1.20045	0.204143	0.111282	0.102207	0.0518076	0.0618524	0.0188111	0.192262	0.746173	3.04275	5	2.273039
1337000	-426.7099	-567.8177	141.1077	10	0.2169746	0.0204129	0.0870997	0.0151256	0.0235473	0.0104196	0.00773463	0.0238241	0.00532558	0.0157192	0.0112839	0.0541421	0.0251304	0.0240876	0.457389	0.0142462	0.0237621	0.211897	0.0241554	0.0149058	0.00091159	0.044106	0.426493	3.52849	5	1.070208
1338000	-418.9497	-561.6006	142.6509	10	0.3106388	0.0200341	0.0627945	0.0367894	0.0386145	0.0366602	0.00289654	0.000838669	0.0101728	0.0115745	0.0220175	0.0615588	0.0325807	0.0804796	0.359181	0.065279	0.0307304	0.014985	0.0617429	0.00333667	0.00619792	0.112793	0.613244	3.26777	5	0.9522667
1339000	-425.604	-555.9422	130.3382	10	0.5859725	0.0174062	0.0958588	0.0415638	0.0402169	0.00575896	0.0355422	0.000458363	0.0290102	0.00515925	0.0194926	0.0441292	0.0322144	0.119239	0.67137	0.149327	0.0285113	0.0767067	0.0286816	0.018336	0.0502283	0.304384	0.87399	2.7714	5	1.458983
1340000	-429.0694	-565.7341	136.6647	10	1.074835	0.105893	0.168074	0.0502232	0.0916267	0.0192919	0.0195983	0.057407	0.0162883	0.00105742	0.0156815	0.055785	0.0418704	0.108135	0.374129	0.0751002	0.0102869	0.0838062	0.0807745	0.0824141	0.151639	0.498145	1.01137	2.33884	5	1.457442
1341000	-420.1406	-560.4966	140.356	10	0.3969108	0.0220035	0.118707	0.10463	0.045749	0.0328483	0.00405625	0.0464371	0.00592036	0.0109521	0.00601427	0.07572	0.133349	0.035893	0.611942	0.0293803	0.0847591	0.00687272	0.051174	0.0402621	0.0162713	0.179445	0.727916	3.07637	5	1.46667
1342000	-408.6279	-555.2823	146.6545	10	0.454048	0.0480944	0.0881633	0.0264315	0.0309006	0.0197788	0.0115926	0.00429258	0.00538085	0.0163483	0.0158518	0.0570147	0.0183791	0.0339294	0.631915	0.102977	0.0119314	0.0533336	0.0575415	0.104606	0.0252208	0.220863	0.783722	2.97019	5	1.338463
1343000	-417.1682	-556.5256	139.3574	10	0.2177022	0.0124821	0.0543802	0.0275135	0.047746	0.00300993	0.0280489	0.00511796	0.00700719	0.000355547	0.00369394	0.0198935	0.00412701	0.0112391	1.02151	0.0343193	0.0256342	0.0858007	0.0371989	0.134561	0.000931178	0.0445712	0.428264	3.52623	5	1.56364
1344000	-421.5751	-552.6515	131.0764	10	0.4841225	0.0283347	0.104936	0.00122137	0.0487736	0.0137428	0.00212219	0.00513106	0.02419	0.00479224	0.0209968	0.0531841	0.00725969	0.0454786	0.781695	0.047878	0.0800128	0.0782888	0.0238285	0.0473495	0.030484	0.241424	0.808363	2.91973	5	1.419215
1345000	-415.7678	-557.786	142.0182	10	0.4516396	0.00409088	0.173569	0.0440461	0.0453415	0.0125644	0.00060572	0.0717827	0.0106434	0.00605882	0.0151415	0.0804726	0.0241966	0.0702853	0.566293	0.136095	0.00678267	0.0295211	0.117542	0.02879	0.0248141	0.219178	0.78162	2.97439	5	1.443823
1346000	-418.404	-555.4288	137.0248	10	0.278187	0.0381654	0.0820771	0.00816949	0.0548081	0.014327	0.00245223	0.00415712	0.00168296	0.00362471	0.0314613	0.0232645	0.0170143	0.0670112	0.65131	0.0571362	0.0777503	0.0518615	0.101971	0.010966	0.00369305	0.0876732	0.557286	3.35135	5	1.299211
1347000	-415.381	-554.9899	139.609	10	0.8388181	0.0818474	0.0766895	0.0212097	0.0940068	0.0100484	0.00360391	0.000247007	0.0151698	0.00224304	0.0236507	0.0388876	0.0334048	0.0701667	0.508969	0.00553482	0.0667162	0.147043	0.0935052	0.121428	0.103788	0.422305	0.967157	2.50675	5	1.414372
1348000	-421.1203	-556.478	135.3577	10	0.9817082	0.0518323	0.12584	0.0307426	0.0883951	0.00619934	0.0116543	0.000248697	0.00301365	0.0198745	0.0222384	0.0458242	0.0356872	0.0957211	0.382647	0.0370377	0.00123478	0.0803778	0.0778715	0.0406048	0.13329	0.471184	0.996902	2.39862	5	1.157045
1349000	-420.1304	-554.8354	134.7049	10	0.4852589	0.0351507	0.0884155	0.033709	0.0594216	0.0206831	0.0023047	0.0262395	0.000777049	0.00671982	0.0146398	0.0582335	0.0405258	0.0294507	0.471192	0.0305716	0.0745213	0.102937	0.0286002	0.0158071	0.0306892	0.242184	0.809239	2.91789	5	1.1399
1350000	-411.3742	-558.5812	147.207	10	0.3227861	0.0505967	0.115527	0.00514749	0.0457467	0.000737766	0.00351408	0.00225232	0.00435998	0.0248309	0.00613057	0.0381895	0.0259013	0.0064685	0.44131	0.0547214	0.0481467	0.00568617	0.0404479	0.129509	0.00732464	0.122298	0.632157	3.23822	5	1.049224
1351000	-425.9176	-556.3118	130.3942	10	0.5029721	0.0874227	0.0619793	0.00613235	0.0432044	0.0547671	0.00953845	0.0330223	0.00526972	0.012859	0.00493817	0.0827312	0.0318695	0.11906	0.767544	0.080521	0.0753232	0.154644	0.0474541	0.00445653	0.0339399	0.253852	0.822419	2.88979	5	1.682738
1352000	-417.9699	-565.1699	147.2	10	0.3172457	0.00822176	0.0938563	0.0403415	0.0195149	0.0250257	0.00209773	0.0267549	0.0132307	0.00418413	0.0342299	0.0341528	0.0235195	0.032436	0.224522	0.0576442	0.0743216	0.00912096	0.0700763	0.104269	0.00679812	0.11796	0.62366	3.25158	5	0.8975203
1353000	-416.0446	-556.6196	140.575	10	0.2283168	0.0195446	0.0894367	0.00459765	0.0466795	0.029539	0.000199072	0.00126703	0.00782824	0.0121779	0.022541	0.0658556	0.0905455	0.100381	0.507977	0.00754751	0.063808	0.0171466	0.027521	0.0727701	0.00125035	0.0515413	0.453476	3.49373	5	1.187363
1354000	-411.5043	-556.2673	144.763	10	0.2366432	0.0134525	0.0783763	0.0232875	0.0116434	0.00969172	0.00608469	0.0257821	0.00609473	0.00489223	0.0240073	0.0170532	0.0391444	0.0703904	0.471917	0.064059	0.0216396	0.0142628	0.0300342	0.0521753	0.00154661	0.0572281	0.472459	3.46877	5	0.9839878
1355000	-420.3934	-558.6216	138.2281	10	0.5839218	0.0441046	0.0572418	0.0143567	0.0385886	0.00252374	0.00921103	0.00696701	0.0037733	0.0128962	0.0355808	0.0255887	0.0675811	0.0484351	0.501164	0.0409869	0.100989	0.0281759	0.00379198	0.0131018	0.0498097	0.303216	0.872889	2.77408	5	1.055058
1356000	-420.0305	-559.516	139.4855	10	0.4654328	0.0287433	0.109769	0.01825	0.0484606	0.0449592	0.0135335	0.00970347	0.0121151	0.00321121	0.00137375	0.0311743	0.0741994	0.127889	0.600227	0.0207717	0.0984033	0.0274273	0.0772784	0.0605889	0.027174	0.228751	0.79339	2.95068	5	1.408078
1357000	-415.1855	-559.3233	144.1379	10	0.6012966	0.0706826	0.0773516	0.010203	0.0951736	0.00918378	0.00825086	0.0018008	0.00428396	0.0223564	0.0204263	0.050226	0.00924339	0.149301	0.668169	0.0294756	0.0959047	0.0123789	0.102478	0.103438	0.0533756	0.312992	0.881979	2.75165	5	1.540327
1358000	-417.0995	-556.8271	139.7277	10	0.5303145	0.0122388	0.168275	0.0243717	0.0986214	0.0128886	0.0107407	0.0332474	0.0172424	0.00458617	0.0351159	0.0336829	0.114192	0.0855954	0.869494	0.0155111	0.0191413	0.0771686	0.0988233	0.0667057	0.0391347	0.271246	0.841131	2.84849	5	1.797642
1359000	-413.1198	-560.783	147.6633	10	0.4035686	0.0214241	0.067118	0.0227676	0.0758635	0.0245394	0.00457094	0.0126996	0.0386335	0.00696822	0.0255294	0.0628786	0.00406774	0.112358	0.49027	0.0294878	0.0726901	0.0888558	0.0518914	0.0445769	0.0172326	0.184417	0.735114	3.06324	5	1.25719
1360000	-414.8542	-560.4711	145.6169	10	0.2582385	0.0162856	0.0362893	0.0327939	0.0196129	0.00957946	0.00278902	0.0215968	0.0108885	0.00535194	0.0111951	0.0312116	0.0524902	0.1096	0.524248	0.0802131	0.0130209	0.0230507	0.0424334	0.00734403	0.00251816	0.0727008	0.51854	3.40624	5	1.049995
1361000	-430.0588	-561.0273	130.9685	10	0.2931022	0.075137	0.0974585	0.0365795	0.101444	0.0196817	0.000598423	0.0408213	0.0337879	0.00731633	0.00127385	0.0532509	0.0498522	0.0696335	0.657415	0.0289369	0.127982	0.00175375	0.0471915	0.069794	0.00475248	0.0991408	0.584035	3.31207	5	1.519908
1362000	-433.0251	-568.4166	135.3915	10	0.3370677	0.0534123	0.0869083	0.021998	0.123115	0.0234138	0.0222381	0.00286615	0.033619	0.00300941	0.0579749	0.0454154	0.0232391	0.150349	0.400972	0.0565928	0.0881701	0.0632782	0.0661567	0.0621286	0.00877793	0.133472	0.653112	3.20464	5	1.384857
1363000	-430.1897	-559.6233	129.4335	10	0.8074952	0.0560131	0.173283	0.0565887	0.0358668	0.0157998	0.04096	0.034146	0.00936852	0.00851169	0.0233952	0.0768993	0.0521486	0.0540007	0.657682	0.132685	0.0247491	0.030089	0.137631	0.120317	0.0971526	0.410134	0.95901	2.5337	5	1.740134
1364000	-419.2321	-555.1686	135.9366	10	0.1653641	0.00216006	0.0589563	0.0300826	0.065718	0.0178769	0.00346858	0.0399887	0.00702979	0.013243	0.0554749	0.000656307	0.0397143	0.0507309	1.12858	0.112069	0.0482622	0.0768524	0.00604523	0.00527604	0.000124983	0.0164786	0.287533	3.69586	5	1.762189
1365000	-408.9475	-557.1261	148.1787	10	0.2273496	0.00800929	0.119118	0.025889	0.0264935	0.000889899	0.00623281	0.00277419	0.00328814	0.00406954	0.0108354	0.0425195	0.026962	0.0321771	0.379398	0.0073565	0.0410607	0.0150076	0.019752	0.102598	0.00121861	0.0508926	0.451226	3.49666	5	0.8744313
1366000	-422.2813	-558.1345	135.8532	10	0.7246436	0.0232224	0.0798978	0.0223598	0.0508714	0.0183629	0.00508935	0.00102802	0.00445853	0.0156989	0.0355637	0.0217319	0.0318372	0.0589953	0.567539	0.111226	0.0364873	0.0940841	0.0879215	0.0222462	0.079458	0.374929	0.933669	2.61194	5	1.288622
1367000	-411.3767	-555.9919	144.6152	10	0.5226485	0.0597847	0.123086	0.0764474	0.0794741	0.00249997	0.00564795	0.00914431	0.00188829	0.0158073	0.0169636	0.0449744	0.165085	0.00963948	0.541151	0.114093	0.00184427	0.111614	0.0308507	0.0452286	0.0376584	0.266444	0.836073	2.85982	5	1.455224
1368000	-406.3949	-550.1581	143.7632	10	0.3130952	0.0180364	0.147757	0.0212523	0.0642217	0.0414664	0.0114338	0.00262431	0.00784093	9.7035e-05	0.0144487	0.0536725	0.0979403	0.111256	0.676322	0.0503472	0.0606623	0.11834	0.0459568	0.0206295	0.00641754	0.114713	0.617153	3.26172	5	1.564305
1369000	-409.6749	-548.901	139.2261	10	0.2250012	0.0284586	0.041146	0.0135059	0.0518803	0.00450542	0.0111003	0.000572742	0.00125027	0.00804711	0.00848241	0.0514827	0.0323717	0.000621651	0.760829	0.0835832	0.00139376	0.0529224	0.0499133	0.083511	0.0011438	0.0493285	0.445724	3.5038	5	1.285578
1370000	-410.5136	-558.213	147.6995	10	0.2539856	0.0146982	0.0540123	0.0521583	0.034731	0.0107748	0.010587	0.00626342	0.00549086	0.00825962	0.0174505	0.0720504	0.0103173	0.0446031	0.413641	0.110188	0.0322492	0.0656357	0.0646337	0.106438	0.00230273	0.069583	0.509816	3.4183	5	1.134183
1371000	-404.8992	-557.6964	152.7972	10	0.5179524	0.0232678	0.0774187	0.0287184	0.0214345	0.0342221	0.0148037	0.000731775	0.00959001	0.00914389	0.00633129	0.0481534	0.115603	0.0453689	0.470893	0.00664585	0.0363693	0.0373574	0.136669	0.0412406	0.0367614	0.263474	0.832904	2.86686	5	1.163962
1372000	-410.4703	-552.886	142.4157	10	0.4209228	0.0157369	0.1147	0.0248006	0.0611859	0.0195427	0.0233524	0.0015515	0.00848873	0.00461578	0.0037033	0.0872445	0.0988747	0.0714162	0.646174	0.13474	0.0410119	0.0115374	0.106913	0.0057332	0.019845	0.197205	0.752964	3.02999	5	1.481324
1373000	-428.7434	-560.6578	131.9144	10	0.2626785	0.0625698	0.109082	0.00403636	0.0565484	0.0168016	0.0324952	0.0120308	0.0176197	0.00682926	0.0354352	0.0472578	0.000216947	0.108907	0.736262	0.087787	0.0285264	0.0363526	0.0345237	0.0424796	0.00275605	0.0759868	0.527471	3.39379	5	1.475761
1374000	-423.3424	-558.6824	135.34	10	0.4761171	0.0116189	0.093759	0.0194929	0.0381199	0.01384	0.0116067	0.0373976	0.00191599	0.00770227	0.0114671	0.0514291	0.0206112	0.099733	0.590125	0.014927	0.015895	0.13676	0.0124831	0.0450718	0.0290512	0.236039	0.802081	2.93283	5	1.233955
1375000	-429.6348	-563.3378	133.703	10	0.2547643	0.0409209	0.118588	0.0445105	0.0478072	0.0175597	0.0192534	0.020517	0.0153774	0.00138063	0.0848057	0.0164878	0.0735848	0.108699	0.562678	0.0971814	0.0884127	0.0443711	0.033668	0.0139285	0.00234127	0.0701515	0.511426	3.41608	5	1.449732
1376000	-416.7367	-555.8546	139.1179	10	0.5325466	0.0064848	0.17848	0.00769399	0.0509409	0.0216843	0.00654937	0.00219549	0.00235387	0.0195931	0.0441618	0.0189737	0.035822	0.0401496	0.442216	0.17721	0.0506119	0.0281439	0.10795	0.0400635	0.0395672	0.272633	0.842578	2.84522	5	1.281278
1377000	-422.6903	-560.2447	137.5544	10	1.00336	0.0895641	0.127926	0.0400007	0.0406679	0.0237872	0.055529	0.0235695	0.0168257	0.0104141	0.0213115	0.0473967	0.0266559	0.0322928	0.624032	0.0954533	0.067369	0.109713	0.060819	0.0267665	0.137624	0.477759	1.00055	2.38406	5	1.540094
1378000	-426.7038	-565.3753	138.6716	10	0.1890537	0.045448	0.111644	0.0593396	0.0789053	0.00908896	0.00509913	0.00976154	0.00617566	0.00506258	0.0145543	0.0398019	0.0244976	0.0717728	0.658739	0.0226112	0.0293512	0.0322427	0.0535998	0.0641576	0.000356128	0.0277088	0.354491	3.61744	5	1.341854
1379000	-417.6459	-557.8143	140.1684	10	0.2193357	0.0270158	0.0424406	0.0180128	0.0378359	0.01076	0.0188704	0.012218	0.0149337	0.0118342	0.00161372	0.0498827	0.0272635	0.0627051	0.609336	0.0208876	0.0210082	0.0550462	0.0401849	0.0894243	0.000976203	0.0456216	0.432218	3.52118	5	1.171274
1380000	-414.4961	-557.7171	143.221	10	0.4229944	0.0402095	0.0685632	0.0323009	0.0544504	0.00786915	0.00387287	0.0218661	0.00223733	0.0146512	0.0165375	0.0405487	0.0591287	0.0368872	0.265599	0.060628	0.121093	0.0407031	0.0142487	0.0540024	0.0201667	0.198714	0.75501	3.02611	5	0.955397
1381000	-416.2056	-559.4867	143.2811	10	0.3696431	0.0218071	0.0847024	0.0351696	0.0582974	0.015043	0.0134895	0.0408663	0.0132052	0.0170126	0.0166091	0.0455819	0.0521776	0.0280939	0.75896	0.0272628	0.151834	0.0467345	0.0493648	0.000344933	0.0125896	0.158743	0.696224	3.13244	5	1.476557
1382000	-421.3629	-557.1142	135.7513	10	0.9979736	0.0265214	0.126047	0.0475305	0.0573616	0.00770351	0.00246391	0.00439712	3.99525e-05	0.00567025	0.0348693	0.0500882	0.0488559	0.0341211	0.427941	0.0781272	0.0905312	0.0253684	0.0390722	0.184549	0.136549	0.476142	0.999663	2.38765	5	1.291259
1383000	-421.6788	-556.4018	134.723	10	0.6818801	0.0239018	0.143521	0.043236	0.0795954	0.0402236	0.0234946	0.0124055	0.00668226	0.00575257	0.00826776	0.0682695	0.134646	0.0226917	0.907021	0.0548791	0.101552	0.147515	0.0374771	0.089309	0.0703228	0.354854	0.917964	2.65686	5	1.950441
1384000	-416.8897	-558.5615	141.6718	10	0.5381094	0.0567163	0.059785	0.0361385	0.0735599	0.0202392	0.000254223	0.0159194	0.0332043	0.00293603	0.000202315	0.0827453	0.0860166	0.0378486	0.38049	0.0765089	0.0910485	0.0472866	0.0424941	0.0145096	0.0406503	0.276068	0.846133	2.83715	5	1.157904
1385000	-417.6811	-555.573	137.8919	10	0.4485305	0.0538812	0.11284	0.0142414	0.0356138	0.00532268	0.0204073	0.00140537	0.00110579	0.00827732	0.0600222	0.0222006	0.0470979	0.0238317	0.644253	0.0924529	0.0661803	0.0418986	0.0460246	0.018592	0.0242926	0.216994	0.778878	2.97984	5	1.315648
1386000	-410.9434	-554.5425	143.5991	10	0.5077739	0.0280266	0.0843225	0.014598	0.0570485	0.00259671	0.0033415	0.0126875	0.00943559	0.00347947	0.0195706	0.0336331	0.0580394	0.0354442	0.433252	0.0383593	0.0311269	0.0110578	0.0320916	0.0118162	0.0348375	0.256961	0.825844	2.88236	5	0.9199276
1387000	-417.4593	-557.6059	140.1466	10	0.1973343	0.0246578	0.0882008	0.0257829	0.0615207	0.0545977	0.00355807	0.00284429	0.00599003	0.0110055	0.000923325	0.0430574	0.00841362	0.023656	0.561622	0.0462259	0.052827	0.0446704	0.0621988	0.0676607	0.000483892	0.0322519	0.376665	3.5906	5	1.189413
1388000	-423.2758	-557.246	133.9702	10	0.3950767	0.00952041	0.188502	0.0166271	0.056647	0.0232973	0.00089407	0.0209858	0.00513116	0.00220128	0.0203335	0.0372706	0.0435488	0.0468055	0.333825	0.0517457	0.0137606	0.0374459	0.0851995	0.0867184	0.0160106	0.178069	0.725898	3.08002	5	1.08046
1389000	-421.7296	-556.9828	135.2532	10	0.6218575	0.0142825	0.115948	0.0360545	0.0979873	0.00795173	0.0047	0.00812744	0.00418534	0.00184465	0.0574639	0.0347018	0.0460231	0.0943488	0.756919	0.0352584	0.169347	0.097937	0.00455184	0.0746496	0.0576452	0.324206	0.892073	2.72608	5	1.662283
1390000	-417.1469	-554.6651	137.5182	10	0.2265978	0.0232081	0.0583222	0.00161216	0.0221327	0.00101784	0.00341858	0.0158012	0.0135407	0.0016574	0.0480552	0.0616037	0.0223386	0.0654181	0.769808	0.0218848	0.0381747	0.0324674	0.0788104	0.0776279	0.00119431	0.0503902	0.449471	3.49894	5	1.3569
1391000	-424.0164	-562.5179	138.5015	10	0.2691444	0.0590145	0.0693089	0.032053	0.032689	0.0192364	0.0127328	0.021376	0.00785311	0.0111529	0.0274546	0.0313695	0.00259464	0.166972	0.865326	0.0608155	0.0678932	0.0324708	0.133619	0.0131081	0.00312652	0.0808231	0.540158	3.37589	5	1.66704
1392000	-426.0317	-559.4675	133.4358	10	0.4376085	0.0196542	0.0411323	0.0414558	0.0367431	0.0383667	0.00456954	0.01712	0.00506244	0.00601255	0.00727027	0.0541777	0.0131629	0.12954	0.732043	0.0796713	0.0312077	0.017674	0.0239343	0.0596551	0.0224927	0.20925	0.768969	2.99929	5	1.358453
1393000	-428.091	-558.2798	130.1888	10	0.2446705	0.0312579	0.0611812	0.0444641	0.0584372	0.00853395	0.00107913	0.0117069	0.00382724	0.0170495	0.00822086	0.0571925	0.134146	0.0460933	0.602	0.0302793	0.0277677	0.0669223	0.0898304	0.037187	0.00187261	0.062869	0.490111	3.44515	5	1.337176
1394000	-413.1301	-561.4858	148.3557	10	0.4550969	0.0269932	0.0352483	0.00390634	0.0785792	0.0180696	0.00903717	0.00840462	0.014257	0.0114482	0.00929209	0.0515236	0.0323655	0.0509752	0.482065	0.00601213	0.0993068	0.0249509	0.0724274	0.097616	0.0253987	0.221595	0.784631	2.96838	5	1.132478
1395000	-434.4348	-568.6084	134.1736	10	0.9246734	0.059664	0.0509992	0.0177522	0.0710607	0.00912367	0.0219073	0.0116937	0.00736256	0.0035237	0.00567373	0.0360953	0.00594451	0.11217	0.481082	0.0059213	0.0897211	0.0593408	0.126005	0.104104	0.12169	0.452878	0.986304	2.43913	5	1.279145
1396000	-409.0725	-558.9114	149.839	10	0.2042095	0.0193264	0.0464992	0.0318301	0.0529314	0.00189461	0.0133982	0.0406402	0.00999535	0.00212534	0.0205432	0.0349982	0.0457171	0.000206273	0.7488	0.0569396	0.0254696	0.0320807	0.0558735	0.00182422	0.000612444	0.0362387	0.394555	3.56859	5	1.241093
1397000	-417.698	-558.5902	140.8922	10	0.4465832	0.025067	0.0616555	0.0321935	0.0648241	0.0146014	0.00133184	0.00819174	0.00880613	0.010816	0.000316902	0.075493	0.0275756	0.0532797	0.686034	0.028203	0.162468	0.0185342	0.029518	0.0866928	0.023968	0.215622	0.777143	2.98327	5	1.395603
1398000	-409.4915	-554.8169	145.3255	10	0.3666813	0.0158919	0.14816	0.0192284	0.0878029	0.00879383	0.00697096	0.0234716	0.0170378	0.000521504	0.0596541	0.0148114	0.0272198	0.0780047	0.849836	0.0254325	0.0522707	0.067492	0.014262	0.187372	0.0122157	0.156465	0.692553	3.13877	5	1.704234
1399000	-424.5155	-557.7861	133.2706	10	0.2018022	0.023916	0.0938405	0.0157733	0.0294605	0.0152775	0.023817	0.00089563	0.000227555	0.0243256	0.0179426	0.0372138	0.126359	0.0157873	0.623171	0.0531191	0.0283979	0.0574436	0.0453774	0.0522677	0.000564985	0.0348216	0.388345	3.57627	5	1.284613
1400000	-414.0763	-551.8371	137.7608	10	0.5130736	0.0535985	0.0888517	0.0212084	0.0328448	0.0125276	0.0121674	0.00663253	0.00330655	0.00908197	0.0244589	0.00943202	0.079188	0.0519834	0.522082	0.0600513	0.0494961	0.0117528	0.0287178	0.137737	0.0358357	0.260365	0.829553	2.87425	5	1.215119
1401000	-444.9345	-565.8503	120.9158	10	0.6742888	0.015038	0.0845363	0.0316164	0.0559757	0.052876	0.0308059	0.0727645	0.013456	0.00656881	0.0481831	0.013445	0.0452287	0.039069	0.832586	0.0347649	0.17771	0.188353	0.0864906	0.0832223	0.068707	0.351142	0.914955	2.6652	5	1.912691
1402000	-415.3727	-565.4204	150.0477	10	0.2503342	0.0220809	0.0608223	0.00288273	0.0485261	0.0153147	0.00140606	0.062306	0.00576083	0.00475685	0.00486651	0.0523799	0.0252837	0.0343905	0.352193	0.00770602	0.0232344	0.0714732	0.0346452	0.0389078	0.00212737	0.0669314	0.50219	3.42875	5	0.8689361
1403000	-410.0071	-555.4533	145.4462	10	0.3730785	0.0356872	0.128431	0.0483348	0.0314063	0.00484429	0.00306465	0.00442705	0.0105448	0.00225133	0.00988256	0.0738821	0.027745	0.0302566	0.527115	0.0962695	0.0133598	0.0774661	0.0618105	0.102768	0.0130298	0.161378	0.700424	3.12517	5	1.289547
1404000	-427.6046	-561.0171	133.4125	10	0.7241206	0.023853	0.129404	0.0202994	0.033555	0.0104244	0.049441	0.0161219	0.0110051	0.0102336	0.0425457	0.0228485	0.0287928	0.0735954	0.498354	0.00334244	0.00866704	0.0977956	0.0661779	0.195282	0.0793461	0.374692	0.933489	2.61247	5	1.341738
1405000	-413.531	-554.2347	140.7037	10	0.473195	0.0358472	0.0759543	0.045895	0.0637565	0.0319945	0.0082323	0.0141774	0.00543443	0.00978201	0.0348776	0.0250736	0.0429383	0.106742	0.701841	0.0614778	0.0749334	0.0546064	0.0206995	0.118108	0.0285337	0.234057	0.79974	2.93767	5	1.532371
1406000	-418.4405	-554.4781	136.0377	10	0.3243099	0.0229311	0.125597	0.0320722	0.0411414	0.0378882	0.0300693	0.00763912	0.011044	0.00833132	0.000372463	0.057831	0.0149461	0.197419	0.62249	0.0374217	0.0941726	0.0743932	0.0658426	0.052701	0.00747313	0.123491	0.634458	3.23458	5	1.534303
1407000	-414.1409	-554.4581	140.3171	10	0.3565445	0.0157406	0.0809888	0.0294008	0.0417504	0.000687605	0.0177995	0.00313448	0.00638692	0.00912517	0.00600733	0.104539	0.0911999	0.00570369	0.612933	0.0864571	0.0702052	0.0469184	0.0438748	0.0173583	0.0109765	0.148636	0.679626	3.16076	5	1.29021
1408000	-419.7298	-557.6838	137.954	10	0.7230379	0.0330909	0.132338	0.00759746	0.03711	0.0234419	0.0100124	0.0036395	0.00655567	0.00826715	0.033188	0.0184638	0.141058	0.0325146	0.64578	0.0514304	0.104226	0.00476678	0.0847763	0.126727	0.0791144	0.3742	0.933115	2.61357	5	1.504983
1409000	-413.731	-556.2815	142.5505	10	0.47983	0.0105742	0.0910736	0.0131741	0.0611904	0.0158054	0.000596786	2.02171e-05	0.0151895	0.00580328	0.0108841	0.0627529	0.077301	0.00976281	0.665981	0.0901354	0.0864031	0.0564966	0.142444	0.0583777	0.029713	0.238544	0.805019	2.92672	5	1.473966
1410000	-410.9745	-556.6675	145.693	10	0.4321386	0.0457161	0.136557	0.00894274	0.102249	0.0248103	0.0121029	0.00505111	0.010438	0.00123585	0.0284615	0.0646131	0.0368205	0.0431652	0.407473	0.0433843	0.100076	0.00550897	0.0637867	0.110498	0.0216107	0.20533	0.763841	3.00922	5	1.250891
1411000	-421.3119	-550.0649	128.753	10	0.2121431	0.0078191	0.114684	0.0210637	0.00801092	0.0275426	0.0119324	0.00204622	0.000622388	0.0155573	0.0307784	0.0419534	0.0674857	0.0278081	0.899633	0.00191287	0.0470942	0.081133	0.0592107	0.0403278	0.000788629	0.0410614	0.414601	3.54355	5	1.506615
1412000	-411.4017	-551.7329	140.3312	10	0.3509442	0.0384823	0.0861767	0.0295713	0.0559065	0.000532613	0.00237395	0.00554473	0.00266842	0.0140062	0.0125869	0.063812	0.0250289	0.0642329	0.531841	0.0461662	0.105625	0.0069945	0.07959	0.0456755	0.0103193	0.144289	0.672234	3.17316	5	1.216815
1413000	-402.3095	-551.3117	149.0022	10	0.2035033	0.0229863	0.0894974	0.0102114	0.0233234	0.00954037	0.00295218	0.00695146	0.0083582	0.00802878	0.0214241	0.0307658	0.0749889	0.025056	0.378867	0.00840877	0.0520368	0.00952039	0.0703131	0.0322036	0.000598241	0.0358207	0.392739	3.57084	5	0.8854336
1414000	-421.2127	-563.3595	142.1468	10	0.408354	0.063315	0.0712769	0.00885824	0.0893195	7.41059e-05	0.00910221	0.0198698	0.00796472	0.00917253	0.010132	0.0749973	0.0435871	0.036386	0.444055	0.097226	0.0185641	0.183868	0.0109025	0.0416073	0.0179378	0.187969	0.740165	3.05393	5	1.240278
1415000	-408.6459	-553.1428	144.4969	10	0.4767031	0.0273207	0.0818583	0.0168763	0.115031	0.0329264	0.00266099	0.0224469	0.0105307	0.0119265	0.0104623	0.0560916	0.0843595	0.132838	0.88749	0.0480486	0.00718075	0.0586825	0.0641406	0.0469201	0.0291553	0.236435	0.802548	2.93186	5	1.717791
1416000	-420.9278	-560.3074	139.3796	10	0.5726873	0.0360512	0.206266	0.0214445	0.0982415	0.0247601	0.0149774	0.0211789	0.0432335	0.00519914	0.00616877	0.0299847	0.100858	0.0390656	0.732918	0.103693	0.000632937	0.088324	0.137385	0.00548901	0.0475282	0.296745	0.866718	2.78901	5	1.71587
1417000	-413.9227	-554.3383	140.4156	10	0.3440161	0.0171356	0.138127	0.012544	0.0630045	0.0275344	0.0109997	0.00518487	0.00123399	0.0151533	0.00806328	0.0401396	0.0185691	0.0312895	0.450239	0.0970297	0.0604471	0.00285241	0.0599314	0.0969596	0.00953411	0.138896	0.662834	3.18874	5	1.156438
1418000	-434.0184	-565.4233	131.4049	10	1.042211	0.0268025	0.0995638	0.00753238	0.101693	0.0331616	0.0137202	0.0516223	0.021336	0.0118109	0.00778296	0.0759799	0.0495135	0.0291303	0.683169	0.0958287	0.112697	0.0613777	0.0772828	0.117236	0.145298	0.489082	1.00666	2.35896	5	1.677241
1419000	-423.4971	-564.0301	140.533	10	0.4500357	0.0205023	0.15413	0.0150168	0.0604766	0.00808769	0.0114408	0.00801918	0.00565038	0.00227814	0.0034541	0.168876	0.00809778	0.031659	0.664111	0.0672789	0.159083	0.080398	0.0920084	0.119204	0.0245446	0.218052	0.78021	2.97719	5	1.679771
1420000	-424.9338	-557.7065	132.7727	10	0.2705835	0.0212223	0.0887354	0.0415541	0.105914	0.000855451	0.000360749	0.0315184	0.0167454	0.00649424	0.0408588	0.0408097	0.0757451	0.0431417	0.837439	0.100403	0.07577	0.0555062	0.045358	0.117928	0.00321288	0.0819069	0.542932	3.37195	5	1.74636
1421000	-426.2862	-562.2908	136.0046	10	0.9926763	0.0439739	0.0936023	0.0416029	0.0459099	0.0466373	0.0121051	0.107739	0.0237072	0.00286344	0.033962	0.0327957	0.227061	0.133003	0.706937	0.162158	0.119073	0.0143947	0.026834	0.0413017	0.13549	0.474539	0.998776	2.39119	5	1.915661
1422000	-430.7041	-562.3634	131.6592	10	0.4160994	0.0307024	0.0788581	0.017981	0.0630819	0.0152004	0.0308286	0.0409839	0.0284767	0.00554703	0.0110362	0.150687	0.121067	0.145386	0.836378	0.0479646	0.0869255	0.136943	0.0397534	0.0207486	0.0191039	0.193677	0.74813	3.03909	5	1.908549
1423000	-418.2449	-562.749	144.504	10	0.2188183	0.00912776	0.0480198	0.000446129	0.0713501	0.00397762	0.00101989	0.00496968	0.00573772	0.00557643	0.062797	0.00937485	0.00994638	0.0530403	0.436265	0.0341488	0.0339068	0.0617794	0.0685501	0.0388265	0.000961786	0.045288	0.430969	3.52278	5	0.9588602
1424000	-423.5543	-562.0577	138.5034	10	1.520107	0.0624684	0.111302	0.0502906	0.0629543	0.0210655	0.0092507	0.0473657	0.00562874	0.0139266	0.0749172	0.0700162	0.130904	0.00351858	0.762834	0.0552021	0.140346	0.0185522	0.0949815	0.0290706	0.228412	0.591869	1.05158	2.12814	5	1.764595
1425000	-420.6586	-561.9385	141.2799	10	0.3850008	0.0221502	0.150857	0.00965496	0.0831155	0.0186128	0.00543736	0.0105177	0.011648	0.0156762	0.0364785	0.0113434	0.0106725	0.0468465	0.517558	0.0663227	0.0802601	0.0976195	0.0308914	0.0508011	0.0146113	0.170465	0.714526	3.1004	5	1.276464
1426000	-425.2133	-562.8991	137.6858	10	0.3044478	0.0369396	0.075869	0.0111212	0.0472837	0.00803712	0.00743726	0.0201925	0.0252669	0.00670588	0.0116233	0.0767152	0.0846543	0.166977	0.760276	0.100367	0.0782062	0.0506098	0.110881	0.0433972	0.00566304	0.107959	0.603197	3.28318	5	1.722561
1427000	-418.2289	-552.8774	134.6486	10	0.2676908	0.00954108	0.13633	0.0039672	0.0285374	0.0264857	0.0155673	0.0237328	0.00375726	0.0113834	0.0556736	0.0217985	0.0379794	0.0739595	0.865178	0.0890097	0.019889	0.164736	0.0235703	0.104753	0.00304073	0.0797309	0.537339	3.37989	5	1.715849
1428000	-424.4017	-559.1335	134.7318	10	0.7896432	0.0552961	0.150049	0.0199948	0.0347874	0.00241955	0.00265931	0.0040864	0.00110403	0.0115624	0.0168004	0.0884472	0.0444311	0.15619	0.830081	0.118137	0.0853387	0.101099	0.17458	0.0863497	0.0933531	0.402931	0.954043	2.54967	5	1.983413
1429000	-420.6002	-553.7495	133.1493	10	0.11438	0.00179081	0.0790482	0.0350225	0.0434987	0.0082075	0.00903684	0.0179375	0.0018323	0.00229807	0.0215435	0.00510184	0.0346073	0.0250434	0.723738	0.0504153	0.0916603	0.0711448	0.0572316	0.00260448	3.00154e-06	0.00257041	0.134297	3.86313	5	1.281763
1430000	-430.4847	-558.7885	128.3039	10	0.4792316	0.0447902	0.165441	0.0323996	0.0654078	0.0126404	0.0357711	0.0107696	0.0237766	0.00848243	0.00673629	0.0554155	0.149297	0.0172852	0.679291	0.0703363	0.0519247	0.0458693	0.0788555	0.0739554	0.029606	0.238142	0.804548	2.9277	5	1.628445
1431000	-408.4162	-552.9571	144.5408	10	0.3887562	0.0158522	0.0691522	0.00948869	0.071082	0.0108532	0.00596338	0.003279	0.0141696	0.00665527	0.0268528	0.0287007	0.0726495	0.0186478	0.36347	0.0727408	0.0170743	0.00868479	0.0670011	0.032006	0.0151263	0.173308	0.718821	3.09274	5	0.9143234
1432000	-411.2099	-556.0812	144.8713	10	0.3896738	0.0255805	0.127903	0.0277893	0.0628265	0.0347164	0.0179014	0.00280822	0.00591883	0.00920999	0.00999377	0.0336912	0.0459392	0.0725583	0.51021	0.0501217	0.0303599	0.00554866	0.0540931	0.163334	0.0152533	0.174001	0.71986	3.09089	5	1.290504
1433000	-422.9412	-560.9399	137.9987	10	0.3620702	0.0183585	0.0586498	0.0278358	0.0457502	0.0245276	0.00325836	0.0185929	0.0103453	0.00542346	0.0824907	0.0835745	0.0824806	0.0287761	0.525821	0.0339488	0.0431047	0.0263507	0.0283588	0.102988	0.0116441	0.15291	0.686743	3.1487	5	1.250635
1434000	-422.7133	-557.7275	135.0141	10	0.3900146	0.0382663	0.132173	0.026131	0.0758191	0.0183438	0.015881	0.0221074	0.00140204	0.0149418	0.0284999	0.0299082	0.00211495	0.0512878	0.66597	0.103777	0.0728565	0.034005	0.0319425	0.122319	0.0153006	0.174258	0.720245	3.0902	5	1.487747
1435000	-423.8334	-559.7536	135.9203	10	0.5504124	0.0280797	0.109697	0.0256101	0.0760564	0.0121343	0.0146076	0.014372	0.0159462	0.00632519	0.0150177	0.0411555	0.0617878	0.0744902	0.550905	0.00917337	0.093726	0.0293806	0.118188	0.0533777	0.0430701	0.283558	0.853747	2.81962	5	1.350031
1436000	-431.3931	-566.8302	135.4371	10	0.4802393	0.0526778	0.187377	0.0165267	0.0553248	0.0244844	0.0107116	0.00841482	0.00980426	0.0188714	0.0336523	0.0589184	0.116838	0.0406296	0.47081	0.116311	0.0343492	0.0558605	0.094628	0.0381386	0.0297862	0.23882	0.80534	2.92605	5	1.444327
1437000	-428.6121	-559.117	130.5049	10	0.6474964	0.0561887	0.239762	0.0663558	0.103318	0.00618426	0.0122766	0.0115625	0.00810026	0.0154363	0.0837054	0.024485	0.0970861	0.0733728	0.760261	0.0518935	0.221605	0.0757696	0.0111687	0.0216859	0.0630291	0.337667	0.903742	2.69556	5	1.940217
1438000	-417.6794	-552.7232	135.0438	10	0.7038228	0.0467312	0.0850728	0.0579754	0.0509982	0.0304708	0.00601639	0.00317691	0.00688332	0.00705942	0.00673814	0.0378478	0.0621155	0.128768	0.704342	0.0036836	0.117553	0.0376507	0.0270622	0.100048	0.075005	0.365328	0.926277	2.63339	5	1.520193
1439000	-419.0925	-558.2269	139.1344	10	0.2971431	0.0504923	0.0770966	0.0160549	0.0184404	0.00570529	0.0105322	0.0108758	0.0149775	0.0071224	0.0302558	0.0757056	0.205622	0.0619743	0.612504	0.0144008	0.0439097	0.0797332	0.0298852	0.0576584	0.00506643	0.102275	0.590974	3.30169	5	1.422946
1440000	-435.1548	-568.5967	133.4418	10	0.2517566	0.0465916	0.0973259	0.0633165	0.0302694	0.0602646	0.011802	0.0132345	0.00210574	0.0149408	0.0162721	0.0451739	0.0524211	0.118093	0.627242	0.0642435	0.0237283	0.0715753	0.0122116	0.0224668	0.00219464	0.0679614	0.505175	3.42467	5	1.393279
1441000	-423.6818	-559.0944	135.4125	10	0.8129553	0.032103	0.0531295	0.0366606	0.04873	0.0421966	0.0290925	0.0154947	0.0114749	0.0180949	0.0118515	0.0715635	0.0104497	0.106767	0.605025	0.004548	0.0585554	0.108648	0.0262237	0.136084	0.0983124	0.412298	0.960481	2.52891	5	1.426692
1442000	-410.9199	-551.4926	140.5728	10	0.2332555	0.0317672	0.0515895	0.0165023	0.0378627	0.00711169	0.00238337	0.0247716	0.00509595	0.00740072	0.0113257	0.0416065	0.0905221	0.0100497	0.70297	0.0339175	0.118878	0.0270992	0.0340374	0.0355897	0.00142103	0.0548929	0.464819	3.47887	5	1.290481
1443000	-419.7309	-555.049	135.3181	10	0.5756528	0.0539646	0.0782681	0.0269956	0.0599993	0.0472865	0.0107581	0.00987044	0.00528862	0.0131588	0.00883525	0.0539409	0.0973159	0.0961312	0.864072	0.0706067	0.0211438	0.0188964	0.0566884	0.0199646	0.0481285	0.298465	0.86837	2.78504	5	1.613185
1444000	-421.9955	-559.072	137.0766	10	0.1721332	0.00932534	0.0758994	0.00973442	0.0424999	0.00902999	0.00695139	0.0457227	0.00199699	0.00754135	0.0275916	0.0753079	0.0778384	0.0971868	0.783062	0.0720232	0.0309957	0.0217069	0.101372	0.0538228	0.00017362	0.0194015	0.307158	3.67327	5	1.549608
1445000	-420.2368	-553.5462	133.3094	10	0.5074699	0.0318313	0.0813615	0.0205727	0.0556855	0.0054349	0.00357608	0.00120651	0.00739949	0.00558413	0.0441525	0.0222583	0.095224	0.115408	0.88601	0.0153857	0.0177461	0.052979	0.0471433	0.0617322	0.0347805	0.256764	0.825629	2.88283	5	1.570692
1446000	-421.0784	-568.4725	147.3941	10	0.2993195	0.0628406	0.0584594	0.0387627	0.0408713	0.0165256	0.0356093	0.0310813	0.0071289	0.000364247	0.0231456	0.105917	0.00668562	0.0322331	0.455611	0.0260216	0.0497331	0.0771058	0.0163818	0.0499246	0.00524026	0.103966	0.594658	3.29614	5	1.134402
1447000	-415.1237	-556.699	141.5754	10	0.2688361	0.0103757	0.109986	0.00978951	0.0562827	0.00213851	0.00434866	0.00793698	0.0216986	0.00908448	0.0315846	0.0165361	0.045445	0.0590639	0.395909	0.00937334	0.0440297	0.0138866	0.109734	0.139723	0.0031082	0.0805912	0.539562	3.37674	5	1.096926
1448000	-415.5666	-552.9242	137.3575	10	0.2642373	0.0233434	0.12049	0.0176088	0.0577267	0.00793387	0.0062249	0.0227103	0.000480593	0.0141586	0.0236553	0.0456308	0.0381413	0.0963887	0.799876	0.0647162	0.00599343	0.016853	0.0258318	0.055228	0.00284274	0.0771475	0.530564	3.38945	5	1.442992
1449000	-410.2743	-551.988	141.7138	10	0.2020792	0.0185319	0.0782135	0.0121266	0.0359563	0.0234643	0.00706117	0.00207702	0.00468643	0.00629751	0.0431317	0.0264437	0.0212008	0.0919726	0.99747	0.0329542	0.0777848	0.101628	0.0333753	0.110899	0.000570308	0.0349835	0.389063	3.57538	5	1.725274
1450000	-412.5817	-552.7655	140.1838	10	0.6772499	0.0283922	0.101533	0.0160876	0.0504824	0.00878468	0.0124204	0.00671666	0.000554878	0.00612074	0.0492991	0.0394933	0.0651178	0.136124	0.717231	0.0253815	0.113972	0.0834785	0.00977842	0.0297077	0.069337	0.352595	0.916137	2.66193	5	1.500676
1451000	-422.253	-553.2961	131.0431	10	0.3782948	0.0250849	0.124303	0.0130648	0.0675919	0.0195631	0.00284279	0.00525292	0.00843836	0.0131472	0.000670474	0.0471789	0.0822409	0.0756431	0.712077	0.019532	0.0284268	0.0463542	0.0252119	0.0331234	0.0137117	0.165365	0.706682	3.11424	5	1.349747
1452000	-424.0233	-557.9743	133.951	10	0.4143216	0.0574361	0.14071	0.00881085	0.100128	0.0133253	0.00462071	0.0279314	0.00881688	0.00525541	0.0190074	0.0680613	0.0271489	0.140944	0.774672	0.0724528	0.0606697	0.00431727	0.0890669	0.109397	0.0188336	0.192371	0.746324	3.04247	5	1.732772
1453000	-423.7584	-557.5572	133.7988	10	0.8082262	0.00778996	0.142355	0.0530224	0.0447256	0.0209447	0.0026009	0.00880835	0.02897	0.00309714	0.000948438	0.0760707	0.101732	0.0583698	0.627202	0.0739962	0.000750314	0.0594459	0.114626	0.0675979	0.097308	0.410425	0.959208	2.53306	5	1.493053
1454000	-429.124	-557.2638	128.1398	10	0.6159878	0.016776	0.141876	0.0361695	0.0819076	0.0114497	0.0188649	0.0709816	0.00512387	0.0122001	0.0420344	0.0483251	0.0380899	0.0789679	0.700976	0.110121	0.011004	0.0330458	0.0462162	0.0451065	0.0564214	0.321043	0.889261	2.73327	5	1.549236
1455000	-416.0838	-555.2461	139.1623	10	0.3880077	0.00357545	0.0701771	0.0302898	0.02342	0.00169517	0.00507543	0.000624799	0.00947745	0.0141582	0.0111911	0.0674002	0.198725	0.0300233	0.824461	0.0450577	0.039962	0.100325	0.0888459	0.0240797	0.015023	0.172742	0.71797	3.09426	5	1.588564
1456000	-412.0733	-556.8654	144.7921	10	0.5693884	0.0346671	0.079859	0.0118847	0.0259635	0.00653529	0.0119485	0.0339283	0.00801158	0.00461157	0.00988994	0.0556991	0.110922	0.0452959	0.549462	0.060287	0.0501122	0.0548413	0.0599193	0.0211736	0.0468622	0.294822	0.86486	2.79346	5	1.235012
1457000	-416.9118	-554.9373	138.0255	10	0.4827999	0.018637	0.0718809	0.0242742	0.0912	0.00598234	0.0137581	0.0183793	0.00197796	0.0089413	0.0334437	0.0526305	0.0283379	0.0992029	0.714325	0.0122667	0.0992558	0.0565747	0.179937	0.056171	0.0302458	0.240539	0.807338	2.92188	5	1.587177
1458000	-407.1762	-553.1447	145.9686	10	0.4977155	0.0756166	0.0740145	0.0196678	0.0759814	0.00273097	0.0294557	0.00253076	0.0113736	0.00234725	0.00702739	0.0412782	0.0833545	0.0351971	0.481903	0.137699	0.0329575	0.0255635	0.0330705	0.0870607	0.0329651	0.250422	0.818599	2.89801	5	1.25883
1459000	-420.6978	-559.3733	138.6755	10	0.6862783	0.0141075	0.135771	0.0744545	0.0829132	0.00371528	0.00762971	0.0125598	0.0142293	0.0220946	0.0326566	0.0587534	0.148505	0.0358685	0.668908	0.0230691	0.0622851	0.00464845	0.114236	0.123139	0.07126	0.356983	0.919676	2.65208	5	1.639544
1460000	-420.9971	-550.6529	129.6558	10	0.1929276	0.00593435	0.140106	0.00828103	0.0298841	0.00926575	0.00694781	0.013823	0.00489716	0.0130529	0.0132498	0.038087	0.107498	0.00996234	0.725695	0.0181057	0.0669266	0.13221	0.0245764	0.0644241	0.000412402	0.0297976	0.364949	3.60484	5	1.432927
1461000	-418.2779	-559.5025	141.2247	10	0.3554095	0.0462597	0.0741399	0.0191017	0.055574	0.00513149	0.00392085	0.00151687	0.00619018	0.00822649	0.0103879	0.0789187	0.0364376	0.0482591	0.67455	0.0267002	0.0605026	0.0173457	0.0179502	0.0901052	0.0108417	0.147756	0.678142	3.16326	5	1.281218
1462000	-431.2863	-561.0151	129.7288	10	0.7434322	0.00434152	0.207096	0.0103005	0.0562698	0.0333947	0.00987974	0.00267829	0.0171639	0.00363776	0.0137563	0.0846401	0.0678491	0.0132593	0.457652	0.0068828	0.0458617	0.0813865	0.0684176	0.129407	0.0834791	0.383322	0.939958	2.59324	5	1.313874
1463000	-435.8152	-569.6926	133.8774	10	1.46746	0.0884351	0.045358	0.0328247	0.0572372	0.0166263	0.0155363	0.0198608	0.0161934	0.00668776	0.144954	0.0282799	0.041144	0.0129592	0.570309	0.0476728	0.0570413	0.128391	0.0142724	0.0879558	0.220252	0.583049	1.04845	2.14825	5	1.431739
1464000	-429.1863	-559.9431	130.7568	10	0.8693877	0.10795	0.197553	0.0452038	0.119419	0.0140336	0.0531963	0.00701825	0.00321305	0.019993	0.0600998	0.0367031	0.0640334	0.0708334	0.885371	0.0582591	0.133469	0.0702843	0.0141392	0.0406946	0.110215	0.433639	0.974471	2.48167	5	2.001466
1465000	-419.1668	-562.4136	143.2468	10	0.4937122	0.0170044	0.0824476	0.0347947	0.0860453	0.00550999	0.000976815	0.0208845	0.0176281	0.0109231	0.040782	0.0424931	0.0762206	0.0277591	0.487221	0.0672676	0.0147599	0.04863	0.0131508	0.110856	0.0322283	0.247791	0.815639	2.90434	5	1.205354
1466000	-429.6509	-554.6188	124.9679	10	0.2836544	0.0231317	0.0776198	0.00802063	0.0677032	0.0188722	0.00484642	0.00575431	0.00532208	0.00620376	0.016348	0.0182062	0.0968726	0.00417272	0.541896	0.0808975	0.0774085	0.0556149	0.0956759	0.025741	0.00406328	0.0918559	0.567303	3.33678	5	1.230307
1467000	-423.5006	-558.8935	135.393	10	1.16238	0.0230673	0.173751	0.0306218	0.100349	0.021829	0.0305711	0.0259037	0.0175855	0.00679185	0.0198013	0.0246119	0.108254	0.0684512	0.448658	0.0138096	0.0680336	0.146944	0.181061	0.0319396	0.168169	0.520654	1.02244	2.28874	5	1.542035
1468000	-424.5249	-555.9957	131.4708	10	0.889026	0.0840765	0.119918	0.0361475	0.0345052	0.0729572	0.00975119	0.00497909	0.00263971	0.0174939	0.056515	0.0170353	0.0686159	0.0679115	0.529282	0.0570965	0.0493569	0.0878499	0.0210445	0.100831	0.114315	0.440652	0.978869	2.46616	5	1.438007
1469000	-414.9841	-556.0944	141.1102	10	0.599416	0.00716141	0.159473	0.0445952	0.0668699	0.00638817	0.0171462	0.0127123	0.0101612	0.0134019	0.0305195	0.0524635	0.0632523	0.0134476	0.576667	0.0346222	0.0268925	0.10096	0.0440325	0.13079	0.0529876	0.311947	0.881021	2.75404	5	1.411556
1470000	-421.7356	-560.0797	138.3441	10	0.3736443	0.0455909	0.131026	0.0217243	0.039088	0.0440304	0.012589	0.00098166	0.000273609	0.00513123	0.0401742	0.0348765	0.040216	0.0193714	0.67003	0.036678	0.156217	0.191954	0.050156	0.0477781	0.013103	0.161811	0.701109	3.12398	5	1.587886
1471000	-408.5796	-557.5109	148.9313	10	0.6082285	0.0479247	0.151057	0.0177982	0.1195	0.00540977	0.0124919	0.0330784	0.00187649	0.0173833	0.00421026	0.0533879	0.106963	0.0186597	0.950328	0.0378592	0.0352455	0.0902141	0.132227	0.0560584	0.0548095	0.316815	0.88546	2.74292	5	1.891673
1472000	-433.9499	-560.5119	126.5621	10	0.3893357	0.0683721	0.123198	0.0242091	0.0529705	0.0190399	0.00417004	0.0527623	0.00977327	0.00977196	0.00330468	0.0690456	0.0173054	0.03675	1.10462	0.128563	0.0274815	0.0400203	0.061327	0.144574	0.0152064	0.173746	0.719478	3.09157	5	1.997258
1473000	-419.4187	-560.3149	140.8962	10	0.5176205	0.0401632	0.0787061	0.0259338	0.0271199	0.0385082	0.000982457	0.0460064	0.0175857	0.0146682	0.0172801	0.0406483	0.106165	0.0549786	0.399126	0.134635	0.0252119	0.0306041	0.0391338	0.0232689	0.0366983	0.263263	0.832678	2.86736	5	1.160726
1474000	-428.877	-562.254	133.377	10	0.5729356	0.00999201	0.113328	0.0301025	0.105809	0.0102789	0.0265346	0.0207964	0.0138696	0.00702363	0.0267606	0.0977429	0.132732	0.0136747	0.721723	0.0474422	0.0302116	0.201088	0.0906187	0.0548036	0.0475784	0.296889	0.866857	2.78868	5	1.754532
1475000	-426.46	-568.1705	141.7105	10	0.3623406	0.108707	0.0695389	0.0685286	0.0315674	0.00041855	0.0305352	0.0893684	0.0189548	0.00793596	0.0645851	0.00242666	0.0612926	0.0733279	0.6622	0.116551	0.0523513	0.0835367	0.176892	0.00132642	0.0116773	0.153119	0.687087	3.14812	5	1.720045
1476000	-418.0781	-560.3633	142.2852	10	0.4934266	0.00641882	0.0908168	0.0719082	0.0564853	0.0443703	0.0103133	0.0185318	0.0220694	0.000281256	0.000859146	0.0446022	0.0333035	0.00247919	0.583674	0.115614	0.0146158	0.0606929	0.0602064	0.0669271	0.032176	0.247603	0.815426	2.9048	5	1.30417
1477000	-423.9847	-553.7149	129.7301	10	0.4550306	0.0323717	0.0747083	0.0164298	0.0615117	0.00998887	0.00983639	0.00978983	0.0224002	0.0139735	0.0206237	0.0326159	0.0416597	0.0302671	0.899503	0.0262854	0.0970884	0.120257	0.0497569	0.0499289	0.0253874	0.221548	0.784573	2.96849	5	1.618997
1478000	-419.3272	-560.5674	141.2402	10	0.3401159	0.00730995	0.140385	0.046581	0.0600294	0.00131719	0.00523446	0.0406101	0.00392402	0.0120183	0.013866	0.0918416	0.0120905	0.041435	0.654056	0.094366	0.0355706	0.0887745	0.0722563	0.0312155	0.00910575	0.135853	0.657413	3.19763	5	1.452882
1479000	-414.4911	-560.0499	145.5589	10	0.2938486	0.0114623	0.0591738	0.0129459	0.0489207	0.0173939	0.0324918	0.000396652	0.0247333	0.0055432	0.0378797	0.0366739	0.0703193	0.0701961	0.423079	0.0160281	0.047573	0.0255777	0.050494	0.032564	0.00480961	0.099719	0.585326	3.31015	5	1.023446
1480000	-413.7922	-557.689	143.8967	10	0.6770772	0.0785588	0.111388	0.0415985	0.0435823	0.0339552	0.010428	0.0193811	0.00215811	0.0173116	0.00924628	0.0298629	0.0886803	0.035764	0.574353	0.0600201	0.0769558	0.168552	0.0858214	0.0238766	0.0693002	0.352511	0.916068	2.66212	5	1.511495
1481000	-421.4966	-556.4748	134.9783	10	0.4718585	0.046941	0.0971099	0.00922934	0.0572714	0.00339152	0.0118883	0.000815945	0.00672622	0.0165807	0.0126536	0.0380674	0.0497606	0.0721738	0.73999	0.0493535	0.202294	0.0260819	0.0168657	0.0486866	0.028298	0.233148	0.79866	2.93989	5	1.505881
1482000	-419.3758	-549.8066	130.4308	10	0.4665315	0.0112119	0.13253	0.0142933	0.0366076	0.00644964	0.0042739	0.00714722	0.0133493	0.00449091	0.00773072	0.0496581	0.0395149	0.077619	0.61489	0.00237054	0.0714537	0.0320489	0.0865583	0.0831017	0.0273651	0.229506	0.794301	2.94883	5	1.2953
1483000	-418.8341	-560.2982	141.464	10	0.6184861	0.0244231	0.111469	0.0240796	0.0454519	0.0344254	0.0176796	0.00142867	0.00695009	0.0161901	0.0245022	0.0396551	0.0419283	0.0442273	0.370498	0.0739543	0.109028	0.0436361	0.0916241	0.0209482	0.0569418	0.322393	0.890465	2.7302	5	1.142098
1484000	-434.9298	-568.5408	133.611	10	1.145845	0.0339089	0.165828	0.0832188	0.0882464	0.0157771	0.0628232	0.0183415	0.0136866	0.0205382	0.0511749	0.0875398	0.0687031	0.0230372	0.729016	0.110364	0.0580012	0.00976533	0.0794579	0.0436544	0.165102	0.516591	1.02051	2.2978	5	1.763083
1485000	-421.8932	-555.0035	133.1104	10	0.498249	0.0211519	0.110233	0.0136385	0.0649569	0.028255	0.00268888	0.00545535	0.00791779	0.00162407	0.00271048	0.0837937	0.0722839	0.150057	0.869933	0.0494647	0.144466	0.099518	0.0574929	0.0233676	0.0330637	0.250771	0.81899	2.89717	5	1.80901
1486000	-421.6862	-561.3826	139.6964	10	0.5558564	0.0471997	0.117296	0.0375326	0.0391145	0.0343047	0.0182218	0.0125454	0.0418676	0.0020516	0.0513836	0.0295077	0.0390091	0.0381661	0.585263	0.00566989	0.0554254	0.0963074	0.0726806	0.0435051	0.0441509	0.286825	0.857011	2.81201	5	1.367052
1487000	-419.7197	-557.4596	137.7399	10	0.3309186	0.0529311	0.111926	0.0573589	0.0299636	0.0104291	0.00800037	0.0316269	0.00639444	0.00306271	0.0341223	0.036197	0.00841747	0.00617215	0.790026	0.108238	0.0748636	0.172141	0.00892483	0.108871	0.00813538	0.128664	0.644253	3.21895	5	1.659667
1488000	-423.085	-559.2118	136.1269	10	0.5747009	0.0909049	0.074201	0.0525344	0.0480131	0.00313437	0.0150897	0.0294301	0.008447	0.00371514	0.0466859	0.0153436	0.0682506	0.0726531	0.459941	0.129781	0.133667	0.0440311	0.0234012	0.086443	0.0479356	0.297913	0.867842	2.78631	5	1.405667
1489000	-416.6051	-558.6461	142.041	10	0.2961657	0.0330925	0.0975209	0.0331058	0.0453346	0.00954977	0.0255541	0.0055574	0.0243819	0.00414204	0.017338	0.0885664	0.0742723	0.0179095	0.743911	0.0555122	0.0789349	0.0477255	0.120376	0.0380181	0.00498944	0.101516	0.589307	3.30419	5	1.560802
1490000	-423.0811	-562.3712	139.2901	10	0.4620233	0.0120072	0.105036	0.0199168	0.101409	0.0330441	0.00649999	0.000226731	0.00730112	0.0147551	0.0136023	0.0810266	0.035049	0.0351746	0.45349	0.0526339	0.145303	0.092555	0.0292298	0.0400786	0.0265839	0.226402	0.79054	2.95647	5	1.278339
1491000	-420.9038	-558.1054	137.2017	10	0.2803815	0.00292735	0.0585272	0.0315756	0.0630218	0.00800973	0.00873299	0.0141057	0.00489663	0.0207249	0.0347172	0.00590769	0.00735245	0.0832196	0.852492	0.100518	0.0581993	0.0179984	0.0655041	0.0328221	0.00383914	0.0893487	0.561337	3.34548	5	1.471254
1492000	-426.4097	-557.8919	131.4822	10	0.5041463	0.0538693	0.0993691	0.0119521	0.0862631	0.0146258	0.00669208	0.00401788	0.00276564	0.00576791	0.0332258	0.0597011	0.101778	0.0157788	1.13814	0.187139	0.0743371	0.0229085	0.0312629	0.126913	0.0341588	0.254614	0.823262	2.88796	5	2.076506
1493000	-429.8466	-559.4259	129.5794	10	0.5333181	0.0265076	0.0906663	0.031331	0.0469114	0.0176144	0.0114156	0.0639739	0.00670682	0.0282809	0.0132781	0.0421074	0.0430519	0.0348699	0.505917	0.0510368	0.0678461	0.0926805	0.0360575	0.107659	0.039717	0.273111	0.843075	2.8441	5	1.317912
1494000	-426.1145	-552.5907	126.4762	10	0.1856476	0.0418558	0.0861216	0.0227788	0.0267851	0.0148605	0.0173159	0.023942	0.00118827	0.00459924	0.011944	0.0329132	0.0215016	0.0983252	0.60032	0.00482056	0.0662855	0.021799	0.087808	0.0068093	0.000311447	0.0259275	0.345175	3.62859	5	1.191974
1495000	-417.1741	-553.1822	136.0081	10	0.3875373	0.0319187	0.0805056	0.0233304	0.0255872	0.0255545	0.0018288	0.00203128	0.00512077	0.0136453	0.00823689	0.0468486	0.0671336	0.039677	0.77853	0.0161044	0.0249994	0.159429	0.0404959	0.0861473	0.0149583	0.172387	0.717434	3.09522	5	1.477126
1496000	-412.3109	-550.8087	138.4978	10	0.2536145	0.0886328	0.0628396	0.019999	0.0513125	0.0252231	0.00685407	0.00776906	0.0157724	0.000469713	0.0406357	0.0229143	0.0569146	0.0860627	0.891605	0.131568	0.0336359	0.0551743	0.0447394	0.0421273	0.00228451	0.0693124	0.509046	3.41936	5	1.68425
1497000	-426.669	-565.5871	138.9181	10	0.2507068	0.0110455	0.0653919	0.0703371	0.0555494	0.00442683	0.0202375	0.0244867	0.0107629	0.00176552	0.00448555	0.0291599	0.0422568	0.0102586	0.259644	0.0110454	0.015547	0.110543	0.0862291	0.0115	0.00214486	0.0672009	0.502974	3.42768	5	0.8446726
1498000	-416.0873	-557.7509	141.6636	10	0.2233877	0.0233244	0.0798415	0.0346677	0.0517219	0.0135509	0.00794695	0.00683481	0.00186538	0.0170064	0.00320026	0.0382979	0.0562675	0.116521	0.408024	0.0736488	0.0331264	0.00395091	0.0183929	0.0500372	0.00109423	0.0482631	0.441911	3.50873	5	1.038227
1499000	-410.4535	-560.9429	150.4895	10	0.4481298	0.0272889	0.0601452	0.0334988	0.0274561	0.0145515	0.0130154	0.00776781	0.00587481	0.012438	0.0596302	0.00925279	0.00641461	0.105716	0.651133	0.0967412	0.0629015	0.0265576	0.0908667	0.0438988	0.0242257	0.216712	0.778522	2.98054	5	1.355149
1500000	-430.8095	-558.441	127.6315	10	0.9557608	0.0560402	0.0697795	0.0227134	0.0282941	0.0235069	0.0120236	0.0235315	0.00981403	0.010192	0.0685021	0.0336116	0.0614988	0.114089	0.480445	0.0331217	0.0412346	0.0749397	0.0319236	0.0557823	0.128045	0.463038	0.992265	2.41665	5	1.251044
1501000	-416.5415	-557.2215	140.6801	10	0.333624	0.0045968	0.0593017	0.0310196	0.0515068	0.0110318	0.0147946	0.0208431	0.00576817	0.00302418	0.00422814	0.0614167	0.0439565	0.0643156	0.525664	0.0378534	0.0494049	0.0689097	0.0725313	0.0539791	0.00841497	0.13078	0.648181	3.21262	5	1.184146
1502000	-414.3338	-556.6596	142.3257	10	0.4695019	0.0688694	0.0615331	0.0494417	0.0453534	0.0224544	0.0127868	0.011988	0.0176432	0.00792974	0.0157216	0.0429544	0.0174073	0.12051	0.630687	0.137727	0.00132571	0.0410781	0.0088336	0.126236	0.0278841	0.23154	0.796743	2.94383	5	1.440481
1503000	-405.9058	-555.5502	149.6444	10	0.2451145	0.0180411	0.0886292	0.00873147	0.024987	0.0175745	0.0112997	0.00136414	0.00442333	0.0118477	0.0110973	0.0337739	0.0141234	0.0498189	0.642941	0.0626996	0.0016374	0.105701	0.0189171	0.0744241	0.00189183	0.0631851	0.491069	3.44385	5	1.202031
1504000	-420.2835	-552.8853	132.6018	10	0.199067	0.0149781	0.0629126	0.0259533	0.0227061	0.00906929	0.0014626	0.0143203	0.00332514	0.00871237	0.00200883	0.0767968	0.16583	0.0139094	1.31455	0.0929967	0.146181	0.00252753	0.0438782	0.00742331	0.000514284	0.033239	0.381219	3.58503	5	2.029546
1505000	-410.6953	-557.8587	147.1633	10	0.5370252	0.0134389	0.0822129	0.0193364	0.0517712	0.0189985	0.0195023	0.0237046	0.0223784	0.00536017	0.0241696	0.0350748	0.0101613	0.0432186	0.430057	0.00827823	0.159724	0.140239	0.0184356	0.122146	0.0404386	0.275401	0.845445	2.83871	5	1.248208
1506000	-419.4598	-552.3903	132.9305	10	0.2379844	0.0240889	0.101778	0.0288968	0.0838051	0.00355621	0.026633	0.0305826	0.00375137	0.00337133	0.000652079	0.0488528	0.0529893	0.0162982	0.812677	0.04248	0.0332482	0.0447464	0.0852568	0.1031	0.00159827	0.0581603	0.475452	3.46479	5	1.546764
1507000	-414.6864	-560.9276	146.2411	10	0.4510393	0.0367886	0.0843432	0.0245003	0.135433	0.0314446	0.00283299	0.0293114	0.0103163	0.0238245	0.0345047	0.0264892	0.076674	0.0920708	0.723402	0.0257575	0.0211586	0.0433352	0.0684319	0.0354104	0.0247131	0.218757	0.781093	2.97544	5	1.526029
1508000	-420.6671	-557.368	136.7009	10	0.5095208	0.0464087	0.0827618	0.0316493	0.0447477	0.0639253	0.0195831	0.00483697	0.0139175	0.00085216	0.0067686	0.0647454	0.0178605	0.0406984	0.491621	0.0709653	0.0692166	0.00693971	0.0535871	0.0589982	0.0351657	0.258086	0.827074	2.87967	5	1.190083
1509000	-410.3916	-554.1027	143.7112	10	0.3494737	0.0221949	0.0772027	0.0156768	0.05782	0.0154698	0.00121117	0.0233494	0.00787903	0.0140978	0.0658183	0.0242626	0.0237442	0.0935658	0.677445	0.0676513	0.0976144	0.0591282	0.00604418	0.0218331	0.0101501	0.143146	0.670263	3.17644	5	1.372009
1510000	-432.0861	-555.147	123.0608	10	0.2924535	0.0797928	0.135417	0.0209373	0.133534	0.0147054	0.0085485	0.0101698	0.00321529	0.0115831	0.013112	0.0776891	0.0611437	0.0403718	0.749896	0.0922491	0.0789989	0.0804485	0.0189172	0.126932	0.00470315	0.0986387	0.582909	3.31375	5	1.757662
1511000	-420.5533	-559.1569	138.6036	10	0.3270535	0.00500183	0.0865915	0.0485307	0.0340608	0.0154936	0.021107	0.0202419	0.0054157	0.00286267	0.0456521	0.0347984	0.0669714	0.082304	0.397166	0.0319621	0.0419445	0.0903662	0.0159933	0.0455188	0.00774447	0.125638	0.63856	3.22806	5	1.091982
1512000	-431.0714	-557.8167	126.7453	10	1.021077	0.0715956	0.228267	0.0389139	0.107509	0.0175924	0.0115224	0.0492175	0.0153437	0.00937531	0.039968	0.0646834	0.118864	0.0174109	1.10154	0.00475347	0.143898	0.142001	0.0671044	0.111965	0.14114	0.482997	1.00341	2.37246	5	2.361524
1513000	-414.9579	-556.9541	141.9963	10	0.5501589	0.0286686	0.142813	0.042726	0.0369727	0.0353935	0.00607384	0.0522838	0.0190711	0.00470614	0.00646463	0.053612	0.0673695	0.039073	0.526341	0.0336325	0.107172	0.0120903	0.00480425	0.0402226	0.0430199	0.283405	0.853593	2.81998	5	1.259491
1514000	-416.8447	-554.9827	138.1381	10	0.4374647	0.0301866	0.116636	0.034994	0.0543775	0.0339799	0.0149894	0.00741405	0.0041679	0.0197698	0.0176925	0.0363282	0.0266671	0.0684202	0.596086	0.0738474	0.0916103	0.00729707	0.0500559	0.0325339	0.0224694	0.209147	0.768836	2.99955	5	1.317054
1515000	-429.5059	-566.7288	137.2229	10	0.6950636	0.0172704	0.0725763	0.0255808	0.0505526	0.0368797	0.00917707	0.0250093	0.0153423	0.00797383	0.0257229	0.0172016	0.0283718	0.0166449	0.443991	0.0746939	0.00760192	0.180564	0.128759	0.0222108	0.0731342	0.361192	0.923025	2.64265	5	1.206124
1516000	-408.3253	-552.0721	143.7468	10	0.2521023	0.0224055	0.0530272	0.0199881	0.0506314	0.0213665	0.0186389	0.024638	0.0106764	0.00589252	0.00678628	0.0439991	0.0149836	0.0156107	0.557543	0.0725962	0.105236	0.0144439	0.108319	0.0555458	0.00221119	0.0682124	0.505898	3.42368	5	1.222328
1517000	-415.1421	-563.9001	148.758	10	0.8524482	0.041972	0.144887	0.0728916	0.0304711	0.0210252	0.016836	0.017387	0.00332928	0.0100181	0.0410818	0.0502331	0.115855	0.0364648	0.460933	0.0653037	0.0456389	0.0366218	0.119097	0.0238954	0.10666	0.427423	0.970491	2.49543	5	1.353942
1518000	-405.4496	-555.2953	149.8457	10	0.2176248	0.052939	0.0555726	0.0243834	0.0357647	0.00763884	0.00376672	0.0294499	0.00847793	0.00932036	0.00589292	0.0293589	0.0536358	0.0575234	0.490489	0.0643905	0.0190801	0.0201406	0.0109295	0.0393003	0.000929082	0.0445216	0.428076	3.52647	5	1.018055
1519000	-429.3109	-564.3901	135.0792	10	0.2725297	0.0253955	0.100855	0.040074	0.0646082	0.00517004	0.00163144	0.044059	0.00347621	0.0114469	0.0238774	0.041044	0.0445467	0.0287107	0.665315	0.107106	0.101397	0.0855735	0.0818661	0.0354955	0.00333196	0.0833767	0.546653	3.36664	5	1.511648
1520000	-444.0447	-558.9229	114.8782	10	0.6681773	0.0284828	0.221441	0.0150565	0.0746334	0.00415173	0.0464165	0.00637647	0.00511744	0.0143815	0.103006	0.0124498	0.0690936	0.112046	1.08598	0.00368398	0.11712	0.0731894	0.271779	0.0498267	0.0674082	0.34812	0.91248	2.67199	5	2.314234
1521000	-425.3301	-561.1097	135.7796	10	0.4312082	0.0482977	0.163559	0.0170926	0.0489666	0.0119628	0.00615716	0.0274596	0.0176576	0.00568767	0.000854499	0.0400552	0.0887473	0.25519	0.670128	0.0828547	0.0261605	0.00301627	0.10941	0.05788	0.0214621	0.20466	0.762958	3.01092	5	1.681138
1522000	-414.5194	-557.6436	143.1241	10	0.1580963	0.0549573	0.0229377	0.0267105	0.0486414	0.0150572	0.000337278	0.00576282	0.00560988	0.00220777	0.0045628	0.0311853	0.0112774	0.0458105	0.47282	0.0412121	0.00919398	0.141839	0.0695655	0.0641624	8.51029e-05	0.0136125	0.266089	3.72021	5	1.073851
1523000	-416.2477	-561.8064	145.5587	10	0.3462042	0.0134061	0.0907345	0.0444988	0.0326247	0.00685533	0.000552472	0.0240114	0.0119775	0.0108082	0.00849804	0.053963	0.0633063	0.0495256	0.475254	0.0143379	0.0329288	0.0698883	0.052119	0.0022386	0.00977876	0.140601	0.665834	3.18379	5	1.057528
1524000	-414.2131	-555.2864	141.0732	10	0.3418691	0.042977	0.130635	0.0176019	0.0367528	0.0113237	0.0143716	0.00446407	0.00780886	0.00681876	0.0196438	0.0304277	0.0731472	0.0501942	0.520278	0.147615	0.0370704	0.0102247	0.0313124	0.0653492	0.00929708	0.137221	0.659862	3.19362	5	1.258016
1525000	-425.6929	-560.4019	134.7089	10	0.4980263	0.00797028	0.105918	0.0147009	0.0247167	0.00944589	0.00541585	0.0386621	0.00871278	0.00476382	0.0146799	0.0321445	0.0958043	0.147382	0.516594	0.0654726	0.0556595	0.0214449	0.0302721	0.103102	0.0330225	0.250625	0.818827	2.89752	5	1.302862
1526000	-411.55	-553.7855	142.2354	10	0.5132169	0.0121332	0.115366	0.0128509	0.0673269	0.0283025	0.0213183	0.01518	0.000461778	0.00759976	0.00574366	0.0716005	0.0664857	0.0787262	0.649887	0.014972	0.0846228	0.0165709	0.0275676	0.0576795	0.0358628	0.260457	0.829652	2.87403	5	1.354395
1527000	-420.8462	-559.0452	138.199	10	0.750388	0.0201792	0.133699	0.0315086	0.0361201	0.0260378	0.0513934	0.00658055	0.000397485	0.0241777	0.0217752	0.0372244	0.249512	0.0330391	0.731285	0.00518894	0.064151	0.132029	0.0410162	0.0492643	0.0849675	0.386366	0.9422	2.58647	5	1.694579
1528000	-411.614	-553.0746	141.4606	10	0.2778437	0.0492922	0.0919776	0.0364643	0.066821	0.0159802	0.00400636	0.0218952	0.00316943	0.0123796	0.00629524	0.0401822	0.0395572	4.2131e-05	0.365622	0.101955	0.0148933	0.0965824	0.0681428	0.0450669	0.00367051	0.0874115	0.556648	3.35227	5	1.080325
1529000	-406.6433	-549.5461	142.9028	10	0.2307017	0.0245917	0.0572072	0.0136185	0.0331938	0.0131045	0.0152826	0.00281944	0.00051517	0.0122273	0.0366327	0.0116242	0.0658507	0.117627	0.959959	0.0508066	0.0225966	0.0165303	0.0154895	0.0189768	0.00133096	0.0531517	0.458984	3.48653	5	1.488654
1530000	-425.6786	-560.5328	134.8542	10	1.114806	0.0264988	0.0928928	0.0516137	0.0484461	0.0434392	0.0327105	0.00404166	0.00372556	0.00713401	0.0457943	0.0481298	0.0691839	0.0386456	0.713387	0.081464	0.159618	0.00855116	0.0571211	0.0654943	0.159275	0.508734	1.01669	2.3153	5	1.597892
1531000	-420.2331	-560.0481	139.815	10	0.4314265	0.0249217	0.105342	0.0146095	0.0337598	0.0426231	0.00766191	0.02832	0.00296131	0.00587692	0.0207716	0.0860354	0.0327662	0.0699209	0.699209	0.026916	0.172241	0.0214398	0.106917	0.0240812	0.0214969	0.204817	0.763165	3.01052	5	1.526375
1532000	-406.6096	-551.409	144.7993	10	0.3170429	0.00513725	0.125392	0.0350759	0.0564368	0.0156579	0.00338719	0.00227741	0.00107116	0.00640717	0.0294199	0.0167321	0.0481848	0.0409997	0.699001	0.0490127	0.0922445	0.00771173	0.0928914	0.0241339	0.00677925	0.117802	0.623344	3.25207	5	1.351175
1533000	-411.1341	-553.3693	142.2352	10	0.2076196	0.0117148	0.0811606	0.0357907	0.0462457	0.0408404	0.00734481	0.0114655	0.00919201	0.00442257	0.010719	0.0386424	0.0540156	0.028742	0.689885	0.030237	0.0250904	0.0530019	0.0803277	0.011404	0.000684379	0.0382837	0.40325	3.55778	5	1.270242
1534000	-424.4524	-556.8496	132.3973	10	0.6498714	0.000900484	0.229337	0.029309	0.109111	0.00280937	0.0189814	0.0120828	0.0119953	0.00276329	0.021373	0.0580714	0.0666653	0.0788715	0.651434	0.00827915	0.170939	0.0237473	0.0799038	0.139493	0.0635305	0.338886	0.904775	2.69281	5	1.716067
1535000	-420.2835	-555.0327	134.7492	10	0.3169779	0.0323228	0.0871526	0.0639789	0.036654	0.0018619	0.0131863	0.00178458	0.00157078	0.0130853	0.00306291	0.0462658	0.02176	0.100985	0.75765	0.0455023	0.0439699	0.093091	0.00700042	0.128618	0.0067732	0.117751	0.623243	3.25223	5	1.499502
1536000	-409.2666	-553.2936	144.0271	10	0.2621422	0.0486273	0.0875133	0.0141178	0.0308201	0.0153975	0.00536271	0.00823758	0.000734573	0.0151849	0.00373612	0.049229	0.0607269	0.010035	0.475818	0.0707122	0.0627006	0.109232	0.0351292	0.00915771	0.0027266	0.0755883	0.526402	3.39528	5	1.112473
1537000	-428.3929	-554.3391	125.9462	10	0.221048	0.0340418	0.0549542	0.00274404	0.0162237	0.0228862	0.00424386	0.026528	0.0126864	0.00029844	0.0707487	0.00558592	0.0386518	0.0613205	0.858708	0.194233	0.0758631	0.0141069	0.036464	0.0375919	0.00102497	0.0467318	0.436335	3.51591	5	1.56788
1538000	-423.1093	-564.2071	141.0978	10	0.3032302	0.0702109	0.0850282	0.0550768	0.0786576	0.0469575	0.0151903	0.0431718	0.000396958	0.0181878	0.0374903	0.0293376	0.0102348	0.060181	0.718744	0.0524158	0.0207342	0.0409081	0.145492	0.0210455	0.005561	0.10701	0.601188	3.28624	5	1.54946
1539000	-420.7304	-560.7301	139.9997	10	0.5181498	0.0653525	0.103837	0.0226307	0.0505795	0.0139835	0.00248795	0.038893	0.00265605	0.00527097	0.00107102	0.0341928	0.0525912	0.135541	0.532803	0.0211044	0.0271029	0.0779465	0.128006	0.0114473	0.036799	0.263599	0.833038	2.86656	5	1.327497
1540000	-427.85	-556.3883	128.5383	10	0.4810708	0.0327589	0.10544	0.0278329	0.0703972	0.0448178	0.0284043	0.0246244	0.00846601	0.00299975	0.00109094	0.0731318	0.174393	0.0479157	0.668331	0.0285826	0.0157814	0.0804625	0.0214875	0.0328993	0.0299352	0.239379	0.805991	2.9247	5	1.489817
1541000	-431.0018	-560.4369	129.4351	10	0.4387616	0.0722191	0.148561	0.0225168	0.0431753	0.0576129	0.0280542	0.015616	0.00678015	0.00899763	0.0283195	0.0585288	0.0598798	0.0203121	0.817319	0.0295707	0.00807798	0.0767543	0.0900262	0.0375869	0.0226803	0.210073	0.770036	2.99721	5	1.629908
1542000	-399.7511	-551.2326	151.4815	10	0.1096272	0.02817	0.0537412	0.00910824	0.0326528	0.00514865	0.00299292	0.0103468	0.00528955	0.00292466	0.00588101	0.0196314	0.0461422	0.0203068	0.519208	0.0237801	0.000280001	0.00274431	0.0418344	0.0563587	1.77609e-06	0.00197822	0.120526	3.87749	5	0.8865412
1543000	-414.9233	-558.0651	143.1418	10	0.4343047	0.0260895	0.0527821	0.0254834	0.0319194	0.0181091	0.0081966	0.00982005	0.0230127	0.0131135	0.00975891	0.0703644	0.0530227	0.0370665	0.548823	0.0108533	0.0534149	0.0861906	0.00188197	0.0259928	0.0219584	0.206885	0.765885	3.00527	5	1.105895
1544000	-413.4484	-555.0002	141.5517	10	0.351623	0.0331117	0.0617824	0.00301505	0.0200132	0.0182449	0.0347677	0.013704	0.00154575	0.0115888	0.00793397	0.0468772	0.0525933	0.0758418	0.387449	0.0150097	0.0660767	0.0231193	0.0332259	0.0177878	0.0103979	0.144817	0.673139	3.17165	5	0.923688
1545000	-415.7363	-553.8418	138.1055	10	0.2291219	0.00528702	0.116778	0.000258334	0.0308585	0.0123293	0.00835253	0.0240696	0.0139278	0.00341289	0.0442993	0.00643931	0.0156217	0.11675	0.857786	0.0235823	0.101513	0.038993	0.0159048	0.06265	0.00127719	0.0520832	0.455342	3.4913	5	1.498813
1546000	-409.8965	-553.3516	143.4551	10	0.2541579	0.0391565	0.103832	0.0202373	0.0334916	0.00337818	0.00849117	0.0181689	0.0282908	0.00219321	0.0318199	0.0427625	0.0473057	0.0243836	0.66099	0.0434865	0.104191	0.0178053	0.114176	0.0489988	0.00231123	0.0697087	0.510172	3.41781	5	1.393159
1547000	-411.0064	-558.4367	147.4302	10	0.6209169	0.0233698	0.190299	0.0458184	0.0809597	0.0193882	0.0123622	0.00172892	0.0108936	0.0111009	0.0182003	0.0602797	0.0621531	0.0916652	0.629868	0.117279	0.00446279	0.00477425	0.0797909	0.206013	0.0574488	0.323701	0.891626	2.72722	5	1.670407
1548000	-422.2225	-559.1273	136.9048	10	0.3583368	0.0510656	0.0959869	0.0689855	0.0490045	0.0101953	0.00626276	0.00809137	0.00430344	0.00698673	0.0285863	0.0403785	0.0289999	0.052856	0.458827	0.083001	0.0606669	0.0553817	0.0671395	0.0123227	0.011191	0.150024	0.681953	3.15683	5	1.189041
1549000	-423.7126	-557.831	134.1184	10	0.2170005	0.0201116	0.141258	0.0267801	0.066972	0.00087734	0.0294845	0.0144688	0.00120786	0.00257417	0.00166292	0.0460668	0.0264979	0.0547693	0.413224	0.133445	0.0136157	0.0104911	0.0620962	0.0767276	0.000912282	0.0441225	0.426556	3.52841	5	1.14233
1550000	-415.958	-554.434	138.476	10	0.2552548	0.0365287	0.0760973	0.0206212	0.0447842	0.00679984	0.000149236	0.0125054	0.0039123	0.000898443	0.0106806	0.0479154	0.0284597	0.0153469	0.468665	0.0408261	0.0408005	0.0124299	0.0315951	0.0862104	0.00236576	0.0705102	0.512437	3.41469	5	0.9852264
1551000	-416.4845	-560.9128	144.4283	10	0.2595708	0.0208818	0.070447	0.0109716	0.0326655	0.0128987	0.0112931	0.0312663	0.0176821	0.00340498	0.0515347	0.0383885	0.0423844	0.0110233	0.551239	0.0538202	0.0601641	0.0373077	0.00842483	0.121078	0.00258814	0.0736836	0.521239	3.40249	5	1.186875
1552000	-421.1518	-563.2535	142.1017	10	0.5838121	0.04876	0.179529	0.0326161	0.0318706	0.00328502	0.03357	0.00461059	0.0108841	0.0063475	0.00976755	0.0573172	0.00764246	0.0579233	0.416051	0.0118291	0.0819364	0.0821788	0.135459	0.176692	0.0497874	0.303153	0.87283	2.77423	5	1.38827
1553000	-417.7129	-556.5414	138.8285	10	0.4177899	0.0620038	0.0609071	0.00375181	0.00937487	0.024959	0.00272192	0.000450548	0.000540639	0.0171699	0.00425303	0.0519101	0.044011	0.0195774	0.548509	0.11239	0.0509594	0.0849213	0.0637162	0.141493	0.0193623	0.194916	0.749835	3.03589	5	1.30362
1554000	-431.8278	-562.1286	130.3007	10	0.9711323	0.0153685	0.160685	0.0361674	0.0591849	0.0212812	0.00165045	0.00305246	0.0152804	0.00428429	0.0232393	0.0918876	0.0856587	0.0132553	0.824293	0.0961972	0.138626	0.0250671	0.0737005	0.12267	0.131159	0.4679	0.995047	2.40589	5	1.81155
1555000	-431.9582	-562.5865	130.6283	10	0.6768798	0.0147956	0.132449	0.0391137	0.0607818	0.00221504	0.000746792	0.0392497	0.00290771	0.013569	0.0999821	0.0130272	0.0514937	0.00652384	0.775912	0.00485551	0.0927471	0.106367	0.0304403	0.154419	0.0692582	0.352414	0.91599	2.66234	5	1.641596
1556000	-415.2707	-561.1997	145.929	10	0.229627	0.0214128	0.0481127	0.00907142	0.051305	0.0011341	0.00292127	0.0207136	0.0112855	0.00705358	0.00363265	0.0207367	0.0381803	0.0324818	0.503747	0.0844401	0.000571909	0.0468071	0.0896295	0.0197365	0.00129422	0.0524241	0.456509	3.48977	5	1.012974
1557000	-427.684	-560.224	132.54	10	0.326542	0.0118594	0.148596	0.0215322	0.0619708	0.00576934	0.0124318	0.0126992	0.0268216	0.00215246	0.0163137	0.0555875	0.239709	0.0545104	0.711321	0.00317105	0.0728029	0.060804	0.167028	0.0366679	0.0076935	0.125238	0.637799	3.22927	5	1.721748
1558000	-428.1933	-559.6521	131.4589	10	0.3504218	0.00574801	0.171887	0.0171753	0.037969	0.0574521	0.0162198	0.00476474	0.00807563	0.0111834	0.0151305	0.0335245	0.001967	0.109179	0.650623	0.108096	0.0329495	0.0274242	0.0139669	0.111829	0.0102591	0.143883	0.671535	3.17432	5	1.435164
1559000	-418.1334	-554.1203	135.9869	10	0.2638642	0.011917	0.0641952	0.0301585	0.0478183	0.00499074	0.0152642	0.00621038	0.0068227	0.00587888	0.0149536	0.0419276	0.0570531	0.0230626	0.983532	0.0671994	0.125676	0.0345788	0.00482083	0.022382	0.00282184	0.0768693	0.529826	3.39048	5	1.568442
1560000	-418.6872	-563.245	144.5577	10	0.2171557	0.0110053	0.00937651	0.0805135	0.0204651	0.00433197	0.00817993	0.0235663	0.00676269	0.00465749	0.0119063	0.0574573	0.0131884	0.0629648	0.675847	0.067642	0.0284245	0.049407	0.0800529	0.00338296	0.000916439	0.0442216	0.426934	3.52793	5	1.219132
1561000	-421.5165	-567.3186	145.8022	10	0.3912275	0.0445321	0.0672718	0.0294164	0.0298311	0.00767409	0.00694076	0.101268	0.0277255	0.0103825	0.0136206	0.0495349	0.0518993	0.0521147	0.553462	0.0347279	0.0374328	0.0467519	0.0126823	0.0372001	0.0154694	0.175173	0.721611	3.08775	5	1.214469
1562000	-415.0119	-555.9353	140.9234	10	0.5015932	0.0336034	0.0721307	0.0284625	0.0541559	0.00731919	0.00636267	0.0283438	0.00154978	0.0150707	0.0691324	0.043926	0.0587498	0.0777186	0.660002	0.0687654	0.0562873	0.0970491	0.00433508	0.020867	0.0336834	0.252955	0.821424	2.89194	5	1.403831
1563000	-418.4651	-554.4648	135.9997	10	0.3811486	0.028739	0.120481	0.0484821	0.0698928	0.0188305	0.0165808	0.0174937	0.00452991	0.00373513	0.0343461	0.0277581	0.0527973	0.0397264	0.672985	0.108961	0.0102592	0.0258685	0.104143	0.0902176	0.0140914	0.167539	0.710048	3.10832	5	1.495828
1564000	-416.8149	-559.5736	142.7586	10	0.9527519	0.028838	0.0718729	0.0211807	0.0367765	0.00349139	0.00888163	0.0709417	0.00318199	0.00579895	0.0158262	0.0460506	0.111838	0.031291	0.569359	0.134419	0.0268504	0.0359452	0.0836685	0.041653	0.127433	0.462075	0.991708	2.41878	5	1.347864
1565000	-419.8721	-562.009	142.1369	10	0.4373953	0.0246248	0.177514	0.0270373	0.155096	0.0140814	0.037862	0.0130293	0.0365465	0.0029207	0.0395539	0.0226675	0.044038	0.0124453	0.547171	0.00390012	0.0990932	0.105701	0.083472	0.111712	0.0224581	0.209098	0.768771	2.99967	5	1.558466
1566000	-413.7964	-558.6915	144.8951	10	0.4953215	0.0135601	0.105956	0.0451309	0.100186	0.0051563	0.00748034	0.03986	0.0117981	0.0111069	0.00402343	0.0828708	0.0824819	0.0895755	0.66599	0.0077993	0.0726301	0.0780141	0.0796203	0.12349	0.0325239	0.248851	0.816834	2.90179	5	1.62673
1567000	-417.0656	-555.1739	138.1082	10	0.2647835	0.0281475	0.0471121	0.0223964	0.0330742	0.00429407	0.00194758	0.0119845	0.00958656	0.00638237	0.00454853	0.047664	0.0748997	0.135513	0.812887	0.00756014	0.0592408	0.0313645	0.0339743	0.0117465	0.00287351	0.077555	0.531643	3.38793	5	1.384323
1568000	-425.4259	-561.7147	136.2887	10	0.4367225	0.0278543	0.135478	0.0134843	0.0630454	0.0520031	0.00145443	0.00621455	0.00147378	0.00376983	0.0143807	0.0137164	0.0861453	0.0348549	0.645331	0.0271524	0.13983	0.0459426	0.173516	0.0926146	0.022349	0.208617	0.768146	3.00089	5	1.578263
1569000	-411.9948	-556.8422	144.8474	10	0.8067311	0.0300494	0.103861	0.0237307	0.0335494	0.0113672	0.0276117	0.0343586	0.00030589	0.0147594	0.0406442	0.00953869	0.0483772	0.112692	0.645671	0.0418816	0.0801361	0.0357285	0.0101362	0.01974	0.0969902	0.40983	0.958803	2.53438	5	1.324138
1570000	-414.9983	-556.7528	141.7545	10	0.3098214	0.0499097	0.059182	0.0397081	0.0380431	0.0232262	0.00324862	0.00665546	0.00617864	0.003114	0.00735414	0.0655213	0.0634628	0.0879094	0.49123	0.0166192	0.0992749	0.0248421	0.0510469	0.0265282	0.00612577	0.112154	0.611934	3.26979	5	1.163055
1571000	-414.2851	-557.294	143.0089	10	0.1747732	0.0402367	0.0744915	0.0353491	0.0537778	0.0295378	0.0166134	0.0258203	0.00255444	0.00393786	0.0334378	0.023673	0.027936	0.0164171	0.512049	0.0124135	0.0735783	0.0621713	0.0343101	0.0514545	0.000196006	0.0206057	0.314712	3.66449	5	1.129759
1572000	-416.0377	-564.4078	148.37	10	0.2085922	0.0343724	0.0269397	0.0271412	0.0451158	0.00925748	0.034302	0.00420965	0.02643	0.00650689	0.0391955	0.0279493	0.00496851	0.00587903	0.676194	0.0409909	0.0778801	0.104488	0.0582416	0.0239766	0.000705931	0.0388748	0.405708	3.55471	5	1.274038
1573000	-414.6616	-560.2332	145.5716	10	0.3521934	0.027485	0.0717976	0.0129496	0.0568654	0.0269503	0.0203345	0.000361734	0.013647	0.0146523	0.0461143	0.0216239	0.0221155	0.0114483	0.50978	0.0864624	0.0393258	0.162279	0.0440071	0.0523177	0.0104642	0.14526	0.673898	3.17038	5	1.240518
1574000	-416.2976	-560.4651	144.1675	10	0.2205031	0.0163631	0.0600534	0.0437627	0.0437776	0.017329	0.00885746	0.0316142	0.00374793	0.00623116	0.0565003	0.012881	0.00387355	0.0255868	0.324031	0.022456	0.0549549	0.0788179	0.0610364	0.0644619	0.00100927	0.0463775	0.435028	3.51759	5	0.9363362
1575000	-443.6995	-566.8271	123.1276	10	1.598788	0.045165	0.11112	0.0313117	0.0763225	0.0622888	0.0295365	0.0606083	0.0074504	0.0445403	0.0179407	0.0526234	0.0490062	0.0709301	0.986944	0.269722	0.104324	0.0525169	0.000667038	0.0324092	0.240188	0.604214	1.05573	2.09987	5	2.105427
1576000	-425.399	-559.765	134.366	10	0.3740137	0.0233372	0.0632595	0.0415456	0.0803685	0.0212209	0.0298177	0.00259791	0.0252022	0.000307082	0.00571973	0.0611218	0.0415339	0.035773	0.787911	0.0123657	0.0960008	0.0621041	0.0819867	0.0265984	0.0131509	0.162094	0.701556	3.1232	5	1.498772
1577000	-422.7578	-555.8393	133.0816	10	0.2438656	0.00156729	0.134739	0.0294286	0.0485446	0.0020601	0.00894385	0.0174887	0.00603337	0.0138169	0.00252864	0.0665513	0.107528	0.0230608	0.500974	0.0296922	0.0368498	0.0398767	0.0260932	0.0110836	0.00183809	0.062297	0.488369	3.4475	5	1.10686
1578000	-426.8727	-557.241	130.3683	10	0.6748877	0.0321433	0.0818757	0.023136	0.0559397	0.0262944	0.0227081	0.0232439	0.0189488	0.000126611	0.00476271	0.0573029	0.0502385	0.0226232	0.677646	0.060529	0.108305	0.0182587	0.0469214	0.0940307	0.0688344	0.351437	0.915195	2.66453	5	1.425035
1579000	-423.1095	-560.046	136.9364	10	0.2071861	0.0603857	0.125119	0.00122039	0.0175633	0.0100491	0.0272978	0.000896265	0.000242459	0.00993633	0.0106817	0.0375264	0.0486583	0.0549521	0.392389	0.0375303	0.0416105	0.0637541	0.0335858	0.0566795	0.000674921	0.0380213	0.402151	3.55915	5	1.030078
1580000	-423.1309	-565.3319	142.201	10	0.7791129	0.0216223	0.204581	0.0346284	0.0623351	0.00426776	0.00416568	0.108239	0.0113179	0.0109057	0.0116821	0.0989266	0.00345816	0.0708659	0.798091	0.0330359	0.0459861	0.179058	0.0629868	0.0677452	0.091107	0.398587	0.950995	2.55931	5	1.833899
1581000	-419.7283	-559.4031	139.6748	10	1.068243	0.035388	0.221769	0.0345232	0.115494	0.00673804	0.0161962	0.0207993	0.0116064	0.00695189	0.0135722	0.0439664	0.0979215	0.0672725	0.575783	0.0710271	0.0297304	0.138415	0.00259159	0.0115681	0.150366	0.496345	1.01045	2.34284	5	1.521313
1582000	-416.5916	-560.8618	144.2702	10	0.2061956	0.0847689	0.138257	0.0313439	0.0684974	0.0119845	0.00131104	0.00797827	0.0115394	0.0020377	0.0148495	0.0397149	0.0731282	0.0605263	0.870835	0.118983	0.0186621	0.00487	0.0229463	0.0616376	0.000653657	0.0374244	0.399633	3.56229	5	1.643871
1583000	-419.1707	-556.3534	137.1827	10	0.6828814	0.0620601	0.0668476	0.0209818	0.0589534	0.0159805	0.00797969	0.0113096	0.011943	0.00715288	0.00968511	0.101596	0.0799239	0.0277502	0.497163	0.0604677	0.0729072	0.0313938	0.0438244	0.139076	0.0705361	0.35534	0.918356	2.65577	5	1.326996
1584000	-413.5985	-559.2905	145.692	10	0.3154168	0.0111447	0.0520678	0.0297249	0.0536497	0.0266968	0.0244468	0.0398648	0.00159091	0.00570683	0.0190066	0.0241201	0.0602647	0.091606	0.53344	0.185088	0.0159102	0.0345643	0.00872895	0.0152674	0.00662895	0.116529	0.620808	3.25603	5	1.232889
1585000	-428.6856	-570.6489	141.9633	10	0.8322003	0.0544122	0.0359387	0.0487759	0.0704383	0.0181823	0.0240299	0.0522971	0.0167744	0.00312104	0.0758192	0.00123887	0.126121	0.0638284	0.365167	0.053819	0.0198653	0.0413048	0.113732	0.0176341	0.10239	0.419782	0.965493	2.51234	5	1.202498
1586000	-406.4429	-550.3456	143.9027	10	0.1631269	0.0168514	0.0560912	0.0190813	0.0336716	0.0198702	0.000392059	0.00937008	0.00953118	0.00142844	0.0173593	0.0183702	0.10081	0.0622573	0.813933	0.00604242	0.0218587	0.00158434	0.0214757	0.0781831	0.000111445	0.0155658	0.28097	3.70335	5	1.308162
1587000	-433.2118	-562.1613	128.9495	10	0.6569348	0.0403744	0.0845144	0.0480248	0.0457366	0.0267646	0.00250317	0.017402	0.00555246	0.0215237	0.0310695	0.0264408	0.0300143	0.0259509	0.652612	0.183762	0.0262187	0.280933	0.0195411	0.0525467	0.0650242	0.342482	0.907801	2.68469	5	1.621485
1588000	-425.5284	-554.4344	128.9061	10	0.4521965	0.0054273	0.0925443	0.0381698	0.0412292	0.0198668	0.0261221	0.00674385	0.0110977	0.00142668	0.0103323	0.0671502	0.154635	0.0306201	0.708822	0.0257995	0.0888452	0.0322513	0.110489	0.0622749	0.024908	0.219568	0.782108	2.97342	5	1.533847
1589000	-419.6925	-561.2371	141.5446	10	0.6134476	0.0847211	0.0326754	0.0590783	0.0624291	0.0251324	0.0286197	0.0460841	0.00920765	0.00337053	0.0102367	0.0743882	0.129046	0.0658246	0.588428	0.029233	0.120394	0.0247214	0.020089	0.00511662	0.0558929	0.319665	0.888027	2.73641	5	1.418796
1590000	-417.5611	-557.7093	140.1482	10	0.5075144	0.0655879	0.0834032	0.0221923	0.0473625	0.0151194	0.00376916	0.0235901	0.00714229	0.000806812	0.0348836	0.0487617	0.0733982	0.0267056	0.427436	0.104903	0.00551056	0.0501509	0.0434319	0.0299821	0.0347888	0.256793	0.82566	2.88276	5	1.114137
1591000	-412.4711	-558.7467	146.2756	10	0.3865469	0.0605649	0.0999914	0.0223532	0.0645155	0.0251801	0.012123	0.000994908	0.0120651	0.00219517	0.0112217	0.0573302	0.0467059	0.114572	0.549683	0.00830446	0.0518943	0.0751349	0.00537681	0.0381673	0.0148224	0.171637	0.716302	3.09724	5	1.258374
1592000	-413.8158	-558.4455	144.6297	10	0.2366725	0.00641126	0.0953223	0.0207721	0.0735577	0.011685	0.00879326	0.00162468	0.000884588	0.0093553	0.0471356	0.00936147	0.0175321	0.0417182	0.454881	0.0143735	0.0606738	0.0432346	0.0389534	0.0296979	0.00154773	0.0572484	0.472525	3.46868	5	0.9859674
1593000	-422.9288	-561.9973	139.0685	10	0.7176955	0.110902	0.14541	0.117885	0.0724978	0.00876192	0.00911818	0.00245062	0.00394305	0.0189453	0.087584	0.0181207	0.034952	0.0533998	1.03923	0.05676	0.0278745	0.0396356	0.0820889	0.0942859	0.0779713	0.371761	0.931253	2.61901	5	2.023842
1594000	-416.3197	-563.0958	146.776	10	0.291708	0.0310399	0.0426736	0.0178577	0.0308625	0.0291904	0.0110897	0.0207254	0.0198671	0.0139579	0.0248074	0.0632731	0.0788739	0.0287724	0.598388	0.0896741	0.00462973	0.090862	0.00610851	0.0761406	0.00464683	0.0980619	0.581611	3.31568	5	1.278794
1595000	-421.7197	-552.8302	131.1106	10	0.2861409	0.0405244	0.112999	0.0187736	0.0431495	0.00409359	0.0177844	0.0330198	0.00229603	0.00745451	0.0345537	0.0224822	0.0499509	0.0976877	0.810927	0.0301971	0.0589248	0.0440162	0.040908	0.0652503	0.00423858	0.0937668	0.571777	3.33022	5	1.534992
1596000	-428.0135	-567.6759	139.6624	10	1.015028	0.0127765	0.132529	0.0303787	0.0420657	0.00082475	0.0578281	0.0312627	0.0022427	0.0327224	0.0031766	0.0653783	0.0529399	0.0820808	0.408119	0.0865337	0.119119	0.0851492	0.056107	0.011472	0.139942	0.481223	1.00245	2.37639	5	1.312706
1597000	-423.2957	-559.0451	135.7495	10	0.5607903	0.0301043	0.0991045	0.0395648	0.0618748	0.00584234	0.0132467	0.0372198	0.00551823	0.0269397	0.000204516	0.0672545	0.0834706	0.011739	0.696964	0.0500184	0.0563648	0.0516659	0.0340539	0.056811	0.0451355	0.289761	0.859916	2.80519	5	1.427961
1598000	-426.2724	-566.7798	140.5074	10	0.2579613	0.0355417	0.0445876	0.0115522	0.0343067	0.0192122	0.0123601	0.0190934	0.0129294	0.00313995	0.0130464	0.0237322	0.113146	0.00480719	0.41351	0.0670797	0.0279823	0.0480524	0.0323129	0.0782126	0.00250375	0.0724967	0.517977	3.40702	5	1.014605
1599000	-420.9046	-555.0436	134.1389	10	0.3080849	0.034199	0.0859304	0.0129661	0.0450631	0.0255467	0.02114	0.00160177	0.0194676	0.000205252	0.016945	0.02994	0.010083	0.0672237	0.76476	0.0280305	0.132258	0.00745582	0.0526726	0.107949	0.00597403	0.110798	0.609134	3.27409	5	1.463438
1600000	-420.1377	-561.4088	141.2711	10	0.4177198	0.00185953	0.13247	0.0660232	0.0270626	0.0191139	0.0104848	0.0383487	0.0131039	0.0085429	0.0782883	0.0609852	0.109984	0.0167861	1.10104	0.0172668	0.0285678	0.0871324	0.0954302	0.14151	0.0193516	0.194864	0.749765	3.03602	5	2.053999
1601000	-412.7501	-553.1891	140.439	10	0.3846644	0.00868295	0.234597	0.0215419	0.0978064	0.0122833	0.0118967	0.0179804	0.00410918	0.00827964	0.0128627	0.0240815	0.0203165	0.0500156	0.600779	0.0164712	0.0178283	0.092932	0.118879	0.0674359	0.0145656	0.17021	0.714138	3.10109	5	1.43878
1602000	-416.2046	-559.5578	143.3531	10	0.3903283	0.00610744	0.0906081	0.0407759	0.0644217	0.00639677	0.00848124	0.00252323	0.0306319	0.00187527	0.00656214	0.0837948	0.0263264	0.0737749	0.608679	0.0218921	0.00709364	0.0632456	0.01013	0.0962732	0.0153442	0.174495	0.720599	3.08956	5	1.249594
1603000	-421.1792	-556.3199	135.1407	10	1.161935	0.0251963	0.112589	0.0339366	0.0462363	0.0253889	0.0144109	0.000962244	0.0073871	0.00920331	0.010407	0.0449291	0.0783311	0.0798683	0.43467	0.0909206	0.0485905	0.0914838	0.0926767	0.00456258	0.168087	0.520546	1.02239	2.28898	5	1.251751
1604000	-420.7354	-554.4451	133.7098	10	0.242746	0.0958487	0.0514285	0.0237618	0.0711741	0.009542	0.00968837	0.0138141	0.00779735	0.00663859	0.00137089	0.0579722	0.0180188	0.049975	0.503644	0.060219	0.0922339	0.052377	0.00729233	0.0279121	0.00179075	0.0615035	0.485936	3.45077	5	1.160709
1605000	-421.5169	-556.9901	135.4732	10	0.6372221	0.0408987	0.144662	0.0146031	0.0690854	0.02064	0.0298016	0.0576288	0.0264703	0.00666899	0.0229049	0.0357243	0.0811534	0.0179371	0.672554	0.0295808	0.106769	0.0517991	0.101135	0.0763553	0.0608647	0.332341	0.899182	2.70761	5	1.606372
1606000	-399.5815	-552.7889	153.2074	10	0.2967727	0.0186999	0.0587229	0.00420431	0.0271808	0.0131399	0.000247719	0.00308978	0.00304166	0.0171279	0.0211108	0.0457148	0.0363553	0.0398748	0.419292	0.021856	0.104808	0.0390389	0.0168004	0.0651324	0.00503717	0.101987	0.590343	3.30263	5	0.9554384
1607000	-413.0453	-552.495	139.4497	10	0.4800479	0.000675816	0.144673	0.0175699	0.0657728	0.0173005	0.00912235	0.0435724	0.0107335	0.00117052	0.0139731	0.0634478	0.150933	0.00732271	0.646487	0.161027	0.0663036	0.0479112	0.0413801	0.0316924	0.029752	0.238691	0.80519	2.92637	5	1.541068
1608000	-419.5564	-556.5956	137.0392	10	0.2762466	0.034046	0.0855884	0.0245592	0.0836504	0.00484495	0.00999369	0.00516233	0.00237491	0.00506615	0.0335489	0.0679433	0.00871564	0.110258	0.544015	0.0289369	0.0601778	0.0724738	0.0930495	0.0578576	0.00356669	0.0861957	0.55367	3.35657	5	1.332262
1609000	-416.7716	-555.9319	139.1603	10	0.4379211	0.0345946	0.132487	0.0439225	0.0254597	0.0372546	0.00121801	0.0120066	0.000725636	0.00279687	0.0330238	0.0191545	0.0398817	0.106298	0.66713	0.030087	0.0612995	0.0232257	0.0907237	0.139862	0.0225435	0.209473	0.769259	2.99872	5	1.501151
1610000	-415.8578	-557.1355	141.2778	10	0.5491945	0.036099	0.0568243	0.0516721	0.0438093	0.0179409	0.0341961	0.02633	0.0153007	0.000436438	0.012466	0.0518449	0.0659081	0.0581468	0.45207	0.0688322	0.0534417	0.0345301	0.0102215	0.0722382	0.0428291	0.282823	0.853008	2.82134	5	1.162308
1611000	-424.8212	-559.1499	134.3288	10	1.291408	0.0329152	0.080648	0.0476889	0.116257	0.0552138	0.00144954	0.0190296	0.0122647	0.00212356	0.0197102	0.0761609	0.0311848	0.0704446	0.741777	0.0269797	0.0875777	0.0142332	0.122303	0.11743	0.191229	0.549704	1.0354	2.22367	5	1.675392
1612000	-423.271	-557.1662	133.8952	10	0.3271421	0.0154694	0.0853943	0.0277805	0.0463054	0.0074145	0.0016742	0.0267614	0.00761278	0.00928496	0.0475073	0.0187104	0.0493909	0.101034	0.490784	0.0486249	0.00110624	0.105166	0.0519208	0.0855503	0.00775332	0.125708	0.638691	3.22785	5	1.227492
1613000	-413.4114	-556.4376	143.0261	10	0.4054673	0.035793	0.10624	0.032311	0.0347721	0.00801298	0.0166882	0.0098366	0.0135917	0.00321637	0.0516879	0.00607181	0.0638241	0.0199571	0.524744	0.0711259	0.0777466	0.0617034	0.0600024	0.0309385	0.017511	0.185828	0.73713	3.05953	5	1.228264
1614000	-405.5331	-555.6187	150.0856	10	0.2188634	0.0156325	0.0577322	0.0107963	0.0199047	0.0331216	0.00548646	0.00640482	0.00267694	0.0142611	0.00577459	0.0644073	0.0310574	0.0399286	0.468032	0.00696583	0.0643639	0.0209742	0.0265333	0.0424944	0.000963037	0.0453171	0.431078	3.52264	5	0.9365483
1615000	-416.4206	-555.4399	139.0193	10	0.5048692	0.0501868	0.130265	0.00531769	0.0618447	0.0159479	0.005295	0.019123	0.00959348	0.0079519	0.0109965	0.0484233	0.164653	0.0488281	0.606117	0.0605323	0.105991	0.010201	0.0203209	0.068773	0.0342938	0.255083	0.823779	2.88684	5	1.450361
1616000	-412.9229	-564.0349	151.112	10	0.4222045	0.00998318	0.130412	0.011984	0.0380671	0.00247836	0.0290865	0.0548077	0.0111569	0.00752996	0.0104639	0.0687281	0.0770717	0.0540842	0.569179	0.0669125	0.0887498	0.0210636	0.000155889	0.0843075	0.0200438	0.198139	0.754232	3.02758	5	1.336221
1617000	-414.9523	-554.3522	139.4	10	0.6563246	0.0442224	0.121905	0.0105663	0.0548389	0.0318659	0.00195134	0.00416304	0.00336594	0.00123574	0.0221775	0.067583	0.0684461	0.0658884	0.843711	0.0280254	0.0476367	0.0703427	0.148589	0.0747293	0.0648951	0.342173	0.907542	2.68539	5	1.711243
1618000	-427.6989	-568.8521	141.1532	10	0.2332158	0.0387481	0.0488441	0.0183021	0.00109136	0.0207985	0.00775056	0.0600403	0.0208513	0.00044008	0.0472398	0.0472947	0.114212	0.00121785	0.588194	0.0394231	0.122596	0.0820669	0.0327293	0.0133363	0.0014196	0.0548657	0.464729	3.47899	5	1.305177
1619000	-420.4108	-560.7718	140.361	10	0.2971354	0.102424	0.0344906	0.0304803	0.0757459	0.00653439	0.00260618	0.00861427	0.0162342	0.00706301	0.0237499	0.0404646	0.0803148	0.000843167	0.562755	0.0194524	0.0761411	0.00151921	0.0826226	0.0664247	0.00506582	0.102269	0.590961	3.30171	5	1.23848
1620000	-420.7213	-559.3916	138.6703	10	0.3133234	0.0108887	0.170985	0.0471471	0.10415	0.0168664	0.0278259	0.040637	0.0157598	0.00382082	0.0168305	0.0857136	0.0118866	0.143959	0.785909	0.105787	0.126905	0.0365578	0.0058286	0.104883	0.00643816	0.114892	0.617514	3.26116	5	1.862343
1621000	-409.6422	-557.612	147.9699	10	0.2033438	0.0201545	0.0491688	0.00762516	0.0410631	0.0402471	0.0156142	0.0276351	0.0184771	0.00234448	0.0192097	0.0425272	0.0222753	0.106342	0.608271	0.071502	0.00961595	0.0243014	0.0285192	0.0490447	0.000595066	0.0357265	0.392328	3.57135	5	1.203938
1622000	-421.3123	-553.4782	132.1659	10	0.2723138	0.0508821	0.129729	0.0151281	0.0411408	0.00122564	0.000694499	0.0189304	0.0012704	0.0237696	0.0129196	0.0573894	0.0100067	0.0838908	0.841298	0.0396227	0.0323516	0.02443	0.0731609	0.0796125	0.00331862	0.0832134	0.546242	3.36723	5	1.537453
1623000	-418.6439	-552.3241	133.6802	10	0.1957535	0.00616267	0.0825465	0.0257809	0.0579043	0.0106187	0.00504591	0.0318687	0.00709633	0.000760182	0.0176919	0.00901871	0.0900006	0.0216805	0.945376	0.067594	0.0394537	0.108727	0.00358932	0.0339173	0.000457302	0.0313622	0.372484	3.5957	5	1.564833
1624000	-418.2114	-555.2817	137.0704	10	0.2195952	0.0647553	0.0994363	0.0415597	0.0676254	0.00210295	0.0165035	0.0161571	0.00446403	0.00173191	0.0256444	0.00854414	0.0282449	0.0553325	0.630517	0.0461815	0.0371545	0.0153858	0.0561814	0.0429904	0.000983489	0.0457893	0.432844	3.52038	5	1.260513
1625000	-417.4595	-558.9512	141.4916	10	0.6767069	0.0297949	0.0900739	0.0154965	0.0473374	0.0090541	0.00105883	0.0703783	0.0229152	0.00298453	0.0153855	0.0626277	0.0569867	0.050579	0.75525	0.172452	0.0755681	0.0248515	0.092766	0.0537284	0.0692214	0.352329	0.915921	2.66253	5	1.649289
1626000	-417.5479	-556.5823	139.0344	10	0.3394127	0.0223591	0.0636884	0.0263598	0.0483226	0.0190839	0.00885172	0.0237158	0.00526373	0.00769634	0.00147774	0.098325	0.0139094	0.124083	0.469939	0.0368743	0.000412969	0.0664253	0.0276981	0.0803484	0.00902959	0.135304	0.656426	3.19924	5	1.144835
1627000	-419.2264	-558.248	139.0216	10	0.3457568	0.00683263	0.0806211	0.0153145	0.0480641	0.00334735	0.0309368	0.00197569	0.015403	0.0193458	0.00546262	0.0620826	0.0269195	0.1281	1.13231	0.0237059	0.0162731	0.0924646	0.154047	0.0535487	0.00972849	0.140252	0.665222	3.1848	5	1.916751
1628000	-406.9659	-557.9919	151.026	10	0.8005814	0.0487533	0.0626074	0.0545153	0.0685101	0.0113313	0.0121122	0.00384785	0.000137087	0.0056134	0.0196112	0.0573653	0.0626208	0.0641506	0.364767	0.0308763	0.0553162	0.0810919	0.0187186	0.0226483	0.0956825	0.407368	0.957116	2.53983	5	1.044594
1629000	-423.932	-558.9811	135.049	10	0.9558815	0.029672	0.122459	0.0193351	0.0798019	0.00214556	0.000677806	0.0141741	0.0134963	0.00783562	0.0229199	0.0459841	0.0463996	0.0508174	0.475957	0.051343	0.0444103	0.0514216	0.0338092	0.017393	0.128069	0.463077	0.992287	2.41657	5	1.130052
1630000	-417.5473	-555.8336	138.2863	10	0.3561561	0.00311829	0.109386	0.0200164	0.0384153	0.028231	0.0142392	0.033489	0.00615173	0.00271495	0.00324452	0.0425688	0.0858269	0.0489618	0.279757	0.016686	0.0306968	0.0306468	0.0475545	0.044683	0.0109303	0.148334	0.679119	3.16162	5	0.8863877
1631000	-425.7138	-560.6102	134.8964	10	0.33316	0.0166848	0.0601155	0.00391182	0.0388876	0.0275238	0.0114723	0.00102794	0.000946734	0.0297847	0.00435076	0.0523575	0.13149	0.118145	0.575725	0.0149266	0.0157291	0.0251235	0.0379145	0.124853	0.00836667	0.130417	0.647511	3.21371	5	1.290971
1632000	-407.8784	-555.3489	147.4705	10	0.4367374	0.0268995	0.059322	0.0396237	0.0336575	0.00655621	0.0102373	0.0172924	0.0196463	0.00951505	0.00548414	0.0327769	0.07674	0.042186	0.439812	0.0564995	0.0508016	0.0238783	0.0215959	0.013326	0.0223514	0.208628	0.76816	3.00086	5	0.9858505
1633000	-412.5379	-551.1454	138.6075	10	0.1785485	0.0208836	0.0976886	0.0268508	0.0237121	0.00784743	0.00880569	7.93802e-05	0.00934806	0.00292077	0.0132486	0.0366682	0.00466419	0.0395028	0.509723	0.00421878	0.101453	0.0335037	0.0257209	0.0813084	0.000231672	0.0223883	0.325409	3.65197	5	1.048148
1634000	-421.6196	-556.357	134.7374	10	0.6152229	0.015702	0.124878	0.036073	0.0563798	0.0117317	0.00385851	0.0457665	0.0119282	0.00739691	0.0289312	0.0441783	0.0717856	0.0541622	0.532628	0.0602039	0.116837	0.21132	0.00760985	0.04307	0.0562622	0.320629	0.888891	2.73422	5	1.48444
1635000	-425.5223	-560.5697	135.0474	10	0.5834647	0.0569485	0.0653873	0.0251242	0.0558767	0.00336166	0.0174176	0.0202174	0.00747989	0.0162243	0.0441805	0.063719	0.0706932	0.0808047	0.71415	0.0165009	0.0240365	0.201423	0.138455	0.0178018	0.0497165	0.302955	0.872643	2.77469	5	1.639803
1636000	-422.5553	-566.0693	143.514	10	0.3351276	0.0321152	0.1098	0.0281251	0.0637643	0.00676113	0.00536165	0.0176859	0.00601715	0.00851494	0.0787557	0.0307799	0.0117053	0.105685	0.44209	0.162258	0.037015	0.0868432	0.0106282	0.0741804	0.00857248	0.131956	0.650343	3.20913	5	1.318085
1637000	-415.7318	-559.4691	143.7373	10	0.3371065	0.0501083	0.0778901	0.0474575	0.074052	0.00868504	0.00612531	0.0144441	0.00357682	0.0113288	0.0164183	0.0607565	0.000331762	0.0446571	0.427336	0.0167375	0.0726147	0.0241803	0.1361	0.0115397	0.00878207	0.133502	0.653167	3.20455	5	1.10434
1638000	-436.7447	-569.5815	132.8368	10	0.5653592	0.0391775	0.208378	0.0546787	0.0227966	0.00110599	0.000799807	0.113433	0.0190845	0.00048947	0.0779484	0.0710188	0.137417	0.0778861	0.786085	0.0352651	0.0250778	0.0201633	0.0790288	0.0434529	0.0460514	0.292459	0.862562	2.79893	5	1.813286
1639000	-418.4853	-555.4418	136.9565	10	0.3299975	0.0127681	0.101857	0.00260916	0.0319985	0.0184621	0.000709533	0.00271438	0.00221286	0.0180266	0.0307558	0.0274719	0.0267751	0.0618807	0.550491	0.0360605	0.0892923	0.0967157	0.0174308	0.0218167	0.0080413	0.127943	0.642905	3.22111	5	1.150048
1640000	-427.847	-560.7968	132.9498	10	0.391416	0.0362023	0.13719	0.0117379	0.0329322	0.0316939	0.0249847	0.0483374	0.0102213	0.0090178	0.063339	0.0104181	0.128377	0.0724656	0.81252	0.0495914	0.0185812	0.0204843	0.234122	0.225174	0.0154957	0.175315	0.721822	3.08737	5	1.977391
1641000	-417.6311	-557.5461	139.915	10	0.4063676	0.00992769	0.116891	0.0175982	0.0340794	0.0305005	0.0225873	0.00274794	0.0152734	0.00305464	0.0380355	0.0336971	0.107156	0.0436242	0.592207	0.131277	0.0931563	0.0197119	0.0137686	0.0244107	0.0176437	0.186497	0.73808	3.05778	5	1.349704
1642000	-423.02	-559.4126	136.3926	10	0.2948894	0.0306327	0.0511184	0.016325	0.053342	0.0122882	0.00388206	0.0305554	0.00258914	0.0110365	0.0122357	0.0263952	0.0402507	0.084454	0.603306	0.0316816	0.0969721	0.142263	0.045035	0.0112485	0.00488991	0.100526	0.587119	3.30747	5	1.30561
1643000	-432.6413	-558.9815	126.3402	10	0.5289788	0.0147386	0.129118	0.0240046	0.0420105	0.00577997	0.0264016	0.000886957	0.0208787	0.00909073	0.0499314	0.043418	0.0662446	0.0776883	0.631576	0.104862	0.0512	0.192143	0.0291206	0.0450865	0.0388765	0.270414	0.84026	2.85045	5	1.564181
1644000	-419.7456	-554.8345	135.0889	10	0.3634476	0.0569446	0.0624508	0.0562148	0.0397104	0.0268073	0.00676347	0.00108812	0.00613007	0.0123562	0.0582773	0.00656998	0.00846169	0.109121	0.535948	0.106553	0.0777117	0.0137314	0.0730604	0.031235	0.0118135	0.153973	0.688491	3.14572	5	1.289134
1645000	-417.4636	-553.2119	135.7484	10	0.3377618	0.017428	0.104635	0.0069435	0.0569232	0.00510241	0.0268084	0.0021831	0.000224056	0.010672	0.00144059	0.0594542	0.0252206	0.03832	0.718143	0.0744776	0.00646777	0.0724283	0.0311289	0.052655	0.00885204	0.134014	0.654096	3.20304	5	1.310656
1646000	-409.479	-556.6807	147.2017	10	0.1359015	0.00991928	0.0651251	0.0254918	0.03809	0.0184348	0.00383564	0.00712943	0.0125928	0.00660072	0.0191072	0.00957858	0.0331447	0.011537	0.542967	0.00137597	0.0232242	0.0514469	0.0941945	0.0666301	2.03919e-05	0.00668336	0.199014	3.79428	5	1.040426
1647000	-423.7492	-556.6164	132.8672	10	0.3042698	0.0423999	0.132441	0.0366652	0.0578718	0.035259	0.00177373	0.0039799	0.00283326	0.000556	0.0228423	0.0652934	0.0806609	0.0256827	0.62601	0.0769882	0.0686226	0.120498	0.0249664	0.00474575	0.00564806	0.107821	0.602904	3.28363	5	1.43009
1648000	-425.6372	-561.9035	136.2663	10	0.6058235	0.0208867	0.19651	0.0276258	0.055093	0.00243374	0.00182072	0.0417828	0.0036246	0.00692669	0.058347	0.0557876	0.121539	0.0611278	0.449741	0.0504233	0.00771954	0.0665165	0.0146498	0.0929233	0.0543114	0.315494	0.884261	2.74593	5	1.335479
1649000	-418.3077	-556.586	138.2783	10	0.2680963	0.0399689	0.118212	0.000948424	0.0535353	0.000846033	0.00343762	0.0258129	0.00662508	0.00701881	0.0287642	0.0284559	0.0191052	0.0562168	0.701322	0.142343	0.0388079	0.0673466	0.0430944	0.0274126	0.00306451	0.0800353	0.538127	3.37877	5	1.409274
1650000	-408.3672	-557.6728	149.3056	10	0.2616311	0.0152713	0.0935078	0.0462215	0.039259	0.00905951	0.015416	0.0410682	0.0169356	0.00563451	0.0295258	0.0297095	0.0244233	0.0171439	0.529544	0.0421793	0.0701981	0.0935386	0.10468	0.00702543	0.00269872	0.0752089	0.52538	3.39671	5	1.230342
1651000	-406.6515	-550.5563	143.9047	10	0.3591086	0.00801163	0.0721329	0.0335896	0.0454138	0.00733538	0.00184636	0.0108715	0.00298256	0.00739926	0.00240714	0.0342669	0.0158436	0.036481	0.409571	0.04432	0.0420498	0.0714642	0.0768234	0.0766455	0.0112839	0.150621	0.68295	3.15515	5	0.9994553
1652000	-420.6587	-553.4985	132.8399	10	0.3083896	0.0092693	0.13048	0.052291	0.0504125	0.00837479	0.0183297	0.0129182	0.0114225	0.00464397	0.0003388	0.0648986	0.1177	0.00139245	0.672189	0.00990764	0.0596149	0.0181397	0.0268431	0.0552691	0.00600051	0.111036	0.609627	3.27334	5	1.324435
1653000	-408.9259	-554.4016	145.4757	10	0.2410688	0.00327276	0.104538	0.00842964	0.0527569	0.0323834	0.0205586	0.0125311	0.0021513	0.00561153	0.0372748	0.0108883	0.0243506	0.0346291	0.758421	0.0577736	0.0179858	0.0136009	0.114985	0.0734962	0.00172132	0.0603201	0.482269	3.45569	5	1.385639
1654000	-409.9261	-551.0132	141.0871	10	0.2133067	0.028559	0.0750316	0.00813202	0.0232749	0.00951627	0.00483029	0.0306709	0.00646411	0.00182981	0.0288854	0.0370067	0.110701	0.0335746	1.03438	0.0225057	0.0235982	0.0377472	0.115314	0.0387083	0.000817126	0.0417875	0.417487	3.53991	5	1.670726
1655000	-432.0914	-560.3142	128.2228	10	0.444126	0.0490443	0.117383	0.0226236	0.084314	0.00431668	0.0125821	0.00290515	0.0086358	0.00471425	0.00347704	0.0505824	0.0402056	0.0853111	0.615764	0.108136	0.146542	0.00103352	0.0265457	0.0677152	0.0235607	0.213885	0.774934	2.98762	5	1.451831
1656000	-416.079	-555.1901	139.1111	10	0.328417	0.000832115	0.115571	0.0221573	0.0523347	0.00847933	0.00905634	0.00425745	0.0076218	0.00372331	0.0535966	0.0483082	0.102697	0.0979468	0.827925	0.131306	0.0460149	0.0110794	0.0206076	0.0613665	0.00788122	0.126706	0.640579	3.22483	5	1.624883
1657000	-424.1972	-558.8516	134.6544	10	0.809399	0.0556368	0.101275	0.0038904	0.0640503	0.0438393	0.0110961	0.0221877	0.0184322	0.000813432	0.0192881	0.0407777	0.0651761	0.185412	0.723802	0.0150426	0.0960845	0.0734548	0.0130015	0.0713147	0.0975572	0.410891	0.959526	2.53203	5	1.624576
1658000	-422.6095	-554.4246	131.8151	10	0.2730296	0.0418517	0.114729	0.0368753	0.0594916	0.00917597	0.00261107	0.0108749	0.0105749	0.0117361	0.00805837	0.0442271	0.0754172	0.0560035	0.663776	0.0323698	0.0165231	0.0265299	0.0495175	0.0664374	0.00336297	0.0837549	0.547604	3.36528	5	1.336781
1659000	-418.5939	-552.5496	133.9557	10	0.2739303	0.017766	0.0711169	0.0450346	0.0419701	0.0256739	0.0207419	0.00381093	0.00116602	0.0109053	0.00772097	0.0421293	0.109349	0.0179638	0.504876	0.0113766	0.0237794	0.0952221	0.0275641	0.0604642	0.00341929	0.0844372	0.549311	3.36283	5	1.138631
1660000	-422.5556	-563.0949	140.5392	10	0.6326612	0.0566972	0.175411	0.0641142	0.0528282	0.0151719	0.0119067	0.0061961	0.0153434	0.0126781	0.0173367	0.0381894	0.0898474	0.0542822	0.863857	0.0165007	0.00228997	0.0407251	0.0902823	0.0420177	0.0599067	0.329947	0.897109	2.71304	5	1.665676
1661000	-421.1965	-561.2527	140.0562	10	1.128823	0.0234965	0.183276	0.0525195	0.0791034	0.0587209	0.0180692	0.0243103	0.0210124	0.00672709	0.00429229	0.0642717	0.0104576	0.0773275	0.528763	0.000788396	0.0477507	0.0401253	0.0678574	0.0916554	0.161917	0.512321	1.01845	2.30731	5	1.400524
1662000	-413.9752	-553.49	139.5148	10	0.6839799	0.0187407	0.110709	0.0433723	0.0392184	0.00474215	0.0053073	0.0189461	0.0059115	0.00372399	0.00623416	0.0593031	0.0379214	0.0553171	0.485826	0.0835853	0.0437258	0.0519391	0.0528203	0.084651	0.0707702	0.355872	0.918784	2.65457	5	1.211995
1663000	-431.4935	-564.3527	132.8592	10	1.050716	0.0159181	0.0776132	0.127926	0.044885	0.0207648	0.0193194	0.00904755	0.000315735	0.0150932	0.0052642	0.0559995	0.0111853	0.155443	0.657783	0.00773308	0.10976	0.0649799	0.165449	0.062291	0.146961	0.491482	1.00792	2.35364	5	1.626772
1664000	-426.0526	-556.5613	130.5087	10	0.4209336	0.00803517	0.094657	0.026887	0.0605778	0.0213725	0.00836228	0.0095019	0.000140486	0.0203269	0.00784126	0.0663434	0.0871576	0.158476	0.577745	0.0215886	0.107956	0.00173275	0.0481425	0.086763	0.0198466	0.197213	0.752974	3.02997	5	1.413607
1665000	-420.1376	-558.9163	138.7787	10	0.260808	0.0372083	0.071931	0.0140667	0.049358	0.0355334	0.0143547	0.0142171	0.00031366	0.0275806	0.021598	0.0527529	0.095501	0.0628415	0.53494	0.122328	0.0400089	0.065167	0.0359564	0.0116522	0.0026542	0.0745988	0.523731	3.39902	5	1.30731
1666000	-409.742	-556.7327	146.9907	10	0.2645414	0.0291932	0.0849508	0.0174145	0.0820207	0.0064311	0.0187292	0.0308915	0.00386749	0.0139518	0.000722389	0.0484195	0.00172661	0.0200371	0.614191	0.0337316	0.0630323	0.13628	0.0357498	0.0392449	0.00285985	0.0773743	0.531165	3.3886	5	1.280585
1667000	-420.6288	-561.9384	141.3096	10	0.6001889	0.0843206	0.0938956	0.0465816	0.0186359	0.0322159	0.0063931	5.99685e-05	0.0011672	0.00727767	0.007864	0.0351027	0.0596636	0.0335468	0.431858	0.0223035	0.014009	0.114775	0.0505457	0.0935544	0.053147	0.312377	0.881415	2.75306	5	1.15377
1668000	-434.6234	-559.9026	125.2792	10	0.523111	0.055209	0.0967548	0.0268552	0.0327998	0.00388323	0.00456487	0.0497569	0.0144025	0.00352268	0.0459824	0.0304422	0.136156	0.109834	0.476315	0.00192736	0.0715431	0.0794678	0.0443787	0.0356785	0.0377471	0.266736	0.836382	2.85913	5	1.319474
1669000	-419.1145	-556.2051	137.0907	10	0.3689846	0.0207879	0.0591658	0.0294949	0.0468759	0.0168948	0.00936734	0.0318692	0.0047191	0.0132207	0.0172254	0.0445717	0.146376	0.0523807	0.653323	0.0991267	0.0156303	0.0328686	0.0119758	0.0440631	0.012506	0.158237	0.695412	3.13385	5	1.349937
1670000	-421.113	-558.7382	137.6252	10	1.050738	0.0202746	0.111622	0.0438501	0.0593238	0.0166686	0.00707035	0.010173	0.013149	0.00730117	0.0211523	0.100226	0.115311	0.0197851	0.774871	0.174968	0.0155112	0.119952	0.00134925	0.0549658	0.146965	0.491488	1.00792	2.35362	5	1.687525
1671000	-427.1794	-565.8474	138.6679	10	1.542783	0.00578978	0.0888143	0.0702269	0.0763629	0.0237375	0.00785567	0.00311244	0.0192909	0.00247268	0.00371698	0.114875	0.143691	0.0440757	0.499018	0.0355089	0.00810021	0.0723166	0.0400177	0.0948858	0.231857	0.595526	1.05284	2.11978	5	1.353869
1672000	-410.4568	-555.4625	145.0057	10	0.1191467	0.0221067	0.103386	0.00673672	0.0154612	0.0131841	0.00155595	0.0100399	0.00293477	0.00276089	0.00750469	0.0212371	0.0595042	0.0673811	0.297045	0.0577711	0.0422922	0.0169493	0.0553933	0.000115281	4.87085e-06	0.00327275	0.148373	3.84835	5	0.8033595
1673000	-423.7955	-557.8576	134.0621	10	0.400725	0.073668	0.0792214	0.031048	0.0536945	0.0139531	0.0355179	0.00290272	0.0439315	0.00237695	0.00892103	0.0449253	0.072891	0.113307	0.593195	0.0153467	0.0221804	0.119498	0.0121369	0.062803	0.0168191	0.182297	0.732064	3.06882	5	1.401518
1674000	-407.9003	-557.4474	149.5471	10	0.1396584	0.0349385	0.115572	0.0113777	0.0066568	0.0161341	0.00653361	0.0227111	0.00253959	0.00425763	0.00643046	0.0216115	0.0702488	0.0468415	0.499252	0.0371342	0.0797719	0.0066706	0.042523	0.0854063	2.68153e-05	0.00766041	0.210457	3.78186	5	1.116611
1675000	-413.3852	-552.2	138.8148	10	0.4759948	0.017008	0.112101	0.0256383	0.0407777	0.0109864	0.00250694	0.0128187	0.00630732	0.000216462	0.0233277	0.0226108	0.0176714	0.0661342	0.577194	0.0218537	0.103504	0.028456	0.107455	0.0108968	0.0290295	0.235956	0.801984	2.93303	5	1.207464
1676000	-418.9943	-560.3514	141.3571	10	0.4604059	0.0454272	0.080794	0.0262965	0.0594887	0.0339012	0.0114127	0.0116237	0.0150965	0.0134968	0.0143956	0.0732929	0.0371548	0.0470114	0.601422	0.0508872	0.0225015	0.0312001	0.141378	0.109195	0.0263054	0.225284	0.789174	2.95924	5	1.425976
1677000	-414.9298	-560.2194	145.2896	10	0.4723451	0.0456266	0.0804823	0.0343533	0.0579049	0.0104438	0.0149118	0.0225776	0.0160049	0.0242978	0.0605502	0.0485196	0.0489393	0.0469382	0.631731	0.00105924	0.0204375	0.0320373	0.0599471	0.0599647	0.0283838	0.233479	0.799054	2.93908	5	1.316727
1678000	-425.2407	-555.8151	130.5744	10	0.285143	0.0677553	0.1919	0.0278024	0.0534919	0.00501948	0.0016532	0.0110721	0.00233053	0.0143056	0.0174884	0.0144075	0.0640774	0.0215965	0.658023	0.00924921	0.0482275	0.0202194	0.0409908	0.0882298	0.0041677	0.0929993	0.569988	3.33285	5	1.35784
1679000	-421.6974	-563.6787	141.9813	10	0.7075358	0.0614361	0.116053	0.0214621	0.0732688	0.00699943	0.00235273	0.0648833	0.00695961	0.00876248	0.0130375	0.0296212	0.0373483	0.144315	0.358791	0.0938221	0.0533017	0.0834899	0.0238332	0.0557923	0.0757986	0.367064	0.927629	2.62951	5	1.25553
1680000	-421.9089	-564.5037	142.5947	10	0.6717313	0.0152733	0.0633286	0.0376495	0.0735547	0.0438446	0.00859654	0.00692875	0.0167243	0.0227484	0.00360926	0.123449	0.0412567	0.0817971	0.560831	0.111868	0.115067	0.0447553	0.0709818	0.0410641	0.0681633	0.349881	0.913925	2.66803	5	1.483328
1681000	-413.346	-552.5047	139.1588	10	0.2875585	0.0163657	0.0969403	0.0237826	0.0579033	0.00412141	0.00802908	0.00404598	0.00964528	0.0043057	0.0506416	0.0390129	0.0745331	0.0612764	0.762862	0.0250799	0.00647747	0.0279309	0.100834	0.0555748	0.00434047	0.0948583	0.574305	3.3265	5	1.429363
1682000	-412.5328	-555.9869	143.454	10	0.2364345	0.00560567	0.0707937	0.018007	0.050702	0.0183836	0.000553787	0.0290433	0.00497827	0.007638	0.0164835	0.0590273	0.0639931	0.0699084	0.672541	0.0211873	0.0543172	0.075997	0.00524748	0.0475499	0.00153867	0.0570834	0.471992	3.46939	5	1.291957
1683000	-408.5489	-562.3257	153.7768	10	0.4992018	0.0375515	0.0812117	0.0591605	0.0452997	0.0113374	0.00472102	0.00165197	0.00545245	0.00169803	0.0190785	0.0583802	0.00630325	0.0810885	0.358122	0.0125328	0.0703566	0.0569707	0.0398318	0.0285269	0.0332399	0.251394	0.819687	2.89568	5	0.9792755
1684000	-413.6947	-554.011	140.3163	10	0.4613257	0.00585051	0.14569	0.0179541	0.0359851	0.00539774	0.00655819	0.0159618	0.00801097	0.00865272	0.0420495	0.043327	0.123692	0.0951472	0.470895	0.0166036	0.0430119	0.118462	0.0431274	0.0282476	0.0264636	0.22592	0.789952	2.95766	5	1.274624
1685000	-411.1219	-555.2751	144.1531	10	0.431973	0.0216253	0.0609536	0.0440629	0.0465842	0.00468607	0.0052565	0.00596156	0.00705902	0.0123122	0.0133318	0.061256	0.072696	0.0367666	0.413549	0.0231856	0.131566	0.0546898	0.00958149	0.0494315	0.0215843	0.205211	0.763684	3.00952	5	1.074555
1686000	-418.7358	-555.8977	137.162	10	0.3393476	0.0383465	0.0778865	0.0466504	0.0341926	0.0106762	0.0226583	0.0304544	0.00237526	0.00708331	0.0357107	0.0275562	0.0305612	0.0164743	0.823279	0.0995657	0.0921517	0.0251892	0.0891885	0.0255372	0.00902255	0.135253	0.656335	3.19939	5	1.535537
1687000	-417.0836	-554.2138	137.1302	10	0.3394186	0.0482964	0.0739491	0.0137345	0.0664203	0.0266507	0.000755495	0.0214564	0.00269662	0.00676287	0.0287142	0.0292245	0.0539612	0.0349933	0.468354	0.0345779	0.0501215	0.0230918	0.0175002	0.0644102	0.00903022	0.135309	0.656435	3.19923	5	1.065672
1688000	-414.8613	-566.4265	151.5652	10	0.5584798	0.0234453	0.109547	0.0180881	0.0530867	0.0170186	0.00770876	0.00239715	0.0172429	0.0245273	0.00862104	0.0367935	0.032587	0.070326	0.325077	0.0561508	0.032303	0.0804962	0.0261523	0.0395745	0.0446739	0.288389	0.858562	2.80837	5	0.9811433
1689000	-421.204	-563.3692	142.1652	10	0.338225	0.0435638	0.0717911	0.0208279	0.0784733	0.0160831	0.0146397	0.0137256	0.0109175	0.00341284	0.0213764	0.0132184	0.0920675	0.133798	0.753489	0.158095	0.0753382	0.108366	0.0177814	0.028211	0.00890167	0.134376	0.654752	3.20197	5	1.675176
1690000	-406.6454	-551.5052	144.8598	10	0.2123649	0.030471	0.0724974	0.00540814	0.0478496	0.0047066	0.0114464	0.0105511	0.0046288	0.00553811	0.01181	0.0519824	0.0375552	0.0585706	0.483541	0.0183013	0.0139422	0.0503391	0.040847	0.0579134	0.000794008	0.0411995	0.415152	3.54285	5	1.0179
1691000	-407.2158	-558.5923	151.3765	10	0.2262707	0.00509973	0.0627137	0.0217531	0.0171076	0.00390371	0.00351937	0.0194083	0.000329173	0.00663699	0.0131622	0.0389953	0.0354105	0.0386729	0.271278	0.0176061	0.0481055	0.0208335	0.0459178	0.00167902	0.00118385	0.0501721	0.448705	3.49994	5	0.6721322
1692000	-420.7506	-563.881	143.1304	10	0.3379893	0.0202209	0.0543932	0.0102592	0.0488992	0.00610308	0.0167677	0.0280729	0.00725778	0.00279264	0.0248221	0.0350746	0.0423837	0.0586351	0.517846	0.117549	0.0363683	0.0361692	0.0250574	0.00666884	0.0088764	0.134192	0.654418	3.20251	5	1.095341
1693000	-421.1454	-557.4403	136.2949	10	0.7413317	0.034408	0.0753694	0.020352	0.0468651	0.0307285	0.0013204	0.000405844	0.0276363	0.00175215	0.0147457	0.12395	0.140953	0.11367	0.553761	0.0904046	0.0750109	0.0982366	0.024497	0.0376765	0.0830296	0.382396	0.939272	2.5953	5	1.511742
1694000	-427.3191	-558.3057	130.9865	10	0.3588361	0.0274187	0.0912559	0.0331605	0.0329624	0.00115598	0.0108457	0.0221596	0.00401336	0.00754443	0.00335965	0.0780388	0.0642364	0.0202626	0.781412	0.132899	0.0853648	0.0795639	0.0254808	0.0345275	0.0112511	0.15041	0.682598	3.15574	5	1.535662
1695000	-429.3022	-561.1184	131.8162	10	0.4691623	0.0541353	0.0813026	0.0389145	0.0522599	0.00976992	0.00273122	0.0229308	0.00345224	0.0139248	0.0322995	0.0309796	0.0519279	0.0264211	0.97895	0.0697236	0.0537314	0.130626	0.0113086	0.0858663	0.0278246	0.231308	0.796465	2.9444	5	1.751256
1696000	-442.3607	-563.8477	121.4869	10	0.8681444	0.0497036	0.118111	0.0249028	0.235205	0.018832	0.00133742	0.0380035	0.0209165	0.0034571	0.0547072	0.0831712	0.0720479	0.0176209	0.803989	0.0777822	0.0821926	0.182205	0.0689304	0.0240086	0.109955	0.433188	0.974185	2.48267	5	1.977123
1697000	-423.4155	-562.5228	139.1073	10	0.3185623	0.0435338	0.112519	0.0530777	0.0468058	0.0251377	0.00745561	0.0160583	0.000435144	0.0111145	0.0463765	0.0305857	0.0639099	0.0590214	0.866831	0.0635067	0.0666284	0.0454526	0.0792755	0.0617256	0.00692133	0.118991	0.625698	3.24839	5	1.699451
1698000	-420.0122	-561.2876	141.2754	10	0.4992686	0.028286	0.0668959	0.0601374	0.0660844	0.0106931	0.0139355	0.0188563	0.0162115	0.00560029	0.0348538	0.0628455	0.0588446	0.108486	0.394187	0.066417	0.0159167	0.00826135	0.112542	0.00880331	0.0332523	0.251438	0.819736	2.89557	5	1.157857
1699000	-428.3056	-558.3623	130.0567	10	0.3090551	0.0343895	0.153127	0.0153204	0.0695859	0.00839967	0.0218554	0.0272696	0.0179838	0.00377342	0.00493024	0.0887021	0.0300668	0.118673	0.737602	0.113436	0.00693694	0.0729344	0.0409018	0.0325246	0.00605855	0.111555	0.610701	3.27169	5	1.598413
1700000	-413.3068	-558.9959	145.6891	10	1.634188	0.0488806	0.0809896	0.0253973	0.0597301	0.0497946	0.0016576	0.0136259	0.00739505	0.0184828	0.000715684	0.038695	0.0294147	0.0655579	0.482976	0.105365	0.110107	0.0358778	0.0194518	0.0242213	0.245327	0.609468	1.05742	2.08779	5	1.218336
1701000	-418.0272	-558.0733	140.0461	10	0.5726593	0.0245353	0.0673773	0.0323998	0.0586632	0.00366106	0.0143049	0.0292773	0.00226133	0.00757085	0.026449	0.0219184	0.152741	0.0926413	0.45309	0.0198872	0.0190196	0.0554529	0.0848381	0.00616188	0.0475225	0.296729	0.866703	2.78905	5	1.17225
1702000	-414.9155	-556.0057	141.0902	10	0.658175	0.114968	0.126932	0.0545481	0.0644191	0.0193905	0.012851	0.019245	0.00579857	0.00708781	0.00538802	0.0843035	0.109963	0.00298833	0.563263	0.106873	0.00213145	0.0450851	0.0983002	0.016261	0.0652869	0.343109	0.908325	2.68328	5	1.459798
1703000	-411.1556	-559.9537	148.7981	10	0.2295699	0.0300159	0.0597727	0.0314314	0.0417756	0.00512618	0.00649154	0.0171217	0.0209204	0.000170217	0.0287132	0.0350447	0.0521375	0.0459614	0.466768	0.11228	0.0327609	0.0712588	0.0300405	0.0173131	0.00129229	0.0523856	0.456378	3.48994	5	1.105104
1704000	-417.2053	-556.05	138.8447	10	0.5857309	0.00640959	0.11075	0.0187956	0.0730537	0.0488658	0.00767439	0.0118776	0.0107535	0.00035456	0.0247166	0.040871	0.103669	0.118778	0.584383	0.0376068	0.133874	0.0305746	0.00864925	0.0267128	0.050179	0.304247	0.873861	2.77171	5	1.39837
1705000	-424.18	-560.5535	136.3734	10	0.1547036	0.0171742	0.0263272	0.0260159	0.00472523	0.00128815	0.00731256	0.0143996	0.00662328	0.00844582	0.00488095	0.0259558	0.0706518	0.0241131	0.520064	0.072118	0.0302543	0.0288859	0.0458274	0.0270676	7.02504e-05	0.0123738	0.255964	3.73159	5	0.962131
1706000	-413.5463	-554.3795	140.8333	10	0.2610355	0.0149005	0.0999106	0.00497933	0.0245999	0.0238462	0.0134872	0.00531919	0.0049883	0.00762895	0.00754139	0.051017	0.0566876	0.0241305	0.612684	0.0974449	0.0694618	0.0417887	0.0368888	0.108889	0.00266646	0.0747673	0.524187	3.39838	5	1.306193
1707000	-422.5502	-560.1905	137.6403	10	0.2060927	0.0582409	0.0879066	0.00639753	0.0446444	0.0288888	0.00666355	0.0231036	0.00653646	0.00142367	0.0433868	0.0105365	0.0785177	0.0160177	0.6879	0.0561854	0.102278	0.0161054	0.0144488	0.077674	0.000651476	0.0373627	0.399371	3.56261	5	1.366856
1708000	-427.7362	-559.6651	131.9289	10	0.6375204	0.0399466	0.165915	0.0392384	0.0578274	0.0477458	0.00115245	0.0517382	0.00885855	0.0056848	0.00682066	0.086193	0.0289297	0.0587534	0.920627	0.0798535	0.142695	0.0821688	0.198145	0.170444	0.0609274	0.332497	0.899317	2.70726	5	2.192737
1709000	-418.6314	-562.2531	143.6218	10	0.3725655	0.0446605	0.0541404	0.00902961	0.0458664	0.00971959	0.00888889	0.0105631	0.00663136	0.0205532	0.0593395	0.0260768	0.0866866	0.0518443	0.708554	0.0356671	0.00129781	0.0761769	0.0736596	0.0681182	0.0129636	0.160985	0.699801	3.12625	5	1.397473
1710000	-408.3599	-553.9816	145.6217	10	0.2832759	0.0304655	0.0585074	0.00906265	0.0233147	0.00635518	0.0153745	0.00112839	0.0082776	6.73822e-05	0.00093986	0.0379677	0.00660169	0.0684555	0.419009	0.0461425	0.0554981	0.0276006	0.0249412	0.053314	0.00403697	0.0915655	0.566618	3.33778	5	0.8930235
1711000	-432.5163	-555.7877	123.2714	10	0.3725954	0.0138696	0.0941343	0.011336	0.105364	0.0212304	0.0194218	0.0490193	0.00143902	0.00778949	0.0138469	0.0642627	0.108828	0.10775	0.87274	0.0505584	0.0609182	0.0471161	0.0500772	0.00694579	0.0129675	0.161008	0.699837	3.12619	5	1.706647
1712000	-410.7455	-549.9224	139.1769	10	0.3372319	0.0299363	0.0782422	0.024829	0.0432101	0.0134305	0.00334886	0.0197372	0.00795462	0.00498238	0.033762	0.0225027	0.0770668	0.0341447	0.596142	0.0984187	0.0223209	0.0771781	0.0240717	0.0197585	0.00879543	0.1336	0.653345	3.20426	5	1.231037
1713000	-413.7797	-557.8646	144.0849	10	0.2275734	0.0271704	0.0850437	0.0408431	0.0308839	0.0325819	0.00517066	0.0077295	0.017316	0.00253791	0.0276432	0.0164224	0.0858053	0.0191203	0.591524	0.0401189	0.0667165	0.0221215	0.00653302	0.00940186	0.00122591	0.0510425	0.451748	3.49598	5	1.134684
1714000	-432.039	-561.2917	129.2527	10	0.4870176	0.050309	0.101303	0.0136637	0.0206035	0.0343862	0.0259734	0.00943986	0.00865897	0.00512006	0.029731	0.122712	0.143806	0.0803986	1.03365	0.109418	0.0653607	0.0101652	0.107184	0.0111022	0.0310075	0.243356	0.810587	2.91505	5	1.982989
1715000	-425.8899	-561.2086	135.3186	10	1.000692	0.0475557	0.0710638	0.0258851	0.0601121	0.0519145	0.018159	0.0252916	0.0288771	0.0101484	0.0309455	0.0322221	0.00354058	0.0646397	0.546508	0.00205994	0.119507	0.0505207	0.050864	0.121345	0.137092	0.47696	1.00011	2.38583	5	1.36116
1716000	-417.861	-558.3873	140.5263	10	0.4161423	0.0229603	0.0847785	0.0171057	0.0665425	0.0191959	0.00361179	0.00410988	0.0016763	0.0191224	0.00954535	0.093788	0.074925	0.0921692	0.433417	0.0540271	0.0728732	0.0101143	0.0158407	0.104643	0.0191104	0.193708	0.748174	3.03901	5	1.200446
1717000	-410.5369	-556.7592	146.2223	10	0.2102559	0.0418668	0.0481167	0.0109554	0.0559927	0.0407767	0.00435976	0.00156337	0.00465808	0.0153996	0.00221451	0.0338619	0.0308928	0.0488924	0.628567	0.0108507	0.0645152	0.103559	0.0355879	0.0209492	0.000743885	0.0398937	0.409891	3.54947	5	1.203579
1718000	-430.2921	-554.9904	124.6983	10	0.5816786	0.0171678	0.171001	0.03003	0.0678121	0.00954452	0.0418703	0.0337408	0.00485893	0.00386235	0.0203029	0.0619551	0.0578498	0.0601592	0.850573	0.0566411	0.00743608	0.0716737	0.0735007	0.0840843	0.0493526	0.301933	0.871676	2.77704	5	1.724064
1719000	-417.3753	-560.1178	142.7425	10	0.425238	0.0511529	0.138089	0.0101426	0.0582781	0.0381771	0.00672801	0.000417205	0.00201109	0.0214066	0.00983231	0.0773352	0.0793556	0.0513172	0.407338	0.091816	0.0802309	0.077699	0.0458396	0.037827	0.0205174	0.200344	0.757208	3.02193	5	1.284993
1720000	-427.6608	-557.3999	129.7391	10	0.758848	0.0636123	0.154001	0.0265662	0.0796755	0.0173262	0.0029678	0.020628	0.0100098	0.00971878	0.0143757	0.0974644	0.0815541	0.0552113	0.549774	0.0890603	0.139598	0.00645221	0.0951167	0.0242523	0.0867772	0.390023	0.944866	2.57833	5	1.537364
1721000	-412.3754	-557.4176	145.0421	10	0.5058804	0.034561	0.0472661	0.0106023	0.0302511	0.02018	0.0134195	0.00150682	0.00325175	0.0177694	0.0424238	0.0152227	0.00931228	0.0336946	0.613039	0.0758619	0.0247781	0.114502	0.0380928	0.115618	0.0344828	0.255737	0.8245	2.88528	5	1.261353
1722000	-422.2528	-553.1713	130.9185	10	0.3510019	0.0418879	0.0718145	0.0156265	0.109135	0.00984999	0.0276011	0.0104821	0.0192147	0.00865033	0.013476	0.0450197	0.0371473	0.0937976	0.621537	0.00952944	0.136417	0.0584709	0.0189949	0.0907223	0.010326	0.144334	0.672311	3.17303	5	1.439374
1723000	-433.3733	-567.9976	134.6244	10	0.4730685	0.0433286	0.0780658	0.0167062	0.0849279	0.0121168	0.0044323	0.0112148	0.0120521	0.0127662	0.0251024	0.0135175	0.00469051	0.102999	0.705668	0.0650747	0.102516	0.00863202	0.0661734	0.0195084	0.0285114	0.233971	0.799638	2.93788	5	1.389492
1724000	-428.369	-560.4834	132.1144	10	0.5335043	0.0672712	0.0896043	0.021186	0.0664624	0.000303135	0.00106612	0.0402745	0.0113421	0.0141086	0.0197357	0.0873611	0.0449047	0.0956471	0.639012	0.00983187	0.0725241	0.0494911	0.133919	0.0983556	0.0397532	0.273227	0.843195	2.84383	5	1.562401
1725000	-419.9067	-561.8578	141.9512	10	0.5388634	0.033257	0.0979554	0.00879685	0.0631919	0.0425242	0.00916681	0.0990644	0.0285986	0.00126016	0.00893018	0.0308178	0.088772	0.0865921	0.714856	0.0197749	0.121352	0.126599	0.0399155	0.0114982	0.0407976	0.276532	0.846609	2.83606	5	1.632923
1726000	-419.5051	-556.0522	136.5471	10	0.5625525	0.0660826	0.0960438	0.00447072	0.0267079	0.0225789	0.0221222	0.00136357	0.0155169	0.00422239	0.0233532	0.0320767	0.03709	0.0782933	0.52846	0.101487	0.0558179	0.00309456	0.0746046	0.0247978	0.0454883	0.290804	0.860942	2.80277	5	1.218183
1727000	-420.846	-557.3223	136.4763	10	0.2416876	0.0176574	0.165161	0.0164726	0.0569099	0.00583099	0.0253306	0.000349186	0.0150147	0.00457535	0.0468832	0.0683504	0.100185	0.165265	1.03915	0.0141663	0.0480327	0.101833	0.0500748	0.0312172	0.00174673	0.060756	0.483625	3.45387	5	1.97246
1728000	-414.4116	-551.3251	136.9135	10	0.2966173	0.0325455	0.100491	0.0228076	0.0741287	0.0127032	0.000847571	0.022564	0.0020217	0.0127164	0.0338419	0.0369027	0.0720064	0.151979	0.793402	0.0390513	0.0519066	0.0389261	0.0387717	0.0238815	0.00502492	0.101866	0.590078	3.30303	5	1.561495
1729000	-425.279	-554.7648	129.4858	10	0.4444205	0.0262117	0.103655	0.00492183	0.0526044	0.0176029	0.00306545	0.0277208	0.0107752	0.00560859	0.0249655	0.0371622	0.0353783	0.0476491	0.476388	0.0781285	0.0200921	0.0870346	0.0456812	0.0687911	0.0236094	0.214093	0.7752	2.9871	5	1.173436
1730000	-427.216	-560.9454	133.7295	10	0.3461091	0.0188341	0.0511932	0.0133252	0.0345635	0.0305652	0.00583315	0.0057384	0.0111561	0.00363932	0.0324958	0.057668	0.0817263	0.0888601	0.453749	0.0496106	0.0383518	0.0153327	0.0376426	0.101039	0.00976807	0.140527	0.665704	3.184	5	1.131324
1731000	-411.5081	-550.7533	139.2452	10	0.1661439	0.0248845	0.0703261	0.0149776	0.0588038	0.00756263	0.00453427	0.00502473	0.00202247	0.00477206	0.00428266	0.0251358	0.000997133	0.0323907	0.689315	0.0571185	0.00711452	0.0435823	0.0917297	0.0319895	0.000129984	0.016803	0.289812	3.69325	5	1.176564
1732000	-419.2083	-554.152	134.9437	10	0.5374274	0.0225997	0.0775987	0.0709917	0.0452512	0.00235688	0.00967874	0.0106672	0.00873781	0.00351679	0.0177244	0.0508514	0.128473	0.0641279	0.820852	0.0019677	0.0518449	0.0340316	0.115092	0.0262535	0.0405171	0.275649	0.845701	2.83813	5	1.562617
1733000	-422.2833	-554.9227	132.6394	10	0.5110867	0.0416776	0.121445	0.0305576	0.0751963	0.0340098	0.0175647	0.0122208	0.00578234	0.0207385	0.00312419	0.0300073	0.14341	0.0472526	0.645548	0.128929	0.019908	0.0578158	0.0352377	0.0364332	0.0354606	0.259092	0.828171	2.87728	5	1.506859
1734000	-415.0084	-557.956	142.9476	10	0.3098165	0.0116129	0.0691261	0.0142801	0.0587056	0.00802072	0.0133815	0.000945911	0.00684087	0.015323	0.00841622	0.0193692	0.014386	0.018618	0.439433	0.0371781	0.0022574	0.0239449	0.0736147	0.0484963	0.00612533	0.11215	0.611926	3.2698	5	0.8839503
1735000	-417.8537	-553.5411	135.6875	10	0.261665	0.00867031	0.10723	0.0196161	0.045937	0.00660839	0.0120199	0.0263341	0.00348719	0.000313821	0.016594	0.050919	0.0396574	0.00588942	0.593549	0.0238408	0.108997	0.0949898	0.0434268	0.0692398	0.00270057	0.0752341	0.525448	3.39662	5	1.27732
1736000	-419.8324	-553.9564	134.124	10	0.5073959	0.0887984	0.11593	0.0482538	0.0491549	0.00659364	0.00168521	0.00788123	0.00842597	0.0135859	0.0383374	0.0303794	0.056227	0.0719368	0.977652	0.0304558	0.0583344	0.0926092	0.134038	0.117612	0.0347666	0.256717	0.825576	2.88294	5	1.947891
1737000	-429.6304	-556.9143	127.2838	10	0.2990499	0.0408407	0.110803	0.0436977	0.0332457	0.0116222	0.000116703	0.00500332	0.0144484	0.00370331	0.0187482	0.0492444	0.00199974	0.0459508	0.846197	0.0344133	0.068891	0.0148203	0.101395	0.0988963	0.00521855	0.103756	0.594204	3.29682	5	1.544037
1738000	-415.9504	-556.7254	140.775	10	0.4945087	0.0203915	0.130237	0.00489044	0.034647	0.0306787	0.0138744	0.026399	0.0061652	0.00376915	0.0318567	0.0214538	0.0352753	0.154067	0.723029	0.0439393	0.0558924	0.0529723	0.0908632	0.139885	0.0323745	0.248316	0.816231	2.90308	5	1.620286
1739000	-419.2124	-558.0968	138.8844	10	0.5761479	0.0272699	0.0906646	0.0212783	0.0521087	0.025488	0.00501936	0.0214901	0.0079208	0.0113327	0.0130806	0.0436605	0.000243639	0.0634194	0.489761	0.0434641	0.142524	0.0288438	0.149959	0.0317803	0.0482288	0.298751	0.868645	2.78438	5	1.269308
1740000	-412.8761	-553.2056	140.3294	10	0.2476723	0.0285052	0.0789447	0.0281127	0.0290777	0.00189611	0.0012418	0.012392	0.000291296	0.0109466	0.0202812	0.0502557	0.0476358	0.0331368	0.647916	0.0458767	0.0353909	0.0227029	0.047211	0.0522611	0.00200504	0.0650142	0.496551	3.43643	5	1.194076
1741000	-426.5192	-555.5471	129.0279	10	0.4013544	0.01603	0.0501366	0.00435516	0.0345944	0.0164005	0.0180045	0.010382	0.0159075	0.00143524	0.0191165	0.0558363	0.0411679	0.00193701	0.647636	0.119616	0.00544515	0.0735013	0.0386948	0.0751316	0.0169103	0.182767	0.732742	3.06758	5	1.245328
1742000	-411.8596	-552.1695	140.3099	10	0.3002027	0.0238295	0.0598197	0.0304147	0.0495693	0.00194055	0.00299651	0.0130878	0.00371747	0.00512126	0.0207739	0.046294	0.0546026	0.0765804	0.521435	0.0627406	0.0524065	0.0105578	0.0712325	0.0131369	0.00531176	0.104653	0.596143	3.29389	5	1.120257
1743000	-417.9501	-555.0128	137.0627	10	0.2159678	0.000297753	0.087446	0.0152465	0.0335103	0.010964	0.0196049	0.0245246	0.00605808	0.00603109	0.0129704	0.0255456	0.0518665	0.00521715	0.790823	0.0349138	0.074074	0.0550679	0.0479141	0.0874388	0.000884952	0.0434652	0.424035	3.53161	5	1.389515
1744000	-422.0155	-564.3419	142.3264	10	0.4108066	0.0281556	0.130798	0.0624439	0.0568078	0.00821408	0.00590581	0.00245327	0.0203958	0.0154383	0.0330088	0.0807277	0.0593951	0.104723	0.760376	0.11969	0.0330314	0.0249188	0.00873781	0.108484	0.0183038	0.189782	0.742715	3.0492	5	1.663706
1745000	-423.734	-556.5852	132.8512	10	0.4075846	0.0514716	0.138448	0.00916782	0.119382	0.0247314	0.00287682	0.0129992	0.00129636	0.0168816	0.00883854	0.056962	0.0280095	0.0436353	0.716246	0.0237055	0.0146776	0.190803	0.0656206	0.0767349	0.0178237	0.187399	0.739359	3.05542	5	1.602487
1746000	-408.0166	-550.1681	142.1515	10	0.281966	0.00686483	0.0939066	0.00887303	0.0308755	0.000130454	0.00640369	0.0105968	0.000485298	0.00632507	0.0163462	0.0387723	0.0810146	0.0331598	0.443286	0.025321	0.0701792	0.0383038	0.0254148	0.110367	0.00394671	0.0905614	0.564236	3.34126	5	1.046626
1747000	-427.8337	-557.4047	129.571	10	0.4789929	0.0278549	0.0589669	0.0151061	0.0766757	0.0282919	0.00257724	0.000296012	0.0117924	0.00545438	0.0158423	0.0528889	0.0551483	0.0515963	0.48543	0.0341624	0.0104137	0.10083	0.0234351	0.0360418	0.0295634	0.237981	0.80436	2.9281	5	1.092804
1748000	-430.454	-562.0537	131.5997	10	0.7322985	0.00575299	0.0836777	0.0299689	0.0308191	0.0109073	0.0162906	0.0044648	0.00646674	0.00931568	0.0287219	0.053013	0.0801307	0.13053	0.611407	0.107953	0.00107227	0.041047	0.0373875	0.0357871	0.0810963	0.378379	0.936273	2.60425	5	1.324713
1749000	-406.0075	-554.1188	148.1114	10	0.3101964	0.00192948	0.182556	0.00869582	0.0740081	0.0073765	0.00573985	0.0187637	0.011573	0.00865875	0.0135926	0.041077	0.039539	0.0329694	0.511011	0.0212108	0.0707364	0.0989285	0.102317	0.0328157	0.00615881	0.112447	0.612536	3.26886	5	1.283499
1750000	-412.4065	-552.8332	140.4267	10	0.2445148	0.00934812	0.0800261	0.0302394	0.0532077	0.0158356	0.00321273	0.0207723	0.00202738	0.00475751	0.0106404	0.0316934	0.0142632	0.0613359	1.16792	0.0606762	0.0738098	0.0124797	0.0144871	0.0601157	0.0018659	0.0627582	0.489774	3.4456	5	1.726848
1751000	-424.3382	-559.9137	135.5756	10	0.9930466	0.0105945	0.190434	0.0800086	0.0944252	0.00879008	0.0279113	0.0104658	0.0167517	0.0181447	0.00269949	0.0810278	0.154476	0.0841654	0.625807	0.152407	0.068152	0.0756438	0.0689244	0.0410846	0.135564	0.474652	0.998838	2.39095	5	1.811913
1752000	-429.1741	-553.7896	124.6154	10	0.2185201	0.0342347	0.0682612	0.0291821	0.0435042	0.00239575	0.00232467	0.00597688	0.00306997	0.0164423	0.073981	0.0063364	0.0570875	0.0325095	0.745036	0.00383941	0.029332	0.0231783	0.021186	0.128305	0.000953541	0.0450961	0.430247	3.5237	5	1.326183
1753000	-411.5346	-553.687	142.1524	10	0.4996833	0.0297849	0.0784517	0.0518737	0.0551764	0.0185111	0.00147458	0.0633928	0.00885134	0.00737404	0.00296073	0.0646882	0.172432	0.132817	0.618234	0.0807339	0.0653957	0.0532896	0.00280955	0.0117983	0.0333291	0.251709	0.820038	2.89492	5	1.520049
1754000	-431.5061	-564.745	133.2389	10	1.009444	0.0785536	0.0759895	0.0445418	0.158894	0.0312982	0.0354095	0.0237751	0.0112488	0.0354219	0.0545843	0.0598723	0.0652151	0.0966986	0.833077	0.0296779	0.0721008	0.163519	0.0369448	0.119642	0.138834	0.479572	1.00155	2.38005	5	2.026464
1755000	-431.644	-557.5391	125.895	10	0.7085354	0.0583218	0.143659	0.0690601	0.0682779	0.00779124	0.0148828	0.0197512	0.00618718	0.00506877	0.00646532	0.0496405	0.109017	0.00310225	0.635156	0.0478963	0.0360639	0.0890741	0.0611047	0.0532852	0.0760123	0.36753	0.927991	2.62847	5	1.483805
1756000	-430.0375	-555.0747	125.0372	10	0.3158339	0.0327648	0.136756	0.0398253	0.0829076	0.0234437	0.00414542	0.010336	0.0117604	0.00633684	0.0193071	0.0319975	0.0222075	0.14962	0.99037	0.00476398	0.0525724	0.0894732	0.0790379	0.0915318	0.00666733	0.116856	0.62146	3.25502	5	1.879157
1757000	-417.5822	-555.4338	137.8516	10	0.6018992	0.0346959	0.112297	0.0207976	0.0607238	0.00382714	0.0162666	0.00242342	0.0255347	0.00409157	0.0437293	0.0249324	0.0225911	0.0631281	0.684585	0.00538053	0.182117	0.0621666	0.114769	0.0576309	0.0535	0.313326	0.882285	2.75089	5	1.541688
1758000	-423.2046	-557.2286	134.024	10	0.6397981	0.0574482	0.180917	0.0312868	0.0753195	0.0116182	0.0267564	0.0434979	0.0120254	0.00614745	0.00404832	0.0567062	0.0537578	0.0854705	0.707993	0.0855403	0.142121	0.0904762	0.010001	0.0262148	0.0614066	0.333685	0.90034	2.70457	5	1.707347
1759000	-413.2046	-556.6762	143.4716	10	0.5570911	0.0248952	0.0797557	0.0302843	0.0569243	0.0235948	0.00213382	0.00333276	0.00599675	0.00753663	0.0366362	0.0448475	0.108811	0.0454822	0.629897	0.130116	0.0617035	0.00450952	0.0614883	0.0400467	0.0443969	0.287562	0.857743	2.8103	5	1.397992
1760000	-427.0666	-559.9785	132.9119	10	0.563988	0.038118	0.250647	0.00378229	0.0419418	0.0387287	0.017334	0.0394959	0.0233179	0.00610879	0.0545203	0.00377559	0.0774227	0.0491411	0.918649	0.0552495	0.0670767	0.00961618	0.0532655	0.199697	0.0457761	0.291652	0.861772	2.8008	5	1.947889
1761000	-411.7065	-558.1748	146.4683	10	0.1475294	0.00550247	0.0795869	0.025739	0.0328614	0.00933327	0.000731085	0.0347293	0.0144353	0.00295372	0.013843	0.0412758	0.112912	0.0413703	0.507932	0.0558091	0.0129371	0.0343658	0.00368619	0.0272056	4.54844e-05	0.00996649	0.234362	3.75563	5	1.057209
1762000	-414.5749	-555.1718	140.5969	10	0.2825667	0.0124724	0.196684	0.0258287	0.0516423	0.0052435	0.00312681	0.0231783	0.00363945	0.0141056	0.0209544	0.0342836	0.146882	0.118552	0.486838	0.053042	0.00532556	0.0184907	0.00138072	0.0794005	0.00398795	0.0910216	0.56533	3.33966	5	1.301071
1763000	-415.7842	-554.286	138.5018	10	0.3734394	0.0484962	0.0985586	0.0450668	0.0413186	0.0322604	0.00477561	0.0172052	0.00331372	0.00114904	0.0172061	0.0332101	0.0538806	0.153295	0.43551	0.0811034	0.100224	0.0363662	0.0329427	0.0230094	0.0130765	0.161654	0.700861	3.12441	5	1.258891
1764000	-412.6051	-558.3832	145.778	10	0.3475063	0.00568867	0.0922818	0.0237952	0.0696344	0.0039293	0.0289397	0.0275485	0.0253594	0.00654833	0.0139952	0.0911787	0.0651011	0.109928	0.709796	0.057454	0.0260455	0.0237564	0.0485158	0.091594	0.00992583	0.141615	0.667605	3.18085	5	1.52109
1765000	-406.3134	-555.9384	149.625	10	0.3850121	0.0226194	0.077944	0.00630545	0.0753405	0.0274182	0.0177833	0.0162315	0.0100923	0.0055824	0.00142048	0.0558935	0.12712	0.0401851	0.369621	0.034433	0.0140882	0.0886788	0.0916737	0.0634001	0.0146129	0.170474	0.714539	3.10037	5	1.145831
1766000	-419.8065	-562.4009	142.5943	10	0.4867399	0.00378157	0.125344	0.0323683	0.0817842	0.0404626	0.0115195	0.0118921	0.00382026	0.021308	0.0642338	0.0233195	0.12175	0.101361	0.393892	0.00296751	0.0721414	0.0820459	0.0323575	0.0411984	0.0309571	0.243171	0.810375	2.9155	5	1.267548
1767000	-423.4536	-553.6953	130.2418	10	0.3270418	0.0223287	0.129637	0.0169072	0.0159557	0.0170854	0.00312687	0.0245801	0.00323201	0.00652694	0.0225739	0.04349	0.0797863	0.0270363	0.604749	0.0846447	0.111919	0.0544257	0.0589882	0.0825891	0.00774331	0.125629	0.638542	3.22809	5	1.409581
1768000	-412.5897	-553.9838	141.3941	10	0.6200501	0.0237015	0.0866444	0.0190109	0.0865425	0.0108738	0.00398256	0.0152846	0.00861684	0.00755007	0.0606795	0.00525342	0.0378536	0.0929879	0.602627	0.0514487	0.0415336	0.0540988	0.0487616	0.138689	0.057268	0.323235	0.891213	2.72828	5	1.39614
1769000	-435.8132	-561.0633	125.2501	10	0.2102128	0.0330027	0.0854285	0.0102609	0.0649163	0.0520006	0.00763026	0.011929	0.00533477	0.00553449	0.056236	0.0466306	0.102009	0.0120746	1.09425	0.0530171	0.126391	0.0191052	0.0499139	0.0501868	0.000742884	0.0398672	0.409783	3.54961	5	1.88585
1770000	-412.9367	-554.0536	141.1169	10	0.2702164	0.0316118	0.0754494	0.0187201	0.0416642	0.0175786	0.0173311	0.0340535	0.00887682	0.00482768	0.0187012	0.0285026	0.0474286	0.0117535	0.552267	0.125161	0.00197965	0.0465996	0.012269	0.100238	0.00319072	0.0816303	0.542226	3.37295	5	1.195013
1771000	-422.5319	-565.8106	143.2787	10	0.4442858	0.0409696	0.0512784	0.0101203	0.0520852	0.0114443	0.0531074	0.0216353	0.00819165	0.014473	0.0128883	0.0306617	0.0244201	0.0407972	0.397196	0.0271229	0.0303801	0.216475	0.0350066	0.0114275	0.0235871	0.213998	0.775078	2.98734	5	1.08968
1772000	-421.2009	-562.2838	141.0829	10	0.429557	0.010328	0.0626482	0.0416275	0.0278717	0.0146274	0.00304657	0.0311001	0.00340714	0.00297866	0.0195719	0.0821046	0.0372991	0.00502474	0.599127	0.08584	0.0118921	0.0800421	0.067462	0.104801	0.0211992	0.20347	0.761381	3.01395	5	1.290799
1773000	-410.2189	-552.0713	141.8524	10	0.5724607	0.0205218	0.204871	0.0138577	0.0358343	0.00529679	0.0099684	0.0126571	0.014564	0.011023	0.0096488	0.069236	0.15058	0.00126502	0.691486	0.112063	0.108137	0.0737018	0.0474001	0.0259841	0.0474824	0.296613	0.866591	2.78931	5	1.618096
1774000	-410.0554	-556.6748	146.6193	10	0.4489682	0.0299892	0.0709615	0.0507544	0.0499031	0.00607206	0.0229318	0.00175814	0.00360769	0.007064	0.00141034	0.0755461	0.107912	0.0672076	0.481781	0.038096	0.0250586	0.0513695	0.0257151	0.0209369	0.0243658	0.217302	0.779266	2.97907	5	1.138075
1775000	-430.6493	-558.5661	127.9168	10	0.3980173	0.0342987	0.0638688	0.0251598	0.0922508	0.015659	0.0184994	0.025323	0.00196388	0.0114277	0.00629187	0.0714895	0.0126982	0.0662887	0.758782	0.0610438	0.0176735	0.10288	0.0110829	0.0644141	0.0164294	0.180273	0.729126	3.07417	5	1.461096
1776000	-415.638	-558.6889	143.0509	10	0.3235518	0.0588245	0.117547	0.0166596	0.0350281	0.0147548	0.0141802	0.0351743	0.0160974	0.0382131	0.0313744	0.0165109	0.0445561	0.0571582	0.675057	0.0207519	0.0284414	0.0393971	0.030009	0.0636335	0.00739905	0.122897	0.633315	3.23639	5	1.353369
1777000	-430.6432	-562.8572	132.214	10	0.9099489	0.0402993	0.130383	0.0347629	0.0475181	0.0642723	0.00614768	0.0864189	0.00612911	0.0183619	0.00426768	0.102022	0.0376648	0.0494949	0.703511	0.0299359	0.171603	0.154664	0.092483	0.116067	0.118655	0.447905	0.983314	2.45013	5	1.896007
1778000	-409.0094	-555.274	146.2646	10	0.3417003	0.0319302	0.0906041	0.00923415	0.0314593	0.00568195	0.0524143	0.0155473	0.00919277	0.00451034	0.0111726	0.0416259	0.0522654	0.110004	1.00389	0.073091	0.012302	0.0296994	0.033289	0.0848429	0.00927857	0.13709	0.659627	3.19401	5	1.702757
1779000	-428.1874	-561.294	133.1066	10	0.6181049	0.0719227	0.116008	0.0162247	0.0846167	0.00908957	0.0132456	0.0313879	0.000619439	0.00395626	0.0117087	0.0984469	0.050702	0.0619178	0.753678	0.118243	0.0574811	0.16889	0.0154798	0.0637069	0.0568624	0.322187	0.890282	2.73067	5	1.747325
1780000	-414.459	-556.0853	141.6262	10	0.4902703	0.0254638	0.100002	0.0335252	0.0513275	0.0353316	0.000320306	0.0206005	0.0062703	0.0162687	0.000278081	0.0621415	0.0112496	0.156299	0.435483	0.0608391	0.0360105	0.0289228	0.117277	0.148042	0.0315989	0.245517	0.813058	2.90983	5	1.345653
1781000	-425.9055	-567.3513	141.4457	10	2.42015	0.0648611	0.117998	0.0692428	0.0731597	0.0331814	0.00451861	0.0699945	0.0105455	0.00583808	0.0123113	0.0796045	0.171519	0.144087	0.427115	0.0346215	0.0485278	0.0141202	0.107385	0.0374899	0.338753	0.693356	1.07766	1.89023	5	1.526121
1782000	-422.8623	-555.8665	133.0042	10	0.5075041	0.0517664	0.127003	0.0113852	0.03427	0.00578888	0.0156545	0.00314326	0.00448196	0.0145012	0.0304937	0.0259512	0.0338386	0.0754336	0.674573	0.0286319	0.0767145	0.0921562	0.0843034	0.115154	0.0347869	0.256787	0.825653	2.88277	5	1.505244
1783000	-420.7524	-557.9186	137.1662	10	0.3330276	0.0343269	0.0575265	0.0358712	0.032318	0.0164787	0.00240816	0.00766646	0.0305405	0.00651349	0.00684316	0.0487698	0.0579738	0.000939319	0.654932	0.0250948	0.0188402	0.082177	0.0308951	0.0998571	0.00835291	0.130313	0.647319	3.21401	5	1.249972
1784000	-426.6417	-562.0192	135.3775	10	0.4565649	0.0771837	0.113517	0.0750736	0.0664588	0.0305513	0.0144599	0.0023364	0.00102281	0.00135141	0.0142493	0.0541487	0.0313161	0.0374145	0.563125	0.028678	0.124426	0.105036	0.0129255	0.0525661	0.0256483	0.222618	0.785897	2.96584	5	1.40584
1785000	-410.8744	-557.4302	146.5558	10	0.1930595	0.00915325	0.0731778	0.0448686	0.0243456	0.0133236	0.0327979	0.00176074	0.0111811	0.00530008	0.00134864	0.0501084	0.0188953	0.0434512	0.345341	0.0425839	0.0724177	0.0421852	0.0211282	0.0565848	0.000414423	0.0298699	0.365302	3.60441	5	0.9099536
1786000	-413.3917	-556.8549	143.4632	10	0.28665	0.00891261	0.094286	0.000202562	0.049509	0.014359	0.00883949	0.00187014	0.00135849	0.0222895	0.0198229	0.0653833	0.0296154	0.0525355	0.391928	0.0864348	0.0839803	0.102781	0.0309677	0.031241	0.00427501	0.0941586	0.572687	3.32888	5	1.096316
1787000	-410.6257	-556.5839	145.9582	10	0.2767814	0.0262064	0.133723	0.00589037	0.027894	0.00136095	0.000680536	0.0294021	0.0106342	0.000907249	0.00943006	0.0858251	0.0500283	0.0622775	0.931314	0.184018	0.0583124	0.0745046	0.0694807	0.0932941	0.00360125	0.0866025	0.554669	3.35513	5	1.855183
1788000	-414.4787	-553.1823	138.7036	10	0.4654956	0.0438627	0.119275	0.0132692	0.0532518	0.0524861	0.00422917	0.00332354	0.00174821	0.0057172	0.0190792	0.0585847	0.0466644	0.111895	0.476371	0.0758429	0.0458568	0.031651	0.0213097	0.012694	0.0271849	0.228795	0.793442	2.95058	5	1.197112
1789000	-412.7787	-551.3706	138.5919	10	0.381721	0.0418675	0.100857	0.0103954	0.037016	0.0132671	0.00657121	0.0140601	0.00239861	0.0158029	0.000540029	0.0576964	0.0845507	0.0515967	0.632801	0.0243664	0.0231813	0.0302406	0.00294358	0.0917532	0.0141681	0.167975	0.710718	3.10714	5	1.241905
1790000	-406.7242	-557.2117	150.4875	10	0.2918438	0.0418035	0.078873	0.0375688	0.0413046	0.0163345	0.0155543	0.0409822	0.00406579	0.00980299	0.00205643	0.0428561	0.0270811	0.0346515	0.476279	0.0546296	0.0314644	0.0464463	0.0447346	0.0549685	0.00465706	0.0981669	0.581848	3.31533	5	1.101457
1791000	-415.2478	-559.567	144.3191	10	0.6683166	0.0242799	0.111776	0.0399986	0.114871	0.000999808	0.00188251	0.0447661	0.00214292	0.00989047	0.00590032	0.0868582	0.0271723	0.118953	0.662565	0.0391753	0.0235771	0.00179233	0.0999193	0.273843	0.0674378	0.348189	0.912537	2.67184	5	1.690363
1792000	-422.2212	-560.8753	138.6541	10	0.3624625	0.0120075	0.066362	0.0169302	0.0298812	0.0350633	0.015666	0.0450597	0.0185027	0.0130227	0.0468548	0.0181433	0.108522	0.034851	0.517937	0.0355232	0.050591	0.0263494	0.020891	0.195354	0.0116922	0.153213	0.687242	3.14785	5	1.307512
1793000	-430.0833	-560.4982	130.4149	10	1.478784	0.0111707	0.15505	0.0795126	0.0554445	0.0646015	0.026938	0.0128496	0.00731276	0.00538111	0.0221944	0.0544045	0.0172653	0.138981	0.72502	0.107892	0.0743135	0.0455264	0.0772456	0.00333422	0.222026	0.584986	1.04915	2.14384	5	1.684438
1794000	-426.0486	-559.918	133.8694	10	0.3780383	0.0378495	0.0816962	0.0186808	0.0339702	0.0069011	0.000732834	0.00117608	0.00538839	0.0321396	0.0245521	0.0462232	0.0295191	0.110711	0.81884	0.0948339	0.05552	0.0283649	0.00263827	0.0328992	0.0136778	0.16517	0.706378	3.11477	5	1.462636
1795000	-409.9215	-550.1417	140.2202	10	0.2542917	0.0132002	0.0587392	0.0240147	0.0417696	0.0140215	0.0066376	0.00542839	0.0153072	0.000494494	0.00513038	0.0491046	0.101845	0.0199956	0.797912	0.0804276	0.0178394	0.0460045	0.0424571	0.0740194	0.00231783	0.0698063	0.510449	3.41743	5	1.414349
1796000	-419.893	-558.3822	138.4892	10	0.2951312	0.0179914	0.0424883	0.0128256	0.0443948	0.00718533	0.0109393	0.0131985	0.0120022	0.00501282	0.000580594	0.0288348	0.0243405	0.00564285	0.532451	0.013774	0.0805397	0.0170817	0.0341532	0.0773247	0.00490868	0.100713	0.587535	3.30684	5	0.9807617
1797000	-415.7844	-549.8416	134.0573	10	0.5249222	0.0549529	0.0860647	0.036095	0.0641105	0.00289529	0.000536288	0.00609735	0.00350769	0.0145807	0.0276404	0.025636	0.10359	0.0257396	0.884813	0.0515086	0.0133117	0.120001	0.0614653	0.123913	0.0380948	0.267875	0.837588	2.85644	5	1.706459
1798000	-418.5351	-560.958	142.4229	10	0.3670778	0.0124677	0.112302	0.0166621	0.0662983	0.0170136	0.00907913	0.053623	0.0117445	0.0138656	0.0548728	0.0780258	0.0585178	0.0357982	0.811634	0.0371953	0.216975	0.0698548	0.0737178	0.0826313	0.0122654	0.15677	0.693048	3.13792	5	1.832278
1799000	-407.0519	-557.68	150.6281	10	0.1903224	0.0488177	0.0645299	0.0308075	0.0265652	0.0257957	0.00627978	0.00100057	0.0128736	0.00748493	0.0192996	0.00866148	0.0631832	0.042793	0.363279	0.0321546	0.0434217	0.0634485	0.0492488	0.00912264	0.000373904	0.0283857	0.357932	3.61331	5	0.918767
1800000	-409.3067	-556.8289	147.5222	10	0.361881	0.0157329	0.0439043	0.0273868	0.0464289	0.0213991	0.00168071	0.0264831	0.0064105	0.00175758	0.0595951	0.0244244	0.00530209	0.0138189	0.907359	0.0392023	0.102306	0.0311305	0.0688356	0.0195905	0.0116209	0.152764	0.686503	3.14911	5	1.462748
1801000	-409.9116	-559.0501	149.1385	10	0.2260132	0.0112534	0.0603341	0.00683972	0.0585911	0.0200447	0.00786403	0.0771731	0.00324416	0.00445075	0.0235085	0.0220366	0.0571936	0.0111992	0.520786	0.0929742	0.0315359	0.0635912	0.0328689	0.138787	0.00117565	0.0500006	0.448102	3.50072	5	1.244276
1802000	-427.1783	-557.8426	130.6643	10	0.4106288	0.0679761	0.0838836	0.0601257	0.0779976	0.0472835	0.0292221	9.17193e-05	0.00713102	0.000131325	0.0387103	0.0314328	0.0473601	0.0761156	0.86734	0.0636905	0.119888	0.0147531	0.0602099	0.0881136	0.0182772	0.18965	0.742531	3.04954	5	1.781457
1803000	-415.9179	-553.6795	137.7615	10	0.38151	0.0147376	0.0693614	0.0364123	0.010689	0.0269268	0.0131309	0.00711816	0.00631768	0.00533095	0.00401548	0.0330448	0.137109	0.0162215	0.66018	0.097716	0.11819	0.0134392	0.0309088	0.0585279	0.0141398	0.167814	0.710471	3.10757	5	1.359377
1804000	-433.5153	-552.5514	119.0361	10	0.2922658	0.0285583	0.0686794	0.0180286	0.0326737	0.00787237	0.000205073	0.0316019	0.00524644	0.0120851	0.0142823	0.0514623	0.0340256	0.0771585	0.329701	0.0440814	0.00370018	0.101422	0.0321061	0.0310703	0.00468894	0.0984934	0.582583	3.31424	5	0.9239604
1805000	-424.4982	-561.8088	137.3106	10	0.9325962	0.0175171	0.203537	0.0476611	0.0674663	0.0115964	0.00419375	0.00596037	0.00811103	0.00263553	0.00237453	0.0686175	0.0548464	0.142119	0.620149	0.0104901	0.173502	0.0598795	0.126455	0.0618059	0.123316	0.45551	0.987867	2.43331	5	1.688919
1806000	-407.9201	-563.3592	155.4391	10	0.4661148	0.0770374	0.128312	0.03177	0.0681898	0.00688387	0.00180051	0.017378	0.014853	0.0259246	0.0258572	0.0204664	0.0715031	0.0586995	0.497044	0.0129652	0.0578239	0.0349698	0.0112058	0.0196125	0.0272926	0.22922	0.793956	2.94953	5	1.182297
1807000	-423.9185	-554.5978	130.6793	10	0.4771392	0.025288	0.0971123	0.0389419	0.0527514	0.0296218	0.0104718	0.048688	0.0020819	0.00623779	0.000368781	0.0539393	0.0382423	0.0676846	0.998612	0.0150502	0.1023	0.0118697	0.13381	0.0645147	0.0292329	0.23673	0.802894	2.93114	5	1.797587
1808000	-409.6057	-555.7627	146.157	10	0.2179613	0.0267918	0.0957205	0.0297136	0.0271183	0.00328839	0.00787074	0.024132	0.00177236	0.022832	0.0378422	0.0204202	0.0728643	0.0275393	0.616002	0.0655031	0.0103008	0.0410686	0.064138	0.0233999	0.000938224	0.0447372	0.428893	3.52543	5	1.218318
1809000	-406.6504	-555.313	148.6627	10	0.2497409	0.0387822	0.11193	0.0264326	0.0657002	0.00343997	0.0112427	0.000633464	3.00248e-05	0.0215634	0.0154964	0.0429359	0.0873835	0.0418773	0.444409	0.0897423	0.0105794	0.0578024	0.0315509	0.0590752	0.0020997	0.0665029	0.500939	3.43046	5	1.160607
1810000	-438.7381	-570.5334	131.7954	10	1.091304	0.0172314	0.131499	0.02941	0.10039	0.0139459	0.0312364	0.0738613	6.17484e-05	0.0318386	0.035656	0.0193824	0.0561906	0.0411225	0.619827	0.0276451	0.053835	0.0875968	0.00593605	0.191778	0.154803	0.502574	1.01362	2.329	5	1.568444
1811000	-419.6914	-551.8486	132.1572	10	0.4776133	0.0227262	0.10939	0.0118292	0.042353	0.0249151	0.0079214	0.0220394	0.00368115	0.00987454	0.0042913	0.062281	0.0656713	0.0164145	0.546953	0.0312844	0.0525247	0.0164581	0.0548555	0.0284227	0.0293173	0.23705	0.80327	2.93036	5	1.133887
1812000	-421.7118	-563.2342	141.5224	10	1.67463	0.0456571	0.181071	0.0358991	0.0573207	0.00355984	0.00377416	0.0163083	0.0137594	0.00355668	0.0054415	0.064232	0.0407464	0.0731538	0.522164	0.023214	0.119204	0.0355454	0.0127395	0.108483	0.251083	0.615259	1.05922	2.07444	5	1.36583
1813000	-419.336	-564.7167	145.3806	10	0.1767344	0.0235692	0.0325002	0.0198033	0.0368704	0.0183069	0.00137616	0.00592059	0.000599524	0.0256672	0.0465983	0.0453815	0.0134512	0.0311385	0.357833	0.0289226	0.0418695	0.0478596	0.0360427	0.0108309	0.00021398	0.0215229	0.320285	3.65798	5	0.8245412
1814000	-421.5879	-568.147	146.559	10	0.8694521	0.0871731	0.152144	0.0362352	0.0474457	0.0350164	0.00234506	0.0210359	0.00456274	0.0349473	0.015675	0.0558198	0.0335979	0.0988022	0.417822	0.0391016	0.0211742	0.0680741	0.0721009	0.0291578	0.110229	0.433663	0.974486	2.48162	5	1.272231
1815000	-415.9649	-557.7477	141.7829	10	0.9745945	0.0165388	0.0799925	0.0178962	0.0370434	0.0568017	0.0106527	0.00824065	0.00560147	0.00509101	0.000350443	0.0805824	0.120739	0.040036	0.465755	0.0702914	0.0625898	0.0950644	0.0137813	0.015736	0.131857	0.46898	0.995659	2.4035	5	1.202784
1816000	-424.197	-563.0843	138.8874	10	0.7501261	0.028969	0.11299	0.0266296	0.1404	0.0353349	0.00996808	0.0472941	0.0229381	0.000690482	0.00639242	0.0621949	0.0143293	0.0846032	0.712308	0.0583734	0.0573287	0.112111	0.0218655	0.0568455	0.0849115	0.386252	0.942116	2.58672	5	1.611566
1817000	-417.0776	-554.9618	137.8841	10	0.3958208	0.0257698	0.12017	0.027306	0.0732851	0.0114785	0.01361	0.00088747	0.0145371	0.00652183	0.0399717	0.0288302	0.0566918	0.0623632	0.650689	0.066356	0.0807426	0.0769573	0.0310375	0.0321038	0.0161161	0.178627	0.726718	3.07854	5	1.419309
1818000	-435.988	-563.4335	127.4454	10	0.2200467	0.0203261	0.046557	0.0474057	0.0247302	0.0157806	0.00913952	0.00184015	0.00446702	0.00281501	0.0405361	0.00650983	0.0382969	0.0647775	0.54022	0.000848259	0.0614575	0.0193404	0.0740401	0.0364771	0.000996255	0.0460815	0.433931	3.51899	5	1.055565
1819000	-412.6314	-555.9332	143.3018	10	0.1864962	0.00970745	0.0818959	0.0116559	0.0245176	0.0277702	0.00612017	0.00430827	0.0270082	0.0040345	0.00470732	0.0349177	0.00105426	0.046366	0.552953	0.0318536	0.0199448	0.104295	0.0423835	0.0471844	0.000322173	0.0263664	0.347506	3.6258	5	1.082678
1820000	-432.2916	-561.5622	129.2706	10	0.6512122	0.0125361	0.152177	0.00444684	0.0853886	0.0144349	0.0370377	0.0242794	0.00218791	0.0163094	0.0194639	0.0508277	0.0803115	0.0200632	0.584209	0.0609988	0.071605	0.0883905	0.00579442	0.0407234	0.0638138	0.339572	0.905355	2.69126	5	1.371186
1821000	-420.6738	-559.1879	138.5141	10	0.546795	0.0361812	0.141201	0.0162067	0.0777459	0.00729556	0.0156621	0.000132849	0.00405048	0.0365221	0.0432439	0.0125645	0.0727376	0.0615897	0.65317	0.161234	0.0462858	0.0831858	0.162284	0.0460948	0.0423552	0.281371	0.851543	2.82473	5	1.677389
1822000	-409.9707	-552.623	142.6522	10	0.3703248	0.0527298	0.124534	0.00337977	0.0760319	0.0044303	0.00638596	0.0086228	0.0125271	0.00741623	0.00667149	0.047383	0.0748801	0.0763053	0.665097	0.0710038	0.0440744	0.0270822	0.0630889	0.0243544	0.0126764	0.159266	0.697063	3.13099	5	1.395999
1823000	-416.6482	-556.4403	139.7921	10	0.431763	0.0379157	0.136082	0.0582745	0.0820452	0.0120898	0.0025872	1.55058e-05	0.00187907	0.00379202	0.0748988	0.0178314	0.0528428	0.036636	0.893335	0.090647	0.057199	0.172391	0.131382	0.0151022	0.0215507	0.205059	0.763485	3.00991	5	1.876946
1824000	-415.9518	-559.0382	143.0863	10	0.3127193	0.00205832	0.133755	0.0135778	0.072043	0.0239951	0.00845721	0.0282627	0.0141451	0.00923265	0.00383614	0.0918902	0.0261079	0.0203539	0.728022	0.125847	0.0358089	0.0141484	0.163027	0.0819019	0.00638366	0.114419	0.616558	3.26264	5	1.59647
1825000	-413.7146	-558.5411	144.8266	10	0.3296266	0.0128331	0.18153	0.0161775	0.0556784	0.0108819	0.00277602	0.0212272	0.00373559	0.00322168	0.00329087	0.04554	0.123925	0.0263778	0.678587	0.106058	0.149982	0.0510444	0.0336902	0.0404218	0.00800359	0.127653	0.642361	3.22198	5	1.566979
1826000	-430.1365	-558.706	128.5695	10	0.4855565	0.0356802	0.127033	0.0253484	0.0624574	0.0136199	0.00791572	0.0211485	0.0129323	0.0141266	0.0300327	0.0854345	0.00409803	0.130574	0.657552	0.0698594	0.0104048	0.0606736	0.148172	0.036764	0.0307429	0.242382	0.809468	2.91741	5	1.553826
1827000	-426.1976	-559.9938	133.7962	10	0.4530125	0.0198532	0.161482	0.0220711	0.0589336	0.0393452	0.00336153	0.0146707	0.00201213	0.00839832	0.0100538	0.0209011	0.0622167	0.0142533	0.434039	0.0347814	0.0522032	0.0846061	0.0282253	0.0107266	0.0250457	0.220139	0.782821	2.97199	5	1.082135
1828000	-411.8804	-559.4782	147.5978	10	0.2424523	0.00787267	0.10969	0.00235162	0.0396651	0.0161419	0.016699	0.00216054	0.014576	0.0137751	0.0302492	0.0368738	0.0829194	0.0577952	0.766296	0.0105447	0.0849047	0.0116971	0.036915	0.0937455	0.00177846	0.0612959	0.485296	3.45163	5	1.434872
1829000	-415.9636	-555.9346	139.971	10	0.3312164	0.0351809	0.155447	0.039678	0.0679458	0.0219966	0.00121083	0.037242	0.00900452	0.00963777	9.92192e-06	0.096202	0.0168154	0.00439247	0.446787	0.110616	0.0495363	0.111518	0.0676594	0.116753	0.00816591	0.128897	0.644688	3.21825	5	1.397633
1830000	-426.9075	-558.0443	131.1368	10	0.2870406	0.0255212	0.0591352	0.0482467	0.0470038	0.00570518	0.0202669	0.0198029	0.0139357	0.00358235	0.0185314	0.0463018	0.0224643	0.0730824	0.536453	0.109325	0.0526774	0.0385802	0.0168943	0.00883388	0.00430308	0.0944594	0.573383	3.32785	5	1.166344
1831000	-428.974	-562.4532	133.4792	10	0.9608826	0.0140756	0.0956902	0.023367	0.0840575	0.0117135	0.02014	0.0264174	0.00483959	0.0260691	0.00735615	0.0550888	0.111155	0.0277802	0.614915	0.00617174	0.112264	0.103625	0.0654296	0.0449684	0.129084	0.46467	0.993203	2.41304	5	1.455125
1832000	-422.3512	-552.0469	129.6957	10	0.2915462	0.0154804	0.070684	0.0235405	0.0581025	0.0237166	0.0057801	0.00867191	0.0194828	0.000672042	0.0179727	0.0590052	0.0125058	0.047458	0.973521	0.0905284	0.0421339	0.0644788	0.086842	0.00888853	0.00463465	0.0979367	0.581329	3.3161	5	1.629465
1833000	-431.3338	-565.8331	134.4993	10	1.244568	0.0422526	0.147062	0.0403224	0.0166599	0.0266775	0.00878775	0.0376414	0.028345	0.00767181	0.0494425	0.118264	0.068112	0.0970045	0.694135	0.0530522	0.0854274	0.0472451	0.0844772	0.173601	0.183037	0.539669	1.03109	2.2462	5	1.82618
1834000	-405.3901	-547.4639	142.0737	10	0.2454587	0.0130166	0.115347	0.0184733	0.0517711	0.00715891	0.0104288	0.0103902	0.00339011	0.00434695	0.000759639	0.0505599	0.0415956	0.035148	0.656824	0.0982115	0.0522583	0.0920103	0.0352756	0.0252404	0.00190682	0.0634305	0.49181	3.44285	5	1.322206
1835000	-436.8397	-564.7042	127.8645	10	0.4868758	0.00787077	0.0987761	0.039059	0.0603278	0.0304598	0.0383289	0.0154021	0.00868232	0.00489674	0.00941905	0.0670803	0.203109	0.00334336	0.689074	0.0692355	0.0446108	0.0539652	0.00476457	0.0478633	0.0309818	0.243262	0.810479	2.91528	5	1.496268
1836000	-404.1645	-557.7455	153.5809	10	0.1914162	0.0301972	0.0320994	0.0199248	0.0281102	0.0142458	0.000885503	0.0404038	0.0065916	0.00589537	0.0107264	0.0368948	0.00581696	0.0492716	0.397217	0.0126298	0.0939791	0.0536262	0.0403143	0.000296025	0.000389735	0.0289749	0.360886	3.60975	5	0.8791262
1837000	-397.2787	-549.7003	152.4216	10	0.2697153	0.00222142	0.086254	0.0133124	0.016535	0.00522519	0.00491787	0.00111986	0.00675252	0.00657727	0.00226378	0.0395183	0.0251229	0.0670988	0.467154	0.0565459	0.117255	0.0217185	0.114735	0.057112	0.00316061	0.0812528	0.541261	3.37433	5	1.11144
1838000	-419.6305	-556.2068	136.5763	10	0.2921193	0.0370627	0.11348	0.0126319	0.0472418	0.011336	0.0299206	0.00144215	0.0161278	0.00398248	0.0214947	0.0234251	0.0189807	0.0561079	0.617936	0.0456998	0.0943793	0.0881991	0.0988132	0.0494505	0.00467786	0.0983801	0.582328	3.31461	5	1.387712
1839000	-420.1986	-558.883	138.6844	10	0.2457341	0.0229407	0.136112	0.0170881	0.0193631	0.034542	0.0311267	0.0419094	0.00801909	0.0148033	0.0456844	0.0276491	0.0567386	0.0757872	0.823952	0.0838022	0.0721171	0.0458727	0.0820592	0.0490681	0.00191887	0.0636269	0.492403	3.44205	5	1.688635
1840000	-418.4478	-560.896	142.4482	10	0.4534687	0.046157	0.112858	0.0316806	0.048131	0.006743	0.00350658	0.00562462	0.00694971	0.00798821	0.00528775	0.0755352	0.0185819	0.123724	0.661876	0.0810382	0.0694432	0.0120558	0.079864	0.0370982	0.0251228	0.220458	0.783218	2.9712	5	1.434144
1841000	-417.8669	-559.9858	142.1189	10	0.3025878	0.0340499	0.066766	0.0188232	0.0371541	0.0347507	0.0118767	0.00959583	0.0175375	0.000322752	0.0356191	0.0301063	0.155741	0.0228609	0.526715	0.0861453	0.0487205	0.0863769	0.0349719	0.0425283	0.00550757	0.10651	0.600123	3.28786	5	1.300662
1842000	-430.8769	-557.3405	126.4636	10	0.7122961	0.0636817	0.129901	0.0288947	0.123837	0.00223413	0.0141036	0.00650696	0.0130982	0.000491463	0.0150971	0.0794765	0.04918	0.130703	0.600711	0.0585628	0.0996571	0.0394992	0.0822116	0.0300751	0.0768164	0.369274	0.929341	2.62457	5	1.567922
1843000	-415.0943	-560.2034	145.1092	10	0.5165563	0.0650017	0.0972495	0.0178213	0.0212197	0.0121878	0.00250441	0.0108433	0.00969392	0.0126091	0.0246385	0.112813	0.0778858	0.122926	0.598014	0.0819252	0.0399494	0.0297677	0.0672007	0.0797766	0.0364959	0.262587	0.831951	2.86897	5	1.484028
1844000	-429.9911	-557.0441	127.053	10	0.6620502	0.0413538	0.0716253	0.043086	0.046829	0.0100321	0.00765945	0.006164	0.00612789	0.0112501	0.00458131	0.105766	0.0747566	0.0802947	0.625232	0.00318687	0.116586	0.0111321	0.0861988	0.0528517	0.066108	0.34506	0.909951	2.67888	5	1.404713
1845000	-428.3765	-554.6485	126.272	10	0.2503949	0.00258462	0.128215	0.0205955	0.0426832	0.0063681	0.0123176	0.0129196	0.0141356	0.0078075	0.0333322	0.0237417	0.0330788	0.069047	0.530126	0.0647879	0.0556433	0.0223363	0.00827755	0.0993726	0.00213021	0.0669753	0.502318	3.42858	5	1.18737
1846000	-418.4315	-559.4405	141.0091	10	0.3248229	0.0536254	0.0694255	0.00253195	0.0480788	0.00139559	9.04609e-05	0.0321582	0.0114617	0.000863913	0.027966	0.0122721	0.040178	0.0797401	0.441651	0.0766672	0.100652	0.0403487	0.124287	0.0828107	0.00752348	0.123892	0.635228	3.23336	5	1.246205
1847000	-417.6431	-554.9565	137.3134	10	0.782619	0.0100576	0.130513	0.0322363	0.0912967	0.00872297	0.046354	0.00597141	0.0286366	0.00062634	0.030407	0.0432419	0.0405909	0.0938608	0.634741	0.0362063	0.0968483	0.0770073	0.0879285	0.0381216	0.0918552	0.400041	0.95202	2.55608	5	1.533368
1848000	-422.1774	-559.9868	137.8094	10	0.392689	0.115512	0.16079	0.0585788	0.102598	0.0213241	0.0164085	0.0142413	0.0156809	0.00198917	0.0116494	0.0574823	0.0332082	0.0183927	0.576516	0.00099594	0.0282657	0.0420256	0.128101	0.0744871	0.0156739	0.176274	0.723246	3.08481	5	1.478246
1849000	-434.3493	-561.8063	127.4569	10	0.3739807	0.0196304	0.140268	0.0398932	0.0541581	0.00412566	0.0258677	0.00956548	0.0129867	0.00943037	0.00278431	0.0568617	0.0286205	0.0271564	0.560943	0.0741126	0.129116	0.00480524	0.0491851	0.00530754	0.0131466	0.162069	0.701516	3.12327	5	1.254818
1850000	-414.2751	-555.1919	140.9168	10	0.1187668	0.0148236	0.0458807	0.00877453	0.0172443	0.00875003	0.000883873	0.00857023	0.00968349	0.000179424	0.0142059	0.035837	0.0320812	0.00899952	0.501442	0.0102555	0.0556402	0.0616047	0.0151338	0.0100893	4.69318e-06	0.00321264	0.147243	3.84954	5	0.8600793
1851000	-414.1036	-551.5868	137.4832	10	0.2887397	0.0257478	0.07397	0.0133884	0.0738368	0.0227369	0.00529202	0.0239092	0.00699816	0.00452449	0.0263307	0.0150246	0.0461317	0.0316874	0.486347	0.091056	0.0256204	0.0275112	0.011755	0.129712	0.00442644	0.095769	0.576399	3.32341	5	1.14158
1852000	-400.4091	-551.3708	150.9617	10	0.1598325	0.0259092	0.0463582	0.0231595	0.0358054	0.0085033	0.000134107	0.00738182	0.0061891	0.00321879	0.00263424	0.0308732	0.0558336	0.0179337	0.526477	0.00804418	0.0470132	0.029201	0.0129368	0.0175594	9.35838e-05	0.014271	0.271243	3.71439	5	0.9051654
1853000	-419.0818	-561.2324	142.1506	10	0.2170362	0.0217923	0.0671848	0.0178905	0.045341	0.00322079	0.00166183	0.00305339	0.00928485	0.00978443	0.0238386	0.0263457	0.0444517	0.0360817	0.504491	0.0328338	0.0164253	0.0141799	0.0248914	0.085919	0.000913238	0.0441453	0.426644	3.5283	5	0.9886721
1854000	-417.4395	-555.6348	138.1953	10	0.2589642	0.0129582	0.106182	0.0129557	0.0668827	0.00859504	0.00256808	0.020651	0.0132458	0.000789618	0.029667	0.0441172	0.0255633	0.0582815	1.08182	0.0748159	0.0765796	0.0636504	0.0232626	0.140911	0.00255613	0.0732358	0.520012	3.4042	5	1.863495
1855000	-412.6763	-553.5716	140.8953	10	0.3133099	0.0187355	0.0944025	0.0072229	0.0287423	0.0205822	0.0163967	0.0438341	0.0116879	0.000384227	0.0513077	0.0224858	0.040674	0.0866579	0.731362	0.052327	0.0396052	0.0223957	0.0904529	0.0371374	0.00643693	0.114881	0.617492	3.26119	5	1.416393
1856000	-411.0152	-558.8528	147.8376	10	0.260682	0.0179552	0.057801	0.00474473	0.0301469	0.0438949	0.00555119	0.00628489	0.000940537	0.0122793	0.00565274	0.0236878	0.0205048	0.0525343	0.365488	0.0674239	0.0421135	0.025806	0.0332943	0.0674102	0.00264742	0.0745055	0.523477	3.39937	5	0.883514
1857000	-418.2944	-552.7031	134.4087	10	0.3091509	0.0247687	0.122279	0.0324553	0.0378903	0.0153251	0.00589028	0.023542	3.90147e-05	0.0239189	0.00176622	0.0880629	0.0769959	0.02022	0.499612	0.0352242	0.081503	0.0923964	0.122787	0.00402049	0.00606693	0.11163	0.610855	3.27145	5	1.308696
1858000	-425.6363	-560.1626	134.5263	10	0.390267	0.0298397	0.106332	0.0114223	0.0694921	0.0270079	0.00200401	0.0211212	0.0141083	0.000422586	0.0454021	0.0540214	0.0873463	0.0143985	0.376211	0.0169062	0.0504215	0.0192829	0.0295162	0.093294	0.0153357	0.174449	0.72053	3.08969	5	1.06855
1859000	-424.5251	-554.8755	130.3505	10	0.6167261	0.0309304	0.0833923	0.0160345	0.0360949	0.0183818	0.0102864	0.0154009	0.0128723	0.00274035	0.014846	0.0867342	0.0236293	0.0435498	0.817079	0.0794235	0.102719	0.11078	0.0281445	0.030011	0.0565751	0.321443	0.889618	2.73236	5	1.563051
1860000	-428.5097	-562.3139	133.8042	10	0.3669209	0.0182689	0.0951867	0.0379234	0.0548773	0.00603043	0.0315871	0.00645434	0.00876457	0.0057617	0.0136069	0.0416108	0.10712	0.0752866	0.425571	0.0309864	0.0112605	0.117276	0.0508538	0.0383522	0.0122457	0.15665	0.692852	3.13825	5	1.176779
1861000	-410.8051	-555.2206	144.4155	10	0.1983725	0.000882472	0.0747393	0.0131531	0.0237012	0.0104243	0.00806794	0.000787826	0.000820566	0.0093305	0.00815948	0.046936	0.0578628	0.0574213	0.467255	0.00546746	0.088683	0.0202219	0.0836734	0.0212795	0.000501943	0.0328419	0.379397	3.58726	5	0.9988667
1862000	-435.3172	-565.2564	129.9392	10	0.367844	0.0394817	0.218912	0.0155437	0.0466721	0.0610243	0.0135468	0.0582481	0.00441525	0.00567757	0.0647227	0.0128164	0.0449307	0.0309685	0.438476	0.0279674	0.000570413	0.0795018	0.0917665	0.0575151	0.0123618	0.15736	0.694	3.13628	5	1.312757
1863000	-428.7242	-557.6754	128.9513	10	0.3680684	0.0208437	0.090399	0.0434654	0.0567821	0.0143042	0.00357143	0.0184155	0.00474921	0.00638677	0.0309364	0.0213991	0.0222094	0.0441388	0.493054	0.0442311	0.100195	0.00831453	0.0250458	0.0822245	0.0123901	0.157532	0.694279	3.1358	5	1.130666
1864000	-408.6086	-553.0496	144.441	10	0.2422324	0.00627923	0.0553927	0.0254329	0.0265778	0.0104636	0.0208776	0.0163797	0.00309347	0.00918522	0.00072059	0.0366659	0.0141403	0.027003	0.42262	0.0328165	0.0670188	0.0151622	0.0528944	0.0572948	0.0017693	0.0611405	0.484816	3.45227	5	0.9000192
1865000	-431.6205	-563.3904	131.7699	10	0.3597164	0.0320703	0.0666986	0.0297305	0.0553897	0.057827	0.000930908	0.00347769	0.0135945	0.00434034	0.0423528	0.0138853	0.0339976	0.0492578	0.355167	0.0334374	0.00477752	0.0107473	0.062536	0.0615566	0.0113574	0.151091	0.683733	3.15382	5	0.9317746
1866000	-424.5212	-562.659	138.1378	10	0.6060212	0.0180887	0.235287	0.0191812	0.029821	0.0121022	0.0026441	0.014021	0.00993647	0.00383097	0.0105591	0.0730129	0.153022	0.0863858	1.18168	0.0489993	0.156013	0.133695	0.0526636	0.0203338	0.0543523	0.315603	0.88436	2.74569	5	2.261277
1867000	-418.8532	-559.9361	141.0829	10	0.1512582	0.0121763	0.11807	0.00728909	0.0404525	0.0215173	0.00142884	0.0186343	0.000503863	0.0180325	0.0447282	0.00379707	0.0100471	0.0508267	0.379867	0.0562237	0.056796	0.0379272	0.00852958	0.0735237	5.73093e-05	0.0111815	0.245618	3.74314	5	0.9603708
1868000	-427.3578	-560.6648	133.307	10	0.4290644	0.0181795	0.169726	0.0513185	0.0468694	0.0229249	0.0125081	0.0877672	0.0436065	0.00688776	0.00415227	0.0750731	0.0384569	0.044899	0.738775	0.143667	0.00733457	0.125043	0.0396777	0.0966878	0.0211209	0.203114	0.760909	3.01486	5	1.773553
1869000	-417.7258	-553.4985	135.7727	10	0.2663419	0.024352	0.113909	0.0368558	0.0371114	0.0219951	0.00132613	0.0163471	0.00344379	0.00279378	0.0185661	0.0490246	0.114504	0.00313275	0.681629	0.126981	0.0267358	0.0514075	0.110448	0.0214593	0.00296242	0.0787199	0.534705	3.38361	5	1.462023
1870000	-419.2751	-553.8543	134.5792	10	0.7083819	0.0485163	0.126632	0.0140862	0.0481356	0.0155474	0.00729319	0.0323278	0.0164963	0.0130795	0.0118905	0.0662589	0.0984205	0.00822231	0.792267	0.114339	0.00815803	0.0273113	0.157443	0.070296	0.0759795	0.367458	0.927935	2.62863	5	1.676721
1871000	-410.1564	-557.0483	146.8919	10	0.3854401	0.0454591	0.0798628	0.0396268	0.0686051	0.0220873	0.00332219	0.00246721	0.00745178	0.00604147	0.00238232	0.0423479	0.128885	0.0369132	0.76821	0.0913187	0.0434756	0.0424149	0.0382322	0.0611464	0.0146712	0.170798	0.715032	3.0995	5	1.530251
1872000	-413.5238	-561.1134	147.5896	10	0.2790516	0.0484105	0.104281	0.00150263	0.0779306	0.00698083	0.0206936	0.00447306	2.13385e-05	0.0140542	0.0197971	0.0626747	0.104996	0.0254642	0.624035	0.113363	0.0283189	0.0309888	0.134479	0.00787534	0.00375021	0.0883328	0.558886	3.34903	5	1.430341
1873000	-410.5739	-557.8215	147.2477	10	0.3893566	0.0186791	0.0432052	0.0331092	0.0275896	0.00938822	0.0101309	0.0101605	0.0305173	0.00149232	0.0168183	0.0424432	0.0115804	0.0354196	0.588632	0.0841271	0.058616	0.0424079	0.100441	0.00535827	0.0152093	0.173761	0.719501	3.09153	5	1.170116
1874000	-423.4053	-555.9749	132.5696	10	0.8282	0.0366679	0.159782	0.0350763	0.0522128	0.0322764	0.00725974	0.00747861	0.0126153	0.00922572	0.0234689	0.0922305	0.0645054	0.0383169	0.561463	0.0125794	0.0716871	0.0725871	0.0798462	0.064978	0.101544	0.418244	0.964473	2.51574	5	1.434258
1875000	-423.5	-560.5571	137.0571	10	0.9501441	0.0275762	0.285571	0.000251308	0.0720961	0.0442594	0.0236302	0.0507413	0.00638697	0.021916	0.0320745	0.0542935	0.117969	0.0515538	0.811904	0.248394	0.0209016	0.175394	0.150979	0.0288268	0.126902	0.461236	0.991221	2.42064	5	2.224719
1876000	-408.7727	-555.976	147.2033	10	0.7154596	0.0127454	0.196571	0.0317491	0.0522252	0.0202838	0.00932334	0.0322841	0.00746031	0.00501359	0.0562574	0.036176	0.120851	0.0427803	0.427627	0.0224569	0.0158194	0.0548643	0.0787858	0.0783506	0.077493	0.370734	0.930465	2.62131	5	1.301624
1877000	-429.7786	-562.6337	132.855	10	0.2529517	0.000475173	0.081115	0.0497283	0.0294851	0.0350425	1.76829e-06	0.00199471	0.00273965	0.00461562	0.0127308	0.0473271	0.1486	0.080307	0.587729	0.0107739	0.0233293	0.016872	0.0429458	0.062932	0.00225219	0.0688298	0.507669	3.42125	5	1.238745
1878000	-427.2578	-564.6325	137.3747	10	1.04269	0.000124707	0.185202	0.04894	0.0197446	0.00841922	0.026092	0.00612031	0.0246554	0.00103933	0.0943953	0.00256928	0.0216422	0.0577197	0.478711	0.158634	0.151699	0.0985436	0.0652726	0.0722623	0.145392	0.489218	1.00673	2.35866	5	1.521786
1879000	-425.2866	-554.8991	129.6125	10	0.3032236	0.0123932	0.0848791	0.0020414	0.0511306	0.0346482	0.0175672	0.0070102	0.0061226	0.00494735	0.0195262	0.0478315	0.0036573	0.0438914	0.397926	0.116207	0.0584071	0.0797875	0.0684627	0.0162821	0.00556044	0.107005	0.601177	3.28626	5	1.072719
1880000	-422.5514	-560.938	138.3866	10	0.5849085	0.020595	0.126426	0.0357934	0.0704479	0.0421976	0.0139684	0.00240984	0.00600439	0.0163514	0.030521	0.102034	0.0113377	0.0236154	0.477297	0.0381523	0.131303	0.0931225	0.13397	0.0665182	0.0500111	0.303779	0.87342	2.77279	5	1.442065
1881000	-417.0273	-552.9892	135.9619	10	0.419341	0.0174588	0.131269	0.0242594	0.0667387	0.0248592	0.00324971	0.00585508	0.00256061	0.0189083	0.0697999	0.0254175	0.0353539	0.0933163	0.907275	0.0344951	0.0923974	0.127852	0.0424256	0.0775249	0.0196007	0.19605	0.751389	3.03296	5	1.801016
1882000	-425.8992	-562.6454	136.7462	10	0.3153638	0.0123702	0.0832833	0.00975142	0.0765904	0.00978042	0.00542549	0.0187941	0.00571044	0.00374553	0.00168567	0.0758527	0.129762	0.0567388	0.920183	0.0474901	0.031787	0.0578756	0.0792725	0.0251973	0.00662408	0.116488	0.620724	3.25616	5	1.651296
1883000	-407.9837	-551.1874	143.2038	10	0.6286338	0.0241841	0.108234	0.0325764	0.0674561	0.00834973	0.0230629	0.0134821	0.000326989	0.0174409	0.0197686	0.0549241	0.0494556	0.0662329	0.424354	0.00307672	0.0630797	0.0352475	0.145909	0.0579657	0.0590623	0.327819	0.895252	2.71787	5	1.215127
1884000	-420.7632	-561.5463	140.7831	10	0.2680663	0.0697297	0.0692588	0.0211789	0.051057	0.00342298	0.000348511	0.00736604	0.0250661	0.0121598	0.0292099	0.062451	0.0365762	0.0341137	0.534569	0.0228163	0.0766935	0.0228551	0.0163782	0.124185	0.00306275	0.0800128	0.538069	3.37886	5	1.219436
1885000	-441.356	-568.6491	127.2931	10	2.890609	0.0473642	0.259071	0.0744631	0.117789	0.0150634	0.00102305	0.0252454	0.00228343	0.00860934	0.0130938	0.0841114	0.0350074	0.0724732	0.972877	0.0662114	0.00874929	0.195381	0.0372231	0.127738	0.380618	0.725286	1.08192	1.81218	5	2.163778
1886000	-418.5623	-555.8342	137.2718	10	0.2484578	0.0489819	0.113995	0.050668	0.0877893	0.0180118	0.0101926	0.00375913	0.0228388	0.000340104	0.00587975	0.0317658	0.0615458	0.103568	0.954386	0.0699916	0.0095194	0.0366157	0.0490298	0.120972	0.00204066	0.0655785	0.498222	3.43416	5	1.799851
1887000	-413.834	-554.2308	140.3968	10	0.2018238	0.0392927	0.11327	0.0253527	0.0522121	0.0132238	0.00953549	0.00401658	0.00749321	0.000816092	0.00272	0.0619005	0.104796	0.0691788	0.584117	0.0770404	0.0478986	0.0228428	0.0743448	0.0191583	0.000565397	0.0348342	0.388401	3.5762	5	1.32921
1888000	-417.7175	-558.9431	141.2257	10	0.4338494	0.0118272	0.0865006	0.069328	0.0488542	0.00764072	0.00601258	0.0219683	0.00487654	0.0089207	0.0274804	0.0290061	0.116083	0.110791	0.725102	0.0223613	0.0741873	0.10512	0.0074508	0.00912258	0.0218852	0.206559	0.765457	3.0061	5	1.492634
1889000	-424.775	-555.2601	130.4851	10	0.2260144	0.0384612	0.0574771	0.0115498	0.0227829	0.0151831	0.0146724	0.0171792	0.000153082	0.00917185	0.0157315	0.034789	0.12575	0.0111549	0.697811	0.0407513	0.0630727	0.0316313	0.0802492	0.064087	0.00117569	0.0500014	0.448105	3.50072	5	1.351658
1890000	-409.9158	-554.0617	144.1458	10	0.4273413	0.0449562	0.0666124	0.0212974	0.0686611	0.0173337	0.0148846	0.00816673	0.01435	0.0140163	0.0021495	0.0582604	0.0599592	0.0248557	0.499141	0.0611738	0.0173121	0.0494184	0.0239342	0.0551889	0.0208483	0.201869	0.759249	3.01803	5	1.121671
1891000	-401.5496	-551.3919	149.8423	10	0.2354218	0.0328695	0.119567	0.0297516	0.0599051	0.00201648	0.00905142	0.000933943	0.00478652	0.00632256	0.0251042	0.0200792	0.00838081	0.00369581	0.758422	0.101053	0.0394234	0.0712504	0.0400779	0.0495466	0.00150053	0.0563829	0.469718	3.4724	5	1.382237
1892000	-415.558	-562.7442	147.1863	10	0.4148464	0.0253198	0.0926623	0.00492222	0.0915198	0.00770066	0.00282258	0.00045077	0.00176381	0.0144822	0.0414725	0.0199089	0.114026	0.0142653	0.492747	0.0603169	0.0383798	0.0466539	0.0844269	0.0151843	0.0189132	0.192757	0.746859	3.04147	5	1.169026
1893000	-421.1452	-564.165	143.0199	10	0.6613021	0.0444731	0.262825	0.0429051	0.137858	0.0419251	0.0205815	0.017698	0.0184831	0.0163671	0.0289516	0.0442527	0.11411	0.0599858	0.771022	0.0514874	0.0657677	0.00074643	0.0641759	0.0752793	0.0659494	0.344684	0.909638	2.67973	5	1.878894
1894000	-412.8537	-555.5658	142.7121	10	0.2146694	0.0304975	0.0912374	0.0509221	0.0344953	0.0175862	0.0058932	0.00881288	0.00724523	0.00433874	0.0176436	0.0913609	0.0770173	0.0746155	0.637449	0.020877	0.0278862	0.0102916	0.116749	0.0145055	0.000851395	0.0426437	0.420849	3.53566	5	1.339424
1895000	-417.152	-559.6028	142.4507	10	0.4316676	0.00361372	0.101437	0.00634201	0.0297125	0.0388817	0.0108696	0.0319089	0.0176583	0.0138447	0.0135144	0.0614367	0.116913	0.068584	0.528406	0.0444985	0.0632361	0.105568	0.119602	0.000852691	0.0215354	0.204991	0.763394	3.01008	5	1.376879
1896000	-436.2641	-561.7226	125.4586	10	0.7945508	0.0337465	0.0871126	0.0169453	0.0226881	0.0370165	0.00809509	0.00982153	0.00691634	0.00828018	0.00228948	0.13898	0.0484441	0.0807258	0.769528	0.0895664	0.0282736	0.100122	0.139311	0.0949833	0.0943987	0.404931	0.955433	2.54524	5	1.722845
1897000	-434.6109	-556.7778	122.1668	10	0.6029634	0.0125912	0.101357	0.0125565	0.0360913	0.027564	0.00911149	0.0136539	0.0157739	0.000197978	0.0122616	0.0759818	0.0414989	0.00597696	0.660149	0.169337	0.0809553	0.0521391	0.105952	0.112091	0.0537198	0.313915	0.882823	2.74954	5	1.545241
1898000	-418.9396	-559.7016	140.762	10	0.5054246	0.0421297	0.0627205	0.0271072	0.0834328	0.0157663	0.00201336	0.0191323	0.0196421	0.00770644	0.00308239	0.0634611	0.0806126	0.0302737	0.566294	0.168688	0.0659202	0.0728767	0.0541698	0.0044238	0.0343975	0.255442	0.824176	2.88598	5	1.389454
1899000	-421.6294	-566.2125	144.5831	10	1.93725	0.0152336	0.124058	0.0137188	0.0707631	0.011878	0.00813835	0.00156256	0.0176426	0.015402	0.030468	0.0610967	0.0553378	0.0440055	0.619678	0.0306926	0.051116	0.0275536	0.112567	0.0179835	0.285667	0.648171	1.06834	1.99782	5	1.328896
1900000	-414.5367	-557.8975	143.3607	10	0.9279517	0.00438523	0.194683	0.0453262	0.0624154	0.0439923	0.000682532	0.00917929	0.0102513	0.00605744	0.0423808	0.0143644	0.110093	0.0534244	0.448066	0.00770924	0.0810468	0.139585	0.106849	0.0617324	0.122363	0.453971	0.986955	2.43671	5	1.442224
1901000	-419.3828	-555.7023	136.3195	10	0.7136299	0.00631646	0.102804	0.0151684	0.0728564	0.0318673	0.00144573	0.022983	0.0105996	0.0195205	0.00458897	0.0498577	0.0554527	0.0169126	0.562359	0.152555	0.0652478	0.0208606	0.131989	0.0946295	0.0771017	0.369891	0.929816	2.62319	5	1.438015
1902000	-415.7366	-558.6393	142.9027	10	0.3597654	0.0463884	0.130363	0.0320739	0.0243014	0.00827416	0.0089854	0.0291048	0.0085493	0.00442963	0.0567869	0.0443187	0.0414493	0.0680904	0.67489	0.0920881	0.0849331	0.0600901	0.0296505	0.00263986	0.0113633	0.151129	0.683795	3.15371	5	1.447406
1903000	-409.7276	-553.8447	144.1172	10	0.2863167	0.028803	0.0856401	0.025818	0.0419608	0.00549473	0.0172723	0.0203098	0.0137001	0.00991117	0.00687297	0.0444191	0.0885539	0.0752206	0.458986	0.0469755	0.0108015	0.0330283	0.0794402	0.0539471	0.00425114	0.093902	0.572091	3.32976	5	1.147155
1904000	-410.335	-553.7292	143.3942	10	0.2806487	0.055215	0.117868	0.0165521	0.0356801	0.0221813	0.0106572	0.0041632	0.0148354	0.00823539	0.00856613	0.0260644	0.0256525	0.100093	0.547218	0.0644237	0.115181	0.137645	0.0631476	0.038863	0.00385715	0.0895531	0.561827	3.34476	5	1.412241
1905000	-427.9247	-554.7834	126.8587	10	0.3848363	0.00635259	0.12332	0.0256044	0.0589899	0.00213139	0.0241625	0.00452563	0.0153718	0.00911077	0.0158358	0.0556719	0.0715758	0.0258634	0.662397	0.0389489	0.167325	0.111674	0.0524167	0.0436995	0.014589	0.170341	0.714336	3.10073	5	1.514977
1906000	-425.0642	-556.8146	131.7504	10	0.6361628	0.000409164	0.120526	0.0469582	0.0706223	0.0280288	0.0104067	0.00665287	0.00882309	0.00707344	0.0271989	0.0429127	0.00508897	0.0187102	0.634924	0.110081	0.0911671	0.0424416	0.0661367	0.12695	0.060642	0.331787	0.898703	2.70887	5	1.465112
1907000	-419.7492	-561.3846	141.6354	10	0.6317702	0.0465954	0.1461	0.0466564	0.0919078	0.00197558	0.0157293	0.0152579	0.0278914	0.00630885	0.0131919	0.0638627	0.0158156	0.00571043	0.557069	0.10824	0.113159	0.0246865	0.0658788	0.0681726	0.0597198	0.329478	0.8967	2.7141	5	1.434209
1908000	-416.6295	-557.121	140.4915	10	0.2364984	0.0334599	0.148721	0.0503749	0.0690987	0.0278618	0.00157915	0.0291924	0.000497277	0.0094458	0.0101456	0.056208	0.0567213	0.0987052	0.56263	0.0309482	0.027959	0.061693	0.0021623	0.0114155	0.0015411	0.0571277	0.472135	3.4692	5	1.28882
1909000	-412.9702	-557.2276	144.2574	10	0.2203337	0.0213778	0.109292	0.0192334	0.0208007	0.0120458	0.00368877	0.0108346	0.00338434	0.0119355	0.00682969	0.0276027	0.118601	0.0332511	0.457239	0.0288424	0.074865	0.16333	0.00292534	0.0416301	0.00100443	0.0462676	0.434621	3.51811	5	1.16771
1910000	-427.0464	-556.7812	129.7348	10	0.690489	0.0561486	0.14724	0.0179502	0.112072	0.00364128	0.0112988	0.000134798	0.0136072	0.00282171	0.02103	0.0449403	0.0994684	0.00490644	0.81327	0.0265342	0.12107	0.0897906	0.103327	0.0208025	0.072158	0.359008	0.921292	2.64754	5	1.710055
1911000	-412.0976	-553.2296	141.132	10	0.2652502	0.0551905	0.141027	0.0538437	0.0277466	0.0158735	0.00342553	0.0091456	0.00353359	0.00273343	0.015746	0.0565412	0.000371055	0.0272804	0.524092	0.0433869	0.0747539	0.0807179	0.0317093	0.0716802	0.00289996	0.0779035	0.532562	3.38663	5	1.238798
1912000	-429.1263	-558.0773	128.951	10	0.4286572	0.0194314	0.130065	0.0308773	0.0214628	0.011371	0.00417059	0.0170686	0.019566	0.0139151	0.0570153	0.0149489	0.0620066	0.0377163	0.768568	0.136197	0.0526146	0.0337065	0.1292	0.0221826	0.0210564	0.20282	0.760518	3.01561	5	1.582084
1913000	-424.3885	-565.3128	140.9243	10	0.3336252	0.0106885	0.164183	0.0281966	0.0252012	0.0367929	0.0101246	0.0176883	0.00409025	0.0137395	0.0347992	0.0359467	0.084979	0.0509973	0.524039	0.080289	0.0507834	0.0558366	0.106215	0.0168439	0.0084151	0.130781	0.648182	3.21262	5	1.351433
1914000	-425.4824	-564.5776	139.0952	10	0.3824362	0.00524702	0.156141	0.0643022	0.0299301	0.0140482	0.0268322	0.0302879	0.0278931	0.00012868	0.0117548	0.0967983	0.0745249	0.110391	0.454687	0.0868596	0.093158	0.0201107	0.00293634	0.154862	0.0142642	0.168519	0.711553	3.10566	5	1.460893
1915000	-419.3713	-556.5304	137.159	10	0.4938168	0.0182209	0.0964966	0.0118089	0.0912484	0.00809489	0.000534328	0.0150054	0.0260599	0.00120788	0.0170175	0.024365	0.171863	0.0330972	0.670762	0.00595516	0.108642	0.021488	0.0804208	0.055856	0.0322475	0.24786	0.815717	2.90418	5	1.458144
1916000	-413.8609	-554.226	140.3651	10	1.239168	0.0371872	0.109455	0.0291309	0.122863	0.0423164	0.00987101	0.0145941	0.00252953	0.00759997	0.0122143	0.087918	0.0760586	0.14759	0.707774	0.100695	0.0675845	0.0474198	0.0450585	0.00808856	0.182079	0.538477	1.03057	2.24888	5	1.675949
1917000	-417.5412	-553.5591	136.018	10	0.2457075	0.0402021	0.0891736	0.00807424	0.0253547	0.0122492	0.00943765	0.00421467	0.0194211	0.00550847	0.0498219	0.0405188	0.0512158	0.0322997	0.76432	0.0721177	0.0641073	0.133344	0.0804635	0.0879035	0.0019177	0.063608	0.492346	3.44213	5	1.589748
1918000	-417.1057	-558.8262	141.7206	10	0.5282111	0.0179814	0.145546	0.0544625	0.0477202	0.0503235	0.0103996	0.0199601	0.0138476	0.0122435	0.0194243	0.047065	0.156801	0.0535276	0.559839	0.108191	0.0736263	0.00889875	0.0517905	0.0496257	0.0387282	0.269934	0.839758	2.85158	5	1.501274
1919000	-410.2732	-552.3613	142.0881	10	0.3879513	0.0331101	0.107113	0.025414	0.0474848	0.00752851	2.34729e-05	0.0365914	0.00209084	0.0108136	0.0125129	0.0565627	0.00731308	0.0684568	0.818696	0.0523688	0.00522441	0.0803074	0.0469296	0.0559852	0.0150152	0.1727	0.717906	3.09438	5	1.474526
1920000	-426.0484	-570.6115	144.5631	10	0.2566735	0.0354014	0.0798841	0.00832123	0.0116861	0.0210831	0.0520238	0.00821091	0.0132957	0.0232225	0.00486013	0.0478755	0.0202507	0.00551467	0.408048	0.0244802	0.167842	0.0937864	0.0573909	0.0772605	0.00243748	0.0715499	0.515349	3.41066	5	1.160438
1921000	-420.448	-554.501	134.053	10	0.2910154	0.0419001	0.171177	0.0163759	0.0427749	0.00135178	0.00664454	0.0131652	0.0116256	0.00518266	0.0367203	0.0222785	0.0542801	0.0597306	0.371049	0.0527725	0.0815711	0.0827769	0.0401001	0.00521081	0.00459485	0.0975264	0.580401	3.31748	5	1.116688
1922000	-416.3177	-555.4321	139.1144	10	0.6385902	0.0236603	0.0885965	0.03824	0.0644635	0.00635408	0.0220205	0.01245	0.00199589	0.00735203	0.0161953	0.0556728	0.15946	0.101454	0.581762	0.065551	0.0315824	0.0995314	0.0291509	0.0366199	0.0611524	0.333055	0.899798	2.70599	5	1.442113
1923000	-408.9493	-557.3888	148.4394	10	0.5287702	0.0166043	0.110486	0.0289391	0.0727102	0.0162694	0.0128302	0.0233338	0.00510597	0.0159463	0.00836395	0.0551588	0.102232	0.0961046	0.512422	0.0803248	0.0172528	0.0177065	0.0133559	0.0141765	0.0388361	0.270283	0.840124	2.85076	5	1.219323
1924000	-421.6314	-558.2015	136.5701	10	0.3373184	0.0206671	0.0687194	0.0365067	0.0577087	0.02628	0.00203204	0.00176968	0.00944114	0.00248284	0.00861439	0.0414603	0.0069463	0.0524025	0.625251	0.146758	0.0130914	0.0569236	0.118974	0.0321306	0.00880466	0.133668	0.653468	3.20406	5	1.32816
1925000	-434.1451	-566.7017	132.5566	10	1.110416	0.0789821	0.0752077	0.0279957	0.0504648	0.00390021	0.0204911	0.0202556	0.00073173	0.00398773	0.0446016	0.0336791	0.0208956	0.10871	0.610249	0.0761295	0.0912898	0.139711	0.0734487	0.00239741	0.158443	0.507598	1.01613	2.31783	5	1.483128
1926000	-416.882	-562.1504	145.2683	10	0.4198386	0.0146721	0.103569	0.0227807	0.0392774	0.0238914	0.0017124	0.0155058	0.00685647	0.000215458	0.0292796	0.0243026	0.0362542	0.0294695	0.427135	0.06689	0.00858883	0.0167123	0.0114836	0.0815469	0.0196774	0.196414	0.751886	3.03202	5	0.9601429
1927000	-419.1921	-556.2205	137.0285	10	0.5660039	0.116771	0.0917074	0.0255212	0.107205	0.0275701	0.0158387	0.0233187	0.00831799	0.0164893	0.00281799	0.0513877	0.0290582	0.0916671	0.692047	0.0567613	0.100901	0.0578066	0.136568	0.0963493	0.0461809	0.292838	0.862932	2.79805	5	1.748104
1928000	-430.2117	-572.4467	142.235	10	0.379214	0.0610886	0.0471308	0.0336823	0.0142252	0.000897052	0.0496426	0.0178206	0.00746669	0.006974	0.019869	0.0535807	0.0225663	0.0700317	0.342063	0.0256535	0.0562702	0.00477399	0.0234109	0.059032	0.0138334	0.166066	0.707771	3.11233	5	0.9161788
1929000	-403.1282	-554.1524	151.0242	10	0.5983446	0.0558	0.094153	0.0214049	0.0436042	0.0117729	0.0307423	0.00762157	0.00364887	0.0040612	0.00253487	0.0509059	0.0108376	0.130977	0.463436	0.0650549	0.0237671	0.0182391	0.0827262	0.0887017	0.0527668	0.311351	0.880472	2.75541	5	1.209989
1930000	-428.9666	-560.3805	131.4139	10	0.3694882	0.0105037	0.160604	0.0335244	0.0599073	0.00540903	0.0228239	0.0452198	0.0128653	0.000440055	0.0206312	0.0640219	0.0027069	0.0453874	0.525779	0.114503	0.180033	0.0640468	0.0147001	0.0511447	0.0125699	0.158624	0.696034	3.13277	5	1.434252
1931000	-426.5211	-557.5274	131.0063	10	0.6892387	0.0598581	0.061689	0.0358086	0.0262103	0.018024	0.000406829	0.0317906	0.0117985	0.0120631	0.0589943	0.0227089	0.079334	0.055586	0.73382	0.152833	0.0124874	0.0561283	0.0814414	0.0278562	0.0718913	0.358408	0.920814	2.64889	5	1.538838
1932000	-415.2362	-557.0121	141.7759	10	0.2772178	0.0402298	0.0749763	0.0285011	0.0589436	0.0178588	0.00164973	0.00618861	0.0111404	0.000767412	0.0076683	0.0285072	0.00841571	0.162065	0.729416	0.0496307	0.134497	0.0337217	0.160927	0.00403852	0.00362961	0.0869347	0.555483	3.35395	5	1.559143
1933000	-430.6569	-557.8478	127.1909	10	0.1870749	0.00525044	0.132998	0.0241903	0.0382323	0.0433514	0.0126907	0.0133513	0.0135063	0.00439912	0.00887985	0.0453963	0.0901518	0.0168194	0.968385	0.0601302	0.0347597	0.0427046	0.089977	0.0127322	0.000329641	0.0266676	0.349092	3.62391	5	1.657907
1934000	-416.9591	-554.5566	137.5975	10	0.7112827	0.00895563	0.148861	0.0208748	0.0106458	0.000593189	0.00070773	0.0264705	0.0227382	0.00987889	0.0133867	0.0679088	0.116313	0.0412214	1.12077	0.146358	0.126212	0.0335349	0.0633395	0.102531	0.0765997	0.368805	0.928979	2.62562	5	2.081297
1935000	-424.2583	-557.0644	132.8061	10	0.4139707	0.00709077	0.0964207	0.0467141	0.063021	0.0323344	0.00340464	0.023322	0.00607036	0.00471088	0.0566463	0.0134507	0.0712712	0.0335599	0.733613	0.0866566	0.0300767	0.0188429	0.00073925	0.154056	0.0187804	0.192113	0.745966	3.04314	5	1.482002
1936000	-430.397	-561.676	131.2789	10	0.3807033	0.0328707	0.123242	0.0206102	0.0356315	0.0068264	0.0203376	0.0357438	0.0111451	0.00980484	0.0372469	0.0172268	0.062942	0.0782276	0.845671	0.185475	0.0165972	0.222893	0.0784243	0.0853128	0.0140318	0.167201	0.709525	3.10924	5	1.926229
1937000	-414.7141	-555.8053	141.0912	10	0.3752619	0.0366547	0.101329	0.0112078	0.0656654	0.00364745	0.0216626	0.000418321	0.00425301	0.0107001	0.0202877	0.0424318	0.014265	0.0876312	0.392776	0.0697879	0.0203462	0.0581085	0.0238663	0.110658	0.0133133	0.163049	0.703061	3.12058	5	1.095698
1938000	-416.9608	-552.7055	135.7447	10	0.258604	0.0241566	0.0739777	0.00187245	0.0656071	0.0128059	0.000497978	0.0121164	0.00938058	0.000329116	0.0077061	0.0491578	0.00778392	0.0990488	0.775901	0.0411059	0.0629287	0.0856358	0.0186801	0.088494	0.00253724	0.0729701	0.519282	3.40521	5	1.437186
1939000	-426.3855	-564.6205	138.235	10	0.5733625	0.038712	0.0902145	0.034497	0.0308475	0.0453415	0.00568527	0.0524069	0.00307037	0.0026981	0.0392418	0.0279789	0.136362	0.0361264	0.48552	0.0225786	0.0585161	0.130938	0.0541934	0.111185	0.0476647	0.297137	0.867096	2.7881	5	1.406113
1940000	-420.8609	-558.483	137.6221	10	0.3007802	0.0276638	0.0689613	0.0264004	0.0591437	0.0186565	0.0393081	0.00587883	0.00270007	0.0307906	0.00272735	0.0703913	0.0496378	0.0637192	0.908546	0.0622292	0.0227724	0.0514145	0.0777865	0.0145123	0.00535881	0.105102	0.597111	3.29243	5	1.60324
1941000	-431.0332	-564.5148	133.4816	10	1.50691	0.0142231	0.140613	0.0103168	0.175378	0.0443486	0.00526704	0.00471351	0.0133547	0.00420331	0.0195382	0.0921502	0.0128906	0.164697	0.640272	0.121151	0.165036	0.0607364	0.115537	0.0211878	0.226388	0.589702	1.05082	2.13308	5	1.825613
1942000	-431.3289	-564.3275	132.9986	10	1.585099	0.0862616	0.0750788	0.0168296	0.0692871	0.0218353	0.0120522	0.0409451	0.0101139	0.00332706	0.0196345	0.0323747	0.0711956	0.103854	0.495436	0.186338	0.0600492	0.0364994	0.149944	0.1208	0.238174	0.602134	1.05505	2.10464	5	1.611856
1943000	-426.656	-553.7189	127.0629	10	0.7101211	0.0307482	0.134176	0.00833738	0.0659305	0.0316172	0.0038891	0.03596	0.0216651	0.0134499	0.00559085	0.0509476	0.168075	0.102192	0.630804	0.034508	0.0788954	0.0347634	0.0501942	0.0609874	0.0763513	0.368267	0.928562	2.62682	5	1.562731
1944000	-421.808	-556.8745	135.0665	10	0.3077931	0.0408958	0.0915305	0.0393733	0.0576044	0.00529206	0.0295085	0.0028053	0.00583961	0.0150664	0.0171391	0.0259358	0.0547697	0.0253287	0.363926	0.111304	0.0376112	0.015628	0.0412096	0.0113642	0.00594874	0.11057	0.608661	3.27482	5	0.992132
1945000	-429.1858	-560.1117	130.9258	10	0.9504223	0.0181601	0.147244	0.017697	0.0324007	0.0204709	0.0029318	0.0265216	0.00376593	0.0174234	0.0133051	0.0457045	0.1061	0.0492306	0.403149	0.112371	0.0574068	0.079698	0.152892	0.125039	0.126959	0.461325	0.991274	2.42044	5	1.431512
1946000	-426.5385	-565.1701	138.6315	10	0.7925056	0.0370489	0.0803922	0.0240536	0.0464571	0.0264916	0.0391275	0.0252853	0.00973107	0.0051337	0.00461083	0.0268836	0.0256337	0.0183475	0.49337	0.0341711	0.0833355	0.0197966	0.129686	0.0758704	0.093963	0.404099	0.954856	2.54708	5	1.205426
1947000	-433.1556	-562.0069	128.8513	10	0.638274	0.0099967	0.101828	0.0247944	0.0361046	0.0216125	0.0412064	0.0181693	0.0258378	0.00536385	0.0788114	0.0133264	0.0113361	0.0172585	0.557005	0.0282085	0.147055	0.160038	0.0556782	0.0353785	0.0610859	0.33289	0.899656	2.70637	5	1.389009
1948000	-408.7664	-554.0862	145.3198	10	0.2357208	0.0036366	0.0554671	0.0455515	0.0146352	0.0133684	0.00651321	8.34727e-05	0.00187744	0.00539002	0.00364131	0.0252317	0.0494106	0.0341006	0.532435	0.0445603	0.0576415	0.0439139	0.0744284	0.0202978	0.00151172	0.0565895	0.47039	3.47151	5	1.032184
1949000	-405.8868	-553.8648	147.978	10	0.3202624	0.00816292	0.0788576	0.0287359	0.0402574	0.00949129	0.00864189	0.00375624	0.00224444	0.00563792	0.00737945	0.042499	0.0554164	0.0685672	0.400324	0.013253	0.0618323	0.0509852	0.0430316	0.00278521	0.0070822	0.120322	0.628313	3.24428	5	0.9318594
1950000	-413.0349	-559.9374	146.9025	10	0.3710484	0.0143285	0.0749717	0.0104495	0.0442361	0.0166865	0.00987344	0.00805814	0.00524166	0.000311476	0.0440339	0.0590004	0.0287503	0.078349	0.534828	0.0490211	0.0176166	0.0224671	0.194856	0.108847	0.0127688	0.159821	0.69795	3.12946	5	1.321927
1951000	-418.5836	-556.6001	138.0165	10	0.4049038	0.0440857	0.106702	0.0263904	0.0507043	0.00780477	0.0230649	0.0160962	0.00874939	0.00340021	0.00956177	0.064324	0.00342245	0.0381077	0.336906	0.0773824	0.0912026	0.0370457	0.0197175	0.0765364	0.0174282	0.18541	0.736533	3.06063	5	1.041204
1952000	-415.2242	-552.0104	136.7863	10	0.2828651	0.0367578	0.139449	0.0170311	0.0616388	0.00383653	0.00841525	0.0306967	0.0094269	0.00777018	0.0399532	0.0354131	0.15424	0.0626843	0.854877	0.00738678	0.0781027	0.0377522	0.0647145	0.0310897	0.00400853	0.0912504	0.565872	3.33887	5	1.681236
1953000	-424.1809	-554.228	130.0471	10	0.7367755	0.0344037	0.141912	0.0234513	0.0495453	0.0237824	0.00018263	0.00269648	0.0112898	0.027163	0.0265343	0.0782664	0.159287	0.0305822	0.830389	0.137171	0.0289969	0.0429635	0.114353	0.0203958	0.0820545	0.380377	0.93777	2.5998	5	1.783367
1954000	-418.8552	-557.2351	138.3799	10	0.2440376	0.0449741	0.109317	0.0375183	0.048553	0.00267813	0.0244253	0.0228329	0.00804699	0.007465	0.0252914	0.0287985	0.114828	0.0998214	0.633647	0.0785686	0.074457	0.0724614	0.00958215	0.0238545	0.00184543	0.0624191	0.488742	3.44699	5	1.467121
1955000	-423.3934	-555.1491	131.7557	10	0.2604879	0.0420671	0.0738829	0.0425428	0.0644212	0.00791859	0.00447645	0.0567686	0.00368681	0.0140438	0.0604725	0.0139997	0.0511061	0.14416	0.82255	0.0519273	0.0573806	0.0077333	0.00144015	0.0787704	0.00263701	0.0743618	0.523087	3.39991	5	1.599348
1956000	-419.2005	-557.2337	138.0332	10	0.4992563	0.00401818	0.111078	0.00952502	0.0401955	0.0256751	0.015146	0.0059952	0.0120051	0.0154677	0.0328102	0.0281358	0.0389422	0.024866	0.600203	0.0254219	0.0917203	0.1829	0.0206304	0.109614	0.03325	0.25143	0.819727	2.89559	5	1.394349
1957000	-421.849	-559.1463	137.2973	10	0.2912436	0.0157379	0.111792	0.017936	0.0591136	0.0217987	0.00902833	0.0180987	0.00399298	0.0086363	0.0624893	0.0623389	0.053966	0.127651	0.688321	0.0257102	0.0032381	0.0132796	0.0798843	0.0299887	0.00461194	0.0977028	0.5808	3.31689	5	1.413001
1958000	-426.0877	-557.1731	131.0854	10	0.2768437	0.0782339	0.0694411	0.0209464	0.0723849	0.00215901	0.0128498	0.0026877	0.00448265	0.0116678	0.026334	0.036445	0.0853344	0.0662345	0.700732	0.0665963	0.0396464	0.0401799	0.00931567	0.00208865	0.0036053	0.08665	0.554786	3.35496	5	1.34776
1959000	-416.324	-553.782	137.458	10	0.1930297	0.0385182	0.0428117	0.025076	0.0326826	0.0138677	0.0207853	0.00133058	0.00623074	0.0019457	0.0382221	0.0219852	0.0417637	0.0545873	0.51243	0.0378326	0.0171778	0.0210499	0.0516138	0.0347103	0.000413967	0.0298536	0.365222	3.60451	5	1.014622
1960000	-417.9618	-555.9434	137.9816	10	0.307984	0.0243243	0.110069	0.0321598	0.030094	0.0193957	0.0138893	0.000959941	0.0123946	0.0078827	0.0278364	0.0616753	0.00660626	0.063662	0.629924	0.0482918	0.115831	0.0437516	0.0210695	0.0595844	0.00596528	0.110719	0.60897	3.27435	5	1.329401
1961000	-420.4853	-562.3405	141.8552	10	0.648475	0.0295671	0.163184	0.0150665	0.0671586	0.0223447	0.00397389	0.0449933	0.00360495	0.0185721	0.0143074	0.0575597	0.0665351	0.01259	0.564518	0.0682688	0.123689	0.0774659	0.0904594	0.0306312	0.0632356	0.33817	0.904169	2.69443	5	1.47449
1962000	-412.2721	-549.8513	137.5791	10	0.2942927	0.0280012	0.0880632	0.00849844	0.0756563	0.0274755	0.012488	0.00269962	0.00360144	0.00801542	0.00610696	0.0503238	0.13693	0.0182171	0.75482	0.103879	0.0251636	0.00647155	0.060728	0.0167222	0.00484378	0.100063	0.586092	3.309	5	1.433862
1963000	-416.4194	-562.1687	145.7494	10	0.4570972	0.03351	0.0696211	0.0327652	0.0614693	0.017972	0.029742	0.024722	0.0240266	0.0106768	0.0101936	0.0624337	0.150985	0.0021402	0.696068	0.0962504	0.0323076	0.00899132	0.0389017	0.0732348	0.025739	0.222988	0.786354	2.96492	5	1.476012
1964000	-428.9028	-557.9298	129.0269	10	0.2333616	0.0521976	0.0796479	0.00433135	0.0639605	0.0218812	0.0192558	0.019317	0.0062028	0.00240312	0.0137124	0.0742273	0.131558	0.0526702	0.938912	0.0210199	0.00305049	0.0845414	0.00517091	0.0431656	0.00142486	0.0549656	0.46506	3.47855	5	1.637225
1965000	-420.1371	-560.753	140.6159	10	0.4474448	0.0444809	0.0754308	0.0324184	0.0450566	0.0107974	0.00752629	0.0170971	0.0154508	0.0098606	0.00309135	0.0338281	0.0646736	0.0742361	0.647563	0.0466965	0.0177844	0.120017	0.0379	0.005882	0.0241115	0.216229	0.777912	2.98175	5	1.309791
1966000	-423.1311	-556.8702	133.7391	10	0.4848973	0.0384008	0.185055	0.0325972	0.100899	0.00542098	0.0021105	0.0127359	0.0358818	0.0124871	0.0361816	0.0242864	0.0941167	0.117923	1.16704	0.0706849	0.0296053	0.0719184	0.0243039	0.0316743	0.0306238	0.241942	0.80896	2.91847	5	2.093326
1967000	-421.997	-554.0177	132.0207	10	0.6978076	0.0519673	0.159702	0.0110962	0.0577687	0.0206338	0.012457	0.00866968	0.0130571	0.00599973	0.0191134	0.0619643	0.0427556	0.0659335	0.657444	0.111966	0.0613149	0.0315184	0.0614165	0.0330743	0.07372	0.362494	0.924053	2.63973	5	1.487852
1968000	-423.4821	-554.778	131.2959	10	0.642387	0.0463422	0.0782312	0.0131336	0.107435	0.00246109	0.00637888	0.0176881	0.00370009	0.00326826	0.0703572	0.0197277	0.13881	0.0462046	0.926293	0.0118777	0.147562	0.0818379	0.105425	0.027169	0.0619517	0.33503	0.901493	2.70153	5	1.853903
1969000	-426.791	-561.7141	134.923	10	0.6347362	0.100254	0.167437	0.0185895	0.0820953	0.0335712	0.0254647	0.010057	0.00567824	0.00638151	0.00642756	0.0930069	0.0346129	0.010519	0.589216	0.11354	0.0299531	0.0596593	0.104265	0.0595504	0.0603423	0.331039	0.898056	2.71056	5	1.550279
1970000	-422.0319	-554.0738	132.0419	10	0.2778974	0.00653805	0.125216	0.0353133	0.0310585	0.0242174	0.0180331	0.00126498	0.00809533	0.00828154	0.00997371	0.0417473	0.050472	0.00504663	0.512913	0.0135227	0.0188209	0.0737434	0.0462789	0.0905897	0.00367403	0.0874525	0.556748	3.35213	5	1.121127
1971000	-428.2235	-558.8509	130.6275	10	0.3550125	0.0103096	0.0811015	0.0301031	0.0675218	0.00132556	0.00485631	0.0128485	0.00785342	0.0144033	0.0503285	0.11226	0.0724966	0.062848	0.562531	0.131849	0.0880205	0.0499588	0.0748829	0.0417818	0.0107948	0.147448	0.677622	3.16414	5	1.47728
1972000	-432.2104	-557.9397	125.7293	10	0.4213254	0.0114703	0.0729719	0.00649756	0.072989	0.0016914	0.0272584	0.00212109	0.0156297	0.0152279	0.0117178	0.0971769	0.0912902	0.0619715	0.545752	0.104573	0.0298744	0.00374276	0.0531205	0.0282476	0.0199073	0.197499	0.753363	3.02923	5	1.253325
1973000	-416.4502	-556.2894	139.8392	10	0.4580444	0.0143673	0.121086	0.0425727	0.0524626	0.0297135	0.0267946	0.0106116	0.00303663	0.00952419	0.00951711	0.0413212	0.030096	0.0657374	0.766931	0.0047155	0.0843674	0.101395	0.0627982	0.0220657	0.0259007	0.223646	0.787165	2.96329	5	1.499113
1974000	-415.6253	-560.8302	145.2049	10	0.2536106	0.00555272	0.041617	0.0204371	0.100082	0.00216468	0.000867081	0.0435631	0.0151269	0.000910953	0.0149921	0.0645751	0.00829292	0.0269407	0.596076	0.0561956	0.0741662	0.0935517	0.089678	0.072904	0.00228432	0.0693096	0.509038	3.41937	5	1.327694
1975000	-427.1069	-562.4156	135.3088	10	0.4868585	0.0293216	0.0897958	0.00174223	0.0716223	0.0100911	0.0223435	0.00316765	0.0101692	0.00291698	0.000415112	0.0894238	0.0704743	0.00766023	0.606297	0.157003	0.133301	0.0300495	0.0442558	0.0623401	0.0309786	0.24325	0.810466	2.91531	5	1.44239
1976000	-422.8827	-557.2946	134.4119	10	0.4766516	0.034941	0.0579736	0.0345931	0.03465	0.0255882	0.00074318	0.0165348	0.0141209	0.00567232	0.0564822	0.0334148	0.0539605	0.123774	0.745754	0.0482211	0.084438	0.0997511	0.0174932	0.0645887	0.0291462	0.2364	0.802507	2.93195	5	1.552695
1977000	-437.1611	-564.2507	127.0896	10	0.4227208	0.016083	0.090736	0.0395802	0.0673246	0.00849808	0.00996402	0.078419	0.00758457	0.00440993	0.0236518	0.0807005	0.136486	0.0798847	0.641809	0.0370336	0.077078	0.0654302	0.0296502	0.0201431	0.0201241	0.198515	0.754741	3.02662	5	1.514467
1978000	-419.9809	-553.4174	133.4365	10	0.1598169	0.0209028	0.0669059	0.00897002	0.0288574	0.0237777	0.00484377	0.0181538	0.00104994	0.00149568	0.0114613	0.0257851	0.0634524	0.00291801	0.63934	0.0835995	0.0647863	0.0233652	0.0388226	0.00951325	9.35048e-05	0.014265	0.271197	3.71444	5	1.138
1979000	-410.7751	-553.3012	142.5261	10	0.288189	0.0289803	0.092681	0.0323221	0.0263377	0.0059719	0.000723871	0.00402963	0.0045133	0.00804876	0.00441334	0.0465287	0.0432307	0.0178355	0.343356	0.0161927	0.0659839	0.0680827	0.06342	0.0336291	0.00438624	0.0953443	0.575424	3.32485	5	0.906281
1980000	-416.2969	-559.7052	143.4083	10	0.5013452	0.0312663	0.123214	0.0264737	0.0770392	0.0126256	0.00127878	0.00342194	0.00369539	0.0117848	0.0281969	0.127177	0.0385572	0.0219378	0.835954	0.0533881	0.150007	0.109149	0.0651836	0.0020647	0.0336373	0.252793	0.821245	2.89232	5	1.722414
1981000	-419.2205	-560.538	141.3175	10	0.981896	0.0257483	0.0773985	0.0163426	0.083415	0.0096875	0.0257644	0.0101705	0.0219766	0.00644781	0.0228859	0.0263838	0.00761269	0.0308882	0.512579	0.0620605	0.0811689	0.0289446	0.171238	0.12104	0.133328	0.471242	0.996934	2.3985	5	1.341753
1982000	-420.9653	-558.8007	137.8354	10	0.2782886	0.0966282	0.0782908	0.0048848	0.0316168	0.0035242	0.00464043	0.00668834	0.00183087	0.00171013	0.00523233	0.0581895	0.0551142	0.0473608	1.12146	0.0889731	0.0416727	0.0970221	0.0162246	0.0547534	0.00369975	0.0877507	0.557474	3.35108	5	1.815817
1983000	-426.4059	-559.9977	133.5918	10	0.4586583	0.00693404	0.130812	0.0159299	0.115843	0.00817494	0.00294697	0.00639714	0.00030835	0.0410905	0.0389776	0.00813874	0.0193727	0.0822423	0.540582	0.0448209	0.0189586	0.0740202	0.00785607	0.0784856	0.0260057	0.224073	0.787689	2.96223	5	1.241891
1984000	-428.9369	-559.7463	130.8094	10	0.4887364	0.00183918	0.102548	0.0233047	0.0892829	0.0193404	0.0254743	0.0633552	0.0175194	0.00586207	0.00323957	0.0465316	0.0861351	0.163927	1.23678	0.0457611	0.0124242	0.0132152	0.0127909	0.144806	0.0313196	0.244499	0.811897	2.91228	5	2.114138
1985000	-415.7563	-558.202	142.4457	10	0.3776123	0.0334062	0.0806575	0.00626069	0.0407935	0.0122563	0.00408568	0.0192046	0.00514271	0.0120018	0.00260496	0.0327384	0.0901381	0.0205181	0.403919	0.0628271	0.115713	0.0737265	0.0605452	0.0583072	0.0136215	0.164845	0.705872	3.11566	5	1.134847
1986000	-424.1617	-555.6198	131.4581	10	0.8013665	0.0802588	0.118181	0.0555886	0.0673623	0.0233489	0.00612454	0.0128447	0.0128548	0.0189389	0.0289622	0.0745346	0.0421357	0.0520245	0.591717	0.0286254	0.0827542	0.0398285	0.0681649	0.00497333	0.0958495	0.407684	0.957333	2.53913	5	1.409223
1987000	-421.6234	-560.7306	139.1072	10	0.6623277	0.0434729	0.0743911	0.0268646	0.0340072	0.00706829	0.00216206	0.03386	0.00692786	0.00256134	0.021007	0.086131	0.059356	0.0551198	0.464416	0.0686349	0.0289039	0.0116279	0.0196751	0.10674	0.0661669	0.345199	0.910066	2.67857	5	1.152926
1988000	-437.7254	-556.6539	118.9285	10	0.7655536	0.029368	0.152266	0.0143881	0.048255	0.0209824	0.0309407	0.0143925	0.00726171	0.00386216	0.121535	0.00711419	0.0860742	0.134119	0.940314	0.0263949	0.0072366	0.131436	0.0489548	0.115406	0.0882108	0.392887	0.946933	2.57197	5	1.940302
1989000	-414.036	-553.7723	139.7363	10	0.2748898	0.00482755	0.110286	0.00967241	0.0522214	0.0133415	0.00146863	0.0142418	0.00907028	0.00395479	0.0418898	0.0436087	0.0938568	0.022137	0.759883	0.0498933	0.00371524	0.0724693	0.163139	0.0865683	0.00347989	0.0851649	0.551122	3.36023	5	1.556245
1990000	-429.0538	-556.5856	127.5318	10	0.579269	0.0320852	0.139926	0.0405867	0.0551067	0.00971924	0.00185347	0.00401244	0.00627937	0.00448178	0.051877	0.0349853	0.0126555	0.0788088	0.65452	0.079368	0.0375552	0.0884458	0.139861	0.0305627	0.0488624	0.30055	0.870362	2.78022	5	1.502689
1991000	-410.9548	-555.455	144.5001	10	0.7264744	0.00960149	0.109121	0.0294429	0.0710583	0.0210983	0.0185427	0.00559439	0.00787431	0.0011394	0.000474823	0.0539495	0.0395009	0.0622297	0.516274	0.071636	0.0967809	0.0281039	0.0279209	0.0945285	0.0798498	0.375758	0.934297	2.61009	5	1.264872
1992000	-437.3879	-562.7876	125.3997	10	0.7118869	0.0708948	0.0817628	0.0124041	0.0404942	0.0583603	0.029412	0.0713584	0.00165516	0.00936929	0.0120064	0.0970632	0.110323	0.0458085	1.0501	0.168588	0.0123637	0.0555895	0.0547053	0.026582	0.0767289	0.369085	0.929195	2.62499	5	2.008841
1993000	-419.1808	-553.5455	134.3646	10	0.5862706	0.0175161	0.0931921	0.0348098	0.0679809	0.0206135	0.00320179	0.0109914	0.00534241	0.0249423	0.00908962	0.0589484	0.129624	0.0390758	1.03166	0.031127	0.0312183	0.0544149	0.110507	0.0563489	0.0502892	0.304554	0.87415	2.77101	5	1.830608
1994000	-416.8234	-553.1523	136.3289	10	0.3757674	0.0134499	0.0820388	0.0232607	0.0232411	0.018822	0.00297067	0.0195372	0.00720937	0.000368041	0.0165532	0.0357306	0.104279	0.0165619	0.699453	0.0754173	0.108098	0.0108925	0.0534172	0.0744846	0.0133793	0.163436	0.703668	3.11952	5	1.385785
1995000	-410.1947	-560.0902	149.8955	10	0.3885434	0.0499301	0.0704197	0.0505547	0.0606979	0.000979302	0.0114738	0.0211369	0.015945	0.00063647	0.0208897	0.0723941	0.0488741	0.00238633	0.402997	0.0667968	0.0111346	0.0198772	0.0778171	0.0398663	0.0150969	0.173147	0.718579	3.09318	5	1.044807
1996000	-404.962	-552.6162	147.6542	10	0.4280617	0.0221494	0.110118	0.0259768	0.0448044	0.0184267	0.0132602	0.000504359	0.00398768	0.00676734	0.0483001	0.084592	0.0652567	0.0204748	0.603136	0.0436837	0.0477808	0.145373	0.0872767	0.124746	0.0209621	0.20239	0.759945	3.0167	5	1.516615
1997000	-419.9207	-557.3097	137.389	10	0.326952	0.0320049	0.0810234	0.0246071	0.0556226	0.00733474	0.00445111	0.0165953	0.00298599	0.00120744	0.0357253	0.0366711	0.147543	0.00952601	0.449639	0.00456117	0.0167334	0.16609	0.047237	0.0878706	0.00773434	0.125559	0.638409	3.2283	5	1.22743
1998000	-422.0997	-554.2147	132.115	10	0.2786198	0.00950836	0.0748709	0.0115611	0.0695024	0.00303675	0.0029916	0.0069436	0.00262149	0.0110972	0.0715668	0.00159274	0.0629958	0.0072995	0.421054	0.0701	0.03115	0.0937531	0.0317556	0.0177406	0.0037216	0.0880033	0.558088	3.35019	5	1.001141
1999000	-418.8637	-564.0312	145.1675	10	0.607779	0.0415157	0.105846	0.0105355	0.0546901	0.00795879	0.0169612	0.0161382	0.0257126	0.0232539	0.0302012	0.00934251	0.0377056	0.0313511	0.463593	0.0791248	0.0547113	0.0643695	0.124093	0.0261268	0.0547164	0.316569	0.885236	2.74348	5	1.22323
2000000	-422.423	-558.7354	136.3124	10	0.8198737	0.0492377	0.183634	0.0243808	0.0283671	0.0176385	0.0437047	0.0117469	0.0196428	0.00940306	0.0156855	0.0473558	0.0677099	0.024336	0.723209	0.0537636	0.0789379	0.0644689	0.109019	0.0913998	0.0997801	0.415014	0.962313	2.52289	5	1.663641
2001000	-432.3631	-554.2587	121.8957	10	0.7847502	0.00364605	0.134771	0.0378678	0.0435521	0.00660307	0.0209217	0.00306664	0.00582026	0.00611017	0.0253003	0.0477972	0.0130874	0.116596	0.6567	0.0163871	0.202215	0.0515261	0.143865	0.127475	0.0923098	0.400921	0.952638	2.55413	5	1.663308
2002000	-425.8242	-562.1676	136.3434	10	0.4305178	0.0398345	0.078248	0.033279	0.0673092	0.0226811	0.0154542	0.0313465	0.0461196	0.00345416	0.0402991	0.0177534	0.0524689	0.139716	0.841381	0.0441839	0.0017569	0.0174097	0.0301315	0.0645383	0.021352	0.204163	0.7623	3.01219	5	1.587365
2003000	-430.1461	-555.4903	125.3442	10	0.347607	0.0155427	0.169181	0.0437702	0.0360054	0.0101768	0.00903091	0.00403068	0.0105507	0.00843702	0.0518192	0.0462216	0.138948	0.12218	1.02586	0.0256446	0.261085	0.00558082	0.00642164	0.0333794	0.00993725	0.141693	0.667742	3.18063	5	2.023865
2004000	-423.0083	-552.7865	129.7782	10	0.2304018	0.00695052	0.0508803	0.02365	0.0401765	0.00683788	0.00443908	0.00218773	0.0121361	0.00316	0.00251409	0.046223	0.0288619	0.000606178	0.682388	0.0507327	0.0725002	0.0319823	0.0344668	0.0419647	0.00132064	0.0529484	0.458295	3.48744	5	1.142658
2005000	-424.2177	-554.4971	130.2795	10	0.4366595	0.000647552	0.120665	0.0140971	0.0156751	0.0109649	0.000657182	0.101767	0.00228801	0.00947669	0.0171552	0.0697556	0.0509048	0.0211229	0.667605	0.0630012	0.131605	0.0508924	0.0400507	0.105777	0.0223387	0.208572	0.768088	3.001	5	1.494108
2006000	-413.621	-556.4868	142.8658	10	0.3137112	0.0299624	0.0561575	0.0297549	0.0410934	0.0277506	0.000209455	0.0291385	0.0107314	0.00152906	0.0121241	0.0460228	0.0444141	0.0701833	0.524875	0.0173127	0.0341723	0.019894	0.153571	0.0784975	0.00647327	0.115195	0.618126	3.26021	5	1.227394
2007000	-417.0079	-555.2271	138.2192	10	0.3439815	0.00975943	0.0717639	0.0156358	0.0642641	0.0240567	0.00927144	0.00407967	0.0100663	0.00722808	0.0173828	0.0479232	0.0380154	0.039932	0.479111	0.0697363	0.173399	0.0202553	0.0041701	0.0770526	0.00953027	0.138869	0.662786	3.18881	5	1.183103
2008000	-417.3997	-558.5661	141.1664	10	0.6475077	0.0281771	0.151623	0.023435	0.0600918	0.0401847	0.0128283	0.0117432	0.00193236	0.0160689	0.00152618	0.0299694	0.0480609	0.0637955	0.906337	0.0128014	0.0414636	0.0823245	0.0199953	0.0414066	0.0630315	0.337673	0.903747	2.69555	5	1.593765
2009000	-413.7133	-560.0377	146.3244	10	0.4611969	0.0241377	0.0655575	0.0359423	0.0883586	0.0129077	0.0210936	0.0153152	0.0180202	0.00545003	0.0176067	0.0539591	0.0825324	0.083399	0.541426	0.0296497	0.00657044	0.109362	0.0446821	0.0479774	0.0264415	0.225831	0.789843	2.95788	5	1.303947
2010000	-411.5445	-549.657	138.1125	10	0.2483607	0.018578	0.0849836	0.0213839	0.0344295	0.0159953	0.0102461	0.00135903	0.0054636	0.00597787	0.00659858	0.0523473	0.0148476	0.0493987	0.555129	0.0552721	0.0991205	0.045744	0.0166976	0.0307967	0.00203624	0.0655087	0.498016	3.43444	5	1.124369
2011000	-423.1019	-554.0233	130.9214	10	0.4313017	0.0579975	0.211886	0.0448524	0.0427168	0.01475	0.0159101	0.00792005	0.0107047	0.00187752	0.00215607	0.0443185	0.075098	0.0491962	0.877848	0.104441	0.115037	0.0463623	0.0215371	0.000791961	0.021477	0.204727	0.763047	3.01075	5	1.745401
2012000	-418.2793	-554.9134	136.6342	10	0.6304547	0.00759538	0.126665	0.0257254	0.104152	0.00396925	0.000900074	0.0120109	0.00987471	0.00529878	0.0237438	0.0501367	0.0239555	0.0310177	0.645121	0.0402774	0.0172133	0.0183654	0.0786801	0.0862465	0.0594439	0.328783	0.896095	2.71568	5	1.310949
2013000	-419.7459	-562.5721	142.8262	10	0.3119663	0.0236488	0.0673574	0.0285689	0.0781127	0.0204733	0.0551795	0.0112502	0.000820652	0.0105979	0.0401234	0.029854	0.0488757	0.0618058	0.550267	0.0995543	0.0011907	0.038505	0.000895086	0.0603895	0.00631609	0.11383	0.615362	3.26449	5	1.22747
2014000	-421.8964	-561.9336	140.0372	10	0.4315454	0.0677665	0.0467328	0.0666014	0.060704	0.0435019	0.00149002	0.00745737	0.00662039	0.0152079	0.00430699	0.0656011	0.105064	0.0208773	0.480834	0.0593328	0.0384441	0.198337	0.0440047	0.146458	0.0215159	0.204903	0.763278	3.0103	5	1.479342
2015000	-409.623	-553.1314	143.5084	10	0.2354942	0.0340464	0.115593	0.024476	0.0242995	0.0194258	0.0115463	0.00196738	0.00266223	0.0152719	0.034711	0.0350748	0.0773208	0.0573947	0.698438	0.0740846	0.00185263	0.0726006	0.0210725	0.0133226	0.00150323	0.0564329	0.469881	3.47218	5	1.335161
2016000	-408.4702	-550.2711	141.8009	10	0.4087748	0.02984	0.0575023	0.0359187	0.0416022	0.0191351	0.000337172	0.00532748	0.00692365	0.0072759	0.0645396	0.0378727	0.0166399	0.0995268	0.793384	0.031736	0.0816866	0.0252478	0.0825386	0.0403417	0.0180004	0.18828	0.740604	3.05312	5	1.477376
2017000	-424.5803	-564.7452	140.1648	10	1.279164	0.0362911	0.112532	0.037297	0.115279	0.0805228	0.0387938	0.0114798	0.000125902	0.0138534	0.0414386	0.0371878	0.0318405	0.118011	0.547728	0.258707	0.0349237	0.025315	0.0903134	0.0416398	0.189107	0.547134	1.03431	2.22945	5	1.673279
2018000	-420.6653	-564.856	144.1907	10	0.3302622	0.107714	0.046314	0.0945654	0.0783925	0.017443	0.0209626	0.000618716	0.00205408	0.00237239	0.0257325	0.0528443	0.0773657	0.0876194	0.742131	0.104553	0.0659936	0.0402203	0.0434018	0.00840685	0.00806828	0.12815	0.643293	3.22049	5	1.618705
2019000	-410.1153	-559.1022	148.9868	10	0.275427	0.00500083	0.0857183	0.0233301	0.0357954	0.00796875	0.00110037	0.0159317	0.0150487	0.00353356	0.0169229	0.0346138	0.0333888	0.0788679	0.345577	0.0593198	0.016187	0.0180103	0.00708808	0.0523894	0.00351411	0.0855728	0.552133	3.35878	5	0.855793
2020000	-422.4749	-550.6713	128.1965	10	0.1432651	0.0112817	0.0681149	0.0140528	0.0582634	0.000715498	0.00303795	0.00392436	0.000988312	0.0168791	0.00404755	0.0369808	0.00108193	0.0292605	0.815653	0.0323708	0.080673	0.0721218	0.0147692	0.0465778	3.44091e-05	0.00867351	0.221429	3.76986	5	1.310794
2021000	-412.8618	-559.3643	146.5025	10	0.4071678	0.0232642	0.0777714	0.0075215	0.0459386	0.00516795	0.00395961	0.036322	0.0284021	0.00103302	0.00773737	0.0457176	0.000136512	0.0227717	0.390511	0.0296241	0.0331902	0.0689367	0.114276	0.0880224	0.0177619	0.18709	0.738922	3.05623	5	1.030304
2022000	-410.1656	-559.3432	149.1775	10	0.2225931	0.0302115	0.0997871	0.0104825	0.0306931	0.0172145	0.000802577	0.00413876	0.00438886	0.0107075	0.0077372	0.0177646	0.0127004	0.0154824	0.348794	0.0335232	0.0636854	0.0665977	0.111559	0.0119178	0.00107036	0.0477411	0.440023	3.51117	5	0.8981876
2023000	-413.7641	-554.9167	141.1526	10	0.3492813	0.0396714	0.0716409	0.0525794	0.0236037	0.0261397	0.00441966	0.00278806	0.006362	0.014222	0.00439596	0.0432697	0.0680253	0.0887568	0.449734	0.0604664	0.0860955	0.0364067	0.029547	0.0885632	0.0101281	0.142996	0.670004	3.17687	5	1.196687
2024000	-405.9279	-554.3143	148.3863	10	0.251973	0.0407464	0.0753489	0.0198612	0.0322229	0.000711548	0.00839992	0.0129144	0.000850182	0.00198506	0.0423948	0.00225109	0.0323321	0.0348359	0.584708	0.0345687	0.018288	0.0872981	0.0513619	0.0193469	0.00220499	0.0681185	0.505628	3.42405	5	1.100426
2025000	-419.2501	-558.6058	139.3557	10	0.5704017	0.0458587	0.110269	0.014094	0.0793512	0.0228903	0.0187458	0.0242126	0.00860732	0.00217744	0.0153751	0.0666003	0.0816691	0.112095	0.686821	0.0771863	0.000983972	0.0377409	0.0927011	0.0739168	0.0470666	0.295414	0.865433	2.79209	5	1.571296
2026000	-419.7724	-555.5383	135.7659	10	0.2583551	0.0336865	0.125839	0.0106984	0.0472509	0.00529667	0.00127563	0.0371829	0.00897052	0.00136101	0.000568872	0.0459518	0.00737513	0.078678	0.913983	0.0618212	0.100644	0.159168	0.060865	0.0232818	0.00252424	0.0727867	0.518777	3.40591	5	1.723899
2027000	-409.9896	-552.1755	142.186	10	0.4145585	0.027583	0.0720712	0.0184544	0.0361411	0.0217963	0.0135422	0.0107149	0.00237398	0.0119158	0.00986111	0.0427805	0.0732196	0.0482171	0.683104	0.0704627	0.0618175	0.053543	0.016368	0.118821	0.0188695	0.192545	0.746566	3.04202	5	1.392787
2028000	-419.4001	-555.8579	136.4578	10	0.895082	0.00920725	0.108175	0.015784	0.074967	0.0327724	0.00757614	0.0098827	0.0131139	0.0132885	0.00263705	0.118167	0.0882219	0.147182	0.925563	0.0486493	0.189834	0.115344	0.0189844	0.002576	0.115574	0.442774	0.98018	2.46147	5	1.941925
2029000	-407.56	-551.2256	143.6656	10	0.2844901	0.0144329	0.0901901	0.00506116	0.0828199	0.00763507	0.00755452	0.0322769	0.00877355	0.00208989	0.00508829	0.0737055	0.0344241	0.0961043	0.605724	0.0447987	0.0717241	0.0903464	0.0304725	0.0477798	0.00412171	0.0924975	0.568812	3.33457	5	1.351001
2030000	-411.6068	-555.4423	143.8355	10	0.3660415	0.028792	0.100184	0.0235739	0.0648785	0.00116953	0.0124241	0.00153833	0.00914775	0.00762811	0.033479	0.0359179	0.0247847	0.115947	0.914521	0.0893966	0.0666564	0.00418152	0.0159496	0.0348264	0.0121356	0.155973	0.691754	3.14014	5	1.584996
2031000	-418.5434	-554.9276	136.3842	10	0.4523949	0.0346413	0.0560647	0.0305353	0.0130264	0.0136711	0.00582378	0.00560408	0.00310923	0.0258648	0.00640331	0.0940539	0.137896	0.0452036	0.799956	0.0801688	0.056363	0.0338288	0.117159	0.0184994	0.0249414	0.219707	0.782282	2.97307	5	1.577872
2032000	-423.2832	-550.6422	127.359	10	0.4695908	0.0805217	0.0532984	0.0307345	0.0456546	0.00998605	0.00207887	0.0144302	0.0162326	0.00686477	0.028336	0.0385648	0.0340313	0.0712199	1.22275	0.0563477	0.123651	0.143132	0.0148772	0.0905829	0.0278996	0.231601	0.796815	2.94368	5	2.08329
2033000	-423.9596	-560.5413	136.5818	10	0.2973665	0.01891	0.105095	0.0290154	0.0236061	0.000126673	0.0167683	0.00815235	0.00633838	0.00266453	0.054822	0.0127984	0.0870209	0.083294	1.05421	0.0236042	0.114085	0.0837656	0.0707533	0.130201	0.00508411	0.102448	0.591353	3.30111	5	1.925229
2034000	-405.1767	-555.5631	150.3864	10	0.2903973	0.0311822	0.0506828	0.0198744	0.0433541	0.00557379	0.00692421	0.00201547	0.00438828	0.00679123	0.0425792	0.0369878	0.0282286	0.0841423	0.459323	0.0350234	0.0157611	0.100776	0.0481449	0.0210473	0.00454875	0.0970487	0.579318	3.31908	5	1.0428
2035000	-404.6036	-553.5648	148.9612	10	0.2981612	0.0371404	0.0478382	0.0207558	0.06356	0.00587044	3.44659e-05	0.00315015	0.0105177	0.00431484	0.00198526	0.0359324	0.00962299	0.0155458	0.637935	0.0507317	0.050328	0.0360031	0.0528171	0.0884854	0.00514734	0.103065	0.592702	3.29909	5	1.172569
2036000	-421.2502	-559.5467	138.2965	10	0.8122687	0.0584841	0.146054	0.0456143	0.0275467	0.0130325	0.00329786	0.0203682	0.00732216	0.0103746	0.0637959	0.0257091	0.124955	0.0115993	0.570483	0.0531965	0.0546603	0.00136043	0.0664417	0.0518424	0.0981666	0.412027	0.960297	2.52951	5	1.356139
2037000	-415.9775	-557.4949	141.5174	10	0.2811677	0.0209664	0.0894375	0.00108839	0.017203	0.0479876	0.00899939	0.0125606	0.00383236	0.00645128	0.00093028	0.0558703	0.0169638	0.065121	0.420164	0.034929	0.0306734	0.0859556	0.0924868	0.0505567	0.00389229	0.0899501	0.562778	3.34338	5	1.062177
2038000	-415.4541	-558.6752	143.2211	10	0.1939502	0.0285954	0.0819385	0.0314962	0.0308434	0.000511855	0.0195584	0.00684478	0.00213856	0.00642791	0.0111619	0.0414254	0.00886009	0.0529584	0.532655	0.0213032	0.0340826	0.0476649	0.0299905	0.0865844	0.000428265	0.0303598	0.367685	3.60153	5	1.075041
2039000	-417.5777	-556.6742	139.0965	10	0.5097759	0.0568436	0.107418	0.0354483	0.0411312	0.0502166	0.00591023	0.0220919	0.000869365	0.00679647	0.00644468	0.0600299	0.13513	0.0581742	0.767505	0.0508251	0.00808415	0.0503748	1.66648e-05	0.0326281	0.0352137	0.25825	0.827253	2.87928	5	1.495938
2040000	-413.4705	-556.0938	142.6233	10	0.3974907	0.0293816	0.0752158	0.0566472	0.0241718	0.0188908	0.000605083	0.011698	0.00296512	0.0252938	0.00451267	0.0447147	0.0684508	0.0510466	0.669265	0.0251272	0.0684396	0.0378159	0.0705522	0.0141319	0.0163541	0.179879	0.728551	3.07522	5	1.298926
2041000	-407.8471	-560.0488	152.2017	10	0.4522221	0.0430528	0.101168	0.0276198	0.0395153	0.00408971	0.00751398	0.0153837	0.0137046	0.00161328	0.0807762	0.0143301	0.122634	0.0440137	0.386681	0.00764124	0.0490707	0.123767	0.0228668	0.0361471	0.0249123	0.219586	0.78213	2.97337	5	1.14159
2042000	-408.4582	-551.558	143.0998	10	0.1813301	0.00588139	0.0734836	0.012989	0.0165669	0.0250593	0.0148624	0.00307029	0.00666755	0.00199382	0.00199667	0.0408625	0.0742852	0.0335554	0.555226	0.0996077	0.00141164	0.021913	0.0623368	0.0186303	0.000260873	0.0237465	0.333209	3.64278	5	1.0704
2043000	-420.4872	-552.6023	132.1151	10	0.2762655	0.0105792	0.117666	0.00630552	0.060609	0.0272636	0.00123935	0.0194716	0.00551087	0.00324032	0.0287282	0.0260783	0.0419212	0.0248167	0.722971	0.146046	0.0246898	0.0146217	0.0795208	0.0927874	0.00356791	0.0862101	0.553705	3.35652	5	1.454067
2044000	-417.6643	-557.7237	140.0594	10	0.453764	0.0171359	0.0576458	0.0184183	0.0352255	0.0173922	0.00842276	0.0071052	0.00586782	0.00306756	6.6334e-05	0.0806088	0.156552	0.0761093	0.414116	0.0374518	0.036972	0.0851664	0.0133365	0.0152003	0.0251727	0.220664	0.783475	2.97069	5	1.08586
2045000	-419.5784	-556.2487	136.6704	10	0.2913022	0.0163153	0.104349	0.0378636	0.0505136	0.0116979	0.000717134	0.0167199	0.0013807	0.0194585	0.00704813	0.0621104	0.0264663	0.0236793	0.540246	0.097513	0.0541536	0.0720606	0.0698806	0.0105605	0.00461634	0.0977481	0.580903	3.31673	5	1.222735
2046000	-418.0078	-551.7681	133.7602	10	0.3181247	0.0238576	0.0718233	0.0209245	0.0569074	0.0233761	0.00468146	0.000403163	0.00614853	0.0134502	0.047645	0.0119866	0.0156893	0.00719267	1.33187	0.0282964	0.105446	0.11675	0.0636259	0.0543852	0.00688025	0.118648	0.625022	3.24945	5	2.004457
2047000	-420.7862	-558.919	138.1328	10	0.2772099	0.0705001	0.0971212	0.0149373	0.0499613	0.00998721	0.00239027	0.00530596	0.00498907	0.00229932	0.0372989	0.0406426	0.0688219	0.119582	0.62848	0.0087257	0.0290364	0.0312402	0.115359	0.0301754	0.00362909	0.0869287	0.555469	3.35397	5	1.366854
2048000	-410.07	-554.548	144.478	10	0.4091888	0.0466919	0.067995	0.0250884	0.0632672	0.00392253	0.00284343	0.028166	0.0129219	0.00262746	0.0103495	0.0423783	0.0285789	0.0142691	0.815731	0.128263	0.0112165	0.110661	0.0355793	0.0796704	0.0180621	0.188586	0.741035	3.05232	5	1.530222
2049000	-423.6651	-557.5829	133.9178	10	0.3876407	0.0415503	0.0640018	0.0209833	0.083491	0.00777835	0.00177627	0.0243007	0.0408248	0.00165304	0.0104608	0.0530098	0.0472642	0.0455251	0.792209	0.120859	0.0446297	0.0078266	0.175083	0.0285518	0.0149725	0.172465	0.717552	3.09501	5	1.611779
2050000	-420.0043	-562.0333	142.0291	10	0.818069	0.0218563	0.115664	0.031659	0.0563659	0.00357785	0.00296021	0.10637	0.0168472	0.00244565	0.0152449	0.100785	0.0656552	0.00386424	0.666371	0.00517095	0.063901	0.0989058	0.167198	0.0796592	0.0993975	0.414308	0.961838	2.52446	5	1.624502
2051000	-418.3843	-553.4377	135.0535	10	0.4229632	0.006425	0.112008	0.0237927	0.046674	0.0109999	0.00287962	0.008762	0.00216906	0.00872545	0.0166936	0.0776313	0.0853795	0.00474107	0.537317	0.0727066	0.0403212	0.0472548	0.0415648	0.0450488	0.0201618	0.198692	0.75498	3.02617	5	1.191094
2052000	-414.249	-554.217	139.968	10	0.2709049	0.0261636	0.0489224	0.0253083	0.040677	0.0264633	0.003567	0.00612278	0.00224056	0.00911278	0.0282601	0.0563909	0.0594172	0.00967735	0.485276	0.0120834	0.0666959	0.0096034	0.0188292	0.0515438	0.00323237	0.0821494	0.543549	3.37107	5	0.9863553
2053000	-425.8888	-561.0384	135.1497	10	0.2296356	0.00483433	0.127554	0.0364822	0.0606533	0.0546333	0.00220328	0.00318785	0.0023065	0.0129948	0.0568084	0.0446366	0.0518766	0.0914248	0.648498	0.0292572	0.0340121	0.0913693	0.0987824	0.0263426	0.00129451	0.05243	0.456529	3.48975	5	1.477858
2054000	-410.2975	-556.2005	145.903	10	0.5377679	0.0396654	0.194987	0.0141465	0.0735701	0.0147222	0.0138954	0.0347493	0.00131636	0.0155978	0.0347675	0.0159024	0.100881	0.0260516	0.54271	0.026832	0.0356879	0.0882074	0.0326888	0.0759654	0.0405836	0.275858	0.845916	2.83764	5	1.382344
2055000	-421.5109	-559.1286	137.6177	10	0.2689135	0.0586452	0.0738422	0.0227105	0.0346376	0.0293748	0.00663904	0.0589176	0.0164398	0.00924251	0.0120047	0.0226875	0.114376	0.0758708	0.787977	0.117151	0.0980364	0.0254164	0.0335487	0.0155612	0.00311279	0.0806494	0.539712	3.37653	5	1.613079
2056000	-417.2234	-558.6924	141.469	10	0.2760032	0.113136	0.144941	0.0352538	0.0318642	0.00577649	0.0239472	0.0246727	0.00304719	0.0239197	0.0157026	0.026417	0.224047	0.0843908	0.889501	0.0229323	0.0751755	0.03214	0.0120756	0.121582	0.00355103	0.0860107	0.553214	3.35722	5	1.910522
2057000	-415.875	-558.9934	143.1184	10	0.473371	0.0189978	0.0587365	0.0209253	0.0772713	0.00402319	0.0035244	0.00852222	0.0150145	0.00589828	0.0113236	0.0293832	0.0423006	0.0514961	0.507874	0.0875661	0.0147909	0.163489	0.0740822	0.0720499	0.0285648	0.234176	0.799882	2.93738	5	1.267269
2058000	-432.8266	-559.9528	127.1262	10	0.3411602	0.0980933	0.0689	0.0502799	0.0607344	0.000947804	0.0352529	0.0176755	0.00347185	0.0123892	0.0374303	0.0181832	0.0265442	0.0420074	0.734405	0.0532694	0.0631484	0.0334838	0.0272717	0.132066	0.00921948	0.136668	0.658874	3.19524	5	1.515554
2059000	-416.4516	-558.7408	142.2892	10	0.2637353	0.0243886	0.0878061	0.0260919	0.0306709	0.0154475	0.0138605	0.0423163	0.00292495	0.0227819	0.0517379	0.00609612	0.039198	0.0651816	0.425475	0.101514	0.0295718	0.0128692	0.0558563	0.00789956	0.00281464	0.0767733	0.52957	3.39084	5	1.061689
2060000	-416.6756	-556.6791	140.0034	10	0.5565158	0.015529	0.124691	0.0238687	0.081459	0.00566083	0.00170356	0.00621952	0.000734479	0.0179005	0.038239	0.0759726	0.0656854	0.162462	0.937166	0.111381	0.0115354	0.0657026	0.118748	0.0981391	0.0442822	0.287219	0.857403	2.8111	5	1.962797
2061000	-412.8876	-558.0189	145.1314	10	0.682348	0.057642	0.0739113	0.0173958	0.0440342	0.0123039	0.00528907	0.000268684	0.000615962	0.031763	0.00226296	0.0333475	0.0463023	0.0325598	0.434205	0.0403457	0.151401	0.0842478	0.0437455	0.100064	0.0704225	0.355081	0.918147	2.65635	5	1.211705
2062000	-418.4434	-554.6003	136.1569	10	0.2779872	0.0209213	0.0798315	0.0328469	0.0743287	0.00581693	0.0348861	0.0485892	0.00328055	0.00812507	0.00328098	0.0424868	0.056143	0.0434534	0.931641	0.0075133	0.00965276	0.121554	0.264136	0.0374448	0.00367992	0.0875209	0.556915	3.35188	5	1.825932
2063000	-419.9471	-562.2876	142.3405	10	0.4767304	0.0351184	0.188136	0.0178938	0.07217	0.0448476	0.0101231	0.000178862	0.00100824	0.00947293	0.0351432	0.0127565	0.0507584	0.056078	0.608651	0.0597207	0.0277953	0.178555	0.042903	0.0611924	0.0291602	0.236453	0.802569	2.93182	5	1.512502
2064000	-427.7933	-560.0781	132.2847	10	0.2328091	0.00775027	0.106148	0.00232217	0.0377865	0.00320325	0.000332272	0.0740322	0.00286876	0.0116963	0.0190738	0.0363939	0.0902024	0.0422596	0.577179	0.00364831	0.095534	0.0103698	0.0334925	0.100066	0.00140501	0.0545874	0.463804	3.4802	5	1.254359
2065000	-419.191	-553.0085	133.8175	10	0.4817245	0.0338012	0.0539056	0.0253676	0.0309836	0.0132443	0.0036781	0.0136664	0.0131076	0.00368188	0.0152058	0.0454247	0.0533736	0.0368439	0.580785	0.0908357	0.0719892	0.036485	0.0105265	0.124336	0.0300525	0.239818	0.806501	2.92363	5	1.257242
2066000	-406.2927	-552.3404	146.0478	10	0.3844448	0.00896495	0.0621391	0.00562783	0.0436951	0.0212315	0.0170894	0.0127043	0.00579457	0.00630187	2.45028e-06	0.0663904	0.0139225	0.0425079	0.633827	0.0464918	0.068756	0.0196499	0.0148059	0.0762024	0.0145358	0.170044	0.713884	3.10154	5	1.166105
2067000	-424.3214	-553.5236	129.2022	10	0.5687629	0.00588706	0.156572	0.0268422	0.0850419	0.000351947	0.00550016	0.015332	0.00843106	0.0103328	0.0314748	0.0226133	0.0408916	0.0744582	0.741099	0.131175	0.00998716	0.0533513	0.063439	0.145968	0.0467362	0.294456	0.864506	2.7943	5	1.628748
2068000	-423.4098	-557.0135	133.6038	10	0.4684689	0.031742	0.0877008	0.0411969	0.0792317	0.0192095	0.0205716	0.00856855	0.00443466	0.0114801	0.0249564	0.0313541	0.112753	0.0735981	0.554181	0.0235794	0.049876	0.0134695	0.0355278	0.0866928	0.0277032	0.230834	0.795897	2.94557	5	1.310124
2069000	-413.1085	-555.3453	142.2367	10	0.1760292	0.0246256	0.0814859	0.0234077	0.0133145	0.0112513	0.00879093	0.0145799	0.00488183	0.00652653	0.00649427	0.0291895	0.0305193	0.061287	0.624983	0.0929591	0.0699416	0.0371338	0.0245628	0.000654512	0.000207382	0.0211909	0.318285	3.66032	5	1.166589
2070000	-415.7766	-552.1671	136.3905	10	0.3379012	0.0135009	0.0898608	0.029681	0.0273659	0.0172218	0.0106702	0.0102254	0.00577025	0.0126237	0.0386834	0.0278454	0.0347314	0.0658438	0.743945	0.0596938	0.101216	0.0524731	0.0215639	0.108177	0.00886696	0.134123	0.654294	3.20272	5	1.471092
2071000	-420.6024	-559.0238	138.4214	10	0.6357693	0.0369431	0.143829	0.0272846	0.0609531	0.0310168	0.0151309	0.0254442	0.0322977	0.0250617	0.00133598	0.053901	0.0115862	0.0726472	0.934654	0.0515757	0.114708	0.0696869	0.0740201	0.014435	0.0605594	0.33158	0.898525	2.70934	5	1.796511
2072000	-421.6514	-561.2736	139.6222	10	1.086335	0.0326466	0.074495	0.0154079	0.0574919	0.0156093	0.00584658	0.0136451	0.0257928	0.0109834	0.00973406	0.0398386	0.0210115	0.0562804	0.5814	0.0246013	0.112705	0.047178	0.0414488	0.0110745	0.153851	0.501248	1.01295	2.33195	5	1.197191
2073000	-405.586	-558.8801	153.2941	10	0.7483038	0.0341562	0.126517	0.036699	0.0414818	0.00596343	0.0145674	0.00353915	0.0231232	0.000438513	0.0043997	0.0543193	0.00476879	0.118216	0.468349	0.0334091	0.128356	0.0638121	0.0405421	0.0598833	0.0845216	0.385457	0.941533	2.58849	5	1.262542
2074000	-419.4674	-555.0054	135.538	10	0.6838353	0.00900615	0.165025	0.0330132	0.0698785	0.0131059	0.01511	0.00744185	0.0095363	0.00867505	0.00717171	0.0540926	0.0851922	0.0392172	0.779242	0.0557737	0.110764	0.0221915	0.0915416	0.00718124	0.0707393	0.355802	0.918728	2.65473	5	1.583159
2075000	-423.587	-558.0429	134.4559	10	0.5498708	0.0447712	0.0881669	0.0352311	0.0250224	0.0165003	0.0146133	0.00743179	0.0126799	0.0119637	0.0144128	0.0562949	0.00113471	0.0910846	0.719966	0.132323	0.0527912	0.0183947	0.0857668	0.0792238	0.0429629	0.283232	0.853419	2.82039	5	1.507774
2076000	-423.5188	-557.5668	134.048	10	0.6579556	0.0706701	0.164812	0.0317165	0.0560393	0.0183861	0.00216692	0.00641707	0.00697548	0.00945902	0.0231785	0.0698539	0.112894	0.103016	0.842855	0.0511304	0.0471692	0.109914	0.0903084	0.132627	0.0652404	0.342998	0.908233	2.68353	5	1.949589
2077000	-427.1659	-559.5397	132.3738	10	0.6923081	0.0449177	0.219802	0.0312739	0.0304889	0.0154703	0.0218924	0.107697	0.00851986	0.0124748	0.009304	0.105411	0.021474	0.0856924	1.05808	0.0198352	0.139972	0.0767892	0.151743	0.0970271	0.0725461	0.359878	0.921984	2.64559	5	2.257864
2078000	-419.8403	-562.7111	142.8709	10	0.6286853	0.0322269	0.102649	0.0187002	0.0773919	0.017848	0.0156121	0.043171	0.0131226	0.0122988	0.0106877	0.0619714	0.136975	0.124673	0.490848	0.0406912	0.00821672	0.0115717	0.0689032	0.0701922	0.0590731	0.327846	0.895276	2.7178	5	1.357751
2079000	-419.0109	-559.0547	140.0438	10	0.3020163	0.0671218	0.0628086	0.00580953	0.0341075	0.00982581	0.00840592	0.0246495	0.0102105	0.0111602	0.00144016	0.0520197	0.100151	0.055031	0.69798	0.0338371	0.0518621	0.0303674	0.0158499	0.139622	0.00546029	0.106065	0.599173	3.2893	5	1.41226
2080000	-403.8252	-551.6775	147.8523	10	0.4108679	0.0385846	0.0765166	0.0284662	0.0323122	0.0346513	0.0104406	0.0100315	0.0069929	0.00463521	0.00317705	0.0570105	0.00370714	0.00981977	0.836724	0.0554453	0.0748565	0.163926	0.0871953	0.0309618	0.018313	0.189827	0.742778	3.04908	5	1.565455
2081000	-418.8599	-553.8552	134.9953	10	0.4413031	0.0165409	0.144194	0.0130424	0.03687	0.0133077	0.0292724	0.0205902	0.00227478	0.0134932	0.0200486	0.0431404	0.069333	0.0270407	0.611629	0.0659994	0.0774817	0.111133	0.139223	0.0119654	0.0230959	0.211882	0.77237	2.99265	5	1.46658
2082000	-414.25	-558.6544	144.4044	10	0.2223496	0.0171862	0.0679894	0.0313952	0.0679191	0.00905355	0.0137067	0.00956579	0.0133498	0.0151609	0.0176922	0.0325616	0.0426825	0.0619061	0.737856	0.0312857	0.00237237	0.0415118	0.0319236	0.0279611	0.00106312	0.0475816	0.439443	3.51191	5	1.273079
2083000	-411.7182	-559.9318	148.2136	10	0.2664639	0.0161946	0.0666628	0.00804701	0.0572338	0.0130123	0.0174638	0.0144776	0.0193855	0.00288016	0.010509	0.0524514	0.0122701	0.145778	0.564301	0.0212647	0.0119548	0.0255999	0.0899398	0.0644705	0.00296945	0.0788113	0.534944	3.38328	5	1.213897
2084000	-415.2047	-554.0422	138.8375	10	0.6316042	0.0280508	0.0822156	0.0370406	0.0676022	0.0228989	0.00855615	0.000434977	0.0124332	0.00682022	0.024761	0.0381392	0.0224246	0.153471	0.869313	0.0109702	0.028339	0.0394375	0.0218631	0.0985252	0.059685	0.32939	0.896624	2.7143	5	1.573297
2085000	-422.3728	-564.5332	142.1605	10	0.289229	0.0412015	0.0444303	0.0545703	0.0340308	0.0175893	0.0195345	0.00304163	0.0119855	0.0258221	0.0197384	0.0528036	0.0545317	0.00497692	0.550163	0.0336734	0.0702174	0.0272656	0.0261971	0.0856087	0.00446234	0.0961466	0.577263	3.32213	5	1.177381
2086000	-413.1697	-550.9313	137.7615	10	0.4180831	0.0321759	0.104411	0.0221259	0.0460891	0.0104698	0.00219524	0.0078095	0.000489638	0.0235578	0.00286998	0.0346304	0.0358916	0.00264188	0.44136	0.0607552	0.0532608	0.103917	0.0462877	0.0457982	0.0194073	0.19513	0.75013	3.03533	5	1.076736
2087000	-405.8245	-556.8623	151.0378	10	0.305301	0.044345	0.0793815	0.0158457	0.0525868	0.0170011	0.0114945	0.00843129	0.00377499	0.0135872	0.0183869	0.0624022	0.00450265	0.0290005	0.586205	0.0826975	0.0423231	0.0363313	0.05412	0.0682046	0.00573516	0.108625	0.604599	3.28104	5	1.230621
2088000	-430.3629	-561.6943	131.3314	10	0.4984662	0.0670946	0.0642175	0.045235	0.0542785	0.0343458	0.0151417	0.0140428	0.00231913	0.0113195	0.0272948	0.0922266	0.0120299	0.0629014	0.595025	0.22413	0.0175118	0.266006	0.0812907	0.0538076	0.0331038	0.250913	0.819149	2.89683	5	1.740218
2089000	-433.6721	-561.7919	128.1197	10	1.965329	0.0493863	0.0953299	0.0874903	0.0596613	0.00650476	0.00699451	0.0165586	0.0175957	0.0195942	0.0407603	0.0902553	0.174967	0.133426	0.824669	0.134502	0.0496986	0.00661093	0.0666671	0.00791829	0.289101	0.651275	1.0691	1.99053	5	1.88859
2090000	-411.2696	-559.0344	147.7648	10	0.3749678	0.0166105	0.060223	0.0248672	0.0549179	0.0318119	0.0138708	0.0106485	0.00136791	0.0254356	0.0529038	0.0237164	0.0308717	0.0252216	0.524388	0.0886137	0.0713806	0.0295157	0.0425289	0.00540632	0.0132749	0.162824	0.702707	3.12119	5	1.1343
2091000	-422.0631	-563.2316	141.1684	10	0.2156863	0.00112643	0.0927008	0.036297	0.0369024	0.0111876	0.003779	0.00685233	0.00398679	0.00821757	0.0247742	0.0372624	0.0147244	0.0214991	0.265592	0.0926435	0.0679445	0.0113569	0.0311628	0.00687019	0.000877601	0.0432866	0.423346	3.53249	5	0.7748798
2092000	-424.0987	-565.4221	141.3234	10	0.3753117	0.118324	0.100921	0.0490921	0.0730185	0.0245651	0.0213964	0.0330041	0.0183355	0.0102476	0.000711041	0.0502812	0.081331	0.0118509	0.680884	0.113598	0.0314284	0.0400014	0.0422289	0.148333	0.0133198	0.163087	0.70312	3.12047	5	1.649552
2093000	-421.901	-560.5672	138.6662	10	0.1966361	0.00368901	0.0892435	0.0273038	0.0143794	0.0304953	0.0140009	0.0336357	0.00820284	0.00332505	0.00878108	0.0317713	0.042251	0.104529	0.445679	0.0114974	0.0176639	0.170917	0.0871105	0.0545198	0.000472015	0.0318576	0.374822	3.59285	5	1.198996
2094000	-420.2358	-557.8443	137.6085	10	0.4118803	0.044912	0.121464	0.0140921	0.0517987	0.026895	0.00762892	0.00218516	0.0133482	0.0169517	0.000849695	0.130823	0.0673699	0.0096118	0.612324	0.0909444	0.12004	0.0869058	0.0801225	0.106154	0.018465	0.190574	0.743823	3.04714	5	1.604421
2095000	-423.3455	-562.9396	139.5941	10	0.5447684	0.0153623	0.126822	0.0428967	0.0525487	0.0355261	0.00239355	0.0269801	0.0104829	0.0193797	0.00198124	0.03309	0.0352393	0.116692	0.5352	0.0233812	0.157073	0.0221866	0.0649563	0.0416969	0.0419559	0.280141	0.850295	2.82761	5	1.363888
2096000	-425.2663	-560.2164	134.9501	10	0.6486295	0.0540578	0.0644856	0.0220311	0.0825108	0.0119129	0.019745	0.00420854	0.0075695	0.0137994	0.041439	0.0308895	0.0224366	0.04077	0.490287	0.0385223	0.0271471	0.0932515	0.125033	0.114853	0.0632683	0.338249	0.904236	2.69425	5	1.304949
2097000	-420.5015	-560.3274	139.8259	10	0.5102822	0.0325217	0.0746201	0.0479216	0.0118799	0.0360707	0.0146542	0.0139923	0.012992	0.00477372	0.0246937	0.0488521	0.0326904	0.110648	0.748665	0.0472698	0.00669302	0.103242	0.0587845	0.0519615	0.035309	0.258575	0.827608	2.87851	5	1.482926
2098000	-408.4265	-554.2439	145.8173	10	0.4417667	0.0538822	0.0708455	0.0240273	0.0347706	0.0155494	0.00524738	0.00676639	0.00673849	0.00723724	0.00248563	0.0449627	0.0314611	0.0474114	0.393161	0.10337	0.0521935	0.0702406	0.0531539	0.0310714	0.023172	0.212212	0.772793	2.99182	5	1.054576
2099000	-412.6233	-555.1784	142.5551	10	0.2928815	0.0244892	0.09065	0.0206344	0.0483988	0.0163936	0.0327167	0.0426845	0.00504277	0.0189613	0.0145303	0.0631915	0.0380558	0.0938653	0.776693	0.0930341	0.00446889	0.0217979	0.0396288	0.0663603	0.00473567	0.09897	0.583652	3.31264	5	1.511597
2100000	-417.5216	-555.9788	138.4572	10	0.4656683	0.0208643	0.138724	0.0416911	0.0598592	0.0115985	0.0117771	0.0337713	0.00966227	0.000302654	0.00662624	0.0458099	0.0791236	0.0852558	0.602025	0.0837979	0.00209141	0.0339741	0.0695739	0.0524126	0.027215	0.228913	0.793586	2.95029	5	1.388941
2101000	-418.0827	-558.2907	140.208	10	0.2312064	0.026973	0.0618146	0.0124984	0.0428341	0.011659	0.018494	0.00717868	0.0126806	0.0161115	0.0266796	0.0280796	0.00115983	0.0734237	0.546627	0.0415039	0.103005	0.0555684	0.00525875	0.0428934	0.00134845	0.0534945	0.460143	3.48501	5	1.134443
2102000	-419.6746	-563.0661	143.3916	10	0.4995106	0.0402439	0.118661	0.0371577	0.0646042	0.00486971	0.00238267	0.0388445	0.00358712	0.02146	0.0395792	0.047608	0.0401969	0.0429965	0.435834	0.157467	0.0460326	0.0174887	0.053532	0.132626	0.0332971	0.251596	0.819912	2.89519	5	1.345173
2103000	-413.8079	-562.3753	148.5674	10	0.5822879	0.000353271	0.101953	0.0279172	0.0817403	0.00122055	0.000693591	0.00350823	0.00195759	0.0166258	0.0216051	0.0287726	0.0577312	0.0357264	0.497683	0.113852	0.00789438	0.0604064	0.100361	0.0792306	0.0494767	0.302282	0.872006	2.77623	5	1.239232
2104000	-416.4111	-556.9353	140.5242	10	0.2729038	0.0218477	0.0940825	0.00510479	0.0183225	0.0135658	0.00887074	0.00564001	0.00915189	0.00122997	0.000701871	0.0803709	0.0175168	0.0211837	0.772613	0.10697	0.0341199	0.0375548	0.115746	0.0669664	0.00335515	0.0836597	0.547365	3.36562	5	1.431559
2105000	-431.4553	-557.4139	125.9586	10	0.5663377	0.0169702	0.122871	0.0336173	0.118177	0.00656996	0.0225779	0.0258706	0.00603345	0.00236999	0.0886806	0.0173447	0.0604231	0.0541026	0.441171	0.0435777	0.131791	0.0356689	0.124526	0.0853727	0.046248	0.293035	0.863123	2.79759	5	1.437716
2106000	-432.2685	-560.8026	128.534	10	0.8520189	0.0483113	0.126366	0.0406167	0.150248	0.0329725	0.00602636	0.00394111	0.0168666	0.0157247	0.0288979	0.045424	0.0928767	0.0736094	0.68831	0.146921	0.0211395	0.0618595	0.0646537	0.0919055	0.10657	0.427264	0.970388	2.49578	5	1.75667
2107000	-425.0646	-572.177	147.1124	10	0.4171232	0.0209989	0.100163	0.0293395	0.0433387	0.00515213	0.0120748	0.00250658	0.0122721	0.0257684	0.0243553	0.124116	0.0632019	0.00419376	0.545408	0.00230975	0.0572548	0.0607818	0.148446	0.0179084	0.0192602	0.194427	0.749164	3.03715	5	1.299589
2108000	-418.2928	-557.6367	139.344	10	0.3631436	0.0468266	0.0683931	0.0442139	0.0481376	0.0202894	0.0140738	0.059778	0.00493378	0.00178476	0.0738125	0.0128702	0.00897208	0.0367398	0.785675	0.0650853	0.0747547	0.0637927	0.0597382	0.0740594	0.011776	0.153739	0.688106	3.14638	5	1.563931
2109000	-423.6618	-552.5642	128.9023	10	0.6837531	0.0356165	0.112787	0.0152075	0.0638233	0.00952138	0.00397491	0.0113409	0.000687066	0.014941	0.00156337	0.061713	0.134848	0.0163792	0.806213	0.00863886	0.0353978	0.110714	0.0824759	0.0681672	0.0707218	0.355763	0.918696	2.65482	5	1.594009
2110000	-421.2683	-562.288	141.0196	10	0.6232466	0.0820928	0.082163	0.0464405	0.0864188	0.00193772	0.0406365	0.0500791	0.00388388	0.0180805	0.0228135	0.0479174	0.0206771	0.0586053	0.488819	0.104166	0.105793	0.0194713	0.12246	0.041785	0.0579353	0.32495	0.892731	2.72438	5	1.444241
2111000	-406.3795	-554.1887	147.8091	10	0.2828038	0.0466412	0.042195	0.0140682	0.0375998	0.010079	0.00782113	0.00045617	0.0117518	0.0124638	0.00131693	0.0835789	0.0119597	0.04966	0.566339	0.0413745	0.0633689	0.0351225	0.0142219	0.0705841	0.0040043	0.0912034	0.565761	3.33903	5	1.120603
2112000	-418.9248	-561.2186	142.2938	10	0.3642243	0.00719755	0.0367328	0.0406401	0.0676881	0.0198553	0.00652426	0.0189887	0.0249617	0.0012064	0.00578428	0.0437979	0.00721905	0.0711914	0.563753	0.02973	0.0923514	0.0530219	0.0535382	0.0153109	0.0119095	0.154572	0.689472	3.14405	5	1.159492
2113000	-423.1078	-556.9118	133.8039	10	0.3526204	0.0180231	0.10803	0.0344144	0.0235917	0.0141103	0.0173497	0.00924879	0.0214563	0.00314226	0.0279351	0.034214	0.00618739	0.0253806	0.453925	0.154806	0.0256555	0.112128	0.0404171	0.0648621	0.010514	0.145591	0.674465	3.16943	5	1.194877
2114000	-407.3564	-552.0981	144.7416	10	0.3217259	0.0250358	0.159653	0.0301219	0.0405143	0.0156019	0.00011291	0.0231795	0.0022802	0.0071142	0.0174478	0.0304508	0.0509128	0.0631221	0.625235	0.0290964	0.0868217	0.139213	0.0183725	0.00623668	0.00722226	0.121468	0.630548	3.24076	5	1.370522
2115000	-416.7988	-556.0757	139.2769	10	0.3282842	0.00981483	0.0751471	0.0456614	0.0763725	0.0192907	0.0138949	0.00282365	0.00155214	0.0194457	0.0110256	0.0700308	0.0137917	0.00633201	0.584369	0.0239536	0.0139638	0.0794125	0.140487	0.103098	0.00786785	0.126602	0.640383	3.22515	5	1.310468
2116000	-424.5406	-560.1532	135.6126	10	0.3225605	0.0535416	0.140019	0.0433872	0.086057	0.0178487	0.00276758	0.012472	0.00393601	0.00111677	0.0109452	0.058062	0.0528631	0.0419393	0.475741	0.0772624	0.117811	0.0114253	0.00293463	0.0109704	0.00730278	0.122121	0.631815	3.23876	5	1.221101
2117000	-417.741	-553.558	135.817	10	0.1541946	0.0136886	0.0822243	0.0237098	0.027456	0.0234441	0.00224524	0.0103806	0.00935995	0.00222821	0.0228224	0.0230924	0.0201586	0.00696923	0.626845	0.0390608	0.028363	0.0413149	0.0473847	0.0727132	6.8208e-05	0.0121934	0.254439	3.7333	5	1.123461
2118000	-430.368	-562.7494	132.3814	10	0.4909568	0.0318858	0.0945535	0.027481	0.0492049	0.0226111	0.0050384	0.142182	0.0313934	0.00665496	0.0182401	0.0527322	0.0361648	0.0301789	0.647237	0.0148187	0.0739021	0.0421533	0.0738055	0.0194136	0.0317241	0.245971	0.813575	2.90873	5	1.419652
2119000	-407.3944	-562.7867	155.3922	10	0.4833778	0.0084636	0.106511	0.0364154	0.0451756	0.0374314	0.00132749	0.00126088	0.00493986	0.00234071	0.0093636	0.0997985	0.0332108	0.0245348	0.294872	0.0730405	0.0768896	0.111237	0.0152248	0.0240912	0.0303498	0.240926	0.807786	2.92094	5	1.00613
2120000	-421.2267	-557.5486	136.3219	10	0.351041	0.020505	0.0817887	0.0157267	0.0393564	0.021768	0.00964477	0.00244839	0.0102715	0.00087584	0.00728683	0.0820494	0.036465	0.0480452	0.657138	0.0384613	0.0278475	0.0408848	0.153671	0.0212602	0.0103305	0.144364	0.672363	3.17294	5	1.315495
2121000	-433.8179	-557.7457	123.9278	10	0.7591522	0.0442224	0.0834176	0.0824667	0.0358679	0.00801941	0.0181109	0.0274866	0.00638771	0.00831643	0.0395315	0.0515588	0.0543709	0.136319	1.0176	0.0556517	0.210337	0.0137713	0.0576506	0.103567	0.0868422	0.390153	0.94496	2.57804	5	2.054651
2122000	-415.1279	-558.1572	143.0293	10	0.6480403	0.0119548	0.060435	0.0211155	0.0392161	0.0074575	0.0154192	0.0101067	0.0108994	0.00106783	0.0192789	0.0422601	0.00784662	0.0166566	0.525441	0.136372	0.0623262	0.0314737	0.0722093	0.117199	0.0631439	0.337947	0.903979	2.69493	5	1.208736
2123000	-430.811	-562.05	131.239	10	0.4094059	0.0600985	0.0814547	0.0165213	0.0764517	0.00955152	0.0144097	0.00963742	0.00601837	0.00917316	0.0624018	0.00861566	0.0177325	0.0243078	0.606982	0.0358613	0.12913	0.150716	0.0856617	0.0168583	0.0180944	0.188747	0.741261	3.0519	5	1.421583
2124000	-422.94	-554.4945	131.5545	10	0.6558146	0.0288314	0.11803	0.0128837	0.0863751	0.0715502	0.0018171	0.0031873	0.00284919	0.0102831	0.00247963	0.0702206	0.00503635	0.111276	0.652044	0.175863	0.0417237	0.0733553	0.0851383	0.0299809	0.0647871	0.341914	0.907326	2.68597	5	1.582926
2125000	-429.6132	-560.9541	131.3409	10	0.2555736	0.114756	0.0432528	0.000987689	0.0183408	0.0111055	0.00610172	0.0012312	0.00945889	0.00143623	0.00650311	0.0897911	0.0709539	0.108678	0.683119	0.0512577	0.0165548	0.0461437	0.0615366	0.148962	0.00238176	0.0707436	0.513093	3.41378	5	1.490172
2126000	-430.0836	-558.2156	128.132	10	0.5953571	0.0148203	0.138444	0.0176366	0.0544787	0.00323226	0.0258855	0.0106718	0.013568	0.00803163	0.0190666	0.0689024	0.0681611	0.0775342	0.903379	0.0954388	0.0650542	0.0787636	0.0130103	0.0717932	0.0521519	0.309682	0.878932	2.75923	5	1.747872
2127000	-410.2996	-557.6722	147.3726	10	0.4243782	0.0142201	0.104816	0.0403774	0.0561651	0.000242916	0.00406402	0.00455051	0.00936749	0.00771777	0.010074	0.085071	0.0753358	0.0207588	0.332352	0.0491257	0.00889307	0.0540954	0.0764929	0.0787853	0.0203827	0.19972	0.756368	3.02353	5	1.032506
2128000	-422.3976	-558.5445	136.1469	10	0.3255486	0.0173406	0.110599	0.0423408	0.058673	0.0236041	0.0106948	0.034159	0.0107683	0.0165397	0.0345034	0.0141228	0.123965	0.0204345	0.789275	0.0752647	0.0230034	0.0502025	0.0121681	0.0566071	0.00759501	0.12446	0.636316	3.23163	5	1.524267
2129000	-438.1159	-559.7253	121.6093	10	0.4330809	0.0645652	0.185974	0.0103143	0.117344	0.0371759	0.00178064	0.00954086	0.010042	0.00826467	0.0123444	0.0312852	0.0370625	0.0324118	0.783202	0.0539766	0.102285	0.0560012	0.00351909	0.178984	0.0217617	0.206007	0.764733	3.0075	5	1.736073
2130000	-415.2635	-558.5461	143.2827	10	0.3683504	0.0303606	0.077809	0.0478405	0.0320084	0.00609361	0.00111899	0.0368027	0.00190576	0.0280768	0.0248138	0.0377429	0.0725187	0.0297229	0.634835	0.00257915	0.0991864	0.0251764	0.0756371	0.0364693	0.0124257	0.157749	0.694628	3.1352	5	1.300698
2131000	-436.4463	-565.3041	128.8577	10	0.4710413	0.0150066	0.132856	0.0911098	0.103595	0.00480835	0.0275549	0.0232056	0.000778284	0.00956646	0.0327803	0.0258674	0.100201	0.0118471	0.689531	0.0442948	0.000299107	0.0655013	0.110365	0.0203209	0.0281543	0.232591	0.797997	2.94126	5	1.509489
2132000	-407.3339	-553.1885	145.8547	10	0.4102328	0.0279476	0.0673996	0.0197877	0.0240798	0.0177571	0.00926274	0.00619411	0.0133571	0.000179206	0.0134525	0.0543354	0.0922307	0.00926363	0.296725	0.0165216	0.0220004	0.0654143	0.0403017	0.0730142	0.0182179	0.189358	0.74212	3.0503	5	0.869224
2133000	-420.7463	-554.6826	133.9363	10	0.3816112	0.0415273	0.0516345	0.055863	0.0556455	0.00566627	0.00835175	0.0467748	0.0158734	0.00128001	0.00280136	0.0621807	0.0956617	0.0215644	0.55146	0.030845	0.110364	0.0379856	0.0920072	0.00922144	0.0141534	0.167891	0.710589	3.10737	5	1.296708
2134000	-416.4237	-559.2606	142.8368	10	0.4861067	0.00562409	0.0741343	0.013931	0.096718	0.0171149	0.0128864	0.0198733	0.00218651	0.00817256	0.0410649	0.0691953	0.127627	0.0940643	0.504246	0.00909125	0.0484083	0.0168019	0.02492	0.0722181	0.0308425	0.242749	0.80989	2.91652	5	1.258278
2135000	-417.2902	-557.2683	139.9781	10	0.4097325	0.00724084	0.107743	0.0592808	0.0380123	0.00251215	0.0069217	0.0382481	0.0243496	0.00680689	0.00861904	0.0484198	0.0155762	0.0302604	0.961369	0.00075198	0.0399029	0.112465	0.0288534	0.138909	0.0181432	0.188988	0.741601	3.05127	5	1.676242
2136000	-420.4076	-555.0963	134.6888	10	0.3826895	0.0154649	0.0992259	0.01626	0.0644637	0.0125158	0.0166227	0.0012712	0.0140295	0.00754125	0.0298523	0.0176915	0.167728	0.00533232	0.481691	0.0122576	0.0976935	0.0219988	0.0720441	0.155249	0.0142984	0.168711	0.711848	3.10514	5	1.308933
2137000	-415.1754	-557.7817	142.6062	10	0.378634	0.0282365	0.074132	0.0218925	0.0444346	0.00236445	0.00675755	0.00109989	0.0156021	0.0025524	0.0108701	0.0678581	0.0387033	0.0149392	0.606246	0.0287322	0.0888836	0.0792175	0.0341107	0.152638	0.0137565	0.165624	0.707085	3.11353	5	1.319271
2138000	-418.5738	-557.5251	138.9513	10	0.6831031	0.0354623	0.113471	0.0370643	0.0554209	0.00679094	0.00141478	0.0149668	0.0222836	0.000608613	0.0201192	0.0390793	0.0971742	0.103206	0.372222	0.0241763	0.0777158	0.085023	0.00447895	0.00973027	0.0705833	0.355447	0.918442	2.65553	5	1.120409
2139000	-414.4975	-556.6265	142.129	10	0.4254041	0.0464908	0.08224	0.0154307	0.0760681	0.0180231	0.0160307	0.0471302	0.00961229	0.00517145	0.0457087	0.0335145	0.0479274	0.00693909	0.646085	0.106342	0.0655561	0.10062	0.000500666	0.10129	0.0205435	0.200465	0.75737	3.02162	5	1.47068
2140000	-408.5282	-547.8597	139.3315	10	0.2640018	0.0351966	0.11023	0.00921793	0.0259597	0.0141648	0.00125471	0.00306991	0.00259653	0.00103977	0.0086796	0.0379875	0.00749966	0.0482436	0.664997	0.0994148	0.0627783	0.0128214	0.0893242	0.0140395	0.00282954	0.0769719	0.530098	3.3901	5	1.248515
2141000	-426.2866	-555.2893	129.0027	10	0.5256227	0.0252624	0.230476	0.0417643	0.0797231	0.0219803	0.0165756	0.00357753	0.00883549	0.00539771	0.044176	0.0524917	0.0962058	0.0163345	0.825359	0.192888	0.0479544	0.125915	0.00415366	0.0919476	0.0382295	0.268314	0.838052	2.8554	5	1.931018
2142000	-422.0466	-560.9833	138.9367	10	1.708669	0.0271821	0.0582758	0.0585675	0.0709799	0.023583	0.0216288	0.00701828	0.0093612	0.00282312	0.00888102	0.0575677	0.0604497	0.116139	0.679528	0.128376	0.190605	0.0387525	0.0416693	0.00613298	0.255833	0.619967	1.06064	2.06356	5	1.60752
2143000	-414.6853	-559.7711	145.0859	10	0.4735667	0.0505033	0.0544938	0.0585634	0.0409431	0.0202265	0.0132746	0.0014065	0.00402544	0.00415694	0.00754407	0.0365859	0.0202765	0.0351032	0.524236	0.0763572	0.0596949	0.00709864	0.0578127	0.0384265	0.0285994	0.234309	0.800039	2.93705	5	1.110729
2144000	-406.606	-553.9279	147.3219	10	0.2305762	0.0243834	0.0566796	0.0121948	0.0398032	0.0063696	0.0114975	0.035255	0.00662859	0.0123859	0.010354	0.0285324	0.0160505	0.0187396	0.622194	0.0824396	0.0462175	0.0979508	0.0823352	0.044096	0.00132663	0.0530666	0.458696	3.48691	5	1.254108
2145000	-425.8085	-556.3753	130.5668	10	0.2253226	0.0697382	0.0868658	0.0215481	0.029848	0.00351461	0.0131721	0.00454279	0.000699786	0.0208121	0.00321898	0.0575226	0.0580856	0.133619	0.682786	0.0533777	0.0984986	0.0814077	0.0624215	0.0659073	0.00115385	0.0495416	0.44648	3.50282	5	1.547586
2146000	-418.2702	-554.0158	135.7456	10	0.4800403	0.0305385	0.108588	0.0446514	0.0485755	0.0134939	0.00476181	0.00724029	0.00573928	0.00107652	0.0115847	0.0696953	0.0998084	0.0667456	0.569522	0.0401255	0.0297716	0.0553014	0.0191233	0.164509	0.0297506	0.238686	0.805184	2.92638	5	1.390852
2147000	-426.7498	-561.0446	134.2949	10	0.5044636	0.0375339	0.0689017	0.0565148	0.0392274	0.00604353	0.00289639	0.0550574	0.00939936	0.0025541	0.0312668	0.108951	0.06308	0.0828269	0.91565	0.00476241	0.0694366	0.0608697	0.0216341	0.0868312	0.034218	0.25482	0.823489	2.88747	5	1.723437
2148000	-416.3633	-556.2632	139.8998	10	0.1897763	0.0355928	0.0610619	0.0172679	0.0520136	0.00607661	0.0214364	0.00769733	0.0064828	0.00551989	0.00749725	0.0399871	0.0324667	0.102169	0.712995	0.0329197	0.0356104	0.0188788	0.0512233	0.0321028	0.000366176	0.0280935	0.356453	3.61509	5	1.278999
2149000	-414.7349	-561.0083	146.2734	10	0.2785988	0.00767732	0.110315	0.0363181	0.0359651	0.00503807	0.00383585	0.0213488	0.00204056	0.0232461	0.016665	0.0178635	0.0326057	0.00586239	0.57365	0.0237502	0.0565086	0.0397522	0.113777	0.097474	0.00372021	0.0879873	0.558049	3.35024	5	1.223693
2150000	-419.434	-556.3888	136.9547	10	0.2624634	0.00159152	0.0999632	0.0282356	0.0576198	0.016543	0.00702284	0.00907467	0.00701117	0.000720166	0.00923571	0.050492	0.0365216	0.103729	0.389616	0.0542748	0.0215719	0.00785644	0.0740065	0.0212017	0.00274422	0.075827	0.527043	3.39439	5	0.9962878
2151000	-423.1382	-555.9542	132.816	10	0.3549658	0.00396607	0.0990619	0.0183212	0.0824177	0.0255005	0.00860316	0.0204939	0.0139374	0.00659341	0.0243313	0.0278217	0.0258731	0.00603834	0.979061	0.0340325	0.0294663	0.120922	0.171734	0.0690076	0.0107892	0.147412	0.67756	3.16424	5	1.767184
2152000	-405.0447	-551.4762	146.4315	10	0.2389305	0.0177055	0.0709727	0.043268	0.0445048	0.0126351	0.000380285	0.017195	0.00566219	0.00511068	0.00385769	0.0303065	0.108348	0.0221496	0.57841	0.0609353	0.0277871	0.00811051	0.08913	0.0482491	0.00163538	0.0588205	0.477553	3.46199	5	1.194719
2153000	-433.1415	-566.0767	132.9351	10	0.3368124	0.0414719	0.205636	0.0275333	0.14838	2.37476e-05	0.0178213	0.00764756	0.000217391	0.0149453	0.0866614	0.00646364	0.0526881	0.0516101	0.404699	0.089108	0.0662492	0.0604366	0.0163786	0.1174	0.00875075	0.133273	0.652749	3.20523	5	1.415372
2154000	-419.9078	-556.3828	136.4749	10	0.5067325	0.0399609	0.0822488	0.0242823	0.0483691	0.0573209	0.0331726	0.0273706	0.00778537	0.00773378	0.000291154	0.0710951	0.0234933	0.0784344	0.448285	0.0513768	0.0637616	0.019744	0.0790692	0.0286948	0.0346423	0.256288	0.825106	2.88396	5	1.19249
2155000	-424.7139	-563.0463	138.3324	10	0.3820294	0.00415186	0.196034	0.0182437	0.0422074	0.0206139	0.00244564	0.00429927	0.00609171	0.0106754	0.0251345	0.0194851	0.10859	0.0506436	0.780439	0.00255974	0.034691	0.112962	0.0303765	0.0506535	0.0142095	0.168209	0.711078	3.1065	5	1.520298
2156000	-430.683	-560.4719	129.7889	10	0.313895	0.0169011	0.0721931	0.0400522	0.00868056	0.00491141	0.00811814	0.0113408	0.0192169	0.0163254	0.0309126	0.0236966	0.027046	0.027906	0.62423	0.0253505	0.0206344	0.0446035	0.0312575	0.0779438	0.00648995	0.115339	0.618416	3.25976	5	1.131321
2157000	-430.9977	-558.9396	127.942	10	1.163656	0.0324592	0.127031	0.0190845	0.0748051	0.0497684	0.00122558	0.0439845	0.00675704	0.017033	0.0495457	0.0565457	0.08201	0.0212028	0.646867	0.0425303	0.130818	0.147619	0.0959878	0.0854731	0.168405	0.520964	1.02259	2.28804	5	1.730749
2158000	-428.205	-568.3732	140.1682	10	0.2713235	0.0324183	0.0853508	0.00755399	0.0516469	0.0683875	0.00761339	0.0143183	0.0337937	0.00255195	0.0337057	0.0179514	0.0827042	0.022821	0.549997	0.0238253	0.0422016	0.0918522	0.08143	0.0212133	0.00325785	0.0824652	0.544351	3.36993	5	1.271337
2159000	-429.123	-568.2504	139.1274	10	0.717858	0.0397507	0.122944	0.0825095	0.0676812	0.00671508	0.0128946	0.0252292	0.0130613	0.0100119	0.0666479	0.0566187	0.0930348	0.0686063	0.410614	0.00808041	0.0346626	0.050663	0.103246	0.034976	0.0780061	0.371836	0.93131	2.61885	5	1.307946
2160000	-426.452	-550.2735	123.8215	10	0.2375137	0.0212201	0.12789	0.0249098	0.0376302	0.0106324	0.00438888	0.0121448	0.0139674	0.0059235	0.0188592	0.0259074	0.0136742	0.0731184	1.19678	0.0253872	0.121233	0.00461875	0.066962	0.101286	0.00158001	0.0578327	0.474404	3.46618	5	1.906535
2161000	-424.559	-564.0713	139.5123	10	0.3564293	0.00364624	0.143852	0.028124	0.0339319	0.0123478	0.0072546	0.0126677	0.0128186	0.000351912	0.0644701	0.00443601	0.0113018	0.0452924	0.638092	0.0991442	0.120736	0.0712837	0.0181151	0.0119965	0.0109628	0.148546	0.679475	3.16102	5	1.339862
2162000	-411.4651	-552.903	141.4378	10	0.2926404	0.0324388	0.086514	0.0179842	0.0689461	0.0298342	0.00906019	0.00729671	0.00869429	0.00704079	0.0110044	0.0375402	0.0141051	0.118574	0.754166	0.0783431	0.0830473	0.0393465	0.0317201	0.0396984	0.00471733	0.0987833	0.583234	3.31327	5	1.475354
2163000	-426.0656	-563.4052	137.3396	10	0.4963063	0.0632973	0.0751953	0.0258237	0.0451786	0.0293933	0.00455539	0.0272443	0.0067346	0.00245042	0.0193108	0.0788767	0.0234306	0.048003	0.495378	0.151778	0.0321386	0.0541425	0.0987144	0.0808042	0.0327052	0.249498	0.817562	2.90023	5	1.362449
2164000	-408.9438	-554.1171	145.1732	10	0.1833922	0.0171163	0.0408697	0.0218123	0.0228372	0.00321887	0.00962843	0.00716393	0.00873225	0.00852767	0.000246672	0.0339818	0.0892948	0.0435109	0.537764	0.0168793	0.0537949	0.0252448	0.038328	0.0762865	0.000284208	0.0247772	0.338946	3.63599	5	1.055238
2165000	-413.7706	-554.65	140.8794	10	0.5413851	0.0129049	0.0929509	0.012919	0.066417	0.00591101	0.00870007	0.00653138	0.000274465	0.00928436	0.0205141	0.0392336	0.0325494	0.060532	0.628123	0.0433643	0.0130356	0.0329812	0.0257148	0.0623422	0.0412913	0.278077	0.848193	2.83244	5	1.174283
2166000	-430.3424	-561.194	130.8516	10	0.3079545	0.0198916	0.105034	0.0312222	0.0899034	0.0195711	0.0129428	0.0188523	0.00302458	0.0035414	0.0684508	0.0485896	0.00276597	0.0539586	0.754676	0.0891243	0.118233	0.135406	0.138582	0.0147019	0.00596272	0.110696	0.608923	3.27442	5	1.728473
2167000	-432.8798	-563.139	130.2592	10	0.3605686	0.0229232	0.126444	0.0483505	0.0951125	0.0258626	0.0414189	0.0100899	0.00705437	0.0130368	0.0655739	0.0311989	0.0957859	0.0531008	0.726769	0.042952	0.0160355	0.0955813	0.0864617	0.0760493	0.0114608	0.15175	0.684826	3.15196	5	1.679802
2168000	-417.376	-558.7393	141.3633	10	0.4314154	0.0211685	0.051818	0.00227124	0.00982946	0.00714532	0.00951488	0.0166998	0.000494723	0.0100725	0.0696852	0.0193583	0.0533404	0.0248806	0.855717	0.0383697	0.101778	0.0757191	0.106941	0.0342596	0.0214951	0.204809	0.763155	3.01054	5	1.509064
2169000	-422.4525	-559.91	137.4575	10	0.7052409	0.0559647	0.166279	0.0188811	0.0361128	0.0186374	0.000748745	0.0208206	0.00622467	0.0190979	0.0372772	0.074793	0.0707679	0.0056477	0.684818	0.0331921	0.0963658	0.0144066	0.0380451	0.0932066	0.0753081	0.365993	0.926795	2.6319	5	1.491287
2170000	-430.5758	-559.2143	128.6386	10	0.3496229	0.0173033	0.0535049	0.0142212	0.00306799	0.0227025	0.0292098	0.0595355	0.000421439	0.00520886	0.0293501	0.0312348	0.0106538	0.0960405	0.834974	0.0253253	0.0887132	0.129916	0.0444999	0.0368562	0.0101672	0.143262	0.670463	3.17611	5	1.53274
2171000	-421.7224	-551.3005	129.5781	10	0.2375844	0.0108181	0.0735453	0.0388321	0.0275326	0.00516784	0.0105076	0.00447064	0.00063044	0.00940663	0.00482008	0.0499087	0.00903671	0.0464329	0.519934	0.0701092	0.0134517	0.0579796	0.0309179	0.093937	0.00158275	0.0578819	0.474561	3.46597	5	1.077439
2172000	-412.7177	-556.7156	143.9978	10	0.2480079	0.0452106	0.0389351	0.00488545	0.028043	0.0163161	0.00535618	0.0187969	0.0070314	0.00403508	0.0127189	0.0351939	0.0891803	0.115249	0.639801	0.0273914	0.0123341	0.0295741	0.0449732	0.0240239	0.00202021	0.0652551	0.497266	3.43546	5	1.199049
2173000	-421.2299	-555.2879	134.0579	10	0.5143333	0.0316638	0.105676	0.0486543	0.0608068	0.0238218	0.0173094	0.0147173	0.00389417	0.0170097	0.0101401	0.0919944	0.0325487	0.0766929	0.509472	0.125095	0.0215999	0.0517798	0.138221	0.00036783	0.0360741	0.26117	0.830424	2.87233	5	1.381465
2174000	-405.8852	-556.3478	150.4626	10	0.4603639	0.0286979	0.0712619	0.043483	0.0487088	0.0072348	0.0289144	0.0268717	0.0098709	0.00567701	0.0121235	0.0758416	0.0450478	0.0245192	0.549885	0.0506318	0.0580901	0.135036	0.069673	0.02056	0.0262982	0.225255	0.789139	2.95931	5	1.312128
2175000	-409.4488	-556.1869	146.738	10	0.223299	0.0160147	0.172265	0.0344068	0.0392154	0.000457481	0.00114909	0.00976088	0.00472754	0.00788743	0.00297203	0.0465709	0.0424616	0.0155027	0.43655	0.0508548	0.0226599	0.00776457	0.0988796	0.0713694	0.00109155	0.0482047	0.4417	3.509	5	1.081469
2176000	-421.094	-555.265	134.1709	10	0.3415375	0.0515737	0.12266	0.00260963	0.061582	0.00597128	0.00227591	0.0114155	0.00864115	0.00689117	0.00549637	0.0359085	0.086053	0.0391128	0.653638	0.0275233	0.0359702	0.0947304	0.0744541	0.0913471	0.00926073	0.136963	0.6594	3.19438	5	1.417854
2177000	-421.0541	-556.6724	135.6183	10	0.4244718	0.0149018	0.0607427	0.0149966	0.031326	0.0120377	0.00775763	0.0346087	0.00319511	0.0210228	0.0157522	0.039689	0.00117264	0.106926	0.559406	0.0159118	0.150721	0.0524019	0.0190542	0.0572996	0.0203974	0.199788	0.75646	3.02335	5	1.218922
2178000	-414.4396	-559.1897	144.7501	10	0.8998239	0.00244043	0.12949	0.0317902	0.0484636	0.0211629	0.00644692	0.0102062	0.00938283	0.0215809	0.0305177	0.0362519	0.00493883	0.039224	0.474159	0.0264332	0.136487	0.141792	0.0537619	0.13628	0.116558	0.444423	0.981193	2.45783	5	1.36081
2179000	-426.7742	-561.9729	135.1987	10	0.3376972	0.0091714	0.0941937	0.00910221	0.0238381	0.0353992	0.0244097	0.00286401	0.000327298	0.0479927	0.0103324	0.0567224	0.0463549	0.147285	0.618247	0.0363529	0.0101406	0.231727	0.0796948	0.0257331	0.00884512	0.133964	0.654005	3.20319	5	1.509888
2180000	-419.6669	-563.3826	143.7156	10	0.4049137	0.0300918	0.10015	0.0711079	0.0148274	0.000814575	0.00408844	0.0388406	0.00126823	0.0045214	0.036613	0.141523	0.0234686	0.0401119	0.62782	0.0614021	0.0880613	0.0368369	0.0996789	0.0745529	0.0174296	0.185417	0.736543	3.06061	5	1.495779
2181000	-422.8568	-559.9533	137.0965	10	0.1889861	0.00753853	0.0572779	0.0111807	0.0520754	0.0211186	0.025974	0.0632366	0.000228686	0.00750571	0.0140865	0.0669454	0.102818	0.00655698	0.849857	0.0417764	0.0329048	0.0133257	0.0416797	0.0140958	0.000355199	0.027673	0.354307	3.61766	5	1.430183
2182000	-441.5811	-562.24	120.659	10	0.46176	0.068322	0.0501146	0.0404919	0.0583958	0.00334132	0.0247925	0.0290329	0.00647358	0.0403683	0.00317428	0.0723105	0.00417425	0.123596	0.623994	0.0224836	0.0151046	0.0498673	0.0877656	0.201511	0.0265385	0.22622	0.790318	2.95692	5	1.525314
2183000	-431.18	-556.5654	125.3854	10	0.6185428	0.0135814	0.0833076	0.023835	0.0768497	0.0329143	0.00346209	0.0106084	0.00287837	0.0169618	0.0139933	0.0305698	0.0318139	0.107353	0.810355	0.0566702	0.158854	0.110927	0.09335	0.0356822	0.0569536	0.322423	0.890492	2.73013	5	1.713967
2184000	-434.2427	-562.7191	128.4764	10	1.396518	0.0252044	0.135725	0.0899913	0.0668768	0.00298578	0.0245756	0.030791	0.0187997	0.0155261	0.0573723	0.0884136	0.0337293	0.14299	0.847152	0.171412	0.184858	0.143324	0.141091	0.109657	0.208885	0.570374	1.04372	2.17702	5	2.330476
2185000	-421.8855	-562.4069	140.5215	10	0.3397456	0.0382566	0.0790718	0.00530898	0.0698765	0.0158136	0.00745153	0.0387355	0.00477499	0.010281	0.00625887	0.0660627	0.0238195	0.0300444	0.279625	0.0498541	0.0238558	0.0303272	0.121742	0.038389	0.0090656	0.135564	0.656894	3.19848	5	0.9395493
2186000	-427.028	-560.1375	133.1095	10	0.1619454	0.0659057	0.130691	0.0297032	0.0307892	0.00457284	0.000859176	0.00404436	0.00554664	0.00165584	0.0112131	0.0372678	0.0136941	0.0927475	0.476251	0.0351771	0.00897156	0.064904	0.0750412	0.0323973	0.000104764	0.0150947	0.27749	3.70731	5	1.121432
2187000	-420.4804	-554.1746	133.6942	10	0.4713657	0.0367667	0.0630286	0.0563252	0.0521978	0.00808602	0.0156719	0.00110077	0.00796804	0.00187033	0.0426371	0.0534103	0.0324686	0.0417522	0.664875	0.0428553	0.0845512	0.0217452	0.163163	0.0186222	0.0282113	0.232812	0.798261	2.94072	5	1.409095
2188000	-421.2008	-555.3052	134.1044	10	0.2899861	0.0207586	0.0648531	0.043734	0.0511997	0.0021561	0.0117166	0.00602625	0.0152914	0.00335719	0.00456487	0.0281059	0.0818954	0.0473527	0.452893	0.0413677	0.0181101	0.00753016	0.0370286	0.138879	0.00451823	0.0967311	0.578596	3.32015	5	1.07682
2189000	-425.2781	-563.7322	138.454	10	0.6163583	0.0323995	0.0618323	0.0014222	0.0604649	0.00235568	0.0184416	0.0569365	0.00217956	0.0522974	0.0014333	0.0798038	0.0489373	0.131293	0.46494	0.0403624	0.137983	0.120114	0.023754	0.0588841	0.0564985	0.321244	0.88944	2.73282	5	1.395833
2190000	-427.2844	-562.1173	134.8329	10	0.3612624	0.00895939	0.156104	0.0233581	0.0888918	0.000295635	0.0193055	0.0218614	0.0253361	0.00942374	0.0259004	0.148225	0.0840862	0.0772107	0.932684	0.0490474	0.121148	0.0741454	0.0218984	0.044284	0.0115453	0.152286	0.685714	3.15045	5	1.932165
2191000	-421.475	-561.6443	140.1693	10	0.7232177	0.0324041	0.105505	0.0778236	0.0460198	0.01336	0.000924569	0.0142492	0.00924691	0.00508155	0.00155409	0.109947	0.108172	0.0180809	0.725802	0.174938	0.0730172	0.0623032	0.0207168	0.0403794	0.0791529	0.374282	0.933177	2.61339	5	1.639527
2192000	-411.9584	-556.4447	144.4863	10	0.3411539	0.0214515	0.0896126	0.0192251	0.0363375	0.00545143	0.0110091	0.024856	0.00967374	0.00198143	0.0556418	0.0275224	0.0254988	0.0166492	0.534176	0.0841017	0.0460094	0.0102691	0.0719499	0.0254325	0.00921879	0.136663	0.658865	3.19525	5	1.116849
2193000	-421.7687	-558.9026	137.1339	10	0.3428973	0.0537447	0.114674	0.00931189	0.0576797	0.0222947	0.0312005	0.0148103	0.00647811	0.00901101	0.00641797	0.0722132	0.0631084	0.0186638	0.585827	0.0562406	0.0986892	0.0461493	0.107489	0.0352284	0.00941022	0.138023	0.661288	3.19128	5	1.409232
2194000	-431.0196	-564.6206	133.601	10	0.7336984	0.0274427	0.118172	0.011468	0.122661	0.0100534	0.0224525	0.0479324	0.0143281	0.018138	0.00914525	0.0511029	0.00408409	0.105415	0.604263	0.0469931	0.00884945	0.0274775	0.0297794	0.21341	0.0813959	0.379005	0.936743	2.60286	5	1.493167
2195000	-404.7665	-556.1045	151.338	10	0.3360088	0.0351965	0.0375058	0.0500043	0.0412229	0.0128267	0.00605472	0.0195878	0.000771215	0.00850256	0.0456251	0.0655021	0.13467	0.0648392	0.629864	0.0202739	0.0429054	0.0823138	0.022755	0.00780972	0.00866548	0.132645	0.651603	3.20709	5	1.328231
2196000	-419.8244	-558.9904	139.166	10	0.5596499	0.0212741	0.124109	0.00403321	0.0561938	0.0403708	0.00415222	0.00357821	0.000940029	0.00560738	0.00176222	0.0546761	0.0451489	0.0976001	0.759834	0.100976	0.05654	0.128503	0.0750806	0.0512002	0.0449075	0.289085	0.859249	2.80676	5	1.63158
2197000	-407.116	-555.3463	148.2304	10	0.3427017	0.018744	0.0776285	0.00475749	0.0273124	0.0253066	0.0060668	0.00565048	0.0250254	0.00752745	0.0174678	0.0381817	0.0711619	0.017182	0.853973	0.135088	0.00157729	0.021277	0.0341796	0.0365418	0.00938864	0.137871	0.661017	3.19172	5	1.424649
2198000	-414.1098	-549.0748	134.965	10	0.7088322	0.0414679	0.118294	0.00340591	0.0536456	0.016764	0.000872471	0.00762842	0.00634891	0.00912023	0.0151614	0.045709	0.125801	0.0586456	0.590438	0.0462388	0.0469052	0.0559074	0.0969376	0.055891	0.0760758	0.367668	0.928098	2.62816	5	1.395181
2199000	-416.2529	-553.7218	137.4689	10	0.2735246	0.0365848	0.107295	0.015308	0.0194961	0.0123645	0.0159117	0.0259841	0.0105725	0.00416269	0.0014743	0.104647	0.0311642	0.0786805	0.652318	0.0197419	0.0810678	0.0548833	0.0260734	0.0434419	0.00339385	0.0841298	0.548543	3.36393	5	1.341171
2200000	-416.7525	-562.4265	145.674	10	0.5518127	0.0213709	0.0933076	0.0260454	0.0641209	0.0390506	0.00771598	0.0229183	0.00635211	0.024821	0.0287324	0.0235856	0.0158318	0.00403106	0.537331	0.0454758	0.0641205	0.0458704	0.00659408	0.106711	0.0433475	0.284401	0.854593	2.81766	5	1.183986
2201000	-402.3411	-552.8911	150.5501	10	0.6229298	0.0378367	0.0851234	0.0394855	0.0270606	0.00363253	0.00786897	0.00156687	0.00890406	0.00443148	0.0274456	0.0106483	0.0483379	0.0875036	0.425859	0.0261126	0.0302373	0.0401599	0.0366293	0.086829	0.0578691	0.32478	0.892581	2.72477	5	1.035673
2202000	-423.1285	-561.4086	138.2801	10	0.3256232	0.0277636	0.0825503	0.00758443	0.0512632	0.0378353	0.00418855	0.0180092	0.0426161	0.00327149	0.019537	0.045631	0.0405832	0.0122397	0.707744	0.0733323	0.0531394	0.0903753	0.0108885	0.0771203	0.00760237	0.124519	0.636427	3.23145	5	1.405672
2203000	-436.2734	-566.0911	129.8177	10	1.05323	0.0351341	0.0882492	0.014134	0.0556127	0.050848	0.0275304	0.00718046	0.00632259	0.020994	0.0667908	0.0846516	0.120759	0.055107	0.617449	0.0491952	0.0150125	0.224391	0.118836	0.0511394	0.147451	0.492187	1.00829	2.35207	5	1.709337
2204000	-421.4294	-560.3533	138.9239	10	0.8660978	0.0247539	0.117026	0.0182119	0.0603181	0.0201355	0.00582019	0.0155721	0.014936	0.00551644	0.0248154	0.066742	0.0484851	0.109722	0.459579	0.0491834	0.0708395	0.0576334	0.0113885	0.0694454	0.109526	0.432444	0.973712	2.48432	5	1.250123
2205000	-414.4496	-554.2204	139.7709	10	0.6260758	0.0290182	0.0878067	0.0531506	0.0728258	0.0134693	0.00453301	0.0132475	0.000250321	0.0143891	0.018609	0.035353	0.0472237	0.0434341	0.654709	0.106703	0.0525105	0.0638332	0.0276466	0.0282963	0.0585268	0.32646	0.89406	2.72095	5	1.367009
2206000	-428.7691	-555.0601	126.291	10	0.315357	0.0289786	0.0959341	0.050207	0.0995169	0.0178356	0.0225026	0.00807633	0.00834586	0.00596834	0.0501607	0.0303082	0.11173	0.010139	1.15865	0.130671	0.0380983	0.126888	0.0259356	0.0806314	0.00662346	0.116482	0.620714	3.25618	5	2.100581
2207000	-427.6579	-562.0113	134.3534	10	0.9466842	0.0413606	0.0687183	0.0515777	0.0475645	0.0216733	0.0172737	0.0522564	0.0115781	0.0193805	0.0608868	0.0172964	0.155136	0.139071	0.387343	0.0452968	0.0264188	0.0398552	0.0532699	0.0577058	0.126197	0.460118	0.990572	2.42311	5	1.313662
2208000	-417.9232	-560.6544	142.7312	10	0.2281042	0.0199726	0.0703141	0.00914812	0.0142053	0.0289023	0.00417055	0.0269353	0.00949849	0.0040663	0.032151	0.0165688	0.028932	0.0635556	0.739221	0.0854275	0.114215	0.0145381	0.0852914	0.0308361	0.00124333	0.0513985	0.452983	3.49438	5	1.39795
2209000	-408.2208	-556.4768	148.256	10	0.2482038	0.023114	0.0915443	0.0287928	0.0550556	0.0317117	0.00167674	0.0322449	0.00153482	0.00689339	0.018445	0.0248329	0.0366686	0.0254193	0.617574	0.0551826	0.106256	0.15087	0.024117	0.014655	0.0020291	0.0653959	0.497682	3.43489	5	1.346589
2210000	-413.7482	-560.1999	146.4517	10	0.2860934	0.0253506	0.0727262	0.0297963	0.0512998	0.0121185	0.00734123	0.0328699	0.00948461	0.0149829	0.0622253	0.0430958	0.042307	0.085159	0.607577	0.0243449	0.0425383	0.0180588	0.004541	0.0639829	0.00423519	0.0937302	0.571692	3.33034	5	1.2498
2211000	-427.3747	-561.4908	134.116	10	0.6227503	0.055301	0.0581375	0.0784066	0.0669516	0.00549046	0.00314045	0.0201087	0.00267708	0.0192928	0.0729556	0.00758191	0.0409042	0.0838578	0.548828	0.0987313	0.0725376	0.050408	0.00259123	0.0328487	0.0578316	0.324684	0.892496	2.72499	5	1.32075
2212000	-412.1184	-556.6924	144.574	10	0.1975815	0.0253326	0.043014	0.0168906	0.0396086	0.0308987	0.0118094	0.0100219	0.0107935	0.00530969	0.00681182	0.0292065	0.0264201	0.0149637	0.560727	0.0429329	0.0855169	0.0337972	0.0572365	0.0247626	0.000488148	0.032392	0.377316	3.5898	5	1.076054
2213000	-423.4229	-561.9475	138.5246	10	1.350889	0.00673581	0.0725247	0.0290841	0.0591509	0.010085	0.000679822	0.0238409	0.00447273	0.032574	0.00730911	0.086561	0.124521	0.0529488	0.81096	0.0786203	0.143649	0.0323724	0.0602349	0.0421119	0.201342	0.561696	1.04032	2.19664	5	1.678437
2214000	-411.1201	-554.7339	143.6137	10	0.3521959	0.066968	0.245861	0.00162264	0.0574124	0.0239528	0.0044957	0.00450237	0.0138112	0.00150286	0.0196642	0.0317013	0.0129894	0.0537609	0.448583	0.00886164	0.0597888	0.0620001	0.0371709	0.0714946	0.0104645	0.145262	0.673902	3.17037	5	1.226144
2215000	-414.6348	-551.8373	137.2024	10	0.5529366	0.0481458	0.129473	0.0298886	0.0830955	0.00328396	0.00797162	0.00515825	0.0209037	0.00233746	0.0164088	0.0475409	0.0872641	0.0294239	0.639403	0.0949541	0.0224546	0.0775258	0.0653314	0.0268437	0.0435705	0.285077	0.855268	2.81608	5	1.437409
2216000	-416.5473	-557.807	141.2597	10	0.3751946	0.0599391	0.113486	0.0255537	0.0449715	0.00292273	0.014475	0.00919366	0.0199317	0.00722249	0.00633675	0.0686691	0.0230605	0.0718949	0.575123	0.126123	0.0661916	0.053015	0.0793619	0.0334415	0.0133045	0.162998	0.70298	3.12072	5	1.400913
2217000	-423.0621	-559.9352	136.8731	10	0.3777382	0.0355574	0.0616979	0.0142173	0.0612104	0.0104474	0.00850525	0.0138697	0.0126011	0.00812175	0.0168026	0.0403168	0.0304692	0.0332739	0.386748	0.0182813	0.0477829	0.0174969	0.0603557	0.0337376	0.0136381	0.164941	0.706021	3.1154	5	0.911493
2218000	-416.9383	-555.6321	138.6938	10	0.4637175	0.0352825	0.0395294	0.0465523	0.0377752	0.0310942	0.00592845	0.00871645	0.0254906	0.0011263	0.0159408	0.0627223	0.0485114	0.027649	0.680392	0.0888424	0.00509019	0.139347	0.0536511	0.0220451	0.0268766	0.227571	0.791961	2.95359	5	1.375687
2219000	-430.4914	-563.9495	133.4581	10	0.6386647	0.0213802	0.0671703	0.0329523	0.0823183	0.0151227	0.00991422	0.0444829	0.0354169	0.00808871	0.00578444	0.062582	0.19731	0.0167065	0.592219	0.0262617	0.020171	0.0233259	0.169125	0.0224668	0.0611681	0.333094	0.899832	2.70591	5	1.4528
2220000	-431.0543	-559.6583	128.604	10	0.7034334	0.0170377	0.168397	0.0409876	0.108141	0.0302908	0.00554897	0.000880279	0.00516479	0.0245841	0.0276588	0.069651	0.118406	0.138187	0.423247	0.0633001	0.192102	0.0076464	0.00634874	0.0268852	0.0749218	0.365146	0.926134	2.6338	5	1.474465
2221000	-412.9833	-560.5285	147.5452	10	0.5397839	0.123627	0.0817796	0.00221076	0.0807703	0.00815108	0.013122	0.0177359	0.0225895	0.00551863	0.0374947	0.0144701	0.0829573	0.0187938	0.541878	0.127635	0.0521355	0.125729	0.116526	0.0267842	0.0409777	0.277097	0.847189	2.83474	5	1.499908
2222000	-419.8467	-561.58	141.7333	10	0.34543	0.0090062	0.0858959	0.00822955	0.0136455	0.0142243	0.00724471	0.0244188	0.00781921	0.00528988	0.0659574	0.0129329	0.0409855	0.0810925	0.686131	0.0551568	0.00961905	0.0426182	0.0342301	0.0516833	0.00969185	0.139998	0.664775	3.18553	5	1.256181
2223000	-420.4814	-554.074	133.5926	10	0.473162	0.094935	0.084101	0.0309793	0.0368831	0.02221	0.011451	0.0105159	0.0038348	0.00648476	0.0195152	0.0412202	0.0646023	0.0639786	0.732835	0.116512	0.0452324	0.0379162	0.0801956	0.0440345	0.0285279	0.234034	0.799713	2.93772	5	1.547438
2224000	-416.5001	-556.5773	140.0772	10	0.5029822	0.081639	0.228558	0.0152368	0.062939	0.0069772	0.0366849	0.00374226	0.00808976	0.0111156	0.0116016	0.0660333	0.082519	0.0915691	0.623312	0.0474978	0.0790217	0.0800339	0.00809521	0.0570796	0.0339418	0.253858	0.822426	2.88977	5	1.601745
2225000	-423.0621	-562.299	139.2368	10	0.219322	0.021296	0.0557579	0.0253052	0.078241	0.013677	0.00877457	0.00293347	0.00311428	0.00994691	0.0141819	0.0481053	0.16979	0.0101641	0.60721	0.114868	0.184329	0.0188222	0.016878	0.0166152	0.00097582	0.0456128	0.432185	3.52123	5	1.42001
2226000	-406.9497	-553.0625	146.1128	10	0.3533999	0.0321731	0.0712544	0.00016928	0.0286406	0.0335069	0.00355569	0.0037562	0.00858177	0.00882823	0.00675664	0.103171	0.133532	0.0326911	0.786695	0.0785699	0.0714003	0.0651637	0.0528678	0.0511871	0.0106051	0.146197	0.675497	3.1677	5	1.5725
2227000	-422.4653	-555.6544	133.189	10	0.2115241	0.013292	0.04754	0.0314367	0.051109	0.0100127	0.0140308	0.0165648	0.00443634	0.00766097	0.0150652	0.029833	0.0317361	0.0492157	0.709618	0.00357718	0.0355461	0.018884	0.0836467	0.0688887	0.000773755	0.0406771	0.41306	3.54549	5	1.242094
2228000	-416.4282	-557.4842	141.056	10	0.4148288	0.0146964	0.143503	0.0214972	0.0671321	0.0119503	0.0134223	0.0426177	0.00594016	0.015361	0.0287027	0.0387087	0.0542504	0.0374724	0.86279	0.00610376	0.0585423	0.138738	0.09581	0.0377749	0.0189105	0.192744	0.746841	3.0415	5	1.695013
2229000	-421.4513	-560.1903	138.739	10	0.7363419	0.035114	0.244969	0.045969	0.058502	0.0395492	0.00762285	0.0299035	0.0169146	0.0175749	0.0346028	0.0600772	0.0665883	0.092139	0.625675	0.0357922	0.0953072	0.126921	0.0474853	0.0114451	0.0819617	0.380184	0.937626	2.60023	5	1.692152
2230000	-432.4575	-566.3222	133.8647	10	0.7584196	0.0334253	0.0926443	0.0300057	0.0720541	0.0246281	0.00787395	0.0257663	0.0206812	0.00159109	0.03059	0.0829125	0.0712391	0.103842	0.437138	0.0580177	0.0571158	0.00932512	0.07794	0.0805068	0.0866856	0.389839	0.944732	2.57874	5	1.317297
2231000	-421.5992	-556.3219	134.7226	10	0.3204827	0.0317743	0.0558512	0.0271859	0.0458476	0.00559913	0.00880793	0.0106375	0.00557933	0.00695688	0.0388551	0.0251424	0.0192171	0.0701102	0.870763	0.0275487	0.0501772	0.0255627	0.0708552	0.114103	0.00710318	0.120494	0.62865	3.24375	5	1.510575
2232000	-422.3527	-559.6014	137.2488	10	0.286333	0.0206992	0.140502	0.0382088	0.0427238	0.0276681	0.000499178	0.0178774	0.00688172	0.0205324	0.0278034	0.0327425	0.061167	0.0336912	0.765257	0.020803	0.031634	0.0996267	0.0734282	0.0477801	0.00425231	0.0939146	0.572121	3.32971	5	1.509526
2233000	-417.8725	-563.1961	145.3236	10	0.690316	0.00499391	0.0576341	0.0530246	0.0379489	0.0210341	0.00197893	0.00683445	0.0127229	0.00443594	0.0370857	0.0220501	0.0522132	0.0742097	0.42916	0.0170671	0.000912056	0.0279993	0.0820287	0.0725562	0.072121	0.358925	0.921226	2.64773	5	1.015889
2234000	-437.9335	-565.4189	127.4854	10	1.111084	0.06178	0.179191	0.0696226	0.0434691	0.0114283	0.00972713	0.01579	0.0281279	0.00697549	0.0423293	0.0545755	0.0198604	0.163196	0.64776	0.107245	0.22136	0.0760182	0.0169658	0.132908	0.15857	0.507771	1.01622	2.31744	5	1.908331
2235000	-433.3298	-563.3703	130.0405	10	0.3142952	0.00742798	0.0783624	0.0104196	0.074895	0.00933627	0.015365	0.00946208	0.00726676	0.00817237	0.0334191	0.0467921	0.132882	0.0475768	0.325615	0.0787408	0.0063394	0.0429197	0.023929	0.0522701	0.00652635	0.115652	0.619047	3.25878	5	1.011192
2236000	-425.0009	-554.1904	129.1895	10	0.3124098	0.0406072	0.0636025	0.0422013	0.0471764	0.0258239	0.00186434	0.0128998	0.00200468	0.0142611	0.0595717	0.0397476	0.0981954	0.0135418	0.559226	0.0817552	0.0980858	0.0442951	0.0927454	0.0308434	0.00635584	0.114177	0.616067	3.2634	5	1.368449
2237000	-418.667	-560.6148	141.9478	10	0.1390241	0.0423726	0.0763781	0.0227668	0.0511928	0.00607023	0.00164334	0.0467751	0.0267495	0.000299176	0.00703313	0.046143	0.0295458	0.00318762	0.755768	0.030972	0.0380564	0.106708	0.04922	0.0545896	2.56305e-05	0.00748987	0.208526	3.78396	5	1.395471
2238000	-420.7869	-558.08	137.2932	10	0.1818317	0.0164591	0.0780314	0.00553018	0.0536962	0.0235367	0.00170122	0.00736711	0.0037866	0.0158908	0.000771566	0.0393831	0.0198576	0.148045	0.301708	0.159187	0.000925606	0.0212186	0.0455883	0.0539208	0.000266414	0.0239954	0.334608	3.64113	5	0.9966059
2239000	-435.6529	-564.8958	129.2429	10	0.275934	0.032835	0.168578	0.00586216	0.0847251	0.00882612	0.0215523	0.0376684	0.000312119	0.0138075	0.0015482	0.0702386	0.0655899	0.0371648	0.553777	0.0901729	0.0391942	0.0359447	0.121593	0.00610405	0.00354658	0.0859581	0.553084	3.35741	5	1.395494
2240000	-414.7741	-553.5633	138.7892	10	0.3305376	0.007406	0.0808804	0.0183743	0.0404383	0.0236071	0.00268343	0.0105064	0.00321884	0.00140048	0.0392578	0.0329469	0.0614443	0.067908	0.869244	0.0500343	0.0478967	0.101903	0.0959608	0.00785877	0.0080964	0.128365	0.643697	3.21984	5	1.56297
2241000	-432.5059	-558.107	125.6011	10	0.4980118	0.0561691	0.154205	0.0402291	0.0769374	0.0412679	0.00143659	0.0139692	0.00650255	0.012898	0.0251308	0.0442698	0.0279761	0.0840988	0.729704	0.0157034	0.0378571	0.0208287	0.0506773	0.124824	0.0330198	0.250616	0.818816	2.89755	5	1.564684
2242000	-417.2038	-558.201	140.9972	10	0.2141577	0.0123536	0.074711	0.0279874	0.0341173	0.0106508	0.0110017	0.00393883	0.0097237	0.0170401	0.0152722	0.0482743	0.0218589	0.0564821	0.624789	0.0127338	0.0450167	0.0244224	0.0308751	0.0549048	0.000838411	0.0423214	0.419589	3.53725	5	1.136154
2243000	-430.706	-560.4437	129.7376	10	1.167418	0.0881275	0.128468	0.0371038	0.03435	0.0329674	0.0280473	0.0273786	6.81769e-05	0.00780949	0.0359635	0.0264248	0.119746	0.05694	0.592509	0.0935239	0.0221967	0.0913361	0.0833084	0.176836	0.169099	0.521875	1.02302	2.28601	5	1.683105
2244000	-428.4747	-561.98	133.5053	10	0.4283578	0.0234355	0.114634	0.00645761	0.0403867	0.0015505	0.0111446	0.0218742	0.00469736	0.00772228	0.0383425	0.00617518	0.0561373	0.0386437	0.978315	0.057611	0.163013	0.0575903	0.12653	0.0173534	0.021009	0.202604	0.76023	3.01616	5	1.771614
2245000	-416.5677	-558.8213	142.2536	10	1.52571	0.0344066	0.101927	0.0264743	0.0915553	0.00367688	0.00810984	0.0130915	0.00739372	0.0104295	0.022993	0.0419509	0.0494885	0.0893141	0.436234	0.0512423	0.0899335	0.0174293	0.0600603	0.12639	0.229267	0.592781	1.0519	2.12606	5	1.282101
2246000	-421.0836	-558.3968	137.3133	10	0.2930903	0.0211065	0.0770165	0.0357885	0.0498899	0.00357809	0.0129356	0.0170974	0.00621041	0.00356	0.027728	0.0150968	0.0899431	0.0369111	0.843654	0.0719131	0.0337227	0.0296719	0.0698217	0.0642484	0.00475157	0.0991316	0.584014	3.3121	5	1.509893
2247000	-417.5683	-559.2175	141.6492	10	2.140076	0.0342941	0.130136	0.0359695	0.0747998	0.00194059	0.00293	0.0202455	0.00200889	0.016154	0.025753	0.0553885	0.0164591	0.0114735	0.626636	0.0934964	0.111271	0.0605794	0.0758503	0.14094	0.309441	0.669128	1.07313	1.9483	5	1.536326
2248000	-415.1075	-555.9352	140.8276	10	0.24361	0.0309252	0.0943623	0.00670856	0.0318529	0.01285	0.0216332	0.00153415	0.0108873	0.000325202	0.00459997	0.0360011	0.0814351	0.045051	0.361096	0.010964	0.0336664	0.0589707	0.109677	0.0833677	0.0018272	0.0621156	0.487815	3.44824	5	1.035908
2249000	-416.4947	-554.3489	137.8542	10	0.3919119	0.0335872	0.0994371	0.0415913	0.071683	0.0187185	0.014301	0.0380953	0.00834714	0.0112544	0.0117779	0.0499735	0.00677063	0.0418571	0.58049	0.063172	0.0229394	0.0500291	0.0549944	0.0763518	0.0155651	0.175689	0.722378	3.08637	5	1.29537
2250000	-423.5796	-558.1834	134.6038	10	0.6459578	0.0241944	0.135913	0.0419259	0.0573616	0.0308571	5.74605e-06	0.0336515	0.00665678	0.0245685	0.043565	0.0161889	0.119237	0.119531	1.13176	0.188096	0.023323	0.145246	0.0158253	0.115939	0.0627044	0.336875	0.903069	2.69735	5	2.273845
2251000	-427.6387	-563.1813	135.5426	10	0.3087538	0.0130677	0.0958146	0.0550047	0.0800513	0.0651584	0.018133	0.012873	0.00834523	0.0163373	0.0112706	0.0909364	0.0455257	0.0224283	0.605342	0.163556	0.116496	0.0453549	0.00245779	0.000929269	0.00603223	0.11132	0.610215	3.27243	5	1.469082
2252000	-435.6628	-571.6938	136.031	10	0.2925625	0.11921	0.112538	0.0537811	0.0453936	0.0217203	0.00440232	0.00908826	0.00292563	0.0113358	0.0274051	0.0943179	0.0973914	0.0638313	0.705495	0.275909	0.0487537	0.077632	0.00474957	0.00400644	0.00471142	0.0987231	0.583098	3.31347	5	1.779886
2253000	-431.5814	-561.1641	129.5827	10	0.4618946	0.0774952	0.109742	0.0267048	0.0738051	0.0218816	0.0127578	0.0164513	0.0235864	0.00327913	0.0297822	0.061462	0.269727	0.0498523	0.711593	0.0193892	0.0677503	0.0383882	0.0597023	0.0524893	0.0265617	0.226313	0.790431	2.95669	5	1.72584
2254000	-404.7946	-549.214	144.4193	10	0.3445605	0.00717897	0.0656264	0.0234094	0.0327567	0.00860689	0.00153062	0.00195764	0.00158917	0.00582554	0.00400523	0.0540958	0.0692507	0.068484	0.51977	0.0947389	0.0242512	0.0192453	0.0327364	0.00942084	0.00959469	0.13932	0.663583	3.1875	5	1.04448
2255000	-406.86	-547.3136	140.4536	10	0.2589118	0.022158	0.124653	0.0433999	0.0672444	0.00188342	0.0025325	0.000442177	0.00340049	0.00238572	0.00484245	0.0617254	0.041247	0.0127282	0.913872	0.0608166	0.104336	0.0117016	0.0302573	0.077034	0.00255337	0.0731971	0.519906	3.40434	5	1.58666
2256000	-415.6628	-559.6622	143.9994	10	0.3906964	0.019575	0.0525744	0.0253984	0.0263809	0.0137842	0.0118585	0.0082244	0.0115722	0.0109171	0.0581541	0.015156	0.0801993	0.0205456	0.511796	0.0863157	0.0292555	0.0422104	0.118543	0.00827973	0.0153954	0.174773	0.721014	3.08882	5	1.150741
2257000	-406.5445	-552.2437	145.6992	10	0.3773935	0.0151075	0.129622	0.0287079	0.0619387	0.0234438	0.00612201	0.00120336	0.00700385	0.000626231	0.0332455	0.0369993	0.129857	0.0228941	0.522596	0.0610082	0.0213001	0.0269729	0.0136478	0.110143	0.0135927	0.164678	0.705611	3.11612	5	1.252439
2258000	-424.6431	-563.4833	138.8401	10	1.409551	0.0103839	0.140547	0.0364226	0.0621511	0.0192568	0.0171313	0.000219676	0.00432054	0.0313739	0.026964	0.0701633	0.0131551	0.0082494	0.4076	0.132159	0.0525534	0.0957261	0.131149	0.0430697	0.211006	0.572774	1.04464	2.17158	5	1.302595
2259000	-426.8649	-558.8143	131.9494	10	0.558641	0.0233094	0.0736295	0.0587015	0.0771466	0.0282938	0.0117116	0.0104764	0.00892389	0.00803221	0.0182686	0.0476224	0.0288833	0.0896372	0.620525	0.064171	0.0208078	0.109109	0.176452	0.00502744	0.0447061	0.288485	0.858657	2.80815	5	1.480729
2260000	-418.2452	-560.2115	141.9663	10	0.5409119	0.0178934	0.0928383	0.00486046	0.0926546	0.00651871	0.01272	0.0445961	0.0160975	0.010615	0.0293203	0.078045	0.128296	0.066249	0.704343	0.111191	0.0133819	0.0269723	0.100312	0.0741162	0.0411986	0.277788	0.847897	2.83312	5	1.631021
2261000	-423.5782	-554.9788	131.4006	10	0.4929811	0.0145629	0.150571	0.0121846	0.0662576	0.0067447	0.00437381	0.0199059	0.0214747	0.00622807	0.0254731	0.049183	0.0393276	0.0139931	0.670166	0.0733675	0.167404	0.0456906	0.103456	0.101279	0.0320943	0.247309	0.815093	2.9055	5	1.591644
2262000	-426.5131	-554.6488	128.1357	10	0.4235205	0.0112961	0.220551	0.0468087	0.0858776	0.00403525	0.00810715	0.0236361	0.00634986	0.00658752	0.0254708	0.0807387	0.0367688	0.119579	0.672481	0.091246	0.0513496	0.137162	0.0162773	0.0544712	0.0202487	0.199097	0.755527	3.02513	5	1.698794
2263000	-411.9709	-550.223	138.2521	10	0.310319	0.0227927	0.0937585	0.0458811	0.0423783	0.00515481	0.00893311	0.00631982	0.0128081	0.010083	0.00906956	0.0432386	0.0701213	0.0630355	0.711064	0.0367208	0.0959152	0.0453003	0.0746675	0.0110294	0.00616964	0.112543	0.612732	3.26856	5	1.408271
2264000	-420.649	-560.9302	140.2812	10	0.4622063	0.0229575	0.0714511	0.046306	0.113478	0.00430495	0.0282361	0.0220626	0.00784476	0.00475202	0.0323332	0.0734964	0.0604913	0.00429856	0.551308	0.0486782	0.116782	0.126135	0.0977749	0.08924	0.0266154	0.226529	0.790694	2.95616	5	1.521932
2265000	-426.0973	-561.0576	134.9602	10	0.4834112	0.0953961	0.12581	0.00782398	0.0870605	0.00632838	0.0183333	0.0116041	0.0154563	0.0153123	0.0434749	0.0232141	0.0396048	0.0495035	0.596594	0.182521	0.169782	0.0874702	0.00587492	0.014112	0.0303558	0.240948	0.807812	2.92088	5	1.595277
2266000	-414.7656	-553.8482	139.0826	10	0.3021549	0.0183547	0.0902094	0.0140167	0.0722215	0.0163879	0.00151681	0.00997358	0.00620801	0.0038691	0.0447653	0.00920549	0.00278558	0.0657674	0.456495	0.0857233	0.0145626	0.059607	0.0325117	0.0439732	0.00547174	0.106173	0.599404	3.28895	5	1.048154
2267000	-419.7976	-554.0639	134.2663	10	0.3995736	0.00787357	0.12491	0.00366409	0.064725	0.0244821	0.00711397	0.0342078	0.00250693	0.00364411	0.0272632	0.0384062	0.109849	0.0834554	0.795651	0.036444	0.0915953	0.0182436	0.0569209	0.0309774	0.0166529	0.181438	0.730819	3.07109	5	1.561934
2268000	-416.632	-563.0909	146.4589	10	0.6148879	0.0471691	0.0691641	0.000463409	0.032071	0.0283727	0.00796233	0.015179	0.00749712	0.00696006	0.0389912	0.0492509	0.114037	0.00934993	0.44372	0.059802	0.0174612	0.0154216	0.173999	0.0333784	0.0561925	0.320447	0.888728	2.73463	5	1.17025
2269000	-424.0395	-560.7668	136.7273	10	0.5382364	0.0356476	0.136491	0.0163015	0.0856857	0.00159978	0.00609745	0.00816062	0.0167492	0.0019849	0.00364291	0.0490702	0.105385	0.120973	0.589943	0.0508622	0.0475242	0.0673836	0.0962016	0.0359166	0.0406751	0.276147	0.846213	2.83697	5	1.47562
2270000	-414.6424	-558.3167	143.6743	10	0.352545	0.0149907	0.139439	0.0460666	0.0382902	0.00913046	0.00289624	0.0200314	0.0134854	0.00783781	0.0652737	0.0292237	0.130943	0.137659	0.689831	0.0241524	0.0906877	0.0379295	0.125002	0.00994728	0.0105052	0.145533	0.674365	3.1696	5	1.632817
2271000	-436.8431	-565.4709	128.6278	10	0.6834298	0.089808	0.123125	0.036975	0.0323829	0.0770617	0.00451991	0.0382885	0.0269976	0.0271368	0.0329668	0.0398392	0.0667858	0.0857855	0.359419	0.0939349	0.0520139	0.0361254	0.114018	0.0424221	0.0706529	0.355606	0.91857	2.65517	5	1.379606
2272000	-414.9777	-560.3593	145.3816	10	0.2531968	0.00255676	0.170314	0.00563443	0.039162	0.00158277	0.00996294	0.000228642	0.00508171	0.00141084	0.0318078	0.0403334	0.111103	0.0489525	0.593521	0.0869265	0.0102423	0.0128661	0.0207155	0.0914814	0.00226411	0.0690081	0.508179	3.42055	5	1.283884
2273000	-418.1821	-552.8066	134.6245	10	0.485116	0.048802	0.151344	0.0219765	0.0411128	0.04429	0.00384284	0.00395513	0.0174596	0.00150473	0.0404766	0.0364565	0.00314558	0.142953	0.735088	0.0455218	0.0209208	0.0436957	0.0747254	0.147024	0.0306633	0.242088	0.809129	2.91812	5	1.624294
2274000	-406.5605	-551.9454	145.3849	10	0.2561391	0.00442885	0.0598601	0.0195811	0.0678424	0.00463643	0.00406769	0.0114461	0.00569735	0.00470923	0.0156688	0.0197165	0.0275481	0.0377831	0.667548	0.0498269	0.0468135	0.0378834	0.0324031	0.0852359	0.00241031	0.0711579	0.514254	3.41218	5	1.202696
2275000	-426.3706	-559.6853	133.3147	10	0.4637316	0.00849792	0.0910459	0.0394595	0.0399289	0.0220805	0.0135234	0.031527	0.00228685	0.0237891	0.00273132	0.047765	0.130652	0.00847344	0.722008	0.11622	0.0227195	0.028149	0.0704522	0.125572	0.026879	0.227581	0.791973	2.95357	5	1.546881
2276000	-427.0484	-557.992	130.9436	10	0.2388541	0.0323386	0.0639926	0.00916945	0.079267	0.0029127	0.0129731	0.0141257	0.00384147	0.00722527	0.0123658	0.0216131	0.00567544	0.0902102	0.645095	0.0389546	0.0530664	0.113807	0.0469499	0.0468631	0.00163237	0.0587671	0.477384	3.46222	5	1.300446
2277000	-410.5344	-553.0856	142.5513	10	0.3562258	0.0176589	0.107702	0.0315392	0.0368034	0.0105039	0.00978383	0.0129359	0.00768848	0.00307287	0.00730361	0.0367704	0.0325986	0.0663114	0.620454	0.0332281	0.0122937	0.0680544	0.0852533	0.0667881	0.0109386	0.148389	0.67921	3.16146	5	1.266744
2278000	-412.1208	-554.7215	142.6007	10	0.3019392	0.0327736	0.0383276	0.0309398	0.0377779	0.00664458	7.71843e-06	0.0302251	0.00354474	0.00479578	0.0364168	0.0417589	0.0254353	0.0464977	0.402159	0.0298378	0.0807434	0.0239762	0.13668	0.0257108	0.00545393	0.106005	0.599045	3.2895	5	1.034253
2279000	-412.9971	-553.6011	140.604	10	0.2853983	0.0339173	0.0885258	0.0136621	0.0855314	0.0126345	0.00697188	0.00651045	0.00371414	0.0127571	0.0088815	0.0659359	0.00170951	0.106638	0.609774	0.0535765	0.0646481	0.0236065	0.00608043	0.0549416	0.00418577	0.0931955	0.570446	3.33217	5	1.260017
2280000	-434.0216	-560.5924	126.5708	10	0.2770661	0.00384802	0.101719	0.0193863	0.0485857	1.7405e-05	0.00347208	0.0416586	0.0132513	0.00729245	0.00693515	0.0869173	0.0710455	0.137064	0.83013	0.131053	0.0308728	0.0570507	0.130906	0.0495075	0.00361974	0.0868193	0.555201	3.35436	5	1.770714
2281000	-425.0391	-560.0392	135.0001	10	0.3790136	0.0353867	0.151389	0.0118039	0.0298837	0.00207132	0.014411	0.00886237	0.00584672	0.0179904	0.0377857	0.0421919	0.159476	0.0676738	0.95355	0.0263847	0.0923299	0.0669313	0.0166049	0.192925	0.0138069	0.165913	0.707534	3.11275	5	1.933498
2282000	-415.0436	-553.8618	138.8182	10	0.2751927	0.0317886	0.0533373	0.0207379	0.0479744	0.0379836	0.00591722	0.0106189	0.0086675	0.000896028	0.0394822	0.0317539	0.116064	0.000426547	0.509485	0.130912	0.0312574	0.0298858	0.0606604	0.0369024	0.00349916	0.0853949	0.551692	3.35941	5	1.20475
2283000	-405.3514	-556.4874	151.136	10	0.3525998	0.0446861	0.073298	0.0655683	0.0486219	0.00445076	0.00473493	0.00168232	0.00991144	0.00215268	0.020749	0.0291155	0.0480196	0.0832212	0.434324	0.0510296	0.0392319	0.0154851	0.00332812	0.0701176	0.0105115	0.145575	0.674438	3.16948	5	1.049728
2284000	-425.9967	-558.0131	132.0164	10	0.5382143	0.0645103	0.0994804	0.0204754	0.102324	0.0186775	0.0163454	0.0183076	0.00675643	0.0155216	0.0859971	0.0347518	0.00296625	0.0207589	0.652435	0.0388269	0.0544903	0.131257	0.0745011	0.0850753	0.0406708	0.276133	0.846199	2.837	5	1.543459
2285000	-405.1169	-555.195	150.0781	10	0.3770417	0.00913729	0.100694	0.0120217	0.0365531	0.0374852	0.00859469	0.00756978	0.00700713	0.00450475	0.00192478	0.0743633	0.0748994	0.0297118	0.538295	0.0756173	0.0764773	0.0407118	0.0260967	0.0364271	0.0135464	0.164409	0.705192	3.11685	5	1.198092
2286000	-415.0082	-562.7485	147.7402	10	0.5247616	0.0293044	0.04735	0.0245972	0.10898	0.0526265	0.00263969	0.0383363	0.0127366	0.00998178	0.0132449	0.0767004	0.0449353	0.0854718	0.783782	0.00957986	0.016586	0.0410668	0.0929031	0.0682651	0.0380639	0.267774	0.837482	2.85668	5	1.559087
2287000	-419.2924	-555.1208	135.8284	10	0.3118011	0.0411887	0.132607	0.0132539	0.0229974	0.0265958	0.0165895	0.0146653	0.00638601	0.0106716	0.0242358	0.0451041	0.0783338	0.00830788	0.63317	0.0996361	0.0240047	0.0916854	0.0816908	0.0531643	0.00630132	0.113701	0.615099	3.2649	5	1.424288
2288000	-426.78	-559.3959	132.6159	10	0.3826082	0.00704534	0.141633	0.0364059	0.0716777	0.00484576	0.0209151	0.00741086	0.00394675	0.017863	0.0349198	0.0440689	0.0856624	0.0750433	0.728865	0.108879	0.104619	0.00314971	0.0708245	0.0452177	0.0142874	0.168649	0.711753	3.10531	5	1.612993
2289000	-409.335	-552.3971	143.0621	10	0.216876	0.00046565	0.114111	0.00186377	0.051548	0.00231437	0.00427199	0.00594716	0.0106156	0.0042552	0.0266334	0.0420104	0.0263427	0.128069	0.764986	0.104223	0.0765693	0.00374144	0.108428	0.0278082	0.000908957	0.0440431	0.426253	3.52879	5	1.504204
2290000	-417.4108	-557.2344	139.8237	10	0.3996518	0.0081302	0.0916557	0.0341926	0.0297204	0.0522143	0.00363465	0.000742401	0.00956815	0.00628848	0.0305134	0.00378803	0.0524558	0.101828	0.544437	0.0926148	0.0336924	0.0112515	0.0250871	0.031229	0.0166642	0.181496	0.730904	3.07094	5	1.163045
2291000	-421.3054	-561.1702	139.8648	10	0.4334015	0.00163529	0.170131	0.0509277	0.0926285	0.00407484	0.0173182	0.000919983	0.0130467	0.0340797	0.0601143	0.0189331	0.146652	0.0893865	0.820797	0.0101901	0.111602	0.0304364	0.109949	0.00118085	0.0218132	0.206237	0.765035	3.00691	5	1.784003
2292000	-416.7901	-559.1232	142.3331	10	0.3553284	0.0124649	0.0628382	0.016178	0.0579801	0.0651298	0.0176156	0.0115061	0.00161419	0.00744812	0.0382374	0.0202211	0.105159	0.0348728	0.566482	0.0613545	0.00424717	0.0560202	0.0374127	0.0128292	0.0108321	0.147693	0.678036	3.16344	5	1.189612
2293000	-417.2141	-553.859	136.6448	10	0.6242681	0.0533903	0.107457	0.0537379	0.0682398	0.0201291	0.00929638	0.00696651	0.0194722	0.000582027	0.0266124	0.0526051	0.0904208	0.0228273	0.63722	0.0519395	0.0962964	0.199656	0.0752268	0.00933177	0.0581488	0.325496	0.893212	2.72314	5	1.601407
2294000	-419.2895	-556.095	136.8056	10	0.3304144	0.021882	0.104042	0.0403503	0.0236339	0.0205932	0.00244323	0.0275635	0.00127431	0.00959901	0.00170367	0.0660292	0.0420836	0.0791876	0.908442	0.00205465	0.10531	0.034044	0.197115	0.00710288	0.00808381	0.128269	0.643516	3.22013	5	1.694454
2295000	-418.862	-560.9052	142.0433	10	0.2784385	0.0153367	0.16818	0.0343014	0.0637891	0.00324537	0.0545458	0.00297183	0.00285104	0.00726365	0.0775932	0.0198074	0.0335439	0.16691	0.723125	0.00302572	0.0347018	0.0625951	0.114203	0.0136977	0.00370962	0.087865	0.557752	3.35067	5	1.601688
2296000	-408.1985	-559.6865	151.4879	10	0.2294875	0.026922	0.0781571	0.0226595	0.0231939	0.0327006	0.00974435	0.0246732	0.00124067	0.00981105	0.0265806	0.0011425	0.0482791	0.127134	0.529522	0.0320422	0.0183197	0.0144306	0.0255766	0.0149974	0.0012895	0.0523299	0.456187	3.49019	5	1.067127
2297000	-414.3492	-561.5147	147.1655	10	0.2278371	0.0227123	0.088224	0.00662034	0.0457855	0.0157177	0.0248704	0.0712209	0.00711791	0.00519469	0.0290619	0.0814332	0.140368	0.0299008	0.561705	0.0918501	0.00477309	0.0341271	0.0347541	0.00540966	0.00123454	0.0512192	0.452361	3.49518	5	1.300847
2298000	-400.4226	-551.7102	151.2876	10	0.2233853	0.0171842	0.065251	0.0065207	0.0215321	0.00884654	0.00474045	0.000749647	0.00371282	0.00688671	0.0141596	0.0120448	0.0505016	0.0136977	0.391707	0.040982	0.0405049	0.000100288	0.0321999	0.0631111	0.00109416	0.0482615	0.441905	3.50874	5	0.7944326
2299000	-421.6664	-561.9754	140.309	10	0.9082504	0.0522992	0.0927726	0.0557036	0.0862548	0.0181847	0.0257417	0.0939095	0.00406344	0.00820476	0.0310791	0.0560791	0.0902134	0.128229	0.782227	0.04373	0.114582	0.0310212	0.0211411	0.0489019	0.118303	0.447324	0.982962	2.45141	5	1.784337
2300000	-423.919	-560.8071	136.8881	10	0.3260808	0.0188125	0.0538679	0.0101176	0.0664475	0.00562063	0.0126441	5.47313e-05	0.015034	0.00456025	0.00744093	0.0494597	0.0440661	0.103543	0.634523	0.0196226	0.0553384	0.00887119	0.0891931	0.068379	0.00764769	0.124877	0.637111	3.23036	5	1.267597
2301000	-420.7254	-554.1143	133.3889	10	0.3638162	0.0421822	0.0716374	0.0623752	0.0415027	0.0112601	0.00913771	0.0155206	0.00320782	0.0132943	0.000983611	0.0825063	0.0437333	0.0199284	0.748639	0.0414325	0.0730282	0.0486161	0.0792821	0.141201	0.011859	0.154258	0.688957	3.14493	5	1.549469
2302000	-411.2639	-556.8897	145.6258	10	0.4483154	0.0187404	0.0885159	0.0616452	0.0482489	0.0144863	0.0157799	0.00177593	0.0106232	0.00719024	0.00330161	0.15231	0.108487	0.103062	0.676727	0.0048778	0.039733	0.0364414	0.123635	0.0540722	0.0242567	0.216843	0.778687	2.98021	5	1.569653
2303000	-435.0779	-560.3119	125.234	10	0.5295476	0.00730482	0.108059	0.054427	0.0999949	0.0123427	0.00683158	0.00304919	0.0148011	0.0121775	0.00952317	0.0857635	0.0660549	0.049477	0.484687	0.0913944	0.0855253	0.02795	0.2098	0.0910793	0.0389864	0.270768	0.840632	2.84961	5	1.520243
2304000	-417.9832	-552.1227	134.1395	10	0.6818279	0.0377373	0.0712212	0.0213037	0.0216041	0.0157414	0.0114294	0.0140768	0.0030632	0.00782632	0.0109838	0.0632704	0.0569146	0.134324	0.653492	0.0265517	0.101194	0.0298547	0.0699592	0.0619904	0.0703117	0.354828	0.917944	2.65692	5	1.412539
2305000	-414.6833	-555.5184	140.8351	10	0.2014265	0.0282587	0.023621	0.0287375	0.02733	0.0165031	0.00336819	0.00483604	0.00655302	0.00635781	0.00948682	0.0526088	0.00580238	0.0129992	0.306365	0.0887264	0.00195411	0.0349565	0.0466243	0.0827438	0.000557818	0.0346024	0.387371	3.57747	5	0.7878322
2306000	-408.7814	-554.221	145.4397	10	0.3667129	0.0282967	0.128654	0.0231125	0.0673749	0.00489908	0.00989027	0.000862889	0.0052982	0.0291741	0.00207856	0.0393218	0.0371459	0.0339489	0.424553	0.0434994	0.0462132	0.0943149	0.0589267	0.0248933	0.0122196	0.156489	0.692593	3.1387	5	1.102458
2307000	-416.021	-555.4164	139.3954	10	0.3403749	0.0180299	0.113459	0.0311214	0.0296873	0.0227676	0.0065246	0.0264923	0.0117844	0.0140625	0.0261636	0.0475642	0.0906594	0.129667	0.619382	0.0460988	0.0298393	0.0236405	0.031355	0.0971235	0.00913389	0.136055	0.657776	3.19703	5	1.415422
2308000	-418.2576	-555.5681	137.3105	10	0.6994742	0.0353133	0.123626	0.0461074	0.0560471	0.0217387	0.0002306	0.0311713	0.00381369	0.00186672	0.0266684	0.0508176	0.0816028	0.00984924	0.534013	0.0862587	0.0125706	0.130358	0.0374467	0.104408	0.074076	0.363282	0.924673	2.63797	5	1.393908
2309000	-420.1357	-561.0338	140.898	10	0.2869472	0.0326096	0.0613929	0.0281408	0.0520049	0.0227651	0.0169208	0.0546828	0.0127741	0.00674462	0.000165577	0.0995767	0.0689124	0.0674231	0.929803	0.0789759	0.0770072	0.015493	0.0879016	0.0599451	0.00429636	0.0943874	0.573217	3.3281	5	1.773239
2310000	-431.5123	-557.4914	125.9791	10	0.4140543	0.0107118	0.216622	0.0276102	0.0442107	0.00498694	0.00467926	0.111772	0.0121536	0.014287	0.0367472	0.0529645	0.0859965	0.0437931	1.25084	0.0347479	0.172249	0.0666923	0.154857	0.0860703	0.0187931	0.192174	0.746052	3.04298	5	2.431997
2311000	-423.2303	-560.0776	136.8473	10	0.2773969	0.0204958	0.134224	0.00275309	0.0598446	0.0163149	0.00696107	0.012961	0.0151013	0.010912	0.0138468	0.0519486	0.0710867	0.0300656	0.732635	0.0368479	0.0961908	0.173671	0.0207199	0.00997675	0.00364128	0.0870711	0.555817	3.35347	5	1.516557
2312000	-416.5163	-565.0122	148.4959	10	0.5868334	0.0495611	0.126094	0.0588241	0.0669344	0.0132474	0.01188	0.0294372	0.00519313	0.00727606	0.0490567	0.0245868	0.0292761	0.048073	0.519252	0.0386282	0.0334827	0.158199	0.0729308	0.00747069	0.0504043	0.304874	0.87445	2.77027	5	1.349404
2313000	-417.5482	-563.3691	145.8209	10	0.3342129	0.0277523	0.0738344	0.0202734	0.0573258	0.0386331	0.0190294	0.00294989	0.000369687	0.0212273	0.0177089	0.0401293	0.0419851	0.0705782	0.725288	0.0435062	0.0888326	0.109255	0.00805311	0.126285	0.00847648	0.13124	0.649029	3.21125	5	1.533016
2314000	-419.3673	-556.7188	137.3515	10	0.1336785	0.0695046	0.104145	0.0481389	0.0354475	0.00430242	0.0109588	0.0172012	0.0129387	0.00559254	0.0257353	0.0297759	0.0303398	0.0963648	1.02799	0.0315367	0.0802383	0.00199581	0.0147158	0.0190134	1.72162e-05	0.00614261	0.192244	3.8016	5	1.665934
2315000	-419.5441	-558.5248	138.9808	10	0.3679567	0.0131992	0.155809	0.0380815	0.0705324	0.000244968	0.00611043	0.00202042	0.011368	0.0182795	0.00328901	0.0461983	0.0617431	0.0279331	0.736083	0.0637646	0.100101	0.0316228	0.0249791	0.0881597	0.012376	0.157447	0.69414	3.13604	5	1.49952
2316000	-421.842	-561.1029	139.2609	10	0.2573022	0.0179893	0.0883413	0.0301372	0.0199023	0.00798729	0.0126379	0.0282461	0.000114928	0.0146491	0.0675025	0.00437915	0.024748	0.0383585	0.887905	0.0600905	0.070483	0.0624021	0.0410097	0.0829381	0.00246969	0.0720118	0.516634	3.40888	5	1.559822
2317000	-417.0579	-556.2796	139.2216	10	0.1822387	0.0215323	0.0412198	0.0132678	0.0165563	0.0101494	0.0104672	0.0217536	0.00401377	0.00240722	0.00841026	0.053906	0.0577668	0.05443	0.364764	0.0508496	0.00325275	0.078385	0.0271372	0.0180334	0.000270974	0.0241982	0.335742	3.63979	5	0.8583027
2318000	-423.0179	-561.774	138.756	10	0.4204611	0.0174888	0.0730503	0.0281955	0.115907	0.0183876	0.033693	0.00317474	0.000144276	0.0169137	0.0167648	0.0532606	0.00220671	0.0353062	0.489737	0.0289148	0.0876729	0.100046	0.0213099	0.0582581	0.0197735	0.196868	0.752505	3.03085	5	1.200431
2319000	-405.7283	-556.1277	150.3993	10	0.2614546	0.00694619	0.0781462	0.00442029	0.0304644	0.0277004	0.00499474	0.00580125	0.00204034	0.0106585	0.000148892	0.0568981	0.0138525	0.0592637	0.5019	0.0905615	0.0530497	0.0152684	0.0481562	0.0655094	0.00268914	0.075078	0.525027	3.39721	5	1.075781
2320000	-423.5471	-558.4462	134.8991	10	1.110752	0.039642	0.126486	0.0182594	0.0669192	0.00630191	0.0130861	0.0145581	0.0015917	0.0181185	0.00565898	0.0673866	0.00153709	0.078988	0.629151	0.0355627	0.0925601	0.080945	0.0811673	0.15462	0.158507	0.507685	1.01617	2.31763	5	1.53254
2321000	-428.1178	-557.7875	129.6697	10	0.4064971	0.0654658	0.104074	0.00262573	0.0391385	0.0149651	0.00779049	0.0206001	0.00641762	0.00561638	0.0174716	0.0826541	0.0499084	0.0136345	1.17331	0.0877735	0.10716	0.0779425	0.0553051	0.0549091	0.0176628	0.186593	0.738217	3.05753	5	1.986765
2322000	-412.9538	-552.6789	139.7251	10	0.3213372	0.0306379	0.0688197	0.0210818	0.0333849	0.0197825	0.00159655	0.000548581	0.00670435	0.0104845	0.00170112	0.0357245	0.01491	0.0172163	0.471573	0.0532214	0.0551904	0.0159359	0.10061	0.0172811	0.00718491	0.121163	0.629955	3.2417	5	0.9764043
2323000	-428.8365	-561.9592	133.1227	10	0.6916603	0.0233989	0.106526	0.0920034	0.109935	0.00729329	0.00631772	0.017573	0.00774364	0.0184527	0.0627756	0.0551784	0.0560238	0.130557	0.678726	0.0121487	0.144364	0.0530384	0.0843017	0.0108877	0.0724079	0.359569	0.921738	2.64629	5	1.677244
2324000	-423.4765	-560.4131	136.9366	10	0.4034027	0.00876305	0.103404	0.00935605	0.0440735	0.00329463	0.0135542	0.0031283	0.00135987	0.0130657	0.0353576	0.0148643	0.125257	0.0311959	0.489427	0.0396612	0.133894	0.0630328	0.0122878	0.0483082	0.0172084	0.184293	0.734937	3.06356	5	1.193286
2325000	-416.003	-556.5814	140.5784	10	0.2815706	0.0112144	0.0790621	0.0200105	0.0168801	0.0523351	0.00842353	0.00225584	0.00353711	0.0155155	0.0128636	0.0160944	0.120383	0.00409362	0.54144	0.0289807	0.0490231	0.0807082	0.045487	0.0203433	0.0039197	0.0902585	0.563515	3.34231	5	1.128651
2326000	-421.7281	-563.1215	141.3934	10	0.4264062	0.00768879	0.0859766	0.0249013	0.0340872	0.00437824	0.0201047	0.00755434	0.00759511	0.00286621	0.0404169	0.034677	0.0605183	0.107264	0.416051	0.0164455	0.113731	0.00556777	0.0225806	0.117008	0.0207009	0.201191	0.758344	3.01976	5	1.129412
2327000	-412.8119	-558.5757	145.7638	10	0.2529526	0.02691	0.0736426	0.0312525	0.0239884	0.0123001	0.0102384	0.0491991	0.00994372	0.00924467	0.0160594	0.0188317	0.00679447	0.043602	0.532507	0.058181	0.0100724	0.0489087	0.0202493	0.0803921	0.00225223	0.0688304	0.507671	3.42125	5	1.082317
2328000	-416.4613	-556.901	140.4397	10	0.4579507	0.00494641	0.0743273	0.0370537	0.044337	0.00440019	0.0179293	0.00168729	0.0104947	0.0228955	0.00628567	0.0527962	0.0675137	0.0854459	0.535993	0.144453	0.00236926	0.00798207	0.0562503	0.0810126	0.0258847	0.223581	0.787085	2.96345	5	1.258173
2329000	-426.3026	-561.6743	135.3717	10	0.7472448	0.0727109	0.113556	0.0440432	0.0309414	0.0409426	0.0188657	0.0257834	0.00741898	0.0157813	0.00982861	0.0616827	0.0134903	0.0355816	0.589377	0.173545	0.0269203	0.0435807	0.0782091	0.0558041	0.084295	0.384994	0.941192	2.58952	5	1.458063
2330000	-429.8853	-570.188	140.3027	10	0.7706221	0.00930248	0.114223	0.0270152	0.0250974	0.0427252	0.0132105	0.0289309	0.00791586	0.0212377	0.0619409	0.0935681	0.09501	0.0539107	0.403385	0.0581084	0.0313261	0.0781892	0.0146987	0.052977	0.0892939	0.395032	0.94847	2.5672	5	1.232772
2331000	-429.6385	-565.1135	135.475	10	0.2041625	0.00707686	0.0705747	0.0154361	0.0538176	0.0149889	0.0140544	0.0117385	0.011609	0.00594907	0.00187959	0.0857855	0.0600065	0.0514062	0.473655	0.103678	0.0378254	0.0394757	0.00357	0.00674958	0.000611492	0.0362108	0.394434	3.56874	5	1.069277
2332000	-437.4755	-558.3027	120.8272	10	0.359595	0.0417668	0.120029	0.0422437	0.0172396	0.0290567	0.0247778	0.0353527	0.00394704	0.00995123	0.0207142	0.0971851	0.0600642	0.0243864	1.15537	0.0534411	0.017091	0.0353187	0.152154	0.101094	0.0113427	0.150997	0.683576	3.15408	5	2.041187
2333000	-415.9077	-567.1234	151.2156	10	0.3108021	0.0432402	0.0439174	0.0329188	0.0540494	0.0180815	0.0246397	0.0224826	0.0107346	0.0179598	0.0393473	0.045907	0.0811122	0.0168285	0.748413	0.0451726	0.00297217	0.0507296	0.0446961	0.0415799	0.00621239	0.11292	0.613505	3.26736	5	1.384783
2334000	-425.177	-565.6822	140.5052	10	0.4453018	0.0250847	0.0739553	0.053815	0.0417605	0.00389835	0.0186305	0.0226797	0.00114263	0.0148995	0.00911966	0.0701974	0.0339396	0.0965235	0.378992	0.0761656	0.211251	0.0277876	0.0331473	0.0649201	0.0237553	0.214717	0.775994	2.98553	5	1.25791
2335000	-432.7445	-557.6629	124.9183	10	0.4821401	0.0277435	0.0956569	0.00362955	0.0992364	0.0175436	0.000225108	0.0210955	0.00432466	0.00628661	0.0234602	0.0421266	0.0855234	0.149231	0.46702	0.0442054	0.0377779	0.0236223	0.0198035	0.0971589	0.0301272	0.240097	0.806825	2.92295	5	1.265671
2336000	-409.5919	-553.5287	143.9368	10	0.7800995	0.0383253	0.100537	0.0458897	0.0635939	0.00440297	0.025533	0.0145909	0.00113644	0.00217698	0.0246716	0.0324273	0.00196875	0.113057	0.743174	0.0954473	0.00982707	0.0248264	0.112086	0.17684	0.0913176	0.398997	0.951284	2.5584	5	1.630513
2337000	-411.3331	-555.4932	144.16	10	0.4030887	0.0224124	0.137053	0.039159	0.103059	0.00608785	0.0163038	0.0195182	0.0228506	0.00757072	0.00355703	0.0592598	0.0584029	0.0321786	0.628482	0.0703712	0.0809524	0.0347827	0.0031537	0.0827563	0.0171625	0.18406	0.734601	3.06418	5	1.42791
2338000	-433.0204	-563.6013	130.5809	10	0.470432	0.033511	0.104877	0.0160975	0.0374708	0.0135044	0.0670233	0.000787557	0.0112935	0.00143898	0.0111737	0.0612467	0.0434175	0.0597683	0.621799	0.0148401	0.0557549	0.0614358	0.0583098	0.0273535	0.0280472	0.232175	0.797502	2.94228	5	1.301103
2339000	-416.4721	-559.4549	142.9828	10	0.4700195	0.0282901	0.112395	0.0544953	0.0716256	0.000941637	0.00406633	0.00313279	0.00422117	0.0207114	0.00411653	0.0846548	0.0679806	0.204547	0.722277	0.0499341	0.0378353	0.165557	0.0621366	0.053137	0.0279748	0.231894	0.797165	2.94297	5	1.752055
2340000	-424.333	-557.4694	133.1364	10	0.4763173	0.0354972	0.110956	0.00817162	0.0513761	0.0201681	0.0375819	0.00744729	0.0208571	0.0010153	0.0433603	0.0609518	0.231681	0.0787551	0.814176	0.0613014	0.168921	0.111641	0.0496192	0.0701946	0.0290867	0.236174	0.802241	2.9325	5	1.983672
2341000	-415.5212	-557.3665	141.8453	10	0.3407523	0.0737777	0.118628	0.0253569	0.0404058	0.00814906	0.0157799	0.00711231	0.0164127	0.0111819	0.0284567	0.0262716	0.0259988	0.0124538	0.506787	0.0448022	0.11143	0.0399839	0.0277585	0.0995124	0.00917497	0.13635	0.658304	3.19617	5	1.240259
2342000	-406.2077	-552.2615	146.0538	10	0.1947951	0.0293821	0.065508	0.00853253	0.0483045	0.00815426	0.00318889	0.0231225	0.0100122	0.00140147	0.00196277	0.0343235	0.0842067	0.0241453	0.582034	0.0596572	0.0308284	0.108324	0.0851242	0.0123478	0.0004417	0.0308277	0.369937	3.59879	5	1.22056
2343000	-417.4031	-556.6614	139.2583	10	0.4001106	0.0340866	0.125317	0.0154993	0.0344201	0.00783733	0.0067746	0.0829276	0.00114678	0.0232501	0.056046	0.0129172	0.0237418	0.0882102	0.8153	0.0542931	0.0452737	0.0244887	0.116	0.140652	0.0167304	0.181839	0.7314	3.07003	5	1.708182
2344000	-421.9104	-555.5543	133.6439	10	0.8142131	0.019752	0.139024	0.0187821	0.0150489	0.02096	0.0367097	0.011534	0.0200649	0.00528984	0.0224193	0.0639745	0.0236109	0.163954	0.881009	0.0594708	0.0441154	0.262871	0.0621613	0.0852919	0.0985794	0.412794	0.960817	2.52781	5	1.956043
2345000	-417.4179	-553.8671	136.4492	10	0.744366	0.026855	0.0665245	0.0400149	0.073844	0.00393267	0.00285645	0.00115773	0.0139424	0.0010628	0.00858117	0.0321338	0.0708199	0.0244994	0.659636	0.105936	0.00284439	0.0941927	0.0795211	0.00167167	0.083679	0.383732	0.940262	2.59233	5	1.310027
2346000	-422.3613	-557.8798	135.5185	10	0.3569281	0.0416752	0.0894008	0.0162372	0.0448427	0.0329028	0.00626351	0.0287204	0.0195898	0.0092799	0.00870567	0.0661571	0.0372404	0.0218105	0.354411	0.0379614	0.0798744	0.122867	0.0728868	0.0554287	0.0110222	0.148933	0.680125	3.15992	5	1.146255
2347000	-421.0767	-562.3543	141.2776	10	0.7677041	0.0369497	0.122025	0.019707	0.0190602	0.0229532	0.0363504	0.0442661	0.00552371	0.00606089	0.0547363	0.0691074	0.105257	0.0266182	0.643294	0.031255	0.00269948	0.0972768	0.0968953	0.0820139	0.0886704	0.393799	0.947588	2.56994	5	1.52205
2348000	-415.6741	-557.5762	141.9021	10	0.271337	0.0931286	0.0926395	0.0680339	0.0309728	0.00141247	0.013183	0.0367918	0.00274444	0.00654849	0.0105836	0.0386267	0.100035	0.0341772	0.688797	0.0385901	0.0567025	0.00787437	0.0252603	0.0970104	0.00325868	0.0824755	0.544376	3.36989	5	1.443112
2349000	-422.6763	-557.9874	135.3112	10	0.3231413	0.051994	0.109993	0.044372	0.0643079	0.00565831	0.00443903	0.0346952	0.0205729	0.00264842	0.0481859	0.023373	0.052349	0.0183995	0.524438	0.0343017	0.0638593	0.0547502	0.0593357	0.0518206	0.00735911	0.122576	0.632695	3.23737	5	1.269493
2350000	-412.284	-556.5316	144.2476	10	0.2506302	0.0396846	0.0920519	0.0212946	0.0441728	0.0228878	0.0166475	0.0170073	0.00108291	0.0168824	0.0206376	0.059294	0.0317187	0.0173269	0.541576	0.0189121	0.0731921	0.0267129	0.189551	0.0906158	0.00214126	0.0671455	0.502813	3.4279	5	1.341248
2351000	-427.0586	-556.0232	128.9646	10	0.3052014	0.0218534	0.114722	0.00440653	0.0594334	0.00681277	0.00419443	0.000597381	0.00267715	0.00195884	0.0697884	0.0463425	0.0921908	0.150842	1.12762	0.0774712	0.015542	0.0658654	0.00540383	0.083013	0.00572672	0.108547	0.604435	3.28129	5	1.95074
2352000	-414.858	-566.6868	151.8288	10	0.5328922	0.0351354	0.0696378	0.0332518	0.0401129	0.0157765	0.00859891	0.032408	0.00643083	0.00245819	0.00176785	0.0291821	0.0510745	0.0682724	0.422688	0.0669924	0.0491107	0.0174612	0.0875765	0.137371	0.0396343	0.272847	0.842801	2.84472	5	1.175307
2353000	-420.9798	-555.9797	134.9999	10	0.9528875	0.00856644	0.188269	0.0387772	0.0927992	0.0114753	0.0239055	0.0175381	0.00336735	0.00687396	0.0133229	0.0759476	0.168998	0.160701	0.501495	0.01918	0.0723096	0.0578264	0.0412669	0.0530877	0.12746	0.462118	0.991733	2.41869	5	1.555707
2354000	-428.0795	-553.7139	125.6344	10	0.3316547	0.0166983	0.0832264	0.0294205	0.0834914	0.0151319	0.00972662	0.00285371	0.0134185	0.0107725	0.0202649	0.0504484	0.00718138	0.0292431	0.860234	0.0421274	0.126327	0.0631651	0.0951754	0.00825915	0.00821096	0.129239	0.645327	3.21722	5	1.567165
2355000	-417.1695	-562.2593	145.0898	10	0.5419722	0.00706686	0.0869445	0.0296403	0.0335558	0.0379793	0.00452911	0.0577235	0.0083534	0.0274557	0.043909	0.0648616	0.0739222	0.0676538	0.570309	0.128427	0.082929	0.0356968	0.00926089	0.0240889	0.0414065	0.278436	0.848559	2.8316	5	1.394307
2356000	-405.9689	-552.9844	147.0155	10	0.2791494	0.0175454	0.0579739	0.0255291	0.0609794	0.0085287	0.00331622	0.0264681	0.00197182	0.00111234	0.00202308	0.0593578	0.071038	0.0493557	0.492113	0.0314649	0.019423	0.0172468	0.0834784	0.000519699	0.00375671	0.0884075	0.559067	3.34877	5	1.029446
2357000	-413.2353	-558.4184	145.1831	10	0.6210172	0.0527959	0.0844666	0.0184643	0.0401029	0.0018744	0.000106537	0.0649032	0.0246966	0.0070247	0.00803012	0.0565039	0.0720072	0.116605	0.741133	0.0896778	0.00780707	0.0652138	0.0525199	0.0453836	0.0574697	0.323755	0.891674	2.7271	5	1.549316
2358000	-409.5898	-557.0615	147.4717	10	0.323924	0.0331317	0.137549	0.0225086	0.0408069	0.0286379	0.0205987	0.00401902	0.00252725	0.0163414	0.045222	0.0248884	0.0475533	0.0877612	0.613205	0.0729873	0.00682986	0.0533074	0.0446856	0.00958798	0.00743538	0.123188	0.633877	3.2355	5	1.312149
2359000	-471.8933	-560.1878	88.29445	2	1.744588	0.023403	0.133419	0.0156588	0.0954249	0.0109696	0.0310642	0.0255545	0.000102403	0.0234761	0.0203937	0.0607283	0.114988	0.107113	0.630113	0.046754	0.0332808	0.0568941	0.123328	0.126319	0.260756	0.62478	1.06206	2.05241	4	1.678985
2360000	-463.4571	-553.7264	90.26935	2	0.2286166	0.0349476	0.0516226	0.0012412	0.0427357	0.00154053	0.00376047	0.00457403	0.0076561	0.00332374	0.0160612	0.0794253	0.0689185	0.111619	0.797136	0.0540406	0.053945	0.0349241	0.0120972	0.109542	0.0012603	0.0517429	0.454172	3.49283	4	1.489111
2361000	-465.0876	-553.4411	88.3535	2	0.2143313	0.0333202	0.0584781	0.0259623	0.0471765	0.0114804	0.00692735	0.0130849	0.0118076	0.00920001	0.00234551	0.0567449	0.109174	0.076435	0.807791	0.0824564	0.000229298	0.0597217	0.0250111	0.0777009	0.000842802	0.0424307	0.420017	3.53671	4	1.515047
2362000	-467.6245	-553.0186	85.39412	2	0.4287166	0.00159115	0.185128	0.0154799	0.0432545	0.0159021	0.00496474	0.0339067	0.0151265	0.00656379	0.0139115	0.0499485	0.0605958	0.19449	0.737291	0.0148368	0.0359429	0.0553099	0.0927095	0.0191553	0.0210658	0.202863	0.760575	3.0155	4	1.596109
2363000	-470.8226	-556.8621	86.03949	2	0.5880213	0.0227776	0.104524	0.0449555	0.0508664	0.00613935	0.00326246	0.00410852	0.00152243	0.0117812	0.022495	0.0711405	0.0299608	0.183864	0.743896	0.0595793	0.0362255	0.022334	0.100748	0.072478	0.0506472	0.305548	0.875082	2.76872	4	1.592658
2364000	-469.3646	-555.3035	85.93889	2	0.2584275	0.0237215	0.154739	0.0174035	0.0303624	0.0111992	0.0157033	0.0277786	0.0260387	0.00220918	0.05625	0.0121917	0.0107345	0.0467992	0.754482	0.170262	0.0499752	0.144346	0.0624702	0.0330988	0.00252801	0.07284	0.518924	3.40571	4	1.649765
2365000	-466.3006	-553.2463	86.94571	2	0.3162816	0.0686695	0.0714386	0.0302145	0.0467079	0.000302315	0.0149434	0.00114356	0.00694523	0.00847525	0.0209039	0.0182814	0.0434407	0.0654322	0.858448	0.0927699	0.0521875	0.052745	0.0312541	0.0220191	0.00670866	0.117206	0.622159	3.25393	4	1.506322
2366000	-459.5606	-551.8383	92.27772	2	0.3376597	0.021726	0.229804	0.00414871	0.0539864	0.00152401	0.00616886	0.0212004	0.00515798	0.00505962	0.0319101	0.0362329	0.13438	0.106432	0.880375	0.03069	0.0195185	0.0340718	0.0388674	0.130626	0.00884111	0.133935	0.653952	3.20327	4	1.79188
2367000	-462.728	-552.2647	89.53679	2	0.3531838	0.0573202	0.0950682	0.00869526	0.0248719	0.0193248	0.00743761	0.0176681	0.00260619	0.00693812	0.013726	0.0322097	0.0331062	0.0751591	0.572105	0.0234373	0.111181	0.0397062	0.033143	0.0839485	0.0105798	0.146029	0.675212	3.16818	4	1.257653
2368000	-483.155	-562.9306	79.77564	2	0.7295822	0.0263215	0.196002	0.0499905	0.044031	0.023523	0.044977	0.01752	0.00466525	0.0129402	0.0660275	0.0145624	0.074295	0.166932	0.82733	0.0763499	0.0611664	0.042502	0.0549502	0.0309617	0.0805149	0.37716	0.935356	2.60697	4	1.835048
2369000	-473.9019	-560.902	87.00012	2	0.2844937	0.0842065	0.10585	0.0331701	0.07458	0.101859	0.0317879	0.0249929	0.00788227	0.0118303	0.0310141	0.0168393	0.0958383	0.160566	0.788128	0.147227	4.43752e-05	0.06604	0.0311327	0.0322641	0.00412196	0.0925003	0.568819	3.33456	4	1.845253
2370000	-462.0527	-555.092	93.03937	2	0.4488321	0.0350788	0.0957415	0.0362553	0.0387206	0.0258554	0.00835276	0.00645511	0.00795834	0.00535902	0.0373697	0.0307877	0.012582	0.114295	0.595157	0.0726504	0.0335731	0.0436529	0.0876087	0.0250907	0.0243431	0.217206	0.779145	2.97931	4	1.312543
2371000	-478.7423	-559.2403	80.49803	2	0.4427279	0.00960885	0.0834279	0.0155522	0.0588473	0.000470488	0.00438271	0.00635481	0.00796918	0.0063341	0.00607153	0.0804416	0.152957	0.0517573	1.20492	0.0186648	0.0803409	0.133042	0.220731	0.0432493	0.0233301	0.212894	0.773667	2.99011	4	2.185119
2372000	-467.5758	-555.0188	87.44301	2	0.3863733	0.0402435	0.107061	0.0285577	0.0206316	0.00368581	0.0108413	0.021959	0.00663694	0.00657813	0.000344003	0.0583721	0.0185879	0.0798735	1.03078	0.106617	0.024566	0.0552157	0.0714918	0.0342259	0.0147986	0.171505	0.716104	3.09759	4	1.726266
2373000	-468.18	-560.1907	92.01067	2	0.2839477	0.0857354	0.0277425	0.000378591	0.0370992	0.00112556	0.00948285	0.0141592	0.00293292	0.0028104	0.0354791	0.0232136	0.088309	0.0171459	0.747758	0.0578358	0.0126165	0.0975465	0.0280768	0.0846344	0.00408373	0.092081	0.567834	3.336	4	1.374082
2374000	-471.0927	-564.1038	93.01106	2	0.3930311	0.0244229	0.092804	0.00264488	0.0209833	0.0164732	0.0178536	0.0584372	0.00170052	0.0128808	0.0372216	0.0471468	0.118482	0.0353492	0.375032	0.0425855	0.0976344	0.0175492	0.0177161	0.0855361	0.015722	0.176531	0.723628	3.08412	4	1.122453
2375000	-460.5109	-546.9195	86.40856	2	0.3069352	0.0180638	0.107168	0.000830687	0.0467832	0.00905938	0.00775225	0.00617256	0.00478295	0.0111455	0.0103434	0.0472804	0.0522214	0.0624039	0.81842	0.0805656	0.0288873	0.116137	0.00590275	0.118505	0.00587473	0.1099	0.607268	3.27696	4	1.552425
2376000	-471.2399	-563.3207	92.08078	2	0.5464277	0.0783425	0.109619	0.0191559	0.0523876	0.00513415	0.0318165	0.0273803	0.00671074	0.00396043	0.0258671	0.0134934	0.0612836	0.0920865	0.607984	0.0969872	0.0263912	0.0859578	0.0212914	0.0653758	0.0422828	0.281149	0.851317	2.82525	4	1.431225
2377000	-468.8221	-558.482	89.65986	2	0.4740824	0.0375215	0.182699	0.0115091	0.0646193	0.047926	0.0266484	0.0148765	0.0109966	0.00232241	0.000922184	0.115312	0.105397	0.166387	0.575008	0.00787911	0.0445399	0.0482944	0.112055	0.0301268	0.0286906	0.23466	0.800454	2.9362	4	1.60504
2378000	-470.8646	-562.8407	91.97605	2	0.5398285	0.00903889	0.128543	0.0258543	0.0205096	0.00373593	3.59794e-05	0.0287844	0.011939	0.00123866	0.023552	0.0102476	0.0650231	0.0691084	0.483438	0.0628481	0.110735	0.0629677	0.175709	0.0308617	0.0409864	0.277124	0.847217	2.83467	4	1.32417
2379000	-474.9066	-551.8072	76.90063	1	0.453073	0.020905	0.112776	0.0787108	0.0585195	0.0178002	0.00227895	0.00256781	0.0158077	0.0023466	0.0158881	0.0302923	0.0718155	0.0339254	1.00809	0.0878401	0.00546876	0.149674	0.0623252	0.0453776	0.0250559	0.220181	0.782873	2.97189	3	1.822411
2380000	-471.3652	-549.4026	78.03741	1	0.5053336	0.0117969	0.248061	0.0136038	0.0620795	0.0186421	0.00551853	0.0387669	0.0176036	0.0135201	0.0386262	0.0111984	0.0663035	0.0328175	0.600914	0.101432	0.0437778	0.122361	0.0709134	0.18557	0.0343805	0.255384	0.824111	2.88612	3	1.703507
2381000	-492.6463	-569.1479	76.5016	1	0.8209986	0.055995	0.190343	0.0352161	0.168352	0.0196773	0.00811454	0.103629	0.00811324	0.0203722	0.0485126	0.0151078	0.00674782	0.112671	0.629019	0.0628615	0.0612952	0.0337019	0.224606	0.0211845	0.100019	0.415453	0.962608	2.52192	3	1.825521
2382000	-457.6719	-554.1795	96.50766	2	0.2240925	0.0438613	0.0638535	0.028724	0.0772461	0.00267384	0.0179796	0.00229169	0.0104259	0.00223054	0.00628253	0.0438191	0.111136	0.12971	0.625346	0.0352747	0.00728126	0.139397	0.034333	0.0547785	0.0011157	0.0487275	0.44358	3.50658	4	1.436645
2383000	-471.6932	-552.1026	80.40944	1	0.4453756	0.0561256	0.13463	0.000191206	0.0605398	0.0388438	0.00529958	0.0320869	0.000553936	0.0101558	0.00208327	0.0585407	0.0615144	0.143017	0.606844	0.0516865	0.0617049	0.0365058	0.063996	0.0479801	0.0237675	0.214769	0.77606	2.9854	3	1.472299
2384000	-472.531	-553.2868	80.75585	2	0.559882	0.045717	0.220691	0.0295412	0.0790491	0.0312338	0.0136087	0.00719259	0.0110408	0.0103211	0.00568092	0.0738821	0.129761	0.0092983	0.900289	0.172551	0.0729156	0.197104	0.0344573	0.124117	0.0449539	0.289223	0.859385	2.80644	4	2.168451
2385000	-461.6202	-559.2033	97.58305	2	0.290911	0.0439199	0.0609264	0.0771977	0.0193261	0.0109662	0.012825	0.0349728	0.00432782	0.00181687	0.0212609	0.0189733	0.0860431	0.010557	0.46023	0.00642047	0.039505	0.0616366	0.0650369	0.0183113	0.00458704	0.0974457	0.580218	3.31775	4	1.054254
2386000	-464.9969	-558.1841	93.18714	2	0.3299002	0.0118921	0.0558496	0.0309206	0.0367445	0.0144582	0.0358244	0.0093752	0.0105544	0.00813444	0.015298	0.100386	0.070551	0.0112111	0.919605	0.0189487	0.0735553	0.0526696	0.0193678	0.0470748	0.00803141	0.127867	0.642763	3.22134	4	1.542421
2387000	-465.3892	-557.475	92.08581	2	0.4686831	0.0438237	0.0683863	0.0187677	0.0287592	0.0168857	0.000540594	0.0169142	0.0134199	0.00328552	0.00635714	0.0323428	0.0590593	0.141422	0.314947	0.0568566	0.0809348	0.0487506	0.0293085	0.0236309	0.0277407	0.23098	0.796072	2.94521	4	1.004392
2388000	-466.4109	-555.5401	89.12918	2	0.3912807	0.0349346	0.121835	0.015963	0.0323364	0.0063429	0.00355396	0.0048987	0.00268741	0.021153	0.0289206	0.00855169	0.0347327	0.0639783	0.693911	0.00516743	0.0988393	0.116124	0.136351	0.0647941	0.0154769	0.175213	0.72167	3.08764	4	1.495075
2389000	-475.7484	-556.9936	81.24521	2	0.3710987	0.0572032	0.129498	0.0212391	0.0564359	0.00318158	0.00574636	0.0423161	0.00881811	0.00372432	0.0423565	0.0180384	0.138923	0.00171322	0.805734	0.111622	0.134396	0.0409347	0.058099	0.0369028	0.0127752	0.15986	0.698011	3.12935	4	1.716883
2390000	-462.1581	-557.1158	94.95774	2	0.2089986	0.0183406	0.0988353	0.0199255	0.0514315	0.0039275	0.00931492	0.00409775	0.000464726	0.0230336	0.0197284	0.027729	0.151141	0.0708712	0.641844	0.0384108	0.12478	0.101427	0.0429452	0.00837212	0.000715075	0.0391228	0.406733	3.55343	4	1.456619
2391000	-474.024	-555.8473	81.82325	2	0.6916845	0.0519389	0.123406	0.0183137	0.0719483	0.022929	0.00356065	0.0136208	0.00314005	0.0085495	0.025861	0.0413053	0.0143543	0.131804	0.645317	0.0814232	0.0478542	0.0357169	0.181149	0.0262397	0.072413	0.35958	0.921748	2.64626	4	1.548431
2392000	-466.8629	-560.6567	93.79373	2	0.4484514	0.019437	0.139962	0.0117609	0.0219443	0.0196808	0.0252681	0.0327557	0.0178733	0.00757862	0.00809125	0.0582252	0.126536	0.124084	0.36969	0.0827852	0.0657924	0.00195275	0.0490662	0.0897257	0.0242794	0.216938	0.778808	2.97997	4	1.27221
2393000	-474.3278	-561.7816	87.45376	2	0.6546086	0.0793723	0.150707	0.0299383	0.0864688	0.0143195	0.00716421	0.0152767	0.0144311	0.0225158	0.00124396	0.0244301	0.0830705	0.134237	0.606605	0.142485	0.000419921	0.0264835	0.17333	0.152787	0.064532	0.341302	0.906812	2.68735	4	1.765286
2394000	-469.8192	-558.6685	88.84935	2	0.2315391	0.0689887	0.219835	0.000177859	0.0118811	0.0393602	0.016919	0.0116541	0.00194191	0.000829827	0.00210466	0.0195547	0.0529613	0.0724929	0.641127	0.0703925	0.0511015	0.0187196	0.0980926	0.0428916	0.00136007	0.0537208	0.460905	3.48401	4	1.441026
2395000	-470.2628	-559.3013	89.03847	2	0.1040236	0.00264124	0.12913	0.00445055	0.0612192	0.00621615	0.00483775	0.00873503	0.00687387	0.00202307	0.0271895	0.0169193	0.0646702	0.022184	0.959511	0.0149507	0.00207072	0.104306	0.0201693	0.127803	8.99522e-07	0.0014086	0.10473	3.89386	4	1.5859
2396000	-463.5146	-555.7426	92.22795	2	0.2516502	0.0736628	0.0597012	0.0070811	0.0498115	0.0189931	0.0100593	0.00595992	0.00606416	0.00131735	0.0105238	0.0604081	0.013255	0.0594405	0.815629	0.0501608	0.0836025	0.0306765	0.15231	0.0876417	0.00218956	0.0678843	0.504953	3.42497	4	1.596297
2397000	-469.1132	-561.0158	91.90262	2	0.9849603	0.0576383	0.0976643	0.0520525	0.0319683	0.00354487	0.00146688	0.0438888	0.00897916	0.00837614	0.0731368	0.0137039	0.137798	0.0744927	0.723668	0.104698	0.130549	0.00415818	0.0341859	0.023315	0.133943	0.472184	0.997463	2.39641	4	1.625284
2398000	-465.6593	-557.5103	91.85105	2	0.8414934	0.0193542	0.0775192	0.0360299	0.0290885	0.0281661	0.00172259	0.00941796	0.00669966	0.00408228	0.0503607	0.0105951	0.0239162	0.00180454	0.731176	0.0794442	0.0612236	0.0159883	0.0947119	0.134443	0.104352	0.423318	0.967821	2.50451	4	1.415744
2399000	-472.0951	-560.1788	88.08368	2	0.4502036	0.0283585	0.0762733	0.0530774	0.0634848	0.0138815	0.0114118	0.00248944	0.016206	0.00251837	0.0650861	0.0128162	0.109245	0.00261967	0.869897	0.0241812	0.1074	0.0604233	0.103808	0.0133842	0.0245728	0.21817	0.780358	2.9769	4	1.636562
2400000	-460.6141	-557.3762	96.76214	2	0.405291	0.0597273	0.0653128	0.0195181	0.0308269	0.0295803	0.0383457	0.00375252	0.0107616	0.0133381	0.00220325	0.0353773	0.026752	0.030248	0.532278	0.0262577	0.132119	0.0545576	0.0663088	0.0481535	0.0174851	0.185697	0.736943	3.05987	4	1.225419
2401000	-465.8382	-554.7112	88.87303	2	0.5504559	0.00194837	0.132543	0.0217696	0.0899272	0.00508919	0.013877	0.0201848	0.0231766	0.000462304	0.00721944	0.0482463	0.0188036	0.0440499	0.81584	0.170045	0.118284	0.110902	0.0512468	0.0813228	0.0430787	0.283584	0.853773	2.81956	4	1.774939
2402000	-480.5411	-556.6507	76.10964	1	1.52728	0.0272776	0.0824107	0.0641871	0.0668846	0.0401517	0.00411247	0.0395616	0.00392037	0.0133733	0.00780604	0.0739601	0.052227	0.0879449	0.8962	0.0271975	0.0316003	0.0884111	0.046619	0.140243	0.229506	0.593035	1.05198	2.12547	3	1.794089
2403000	-463.4944	-553.7941	90.29969	2	0.309626	0.0197747	0.122843	0.00717	0.0610834	0.0127227	0.00201606	0.00128331	0.00542389	0.000413829	0.00775168	0.0165215	0.0110986	0.140168	0.445184	0.0396138	0.116738	0.155971	0.0672054	0.0594268	0.00610859	0.112001	0.61162	3.27027	4	1.292409
2404000	-463.0765	-550.7272	87.65072	2	0.6975051	0.0706923	0.139887	0.0375216	0.0308321	0.0262848	0.0231275	6.6138e-05	0.00204633	0.0104022	0.0377327	0.0101437	0.110043	0.0758567	0.524999	0.064443	0.182226	0.0210848	0.0578065	0.017117	0.0736554	0.362351	0.92394	2.64005	4	1.442312
2405000	-471.6871	-562.4651	90.77793	2	0.5515769	0.0815626	0.0633822	0.0985149	0.0511909	0.0110685	0.0255532	0.0182919	0.0252709	0.0044571	0.000845737	0.0549847	0.0382984	0.150198	0.535998	0.0947437	0.0496804	0.0305673	0.00747114	0.131057	0.0433008	0.28426	0.854451	2.81799	4	1.473137
2406000	-463.4329	-559.0334	95.60047	2	0.4086269	0.0430871	0.115987	0.0878014	0.0443805	0.016172	0.0218355	0.0119247	0.00571077	0.00395358	0.0232434	0.0203572	0.0487248	0.0271774	0.360036	0.0842257	0.0791097	0.000917384	0.050478	0.010526	0.0179784	0.188171	0.74045	3.0534	4	1.055648
2407000	-464.9477	-553.9317	88.984	2	0.8959888	0.0719257	0.129032	0.0176497	0.0955242	0.011647	0.00533667	0.0127721	0.0160405	0.000456361	0.0279072	0.0516443	0.142573	0.029227	0.850254	0.00954831	0.0725427	0.0601289	0.0288459	0.119334	0.115762	0.443091	0.980375	2.46077	4	1.75239
2408000	-474.9283	-566.1513	91.22301	2	0.4406838	0.0458009	0.0757505	0.00686701	0.0734683	0.0230753	0.00296032	0.0230677	0.00806522	0.0136285	0.0147862	0.0288606	0.0884435	0.0354143	0.522773	0.01458	0.12912	0.00475196	0.0454092	0.0320273	0.0229944	0.211442	0.771803	2.99376	4	1.18885
2409000	-469.3497	-558.2236	88.87395	2	0.3079829	0.0184431	0.10505	0.00333137	0.0328358	0.0175758	0.0390672	0.0163	0.0123486	0.0058535	0.00803155	0.0518832	0.108217	0.00413123	0.770461	0.0287724	0.127235	0.1192	0.0373107	0.0868352	0.00596519	0.110718	0.608969	3.27435	4	1.592882
2410000	-460.8058	-554.7784	93.97259	2	0.2821773	0.0461313	0.0792053	0.019708	0.0142538	0.0133562	0.00407428	0.0075584	0.00329469	0.00699433	0.0271023	0.0153407	0.0394415	0.0142778	0.474476	0.0798601	0.0053858	0.0740956	0.0374811	0.00975657	0.00396119	0.0907232	0.564621	3.34069	4	0.9717933
2411000	-460.7867	-554.7267	93.94	2	0.2119744	0.0160764	0.119563	0.0226744	0.0491106	0.0131439	0.00620959	0.000277203	0.000287025	0.0145839	0.0129805	0.0109408	0.0651235	0.0210338	0.309771	0.00463593	0.00180958	0.0651227	0.0926096	0.0493382	0.000784555	0.0409565	0.414181	3.54408	4	0.8752912
2412000	-478.2236	-557.1898	78.96618	1	0.3660366	0.131596	0.146943	0.0671022	0.0685101	0.0182249	0.00363303	0.0065704	0.0124089	0.00599252	0.00293255	0.0360329	0.0774531	0.101482	0.630178	0.0900674	0.0254054	0.00670768	0.1338	0.0595193	0.012135	0.155969	0.691748	3.14015	3	1.624559
2413000	-477.4154	-566.3153	88.89987	2	1.095956	0.0510376	0.119675	0.0701662	0.0533564	0.0190207	0.0330458	0.0403697	0.0103979	0.0129862	0.0146984	0.0446687	0.0758474	0.205407	0.489763	0.0510455	0.231157	0.0894322	0.0426202	0.0155672	0.155692	0.503808	1.01424	2.32626	4	1.670262
2414000	-478.5673	-569.7918	91.22452	2	0.3094827	0.0143179	0.131497	0.0509376	0.0198923	0.0342967	0.0028729	0.0175172	0.00206379	0.00646067	0.024678	0.00891238	0.0883821	0.183245	0.501274	0.0853224	0.0138453	0.105615	0.0806125	0.0360639	0.00609601	0.111889	0.611389	3.27063	4	1.407807
2415000	-470.2325	-557.6966	87.46403	2	0.1995166	0.0839617	0.134402	0.0148444	0.0311386	0.0154172	0.00469041	0.0370796	0.00182455	0.00767161	0.0059609	0.0241104	0.0468348	0.220429	0.796263	0.045384	0.0458895	0.0171363	0.112632	0.00660297	0.000522386	0.033497	0.382395	3.58359	4	1.652273
2416000	-472.6216	-563.5039	90.88229	2	0.6865251	0.0513307	0.131169	0.0203339	0.0358441	0.0209755	0.0194318	0.00218844	0.0130141	0.00290403	0.0742756	0.00043106	0.0711263	0.0696603	0.515636	0.00120746	0.0313407	0.0759924	0.134197	0.021156	0.0713126	0.357102	0.919771	2.65181	4	1.292215
2417000	-466.3396	-554.8019	88.46239	2	0.3651145	0.0259385	0.113109	0.0582319	0.087377	0.0207688	0.00833772	0.00851351	0.00373179	0.00912109	0.00787863	0.079085	0.0829634	0.00251071	0.577168	0.0631751	0.0266002	0.0600876	0.0370071	0.0720556	0.01202	0.155258	0.690592	3.14213	4	1.343661
2418000	-468.8666	-558.4808	89.61413	2	0.4699123	0.0528224	0.123068	0.0192402	0.0576826	0.0290588	0.0148011	0.00678156	0.010428	0.00823504	0.0291592	0.0451934	0.112852	0.0559186	0.872051	0.11959	0.00979949	0.0107183	0.0958546	0.0334781	0.027956	0.23182	0.797078	2.94315	4	1.706732
2419000	-458.1858	-551.5768	93.39106	2	0.2380697	0.00254461	0.0655723	0.0103045	0.0226026	0.000749051	0.00869006	0.00492207	0.0067374	0.00901566	0.00272521	0.0291186	0.0368252	0.0371075	0.564107	0.0412013	0.104681	0.0284002	0.0425764	0.0432627	0.00160159	0.0582197	0.475642	3.46454	4	1.061143
2420000	-477.4744	-560.3183	82.84389	1	0.2906524	0.0371188	0.246142	0.00451408	0.0425658	0.0111437	0.00401666	0.0176307	0.0109866	0.000136925	0.00624611	0.0271137	0.0827489	0.038572	0.387689	0.098711	0.147483	0.0128118	0.0326577	0.0360387	0.00456774	0.0972458	0.579765	3.31842	3	1.244327
2421000	-463.2532	-552.3632	89.11002	2	0.3592219	0.0346503	0.102552	0.0247567	0.0503477	0.0112822	0.00167887	0.00843969	0.00893313	0.0070515	0.0200115	0.0521272	0.048965	0.00621976	0.55161	0.0514054	0.0456821	0.00279516	0.0103016	0.12184	0.0112976	0.150708	0.683096	3.1549	4	1.16065
2422000	-458.3013	-550.0738	91.77255	2	0.3533266	0.019928	0.0914132	0.0118361	0.0349387	0.00549753	0.000235661	0.0161716	0.00390123	0.00618126	0.00264664	0.0320845	0.0378407	0.0269096	0.734283	0.10919	0.0853254	0.0363619	0.0797608	0.0750128	0.0105965	0.14614	0.675401	3.16786	4	1.409519
2423000	-459.3905	-557.949	98.55852	2	0.3168854	0.0113152	0.138473	0.0406455	0.0278071	0.00863965	0.015746	0.0190556	0.00951275	0.00322582	0.00372578	0.0271064	0.0348468	0.0695065	0.253861	0.0383945	0.0898061	0.0928143	0.0137893	0.0647415	0.00676461	0.117678	0.6231	3.25246	4	0.9630136
2424000	-475.3482	-564.7686	89.4204	2	2.385007	0.147423	0.127319	0.114432	0.106122	0.0297002	0.000772248	0.033437	0.000420566	0.0272699	0.00324761	0.077879	0.0178138	0.0640538	0.670946	0.0763521	0.104716	0.00432037	0.125302	0.0648717	0.335276	0.690568	1.0772	1.89696	4	1.796399
2425000	-460.5607	-555.7356	95.17497	2	0.3441233	0.0534717	0.042691	0.0202919	0.0110193	0.0148322	0.00504292	0.00755054	0.000715833	0.0142839	0.00919873	0.0354239	0.0621813	0.0120788	0.440025	0.0502085	0.0470674	0.110791	0.113356	0.034561	0.00954603	0.138979	0.662981	3.18849	4	1.084791
2426000	-459.4462	-554.563	95.11687	2	0.2226139	0.0387994	0.119652	0.00802646	0.0622889	0.00160345	0.0191031	0.0272369	0.00547851	0.0203827	0.022123	0.00757747	0.0782479	0.0441707	0.608675	0.00523336	0.0580054	0.0625207	0.022534	0.0924234	0.00107098	0.0477548	0.440073	3.5111	4	1.304083
2427000	-477.1912	-559.8134	82.62217	1	0.3924502	0.00889459	0.137633	0.0424475	0.123411	0.0454901	0.00216893	0.00825972	0.0090948	0.00858547	0.0120342	0.0303698	0.0590763	0.0242939	0.471281	0.082042	0.00834538	0.0386086	0.0910676	0.0532149	0.0156405	0.176094	0.72298	3.08529	3	1.256319
2428000	-456.4988	-556.2264	99.72762	2	0.3642806	0.0065369	0.0656225	0.0153501	0.0699164	0.00114671	0.011031	0.0111524	0.00325757	0.00921469	0.0122951	0.0171685	0.0711427	0.0835542	0.386027	0.0718203	0.0942441	0.00871283	0.0149116	0.037194	0.0119165	0.154616	0.689543	3.14392	4	0.9902988
2429000	-462.6894	-556.6814	93.99199	2	0.4490541	0.00137194	0.135276	0.00747802	0.0254459	0.0393358	0.0147062	0.000372317	0.00384468	0.0145693	0.00663494	0.0392236	0.101543	0.148165	0.396988	0.0187252	0.179611	0.0302458	0.150967	0.0590646	0.0243802	0.217362	0.779342	2.97892	4	1.373568
2430000	-471.92	-565.0756	93.15564	2	0.7271246	0.0305182	0.0538204	0.0368913	0.0446645	0.0345811	0.0103217	0.0189277	0.0190677	0.00332051	0.0285119	0.0198555	0.150459	0.00439291	0.478792	0.093468	0.045373	0.0763938	0.0261872	0.00397935	0.0799889	0.376052	0.93452	2.60944	4	1.179526
2431000	-459.2793	-554.2582	94.97886	2	0.3073827	0.00403473	0.0737701	0.0282006	0.037133	0.00721058	0.00214385	0.017295	0.00351952	0.00319385	0.00419089	0.0529973	0.0353368	0.0549628	0.510389	0.0390964	0.00269742	0.00228376	0.0314764	0.0937733	0.00591327	0.110249	0.607995	3.27584	4	1.003706
2432000	-467.3713	-559.3153	91.94404	2	0.4898597	0.047413	0.134046	0.0061132	0.046363	0.0120391	0.00510553	0.0496421	0.0174133	0.00997113	0.00517706	0.032672	0.0325931	0.0555128	0.375775	0.0940512	0.00558771	0.0687008	0.0261826	0.148803	0.031524	0.245244	0.812748	2.91048	4	1.173162
2433000	-471.6942	-565.8381	94.14391	2	0.2989208	0.00303433	0.103295	0.00414313	0.0253248	0.0007	0.0299881	0.00877413	0.00289009	0.0212647	0.0368189	0.0135894	0.0639145	0.103993	0.666883	0.0106408	0.0191895	0.104511	0.0487505	0.0741917	0.00520817	0.103656	0.593986	3.29715	4	1.341897
2434000	-481.9032	-564.3641	82.46096	2	0.3648966	0.0683537	0.0407131	0.0264538	0.0425569	0.0049505	2.47726e-05	0.0836595	0.00739891	0.00543845	0.00726043	0.044986	0.0402845	0.0467382	0.705019	0.0579194	0.0434986	0.0349535	0.269619	0.0473129	0.0119929	0.155091	0.690319	3.1426	4	1.577142
2435000	-451.7608	-534.4973	82.73644	1	0.6330888	0.00609101	0.126399	0.0534526	0.0540899	0.0266977	0.0246005	0.000568472	0.00615246	0.0209635	0.0173078	0.0345778	0.0276429	0.0273283	0.443755	0.0245648	0.0562068	0.120188	0.0661258	0.0841147	0.0599965	0.330173	0.897305	2.71253	3	1.220827
2436000	-452.5006	-535.237	82.73644	1	0.6330888	0.00609101	0.126399	0.0534526	0.0540899	0.0266977	0.0246005	0.000568472	0.00615246	0.0209635	0.0173078	0.0345778	0.0276429	0.0273283	0.443755	0.0245648	0.0562068	0.120188	0.0661258	0.0841147	0.0599965	0.330173	0.897305	2.71253	3	1.220827
2437000	-448.0933	-530.8297	82.73644	1	0.6330888	0.00609101	0.126399	0.0534526	0.0540899	0.0266977	0.0246005	0.000568472	0.00615246	0.0209635	0.0173078	0.0345778	0.0276429	0.0273283	0.443755	0.0245648	0.0562068	0.120188	0.0661258	0.0841147	0.0599965	0.330173	0.897305	2.71253	3	1.220827
2438000	-444.3569	-527.0934	82.73644	1	0.6330888	0.00609101	0.126399	0.0534526	0.0540899	0.0266977	0.0246005	0.000568472	0.00615246	0.0209635	0.0173078	0.0345778	0.0276429	0.0273283	0.443755	0.0245648	0.0562068	0.120188	0.0661258	0.0841147	0.0599965	0.330173	0.897305	2.71253	3	1.220827
2439000	-448.8876	-531.6241	82.73644	1	0.6330888	0.00609101	0.126399	0.0534526	0.0540899	0.0266977	0.0246005	0.000568472	0.00615246	0.0209635	0.0173078	0.0345778	0.0276429	0.0273283	0.443755	0.0245648	0.0562068	0.120188	0.0661258	0.0841147	0.0599965	0.330173	0.897305	2.71253	3	1.220827
2440000	-451.3599	-534.0964	82.73644	1	0.6330888	0.00609101	0.126399	0.0534526	0.0540899	0.0266977	0.0246005	0.000568472	0.00615246	0.0209635	0.0173078	0.0345778	0.0276429	0.0273283	0.443755	0.0245648	0.0562068	0.120188	0.0661258	0.0841147	0.0599965	0.330173	0.897305	2.71253	3	1.220827
2441000	-449.3947	-532.1312	82.73644	1	0.6330888	0.00609101	0.126399	0.0534526	0.0540899	0.0266977	0.0246005	0.000568472	0.00615246	0.0209635	0.0173078	0.0345778	0.0276429	0.0273283	0.443755	0.0245648	0.0562068	0.120188	0.0661258	0.0841147	0.0599965	0.330173	0.897305	2.71253	3	1.220827
2442000	-445.4548	-528.1913	82.73644	1	0.6330888	0.00609101	0.126399	0.0534526	0.0540899	0.0266977	0.0246005	0.000568472	0.00615246	0.0209635	0.0173078	0.0345778	0.0276429	0.0273283	0.443755	0.0245648	0.0562068	0.120188	0.0661258	0.0841147	0.0599965	0.330173	0.897305	2.71253	3	1.220827
2443000	-450.1522	-532.8886	82.73644	1	0.6330888	0.00609101	0.126399	0.0534526	0.0540899	0.0266977	0.0246005	0.000568472	0.00615246	0.0209635	0.0173078	0.0345778	0.0276429	0.0273283	0.443755	0.0245648	0.0562068	0.120188	0.0661258	0.0841147	0.0599965	0.330173	0.897305	2.71253	3	1.220827
2444000	-450.1664	-532.9028	82.73644	1	0.6330888	0.00609101	0.126399	0.0534526	0.0540899	0.0266977	0.0246005	0.000568472	0.00615246	0.0209635	0.0173078	0.0345778	0.0276429	0.0273283	0.443755	0.0245648	0.0562068	0.120188	0.0661258	0.0841147	0.0599965	0.330173	0.897305	2.71253	3	1.220827
2445000	-451.1653	-533.9017	82.73644	1	0.6330888	0.00609101	0.126399	0.0534526	0.0540899	0.0266977	0.0246005	0.000568472	0.00615246	0.0209635	0.0173078	0.0345778	0.0276429	0.0273283	0.443755	0.0245648	0.0562068	0.120188	0.0661258	0.0841147	0.0599965	0.330173	0.897305	2.71253	3	1.220827
2446000	-446.4175	-529.1539	82.73644	1	0.6330888	0.00609101	0.126399	0.0534526	0.0540899	0.0266977	0.0246005	0.000568472	0.00615246	0.0209635	0.0173078	0.0345778	0.0276429	0.0273283	0.443755	0.0245648	0.0562068	0.120188	0.0661258	0.0841147	0.0599965	0.330173	0.897305	2.71253	3	1.220827
2447000	-444.3941	-527.1305	82.73644	1	0.6330888	0.00609101	0.126399	0.0534526	0.0540899	0.0266977	0.0246005	0.000568472	0.00615246	0.0209635	0.0173078	0.0345778	0.0276429	0.0273283	0.443755	0.0245648	0.0562068	0.120188	0.0661258	0.0841147	0.0599965	0.330173	0.897305	2.71253	3	1.220827
2448000	-445.398	-528.1344	82.73644	1	0.6330888	0.00609101	0.126399	0.0534526	0.0540899	0.0266977	0.0246005	0.000568472	0.00615246	0.0209635	0.0173078	0.0345778	0.0276429	0.0273283	0.443755	0.0245648	0.0562068	0.120188	0.0661258	0.0841147	0.0599965	0.330173	0.897305	2.71253	3	1.220827
2449000	-447.8459	-530.5823	82.73644	1	0.6330888	0.00609101	0.126399	0.0534526	0.0540899	0.0266977	0.0246005	0.000568472	0.00615246	0.0209635	0.0173078	0.0345778	0.0276429	0.0273283	0.443755	0.0245648	0.0562068	0.120188	0.0661258	0.0841147	0.0599965	0.330173	0.897305	2.71253	3	1.220827
2450000	-445.1734	-527.9099	82.73644	1	0.6330888	0.00609101	0.126399	0.0534526	0.0540899	0.0266977	0.0246005	0.000568472	0.00615246	0.0209635	0.0173078	0.0345778	0.0276429	0.0273283	0.443755	0.0245648	0.0562068	0.120188	0.0661258	0.0841147	0.0599965	0.330173	0.897305	2.71253	3	1.220827
2451000	-446.6821	-529.4185	82.73644	1	0.6330888	0.00609101	0.126399	0.0534526	0.0540899	0.0266977	0.0246005	0.000568472	0.00615246	0.0209635	0.0173078	0.0345778	0.0276429	0.0273283	0.443755	0.0245648	0.0562068	0.120188	0.0661258	0.0841147	0.0599965	0.330173	0.897305	2.71253	3	1.220827
2452000	-449.0699	-531.8064	82.73644	1	0.6330888	0.00609101	0.126399	0.0534526	0.0540899	0.0266977	0.0246005	0.000568472	0.00615246	0.0209635	0.0173078	0.0345778	0.0276429	0.0273283	0.443755	0.0245648	0.0562068	0.120188	0.0661258	0.0841147	0.0599965	0.330173	0.897305	2.71253	3	1.220827
2453000	-449.0987	-531.8352	82.73644	1	0.6330888	0.00609101	0.126399	0.0534526	0.0540899	0.0266977	0.0246005	0.000568472	0.00615246	0.0209635	0.0173078	0.0345778	0.0276429	0.0273283	0.443755	0.0245648	0.0562068	0.120188	0.0661258	0.0841147	0.0599965	0.330173	0.897305	2.71253	3	1.220827
2454000	-449.4274	-532.1638	82.73644	1	0.6330888	0.00609101	0.126399	0.0534526	0.0540899	0.0266977	0.0246005	0.000568472	0.00615246	0.0209635	0.0173078	0.0345778	0.0276429	0.0273283	0.443755	0.0245648	0.0562068	0.120188	0.0661258	0.0841147	0.0599965	0.330173	0.897305	2.71253	3	1.220827
2455000	-447.0531	-529.7895	82.73644	1	0.6330888	0.00609101	0.126399	0.0534526	0.0540899	0.0266977	0.0246005	0.000568472	0.00615246	0.0209635	0.0173078	0.0345778	0.0276429	0.0273283	0.443755	0.0245648	0.0562068	0.120188	0.0661258	0.0841147	0.0599965	0.330173	0.897305	2.71253	3	1.220827
2456000	-446.7441	-529.4805	82.73644	1	0.6330888	0.00609101	0.126399	0.0534526	0.0540899	0.0266977	0.0246005	0.000568472	0.00615246	0.0209635	0.0173078	0.0345778	0.0276429	0.0273283	0.443755	0.0245648	0.0562068	0.120188	0.0661258	0.0841147	0.0599965	0.330173	0.897305	2.71253	3	1.220827
2457000	-448.6349	-531.3714	82.73644	1	0.6330888	0.00609101	0.126399	0.0534526	0.0540899	0.0266977	0.0246005	0.000568472	0.00615246	0.0209635	0.0173078	0.0345778	0.0276429	0.0273283	0.443755	0.0245648	0.0562068	0.120188	0.0661258	0.0841147	0.0599965	0.330173	0.897305	2.71253	3	1.220827
2458000	-451.9322	-534.6686	82.73644	1	0.6330888	0.00609101	0.126399	0.0534526	0.0540899	0.0266977	0.0246005	0.000568472	0.00615246	0.0209635	0.0173078	0.0345778	0.0276429	0.0273283	0.443755	0.0245648	0.0562068	0.120188	0.0661258	0.0841147	0.0599965	0.330173	0.897305	2.71253	3	1.220827
2459000	-448.4373	-531.1738	82.73644	1	0.6330888	0.00609101	0.126399	0.0534526	0.0540899	0.0266977	0.0246005	0.000568472	0.00615246	0.0209635	0.0173078	0.0345778	0.0276429	0.0273283	0.443755	0.0245648	0.0562068	0.120188	0.0661258	0.0841147	0.0599965	0.330173	0.897305	2.71253	3	1.220827
2460000	-449.4672	-532.2037	82.73644	1	0.6330888	0.00609101	0.126399	0.0534526	0.0540899	0.0266977	0.0246005	0.000568472	0.00615246	0.0209635	0.0173078	0.0345778	0.0276429	0.0273283	0.443755	0.0245648	0.0562068	0.120188	0.0661258	0.0841147	0.0599965	0.330173	0.897305	2.71253	3	1.220827
2461000	-444.7271	-527.4635	82.73644	1	0.6330888	0.00609101	0.126399	0.0534526	0.0540899	0.0266977	0.0246005	0.000568472	0.00615246	0.0209635	0.0173078	0.0345778	0.0276429	0.0273283	0.443755	0.0245648	0.0562068	0.120188	0.0661258	0.0841147	0.0599965	0.330173	0.897305	2.71253	3	1.220827
2462000	-449.809	-532.5454	82.73644	1	0.6330888	0.00609101	0.126399	0.0534526	0.0540899	0.0266977	0.0246005	0.000568472	0.00615246	0.0209635	0.0173078	0.0345778	0.0276429	0.0273283	0.443755	0.0245648	0.0562068	0.120188	0.0661258	0.0841147	0.0599965	0.330173	0.897305	2.71253	3	1.220827
2463000	-449.0087	-531.7451	82.73644	1	0.6330888	0.00609101	0.126399	0.0534526	0.0540899	0.0266977	0.0246005	0.000568472	0.00615246	0.0209635	0.0173078	0.0345778	0.0276429	0.0273283	0.443755	0.0245648	0.0562068	0.120188	0.0661258	0.0841147	0.0599965	0.330173	0.897305	2.71253	3	1.220827
2464000	-447.5402	-530.2766	82.73644	1	0.6330888	0.00609101	0.126399	0.0534526	0.0540899	0.0266977	0.0246005	0.000568472	0.00615246	0.0209635	0.0173078	0.0345778	0.0276429	0.0273283	0.443755	0.0245648	0.0562068	0.120188	0.0661258	0.0841147	0.0599965	0.330173	0.897305	2.71253	3	1.220827
2465000	-447.1874	-529.9239	82.73644	1	0.6330888	0.00609101	0.126399	0.0534526	0.0540899	0.0266977	0.0246005	0.000568472	0.00615246	0.0209635	0.0173078	0.0345778	0.0276429	0.0273283	0.443755	0.0245648	0.0562068	0.120188	0.0661258	0.0841147	0.0599965	0.330173	0.897305	2.71253	3	1.220827
2466000	-445.6772	-528.4136	82.73644	1	0.6330888	0.00609101	0.126399	0.0534526	0.0540899	0.0266977	0.0246005	0.000568472	0.00615246	0.0209635	0.0173078	0.0345778	0.0276429	0.0273283	0.443755	0.0245648	0.0562068	0.120188	0.0661258	0.0841147	0.0599965	0.330173	0.897305	2.71253	3	1.220827
2467000	-445.3214	-528.0578	82.73644	1	0.6330888	0.00609101	0.126399	0.0534526	0.0540899	0.0266977	0.0246005	0.000568472	0.00615246	0.0209635	0.0173078	0.0345778	0.0276429	0.0273283	0.443755	0.0245648	0.0562068	0.120188	0.0661258	0.0841147	0.0599965	0.330173	0.897305	2.71253	3	1.220827
2468000	-448.3005	-531.037	82.73644	1	0.6330888	0.00609101	0.126399	0.0534526	0.0540899	0.0266977	0.0246005	0.000568472	0.00615246	0.0209635	0.0173078	0.0345778	0.0276429	0.0273283	0.443755	0.0245648	0.0562068	0.120188	0.0661258	0.0841147	0.0599965	0.330173	0.897305	2.71253	3	1.220827
2469000	-447.6336	-530.3701	82.73644	1	0.6330888	0.00609101	0.126399	0.0534526	0.0540899	0.0266977	0.0246005	0.000568472	0.00615246	0.0209635	0.0173078	0.0345778	0.0276429	0.0273283	0.443755	0.0245648	0.0562068	0.120188	0.0661258	0.0841147	0.0599965	0.330173	0.897305	2.71253	3	1.220827
2470000	-445.518	-528.2545	82.73644	1	0.6330888	0.00609101	0.126399	0.0534526	0.0540899	0.0266977	0.0246005	0.000568472	0.00615246	0.0209635	0.0173078	0.0345778	0.0276429	0.0273283	0.443755	0.0245648	0.0562068	0.120188	0.0661258	0.0841147	0.0599965	0.330173	0.897305	2.71253	3	1.220827
2471000	-446.87	-529.6065	82.73644	1	0.6330888	0.00609101	0.126399	0.0534526	0.0540899	0.0266977	0.0246005	0.000568472	0.00615246	0.0209635	0.0173078	0.0345778	0.0276429	0.0273283	0.443755	0.0245648	0.0562068	0.120188	0.0661258	0.0841147	0.0599965	0.330173	0.897305	2.71253	3	1.220827
2472000	-448.8677	-531.6042	82.73644	1	0.6330888	0.00609101	0.126399	0.0534526	0.0540899	0.0266977	0.0246005	0.000568472	0.00615246	0.0209635	0.0173078	0.0345778	0.0276429	0.0273283	0.443755	0.0245648	0.0562068	0.120188	0.0661258	0.0841147	0.0599965	0.330173	0.897305	2.71253	3	1.220827
2473000	-445.5756	-528.312	82.73644	1	0.6330888	0.00609101	0.126399	0.0534526	0.0540899	0.0266977	0.0246005	0.000568472	0.00615246	0.0209635	0.0173078	0.0345778	0.0276429	0.0273283	0.443755	0.0245648	0.0562068	0.120188	0.0661258	0.0841147	0.0599965	0.330173	0.897305	2.71253	3	1.220827
2474000	-449.5938	-532.3302	82.73644	1	0.6330888	0.00609101	0.126399	0.0534526	0.0540899	0.0266977	0.0246005	0.000568472	0.00615246	0.0209635	0.0173078	0.0345778	0.0276429	0.0273283	0.443755	0.0245648	0.0562068	0.120188	0.0661258	0.0841147	0.0599965	0.330173	0.897305	2.71253	3	1.220827
2475000	-451.0805	-533.8169	82.73644	1	0.6330888	0.00609101	0.126399	0.0534526	0.0540899	0.0266977	0.0246005	0.000568472	0.00615246	0.0209635	0.0173078	0.0345778	0.0276429	0.0273283	0.443755	0.0245648	0.0562068	0.120188	0.0661258	0.0841147	0.0599965	0.330173	0.897305	2.71253	3	1.220827
2476000	-449.8028	-532.5393	82.73644	1	0.6330888	0.00609101	0.126399	0.0534526	0.0540899	0.0266977	0.0246005	0.000568472	0.00615246	0.0209635	0.0173078	0.0345778	0.0276429	0.0273283	0.443755	0.0245648	0.0562068	0.120188	0.0661258	0.0841147	0.0599965	0.330173	0.897305	2.71253	3	1.220827
2477000	-450.0321	-532.7686	82.73644	1	0.6330888	0.00609101	0.126399	0.0534526	0.0540899	0.0266977	0.0246005	0.000568472	0.00615246	0.0209635	0.0173078	0.0345778	0.0276429	0.0273283	0.443755	0.0245648	0.0562068	0.120188	0.0661258	0.0841147	0.0599965	0.330173	0.897305	2.71253	3	1.220827
2478000	-448.5168	-531.2532	82.73644	1	0.6330888	0.00609101	0.126399	0.0534526	0.0540899	0.0266977	0.0246005	0.000568472	0.00615246	0.0209635	0.0173078	0.0345778	0.0276429	0.0273283	0.443755	0.0245648	0.0562068	0.120188	0.0661258	0.0841147	0.0599965	0.330173	0.897305	2.71253	3	1.220827
2479000	-451.2872	-534.0237	82.73644	1	0.6330888	0.00609101	0.126399	0.0534526	0.0540899	0.0266977	0.0246005	0.000568472	0.00615246	0.0209635	0.0173078	0.0345778	0.0276429	0.0273283	0.443755	0.0245648	0.0562068	0.120188	0.0661258	0.0841147	0.0599965	0.330173	0.897305	2.71253	3	1.220827
2480000	-451.0003	-533.7367	82.73644	1	0.6330888	0.00609101	0.126399	0.0534526	0.0540899	0.0266977	0.0246005	0.000568472	0.00615246	0.0209635	0.0173078	0.0345778	0.0276429	0.0273283	0.443755	0.0245648	0.0562068	0.120188	0.0661258	0.0841147	0.0599965	0.330173	0.897305	2.71253	3	1.220827
2481000	-447.5912	-530.3277	82.73644	1	0.6330888	0.00609101	0.126399	0.0534526	0.0540899	0.0266977	0.0246005	0.000568472	0.00615246	0.0209635	0.0173078	0.0345778	0.0276429	0.0273283	0.443755	0.0245648	0.0562068	0.120188	0.0661258	0.0841147	0.0599965	0.330173	0.897305	2.71253	3	1.220827
2482000	-448.8945	-531.631	82.73644	1	0.6330888	0.00609101	0.126399	0.0534526	0.0540899	0.0266977	0.0246005	0.000568472	0.00615246	0.0209635	0.0173078	0.0345778	0.0276429	0.0273283	0.443755	0.0245648	0.0562068	0.120188	0.0661258	0.0841147	0.0599965	0.330173	0.897305	2.71253	3	1.220827
2483000	-449.0591	-531.7955	82.73644	1	0.6330888	0.00609101	0.126399	0.0534526	0.0540899	0.0266977	0.0246005	0.000568472	0.00615246	0.0209635	0.0173078	0.0345778	0.0276429	0.0273283	0.443755	0.0245648	0.0562068	0.120188	0.0661258	0.0841147	0.0599965	0.330173	0.897305	2.71253	3	1.220827
2484000	-447.0175	-529.7539	82.73644	1	0.6330888	0.00609101	0.126399	0.0534526	0.0540899	0.0266977	0.0246005	0.000568472	0.00615246	0.0209635	0.0173078	0.0345778	0.0276429	0.0273283	0.443755	0.0245648	0.0562068	0.120188	0.0661258	0.0841147	0.0599965	0.330173	0.897305	2.71253	3	1.220827
2485000	-451.0484	-533.7848	82.73644	1	0.6330888	0.00609101	0.126399	0.0534526	0.0540899	0.0266977	0.0246005	0.000568472	0.00615246	0.0209635	0.0173078	0.0345778	0.0276429	0.0273283	0.443755	0.0245648	0.0562068	0.120188	0.0661258	0.0841147	0.0599965	0.330173	0.897305	2.71253	3	1.220827
2486000	-457.025	-539.7614	82.73644	1	0.6330888	0.00609101	0.126399	0.0534526	0.0540899	0.0266977	0.0246005	0.000568472	0.00615246	0.0209635	0.0173078	0.0345778	0.0276429	0.0273283	0.443755	0.0245648	0.0562068	0.120188	0.0661258	0.0841147	0.0599965	0.330173	0.897305	2.71253	3	1.220827
2487000	-451.4888	-534.2253	82.73644	1	0.6330888	0.00609101	0.126399	0.0534526	0.0540899	0.0266977	0.0246005	0.000568472	0.00615246	0.0209635	0.0173078	0.0345778	0.0276429	0.0273283	0.443755	0.0245648	0.0562068	0.120188	0.0661258	0.0841147	0.0599965	0.330173	0.897305	2.71253	3	1.220827
2488000	-446.0722	-528.8087	82.73644	1	0.6330888	0.00609101	0.126399	0.0534526	0.0540899	0.0266977	0.0246005	0.000568472	0.00615246	0.0209635	0.0173078	0.0345778	0.0276429	0.0273283	0.443755	0.0245648	0.0562068	0.120188	0.0661258	0.0841147	0.0599965	0.330173	0.897305	2.71253	3	1.220827
2489000	-446.2023	-528.9388	82.73644	1	0.6330888	0.00609101	0.126399	0.0534526	0.0540899	0.0266977	0.0246005	0.000568472	0.00615246	0.0209635	0.0173078	0.0345778	0.0276429	0.0273283	0.443755	0.0245648	0.0562068	0.120188	0.0661258	0.0841147	0.0599965	0.330173	0.897305	2.71253	3	1.220827
2490000	-447.8437	-530.5802	82.73644	1	0.6330888	0.00609101	0.126399	0.0534526	0.0540899	0.0266977	0.0246005	0.000568472	0.00615246	0.0209635	0.0173078	0.0345778	0.0276429	0.0273283	0.443755	0.0245648	0.0562068	0.120188	0.0661258	0.0841147	0.0599965	0.330173	0.897305	2.71253	3	1.220827
2491000	-450.2793	-533.0157	82.73644	1	0.6330888	0.00609101	0.126399	0.0534526	0.0540899	0.0266977	0.0246005	0.000568472	0.00615246	0.0209635	0.0173078	0.0345778	0.0276429	0.0273283	0.443755	0.0245648	0.0562068	0.120188	0.0661258	0.0841147	0.0599965	0.330173	0.897305	2.71253	3	1.220827
2492000	-446.5009	-529.2373	82.73644	1	0.6330888	0.00609101	0.126399	0.0534526	0.0540899	0.0266977	0.0246005	0.000568472	0.00615246	0.0209635	0.0173078	0.0345778	0.0276429	0.0273283	0.443755	0.0245648	0.0562068	0.120188	0.0661258	0.0841147	0.0599965	0.330173	0.897305	2.71253	3	1.220827
2493000	-449.9229	-532.6594	82.73644	1	0.6330888	0.00609101	0.126399	0.0534526	0.0540899	0.0266977	0.0246005	0.000568472	0.00615246	0.0209635	0.0173078	0.0345778	0.0276429	0.0273283	0.443755	0.0245648	0.0562068	0.120188	0.0661258	0.0841147	0.0599965	0.330173	0.897305	2.71253	3	1.220827
2494000	-444.4144	-527.1509	82.73644	1	0.6330888	0.00609101	0.126399	0.0534526	0.0540899	0.0266977	0.0246005	0.000568472	0.00615246	0.0209635	0.0173078	0.0345778	0.0276429	0.0273283	0.443755	0.0245648	0.0562068	0.120188	0.0661258	0.0841147	0.0599965	0.330173	0.897305	2.71253	3	1.220827
2495000	-446.3641	-529.1005	82.73644	1	0.6330888	0.00609101	0.126399	0.0534526	0.0540899	0.0266977	0.0246005	0.000568472	0.00615246	0.0209635	0.0173078	0.0345778	0.0276429	0.0273283	0.443755	0.0245648	0.0562068	0.120188	0.0661258	0.0841147	0.0599965	0.330173	0.897305	2.71253	3	1.220827
2496000	-446.2688	-529.0052	82.73644	1	0.6330888	0.00609101	0.126399	0.0534526	0.0540899	0.0266977	0.0246005	0.000568472	0.00615246	0.0209635	0.0173078	0.0345778	0.0276429	0.0273283	0.443755	0.0245648	0.0562068	0.120188	0.0661258	0.0841147	0.0599965	0.330173	0.897305	2.71253	3	1.220827
2497000	-444.9994	-527.7358	82.73644	1	0.6330888	0.00609101	0.126399	0.0534526	0.0540899	0.0266977	0.0246005	0.000568472	0.00615246	0.0209635	0.0173078	0.0345778	0.0276429	0.0273283	0.443755	0.0245648	0.0562068	0.120188	0.0661258	0.0841147	0.0599965	0.330173	0.897305	2.71253	3	1.220827
2498000	-449.0391	-531.7756	82.73644	1	0.6330888	0.00609101	0.126399	0.0534526	0.0540899	0.0266977	0.0246005	0.000568472	0.00615246	0.0209635	0.0173078	0.0345778	0.0276429	0.0273283	0.443755	0.0245648	0.0562068	0.120188	0.0661258	0.0841147	0.0599965	0.330173	0.897305	2.71253	3	1.220827
2499000	-447.8426	-530.579	82.73644	1	0.6330888	0.00609101	0.126399	0.0534526	0.0540899	0.0266977	0.0246005	0.000568472	0.00615246	0.0209635	0.0173078	0.0345778	0.0276429	0.0273283	0.443755	0.0245648	0.0562068	0.120188	0.0661258	0.0841147	0.0599965	0.330173	0.897305	2.71253	3	1.220827
2500000	-447.2117	-529.9481	82.73644	1	0.6330888	0.00609101	0.126399	0.0534526	0.0540899	0.0266977	0.0246005	0.000568472	0.00615246	0.0209635	0.0173078	0.0345778	0.0276429	0.0273283	0.443755	0.0245648	0.0562068	0.120188	0.0661258	0.0841147	0.0599965	0.330173	0.897305	2.71253	3	1.220827
2501000	-444.1177	-526.8541	82.73644	1	0.6330888	0.00609101	0.126399	0.0534526	0.0540899	0.0266977	0.0246005	0.000568472	0.00615246	0.0209635	0.0173078	0.0345778	0.0276429	0.0273283	0.443755	0.0245648	0.0562068	0.120188	0.0661258	0.0841147	0.0599965	0.330173	0.897305	2.71253	3	1.220827
2502000	-447.2735	-530.0099	82.73644	1	0.6330888	0.00609101	0.126399	0.0534526	0.0540899	0.0266977	0.0246005	0.000568472	0.00615246	0.0209635	0.0173078	0.0345778	0.0276429	0.0273283	0.443755	0.0245648	0.0562068	0.120188	0.0661258	0.0841147	0.0599965	0.330173	0.897305	2.71253	3	1.220827
2503000	-450.2838	-533.0203	82.73644	1	0.6330888	0.00609101	0.126399	0.0534526	0.0540899	0.0266977	0.0246005	0.000568472	0.00615246	0.0209635	0.0173078	0.0345778	0.0276429	0.0273283	0.443755	0.0245648	0.0562068	0.120188	0.0661258	0.0841147	0.0599965	0.330173	0.897305	2.71253	3	1.220827
2504000	-448.7412	-531.4776	82.73644	1	0.6330888	0.00609101	0.126399	0.0534526	0.0540899	0.0266977	0.0246005	0.000568472	0.00615246	0.0209635	0.0173078	0.0345778	0.0276429	0.0273283	0.443755	0.0245648	0.0562068	0.120188	0.0661258	0.0841147	0.0599965	0.330173	0.897305	2.71253	3	1.220827
2505000	-446.6272	-529.3636	82.73644	1	0.6330888	0.00609101	0.126399	0.0534526	0.0540899	0.0266977	0.0246005	0.000568472	0.00615246	0.0209635	0.0173078	0.0345778	0.0276429	0.0273283	0.443755	0.0245648	0.0562068	0.120188	0.0661258	0.0841147	0.0599965	0.330173	0.897305	2.71253	3	1.220827
2506000	-451.1472	-533.8837	82.73644	1	0.6330888	0.00609101	0.126399	0.0534526	0.0540899	0.0266977	0.0246005	0.000568472	0.00615246	0.0209635	0.0173078	0.0345778	0.0276429	0.0273283	0.443755	0.0245648	0.0562068	0.120188	0.0661258	0.0841147	0.0599965	0.330173	0.897305	2.71253	3	1.220827
2507000	-445.4931	-528.2295	82.73644	1	0.6330888	0.00609101	0.126399	0.0534526	0.0540899	0.0266977	0.0246005	0.000568472	0.00615246	0.0209635	0.0173078	0.0345778	0.0276429	0.0273283	0.443755	0.0245648	0.0562068	0.120188	0.0661258	0.0841147	0.0599965	0.330173	0.897305	2.71253	3	1.220827
2508000	-447.9966	-530.733	82.73644	1	0.6330888	0.00609101	0.126399	0.0534526	0.0540899	0.0266977	0.0246005	0.000568472	0.00615246	0.0209635	0.0173078	0.0345778	0.0276429	0.0273283	0.443755	0.0245648	0.0562068	0.120188	0.0661258	0.0841147	0.0599965	0.330173	0.897305	2.71253	3	1.220827
2509000	-450.9407	-533.6771	82.73644	1	0.6330888	0.00609101	0.126399	0.0534526	0.0540899	0.0266977	0.0246005	0.000568472	0.00615246	0.0209635	0.0173078	0.0345778	0.0276429	0.0273283	0.443755	0.0245648	0.0562068	0.120188	0.0661258	0.0841147	0.0599965	0.330173	0.897305	2.71253	3	1.220827
2510000	-445.5509	-528.2873	82.73644	1	0.6330888	0.00609101	0.126399	0.0534526	0.0540899	0.0266977	0.0246005	0.000568472	0.00615246	0.0209635	0.0173078	0.0345778	0.0276429	0.0273283	0.443755	0.0245648	0.0562068	0.120188	0.0661258	0.0841147	0.0599965	0.330173	0.897305	2.71253	3	1.220827
2511000	-445.6705	-528.407	82.73644	1	0.6330888	0.00609101	0.126399	0.0534526	0.0540899	0.0266977	0.0246005	0.000568472	0.00615246	0.0209635	0.0173078	0.0345778	0.0276429	0.0273283	0.443755	0.0245648	0.0562068	0.120188	0.0661258	0.0841147	0.0599965	0.330173	0.897305	2.71253	3	1.220827
2512000	-444.9995	-527.736	82.73644	1	0.6330888	0.00609101	0.126399	0.0534526	0.0540899	0.0266977	0.0246005	0.000568472	0.00615246	0.0209635	0.0173078	0.0345778	0.0276429	0.0273283	0.443755	0.0245648	0.0562068	0.120188	0.0661258	0.0841147	0.0599965	0.330173	0.897305	2.71253	3	1.220827
2513000	-450.7506	-533.487	82.73644	1	0.6330888	0.00609101	0.126399	0.0534526	0.0540899	0.0266977	0.0246005	0.000568472	0.00615246	0.0209635	0.0173078	0.0345778	0.0276429	0.0273283	0.443755	0.0245648	0.0562068	0.120188	0.0661258	0.0841147	0.0599965	0.330173	0.897305	2.71253	3	1.220827
2514000	-446.8587	-529.5951	82.73644	1	0.6330888	0.00609101	0.126399	0.0534526	0.0540899	0.0266977	0.0246005	0.000568472	0.00615246	0.0209635	0.0173078	0.0345778	0.0276429	0.0273283	0.443755	0.0245648	0.0562068	0.120188	0.0661258	0.0841147	0.0599965	0.330173	0.897305	2.71253	3	1.220827
2515000	-453.8211	-536.5575	82.73644	1	0.6330888	0.00609101	0.126399	0.0534526	0.0540899	0.0266977	0.0246005	0.000568472	0.00615246	0.0209635	0.0173078	0.0345778	0.0276429	0.0273283	0.443755	0.0245648	0.0562068	0.120188	0.0661258	0.0841147	0.0599965	0.330173	0.897305	2.71253	3	1.220827
2516000	-446.4332	-529.1697	82.73644	1	0.6330888	0.00609101	0.126399	0.0534526	0.0540899	0.0266977	0.0246005	0.000568472	0.00615246	0.0209635	0.0173078	0.0345778	0.0276429	0.0273283	0.443755	0.0245648	0.0562068	0.120188	0.0661258	0.0841147	0.0599965	0.330173	0.897305	2.71253	3	1.220827
2517000	-446.3902	-529.1266	82.73644	1	0.6330888	0.00609101	0.126399	0.0534526	0.0540899	0.0266977	0.0246005	0.000568472	0.00615246	0.0209635	0.0173078	0.0345778	0.0276429	0.0273283	0.443755	0.0245648	0.0562068	0.120188	0.0661258	0.0841147	0.0599965	0.330173	0.897305	2.71253	3	1.220827
2518000	-448.6274	-531.3639	82.73644	1	0.6330888	0.00609101	0.126399	0.0534526	0.0540899	0.0266977	0.0246005	0.000568472	0.00615246	0.0209635	0.0173078	0.0345778	0.0276429	0.0273283	0.443755	0.0245648	0.0562068	0.120188	0.0661258	0.0841147	0.0599965	0.330173	0.897305	2.71253	3	1.220827
2519000	-451.4714	-534.2078	82.73644	1	0.6330888	0.00609101	0.126399	0.0534526	0.0540899	0.0266977	0.0246005	0.000568472	0.00615246	0.0209635	0.0173078	0.0345778	0.0276429	0.0273283	0.443755	0.0245648	0.0562068	0.120188	0.0661258	0.0841147	0.0599965	0.330173	0.897305	2.71253	3	1.220827
2520000	-445.6515	-528.3879	82.73644	1	0.6330888	0.00609101	0.126399	0.0534526	0.0540899	0.0266977	0.0246005	0.000568472	0.00615246	0.0209635	0.0173078	0.0345778	0.0276429	0.0273283	0.443755	0.0245648	0.0562068	0.120188	0.0661258	0.0841147	0.0599965	0.330173	0.897305	2.71253	3	1.220827
2521000	-447.218	-529.9544	82.73644	1	0.6330888	0.00609101	0.126399	0.0534526	0.0540899	0.0266977	0.0246005	0.000568472	0.00615246	0.0209635	0.0173078	0.0345778	0.0276429	0.0273283	0.443755	0.0245648	0.0562068	0.120188	0.0661258	0.0841147	0.0599965	0.330173	0.897305	2.71253	3	1.220827
2522000	-451.8108	-534.5473	82.73644	1	0.6330888	0.00609101	0.126399	0.0534526	0.0540899	0.0266977	0.0246005	0.000568472	0.00615246	0.0209635	0.0173078	0.0345778	0.0276429	0.0273283	0.443755	0.0245648	0.0562068	0.120188	0.0661258	0.0841147	0.0599965	0.330173	0.897305	2.71253	3	1.220827
2523000	-447.8391	-530.5755	82.73644	1	0.6330888	0.00609101	0.126399	0.0534526	0.0540899	0.0266977	0.0246005	0.000568472	0.00615246	0.0209635	0.0173078	0.0345778	0.0276429	0.0273283	0.443755	0.0245648	0.0562068	0.120188	0.0661258	0.0841147	0.0599965	0.330173	0.897305	2.71253	3	1.220827
2524000	-448.0416	-530.778	82.73644	1	0.6330888	0.00609101	0.126399	0.0534526	0.0540899	0.0266977	0.0246005	0.000568472	0.00615246	0.0209635	0.0173078	0.0345778	0.0276429	0.0273283	0.443755	0.0245648	0.0562068	0.120188	0.0661258	0.0841147	0.0599965	0.330173	0.897305	2.71253	3	1.220827
2525000	-448.2107	-530.9471	82.73644	1	0.6330888	0.00609101	0.126399	0.0534526	0.0540899	0.0266977	0.0246005	0.000568472	0.00615246	0.0209635	0.0173078	0.0345778	0.0276429	0.0273283	0.443755	0.0245648	0.0562068	0.120188	0.0661258	0.0841147	0.0599965	0.330173	0.897305	2.71253	3	1.220827
2526000	-451.7499	-534.4863	82.73644	1	0.6330888	0.00609101	0.126399	0.0534526	0.0540899	0.0266977	0.0246005	0.000568472	0.00615246	0.0209635	0.0173078	0.0345778	0.0276429	0.0273283	0.443755	0.0245648	0.0562068	0.120188	0.0661258	0.0841147	0.0599965	0.330173	0.897305	2.71253	3	1.220827
2527000	-450.5453	-533.2818	82.73644	1	0.6330888	0.00609101	0.126399	0.0534526	0.0540899	0.0266977	0.0246005	0.000568472	0.00615246	0.0209635	0.0173078	0.0345778	0.0276429	0.0273283	0.443755	0.0245648	0.0562068	0.120188	0.0661258	0.0841147	0.0599965	0.330173	0.897305	2.71253	3	1.220827
2528000	-450.1842	-532.9206	82.73644	1	0.6330888	0.00609101	0.126399	0.0534526	0.0540899	0.0266977	0.0246005	0.000568472	0.00615246	0.0209635	0.0173078	0.0345778	0.0276429	0.0273283	0.443755	0.0245648	0.0562068	0.120188	0.0661258	0.0841147	0.0599965	0.330173	0.897305	2.71253	3	1.220827
2529000	-447.836	-530.5725	82.73644	1	0.6330888	0.00609101	0.126399	0.0534526	0.0540899	0.0266977	0.0246005	0.000568472	0.00615246	0.0209635	0.0173078	0.0345778	0.0276429	0.0273283	0.443755	0.0245648	0.0562068	0.120188	0.0661258	0.0841147	0.0599965	0.330173	0.897305	2.71253	3	1.220827
2530000	-444.6535	-527.39	82.73644	1	0.6330888	0.00609101	0.126399	0.0534526	0.0540899	0.0266977	0.0246005	0.000568472	0.00615246	0.0209635	0.0173078	0.0345778	0.0276429	0.0273283	0.443755	0.0245648	0.0562068	0.120188	0.0661258	0.0841147	0.0599965	0.330173	0.897305	2.71253	3	1.220827
2531000	-451.2159	-533.9523	82.73644	1	0.6330888	0.00609101	0.126399	0.0534526	0.0540899	0.0266977	0.0246005	0.000568472	0.00615246	0.0209635	0.0173078	0.0345778	0.0276429	0.0273283	0.443755	0.0245648	0.0562068	0.120188	0.0661258	0.0841147	0.0599965	0.330173	0.897305	2.71253	3	1.220827
2532000	-445.4547	-528.1911	82.73644	1	0.6330888	0.00609101	0.126399	0.0534526	0.0540899	0.0266977	0.0246005	0.000568472	0.00615246	0.0209635	0.0173078	0.0345778	0.0276429	0.0273283	0.443755	0.0245648	0.0562068	0.120188	0.0661258	0.0841147	0.0599965	0.330173	0.897305	2.71253	3	1.220827
2533000	-446.8731	-529.6096	82.73644	1	0.6330888	0.00609101	0.126399	0.0534526	0.0540899	0.0266977	0.0246005	0.000568472	0.00615246	0.0209635	0.0173078	0.0345778	0.0276429	0.0273283	0.443755	0.0245648	0.0562068	0.120188	0.0661258	0.0841147	0.0599965	0.330173	0.897305	2.71253	3	1.220827
2534000	-449.0213	-531.7578	82.73644	1	0.6330888	0.00609101	0.126399	0.0534526	0.0540899	0.0266977	0.0246005	0.000568472	0.00615246	0.0209635	0.0173078	0.0345778	0.0276429	0.0273283	0.443755	0.0245648	0.0562068	0.120188	0.0661258	0.0841147	0.0599965	0.330173	0.897305	2.71253	3	1.220827
2535000	-448.1682	-530.9046	82.73644	1	0.6330888	0.00609101	0.126399	0.0534526	0.0540899	0.0266977	0.0246005	0.000568472	0.00615246	0.0209635	0.0173078	0.0345778	0.0276429	0.0273283	0.443755	0.0245648	0.0562068	0.120188	0.0661258	0.0841147	0.0599965	0.330173	0.897305	2.71253	3	1.220827
2536000	-450.4362	-533.1726	82.73644	1	0.6330888	0.00609101	0.126399	0.0534526	0.0540899	0.0266977	0.0246005	0.000568472	0.00615246	0.0209635	0.0173078	0.0345778	0.0276429	0.0273283	0.443755	0.0245648	0.0562068	0.120188	0.0661258	0.0841147	0.0599965	0.330173	0.897305	2.71253	3	1.220827
2537000	-447.641	-530.3775	82.73644	1	0.6330888	0.00609101	0.126399	0.0534526	0.0540899	0.0266977	0.0246005	0.000568472	0.00615246	0.0209635	0.0173078	0.0345778	0.0276429	0.0273283	0.443755	0.0245648	0.0562068	0.120188	0.0661258	0.0841147	0.0599965	0.330173	0.897305	2.71253	3	1.220827
2538000	-447.493	-530.2295	82.73644	1	0.6330888	0.00609101	0.126399	0.0534526	0.0540899	0.0266977	0.0246005	0.000568472	0.00615246	0.0209635	0.0173078	0.0345778	0.0276429	0.0273283	0.443755	0.0245648	0.0562068	0.120188	0.0661258	0.0841147	0.0599965	0.330173	0.897305	2.71253	3	1.220827
2539000	-448.4252	-531.1617	82.73644	1	0.6330888	0.00609101	0.126399	0.0534526	0.0540899	0.0266977	0.0246005	0.000568472	0.00615246	0.0209635	0.0173078	0.0345778	0.0276429	0.0273283	0.443755	0.0245648	0.0562068	0.120188	0.0661258	0.0841147	0.0599965	0.330173	0.897305	2.71253	3	1.220827
2540000	-445.06	-527.7964	82.73644	1	0.6330888	0.00609101	0.126399	0.0534526	0.0540899	0.0266977	0.0246005	0.000568472	0.00615246	0.0209635	0.0173078	0.0345778	0.0276429	0.0273283	0.443755	0.0245648	0.0562068	0.120188	0.0661258	0.0841147	0.0599965	0.330173	0.897305	2.71253	3	1.220827
2541000	-447.7502	-530.4867	82.73644	1	0.6330888	0.00609101	0.126399	0.0534526	0.0540899	0.0266977	0.0246005	0.000568472	0.00615246	0.0209635	0.0173078	0.0345778	0.0276429	0.0273283	0.443755	0.0245648	0.0562068	0.120188	0.0661258	0.0841147	0.0599965	0.330173	0.897305	2.71253	3	1.220827
2542000	-446.6787	-529.4152	82.73644	1	0.6330888	0.00609101	0.126399	0.0534526	0.0540899	0.0266977	0.0246005	0.000568472	0.00615246	0.0209635	0.0173078	0.0345778	0.0276429	0.0273283	0.443755	0.0245648	0.0562068	0.120188	0.0661258	0.0841147	0.0599965	0.330173	0.897305	2.71253	3	1.220827
2543000	-452.6079	-535.3443	82.73644	1	0.6330888	0.00609101	0.126399	0.0534526	0.0540899	0.0266977	0.0246005	0.000568472	0.00615246	0.0209635	0.0173078	0.0345778	0.0276429	0.0273283	0.443755	0.0245648	0.0562068	0.120188	0.0661258	0.0841147	0.0599965	0.330173	0.897305	2.71253	3	1.220827
2544000	-446.5355	-529.2719	82.73644	1	0.6330888	0.00609101	0.126399	0.0534526	0.0540899	0.0266977	0.0246005	0.000568472	0.00615246	0.0209635	0.0173078	0.0345778	0.0276429	0.0273283	0.443755	0.0245648	0.0562068	0.120188	0.0661258	0.0841147	0.0599965	0.330173	0.897305	2.71253	3	1.220827
2545000	-450.1728	-532.9092	82.73644	1	0.6330888	0.00609101	0.126399	0.0534526	0.0540899	0.0266977	0.0246005	0.000568472	0.00615246	0.0209635	0.0173078	0.0345778	0.0276429	0.0273283	0.443755	0.0245648	0.0562068	0.120188	0.0661258	0.0841147	0.0599965	0.330173	0.897305	2.71253	3	1.220827
2546000	-449.9821	-532.7186	82.73644	1	0.6330888	0.00609101	0.126399	0.0534526	0.0540899	0.0266977	0.0246005	0.000568472	0.00615246	0.0209635	0.0173078	0.0345778	0.0276429	0.0273283	0.443755	0.0245648	0.0562068	0.120188	0.0661258	0.0841147	0.0599965	0.330173	0.897305	2.71253	3	1.220827
2547000	-447.7726	-530.5091	82.73644	1	0.6330888	0.00609101	0.126399	0.0534526	0.0540899	0.0266977	0.0246005	0.000568472	0.00615246	0.0209635	0.0173078	0.0345778	0.0276429	0.0273283	0.443755	0.0245648	0.0562068	0.120188	0.0661258	0.0841147	0.0599965	0.330173	0.897305	2.71253	3	1.220827
2548000	-448.2074	-530.9438	82.73644	1	0.6330888	0.00609101	0.126399	0.0534526	0.0540899	0.0266977	0.0246005	0.000568472	0.00615246	0.0209635	0.0173078	0.0345778	0.0276429	0.0273283	0.443755	0.0245648	0.0562068	0.120188	0.0661258	0.0841147	0.0599965	0.330173	0.897305	2.71253	3	1.220827
2549000	-450.0219	-532.7584	82.73644	1	0.6330888	0.00609101	0.126399	0.0534526	0.0540899	0.0266977	0.0246005	0.000568472	0.00615246	0.0209635	0.0173078	0.0345778	0.0276429	0.0273283	0.443755	0.0245648	0.0562068	0.120188	0.0661258	0.0841147	0.0599965	0.330173	0.897305	2.71253	3	1.220827
2550000	-448.6811	-531.4176	82.73644	1	0.6330888	0.00609101	0.126399	0.0534526	0.0540899	0.0266977	0.0246005	0.000568472	0.00615246	0.0209635	0.0173078	0.0345778	0.0276429	0.0273283	0.443755	0.0245648	0.0562068	0.120188	0.0661258	0.0841147	0.0599965	0.330173	0.897305	2.71253	3	1.220827
2551000	-449.151	-531.8875	82.73644	1	0.6330888	0.00609101	0.126399	0.0534526	0.0540899	0.0266977	0.0246005	0.000568472	0.00615246	0.0209635	0.0173078	0.0345778	0.0276429	0.0273283	0.443755	0.0245648	0.0562068	0.120188	0.0661258	0.0841147	0.0599965	0.330173	0.897305	2.71253	3	1.220827
2552000	-450.6616	-533.398	82.73644	1	0.6330888	0.00609101	0.126399	0.0534526	0.0540899	0.0266977	0.0246005	0.000568472	0.00615246	0.0209635	0.0173078	0.0345778	0.0276429	0.0273283	0.443755	0.0245648	0.0562068	0.120188	0.0661258	0.0841147	0.0599965	0.330173	0.897305	2.71253	3	1.220827
2553000	-451.1363	-533.8728	82.73644	1	0.6330888	0.00609101	0.126399	0.0534526	0.0540899	0.0266977	0.0246005	0.000568472	0.00615246	0.0209635	0.0173078	0.0345778	0.0276429	0.0273283	0.443755	0.0245648	0.0562068	0.120188	0.0661258	0.0841147	0.0599965	0.330173	0.897305	2.71253	3	1.220827
2554000	-446.7927	-529.5291	82.73644	1	0.6330888	0.00609101	0.126399	0.0534526	0.0540899	0.0266977	0.0246005	0.000568472	0.00615246	0.0209635	0.0173078	0.0345778	0.0276429	0.0273283	0.443755	0.0245648	0.0562068	0.120188	0.0661258	0.0841147	0.0599965	0.330173	0.897305	2.71253	3	1.220827
2555000	-446.2166	-528.9531	82.73644	1	0.6330888	0.00609101	0.126399	0.0534526	0.0540899	0.0266977	0.0246005	0.000568472	0.00615246	0.0209635	0.0173078	0.0345778	0.0276429	0.0273283	0.443755	0.0245648	0.0562068	0.120188	0.0661258	0.0841147	0.0599965	0.330173	0.897305	2.71253	3	1.220827
2556000	-451.0823	-533.8188	82.73644	1	0.6330888	0.00609101	0.126399	0.0534526	0.0540899	0.0266977	0.0246005	0.000568472	0.00615246	0.0209635	0.0173078	0.0345778	0.0276429	0.0273283	0.443755	0.0245648	0.0562068	0.120188	0.0661258	0.0841147	0.0599965	0.330173	0.897305	2.71253	3	1.220827
2557000	-448.5472	-531.2836	82.73644	1	0.6330888	0.00609101	0.126399	0.0534526	0.0540899	0.0266977	0.0246005	0.000568472	0.00615246	0.0209635	0.0173078	0.0345778	0.0276429	0.0273283	0.443755	0.0245648	0.0562068	0.120188	0.0661258	0.0841147	0.0599965	0.330173	0.897305	2.71253	3	1.220827
2558000	-447.9328	-530.6692	82.73644	1	0.6330888	0.00609101	0.126399	0.0534526	0.0540899	0.0266977	0.0246005	0.000568472	0.00615246	0.0209635	0.0173078	0.0345778	0.0276429	0.0273283	0.443755	0.0245648	0.0562068	0.120188	0.0661258	0.0841147	0.0599965	0.330173	0.897305	2.71253	3	1.220827
2559000	-452.1261	-534.8625	82.73644	1	0.6330888	0.00609101	0.126399	0.0534526	0.0540899	0.0266977	0.0246005	0.000568472	0.00615246	0.0209635	0.0173078	0.0345778	0.0276429	0.0273283	0.443755	0.0245648	0.0562068	0.120188	0.0661258	0.0841147	0.0599965	0.330173	0.897305	2.71253	3	1.220827
2560000	-450.581	-533.3174	82.73644	1	0.6330888	0.00609101	0.126399	0.0534526	0.0540899	0.0266977	0.0246005	0.000568472	0.00615246	0.0209635	0.0173078	0.0345778	0.0276429	0.0273283	0.443755	0.0245648	0.0562068	0.120188	0.0661258	0.0841147	0.0599965	0.330173	0.897305	2.71253	3	1.220827
2561000	-446.4719	-529.2083	82.73644	1	0.6330888	0.00609101	0.126399	0.0534526	0.0540899	0.0266977	0.0246005	0.000568472	0.00615246	0.0209635	0.0173078	0.0345778	0.0276429	0.0273283	0.443755	0.0245648	0.0562068	0.120188	0.0661258	0.0841147	0.0599965	0.330173	0.897305	2.71253	3	1.220827
2562000	-449.9106	-532.6471	82.73644	1	0.6330888	0.00609101	0.126399	0.0534526	0.0540899	0.0266977	0.0246005	0.000568472	0.00615246	0.0209635	0.0173078	0.0345778	0.0276429	0.0273283	0.443755	0.0245648	0.0562068	0.120188	0.0661258	0.0841147	0.0599965	0.330173	0.897305	2.71253	3	1.220827
2563000	-446.4113	-529.1477	82.73644	1	0.6330888	0.00609101	0.126399	0.0534526	0.0540899	0.0266977	0.0246005	0.000568472	0.00615246	0.0209635	0.0173078	0.0345778	0.0276429	0.0273283	0.443755	0.0245648	0.0562068	0.120188	0.0661258	0.0841147	0.0599965	0.330173	0.897305	2.71253	3	1.220827
2564000	-447.608	-530.3444	82.73644	1	0.6330888	0.00609101	0.126399	0.0534526	0.0540899	0.0266977	0.0246005	0.000568472	0.00615246	0.0209635	0.0173078	0.0345778	0.0276429	0.0273283	0.443755	0.0245648	0.0562068	0.120188	0.0661258	0.0841147	0.0599965	0.330173	0.897305	2.71253	3	1.220827
2565000	-453.8383	-536.5747	82.73644	1	0.6330888	0.00609101	0.126399	0.0534526	0.0540899	0.0266977	0.0246005	0.000568472	0.00615246	0.0209635	0.0173078	0.0345778	0.0276429	0.0273283	0.443755	0.0245648	0.0562068	0.120188	0.0661258	0.0841147	0.0599965	0.330173	0.897305	2.71253	3	1.220827
2566000	-450.6555	-533.3919	82.73644	1	0.6330888	0.00609101	0.126399	0.0534526	0.0540899	0.0266977	0.0246005	0.000568472	0.00615246	0.0209635	0.0173078	0.0345778	0.0276429	0.0273283	0.443755	0.0245648	0.0562068	0.120188	0.0661258	0.0841147	0.0599965	0.330173	0.897305	2.71253	3	1.220827
2567000	-446.6383	-529.3748	82.73644	1	0.6330888	0.00609101	0.126399	0.0534526	0.0540899	0.0266977	0.0246005	0.000568472	0.00615246	0.0209635	0.0173078	0.0345778	0.0276429	0.0273283	0.443755	0.0245648	0.0562068	0.120188	0.0661258	0.0841147	0.0599965	0.330173	0.897305	2.71253	3	1.220827
2568000	-446.879	-529.6155	82.73644	1	0.6330888	0.00609101	0.126399	0.0534526	0.0540899	0.0266977	0.0246005	0.000568472	0.00615246	0.0209635	0.0173078	0.0345778	0.0276429	0.0273283	0.443755	0.0245648	0.0562068	0.120188	0.0661258	0.0841147	0.0599965	0.330173	0.897305	2.71253	3	1.220827
2569000	-446.7641	-529.5005	82.73644	1	0.6330888	0.00609101	0.126399	0.0534526	0.0540899	0.0266977	0.0246005	0.000568472	0.00615246	0.0209635	0.0173078	0.0345778	0.0276429	0.0273283	0.443755	0.0245648	0.0562068	0.120188	0.0661258	0.0841147	0.0599965	0.330173	0.897305	2.71253	3	1.220827
2570000	-450.0892	-532.8256	82.73644	1	0.6330888	0.00609101	0.126399	0.0534526	0.0540899	0.0266977	0.0246005	0.000568472	0.00615246	0.0209635	0.0173078	0.0345778	0.0276429	0.0273283	0.443755	0.0245648	0.0562068	0.120188	0.0661258	0.0841147	0.0599965	0.330173	0.897305	2.71253	3	1.220827
2571000	-449.4497	-532.1861	82.73644	1	0.6330888	0.00609101	0.126399	0.0534526	0.0540899	0.0266977	0.0246005	0.000568472	0.00615246	0.0209635	0.0173078	0.0345778	0.0276429	0.0273283	0.443755	0.0245648	0.0562068	0.120188	0.0661258	0.0841147	0.0599965	0.330173	0.897305	2.71253	3	1.220827
2572000	-447.616	-530.3524	82.73644	1	0.6330888	0.00609101	0.126399	0.0534526	0.0540899	0.0266977	0.0246005	0.000568472	0.00615246	0.0209635	0.0173078	0.0345778	0.0276429	0.0273283	0.443755	0.0245648	0.0562068	0.120188	0.0661258	0.0841147	0.0599965	0.330173	0.897305	2.71253	3	1.220827
2573000	-447.9276	-530.6641	82.73644	1	0.6330888	0.00609101	0.126399	0.0534526	0.0540899	0.0266977	0.0246005	0.000568472	0.00615246	0.0209635	0.0173078	0.0345778	0.0276429	0.0273283	0.443755	0.0245648	0.0562068	0.120188	0.0661258	0.0841147	0.0599965	0.330173	0.897305	2.71253	3	1.220827
2574000	-449.3138	-532.0503	82.73644	1	0.6330888	0.00609101	0.126399	0.0534526	0.0540899	0.0266977	0.0246005	0.000568472	0.00615246	0.0209635	0.0173078	0.0345778	0.0276429	0.0273283	0.443755	0.0245648	0.0562068	0.120188	0.0661258	0.0841147	0.0599965	0.330173	0.897305	2.71253	3	1.220827
2575000	-450.712	-533.4484	82.73644	1	0.6330888	0.00609101	0.126399	0.0534526	0.0540899	0.0266977	0.0246005	0.000568472	0.00615246	0.0209635	0.0173078	0.0345778	0.0276429	0.0273283	0.443755	0.0245648	0.0562068	0.120188	0.0661258	0.0841147	0.0599965	0.330173	0.897305	2.71253	3	1.220827
2576000	-453.0735	-535.8099	82.73644	1	0.6330888	0.00609101	0.126399	0.0534526	0.0540899	0.0266977	0.0246005	0.000568472	0.00615246	0.0209635	0.0173078	0.0345778	0.0276429	0.0273283	0.443755	0.0245648	0.0562068	0.120188	0.0661258	0.0841147	0.0599965	0.330173	0.897305	2.71253	3	1.220827
2577000	-450.517	-533.2534	82.73644	1	0.6330888	0.00609101	0.126399	0.0534526	0.0540899	0.0266977	0.0246005	0.000568472	0.00615246	0.0209635	0.0173078	0.0345778	0.0276429	0.0273283	0.443755	0.0245648	0.0562068	0.120188	0.0661258	0.0841147	0.0599965	0.330173	0.897305	2.71253	3	1.220827
2578000	-445.6099	-528.3463	82.73644	1	0.6330888	0.00609101	0.126399	0.0534526	0.0540899	0.0266977	0.0246005	0.000568472	0.00615246	0.0209635	0.0173078	0.0345778	0.0276429	0.0273283	0.443755	0.0245648	0.0562068	0.120188	0.0661258	0.0841147	0.0599965	0.330173	0.897305	2.71253	3	1.220827
2579000	-442.7077	-525.4442	82.73644	1	0.6330888	0.00609101	0.126399	0.0534526	0.0540899	0.0266977	0.0246005	0.000568472	0.00615246	0.0209635	0.0173078	0.0345778	0.0276429	0.0273283	0.443755	0.0245648	0.0562068	0.120188	0.0661258	0.0841147	0.0599965	0.330173	0.897305	2.71253	3	1.220827
2580000	-446.0879	-528.8243	82.73644	1	0.6330888	0.00609101	0.126399	0.0534526	0.0540899	0.0266977	0.0246005	0.000568472	0.00615246	0.0209635	0.0173078	0.0345778	0.0276429	0.0273283	0.443755	0.0245648	0.0562068	0.120188	0.0661258	0.0841147	0.0599965	0.330173	0.897305	2.71253	3	1.220827
2581000	-447.5099	-530.2463	82.73644	1	0.6330888	0.00609101	0.126399	0.0534526	0.0540899	0.0266977	0.0246005	0.000568472	0.00615246	0.0209635	0.0173078	0.0345778	0.0276429	0.0273283	0.443755	0.0245648	0.0562068	0.120188	0.0661258	0.0841147	0.0599965	0.330173	0.897305	2.71253	3	1.220827
2582000	-445.7384	-528.4748	82.73644	1	0.6330888	0.00609101	0.126399	0.0534526	0.0540899	0.0266977	0.0246005	0.000568472	0.00615246	0.0209635	0.0173078	0.0345778	0.0276429	0.0273283	0.443755	0.0245648	0.0562068	0.120188	0.0661258	0.0841147	0.0599965	0.330173	0.897305	2.71253	3	1.220827
2583000	-450.6755	-533.412	82.73644	1	0.6330888	0.00609101	0.126399	0.0534526	0.0540899	0.0266977	0.0246005	0.000568472	0.00615246	0.0209635	0.0173078	0.0345778	0.0276429	0.0273283	0.443755	0.0245648	0.0562068	0.120188	0.0661258	0.0841147	0.0599965	0.330173	0.897305	2.71253	3	1.220827
2584000	-443.27	-526.0064	82.73644	1	0.6330888	0.00609101	0.126399	0.0534526	0.0540899	0.0266977	0.0246005	0.000568472	0.00615246	0.0209635	0.0173078	0.0345778	0.0276429	0.0273283	0.443755	0.0245648	0.0562068	0.120188	0.0661258	0.0841147	0.0599965	0.330173	0.897305	2.71253	3	1.220827
2585000	-456.2867	-539.0231	82.73644	1	0.6330888	0.00609101	0.126399	0.0534526	0.0540899	0.0266977	0.0246005	0.000568472	0.00615246	0.0209635	0.0173078	0.0345778	0.0276429	0.0273283	0.443755	0.0245648	0.0562068	0.120188	0.0661258	0.0841147	0.0599965	0.330173	0.897305	2.71253	3	1.220827
2586000	-444.9202	-527.6567	82.73644	1	0.6330888	0.00609101	0.126399	0.0534526	0.0540899	0.0266977	0.0246005	0.000568472	0.00615246	0.0209635	0.0173078	0.0345778	0.0276429	0.0273283	0.443755	0.0245648	0.0562068	0.120188	0.0661258	0.0841147	0.0599965	0.330173	0.897305	2.71253	3	1.220827
2587000	-446.1618	-528.8983	82.73644	1	0.6330888	0.00609101	0.126399	0.0534526	0.0540899	0.0266977	0.0246005	0.000568472	0.00615246	0.0209635	0.0173078	0.0345778	0.0276429	0.0273283	0.443755	0.0245648	0.0562068	0.120188	0.0661258	0.0841147	0.0599965	0.330173	0.897305	2.71253	3	1.220827
2588000	-447.4553	-530.1917	82.73644	1	0.6330888	0.00609101	0.126399	0.0534526	0.0540899	0.0266977	0.0246005	0.000568472	0.00615246	0.0209635	0.0173078	0.0345778	0.0276429	0.0273283	0.443755	0.0245648	0.0562068	0.120188	0.0661258	0.0841147	0.0599965	0.330173	0.897305	2.71253	3	1.220827
2589000	-448.0213	-530.7578	82.73644	1	0.6330888	0.00609101	0.126399	0.0534526	0.0540899	0.0266977	0.0246005	0.000568472	0.00615246	0.0209635	0.0173078	0.0345778	0.0276429	0.0273283	0.443755	0.0245648	0.0562068	0.120188	0.0661258	0.0841147	0.0599965	0.330173	0.897305	2.71253	3	1.220827
2590000	-449.4326	-532.1691	82.73644	1	0.6330888	0.00609101	0.126399	0.0534526	0.0540899	0.0266977	0.0246005	0.000568472	0.00615246	0.0209635	0.0173078	0.0345778	0.0276429	0.0273283	0.443755	0.0245648	0.0562068	0.120188	0.0661258	0.0841147	0.0599965	0.330173	0.897305	2.71253	3	1.220827
2591000	-443.7913	-526.5278	82.73644	1	0.6330888	0.00609101	0.126399	0.0534526	0.0540899	0.0266977	0.0246005	0.000568472	0.00615246	0.0209635	0.0173078	0.0345778	0.0276429	0.0273283	0.443755	0.0245648	0.0562068	0.120188	0.0661258	0.0841147	0.0599965	0.330173	0.897305	2.71253	3	1.220827
2592000	-449.4672	-532.2037	82.73644	1	0.6330888	0.00609101	0.126399	0.0534526	0.0540899	0.0266977	0.0246005	0.000568472	0.00615246	0.0209635	0.0173078	0.0345778	0.0276429	0.0273283	0.443755	0.0245648	0.0562068	0.120188	0.0661258	0.0841147	0.0599965	0.330173	0.897305	2.71253	3	1.220827
2593000	-446.4881	-529.2245	82.73644	1	0.6330888	0.00609101	0.126399	0.0534526	0.0540899	0.0266977	0.0246005	0.000568472	0.00615246	0.0209635	0.0173078	0.0345778	0.0276429	0.0273283	0.443755	0.0245648	0.0562068	0.120188	0.0661258	0.0841147	0.0599965	0.330173	0.897305	2.71253	3	1.220827
2594000	-443.4058	-526.1422	82.73644	1	0.6330888	0.00609101	0.126399	0.0534526	0.0540899	0.0266977	0.0246005	0.000568472	0.00615246	0.0209635	0.0173078	0.0345778	0.0276429	0.0273283	0.443755	0.0245648	0.0562068	0.120188	0.0661258	0.0841147	0.0599965	0.330173	0.897305	2.71253	3	1.220827
2595000	-443.2015	-525.9379	82.73644	1	0.6330888	0.00609101	0.126399	0.0534526	0.0540899	0.0266977	0.0246005	0.000568472	0.00615246	0.0209635	0.0173078	0.0345778	0.0276429	0.0273283	0.443755	0.0245648	0.0562068	0.120188	0.0661258	0.0841147	0.0599965	0.330173	0.897305	2.71253	3	1.220827
2596000	-447.2832	-530.0197	82.73644	1	0.6330888	0.00609101	0.126399	0.0534526	0.0540899	0.0266977	0.0246005	0.000568472	0.00615246	0.0209635	0.0173078	0.0345778	0.0276429	0.0273283	0.443755	0.0245648	0.0562068	0.120188	0.0661258	0.0841147	0.0599965	0.330173	0.897305	2.71253	3	1.220827
2597000	-448.5628	-531.2993	82.73644	1	0.6330888	0.00609101	0.126399	0.0534526	0.0540899	0.0266977	0.0246005	0.000568472	0.00615246	0.0209635	0.0173078	0.0345778	0.0276429	0.0273283	0.443755	0.0245648	0.0562068	0.120188	0.0661258	0.0841147	0.0599965	0.330173	0.897305	2.71253	3	1.220827
2598000	-449.615	-532.3515	82.73644	1	0.6330888	0.00609101	0.126399	0.0534526	0.0540899	0.0266977	0.0246005	0.000568472	0.00615246	0.0209635	0.0173078	0.0345778	0.0276429	0.0273283	0.443755	0.0245648	0.0562068	0.120188	0.0661258	0.0841147	0.0599965	0.330173	0.897305	2.71253	3	1.220827
2599000	-443.5039	-526.2404	82.73644	1	0.6330888	0.00609101	0.126399	0.0534526	0.0540899	0.0266977	0.0246005	0.000568472	0.00615246	0.0209635	0.0173078	0.0345778	0.0276429	0.0273283	0.443755	0.0245648	0.0562068	0.120188	0.0661258	0.0841147	0.0599965	0.330173	0.897305	2.71253	3	1.220827
2600000	-448.6231	-531.3595	82.73644	1	0.6330888	0.00609101	0.126399	0.0534526	0.0540899	0.0266977	0.0246005	0.000568472	0.00615246	0.0209635	0.0173078	0.0345778	0.0276429	0.0273283	0.443755	0.0245648	0.0562068	0.120188	0.0661258	0.0841147	0.0599965	0.330173	0.897305	2.71253	3	1.220827
2601000	-447.2666	-530.0031	82.73644	1	0.6330888	0.00609101	0.126399	0.0534526	0.0540899	0.0266977	0.0246005	0.000568472	0.00615246	0.0209635	0.0173078	0.0345778	0.0276429	0.0273283	0.443755	0.0245648	0.0562068	0.120188	0.0661258	0.0841147	0.0599965	0.330173	0.897305	2.71253	3	1.220827
2602000	-443.9788	-526.7152	82.73644	1	0.6330888	0.00609101	0.126399	0.0534526	0.0540899	0.0266977	0.0246005	0.000568472	0.00615246	0.0209635	0.0173078	0.0345778	0.0276429	0.0273283	0.443755	0.0245648	0.0562068	0.120188	0.0661258	0.0841147	0.0599965	0.330173	0.897305	2.71253	3	1.220827
2603000	-451.1903	-533.9268	82.73644	1	0.6330888	0.00609101	0.126399	0.0534526	0.0540899	0.0266977	0.0246005	0.000568472	0.00615246	0.0209635	0.0173078	0.0345778	0.0276429	0.0273283	0.443755	0.0245648	0.0562068	0.120188	0.0661258	0.0841147	0.0599965	0.330173	0.897305	2.71253	3	1.220827
2604000	-446.7545	-529.4909	82.73644	1	0.6330888	0.00609101	0.126399	0.0534526	0.0540899	0.0266977	0.0246005	0.000568472	0.00615246	0.0209635	0.0173078	0.0345778	0.0276429	0.0273283	0.443755	0.0245648	0.0562068	0.120188	0.0661258	0.0841147	0.0599965	0.330173	0.897305	2.71253	3	1.220827
2605000	-448.2034	-530.9399	82.73644	1	0.6330888	0.00609101	0.126399	0.0534526	0.0540899	0.0266977	0.0246005	0.000568472	0.00615246	0.0209635	0.0173078	0.0345778	0.0276429	0.0273283	0.443755	0.0245648	0.0562068	0.120188	0.0661258	0.0841147	0.0599965	0.330173	0.897305	2.71253	3	1.220827
2606000	-448.2954	-531.0318	82.73644	1	0.6330888	0.00609101	0.126399	0.0534526	0.0540899	0.0266977	0.0246005	0.000568472	0.00615246	0.0209635	0.0173078	0.0345778	0.0276429	0.0273283	0.443755	0.0245648	0.0562068	0.120188	0.0661258	0.0841147	0.0599965	0.330173	0.897305	2.71253	3	1.220827
2607000	-446.0959	-528.8323	82.73644	1	0.6330888	0.00609101	0.126399	0.0534526	0.0540899	0.0266977	0.0246005	0.000568472	0.00615246	0.0209635	0.0173078	0.0345778	0.0276429	0.0273283	0.443755	0.0245648	0.0562068	0.120188	0.0661258	0.0841147	0.0599965	0.330173	0.897305	2.71253	3	1.220827
2608000	-451.6661	-534.4025	82.73644	1	0.6330888	0.00609101	0.126399	0.0534526	0.0540899	0.0266977	0.0246005	0.000568472	0.00615246	0.0209635	0.0173078	0.0345778	0.0276429	0.0273283	0.443755	0.0245648	0.0562068	0.120188	0.0661258	0.0841147	0.0599965	0.330173	0.897305	2.71253	3	1.220827
2609000	-446.8512	-529.5876	82.73644	1	0.6330888	0.00609101	0.126399	0.0534526	0.0540899	0.0266977	0.0246005	0.000568472	0.00615246	0.0209635	0.0173078	0.0345778	0.0276429	0.0273283	0.443755	0.0245648	0.0562068	0.120188	0.0661258	0.0841147	0.0599965	0.330173	0.897305	2.71253	3	1.220827
2610000	-448.4424	-531.1789	82.73644	1	0.6330888	0.00609101	0.126399	0.0534526	0.0540899	0.0266977	0.0246005	0.000568472	0.00615246	0.0209635	0.0173078	0.0345778	0.0276429	0.0273283	0.443755	0.0245648	0.0562068	0.120188	0.0661258	0.0841147	0.0599965	0.330173	0.897305	2.71253	3	1.220827
2611000	-450.6802	-533.4167	82.73644	1	0.6330888	0.00609101	0.126399	0.0534526	0.0540899	0.0266977	0.0246005	0.000568472	0.00615246	0.0209635	0.0173078	0.0345778	0.0276429	0.0273283	0.443755	0.0245648	0.0562068	0.120188	0.0661258	0.0841147	0.0599965	0.330173	0.897305	2.71253	3	1.220827
2612000	-447.0608	-529.7973	82.73644	1	0.6330888	0.00609101	0.126399	0.0534526	0.0540899	0.0266977	0.0246005	0.000568472	0.00615246	0.0209635	0.0173078	0.0345778	0.0276429	0.0273283	0.443755	0.0245648	0.0562068	0.120188	0.0661258	0.0841147	0.0599965	0.330173	0.897305	2.71253	3	1.220827
2613000	-448.6557	-531.3921	82.73644	1	0.6330888	0.00609101	0.126399	0.0534526	0.0540899	0.0266977	0.0246005	0.000568472	0.00615246	0.0209635	0.0173078	0.0345778	0.0276429	0.0273283	0.443755	0.0245648	0.0562068	0.120188	0.0661258	0.0841147	0.0599965	0.330173	0.897305	2.71253	3	1.220827
2614000	-449.3701	-532.1065	82.73644	1	0.6330888	0.00609101	0.126399	0.0534526	0.0540899	0.0266977	0.0246005	0.000568472	0.00615246	0.0209635	0.0173078	0.0345778	0.0276429	0.0273283	0.443755	0.0245648	0.0562068	0.120188	0.0661258	0.0841147	0.0599965	0.330173	0.897305	2.71253	3	1.220827
2615000	-446.9936	-529.7301	82.73644	1	0.6330888	0.00609101	0.126399	0.0534526	0.0540899	0.0266977	0.0246005	0.000568472	0.00615246	0.0209635	0.0173078	0.0345778	0.0276429	0.0273283	0.443755	0.0245648	0.0562068	0.120188	0.0661258	0.0841147	0.0599965	0.330173	0.897305	2.71253	3	1.220827
2616000	-451.4904	-534.2269	82.73644	1	0.6330888	0.00609101	0.126399	0.0534526	0.0540899	0.0266977	0.0246005	0.000568472	0.00615246	0.0209635	0.0173078	0.0345778	0.0276429	0.0273283	0.443755	0.0245648	0.0562068	0.120188	0.0661258	0.0841147	0.0599965	0.330173	0.897305	2.71253	3	1.220827
2617000	-446.1488	-528.8852	82.73644	1	0.6330888	0.00609101	0.126399	0.0534526	0.0540899	0.0266977	0.0246005	0.000568472	0.00615246	0.0209635	0.0173078	0.0345778	0.0276429	0.0273283	0.443755	0.0245648	0.0562068	0.120188	0.0661258	0.0841147	0.0599965	0.330173	0.897305	2.71253	3	1.220827
2618000	-450.5236	-533.2601	82.73644	1	0.6330888	0.00609101	0.126399	0.0534526	0.0540899	0.0266977	0.0246005	0.000568472	0.00615246	0.0209635	0.0173078	0.0345778	0.0276429	0.0273283	0.443755	0.0245648	0.0562068	0.120188	0.0661258	0.0841147	0.0599965	0.330173	0.897305	2.71253	3	1.220827
2619000	-445.4705	-528.207	82.73644	1	0.6330888	0.00609101	0.126399	0.0534526	0.0540899	0.0266977	0.0246005	0.000568472	0.00615246	0.0209635	0.0173078	0.0345778	0.0276429	0.0273283	0.443755	0.0245648	0.0562068	0.120188	0.0661258	0.0841147	0.0599965	0.330173	0.897305	2.71253	3	1.220827
2620000	-448.0182	-530.7546	82.73644	1	0.6330888	0.00609101	0.126399	0.0534526	0.0540899	0.0266977	0.0246005	0.000568472	0.00615246	0.0209635	0.0173078	0.0345778	0.0276429	0.0273283	0.443755	0.0245648	0.0562068	0.120188	0.0661258	0.0841147	0.0599965	0.330173	0.897305	2.71253	3	1.220827
2621000	-449.6376	-532.374	82.73644	1	0.6330888	0.00609101	0.126399	0.0534526	0.0540899	0.0266977	0.0246005	0.000568472	0.00615246	0.0209635	0.0173078	0.0345778	0.0276429	0.0273283	0.443755	0.0245648	0.0562068	0.120188	0.0661258	0.0841147	0.0599965	0.330173	0.897305	2.71253	3	1.220827
2622000	-449.8432	-532.5797	82.73644	1	0.6330888	0.00609101	0.126399	0.0534526	0.0540899	0.0266977	0.0246005	0.000568472	0.00615246	0.0209635	0.0173078	0.0345778	0.0276429	0.0273283	0.443755	0.0245648	0.0562068	0.120188	0.0661258	0.0841147	0.0599965	0.330173	0.897305	2.71253	3	1.220827
2623000	-449.3072	-532.0436	82.73644	1	0.6330888	0.00609101	0.126399	0.0534526	0.0540899	0.0266977	0.0246005	0.000568472	0.00615246	0.0209635	0.0173078	0.0345778	0.0276429	0.0273283	0.443755	0.0245648	0.0562068	0.120188	0.0661258	0.0841147	0.0599965	0.330173	0.897305	2.71253	3	1.220827
2624000	-447.6834	-530.4199	82.73644	1	0.6330888	0.00609101	0.126399	0.0534526	0.0540899	0.0266977	0.0246005	0.000568472	0.00615246	0.0209635	0.0173078	0.0345778	0.0276429	0.0273283	0.443755	0.0245648	0.0562068	0.120188	0.0661258	0.0841147	0.0599965	0.330173	0.897305	2.71253	3	1.220827
2625000	-451.9701	-534.7066	82.73644	1	0.6330888	0.00609101	0.126399	0.0534526	0.0540899	0.0266977	0.0246005	0.000568472	0.00615246	0.0209635	0.0173078	0.0345778	0.0276429	0.0273283	0.443755	0.0245648	0.0562068	0.120188	0.0661258	0.0841147	0.0599965	0.330173	0.897305	2.71253	3	1.220827
2626000	-449.597	-532.3335	82.73644	1	0.6330888	0.00609101	0.126399	0.0534526	0.0540899	0.0266977	0.0246005	0.000568472	0.00615246	0.0209635	0.0173078	0.0345778	0.0276429	0.0273283	0.443755	0.0245648	0.0562068	0.120188	0.0661258	0.0841147	0.0599965	0.330173	0.897305	2.71253	3	1.220827
2627000	-444.4239	-527.1604	82.73644	1	0.6330888	0.00609101	0.126399	0.0534526	0.0540899	0.0266977	0.0246005	0.000568472	0.00615246	0.0209635	0.0173078	0.0345778	0.0276429	0.0273283	0.443755	0.0245648	0.0562068	0.120188	0.0661258	0.0841147	0.0599965	0.330173	0.897305	2.71253	3	1.220827
2628000	-448.7113	-531.4477	82.73644	1	0.6330888	0.00609101	0.126399	0.0534526	0.0540899	0.0266977	0.0246005	0.000568472	0.00615246	0.0209635	0.0173078	0.0345778	0.0276429	0.0273283	0.443755	0.0245648	0.0562068	0.120188	0.0661258	0.0841147	0.0599965	0.330173	0.897305	2.71253	3	1.220827
2629000	-452.0746	-534.811	82.73644	1	0.6330888	0.00609101	0.126399	0.0534526	0.0540899	0.0266977	0.0246005	0.000568472	0.00615246	0.0209635	0.0173078	0.0345778	0.0276429	0.0273283	0.443755	0.0245648	0.0562068	0.120188	0.0661258	0.0841147	0.0599965	0.330173	0.897305	2.71253	3	1.220827
2630000	-448.5561	-531.2925	82.73644	1	0.6330888	0.00609101	0.126399	0.0534526	0.0540899	0.0266977	0.0246005	0.000568472	0.00615246	0.0209635	0.0173078	0.0345778	0.0276429	0.0273283	0.443755	0.0245648	0.0562068	0.120188	0.0661258	0.0841147	0.0599965	0.330173	0.897305	2.71253	3	1.220827
2631000	-449.5849	-532.3214	82.73644	1	0.6330888	0.00609101	0.126399	0.0534526	0.0540899	0.0266977	0.0246005	0.000568472	0.00615246	0.0209635	0.0173078	0.0345778	0.0276429	0.0273283	0.443755	0.0245648	0.0562068	0.120188	0.0661258	0.0841147	0.0599965	0.330173	0.897305	2.71253	3	1.220827
2632000	-447.894	-530.6305	82.73644	1	0.6330888	0.00609101	0.126399	0.0534526	0.0540899	0.0266977	0.0246005	0.000568472	0.00615246	0.0209635	0.0173078	0.0345778	0.0276429	0.0273283	0.443755	0.0245648	0.0562068	0.120188	0.0661258	0.0841147	0.0599965	0.330173	0.897305	2.71253	3	1.220827
2633000	-445.6333	-528.3698	82.73644	1	0.6330888	0.00609101	0.126399	0.0534526	0.0540899	0.0266977	0.0246005	0.000568472	0.00615246	0.0209635	0.0173078	0.0345778	0.0276429	0.0273283	0.443755	0.0245648	0.0562068	0.120188	0.0661258	0.0841147	0.0599965	0.330173	0.897305	2.71253	3	1.220827
2634000	-448.7668	-531.5032	82.73644	1	0.6330888	0.00609101	0.126399	0.0534526	0.0540899	0.0266977	0.0246005	0.000568472	0.00615246	0.0209635	0.0173078	0.0345778	0.0276429	0.0273283	0.443755	0.0245648	0.0562068	0.120188	0.0661258	0.0841147	0.0599965	0.330173	0.897305	2.71253	3	1.220827
2635000	-447.9334	-530.6699	82.73644	1	0.6330888	0.00609101	0.126399	0.0534526	0.0540899	0.0266977	0.0246005	0.000568472	0.00615246	0.0209635	0.0173078	0.0345778	0.0276429	0.0273283	0.443755	0.0245648	0.0562068	0.120188	0.0661258	0.0841147	0.0599965	0.330173	0.897305	2.71253	3	1.220827
2636000	-449.0077	-531.7441	82.73644	1	0.6330888	0.00609101	0.126399	0.0534526	0.0540899	0.0266977	0.0246005	0.000568472	0.00615246	0.0209635	0.0173078	0.0345778	0.0276429	0.0273283	0.443755	0.0245648	0.0562068	0.120188	0.0661258	0.0841147	0.0599965	0.330173	0.897305	2.71253	3	1.220827
2637000	-449.3922	-532.1286	82.73644	1	0.6330888	0.00609101	0.126399	0.0534526	0.0540899	0.0266977	0.0246005	0.000568472	0.00615246	0.0209635	0.0173078	0.0345778	0.0276429	0.0273283	0.443755	0.0245648	0.0562068	0.120188	0.0661258	0.0841147	0.0599965	0.330173	0.897305	2.71253	3	1.220827
2638000	-450.152	-532.8885	82.73644	1	0.6330888	0.00609101	0.126399	0.0534526	0.0540899	0.0266977	0.0246005	0.000568472	0.00615246	0.0209635	0.0173078	0.0345778	0.0276429	0.0273283	0.443755	0.0245648	0.0562068	0.120188	0.0661258	0.0841147	0.0599965	0.330173	0.897305	2.71253	3	1.220827
2639000	-449.112	-531.8484	82.73644	1	0.6330888	0.00609101	0.126399	0.0534526	0.0540899	0.0266977	0.0246005	0.000568472	0.00615246	0.0209635	0.0173078	0.0345778	0.0276429	0.0273283	0.443755	0.0245648	0.0562068	0.120188	0.0661258	0.0841147	0.0599965	0.330173	0.897305	2.71253	3	1.220827
2640000	-448.3476	-531.084	82.73644	1	0.6330888	0.00609101	0.126399	0.0534526	0.0540899	0.0266977	0.0246005	0.000568472	0.00615246	0.0209635	0.0173078	0.0345778	0.0276429	0.0273283	0.443755	0.0245648	0.0562068	0.120188	0.0661258	0.0841147	0.0599965	0.330173	0.897305	2.71253	3	1.220827
2641000	-449.4319	-532.1684	82.73644	1	0.6330888	0.00609101	0.126399	0.0534526	0.0540899	0.0266977	0.0246005	0.000568472	0.00615246	0.0209635	0.0173078	0.0345778	0.0276429	0.0273283	0.443755	0.0245648	0.0562068	0.120188	0.0661258	0.0841147	0.0599965	0.330173	0.897305	2.71253	3	1.220827
2642000	-446.6269	-529.3633	82.73644	1	0.6330888	0.00609101	0.126399	0.0534526	0.0540899	0.0266977	0.0246005	0.000568472	0.00615246	0.0209635	0.0173078	0.0345778	0.0276429	0.0273283	0.443755	0.0245648	0.0562068	0.120188	0.0661258	0.0841147	0.0599965	0.330173	0.897305	2.71253	3	1.220827
2643000	-450.5396	-533.276	82.73644	1	0.6330888	0.00609101	0.126399	0.0534526	0.0540899	0.0266977	0.0246005	0.000568472	0.00615246	0.0209635	0.0173078	0.0345778	0.0276429	0.0273283	0.443755	0.0245648	0.0562068	0.120188	0.0661258	0.0841147	0.0599965	0.330173	0.897305	2.71253	3	1.220827
2644000	-446.2222	-528.9586	82.73644	1	0.6330888	0.00609101	0.126399	0.0534526	0.0540899	0.0266977	0.0246005	0.000568472	0.00615246	0.0209635	0.0173078	0.0345778	0.0276429	0.0273283	0.443755	0.0245648	0.0562068	0.120188	0.0661258	0.0841147	0.0599965	0.330173	0.897305	2.71253	3	1.220827
2645000	-446.3614	-529.0979	82.73644	1	0.6330888	0.00609101	0.126399	0.0534526	0.0540899	0.0266977	0.0246005	0.000568472	0.00615246	0.0209635	0.0173078	0.0345778	0.0276429	0.0273283	0.443755	0.0245648	0.0562068	0.120188	0.0661258	0.0841147	0.0599965	0.330173	0.897305	2.71253	3	1.220827
2646000	-451.959	-534.6954	82.73644	1	0.6330888	0.00609101	0.126399	0.0534526	0.0540899	0.0266977	0.0246005	0.000568472	0.00615246	0.0209635	0.0173078	0.0345778	0.0276429	0.0273283	0.443755	0.0245648	0.0562068	0.120188	0.0661258	0.0841147	0.0599965	0.330173	0.897305	2.71253	3	1.220827
2647000	-447.7168	-530.4532	82.73644	1	0.6330888	0.00609101	0.126399	0.0534526	0.0540899	0.0266977	0.0246005	0.000568472	0.00615246	0.0209635	0.0173078	0.0345778	0.0276429	0.0273283	0.443755	0.0245648	0.0562068	0.120188	0.0661258	0.0841147	0.0599965	0.330173	0.897305	2.71253	3	1.220827
2648000	-447.2004	-529.9368	82.73644	1	0.6330888	0.00609101	0.126399	0.0534526	0.0540899	0.0266977	0.0246005	0.000568472	0.00615246	0.0209635	0.0173078	0.0345778	0.0276429	0.0273283	0.443755	0.0245648	0.0562068	0.120188	0.0661258	0.0841147	0.0599965	0.330173	0.897305	2.71253	3	1.220827
2649000	-448.7029	-531.4394	82.73644	1	0.6330888	0.00609101	0.126399	0.0534526	0.0540899	0.0266977	0.0246005	0.000568472	0.00615246	0.0209635	0.0173078	0.0345778	0.0276429	0.0273283	0.443755	0.0245648	0.0562068	0.120188	0.0661258	0.0841147	0.0599965	0.330173	0.897305	2.71253	3	1.220827
2650000	-448.3035	-531.04	82.73644	1	0.6330888	0.00609101	0.126399	0.0534526	0.0540899	0.0266977	0.0246005	0.000568472	0.00615246	0.0209635	0.0173078	0.0345778	0.0276429	0.0273283	0.443755	0.0245648	0.0562068	0.120188	0.0661258	0.0841147	0.0599965	0.330173	0.897305	2.71253	3	1.220827
2651000	-450.9519	-533.6884	82.73644	1	0.6330888	0.00609101	0.126399	0.0534526	0.0540899	0.0266977	0.0246005	0.000568472	0.00615246	0.0209635	0.0173078	0.0345778	0.0276429	0.0273283	0.443755	0.0245648	0.0562068	0.120188	0.0661258	0.0841147	0.0599965	0.330173	0.897305	2.71253	3	1.220827
2652000	-450.5013	-533.2377	82.73644	1	0.6330888	0.00609101	0.126399	0.0534526	0.0540899	0.0266977	0.0246005	0.000568472	0.00615246	0.0209635	0.0173078	0.0345778	0.0276429	0.0273283	0.443755	0.0245648	0.0562068	0.120188	0.0661258	0.0841147	0.0599965	0.330173	0.897305	2.71253	3	1.220827
2653000	-450.8845	-533.6209	82.73644	1	0.6330888	0.00609101	0.126399	0.0534526	0.0540899	0.0266977	0.0246005	0.000568472	0.00615246	0.0209635	0.0173078	0.0345778	0.0276429	0.0273283	0.443755	0.0245648	0.0562068	0.120188	0.0661258	0.0841147	0.0599965	0.330173	0.897305	2.71253	3	1.220827
2654000	-447.1559	-529.8923	82.73644	1	0.6330888	0.00609101	0.126399	0.0534526	0.0540899	0.0266977	0.0246005	0.000568472	0.00615246	0.0209635	0.0173078	0.0345778	0.0276429	0.0273283	0.443755	0.0245648	0.0562068	0.120188	0.0661258	0.0841147	0.0599965	0.330173	0.897305	2.71253	3	1.220827
2655000	-449.2405	-531.977	82.73644	1	0.6330888	0.00609101	0.126399	0.0534526	0.0540899	0.0266977	0.0246005	0.000568472	0.00615246	0.0209635	0.0173078	0.0345778	0.0276429	0.0273283	0.443755	0.0245648	0.0562068	0.120188	0.0661258	0.0841147	0.0599965	0.330173	0.897305	2.71253	3	1.220827
2656000	-451.2987	-534.0352	82.73644	1	0.6330888	0.00609101	0.126399	0.0534526	0.0540899	0.0266977	0.0246005	0.000568472	0.00615246	0.0209635	0.0173078	0.0345778	0.0276429	0.0273283	0.443755	0.0245648	0.0562068	0.120188	0.0661258	0.0841147	0.0599965	0.330173	0.897305	2.71253	3	1.220827
2657000	-448.1886	-530.9251	82.73644	1	0.6330888	0.00609101	0.126399	0.0534526	0.0540899	0.0266977	0.0246005	0.000568472	0.00615246	0.0209635	0.0173078	0.0345778	0.0276429	0.0273283	0.443755	0.0245648	0.0562068	0.120188	0.0661258	0.0841147	0.0599965	0.330173	0.897305	2.71253	3	1.220827
2658000	-445.7645	-528.5009	82.73644	1	0.6330888	0.00609101	0.126399	0.0534526	0.0540899	0.0266977	0.0246005	0.000568472	0.00615246	0.0209635	0.0173078	0.0345778	0.0276429	0.0273283	0.443755	0.0245648	0.0562068	0.120188	0.0661258	0.0841147	0.0599965	0.330173	0.897305	2.71253	3	1.220827
2659000	-447.4014	-530.1379	82.73644	1	0.6330888	0.00609101	0.126399	0.0534526	0.0540899	0.0266977	0.0246005	0.000568472	0.00615246	0.0209635	0.0173078	0.0345778	0.0276429	0.0273283	0.443755	0.0245648	0.0562068	0.120188	0.0661258	0.0841147	0.0599965	0.330173	0.897305	2.71253	3	1.220827
2660000	-450.3443	-533.0807	82.73644	1	0.6330888	0.00609101	0.126399	0.0534526	0.0540899	0.0266977	0.0246005	0.000568472	0.00615246	0.0209635	0.0173078	0.0345778	0.0276429	0.0273283	0.443755	0.0245648	0.0562068	0.120188	0.0661258	0.0841147	0.0599965	0.330173	0.897305	2.71253	3	1.220827
2661000	-469.0636	-550.869	81.80544	1	0.7689095	0.00300596	0.110346	0.0661819	0.0540899	0.0224267	0.0149809	0.00061194	0.0077704	0.0185024	0.0335599	0.0559918	0.0256166	0.0330709	0.443755	0.0363614	0.0585277	0.104302	0.124243	0.0870015	0.088928	0.394309	0.947953	2.56881	3	1.300346
2662000	-478.096	-557.713	79.61695	1	0.6484988	0.0554937	0.13658	0.0117753	0.0357771	0.0515032	0.0142994	0.0593064	0.0039239	0.00929235	0.0232922	0.0676541	0.0658516	0.0927253	0.581196	0.0617243	0.0296276	0.181751	0.00859095	0.0408719	0.0632407	0.338182	0.904179	2.6944	3	1.531236
2663000	-461.2636	-553.3433	92.07973	2	0.3153213	0.0545018	0.0965465	0.0184746	0.0749732	0.00742931	0.0118537	0.0141424	0.0163651	0.00510515	0.00245749	0.0326307	0.066717	0.0789325	0.523927	0.0809942	0.0147068	0.0960595	0.0407397	0.0119792	0.00662018	0.116454	0.620658	3.25627	4	1.248536
2664000	-470.8284	-555.2884	84.45999	2	1.141146	0.022576	0.168874	0.0140954	0.0532043	0.0310612	0.00423289	0.00676722	0.0119818	0.00746357	0.024462	0.0257827	0.0896584	0.0931403	0.515809	0.0141477	0.081636	0.115949	0.0300696	0.00787618	0.164226	0.515422	1.01995	2.3004	4	1.318788
2665000	-461.6395	-556.3478	94.70828	2	0.2559543	0.0204915	0.110522	0.0113003	0.0440355	0.00195935	0.0057826	0.0102639	0.00711628	0.00526614	0.0157599	0.0363193	0.0503343	0.0271948	0.316071	0.0400593	0.0483888	0.0531949	0.00298893	0.0389351	0.00240095	0.0710225	0.513875	3.4127	4	0.8459839
2666000	-471.1572	-558.8433	87.68606	2	0.2094029	0.0222052	0.0962007	0.0111064	0.00868186	0.00272748	0.0278012	0.0377644	0.00808544	0.0124808	0.00512132	0.0512237	0.0372363	0.148615	1.08791	0.0199539	0.191029	0.0824239	0.132919	0.0740166	0.000724253	0.03937	0.40775	3.55216	4	2.057504
2667000	-452.1937	-554.3041	102.1104	2	0.1702716	0.00274585	0.0535852	0.0133356	0.0325397	0.00232955	0.00402072	0.00260046	0.00112296	0.00656673	0.0166857	0.0168787	0.0225726	0.0117415	0.214	2.77286e-05	0.0206444	0.0292182	0.0403757	0.0388038	0.00015903	0.0185739	0.301798	3.67947	4	0.5297952
2668000	-465.7584	-555.5953	89.8369	2	0.3345703	0.00829336	0.150566	0.0182979	0.0696974	0.00372036	0.0362718	0.0838118	0.00794421	0.0021684	0.000823204	0.0564946	0.0330578	0.00621302	0.928957	0.091778	0.0501177	0.0327737	0.116779	0.1175	0.00851392	0.13152	0.649543	3.21042	4	1.815266
2669000	-485.6614	-567.6783	82.01691	2	0.676306	0.0749386	0.107001	0.0226903	0.0530749	0.0218487	0.0181943	0.0879347	0.00782745	0.00188615	0.0554131	0.0516673	0.0638028	0.0740387	0.79549	0.0614768	0.0516525	0.144494	0.0539526	0.129242	0.0691361	0.352133	0.915761	2.66297	4	1.876626
2670000	-479.8319	-556.9573	77.12538	1	0.7663486	0.0411969	0.304745	0.0113002	0.120105	0.0166674	0.00292711	0.00617305	0.00369223	0.0183521	0.00141539	0.0737578	0.0390151	0.023259	0.618951	0.0581712	0.0794377	0.182588	0.122682	0.0441718	0.0883807	0.393224	0.947176	2.57122	3	1.768608
2671000	-460.2397	-554.9183	94.67852	2	0.9030957	0.01937	0.0638236	0.0140132	0.0404167	0.00282026	0.0112349	0.0306667	0.000909715	0.0140997	0.0069518	0.0389785	0.0918372	0.0452611	0.592257	0.0459419	0.106774	0.0271816	0.00352032	0.113328	0.117236	0.445554	0.981884	2.45533	4	1.269386
2672000	-470.1826	-561.4589	91.27635	2	0.3444591	0.0703447	0.13982	0.0112299	0.085705	0.00821186	0.0348312	0.0167124	0.00102183	0.00570725	0.0315372	0.0337788	0.112304	0.00467157	0.77303	0.0572734	0.0421167	0.135012	0.140135	0.132962	0.00958339	0.139241	0.663443	3.18773	4	1.836405
2673000	-471.1626	-559.2314	88.06876	2	0.5105607	0.0319805	0.154863	0.0388722	0.0175062	0.00602697	0.00395008	0.0323555	0.00536361	0.00694497	0.0139233	0.0421197	0.0510032	0.183438	0.379313	0.0751899	0.0409761	0.0457345	0.0317152	0.0883332	0.0353614	0.258754	0.827803	2.87808	4	1.24961
2674000	-471.4179	-556.2619	84.84405	2	0.3103994	0.0906661	0.0668096	0.0252301	0.0695395	0.0137294	0.00265694	0.0207283	0.0107067	0.000449415	0.0492074	0.0220441	0.0849584	0.0751365	0.921009	0.126005	0.0384216	0.0170494	0.0260707	0.085276	0.00617674	0.112606	0.612861	3.26836	4	1.745694
2675000	-461.4481	-554.1515	92.70339	2	0.285671	0.0238	0.152215	0.0407446	0.0282123	0.0196713	0.00129432	0.00821129	0.00738415	0.00210581	0.0154953	0.0387003	0.0283115	0.00956826	0.418252	0.0740446	0.00885366	0.128641	0.0321639	0.082529	0.00420511	0.0934052	0.570935	3.33145	4	1.120198
2676000	-458.1159	-549.6352	91.51937	2	0.2660649	0.0235034	0.0654451	0.0270786	0.0396628	0.0171329	0.00677717	0.00909837	0.000864604	0.0115671	0.0100932	0.0163206	0.0255955	0.000528082	0.592749	0.0569847	0.0453256	0.0794475	0.0224343	0.0436937	0.0029465	0.0785126	0.534162	3.38438	4	1.094302
2677000	-463.3176	-556.7175	93.39996	2	0.5085411	0.0121683	0.129678	0.0314132	0.0521498	0.00338801	0.00533044	0.0128882	0.00171945	0.0141654	0.0262627	0.0471868	0.0772568	0.0145787	0.450034	0.0429383	0.020987	0.159635	0.067648	0.120127	0.0349815	0.257455	0.826385	2.88118	4	1.289556
2678000	-465.9571	-556.4915	90.5344	2	0.4392116	0.00891598	0.112586	0.0217334	0.0475164	0.0148073	0.000218112	0.0288573	0.00829694	0.00425881	0.0239762	0.0427954	0.0924088	0.00334332	0.594693	0.0533881	0.0231043	0.125524	0.0230372	0.148959	0.0227537	0.210394	0.770451	2.9964	4	1.378419
2679000	-460.8134	-557.0108	96.19734	2	0.7625718	0.0347608	0.0680699	0.0361391	0.0310198	0.0118523	0.00462815	0.00185025	0.0146285	0.00856697	0.0106313	0.0681378	0.0457606	0.0704267	0.628291	0.0294627	0.0808636	0.00944073	0.0958279	0.118541	0.0875734	0.391617	0.946019	2.57479	4	1.368899
2680000	-459.5266	-554.7669	95.24035	2	0.5893799	0.0357103	0.142055	0.0382711	0.0645663	0.0137934	0.0174555	0.0125316	0.00681431	0.00191595	0.0251021	0.0307723	0.156882	0.00913905	0.360506	0.0290353	0.06811	0.0379673	0.0723459	0.0315104	0.0509253	0.306317	0.875803	2.76695	4	1.154483
2681000	-464.2585	-557.435	93.17652	2	0.4244416	0.0592853	0.0836574	0.0713434	0.0891298	0.0115926	0.0426917	0.0122741	0.0204291	0.000579593	0.00727992	0.0418294	0.0154805	0.0985096	0.63146	0.0963439	0.141454	0.0346019	0.0456232	0.0541986	0.0203926	0.199766	0.75643	3.02341	4	1.557764
2682000	-470.3562	-560.0731	89.71693	2	0.8114441	0.0295142	0.135911	0.0227339	0.105168	0.0266056	0.00944565	0.00531175	0.0116306	0.0103503	0.06347	0.00361813	0.0718461	0.0668822	0.504101	0.11929	0.128382	0.0238458	0.057052	0.0359185	0.0979915	0.411701	0.960076	2.53023	4	1.431076
2683000	-460.9606	-559.2943	98.33372	2	0.2831481	0.0472259	0.0880587	0.0285305	0.0602591	0.00565801	0.00635552	0.00984351	0.0154683	0.00965557	0.0659431	0.0126779	0.0941153	0.0197307	0.638886	0.0324527	0.0142698	0.0581683	0.0974512	0.125992	0.00402811	0.0914675	0.566386	3.33812	4	1.430742
2684000	-455.7685	-553.8868	98.11829	2	0.2427683	0.0107698	0.131884	0.00265137	0.0603935	0.0424901	0.000162155	0.0050465	0.000247237	0.00416283	0.0278493	0.0241161	0.0425193	0.00618974	0.599571	0.0388642	0.0750065	0.0709927	0.0639616	0.0229933	0.00179168	0.0615193	0.485985	3.4507	4	1.229871
2685000	-458.3355	-553.936	95.60054	2	0.2296164	0.00925827	0.0905078	0.0228907	0.0475145	0.0222541	0.00501454	0.00723695	0.0104519	0.00134868	0.0110378	0.0266301	0.0255469	0.103666	0.685368	0.0451637	0.0821896	0.011053	0.0740996	0.0336338	0.00129386	0.052417	0.456485	3.4898	4	1.314867
2686000	-482.4026	-564.4012	81.99858	2	0.4253163	0.027773	0.242419	0.0256152	0.0659942	0.00813916	0.0297542	0.0311414	0.0165676	0.00228127	0.0132311	0.11891	0.000476153	0.308689	0.752167	0.157225	0.199425	0.100842	0.00374578	0.0111369	0.0205297	0.200401	0.757284	3.02179	4	2.115533
2687000	-461.4043	-556.1938	94.78949	2	0.5773614	0.0703264	0.116783	0.0191935	0.0785426	0.0272322	0.0224497	0.00724955	0.00301801	0.00318876	2.73545e-06	0.0517321	0.0613551	0.0375421	0.592743	0.0350913	0.057069	0.0834253	0.031421	0.0690823	0.0484749	0.299452	0.869315	2.78276	4	1.367448
2688000	-465.5528	-560.5898	95.03701	2	0.6680625	0.0236976	0.0838398	0.0181955	0.033037	0.000319382	0.00619778	0.00514627	0.0114754	0.0135195	0.00792368	0.031831	0.0876183	0.0110166	0.282515	0.122908	0.0620338	0.00281362	0.0847072	0.0255764	0.0673838	0.348063	0.912433	2.67212	4	0.9143714
2689000	-476.2941	-559.0235	82.72935	2	1.202643	0.0174097	0.153816	0.0220227	0.0638245	0.0106799	0.0118591	0.0403216	0.00750395	0.0106458	0.0011992	0.0728057	0.00700383	0.137187	0.417755	0.0351757	0.0840668	0.0431918	0.105922	0.0372393	0.175532	0.530205	1.02687	2.2674	4	1.27963
2690000	-464.0064	-557.4881	93.48172	2	0.2409763	0.0554841	0.07113	0.00587414	0.0339277	0.0308425	0.0014688	0.045668	0.015031	0.00240276	0.0343297	0.0281074	0.0845837	0.0414087	0.581891	0.0210318	0.0412401	0.0446939	0.02766	0.104376	0.00171755	0.0602551	0.482066	3.45596	4	1.271152
2691000	-463.5493	-556.4618	92.91256	2	0.2221013	0.0104855	0.113433	0.0135597	0.057496	0.0027935	0.0123375	0.0119112	0.00349077	0.00236891	0.00685359	0.0400273	0.0957929	0.00244188	0.440424	0.0178305	0.0165573	0.067936	0.0623552	0.11917	0.00105577	0.047419	0.438852	3.51267	4	1.097265
2692000	-459.8622	-549.8274	89.9652	2	0.2253084	0.0354706	0.0706221	0.00807453	0.050534	0.0110522	0.0199263	0.00011267	0.0100136	0.0040608	0.0111113	0.0464271	0.0923514	0.0693567	0.829653	0.0437002	0.0249004	0.0857187	0.0743535	0.048496	0.00115341	0.0495322	0.446447	3.50287	4	1.535935
2693000	-454.4561	-549.4281	94.97202	2	0.3562248	0.0127685	0.125848	0.00911356	0.0829368	0.00468159	0.0306311	0.00102359	0.00571393	0.000705126	0.0145357	0.0637968	0.0949075	0.0307958	0.68925	0.0314575	0.0676758	0.022742	0.095372	0.00387419	0.0109384	0.148388	0.679209	3.16147	4	1.387829
2694000	-467.5442	-563.5261	95.98189	2	0.3058405	0.049894	0.0753135	0.00254775	0.0538097	0.0161373	0.00416362	0.0120476	0.00309924	0.017965	0.00127901	0.046093	0.0444958	0.0485954	0.389207	0.0359136	0.0402912	0.0457979	0.0306597	0.0141912	0.00578103	0.109046	0.605482	3.27969	4	0.9315019
2695000	-472.338	-561.7707	89.43262	2	0.5718587	0.079168	0.124712	0.00949118	0.0821372	0.00568051	0.0230502	0.00539678	0.00408741	0.0103324	0.0479204	0.014904	0.165217	0.0438003	0.458759	0.0429283	0.0281944	0.0855557	0.00313405	0.0302376	0.0473608	0.296263	0.866254	2.79012	4	1.264707
2696000	-455.807	-550.4341	94.62714	2	0.3108295	0.0474001	0.0773628	0.00927163	0.0520502	0.0126329	0.00416124	0.0141466	0.00901928	0.00665171	0.0326973	0.0168506	0.0835677	0.0388575	0.492837	0.063942	0.0374161	0.0068032	0.152447	0.0239254	0.00621483	0.112942	0.613549	3.26729	4	1.18204
2697000	-469.8576	-558.0765	88.21893	2	0.5218366	0.0690096	0.113762	0.0130218	0.0777414	0.0286643	0.0254447	0.0107641	0.00317213	0.0052591	0.0332256	0.00568528	0.0193235	0.054256	0.52067	0.0185858	0.103621	0.0292903	0.136041	0.0610675	0.037503	0.265932	0.835529	2.86104	4	1.328605
2698000	-476.0067	-564.0995	88.09278	2	0.4632459	0.00799844	0.126892	0.0911129	0.0825008	0.0130029	0.0429537	0.00961122	0.00184228	0.00318262	0.0182136	0.0199481	0.289238	0.0773366	0.661913	0.0258144	0.0635665	0.157915	0.0348452	0.0491895	0.026795	0.227246	0.791566	2.95439	4	1.777077
2699000	-471.6656	-562.1073	90.44168	2	0.9057351	0.00967248	0.0585891	0.00579137	0.0602761	0.00477572	0.0141931	0.0271057	0.00607885	0.0120527	0.0361737	0.0516005	0.222509	0.0212853	0.759334	0.0970875	0.0382055	0.0400222	0.15901	0.0939395	0.117783	0.446462	0.982438	2.45332	4	1.717701
2700000	-467.3503	-559.4291	92.07879	2	0.336235	0.0289811	0.184012	0.0156193	0.00709414	0.016972	0.00990609	0.0243647	0.0113248	0.00591997	0.0291756	0.0154768	0.0822876	0.113788	0.601393	0.0796376	0.0272574	0.0622084	0.0584313	0.0174029	0.00868944	0.132821	0.651926	3.20656	4	1.391253
2701000	-475.4943	-560.5872	85.0929	2	0.6268876	0.111489	0.176499	0.0315031	0.0742606	0.0612935	0.00823526	0.00107627	0.00810339	0.0236455	0.0552921	0.0334646	0.194982	0.00172575	0.770468	0.167481	0.0763126	0.0600975	0.0429131	0.000417631	0.0586967	0.326892	0.89444	2.71997	4	1.899259
2702000	-470.1471	-565.2053	95.05823	2	0.2497955	0.0313081	0.110627	0.0529864	0.0113282	0.0129192	0.00719344	0.00451163	0.0181856	0.00300255	0.0311245	0.032104	0.0354167	0.00618422	0.358242	0.0968073	0.0236132	0.137939	0.0365238	0.0339553	0.00210224	0.0665423	0.501054	3.4303	4	1.043972
2703000	-464.1132	-560.4625	96.3493	2	0.3240618	0.0440259	0.0624671	0.0174224	0.0492807	0.00416225	0.0128116	0.00136247	0.000437534	0.0237697	0.0220358	0.0576933	0.0549864	0.0708788	0.389872	0.0965654	0.0854648	0.140768	0.0198875	0.0352487	0.00744884	0.123296	0.634084	3.23517	4	1.18914
2704000	-475.0426	-562.3556	87.31302	2	0.1714563	0.0698019	0.10777	0.0028947	0.0732553	0.00019438	0.000980983	0.0412725	0.0186954	0.00651689	0.036579	0.00163099	0.0600581	0.0320723	0.832997	0.07493	0.0125286	0.245365	0.0541468	0.00682841	0.000168203	0.0190985	0.305212	3.67552	4	1.678518
2705000	-459.3914	-551.0929	91.70151	2	0.2675161	0.0260122	0.107988	0.0529642	0.0587661	0.00412511	0.00419882	0.010895	0.00236639	0.00387822	0.00432579	0.0461174	0.0903867	0.00715601	0.348823	0.0402717	0.0564168	0.0338125	0.0291832	0.0267311	0.00303052	0.0795999	0.536998	3.38037	4	0.9544184
2706000	-455.7691	-551.5037	95.73459	2	0.4680967	0.0557481	0.069116	0.0274842	0.0381932	0.0107891	0.0147112	0.00215517	0.00340047	0.00588506	0.00996571	0.0362629	0.0459434	0.0177311	0.411495	0.0633733	0.0324043	0.0155988	0.0925528	0.0821156	0.0276382	0.230579	0.795591	2.94619	4	1.034925
2707000	-452.8841	-551.9937	99.1096	2	0.2361622	0.0130116	0.0413418	0.0208773	0.0436135	0.0222258	0.0016072	0.00102017	0.00566008	0.00543041	0.00569951	0.0400765	0.0642107	0.0255887	0.449396	0.1189	0.0288122	0.0289407	0.0240912	0.0531315	0.00152835	0.0568948	0.471381	3.4702	4	0.9936355
2708000	-469.17	-550.6453	81.47528	1	0.3850815	0.018275	0.0742007	0.00263887	0.0517256	0.00523223	0.0251864	0.0256179	0.00200805	0.00179282	0.0105005	0.0410882	0.0901562	0.100733	0.575224	0.121074	0.0518021	0.108441	0.0434213	0.0226261	0.0146223	0.170527	0.714619	3.10023	3	1.371745
2709000	-468.4214	-557.1253	88.70385	2	0.2757351	0.0214886	0.102905	0.0119646	0.0694379	0.000999096	0.0137442	0.00464686	0.00849286	0.00607213	0.0368062	0.0368069	0.0196893	0.0248227	0.7335	0.117955	0.040567	0.0953135	0.0653887	0.049509	0.00353382	0.0858069	0.552711	3.35795	4	1.46011
2710000	-477.8598	-561.5107	83.65087	1	0.3785607	0.00822057	0.0713788	0.0168298	0.0278408	0.00671141	0.00260262	0.0106014	0.0160836	0.00552526	0.0210588	0.0479963	0.0826188	0.0231964	0.573858	0.0616034	0.0427533	0.0484647	0.0159357	0.0715583	0.0137468	0.165568	0.706998	3.11369	3	1.154838
2711000	-460.8152	-560.9152	100.1	2	0.2651826	0.0403346	0.0648282	0.0146246	0.0655704	0.0186356	0.0347835	0.0137134	0.0113339	0.00264613	0.013761	0.0333695	0.00893978	0.128488	0.450628	0.0252442	0.043385	0.103898	0.119694	0.0655059	0.00289612	0.077853	0.532429	3.38682	4	1.259383
2712000	-460.847	-550.8721	90.02503	2	0.6309055	0.0519494	0.127433	0.0461154	0.0635677	0.011601	0.00248701	0.0254083	0.0072168	0.0148789	0.0194125	0.0847189	0.11489	0.122825	0.823804	0.00577946	0.0550248	0.0375008	0.0766556	0.00994941	0.0595384	0.329021	0.896302	2.71514	4	1.701218
2713000	-467.289	-555.0191	87.73011	2	0.4411649	0.038837	0.116756	0.0196457	0.0686199	0.00907734	0.0145929	0.00284609	0.00621109	0.0160431	0.00334538	0.0307699	0.104897	0.0051215	0.989258	0.0661265	0.0417542	0.083471	0.0681313	6.35796e-05	0.0230732	0.211784	0.772243	2.9929	4	1.685567
2714000	-480.06	-561.9318	81.87176	1	0.8598963	0.0302704	0.0906161	0.0254208	0.0453831	0.00436729	0.0117069	0.0103352	0.00593691	0.0245102	0.0347636	0.0166673	0.0752387	0.0550515	0.544827	0.137642	0.0239839	0.0754558	0.0527427	0.0196966	0.108225	0.430176	0.972263	2.48934	3	1.284615
2715000	-458.3982	-553.2171	94.81894	2	0.2393972	0.00215225	0.231916	0.0171398	0.0259738	0.00721355	0.00265356	0.00665154	0.000249465	0.00713096	0.00408759	0.0130555	0.0505155	0.0529763	0.401321	0.0100789	0.128422	0.0420914	0.0758788	0.0423743	0.0016539	0.0591469	0.478586	3.46061	4	1.121882
2716000	-465.4766	-563.6756	98.199	2	0.2326836	0.010028	0.0463744	0.0189166	0.0577841	0.00111979	0.0112876	0.00313303	0.00192577	0.00914827	0.0475886	0.0200309	0.0303553	0.0121575	0.376371	0.0389263	0.00460905	0.0538786	0.0583276	0.0753441	0.00140052	0.0545015	0.463518	3.48058	4	0.877306
2717000	-477.3924	-561.4735	84.0811	2	0.4357382	0.0141228	0.177572	0.00731773	0.0253472	0.0266482	0.00151882	0.0172416	0.00964434	0.0109472	0.0341626	0.027424	0.107119	0.0555357	0.757436	0.0163061	0.0438411	0.0664934	0.1644	0.0790321	0.0221896	0.207913	0.767229	3.00267	4	1.642111
2718000	-460.5141	-556.3974	95.88332	2	0.2604514	0.0294036	0.156156	0.00491917	0.0260445	0.0378434	0.00525984	0.0352475	0.0136498	0.0101019	0.0209591	0.036076	0.0399084	0.022354	0.679825	0.120727	0.114325	0.0398644	0.0127639	0.0285541	0.00263505	0.0743347	0.523014	3.40002	4	1.433983
2719000	-467.7671	-555.9419	88.17476	2	0.5589987	0.0275178	0.121896	0.0151821	0.0964998	0.00435885	0.00710156	0.0519639	0.00782104	0.0299068	0.00969133	0.0375103	0.0674512	0.0889439	0.443204	0.0158376	0.114828	0.0944903	0.0378891	0.0331683	0.0447775	0.288698	0.858867	2.80766	4	1.305262
2720000	-473.1837	-553.3922	80.20848	2	0.7786957	0.00995623	0.160788	0.00583167	0.0632289	0.00417817	0.0189518	0.0148793	0.00707136	0.000434027	0.00784257	0.0345006	0.00140731	0.0972212	0.772394	0.0525713	0.0470324	0.160284	0.116236	0.0589982	0.091018	0.398413	0.950872	2.5597	4	1.633807
2721000	-461.7416	-553.5795	91.8379	2	0.4140336	0.00484118	0.178466	0.00320168	0.0245502	0.00942949	0.0173967	0.0257053	0.0106335	0.000748382	0.00820299	0.0488893	0.0588723	0.0823073	0.610947	0.0708006	0.0430893	0.0171633	0.121168	0.0638033	0.01879	0.192159	0.746031	3.04302	4	1.400215
2722000	-459.1307	-554.2571	95.12636	2	0.3090606	0.00871349	0.0893537	0.0235857	0.0684694	0.0122862	0.00284377	0.000839885	0.0178005	0.00282529	0.00711493	0.0225866	0.0167515	0.0454419	0.544465	0.0734959	0.090763	0.0743922	0.0160153	0.0222119	0.00605903	0.11156	0.61071	3.27167	4	1.139956
2723000	-481.9902	-562.5433	80.55311	1	0.6343938	0.087695	0.109519	0.00939714	0.0738745	0.0131106	0.0180813	0.0182319	0.013769	0.00547152	0.0160508	0.0297952	0.119905	0.133387	0.59882	0.0228943	0.0458927	0.0262015	0.0840672	0.0128666	0.0602704	0.330859	0.8979	2.71097	3	1.43903
2724000	-479.1118	-561.4511	82.33923	1	0.2688765	0.0713506	0.127257	0.0231515	0.0830609	0.00613115	0.0204622	0.0140551	0.00351137	0.0122029	0.0196514	0.0334354	0.0896225	0.0588921	0.549168	0.0669123	0.00151667	0.019567	0.0374227	0.0595992	0.0031106	0.0806216	0.53964	3.37663	3	1.29697
2725000	-462.9034	-558.6371	95.73371	2	0.4169939	0.00838116	0.112325	0.0512334	0.0232975	0.0192044	0.0127409	0.0140099	0.0109288	0.00281588	0.014051	0.0444502	0.0433129	0.0770064	0.406021	0.0434673	0.045335	0.0288686	0.0201992	0.218941	0.0192405	0.194333	0.749034	3.03739	4	1.196589
2726000	-454.4023	-552.5442	98.14189	2	0.2796822	0.0280056	0.110044	0.0260076	0.0309037	0.014289	0.00491201	0.0279999	0.00277289	0.00195041	0.00683239	0.0473795	0.0344481	0.0317326	0.335701	0.0152815	0.0407403	0.0126209	0.0718467	0.0803329	0.00379222	0.0888143	0.56005	3.34734	4	0.9238007
2727000	-464.9349	-558.0112	93.07622	2	0.764287	0.0089757	0.087552	0.0113087	0.0499577	0.033612	0.0081537	0.00632644	0.00440667	0.0205024	0.0143987	0.025616	0.102087	0.0423409	0.499218	0.124117	0.060089	0.0256812	0.0438894	0.0361291	0.0879401	0.392348	0.946546	2.57317	4	1.204361
2728000	-468.0259	-553.8638	85.83791	2	0.4809932	0.0276277	0.095691	0.0137378	0.0654147	0.0165376	0.013878	0.0267993	0.0105549	0.00906883	0.00506375	0.0606618	0.112589	0.00991393	1.09886	0.0706415	0.0341874	0.0992946	0.0775954	0.056124	0.0299213	0.239327	0.80593	2.92482	4	1.904237
2729000	-473.9748	-563.3086	89.33378	2	0.6156578	0.0369953	0.112862	0.0351695	0.0563315	0.0287622	0.000911346	0.0129672	0.0249117	0.00529926	0.00339651	0.0583172	0.0553885	0.160187	0.662506	0.00318313	0.00977668	0.0571216	0.023619	0.200757	0.0563527	0.320864	0.889102	2.73368	4	1.548462
2730000	-459.2138	-550.7877	91.57384	2	0.4080118	0.000413383	0.135569	0.00442894	0.0457262	0.0106718	0.0198826	0.00585961	0.0166753	0.0049843	0.00547663	0.0480962	0.194366	0.0431955	0.714522	0.147926	0.0132294	0.107102	0.0471417	0.00294478	0.017887	0.187715	0.739807	3.05459	4	1.568212
2731000	-459.8799	-554.9131	95.03323	2	0.3772963	0.0437737	0.0964962	0.0473281	0.0393585	0.00573583	0.0038795	0.00789997	0.00221166	0.00614274	0.0142396	0.0354497	0.0857954	0.0663986	0.349805	0.00197103	0.052551	0.105259	0.038252	0.0335174	0.0135799	0.164603	0.705495	3.11632	4	1.036065
2732000	-483.5374	-562.6384	79.10092	1	0.3037131	0.019019	0.0609224	0.0308193	0.0996145	0.0558871	0.0136259	0.00990803	0.0141191	0.00835597	0.00104897	0.0502239	0.0940043	0.0870229	0.81393	0.00585557	0.0317675	0.0696037	0.0925895	0.0589999	0.00560134	0.107387	0.601986	3.28503	3	1.617318
2733000	-465.3449	-557.1502	91.80529	2	0.2084941	0.00420466	0.179985	0.0170103	0.0908228	0.0123301	0.00176205	0.00579401	0.00958937	0.00291262	0.0213524	0.0307872	0.257144	0.00626175	0.793296	0.0127429	0.114682	0.0305304	0.0437872	0.113332	0.000703736	0.038815	0.405461	3.55502	4	1.748327
2734000	-462.1476	-552.6287	90.48109	2	0.2393134	0.033703	0.0498892	0.00930506	0.0325865	0.0111592	0.00145021	0.00019345	0.000125503	0.00941416	0.00407543	0.0373654	0.0226824	0.0303385	0.819973	0.0199391	0.0764624	0.0283655	0.068409	0.0819638	0.00165056	0.0590883	0.478401	3.46086	4	1.337401
2735000	-465.3978	-549.7844	84.3866	1	0.2283676	0.0213708	0.0415124	0.00333213	0.0200434	0.00420237	0.00619076	0.00532962	0.000372498	0.00441704	0.00525328	0.0278109	0.0173756	0.0428637	0.505689	0.0453418	0.130643	0.0935389	0.0620058	0.0589909	0.00125203	0.0515754	0.453594	3.49358	3	1.096284
2736000	-463.1773	-553.3929	90.21562	2	0.1724079	0.0135497	0.0557456	0.00524927	0.0371371	0.012039	0.0390811	0.0267627	0.0115643	0.000636549	0.0332215	0.00735473	0.036477	0.094714	0.828574	0.0898791	0.0093406	0.0929527	0.0788572	0.0194935	0.000175855	0.0195252	0.307947	3.67235	4	1.492629
2737000	-469.6863	-559.353	89.66675	2	0.4226664	0.0648648	0.0686063	0.0206167	0.0629474	0.00342221	0.00610693	0.0359576	0.0175261	0.0118434	0.0302793	0.0415949	0.0293174	0.0392078	0.96752	0.0679024	0.119634	0.0606678	0.00633492	0.0650879	0.0201156	0.198476	0.754688	3.02672	4	1.719438
2738000	-459.4431	-555.313	95.86988	2	0.547114	0.0507742	0.0908192	0.00622388	0.0440006	0.0112293	0.00224405	0.0129154	0.0110553	0.0044348	0.0155002	0.0278417	0.0993357	0.00522542	0.406197	0.0433442	0.0253415	0.0835783	0.0411557	0.0127667	0.0424182	0.281565	0.851738	2.82428	4	0.9939827
2739000	-466.0083	-554.3007	88.29241	2	0.4762086	0.0313885	0.192202	0.00677709	0.0509611	0.00591638	0.0246874	0.0235719	0.0142872	0.00115634	0.0213877	0.0361951	0.0250863	0.159265	0.833044	0.111774	0.0244864	0.0698277	0.0301399	0.101665	0.0290674	0.236101	0.802154	2.93268	4	1.763819
2740000	-459.7523	-557.9572	98.2049	2	0.3293885	0.0132206	0.0832961	0.0118858	0.0376551	0.0145076	0.00825954	0.0128002	0.00725755	0.00341186	0.00887061	0.0268637	0.00514213	0.0497887	0.319006	0.0661014	0.0111921	0.029646	0.0475353	0.0599228	0.00797942	0.127466	0.642011	3.22254	4	0.8163627
2741000	-465.8039	-559.7913	93.98738	2	0.2963059	0.048927	0.093831	0.0161842	0.099762	0.00333817	0.0314808	0.0308895	0.000639666	0.0156361	0.0157866	0.0199411	0.139171	0.0338977	0.57008	0.155232	0.0632878	0.0340069	0.0367305	0.0552773	0.00500044	0.101625	0.589547	3.30383	4	1.464099
2742000	-471.1974	-560.5114	89.31405	2	0.4548373	0.0389584	0.198819	0.0102899	0.059997	0.0143944	0.0230509	0.00217583	0.00180475	0.0132297	0.0530012	0.0366994	0.078393	0.000145335	0.769905	0.022278	0.143482	0.0463773	0.111888	0.011381	0.0253546	0.221414	0.784406	2.96883	4	1.63627
2743000	-475.1691	-563.9689	88.79983	2	0.4315785	0.0240645	0.119873	0.0174522	0.0791582	0.0183489	0.0246958	0.12108	0.00952299	0.00272046	0.0284364	0.00921261	0.0905272	0.0241492	0.568167	0.130773	0.0604832	0.0124906	0.0530774	0.0328343	0.0215212	0.204927	0.76331	3.01024	4	1.427067
2744000	-468.6196	-560.9872	92.36759	2	0.442595	0.0244041	0.107904	0.0494241	0.0381107	0.014634	0.0187588	0.000863876	0.025897	0.00205792	0.0251973	0.0196191	0.0538572	0.0842324	0.258844	0.0830283	0.0295358	0.0180671	0.0543239	0.00121921	0.0233082	0.2128	0.773547	2.99035	4	0.9099785
2745000	-458.6913	-553.5883	94.89701	2	0.5079011	0.0269939	0.160558	0.0253029	0.0815425	0.0147176	0.0054229	0.00171928	0.00741257	0.00554393	0.0407692	0.0335409	0.00246839	0.0608645	0.678911	0.0823289	0.0390187	0.059454	0.0187241	0.11406	0.0348614	0.257043	0.825933	2.88216	4	1.459353
2746000	-466.218	-558.2447	92.02672	2	0.7710953	0.0143715	0.088227	0.0191723	0.0377028	0.0070604	0.00661231	0.00813735	0.00783103	0.0119189	0.0100453	0.0374631	0.0342186	0.0209503	0.537992	0.0435249	0.101143	0.122247	0.00102211	0.0828795	0.089395	0.395231	0.948612	2.56676	4	1.192519
2747000	-465.169	-553.4876	88.31856	2	0.2573445	0.0130944	0.0751696	0.00552181	0.0745219	0.0219709	0.0112845	0.0273441	0.00086701	0.00946893	0.0329177	0.000263712	0.110804	0.10976	0.813998	0.000796908	0.0753768	0.0896532	0.0320854	0.0820785	0.00247187	0.0720429	0.51672	3.40876	4	1.586977
2748000	-474.9076	-565.5848	90.67722	2	0.5108839	0.0135353	0.0678019	0.00782041	0.0666036	0.00937553	0.00341843	0.0107441	0.0119693	0.000811993	0.0427886	0.0357472	0.0764727	0.00125318	0.461323	0.0837815	0.0335229	0.142766	0.0712481	0.00454542	0.0354223	0.258962	0.828029	2.87759	4	1.145529
2749000	-463.0787	-557.0146	93.93583	2	0.5033699	0.00372777	0.119144	0.00583432	0.0565659	0.00208827	0.000109186	0.0128007	9.94748e-05	0.0119799	0.0438412	0.0297354	0.0570435	0.0236529	0.578428	0.0385994	0.105587	0.0779616	0.108446	0.0293991	0.034014	0.25411	0.822705	2.88917	4	1.305044
2750000	-471.0483	-560.0311	88.98287	2	1.537002	0.0401134	0.182747	0.00332012	0.0920681	0.025544	0.0289621	0.000752861	0.024334	0.0103892	0.0543593	0.0131008	0.0373123	0.0139946	0.798407	0.177478	0.0908434	0.0338203	0.117434	0.0833907	0.230982	0.594602	1.05252	2.12189	4	1.82837
2751000	-463.3651	-555.2225	91.85737	2	0.1895093	0.0316443	0.0709617	0.0206941	0.0273718	0.0167843	0.00321677	0.00593573	0.00618208	0.00309768	0.0129866	0.028957	0.0172054	0.0521719	0.618104	0.0547161	0.00519999	0.0421398	0.0303109	0.0197333	0.00036244	0.0279511	0.355728	3.61596	4	1.067413
2752000	-484.78	-564.42	79.64	2	0.5376842	0.0144923	0.177496	0.0159779	0.0504086	0.0138099	0.00226141	0.0275673	0.0234182	0.0108874	0.0220553	0.0623265	0.0639367	0.311382	0.879542	0.0958929	0.0897089	0.059653	0.00310894	0.0887199	0.0405673	0.275807	0.845863	2.83776	4	2.012645
2753000	-487.3906	-563.4803	76.08968	1	0.7244555	0.0419462	0.128272	0.150573	0.0659606	0.0518053	0.000380296	0.0354334	0.017094	0.00818336	0.00508395	0.0426322	0.080024	0.136047	0.749639	0.188774	0.0355145	0.00166624	0.0374964	0.0998417	0.0794177	0.374844	0.933604	2.61213	3	1.876368
2754000	-476.8172	-560.3709	83.55368	2	0.4564086	0.0103711	0.130891	0.00646611	0.149332	0.0200697	0.0075176	0.00151662	0.0307523	0.0110249	0.044962	0.0239668	0.0883612	0.0877712	0.737459	0.0948788	0.057326	0.0780344	0.0214	0.181462	0.0256217	0.222509	0.785762	2.96611	4	1.783563
2755000	-469.6542	-552.3627	82.70849	2	0.4042296	0.0290211	0.0545081	0.00931656	0.0478119	0.00913034	0.00454152	0.00394849	0.00862179	0.00292947	0.0247644	0.0329747	0.0325674	0.0642744	1.1747	0.103826	0.152818	0.0797846	0.0270931	0.0297376	0.0173293	0.184909	0.735817	3.06194	4	1.892368
2756000	-463.5012	-556.8434	93.34218	2	0.4081409	0.0436053	0.0740521	0.0456583	0.0617169	0.00475568	0.00198916	0.024805	0.0187292	0.00105398	0.0258995	0.0285952	0.0911955	0.0204864	0.48315	0.0511868	0.0490087	0.0416528	0.0659572	0.0108397	0.0179062	0.187811	0.739942	3.05434	4	1.144338
2757000	-467.774	-553.5098	85.73582	2	0.392937	0.0163125	0.116939	0.0412673	0.0849226	0.00360275	0.00496036	0.0166073	0.0259314	0.00037822	0.0107299	0.0363564	0.033004	0.0760102	0.859301	0.0863752	0.162539	0.0704602	0.00453823	0.0316884	0.0157088	0.17646	0.723523	3.08431	4	1.681924
2758000	-458.2406	-550.8882	92.64759	2	0.293609	0.0299261	0.0925939	0.0119041	0.00458007	0.0153282	0.00682213	0.0146183	0.00898116	0.00378255	0.0389299	0.0143989	0.0764047	0.0236758	0.703589	0.0538347	0.0449134	0.0585428	0.0750823	0.0229572	0.00479122	0.0995333	0.584912	3.31076	4	1.300865
2759000	-464.7105	-557.5441	92.83359	2	0.4629236	0.0283613	0.10703	0.0135908	0.0485144	0.00364685	0.0416121	0.0459807	0.00911094	0.00474539	0.00932931	0.0547586	0.0327691	0.0916368	0.489379	0.173244	0.00586073	0.0839167	0.0685653	0.0305925	0.0267393	0.227024	0.791296	2.95494	4	1.342644
2760000	-475.225	-561.0315	85.80652	2	0.6632049	0.021501	0.108828	0.0299635	0.0845605	0.0113999	0.00563511	0.0118607	0.0129557	0.0246847	0.0253156	0.0186966	0.0732479	0.0521931	0.592525	0.0803321	0.0632976	0.00228192	0.0272235	0.0785219	0.0663529	0.345639	0.910431	2.67758	4	1.325025
2761000	-472.7862	-563.5576	90.77141	2	0.9007199	0.105494	0.109073	0.00246553	0.0374616	0.0536869	0.0237318	0.0482462	0.0031527	0.00522064	0.0337736	0.0223323	0.0384971	0.166933	0.577186	0.0955511	0.0433858	0.0295778	0.0702924	0.0283359	0.116744	0.444733	0.981383	2.45714	4	1.494397
2762000	-468.9486	-553.0861	84.13745	2	0.2492801	0.0655416	0.156004	0.00200443	0.116017	0.00187948	0.00575126	0.0486935	0.0130487	0.00256206	0.0370313	0.0223879	0.0337896	0.0829716	1.12867	0.108643	0.0239996	0.00391141	0.101427	0.0758161	0.00207837	0.0661705	0.499965	3.43179	4	2.030152
2763000	-465.299	-554.9072	89.60822	2	0.5871164	0.0361138	0.0737492	0.00974565	0.0672151	0.0206497	0.00185716	0.0020452	0.00331242	0.0204999	0.0333472	0.0572367	0.0883427	0.0188784	0.951672	0.0189733	0.028994	0.105967	0.0591651	0.0625715	0.0504621	0.305035	0.874601	2.7699	4	1.660335
2764000	-456.5312	-555.2657	98.73447	2	0.5073023	0.0126108	0.122558	0.0186451	0.0756731	0.00305624	0.00247829	0.00583365	0.00445472	0.00390622	0.017336	0.0267178	0.0114925	0.0981152	0.348235	0.0366519	0.0123526	0.0279461	0.0129064	0.0383231	0.0347491	0.256656	0.82551	2.88308	4	0.8792936
2765000	-461.6	-556.0465	94.4465	2	0.3089511	0.028111	0.0921037	0.0314004	0.0401318	0.0104979	0.00355432	0.0104933	0.00103016	0.00500156	0.0209533	0.0525255	0.0232529	0.0679105	0.677158	0.0271309	0.0166789	0.0892283	0.0653488	0.0424132	0.00604946	0.111474	0.610533	3.27194	4	1.304924
2766000	-471.0329	-558.6389	87.60604	2	0.8079406	0.00897191	0.114247	0.0204578	0.124443	0.0261168	0.0101243	0.0194967	0.00100803	0.00133347	0.00785293	0.0449552	0.0116454	0.0911578	0.666437	0.0196474	0.0118822	0.0718004	0.151947	0.0915716	0.0972473	0.410311	0.959131	2.53331	4	1.495096
2767000	-466.4348	-558.7856	92.35082	2	1.042155	0.0372253	0.136481	0.0138944	0.0599208	0.00996271	0.0458298	0.0137209	0.0116573	0.00352398	0.00407427	0.079116	0.0838076	0.0100876	0.552338	0.159992	0.0704753	0.0743057	0.0389199	0.142348	0.145287	0.489066	1.00665	2.359	4	1.54768
2768000	-473.6069	-557.6148	84.00786	2	0.4248929	0.0138207	0.113305	0.00817866	0.113839	0.00997492	0.0215611	0.00214126	0.00626528	0.0193942	0.00714687	0.0452365	0.0437339	0.133271	0.819157	0.0536885	0.02749	0.0304038	0.0819345	0.0237698	0.0204633	0.200094	0.756871	3.02257	4	1.574312
2769000	-456.6792	-553.7713	97.09217	2	0.1907699	0.0227307	0.128946	0.00609615	0.0187487	0.0244923	0.00510453	0.0103459	0.00644395	5.34513e-05	0.00193435	0.0516122	0.0018666	0.0803931	0.540702	0.0391721	0.0789126	0.04284	0.0582147	0.0531053	0.000380323	0.0286261	0.359142	3.61185	4	1.171715
2770000	-459.6948	-556.3915	96.6967	2	0.3783557	0.00775742	0.104196	0.0257255	0.0490971	0.0357987	0.0290461	0.0211475	0.00788988	0.0033894	0.0347938	0.0158069	0.0438165	0.0492435	0.392863	0.00337006	0.0943576	0.00731912	0.0563539	0.0662607	0.0137197	0.165412	0.706755	3.11411	4	1.048232
2771000	-460.5683	-555.7837	95.21538	2	0.286605	0.0116071	0.0769289	0.0292754	0.0763572	0.00836741	0.0020198	0.0493474	0.00209036	0.005059	0.0110686	0.0513835	0.0596185	0.00778612	0.483367	0.0799879	0.0690001	0.0355448	0.0435969	0.0633685	0.00427178	0.0941239	0.572606	3.329	4	1.165774
2772000	-469.7328	-559.8444	90.11169	2	0.503777	0.00771797	0.13167	0.0370267	0.0367191	0.00176087	0.00364186	0.00504612	0.00617059	0.00248956	0.0338093	0.00768793	0.0942503	0.0465309	0.65268	0.059213	0.08775	0.0298322	0.0273656	0.1402	0.0340899	0.254375	0.822997	2.88854	4	1.411561
2773000	-464.7896	-557.9099	93.12032	2	0.4955869	0.0558789	0.216952	0.0239597	0.0373101	0.0512178	0.00767461	0.0249044	0.017182	0.0113059	0.0234987	0.0350664	0.0422827	0.0223367	0.291727	0.0661754	0.0987275	0.102673	0.0703779	0.112445	0.0325727	0.249025	0.817031	2.90137	4	1.311696
2774000	-465.4801	-554.7087	89.22865	2	0.3844759	0.00514328	0.107045	0.00734457	0.0551913	0.00435031	0.0430061	0.00842185	0.00361944	0.0202994	0.0134983	0.0376402	0.0326679	0.140821	0.623978	0.132751	0.0442457	0.020191	0.0367076	0.0330945	0.01454	0.170067	0.71392	3.10147	4	1.370016
2775000	-468.1078	-560.8125	92.70462	2	0.476281	0.0131728	0.099981	0.0310151	0.017334	0.000698284	0.00142194	0.0135325	0.00438304	0.00351852	0.0140479	0.0273843	0.0299414	0.0553482	0.392483	0.0530647	0.0253939	0.0862355	0.00474984	0.0493584	0.0290803	0.23615	0.802212	2.93256	4	0.9230639
2776000	-469.9529	-560.6307	90.67775	2	0.1863678	0.0545659	0.137969	0.0105842	0.00354198	0.0038655	0.00295159	0.0186796	0.0123272	0.000479732	0.00556641	0.0291045	0.0813249	0.0396892	0.461876	0.0289134	0.047758	0.0638137	0.0100889	0.070484	0.000320533	0.0262997	0.347154	3.62623	4	1.083585
2777000	-464.5358	-557.465	92.92919	2	0.2269781	0.0175196	0.100989	0.0228694	0.0304022	0.0153697	0.0105789	0.0533076	0.0102819	0.0101357	0.00509966	0.0367558	0.0240214	0.115625	0.651478	0.0383996	0.018557	0.141114	0.118611	0.0505863	0.00120656	0.0506442	0.45036	3.49779	4	1.471702
2778000	-477.2465	-560.8048	83.5583	2	1.598335	0.0327887	0.0878612	0.0185068	0.046219	0.0159039	0.013751	0.0127709	0.0169032	0.00463708	0.00302114	0.126147	0.0382101	0.0888788	0.647701	0.128009	0.0244875	0.0911996	0.155594	0.0259281	0.240121	0.604146	1.05571	2.10002	4	1.578519
2779000	-465.6618	-562.7838	97.12199	2	0.3341216	0.0728191	0.0444623	0.0266373	0.0446861	0.00413753	0.00659394	0.00535198	0.0119194	0.00258479	0.0102265	0.0265951	0.0180042	0.033176	0.323369	0.0253406	0.0962193	0.00764557	0.0543183	0.0362937	0.00846693	0.131169	0.648898	3.21147	4	0.8503804
2780000	-461.9326	-560.3719	98.43932	2	0.6256436	0.0249923	0.100109	0.000363652	0.0265652	0.0120147	0.0238318	0.0322776	0.00620093	0.0116724	0.0114799	0.0448081	0.0926093	0.0176062	0.563644	0.0465595	0.0779482	0.10436	0.0239742	0.0151562	0.0584364	0.326229	0.893858	2.72148	4	1.236173
2781000	-458.5442	-555.7807	97.23658	2	0.2098619	0.00737775	0.0390727	0.0315956	0.034342	0.0142462	0.00304602	0.00339812	0.000934289	0.0176425	0.00366742	0.0670238	0.00624271	0.0302227	0.325659	0.0144566	0.0373325	0.039098	0.0442217	0.0692891	0.000734771	0.0396515	0.408903	3.55071	4	0.7888687
2782000	-461.5702	-551.8275	90.25727	2	0.2435835	0.0122595	0.0879239	0.0217425	0.0534527	0.0308924	0.00315632	0.0297569	0.0125257	0.00183243	0.0420415	0.00127102	0.050282	0.0133648	0.549103	0.0226978	0.036083	0.0693257	0.0480968	0.11944	0.00182608	0.0620968	0.487757	3.44832	4	1.205248
2783000	-476.9252	-563.1065	86.18124	2	0.5049172	0.0672331	0.119601	0.002146	0.0564742	0.0035391	0.052289	0.00474427	0.00117734	0.0523075	0.00199396	0.10087	0.1155	0.159184	0.721258	0.0500052	0.0819831	0.00319289	0.149902	0.0746499	0.0343027	0.255114	0.823814	2.88677	4	1.81805
2784000	-462.6116	-558.7767	96.16511	2	0.2352878	0.020188	0.0970101	0.00039115	0.0194742	0.0228201	0.00625592	0.00651294	0.00340549	0.0147144	0.00032593	0.0398523	0.0697494	0.0406552	0.477442	0.0237345	0.124264	0.0738696	0.0199536	0.029363	0.00149553	0.0562904	0.469416	3.4728	4	1.089981
2785000	-480.8155	-567.2601	86.44459	2	0.925692	0.021701	0.0912918	0.00660927	0.0930172	0.00821367	0.00355125	0.0758333	0.0193074	0.0168905	0.052606	0.012357	0.0842062	0.071172	0.66875	0.0894474	0.138024	0.0220637	0.072692	0.105733	0.121899	0.453218	0.986507	2.43838	4	1.653466
2786000	-470.1824	-559.765	89.58265	2	0.3789706	0.00115059	0.101929	0.0361277	0.0290134	0.00932318	0.00536859	0.0817132	0.0109433	0.00633785	0.0322467	0.0265461	0.00972023	0.00675278	0.438416	0.111072	0.0285288	0.0530806	0.0659465	0.0865793	0.0138012	0.165881	0.707483	3.11283	4	1.140797
2787000	-478.1022	-565.2867	87.18449	2	0.3538583	0.0374254	0.0470618	0.000662658	0.043403	0.00310493	0.00656905	0.0172109	0.0161173	0.00319794	0.0179447	0.0286156	0.219714	0.029281	0.896092	0.0454392	0.0535644	0.0517689	0.0242024	0.0885554	0.0106588	0.146552	0.676103	3.16669	4	1.629931
2788000	-477.434	-558.5712	81.13721	1	0.3117995	0.0502535	0.047063	0.0278891	0.0371079	0.025274	0.031726	0.0109497	0.000363242	0.00939032	0.0249133	0.0152272	0.051567	0.0488038	0.753939	0.0446317	0.0376045	0.0669351	0.0786979	0.0505436	0.00630118	0.1137	0.615097	3.2649	3	1.41288
2789000	-467.5116	-555.6891	88.17753	2	1.018597	0.0572964	0.230502	0.0207646	0.0399934	0.0129763	0.0128181	0.0523754	0.0127594	0.00163659	0.0129804	0.0768746	0.0929927	0.0867748	0.571005	0.187019	0.0744928	0.0841218	0.0863921	0.203904	0.14065	0.482271	1.00301	2.37406	4	1.91768
2790000	-468.2776	-553.1545	84.87687	2	0.2497891	0.0775315	0.145563	0.0173025	0.0172603	0.00332654	0.0137788	0.0232455	0.0116305	0.00936019	0.0280182	0.0417296	0.076495	0.0822204	1.45504	0.016505	0.112434	0.0417185	0.0169659	0.0605216	0.00210194	0.0665377	0.501041	3.43032	4	2.250645
2791000	-471.2367	-559.7556	88.51889	2	0.4061765	0.0458077	0.110734	0.0342012	0.0596612	0.0141246	0.012632	0.02638	0.00312537	0.0115972	0.0622492	0.0220252	0.0503593	0.00434574	0.504326	0.127463	0.248798	0.0310139	0.0549651	0.0463895	0.0176155	0.186355	0.737879	3.05815	4	1.470198
2792000	-478.7958	-560.9617	82.1659	2	0.3073209	0.0658103	0.0724568	0.0296652	0.0357895	0.0071538	0.0237647	0.118361	0.0141902	0.00325267	0.00431788	0.0399271	0.135372	0.252851	0.877138	0.0628328	0.0287208	0.174864	0.0448312	0.0814834	0.00590794	0.110201	0.607895	3.276	4	2.072782
2793000	-471.9838	-556.7899	84.80611	2	0.2410994	0.0376643	0.135657	0.00334002	0.0413113	0.0148475	0.0199128	0.0201238	0.00504244	0.00363814	0.0336684	0.00742052	0.167332	0.0369891	0.814868	0.0673603	0.0473514	0.083987	0.0734177	0.0402673	0.00172257	0.0603417	0.482336	3.4556	4	1.654198
2794000	-456.9334	-555.799	98.8656	2	0.1797613	0.0201412	0.105909	0.0187551	0.0347318	0.0208022	0.00130842	0.006912	0.00600177	0.0139381	0.00260115	0.0454514	0.00663811	0.0148969	0.442851	0.0835008	0.0409197	0.0682883	0.02535	0.00257177	0.00024409	0.0229759	0.328819	3.64796	4	0.9615692
2795000	-468.6298	-560.4487	91.81896	2	0.4899377	0.0305048	0.0980485	0.0229354	0.0167688	0.0182726	0.0048617	0.0279985	0.0110731	0.00297727	0.00196442	0.0399963	0.142093	0.134155	0.464084	0.0462777	0.0571887	0.0272722	0.130203	0.0234202	0.0315382	0.245296	0.812806	2.91036	4	1.300095
2796000	-481.1715	-561.3724	80.20087	1	0.3002309	0.0208207	0.116937	0.0205045	0.0665243	0.0369013	0.0464346	0.0134984	0.0280576	0.0159905	0.0292514	0.0472011	0.0964848	0.12201	0.658124	0.0242338	0.082055	0.0448492	0.0304838	0.00730922	0.00531406	0.104675	0.59619	3.29382	3	1.507671
2797000	-468.5111	-556.2336	87.72248	2	1.021574	0.0230341	0.157256	0.00412454	0.072318	0.0344073	0.00180439	0.00160692	0.00462665	0.0100912	0.00136668	0.0604033	0.0347384	0.0508473	0.482215	0.179346	0.0614733	0.106671	0.0582958	0.0906622	0.141238	0.483142	1.00348	2.37214	4	1.435288
2798000	-466.0389	-555.4978	89.45898	2	0.2458037	0.0194066	0.0879176	0.00144411	0.0256485	0.0358493	0.0138179	0.00378599	0.00569802	0.0226286	0.0173711	0.0484508	0.0574325	0.011853	0.832439	0.0452654	0.0733452	0.0736616	0.0175135	0.106552	0.00192192	0.0636766	0.492552	3.44185	4	1.50008
2799000	-471.3762	-554.3327	82.95653	2	0.5739551	0.0773119	0.119665	0.0311143	0.0435368	0.029776	0.0207656	0.055754	0.00148475	0.0164566	0.0169534	0.0799899	0.0376487	0.0393759	0.61085	0.0708571	0.109806	0.00856908	0.0589335	0.03517	0.0477846	0.297481	0.867427	2.78731	4	1.464019
2800000	-475.5904	-567.6267	92.03635	2	0.8652002	0.0227298	0.112318	0.0338245	0.0434512	0.028131	0.00267605	0.0449401	0.0292105	0.00236719	0.0270684	0.0169612	0.0718007	0.0926476	0.327465	0.169412	0.0376751	0.097604	0.047148	0.0801157	0.109338	0.432117	0.973504	2.48504	4	1.287545
2801000	-479.1588	-564.2655	85.1067	2	0.2767612	0.0325654	0.0975563	0.0332511	0.0523671	0.0250836	0.00771991	0.0118431	0.0057064	0.012624	0.064416	0.0148993	0.165571	0.0495975	0.880886	0.11474	0.0438063	0.106854	0.0736714	0.00324448	0.00359995	0.0865872	0.554632	3.35518	4	1.796403
2802000	-466.891	-554.6109	87.71994	2	0.3477941	0.073158	0.0623702	0.0189244	0.0697979	0.0161847	0.00130337	0.04169	0.00724939	0.00721013	0.0628371	0.0163793	0.0388185	0.0555278	0.855223	0.045922	0.116492	0.146842	0.0221655	0.0183364	0.00995848	0.141839	0.667995	3.18021	4	1.676432
2803000	-479.3152	-561.0712	81.75601	1	0.4458166	0.0206439	0.135476	0.00787001	0.0242743	0.0283068	0.0135978	0.00158773	0.00297219	0.0137036	0.0141137	0.023706	0.0148166	0.155471	0.480926	0.0948485	0.106103	0.0362294	0.127569	0.0353811	0.0238407	0.21508	0.776456	2.98462	3	1.337598
2804000	-468.4772	-563.2678	94.79057	2	0.5808313	0.000228675	0.0754846	0.0166036	0.0280564	0.00208674	0.01242	0.0379893	0.00538092	0.00609414	0.0104737	0.0266957	0.0458569	0.0354557	0.227052	0.0218365	0.0614343	0.052952	0.103147	0.0193563	0.0491801	0.301448	0.871215	2.77816	4	0.788604
2805000	-459.3403	-554.3866	95.04628	2	0.311587	0.0423068	0.0562038	0.00968989	0.0382214	0.0231023	0.000937483	0.00743915	0.0077842	0.0103163	0.0251245	0.0113631	0.0045588	0.018952	0.686081	0.0278107	0.043857	0.036653	0.14412	0.0725848	0.0062822	0.113534	0.614758	3.26543	4	1.267106
2806000	-463.5643	-551.8608	88.29648	2	0.3299699	0.000929858	0.0948064	0.0252502	0.04371	0.0181936	0.0035341	0.0147049	0.00109955	0.00297578	0.00454571	0.0377013	0.0021927	0.058058	0.849103	0.0435262	0.0311053	0.0419011	0.104023	0.152496	0.0080385	0.127921	0.642865	3.22118	4	1.529856
2807000	-474.4806	-564.1151	89.63445	2	0.3360153	0.0272106	0.089048	0.0491861	0.0954375	0.00111785	0.0205968	0.00222562	0.00526652	0.011963	0.0307958	0.020992	0.00220173	0.0314892	0.819985	0.0285712	0.0359259	0.125733	0.116245	0.0431496	0.00866617	0.13265	0.651613	3.20707	4	1.55714
2808000	-469.6848	-553.6789	83.99412	1	0.1513922	0.0183414	0.0951163	0.0455843	0.0278009	0.00982629	0.00834368	0.00766591	0.00187564	0.00143291	0.0250624	0.0081325	0.0345249	0.0089132	0.650701	0.0494086	0.0132162	0.0431294	0.0208487	0.073305	5.77748e-05	0.0112266	0.246022	3.74269	3	1.143229
2809000	-475.1465	-565.1421	89.99564	2	0.4481188	0.0502164	0.148086	0.0113775	0.0919187	0.00561747	0.0213727	0.0153156	0.00957686	0.0275183	0.0279527	0.0582036	0.0591905	0.021492	0.313195	0.14723	0.103482	0.0465425	0.0669866	0.0585148	0.0242239	0.216704	0.778512	2.98056	4	1.28379
2810000	-455.6202	-554.298	98.67777	2	0.4238645	0.0300151	0.0904889	0.00804821	0.0500793	0.00810171	0.0104047	0.0184712	0.0141054	0.00326818	0.0129555	0.0560062	0.0339087	0.078235	0.335806	0.0207858	0.0680771	0.00504789	0.148241	0.0868584	0.0203024	0.199347	0.755865	3.02449	4	1.078904
2811000	-461.6939	-557.2117	95.51783	2	0.361121	0.0393562	0.109982	0.00318613	0.059306	0.00226146	0.00634749	0.0101307	0.000585579	0.0114121	0.00443659	0.0386567	0.142489	0.048132	0.648201	0.0275604	0.102468	0.0316532	0.0452513	0.00837485	0.0115281	0.152177	0.685533	3.15076	4	1.33979
2812000	-463.5416	-553.2966	89.75494	2	0.2994041	0.00761259	0.134859	0.0096804	0.0333516	0.00532196	0.0125611	0.0154906	0.000440213	0.0182954	0.011326	0.0605758	0.0495891	0.155135	0.875724	0.0294919	0.00707815	0.0787291	0.267431	0.0469406	0.00524709	0.104032	0.594801	3.29592	4	1.819633
2813000	-476.9289	-559.5486	82.61975	2	0.3495666	0.0329404	0.0671396	0.0244775	0.0537771	0.0106102	0.0279457	0.0940277	0.0139883	0.00582824	0.0127548	0.0151174	0.0223656	0.0654846	0.565168	0.0184654	0.0363352	0.0152714	0.103809	0.0925168	0.0101608	0.143218	0.670388	3.17623	4	1.278023
2814000	-465.7326	-559.2384	93.50587	2	0.2209139	0.0422469	0.0556488	0.00485028	0.0317193	0.0273336	0.00794125	0.00384339	4.39869e-05	0.0210732	0.0343667	0.00316023	0.00269474	0.0296383	0.39585	0.00426477	0.0593231	0.0961392	0.0546341	0.0884884	0.00102109	0.0466445	0.436013	3.51632	4	0.9632599
2815000	-472.1424	-559.2018	87.0594	2	0.5788451	0.0302158	0.127743	0.0056851	0.0600083	0.0505053	0.000999486	0.01933	0.00212868	0.0109351	0.0404443	0.0482481	0.0587826	0.0882361	0.665441	0.040775	0.0962198	0.0603105	0.0138494	0.166319	0.0487762	0.300307	0.87013	2.78079	4	1.586176
2816000	-467.1036	-559.1718	92.06829	2	0.2262005	0.0236392	0.0517384	0.00620061	0.0251803	0.0163822	0.0431917	0.00305558	0.00371432	0.00773121	0.0216892	0.0311704	0.0250007	0.0107028	0.706494	0.036297	0.0943947	0.0845651	0.0184325	0.108236	0.00118161	0.0501253	0.448541	3.50015	4	1.317816
2817000	-463.8934	-555.5843	91.69091	2	0.4810258	0.0475371	0.100682	0.00977776	0.0572675	0.00461738	0.00087369	0.000390644	0.00829825	0.00587978	0.00172128	0.0378632	0.00761765	0.147129	0.626131	0.0198582	0.112524	0.0454304	0.0152813	0.143432	0.0299272	0.239349	0.805956	2.92477	4	1.392312
2818000	-453.1831	-551.5674	98.38433	2	0.3999262	0.0249944	0.128974	0.0259189	0.0507383	0.00242691	0.00948717	0.00703154	0.00457893	0.00616659	0.0203518	0.0399766	0.0548985	0.0399624	0.412377	0.146616	0.0226904	0.0485039	0.0368672	0.0570739	0.0167038	0.181701	0.731201	3.07039	4	1.139634
2819000	-477.293	-562.2471	84.95419	2	0.8403932	0.044267	0.197646	0.0484476	0.0148915	0.0375453	0.000994284	0.0232595	0.0113876	0.00749564	0.00740769	0.0559793	0.140854	0.136088	0.662619	0.0474906	0.0849728	0.0861717	0.0148687	0.0332355	0.10412	0.422902	0.967548	2.50543	4	1.655621
2820000	-478.1976	-561.6836	83.48603	2	0.1900841	0.0407382	0.165491	0.00128893	0.0975221	0.0289358	0.00223156	0.0725284	0.00716852	0.0052341	0.0413822	0.0540982	0.174986	0.128907	1.17539	0.0330093	0.0268117	0.067498	0.142172	0.0203063	0.000370516	0.028258	0.357287	3.61408	4	2.285699
2821000	-464.3362	-556.6418	92.3056	2	0.3464505	0.103721	0.0981438	0.0275655	0.0969216	0.00415118	0.00314463	0.00791519	0.0183327	0.00030659	0.0564844	0.0113198	0.120102	0.173357	0.967366	0.0486974	0.00823958	0.0276605	0.0468525	0.110302	0.0098065	0.140793	0.666169	3.18323	4	1.930584
2822000	-479.6955	-563.4816	83.78612	2	0.467812	0.00633529	0.185899	0.0498549	0.036347	0.0180156	0.0230392	0.000839661	0.00200687	0.00652206	0.0105054	0.0696018	0.0866878	0.16814	0.667741	0.0799162	0.0199679	0.00315039	0.0103922	0.116989	0.0275885	0.230384	0.795357	2.94667	4	1.561951
2823000	-483.2693	-567.6525	84.38322	2	1.347487	0.0500844	0.10832	0.0331086	0.0693247	0.0548671	0.0165492	0.0325184	0.0284037	0.0264737	0.0336224	0.0516114	0.10106	0.0267611	0.463957	0.0667916	0.0623842	0.0502602	0.00673618	0.0568841	0.200772	0.561032	1.04005	2.19815	4	1.339719
2824000	-459.1389	-556.1959	97.05703	2	0.1812375	0.0233407	0.113592	0.0012998	0.0542559	0.022515	0.00464768	0.0159164	0.00160118	0.00610916	0.0292279	0.0229784	0.00362281	0.0757318	0.732282	0.0453763	0.0155757	0.029558	0.0422112	0.0498705	0.000259859	0.0237007	0.332951	3.64309	4	1.289712
2825000	-454.0523	-549.6082	95.55588	2	0.4781227	0.0253125	0.0814688	0.020042	0.0385945	0.0119865	0.00241418	0.00333874	0.00710122	0.00894647	0.0152432	0.0379998	0.11093	0.0462759	0.458309	0.118394	0.0470154	0.0470471	0.0525206	0.0922093	0.0294081	0.237394	0.803673	2.92952	4	1.225149
2826000	-464.6111	-556.802	92.19091	2	0.3498422	0.0145678	0.188666	0.0203811	0.0321069	0.0401439	0.00328815	0.0409969	0.00491559	0.0130835	0.0157573	0.0288324	0.0751585	0.0266587	0.453955	0.0684138	0.00330701	0.0703078	0.0913309	0.0786037	0.0101924	0.143432	0.670758	3.17562	4	1.270475
2827000	-476.3719	-563.8821	87.51025	2	0.3516406	0.021466	0.0595457	0.0193008	0.0270519	0.0090359	0.0163033	0.0684088	0.0103658	0.00220403	0.00656201	0.0688674	0.0549708	0.0691371	0.737666	0.073211	0.101545	0.0934379	0.0334659	0.000114873	0.0104	0.14483	0.673163	3.17161	4	1.47266
2828000	-463.2649	-552.4776	89.21273	2	0.2396656	0.0366642	0.0538806	0.0214061	0.0271113	0.00965107	0.00146164	0.0100426	0.00708798	0.00229223	0.00787461	0.0314248	0.104867	0.0181277	0.34651	0.00592322	0.00188972	0.0554756	0.07376	0.0428226	0.0016646	0.0593349	0.479179	3.45982	4	0.8582729
2829000	-472.709	-555.8702	83.16121	2	0.3059108	0.0358117	0.095284	0.00451481	0.0773202	0.00236598	0.0185293	0.0380602	0.00677716	0.0150876	0.018522	0.0547483	0.0729914	0.000788138	0.969636	0.0190801	0.15396	0.0315764	0.0643748	0.0344004	0.00578702	0.109101	0.605597	3.27952	4	1.713828
2830000	-467.9958	-556.4703	88.47446	2	0.2016276	0.0122166	0.064374	0.0246294	0.0606909	0.0011046	0.0270424	0.0391122	0.00105752	0.00749423	0.0100681	0.0504703	0.109865	0.0171411	1.15231	0.0411701	0.0360926	0.105027	0.0565921	0.0948932	0.000561646	0.0347197	0.387893	3.57683	4	1.91135
2831000	-480.0031	-563.0958	83.09263	1	0.8858486	0.0383354	0.115435	0.0452142	0.0504063	0.00973842	0.00862542	0.0138536	0.00701154	0.0154884	0.028967	0.00146588	0.0376472	0.0777974	0.488783	0.0746913	0.0249697	0.0343538	0.0587185	0.0284313	0.113653	0.439531	0.978172	2.46864	3	1.159933
2832000	-464.9113	-555.3804	90.46908	2	0.4945591	0.00139072	0.232261	0.0122999	0.127323	0.0191911	0.00692355	0.046839	0.0126053	0.0117828	0.036864	0.0272635	0.0132719	0.0742357	0.789436	0.0290053	0.16567	0.0557359	0.13135	0.0680818	0.0323838	0.248349	0.816269	2.903	4	1.861529
2833000	-460.0891	-551.9288	91.83962	2	0.3555994	0.0317477	0.121429	0.0261895	0.0612291	0.0192919	0.0161111	0.00464874	0.0070152	0.00397203	0.016892	0.0104036	0.0828424	0.0467507	0.704224	0.0467261	0.0763461	0.0757383	0.0242264	0.0667838	0.0108642	0.147903	0.678391	3.16284	4	1.442568
2834000	-482.0425	-568.5077	86.46524	2	0.3361012	0.0352788	0.162318	0.0340622	0.0670961	0.00141825	0.00437594	0.00370224	0.000427564	0.00225688	0.01546	0.0184392	0.200439	0.0893457	0.440865	0.0397992	0.0174897	0.0699732	0.05404	0.0392538	0.00867526	0.132717	0.651735	3.20687	4	1.296041
2835000	-457.6591	-552.5866	94.92748	2	0.5682774	0.02256	0.132588	0.0181219	0.0912277	0.00505406	0.00180905	0.00855723	0.01533	0.00244163	0.0108864	0.0336759	0.0863696	0.0761122	0.483347	0.100879	0.0575025	0.0096688	0.0478656	0.0309122	0.0466384	0.294172	0.86423	2.79496	4	1.234909
2836000	-479.891	-559.3665	79.47553	1	0.5641976	0.0215859	0.196492	0.0286611	0.0468398	0.00122227	0.0112973	0.00858022	0.00193367	0.00544744	0.0388806	0.0351842	0.119572	0.0565797	0.668297	0.0196095	0.121385	0.053047	0.115755	0.00343879	0.0458182	0.291775	0.861893	2.80051	3	1.553808
2837000	-460.9804	-553.9948	93.01438	2	0.2456694	0.0485037	0.0628572	0.00544831	0.0481412	0.0196022	0.00915539	3.03808e-05	0.00396932	0.00293243	0.00466069	0.0566216	0.0974743	0.0586864	0.466295	0.0213985	0.101354	0.0625722	0.0565463	0.0184371	0.00191603	0.0635808	0.492264	3.44224	4	1.144686
2838000	-480.6116	-562.4835	81.87191	1	0.2324022	0.0145665	0.148354	0.00145427	0.013234	0.0244146	0.0100824	0.005244	0.0015316	0.00277158	0.0368153	0.00556862	0.0529843	0.0500303	0.648095	0.0487138	0.137492	0.023687	0.0341518	0.0881591	0.0013905	0.0543093	0.462877	3.48142	3	1.34735
2839000	-475.1535	-552.8917	77.73816	1	0.6610774	0.0799437	0.142028	0.00520805	0.0337529	0.0184102	0.0102736	0.075055	0.00751312	0.00911302	0.014752	0.0413548	0.13971	0.0432259	0.752821	0.0230063	0.0544021	0.0430078	0.124284	0.0999958	0.0659018	0.344572	0.909544	2.67998	3	1.717857
2840000	-458.9272	-552.4197	93.49256	2	0.5448341	0.0244845	0.0961119	0.0281373	0.0481967	0.013984	0.00843437	0.014	0.00431975	0.0146771	0.0264803	0.0426036	0.0701851	0.040994	0.499777	0.0694335	0.0639699	0.0849216	0.0176967	0.00444737	0.0419689	0.280181	0.850336	2.82751	4	1.172854
2841000	-478.0666	-563.1201	85.05343	2	0.5206347	0.0311321	0.0735782	1.11723e-05	0.0314551	0.00835601	0.0381898	0.0537537	0.00890399	0.0103466	0.0414928	0.0130354	0.0112197	0.0731952	0.615511	0.167919	0.0653783	0.189153	0.159568	0.0255923	0.0372731	0.265173	0.834721	2.86283	4	1.617792
2842000	-462.2666	-561.8876	99.62104	2	0.293454	0.0222665	0.0677386	0.00371517	0.048429	0.00758273	0.00774953	0.0265636	0.00546968	0.0150623	0.0303465	0.0260801	0.0396049	0.0448506	0.285064	0.0263123	0.0147373	0.0476937	0.00994097	0.0429359	0.00477935	0.0994133	0.584644	3.31116	4	0.7721433
2843000	-472.3014	-554.9965	82.69506	1	0.313374	0.0131727	0.130474	0.0179939	0.0334159	0.00737092	0.0188454	0.0625716	0.00433499	0.0107163	0.00282906	0.0496116	0.0134754	0.00299081	0.617409	0.0491498	0.0127376	0.0696736	0.0922212	0.0479436	0.00644274	0.114931	0.617594	3.26103	3	1.256937
2844000	-470.0443	-563.9611	93.91677	2	0.2838364	0.0491825	0.105343	0.0499649	0.0450068	0.0408491	0.0158018	0.0148316	0.00144962	0.034431	0.0721073	0.0239928	0.0195504	0.00289676	0.688787	0.0577215	0.0687611	0.0922453	0.0485318	0.0429269	0.00407596	0.0919956	0.567632	3.3363	4	1.474381
2845000	-465.7591	-558.7888	93.02967	2	0.2541844	0.00450568	0.0913647	0.0164942	0.0783271	0.00788035	0.0239133	0.0025446	0.0176601	0.0173985	0.035579	0.0741108	0.0458292	0.0663183	0.857183	0.038715	0.108897	0.00308073	0.00654524	0.120159	0.00231254	0.0697281	0.510227	3.41773	4	1.616506
2846000	-467.9827	-558.5169	90.53413	2	0.8811618	0.0575788	0.153454	0.0796144	0.0387633	0.0348248	0.00305424	0.00607598	0.00198693	0.0180967	0.0441571	0.0444904	0.126109	0.0553154	0.563164	0.0615151	0.156363	0.00637207	0.0254143	0.165955	0.112676	0.437868	0.977135	2.47232	4	1.642305
2847000	-456.5283	-552.342	95.81367	2	0.314651	0.00985661	0.0555924	0.0208345	0.0289832	0.00888895	0.00204286	0.00469062	0.00333807	0.00337963	0.0172639	0.0499805	0.0391617	0.0587336	0.49876	0.00910158	0.107674	0.0277201	0.0759614	0.0285926	0.0065588	0.11593	0.619606	3.2579	4	1.050556
2848000	-486.1618	-562.5322	76.37036	1	0.2525832	0.0133777	0.106017	0.0341147	0.0100927	0.0313259	0.000333268	0.0102784	0.000322405	0.0233307	0.0331719	0.00158499	0.0538686	0.00153605	0.909326	0.0957173	0.177095	0.0878565	0.167003	0.139135	0.00223434	0.0685617	0.506902	3.4223	3	1.895486
2849000	-469.1761	-558.9487	89.77264	2	0.7124684	0.0429953	0.0672274	0.029828	0.0255336	0.0274548	0.00951709	0.0248413	0.00944064	0.006967	0.000368736	0.0710358	0.103574	0.0875934	0.307963	0.0878652	0.00251914	0.0931128	0.059207	0.0184713	0.0768533	0.369354	0.929403	2.62439	4	1.075515
2850000	-458.4085	-556.2757	97.86715	2	0.2686934	0.0492217	0.0660844	0.00998087	0.0386423	0.0185594	0.00168124	0.0126901	0.00571596	0.00888915	0.0330413	0.000122926	0.0186229	0.133594	0.608719	0.0225385	0.0270534	0.0053358	0.0413873	0.0595323	0.00309974	0.0804839	0.539285	3.37713	4	1.161412
2851000	-462.2004	-556.9768	94.77643	2	0.2842225	0.026254	0.0359289	0.0273834	0.0759814	0.00661074	0.0122476	0.000594479	0.00312182	0.0149868	0.00805857	0.025308	0.0523521	0.0368065	0.49528	0.0244728	0.0270208	0.0370299	0.0570361	0.041522	0.00410294	0.092292	0.56833	3.33528	4	1.007996
2852000	-467.6182	-563.5393	95.9211	2	0.5401123	0.0375397	0.0838046	0.0369263	0.0535283	0.0070106	0.0211301	0.0162617	0.00229299	0.0182566	0.0221511	0.0439173	0.00307848	0.02231	0.475173	0.0345263	0.0527262	0.0465634	0.0642877	0.116224	0.041042	0.277298	0.847395	2.83427	4	1.157708
2853000	-457.737	-554.0838	96.34676	2	0.5431212	0.0527792	0.0899465	0.0223272	0.0663904	0.000974497	0.0162254	0.00552769	0.00073593	0.0212623	0.0300162	0.051315	0.0787329	0.0554549	0.534587	0.0485618	0.0659038	0.0356145	0.0579297	0.000326763	0.0416321	0.279137	0.849275	2.82996	4	1.234612
2854000	-464.4205	-559.9757	95.55516	2	0.585845	0.0346082	0.123968	0.042701	0.0409382	0.0123817	0.00469663	0.0111274	0.0194416	0.00263241	0.0129598	0.0667054	0.0335821	0.0504736	0.454069	0.125945	0.033715	0.120219	0.00232368	0.0711082	0.0502023	0.304312	0.873922	2.77156	4	1.263596
2855000	-467.8539	-561.061	93.20713	2	0.4882082	0.020777	0.123221	0.0264124	0.021993	0.0182172	0.0164855	0.0192512	0.00665367	0.00502924	0.00479807	0.0422132	0.013953	0.109794	0.485362	0.0924871	0.169841	0.00666261	0.13052	0.0492163	0.0312235	0.244148	0.811495	2.91313	4	1.362887
2856000	-467.7144	-557.9713	90.25697	2	0.6164309	0.0150174	0.12353	0.0177536	0.0607485	0.0117429	0.0060815	0.00999734	0.0146027	0.0130943	0.00664407	0.0381225	0.111022	0.0718144	0.505567	0.147943	0.0401488	0.0600424	0.0160881	0.129562	0.0565136	0.321283	0.889475	2.73273	4	1.399523
2857000	-457.0209	-551.8238	94.80294	2	0.4611523	0.0531518	0.174167	0.00889264	0.0691746	0.015083	0.0133704	0.00100526	0.00657372	0.00817743	0.0240913	0.0108697	0.0228513	0.0959588	0.482915	0.0422246	0.0576429	0.0144051	0.0556933	0.0254857	0.0264338	0.2258	0.789806	2.95796	4	1.181734
2858000	-466.2385	-555.3495	89.11099	2	0.4137937	0.0760166	0.0988413	0.0134656	0.0989311	0.0202989	0.00346273	0.00935954	0.00594868	0.0126335	0.0525931	0.0121421	0.0262326	0.0313042	0.660835	0.222123	0.0691942	0.0891629	0.00820645	0.0498988	0.0187536	0.191983	0.745786	3.04348	4	1.56065
2859000	-466.6592	-561.6562	94.99703	2	0.5029185	0.0570664	0.107049	0.00464893	0.0583496	0.0123567	0.00445786	0.0699228	0.0250084	0.00360235	0.000381902	0.040722	0.0965904	0.0229467	0.52554	0.0456778	0.0166562	0.0357598	0.031343	0.0998303	0.03393	0.253817	0.822381	2.88987	4	1.257909
2860000	-470.2718	-558.9395	88.66777	2	0.5806191	0.0418994	0.191326	0.0743753	0.0621549	0.0123116	0.0209657	0.0098001	0.0031543	0.00193878	0.0538816	0.0225444	0.0684198	0.0328203	0.920849	0.0200124	0.108873	0.142054	0.0172427	0.0363125	0.0491369	0.301326	0.8711	2.77844	4	1.840936
2861000	-477.3302	-562.1537	84.82355	2	0.350074	0.027182	0.0868431	0.0177572	0.0583071	0.0221051	0.00100785	0.0125054	0.0045552	0.0122351	0.0258485	0.00565139	0.113979	0.148691	1.12341	0.0354386	0.0423351	0.0838266	0.175224	0.107336	0.010219	0.143613	0.671069	3.1751	4	2.104237
2862000	-475.5204	-562.0379	86.51752	2	0.3059296	0.0108715	0.131328	0.0188917	0.141966	0.047391	0.0240634	0.0157908	0.00420167	0.0098436	0.0119105	0.0492249	0.0387667	0.159231	0.881344	0.0912387	0.0705189	0.0758264	0.114779	0.0292939	0.00578863	0.109115	0.605628	3.27947	4	1.926483
2863000	-454.4506	-551.7264	97.27585	2	0.2951178	0.00298593	0.134766	0.00711133	0.0234563	0.00654597	0.00781596	0.00142395	0.00856036	0.000573952	0.00380975	0.0356262	0.0375189	0.0792835	0.360885	0.0668943	0.0489831	0.124111	0.00759054	0.0710154	0.00490764	0.100703	0.587512	3.30688	4	1.028957
2864000	-467.5032	-556.9458	89.44258	2	0.3791381	0.0157079	0.096025	0.0202966	0.0602811	0.00819323	0.00280785	0.0205433	0.00320262	0.00615971	0.00108988	0.101772	0.103019	0.0838831	0.730553	0.0737995	0.040623	0.0455234	0.104677	0.0909597	0.0138234	0.166008	0.707681	3.11249	4	1.609117
2865000	-456.4972	-553.06	96.56278	2	0.1974378	0.0358121	0.0600882	0.0146998	0.0356037	0.0199538	0.0101801	0.00477944	0.0107895	0.00893288	0.0390041	0.00591244	0.034722	0.0181765	0.575818	0.0373181	0.0595207	0.0288376	0.0174005	0.0716144	0.000485671	0.0323106	0.376938	3.59027	4	1.089164
2866000	-473.7499	-561.1171	87.36726	2	0.9701295	0.0371515	0.157979	0.0436795	0.092279	0.0188616	0.026971	0.015031	0.00313438	0.00498394	0.0110075	0.0869782	0.135777	0.234019	0.549827	0.112755	0.0636999	0.0560268	0.0741748	0.0628766	0.130956	0.467586	0.994869	2.40659	4	1.787211
2867000	-466.561	-556.672	90.111	2	0.21565	0.0423354	0.0579192	0.04594	0.116415	0.00775757	0.00287951	0.00956919	0.00286813	0.00306416	0.0251609	0.0212806	0.0578609	0.00257543	0.852681	0.0607086	0.0173086	0.067731	0.0417271	0.148797	0.000876655	0.0432636	0.423257	3.5326	4	1.58458
2868000	-467.0664	-553.7626	86.69619	2	0.5024304	0.0393011	0.13299	0.0187522	0.104129	0.0202641	0.023505	0.00718139	0.0275214	0.00169871	0.0240355	0.0360136	0.021944	0.0811529	0.403287	0.115255	0.0459487	0.0779797	0.0483449	0.0310493	0.0338391	0.2535	0.822029	2.89063	4	1.260353
2869000	-468.5629	-558.1151	89.55226	2	0.2497946	0.0573034	0.0490537	0.0389433	0.0811393	0.00460854	0.0172713	0.0244782	0.00506692	0.012159	0.000533603	0.0576844	0.0179313	0.0311625	1.06705	0.0938479	0.0702557	0.122778	0.0555588	0.135859	0.0021022	0.0665417	0.501052	3.4303	4	1.94269
2870000	-483.6752	-557.7539	74.07873	1	0.8479976	0.0731651	0.0740738	0.0279788	0.0550151	0.0407296	0.0283757	0.0262559	0.00993152	0.0398332	0.00537139	0.0973423	0.0390746	0.0288918	1.02286	0.15804	0.0414176	0.0947671	0.0989305	0.103054	0.105723	0.425764	0.969416	2.4991	3	2.065108
2871000	-462.4669	-552.7681	90.30115	2	0.4132351	0.0543004	0.076685	0.0447757	0.053303	0.0278559	0.00100718	0.0214142	0.0087459	0.00338533	0.0322166	0.0239737	0.0253777	0.0229811	0.885561	0.061886	0.0589754	0.0787769	0.0149274	0.0327668	0.0186692	0.191572	0.745214	3.04454	4	1.528915
2872000	-467.7162	-552.3958	84.67966	2	0.2844614	0.0383288	0.104976	0.013126	0.0121645	0.0220687	0.00652675	0.00511366	0.0118482	0.000823881	0.0145724	0.0559869	0.0861256	0.0683265	0.770392	0.0219152	0.035932	0.0989552	0.153393	0.0261194	0.00411969	0.0924755	0.568761	3.33464	4	1.546694
2873000	-467.6509	-558.9027	91.25176	2	0.4101047	0.0272376	0.188129	0.0393319	0.0380672	0.0092515	0.0125233	0.0364162	0.00248303	0.0120979	4.92421e-05	0.086718	0.051473	0.0122958	0.615738	0.117677	0.0570943	0.0466685	0.0638798	0.0633127	0.0181988	0.189263	0.741987	3.05055	4	1.480444
2874000	-466.3161	-559.1018	92.78565	2	0.5112712	0.00442362	0.0785668	0.0158301	0.0793573	0.0254526	0.0156793	0.0204049	0.0023807	0.0136061	0.0392573	0.0237221	0.0509262	0.0989784	0.479835	0.0512883	0.0329094	0.0223163	0.0301998	0.0529124	0.0354954	0.25921	0.828299	2.87699	4	1.138047
2875000	-466.665	-558.5534	91.88847	2	0.2208051	0.0326457	0.130427	0.0283005	0.0064434	0.00362549	0.000171258	0.0346238	0.00146192	0.00183343	0.00349783	0.0715978	0.0604053	0.0374965	0.479951	0.108677	0.159168	0.112266	0.0700121	7.17891e-05	0.00101795	0.0465737	0.435752	3.51666	4	1.342676
2876000	-475.8816	-558.6287	82.74711	1	0.3826065	0.091535	0.0757229	0.0375407	0.0343058	0.00352975	0.000684074	0.00855256	0.0170858	0.00439474	0.00222627	0.0666837	0.033123	0.0868318	0.488695	0.00267142	0.0883379	0.0424382	0.068679	0.0917717	0.0142872	0.168648	0.711751	3.10531	3	1.244809
2877000	-477.8236	-556.7819	78.95834	1	0.6478576	0.0237163	0.23696	0.019844	0.0489981	0.0268664	0.00205073	0.0350583	0.00478646	0.00695471	0.0336708	0.0270944	0.0376818	0.140315	0.522421	0.00510815	0.109332	0.0610692	0.112725	0.142509	0.0631053	0.337853	0.9039	2.69514	3	1.597161
2878000	-480.2848	-560.2192	79.93444	1	0.5389667	0.00272256	0.104697	0.0111616	0.0337381	0.00740304	0.00130317	0.031381	0.00961385	0.0156695	0.0195591	0.0405153	0.0205938	0.147113	0.822437	0.0174487	0.0171887	0.0635723	0.0441897	0.100133	0.0408178	0.276595	0.846674	2.83591	3	1.51044
2879000	-461.975	-555.0532	93.07816	2	0.280277	0.00340763	0.0827265	0.0251412	0.0251597	0.000658157	0.0143371	0.0124324	0.00261674	0.00400752	0.0188342	0.0322537	0.0470144	0.00960465	0.55874	0.0580531	0.060882	0.0215818	0.00708734	0.0812311	0.0038321	0.0892688	0.561145	3.34575	4	1.065769
2880000	-462.9597	-554.0106	91.05087	2	0.4034844	0.0197526	0.257217	0.022288	0.0287276	0.0340996	0.00344302	0.000365369	0.0104191	0.0103301	0.0161464	0.0197271	0.0962876	0.0902909	0.463347	0.0540531	0.0990263	0.037979	0.0409786	0.0146443	0.0172203	0.184354	0.735024	3.0634	4	1.319123
2881000	-464.4554	-556.4914	92.03604	2	0.1671791	0.00679479	0.126423	0.0249956	0.0529135	0.00477611	0.0188453	0.0196261	0.0116375	0.00763145	0.0461535	0.0163968	0.00790988	0.0260366	0.532873	0.0222655	0.0893619	0.00207115	0.051736	0.113349	0.000136856	0.0172387	0.29283	3.68979	4	1.181796
2882000	-479.1234	-559.9731	80.84966	1	0.3742555	0.0038735	0.101473	0.0353781	0.0329151	0.000948724	0.0167161	0.00183108	0.010564	0.00127696	0.0234445	0.0139641	0.0516195	0.100027	0.784975	0.0625656	0.0644083	0.0847127	0.0210671	0.0236284	0.0131823	0.162279	0.701848	3.12269	3	1.435389
2883000	-473.7609	-561.9507	88.18975	2	0.5404354	0.0348613	0.149703	0.0390641	0.0427985	0.019038	0.0168735	0.0197444	0.0139327	0.00493707	0.054129	0.0221536	0.0498984	0.0808049	0.527708	0.122713	0.018038	0.151969	0.0117743	0.00543073	0.0411052	0.277496	0.847598	2.8338	4	1.385572
2884000	-480.6555	-563.8636	83.20812	1	0.2628768	0.0075954	0.125607	0.158894	0.0247191	0.0134672	0.000627858	0.0351224	0.0103838	0.0101752	0.00374989	0.0251706	0.112334	0.11174	0.437632	0.00308822	0.0353306	0.0317814	0.0630653	0.000197939	0.00276698	0.0761343	0.527866	3.39323	3	1.210681
2885000	-460.7867	-555.5003	94.71359	2	0.277202	0.055415	0.0878573	0.00643616	0.0326641	0.0201046	0.007535	0.0105952	0.0224137	0.00913941	0.0254848	0.0230106	0.0452473	0.0283754	0.404655	0.0289495	0.0559236	0.0822646	0.066006	0.122357	0.00362858	0.0869228	0.555454	3.35399	4	1.134435
2886000	-463.1477	-553.9787	90.83094	2	0.4956585	0.00893649	0.0655905	0.0230362	0.0560678	0.00691555	0.0160204	0.0169632	0.0180924	0.0033764	0.0634409	0.00558122	0.00489983	0.10485	0.833423	0.0655349	0.00616251	0.0634728	0.101666	0.11626	0.0325859	0.249072	0.817084	2.90126	4	1.580289
2887000	-460.8844	-555.6299	94.74558	2	0.4225358	0.0526009	0.100707	0.0291968	0.0647678	0.0210007	0.000573092	0.0167514	0.0140886	0.00221352	0.026492	0.0248365	0.0494982	0.00916735	0.49908	0.045222	0.0607409	0.0978455	0.0162397	0.00418543	0.0200953	0.198381	0.754559	3.02697	4	1.135208
2888000	-463.6985	-557.9013	94.20281	2	0.3809228	0.017078	0.108746	0.0177762	0.0733546	0.00393903	0.0278401	0.00615081	0.00327343	0.00958236	0.00411884	0.042132	0.0965118	0.0235097	0.639047	0.0432774	0.0935422	0.0382885	0.0407416	0.0574244	0.0140612	0.167368	0.709783	3.10879	4	1.346333
2889000	-473.544	-565.8285	92.28446	2	0.6985813	0.0234383	0.121282	0.0467342	0.0670337	0.0204667	0.0342129	0.0348258	0.00836576	0.0046313	0.0160548	0.0794245	0.00754997	0.12507	0.481462	0.052653	0.0318611	0.0762033	0.0112581	0.0851531	0.0738853	0.36286	0.924342	2.63891	4	1.32768
2890000	-472.3802	-560.673	88.29274	2	0.4738631	0.0277068	0.169993	0.0402213	0.0807221	0.0127906	0.00508971	0.0023792	0.0170643	0.00123854	0.0175627	0.0802337	0.0743505	0.0463215	0.845097	0.118272	0.00182928	0.0418207	0.104758	0.0735847	0.0286518	0.234511	0.800278	2.93656	4	1.761035
2891000	-465.2521	-552.8764	87.62429	2	0.2359179	0.0200249	0.121986	0.0491835	0.0137443	0.0122817	0.00631331	0.00478091	0.010558	0.00898938	0.00354371	0.0927487	0.0643011	0.0618551	0.631304	0.0842643	0.0275696	0.0524137	0.0148356	0.0373168	0.00151913	0.0567258	0.470833	3.47092	4	1.318015
2892000	-471.3225	-558.1296	86.80713	2	0.3713402	0.0450095	0.167531	0.0235087	0.0645846	0.0240674	0.0152087	0.016358	0.0123789	0.00122602	0.0772592	0.0257332	0.0906781	0.0248251	0.80822	0.102444	0.187569	0.0215602	0.125201	0.0613392	0.0128062	0.160045	0.698307	3.12884	4	1.894701
2893000	-464.3744	-558.1872	93.81278	2	1.072381	0.0539431	0.104445	0.0898043	0.0385432	0.000776757	0.0102249	0.0228625	0.00191115	0.016246	0.0491212	0.0315926	0.119316	0.059409	0.574256	0.0802395	0.0678102	0.0239669	0.0821655	0.0174506	0.151166	0.497476	1.01103	2.34033	4	1.444084
2894000	-457.8812	-555.9005	98.01924	2	1.117219	0.0311156	0.0810775	0.0155231	0.0724658	0.0149829	0.00420557	0.000317973	0.00419661	0.0252348	0.0139995	0.0396132	0.066412	0.0525778	0.383976	0.0737618	0.0658554	0.0210698	0.033577	0.0742394	0.159731	0.509356	1.017	2.31391	4	1.074202
2895000	-462.1765	-555.1854	93.00895	2	0.2555449	0.0559389	0.0615221	0.0117498	0.0604969	0.00914444	0.00700524	0.00403818	0.0131926	0.00333262	0.00418596	0.035093	0.0559605	0.051531	0.396852	0.0901954	0.0556052	0.0322196	0.00295783	0.0815041	0.00238031	0.0707225	0.513034	3.41386	4	1.032525
2896000	-463.9135	-555.3832	91.46971	2	0.4339127	0.0239542	0.240665	0.0149935	0.0700333	0.0308866	0.0264016	0.00860777	0.00204608	0.00553691	0.00169475	0.0751587	0.0373276	0.031812	0.66902	0.0639744	0.189818	0.0200428	0.154167	0.144732	0.0218953	0.206604	0.765517	3.00598	4	1.810873
2897000	-477.0629	-559.5402	82.47729	1	0.3952686	0.025236	0.0768171	0.0254613	0.0378059	0.00684505	0.00265534	0.0163815	0.0106607	0.0126084	0.0469931	0.00707979	0.0602207	0.0631992	0.552668	0.029425	0.116279	0.122455	0.00522979	0.0525035	0.0160378	0.178213	0.72611	3.07964	3	1.270524
2898000	-463.1522	-558.7219	95.56976	2	0.6852939	0.0166276	0.0882387	0.00295901	0.0640329	0.00671665	0.00234539	0.0314634	0.014023	0.00289243	0.0206494	0.0714152	0.0435767	0.0847755	0.639734	0.0360357	0.0286867	0.0323773	0.0549509	0.0820109	0.0710502	0.356508	0.919294	2.65315	4	1.323511
2899000	-479.0312	-566.2643	87.23312	2	0.4289063	0.0907775	0.15118	0.0211557	0.0824842	0.0194268	0.00525277	0.0125201	0.000389539	0.0157345	0.0481739	0.0264846	0.153433	0.0156533	0.673792	0.151134	0.0663014	0.026059	0.0135466	0.0541219	0.0210959	0.203	0.760757	3.01515	4	1.627622
2900000	-463.8908	-552.7503	88.85949	2	0.4438004	0.0185175	0.0896431	0.0157046	0.0541504	0.0353921	0.00962967	0.0144735	0.00586869	0.00403202	0.0117906	0.0521735	0.0205519	0.0603855	0.617145	0.122538	0.114869	0.0370801	0.00416481	0.0894323	0.0235069	0.213654	0.77464	2.9882	4	1.377542
2901000	-477.1073	-562.7652	85.65794	2	0.8343017	0.00145852	0.134404	0.00520642	0.0764137	0.014116	0.00598769	0.00182576	0.0422854	0.000161848	0.0304309	0.0479445	0.0498394	0.0650705	0.561665	0.112994	0.133847	0.0319613	0.0437738	0.0486122	0.102834	0.420586	0.966024	2.51056	4	1.407998
2902000	-476.046	-562.0892	86.0432	2	0.7683114	0.0784506	0.114888	0.0526322	0.05411	0.0108277	0.00752392	0.0299534	0.00501499	0.00882052	0.0086467	0.0861971	0.0697186	0.0776906	0.808321	0.0314966	0.0124823	0.120928	0.0592977	0.0165954	0.0888002	0.394056	0.947772	2.56937	4	1.653595
2903000	-455.1287	-549.8108	94.68218	2	0.205182	0.0124224	0.18031	0.00798474	0.0311925	0.0160888	0.00837138	0.00789657	0.0139545	0.00184351	0.013706	0.0414119	0.100519	0.0823535	0.611573	0.0436253	0.0492518	0.0560194	0.0136271	0.036697	0.00063239	0.0368175	0.397047	3.5655	4	1.328848
2904000	-463.8818	-555.5041	91.62222	2	0.3758778	0.0374649	0.0748781	0.0182298	0.0332343	0.00417262	0.0367892	0.0124047	0.00401417	0.0128215	0.00188165	0.0653193	0.0616861	0.16953	0.504389	0.0225378	0.0856895	0.126389	0.101934	0.0577181	0.0133938	0.16352	0.7038	3.11929	4	1.431084
2905000	-468.0225	-561.9098	93.88723	2	0.2601745	0.0186896	0.0691505	0.0172968	0.0538175	0.00883871	0.0162917	0.0474158	0.00198429	0.0149184	0.033048	0.0185187	0.00483337	0.0467896	0.586631	0.0543027	0.0247494	0.0113267	0.0768899	0.0711736	0.00262025	0.0741299	0.522457	3.40079	4	1.176666
2906000	-475.1596	-559.1254	83.96581	2	1.539872	0.0384849	0.145784	0.0242807	0.14418	0.0403976	0.0104103	0.00698908	0.0130543	0.00110348	0.0359285	0.0743098	0.168781	0.0666198	0.8291	0.133072	0.0857085	0.0096298	0.0574966	0.156771	0.231417	0.595061	1.05268	2.12084	4	2.042102
2907000	-456.4082	-551.6027	95.19457	2	0.4742201	0.0440978	0.153512	0.075021	0.0599076	0.00442647	0.0181277	0.0074897	0.00595336	0.00791122	0.00354439	0.0571191	0.0053524	0.119809	0.582255	0.0862703	0.037649	0.00497288	0.111454	0.038274	0.0287149	0.234753	0.800564	2.93597	4	1.423148
2908000	-467.7882	-558.7937	91.00552	2	0.5738266	0.0320083	0.115561	0.030988	0.0949188	0.0359533	0.0141108	0.0332474	0.0176754	0.0156798	0.0318269	0.0390399	0.145574	0.104346	0.911655	0.0186199	0.0571768	0.0119498	0.0460501	0.0550722	0.0477586	0.297407	0.867355	2.78748	4	1.811454
2909000	-453.9695	-551.454	97.48454	2	0.3264053	0.0337827	0.0655463	0.00917269	0.0729154	0.00927441	0.0120367	0.00125605	0.0110008	0.00702716	0.0100183	0.0278469	0.0351755	0.0653528	0.463501	0.160582	0.0274878	0.0725265	0.068463	0.0917617	0.00767991	0.125131	0.637595	3.22959	4	1.244728
2910000	-464.2528	-557.4376	93.18471	2	0.4857235	0.0398065	0.139964	0.0327881	0.148061	0.00057586	0.0126709	0.0052557	0.00531839	0.00964238	0.0125047	0.0486355	0.0833892	0.0154348	0.459854	0.0975257	0.100413	0.0380504	0.0896104	0.0434713	0.0307731	0.242494	0.809596	2.91714	4	1.382972
2911000	-464.9296	-551.6828	86.75317	2	0.5373454	0.00771025	0.154751	0.0222441	0.033963	0.0153264	0.00958057	0.021312	0.00402632	0.00330032	0.0116922	0.0781877	0.095791	0.0654028	1.05076	0.102927	0.0667401	0.0192909	0.160167	0.123021	0.0405011	0.275598	0.845649	2.83825	4	2.046197
2912000	-469.1762	-559.367	90.1908	2	0.5904303	0.0397792	0.124631	0.0490541	0.070512	0.00457121	0.00162178	0.00337536	0.0153783	0.00291914	0.0401986	0.0986281	0.0655306	0.044487	0.675734	0.0456673	0.00730055	0.0642386	0.0744737	0.0349561	0.0511405	0.306911	0.876357	2.76559	4	1.463056
2913000	-463.9077	-559.1437	95.23591	2	0.8656373	0.0349038	0.132293	0.0242685	0.0423144	0.00426616	0.000627576	0.00860933	0.00765374	0.0133596	0.0209166	0.0195977	0.0664211	0.0161267	0.415747	0.0340721	0.0697099	0.0540463	0.00290319	0.0407004	0.10943	0.432277	0.973605	2.48469	4	1.008538
2914000	-472.0178	-559.2543	87.2365	2	0.3274185	0.0829268	0.166991	0.0227983	0.0739425	0.0521316	0.0140699	0.0071713	0.0170377	0.00163578	0.0040197	0.052078	0.0485384	0.0646943	0.831334	0.0269896	0.0912542	0.0573148	0.178454	0.0926648	0.00778096	0.125924	0.639102	3.22719	4	1.886047
2915000	-464.249	-554.8731	90.62411	2	0.7540578	0.0215625	0.100215	0.0102939	0.0867319	0.00073111	0.0132908	0.0233439	0.0154903	0.00466418	0.0109076	0.0567155	0.0219018	0.0483647	0.560245	0.118288	0.0930299	0.070279	0.121361	0.041339	0.0857527	0.387958	0.943364	2.58293	4	1.418755
2916000	-464.0716	-556.258	92.1864	2	0.4145861	0.0418662	0.0814433	0.0143403	0.0704108	0.00464452	0.00196271	0.0228427	0.0100576	0.00355826	0.0390626	0.0358735	0.0559106	0.0453813	0.607913	0.102232	0.0562852	0.0438699	0.0403891	0.0397131	0.0188737	0.192565	0.746594	3.04197	4	1.317757
2917000	-471.7453	-559.9347	88.18934	2	0.800078	0.0415369	0.094568	0.000365686	0.107627	0.00169449	0.0224111	0.00255096	0.0194969	0.00268239	0.00681704	0.0612574	0.0463509	0.0408142	0.613614	0.192142	0.0634282	0.104534	0.122467	0.0588912	0.0955753	0.407165	0.956977	2.54028	4	1.603249
2918000	-465.8723	-553.7334	87.86106	2	0.3413558	0.0142435	0.151209	0.0123847	0.0622416	0.00617584	0.00337104	0.00818571	0.000908359	0.009982	0.0261385	0.0419674	0.125676	0.071841	0.522624	0.0466039	0.0403449	0.0665018	0.0298483	0.0713119	0.00924085	0.136821	0.659147	3.19479	4	1.31156
2919000	-462.8745	-558.1063	95.23181	2	0.4755249	0.0730583	0.172172	0.0369871	0.066156	0.00130401	0.00246217	0.0158353	0.00835181	0.00945203	0.0313618	0.0523026	0.0704675	0.10955	0.51791	0.0479685	0.0778875	0.12477	0.0325284	0.00869026	0.0289461	0.235638	0.801609	2.93381	4	1.459214
2920000	-465.449	-550.1756	84.72662	2	0.3680672	0.0325859	0.113736	0.0293418	0.0584303	0.00857389	0.0125444	0.00548808	0.0192109	0.00990554	0.00617593	0.0561511	0.0243916	0.0903583	1.27406	0.0197727	0.12687	0.117195	0.00879533	0.0513213	0.01239	0.157532	0.694277	3.1358	4	2.064912
2921000	-457.7713	-553.1143	95.343	2	0.3065363	0.0868779	0.141288	0.0239284	0.06232	0.0132211	3.74321e-05	0.00460656	0.00446006	0.0134973	0.00126533	0.0349824	0.0904005	0.0108354	0.771371	0.0553633	0.0531687	0.0587173	0.0524263	0.00980772	0.00584049	0.109589	0.606618	3.27795	4	1.488575
2922000	-471.9951	-558.0449	86.04973	2	0.1691912	0.0279971	0.0410267	0.0134878	0.0525271	0.00457787	0.0132598	0.00678676	0.0171519	0.000727307	0.0343883	0.0237592	0.105597	0.0749758	0.971907	0.0362285	0.0888437	0.0701683	0.0502182	0.0509304	0.000150996	0.0181017	0.298673	3.68307	4	1.684558
2923000	-466.9045	-554.3339	87.4294	2	0.300559	0.0226961	0.06497	0.00812506	0.0366031	0.00218553	0.00351372	0.0044038	0.000786799	0.00766051	0.012278	0.0392291	0.0645134	0.0165559	0.781073	0.0379614	0.0696403	0.0444586	0.0201299	0.00834977	0.00534076	0.10493	0.59674	3.29299	4	1.245134
2924000	-470.0696	-557.6551	87.58547	2	0.5318735	0.0168072	0.151697	0.0403626	0.0318536	0.0252493	0.000342293	0.0204989	0.00464923	0.0158316	0.0084511	0.0417105	0.127056	0.0156527	0.740862	0.134314	0.0557787	0.0194822	0.00185937	0.0431656	0.0394367	0.272215	0.842143	2.84621	4	1.495624
2925000	-474.4563	-553.8911	79.43475	2	0.4359577	0.0633341	0.132218	0.0285824	0.110787	0.000545859	0.00493736	0.018166	0.00618624	0.00081262	0.0318023	0.0774902	0.00124437	0.089558	0.655974	0.041004	0.0793861	0.0445251	0.100241	0.131943	0.0222251	0.20807	0.767433	3.00227	4	1.618738
2926000	-465.2291	-558.8294	93.60026	2	0.5482662	0.0429738	0.126675	0.0287238	0.0388659	0.055069	0.00751137	0.0112105	0.0162208	0.0204471	0.0402972	0.0379885	0.101784	0.0361055	0.624801	0.146532	0.049352	0.0448563	0.0056392	0.0513527	0.0426456	0.282262	0.852443	2.82265	4	1.486405
2927000	-468.7572	-561.7624	93.00522	2	0.4697857	0.0510588	0.0825871	0.0533439	0.0507269	0.0219108	0.0331815	0.0513943	0.00264251	0.00396081	0.0162944	0.0613288	0.0593533	0.0483335	0.671521	0.0995954	0.0489407	0.0151733	0.00201686	0.0179872	0.0279338	0.231734	0.796974	2.94336	4	1.391351
2928000	-465.4109	-560.544	95.13308	2	0.3035211	0.0310623	0.0934713	0.0227114	0.0473297	0.0223404	0.0314251	0.00746609	0.0159048	0.00132596	0.0569183	0.0104507	0.00171928	0.082164	0.391525	0.0598325	0.0301599	0.0519101	0.0606361	0.105477	0.00558528	0.107237	0.601669	3.28551	4	1.12383
2929000	-462.2769	-558.877	96.60007	2	0.4724144	0.0109375	0.129219	0.0474088	0.0759661	0.007541	0.00405407	0.0484421	0.00415952	0.0065395	0.020529	0.047747	0.0859153	0.055547	0.473444	0.0672041	0.0940369	0.0684591	0.12784	0.00914406	0.028396	0.233526	0.79911	2.93897	4	1.384134
2930000	-464.0023	-556.497	92.49479	2	0.2840876	0.0584675	0.0936983	0.0408512	0.042423	0.0150123	0.0077721	0.00274112	0.00200862	0.0232703	0.00139945	0.0664908	0.0167602	0.0957392	0.568883	0.0937969	0.0499219	0.0888187	0.0429943	0.0456589	0.0040935	0.0921884	0.568086	3.33563	4	1.356708
2931000	-468.8454	-565.3471	96.50166	2	0.3742736	0.000179531	0.0862164	0.0369413	0.068282	0.00628334	0.0166427	0.0256165	0.00237431	0.00945553	0.0135739	0.0166111	0.0303808	0.0085965	0.402656	0.0422313	0.126303	0.0727322	0.105244	0.0572798	0.0131846	0.162293	0.70187	3.12265	4	1.1276
2932000	-458.7215	-552.9519	94.23044	2	0.3099003	0.0236409	0.0673501	0.0136647	0.137804	0.027495	0.00799817	0.000325846	0.00365357	0.00297227	0.0170967	0.0359765	0.0309086	0.0722582	0.564983	0.0351408	0.0636743	0.0779955	0.0764758	0.00156878	0.00613271	0.112216	0.61206	3.26959	4	1.260983
2933000	-461.8497	-552.1116	90.26194	2	0.3369845	0.00764938	0.0951417	0.00197393	0.0355197	0.00206806	0.0545822	0.0192796	0.00925062	0.00899004	0.0155921	0.0474434	0.0620601	0.0417712	0.772247	0.0284955	0.0834249	0.000674556	0.13415	0.0510419	0.00876907	0.133407	0.652993	3.20483	4	1.471356
2934000	-469.7888	-562.9763	93.18754	2	0.5891155	0.0435375	0.110351	0.0176097	0.047901	0.0220264	0.000702298	0.0401585	0.00716453	0.0109325	0.0504975	0.00494134	0.0148622	0.0280452	0.373304	0.0743447	0.0162552	0.0852579	0.0201041	0.0917341	0.0508711	0.306168	0.875663	2.7673	4	1.059729
2935000	-468.5647	-561.0922	92.52758	2	0.3275546	0.0249989	0.100554	0.006288	0.0318207	0.0122605	0.0108569	0.0489762	0.00589848	0.00159137	0.0311927	0.051521	0.0233924	0.00567859	0.54235	0.0521205	0.016181	0.0309455	0.0765896	0.0768757	0.00779458	0.126031	0.639303	3.22687	4	1.150091
2936000	-465.1483	-556.0652	90.91687	2	0.8465735	0.0439277	0.118217	0.0363269	0.02484	0.00938002	0.00148195	0.00262744	0.00481051	0.00972602	0.0240092	0.031435	0.0050892	0.0277341	0.767578	0.106118	0.0842541	0.102344	0.0417931	0.0494728	0.105423	0.42523	0.969069	2.50028	4	1.491165
2937000	-469.4564	-563.9148	94.45841	2	0.4827157	0.00463566	0.157637	0.0543463	0.0812779	0.0211647	0.0107964	0.024165	0.0202468	0.00734037	0.010164	0.0691171	0.0643228	0.196242	0.446266	0.0530342	0.0114716	0.030951	0.039201	0.110253	0.0302306	0.240482	0.807273	2.92201	4	1.412633
2938000	-458.3239	-553.3949	95.07099	2	0.4346398	0.0312874	0.185571	0.0155787	0.0797097	0.0232953	0.0154366	0.0260388	0.012843	0.00322319	0.013254	0.0310228	0.0733398	0.0176374	0.435693	0.0752811	0.0752141	0.109541	0.0345586	0.0179636	0.0220124	0.207126	0.7662	3.00466	4	1.276489
2939000	-457.9649	-553.7549	95.78996	2	0.2523228	0.00608815	0.0843773	0.00649582	0.0403285	0.00111152	0.00315168	0.017429	0.00661087	0.00782721	0.00653964	0.045999	0.0557833	0.0251438	0.54071	0.0010895	0.0527553	0.0483916	0.145847	0.0186313	0.00222178	0.0683725	0.506359	3.42305	4	1.114311
2940000	-473.5989	-561.6156	88.01676	2	0.3645092	0.07168	0.0703932	0.0128805	0.0361662	0.0130295	0.0093335	0.00852355	0.00642456	0.0198083	0.0276342	0.0100097	0.0696197	0.0337022	0.406304	0.0872872	0.059228	0.0417105	0.0495401	0.0145682	0.0119448	0.154792	0.689831	3.14343	4	1.047843
2941000	-467.3863	-558.119	90.73278	2	0.2266857	0.0422836	0.0696445	0.0419434	0.106289	0.0212832	0.00300299	0.0350631	0.00429843	0.0108841	0.0114368	0.0349859	0.0261777	0.129803	0.60837	0.0473785	0.115148	0.0459393	0.0585092	0.0374694	0.00119714	0.0504488	0.449676	3.49868	4	1.449911
2942000	-475.6648	-560.8011	85.13635	1	0.5167425	0.0207981	0.117088	0.0174506	0.040318	0.00913448	0.00287369	0.0222136	0.00554685	0.00666951	0.00572592	0.0211828	0.046105	0.0398589	0.361035	0.0968153	0.0202019	0.102813	0.0337085	0.022933	0.0365313	0.262705	0.832078	2.86868	3	0.9924717
2943000	-482.3847	-561.3982	79.01348	1	0.3758727	0.0553379	0.0804996	0.0712441	0.0195668	0.0243577	0.000255847	0.00778232	0.00238687	0.00380699	0.00426575	0.0858213	0.0144677	0.172518	0.717767	0.0563317	0.0224228	0.115817	0.0374366	0.12676	0.0133931	0.163516	0.703794	3.1193	3	1.618846
2944000	-469.3624	-558.3204	88.95796	2	0.2369562	0.0333134	0.0723275	0.00106129	0.0785299	0.000521029	0.00994878	0.00681675	0.00349689	0.00884571	0.0187544	0.0608045	0.153088	0.171848	0.773536	0.056673	0.00623736	0.0485738	0.0173237	0.0330974	0.00155857	0.0574453	0.473159	3.46784	4	1.554798
2945000	-480.79	-563.568	82.77806	2	0.2412428	0.0616997	0.135097	0.000903699	0.042914	0.00529699	0.00579936	0.0498476	0.0110555	0.0140074	0.0432109	0.00320756	0.0321725	0.0777057	0.749122	0.0179859	0.0542964	0.0337311	0.0264871	0.059808	0.00172844	0.0604426	0.48265	3.45518	4	1.424349
2946000	-472.9398	-558.5857	85.64595	2	0.4681619	0.0363382	0.102644	0.00454115	0.100675	0.0031489	0.0101054	0.011794	0.00698588	0.0101027	0.00284337	0.0722372	0.00906109	0.058265	0.682492	0.0392856	0.0132992	0.049426	0.0971308	0.0866428	0.0276496	0.230624	0.795644	2.94608	4	1.397017
2947000	-466.6681	-561.7656	95.09752	2	0.3811071	0.0197077	0.063361	0.0131172	0.0312526	0.0127904	0.0227882	0.00383326	0.00422794	0.0128291	0.000644607	0.0516835	0.00302888	0.0721827	0.301276	0.0498485	0.039922	0.0365677	0.0210175	0.0435316	0.0140858	0.167508	0.709999	3.10841	4	0.8036099
2948000	-468.3365	-558.9255	90.58903	2	0.5674737	0.0445163	0.146376	0.0347721	0.0640122	0.0119113	0.0365452	0.0133203	0.00452737	0.0108196	0.0361387	0.0303489	0.0740693	0.0299152	0.385062	0.103879	0.00845487	0.0283374	0.0331146	0.0938798	0.0464766	0.293701	0.863772	2.79605	4	1.19
2949000	-475.7836	-558.0661	82.28251	2	0.4554883	0.0431173	0.0910939	0.00469287	0.0850307	0.0377248	0.0250054	0.0174159	0.0265573	0.0115125	0.0151819	0.0314861	0.0350776	0.0494272	0.738442	0.255884	0.115242	0.0803647	0.0422896	0.111611	0.0254651	0.221868	0.784969	2.9677	4	1.817157
2950000	-473.5885	-563.7273	90.13879	2	0.3853981	0.0437489	0.101684	0.00945643	0.0240024	0.00626577	0.00379895	0.0199447	0.00449822	0.0029419	0.0138613	0.0691613	0.126193	0.0769915	0.903327	0.00762176	0.0558632	0.105549	0.103658	0.259089	0.0146654	0.170767	0.714983	3.09958	4	1.937656
2951000	-471.7059	-554.846	83.14013	2	0.7212845	0.030046	0.125571	0.0491987	0.0613929	0.0280974	0.0046851	0.00750673	0.00979455	0.00180461	0.0278037	0.0186562	0.0354511	0.0836881	0.833356	0.148002	0.0105524	0.071969	0.160118	0.0480471	0.0787392	0.373402	0.932507	2.61535	4	1.75574
2952000	-463.9878	-560.3423	96.35448	2	0.6331519	0.0874118	0.0757312	0.0103472	0.0473573	0.0089134	0.00126524	0.0141836	0.00177176	0.0042592	0.0232694	0.0386598	0.0656856	0.132223	0.379997	0.0624754	0.052698	0.0165182	0.0482214	0.0486652	0.0600097	0.330206	0.897333	2.71245	4	1.119654
2953000	-457.4764	-556.3496	98.87326	2	0.2508609	0.0638385	0.0697594	0.0211086	0.0238494	0.00144659	0.00265937	0.00418909	0.000765295	0.00483952	0.00572388	0.0345729	0.0850349	0.0440756	0.570933	0.0496419	0.0153015	0.01212	0.0434824	0.0341442	0.00215212	0.0673124	0.503298	3.42724	4	1.087487
2954000	-463.2931	-559.2312	95.93807	2	0.2573332	0.0714529	0.0523839	0.0135741	0.0373463	0.00525533	0.0223418	0.0146677	0.00978214	0.00259985	0.0216785	0.0439601	0.0478381	0.0247063	0.47744	0.0846876	0.0502013	0.0211542	0.0874156	0.0414061	0.00247129	0.0720346	0.516697	3.4088	4	1.129892
2955000	-465.1066	-561.3298	96.22323	2	0.1777617	0.0152084	0.0664254	0.0138012	0.0129774	0.0103725	0.0064412	0.0270966	0.00875791	0.0022044	0.0529976	0.00650949	0.0261767	0.015634	0.335394	0.0710779	0.050147	0.0528302	0.0176614	0.0169868	0.000223871	0.022011	0.32319	3.65458	4	0.8086998
2956000	-464.6904	-558.0211	93.33064	2	0.2552185	0.0431555	0.0925742	0.00720263	0.115756	0.00790803	0.0246241	0.0370196	0.00644365	0.00372187	0.00718247	0.0563497	0.0589058	0.0509847	0.512998	0.0377491	0.0495014	0.0215914	0.0626664	0.095341	0.00236394	0.0704837	0.512362	3.41479	4	1.291676
2957000	-480.7002	-560.6308	79.93055	1	0.9934361	0.0159022	0.187204	0.0230918	0.0969671	0.0158244	0.0124268	0.00302048	0.00785433	0.0181119	0.000566792	0.047286	0.110557	0.0185427	0.384967	0.0330819	0.146791	0.0141894	0.0595035	0.269495	0.135642	0.47477	0.998904	2.39068	3	1.465382
2958000	-475.704	-567.4738	91.76981	2	1.973961	0.041565	0.0315839	0.0334135	0.099726	0.0363038	0.00892811	0.00650887	0.020698	0.011178	0.0296524	0.0307834	0.056902	0.0673442	0.567662	0.0819449	0.0750671	0.0323227	0.150945	0.159432	0.290146	0.652216	1.06932	1.98831	4	1.54196
2959000	-454.4335	-551.2879	96.85433	2	0.502849	0.021291	0.0907402	0.0229634	0.089086	0.0012432	0.0135498	0.00514771	0.0086327	0.00247857	0.017759	0.0291427	0.0274798	0.0659202	0.493442	0.0499152	0.0860882	0.0241711	0.033187	0.0210082	0.033917	0.253772	0.82233	2.88998	4	1.103246
2960000	-471.3702	-564.1712	92.80103	2	0.3162703	0.0109883	0.199215	0.00664166	0.0610174	0.000754581	0.0207959	0.0142847	0.00175997	0.00934101	0.0388477	0.0241297	0.0524437	0.0424846	0.514845	0.0850048	0.00962664	0.0415179	0.242571	0.0307522	0.00670762	0.117197	0.622141	3.25395	4	1.407022
2961000	-461.1322	-560.9788	99.84656	2	0.2845795	0.0314558	0.0382261	0.0338791	0.0533067	0.00319315	0.0083367	0.00336708	0.00208048	0.0157445	0.00815051	0.0180738	0.0735166	0.0240343	0.359201	0.0170321	0.0381294	0.0714119	0.096159	0.0857657	0.00412799	0.0925662	0.568974	3.33433	4	0.9810636
2962000	-473.6213	-559.3502	85.7289	2	2.015135	0.0588363	0.123499	0.0254535	0.0745993	0.0356807	0.0155598	0.019714	0.00887242	0.0109615	0.0152099	0.0393811	0.0713545	0.0175589	0.417613	0.00561222	0.0761788	0.0466546	0.059541	0.123574	0.295075	0.656614	1.07036	1.97795	4	1.245855
2963000	-485.0359	-563.2922	78.25628	1	0.3418851	0.000258111	0.0851742	0.0422137	0.00920711	0.00250724	0.0171892	0.0312731	0.00851691	0.00255619	0.0270486	0.0286193	0.000648386	0.0332987	0.903383	0.0537258	0.0905706	0.14402	0.0919079	0.125847	0.00929883	0.137234	0.659884	3.19358	3	1.697965
2964000	-466.612	-556.4686	89.85656	2	0.3606931	0.0677637	0.0636533	0.0421678	0.058462	0.0149732	0.00145703	0.0235364	0.00806399	0.0076975	0.0063323	0.0302364	0.0357641	0.0735057	0.366547	0.0498922	0.0494336	0.0937025	0.16706	0.0275607	0.011476	0.151846	0.684986	3.15169	4	1.18781
2965000	-462.1129	-554.9208	92.80795	2	0.4661793	0.0268447	0.0845285	0.0139125	0.0703105	0.00428566	0.00590922	0.0315029	0.012132	0.0175809	0.000805579	0.0439764	0.0454075	0.0306353	0.633982	0.0874606	0.111643	0.0605194	0.113702	0.128795	0.0273038	0.229264	0.794009	2.94942	4	1.523934
2966000	-468.5246	-559.8679	91.34323	2	0.3561269	0.0552847	0.094396	0.0304762	0.0546934	0.0361334	0.0302526	0.0375847	0.00207948	0.0149479	0.00308521	0.044887	0.0672047	0.00658559	0.785042	0.0485414	0.0472035	0.0905913	0.0606999	0.00341185	0.0109268	0.148312	0.679081	3.16168	4	1.513101
2967000	-467.1889	-561.8391	94.65019	2	0.5264628	0.0440508	0.1063	0.0383049	0.117584	0.0106463	0.00802623	0.0235886	0.0154822	0.0299834	0.001187	0.062106	0.0192959	0.143972	0.543299	0.0756735	0.00480058	0.00396908	0.0781342	0.081266	0.0383912	0.268841	0.838608	2.85416	4	1.40767
2968000	-460.2469	-553.0015	92.75458	2	0.3504844	0.0108623	0.0780113	0.0170015	0.0492505	0.0154771	0.00632401	0.00846964	0.0194347	0.00481795	0.0042478	0.0938021	0.0312287	0.0840306	0.818453	0.0199019	0.0804946	0.0189799	0.0864724	0.102609	0.0102663	0.143932	0.671619	3.17418	4	1.549869
2969000	-491.4588	-564.0295	72.57076	1	0.6160248	0.0616366	0.158812	0.017216	0.0657031	0.0519715	0.0164699	0.00355623	0.0401843	0.00964291	0.00106715	0.0915728	0.162475	0.0151806	1.01916	0.0531893	0.0167531	0.280506	0.123847	0.0501596	0.0564291	0.321063	0.889279	2.73323	3	2.239102
2970000	-455.9883	-558.4846	102.4964	2	0.1259877	0.00898767	0.0684673	0.00922873	0.0257309	0.0288421	0.00016788	0.0086618	0.00991505	0.00411808	0.00616049	0.0363075	0.0175134	0.0572783	0.389315	0.0685827	0.0235596	0.0340431	0.0424184	0.00816138	9.15207e-06	0.00448269	0.168901	3.82661	4	0.8474597
2971000	-460.7505	-557.4301	96.67962	2	0.2963353	0.015463	0.088607	0.0227761	0.0206825	0.0219551	0.00908599	0.0103836	0.0166808	0.00582855	0.0205398	0.041665	0.107474	0.112	0.673325	0.0680508	0.001608	0.0225315	0.0298601	0.0131133	0.00500275	0.101647	0.589597	3.30375	4	1.30163
2972000	-462.1661	-558.1926	96.02652	2	0.4368733	0.0141094	0.0843857	0.0137275	0.0743645	0.0047214	0.0250006	0.0086722	0.0122301	0.00687854	0.00741914	0.0454375	0.00921674	0.0573918	0.42462	0.00968195	0.0418449	0.0962575	0.0598333	0.0573349	0.0223734	0.208725	0.768287	3.00062	4	1.053127
2973000	-473.3321	-553.9091	80.57699	1	1.013776	0.0230036	0.101546	0.0269161	0.0586478	0.0304392	0.0223881	0.024482	0.0172534	0.00788128	0.0080534	0.0365091	0.00659021	0.0575413	0.667789	0.0646222	0.0298631	0.0842035	0.128275	0.00269999	0.139694	0.480854	1.00225	2.37721	3	1.398705
2974000	-460.4578	-554.2371	93.7793	2	0.6545821	0.0174684	0.123324	0.0147167	0.0422268	0.0170115	0.0139809	0.0110849	0.000725795	0.0119116	0.00932665	0.0400674	0.0583157	0.110139	0.636942	0.0202624	0.0929522	0.0640472	0.106641	0.0463981	0.0645263	0.341289	0.906801	2.68738	4	1.437543
2975000	-467.1308	-556.3611	89.23032	2	1.016348	0.0512536	0.100122	0.0399216	0.0872832	0.0318818	0.0189396	0.00305888	0.0160918	0.00809827	0.0287572	0.0724265	0.0784951	0.03041	0.566536	0.0615588	0.0662508	0.0689304	0.168557	0.00269718	0.140204	0.481611	1.00266	2.37553	4	1.50127
2976000	-454.9486	-553.0783	98.12973	2	0.2069149	0.016813	0.11103	0.0133939	0.0227103	0.00737901	0.00273516	0.00602068	0.010099	0.00615433	0.0343391	0.0133452	0.145888	0.00270371	0.565997	0.0433751	0.0441849	0.00916828	0.0813392	0.0328089	0.000669052	0.0378575	0.401463	3.56001	4	1.169485
2977000	-475.2239	-559.9791	84.75517	2	0.4296856	0.0243534	0.077858	0.0385292	0.0280681	0.0104052	0.0123658	0.00557592	0.0118111	0.0041643	0.0290222	0.00226094	0.0415527	0.0717549	0.650636	0.0839656	0.0442159	0.0687403	0.0516052	0.0548578	0.0212196	0.203562	0.761504	3.01371	4	1.311742
2978000	-480.1519	-561.3381	81.18623	2	1.161429	0.0453505	0.107119	0.0177752	0.0607593	0.000300329	0.0244073	0.0134845	0.00717454	0.0140406	0.0289031	0.0316454	0.132573	0.0482901	1.05773	0.0560756	0.0388273	0.0656588	0.0513284	0.0478215	0.167994	0.520422	1.02233	2.28925	4	1.849269
2979000	-470.1964	-561.3187	91.12229	2	0.5985939	0.0521347	0.124339	0.0325856	0.0402684	0.0304801	0.0379746	0.0282728	0.00269919	0.0112909	0.000709236	0.0547055	0.0634132	0.013049	0.519263	0.00570513	0.0789808	0.115091	0.0953139	0.0359929	0.0528182	0.31149	0.8806	2.75509	4	1.342269
2980000	-467.3455	-561.8662	94.52075	2	0.3797943	0.0218178	0.0388851	0.0217151	0.0466261	0.0128519	0.0143661	0.00765164	0.0068337	0.000323194	0.00436449	0.037427	0.210198	0.042838	0.540858	0.0160394	0.027854	0.103705	0.02194	0.0392165	0.0139106	0.166508	0.708456	3.11113	4	1.215512
2981000	-460.2839	-559.9382	99.65433	2	0.2290678	0.0117793	0.0595656	0.0123467	0.0258889	0.010842	0.00222952	0.033964	0.000805478	0.0193374	0.0537287	0.0121058	0.0391383	0.0630211	0.378756	0.0659178	0.032833	0.046421	0.0532296	0.0200579	0.00127537	0.0520467	0.455217	3.49146	4	0.9419683
2982000	-470.4633	-561.3557	90.89239	2	0.2220201	0.0823272	0.05337	0.0248053	0.0212479	0.00567873	0.0223711	0.00851428	0.00640519	0.00153343	0.0212289	0.0238325	0.0512422	0.00721872	0.706424	0.182945	0.0760705	0.0325156	0.0631041	0.0688604	0.00105337	0.0473659	0.438658	3.51292	4	1.459694
2983000	-456.3321	-554.6006	98.26854	2	0.3176075	0.0422148	0.0904486	0.000861125	0.0481517	0.0194268	0.00490992	0.000381462	0.00025767	0.0105163	0.0139393	0.0216829	0.0324451	0.0292806	0.412219	0.1385	0.0115272	0.129545	0.0725988	0.0586069	0.00683186	0.118244	0.624221	3.2507	4	1.137513
2984000	-475.0789	-560.1145	85.03558	2	0.5449607	0.0589057	0.125995	0.00396469	0.0837129	0.000298404	0.000741983	0.0404745	0.00986833	0.0176344	0.0305399	0.000474806	0.0587553	0.124656	0.824015	0.0824017	0.115624	0.0700249	0.0160593	0.0559373	0.0419938	0.280258	0.850414	2.82733	4	1.720084
2985000	-461.5489	-556.946	95.3971	2	0.2709042	0.0214688	0.106055	0.00155464	0.0584582	0.0219431	0.0110836	0.000415219	0.00831616	0.00645968	0.0319855	0.0509626	0.0813875	0.0598842	0.591568	0.0295389	0.00956543	0.0429059	0.0776556	0.0104891	0.00323232	0.0821488	0.543547	3.37107	4	1.221697
2986000	-461.5255	-554.3716	92.84612	2	0.1734136	0.0284178	0.0911078	0.0144868	0.0483297	0.0261206	0.00567989	0.00579621	0.0130421	0.000325397	0.021626	0.0237927	0.00964479	0.0204095	0.816043	0.0808572	1.62347e-05	0.0957527	0.124709	0.049176	0.000184224	0.0199811	0.310829	3.66901	4	1.475333
2987000	-469.7856	-564.4687	94.68302	2	0.2001442	0.0117788	0.0636973	0.01029	0.0358478	0.0531601	0.0149003	0.0104935	0.00231053	0.00578237	0.0267853	0.0405177	0.0239205	0.0788568	0.335139	0.068342	0.0155773	0.0336877	0.0806293	0.0624245	0.000533847	0.0338587	0.384034	3.58157	4	0.9741407
2988000	-461.2809	-538.6513	77.37033	1	0.6433131	0.0377895	0.0915203	0.0303714	0.0525767	0.023226	0.00576027	0.0389994	0.0103546	0.0146524	0.0246261	0.0368874	0.169413	0.0469213	0.782376	0.0123922	0.0618817	0.0616606	0.0756293	0.179377	0.0621468	0.335509	0.901904	2.70044	3	1.756416
2989000	-459.2207	-535.8935	76.67286	1	0.5849626	0.0392196	0.0950928	0.0357655	0.0525767	0.023226	0.00869395	0.0389994	0.01442	0.0184956	0.019843	0.0368874	0.126493	0.0301179	0.973076	0.016357	0.0996936	0.0689839	0.0831065	0.0509514	0.0500221	0.30381	0.873449	2.77272	3	1.831999
2990000	-457.5985	-534.2713	76.67286	1	0.5849626	0.0392196	0.0950928	0.0357655	0.0525767	0.023226	0.00869395	0.0389994	0.01442	0.0184956	0.019843	0.0368874	0.126493	0.0301179	0.973076	0.016357	0.0996936	0.0689839	0.0831065	0.0509514	0.0500221	0.30381	0.873449	2.77272	3	1.831999
2991000	-457.241	-533.9138	76.67286	1	0.5849626	0.0392196	0.0950928	0.0357655	0.0525767	0.023226	0.00869395	0.0389994	0.01442	0.0184956	0.019843	0.0368874	0.126493	0.0301179	0.973076	0.016357	0.0996936	0.0689839	0.0831065	0.0509514	0.0500221	0.30381	0.873449	2.77272	3	1.831999
2992000	-453.6296	-530.3025	76.67286	1	0.5849626	0.0392196	0.0950928	0.0357655	0.0525767	0.023226	0.00869395	0.0389994	0.01442	0.0184956	0.019843	0.0368874	0.126493	0.0301179	0.973076	0.016357	0.0996936	0.0689839	0.0831065	0.0509514	0.0500221	0.30381	0.873449	2.77272	3	1.831999
2993000	-462.1281	-538.8009	76.67286	1	0.5849626	0.0392196	0.0950928	0.0357655	0.0525767	0.023226	0.00869395	0.0389994	0.01442	0.0184956	0.019843	0.0368874	0.126493	0.0301179	0.973076	0.016357	0.0996936	0.0689839	0.0831065	0.0509514	0.0500221	0.30381	0.873449	2.77272	3	1.831999
2994000	-451.4861	-528.1589	76.67286	1	0.5849626	0.0392196	0.0950928	0.0357655	0.0525767	0.023226	0.00869395	0.0389994	0.01442	0.0184956	0.019843	0.0368874	0.126493	0.0301179	0.973076	0.016357	0.0996936	0.0689839	0.0831065	0.0509514	0.0500221	0.30381	0.873449	2.77272	3	1.831999
2995000	-451.0203	-527.6931	76.67286	1	0.5849626	0.0392196	0.0950928	0.0357655	0.0525767	0.023226	0.00869395	0.0389994	0.01442	0.0184956	0.019843	0.0368874	0.126493	0.0301179	0.973076	0.016357	0.0996936	0.0689839	0.0831065	0.0509514	0.0500221	0.30381	0.873449	2.77272	3	1.831999
2996000	-454.7401	-531.413	76.67286	1	0.5849626	0.0392196	0.0950928	0.0357655	0.0525767	0.023226	0.00869395	0.0389994	0.01442	0.0184956	0.019843	0.0368874	0.126493	0.0301179	0.973076	0.016357	0.0996936	0.0689839	0.0831065	0.0509514	0.0500221	0.30381	0.873449	2.77272	3	1.831999
2997000	-460.2769	-536.9498	76.67286	1	0.5849626	0.0392196	0.0950928	0.0357655	0.0525767	0.023226	0.00869395	0.0389994	0.01442	0.0184956	0.019843	0.0368874	0.126493	0.0301179	0.973076	0.016357	0.0996936	0.0689839	0.0831065	0.0509514	0.0500221	0.30381	0.873449	2.77272	3	1.831999
2998000	-451.4121	-528.0849	76.67286	1	0.5849626	0.0392196	0.0950928	0.0357655	0.0525767	0.023226	0.00869395	0.0389994	0.01442	0.0184956	0.019843	0.0368874	0.126493	0.0301179	0.973076	0.016357	0.0996936	0.0689839	0.0831065	0.0509514	0.0500221	0.30381	0.873449	2.77272	3	1.831999
2999000	-456.5099	-533.1828	76.67286	1	0.5849626	0.0392196	0.0950928	0.0357655	0.0525767	0.023226	0.00869395	0.0389994	0.01442	0.0184956	0.019843	0.0368874	0.126493	0.0301179	0.973076	0.016357	0.0996936	0.0689839	0.0831065	0.0509514	0.0500221	0.30381	0.873449	2.77272	3	1.831999
3000000	-456.7749	-533.4478	76.67286	1	0.5849626	0.0392196	0.0950928	0.0357655	0.0525767	0.023226	0.00869395	0.0389994	0.01442	0.0184956	0.019843	0.0368874	0.126493	0.0301179	0.973076	0.016357	0.0996936	0.0689839	0.0831065	0.0509514	0.0500221	0.30381	0.873449	2.77272	3	1.831999
