Iteration	Posterior	Likelihood	Prior	alpha_dir	alpha_morpho	brlens[1]	brlens[2]	brlens[3]	brlens[4]	brlens[5]	brlens[6]	brlens[7]	brlens[8]	brlens[9]	brlens[10]	brlens[11]	brlens[12]	brlens[13]	brlens[14]	brlens[15]	brlens[16]	brlens[17]	char_rates[1]	char_rates[2]	char_rates[3]	char_rates[4]	model_indicator	tree_length
0	-785.0579	-843.0094	57.95152	10	0.4070331	0.0966394	0.00258882	0.374085	0.0164791	0.0188674	0.148323	0.0842489	0.0160473	0.00575088	0.0363669	0.0602997	0.194801	0.0523004	0.0871634	0.00284253	0.221035	0.294937	0.017742	0.18699	0.73878	3.05649	5	1.712776
1000	-523.3473	-567.1047	43.75741	10	1.056261	0.103139	0.00634648	0.0324432	0.0803809	0.0274299	0.0068779	0.0436194	0.0176157	0.0039207	0.0809947	0.0954676	0.626891	0.13752	0.392037	0.00320861	0.317074	0.0559971	0.148041	0.493033	1.00873	2.3502	5	2.030963
2000	-522.6671	-575.6386	52.97151	10	1.457655	0.0867711	0.0157196	0.000956398	0.0907363	0.0261019	0.022503	0.0284985	0.0515156	0.00323444	0.0521127	0.187991	0.205268	0.146907	0.200134	0.0420035	0.256664	0.0357755	0.218706	0.581353	1.04783	2.15211	5	1.452893
3000	-531.6456	-570.1826	38.53701	2	1.83434	0.102298	0.0059069	0.0262063	0.0994505	0.000304303	0.0159027	0.0298951	0.0247398	0.0200154	0.0271662	0.0972769	0.392195	0.07687	0.189865	0.0204742	0.20222	0.0340787	0.272664	0.636156	1.06523	2.02595	4	1.364865
4000	-535.468	-568.7837	33.31564	2	2.455145	0.121684	0.018576	0.0122335	0.0943939	0.0230169	0.0495618	0.000235035	0.0200924	0.0294089	0.0670918	0.164017	0.211494	0.133012	0.38418	0.0422642	0.206306	0.0471648	0.342162	0.696068	1.0781	1.88367	4	1.624733
5000	-529.7589	-569.0015	39.2426	2	0.9884647	0.0914203	0.00570113	0.00448571	0.0607671	0.0138217	0.00059634	0.0576676	0.0042725	0.0080672	0.0561659	0.140563	0.175593	0.104672	0.193035	0.0168351	0.234352	0.0295147	0.134646	0.473257	0.998062	2.39403	4	1.197531
6000	-537.0316	-568.4006	31.36897	2	1.836452	0.143638	0.00403555	0.00520893	0.0932697	0.0450971	0.0123678	0.0209897	0.0199022	0.0110069	0.0322995	0.265937	0.360681	0.109557	0.293661	0.0320639	0.254679	0.0436861	0.272938	0.636414	1.0653	2.02535	4	1.748081
7000	-519.5847	-567.6396	48.0549	10	2.873639	0.132378	0.00387192	0.00455451	0.0926013	0.0676994	0.0268838	0.0201674	0.0196116	0.00452479	0.0627451	0.214247	0.183148	0.106402	0.33494	0.0235787	0.0446273	0.323427	0.379244	0.724283	1.08182	1.81466	5	1.665408
8000	-515.769	-573.138	57.36903	10	0.7386779	0.116055	0.00298876	0.00634804	0.0604599	0.0117697	0.00276848	0.0272578	0.108158	0.0194702	0.0262013	0.00721418	0.215067	0.00830581	0.284686	0.030689	0.0377497	0.365695	0.0824616	0.381222	0.938399	2.59792	5	1.330885
9000	-511.471	-565.7752	54.30425	10	0.8814652	0.157213	0.00612849	0.00768248	0.0788649	0.0171191	0.0269483	0.0130297	0.0194661	0.0273166	0.0390026	0.206811	0.156419	0.128843	0.203291	0.0398783	0.0167909	0.29634	0.11274	0.437976	0.977202	2.47208	5	1.441144
10000	-537.7906	-570.7481	32.95745	1	0.2794477	0.154327	0.00678662	0.0214756	0.0521947	0.0335447	0.0156748	0.0108028	0.0270147	0.00459305	0.0299243	0.197722	0.12287	0.047919	0.30571	0.0592718	0.00621601	0.329949	0.00377657	0.0886352	0.559618	3.34797	3	1.425996
11000	-535.3005	-570.352	35.05152	2	4.237798	0.252221	0.0106205	0.0061008	0.0572023	0.0116521	0.0262735	0.0357624	0.0245489	0.00591227	0.0322277	0.0579417	0.191957	0.113867	0.245235	0.0166422	0.0672531	0.25783	0.466967	0.783051	1.08429	1.66569	4	1.413247
12000	-540.4257	-575.7572	35.33145	2	2.092409	0.095595	0.0286214	0.00990643	0.113053	0.111978	0.0116504	0.0192781	0.0257892	0.0349341	0.0406362	0.0692546	0.197773	0.0824841	0.24733	0.0239871	0.0550277	0.283998	0.304062	0.664494	1.07214	1.95931	4	1.451296
13000	-525.5594	-567.9374	42.37799	2	1.54371	0.127045	0.0309847	0.00485045	0.0758692	0.0148015	0.0214766	0.0142958	0.034363	0.0300702	0.0324604	0.063917	0.179951	0.069284	0.199188	0.047604	0.0210837	0.230851	0.231996	0.595674	1.05289	2.11944	4	1.198095
14000	-539.0762	-569.0914	30.01519	2	3.021225	0.160759	0.0109763	0.00617529	0.0849834	0.0494891	0.0218822	0.0365545	0.00929331	0.012182	0.0542731	0.135767	0.132663	0.0711862	0.304358	0.0254819	0.039994	0.416229	0.390897	0.732696	1.08262	1.79379	4	1.572248
15000	-528.8866	-565.8564	36.96984	2	3.496172	0.115498	3.81087e-05	0.0203389	0.0968496	0.0351988	0.0122988	0.0477121	0.00693226	0.00490594	0.0360481	0.278699	0.181355	0.0999296	0.100492	0.0258132	0.0290245	0.307805	0.424343	0.755761	1.08407	1.73583	4	1.398938
16000	-531.767	-570.3927	38.62569	2	2.319489	0.206186	0.0217338	0.000529563	0.0572426	0.00525538	0.0139818	0.015987	0.0328853	0.0158555	0.0455424	0.1727	0.161175	0.0893674	0.1067	0.0105919	0.0166173	0.24788	0.328646	0.685189	1.07626	1.90991	4	1.220231
17000	-512.7813	-567.2164	54.43511	10	2.212913	0.165661	0.00617087	0.00261963	0.122243	0.00160155	0.0110034	0.0309834	0.049907	0.0115063	0.0418747	0.27187	0.202886	0.0988137	0.0960405	0.0670123	0.000206939	0.406113	0.317431	0.675899	1.07451	1.93216	5	1.586514
18000	-535.7415	-574.3329	38.59145	2	0.9610135	0.121663	0.00848017	0.0357784	0.0715243	0.0995742	0.0162729	0.0156025	0.0373105	0.00785929	0.0414736	0.334494	0.0800531	0.048876	0.0484051	0.0186353	0.0160253	0.288565	0.129111	0.464711	0.993227	2.41295	4	1.290593
19000	-539.9289	-573.8581	33.92921	2	1.070243	0.178914	0.00622038	0.000577163	0.0509831	0.0202328	0.00636357	0.0293445	0.0686848	0.0467892	0.0658258	0.403937	0.277977	0.0503162	0.234794	0.0339661	0.0211555	0.33115	0.150753	0.496893	1.01073	2.34163	4	1.82723
20000	-540.256	-571.1628	30.90679	2	0.7348245	0.204793	0.00972854	0.0120296	0.126257	0.0385699	0.0202482	0.0209352	0.0173603	0.0489277	0.0712601	0.0150155	0.26688	0.181692	0.488166	0.0257662	0.00787875	0.501804	0.0816369	0.379508	0.93712	2.60173	4	2.057312
21000	-543.2486	-574.9252	31.67658	2	1.984032	0.118148	0.0202384	0.00129636	0.0995044	0.0207754	0.00237618	0.0172164	0.0647936	0.00753942	0.0474123	0.0309215	0.153402	0.112133	0.35982	0.0334087	0.0741014	0.292345	0.291361	0.653305	1.06958	1.98575	4	1.455432
22000	-538.6755	-575.3859	36.71039	2	1.258643	0.139955	0.000338837	0.0216077	0.0401896	0.00362879	0.00871477	0.0608012	0.0228463	0.00885501	0.0738809	0.213855	0.371058	0.102247	0.342486	0.0115979	0.0352814	0.149749	0.18552	0.542742	1.03243	2.23931	4	1.607092
23000	-516.3587	-571.9427	55.58401	10	1.673912	0.118494	0.00173607	0.00266244	0.147583	0.131025	0.0218847	0.0479316	0.0500788	0.0446696	0.0344489	0.163414	0.250209	0.112678	0.234692	0.0408103	0.0255885	0.206683	0.250982	0.615158	1.05919	2.07467	5	1.634589
24000	-522.0217	-570.3167	48.29496	10	2.37316	0.173802	0.0291889	0.00611112	0.0915315	0.013068	0.00518898	0.0298367	0.00921111	0.00621842	0.0672336	0.151011	0.230456	0.111086	0.217939	0.0316397	0.0188068	0.223339	0.334092	0.689613	1.07703	1.89926	5	1.415668
25000	-510.936	-569.5594	58.62336	10	1.922751	0.0835782	0.0230767	0.00367775	0.0766085	0.0683441	0.0155098	0.0254561	0.0116653	0.00204061	0.0374456	0.111895	0.170868	0.126515	0.221068	0.0389528	0.000475916	0.232585	0.283876	0.64654	1.06793	2.00165	5	1.249763
26000	-531.3609	-568.7643	37.40335	2	1.091463	0.161816	0.012261	0.00206927	0.0713381	0.0341478	0.0360028	0.0199912	0.102046	0.00344034	0.0627031	0.0858866	0.195504	0.0364584	0.271926	0.0416953	0.02861	0.443078	0.154834	0.502617	1.01364	2.32891	4	1.608974
27000	-539.4747	-576.4185	36.94383	2	1.094873	0.0745814	0.0385935	0.0320553	0.0666572	0.0608806	0.0119973	0.0266797	0.00769229	0.0189204	0.0330088	0.185429	0.210556	0.162547	0.225058	0.000886718	0.0073944	0.387332	0.155485	0.503522	1.0141	2.32689	4	1.55027
28000	-527.6207	-565.9948	38.37407	2	1.049787	0.114489	0.00493467	0.0161391	0.0862627	0.0239429	0.020452	0.00365046	0.00457449	0.00831214	0.0359233	0.150693	0.163346	0.1228	0.268923	0.0190332	0.0256694	0.249611	0.146779	0.491221	1.00778	2.35422	4	1.318757
29000	-537.3565	-575.859	38.5025	2	0.5908911	0.195717	0.00934264	0.0217889	0.0681757	0.0271446	0.00525504	0.0425408	0.054523	0.000333152	0.0599479	0.182421	0.155828	0.0691723	0.188975	0.00847476	0.000938833	0.189286	0.0512349	0.307171	0.8766	2.76499	4	1.279864
30000	-532.4572	-570.3067	37.84944	2	2.114287	0.207117	0.000521751	0.0221619	0.0910549	0.0215058	0.0109047	0.0349785	0.0218062	0.0158213	0.0540617	0.108787	0.101441	0.0858186	0.141345	0.0283252	0.0252826	0.183856	0.306546	0.666641	1.0726	1.95421	4	1.154789
31000	-527.3511	-569.4775	42.1264	10	1.431925	0.177625	0.00144374	0.0294137	0.0903931	0.142079	0.027803	0.0160276	0.00570332	0.0138197	0.0606363	0.0517657	0.207818	0.107743	0.468879	0.0358367	0.0430122	0.39588	0.214612	0.576819	1.04616	2.16241	5	1.87588
32000	-512.4553	-565.8842	53.42884	10	2.048104	0.177585	0.00866512	0.0121542	0.0891219	0.0070763	0.0120417	0.0345818	0.02356	0.0165601	0.0543229	0.106323	0.156625	0.135304	0.181154	0.0551874	0.0397413	0.37809	0.29895	0.660033	1.07115	1.96987	5	1.488094
33000	-524.9429	-576.2742	51.33129	10	0.6154234	0.0465165	0.0179127	0.0447013	0.0712136	0.00765188	0.0137975	0.025332	0.0216265	0.0154505	0.0269183	0.113841	0.144013	0.146181	0.262685	0.0249495	0.00423975	0.346036	0.0563039	0.320737	0.888988	2.73397	5	1.333066
34000	-519.0443	-564.7983	45.75401	10	4.645439	0.199045	0.00954474	0.0046502	0.114172	5.17208e-05	0.012239	0.0323141	0.0153554	0.00768832	0.0608793	0.218221	0.169401	0.0777782	0.335563	0.00499649	0.0544148	0.30759	0.48665	0.794937	1.08386	1.63455	5	1.623904
35000	-532.029	-569.6781	37.64908	2	1.533474	0.116128	5.99516e-05	0.00295356	0.0703517	0.0199815	0.0252377	0.0202962	0.00354971	0.0351367	0.0396985	0.0859875	0.17148	0.145235	0.198669	0.00845732	0.0767812	0.224073	0.230448	0.594035	1.05233	2.12319	4	1.244076
36000	-534.0576	-571.6191	37.56149	2	1.586368	0.1326	0.0151191	0.009509	0.0420154	0.00139176	0.0256306	0.00220516	0.0734606	0.00816075	0.0245352	0.104817	0.171386	0.045571	0.323829	0.0219948	0.029775	0.175823	0.238361	0.602328	1.05512	2.1042	4	1.207823
37000	-536.8617	-573.7019	36.84021	2	4.256355	0.169334	0.0176448	0.00520018	0.0825263	0.0462885	0.00736696	0.0145913	0.0357453	0.00430798	0.0621319	0.124823	0.198853	0.0554787	0.127704	4.08961e-05	0.0405531	0.100449	0.467914	0.783632	1.08428	1.66417	4	1.093039
38000	-514.3996	-577.464	63.06434	10	0.8382035	0.158535	0.00280832	0.00802582	0.131383	0.0299497	0.0303434	0.00149574	0.18291	0.0169564	0.0725082	0.115622	0.11752	0.00728539	0.18712	0.0202871	0.0248096	0.332298	0.103658	0.422072	0.967003	2.50727	5	1.439858
39000	-504.235	-566.3284	62.09337	10	0.3286376	0.10668	0.00512305	0.00559959	0.0648181	0.00843897	0.00983891	0.0143726	0.0125686	2.34386e-05	0.0247669	0.189499	0.179355	0.0523667	0.164232	0.0154408	0.00750966	0.248603	0.00790347	0.126878	0.640905	3.22431	5	1.109237
40000	-528.6523	-565.2379	36.58559	2	1.171646	0.143971	0.0192063	0.00475177	0.0981407	0.0594201	0.0105616	0.0336174	0.00675589	0.000120144	0.0514942	0.0927061	0.294344	0.0756079	0.28229	0.0391561	0.019257	0.320249	0.169877	0.522894	1.02349	2.28374	4	1.551649
41000	-534.3872	-573.3858	38.99858	2	1.073392	0.0782791	0.00224948	0.0270243	0.114274	0.0542872	0.0115297	0.0110039	0.0119327	0.0019764	0.0229123	0.165178	0.118036	0.118251	0.188998	0.0163369	0.00151633	0.184525	0.151361	0.497752	1.01117	2.33972	4	1.128311
42000	-533.0293	-569.6258	36.59645	2	1.244424	0.128441	0.00368884	0.020631	0.0817851	0.000239378	0.00796427	0.0121683	0.0488417	0.0343344	0.0405208	0.104943	0.172846	0.103824	0.182664	0.0269283	0.0068385	0.282473	0.183011	0.539638	1.03108	2.24627	4	1.259132
43000	-535.3421	-572.3448	37.00265	2	0.6080574	0.133696	0.00746031	0.00893693	0.0505164	0.00865793	0.0278013	0.0258067	0.117476	0.00881842	0.0368143	0.316179	0.192193	0.000497557	0.21911	0.0023129	0.0299619	0.273856	0.0547741	0.316721	0.885375	2.74313	4	1.460096
44000	-528.6742	-568.6609	39.98662	2	0.9367409	0.169851	0.0176008	0.00147015	0.0965879	0.0396713	0.00836347	0.0395839	0.0401658	0.0199651	0.0213343	0.139574	0.149313	0.108016	0.154351	0.00375244	0.0562114	0.228219	0.124165	0.456876	0.988673	2.43029	4	1.294031
45000	-528.9922	-570.0712	41.07902	2	0.360878	0.12959	0.00486585	0.00645182	0.0415829	0.00698025	0.0111249	0.0169398	0.0426675	0.00868384	0.0324526	0.380307	0.144385	0.0288324	0.200998	0.0208221	0.0175648	0.174144	0.0114985	0.151989	0.685222	3.15129	4	1.268393
46000	-516.5655	-571.2782	54.71268	10	0.9482332	0.0794032	0.00582171	0.0287704	0.0673819	0.030055	0.0264098	0.00983308	0.0430489	0.0275121	0.0395971	0.126845	0.129685	0.0725748	0.303744	0.0219401	0.0261967	0.230024	0.126513	0.460619	0.990863	2.422	5	1.268842
47000	-519.6626	-569.7266	50.06393	10	3.449102	0.190754	0.0172997	0.0157187	0.0924022	0.0476104	0.0133743	0.0254896	0.0615418	0.0307909	0.0400083	0.168175	0.113336	0.119994	0.294556	0.0450678	0.00846054	0.167632	0.421275	0.753708	1.08399	1.74103	5	1.452211
48000	-543.673	-577.1611	33.48814	2	1.620779	0.129898	0.00291121	0.027871	0.0453001	0.0168907	0.00859205	0.0260063	0.00973815	0.022749	0.0485284	0.200808	0.199014	0.0971145	0.165706	0.00372073	0.0113801	0.268563	0.243392	0.607499	1.05679	2.09232	4	1.284792
49000	-535.2962	-572.1201	36.82385	2	1.119222	0.155851	0.00835659	0.0141651	0.102744	0.0946189	0.0175596	0.0332677	0.0349643	0.014199	0.0360105	0.232261	0.149726	0.0719193	0.23149	0.00148582	0.0143143	0.19195	0.160109	0.509871	1.01725	2.31277	4	1.404884
50000	-532.0799	-569.4956	37.41573	2	0.7952721	0.134114	0.00259401	0.0237345	0.0690589	0.0397547	0.00136734	0.0355451	0.0431607	0.0154888	0.0224654	0.0295321	0.233844	0.0682388	0.364345	0.00951421	0.0243634	0.304741	0.0945523	0.405224	0.955636	2.54459	4	1.421862
51000	-525.4328	-566.6523	41.21952	2	0.4675538	0.160921	0.0126725	0.00363523	0.0902027	0.024479	0.0211077	0.00870641	0.0298774	0.00511349	0.0742571	0.137784	0.125465	0.078949	0.235053	0.0264085	0.0144883	0.190155	0.0275434	0.230207	0.795144	2.94711	4	1.239276
52000	-518.9763	-569.2939	50.31763	10	1.351927	0.14728	0.00177506	0.043948	0.112327	0.046645	0.00749171	0.0833841	0.0390106	0.0182187	0.043844	0.123403	0.120396	0.126138	0.347525	0.0075358	0.0417306	0.302826	0.201516	0.561899	1.0404	2.19619	5	1.613478
53000	-533.6742	-572.0512	38.37698	2	0.5481751	0.0842403	0.0115342	0.00739546	0.0575522	0.0589701	0.0150726	0.0144557	0.0180808	0.0078968	0.0703605	0.129542	0.104834	0.0543804	0.289168	0.00387437	0.0155424	0.217606	0.0426276	0.282207	0.852387	2.82278	4	1.160507
54000	-530.0915	-567.7735	37.68199	2	1.292504	0.126738	0.00750391	0.0268101	0.0468421	0.00557131	0.017631	0.0230408	0.014714	0.01495	0.0600513	0.0675165	0.14092	0.106877	0.321406	0.031513	0.0204485	0.212229	0.191418	0.549933	1.0355	2.22315	4	1.244762
55000	-536.011	-575.3276	39.31659	2	0.4888342	0.194202	0.015796	0.0035021	0.0791509	0.124643	0.0121889	0.0306612	0.00100237	0.0038276	0.0271708	0.301548	0.126747	0.121086	0.203465	0.0163451	0.0365543	0.129278	0.0313373	0.244564	0.811971	2.91213	4	1.427169
56000	-526.2989	-578.0967	51.79782	10	1.303122	0.160127	0.0612621	0.00963473	0.114995	0.011984	0.0367601	0.0573415	0.0330758	0.0104674	0.0566162	0.343747	0.134703	0.109117	0.00981337	0.0338119	0.0222574	0.366177	0.193246	0.55213	1.03641	2.21821	5	1.571889
57000	-535.9756	-574.2629	38.28731	2	1.174317	0.0926984	0.0232278	0.0203065	0.046096	0.00510406	0.00295805	0.0269458	0.0292403	0.00985786	0.0243131	0.498364	0.123376	0.0514521	0.0297734	0.0102422	0.0114366	0.265739	0.170368	0.523535	1.02379	2.2823	4	1.271131
58000	-531.0529	-569.2639	38.21104	2	0.919169	0.165511	0.00494108	0.00350563	0.0506062	0.0304541	0.0173124	0.0261506	0.0152886	0.0177101	0.0445568	0.243851	0.226573	0.121831	0.200432	0.0616094	0.0205727	0.213804	0.120557	0.451031	0.985199	2.44321	4	1.464709
59000	-547.4572	-578.5861	31.1289	2	2.123336	0.131551	0.0118216	0.0268446	0.0440187	0.0316102	0.0189156	0.0325369	0.0924648	0.00373136	0.0299197	0.427967	0.189494	0.0890154	0.1652	0.0934175	0.102749	0.31557	0.307566	0.667519	1.07279	1.95212	4	1.806826
60000	-525.3893	-563.5816	38.19229	2	1.628472	0.124662	0.00473756	0.00570895	0.081877	0.00588679	0.0171947	0.0402117	0.00390693	0.0226636	0.0388855	0.35225	0.128781	0.11026	0.10725	0.0347492	0.0347942	0.332592	0.244504	0.608632	1.05715	2.08971	4	1.446412
61000	-528.8007	-565.9464	37.14571	1	0.2514396	0.149923	0.0248562	0.00530606	0.069269	0.0251549	0.00620802	0.00840923	0.00781846	0.00576356	0.0344414	0.0702687	0.0835262	0.0602381	0.240035	0.0205766	0.0101651	0.188011	0.00217953	0.0677316	0.504512	3.42558	3	1.00997
62000	-536.4387	-573.6103	37.17167	2	1.275022	0.0798626	0.0152881	0.00112135	0.0622524	0.00154824	0.00654632	0.0320341	0.00317416	0.00822173	0.0209289	0.21086	0.146185	0.0982807	0.168375	0.0945173	0.00339915	0.173914	0.188386	0.546255	1.03394	2.23142	4	1.126509
63000	-545.3238	-575.661	30.33719	1	2.342931	0.160224	0.00544253	0.0153088	0.0958183	0.0459932	0.0259334	0.026956	0.0777935	0.0768181	0.0490084	0.155295	0.141497	0.067217	0.173966	0.0516709	0.0163946	0.296336	0.331041	0.687141	1.0766	1.90521	3	1.481673
64000	-530.2909	-571.5636	41.27269	2	0.9350672	0.218191	0.01512	0.00318117	0.0975613	0.0457851	0.0102949	0.0185844	0.00627906	0.00356981	0.0871915	0.239903	0.112181	0.0747616	0.120419	0.0215443	0.0239261	0.107547	0.123823	0.456325	0.988349	2.4315	4	1.20604
65000	-520.6061	-573.4098	52.80366	10	1.174423	0.0885327	0.00606759	0.00291524	0.0633837	0.0586869	0.0310476	0.000616992	0.0189065	0.0133537	0.0850099	0.246902	0.0905015	0.102114	0.15259	0.0103869	0.0790143	0.195316	0.170387	0.52356	1.02381	2.28225	5	1.245346
66000	-509.4468	-566.5836	57.13685	10	0.7616512	0.142805	0.0144637	0.0139852	0.0860461	0.00309608	0.00177116	0.0396159	0.00274089	0.00960097	0.0348847	0.219588	0.121923	0.0950976	0.107862	0.010499	0.0132371	0.157622	0.0873766	0.391224	0.945735	2.57566	5	1.074838
67000	-519.1797	-569.5553	50.37557	10	1.619864	0.301848	0.00695142	0.0157994	0.0803837	0.0697249	0.00221301	0.0732934	0.0119844	0.0310142	0.020236	0.238902	0.193935	0.123577	0.230654	0.0118705	0.0706876	0.247156	0.243259	0.607364	1.05675	2.09263	5	1.730229
68000	-520.8617	-572.7493	51.88761	10	0.6064072	0.208035	0.00237191	0.0173549	0.0754386	0.00871213	0.00945576	0.017354	0.0602664	0.0377022	0.0891708	0.238025	0.170055	0.0825231	0.186668	0.0283367	0.025511	0.482817	0.0544322	0.315815	0.884553	2.7452	5	1.739799
69000	-540.6059	-567.8008	27.1949	1	3.047576	0.19441	0.0127705	0.00463447	0.136328	0.0214917	0.00335414	0.0146283	0.0497659	0.0164911	0.0172472	0.377233	0.198922	0.151161	0.175416	0.0323905	0.0473822	0.271811	0.392909	0.734129	1.08274	1.79022	3	1.725438
70000	-520.4299	-565.7478	45.31792	10	3.738273	0.209886	0.00312561	0.00213901	0.144335	0.00831076	0.0193928	0.0364564	0.0258215	0.0455173	0.0460786	0.575743	0.179646	0.133032	0.092604	0.0382213	0.0304836	0.302364	0.43938	0.765643	1.08434	1.71064	5	1.893156
71000	-532.1565	-571.1169	38.96038	2	0.6531899	0.222318	0.00514009	0.00800449	0.0649824	0.0613703	0.00719656	0.030142	0.00864367	0.0137603	0.0697551	0.131965	0.194761	0.0745371	0.148131	0.018212	0.00974808	0.345823	0.0642319	0.340581	0.906205	2.68898	4	1.41449
72000	-512.8029	-568.1188	55.31582	10	2.031722	0.102957	0.00455596	0.00681746	0.0654049	0.00354954	0.0106228	0.0477834	0.0082093	0.0116446	0.025654	0.348589	0.187483	0.119076	0.139574	0.0942811	0.0340851	0.334312	0.297032	0.658345	1.07076	1.97386	5	1.5446
73000	-516.3334	-570.4377	54.10425	10	1.994388	0.128962	0.00010439	0.0238757	0.144066	0.0321038	0.0345003	0.00445367	0.00236137	0.0285823	0.050021	0.316438	0.157515	0.141957	0.108175	0.0162983	0.00263782	0.322028	0.292604	0.654416	1.06985	1.98313	5	1.51408
74000	-530.981	-569.8413	38.86037	2	0.7221492	0.15183	0.0206931	0.00613007	0.0754196	0.00217858	0.0113987	0.0290681	0.0901836	0.00794359	0.0312197	0.222823	0.151468	0.0962507	0.0861508	0.073469	0.00105424	0.287155	0.0789242	0.373796	0.932808	2.61447	4	1.344435
75000	-536.2782	-570.3215	34.04335	2	0.9107686	0.223475	0.0128633	0.0108448	0.0772326	0.00738939	0.00292834	0.010883	0.00237936	0.0186797	0.0396349	0.283292	0.303123	0.0619379	0.130431	0.00265802	0.0267123	0.22852	0.118824	0.448184	0.983484	2.44951	4	1.442984
76000	-542.9389	-575.7199	32.78098	2	1.559226	0.116146	0.00565698	0.0168033	0.103921	0.0192313	0.0338019	0.0186791	0.0811582	0.0264728	0.022187	0.321078	0.248672	0.0866275	0.137715	0.105957	0.0170672	0.256673	0.234328	0.598127	1.05372	2.11383	4	1.617848
77000	-518.5115	-581.1805	62.66901	10	0.6797359	0.0759315	0.0101874	0.0191806	0.0577497	0.0453197	0.0318413	0.042338	0.0597177	0.0203267	0.0357412	0.0829279	0.177992	0.0599251	0.112173	0.0129645	0.0123538	0.159546	0.0698662	0.35381	0.917121	2.6592	5	1.016217
78000	-507.3667	-566.2759	58.90915	10	1.558224	0.14489	0.00245404	0.00275129	0.0571532	0.0162355	0.000571862	0.021767	0.0439581	0.00518958	0.0410804	0.0877804	0.136534	0.0604622	0.317763	0.0604932	0.00293272	0.215053	0.234178	0.597969	1.05367	2.11419	5	1.21707
79000	-554.4804	-584.3179	29.83752	2	2.062356	0.18766	0.00644243	0.070129	0.164869	0.0548701	0.097281	0.000723144	0.0124346	0.0364518	0.0802061	0.168269	0.354278	0.179812	0.216526	0.0109615	0.00898297	0.423815	0.300606	0.661485	1.07147	1.96643	4	2.073713
80000	-538.4112	-576.1763	37.76509	2	1.585998	0.0941677	0.00239518	0.00475569	0.0564477	0.0037612	0.0194677	0.0178215	0.0632765	0.0157687	0.072559	0.0829548	0.0953482	0.0875414	0.362699	0.0389353	0.0334986	0.196497	0.238307	0.602272	1.0551	2.10432	4	1.247895
81000	-539.9939	-575.6137	35.61976	2	1.218395	0.220209	0.000686363	0.0411868	0.0789992	0.0580304	0.01362	0.0277845	0.0703199	0.00118394	0.0473217	0.0761388	0.268705	0.0717841	0.161136	0.00372844	0.00786175	0.267986	0.178371	0.533817	1.0285	2.25932	4	1.416682
82000	-533.893	-569.5336	35.64055	2	1.207486	0.124334	0.0382036	0.0125053	0.108301	0.0394106	0.0236982	0.017178	0.00567375	0.0152911	0.0298126	0.226911	0.17057	0.162746	0.285179	0.0352595	0.0287974	0.212523	0.176407	0.531323	1.02737	2.2649	4	1.536394
83000	-542.2826	-572.6118	30.32917	2	3.344775	0.202789	0.00333818	0.0714735	0.0912523	0.0114725	0.00143821	0.0768989	0.176861	0.0272863	0.0606936	0.151302	0.315119	0.0537225	0.35558	0.0283112	0.0380244	0.292282	0.414293	0.748992	1.08376	1.75296	4	1.957845
84000	-512.5845	-568.533	55.94854	10	0.6592745	0.169309	0.00960078	0.0303943	0.0812262	0.062545	0.00347609	0.0307679	0.0398824	0.0189099	0.0272428	0.163731	0.11878	0.107371	0.199832	0.0264227	0.00138659	0.291187	0.0655198	0.343664	0.908789	2.68203	5	1.382064
85000	-519.4965	-575.6969	56.20046	10	1.539764	0.133441	0.0103489	0.0157176	0.0651853	0.0101504	0.0113364	0.0369469	0.0165634	0.0159427	0.0229849	0.0540636	0.0797339	0.0513506	0.34411	0.0331902	0.0549367	0.324543	0.2314	0.595044	1.05267	2.12088	5	1.280545
86000	-526.2465	-571.9265	45.68	10	3.083352	0.175566	0.0202172	0.0292348	0.0712466	0.0499638	0.0102795	0.0168907	0.0164934	0.0319813	0.0271391	0.0694039	0.158928	0.175034	0.415615	0.0150075	0.086494	0.478742	0.395609	0.736041	1.0829	1.78545	5	1.848236
87000	-511.2716	-570.7112	59.43953	10	2.77631	0.109068	0.000550799	0.00147673	0.0972014	0.0376636	0.0106047	0.0567793	0.0156534	0.0277936	0.0345019	0.171315	0.184746	0.153452	0.250286	0.0344423	0.0281067	0.235804	0.371181	0.718339	1.08116	1.82932	5	1.449445
88000	-517.5747	-565.5406	47.96592	10	1.063791	0.237685	0.00486567	0.0178249	0.165178	0.0215324	0.0242147	0.0179162	0.027196	0.00593577	0.0630825	0.203581	0.178071	0.102379	0.290173	0.0260391	0.00502268	0.457089	0.149503	0.49512	1.00981	2.34556	5	1.847786
89000	-527.7542	-577.7718	50.01756	10	1.242438	0.118193	0.0749114	0.000179891	0.133288	0.0153846	0.0271219	0.0234706	0.00299206	0.0858205	0.0497334	0.0754861	0.161507	0.152916	0.349436	0.00415139	0.055764	0.517444	0.182659	0.5392	1.03089	2.24726	5	1.847801
90000	-519.3904	-568.3953	49.00491	10	2.396009	0.155071	0.00670945	0.00666281	0.0968878	0.000913744	0.0577006	0.0288505	0.0269484	0.00712689	0.0604894	0.206702	0.322377	0.191203	0.387514	0.0101352	0.0233787	0.365731	0.33637	0.691448	1.07734	1.89484	5	1.954402
91000	-518.4967	-565.3289	46.83216	10	1.673343	0.177467	0.00190062	0.0117065	0.115781	0.0161379	0.0199293	0.0277024	0.0750717	0.0264797	0.0265119	0.127596	0.281281	0.0871241	0.198438	0.01769	0.0240044	0.40842	0.250902	0.615078	1.05916	2.07486	5	1.643242
92000	-539.9527	-571.8767	31.92404	2	1.754644	0.261999	0.0103849	0.00359756	0.0732556	0.126567	0.0327485	0.0257457	0.00227396	0.024129	0.0451799	0.13381	0.242218	0.149046	0.383376	0.0587606	0.0122682	0.26874	0.262118	0.6261	1.06244	2.04935	4	1.8541
93000	-520.6493	-570.3585	49.70919	10	1.147085	0.219956	0.0138801	0.01676	0.0769019	0.00547529	0.0124432	0.021186	0.0284315	0.00210305	0.0398006	0.12104	0.174688	0.167845	0.1983	0.00740863	0.00184251	0.338313	0.165333	0.516899	1.02066	2.29711	5	1.446375
94000	-543.0237	-574.2216	31.19799	2	0.7897351	0.128601	0.0114914	0.0336939	0.113843	0.00580979	0.017234	0.0166303	0.00801657	0.0255684	0.0512513	0.0708774	0.347533	0.0479798	0.551793	0.0424469	0.00207073	0.392914	0.0933726	0.402968	0.95407	2.54959	4	1.867755
95000	-516.6776	-569.8487	53.1711	10	1.239487	0.114592	0.00146063	0.00326228	0.120121	0.0292958	0.00523631	0.00741944	0.0060068	0.026307	0.0589435	0.0349822	0.284066	0.133105	0.408219	0.00751446	0.0714852	0.427493	0.182136	0.538547	1.0306	2.24872	5	1.739509
96000	-537.9823	-570.3831	32.4008	2	3.015238	0.146907	0.0190396	0.00630256	0.0677545	0.0030226	0.00118929	0.0125888	0.00674441	0.0341875	0.044566	0.0557407	0.202938	0.164362	0.315048	0.0341366	0.0360336	0.19617	0.390437	0.732368	1.08259	1.7946	4	1.346731
97000	-531.8198	-567.8516	36.03182	2	1.550754	0.185773	0.00749973	0.00964394	0.0716764	0.0429876	0.0231301	0.0171134	0.0499309	0.0152131	0.0462495	0.0597378	0.112976	0.0756663	0.259673	0.00984117	0.0387469	0.27423	0.233057	0.596792	1.05327	2.11688	4	1.300089
98000	-534.5511	-570.1309	35.57983	2	0.814379	0.194445	0.00875658	0.0012076	0.110028	0.0676293	0.00433747	0.0251335	0.0396418	0.00446187	0.0796183	0.141791	0.140586	0.0967286	0.153245	0.044702	0.0161456	0.333854	0.0986146	0.412859	0.960861	2.52767	4	1.462311
99000	-538.8314	-569.9773	31.14594	2	1.676321	0.305506	0.00507663	0.00735695	0.11832	0.0317034	0.0212162	0.0248868	0.0210811	0.032221	0.0369774	0.439512	0.486936	0.128463	0.0585825	0.0736147	0.0137895	0.307151	0.251321	0.615496	1.05929	2.07389	4	2.112395
100000	-515.4887	-567.0458	51.55709	10	0.4440936	0.174243	0.00443607	0.0161294	0.0690986	0.00952134	0.0218228	0.0322436	0.0325101	0.0279568	0.0367386	0.240063	0.215897	0.0725233	0.138748	0.014149	0.0145761	0.480919	0.0235553	0.213862	0.774905	2.98768	5	1.601576
101000	-519.0916	-570.6863	51.59475	10	1.237341	0.260261	0.00596334	0.0435179	0.108009	0.0112596	0.0329021	0.000257514	0.0052385	0.0107467	0.0914	0.451224	0.287472	0.130407	0.1756	0.0472044	0.0020497	0.44819	0.181755	0.538072	1.03039	2.24978	5	2.111702
102000	-525.9064	-564.7116	38.80525	2	0.268533	0.0998138	0.000878239	0.00158329	0.0505734	0.0567821	0.012943	0.00364989	0.0073405	0.0175451	0.0238635	0.181049	0.095454	0.0675245	0.0144865	0.00983926	0.0334644	0.20255	0.00309026	0.0803634	0.538975	3.37757	4	0.8793399
103000	-520.448	-569.0265	48.57852	10	1.372309	0.19464	0.00815641	0.00689357	0.125999	0.0114932	0.0290334	0.0140049	0.0378999	0.0339715	0.0684255	0.261758	0.198583	0.148197	0.139426	0.0388926	0.0119355	0.369721	0.204906	0.565824	1.04195	2.18732	5	1.69903
104000	-521.1033	-575.9288	54.82544	10	0.5930181	0.169316	0.0002793	0.0301584	0.1207	0.0636691	0.0403655	0.00294437	0.0186602	0.00203072	0.0570437	0.210395	0.250717	0.103984	0.141653	0.0496351	0.0431649	0.326221	0.0516713	0.308369	0.877715	2.76225	5	1.630937
105000	-517.4992	-567.4806	49.98146	10	1.928751	0.215112	0.013274	0.00844581	0.135955	0.0996004	0.0108554	0.0280944	0.0719213	0.00679773	0.0674609	0.351013	0.149088	0.176894	0.530029	0.0176091	0.0407504	0.128189	0.284619	0.647217	1.0681	2.00006	5	2.05109
106000	-511.1013	-567.8608	56.7595	10	1.062912	0.23017	0.00569526	0.0105224	0.0870492	0.0455757	0.00446451	0.0387253	0.0632654	0.0113715	0.0503848	0.134803	0.136528	0.123065	0.300573	0.0593653	0.00046122	0.190925	0.149333	0.494878	1.00969	2.3461	5	1.492945
107000	-520.5519	-569.7216	49.16974	10	3.012482	0.122946	0.0171002	0.00445349	0.10239	0.0143647	0.00272882	0.0283443	0.0429692	0.0319779	0.0879982	0.340664	0.256257	0.0886446	0.189376	0.0284967	0.0169323	0.203638	0.390225	0.732217	1.08258	1.79498	5	1.579281
108000	-536.2254	-569.225	32.99954	2	1.296422	0.171593	0.0164638	0.012688	0.097869	0.0279329	0.00608663	0.033879	0.0693676	0.000861132	0.0505472	0.332154	0.169811	0.0848903	0.386368	0.0133719	0.0360973	0.166313	0.192094	0.550747	1.03584	2.22132	4	1.676293
109000	-539.0802	-574.2885	35.20825	2	1.491453	0.146458	0.0268047	0.0118302	0.13032	0.00928796	0.00585887	0.0270762	0.00950921	0.0174559	0.0396066	0.185144	0.183386	0.109475	0.20442	0.0278103	0.0175772	0.27847	0.223999	0.587128	1.04992	2.13896	4	1.430488
110000	-538.6295	-569.5152	30.8857	2	1.911863	0.284857	0.0187373	0.0232734	0.101417	0.0373793	0.00321929	0.0572701	0.104281	0.00253224	0.0386771	0.254143	0.180653	0.0395432	0.412841	0.0805355	0.021446	0.272128	0.282522	0.645302	1.06762	2.00456	4	1.932934
111000	-538.4173	-572.57	34.15268	1	0.7078182	0.160552	0.00514428	0.024254	0.0737277	0.0480561	0.00518792	0.0466878	0.0116401	0.0174782	0.0315823	0.247213	0.148333	0.068748	0.163808	0.00838215	0.0166389	0.186201	0.075859	0.367196	0.927731	2.62921	3	1.263635
112000	-535.5207	-571.4931	35.97241	2	1.963577	0.124531	0.0116303	0.00183164	0.0842626	0.0537454	0.0405647	0.0177105	0.0817911	0.00535555	0.112171	0.292562	0.136387	0.089589	0.247956	0.0103207	0.0151287	0.220328	0.288888	0.651084	1.06905	1.99098	4	1.545864
113000	-537.259	-575.2382	37.97919	2	0.7444066	0.103901	0.0214595	0.00951547	0.0808578	0.0841474	0.0737408	0.0163833	0.0140908	0.0177457	0.0270333	0.285931	0.212559	0.130652	0.179709	0.0316465	0.0155536	0.154644	0.0836877	0.38375	0.940275	2.59229	4	1.459571
114000	-530.876	-566.0357	35.15978	2	1.279521	0.271234	1.49903e-06	0.0101957	0.159119	0.0835573	0.00244783	0.0282545	0.0131498	0.00625265	0.0354396	0.412155	0.168781	0.102407	0.0616756	0.0479847	0.0148542	0.262757	0.189169	0.547209	1.03434	2.22928	4	1.680267
115000	-526.8723	-564.9044	38.03205	2	1.552763	0.198883	0.00263328	0.0172754	0.0921649	0.00491491	0.000820739	0.0425184	0.0117384	0.00842771	0.0502737	0.253168	0.157963	0.146267	0.0389363	0.00062303	0.0210879	0.307335	0.233359	0.59711	1.05338	2.11616	4	1.355032
116000	-534.1547	-571.5735	37.41877	2	0.8690421	0.129883	0.00326841	0.021343	0.0429698	0.0716362	0.0178484	0.00253015	0.0468993	0.012227	0.0224117	0.205394	0.10328	0.0553557	0.266768	0.0369238	0.0204332	0.310609	0.110143	0.433514	0.974392	2.48195	4	1.369781
117000	-537.5924	-572.3833	34.79094	1	0.8551916	0.192659	0.00503275	0.0177425	0.038532	0.000432767	0.0137823	0.0121031	0.0127357	0.0240118	0.0216404	0.201413	0.209669	0.0658713	0.173287	0.0253404	0.0354214	0.135398	0.107237	0.428441	0.971148	2.49317	3	1.185072
118000	-524.0657	-576.0375	51.97178	10	1.000735	0.134028	0.0162695	0.00457027	0.119316	0.0442486	0.0607824	0.0305427	0.0581491	0.00696171	0.058245	0.220111	0.177226	0.128456	0.136356	0.0360856	0.0320789	0.194428	0.1371	0.476973	1.00012	2.38581	5	1.457854
119000	-509.3421	-567.0893	57.74721	10	0.9245148	0.0700918	0.00925051	0.0025785	0.0395605	0.0136575	0.0039543	0.0297681	0.0247812	0.00594643	0.054964	0.261153	0.198532	0.090546	0.0323128	0.0155017	0.0493533	0.291908	0.121657	0.452825	0.986272	2.43925	5	1.193861
120000	-539.1776	-571.1202	31.94255	2	3.138948	0.170292	0.00447607	0.0194728	0.134487	0.0394187	0.0621681	0.0102982	0.031779	0.0155142	0.0818528	0.43389	0.271859	0.15435	0.192473	0.00232257	0.0637514	0.212	0.399733	0.738942	1.08312	1.7782	4	1.900405
121000	-514.4857	-569.2149	54.72915	10	0.6443072	0.0829152	0.0110934	0.00468264	0.124712	0.0464249	0.00599823	0.0256549	0.00927591	0.00150726	0.0441524	0.195911	0.174515	0.123641	0.158062	0.0318175	0.0010362	0.125047	0.0623563	0.336024	0.902343	2.69928	5	1.166446
122000	-512.9941	-578.177	65.18287	10	0.3250573	0.0724927	0.00297017	0.00991102	0.0841086	0.00270755	0.00561008	0.0189658	0.0423494	0.0688384	0.0297919	0.152518	0.158494	0.0233328	0.0817876	0.00909174	0.0064195	0.0993242	0.00754654	0.124076	0.63558	3.2328	5	0.8687136
123000	-530.8471	-571.5888	40.74164	2	0.7145184	0.135271	0.0105404	0.00577156	0.0391878	0.0542386	0.00870645	0.0310235	0.0655088	0.0185897	0.0563812	0.45464	0.120487	0.0109253	0.121499	0.0392257	0.0300039	0.194907	0.0772917	0.370301	0.930132	2.62228	4	1.396907
124000	-528.1656	-568.6344	40.4688	2	1.234174	0.191308	0.000621013	0.00182865	0.101116	0.0102355	0.0137615	0.00721799	0.0108336	0.0119519	0.023614	0.264562	0.152349	0.0920093	0.174247	0.045395	0.00251436	0.0140677	0.181191	0.537367	1.03008	2.25136	4	1.117632
125000	-537.2244	-573.4863	36.26189	2	2.664409	0.102279	0.0127347	0.00289082	0.0792834	9.62512e-05	0.0353052	0.010489	0.0181243	0.031814	0.0114434	0.240039	0.159238	0.12484	0.233107	0.0068475	0.0243477	0.128853	0.36151	0.711074	1.08027	1.84715	4	1.221732
126000	-532.7971	-573.6883	40.89122	2	1.018945	0.187825	0.0258123	0.0164185	0.105477	0.00349652	0.00434526	0.0138339	0.00673976	0.00682566	0.0701916	0.176793	0.126152	0.0982772	0.0775139	0.00900875	0.00484615	0.22193	0.140718	0.482373	1.00307	2.37384	4	1.155485
127000	-534.9051	-569.7383	34.83317	2	1.946557	0.174112	0.0122905	0.0187641	0.116675	0.0695413	0.000319697	0.0462302	0.023555	0.00290991	0.0607411	0.291899	0.267835	0.0982339	0.0900101	0.00830205	0.0651363	0.323142	0.286811	0.649208	1.06859	1.99539	4	1.669696
128000	-531.1448	-569.9595	38.81463	2	0.2660137	0.0539551	0.00205008	0.0045789	0.0498215	0.0207649	0.000690759	0.00885779	0.0558057	0.0111792	0.0427132	0.337614	0.140888	0.0102428	0.0117696	0.0145029	0.0163024	0.272966	0.00294356	0.0784744	0.534062	3.38452	4	1.054703
129000	-539.3089	-571.2229	31.91405	2	1.275649	0.295745	0.00404999	0.00876222	0.114065	0.0647383	0.026547	0.0442093	0.0995495	0.0105859	0.0377041	0.241363	0.269817	0.0472161	0.32439	0.0226239	0.0407308	0.230082	0.188495	0.546389	1.034	2.23112	4	1.882179
130000	-547.0523	-574.8618	27.80943	1	1.685372	0.110361	0.0121122	0.015304	0.103172	0.0242752	0.025041	0.0220483	0.0535517	0.0228447	0.00793132	0.322844	0.298309	0.0732339	0.236001	0.017405	0.00188132	0.453891	0.252591	0.616761	1.05968	2.07097	3	1.800205
131000	-525.445	-567.1528	41.70785	2	0.2704314	0.0906919	0.0041105	0.0292444	0.0529895	0.0195862	0.00287534	0.0181245	0.0163269	0.00735068	0.0294154	0.204847	0.0878442	0.05037	0.104037	0.0163352	0.00161556	0.207881	0.00320369	0.0817923	0.542639	3.37236	4	0.9436461
132000	-527.6659	-569.4848	41.81889	2	0.5748987	0.0834743	0.0176646	0.0119278	0.0453599	0.0274318	0.0129168	0.00949588	0.0402622	0.00609291	0.0304301	0.140887	0.115394	0.0536304	0.146606	0.0205664	0.0198209	0.27504	0.0479757	0.298028	0.867952	2.78604	4	1.057
133000	-530.3352	-566.3344	35.99924	2	2.185607	0.203065	0.00499558	0.00592881	0.0979023	0.00212354	0.0269817	0.0143895	0.0299559	0.0191454	0.0131007	0.23902	0.184736	0.0627412	0.182548	0.0582648	0.0179718	0.270889	0.314468	0.673403	1.07401	1.93812	4	1.43376
134000	-532.5035	-578.4816	45.97814	2	0.1481771	0.11055	0.0105377	0.00407174	0.0726585	0.0242783	0.00683964	0.0162194	0.0381468	0.00399859	0.0282935	0.10609	0.0523228	0.0777376	0.143586	0.0152999	0.0391577	0.215757	4.7387e-05	0.0101719	0.236321	3.75346	4	0.9655449
135000	-513.7886	-567.6213	53.8327	10	1.408675	0.147356	0.0108295	0.00319739	0.147449	0.0499198	0.0130196	0.0293519	0.0487322	0.0103079	0.0549672	0.164167	0.146574	0.0520738	0.195532	0.00619135	0.0348852	0.476634	0.210864	0.572614	1.04458	2.17195	5	1.591187
136000	-532.9096	-570.4339	37.52431	2	0.3528188	0.107471	0.00197975	0.0248531	0.06098	0.0144532	0.00523744	0.0180818	0.00435131	0.00762076	0.0357424	0.228795	0.230864	0.0771804	0.0970607	0.0264368	0.00103083	0.221885	0.0105371	0.145746	0.674728	3.16899	4	1.164022
137000	-532.127	-571.6994	39.57239	2	1.020086	0.0766883	0.0244136	0.00788633	0.0547873	0.00532982	0.027828	0.0137237	0.0414696	0.00789439	0.0344345	0.256917	0.138011	0.123054	0.0563731	0.0245701	0.0140839	0.219054	0.140944	0.482707	1.00325	2.3731	4	1.126517
138000	-514.7135	-572.5409	57.82741	10	0.9475934	0.112237	0.0133124	0.0329157	0.0892876	0.00997268	0.0100979	0.0392614	0.0128556	0.030019	0.046148	0.296542	0.197953	0.102806	0.227715	0.0249048	0.0135822	0.147697	0.126382	0.460412	0.990743	2.42246	5	1.407307
139000	-535.9924	-564.4046	28.41222	2	0.5274288	0.130768	0.00137536	0.000721428	0.0721677	0.024089	0.0192487	0.0216891	0.132963	0.00785308	0.0518274	0.481382	0.25579	0.00714332	0.160688	0.0328371	0.0142247	0.435607	0.0385773	0.269445	0.839244	2.85273	4	1.850375
140000	-553.6727	-578.3012	24.6285	2	2.910033	0.179984	0.00887834	0.0111107	0.162611	0.0260305	0.0611567	0.0440889	0.0546494	0.067029	0.0128673	0.280296	0.299557	0.124351	0.353153	0.0194118	0.0617318	0.364032	0.38218	0.726422	1.08203	1.80936	4	2.130938
141000	-539.3646	-572.0562	32.69157	2	1.26463	0.185064	0.0137033	0.0127993	0.113853	0.00408995	0.0133109	0.0245389	0.00678174	0.0114381	0.085284	0.362348	0.113915	0.137906	0.226959	0.0967582	0.0151313	0.369661	0.18657	0.544034	1.03299	2.23641	4	1.79354
142000	-519.8344	-571.9757	52.14123	10	2.356314	0.144466	0.0151299	0.00861979	0.0965134	0.00336507	0.00261487	0.0611944	0.0198765	0.00821038	0.0462642	0.227695	0.255213	0.136577	0.241163	0.0181112	0.0404095	0.237917	0.332396	0.688242	1.0768	1.90257	5	1.56334
143000	-537.0708	-571.5893	34.51855	2	1.652507	0.126648	0.0012575	0.00495417	0.10098	0.0503414	0.021468	0.0382609	0.0220268	0.0192543	0.0474256	0.394359	0.227619	0.243493	0.212431	0.0807772	0.048069	0.229958	0.24795	0.612118	1.05825	2.08168	4	1.869322
144000	-545.7171	-579.4426	33.72553	2	1.270774	0.248987	0.0275514	0.0113783	0.0134719	0.0375176	0.00515016	0.053119	0.0613281	0.0228387	0.05572	0.246133	0.24036	0.0945177	0.146087	0.0102622	0.0874322	0.337759	0.187645	0.545351	1.03355	2.23345	4	1.699612
145000	-534.0203	-571.0937	37.0734	2	4.407766	0.162925	0.0054023	0.00782195	0.0766059	0.138807	0.00951736	0.0266347	0.0107851	0.0164979	0.0793691	0.183678	0.111842	0.146247	0.173225	0.0156633	0.0809522	0.231296	0.47545	0.788226	1.08415	1.65218	4	1.47727
146000	-520.0377	-569.5724	49.53474	10	4.351446	0.113478	0.0122737	0.00191069	0.110744	0.0415084	0.0237346	0.0421855	0.0200503	0.0145191	0.0434129	0.300698	0.135475	0.081361	0.211461	0.0121423	0.0395947	0.235287	0.472685	0.786548	1.0842	1.65657	5	1.439836
147000	-540.4558	-571.4321	30.97627	2	5.456411	0.32009	0.00637253	0.00995341	0.0928415	0.0296529	0.0103704	0.0126804	0.0211762	0.0264286	0.0729798	0.162999	0.235679	0.119303	0.237495	0.0434252	0.0278767	0.164834	0.519996	0.814134	1.08243	1.58344	4	1.594158
148000	-517.5588	-571.2847	53.72589	10	0.2876634	0.107349	0.00582015	0.0128029	0.0647704	0.0226137	0.0391483	0.00391151	0.0545211	0.00220832	0.0319958	0.34269	0.123343	0.11273	0.284955	0.00800968	0.0207211	0.0517503	0.00434806	0.0949392	0.574491	3.32622	5	1.289342
149000	-519.0537	-572.076	53.02225	10	1.064383	0.141746	0.0202062	0.0202086	0.0392681	0.0865797	0.00841334	0.0306329	0.0560409	0.00726481	0.0641638	0.196341	0.131621	0.243265	0.267759	0.0141942	0.0351514	0.0514725	0.149618	0.495284	1.0099	2.3452	5	1.414329
150000	-538.5499	-578.9885	40.4386	2	0.6336474	0.0806981	0.00611359	0.00461575	0.0545583	0.00406721	0.0173224	0.0276718	0.0801065	0.00266543	0.0418422	0.284626	0.139994	0.302512	0.0263408	0.0137778	0.0108749	0.0855034	0.0601137	0.330466	0.89756	2.71186	4	1.18329
151000	-521.2527	-575.5125	54.2598	10	0.732932	0.108694	0.00123208	0.0299948	0.0806444	0.0164816	0.00270374	0.0304594	0.018583	0.00646387	0.0312203	0.175012	0.0976678	0.302421	0.0650291	0.0101079	0.0943827	0.0812276	0.0812318	0.378663	0.936486	2.60362	5	1.152326
152000	-549.4889	-581.3598	31.87089	1	1.328951	0.155737	0.063311	0.0229448	0.0624336	0.0172271	0.0156589	0.0227097	0.0620737	0.0494991	0.0566226	0.109506	0.167087	0.139814	0.390354	0.0275145	0.0121559	0.0550514	0.197649	0.557366	1.03857	2.20641	3	1.429701
153000	-533.4402	-567.4479	34.00771	2	0.8843513	0.271566	0.0075261	0.000670708	0.0754558	0.0475776	0.0333878	0.00858718	0.0829836	0.0192689	0.0363289	0.143118	0.238739	0.339666	0.277142	0.00569052	0.0606529	0.0249557	0.113341	0.439001	0.977842	2.46982	4	1.673316
154000	-538.4774	-574.8377	36.36027	2	0.8921172	0.0481536	0.00340241	0.0203727	0.0996288	0.0277504	0.0138702	0.0250304	0.0831173	0.00551386	0.0847964	0.163575	0.154987	0.247497	0.292152	0.0138549	0.11308	0.0700954	0.114958	0.441738	0.979541	2.46376	4	1.466878
155000	-550.2595	-576.0042	25.74474	2	0.9274955	0.122442	0.00114169	0.00207951	0.107891	0.068832	0.0200204	0.081376	0.0609282	0.0094803	0.100211	0.573439	0.421761	0.337345	0.494792	0.0223177	0.103654	0.131076	0.12227	0.453819	0.986864	2.43705	4	2.658787
156000	-525.9334	-564.832	38.89854	2	1.917373	0.149624	0.00786652	0.00934915	0.112044	0.0230739	0.0194908	0.0381732	0.0327189	0.0214587	0.0249295	0.198692	0.142523	0.268437	0.142665	0.0129877	0.0217215	0.118052	0.283208	0.645929	1.06778	2.00309	4	1.343807
157000	-519.8853	-572.7029	52.81763	10	0.8931736	0.0649289	0.00327971	0.0263353	0.066536	0.0376007	0.0193026	0.0148107	0.0175648	0.0290132	0.0566893	0.247876	0.102232	0.213937	0.287407	0.0356195	0.0116773	0.159893	0.115178	0.442108	0.979769	2.46295	5	1.394703
158000	-529.9224	-581.0009	51.07845	10	0.5768218	0.12094	0.00151374	0.0178765	0.0379626	0.0221302	0.0375462	0.0480954	0.0539554	0.00432152	0.0469315	0.177023	0.230435	0.336695	0.126416	0.0769937	0.00545821	0.117387	0.0483655	0.29914	0.869017	2.78348	5	1.461682
159000	-530.0658	-568.1981	38.13228	2	2.104674	0.193939	0.0147761	0.00273224	0.109431	0.00490194	0.0205724	0.0112293	0.0291272	0.0128563	0.0391614	0.182162	0.180802	0.21784	0.13335	0.0488965	0.0193583	0.100452	0.305457	0.665702	1.0724	1.95644	4	1.321588
160000	-540.3338	-568.2323	27.89851	1	2.70635	0.199296	0.0251195	0.00415548	0.088451	0.0360071	0.0145795	0.0338724	0.00917418	0.0193254	0.0227877	0.241259	0.139734	0.312895	0.336513	0.0251119	0.0149915	0.165926	0.365187	0.713854	1.08062	1.84033	3	1.689199
161000	-532.858	-570.4644	37.60636	2	0.6305651	0.186991	0.0104132	0.000476206	0.0363421	0.0355347	0.0158344	0.00973891	0.00885175	0.00253214	0.0499245	0.240188	0.00544027	0.172328	0.186904	0.029603	0.0285408	0.0805757	0.0594671	0.328841	0.896146	2.71555	4	1.100218
162000	-534.4368	-571.1518	36.71494	2	1.438292	0.278127	0.00175137	0.00449963	0.0482527	0.0814058	0.00984806	0.0290093	0.0357241	0.000408749	0.028813	0.0514592	0.304643	0.213712	0.115073	0.00922545	0.0528187	0.0554512	0.215631	0.577952	1.04658	2.15983	4	1.320222
163000	-514.4191	-574.6342	60.21512	10	1.139584	0.1051	0.00078272	0.00550654	0.0880464	0.0048384	0.0128487	0.0323798	0.0778946	0.0121332	0.0650841	0.197043	0.182485	0.217891	0.14559	0.0660053	0.0138959	0.119567	0.163934	0.515031	1.01976	2.30127	5	1.347092
164000	-515.9271	-569.2928	53.36572	10	0.6285079	0.0986219	0.00964817	0.00562194	0.0602621	0.0141702	0.033176	0.0144747	0.00827671	0.0165651	0.0737513	0.16888	0.258836	0.149264	0.0935102	0.00666143	0.0260994	0.0749584	0.059036	0.327752	0.895194	2.71802	5	1.112777
165000	-532.6233	-565.3076	32.68438	2	1.389512	0.181027	0.0096422	0.0230126	0.0842235	0.0483325	0.0183705	0.0138077	0.00951387	0.0174021	0.0530168	0.401793	0.181785	0.374286	0.190568	0.0492068	0.0326603	0.16968	0.207739	0.569069	1.04322	2.17998	4	1.858328
166000	-529.6468	-568.2245	38.57771	2	0.7925926	0.203706	0.0271658	0.0125556	0.0844442	0.0149282	0.0142714	0.0120399	0.028413	0.0366203	0.0477592	0.130354	0.154192	0.285514	0.20813	0.0143517	0.0326609	0.0813121	0.0939816	0.404135	0.954881	2.547	4	1.388419
167000	-531.048	-573.3612	42.3132	2	0.5306653	0.101695	0.00643328	0.00878926	0.0821951	0.00226309	0.0241735	0.0213932	0.00932992	0.00582691	0.050426	0.157388	0.124223	0.130264	0.0771603	0.0374183	0.00646548	0.0889918	0.0392026	0.271464	0.84136	2.84797	4	0.9344361
168000	-526.8364	-568.462	41.62561	2	0.4411456	0.0830848	0.00200098	0.00751393	0.062084	0.0123333	0.0256686	0.0109524	0.026282	0.0305865	0.0251423	0.21998	0.192145	0.177137	0.242502	0.0348544	0.0162806	0.0808112	0.0230701	0.21177	0.772226	2.99293	4	1.249359
169000	-515.1667	-564.9996	49.8329	10	1.536181	0.199134	0.00119172	0.00679152	0.0689097	0.0284181	0.0043547	0.0252953	0.0635597	0.0304949	0.0671123	0.276331	0.316216	0.158225	0.247551	0.0181872	0.0194936	0.0455557	0.230858	0.59447	1.05248	2.12219	5	1.57682
170000	-520.1001	-566.228	46.12794	10	2.203464	0.126764	0.0259832	0.00159683	0.158163	0.0205753	0.02012	0.0285999	0.0144047	0.00516555	0.0343168	0.202091	0.22972	0.236742	0.164159	0.0382147	0.00184675	0.119182	0.31641	0.675041	1.07434	1.93421	5	1.427646
171000	-516.0116	-569.2783	53.26676	10	1.270665	0.125196	0.00488145	0.0170378	0.10851	0.00914999	0.0155353	0.0153769	0.109357	0.00160461	0.05497	0.00690956	0.429286	0.514915	0.28276	0.0144159	0.00683816	0.0149533	0.187626	0.545328	1.03354	2.2335	5	1.731698
172000	-524.9884	-579.1494	54.16093	10	1.05359	0.108414	0.00704532	0.00753044	0.0984424	0.0503955	0.021863	0.0204245	0.0188697	0.00538916	0.0704072	0.167341	0.146397	0.210214	0.214744	0.0239901	0.0687669	0.0799457	0.147521	0.492287	1.00834	2.35185	5	1.320179
173000	-521.9174	-575.8965	53.97907	10	0.5735855	0.119547	0.0498868	0.00143732	0.0614381	0.00550524	0.0512987	0.0136339	0.0413564	0.00753462	0.0355581	0.241896	0.27335	0.348189	0.111202	0.0867508	0.0209686	0.069121	0.0477099	0.297267	0.86722	2.7878	5	1.538673
174000	-536.623	-569.137	32.51405	1	1.814246	0.152355	0.0209453	0.00972695	0.0559163	0.0379848	0.0400317	0.00991688	0.0164673	0.00202562	0.0585698	0.0939371	0.214114	0.245124	0.189308	0.0163954	0.0729366	0.0811008	0.270046	0.633686	1.06456	2.03171	3	1.316855
175000	-528.2388	-567.36	39.12128	2	0.927625	0.10683	0.00645598	0.0107611	0.0555818	0.0223012	0.0154106	0.00826215	0.00577315	0.0124449	0.0260429	0.155392	0.320866	0.116503	0.126008	0.0133216	0.00818267	0.0860695	0.122296	0.453862	0.98689	2.43695	4	1.096207
176000	-535.5654	-569.8915	34.32617	1	0.7627813	0.123082	0.0100376	0.0253969	0.0978863	0.00748022	0.00771166	0.0184998	0.00726538	0.0035087	0.0436553	0.120781	0.207216	0.301936	0.17035	0.00965973	0.0114974	0.0748258	0.0876182	0.391706	0.946083	2.57459	3	1.24079
177000	-541.3756	-573.6113	32.23571	2	0.8475318	0.210481	0.0183221	0.00781712	0.0662028	0.0682555	0.000758034	0.0669675	0.00364943	0.000364374	0.0458744	0.142214	0.218027	0.549614	0.232751	0.0155505	0.00144572	0.181502	0.105625	0.425589	0.969303	2.49948	4	1.829795
178000	-534.5754	-574.4393	39.8639	2	0.4752005	0.12142	0.0196775	0.00426068	0.064564	0.0409438	0.0210752	0.00974965	0.0350298	0.0300321	0.0132477	0.0568326	0.17424	0.478276	0.197459	0.00747576	0.00622392	0.051535	0.0288885	0.235418	0.80135	2.93434	4	1.332043
179000	-530.274	-572.3451	42.07108	2	1.04526	0.100495	0.00748909	0.0112339	0.0565828	0.0162326	0.00843704	0.0252956	0.00464279	0.023923	0.0396191	0.00837744	0.22642	0.318767	0.0845453	0.0113665	0.0139612	0.0503179	0.145895	0.489946	1.00711	2.35705	4	1.007707
180000	-543.2237	-574.8719	31.64824	2	1.059386	0.168566	0.00356599	0.0101334	0.127028	0.00789385	0.0175376	0.0268886	0.00154687	0.0171962	0.0766172	0.011974	0.354146	0.349894	0.456998	0.0352257	0.0100923	0.186186	0.148649	0.493902	1.00918	2.34827	4	1.861489
181000	-511.6727	-569.8045	58.13172	10	0.9068465	0.192558	0.00268153	0.024078	0.0367514	0.0255287	0.00836704	0.0214517	0.0374119	0.00219294	0.0368107	0.198821	0.147112	0.252929	0.178141	0.0494941	3.18159e-05	0.0844249	0.118013	0.446843	0.98267	2.45247	5	1.298786
182000	-523.1176	-570.776	47.65836	10	0.6771273	0.286692	0.00144987	0.0226843	0.0799914	0.00155825	0.0314559	0.000528639	0.0218523	0.0395203	0.0355908	0.169405	0.282963	0.307524	0.207189	0.0103996	0.029733	0.117477	0.0693109	0.352535	0.916088	2.66207	5	1.646014
183000	-528.99	-570.2767	41.28668	2	0.4239004	0.194116	0.00196547	0.0113445	0.162741	0.00708777	0.0105538	0.0237987	0.0296689	0.017573	0.0246162	0.117238	0.14926	0.142645	0.261532	0.0161904	0.0238796	0.0471461	0.020308	0.199373	0.7559	3.02442	4	1.241357
184000	-515.3397	-569.9709	54.63124	10	1.399667	0.237164	0.031038	0.0530407	0.0654876	0.0228125	0.0114362	0.0344617	0.000481911	0.0286819	0.0227007	0.20414	0.215998	0.271065	0.311002	0.00536754	0.0244986	0.125707	0.209399	0.570957	1.04394	2.1757	5	1.665086
185000	-545.9686	-573.3563	27.38764	2	4.416721	0.148864	0.0107518	0.00344426	0.190267	0.0417296	0.042171	0.0145321	0.00749761	0.0141908	0.061844	0.372052	0.166041	0.640204	0.162769	0.0285099	0.00640403	0.197379	0.475886	0.78849	1.08414	1.65149	4	2.108651
186000	-518.187	-571.015	52.82795	10	1.316422	0.158103	0.00166231	0.00356923	0.148807	0.0188391	0.0147498	0.0316906	0.113262	0.0139213	0.105986	0.0982671	0.126342	0.229437	0.415034	0.0390791	0.0512981	0.0594702	0.195521	0.554845	1.03754	2.2121	5	1.629518
187000	-532.5004	-567.9048	35.40448	2	1.160569	0.148089	0.000906037	0.00212981	0.0707945	0.019752	0.0316414	0.0258534	0.020858	0.0307693	0.063203	0.0979303	0.129815	0.367585	0.291766	0.0144885	0.0210312	0.129241	0.167835	0.520213	1.02223	2.28972	4	1.465853
188000	-524.7697	-571.402	46.63224	10	2.301098	0.158628	0.0228737	0.0182958	0.103133	0.0134932	0.000261256	0.068941	0.0527351	0.0231382	0.061458	0.129116	0.296754	0.288884	0.439885	0.00821499	0.0419754	0.0549608	0.32675	0.683636	1.07598	1.91364	5	1.782747
189000	-549.0698	-575.0498	25.98008	1	1.644563	0.209388	0.047341	0.0553609	0.109982	0.102356	0.00950427	0.0132232	0.0169846	0.00482737	0.0652448	0.14448	0.20057	0.253533	0.557648	0.0234493	0.00825093	0.165077	0.246816	0.610975	1.05789	2.08432	3	1.98722
190000	-542.1767	-571.7218	29.5451	2	2.460662	0.0936832	0.00576666	0.00418074	0.195507	0.0700549	0.0138418	0.0403587	0.0193962	0.00749014	0.0678948	0.207003	0.20319	0.230468	0.222353	0.0196695	0.0227073	0.130432	0.342695	0.69649	1.07817	1.88265	4	1.553997
191000	-528.3222	-569.178	40.85574	2	0.6686876	0.144632	0.0121101	0.0059414	0.0465854	0.03969	0.00474694	0.0269039	0.0291239	0.0104695	0.0247434	0.0914672	0.200397	0.164683	0.16081	0.0305678	0.00608937	0.107028	0.0675166	0.348374	0.912688	2.67142	4	1.105989
192000	-524.3692	-567.1642	42.79499	2	0.3271131	0.123712	0.00331211	0.00713394	0.0494233	0.000664036	0.00904258	0.0292925	0.00914644	0.00172707	0.0467736	0.0148625	0.113447	0.3075	0.149601	0.0188403	0.00337348	0.0766114	0.00775043	0.125685	0.638648	3.22792	4	0.9644635
193000	-512.3764	-569.2744	56.89799	10	0.2907922	0.128271	0.00430085	0.00548069	0.0395773	0.0575197	0.00699605	0.0130416	0.0522002	0.00661104	0.0472928	0.152426	0.151905	0.239906	0.257339	0.000426274	0.0247666	0.0359568	0.00457817	0.0973539	0.58001	3.31806	5	1.224018
194000	-538.0967	-568.9342	30.8375	2	5.023704	0.168641	0.00480974	0.00950275	0.068067	0.0342986	0.0317849	0.0048923	0.0921082	0.0136053	0.0414396	0.0473497	0.181186	0.396551	0.331428	0.0514181	0.0300744	0.0560381	0.503059	0.804526	1.08326	1.60915	4	1.563193
195000	-527.2431	-573.0033	45.76018	10	4.694966	0.164192	0.00136949	0.0107699	0.183986	0.0164707	0.0420016	0.0495966	0.0457763	0.0200787	0.0590349	0.224726	0.269493	0.392449	0.260584	0.0258178	0.00624683	0.0955809	0.488893	0.796264	1.08379	1.63105	5	1.868173
196000	-532.2942	-569.6999	37.40566	2	0.6443935	0.188528	0.00979602	0.00648412	0.0448865	0.0114298	0.0180506	0.0176677	0.0648194	0.00482184	0.0609199	0.0385887	0.160857	0.182708	0.419204	0.0107554	0.03784	0.0743671	0.0623745	0.336068	0.902381	2.69918	4	1.351724
197000	-549.4247	-578.4238	28.99907	2	4.115897	0.107724	0.000728445	0.0168327	0.107641	0.105008	0.0352656	0.00823575	0.0457184	0.00996257	0.0133244	0.206057	0.114648	0.658549	0.12309	0.0149247	0.0386403	0.115538	0.460618	0.779124	1.08437	1.67589	4	1.721887
198000	-529.2994	-567.2323	37.93293	2	1.520224	0.131702	0.00592534	0.00365088	0.110463	0.000196904	0.00560534	0.0200987	0.0694122	0.0141118	0.0603787	0.133525	0.183633	0.220493	0.239826	0.0162168	0.024895	0.0459557	0.22843	0.591888	1.05159	2.12809	4	1.28609
199000	-530.3568	-569.0319	38.67516	2	0.875393	0.138573	0.00740657	0.0216712	0.149421	0.014707	0.0034798	0.0246427	0.00497032	0.00969236	0.02058	0.251347	0.179662	0.125591	0.131625	0.013106	0.0521271	0.0598789	0.111472	0.435806	0.97584	2.47688	4	1.208481
200000	-547.4203	-573.5142	26.09383	2	2.918655	0.142209	0.00188949	0.01504	0.11865	0.00757996	0.0378882	0.0280118	0.00870292	0.00236187	0.0559834	0.260901	0.254201	0.503099	0.127441	0.0244186	0.0444586	0.156764	0.382869	0.726922	1.08208	1.80812	4	1.789601
201000	-526.5582	-567.0198	40.46169	2	0.2909984	0.132759	0.00431911	0.0118285	0.0316652	0.00826813	0.0153452	0.00560588	0.0116523	0.0116477	0.0282091	0.325209	0.199058	0.210186	0.0764223	0.0377399	0.0199643	0.0878231	0.00459358	0.0975132	0.580371	3.31752	4	1.217704
202000	-539.8332	-575.4055	35.57226	2	2.519412	0.129802	0.0381522	0.0151135	0.0748375	0.0345415	0.00500075	0.0321262	0.0608678	0.0452162	0.070861	0.344507	0.150612	0.263126	0.124232	0.00840296	0.0183742	0.139515	0.348289	0.70089	1.07884	1.87198	4	1.555288
203000	-534.7132	-570.0641	35.3509	2	2.370814	0.224132	0.0015664	0.00548515	0.0532631	0.034876	0.0150437	0.0106211	0.0077624	0.000538843	0.0212842	0.215235	0.212177	0.338538	0.0356285	0.0121609	0.0668247	0.0738407	0.333856	0.689423	1.077	1.89972	4	1.328977
204000	-529.6086	-571.3743	41.76572	2	0.3542582	0.160121	0.00350263	0.00618206	0.0796262	0.0140558	0.0183809	0.0120704	0.0572851	0.00633265	0.0213071	0.141231	0.241551	0.229747	0.0545562	0.00993271	0.0203019	0.0211734	0.0107058	0.146863	0.67663	3.1658	4	1.097357
205000	-533.0802	-570.7936	37.71349	2	1.344998	0.142772	0.0115995	0.0070174	0.104452	0.0567544	0.015414	0.01822	0.0084848	0.0263048	0.0557885	0.183778	0.0821479	0.469747	0.212078	0.0498914	0.0114985	0.129717	0.200355	0.560544	1.03986	2.19925	4	1.585665
206000	-539.3091	-571.8984	32.58928	2	1.631425	0.152324	0.0588524	0.0270643	0.162274	0.00275519	0.00893666	0.0209362	0.0637255	0.00783241	0.0459443	0.39156	0.22252	0.290943	0.283097	0.00138504	0.0332075	0.0890119	0.24493	0.609064	1.05729	2.08872	4	1.86237
207000	-545.5866	-580.0806	34.49396	1	0.8745241	0.133285	0.0214986	0.00101158	0.0549269	0.00893557	0.0388641	0.0225507	0.0298395	0.0108954	0.056616	0.236118	0.144316	0.188408	0.136756	0.0331243	8.55273e-06	0.0956836	0.11129	0.435493	0.975643	2.47757	3	1.212837
208000	-520.928	-571.9377	51.00973	10	1.185935	0.103525	0.00481935	0.021732	0.0697687	0.00718692	0.0128401	0.0282775	0.0789633	0.0137125	0.0945283	0.339929	0.253844	0.431188	0.154689	0.0237171	0.0347586	0.111794	0.172495	0.526299	1.02508	2.27613	5	1.785273
209000	-505.6699	-566.1073	60.43745	10	0.7197873	0.189046	0.00337098	0.00574522	0.0983546	0.10222	0.019974	0.0177292	8.42731e-05	0.012757	0.0414381	0.126282	0.11315	0.212642	0.111968	0.00360458	0.0385613	0.103585	0.0784188	0.372719	0.931986	2.61688	5	1.200511
210000	-520.0202	-571.2597	51.23945	10	0.5745175	0.126295	0.0213907	0.0482045	0.0490298	0.0154027	0.00948222	0.0224427	0.0318207	0.00136791	0.0938633	0.201238	0.211719	0.300095	0.17689	0.00709563	0.0133899	0.0598322	0.0478985	0.297807	0.86774	2.78655	5	1.389559
211000	-528.1103	-566.3615	38.25123	2	1.6885	0.180352	0.00951923	0.00991766	0.0427474	0.0459466	0.0158173	0.0133363	0.00250473	0.00370796	0.0378141	0.0728048	0.136389	0.302941	0.192154	0.0371864	0.0262931	0.140496	0.253029	0.617195	1.05981	2.06997	4	1.269927
212000	-552.8466	-573.7728	20.92624	2	2.997053	0.271249	0.00186649	0.0326586	0.10562	0.0964453	0.0028824	0.024976	0.143497	0.0313113	0.0548339	0.518268	0.318432	0.258599	0.472129	0.0116397	0.0665373	0.0871503	0.389034	0.731365	1.0825	1.7971	4	2.498096
213000	-533.9019	-572.3045	38.4026	2	1.012524	0.113965	0.00879597	0.0138669	0.0966364	0.0100176	0.0176096	0.0186624	0.00962329	0.0178051	0.0320851	0.363931	0.134192	0.104299	0.15985	0.00826772	0.01322	0.0852118	0.139446	0.480484	1.00204	2.37803	4	1.208038
214000	-535.9076	-568.0572	32.14965	1	0.6991707	0.159237	0.00378461	0.00756908	0.0489	0.0862213	0.0316662	0.00948226	0.00757572	0.0147786	0.030294	0.398231	0.242738	0.253566	0.020056	0.00841801	0.0391524	0.103132	0.0740111	0.363139	0.924561	2.63829	3	1.464803
215000	-537.9482	-575.2322	37.28399	2	1.04138	0.157671	0.00705504	0.0201652	0.0503526	0.0919988	0.0195887	0.0323097	0.0804979	0.0079139	0.0346065	0.103188	0.317075	0.249722	0.117126	0.0189766	0.006616	0.0565939	0.145136	0.488846	1.00653	2.35949	4	1.371457
216000	-531.8229	-571.5355	39.7126	2	2.928089	0.133352	0.0232604	0.0156518	0.0592626	0.00105235	0.00830901	0.0454717	0.0399404	0.00971057	0.0524713	0.264999	0.204785	0.0973273	0.150532	0.0173248	0.014116	0.0398853	0.383621	0.727467	1.08214	1.80677	4	1.177452
217000	-529.0225	-566.2055	37.18304	2	1.661387	0.138569	0.00526786	0.0157589	0.0729765	0.0167263	0.00187748	0.0311361	0.0268089	0.0123987	0.0294051	0.260101	0.192488	0.303605	0.0962203	0.0302611	0.00855916	0.0734027	0.249212	0.613387	1.05864	2.07876	4	1.315563
218000	-542.5582	-572.7763	30.21803	2	2.08057	0.189182	0.0221647	0.00184818	0.112442	0.0368595	0.00836695	0.0599762	0.0255134	0.00571772	0.0676433	0.343314	0.276762	0.354205	0.0263609	0.146393	0.012231	0.219213	0.302706	0.663317	1.07188	1.9621	4	1.908193
219000	-541.8061	-574.9948	33.18863	2	4.607735	0.168556	0.00879461	0.013557	0.126901	0.0146119	0.0088841	0.015692	0.0249221	0.0574	0.0441131	0.287648	0.118522	0.389035	0.0874218	0.0348744	0.0184924	0.102878	0.484922	0.79391	1.08391	1.63726	4	1.522304
220000	-541.5287	-573.501	31.97233	2	2.676189	0.2273	0.00852302	0.025051	0.0557315	0.0271495	0.0154996	0.0377907	0.0679177	0.0129046	0.0589274	0.503764	0.216995	0.214477	0.178138	0.0431866	0.0602919	0.0668389	0.362549	0.711862	1.08037	1.84522	4	1.820486
221000	-527.6695	-570.376	42.70656	2	0.6125491	0.0959409	0.00390845	0.0141231	0.0594909	0.0291707	0.0119519	0.009751	0.0430645	0.0204838	0.0404406	0.193813	0.112922	0.251414	0.0979925	0.000837788	0.0585216	0.085407	0.0557062	0.319176	0.887588	2.73753	4	1.129234
222000	-524.9346	-566.9498	42.01524	2	0.8177511	0.104712	0.00025057	0.00211068	0.0579917	0.0313408	0.00774262	0.0194245	0.0130856	0.0249161	0.0387278	0.191407	0.094622	0.256139	0.151743	0.0357089	0.00523979	0.149553	0.09933	0.414184	0.961755	2.52473	4	1.184715
223000	-535.8271	-568.9493	33.12222	2	2.53177	0.137416	0.00676491	0.00587665	0.113668	0.0516304	0.0387878	0.00567092	0.0511473	0.0077718	0.0235803	0.51287	0.237267	0.327037	0.0929117	0.0134686	0.0504142	0.0911552	0.349448	0.701795	1.07898	1.86978	4	1.767438
224000	-538.1973	-571.8857	33.68841	2	1.504885	0.179854	0.00589155	0.0295679	0.11097	0.110496	0.00202986	0.0560973	0.024005	0.0034077	0.0745543	0.240288	0.231963	0.189141	0.267702	0.0193814	8.18462e-05	0.0927261	0.226076	0.589367	1.05071	2.13385	4	1.638156
225000	-526.224	-566.575	40.35099	2	0.2658745	0.135013	0.000981695	0.0163504	0.0361298	0.021541	0.0157707	0.00130782	0.010782	0.00789213	0.0343945	0.241475	0.214875	0.301458	0.0919009	0.0232727	0.00868256	0.0654793	0.00293558	0.0783702	0.533789	3.38491	4	1.227306
226000	-536.5405	-571.2797	34.73923	2	1.449884	0.133589	0.019238	0.00313019	0.0990607	0.0231857	0.00522191	0.0150915	0.0177857	0.00499382	0.0599657	0.465884	0.18675	0.187989	0.160326	0.0100664	0.0818932	0.0940511	0.217476	0.579996	1.04734	2.15519	4	1.568222
227000	-527.3398	-575.7825	48.4427	10	0.8943443	0.101462	0.0389547	0.0122734	0.0393672	0.022127	0.0112783	0.026372	0.00584797	0.015238	0.0252474	0.373613	0.125681	0.222677	0.0232561	0.00758067	0.0614752	0.128575	0.115421	0.442517	0.980021	2.46204	5	1.241026
228000	-539.0818	-572.8063	33.7245	2	0.4461864	0.16284	0.0132867	0.0363588	0.177996	0.129519	0.00896801	0.0120241	0.0205114	0.0213421	0.0271866	0.17486	0.121578	0.263243	0.421834	0.024839	0.0199199	0.122493	0.0239021	0.215342	0.776787	2.98397	4	1.758799
229000	-552.6603	-579.3117	26.65138	2	1.230733	0.168194	0.0247635	0.0125135	0.0661554	0.0103417	0.00533533	0.0709455	0.0386996	0.0329772	0.0734459	0.0573667	0.371893	0.503823	0.634932	0.00179107	0.0209357	0.174538	0.180578	0.536598	1.02974	2.25309	4	2.268651
230000	-541.0065	-575.9337	34.92712	2	0.5982783	0.174347	0.00251738	0.00946636	0.0461792	0.0166118	0.00867812	0.0218348	0.0795847	0.0119484	0.0429678	0.0934883	0.199786	0.447901	0.316756	0.0386086	0.0566684	0.0792529	0.0527532	0.311314	0.880438	2.75549	4	1.646596
231000	-526.2398	-572.8006	46.56081	10	0.6872973	0.334244	0.00615406	0.0131015	0.171977	0.0628716	0.0115612	0.0458332	0.0265099	0.00543999	0.0754762	0.297995	0.130112	0.360032	0.162663	0.00423932	0.0170849	0.139463	0.0714773	0.357475	0.920069	2.65098	5	1.864759
232000	-515.8283	-570.4382	54.60984	10	2.646162	0.184675	0.0105229	0.0120826	0.0711876	0.000761613	0.0126989	0.0342072	0.0266763	0.023968	0.0516966	0.344715	0.173866	0.280738	0.231902	0.0519312	0.00061884	0.0692811	0.35989	0.709842	1.08011	1.85016	5	1.581528
233000	-525.3823	-575.2656	49.8833	10	1.382125	0.148218	0.0356496	0.00646608	0.067261	0.00409048	0.0320269	0.0248605	0.08394	0.0128876	0.0746092	0.38537	0.246206	0.532955	0.0828346	0.0058388	0.0594011	0.162144	0.206525	0.567683	1.04268	2.18311	5	1.964758
234000	-516.462	-572.1983	55.73633	10	0.8390804	0.0963676	0.00744374	0.0256841	0.063619	0.00943199	0.014558	0.00425449	0.00587991	0.0340097	0.0719035	0.16967	0.131636	0.337459	0.158722	0.0211038	0.0404581	0.0631051	0.103843	0.422405	0.967222	2.50653	5	1.255307
235000	-513.5122	-569.0663	55.55416	10	0.4500938	0.0772335	0.00841049	0.0127139	0.0682522	0.0162238	0.0178902	0.00864338	0.00872456	0.0376269	0.0196705	0.157232	0.179151	0.330859	0.225968	0.0180289	0.0324796	0.0937686	0.0245544	0.218093	0.780261	2.97709	5	1.312876
236000	-527.713	-574.9822	47.26921	10	1.260757	0.245462	0.0159235	0.00483469	0.141854	0.0488775	0.00328863	0.0269575	0.0431295	0.0644273	0.0261978	0.157268	0.231203	0.295796	0.351226	0.0475605	0.0154839	0.123082	0.185891	0.5432	1.03263	2.23828	5	1.84257
237000	-532.324	-568.1797	35.85578	2	1.23236	0.188972	0.00672196	0.000644972	0.0458457	0.0218331	0.014576	0.0534436	0.0179206	0.000511477	0.0646928	0.362181	0.202343	0.526394	0.0228701	0.0116687	0.0422577	0.197086	0.180868	0.536962	1.0299	2.25227	4	1.779964
238000	-544.104	-580.4283	36.32438	1	0.3360248	0.0529007	0.0031533	0.0116033	0.0525079	0.112002	0.0120547	0.024131	0.0339061	0.00416345	0.0113411	0.349982	0.0521041	0.113382	0.131036	0.0173288	0.0300332	0.0720157	0.00866717	0.132657	0.651626	3.20705	3	1.083645
239000	-537.9181	-572.9392	35.02112	2	2.196946	0.0985588	0.00166286	0.0166329	0.069828	0.00903081	0.0441855	0.018665	0.0130582	0.00713335	0.074949	0.298889	0.188991	0.203278	0.0796644	0.0389348	0.00951877	0.194108	0.315703	0.674446	1.07422	1.93563	4	1.367088
240000	-545.4806	-574.3506	28.86999	2	2.911766	0.225774	0.00868492	0.0318109	0.135868	0.0438464	0.0103025	0.0596188	0.0116562	0.00653358	0.0464777	0.168381	0.185962	0.20027	0.169043	0.0491864	0.00239006	0.184022	0.382319	0.726523	1.08204	1.80911	4	1.539828
241000	-529.998	-567.025	37.02699	2	1.119714	0.196237	0.0280508	0.020172	0.0705646	0.00478187	0.0158824	0.0143462	0.0232908	0.00139294	0.0478039	0.43462	0.189386	0.150188	0.158161	0.0174388	0.000508336	0.137961	0.160202	0.509997	1.01731	2.31249	4	1.510787
242000	-539.7863	-569.7706	29.98421	2	2.571465	0.181318	0.00740492	0.0252803	0.0710794	0.0758854	0.00433684	0.0414733	0.029886	0.0129597	0.0887919	0.353186	0.160477	0.147627	0.378967	0.048641	0.009924	0.134133	0.353129	0.704653	1.07939	1.86282	4	1.771371
243000	-545.6833	-570.3973	24.71395	1	1.635409	0.24223	0.0107184	0.00596487	0.163714	0.0953752	0.0184201	0.0460314	0.031971	0.0398124	0.0635021	0.412646	0.224385	0.276912	0.290191	0.0553085	0.017739	0.119828	0.245503	0.609646	1.05747	2.08738	3	2.114749
244000	-539.5567	-573.9767	34.42006	2	2.859944	0.21967	0.000870006	0.0231481	0.0722182	0.00148711	0.00395838	0.0133469	0.0698291	0.0228917	0.0699527	0.207592	0.27322	0.225858	0.19494	0.0232223	0.0199325	0.0757988	0.378128	0.723466	1.08173	1.81667	4	1.517936
245000	-534.5975	-569.593	34.99544	2	1.084147	0.132473	0.0124111	0.0297911	0.0953679	0.00367322	0.0105698	0.0169094	0.0164624	0.000699153	0.0508655	0.377371	0.195881	0.00411959	0.393657	0.00975535	0.0322571	0.20231	0.153431	0.500661	1.01265	2.33325	4	1.584572
246000	-537.2169	-576.3791	39.16221	2	0.5739802	0.115556	0.00689031	0.0154856	0.0631874	0.0035758	0.00217839	0.0258743	0.0663174	0.0165647	0.0249132	0.234737	0.141986	0.120171	0.226868	0.0101101	0.145461	0.077194	0.0477897	0.297496	0.867441	2.78727	4	1.297071
247000	-534.6007	-572.9259	38.32516	2	1.517862	0.123337	0.0205376	0.00583173	0.111362	0.0388475	0.0193367	0.0438847	0.0638805	0.000542956	0.0859543	0.242812	0.20157	0.065072	0.205231	0.035193	0.00596677	0.0482548	0.228069	0.591503	1.05145	2.12897	4	1.317615
248000	-524.6305	-578.4176	53.78715	10	1.031406	0.0926119	0.0147902	0.0555303	0.0921483	0.0415835	0.0151055	0.0209038	0.000366852	0.0373089	0.0510747	0.116565	0.340836	0.0959255	0.296532	0.0307782	0.00504455	0.153744	0.143177	0.485992	1.00501	2.36582	5	1.460849
249000	-541.7681	-578.2567	36.4886	2	0.4121418	0.148702	0.0117632	0.0108101	0.0564408	0.0500269	0.0318052	0.00784875	0.00166452	0.0038871	0.0323992	0.185468	0.212795	0.151654	0.327257	0.0685676	0.00334292	0.0683301	0.0185043	0.190766	0.744092	3.04664	4	1.372762
250000	-532.274	-568.8269	36.5529	2	1.895758	0.183668	0.00736586	0.0165928	0.0793367	0.0532117	0.00446577	0.0214797	0.0245073	0.0317695	0.0481847	0.236462	0.146914	0.157004	0.359543	0.0063959	0.0380007	0.0989424	0.280506	0.64345	1.06715	2.0089	4	1.513843
251000	-526.7788	-569.8233	43.04452	2	0.461184	0.166445	0.0111588	0.000151053	0.0368683	0.00240373	0.0105323	0.0129672	0.0188685	0.0107216	0.0283995	0.176637	0.227728	0.156567	0.119642	0.0185788	0.0103157	0.042335	0.0264393	0.225822	0.789832	2.95791	4	1.05032
252000	-543.4982	-575.0334	31.53516	1	2.083866	0.179342	0.0115073	0.0277171	0.104752	0.059105	0.0217029	0.0120427	0.0167727	0.0127731	0.0307929	0.260539	0.180466	0.0889968	0.210118	0.00165759	0.0429004	0.126596	0.303084	0.663645	1.07195	1.96132	3	1.387783
253000	-531.8805	-568.4013	36.52079	2	1.302453	0.157773	0.00828847	0.0211147	0.109927	0.0162335	0.011153	0.024036	0.0451173	0.0120586	0.0563937	0.278098	0.186304	0.123737	0.237419	0.00300538	0.0447595	0.0597641	0.193131	0.551992	1.03636	2.21852	4	1.395182
254000	-536.8332	-571.3768	34.54359	2	0.5459007	0.142686	0.00483514	0.00467716	0.0554148	0.0192992	0.0168474	0.0232032	0.0667529	0.0248108	0.0138833	0.372669	0.188259	0.0328657	0.696658	0.00238393	0.0248503	0.0819922	0.0421789	0.280829	0.850993	2.826	4	1.772088
255000	-511.1448	-566.1701	55.02526	10	1.169613	0.145011	0.00682787	0.00529903	0.0821221	0.0431053	0.00299687	0.0345577	0.0333609	0.00972808	0.0354731	0.239682	0.152052	0.299052	0.218638	0.00961003	0.00298689	0.0934454	0.169503	0.522405	1.02326	2.28483	5	1.413948
256000	-525.5763	-566.6624	41.08614	2	0.2866239	0.124198	0.00102508	0.00732196	0.0530773	0.0095045	0.00504575	0.00477187	0.076636	0.00861054	0.0509974	0.133333	0.14152	0.164883	0.27783	0.0185569	0.025123	0.0449305	0.00427313	0.0941385	0.57264	3.32895	4	1.147364
257000	-533.2762	-572.2439	38.96774	2	0.1985038	0.134962	0.00194855	0.00344861	0.028358	0.0215315	0.00854159	0.00768213	0.00859776	0.00391017	0.0206646	0.19186	0.143896	0.311437	0.23277	0.0205966	0.00660163	0.0776564	0.00050426	0.0329168	0.379742	3.58684	4	1.224462
258000	-548.6714	-576.4396	27.76825	2	6.498596	0.154604	0.0210811	0.0280402	0.094252	0.0343659	0.0111283	0.0358871	0.0191691	0.044668	0.0859918	0.258456	0.266989	0.0503509	0.294659	0.00401572	0.0350667	0.0844165	0.554486	0.832845	1.08012	1.53255	4	1.523141
259000	-505.9648	-567.0206	61.05582	10	0.5017619	0.0987929	0.00829172	0.0161086	0.0324041	0.026476	0.00984128	0.0236539	0.0339869	0.0171701	0.0246218	0.247178	0.0790599	0.0704811	0.199741	0.00762335	0.0133971	0.066408	0.0337148	0.253065	0.821546	2.89167	5	0.9752362
260000	-540.9738	-572.5654	31.59151	1	0.8853699	0.14329	0.0105809	0.0161926	0.135725	0.0500027	0.0110045	0.0166172	0.0135318	0.0174106	0.0607121	0.193996	0.25092	0.111186	0.285132	0.0182407	0.032696	0.134761	0.113554	0.439362	0.978067	2.46902	3	1.501998
261000	-535.7916	-572.9541	37.16248	2	1.591813	0.146566	0.0011956	0.00242872	0.0865741	0.02254	0.0297681	0.0217423	0.12164	0.00988725	0.0600768	0.202292	0.152097	0.143383	0.274643	0.033125	0.0202469	0.0231274	0.239163	0.603158	1.05539	2.10229	4	1.351333
262000	-506.3218	-566.2028	59.88109	10	1.455495	0.13463	0.00173812	0.0220836	0.120797	0.0487646	0.0067971	0.0556729	0.0294874	0.0106866	0.0494256	0.113603	0.13974	0.216086	0.271862	0.00337106	0.0443986	0.0834871	0.218365	0.580977	1.0477	2.15296	5	1.35263
263000	-534.3252	-571.9365	37.6113	2	0.7420318	0.0658117	0.00650313	0.00778513	0.0514021	0.044556	0.0125256	0.015131	0.0747953	0.0083969	0.0549515	0.33664	0.204324	0.11671	0.297326	0.0183157	0.030117	0.000818388	0.0831794	0.382705	0.939501	2.59461	4	1.34611
264000	-511.2511	-570.8247	59.57362	10	1.207838	0.0996004	0.00970461	0.0202282	0.0666926	0.00889253	0.00660156	0.0292316	0.053866	0.0190257	0.0489081	0.301987	0.136774	0.19036	0.152327	0.0212618	0.0306247	0.0639236	0.176471	0.531404	1.02741	2.26472	5	1.26001
265000	-533.7219	-570.5434	36.82153	2	1.839117	0.176916	0.0306957	0.00221855	0.053271	0.0494866	0.0152005	0.0178248	0.00563114	0.00277369	0.0262299	0.0837819	0.169453	0.311289	0.326247	0.0451626	0.0499984	0.151301	0.273283	0.636737	1.06539	2.02459	4	1.51748
266000	-517.2576	-578.9945	61.7369	10	0.4871922	0.0631026	0.00669656	0.0133901	0.0698373	0.00798722	0.00245659	0.0260958	0.0576373	0.0145886	0.0266544	0.131328	0.213736	0.11317	0.124606	0.0244358	0.0153048	0.0283792	0.0310391	0.243472	0.810721	2.91477	5	0.9394062
267000	-514.4468	-568.4949	54.04808	10	1.069328	0.141856	0.0156233	0.0030976	0.103755	0.100027	0.0121747	0.021488	0.0392177	0.00248296	0.05812	0.167868	0.123504	0.30788	0.34922	0.0471473	0.0382058	0.07629	0.150576	0.496642	1.0106	2.34218	5	1.607957
268000	-521.3688	-577.0644	55.69566	10	0.4877851	0.115028	0.00873978	0.0113687	0.0431095	0.0036985	0.051321	0.0060213	0.0855767	0.0141327	0.0425831	0.236828	0.178214	0.288168	0.149751	0.00569998	0.0386553	0.048874	0.0311467	0.243867	0.811173	2.91381	5	1.327769
269000	-536.7004	-572.9576	36.25719	2	0.6923742	0.169438	0.00154756	0.00200866	0.10489	0.0105541	0.0113045	0.0135833	0.0659821	0.0151898	0.0544511	0.0209662	0.218337	0.255254	0.352742	0.00590337	0.0154547	0.0314539	0.0725602	0.35991	0.922009	2.64552	4	1.34906
270000	-514.9797	-569.8856	54.90585	10	0.4328202	0.0929719	0.0211799	0.0123469	0.0694659	0.0201419	0.00483545	0.0163368	0.0306824	0.03952	0.0178477	0.147052	0.14333	0.149081	0.378186	0.0221764	0.00689514	0.0581052	0.0217199	0.20582	0.764486	3.00797	5	1.230153
271000	-515.1965	-570.0624	54.86589	10	0.5530741	0.0748018	0.0059135	0.0357534	0.0539232	0.0120143	0.0202994	0.00225251	0.0315567	0.000690114	0.0292747	0.128051	0.139358	0.153404	0.316806	0.00552839	0.00392568	0.0826038	0.0435978	0.285159	0.855351	2.81589	5	1.096156
272000	-510.5223	-564.8461	54.32385	10	1.003314	0.0921578	0.00166748	0.00620306	0.0749546	0.0274876	0.0252251	0.0131185	0.0227991	0.0105057	0.0473946	0.188952	0.194115	0.207801	0.355661	0.0215201	0.0424965	0.117031	0.137615	0.477746	1.00055	2.38409	5	1.44909
273000	-530.9559	-570.4448	39.48892	2	0.441745	0.150935	0.005364	0.00813764	0.11497	0.0336434	0.00461068	0.0238117	0.0330276	0.0116283	0.0258093	0.186338	0.0824236	0.174088	0.212051	0.0442319	0.00578821	0.102618	0.0231684	0.212196	0.772773	2.99186	4	1.219477
274000	-540.4342	-574.148	33.71373	2	2.153967	0.200191	0.0122783	0.0133933	0.166328	0.0706639	0.0105095	0.0103077	0.0257156	0.0123495	0.0629645	0.304317	0.216411	0.364869	0.101759	0.0140946	0.0756615	0.111572	0.310986	0.670447	1.0734	1.94516	4	1.773386
275000	-528.0706	-563.5689	35.49831	2	3.375261	0.21299	0.00322205	0.0017635	0.101659	0.0744498	0.0214131	0.0112729	0.0111036	0.0200965	0.0517043	0.125373	0.192323	0.294562	0.191764	0.0291934	0.0254503	0.131827	0.416359	0.750395	1.08383	1.74941	4	1.500167
276000	-527.2438	-566.3971	39.15333	2	1.26706	0.128096	0.00176784	0.00365534	0.0457907	0.00138812	0.0177268	0.0277416	0.0192977	0.0035899	0.0667838	0.0882525	0.15519	0.310197	0.156667	0.0297352	0.0167524	0.129377	0.186996	0.544556	1.03321	2.23524	4	1.202007
277000	-532.2396	-570.9223	38.68268	2	0.6703211	0.0877697	0.0214915	0.0181449	0.0834228	0.00203052	0.0205858	0.00698183	0.068166	0.0427446	0.0269667	0.128656	0.148972	0.245024	0.301191	0.018083	0.0168765	0.0525274	0.0678636	0.349184	0.913353	2.6696	4	1.289635
278000	-532.2524	-574.7471	42.49471	10	6.715397	0.19173	0.0286581	0.0488314	0.111256	0.0194827	0.0147454	0.0349009	0.0488844	0.015814	0.0665836	0.14991	0.141396	0.414918	0.221522	0.0222595	0.0800856	0.18719	0.560753	0.836129	1.07962	1.5235	5	1.798168
279000	-519.3406	-574.703	55.36243	10	0.8425085	0.146216	0.0155242	0.000875935	0.0433754	0.104844	0.00380316	0.0356604	0.0331664	0.0145142	0.0598634	0.219219	0.108074	0.209327	0.199023	0.0274177	0.0382545	0.0657816	0.104567	0.423701	0.968072	2.50366	5	1.324941
280000	-521.8262	-570.4753	48.64912	10	0.5466967	0.128532	0.011718	0.00835588	0.0995737	0.0349164	0.00375208	0.0153367	0.00663326	0.0272523	0.11604	0.194007	0.183352	0.23408	0.286882	0.0581621	0.00868942	0.0954773	0.0423358	0.281312	0.851482	2.82487	5	1.51276
281000	-508.8405	-566.1349	57.29432	10	0.6997201	0.134446	0.00187237	0.0120328	0.0645646	0.0284904	0.0060649	0.0159285	0.0335255	0.00718122	0.0520519	0.165142	0.221031	0.242481	0.371635	0.0191284	0.0266583	0.111522	0.0741285	0.363398	0.924765	2.63771	5	1.513756
282000	-539.7125	-574.7381	35.02554	2	2.434164	0.139806	0.0203349	0.0102205	0.0898097	0.0272349	0.0148105	0.011735	0.00644951	0.0078549	0.0400405	0.183184	0.124074	0.162839	0.260003	0.0213601	0.00642788	0.0734564	0.340125	0.694449	1.07784	1.88759	4	1.19964
283000	-522.5927	-575.4056	52.81292	10	1.160509	0.158102	0.00656271	0.0141941	0.185169	0.00429819	0.0455824	0.0165334	0.0753224	0.00859503	0.0935137	0.0917692	0.241129	0.442674	0.532915	0.0251303	0.00627115	0.09821	0.167824	0.520198	1.02223	2.28975	5	2.045972
284000	-533.2116	-578.4814	45.26978	10	0.5244697	0.255333	0.0210474	0.0107097	0.109492	0.0536561	0.00464518	0.0146372	0.0926948	0.0589596	0.0329407	0.00619376	0.150414	0.616313	0.378869	0.0215266	0.0311412	0.0270765	0.0380078	0.26759	0.837288	2.85711	5	1.885649
285000	-512.3914	-567.0305	54.63911	10	0.5272322	0.123914	0.00891276	0.00946231	0.0562094	0.0012585	0.00495144	0.0283134	0.0140519	0.00545377	0.0219906	0.142549	0.0937262	0.196662	0.107396	0.0089652	0.0313084	0.106657	0.0385394	0.269322	0.839115	2.85302	5	0.9617822
286000	-528.3179	-569.0119	40.69398	2	0.7656448	0.108088	0.000217128	0.000324969	0.10508	0.0305724	0.042877	0.00363346	0.0275964	0.00865766	0.0215322	0.128267	0.0824918	0.209583	0.154515	0.0108245	0.0349673	0.0833514	0.0882303	0.392926	0.946961	2.57188	4	1.052579
287000	-541.5553	-571.5684	30.01312	2	5.145809	0.145059	0.00796374	0.00207992	0.0650255	0.0620952	0.0167616	0.0405906	0.00471227	0.0020939	0.113292	0.180154	0.294717	0.161984	0.391192	0.0394475	0.00450434	0.125445	0.508023	0.807372	1.08304	1.60157	4	1.657119
288000	-532.4039	-569.0313	36.62744	2	0.9620166	0.156061	0.0156559	0.0105812	0.0360204	0.0568869	0.0157451	0.0222399	0.0225183	0.00928711	0.0442875	0.115332	0.354991	0.39371	0.181319	0.0327822	0.0890177	0.139823	0.129314	0.465029	0.99341	2.41225	4	1.696259
289000	-534.0793	-568.5486	34.46928	2	2.306135	0.129517	0.00186458	0.0173112	0.0697667	0.00869535	0.0319852	0.0153737	0.00963549	0.00781771	0.0623236	0.296753	0.214786	0.126645	0.219687	0.0236109	0.0448012	0.103037	0.327271	0.684063	1.07605	1.91261	4	1.38361
290000	-515.555	-569.7861	54.23103	10	0.4512526	0.113584	0.000458314	0.020424	0.0487689	0.00214379	0.00454633	0.0333476	0.0659388	0.0095661	0.0532659	0.143925	0.145178	0.174194	0.174497	0.011416	0.0170615	0.0538693	0.024749	0.218906	0.781281	2.97506	5	1.072185
291000	-524.2146	-565.208	40.99341	2	1.447098	0.153643	0.000585094	0.0074168	0.0529752	0.105977	0.000836762	0.0308038	0.0190665	0.0111739	0.0312804	0.141698	0.104121	0.163745	0.274565	0.0246646	0.0225972	0.0950328	0.217033	0.579507	1.04716	2.1563	4	1.240182
292000	-551.0426	-573.8494	22.80676	1	8.256333	0.323239	0.0113259	0.00975579	0.10972	0.0174538	0.0183732	0.00991092	0.011202	0.0128619	0.0362694	0.372335	0.23485	0.197237	0.0514749	0.0501498	0.0378869	0.13933	0.598673	0.855271	1.07606	1.46999	3	1.643376
293000	-515.9625	-572.4497	56.48722	10	0.9245121	0.111461	0.00346218	0.0227656	0.0683918	0.0857559	0.0121755	0.0463103	0.00343648	0.00155252	0.0632349	0.357879	0.159504	0.372236	0.144312	0.0369484	0.0573761	0.109475	0.121657	0.452824	0.986272	2.43925	5	1.656276
294000	-519.5357	-573.548	54.01229	10	2.276883	0.121436	0.0179876	0.00356388	0.18595	0.0296985	0.0443107	0.0105766	0.0169335	0.00945526	0.0656969	0.251352	0.156459	0.0940327	0.300496	0.0206891	0.0553592	0.111721	0.324228	0.681559	1.07559	1.91862	5	1.495718
295000	-517.2725	-569.6133	52.34082	10	0.5322302	0.167867	0.0152404	0.0249266	0.083253	0.0352366	0.0266905	0.0124401	0.00986387	0.00607236	0.0730737	0.123739	0.162407	0.513836	0.208058	0.0238964	0.00519272	0.14127	0.0395058	0.272437	0.842374	2.84568	5	1.633064
296000	-524.837	-575.078	50.24092	10	0.5824085	0.102752	0.0152744	0.0241756	0.0530069	0.088546	0.00448189	0.00491772	0.00576381	0.0215269	0.0100161	0.0985482	0.166392	0.280847	0.111327	0.00991438	0.00330319	0.101469	0.0495012	0.302351	0.872072	2.77608	5	1.102262
297000	-511.6607	-569.5303	57.86956	10	1.134151	0.130856	0.015552	0.0477933	0.0353518	0.0052362	0.00553434	0.026127	0.0156174	0.0032763	0.0438323	0.213514	0.166728	0.105228	0.132537	0.0212453	0.0207393	0.0857936	0.162917	0.513667	1.0191	2.30431	5	1.074961
298000	-523.6989	-574.1439	50.44505	10	0.7967306	0.152007	0.0123596	0.0149557	0.0853048	0.00275754	0.0147188	0.0268917	0.11085	0.0180231	0.0316837	0.201058	0.172476	0.277921	0.0944067	0.031567	0.0121253	0.0068941	0.0948629	0.405814	0.956045	2.54328	5	1.266
299000	-529.5487	-575.5174	45.96866	10	1.873829	0.139694	0.0185324	0.015588	0.126768	0.042938	0.0261613	0.0524063	0.0590044	0.0107611	0.0353935	0.221598	0.157838	0.500345	0.129347	0.0631928	0.0275441	0.0215785	0.277734	0.640889	1.06649	2.01489	5	1.648691
300000	-539.3542	-575.1022	35.74798	2	1.131553	0.120996	0.0145028	0.0345969	0.0849796	0.0601211	0.0116589	0.0288274	0.0699372	0.0105861	0.0627974	0.243057	0.0998084	0.534778	0.254501	0.031973	0.0107539	0.0669304	0.16243	0.513012	1.01879	2.30577	4	1.740805
301000	-525.4586	-571.014	45.55539	10	0.7589655	0.135215	0.0190092	0.00929024	0.0416213	0.0614726	0.0565712	0.00171039	0.0722641	0.0164195	0.0714958	0.35606	0.159586	0.323937	0.231812	0.0519768	0.0616272	0.0545614	0.0868023	0.390073	0.944902	2.57822	5	1.724629
302000	-544.2338	-573.6552	29.42133	1	1.908158	0.138249	0.00449872	0.0175797	0.128468	0.0681084	0.0327962	0.0116469	0.0605896	0.0165517	0.0591993	0.338749	0.230909	0.34405	0.0138774	0.0107912	0.0339578	0.106714	0.282059	0.644878	1.06751	2.00555	3	1.616736
303000	-536.0473	-566.0452	29.99783	2	1.31782	0.196964	0.004268	0.0110494	0.115889	0.0122308	0.0253111	0.00704056	0.0155046	0.0339793	0.0254501	0.405531	0.193682	0.53923	0.102615	0.00199349	0.053685	0.120457	0.195759	0.555129	1.03765	2.21146	4	1.864879
304000	-536.0387	-573.4264	37.38766	2	1.146248	0.217049	0.0268864	0.0104335	0.136673	0.0295436	0.0292848	0.0369418	0.012048	0.029831	0.0399497	0.18885	0.170748	0.266255	0.150853	0.0309031	0.00972123	0.124059	0.165177	0.516691	1.02056	2.29757	4	1.510031
305000	-533.8951	-571.1086	37.2135	2	2.062613	0.11073	0.0067471	0.0031844	0.133582	0.0842471	0.0021504	0.0256236	0.0367092	0.0319553	0.0390227	0.15295	0.183848	0.253405	0.169524	0.0379246	0.00620234	0.128976	0.300636	0.661511	1.07148	1.96637	4	1.406782
306000	-532.27	-569.928	37.65797	2	1.438345	0.145057	0.00890943	0.0139823	0.124517	0.0026926	0.000522936	0.0350151	0.0126915	0.0111191	0.0593805	0.217768	0.127474	0.188486	0.182824	0.0188676	0.0556238	0.117336	0.215639	0.577961	1.04659	2.15981	4	1.322267
307000	-529.5669	-568.6774	39.11053	2	1.548508	0.119364	0.0274502	0.0061683	0.0701862	0.0469485	0.0312694	0.0151933	0.0417083	0.0107489	0.0519992	0.321255	0.106152	0.269617	0.0788628	0.0651232	0.0149309	0.0628966	0.23272	0.596436	1.05315	2.1177	4	1.339874
308000	-517.9693	-569.9849	52.0156	10	1.920339	0.193587	0.0114453	0.00393051	0.0713133	0.0109919	0.0396788	0.0166484	0.0825786	0.0111431	0.0710625	0.232074	0.267818	0.393752	0.010412	0.0699408	0.00817206	0.0426123	0.283576	0.646266	1.06786	2.0023	5	1.53716
309000	-521.292	-572.5938	51.30184	10	1.09938	0.128799	0.00279674	0.00380056	0.0347401	0.00846059	0.0228541	0.0196118	0.0697007	0.0457046	0.0166397	0.347612	0.154772	0.253378	0.184973	0.0591098	0.0203945	0.0859084	0.156345	0.504712	1.0147	2.32425	5	1.459256
310000	-510.2013	-567.6691	57.46775	10	0.898684	0.133836	0.0263911	0.0224319	0.0708986	0.0389174	0.0195658	0.0246117	0.0019256	0.00307696	0.0659888	0.192116	0.156661	0.232274	0.284628	0.00299912	0.0286703	0.133753	0.116322	0.444028	0.98095	2.4587	5	1.438745
311000	-521.4658	-572.02	50.55424	10	1.765145	0.245819	0.00285549	0.0158206	0.0457765	0.0600327	0.0516262	0.0111529	0.000570665	0.0110864	0.0213957	0.307043	0.120319	0.264061	0.328067	0.031481	0.00516193	0.0922179	0.263532	0.627465	1.06283	2.04618	5	1.614486
312000	-537.4872	-571.4188	33.93167	2	2.3576	0.177494	0.042744	0.00558131	0.16754	0.0871305	0.0339687	0.0439425	0.008449	0.0188499	0.0672188	0.302681	0.169578	0.307273	0.0863605	0.0380894	0.00932976	0.200483	0.332526	0.688347	1.07681	1.90231	4	1.766714
313000	-534.9646	-569.3015	34.33691	1	1.471218	0.144612	0.0131524	0.00875836	0.111209	0.0534501	0.015129	0.0221628	0.0435954	0.004846	0.028317	0.205263	0.201373	0.138465	0.0861372	0.00655519	0.0330283	0.0528194	0.220842	0.583694	1.04869	2.14678	3	1.168873
314000	-530.5941	-570.5727	39.97865	2	0.4492045	0.0723237	0.000310334	0.0030866	0.0457354	0.0133147	0.000653377	0.0433511	0.0323298	0.0082476	0.0306188	0.205626	0.184003	0.194837	0.108187	0.02236	0.0215033	0.0999286	0.0244054	0.217468	0.779475	2.97865	4	1.086417
315000	-517.0365	-572.2005	55.16404	10	0.7130831	0.144781	0.0282713	0.00579842	0.0814387	0.0038037	0.0179816	0.00121289	0.0622933	0.0119674	0.0327463	0.324751	0.0925151	0.179648	0.472393	0.0153529	0.013436	0.0487328	0.0769847	0.369638	0.929622	2.62376	5	1.537124
316000	-515.7945	-566.8743	51.07979	10	2.077044	0.16006	0.00616223	0.0103426	0.191872	0.0240256	0.00285848	0.0320135	0.0207852	0.0117387	0.0423506	0.324113	0.00665007	0.200677	0.466092	0.0235093	0.0139006	0.106542	0.302301	0.662964	1.0718	1.96293	5	1.643694
317000	-534.7387	-572.0531	37.31433	2	0.8764847	0.152781	0.014234	0.00106626	0.0461797	0.0159852	0.0108154	0.039444	0.0563869	3.85045e-05	0.0593588	0.285531	0.0937705	0.233644	0.350218	0.0313812	0.0208262	0.0664022	0.1117	0.436197	0.976086	2.47602	4	1.478064
318000	-535.7133	-577.7095	41.99615	10	1.253719	0.386976	0.0267893	0.059793	0.0461944	0.0828305	0.0428475	0.0160813	0.0293727	0.00424718	0.0791994	0.879162	0.322889	0.187238	0.262833	0.0130078	0.0192415	0.0726497	0.184653	0.541673	1.03197	2.24171	5	2.531354
319000	-514.7603	-568.1804	53.42011	10	2.782473	0.144708	0.0155433	0.0148732	0.106103	0.0120271	0.0232654	0.0358393	0.0901563	0.0438127	0.0502049	0.268665	0.0907569	0.176034	0.530449	0.0222056	0.0224099	0.0265442	0.371701	0.718726	1.08121	1.82837	5	1.673597
320000	-542.9625	-576.3813	33.41881	2	0.7457563	0.148259	0.00390515	0.00395353	0.113953	0.0246367	0.020039	0.00288353	0.0651447	0.0265857	0.0247122	0.211186	0.0561602	0.393759	0.212912	0.0384296	0.0051527	0.192822	0.0839765	0.384343	0.940712	2.59097	4	1.544493
321000	-533.6203	-571.6515	38.03123	2	1.911656	0.199932	0.00389059	0.00462652	0.0804756	0.0135652	0.014848	0.0325024	0.0444289	0.0127987	0.0413226	0.118338	0.111837	0.140834	0.199251	0.0801383	0.00793684	0.114531	0.282496	0.645278	1.06761	2.00461	4	1.221256
322000	-534.3548	-570.8624	36.50763	2	1.975696	0.183966	0.0307232	0.0230749	0.116098	0.0145687	0.0486668	0.0143276	0.08822	0.0343607	0.071396	0.17339	0.250109	0.159408	0.303672	0.00881032	0.0309397	0.0645361	0.290356	0.652404	1.06937	1.98787	4	1.616266
323000	-531.0021	-566.7659	35.76373	2	5.475542	0.152414	0.00353297	0.00688128	0.109105	0.00916733	0.00947216	0.0330802	0.0119959	0.0134703	0.0281456	0.14885	0.0832182	0.195113	0.206579	0.00758087	0.0462233	0.0964519	0.520705	0.81453	1.08239	1.58237	4	1.16128
324000	-504.9098	-565.3896	60.47977	10	0.4683443	0.10756	0.00223788	0.00329014	0.0374527	0.00578188	0.00471685	0.0242169	0.0197998	0.0182464	0.0387983	0.165389	0.128893	0.181177	0.217875	0.0326835	0.0116017	0.156657	0.0276814	0.230748	0.795794	2.94578	5	1.156376
325000	-515.2431	-576.5355	61.29231	10	0.33437	0.0986355	0.0021969	0.0239735	0.0756819	0.0332961	0.0202023	0.0034192	0.012869	0.0163909	0.0272805	0.123535	0.128269	0.159587	0.17889	0.00852611	0.0312141	0.0881874	0.00849292	0.131363	0.649255	3.21089	5	1.032154
326000	-532.7316	-570.0232	37.29161	2	0.7479559	0.132028	0.0178129	0.00267163	0.0593727	0.0767541	0.00418079	0.0150612	0.0218743	0.0296675	0.0348595	0.20029	0.138202	0.204395	0.417937	0.0172331	0.031713	0.123634	0.0844472	0.385305	0.941421	2.58883	4	1.527687
327000	-515.5408	-572.7966	57.25579	10	0.9758142	0.0773316	0.0149478	0.0409248	0.0887242	0.00439334	0.0198778	0.0296335	0.0451801	0.000997732	0.0762281	0.228206	0.14644	0.264924	0.17645	0.00270662	0.020567	0.0745492	0.132103	0.469359	0.995874	2.40266	5	1.312082
328000	-522.0182	-569.6987	47.68044	10	3.725772	0.207186	0.0203346	0.0117312	0.0738307	0.0161675	0.00806806	0.0317857	0.0487138	0.0663258	0.0855777	0.278655	0.165021	0.191471	0.269084	0.0364976	0.0101029	0.149652	0.438632	0.765158	1.08433	1.71188	5	1.670206
329000	-545.3354	-576.5618	31.22643	2	1.488509	0.118653	0.00949454	0.00727585	0.102162	0.0416788	0.0357725	0.00522476	0.0136612	0.0596146	0.07852	0.51204	0.218985	0.171425	0.131794	0.0109212	0.0504742	0.122102	0.223542	0.586632	1.04974	2.14009	4	1.689799
330000	-537.0077	-570.2855	33.27785	2	2.37521	0.216822	0.0281813	0.00185578	0.112738	0.0136507	0.0265982	0.0151338	0.0323654	0.0161834	0.0503315	0.339314	0.269066	0.227014	0.131846	0.0623894	0.0239502	0.0715875	0.334297	0.689779	1.07706	1.89886	4	1.639028
331000	-507.1354	-562.8948	55.7594	10	1.091588	0.0972086	0.00172679	0.000764132	0.100066	0.0156825	0.0329486	0.00239617	0.0102212	0.00933242	0.0627152	0.14644	0.218127	0.199722	0.333429	0.0352589	0.0129399	0.0752503	0.154857	0.50265	1.01366	2.32883	5	1.354229
332000	-514.4337	-569.6141	55.18033	10	1.160454	0.158004	0.00675349	0.00605809	0.0941013	0.0315078	0.0010327	0.038856	0.0594494	0.0101938	0.0745795	0.0630094	0.340701	0.14511	0.289945	0.0246686	0.0222377	0.0636542	0.167813	0.520185	1.02222	2.28978	5	1.429862
333000	-536.9319	-571.3716	34.4397	2	1.419609	0.0944685	0.0245981	0.00192525	0.0757795	0.0247867	0.000485274	0.0579054	0.00707483	0.0030985	0.0460801	0.176596	0.206956	0.116874	0.335379	0.0507215	0.0541913	0.116519	0.212632	0.574604	1.04533	2.16743	4	1.393439
334000	-528.8264	-568.8697	40.0433	2	1.508197	0.132405	0.00948923	0.0249813	0.0725043	0.0363539	0.0330199	0.0161532	0.050841	0.00215166	0.0460854	0.103092	0.387316	0.166127	0.166549	0.0180885	0.0432106	0.0813411	0.226586	0.589915	1.0509	2.1326	4	1.389708
335000	-513.2211	-565.7921	52.57095	10	1.144944	0.160796	0.0174148	0.0215736	0.0709248	0.0148557	0.0185417	0.025374	0.0277931	0.0264198	0.0489047	0.118608	0.222104	0.247065	0.333975	0.010024	0.00618671	0.167076	0.164934	0.516368	1.0204	2.29829	5	1.537638
336000	-546.8226	-581.2919	34.46938	2	0.6297988	0.105833	0.0176008	5.72684e-05	0.151329	0.00328346	0.00800564	0.0250619	0.0606559	0.0232378	0.0113159	0.290563	0.458647	0.146987	0.314836	0.0620744	0.0280608	0.111453	0.0593064	0.328436	0.895792	2.71647	4	1.819001
337000	-531.8582	-570.9776	39.11936	2	1.627159	0.118173	0.000352398	0.0083188	0.0708239	0.0608015	0.00549977	0.0626846	0.043926	0.0294208	0.0371335	0.255415	0.118985	0.15909	0.33953	0.0177255	0.0209751	0.0811664	0.244314	0.608439	1.05709	2.09015	4	1.430021
338000	-531.3439	-569.5384	38.19449	2	0.3700173	0.182172	0.00448442	0.00503761	0.170688	0.0378386	0.012544	0.005449	0.0358245	0.00256922	0.0513474	0.0471616	0.358333	0.0847868	0.309376	0.0250484	0.024265	0.0329264	0.0126372	0.15903	0.696685	3.13165	4	1.389851
339000	-521.4379	-577.1712	55.73328	10	1.079807	0.206078	0.032409	0.0197269	0.0783977	0.00979333	0.0181127	0.0251173	0.0545348	0.00132017	0.0708397	0.131688	0.337922	0.161884	0.301655	0.0243953	0.00514493	0.0974008	0.152597	0.499492	1.01206	2.33585	5	1.576418
340000	-527.1943	-566.7545	39.56023	2	0.5236078	0.155647	0.00177345	0.0149062	0.0501884	0.00722909	0.0127904	0.0151313	0.0422636	0.00302608	0.0297855	0.108931	0.188652	0.2076	0.291889	0.0174222	0.00618968	0.0427357	0.0378424	0.267048	0.836714	2.8584	4	1.196161
341000	-535.4796	-570.4251	34.94544	2	1.526413	0.107598	0.00500186	0.0110848	0.0862284	0.00253455	0.0084538	0.0251925	0.00851652	0.0213716	0.0477947	0.260079	0.267538	0.151276	0.31008	0.0795671	0.00681361	0.151573	0.229374	0.592895	1.05194	2.1258	4	1.550704
342000	-509.6872	-566.4633	56.77602	10	0.6056264	0.179935	0.00772551	0.00670567	0.102282	0.000704262	0.00904443	0.0241054	0.0218133	0.00441616	0.0367962	0.0636257	0.228452	0.126612	0.36103	0.0493713	0.024713	0.132522	0.0542705	0.315385	0.884162	2.74618	5	1.379855
343000	-528.3649	-577.8873	49.5224	10	1.63432	0.134034	0.012107	0.0338603	0.105344	0.0415984	0.0224753	0.0435176	0.185432	0.0584609	0.062671	0.196124	0.172959	0.131124	0.362575	0.00663984	0.0462259	0.0457361	0.245346	0.609487	1.05742	2.08774	5	1.660884
344000	-538.8929	-572.1161	33.22315	2	2.887755	0.238721	0.00893571	0.00535021	0.0331984	0.0199521	0.0168574	0.0247526	0.0298738	0.0114252	0.0265555	0.0648165	0.346939	0.121696	0.43451	0.0408092	0.0658551	0.110689	0.380388	0.725118	1.0819	1.81259	4	1.600936
345000	-537.6957	-568.2039	30.50822	1	1.37451	0.195546	0.0144212	0.00256562	0.0936938	0.0566445	0.0144628	0.026671	0.0363282	0.0174627	0.0305084	0.140245	0.357076	0.214092	0.180468	0.0367521	0.0559849	0.0884903	0.20527	0.566242	1.04212	2.18637	3	1.561413
346000	-536.9052	-570.1181	33.21289	2	1.763329	0.146011	0.00193089	0.0383287	0.0830965	0.0584927	0.0240708	0.0358808	0.0180516	0.015499	0.0354353	0.107204	0.375557	0.177036	0.39852	0.019411	0.00798563	0.0956204	0.263288	0.62723	1.06276	2.04672	4	1.638131
347000	-532.773	-578.1774	45.40439	10	0.8980373	0.142766	0.0192663	0.004094	0.0762065	0.0490622	0.0383185	0.0215197	0.0241262	0.0158849	0.0644562	0.0627519	0.384466	0.155567	0.756928	0.0431655	0.123688	0.112751	0.116188	0.443803	0.980813	2.4592	5	2.095019
348000	-515.9744	-570.7676	54.79319	10	0.8082117	0.0965508	0.000479414	0.000842426	0.0858595	0.0150173	0.00531341	0.0399239	0.0313308	0.00566959	0.0427004	0.352932	0.106887	0.172406	0.319257	0.0715273	0.0172876	0.0933039	0.0973049	0.410419	0.959205	2.53307	5	1.457288
349000	-535.835	-577.6969	41.86188	2	0.4500314	0.0891014	0.003028	0.0308395	0.0598347	0.00264461	0.0172342	0.003258	0.0345401	0.00887418	0.0177962	0.0657591	0.167332	0.138316	0.266962	0.0161655	0.00853622	0.0356494	0.0245439	0.218049	0.780206	2.9772	4	0.9658711
350000	-520.177	-566.7837	46.60673	10	2.089593	0.245494	0.00363214	0.00172517	0.11688	0.0742995	0.0221044	0.0158556	0.0920811	0.00152756	0.0612525	0.214032	0.188569	0.224236	0.163195	0.06265	0.00791832	0.0545779	0.30374	0.664215	1.07208	1.95997	5	1.55003
351000	-528.6551	-565.4824	36.82732	2	2.194315	0.204395	0.00900974	0.0281203	0.0518042	0.00368175	0.0246879	0.0101667	0.000330855	0.00675896	0.0761604	0.178385	0.370885	0.270567	0.235493	0.0303006	0.0127792	0.0856415	0.315417	0.674204	1.07417	1.93621	4	1.599167
352000	-519.5599	-571.9144	52.35453	10	1.684021	0.0898045	0.00900489	0.0174298	0.10297	0.0288989	0.0102166	0.0279274	0.00544777	0.00236885	0.0451766	0.134767	0.132577	0.222871	0.234471	0.0661545	0.0182114	0.105239	0.252402	0.616573	1.05962	2.0714	5	1.253536
353000	-520.1683	-574.3249	54.15651	10	0.5941142	0.109817	0.00286772	0.0445134	0.104555	0.063519	0.00590357	0.0159805	0.00644508	0.0366648	0.0510287	0.348475	0.143346	0.126702	0.452706	0.00698941	0.0391995	0.129874	0.0518964	0.308985	0.878286	2.76083	5	1.688586
354000	-540.0366	-573.0041	32.96745	2	1.400382	0.123091	0.0104306	0.0279841	0.0641941	0.115478	0.0046793	0.0491139	0.0178314	0.000759517	0.049687	0.228737	0.403805	0.0922114	0.127016	0.00128708	0.0671593	0.10632	0.209515	0.571089	1.04399	2.1754	4	1.489785
355000	-530.9068	-572.2732	41.36634	2	0.8187012	0.0894126	0.00860978	0.00145522	0.0761955	0.0298657	0.00175419	0.0514773	0.0158963	0.000757741	0.072146	0.139663	0.11802	0.102584	0.194641	0.0227893	0.0364062	0.108171	0.0995315	0.414556	0.962005	2.52391	4	1.069846
356000	-531.5653	-569.1227	37.55736	2	1.337093	0.12049	0.00424787	0.00539649	0.075419	0.0202461	0.0240448	0.0140563	0.0688265	0.05844	0.0202389	0.194772	0.318541	0.144362	0.322561	0.00350226	0.0249007	0.0892099	0.199025	0.558986	1.03923	2.20276	4	1.509256
357000	-546.0597	-574.8161	28.75641	2	2.305931	0.229009	0.00735609	0.0247015	0.10522	0.130195	0.00873151	0.0351391	0.0272119	0.00320858	0.0133732	0.0549628	0.379841	0.231196	0.389354	0.0386643	0.0519978	0.116345	0.32725	0.684046	1.07605	1.91265	4	1.846507
358000	-540.5382	-569.4699	28.93172	2	0.637512	0.178239	0.0037218	0.0168773	0.0519982	0.109768	0.0130712	0.0123235	0.0367587	0.0147804	0.0499601	0.203809	0.25899	0.192856	0.600865	0.0148118	0.0234044	0.0951747	0.0609256	0.332492	0.899313	2.70727	4	1.877408
359000	-528.5254	-566.2443	37.71883	2	1.392225	0.145507	0.000254788	0.00922583	0.0412907	0.0311085	0.0194721	0.0157175	0.011254	0.00325785	0.0419883	0.145489	0.306826	0.159657	0.212801	0.0342323	0.0172228	0.111464	0.208183	0.569576	1.04341	2.17883	4	1.306767
360000	-532.6593	-570.3755	37.71622	2	1.594283	0.152318	0.0039836	0.0439531	0.111283	0.0317376	0.00894199	0.0467287	0.00752785	0.0147354	0.0244404	0.0962885	0.272306	0.222158	0.292711	0.0136186	0.00703969	0.0711949	0.239527	0.603533	1.05551	2.10143	4	1.420965
361000	-532.5047	-567.665	35.1602	2	1.859495	0.190372	0.00230926	0.0115477	0.0637457	0.061074	0.0301302	0.0255548	0.0163881	0.00479007	0.0483256	0.17342	0.19288	0.192865	0.271197	0.0631642	0.0313512	0.115316	0.275905	0.639189	1.06604	2.01886	4	1.49443
362000	-539.6453	-575.1247	35.47945	2	2.211426	0.141986	0.016359	0.00356106	0.165369	0.0410243	0.00465597	0.0253284	0.00121477	0.00912682	0.0562659	0.154898	0.121998	0.231149	0.357004	0.0207228	0.0390366	0.164229	0.317271	0.675765	1.07448	1.93248	4	1.553929
363000	-514.709	-569.9888	55.27973	10	0.9441699	0.12155	0.026827	0.0154884	0.0546567	0.0119801	0.00993263	0.00647886	0.0497677	0.0151275	0.0364061	0.168224	0.239015	0.226763	0.144219	0.0227336	0.0454589	0.0803024	0.125684	0.459303	0.990096	2.42492	5	1.274932
364000	-540.8677	-572.4399	31.57223	1	0.7747033	0.161747	0.00601411	0.0328004	0.0872724	0.00230348	0.00291278	0.0432879	0.0113075	0.0160343	0.0510824	0.196632	0.341506	0.211428	0.216657	0.00218136	0.0306629	0.101162	0.0901656	0.396746	0.949691	2.5634	3	1.514991
365000	-533.7623	-566.3898	32.62757	2	2.580549	0.197675	0.00109023	0.0218863	0.107777	0.0177775	0.00679378	0.0238991	0.0135786	0.028245	0.0430392	0.260735	0.126694	0.202224	0.282497	0.0460255	0.0157643	0.0917853	0.353963	0.705297	1.07949	1.86125	4	1.487486
366000	-530.0956	-568.8429	38.74733	2	1.047671	0.112817	0.0175984	0.0164809	0.0895404	0.0546581	0.0122733	0.0284273	0.0291802	0.0140492	0.0805403	0.164382	0.134029	0.315007	0.211349	0.0265515	0.0194075	0.114117	0.146366	0.490626	1.00747	2.35554	4	1.440408
367000	-526.289	-565.2637	38.97469	2	0.6014227	0.166864	0.0101103	0.00489926	0.0774148	0.00938363	0.0367276	0.00654704	0.0308247	0.0016971	0.0348821	0.192015	0.165565	0.280582	0.200303	0.00259769	0.0336228	0.134638	0.0534016	0.313062	0.882043	2.75149	4	1.388674
368000	-533.8852	-569.9917	36.10651	2	1.803232	0.163432	0.00777887	0.0121489	0.106735	0.0506409	0.0242	0.00745467	0.0400766	0.00494986	0.0599766	0.117952	0.283895	0.188815	0.384301	0.0207569	0.0427167	0.136874	0.268599	0.632314	1.06418	2.0349	4	1.652703
369000	-531.722	-566.1518	34.42983	2	2.554374	0.1463	0.011511	6.81369e-05	0.0649866	0.0556369	0.0450172	0.0192937	0.017329	0.0102491	0.0686699	0.134437	0.262648	0.289022	0.241057	0.0167761	0.043815	0.123897	0.351552	0.703431	1.07922	1.8658	4	1.550714
370000	-544.0144	-572.4479	28.43351	1	2.009056	0.198994	0.00137649	0.0197983	0.103298	0.0748235	0.0325248	0.00858065	0.0261284	0.00948117	0.0780971	0.19993	0.182733	0.177328	0.356004	0.0607038	0.00616957	0.169458	0.294353	0.655973	1.07021	1.97946	3	1.705429
371000	-527.1618	-567.5054	40.34359	2	0.5601126	0.1282	3.19414e-05	0.0112585	0.0754886	0.00826709	0.0173925	0.0165922	0.0322089	0.0223928	0.0105324	0.192669	0.171441	0.244311	0.107208	0.0247975	0.00214966	0.0516888	0.045	0.28936	0.85952	2.80612	4	1.11663
372000	-522.1783	-568.9666	46.78827	10	1.067953	0.106291	0.0119238	0.00338622	0.0944211	0.0161762	0.00686304	0.0223462	0.115528	0.0353444	0.0543463	0.0170576	0.197239	0.329782	0.528787	0.0171961	0.017349	0.0228827	0.15031	0.496265	1.01041	2.34302	5	1.59692
373000	-523.3951	-574.3712	50.97606	10	0.5269251	0.177058	0.00981091	0.0138539	0.0771674	0.0361413	0.0270666	0.0100038	0.0441549	0.0372522	0.0308253	0.27912	0.264406	0.317883	0.106703	0.0307842	0.103076	0.120306	0.0384802	0.26913	0.838912	2.85348	5	1.685612
374000	-514.8653	-574.0643	59.19901	10	0.6073058	0.137903	0.00750076	0.0141125	0.0520929	0.0103237	0.0435074	0.0353895	0.0827153	0.0236265	0.0301336	0.252774	0.159555	0.174622	0.0879674	0.012082	0.0362623	0.0663319	0.0546183	0.316309	0.885001	2.74407	5	1.2269
375000	-515.7084	-570.1758	54.46743	10	1.009735	0.129741	0.00217914	0.018085	0.0952504	0.00870775	0.023391	0.017785	0.072406	0.0302021	0.0613004	0.223658	0.192123	0.249165	0.115979	0.0182679	0.0171068	0.0974811	0.138892	0.479658	1.00159	2.37986	5	1.372828
376000	-506.8681	-567.6428	60.77476	10	0.4309585	0.0816055	0.00516177	0.0056786	0.0653144	0.026119	0.0207676	0.0229998	0.0197602	0.00558098	0.0480051	0.0876999	0.120504	0.292305	0.150791	0.00161964	0.0125674	0.13312	0.0214222	0.20448	0.76272	3.01138	5	1.0996
377000	-516.3181	-568.7222	52.40416	10	3.751157	0.24205	0.0155257	0.019538	0.0918442	0.0958635	0.00648312	0.0440459	0.0639048	0.00380352	0.0791033	0.0328197	0.16673	0.44838	0.296144	0.0426389	0.014918	0.0714804	0.440147	0.766139	1.08435	1.70936	5	1.735273
378000	-542.6207	-574.2816	31.66099	1	0.9012935	0.102426	0.0223395	0.00299185	0.0737943	0.0166498	0.000984109	0.0311042	0.132768	0.0105944	0.00581496	0.147176	0.171034	0.455986	0.250212	0.022807	0.00585735	0.0409179	0.116863	0.444931	0.981504	2.4567	3	1.493457
379000	-543.5731	-575.0458	31.47264	1	2.994244	0.143737	0.00154491	0.00487103	0.0371511	0.0607096	0.0109882	0.0117681	0.0222634	0.00252048	0.0637618	0.202962	0.120541	0.271542	0.100228	0.0791739	0.0348451	0.134389	0.388816	0.731209	1.08249	1.79749	3	1.302997
380000	-536.8474	-571.7411	34.89373	2	1.067632	0.147554	0.0103802	0.0102094	0.0804735	0.079904	0.0101713	0.0377661	0.0163229	0.0277704	0.0550722	0.265201	0.142488	0.290151	0.3117	0.00955937	0.000870541	0.159046	0.150247	0.496177	1.01036	2.34321	4	1.65464
381000	-514.7426	-571.457	56.71436	10	1.044446	0.121	0.00102223	0.0259463	0.101867	0.000968234	0.00850174	0.0390023	0.0805392	0.0153727	0.0213085	0.210013	0.137483	0.206339	0.191494	0.0205897	0.00223847	0.0497199	0.145736	0.489715	1.00699	2.35756	5	1.233406
382000	-542.419	-574.1547	31.73566	2	1.921585	0.179695	0.0089795	0.00702108	0.0524825	0.0202267	0.0273079	0.0296294	0.0253123	0.0240759	0.05724	0.0766363	0.207778	0.35177	0.258341	0.0595913	0.0516843	0.0500513	0.283731	0.646407	1.0679	2.00196	4	1.487823
383000	-537.8395	-575.5067	37.66724	2	2.59429	0.110185	0.000661896	0.0287955	0.189776	0.00414086	0.00637305	0.0150679	0.0311615	0.0250353	0.0442015	0.0647005	0.132171	0.213796	0.401215	0.0471482	0.00227071	0.0712387	0.355218	0.706264	1.07962	1.8589	4	1.387939
384000	-511.3036	-570.9138	59.61022	10	2.281906	0.188369	0.0204171	0.00585441	0.0442887	0.0203798	0.039089	0.024211	0.0322158	0.00221928	0.0554631	0.200615	0.195379	0.222642	0.186762	0.0367168	0.00840401	0.105464	0.324754	0.681993	1.07567	1.91758	5	1.388491
385000	-533.919	-566.8935	32.97455	2	1.525632	0.129832	0.014006	0.00314688	0.125852	0.0722827	0.00823216	0.00184224	0.0475618	0.0322493	0.0536724	0.00621031	0.213108	0.451323	0.311697	0.0247893	0.0128654	0.14314	0.229255	0.592768	1.05189	2.12608	4	1.651811
386000	-533.7143	-571.4749	37.76065	2	1.210382	0.137903	0.013881	0.0051398	0.0873083	0.0853949	0.00328261	0.0301196	0.0728689	0.0036371	0.0302102	0.289779	0.103308	0.162239	0.314771	0.0104386	0.0247077	0.0817399	0.176929	0.531988	1.02767	2.26341	4	1.456729
387000	-525.3642	-571.1273	45.76304	10	3.372616	0.23928	0.0142266	0.0157054	0.076714	0.0407188	0.00237607	0.029434	0.000402408	0.00972977	0.113631	0.00160421	0.14644	0.249816	0.361604	0.0205875	0.0258351	0.109157	0.416181	0.750274	1.08383	1.74972	5	1.457262
388000	-532.0976	-569.8692	37.77156	2	0.9852639	0.14239	0.00363588	0.00776711	0.107662	0.0917285	0.00980131	0.0129025	0.0414171	0.00971213	0.0297136	0.0370069	0.113952	0.277762	0.389114	0.0167395	0.0245065	0.119622	0.134004	0.472277	0.997515	2.3962	4	1.435433
389000	-538.3931	-578.935	40.54198	10	5.793089	0.139257	0.0162729	0.0158699	0.116816	0.0141141	0.0150452	0.0340375	0.0445172	0.11226	0.0457036	0.168975	0.196834	0.320334	0.292687	0.072565	0.0636364	0.106706	0.532018	0.820783	1.08172	1.56548	5	1.77563
390000	-536.2962	-570.6538	34.35759	2	0.9927187	0.157857	0.00210829	0.0305481	0.100559	0.0018043	0.000796994	0.0702915	0.0498227	0.0141212	0.0283716	8.56883e-05	0.185085	0.634594	0.333323	0.00209633	0.0244036	0.0714804	0.135499	0.474552	0.998783	2.39117	4	1.707349
391000	-538.6018	-572.8865	34.2847	2	1.30317	0.333559	0.00525678	0.0119521	0.0844544	0.146752	0.00714071	0.0172888	0.0246427	0.0126103	0.0778702	0.155711	0.298645	0.218583	0.318991	0.00809845	0.0288694	0.0473743	0.193254	0.55214	1.03642	2.21819	4	1.7978
392000	-532.3316	-568.8462	36.51465	2	2.051917	0.16894	0.00171375	0.0128654	0.105505	0.00629992	0.0114687	0.0219038	0.0224182	0.0207418	0.0692799	0.169053	0.22504	0.0599995	0.289819	0.0424099	0.0123026	0.0947171	0.299394	0.660423	1.07124	1.96895	4	1.334478
393000	-541.6875	-580.4187	38.73124	2	0.5467648	0.077216	0.0234634	0.0795308	0.0420611	0.0181711	0.0164492	0.011495	0.0594548	0.00614379	0.025972	0.115423	0.234057	0.165648	0.380194	0.0159412	0.00645793	0.0672961	0.0423493	0.281353	0.851524	2.82477	4	1.344975
394000	-533.9069	-573.9756	40.06865	2	0.7061042	0.109759	0.000867631	0.00825428	0.0672999	0.0250082	0.0092699	0.0106882	0.0604539	0.0123785	0.0680994	0.126126	0.270331	0.0957177	0.22517	0.0517156	0.00912696	0.0982924	0.0754926	0.366396	0.92711	2.631	4	1.248559
395000	-550.0227	-584.412	34.38931	2	2.410206	0.202034	3.75078e-05	0.00585381	0.0762039	0.132541	0.0022165	0.0180506	0.000865996	0.0646632	0.0930008	0.149882	0.168377	0.155524	0.383543	0.0288516	0.0484758	0.0845728	0.337775	0.692573	1.07753	1.89212	4	1.614694
396000	-535.4992	-572.1872	36.68794	2	1.747646	0.210722	0.0186126	0.0401308	0.0683288	0.0698964	0.0139996	0.0236877	0.0900804	0.0127672	0.0528392	0.188989	0.328998	0.217618	0.220961	0.0217755	0.011323	0.0607151	0.261171	0.625182	1.06217	2.05148	4	1.651445
397000	-535.2369	-570.9651	35.72814	2	0.7146345	0.102724	0.0104302	0.0160507	0.0828313	0.00914625	0.0152934	0.0148122	0.00932073	0.00474103	0.0313871	0.174656	0.234067	0.113868	0.606139	0.0483891	0.0266169	0.166343	0.0773165	0.370354	0.930173	2.62216	4	1.666816
398000	-532.0999	-566.1175	34.01755	1	0.5827742	0.1337	0.00144468	0.0115579	0.0572887	0.0006998	0.00171499	0.02624	0.0483808	0.00531911	0.0308772	0.215762	0.275468	0.181666	0.178926	0.0327668	0.040901	0.0469388	0.0495758	0.30256	0.87227	2.77559	3	1.289653
399000	-519.713	-571.9879	52.27481	10	1.034175	0.226316	0.0493308	0.0238976	0.0815174	0.0424977	0.00158139	0.0368061	0.035134	0.0250735	0.041922	0.161702	0.232554	0.128129	0.269361	0.0144186	0.0124595	0.0872256	0.143722	0.486788	1.00544	2.36405	5	1.469926
400000	-534.3229	-571.0297	36.70685	2	1.654106	0.138724	0.0172397	0.00548882	0.0501093	0.0226142	0.0282394	0.0104787	0.00892657	0.0351602	0.0460119	0.149723	0.215715	0.123445	0.308166	0.0510608	0.0201432	0.0984453	0.248177	0.612348	1.05832	2.08115	4	1.329692
401000	-531.3892	-571.7163	40.32707	2	1.140027	0.106236	4.3346e-05	0.0125679	0.0932788	0.0295428	0.0110197	0.036108	0.0975007	0.0237561	0.0367674	0.129046	0.154848	0.118552	0.298338	0.00319436	0.013491	0.0360351	0.164016	0.515142	1.01981	2.30103	4	1.200325
402000	-528.4204	-572.2546	43.83425	10	2.618856	0.174993	0.00650025	0.00115812	0.177504	0.019975	0.0229357	0.0394807	0.0280271	0.0271893	0.0801826	0.229872	0.0820373	0.397046	0.376142	0.0777474	0.00703808	0.0734688	0.357443	0.707973	1.07986	1.85473	5	1.821298
403000	-511.7311	-565.3117	53.58054	10	2.378542	0.135707	0.00321803	0.00531814	0.126107	0.0706305	0.0004762	0.0792079	0.0211287	0.0108267	0.0393271	0.210671	0.18424	0.316466	0.238443	0.0674112	0.0156337	0.132007	0.33463	0.690048	1.07711	1.89821	5	1.65682
404000	-516.3381	-566.8716	50.53356	10	1.186754	0.124108	0.00872759	0.0128144	0.111523	0.00118764	0.0178235	0.0162963	0.0403058	0.00414365	0.0457619	0.184869	0.19456	0.230124	0.277158	0.064591	0.0105692	0.0766494	0.172644	0.526492	1.02517	2.2757	5	1.421212
405000	-514.1071	-564.6998	50.5927	10	0.4304859	0.111322	0.00326047	0.000167422	0.0694591	0.0696171	0.0177598	0.00762556	0.0135702	0.00788099	0.0199519	0.123631	0.216764	0.351995	0.162955	0.00565003	0.0225056	0.0876743	0.0213469	0.20414	0.762269	3.01224	5	1.291789
406000	-542.5511	-575.8193	33.26817	2	1.882128	0.106295	0.0401681	0.0464038	0.117949	0.0058285	0.0258062	0.0367048	0.0277611	0.00684437	0.0335939	0.187841	0.16983	0.197004	0.278819	0.00316434	0.0573546	0.0861565	0.278786	0.641864	1.06674	2.01261	4	1.427524
407000	-534.88	-563.8739	28.994	2	0.742449	0.138318	0.00171838	0.00653127	0.0802877	0.0318024	0.0129073	0.0114142	0.0103228	0.012045	0.0357532	0.240781	0.567495	0.185273	0.430195	0.0240804	0.0492851	0.111345	0.0832687	0.382889	0.939637	2.59421	4	1.949554
408000	-540.6685	-572.9507	32.28214	2	1.984799	0.215349	0.0182871	0.0514888	0.0946584	0.000253543	0.00205001	0.0617985	0.152543	0.0148591	0.0362854	0.359402	0.306633	0.123237	0.542224	0.021848	0.00192918	0.0807113	0.291453	0.653387	1.0696	1.98555	4	2.083557
409000	-533.5835	-567.1033	33.51979	2	2.070369	0.137335	0.0129895	0.00655563	0.0749515	0.00249049	0.0079026	0.0230873	0.0298265	0.00148108	0.0563947	0.174086	0.359287	0.11079	0.368144	0.0306362	0.0730785	0.162126	0.301532	0.662294	1.07165	1.96452	4	1.631162
410000	-538.3654	-577.2444	38.87905	2	1.248326	0.114098	0.0137039	0.00704086	0.0832121	0.00932066	0.0163249	0.0371845	0.0495236	0.0101558	0.0189894	0.149436	0.37074	0.146206	0.223606	0.0430691	0.0377005	0.0567818	0.183701	0.540495	1.03145	2.24435	4	1.387093
411000	-520.829	-567.5829	46.75394	10	0.9554453	0.149109	0.00101193	0.0333428	0.0573229	0.0283942	0.0128443	0.031324	0.0209708	0.0247261	0.0243615	0.219338	0.455038	0.073406	0.347308	0.0101257	0.0781873	0.135112	0.127981	0.462938	0.992206	2.41688	5	1.701923
412000	-528.4901	-566.4793	37.98919	2	1.208202	0.127983	0.0173367	0.0077163	0.0646663	0.0240507	0.0091989	0.0251641	0.0167331	0.0194417	0.0459449	0.175883	0.420602	0.138197	0.243783	0.0509996	0.00738688	0.0680059	0.176536	0.531488	1.02745	2.26453	4	1.463093
413000	-531.2069	-567.3808	36.1739	2	0.6060038	0.0973367	0.00857847	0.0209032	0.075787	0.0101591	0.0385348	0.0036597	0.0204414	0.0227998	0.0309337	0.195259	0.327992	0.196092	0.15831	0.0284289	0.0341767	0.0867718	0.0543487	0.315593	0.884351	2.74571	4	1.356163
414000	-539.6329	-576.023	36.39002	2	0.8382917	0.0839894	0.0285891	0.00666154	0.0790735	0.0167334	0.016808	0.023363	0.121121	0.0271855	0.0365719	0.168235	0.12286	0.36895	0.358134	0.00261515	0.0604209	0.0537837	0.103677	0.422105	0.967025	2.50719	4	1.575096
415000	-526.8076	-570.7434	43.9358	2	0.8313145	0.108104	0.0134253	0.00682607	0.0549777	0.0214467	0.00540634	0.0166323	0.0263719	0.0211439	0.0312657	0.152243	0.0975909	0.194764	0.111406	0.000736489	0.0493035	0.0424005	0.102203	0.419442	0.965268	2.51309	4	0.954044
416000	-525.8449	-575.8109	49.96601	10	1.752897	0.136773	0.0192598	0.00518664	0.163646	0.0347157	0.011367	0.00668582	0.032563	0.0131888	0.0372006	0.154898	0.225201	0.23058	0.178778	0.0170097	0.00408879	0.0830704	0.261882	0.625871	1.06237	2.04988	5	1.354212
417000	-524.3979	-579.058	54.66006	10	1.492255	0.140685	0.0274044	0.0131864	0.109289	0.0192985	0.0149171	0.0764892	0.00793833	0.0360489	0.0512906	0.161255	0.0935392	0.21203	0.309762	0.0376426	0.0169445	0.145308	0.224124	0.587262	1.04996	2.13865	5	1.473028
418000	-525.9319	-570.7984	44.86644	10	4.260022	0.172119	0.00612994	0.0163442	0.0893231	0.0321095	0.0157653	0.0563792	0.00575766	0.0621206	0.0321434	0.275581	0.244006	0.228531	0.317606	0.0542442	0.0523549	0.187779	0.4681	0.783747	1.08428	1.66387	5	1.848295
419000	-542.0454	-573.2426	31.19714	1	1.592926	0.175604	0.0101802	0.0171979	0.0832039	0.0263748	0.00230113	0.0364169	0.00775682	0.0178129	0.104446	0.179303	0.110555	0.232862	0.299537	0.0350038	0.0210491	0.111074	0.239327	0.603327	1.05544	2.1019	3	1.470679
420000	-520.5038	-567.8328	47.32895	2	0.126278	0.048731	0.00264821	0.000906938	0.0376343	0.0039108	0.00307063	0.00608207	0.00979782	0.00431742	0.0145527	0.0756017	0.051596	0.193903	0.105303	0.0068226	0.0106311	0.0346336	9.38614e-06	0.0045395	0.169779	3.82567	4	0.6101428
421000	-533.2743	-571.005	37.73066	2	0.3277585	0.162423	0.0126119	0.00209101	0.063756	0.00364705	0.0030827	0.0338413	0.040036	0.0211623	0.0240398	0.105782	0.0769329	0.319915	0.299625	0.0191311	0.0181414	0.0657857	0.00781502	0.12619	0.639605	3.22639	4	1.272005
422000	-533.8233	-571.8084	37.98507	2	1.211715	0.131225	0.0114536	0.00979749	0.135785	0.0332923	0.0146643	0.0100966	0.0188829	0.00636566	0.023848	0.156853	0.0746404	0.205214	0.218886	0.0144664	0.00313703	0.0565578	0.177169	0.532294	1.02781	2.26272	4	1.125165
423000	-536.3544	-571.4086	35.05419	2	0.8725514	0.200422	0.00914672	0.00696658	0.12467	0.0340332	0.0125332	0.0165348	0.00398432	0.0191959	0.0472979	0.255171	0.290497	0.194618	0.363514	0.00325937	0.0224876	0.0730545	0.110877	0.434783	0.975195	2.47914	4	1.677386
424000	-542.3473	-572.8039	30.45661	2	6.072697	0.186804	0.000638171	0.0497042	0.059336	0.0064196	0.0251822	0.0291501	0.0203169	0.0166976	0.029846	0.29974	0.0962922	0.224028	0.335497	0.0255487	0.00575157	0.0954904	0.541331	0.82584	1.0811	1.55173	4	1.506444
425000	-510.0849	-567.8573	57.77238	10	1.814846	0.177985	0.0301844	0.0143767	0.0970793	0.018566	0.00852263	0.0213765	0.0342808	0.00703323	0.0434517	0.192627	0.0615728	0.288089	0.268741	0.0104832	0.0397349	0.0911967	0.270124	0.63376	1.06458	2.03153	5	1.405302
426000	-518.3107	-570.8526	52.54182	10	1.354632	0.209271	0.0300699	0.0234049	0.0477057	0.0160221	0.00537041	0.034797	0.010753	0.00481302	0.0638733	0.253762	0.239995	0.374589	0.307857	0.0391088	0.000155356	0.0971312	0.201968	0.562425	1.04061	2.195	5	1.758678
427000	-528.903	-577.0889	48.18594	10	1.166883	0.102261	0.023294	0.012398	0.104878	0.125366	0.0323563	0.030551	0.0419021	0.0447246	0.0345731	0.364688	0.229244	0.15356	0.392345	0.0419733	0.0203178	0.116523	0.169	0.521746	1.02296	2.2863	5	1.870955
428000	-537.7961	-571.18	33.38393	2	0.4658221	0.141505	0.00375062	0.0667975	0.0796945	0.0372873	0.00894196	0.0174018	0.0747382	0.00970918	0.0464328	0.212441	0.239713	0.356219	0.293649	0.00859446	0.0141942	0.0183621	0.0272417	0.229019	0.793713	2.95003	4	1.629433
429000	-524.6584	-571.1594	46.501	10	7.235224	0.200331	0.0112339	0.00166153	0.057694	0.0391765	0.0396879	0.00846266	0.0312354	0.00364523	0.0488442	0.161072	0.109859	0.266983	0.160632	0.0314378	0.0153345	0.0776042	0.574745	0.843334	1.07841	1.50352	5	1.264896
430000	-519.4628	-573.1988	53.73605	10	1.802339	0.130503	0.0190966	0.0127401	0.119768	0.00783779	0.0322647	0.0181733	0.0226063	0.0254171	0.051641	0.140886	0.229416	0.107687	0.506062	0.0163968	0.0394567	0.149615	0.268481	0.632202	1.06415	2.03516	5	1.629567
431000	-533.6486	-563.0385	29.38988	2	4.755964	0.227883	0.00484789	0.0226932	0.0993333	0.0253014	0.00981675	0.0285403	0.000383768	0.0110288	0.0332407	0.173895	0.0312778	0.383794	0.361192	0.0346502	0.0335604	0.130971	0.491615	0.797868	1.0837	1.62682	4	1.61241
432000	-539.0629	-569.7602	30.69731	2	3.123818	0.198656	0.00843298	0.0298243	0.10725	0.00710714	0.0037075	0.0290491	0.0270547	0.0137114	0.0794373	0.204833	0.301147	0.34778	0.248172	0.00110431	0.0805806	0.152555	0.398619	0.738161	1.08306	1.78016	4	1.840402
433000	-531.0242	-574.3761	43.35185	10	2.875417	0.12663	0.0209351	0.0140151	0.0643603	0.0221379	0.0320978	0.0198408	0.110319	0.051896	0.0648303	0.230617	0.24807	0.370698	0.395285	0.085535	0.0116666	0.088157	0.379388	0.724388	1.08183	1.8144	5	1.957091
434000	-542.6975	-573.2193	30.52174	1	1.268827	0.149973	0.00737498	0.008879	0.0498317	0.000336129	0.0137023	0.0339823	0.031617	0.0474401	0.0459685	0.286557	0.230407	0.365739	0.165344	0.0307453	0.0587406	0.0439906	0.187305	0.544935	1.03337	2.23439	3	1.570629
435000	-538.6943	-569.3448	30.65053	2	1.77398	0.240827	0.00335045	0.0198164	0.131946	0.138933	0.0030152	0.0278254	0.0649926	0.0263603	0.0601447	0.301478	0.341793	0.165302	0.355879	0.0396727	0.010828	0.120872	0.264716	0.628605	1.06315	2.04353	4	2.053035
436000	-533.2664	-575.2409	41.97453	2	0.2634397	0.0839569	0.00829832	0.0067411	0.0538775	0.0138606	0.0121001	0.00621707	0.00374311	0.0135509	0.0291039	0.114723	0.00336134	0.187361	0.257056	0.0268114	0.0132522	0.0884644	0.00279818	0.0765532	0.528984	3.39166	4	0.9224789
437000	-538.4089	-570.9866	32.57768	1	0.7792444	0.152493	0.00237925	0.0113075	0.0640469	0.0431322	0.0193902	0.0241996	0.0308411	0.0277907	0.0650342	0.197919	0.173678	0.177384	0.231377	0.0424429	0.00311146	0.147466	0.0911351	0.398641	0.951034	2.55919	3	1.413993
438000	-541.9415	-573.1346	31.1931	2	1.480083	0.153224	0.0247617	0.0437128	0.104664	0.0145871	0.00220224	0.0424943	0.0658437	0.00163136	0.0692997	0.357783	0.0995648	0.4053	0.280669	0.00144719	0.0363279	0.181683	0.222229	0.585207	1.04923	2.14333	4	1.885196
439000	-530.7398	-570.0882	39.34848	2	1.253634	0.120179	0.00868119	0.00469552	0.119245	0.0547144	0.0150578	0.0462883	0.0400203	0.003466	0.0589412	0.134331	0.107179	0.216385	0.240654	0.0194284	0.00795042	0.0491089	0.184638	0.541655	1.03196	2.24175	4	1.246327
440000	-531.4989	-567.3328	35.83387	2	1.740244	0.192702	0.0132715	0.00336543	0.0808889	0.0585154	0.0155381	0.0251302	0.0460082	0.0468912	0.0341998	0.16515	0.108933	0.285497	0.290479	0.0144564	0.00165543	0.0880401	0.260165	0.624206	1.06189	2.05374	4	1.470722
441000	-515.8405	-573.1788	57.33827	10	1.105798	0.0850115	0.0156873	0.000652337	0.0818562	0.0472124	0.0201832	0.0502254	0.0265298	0.014	0.0438039	0.1307	0.0871068	0.18455	0.325124	0.014353	0.0153157	0.0811512	0.157567	0.506395	1.01553	2.3205	5	1.223462
442000	-537.2304	-570.9142	33.68388	2	1.545123	0.227076	0.0261227	0.00733782	0.124866	0.00915178	0.0116176	0.0206545	0.00277961	0.025543	0.0141987	0.321588	0.272382	0.0263288	0.476846	0.0240925	0.012219	0.141191	0.23221	0.595899	1.05297	2.11893	4	1.743994
443000	-538.4942	-572.7306	34.23636	2	1.353164	0.147234	0.0225742	0.00239147	0.0525162	0.0175249	0.018298	0.0352698	0.0365127	0.0110788	0.0518251	0.218435	0.561274	0.110447	0.271994	0.073702	0.0336833	0.0747103	0.201722	0.562139	1.04049	2.19564	4	1.73947
444000	-532.4367	-568.6707	36.23401	2	1.800931	0.114221	0.0101972	0.0234514	0.113417	0.00136654	0.0066366	0.0254519	0.00258194	0.00362223	0.0347481	0.188084	0.253946	0.129437	0.403903	0.0114849	0.000829495	0.150559	0.268295	0.632025	1.06411	2.03557	4	1.473938
445000	-534.1295	-566.9426	32.81318	2	2.051004	0.224063	0.00810049	0.000784782	0.11872	0.0440278	0.0259085	0.0254348	0.0229611	0.0180168	0.0439898	0.253139	0.345404	0.0603054	0.336653	0.10449	0.000788047	0.139158	0.299288	0.66033	1.07122	1.96917	4	1.771943
446000	-539.4569	-571.0798	31.6229	2	1.160869	0.126061	0.0132863	0.0319671	0.0625876	0.0034518	0.000864733	0.0358942	0.0116282	0.0361782	0.0438088	0.249669	0.441022	0.0313272	0.509816	0.0245969	0.0103493	0.16309	0.16789	0.520286	1.02227	2.28956	4	1.795598
447000	-529.965	-565.2322	35.26722	2	2.740279	0.114098	0.00152667	0.0105763	0.0968642	0.0162314	0.00138242	0.0363227	0.00809143	0.00551185	0.0474705	0.240502	0.299277	0.165371	0.324947	0.0223799	0.0373814	0.128815	0.368115	0.716052	1.08089	1.83494	4	1.556749
448000	-521.5101	-572.7194	51.20927	10	1.528421	0.205883	0.00445883	0.0314615	0.0764676	0.00954377	0.0220632	0.0373371	0.0252103	0.013127	0.0488587	0.269576	0.35049	0.123842	0.294739	0.0202085	0.0599139	0.138453	0.22968	0.59322	1.05205	2.12505	5	1.731632
449000	-531.9402	-570.4188	38.47862	2	0.4949471	0.0993787	0.0116204	0.0113523	0.0335524	0.0227793	0.00294635	0.0269467	0.072119	0.0157573	0.0451499	0.125253	0.218552	0.0501656	0.264081	0.0141176	0.024163	0.0306434	0.0324551	0.248604	0.816557	2.90238	4	1.068578
450000	-534.3742	-579.1339	44.75966	2	0.2335255	0.0641892	0.000789374	0.00523562	0.0486082	0.00884176	0.019886	0.0010791	0.0243382	0.004319	0.0563374	0.148174	0.0827967	0.170944	0.141729	0.02182	0.022822	0.124965	0.00143079	0.0550779	0.465432	3.47806	4	0.9468761
451000	-512.8925	-567.7696	54.87711	10	0.389484	0.0717193	0.000194473	0.00418281	0.0807644	0.00448141	0.003642	0.0423932	0.012362	0.0212654	0.0204007	0.214507	0.298096	0.149682	0.33662	0.00521928	0.00408841	0.0946827	0.015227	0.173858	0.719646	3.09127	5	1.3643
452000	-506.5913	-567.8516	61.26024	10	0.3973129	0.109587	0.00233349	0.0192203	0.0650245	0.0104966	0.0338705	0.00310711	0.0166852	0.00175876	0.0340164	0.0692021	0.204122	0.124614	0.0906014	0.0294642	0.0214318	0.0797275	0.0163287	0.179746	0.728356	3.07557	5	0.9152628
453000	-509.7567	-569.2514	59.49468	10	1.034457	0.155718	0.0127453	0.0406131	0.0314784	0.00242809	0.00375763	0.0249964	0.00523918	0.0282232	0.0360415	0.201159	0.068526	0.2253	0.221753	0.0169068	0.00348429	0.086235	0.143777	0.486869	1.00548	2.36387	5	1.164604
454000	-535.7345	-568.7889	33.05443	2	1.574002	0.189866	0.0303168	0.0166204	0.0870944	0.0907241	0.0198879	0.00157532	0.0285093	0.0293343	0.0255828	0.144274	0.0848942	0.383468	0.284201	0.0531532	0.0501997	0.172379	0.236531	0.600428	1.05449	2.10855	4	1.692082
455000	-531.8379	-568.2416	36.40369	2	1.317313	0.199133	0.00705219	0.00776492	0.10585	0.0509098	0.0154226	0.0129308	0.026246	0.0169584	0.066967	0.100545	0.141077	0.361956	0.330956	0.014747	0.031195	0.0715368	0.195673	0.555026	1.03761	2.21169	4	1.561248
456000	-556.9554	-580.8753	23.91997	2	3.643544	0.0894757	0.0337519	0.0130013	0.156936	0.0316732	0.0285633	0.0370566	0.0186897	0.0580711	0.0266951	0.402349	0.211393	0.211301	0.288828	0.0718748	0.0115645	0.117845	0.43364	0.761904	1.08426	1.72019	4	1.809069
457000	-532.542	-570.6656	38.12367	2	3.920387	0.115017	0.0328003	0.00743017	0.0727614	0.04259	0.000270353	0.031655	0.00949617	0.0164401	0.0170163	0.159838	0.0552074	0.312103	0.272044	0.0157836	0.0386606	0.118723	0.449935	0.77241	1.08441	1.69325	4	1.317837
458000	-520.3955	-572.4994	52.10388	10	1.444305	0.208158	0.0114598	0.0023597	0.0915469	0.070688	0.0227377	0.0111286	0.00563357	0.0293849	0.0550725	0.0987033	0.252429	0.352743	0.29478	0.0709887	0.0674473	0.151666	0.216589	0.579016	1.04698	2.15742	5	1.796927
459000	-519.4509	-570.1307	50.67988	10	2.797033	0.252926	0.00670295	0.0191295	0.11058	0.0840098	0.00261547	0.0673737	0.073739	0.0232298	0.0563234	0.151723	0.227042	0.29905	0.286028	0.0321936	0.0641943	0.115262	0.372924	0.719633	1.08131	1.82613	5	1.872122
460000	-542.4429	-574.5116	32.06873	2	0.7295169	0.105258	0.0012228	0.0153977	0.0776213	0.00596734	0.0248397	0.0120143	0.0262008	0.0476167	0.0425511	0.19191	0.0638779	0.285373	0.724476	0.0207072	0.0186346	0.178719	0.0805009	0.37713	0.935334	2.60703	4	1.842387
461000	-533.2246	-571.303	38.07832	2	1.88088	0.158165	0.00042234	0.026318	0.110361	0.00750922	0.00776693	0.0187427	0.0067989	0.0190092	0.056165	0.141063	0.113054	0.194815	0.266333	0.00281196	0.0104928	0.0599435	0.278628	0.641718	1.0667	2.01295	4	1.199772
462000	-513.3025	-566.9238	53.62135	10	1.273677	0.174514	0.0102302	0.00171729	0.039965	0.0278414	0.00524699	0.0172476	0.00252316	0.022596	0.0277616	0.191191	0.0839461	0.206137	0.241787	0.0256053	0.0611239	0.118863	0.188151	0.54597	1.03382	2.23206	5	1.258296
463000	-526.3086	-567.773	41.46434	10	1.648564	0.143879	0.00785985	0.00664701	0.103231	0.0167786	0.0206568	0.0406269	0.0311204	0.0247594	0.0621123	0.274624	0.282107	0.325149	0.398056	0.0564348	0.0297853	0.127094	0.247387	0.611552	1.05807	2.08299	5	1.950922
464000	-519.8215	-571.2745	51.45297	10	0.7795168	0.127137	0.013951	0.0273642	0.156097	0.00701672	0.0538708	0.0369063	0.00790566	0.0107217	0.0510852	0.43256	0.0934236	0.186744	0.40181	0.00241219	0.0286318	0.120901	0.0911932	0.398755	0.951114	2.55894	5	1.758538
465000	-524.5937	-574.9584	50.36476	10	1.390246	0.0934911	0.0310358	0.0310604	0.0629208	0.0545893	0.013381	0.02525	0.0447093	0.021364	0.0620484	0.346816	0.11633	0.17726	0.466356	0.096254	0.0505589	0.0594649	0.207859	0.569206	1.04327	2.17967	5	1.75289
466000	-533.3989	-568.6009	35.20202	2	0.9091938	0.179336	0.0101856	0.0149666	0.0618711	0.0394774	0.0049288	0.0352252	0.0472977	0.0087746	0.0545919	0.328451	0.263851	0.166814	0.228142	0.0316191	0.00477399	0.0632001	0.118498	0.447647	0.983158	2.4507	4	1.543507
467000	-543.8405	-573.6242	29.78364	2	2.422563	0.202381	0.0128839	0.0344772	0.106876	0.0512915	0.00593439	0.0445041	0.0133945	0.0241448	0.0238712	0.102496	0.184829	0.32671	0.525888	0.0111452	0.00644776	0.149239	0.33899	0.693545	1.07769	1.88977	4	1.826514
468000	-545.8014	-578.9873	33.18586	2	1.08038	0.141051	0.0101759	0.0228624	0.184103	0.0440756	0.0288578	0.010577	0.0708944	0.0280254	0.0414108	0.0520997	0.51722	0.272705	0.263795	0.0656551	0.00645989	0.150785	0.152707	0.499647	1.01214	2.33551	4	1.910754
469000	-531.8458	-572.9879	41.14213	2	0.5516697	0.182714	0.00317617	0.0387846	0.0583129	0.0471242	0.00403607	0.024092	0.0298682	0.0244642	0.032596	0.112688	0.174504	0.225955	0.220185	0.0132528	0.0353337	0.0617269	0.0433192	0.284315	0.854507	2.81786	4	1.288814
470000	-514.7857	-567.5666	52.7809	10	1.970617	0.131427	0.00279827	0.00234162	0.103114	0.0162513	0.027108	0.0252402	0.104139	0.0162827	0.0362683	0.325118	0.0118237	0.157994	0.327448	0.0393029	0.00531792	0.0631353	0.289742	0.651852	1.06924	1.98917	5	1.39511
471000	-510.5046	-569.8929	59.38829	10	0.8293945	0.133955	0.01193	0.0123482	0.0522962	0.00635239	0.0100403	0.0366211	0.00872946	0.0126214	0.0392411	0.352172	0.245945	0.114477	0.168959	0.0426992	0.0423154	0.0883892	0.101796	0.418705	0.964778	2.51472	5	1.379092
472000	-517.4897	-575.2698	57.78006	10	0.7695162	0.114987	0.000841496	0.0141941	0.0365742	0.0342281	0.0525424	0.0156019	0.0166614	0.000863012	0.0667108	0.194141	0.126416	0.167162	0.240085	0.00263675	0.0268358	0.135849	0.0890576	0.394565	0.948137	2.56824	5	1.24633
473000	-519.941	-569.2445	49.30359	10	1.707776	0.172552	0.0411187	0.00197184	0.0872423	0.0519627	0.00784569	0.0388212	0.0469065	0.00038043	0.0590529	0.277709	0.0385431	0.287048	0.284143	0.0893674	0.0108728	0.115817	0.25571	0.619846	1.06061	2.06384	5	1.611355
474000	-522.46	-563.5661	41.10605	10	3.001857	0.119237	0.0071673	0.00173086	0.104753	0.0405854	0.00858147	0.0421711	0.00727271	0.027866	0.0537	0.207142	0.0972728	0.217021	0.251678	0.0299232	0.0101262	0.141127	0.389405	0.731631	1.08253	1.79644	5	1.367355
475000	-525.7993	-571.9258	46.12657	10	1.872562	0.241448	0.00704494	0.0279336	0.158665	0.0136649	0.0345208	0.0259668	0.121731	0.0131431	0.050983	0.460863	0.276147	0.223634	0.526732	0.0450158	0.0109835	0.00747892	0.277573	0.64074	1.06645	2.01524	5	2.245957
476000	-541.2537	-572.2409	30.98715	2	1.602382	0.1968	0.00987687	0.0648057	0.105023	0.0589682	0.0110954	0.0179317	0.0538305	0.00444206	0.0723095	0.458233	0.329426	0.115538	0.19989	0.0656946	0.00788676	0.0887007	0.240714	0.604756	1.05591	2.09862	4	1.860453
477000	-539.5717	-577.6957	38.12396	2	1.118629	0.0921229	0.0131983	0.00682225	0.076668	0.0392156	0.0334356	0.0341866	0.0599176	0.0552636	0.0259027	0.254419	0.027412	0.145651	0.293993	0.0207914	0.0526658	0.107602	0.159997	0.509719	1.01718	2.31311	4	1.339268
478000	-529.8002	-568.9593	39.15909	2	2.227525	0.155383	0.0257813	0.00767514	0.076763	0.0375445	0.00683432	0.0512743	0.0199276	0.0326981	0.00944819	0.210187	0.0689654	0.197397	0.287618	0.0173658	0.0261588	0.136421	0.319001	0.677215	1.07476	1.92902	4	1.367442
479000	-519.7179	-570.4608	50.74293	10	1.118311	0.088936	0.00706475	0.015799	0.0948224	0.0412731	0.0330074	0.00835973	0.0198125	0.0165842	0.0279825	0.194963	0.19104	0.0855752	0.440245	0.0074449	0.0368486	0.130533	0.159937	0.509637	1.01714	2.31329	5	1.440291
480000	-537.3853	-568.3852	30.99991	2	4.375035	0.173498	0.00704007	0.00226257	0.114734	0.0379399	0.00998026	0.0317413	0.0381511	0.0168976	0.0243132	0.0442746	0.242887	0.187772	0.286574	0.0445736	0.02207	0.0570154	0.473849	0.787255	1.08418	1.65472	4	1.341724
481000	-539.1324	-573.6777	34.54532	2	0.3767709	0.089806	0.00238354	0.0180326	0.0586053	0.0133916	0.00899758	0.0108135	0.055439	0.00640266	0.0546851	0.292944	0.25573	0.259535	0.352377	0.0280477	0.0378274	0.0984199	0.0135108	0.164202	0.704869	3.11742	4	1.643438
482000	-544.5681	-577.0571	32.48894	2	1.953533	0.133974	0.00681051	0.048335	0.113278	0.0252827	0.0072151	0.0265818	0.00646276	0.00578903	0.04033	0.177592	0.261616	0.20943	0.205994	0.0201026	0.0333353	0.197072	0.287664	0.64998	1.06878	1.99357	4	1.519201
483000	-533.1071	-568.4499	35.34283	2	1.368797	0.113498	0.0169716	0.00709863	0.121032	0.00656214	0.0212846	0.0273931	0.0235552	0.0212657	0.0773784	0.0927158	0.247643	0.330947	0.501077	0.0198829	0.0222545	0.0681412	0.204324	0.565154	1.04169	2.18883	4	1.718701
484000	-518.1458	-568.7404	50.5946	10	3.418669	0.10703	0.00253904	0.0479844	0.0877197	0.0242071	0.0171502	0.0155439	0.0520981	0.0202594	0.0509444	0.120919	0.181444	0.20484	0.362617	0.0607222	0.0121083	0.108115	0.419264	0.752357	1.08393	1.74445	5	1.476241
485000	-533.9264	-568.0043	34.07785	2	1.013197	0.214416	0.0104139	0.0128789	0.101464	0.0218026	0.00775441	0.0215998	0.0233985	0.00643173	0.062953	0.0974138	0.323773	0.240172	0.212292	0.0266615	0.0164823	0.0938257	0.13958	0.480683	1.00215	2.37758	4	1.493733
486000	-527.4283	-568.686	41.25767	2	0.4654558	0.135839	0.00648127	0.0050513	0.0399768	0.0136087	0.0136186	0.00929139	0.0238141	0.0111464	0.0239425	0.0551647	0.110059	0.166351	0.184488	0.032807	0.052349	0.062088	0.027178	0.228767	0.793409	2.95065	4	0.9460756
487000	-531.4747	-570.7597	39.28496	2	1.303968	0.2271	0.00443489	0.0201757	0.0890141	0.0481675	0.00649853	0.0221414	0.0671985	0.0313192	0.0297514	0.141954	0.207131	0.275253	0.197213	0.0141234	0.0213867	0.0529326	0.193391	0.552304	1.03649	2.21782	4	1.455796
488000	-517.0143	-572.9714	55.95715	10	0.59667	0.183199	0.00365421	0.0078642	0.0814276	0.0347313	0.0178255	0.0251402	0.0980175	0.0213971	0.0464195	0.121038	0.411252	0.256538	0.274823	0.00844278	0.0516909	0.00799322	0.052422	0.310416	0.87961	2.75755	5	1.651454
489000	-522.0582	-575.1119	53.0537	10	0.8591634	0.0563938	0.00683599	0.0231196	0.13436	0.0644908	0.0220361	0.0198028	0.0174894	0.0629625	0.0466565	0.101805	0.370959	0.148589	0.348732	0.025987	0.0361955	0.0950647	0.108072	0.429906	0.97209	2.48993	5	1.581479
490000	-518.3715	-572.1894	53.8179	10	2.150873	0.114474	0.0188265	0.0340936	0.125686	0.015918	0.00796705	0.0522211	0.0506219	0.0396788	0.107085	0.237597	0.328686	0.175069	0.283116	0.00172949	0.0184915	0.06598	0.310643	0.670155	1.07334	1.94586	5	1.677241
491000	-511.9556	-567.5664	55.61076	10	2.020862	0.184255	0.00853919	0.0112464	0.0594016	0.0302285	0.0142811	0.0328124	0.0349582	0.00207757	0.0666717	0.18244	0.147765	0.11123	0.224529	0.011332	0.0224834	0.0811951	0.295752	0.657214	1.0705	1.97653	5	1.225446
492000	-519.5965	-571.1489	51.55235	10	1.494924	0.153327	0.0127932	0.0476322	0.0954759	0.00514081	0.0178032	0.04625	0.0226444	0.0061044	0.0617076	0.00898215	0.383506	0.181883	0.43886	0.0713387	0.00753693	0.125351	0.224537	0.587709	1.05012	2.13763	5	1.686337
493000	-537.1108	-569.0807	31.96994	1	0.9468912	0.183896	0.0383382	0.00558919	0.109633	0.00981411	0.0258317	0.0151935	0.0359642	0.00663077	0.0473059	0.137568	0.250646	0.123908	0.32399	0.0173341	0.00124098	0.125118	0.126239	0.460185	0.990611	2.42296	3	1.458002
494000	-538.2382	-570.4583	32.22007	1	1.934383	0.206573	0.0235834	0.00166099	0.0797785	0.0626892	0.00957595	0.00427932	0.0344198	0.0225796	0.0206439	0.105561	0.20884	0.217527	0.213878	0.014102	0.025128	0.0834209	0.285314	0.64785	1.06826	1.99858	3	1.33424
495000	-540.1527	-571.019	30.86628	2	0.4496482	0.172153	0.000429845	0.0280075	0.157672	0.0302292	0.00990516	0.0468223	0.0093118	0.0101603	0.0353148	0.0978246	0.347752	0.218669	0.588388	0.0834383	0.0170653	0.178567	0.0244797	0.21778	0.779868	2.97787	4	2.03171
496000	-535.9577	-570.5295	34.57183	2	1.566755	0.152706	0.00104979	0.0216154	0.070657	0.00633401	0.0441525	0.00235002	0.0153287	0.0201929	0.053123	0.175757	0.344311	0.213499	0.28287	0.0537418	0.0397473	0.140473	0.235453	0.599303	1.05411	2.11113	4	1.637909
497000	-539.0914	-570.3578	31.26641	2	3.386072	0.188268	0.00235013	0.041303	0.107212	0.0650915	0.0182013	0.0504015	0.0126643	0.0480205	0.0393202	0.149503	0.106381	0.136535	0.272481	0.00279194	0.0523504	0.376319	0.417087	0.750887	1.08386	1.74817	4	1.669194
498000	-533.3622	-575.241	41.87881	2	0.4237	0.144808	0.000815446	0.00584369	0.0711589	0.0823522	0.0125046	0.0200014	0.11411	0.00442348	0.0291942	0.147083	0.0053023	0.134116	0.321572	0.0158965	0.0250564	0.162387	0.0202767	0.199227	0.755704	3.02479	4	1.296625
499000	-544.2407	-572.7955	28.55483	2	2.815128	0.190773	0.0128094	0.0204191	0.150627	0.00582826	0.0291989	0.0347256	0.00352206	0.070035	0.0427609	0.102896	0.126534	0.298714	0.33545	0.0158035	0.0220356	0.507505	0.374434	0.72075	1.08144	1.82338	4	1.969638
500000	-536.2911	-573.802	37.51094	2	2.297126	0.189346	0.00171658	0.00658121	0.0740366	0.0746098	0.0155998	0.0260337	0.0116985	0.0252311	0.0386586	0.00890745	0.113892	0.138566	0.301891	0.017929	0.0228201	0.269913	0.326338	0.683297	1.07591	1.91445	4	1.33743
501000	-542.4022	-572.2216	29.81942	1	2.40482	0.130754	0.0205489	0.000933219	0.0993108	0.0608287	0.00753201	0.0279672	0.104755	0.0190578	0.0957059	0.118501	0.0763095	0.201292	0.321746	0.0126232	0.0264501	0.202947	0.337243	0.692148	1.07746	1.89315	3	1.527261
502000	-533.9405	-565.8699	31.92942	1	1.190977	0.139804	0.00730948	0.0167638	0.105235	0.0736884	0.00173494	0.0202368	0.00824252	0.0176465	0.0426201	0.174495	0.0873566	0.248999	0.111752	0.0110407	0.0502688	0.320451	0.173414	0.527486	1.02562	2.27348	3	1.437645
503000	-533.6428	-569.9998	36.35699	2	1.478206	0.203973	0.019027	0.002595	0.0561731	0.0234253	0.0194535	0.0208731	0.015788	0.0132903	0.0527183	0.106728	0.106086	0.27912	0.242894	0.0279347	0.0721713	0.360985	0.221936	0.584888	1.04912	2.14406	4	1.623235
504000	-531.3456	-567.214	35.8684	2	0.7525888	0.144673	0.00392773	0.0144224	0.0605924	0.040924	0.00882267	0.026578	0.0103926	0.015733	0.0390495	0.0647519	0.0905477	0.145801	0.273727	0.0137279	0.0118684	0.28115	0.0854384	0.387322	0.9429	2.58434	4	1.246689
505000	-538.2483	-572.0317	33.78344	2	1.744622	0.211957	0.00912617	0.00472138	0.109434	0.0104098	0.0168554	0.0274894	0.0113616	0.00690634	0.0668177	0.280417	0.108565	0.171052	0.15413	0.01464	0.000642913	0.298661	0.26076	0.624784	1.06206	2.0524	4	1.503187
506000	-523.2102	-564.7726	41.56245	2	0.7832204	0.167777	0.00297354	0.0113873	0.0444196	0.0297834	0.00258623	0.0364956	0.000989028	0.0189893	0.0231651	0.216046	0.0372683	0.129708	0.119153	0.0404285	0.0243377	0.225391	0.0919835	0.40029	0.952195	2.55553	4	1.130899
507000	-535.3361	-571.4452	36.10916	2	1.04228	0.14509	0.00300566	0.0168407	0.055233	0.0220121	0.0163804	0.0416065	0.00463674	0.0206796	0.107798	0.347516	0.104113	0.13795	0.122756	0.0148153	0.0475015	0.202627	0.145312	0.489101	1.00667	2.35892	4	1.410561
508000	-530.6179	-570.5856	39.96777	2	1.145519	0.155944	0.010443	0.0548585	0.0812838	0.000931131	0.0245938	0.0287686	0.0400605	0.0166239	0.0325471	0.236985	0.182022	0.163112	0.0922667	0.00120518	0.0502723	0.166981	0.165041	0.51651	1.02047	2.29798	4	1.3389
509000	-525.3218	-577.5692	52.24731	10	1.737586	0.151332	0.0223149	0.040852	0.107686	0.0406382	0.0353355	0.010679	0.0512446	0.0151307	0.0839594	0.117302	0.222917	0.184718	0.101241	0.0530735	0.0217229	0.296901	0.259803	0.623854	1.06179	2.05456	5	1.557047
510000	-524.8225	-568.6446	43.82212	10	0.8003907	0.159773	0.0224962	0.00306776	0.0702123	0.0307262	0.0034529	0.0161789	0.0718843	0.00231111	0.0586312	0.271223	0.325239	0.184014	0.0578019	0.0376115	0.0199002	0.214457	0.0956419	0.407291	0.957063	2.54	5	1.54898
511000	-512.2666	-570.5982	58.33156	10	0.9628248	0.0992302	0.0110224	0.0349437	0.0964031	0.0383229	0.0269566	0.0228551	0.0578549	0.00577482	0.0587335	0.242087	0.159579	0.163828	0.0574439	0.0328548	0.019908	0.229143	0.129478	0.465285	0.993556	2.41168	5	1.356941
512000	-523.3251	-572.5832	49.25804	10	1.874507	0.249526	0.0345294	0.0386563	0.117175	0.0206113	0.0134746	0.0513129	0.0653681	0.0332938	0.0643438	0.202872	0.184295	0.239159	0.103989	0.0385694	0.0147049	0.430021	0.27782	0.640969	1.06651	2.0147	5	1.9019
513000	-513.7286	-573.1669	59.43834	10	1.309299	0.152236	0.00829452	0.000635925	0.0713516	0.0634272	0.023957	0.00435939	0.035164	0.00355387	0.0833737	0.150876	0.161683	0.110093	0.0697089	0.0677489	0.020494	0.269204	0.194304	0.553396	1.03694	2.21536	5	1.296161
514000	-523.4981	-571.353	47.85496	10	1.214573	0.0984034	0.00286322	0.0329792	0.121651	0.00231369	0.0077674	0.0393999	0.044627	0.0172738	0.0510197	0.313126	0.341045	0.299487	0.172147	0.0104798	0.0343891	0.147182	0.177684	0.532947	1.02811	2.26126	5	1.736154
515000	-531.7255	-570.4069	38.68141	2	1.340796	0.116504	0.00368057	0.00727578	0.186298	0.0244964	0.0243656	0.00228734	0.0145204	0.0311776	0.0474142	0.144934	0.226734	0.161302	0.0978597	0.0195059	0.016899	0.271678	0.199648	0.559718	1.03952	2.20111	4	1.396933
516000	-533.8884	-572.1815	38.29318	2	0.4874924	0.175069	0.0245816	0.0180638	0.087364	0.0124006	0.0279136	0.0120963	0.0189898	0.00816228	0.0870762	0.309771	0.106827	0.142405	0.0713502	0.00478736	0.0166431	0.374526	0.0310936	0.243672	0.81095	2.91428	4	1.498027
517000	-503.6137	-564.8091	61.19546	10	1.437649	0.1968	0.00583131	0.0143364	0.0844942	0.0111055	0.0165789	0.0271669	0.000883953	0.000956438	0.0719673	0.246119	0.116421	0.153632	0.117567	0.00293687	0.00794017	0.176166	0.215528	0.577838	1.04654	2.16009	5	1.250902
518000	-519.8079	-567.6464	47.83855	10	1.172027	0.120182	0.0135786	0.00661058	0.0455243	0.138477	0.0109373	0.0290918	0.00265881	0.00474907	0.0816519	0.236533	0.143808	0.213858	0.0888141	0.0295191	0.0303337	0.225942	0.169947	0.522985	1.02354	2.28353	5	1.42227
519000	-509.1166	-568.4418	59.3252	10	1.34127	0.112665	0.0121984	0.0234376	0.0949627	0.0248865	0.0127084	0.0201228	0.0287024	0.0202725	0.0436203	0.158748	0.147577	0.155504	0.0837982	0.0719435	0.0164114	0.263214	0.199728	0.559811	1.03956	2.2009	5	1.290773
520000	-523.1127	-568.0053	44.89261	10	0.8756962	0.196132	0.0268469	0.0136796	0.0995325	0.0465872	0.0117361	0.0219882	0.00315679	0.00646416	0.0378549	0.241333	0.0766156	0.101266	0.138407	0.00626412	0.0344945	0.173236	0.111535	0.435914	0.975908	2.47664	5	1.235594
521000	-526.9238	-574.4552	47.53138	10	2.67114	0.0804465	0.00425377	0.0143216	0.109698	0.00264742	0.0129611	0.0378075	0.120984	0.0195664	0.0440119	0.27534	0.17563	0.181731	0.0100238	0.0222803	0.0884725	0.282649	0.362104	0.711525	1.08033	1.84604	5	1.482825
522000	-519.905	-569.7994	49.89438	10	0.8560333	0.100338	0.0055779	0.0115601	0.0444022	0.000825385	0.0159494	0.0575216	0.00989609	0.00127421	0.0560833	0.281877	0.0960066	0.185955	0.0838097	0.0758887	0.0138672	0.186966	0.107414	0.428752	0.971349	2.49249	5	1.227797
523000	-543.3917	-574.2388	30.84704	1	2.122198	0.134587	0.0149418	0.0317335	0.0570321	0.0153893	0.0090269	0.0327084	0.0157763	0.0131561	0.0428609	0.296289	0.251262	0.239576	0.0984152	0.0165276	0.00777317	0.175707	0.307438	0.667409	1.07277	1.95239	3	1.452762
524000	-528.426	-569.0139	40.58795	2	0.5754404	0.121184	0.00881971	0.00237733	0.0828128	0.0972675	0.00958694	0.0201307	0.0560774	0.0350487	0.0465767	0.286495	0.0562547	0.191198	0.0558838	0.0111336	0.00402082	0.289777	0.0480854	0.298342	0.868253	2.78532	4	1.374645
525000	-536.7435	-574.4422	37.69875	2	0.5764306	0.0867362	0.025165	0.0371108	0.0458367	0.0131072	0.00684493	0.0274459	0.0291805	0.00650798	0.0655535	0.364754	0.062758	0.235222	0.0824805	0.00926997	0.00408809	0.318029	0.0482861	0.298914	0.868801	2.784	4	1.42009
526000	-531.9556	-573.6688	41.71321	2	0.5324847	0.107927	0.00654913	0.0120382	0.027693	0.0339803	0.00200463	0.0221093	0.00851315	0.0268183	0.0231129	0.297153	0.125036	0.169752	0.0934156	0.0618131	0.00897349	0.254331	0.0395552	0.272595	0.842538	2.84531	4	1.28122
527000	-538.6202	-573.686	35.06586	2	1.9089	0.142	0.0388003	0.00863824	0.0791258	0.00030856	0.0390315	0.0217801	0.103009	0.00895039	0.0588888	0.383736	0.165832	0.167829	0.0339241	0.0235529	0.0643866	0.249751	0.282152	0.644963	1.06753	2.00535	4	1.589543
528000	-546.4605	-575.2312	28.77071	1	2.993341	0.149562	0.0222524	0.0329612	0.0877683	0.0267506	0.0295868	0.0454145	0.0287577	0.043073	0.026236	0.257446	0.169708	0.145173	0.121853	0.00122437	0.0102373	0.375276	0.388746	0.731159	1.08248	1.79761	3	1.57328
529000	-522.8489	-579.2721	56.4232	10	2.565271	0.0896023	0.0461293	0.0187834	0.0660468	0.0249591	0.00235856	0.066593	0.0924065	0.00809554	0.090739	0.316508	0.199377	0.180838	0.0945265	0.0436289	0.0114358	0.156999	0.352559	0.704211	1.07933	1.8639	5	1.509028
530000	-514.0482	-574.9255	60.87735	10	0.2381459	0.0960547	0.0178877	0.0164036	0.0882312	0.0140136	0.00835714	0.00945753	0.0227222	0.0045367	0.0379717	0.100938	0.202661	0.0675664	0.0439886	0.00765188	0.0059025	0.310592	0.00160457	0.0582729	0.475812	3.46431	5	1.054938
531000	-513.0554	-571.549	58.49356	10	1.908282	0.196061	0.00581615	0.0376377	0.0704946	0.0513284	0.00578612	0.0528532	0.00974991	0.0570321	0.049154	0.247295	0.236523	0.204749	0.0948498	0.0248578	0.00599554	0.205727	0.282075	0.644892	1.06752	2.00552	5	1.55591
532000	-514.3904	-564.6274	50.23703	10	1.04683	0.196518	0.00785966	0.00305941	0.085936	0.0169567	0.0233318	0.0129066	0.0155157	0.0366652	0.0457699	0.223577	0.137508	0.187109	0.104658	0.02172	0.021779	0.317703	0.146202	0.490389	1.00735	2.35606	5	1.458574
533000	-541.3341	-575.7192	34.38503	2	4.559952	0.170303	0.0064614	0.0223068	0.0556115	0.0402612	0.0170454	0.0408453	0.0667726	0.0478574	0.025222	0.28215	0.111407	0.141222	0.116115	0.00433679	0.0611727	0.189914	0.482706	0.792589	1.08397	1.64073	4	1.399005
534000	-535.2954	-573.6996	38.40419	2	1.358857	0.213025	0.000273489	0.00193968	0.121566	0.000882532	0.00363242	0.0188014	0.0145219	0.00688707	0.0516702	0.118363	0.231289	0.136931	0.0742268	0.0220267	0.038023	0.327915	0.202673	0.563243	1.04093	2.19315	4	1.381974
535000	-508.7348	-566.4952	57.76039	10	0.3207587	0.0557175	0.00875908	0.00850281	0.054779	0.0086546	0.0232324	0.01983	0.0157181	0.00648502	0.024271	0.145942	0.0687513	0.108248	0.0918745	0.00402682	0.0158136	0.143982	0.00712953	0.12071	0.629072	3.24309	5	0.8045874
536000	-519.1262	-576.2514	57.12517	10	0.8342713	0.140015	0.0321074	0.0029147	0.0531249	0.0220781	0.0225802	0.0140542	0.0826063	0.0239032	0.0914222	0.18547	0.172341	0.11523	0.120455	0.0202983	0.0159506	0.185822	0.102828	0.420574	0.966017	2.51058	5	1.300373
537000	-517.7985	-574.5595	56.76107	10	2.076443	0.165051	0.0178631	0.00709363	0.0911009	0.0609332	0.0147158	0.0239503	0.0500041	0.02183	0.0774978	0.301701	0.209376	0.106764	0.11301	0.002542	0.023471	0.222296	0.302232	0.662904	1.07179	1.96307	5	1.509199
538000	-527.847	-569.3016	41.45468	2	2.050754	0.156544	0.0305028	0.0110884	0.0570767	0.00166388	0.00501719	0.0488159	0.00344161	0.0114843	0.030575	0.252602	0.0753011	0.125981	0.146665	0.0248445	0.00736565	0.207062	0.299259	0.660304	1.07121	1.96923	4	1.196031
539000	-543.2133	-574.2402	31.02687	2	3.75442	0.182781	0.0175164	0.0364486	0.187341	0.0038555	0.00913248	0.0358433	0.0225946	0.00365592	0.100858	0.0702698	0.209765	0.269752	0.133687	0.0176956	0.0455544	0.48552	0.440341	0.766264	1.08435	1.70904	4	1.832272
540000	-535.9388	-574.9236	38.98479	2	1.398846	0.0878685	0.0177248	0.00487195	0.0544444	0.0289025	0.0186	0.0260249	0.0121209	0.0118032	0.0697214	0.19955	0.19173	0.240202	0.0461471	0.0166897	0.0243899	0.349668	0.209265	0.570805	1.04388	2.17605	4	1.400458
541000	-540.2993	-573.6575	33.35829	2	2.928246	0.102752	0.00538356	0.0153496	0.0611876	0.0355649	0.0340369	0.0107379	0.0267898	0.00451302	0.0732186	0.298341	0.00073879	0.198138	0.15801	0.0376573	0.082272	0.274096	0.383634	0.727476	1.08214	1.80675	4	1.418787
542000	-550.4333	-575.9221	25.48884	2	1.685758	0.184655	0.0230308	0.0497481	0.150155	0.0323968	0.0127326	0.0269799	0.0584705	0.0216962	0.0362096	0.346361	0.220191	0.336921	0.126013	0.00406456	0.00410493	0.420641	0.252645	0.616814	1.05969	2.07085	4	2.054371
543000	-533.9364	-567.3201	33.38369	2	3.805995	0.186811	0.0175563	0.0348045	0.103394	0.0322809	0.0169925	0.011102	0.0269552	0.0127421	0.0578243	0.257771	0.173639	0.299736	0.0849571	0.0187771	0.0221453	0.261825	0.443376	0.768221	1.08438	1.70402	4	1.619313
544000	-541.879	-582.0467	40.16765	2	0.4771257	0.063745	0.00435337	0.00761358	0.0602932	0.0241499	0.0197674	0.0330374	0.121109	0.0154035	0.0110269	0.405095	0.0711098	0.0762942	0.0100902	0.0187218	0.00957543	0.184784	0.0292305	0.236721	0.802883	2.93117	4	1.13617
545000	-535.8605	-572.4835	36.62299	2	0.8428413	0.161036	0.0346965	0.0205586	0.103967	0.00265444	0.0339928	0.0126678	0.0324797	0.00644603	0.068006	0.289797	0.113501	0.182278	0.143148	0.00577164	0.0129113	0.4219	0.104637	0.423827	0.968154	2.50338	4	1.645813
546000	-536.5777	-573.4045	36.82687	2	0.8071697	0.143383	0.0070796	0.0153396	0.0692921	0.0566147	0.0085721	0.0135665	0.0319325	0.0231006	0.028155	0.502625	0.0100927	0.098249	0.105772	0.00275905	0.0308801	0.23549	0.0970835	0.410005	0.958922	2.53399	4	1.382904
547000	-536.0322	-569.0283	32.99602	2	0.8968781	0.115904	0.0122087	0.0248845	0.056185	0.0457248	0.0156544	0.0189361	0.00822534	0.0170394	0.0694572	0.350161	0.0515159	0.244737	0.0999984	0.00761404	0.0168747	0.398796	0.115947	0.4434	0.980565	2.46009	4	1.553916
548000	-536.7827	-569.8586	33.07586	2	1.830101	0.145458	0.0180347	0.00437151	0.0979929	0.00518316	0.0294502	0.0182922	0.0520584	0.0141274	0.0545346	0.355639	0.0574097	0.367095	0.0707458	0.0166805	0.0276394	0.461004	0.272114	0.635639	1.06509	2.02715	4	1.795717
549000	-552.1757	-579.7648	27.58908	2	1.420082	0.132514	0.0697644	0.00384258	0.069254	0.128644	0.00734501	0.0475167	0.0857858	0.0355439	0.0746632	0.458374	0.0791572	0.250809	0.20388	0.0353259	0.0116278	0.791156	0.212709	0.57469	1.04536	2.16724	4	2.485203
550000	-538.2658	-571.7389	33.47309	2	3.676191	0.265476	0.00219182	0.0299618	0.130051	0.0892542	0.0144748	0.0277968	0.0211076	0.0132438	0.0383085	0.236243	0.178084	0.300204	0.0765521	0.0571474	0.0509145	0.193251	0.435638	0.76321	1.08429	1.71686	4	1.724263
551000	-518.3211	-569.3927	51.07164	10	2.266291	0.202901	0.0137231	0.0014379	0.0228312	0.00262491	0.0216103	0.0192202	0.0584111	0.0193391	0.0551097	0.329198	0.117433	0.190018	0.108723	0.04175	0.0608936	0.404046	0.323117	0.68064	1.07542	1.92082	5	1.66927
552000	-522.8049	-573.3247	50.51988	10	1.787109	0.121877	0.00420507	0.00268314	0.0211482	0.0149347	0.00281149	0.0581023	0.00185934	0.00614383	0.0848283	0.231825	0.0621361	0.137801	0.183413	0.0363478	0.0409889	0.202332	0.266466	0.630281	1.06362	2.03963	5	1.213436
553000	-520.4944	-569.5214	49.02698	10	3.73649	0.150177	0.0270591	0.011164	0.0898621	0.0328424	0.0372412	0.00991938	0.0445131	0.0205354	0.0162816	0.328836	0.170188	0.179359	0.136778	0.0180092	0.0123434	0.380108	0.439273	0.765574	1.08434	1.71081	5	1.665217
554000	-522.2117	-577.6204	55.40868	10	1.032423	0.16054	0.0379138	0.0165014	0.0963247	0.0233745	0.00113679	0.0239712	0.00191057	0.00943874	0.0680628	0.274659	0.0875974	0.0679151	0.179548	0.00482968	0.000478549	0.350662	0.143377	0.486285	1.00517	2.36517	5	1.404864
555000	-518.9261	-577.8723	58.94617	10	0.4381916	0.0684861	0.00389374	0.0279543	0.0544208	0.0187121	0.00157109	0.0266541	0.0469039	0.0143054	0.0641414	0.239175	0.168019	0.0604372	0.016792	0.0129396	0.00835622	0.121031	0.0225875	0.209666	0.769509	2.99824	5	0.9537934
556000	-526.8363	-566.4958	39.65948	2	1.200507	0.122608	0.00866868	0.00665491	0.0738374	0.0403364	0.00244459	0.0166671	0.0231029	0.0191727	0.0445459	0.306976	0.0136241	0.25711	0.0714113	0.0434927	0.00133922	0.335734	0.175145	0.52971	1.02664	2.2685	4	1.387726
557000	-521.438	-576.9157	55.47772	10	2.013337	0.225627	0.00908034	0.00975156	0.0521939	0.0438011	0.00951387	0.0457252	0.0926708	0.015277	0.0193331	0.142798	0.232769	0.257035	0.0612669	0.0364385	0.00510112	0.327707	0.294862	0.656425	1.07032	1.97839	5	1.586089
558000	-523.6804	-567.1964	43.51596	10	0.9900521	0.23992	0.0165336	0.00414061	0.0467121	0.0295477	0.0161054	0.032016	0.0329706	0.0063733	0.0495432	0.291726	0.268853	0.167076	0.116702	0.0144123	0.0140612	0.353909	0.134965	0.473741	0.998332	2.39296	5	1.700603
559000	-540.5852	-571.4979	30.9127	2	1.217267	0.169828	0.0138263	0.016789	0.0713305	0.07483	0.0130223	0.0163741	0.100171	0.0083141	0.0462335	0.107634	0.358574	0.233442	0.0406124	0.0971373	0.00208606	0.426825	0.178168	0.533561	1.02838	2.25989	4	1.79703
560000	-530.0055	-569.5805	39.57503	2	0.3082454	0.0761784	0.0033763	0.0026098	0.0389745	0.00772265	0.00305104	0.0326786	0.00126604	0.00424095	0.0402368	0.254439	0.176545	0.124679	0.0822998	0.00388205	0.036549	0.309152	0.00598797	0.110923	0.609394	3.2737	4	1.197881
561000	-534.8052	-572.063	37.2578	2	2.312161	0.242011	0.0176169	0.00740538	0.0964522	0.0290428	0.0145313	0.0252354	0.0369373	0.0262752	0.0569867	0.162201	0.247121	0.0843709	0.101853	0.0847091	0.00729799	0.219965	0.327892	0.684573	1.07615	1.91139	4	1.460012
562000	-532.6565	-568.9323	36.27582	2	0.801336	0.239915	0.0323984	0.00740091	0.107819	0.0661911	0.0067113	0.024546	0.0123031	0.00594108	0.0244579	0.140561	0.164496	0.216445	0.0616935	0.0103795	0.0167877	0.231117	0.095843	0.407671	0.957324	2.53916	4	1.369163
563000	-534.6053	-576.1243	41.51904	2	0.2024398	0.104715	0.0139638	0.00946258	0.0486168	0.0241589	0.00859401	0.00730307	0.04194	0.0154886	0.0174156	0.0316642	0.213721	0.0445741	0.116062	0.00334676	0.00332352	0.324977	0.000577293	0.0351948	0.389996	3.57423	4	1.029327
564000	-540.7498	-576.8509	36.10113	2	1.208483	0.206407	0.0022338	0.014242	0.124023	0.0174406	0.0141237	0.0543723	0.0215673	0.00800621	0.0576549	0.0951573	0.331294	0.197065	0.154503	0.0430607	0.000799776	0.202224	0.176587	0.531552	1.02748	2.26438	4	1.544174
565000	-533.5271	-567.0751	33.54805	2	1.551309	0.14252	0.00263165	0.00331211	0.103309	0.0397999	0.0172216	0.0296765	0.0548428	0.0267845	0.0319559	0.141376	0.495659	0.217255	0.0809513	0.0592847	0.0151718	0.364598	0.233141	0.59688	1.0533	2.11668	4	1.826351
566000	-515.3145	-575.9879	60.67333	10	0.8775793	0.0764053	0.0137843	0.00629111	0.0844591	0.0131671	0.0456064	0.0405574	0.0509903	0.0208375	0.0135123	0.210275	0.272551	0.153941	0.10433	0.00138266	0.00736508	0.117946	0.111928	0.436589	0.976333	2.47515	5	1.2334
567000	-535.8573	-574.8842	39.02683	2	2.010608	0.131499	0.00361372	0.0126917	0.0450547	0.0966521	0.0044811	0.0318889	0.00395796	0.00834916	0.0493456	0.250178	0.242579	0.105597	0.105051	0.056919	0.0414332	0.0618706	0.294538	0.656137	1.07025	1.97907	4	1.251161
568000	-542.3572	-577.3617	35.00453	2	0.5991633	0.156421	0.050365	0.00264738	0.0970596	0.0132165	0.0144273	0.0153019	0.0612665	0.0178285	0.0280473	0.187801	0.18312	0.166004	0.0542322	0.0257661	0.0682012	0.0891886	0.0529355	0.311807	0.880891	2.75437	4	1.230895
569000	-514.7938	-570.3845	55.59072	10	1.932283	0.161116	0.0243765	0.0128808	0.0772116	0.00413708	0.0173957	0.0248281	0.0134017	0.0317203	0.066375	0.375706	0.295109	0.134613	0.134855	0.0295803	0.0369896	0.0362622	0.285055	0.647614	1.0682	1.99913	5	1.476558
570000	-513.6226	-568.6062	54.98353	10	3.042074	0.209486	0.0104237	0.00728981	0.0847155	0.00138289	0.00966293	0.0196156	0.0259883	0.00963213	0.042559	0.206826	0.204684	0.187331	0.160005	0.0513099	0.0341347	0.150516	0.392491	0.733831	1.08272	1.79096	5	1.415563
571000	-531.0155	-579.9374	48.92183	10	4.383396	0.145857	0.000402646	0.0306841	0.129995	0.0123806	0.0401371	0.0526952	0.0675071	0.0137227	0.117733	0.105597	0.394785	0.262771	0.0932426	0.0122963	0.0404647	0.298495	0.474259	0.787504	1.08417	1.65407	5	1.818767
572000	-514.0529	-567.0213	52.96839	10	1.356324	0.126861	0.0032833	0.0285362	0.10218	0.0418288	0.0032718	0.0409224	0.0187771	0.00960438	0.0610711	0.0738666	0.318689	0.14698	0.0973413	0.0265389	0.0135751	0.257027	0.20225	0.562753	1.04074	2.19426	5	1.370354
573000	-519.3374	-570.6579	51.32058	10	1.10443	0.152067	0.00290528	0.00505676	0.101738	0.0281909	0.0124711	0.0469523	0.00426504	0.0165787	0.0601069	0.150195	0.274957	0.121033	0.0724964	0.0499202	0.0256741	0.115501	0.157307	0.506038	1.01536	2.3213	5	1.24011
574000	-525.4369	-567.4044	41.9675	2	0.9017621	0.156524	0.0073777	0.000997459	0.0564035	0.00517972	0.0374716	0.0134099	0.0166592	0.0015535	0.0720914	0.0675966	0.197268	0.152113	0.0641929	0.0116673	0.0296023	0.197398	0.11696	0.445093	0.981603	2.45634	4	1.087506
575000	-530.8838	-571.612	40.72823	2	0.3854457	0.149158	0.0122681	0.000994382	0.0696032	0.00289727	0.0262502	0.00922328	0.0623126	0.00449513	0.0474108	0.0823037	0.165577	0.237382	0.0610897	0.0224916	0.038565	0.268496	0.0146719	0.170803	0.715038	3.09949	4	1.260519
576000	-508.5636	-565.5487	56.98511	10	1.824745	0.154989	0.0130541	0.00210529	0.0911214	0.00196883	0.0274654	0.0152458	0.00160859	0.00195673	0.086606	0.264463	0.190934	0.174582	0.135393	0.0232368	0.0237148	0.094732	0.271417	0.634982	1.06491	2.02869	5	1.303176
577000	-549.6822	-578.3102	28.62806	2	4.840502	0.123108	0.0431557	0.011556	0.0642409	0.135332	0.0284734	0.0240959	0.0154532	0.0340898	0.0768206	0.186107	0.430145	0.376994	0.106573	0.121812	0.00227935	0.0903037	0.495315	0.800036	1.08357	1.62108	4	1.870541
578000	-526.2265	-573.0505	46.82394	10	3.674196	0.17447	0.0429757	0.00120969	0.0597099	0.0494526	0.00246092	0.0416234	0.102923	0.0246847	0.0179339	0.147718	0.324928	0.207779	0.0544273	0.00407746	0.053196	0.225884	0.435517	0.763131	1.08429	1.71706	5	1.535453
579000	-521.6746	-570.7967	49.12212	10	1.839141	0.170808	0.00135591	0.0129756	0.112839	0.118344	0.0522999	0.0220316	0.0158654	0.0371234	0.0652646	0.175033	0.302339	0.185143	0.108288	0.004166	0.0470579	0.163187	0.273286	0.63674	1.06539	2.02458	5	1.594122
580000	-524.4952	-573.3587	48.86347	10	1.551817	0.213293	0.00961905	0.0113421	0.079362	0.0149859	0.0358141	0.0601798	0.0469377	0.0199716	0.0419025	0.0288711	0.307162	0.287567	0.127055	0.0414502	0.0588311	0.347975	0.233217	0.59696	1.05333	2.1165	5	1.732319
581000	-529.6365	-564.9017	35.26521	2	0.9878956	0.119875	0.00316094	0.00246394	0.0660576	0.000724441	0.0644846	0.00448263	0.0457209	0.00578307	0.0381243	0.193344	0.328489	0.242886	0.0875754	0.0202667	0.0379968	0.238105	0.134532	0.473083	0.997965	2.39442	4	1.49954
582000	-538.1274	-568.7164	30.58902	2	0.7149345	0.332311	0.0157734	0.0017747	0.0750897	0.0192667	0.0197644	0.00362879	0.0237552	0.0234296	0.0498963	0.0301337	0.383252	0.317219	0.104629	0.0864035	0.00144746	0.392979	0.0773807	0.370492	0.930279	2.62185	4	1.880755
583000	-533.1675	-571.9109	38.74336	2	1.570243	0.157722	0.00198256	0.00472931	0.102378	0.0714338	0.00900476	0.0409848	0.0832571	0.00995617	0.0570212	0.289798	0.217446	0.228778	0.0112683	0.0215417	0.05699	0.146225	0.235972	0.599846	1.05429	2.10989	4	1.510518
584000	-530.4692	-572.2466	41.77734	10	3.599183	0.112799	0.00417725	0.0638173	0.049984	0.0170565	0.0248286	0.0315445	0.032513	0.0232015	0.1018	0.360876	0.379872	0.220234	0.127223	0.115412	0.00432997	0.0951919	0.430889	0.760098	1.08421	1.7248	5	1.764861
585000	-527.1818	-566.4461	39.26431	2	0.8591959	0.113321	0.00912897	0.0111275	0.0824302	0.0155525	0.0398732	0.0126187	0.0272238	0.00204029	0.033821	0.196542	0.26037	0.154349	0.0771392	0.0036708	0.0304929	0.0925759	0.108078	0.429918	0.972098	2.48991	4	1.162276
586000	-539.0445	-575.3817	36.33712	2	1.407362	0.249126	0.0122943	0.024621	0.0874652	0.0962677	0.0194328	0.028688	0.0301987	0.032198	0.0735146	0.119073	0.142984	0.124205	0.0469464	0.0441406	0.0112427	0.311463	0.210651	0.572374	1.04448	2.17249	4	1.453861
587000	-525.3395	-571.4841	46.14463	10	3.158405	0.156435	0.00236667	0.0147831	0.0938463	0.00150377	0.0214232	0.0390047	0.101259	0.00765966	0.0749645	0.228885	0.0997923	0.274482	0.0639537	0.0471215	0.0309672	0.403448	0.401157	0.739938	1.08319	1.77571	5	1.661897
588000	-523.6144	-569.456	45.84162	10	2.734076	0.206619	0.0035893	0.0183509	0.0741354	0.114163	0.00743771	0.0394787	0.00178515	0.00261438	0.0914275	0.20902	0.354528	0.400744	0.141046	0.0895064	0.0510341	0.344674	0.367583	0.715654	1.08085	1.83592	5	2.150154
589000	-513.2005	-569.3959	56.19539	10	1.79127	0.12711	0.00513867	0.00336105	0.0337461	0.0264827	0.0230205	0.024081	0.0821676	0.0102693	0.0291339	0.175289	0.209949	0.136532	0.119204	0.013977	0.0389953	0.278063	0.267018	0.630808	1.06377	2.03841	5	1.336521
590000	-533.7812	-570.0405	36.25923	2	2.906707	0.172252	0.000311794	0.0139847	0.0869322	0.0158906	0.023638	0.0210634	0.0460759	0.0236218	0.0395887	0.0799003	0.211186	0.243806	0.0492826	0.0575511	0.00593238	0.348907	0.381913	0.726228	1.08201	1.80984	4	1.439925
591000	-534.6629	-572.6529	37.98992	2	0.7651984	0.181527	0.0133039	0.00418014	0.0872664	0.0792314	0.0210471	0.0210656	0.0174787	0.0182512	0.0322762	0.257368	0.182714	0.0737316	0.0991389	0.00723587	0.0188333	0.268122	0.0881349	0.392736	0.946825	2.5723	4	1.382771
592000	-517.929	-565.9922	48.0632	10	1.41844	0.131246	0.00591097	0.00377385	0.102572	0.0012213	0.0128213	0.0471584	0.0630799	0.0241774	0.0383809	0.1431	0.188483	0.160978	0.0986615	0.027249	0.0166525	0.224618	0.212444	0.574393	1.04525	2.16791	5	1.290085
593000	-547.2586	-577.3197	30.06103	2	0.4402679	0.365651	0.0416524	0.0162522	0.0732241	0.0389533	0.0146681	0.00753862	0.113987	0.00498956	0.0642213	0.13737	0.163039	0.339252	0.0207749	0.0248713	0.00361231	0.576745	0.0229263	0.211146	0.771422	2.99451	4	2.006802
594000	-550.1904	-580.6049	30.41448	2	1.725379	0.108639	0.00275599	0.0603202	0.0394609	0.0205777	0.00606521	0.00624765	0.144615	0.011031	0.0591465	0.0146251	0.631712	0.148708	0.0270878	0.0522763	0.00289655	0.428042	0.258135	0.622226	1.06131	2.05833	4	1.764206
595000	-542.0678	-575.2999	33.23207	2	0.710848	0.19314	0.019772	0.0492722	0.0957983	0.00230081	0.0808135	0.00439051	0.0463534	0.0112649	0.0686691	0.280276	0.23018	0.19545	0.0482781	0.0427358	0.00203489	0.286298	0.0765068	0.368604	0.928823	2.62607	4	1.657028
596000	-532.1372	-568.0958	35.95859	2	1.539046	0.205253	0.00190934	0.00471433	0.102538	0.0362612	0.043329	0.0101459	0.103061	0.00381065	0.0347422	0.20412	0.363222	0.174425	0.0879654	0.00117421	0.0218603	0.233097	0.231292	0.594929	1.05263	2.12114	4	1.631629
597000	-527.6892	-574.5337	46.84451	10	0.9208781	0.113132	0.0182587	0.0268876	0.0409724	0.00861067	0.0166574	0.0140893	0.0540195	0.00376117	0.0383709	0.19451	0.303366	0.152335	0.0609785	0.0279182	0.0344447	0.198656	0.120909	0.451606	0.985544	2.44194	5	1.306968
598000	-532.3007	-565.7893	33.48852	2	4.0956	0.135861	0.00112114	0.00122818	0.0729015	0.148899	0.00846917	0.0358957	0.0137551	0.0211187	0.0477558	0.0362837	0.286291	0.208611	0.11354	0.0307585	0.0447935	0.393698	0.459538	0.778451	1.08437	1.67764	4	1.600981
599000	-521.5301	-570.4801	48.95001	10	1.92415	0.143193	0.0180113	0.0428946	0.0725453	0.0273802	0.0705059	0.00603897	0.03159	0.0211241	0.0413112	0.351341	0.23528	0.00944821	0.10651	0.213677	0.00512854	0.169857	0.284049	0.646698	1.06797	2.00128	5	1.565835
600000	-525.8546	-568.525	42.67033	10	0.7506962	0.0968911	0.00487016	0.000962725	0.0589619	0.0338265	0.00089084	0.0570011	0.038991	0.00800872	0.0610139	0.213311	0.14492	0.0388654	0.124709	0.504707	0.0279407	0.400933	0.0850335	0.3865	0.942298	2.58617	5	1.816803
601000	-516.533	-575.9756	59.44262	10	1.054934	0.180892	0.029018	0.0109146	0.0571805	0.0376635	0.0292893	0.00575609	0.0195633	0.00941739	0.0284557	0.235385	0.112382	0.0159292	0.101137	0.175339	0.029743	0.120369	0.147783	0.492663	1.00854	2.35102	5	1.198434
602000	-524.0694	-573.0524	48.98304	10	1.720197	0.367361	0.0180179	0.0413413	0.173931	0.00820665	0.00700855	0.0378193	0.034795	0.0424419	0.0579522	0.47999	0.208801	0.0346963	0.144119	0.383929	0.00241616	0.157814	0.257423	0.621529	1.06111	2.05994	5	2.20064
603000	-546.4274	-577.1137	30.68639	1	1.14885	0.22337	0.00760748	0.0335576	0.0188226	0.0184185	0.00943048	0.018735	0.0336829	0.00605554	0.0221512	0.435058	0.143114	0.0368447	0.110966	0.213249	0.0466603	0.188438	0.165661	0.517336	1.02087	2.29614	3	1.566162
604000	-537.0745	-571.3156	34.2411	1	1.226671	0.133851	0.00854482	0.012137	0.116409	0.0342345	0.0182405	0.0159913	0.0446446	0.0187671	0.020117	0.309379	0.0937126	0.0317105	0.0666798	0.186302	0.00437754	0.0878106	0.179853	0.535687	1.02933	2.25513	3	1.202908
605000	-531.3725	-567.5446	36.17218	2	1.817674	0.159331	0.000160576	0.00917616	0.0972859	0.0199253	0.00751887	0.0270846	0.0450068	0.0271484	0.0537456	0.350404	0.233102	0.00433029	0.127434	0.285718	0.0416074	0.0859717	0.270494	0.634111	1.06468	2.03072	4	1.57495
606000	-510.5432	-565.8052	55.26201	10	0.6119554	0.10761	0.00483578	0.00553098	0.0426661	0.000634447	0.000534594	0.0301356	0.000734743	0.0025417	0.0189344	0.166518	0.132695	0.0261259	0.0979536	0.261575	0.0130598	0.155438	0.0555829	0.318853	0.887298	2.73827	5	1.067523
607000	-547.93	-572.6797	24.7497	1	3.546403	0.19124	0.0105382	0.0192054	0.121279	0.104143	0.0323976	0.0570209	0.0630692	0.0104	0.0259616	0.239255	0.274117	0.0150279	0.102208	0.437233	0.0252564	0.191723	0.427564	0.757902	1.08415	1.73039	3	1.920075
608000	-547.436	-571.9724	24.5364	1	1.083771	0.16417	0.00654433	0.00862916	0.102084	0.0270826	0.0277966	0.0346874	0.0609393	0.044666	0.0610502	0.430817	0.290174	0.0245714	0.0978803	0.581673	0.00972143	0.215181	0.153359	0.50056	1.0126	2.33348	3	2.187668
609000	-529.0163	-568.972	39.95575	2	1.593071	0.100175	0.0188595	0.0136924	0.083674	0.0405101	0.0236807	0.0114982	0.0390984	0.0123173	0.038644	0.159948	0.111334	0.0343967	0.0776311	0.177748	0.0148176	0.165192	0.239348	0.603349	1.05545	2.10185	4	1.123217
610000	-536.315	-570.3007	33.98566	2	1.097934	0.212903	0.00811838	0.00465673	0.0625724	0.0646502	0.0157723	0.0212502	0.0161148	0.0337331	0.0561122	0.211208	0.183575	0.0361429	0.0701418	0.285445	0.0242255	0.191934	0.15607	0.504331	1.0145	2.32509	4	1.498555
611000	-513.5468	-573.482	59.93521	10	1.037184	0.207017	0.00285053	0.00264172	0.0844439	0.0906333	0.0103921	0.0408086	0.0101701	0.019339	0.0210438	0.241686	0.0917362	0.00167126	0.147246	0.385257	0.0358693	0.199625	0.144313	0.48765	1.0059	2.36214	5	1.592432
612000	-520.613	-569.0773	48.4643	10	0.588916	0.117014	0.00273714	0.00841463	0.0803574	0.00244988	0.00813018	0.0487808	0.0631698	0.00520645	0.0366451	0.444276	0.184151	0.0209461	0.0544861	0.375995	0.0397632	0.133759	0.0508303	0.306055	0.875557	2.76756	5	1.626283
613000	-546.2332	-577.95	31.71678	2	2.594687	0.18672	0.000697921	0.00370851	0.308489	0.0157939	0.0199639	0.0172205	0.0235883	0.037823	0.100755	0.421936	0.114162	0.0164645	0.0676992	0.253994	0.0554548	0.152278	0.355254	0.706292	1.07963	1.85883	4	1.79675
614000	-527.0629	-569.6278	42.56492	2	0.86184	0.121175	0.00297091	0.0120164	0.0966754	0.0278711	0.00683566	0.0214094	0.045499	0.00876478	0.0123309	0.177909	0.111252	0.019725	0.0546752	0.164331	0.00784566	0.159545	0.108633	0.430889	0.97272	2.48776	4	1.050831
615000	-540.6425	-570.8836	30.24112	2	2.117795	0.126786	0.00375583	0.00233061	0.145154	0.020733	0.0224638	0.0144587	0.0130606	0.010327	0.09209	0.304125	0.355726	0.0302512	0.141703	0.315551	0.0804622	0.213515	0.306942	0.666982	1.07268	1.9534	4	1.892491
616000	-528.282	-570.4363	42.15424	2	0.3962065	0.140959	0.0288052	0.011765	0.047658	0.00111094	0.0244924	0.00199316	0.0204248	0.0037509	0.0350105	0.200029	0.131624	0.0662371	0.136195	0.223391	0.00497829	0.186283	0.0161709	0.178917	0.727143	3.07777	4	1.264707
617000	-542.0242	-573.0007	30.97656	2	2.282504	0.225031	0.0284737	0.0152224	0.107864	0.0409175	0.00687707	0.0631064	0.00173054	0.0434472	0.0964795	0.412613	0.289819	0.0170332	0.106022	0.362473	0.0459497	0.00775592	0.324816	0.682044	1.07568	1.91746	4	1.870815
618000	-535.8575	-567.902	32.04445	2	4.376229	0.151018	0.0005169	0.00447628	0.0638259	0.0178749	0.0183495	0.029542	0.00145924	0.0121945	0.0628732	0.599926	0.147569	0.0516527	0.157753	0.195112	0.0354749	0.177889	0.473907	0.787291	1.08418	1.65462	4	1.727507
619000	-535.5329	-569.8058	34.27291	2	1.024061	0.118032	0.00403393	0.00150471	0.0461483	0.00868694	0.0395884	0.000920423	0.0134597	0.0147042	0.0275307	0.222032	0.170277	0.0409974	0.147695	0.191411	0.00777334	0.124066	0.14173	0.483866	1.00388	2.37053	4	1.178862
620000	-512.1702	-566.5939	54.42373	10	1.246739	0.198112	0.00467848	0.00608486	0.0621096	0.021162	0.00641922	0.04327	0.038955	0.0124827	0.056354	0.35056	0.129474	0.00058527	0.0952232	0.300297	0.0841654	0.0856934	0.183421	0.540147	1.0313	2.24513	5	1.495626
621000	-531.7324	-568.5368	36.80438	2	0.7339744	0.149778	0.0120393	0.00413095	0.0700601	0.0324658	0.00738072	0.0317217	0.012346	0.00550013	0.0447627	0.193537	0.162456	0.0170665	0.097074	0.259701	0.0113721	0.20359	0.0814549	0.379129	0.936836	2.60258	4	1.314982
622000	-529.8648	-578.3375	48.47278	10	1.304387	0.100098	0.0038453	0.0243524	0.0432302	0.0740887	0.0149684	0.0456497	0.0192178	0.016436	0.0809951	0.247697	0.120931	0.0170647	0.114349	0.200498	0.03744	0.323105	0.193463	0.55239	1.03652	2.21762	5	1.483966
623000	-513.5041	-571.8053	58.3012	10	0.8113741	0.0956061	0.00374691	0.00074759	0.052807	0.00960832	0.0369475	0.016207	0.0843686	0.00264538	0.0451015	0.152102	0.0859757	0.025142	0.064833	0.174599	0.0201602	0.0683995	0.0979767	0.411673	0.960057	2.53029	5	0.9389974
624000	-533.508	-578.2264	44.7184	10	0.570545	0.264423	0.0169538	0.0632862	0.0706157	0.0846766	0.0334703	0.0353739	0.0737921	0.0196453	0.0440718	0.408203	0.320529	0.0066311	0.047183	0.365352	0.0194496	0.107849	0.0470955	0.295497	0.865514	2.79189	5	1.981505
625000	-518.7848	-571.808	53.02323	10	1.144144	0.126512	0.0167347	0.0332071	0.0717634	0.0165145	0.0391088	0.0395092	0.0706145	0.0317959	0.0598356	0.306534	0.12335	0.00278541	0.0683369	0.231536	0.0625972	0.278554	0.164785	0.516169	1.02031	2.29874	5	1.57929
626000	-537.0624	-578.0063	40.94388	2	0.7356961	0.0841059	0.00477069	0.0129505	0.0687093	0.0723695	0.000582315	0.0311406	0.0339247	0.0118041	0.018115	0.0727087	0.078638	0.0307373	0.0604433	0.164477	0.027924	0.135297	0.0818234	0.379897	0.937411	2.60087	4	0.9086975
627000	-534.1364	-570.1302	35.99379	2	1.698943	0.152224	0.0293955	0.00913772	0.0793697	0.00247653	0.0138115	0.0146831	0.00031053	0.00228404	0.0450682	0.271653	0.275428	0.0149514	0.131195	0.328038	0.0581782	0.102263	0.254485	0.618637	1.06024	2.06663	4	1.530466
628000	-535.6256	-568.9922	33.36666	2	3.085701	0.167869	0.0133252	0.0279848	0.0815333	0.0346267	0.0232607	0.0363595	0.0272367	0.0147947	0.0492275	0.4607	0.153422	0.00521534	0.0772441	0.311968	0.00914698	0.105784	0.395785	0.736165	1.08291	1.78514	4	1.599699
629000	-515.1559	-568.2202	53.06427	10	0.8085709	0.162984	9.0705e-05	0.000259035	0.0302759	0.00610941	0.0195279	0.0285649	0.014635	0.0157523	0.0481983	0.31877	0.151383	0.0301904	0.11774	0.181791	0.0378715	0.261304	0.0973812	0.410562	0.959302	2.53276	5	1.425447
630000	-520.0863	-573.2974	53.21108	10	1.686195	0.215813	0.00565556	0.0193689	0.0622575	0.00504994	0.00514794	0.0448677	0.16466	0.0223967	0.0502374	0.161482	0.160006	0.0205388	0.0150945	0.362642	0.0198482	0.28614	0.252706	0.616875	1.05971	2.07071	5	1.621206
631000	-535.5164	-575.2366	39.72014	2	0.6393006	0.125384	0.00467334	0.0396416	0.0531773	0.0251589	0.00396957	0.0635775	0.0459299	0.0287443	0.0196247	0.264615	0.128651	0.0283804	0.136402	0.266193	0.0293386	0.12536	0.0613019	0.333426	0.900117	2.70516	4	1.388821
632000	-522.9041	-569.3226	46.4185	10	1.571992	0.18661	0.0250915	0.00430149	0.185384	0.000969728	0.0551955	0.0166066	0.0490221	0.00131283	0.0593003	0.199883	0.335545	0.0216113	0.133914	0.382794	0.00447679	0.278848	0.236232	0.600117	1.05438	2.10927	5	1.940866
633000	-527.5875	-568.7361	41.14857	2	0.9821178	0.103678	0.0119013	0.00316337	0.106281	0.0125753	0.00595806	0.0397677	0.016319	0.0165917	0.0279084	0.133492	0.172071	0.0191275	0.066304	0.31806	0.00842982	0.118712	0.133372	0.47131	0.996973	2.39835	4	1.180341
634000	-515.5744	-573.6113	58.03688	10	0.3023972	0.077475	0.00497246	0.0181409	0.0646806	0.0271772	0.00840602	0.0274113	0.0544409	0.00560719	0.0241541	0.228221	0.133864	0.00945177	0.032793	0.135873	0.0303721	0.209552	0.00549178	0.106361	0.599807	3.28834	5	1.092593
635000	-518.3883	-574.0497	55.66133	10	0.275274	0.0847469	0.0253639	0.0126631	0.0948808	0.0632563	0.0178546	0.00214937	0.110086	0.0101094	0.0470086	0.249387	0.116417	0.0136473	0.0099645	0.284213	0.00703023	0.100203	0.00350434	0.0854566	0.551845	3.35919	5	1.24898
636000	-516.717	-569.929	53.21206	10	0.7495	0.098626	0.00718812	0.00838768	0.0989504	0.00502025	0.01489	0.0123374	0.00608043	0.00352426	0.0650007	0.27372	0.302878	0.0333323	0.125601	0.225723	0.0363663	0.0902285	0.0847776	0.385979	0.941916	2.58733	5	1.407854
637000	-521.8581	-573.7518	51.89368	10	2.950178	0.156639	0.000875964	0.00305856	0.036826	0.00425438	0.011544	0.0396888	0.0879091	0.0425075	0.023653	0.260839	0.142373	0.0234548	0.0611012	0.386389	0.0979198	0.0682244	0.38537	0.728732	1.08226	1.80364	5	1.447256
638000	-516.262	-575.0981	58.83605	10	0.2614687	0.0781084	0.00729574	0.00351349	0.0487941	0.00291465	0.00267438	0.0323506	0.0514608	0.0109192	0.0193716	0.202756	0.0962857	0.00399613	0.0727772	0.154456	0.0488784	0.186743	0.00268991	0.0750885	0.525056	3.39717	5	1.023296
639000	-531.7978	-575.628	43.83024	2	1.247416	0.0744589	0.00105603	0.00847399	0.0486527	0.0903792	0.0195692	0.00779838	0.0799585	0.00943644	0.0214683	0.199655	0.114582	0.0691497	0.0245123	0.355735	0.0262928	0.0369595	0.183541	0.540295	1.03137	2.2448	4	1.188138
640000	-538.8971	-572.2128	33.31563	1	0.3139838	0.165052	0.0111979	0.00416129	0.0968801	0.0179013	0.00992333	0.0105863	0.0145843	0.0112312	0.0281978	0.38812	0.130423	0.0210995	0.0677859	0.228419	0.0492542	0.131907	0.00649802	0.115408	0.618556	3.25954	3	1.386724
641000	-535.8962	-574.3537	38.45744	2	1.277121	0.118556	0.00277537	0.0108555	0.0746054	0.0262662	0.0116612	0.0109894	0.101782	0.00888417	0.0496212	0.164922	0.151758	0.0159219	0.0185304	0.138383	0.0306785	0.193979	0.188751	0.546701	1.03413	2.23042	4	1.130169
642000	-536.3583	-569.6514	33.29308	2	1.07634	0.187848	0.0223598	0.0304068	0.0507918	0.0367381	0.0177013	0.0292064	0.00819855	0.0251062	0.0526973	0.3991	0.259536	0.00721208	0.114387	0.2904	0.0350087	0.179809	0.151929	0.498553	1.01158	2.33794	4	1.746507
643000	-534.4291	-566.3612	31.93212	2	1.727873	0.125661	0.0110587	0.0113776	0.105848	0.00256907	0.00618789	0.0193052	0.0215435	0.00798334	0.0796093	0.429042	0.226971	0.0251664	0.132222	0.243032	0.0624772	0.0540338	0.258477	0.62256	1.06141	2.05756	4	1.564087
644000	-523.8365	-573.018	49.18149	10	1.431383	0.199014	0.000548802	0.0106963	0.0752828	0.0824562	0.0088617	0.0591708	0.0316495	0.00444108	0.048976	0.281233	0.235053	0.0729684	0.184436	0.421084	0.0470897	0.464871	0.214525	0.576722	1.04612	2.16263	5	2.227833
645000	-523.7196	-573.7202	50.00058	10	2.797732	0.216217	0.00437734	0.0246717	0.0941478	0.000313155	0.0219144	0.0165665	0.0854769	0.0508842	0.0769309	0.294162	0.24995	0.0252447	0.0848557	0.307794	0.0100555	0.0668413	0.372983	0.719676	1.08132	1.82602	5	1.630403
646000	-522.288	-574.0087	51.72063	10	0.7455227	0.176085	0.0032445	0.0124339	0.0537705	0.00312193	0.00873719	0.0442831	0.104748	0.0288621	0.0344809	0.382573	0.143255	0.0468987	0.0547963	0.157579	0.0565866	0.24726	0.0839265	0.38424	0.940636	2.5912	5	1.558715
647000	-527.7841	-572.478	44.69393	10	1.427791	0.192517	0.00106569	0.0538567	0.03743	0.0268137	0.000733344	0.0485767	0.0784089	0.0180684	0.0668727	0.175627	0.281904	0.0287198	0.107853	0.241609	0.0191725	0.214838	0.213949	0.576079	1.04588	2.16409	5	1.594067
648000	-523.2018	-569.1396	45.93779	2	0.1100132	0.119072	0.00500273	0.0122343	0.0837318	0.000298158	0.00648213	0.0129743	0.0080584	0.00592856	0.0100112	0.185238	0.0902493	0.031964	0.03966	0.12777	0.000802405	0.0601523	1.85656e-06	0.00202246	0.121633	3.87634	4	0.7996291
649000	-544.2767	-573.8232	29.54644	1	1.091216	0.218683	0.00410087	0.0397852	0.079971	0.0305378	0.0191043	0.0274125	0.0435179	0.0179537	0.0547535	0.131879	0.181771	0.0046552	0.0464957	0.21736	0.0275451	0.540394	0.154786	0.502551	1.01361	2.32905	3	1.685919
650000	-537.6587	-572.7572	35.09845	2	1.568448	0.11877	0.0226643	0.00173885	0.137249	0.0404515	0.00151432	0.0309273	0.0319247	0.0117324	0.0418022	0.0218532	0.129698	0.0321949	0.156552	0.427178	0.0352591	0.311645	0.235705	0.599567	1.0542	2.11053	4	1.553154
651000	-540.1593	-571.2814	31.12216	1	0.5710822	0.126506	0.000716342	0.00367201	0.143605	0.00220636	0.0199326	0.020535	0.0148974	0.0146704	0.0286415	0.205496	0.252011	0.00938278	0.0773062	0.281235	0.0668069	0.312741	0.0472039	0.295811	0.865817	2.79117	3	1.580361
652000	-539.681	-576.9908	37.30987	2	1.484896	0.118669	0.00154575	0.0212513	0.0749103	0.0819393	0.00729581	0.0322087	0.00529003	0.0183704	0.0379297	0.220718	0.116602	0.00713366	0.0557034	0.358054	0.0411847	0.182515	0.22298	0.586023	1.04952	2.14148	4	1.381322
653000	-537.402	-573.0389	35.63693	2	0.560088	0.106989	0.0158713	0.00141641	0.114681	0.00685422	0.0016828	0.0215542	0.0123844	0.0186536	0.0309295	0.213042	0.181529	0.0903993	0.149627	0.283097	0.0045402	0.130408	0.0449951	0.289345	0.859506	2.80615	4	1.38366
654000	-542.1206	-578.5043	36.38367	2	1.54609	0.165722	0.00182772	0.00578315	0.0630894	0.0946237	0.00680591	0.00810198	0.0718771	0.0334813	0.0689661	0.264467	0.12741	0.0679521	0.0731429	0.265671	0.0779782	0.218036	0.232355	0.596052	1.05302	2.11857	4	1.614936
655000	-518.3552	-571.8889	53.5337	10	0.6076257	0.0960481	0.010225	0.00608737	0.117927	0.0946964	0.0222438	0.0169034	0.00884792	0.0231901	0.0626855	0.213629	0.189009	0.0175882	0.0828416	0.570619	0.0120691	0.0869021	0.0546846	0.316484	0.88516	2.74367	5	1.631513
656000	-523.0109	-569.9487	46.93779	10	0.9445758	0.104041	0.0165779	0.000820853	0.0600709	0.0414238	0.023145	0.0293835	0.0317152	0.0184898	0.0738544	0.187196	0.19788	0.0461613	0.094455	0.365258	0.0402643	0.101522	0.125767	0.459434	0.990173	2.42463	5	1.432259
657000	-534.5809	-570.7077	36.12684	2	0.9498678	0.112035	0.0129753	0.00182525	0.0972284	0.00470445	0.0348	0.00355886	0.029789	0.0112233	0.044142	0.288023	0.244404	0.0402752	0.113232	0.321145	0.0627963	0.0436281	0.126846	0.461147	0.99117	2.42084	4	1.465785
658000	-535.5277	-573.5065	37.9788	10	1.402544	0.210616	0.0499563	0.0219712	0.0794215	0.00112079	0.0257203	0.0119636	0.0370402	0.0372231	0.0421081	0.352336	0.278058	0.0201778	0.0820794	0.244997	0.00885931	0.318169	0.209867	0.571488	1.04415	2.1745	5	1.821817
659000	-523.6604	-573.8017	50.14136	10	0.8002172	0.095961	0.000517878	0.00396586	0.079862	0.022724	0.01531	0.0131987	0.00081624	0.0019612	0.0745394	0.22803	0.196227	0.00143857	0.203819	0.308735	0.0246037	0.00347689	0.095605	0.407221	0.957015	2.54016	5	1.275186
660000	-529.0272	-570.4502	41.42295	2	0.7873092	0.125399	0.00217073	0.0161408	0.0947741	0.0147979	0.0171576	0.0203452	0.0904279	0.00307498	0.0230221	0.136114	0.136066	0.0404888	0.0745319	0.338736	0.0111079	0.206053	0.0928555	0.401974	0.953375	2.5518	4	1.350408
661000	-532.2438	-569.9351	37.69126	2	1.70041	0.127623	0.00101446	0.0282169	0.0505949	0.0149083	0.0170084	0.0134329	0.0412573	0.00195064	0.0649628	0.0915152	0.136034	0.0232058	0.054568	0.183636	0.0431778	0.235221	0.254689	0.618838	1.0603	2.06617	4	1.128327
662000	-534.9817	-565.7547	30.77297	2	3.946863	0.194951	0.00708996	0.0351433	0.124921	0.0424403	0.0262186	0.0262285	0.0101149	0.0196763	0.0826112	0.0497755	0.380901	0.0240965	0.107936	0.411733	0.0283483	0.261948	0.451419	0.773351	1.08441	1.69082	4	1.834134
663000	-539.0803	-579.7256	40.64531	2	0.6067902	0.0737017	0.00139142	0.0719691	0.110201	0.0309874	0.00455371	0.037055	0.0762256	0.0148073	0.0379033	0.123933	0.213144	0.0393421	0.0591031	0.277598	0.031658	0.103711	0.0545115	0.316025	0.884744	2.74472	4	1.307284
664000	-536.2776	-571.0231	34.74542	2	0.9315326	0.160174	0.00255096	0.0329704	0.0735094	0.0380373	0.0209464	0.00775185	0.00758935	0.00426492	0.0736355	0.112822	0.160196	0.0117987	0.0889464	0.187649	0.0160638	0.155855	0.123098	0.455159	0.987659	2.43408	4	1.15476
665000	-522.4037	-567.8186	45.41491	10	3.798796	0.185964	0.00311716	0.0303297	0.11203	0.00604874	0.0136499	0.0261897	0.0514352	0.0128166	0.0392855	0.244144	0.174861	0.034007	0.060555	0.153972	0.0147355	0.146382	0.442956	0.767951	1.08438	1.70472	5	1.309523
666000	-515.541	-571.4891	55.94806	10	1.421448	0.168277	0.0021047	0.0215166	0.102285	0.00233314	0.0317906	0.00968167	0.075207	0.0526222	0.0654045	0.187105	0.290332	0.030953	0.0370989	0.163035	0.0040371	0.153535	0.212929	0.574937	1.04545	2.16668	5	1.397319
667000	-513.6414	-568.6467	55.00527	10	0.6282246	0.121591	0.000408992	2.02929e-05	0.118883	0.0187656	0.00694023	0.0213233	0.11243	0.0207224	0.0476972	0.22579	0.210941	0.0298681	3.27213e-05	0.376594	0.0218646	0.123721	0.0589766	0.327602	0.895062	2.71836	5	1.457593
668000	-534.6287	-573.1018	38.47316	2	0.7571828	0.093521	0.00489751	0.0272529	0.0940455	0.00728073	0.0149991	0.00166393	0.0109687	0.00988954	0.0765066	0.247425	0.118288	0.0481078	0.0912549	0.361324	0.011217	0.190602	0.0864211	0.389307	0.944346	2.57993	4	1.409244
669000	-523.7053	-577.1608	53.45551	10	2.474648	0.115851	0.0076181	0.0482209	0.0461718	0.0890797	0.000566857	0.0306711	0.0556033	0.027443	0.0848618	0.280794	0.192403	0.029269	0.0839997	0.155535	0.0150953	0.107008	0.34404	0.697553	1.07833	1.88007	5	1.370192
670000	-530.3802	-567.2076	36.82736	2	3.831159	0.268411	0.014209	6.99441e-05	0.0906806	0.0718907	0.010607	0.0187009	0.00766233	0.00116147	0.035179	0.217844	0.162361	0.0342946	0.122973	0.173601	0.00432234	0.167029	0.444839	0.76916	1.08439	1.70161	4	1.400997
671000	-536.1981	-569.4217	33.22358	2	3.383333	0.213903	0.00643745	0.00733414	0.0508989	0.0344298	0.0107566	0.0428528	0.050307	0.0225088	0.0557912	0.444717	0.212496	0.00528171	0.141467	0.126447	0.0318142	0.25547	0.416903	0.750763	1.08385	1.74849	4	1.712913
672000	-533.2584	-571.2675	38.00915	2	1.409971	0.208995	0.0238785	0.0123598	0.0742832	0.057781	0.0316865	0.0128177	0.0155032	0.0690327	0.036936	0.286686	0.0745793	0.0127381	0.0534195	0.308009	0.0300817	0.171657	0.211074	0.572851	1.04467	2.17141	4	1.480443
673000	-531.424	-565.0689	33.64492	1	0.8264577	0.154204	0.00585397	0.00055478	0.0715471	0.0612239	0.0109787	0.0282323	0.0444279	0.00932268	0.0507885	0.239546	0.0660569	0.0325823	0.062742	0.255859	0.00727162	0.201356	0.101175	0.417572	0.964025	2.51723	3	1.302547
674000	-538.081	-568.8711	30.79011	2	2.599743	0.219685	0.00295438	0.0157015	0.0755273	0.046078	0.00960855	0.0341514	0.00545302	0.059047	0.0541876	0.345603	0.117539	0.0355758	0.135529	0.405775	0.0285685	0.20805	0.355714	0.706646	1.07968	1.85797	4	1.799035
675000	-523.6193	-576.2037	52.58446	10	1.044813	0.17713	0.00964807	0.0369335	0.101815	0.155069	0.0309129	0.0396405	0.0553255	0.00682929	0.0381778	0.395715	0.236265	0.0033201	0.0737867	0.171003	0.0550553	0.206189	0.145808	0.489819	1.00705	2.35733	5	1.792817
676000	-537.9623	-574.2227	36.2604	2	1.272359	0.184919	0.0485441	0.00342087	0.0250983	0.0863233	0.00499207	0.0295774	0.00669195	0.0075168	0.0213415	0.402484	0.0479552	0.000437899	0.0748875	0.332947	0.0302723	0.176913	0.187921	0.545689	1.0337	2.23269	4	1.484322
677000	-530.2613	-568.7877	38.52638	2	0.6623211	0.147121	0.000425768	0.00991805	0.107529	0.0285077	0.00967086	0.0310264	0.0413357	0.000648729	0.0351556	0.334963	0.0607896	0.0331745	0.032548	0.256387	0.0253533	0.221336	0.0661655	0.345196	0.910063	2.67857	4	1.37589
678000	-515.2348	-568.913	53.67823	10	4.560801	0.104824	0.00306838	0.0158952	0.0948656	0.0426455	0.028637	0.0320794	0.0757653	0.0123005	0.0333429	0.211687	0.186001	0.0316358	0.10263	0.467246	0.0857958	0.203738	0.482746	0.792613	1.08397	1.64067	5	1.732157
679000	-521.7974	-566.0451	44.24769	10	1.81585	0.158292	0.0104617	0.000428595	0.0980204	0.0294136	0.00652696	0.0441999	0.0389847	0.0273755	0.0209083	0.187171	0.142262	0.0207414	0.123593	0.312843	0.0558242	0.291746	0.270256	0.633885	1.06462	2.03124	5	1.568792
680000	-523.5178	-569.4139	45.89608	10	2.572177	0.145494	0.0292667	0.0407172	0.100821	0.0595634	0.0235698	0.0495962	0.0232774	0.0152629	0.0682233	0.443038	0.234985	0.0295001	0.182967	0.254055	0.0238245	0.233679	0.353195	0.704703	1.0794	1.8627	5	1.95784
681000	-516.9201	-567.7047	50.78452	10	3.078028	0.121333	0.00540632	0.00270157	0.0711105	0.0488608	0.00852809	0.0187969	0.0253957	0.0117265	0.0486637	0.355432	0.195011	0.0675795	0.0791179	0.16044	0.0172035	0.290051	0.39521	0.735759	1.08288	1.78616	5	1.527358
682000	-513.4437	-566.3166	52.87294	10	1.647455	0.209614	0.00491491	0.0137211	0.0645824	0.0162671	0.0307245	0.0383988	0.0653159	0.00506886	0.0671649	0.324308	0.0642809	0.0174002	0.0695428	0.2258	0.0129177	0.23225	0.247229	0.611392	1.05802	2.08336	5	1.462272
683000	-523.4766	-568.6792	45.20254	10	0.7395049	0.087358	0.00918742	0.0281271	0.0609156	0.0036031	0.011809	0.0112122	0.023872	0.0242666	0.0359479	0.224582	0.137459	0.0141834	0.0708612	0.217169	0.0256398	0.169039	0.0826386	0.381588	0.938672	2.5971	5	1.155232
684000	-516.9315	-570.8913	53.95981	10	1.075001	0.185892	0.0118382	0.0143963	0.0948585	0.0218116	0.031515	0.0504147	0.0117765	0.0292575	0.0486422	0.324427	0.0301263	0.0352556	0.161927	0.545743	0.0155835	0.229426	0.151671	0.49819	1.01139	2.33874	5	1.842891
685000	-510.8841	-570.6618	59.77777	10	0.4393006	0.106715	0.0196802	0.0150843	0.0418612	0.00342999	0.00854617	0.0261706	0.00513614	0.00328592	0.0316976	0.32168	0.0326276	0.00798632	0.138445	0.241383	0.0124231	0.140194	0.0227682	0.210457	0.770533	2.99624	5	1.156347
686000	-528.7681	-569.1294	40.36133	2	1.533909	0.105002	0.0174546	0.0102893	0.0579115	0.0185258	0.00376024	0.0322295	0.00742283	0.0172681	0.0421528	0.222543	0.159802	0.0435977	0.105417	0.180677	0.0253697	0.0942375	0.230513	0.594105	1.05235	2.12303	4	1.143659
687000	-531.4279	-569.0749	37.647	2	2.154003	0.155926	0.0312013	0.0100511	0.0919219	0.0103231	0.00633762	0.0414219	0.00207604	0.012793	0.0459578	0.285846	0.215722	0.0730604	0.0760395	0.153539	0.00383399	0.174456	0.31099	0.670451	1.07341	1.94515	4	1.390507
688000	-559.0953	-583.1246	24.02925	2	0.6443048	0.169584	0.00187936	0.019347	0.120396	0.0178294	0.0249452	0.0219731	0.193521	0.0930791	0.0669937	0.472642	0.31132	0.0666131	0.0411559	0.456535	0.00266801	0.153471	0.0623558	0.336022	0.902342	2.69928	4	2.233952
689000	-534.0161	-576.2285	42.21247	2	0.6057329	0.104819	0.00594281	0.0117337	0.089915	0.0764656	0.0124573	0.0251789	0.033812	0.003395	0.0295337	0.119696	0.110779	0.00960513	0.0501715	0.125771	0.0466305	0.0867691	0.0542926	0.315444	0.884216	2.74605	4	0.9426753
690000	-520.6515	-567.6832	47.03171	10	0.4595503	0.122846	0.0161403	0.00719849	0.0343662	0.000299287	0.00876626	0.0132723	0.00982402	0.00939707	0.0372309	0.337434	0.144881	0.0292319	0.139999	0.182311	0.0349057	0.134595	0.0261585	0.224691	0.788448	2.9607	5	1.262699
691000	-541.751	-572.4985	30.74753	2	0.62038	0.176081	0.00272743	0.00766932	0.0666461	0.0163512	0.0330107	0.00733619	0.00346341	0.0051642	0.0522342	0.419549	0.157895	0.0122147	0.104477	0.424502	0.00170821	0.185232	0.0573368	0.323412	0.89137	2.72788	4	1.676263
692000	-517.823	-572.7095	54.88645	10	1.508339	0.268946	0.0219036	0.00483577	0.0305272	0.0409649	0.0126765	0.0196912	0.0558558	0.000611851	0.0530675	0.253166	0.109671	0.0277888	0.10764	0.266478	0.00834217	0.164394	0.226608	0.589939	1.05091	2.13255	5	1.44656
693000	-524.712	-573.9664	49.25437	10	1.543	0.0961646	0.0131459	0.0516904	0.146559	0.00543782	0.00943562	0.0323176	0.0157502	0.0311151	0.0724831	0.396106	0.0126127	0.0655696	0.123906	0.408755	0.0134358	0.142181	0.231889	0.595561	1.05285	2.1197	5	1.636667
694000	-516.7781	-568.5725	51.79438	10	2.0076	0.16399	0.0307588	0.0288885	0.130236	0.0282118	0.0133866	0.0454158	0.0104443	0.00894799	0.0452747	0.335998	0.281037	0.00177219	0.190595	0.34457	0.0340806	0.208684	0.29418	0.655819	1.07018	1.97982	5	1.902292
695000	-515.4165	-569.9864	54.56986	10	0.4161154	0.101672	0.0133607	0.019012	0.0652488	0.0149653	0.00395345	0.0398712	0.0306038	0.00754932	0.0221967	0.0186443	0.445981	0.0135122	0.0905507	0.242381	0.0117068	0.233418	0.0191063	0.193688	0.748146	3.03906	5	1.374627
696000	-515.5113	-567.2449	51.73362	10	2.169336	0.133405	0.00229182	0.0189642	0.133037	0.0164829	0.0087899	0.0303758	0.0373412	0.00687049	0.0332952	0.154601	0.337726	0.0189246	0.137619	0.489489	0.0162729	0.161997	0.312684	0.671892	1.0737	1.94172	5	1.737482
697000	-541.8532	-577.1017	35.24844	2	0.7293714	0.10354	0.0196703	0.00445559	0.0904974	0.000246995	0.0192256	0.0139236	0.035461	0.013399	0.0367531	0.282236	0.19185	0.0231129	0.0835227	0.160458	0.0226373	0.396643	0.0804698	0.377065	0.935285	2.60718	4	1.497632
698000	-521.9202	-575.3204	53.40021	10	0.710889	0.21797	0.00674699	0.01096	0.0684196	0.0201508	0.0370931	0.000500839	0.0397327	0.0478362	0.0209483	0.154683	0.135109	0.00897218	0.0851289	0.245545	0.0266365	0.235885	0.0765155	0.368623	0.928838	2.62602	5	1.362318
699000	-544.5587	-571.8382	27.27955	2	3.307531	0.270416	0.00333317	0.0256973	0.0955423	0.0999406	0.0170432	0.0215481	0.0511661	0.036042	0.063088	0.436468	0.125495	0.0484278	0.041482	0.29286	0.0368149	0.180186	0.411737	0.747249	1.08366	1.75735	4	1.84555
700000	-522.9848	-573.9631	50.97823	10	0.8519553	0.167535	0.0191647	0.0269465	0.140292	0.0026004	0.0655203	7.498e-05	0.0719436	0.000597711	0.0699868	0.720664	0.454263	0.0125934	0.00999318	0.0385842	0.0133085	0.237636	0.106557	0.42724	0.970373	2.49583	5	2.051704
701000	-516.086	-569.2376	53.15166	10	3.816616	0.18652	0.00539101	0.0046506	0.0774265	0.0134595	0.0225089	0.032419	0.0508393	0.0205764	0.0398126	0.173202	0.188827	0.0660816	0.0515932	0.116417	0.0092432	0.160234	0.443995	0.768619	1.08438	1.703	5	1.219202
702000	-544.8997	-572.9285	28.02886	1	1.748115	0.0871785	0.00563078	0.0179276	0.0829314	0.00193963	0.0349159	0.0277589	0.0747078	0.0204828	0.06091	0.00573142	0.572406	0.0200354	0.0566737	0.513549	0.0319401	0.15727	0.261234	0.625244	1.06219	2.05133	3	1.771988
703000	-529.8491	-572.5997	42.75062	10	4.061649	0.182569	0.00651308	0.0141221	0.0872917	0.0574661	0.0256936	0.0154006	0.0475324	0.015419	0.0409104	0.252273	0.227099	0.0714639	0.136384	0.0860914	0.00131943	0.309081	0.457717	0.777314	1.08439	1.68058	5	1.57663
704000	-517.7936	-575.8353	58.04165	10	0.3630885	0.0933223	0.0160731	0.00149533	0.085647	0.148864	0.0103488	0.00631256	0.0536603	0.00520427	0.0455638	0.377059	0.344701	0.0253529	0.0972367	0.163339	0.0433574	0.113821	0.0117692	0.153696	0.688037	3.1465	5	1.631359
705000	-516.3936	-572.3482	55.95457	10	1.277073	0.145572	0.00273912	0.00309801	0.151178	0.0213529	0.00159451	0.0621977	0.0166853	0.0351489	0.0579324	0.259173	0.14177	0.00306663	0.0799547	0.246928	0.0309023	0.14628	0.188743	0.546691	1.03412	2.23044	5	1.405573
706000	-529.5299	-580.3187	50.7888	10	1.891414	0.094115	0.00641503	0.00147919	0.21257	0.018067	0.0297401	0.018059	0.0038477	0.00427577	0.059813	0.0979958	0.389871	0.0516479	0.269622	0.180987	0.0116737	0.155101	0.279959	0.642947	1.06702	2.01008	5	1.60528
707000	-551.0902	-580.4211	29.33086	2	1.476289	0.235613	0.0687085	0.0331085	0.098262	0.0357277	0.0330009	0.0383278	0.00473769	0.0430516	0.0702224	0.0609547	0.483024	0.0389429	0.138408	0.303318	0.0478511	0.239523	0.221636	0.584562	1.049	2.1448	4	1.972782
708000	-520.7974	-571.9221	51.12468	10	0.7596335	0.237403	0.0128501	0.005378	0.167519	0.0615754	0.00716441	0.060015	0.0316544	0.030927	0.0959753	0.00564534	0.46836	0.0098559	0.116888	0.389748	0.0300049	0.17218	0.0869452	0.39036	0.94511	2.57758	5	1.903144
709000	-531.4833	-569.1004	37.61704	2	1.498864	0.0869793	0.00400244	0.00839726	0.0694057	0.0261555	0.00955895	0.0225316	0.0360424	0.0249879	0.0634419	0.145649	0.169065	0.0125081	0.0880735	0.173846	0.0265358	0.21699	0.225147	0.588367	1.05035	2.13613	4	1.184169
710000	-516.6201	-568.0444	51.42429	10	2.986766	0.146528	0.00337405	0.00962163	0.106478	0.0923165	0.00813181	0.0442281	0.0583545	0.0215069	0.0375464	0.0406565	0.39613	0.0653405	0.0665577	0.245817	0.00268817	0.271586	0.388235	0.730793	1.08245	1.79852	5	1.616861
711000	-537.3444	-570.7902	33.44577	10	1.179173	0.179593	0.00844865	0.0048645	0.144708	0.0334633	0.0125197	0.0370016	0.208059	0.0225529	0.0610363	0.513882	0.564305	0.0405086	0.0581819	0.107919	0.03719	0.331008	0.171259	0.524695	1.02433	2.27971	5	2.365241
712000	-523.2647	-564.7607	41.49607	2	1.543918	0.200149	0.0125956	0.00055705	0.0512841	0.0382824	0.014986	0.0152459	0.00268402	0.000137248	0.0438944	0.305082	0.182188	0.0164106	0.10695	0.0843082	0.00254374	0.137545	0.232028	0.595707	1.0529	2.11937	4	1.214844
713000	-540.4672	-572.884	32.41683	2	1.167984	0.213743	0.00198653	0.0205803	0.0407434	0.0761902	0.0213429	0.0542633	0.0314307	0.0420618	0.0295767	0.176193	0.348461	0.0374008	0.173475	0.28203	0.0385624	0.287976	0.169203	0.522012	1.02308	2.2857	4	1.876018
714000	-543.6562	-571.8581	28.2019	1	2.939733	0.195888	0.01363	0.00125656	0.0370643	0.00122399	0.0128559	0.00721128	0.0833628	0.0204439	0.0204484	0.202135	0.338346	0.0156672	0.142901	0.197605	0.0696951	0.275788	0.384545	0.728136	1.0822	1.80512	3	1.635522
715000	-523.2751	-569.2423	45.96726	10	1.979269	0.132154	0.0148454	0.0225503	0.0839639	0.0109471	0.0100918	0.0321619	0.0212731	0.0382785	0.0837196	0.209448	0.370643	0.0296263	0.118525	0.102673	0.0166634	0.225737	0.290787	0.652791	1.06946	1.98696	5	1.523301
716000	-525.4355	-569.6902	44.25469	10	0.8817034	0.133208	0.0144769	0.00847976	0.0479865	0.0447166	0.0210907	0.0116037	0.0466774	0.00469489	0.0170511	0.276666	0.381787	0.0551632	0.0926136	0.0259247	0.00859479	0.0846195	0.112789	0.438061	0.977255	2.47189	5	1.275355
717000	-537.0683	-571.6801	34.61178	2	0.945641	0.15151	0.00139503	0.0452236	0.0485627	0.0113438	0.0033669	0.0510332	0.098331	0.00304658	0.040057	0.343407	0.454222	0.00886777	0.113287	0.12566	0.0258255	0.196829	0.125984	0.45978	0.990375	2.42386	4	1.721967
718000	-532.1075	-569.662	37.5545	2	0.7286289	0.116812	0.00322864	0.0333724	0.0757088	0.0208877	0.0220835	0.00593916	0.000821884	0.00509938	0.0402476	0.109285	0.216496	0.0398492	0.0666193	0.0475047	0.0142594	0.191193	0.0803109	0.376731	0.935032	2.60793	4	1.009408
719000	-518.5362	-569.6663	51.13014	10	1.304379	0.211532	0.0183683	0.0287846	0.0840321	0.00338718	0.000739099	0.0424449	0.0569109	0.0277248	0.0622176	0.163354	0.305389	0.0189425	0.0852303	0.188122	0.0144952	0.221463	0.193461	0.552389	1.03652	2.21763	5	1.533137
720000	-539.0333	-570.2811	31.24781	2	1.546445	0.104497	0.00149784	0.0318938	0.111104	0.00424686	0.0171254	0.042747	0.0644803	0.0430668	0.0650722	0.339439	0.469173	0.0512809	0.0622466	0.0249125	0.00595898	0.466371	0.232409	0.596109	1.05304	2.11845	4	1.905114
721000	-533.8087	-571.625	37.8163	2	1.519142	0.137744	0.00764252	0.0223066	0.114779	0.0496183	0.0117456	0.025009	0.0488867	0.0172193	0.0190479	0.132775	0.344696	0.0181382	0.0792726	0.117064	0.0340428	0.184077	0.228264	0.591712	1.05153	2.1285	4	1.364065
722000	-529.3124	-570.2399	40.92753	10	1.08365	0.101696	0.00820313	0.00585834	0.11982	0.0216045	0.0237774	0.0398745	0.0758194	0.0186442	0.0562056	0.00192373	0.658747	0.275526	0.0900747	0.515427	0.0466143	0.308808	0.153336	0.500527	1.01259	2.33355	5	2.368624
723000	-526.3573	-566.8394	40.48207	2	1.95734	0.151815	0.0130557	0.00386164	0.065421	0.0565376	0.00616858	0.035536	0.0180643	0.00584856	0.041884	0.0282814	0.30674	0.13147	0.100812	0.0783785	0.0350316	0.155422	0.288129	0.650399	1.06888	1.99259	4	1.234329
724000	-510.8557	-564.8495	53.9938	10	1.558738	0.232434	0.00523758	0.00565621	0.103025	0.0162109	0.00222063	0.0323132	0.0658519	0.0126695	0.0622481	0.0218333	0.397349	0.257241	0.060768	0.257326	0.0201715	0.311598	0.234255	0.59805	1.05369	2.114	5	1.864155
725000	-520.8936	-576.0542	55.16057	10	1.752051	0.337305	0.00409931	0.00927828	0.0557226	0.00650475	0.0243038	0.0227544	0.00456059	0.0152709	0.0537573	0.0273129	0.354783	0.162416	0.243361	0.11066	0.0766626	0.359053	0.261767	0.62576	1.06234	2.05013	5	1.867805
726000	-516.3247	-565.9256	49.60084	10	1.446101	0.199367	0.0318528	0.000302952	0.0856816	0.000877041	0.00774962	0.0261263	0.00119261	0.000227775	0.0813251	0.0723611	0.297551	0.127273	0.106846	0.298871	0.0143905	0.146215	0.216875	0.579332	1.04709	2.1567	5	1.49821
727000	-516.4949	-569.1776	52.68272	10	2.000928	0.104568	0.00711209	0.00616873	0.128269	0.00714991	0.0202788	0.0219061	0.0466338	0.00222442	0.0714679	0.0314464	0.32979	0.233564	0.105063	0.376138	0.0083558	0.0285693	0.293385	0.655112	1.07001	1.98149	5	1.528705
728000	-538.3041	-574.714	36.40992	2	2.814664	0.140886	0.0143238	0.0361905	0.0618276	0.040158	0.00150025	0.0249928	0.0430897	0.00560752	0.0647991	0.0794708	0.227422	0.148732	0.0482259	0.153825	0.00549282	0.18786	0.374396	0.720721	1.08143	1.82345	4	1.284405
729000	-511.8122	-569.6894	57.8772	10	0.9324871	0.160303	0.0065438	0.013951	0.0782645	0.0989538	0.0463176	0.0165919	0.0589151	0.00606417	0.0530976	0.00795168	0.284757	0.122967	0.0904084	0.3805	0.0208388	0.0940371	0.123294	0.455474	0.987846	2.43339	5	1.540462
730000	-513.9333	-571.0961	57.16283	10	0.8944091	0.14871	0.00225883	0.00208058	0.0669484	0.0220866	0.0534801	0.00173357	0.0296674	0.0130913	0.0160614	0.015587	0.318622	0.160677	0.0298112	0.110363	0.0189944	0.11575	0.115434	0.44254	0.980035	2.46199	5	1.125922
731000	-525.6249	-573.7672	48.14227	10	0.9312547	0.123172	0.0117812	0.0250789	0.0847993	0.0330734	0.00318249	0.0409825	0.00852367	0.0376762	0.0795897	0.00380258	0.265236	0.277175	0.187122	0.474005	0.0357112	0.299733	0.123041	0.455067	0.987605	2.43429	5	1.990644
732000	-551.8851	-580.0489	28.16386	1	3.717053	0.196067	0.00759445	0.0590439	0.11213	0.014458	0.0283762	0.0346883	0.0113837	0.0261841	0.0424637	0.0345984	0.322382	0.266121	0.0946414	0.107722	0.0143016	0.189439	0.438109	0.764819	1.08433	1.71274	3	1.561594
733000	-548.5718	-575.0116	26.43974	2	3.74687	0.222388	0.00764121	0.0559067	0.11935	0.00784074	0.0191453	0.0203846	0.0111824	0.0476027	0.0377923	0.0177487	0.357804	0.38644	0.150677	0.406347	0.0591137	0.0420404	0.439892	0.765974	1.08435	1.70979	4	1.969405
734000	-525.1795	-565.2151	40.03555	2	1.237699	0.138252	0.00920007	0.011274	0.0430511	0.0288757	0.0144745	0.0350461	0.00405384	0.0153708	0.0253649	0.0341223	0.235673	0.188392	0.0926821	0.272297	0.00627723	0.0982185	0.181818	0.538151	1.03042	2.24961	4	1.252625
735000	-541.5392	-569.9055	28.36636	2	0.4699691	0.112542	0.0283466	0.00310422	0.11328	0.0299968	0.0269606	0.00911441	0.0695088	0.010159	0.0336607	0.033728	0.362215	0.239813	0.0598405	0.516366	0.0260915	0.27418	0.027966	0.231859	0.797124	2.94305	4	1.948907
736000	-530.7166	-568.4947	37.77802	2	1.515558	0.135844	0.0282536	0.00686208	0.0891388	0.00165183	0.00266688	0.0167457	0.00763333	0.00289168	0.0330737	0.00756641	0.23908	0.123532	0.0919714	0.146085	0.0249659	0.037604	0.227716	0.591126	1.05132	2.12984	4	0.9955668
737000	-532.3601	-570.0764	37.71621	2	1.262341	0.134082	0.00639086	0.0195288	0.0557995	0.0508195	0.0223493	0.0187602	0.00694019	0.00543752	0.0397129	0.0198516	0.242801	0.235156	0.124013	0.387444	0.0058933	0.151894	0.186169	0.543541	1.03277	2.23752	4	1.526874
738000	-534.1122	-573.4596	39.34739	2	1.295431	0.125383	0.00842619	0.0115607	0.0740534	0.0168959	0.027284	0.0112878	0.0419315	0.0264644	0.0620517	0.00426379	0.205061	0.18288	0.138538	0.173447	0.047883	0.0575355	0.191923	0.550541	1.03575	2.22179	4	1.214946
739000	-546.5406	-579.2676	32.72704	2	1.423613	0.0991521	0.0148926	0.0782794	0.0569779	0.0573559	0.0288531	0.0357853	0.0251443	0.0183303	0.0336577	0.0498205	0.651452	0.179083	0.121159	0.255142	0.0585935	0.117002	0.213277	0.575327	1.0456	2.16579	4	1.880679
740000	-547.4616	-577.1393	29.67773	2	2.786324	0.112233	0.0194967	0.0508878	0.0760991	0.0128667	0.0345112	0.00940916	0.0607461	0.0506911	0.0388483	0.013979	0.461868	0.291936	0.038225	0.464279	0.00242622	0.0050259	0.372025	0.718966	1.08124	1.82777	4	1.743528
741000	-537.6239	-572.3743	34.75035	2	1.287138	0.117596	0.00744272	0.00384988	0.115549	0.0205291	0.00332278	0.0289475	0.0759987	0.0280707	0.0400719	0.0195277	0.420748	0.169945	0.133487	0.281778	0.115245	0.110534	0.19049	0.548812	1.03502	2.22567	4	1.692644
742000	-537.025	-571.5069	34.48194	2	1.7489	0.174019	0.0140571	0.00765788	0.0918029	0.0310016	0.00109066	0.035413	0.164916	0.0199131	0.0436724	0.0332853	0.222755	0.13328	0.0435636	0.389819	0.00464956	0.15081	0.261341	0.625347	1.06222	2.05109	4	1.561706
743000	-534.3299	-568.2047	33.87484	2	2.159433	0.101158	0.00260316	0.0128054	0.0873942	0.0725977	0.0290724	0.00327984	0.0544026	0.0388588	0.0640369	0.0417886	0.303448	0.200885	0.106959	0.462764	0.00842111	0.0237676	0.311591	0.670963	1.07351	1.94393	4	1.614243
744000	-531.6933	-571.2879	39.59466	2	1.290559	0.187119	0.00528826	0.0113384	0.119947	0.0556931	0.0226514	0.0209327	0.0350613	0.0302726	0.0594492	0.0100323	0.141969	0.112796	0.0654342	0.289189	0.0444815	0.134123	0.191082	0.549527	1.03532	2.22407	4	1.345778
745000	-528.6341	-565.9544	37.32029	2	0.5240417	0.166172	0.0181304	0.0282439	0.0938852	0.00335805	0.0123234	0.0200539	0.0213597	0.00385641	0.0416239	0.0190075	0.319359	0.184942	0.100448	0.271376	0.00162718	0.110318	0.0379257	0.267321	0.837003	2.85775	4	1.416085
746000	-541.8367	-572.9498	31.1131	2	0.9851325	0.392142	0.0126585	0.0227327	0.112013	0.00893106	0.0348813	0.00615559	0.00709552	0.00866673	0.0528453	0.0445591	0.263737	0.242885	0.19069	0.211181	0.0575439	0.447294	0.133978	0.472237	0.997492	2.39629	4	2.116011
747000	-514.1158	-566.2136	52.09788	10	0.8133496	0.119525	0.0130028	0.0179774	0.103057	0.0402627	0.00766824	0.0090766	0.0119516	0.00566537	0.0546468	0.033796	0.25837	0.123451	0.0975019	0.171184	0.00068641	0.282733	0.0983961	0.412454	0.960586	2.52856	5	1.350557
748000	-514.2315	-569.0255	54.79398	10	0.7632663	0.171659	0.00590064	0.0213157	0.0391228	0.0225675	0.0430417	0.0153969	0.0213944	0.0112222	0.0347472	0.044485	0.220389	0.172452	0.117947	0.176461	0.057156	0.49116	0.0877219	0.391913	0.946233	2.57413	5	1.666417
749000	-524.4297	-575.0501	50.62042	10	3.060836	0.10131	0.0114386	0.0282425	0.0639209	0.0167007	0.00048306	0.0370059	0.0576998	0.00669512	0.0267689	0.034296	0.31828	0.288984	0.190244	0.0239194	0.0324149	0.47423	0.393914	0.734842	1.0828	1.78844	5	1.712635
750000	-535.2683	-572.2721	37.0038	2	0.8059748	0.117879	0.00855825	0.00631069	0.161013	0.00846048	0.011328	0.0241697	0.0162852	0.0153369	0.0402139	0.0180198	0.358198	0.139402	0.0992311	0.0160707	0.0394494	0.382316	0.0968295	0.409528	0.958597	2.53505	4	1.462242
751000	-540.5851	-574.0415	33.45635	2	0.7547868	0.186528	0.00170019	0.0649189	0.00910712	0.0748828	0.00754227	0.0211223	0.0420042	0.0164092	0.0340083	0.0431555	0.224244	0.246604	0.042744	0.120245	0.0304745	0.211951	0.0859086	0.388273	0.943594	2.58222	4	1.377641
752000	-544.5469	-574.3869	29.84006	2	1.451426	0.31091	0.012138	0.00341694	0.0919606	0.055175	0.0349115	0.0216664	0.060194	0.00851317	0.0550285	0.00158094	0.252585	0.19257	0.133192	0.31966	0.0300551	0.315521	0.21772	0.580266	1.04744	2.15458	4	1.899079
753000	-536.1301	-570.3557	34.22559	2	3.364187	0.117848	0.0264545	0.00708606	0.0658685	0.0215551	0.0491033	0.0464235	0.0700479	0.0119389	0.0687175	0.0127202	0.27096	0.317865	0.0741109	0.272256	0.0434433	0.250567	0.415611	0.749887	1.08381	1.7507	4	1.726965
754000	-515.0884	-565.1486	50.06018	10	1.531755	0.175878	0.00360726	0.0427766	0.0920374	0.0387525	0.0296718	0.0139154	0.0137043	0.0040836	0.0587107	0.0226263	0.387223	0.236154	0.132278	0.065522	0.0713739	0.382361	0.230187	0.593758	1.05223	2.12382	5	1.770676
755000	-541.4985	-574.1871	32.68862	2	0.4473298	0.134918	0.0330515	0.00210544	0.125187	0.0574885	0.0174795	0.01635	0.0288411	0.0101929	0.0362586	0.003919	0.372169	0.271593	0.116641	0.194307	0.0306749	0.409766	0.0240923	0.216148	0.777809	2.98195	4	1.860942
756000	-535.1672	-574.5683	39.40107	2	0.5710528	0.144302	0.00443484	0.0130408	0.0673811	0.00558777	0.00690026	0.0348146	0.0411162	0.021895	0.044801	0.0273535	0.306732	0.257	0.049785	0.0914856	0.0319277	0.138305	0.047198	0.295793	0.8658	2.79121	4	1.286862
757000	-530.3287	-567.8895	37.56084	2	0.8142766	0.108681	0.00136172	0.0155703	0.0875843	0.0241264	0.00643299	0.0133195	0.0105974	0.00809739	0.0432066	0.00532733	0.345306	0.133109	0.0985352	0.0795148	0.0457548	0.398022	0.0985928	0.412819	0.960834	2.52775	4	1.424546
758000	-537.9393	-574.4352	36.49594	2	1.18283	0.171548	0.00456831	0.0137775	0.0620834	0.0194518	0.0322931	0.0196427	0.0525784	0.0180348	0.0293442	0.0316643	0.201187	0.104731	0.0861488	0.134439	0.0246689	0.146071	0.171928	0.525564	1.02474	2.27777	4	1.152231
759000	-532.3665	-569.005	36.63843	2	2.022956	0.111952	0.0288129	0.0110594	0.0589198	0.0141061	0.0112455	0.0238767	0.0085225	0.0328916	0.0291656	0.0308998	0.337246	0.172323	0.112613	0.153087	0.0359178	0.36227	0.296	0.657433	1.07055	1.97601	4	1.534908
760000	-536.7777	-573.0096	36.23186	2	0.8671847	0.139851	0.0163216	0.0452998	0.051315	0.0521924	0.00972569	0.0187447	0.0266971	0.0352179	0.0838908	0.00309931	0.150243	0.228187	0.0805795	0.339638	0.0130023	0.397867	0.109754	0.43284	0.973964	2.48344	4	1.691871
761000	-537.4082	-574.8331	37.42485	2	1.178676	0.157482	0.0172666	0.0164901	0.083073	0.000227564	0.0200489	0.0168769	0.0337153	0.0250079	0.0249383	0.00655524	0.0762481	0.169023	0.0503533	0.257561	0.0402078	0.256011	0.171167	0.524576	1.02428	2.27998	4	1.251086
762000	-537.3268	-569.8136	32.48679	2	1.047058	0.201211	0.0157739	0.00147926	0.105281	0.0984002	0.020284	0.0237533	0.0516511	0.0170408	0.0276088	0.00331263	0.180964	0.459241	0.156278	0.279058	0.0467474	0.273793	0.146247	0.490453	1.00738	2.35592	4	1.961877
763000	-530.9826	-566.9599	35.9773	2	1.536904	0.131068	0.0112112	0.00312334	0.0574274	0.0210428	0.00128136	0.0527896	0.0849151	0.0150284	0.0436816	0.0162876	0.0281937	0.239034	0.0392161	0.394241	0.0375447	0.370279	0.230967	0.594586	1.05252	2.12193	4	1.546364
764000	-535.6119	-571.7374	36.12551	2	3.974563	0.175282	0.0139165	0.0198206	0.0872493	0.05926	0.024063	0.0118592	0.0309271	0.0237233	0.0492757	0.066806	0.272357	0.284033	0.108793	0.071753	0.0184309	0.280279	0.452959	0.774325	1.0844	1.68831	4	1.597827
765000	-530.5479	-570.8152	40.2673	2	2.112978	0.096196	0.00410274	0.0125155	0.0530409	0.0643554	0.0252842	0.0179863	0.0365538	0.0266341	0.0200277	0.0505998	0.112129	0.197039	0.11797	0.167309	0.0316907	0.141533	0.306398	0.666514	1.07258	1.95451	4	1.174967
766000	-548.682	-575.7042	27.02216	1	2.174263	0.138216	0.0246491	0.00158563	0.0253484	0.0108904	0.0353031	0.0524676	0.0195721	0.00799729	0.0369035	0.0433521	0.295457	0.194538	0.125863	0.264967	0.0653521	0.48758	0.313225	0.672351	1.0738	1.94063	3	1.830043
767000	-536.0928	-570.8296	34.73689	2	2.304577	0.21234	0.0372911	0.0169065	0.0630383	0.0731125	0.0107169	0.0318741	0.0171729	0.00186449	0.0855916	0.019169	0.0941844	0.295786	0.127546	0.18578	0.0379649	0.18736	0.32711	0.683931	1.07603	1.91293	4	1.497699
768000	-547.5853	-575.6631	28.07779	2	1.05588	0.220377	0.0343354	0.0193427	0.135575	0.0353402	0.0482562	0.0211844	0.0876738	0.0071181	0.0340067	0.0062132	0.215207	0.544606	0.106357	0.257599	0.0232318	0.300232	0.147967	0.492927	1.00868	2.35043	4	2.096655
769000	-527.4476	-567.2348	39.78713	2	0.4371575	0.1038	0.00645093	0.00316179	0.0842494	0.00303033	0.0210753	0.00196185	0.0128041	0.0104949	0.0411506	0.0335586	0.269346	0.237804	0.205666	0.0931291	0.0109026	0.0725023	0.0224195	0.208928	0.768551	3.0001	4	1.211089
770000	-538.2858	-571.5736	33.28781	2	2.383949	0.17951	0.00424046	0.0723241	0.0849096	0.00377943	0.0173097	0.0230919	0.114058	0.00935314	0.0305642	0.00330307	0.13498	0.453591	0.364647	0.353658	0.0295259	0.0187206	0.33517	0.690483	1.07718	1.89717	4	1.897566
771000	-518.6653	-570.8975	52.23229	10	1.366883	0.207933	0.000688102	0.00715695	0.0740143	0.0374142	0.017694	0.036181	0.0788188	0.0047104	0.0634893	0.086972	0.0730095	0.269797	0.442197	0.134554	0.00166997	0.0408046	0.204007	0.564787	1.04154	2.18966	5	1.577104
772000	-515.6087	-570.0293	54.42063	10	1.116061	0.0884415	0.00224963	0.0398375	0.0881924	0.0433565	0.0160265	0.00872881	0.00522864	0.00868524	0.0540313	0.0142239	0.185547	0.187365	0.136926	0.161412	0.0136316	0.11537	0.159512	0.509058	1.01685	2.31458	5	1.169253
773000	-547.0339	-583.9846	36.95063	2	0.8003115	0.232112	0.00837241	0.0179159	0.0586679	0.0531827	0.010474	0.0240387	0.130197	0.0115188	0.0594167	0.010082	0.0519105	0.143876	0.146027	0.131541	0.0527076	0.0499289	0.095625	0.407259	0.957041	2.54007	4	1.191969
774000	-548.1303	-579.1838	31.05344	2	1.187123	0.308777	0.0279726	0.0072719	0.090959	0.109964	0.0425626	0.00409485	0.0815974	0.0424476	0.0470415	0.0889618	0.26622	0.138525	0.327447	0.18426	0.0110849	0.0559682	0.172712	0.526579	1.02521	2.2755	4	1.835155
775000	-541.2538	-575.2064	33.95266	2	2.378605	0.108456	0.0104419	0.00861343	0.128943	0.0122245	0.0214648	0.017533	0.029089	0.0241635	0.0148886	0.0498291	0.204696	0.25593	0.291737	0.157074	0.00072165	0.0509138	0.334637	0.690053	1.07711	1.8982	4	1.38672
776000	-541.9784	-568.3737	26.39524	2	3.122569	0.193459	0.000580948	0.0127698	0.0940249	0.0487285	0.0243819	0.0230914	0.000336056	0.0118734	0.0327632	0.0014746	0.0604394	0.445771	0.47885	0.243902	0.0791715	0.161641	0.398527	0.738096	1.08306	1.78032	4	1.913259
777000	-524.102	-569.4815	45.37945	2	0.1093213	0.0466312	0.00557263	0.0209461	0.0526486	0.0391495	0.0057232	0.000299072	0.0152661	0.0107057	0.00709448	0.00125831	0.0424009	0.0634681	0.153792	0.0874855	0.028037	0.0559521	1.71442e-06	0.00194363	0.11965	3.8784	4	0.6364301
778000	-518.2274	-572.8508	54.62332	10	0.6404917	0.121618	0.0140828	0.00758764	0.0407482	0.0595994	0.0251902	0.0172304	0.00361911	0.00610378	0.0651895	0.0438268	0.181588	0.172584	0.351983	0.0757646	0.0152796	0.134213	0.0615526	0.334046	0.90065	2.70375	5	1.336208
779000	-535.4722	-572.7485	37.27627	1	1.078677	0.116848	0.00780536	0.000327452	0.0504349	0.0508725	0.00564417	0.00753624	0.0269368	0.00669728	0.0403758	0.0161385	0.10623	0.0838695	0.186074	0.13744	0.0246848	0.0462748	0.152379	0.499187	1.0119	2.33653	3	0.9141904
780000	-541.6102	-580.3044	38.69427	2	1.106119	0.127161	0.00540079	0.011628	0.131572	0.0329335	0.0205456	0.00510637	0.021929	0.0229521	0.0523226	0.00177993	0.11353	0.320788	0.14819	0.127114	0.01887	0.066468	0.157628	0.506479	1.01558	2.32032	4	1.228291
781000	-520.1065	-575.9008	55.79432	10	0.7567245	0.108815	0.00920012	0.0374063	0.0978304	0.0121923	0.0569098	0.0192507	0.05097	0.0219394	0.0916425	0.00430827	0.0898671	0.355991	0.4788	0.267363	0.0232396	0.197065	0.0863231	0.389109	0.944203	2.58036	5	1.92279
782000	-539.7146	-572.3586	32.64394	2	1.540859	0.135814	0.0253582	0.0385711	0.084987	0.0647181	0.00548427	0.0332911	0.0286491	0.0136714	0.0662703	0.0105818	0.21084	0.220607	0.523525	0.174484	0.0339781	0.0606269	0.231566	0.595219	1.05273	2.12048	4	1.731457
783000	-537.939	-575.416	37.47708	2	0.4318716	0.167424	0.00618556	0.0465609	0.0893071	0.0324304	2.65884e-05	0.0161775	0.0573212	0.0150568	0.0312873	0.00636888	0.0464864	0.266214	0.233811	0.15348	0.0154725	0.0783936	0.021568	0.205138	0.763588	3.00971	4	1.262004
784000	-546.7783	-579.0842	32.30587	2	0.9847795	0.23407	0.00654163	0.0544383	0.0365716	0.0822637	0.0444256	0.00926391	0.00257398	0.0119141	0.0938199	0.0753899	0.235393	0.298178	0.365342	0.307501	0.0159643	0.0949124	0.133907	0.472129	0.997432	2.39653	4	1.968564
785000	-519.2407	-574.3307	55.09001	10	1.699541	0.230267	0.0104975	0.0840342	0.102204	0.0315646	0.0135776	0.0410676	0.0379266	0.0282411	0.0394045	0.0113683	0.177801	0.197267	0.370952	0.195346	0.00420284	0.0814054	0.254568	0.618719	1.06027	2.06644	5	1.657127
786000	-516.9913	-570.0219	53.03066	10	2.426391	0.216351	0.00174046	0.0105756	0.0507015	0.0736192	0.0700562	0.00441108	0.00199562	0.00487652	0.0768331	0.0235532	0.200256	0.255339	0.332918	0.200231	0.0585599	0.107363	0.339365	0.693844	1.07774	1.88905	5	1.68938
787000	-519.4339	-571.4128	51.97894	10	1.433842	0.140761	0.0332022	0.000424605	0.0667651	0.0191736	0.0102645	0.0282028	0.0167745	0.0115474	0.079808	0.0628674	0.0918444	0.294046	0.416284	0.174494	0.0172419	0.058189	0.214919	0.577161	1.04629	2.16163	5	1.52189
788000	-519.449	-570.2677	50.81869	10	0.7857758	0.160959	0.00226054	0.00108692	0.0799815	0.0213729	0.0147269	0.0380356	0.00335623	0.0703674	0.0133254	0.0365834	0.196277	0.137616	0.248917	0.146771	0.0134886	0.114603	0.0925285	0.401344	0.952934	2.55319	5	1.299728
789000	-515.5948	-567.8212	52.22647	10	1.699097	0.233771	0.0125836	0.0225395	0.0770078	0.0500891	0.00967222	0.0249756	0.0747964	0.0271119	0.0324638	0.0185995	0.133811	0.301773	0.354618	0.291841	0.0116119	0.115781	0.254506	0.618658	1.06025	2.06659	5	1.793046
790000	-517.1121	-572.2351	55.12298	10	2.674604	0.101333	0.0146661	0.00965333	0.101533	0.0129677	0.0184324	0.026972	0.105897	0.0310902	0.0672263	0.0062271	0.0892936	0.24605	0.356016	0.174244	0.0766514	0.0331322	0.362409	0.711756	1.08036	1.84548	5	1.471385
791000	-521.4085	-572.1921	50.78358	10	0.4266036	0.232569	0.0134631	0.0140799	0.0845635	0.0341364	0.0157514	0.0369721	0.0310268	0.00520875	0.0580031	0.00171785	0.160949	0.167043	0.303328	0.326717	0.0540008	0.110416	0.020732	0.201334	0.758535	3.0194	5	1.649946
792000	-532.2226	-568.7846	36.56197	2	1.14925	0.147836	0.0323947	0.0106902	0.0542832	0.00037227	0.00401006	0.0334202	0.0264708	0.00676347	0.0371875	0.0219885	0.143182	0.375409	0.215162	0.204417	0.0116888	0.0719445	0.165736	0.517435	1.02091	2.29592	4	1.39722
793000	-526.9504	-569.76	42.80969	2	1.098678	0.106251	0.0114317	0.00514459	0.0578359	0.0142125	0.0126912	0.0199559	0.0315546	0.011765	0.0617535	0.059773	0.138921	0.162386	0.233443	0.107232	0.0194007	0.0400936	0.156212	0.504527	1.0146	2.32466	4	1.093846
794000	-529.1582	-565.8103	36.65216	2	1.144725	0.185419	0.00531485	0.00411817	0.0665812	0.0715159	0.00674846	0.0312736	0.0274603	0.00399129	0.0346567	0.068765	0.0721226	0.270398	0.262973	0.193708	0.00651923	0.103838	0.164893	0.516313	1.02038	2.29842	4	1.415404
795000	-534.1642	-573.0206	38.8564	2	0.8138272	0.111562	0.0164254	0.008245	0.0429988	0.0383337	0.0230737	0.0182463	0.00712614	0.0350497	0.024924	0.0349101	0.0458422	0.244783	0.257699	0.138476	0.0401253	0.0798224	0.0984975	0.412642	0.960714	2.52815	4	1.167643
796000	-532.7794	-570.4083	37.6289	2	0.3623325	0.0867287	0.0247064	0.0177341	0.0512439	0.0128283	0.021912	0.00861464	0.0261301	0.0321127	0.00997406	0.0189033	0.119623	0.197563	0.306566	0.17752	0.0148345	0.0613852	0.0116763	0.153113	0.687077	3.14813	4	1.18838
797000	-541.3684	-572.7402	31.37176	2	0.8424956	0.142259	0.0182124	0.0193643	0.0911636	0.120713	0.0199258	0.011526	0.0364746	0.00334829	0.0375148	0.0240956	0.0916293	0.344221	0.313307	0.26602	0.0541276	0.113643	0.104564	0.423697	0.968068	2.50367	4	1.707546
798000	-532.5914	-569.6397	37.04835	2	0.5327662	0.116143	0.0063655	0.0142499	0.0476161	0.0204072	0.0202476	0.00749267	0.0146548	0.00583135	0.0360333	0.0157707	0.102633	0.289064	0.255028	0.249211	0.00377259	0.094258	0.0396099	0.272769	0.84272	2.8449	4	1.298779
799000	-534.8633	-569.9825	35.11921	2	2.461051	0.127221	0.00164081	0.00688617	0.0967882	0.0142133	0.00535586	0.0404924	0.0168962	0.00175994	0.0224887	0.0456115	0.017594	0.370481	0.32476	0.209353	0.0307793	0.0682113	0.342733	0.69652	1.07817	1.88258	4	1.400533
800000	-530.4923	-569.8726	39.38033	2	0.7157268	0.111327	0.00279165	0.0380926	0.0414785	0.00962552	0.0223927	0.032563	0.0193997	0.0092661	0.0302104	0.0471818	0.145246	0.275624	0.312589	0.164245	0.00284264	0.0527928	0.0775502	0.370857	0.93056	2.62103	4	1.317669
801000	-527.2904	-568.2895	40.99911	2	0.7703158	0.101669	0.00481072	0.0466583	0.0735956	0.0432773	0.0371067	0.000832144	0.0140296	0.00830828	0.0428457	0.00923982	0.192874	0.285111	0.202665	0.148716	0.0238267	0.0883566	0.0892285	0.394903	0.948378	2.56749	4	1.323921
802000	-534.8797	-570.1666	35.2869	2	0.5194739	0.0981418	0.0024717	0.0188214	0.0920137	0.0752209	0.0139828	0.0115126	0.0303652	0.00146849	0.0535212	0.0041395	0.122996	0.397573	0.436228	0.151767	0.0485462	0.155255	0.0370514	0.264439	0.833937	2.86457	4	1.714024
803000	-544.5078	-574.1095	29.60173	1	2.002939	0.225417	0.00526588	0.00495157	0.0629978	0.0814074	0.0236682	0.0251534	0.0108022	0.0131367	0.0485882	0.0100279	0.199536	0.0827124	0.285375	0.344287	0.0322301	0.133662	0.293625	0.655326	1.07006	1.98099	3	1.589219
804000	-528.2623	-566.338	38.07567	2	1.917238	0.158326	0.00152474	0.00902834	0.0778027	0.00316012	0.0412045	0.0226307	0.00844267	0.0243662	0.042697	0.0416789	0.165238	0.218081	0.269954	0.196032	0.0399652	0.115494	0.283191	0.645914	1.06777	2.00312	4	1.435626
805000	-515.4205	-570.2224	54.80192	10	0.792955	0.109099	0.00105094	0.0039447	0.0689861	0.0595802	0.00804259	0.0239964	0.0397543	0.0078376	0.0470549	0.0131721	0.113499	0.127933	0.170833	0.0792798	0.0251357	0.0672942	0.0940588	0.404282	0.954984	2.54668	5	0.9664936
806000	-527.4126	-572.1204	44.70776	10	1.751576	0.131855	0.0463259	0.0449871	0.0883459	0.00337261	0.0163543	0.0166784	0.0319522	0.00960768	0.0414679	0.0612022	0.36958	0.347974	0.304732	0.25185	0.0171698	0.130995	0.261703	0.625698	1.06232	2.05028	5	1.91445
807000	-540.5621	-573.989	33.42691	2	0.8885355	0.147372	0.0041742	0.0192863	0.0646191	0.0909672	0.0734418	0.0129459	0.0246553	0.00940729	0.0549772	0.0318944	0.326215	0.372279	0.326707	0.298253	0.00772642	0.130848	0.114213	0.44048	0.978761	2.46655	4	1.99577
808000	-532.2494	-567.7641	35.51469	2	0.3420202	0.303873	0.0217873	0.000701036	0.0695544	0.0579642	0.00237693	0.0226735	0.00835826	0.0271555	0.0159602	0.0185448	0.438666	0.155094	0.343448	0.214286	0.00498299	0.136585	0.00931366	0.137339	0.660072	3.19328	4	1.842011
809000	-533.4461	-571.0706	37.62452	2	1.963807	0.138765	0.00742345	0.0224808	0.0779815	0.0158156	0.020544	0.0164848	0.0307128	0.0102866	0.0206218	0.0223856	0.340533	0.0475797	0.278471	0.109207	0.0518025	0.0799146	0.288916	0.651109	1.06906	1.99092	4	1.29101
810000	-539.1716	-572.6967	33.52509	2	3.208064	0.190728	0.000184203	0.0535174	0.102125	0.0596242	0.0195605	0.0190063	0.0385577	0.0237587	0.0299451	0.0195838	0.22706	0.168581	0.198667	0.232363	0.00380925	0.0687435	0.404744	0.742434	1.08337	1.76946	4	1.455813
811000	-540.9243	-572.8887	31.9644	2	2.317448	0.234747	0.0148582	0.0201194	0.0714592	0.0538943	0.0055186	0.0244461	0.0166979	0.0213751	0.0452739	0.0298587	0.505722	0.181016	0.121541	0.195048	0.0298488	0.111804	0.328436	0.685018	1.07623	1.91032	4	1.683228
812000	-542.2946	-577.1198	34.8252	2	1.361747	0.150147	0.0151422	0.0155957	0.0883503	0.0360075	0.0132806	0.0308789	0.0175039	0.0107291	0.095861	0.0968364	0.155337	0.129361	0.215614	0.114193	0.0423167	0.103423	0.203154	0.563801	1.04115	2.19189	4	1.330577
813000	-521.1023	-568.2262	47.1239	10	1.200706	0.183565	1.52793e-05	0.0316159	0.0680426	0.00561259	0.0149443	0.0294202	0.00678027	0.0176122	0.0732353	0.0353997	0.161868	0.180353	0.263774	0.145651	0.00314517	0.0988951	0.175181	0.529756	1.02666	2.2684	5	1.319931
814000	-518.6863	-572.6855	53.99918	10	0.8226982	0.10014	0.0295722	0.0137771	0.0655859	0.0134379	0.0203958	0.0134401	0.026535	0.0384742	0.0236597	0.00477219	0.281619	0.236	0.187894	0.151831	0.0690577	0.113261	0.100379	0.416114	0.963051	2.52046	5	1.389453
815000	-537.2906	-581.2957	44.00508	10	0.2814441	0.0648255	0.00104731	0.0136379	0.118208	0.0103631	0.0134707	0.000569414	0.104406	0.0132008	0.0415451	0.0914314	0.21671	0.273957	0.364219	0.149249	0.0194313	0.0776323	0.00391109	0.0901617	0.563284	3.34264	5	1.573904
816000	-533.2129	-567.3251	34.11212	2	1.649163	0.248294	0.00186852	0.00261214	0.0953739	0.0797117	0.0371814	0.0189521	0.0102166	0.0144023	0.0608441	0.0087606	0.32753	0.14344	0.231293	0.198167	0.0238536	0.0920505	0.247473	0.611638	1.0581	2.08279	4	1.594552
817000	-512.5619	-564.979	52.4171	10	0.9809685	0.195771	0.00437233	0.00767716	0.0605817	0.00517293	0.0222671	0.0157305	0.000511594	0.0339079	0.0424333	0.0252444	0.275858	0.214095	0.26198	0.234769	0.00618201	0.165784	0.133141	0.470956	0.996774	2.39913	5	1.572337
818000	-523.7915	-574.7018	50.9103	10	0.8408339	0.211408	0.0161867	0.00162428	0.0940746	0.0358303	0.00624065	0.0364589	0.0297535	0.0320327	0.0195402	0.0114388	0.190131	0.208295	0.475138	0.225218	0.0217931	0.133509	0.104213	0.423069	0.967657	2.50506	5	1.748673
819000	-529.6228	-563.5458	33.92296	2	1.378482	0.240851	0.0026307	0.00151675	0.0825966	0.00371932	0.00354568	0.0475041	0.0230561	0.0224758	0.0486762	0.06316	0.351967	0.209049	0.179425	0.195118	0.0193393	0.11504	0.205925	0.566995	1.04241	2.18467	4	1.609669
820000	-539.4353	-571.649	32.21369	1	0.6659533	0.111153	0.0158619	0.00221154	0.0871623	0.0273711	0.0174087	0.0203497	0.07211	0.00477107	0.0883003	0.0235176	0.44489	0.0805803	0.294058	0.111313	0.0159239	0.0447382	0.066936	0.347013	0.911567	2.67448	3	1.461721
821000	-532.9417	-570.2879	37.34618	2	0.857573	0.204606	0.00885244	0.00747938	0.027208	0.0373772	0.0057227	0.0127065	0.0415733	0.00594153	0.0510275	0.0179754	0.0688791	0.303855	0.204711	0.0931472	0.00901591	0.0826156	0.107738	0.42932	0.971714	2.49123	4	1.182693
822000	-530.4405	-569.2529	38.81245	2	1.230799	0.179032	0.00410132	0.018362	0.0920411	0.0883952	0.00932197	0.0159838	0.0246491	0.00151939	0.0596097	0.0014901	0.100119	0.21144	0.222686	0.162559	0.0668101	0.102702	0.18059	0.536613	1.02974	2.25305	4	1.360821
823000	-542.4291	-573.2632	30.83416	2	3.533668	0.164049	0.000578968	0.0484507	0.103921	0.0491579	0.0255561	0.028957	0.0309886	0.0131156	0.0344317	0.0348478	0.0869391	0.424427	0.387591	0.362859	0.0133117	0.0859092	0.426752	0.757364	1.08413	1.73176	4	1.895091
824000	-530.5486	-572.0001	41.45147	2	1.156122	0.138294	0.00967127	0.0063508	0.0543459	0.00673084	0.0177537	0.00695988	0.0170503	0.0581403	0.0154035	0.0359599	0.153492	0.131785	0.258362	0.197373	0.00593497	0.0995607	0.167011	0.519126	1.02172	2.29214	4	1.213168
825000	-539.2172	-571.2698	32.05259	2	0.9754869	0.234721	0.0441569	0.00352827	0.0658549	0.0297577	0.0317365	0.0335739	0.014602	0.00449984	0.0425319	0.0469622	0.171938	0.333315	0.448627	0.304764	0.0166882	0.148512	0.132037	0.469258	0.995817	2.40289	4	1.97577
826000	-537.0753	-569.987	32.91162	2	2.130933	0.122076	0.01483	0.0441162	0.0616369	0.0397747	0.0136897	0.0411322	0.0189841	0.00361515	0.066664	0.0262083	0.0241586	0.301499	0.272378	0.218723	0.0202541	0.0713756	0.308419	0.668252	1.07295	1.95038	4	1.361116
827000	-532.1278	-565.4887	33.36093	2	1.09631	0.190844	0.00682745	0.00663158	0.0679816	0.00357696	0.00400474	0.0426209	0.00282987	0.013146	0.092618	0.0277743	0.0588035	0.337676	0.259461	0.324992	0.00949109	0.0742138	0.15576	0.503902	1.01429	2.32605	4	1.523492
828000	-531.9945	-570.4092	38.41471	2	0.6996782	0.220298	0.0101516	0.00439603	0.0620133	0.0117107	0.0123474	0.0391632	0.00282505	0.0202536	0.0406703	0.0115036	0.0616272	0.331864	0.201754	0.266114	0.0244507	0.0940046	0.0741195	0.363378	0.924749	2.63775	4	1.415147
829000	-536.4662	-569.6271	33.16092	2	7.122449	0.149513	0.0140931	0.00970502	0.0890302	0.0254674	0.000749252	0.034152	0.0102632	0.011875	0.0227602	0.0512165	0.120707	0.188891	0.25192	0.132281	0.0142916	0.199884	0.571826	0.841844	1.07867	1.50766	4	1.3268
830000	-513.0893	-569.8355	56.74623	10	2.403004	0.125328	0.00128523	0.0205875	0.171103	0.0178951	0.0436849	0.0174462	0.00737967	0.0117599	0.0373993	0.0139129	0.248139	0.149215	0.311463	0.22324	0.00839402	0.119058	0.337063	0.692004	1.07744	1.8935	5	1.527291
831000	-507.8064	-564.756	56.94964	10	0.6733727	0.147561	0.00529844	0.0100603	0.0758998	0.00881911	0.00836686	0.0258718	0.0171169	0.0232214	0.0343549	0.0308083	0.18569	0.139191	0.187543	0.210316	0.00780624	0.084859	0.0685122	0.350691	0.914587	2.66621	5	1.202784
832000	-514.1162	-571.1543	57.03805	10	0.951662	0.126053	0.0127001	0.00346603	0.06406	0.0229662	0.0332943	0.0079843	0.000626765	0.0162339	0.0397878	0.0395333	0.30955	0.0989397	0.350828	0.206368	0.0545744	0.0785521	0.127211	0.461724	0.991505	2.41956	5	1.465518
833000	-519.3821	-568.4431	49.06101	10	1.443458	0.124081	0.00212397	0.0426471	0.0896563	0.0270549	0.0283546	0.0222914	0.036932	0.000846901	0.0319897	0.0384885	0.103909	0.152352	0.244251	0.173534	0.0275487	0.0948555	0.216454	0.578866	1.04692	2.15776	5	1.240917
834000	-546.0237	-573.7633	27.73962	1	2.074823	0.165757	0.0208488	0.00361998	0.0481575	0.0181324	0.0107843	0.0492401	0.00930424	0.0500547	0.0476623	0.0660998	0.287165	0.00310775	0.372301	0.467173	0.0310534	0.117779	0.302046	0.662741	1.07175	1.96346	3	1.768241
835000	-526.2689	-576.221	49.95213	10	2.148621	0.13657	0.0018785	0.024869	0.0797982	0.0255517	0.0643635	0.0127931	0.0155491	0.00161564	0.122641	0.0329206	0.176198	0.161838	0.451864	0.298656	0.0125386	0.218947	0.310393	0.669941	1.0733	1.94637	5	1.838592
836000	-536.9233	-569.689	32.76571	2	1.390924	0.208632	0.022598	0.0107306	0.0454909	0.00204359	0.0260259	0.000269308	0.0667956	0.00622794	0.0180175	0.00340176	0.205753	0.0433766	0.298762	0.322808	0.0419702	0.0723574	0.20797	0.569333	1.04332	2.17938	4	1.395261
837000	-535.19	-575.1661	39.97618	2	1.12611	0.300711	0.0350987	0.0125823	0.103969	0.0609212	0.0290609	0.0027953	0.0232562	0.00686671	0.0664271	0.00322163	0.14955	0.0801077	0.253287	0.183969	0.000327762	0.0493376	0.161407	0.511632	1.01811	2.30885	4	1.361488
838000	-523.3096	-565.4008	42.09117	2	0.4357674	0.139631	0.00640959	0.00181007	0.0471084	0.00840916	0.0159384	0.0112575	0.0516041	0.00983821	0.0263688	0.02232	0.265399	0.141679	0.163018	0.287108	0.022007	0.0656302	0.0221944	0.207934	0.767256	3.00262	4	1.285536
839000	-536.2033	-569.2288	33.02551	2	1.926311	0.128196	0.0108951	0.00125909	0.0867819	0.0180855	0.0455864	0.0113678	0.0190152	0.00846936	0.0364172	0.0222894	0.148232	0.116243	0.539284	0.321482	0.0166887	0.157853	0.284317	0.646942	1.06803	2.00071	4	1.688145
840000	-547.842	-574.3222	26.48021	2	3.800954	0.166621	0.0212509	0.00898704	0.1253	0.0318209	0.0338975	0.0358645	0.0674871	0.0703657	0.0705172	0.0142817	0.268542	0.0578912	0.45268	0.714319	0.0278858	0.144049	0.443082	0.768032	1.08438	1.70451	4	2.311762
841000	-539.2697	-569.5623	30.29265	2	5.199553	0.18255	0.00093085	0.0283006	0.0829177	0.0852085	0.0349439	0.0172922	0.0122325	0.00288575	0.0476247	0.091918	0.329195	0.140335	0.260469	0.214381	0.0233686	0.171425	0.51016	0.80859	1.08294	1.59831	4	1.725978
842000	-514.9249	-566.9289	52.00401	10	2.311869	0.136382	0.00791505	0.0180437	0.119014	0.0272693	0.0200367	0.0130517	0.0755751	0.00347423	0.0612798	0.0122384	0.173366	0.199506	0.11577	0.210014	0.0248881	0.0956905	0.327862	0.684548	1.07614	1.91145	5	1.313516
843000	-539.2494	-569.9573	30.70789	2	3.080341	0.207702	0.0247719	0.00456289	0.114343	0.0152525	0.0104063	0.0338064	0.0194954	0.00317981	0.067876	0.0774112	0.178609	0.179593	0.320977	0.266535	0.0372831	0.121411	0.395383	0.735881	1.08289	1.78585	4	1.683214
844000	-536.5913	-571.8451	35.25377	2	0.641198	0.194393	0.0173821	0.00698839	0.0840923	0.0609721	0.000277637	0.0432873	0.0654423	0.000530234	0.0844333	0.0113925	0.212853	0.145537	0.297823	0.387633	0.0204117	0.107437	0.0617013	0.334413	0.900965	2.70292	4	1.740887
845000	-544.1439	-573.2201	29.07625	2	1.347428	0.11559	0.0237437	0.0154633	0.0916593	0.02372	0.0154072	0.0409723	0.0625273	0.0102727	0.065396	0.0721707	0.221067	0.284303	0.514926	0.126118	0.00654603	0.117596	0.200762	0.56102	1.04005	2.19817	4	1.80748
846000	-517.108	-568.2042	51.09617	10	1.814645	0.183097	0.00329851	0.00397567	0.0944769	0.0924135	0.0305305	0.0156362	0.040763	0.0224071	0.0816445	0.015576	0.0773035	0.38024	0.2055	0.204602	0.0420099	0.126627	0.270098	0.633736	1.06458	2.03159	5	1.620101
847000	-531.528	-567.4511	35.92305	2	0.7180078	0.128974	0.0118444	0.00196165	0.0972469	0.00361982	0.0242995	0.00755659	0.0188634	0.0134608	0.0495706	0.0339374	0.0768118	0.199983	0.222694	0.135956	0.00421639	0.0648073	0.0780381	0.371904	0.931363	2.61869	4	1.095804
848000	-515.993	-566.2992	50.30618	10	1.375232	0.189794	0.010979	0.032999	0.0714579	0.00126089	0.0132676	0.0175914	0.00645376	0.018439	0.068247	0.0233501	0.209598	0.273436	0.356653	0.141061	0.019052	0.102177	0.205389	0.566379	1.04217	2.18606	5	1.555816
849000	-542.1938	-577.0698	34.87592	2	2.214633	0.107102	0.0110674	0.0447609	0.0965301	0.0359954	0.0246672	0.0150067	0.00375578	0.0313992	0.0157635	0.035533	0.166823	0.350124	0.239057	0.153395	0.0311762	0.130535	0.317616	0.676055	1.07454	1.93179	4	1.492692
850000	-510.0215	-561.668	51.64648	10	1.394271	0.125823	0.000989961	0.00675895	0.0937968	0.0258155	0.00182915	0.0291699	0.0265394	0.00455169	0.0528186	0.0276864	0.28192	0.119171	0.188201	0.258603	0.00932995	0.101053	0.208518	0.569956	1.04356	2.17797	5	1.354059
851000	-516.8486	-577.8295	60.98085	10	1.119463	0.150172	0.00257643	0.0229791	0.0587843	0.0202796	0.00148879	0.0449276	0.0379945	0.0127205	0.0188043	0.0605032	0.162454	0.14636	0.0823431	0.275641	0.0346247	0.130105	0.160155	0.509933	1.01728	2.31263	5	1.262757
852000	-530.6652	-576.7814	46.1162	10	2.390288	0.168869	0.0811971	0.00678974	0.109848	0.038548	0.00902584	0.0259089	0.122009	0.00132014	0.129152	0.0112394	0.268152	0.151728	0.27543	0.301733	0.0569476	0.172829	0.335802	0.690991	1.07727	1.89594	5	1.930726
853000	-522.7853	-572.458	49.67265	10	1.115497	0.102559	0.0164157	0.0324281	0.139406	0.0399165	0.0269575	0.00243	0.0810989	0.0115413	0.0420126	0.0497949	0.261803	0.249734	0.327431	0.266273	0.0606725	0.040516	0.159406	0.508912	1.01678	2.3149	5	1.750991
854000	-520.7229	-567.7848	47.06193	10	1.239862	0.26307	0.00961505	0.00218221	0.07808	0.0302743	0.0238235	0.0225786	0.0567641	0.00968896	0.0267893	0.0652049	0.305216	0.181049	0.33017	0.242243	0.00611465	0.176605	0.182202	0.53863	1.03064	2.24853	5	1.829467
855000	-539.9802	-575.0572	35.07702	2	0.4508272	0.153021	0.00841861	0.00761663	0.0760757	0.163178	0.0147823	0.0263678	0.0627929	0.0273287	0.0602825	0.00568967	0.0753584	0.150426	0.287109	0.263548	0.00906587	0.032281	0.0246775	0.218608	0.780907	2.97581	4	1.423342
856000	-531.7373	-569.058	37.32067	2	2.50721	0.139501	0.00164413	0.0196275	0.0723646	0.0664258	0.0167111	0.00833337	0.0745251	0.00248497	0.0565726	0.0519371	0.187732	0.252399	0.1716	0.290468	0.0160097	0.0446144	0.347139	0.69999	1.07871	1.87416	4	1.472951
857000	-537.0731	-573.8173	36.74424	2	1.16289	0.0509975	0.00874331	0.0245552	0.0919097	0.0220234	0.0278012	0.0110901	0.0104895	0.0138188	0.0496894	0.180472	0.0509449	0.127118	0.252411	0.258183	0.0104707	0.133499	0.168264	0.520778	1.0225	2.28846	4	1.324216
858000	-551.6073	-579.1145	27.50724	2	2.983273	0.346155	0.00492904	0.0298392	0.0681937	0.0260053	0.00549881	0.047639	0.0917265	0.0887896	0.061523	0.222668	0.0401241	0.140596	0.433839	0.512073	0.0593428	0.0622662	0.387964	0.730598	1.08243	1.79901	4	2.241207
859000	-511.7316	-572.1412	60.40961	10	0.5369805	0.0940965	0.00713873	0.00114857	0.0702258	0.0397121	0.0111015	0.0343742	0.0440919	0.000180558	0.0615468	0.175532	0.00562773	0.224991	0.200393	0.156704	0.055599	0.0831081	0.0404299	0.275374	0.845417	2.83878	5	1.265572
860000	-515.9687	-570.8098	54.84116	10	1.771371	0.219098	0.0495548	0.00450929	0.0561064	0.0188952	0.0343259	0.0342844	0.0125994	0.0122092	0.0431675	0.192973	0.032123	0.363252	0.188899	0.057526	0.0192428	0.102456	0.264367	0.628269	1.06305	2.04431	5	1.441223
861000	-516.6293	-564.9381	48.3088	10	1.403151	0.178664	0.00889084	0.0168632	0.124752	0.0136556	0.00920024	0.0279354	0.0430594	0.00149429	0.0453022	0.478913	0.0351971	0.251001	0.158551	0.209039	0.013437	0.109169	0.209966	0.5716	1.04419	2.17425	5	1.725125
862000	-519.6661	-576.7345	57.06839	10	3.943717	0.174829	0.00108133	0.0221667	0.105066	0.0120964	0.00671766	0.0368797	0.0500368	0.0140761	0.047957	0.215575	0.0416025	0.156788	0.137349	0.0904111	0.0244215	0.138184	0.451243	0.77324	1.08441	1.69111	5	1.275238
863000	-527.9678	-566.9465	38.97867	2	1.246128	0.189771	0.00189134	0.0214578	0.0837646	0.0380302	0.0135752	0.0324685	0.0343851	0.0176537	0.0298154	0.304042	0.0142552	0.225947	0.142367	0.117585	0.0403828	0.0921524	0.183313	0.540012	1.03124	2.24543	4	1.399544
864000	-526.1588	-565.5025	39.34367	2	1.695793	0.226445	0.00394716	0.0224347	0.0804955	0.0717836	0.0134627	0.0187466	0.0284641	0.00804284	0.0504711	0.246383	0.00616438	0.113564	0.361437	0.0243805	0.0365255	0.0890565	0.254046	0.618203	1.06011	2.06764	4	1.401804
865000	-544.4423	-576.5705	32.12816	2	2.939597	0.133452	0.0034124	0.0638316	0.0666206	0.0310188	0.0134295	0.0188874	0.067979	0.0160247	0.0617789	0.166922	0.0964333	0.270352	0.210928	0.305069	0.0700206	0.13329	0.384534	0.728128	1.0822	1.80514	4	1.72945
866000	-532.3324	-568.0505	35.71816	2	1.741884	0.200488	0.0111567	0.00266484	0.0841309	0.129238	0.0241636	0.024314	0.0275305	0.0321529	0.0451776	0.247911	0.0306925	0.210236	0.237731	0.096446	0.00397924	0.135101	0.260389	0.624423	1.06195	2.05324	4	1.543114
867000	-543.9319	-575.65	31.71817	2	0.5346298	0.304894	0.0262888	0.0334875	0.0565086	0.0235504	0.00700843	0.0221779	0.0641036	0.0518024	0.0599972	0.484948	0.251722	0.0684561	0.545494	0.0155087	0.00252132	0.0350595	0.039972	0.273923	0.843917	2.84219	4	2.053529
868000	-544.2214	-573.0881	28.8667	2	0.845972	0.179068	0.0249548	0.0438215	0.0497526	0.0748685	0.0347244	0.0107146	0.0994101	0.0140534	0.0812622	0.485631	0.354476	0.00344095	0.325059	0.216006	0.00878246	0.0488113	0.105297	0.425005	0.968922	2.50078	4	2.054836
869000	-534.5909	-574.7707	40.17978	2	0.5539636	0.116853	0.0243781	0.000566125	0.105531	0.0355044	0.0266883	0.0595894	0.0243533	0.0221233	0.0368978	0.423055	0.123613	0.00771202	0.209243	0.160306	0.0134972	0.0671461	0.0437745	0.285693	0.855884	2.81465	4	1.457057
870000	-521.9911	-572.6936	50.70247	10	1.396564	0.134602	0.000477053	0.0387351	0.0956389	0.000908942	0.0070096	0.0304114	0.0383495	0.0160337	0.135407	0.242008	0.225219	0.0710196	0.124593	0.343981	0.0222218	0.116553	0.208892	0.570382	1.04372	2.177	5	1.64317
871000	-514.7118	-569.7313	55.0195	10	0.632413	0.129785	0.00109551	0.0237891	0.0955873	0.0176828	0.000965943	0.0320438	0.058226	0.0267223	0.0348738	0.33823	0.192978	0.00811031	0.124837	0.212069	0.0127027	0.0608645	0.0598546	0.329817	0.896995	2.71333	5	1.370562
872000	-522.266	-570.974	48.70798	10	0.6615365	0.212915	0.0190676	0.00691464	0.0385332	0.0160232	0.0190483	0.0447504	0.0234349	0.0174606	0.0657737	0.00636175	0.16212	0.0191728	0.412189	0.38007	0.0362657	0.144871	0.0659991	0.344802	0.909736	2.67946	5	1.624972
873000	-535.6239	-570.6623	35.0384	2	2.223191	0.131123	0.00404472	0.0365979	0.132826	0.00208214	0.00584891	0.0255181	0.11054	0.00857304	0.0789472	0.0843579	0.18	0.014333	0.324194	0.37009	0.0112877	0.0926241	0.318537	0.676826	1.07469	1.92995	4	1.612987
874000	-538.6418	-574.8367	36.19493	2	2.145413	0.269678	0.00260218	0.00359535	0.0906583	0.0651474	0.0181088	0.0118622	0.026469	0.000872336	0.0586537	0.213536	0.192078	0.0344963	0.222378	0.235816	0.00394305	0.0595465	0.310036	0.669636	1.07324	1.94709	4	1.509442
875000	-538.6394	-576.6194	37.97994	2	2.263175	0.110342	0.0350079	0.030496	0.0976635	0.0849248	0.0129485	0.0270009	0.0206526	0.0137143	0.0508992	0.16745	0.0827129	0.0518557	0.188003	0.254216	0.0113924	0.158382	0.322789	0.680368	1.07537	1.92148	4	1.397662
876000	-520.5255	-572.4087	51.8832	10	1.071776	0.202721	0.0198778	0.0136745	0.106034	0.0359606	0.00796671	0.0152652	0.00124392	0.00437334	0.0485112	0.250641	0.131845	0.0331587	0.0350097	0.221767	0.00400077	0.156033	0.151049	0.497311	1.01094	2.3407	5	1.288084
877000	-536.8777	-568.6097	31.73191	2	1.151503	0.247801	0.0100898	0.0117104	0.0705835	0.00959486	0.0632301	0.00525202	0.0253959	0.0138588	0.0357332	0.343322	0.166254	0.0442964	0.194393	0.362217	0.0184058	0.105829	0.166155	0.517991	1.02118	2.29468	4	1.727966
878000	-535.4206	-573.4681	38.04757	2	1.192149	0.116752	0.0101095	0.00625606	0.0572243	0.00617203	0.00851057	0.0252263	0.0498936	0.0068524	0.0712366	0.181524	0.164912	0.0131648	0.277762	0.372178	0.0380665	0.102064	0.173627	0.527761	1.02575	2.27286	4	1.507904
879000	-524.025	-569.3936	45.36861	10	1.247214	0.247181	0.0180077	0.00581804	0.0779204	0.00581421	0.0157897	0.0375606	0.171775	0.00939158	0.0756407	0.119764	0.353837	0.0446331	0.319647	0.576051	0.0281943	0.0410141	0.183505	0.540251	1.03135	2.2449	5	2.148039
880000	-516.3199	-571.3137	54.99377	10	1.21628	0.116502	0.000363176	0.0473746	0.111279	0.0411272	0.0221006	0.0494164	0.0336992	0.00803962	0.0554084	0.0865997	0.390205	0.0199029	0.234314	0.271285	0.0087864	0.0715922	0.177991	0.533336	1.02828	2.26039	5	1.567995
881000	-509.9968	-569.8761	59.8793	10	0.4668503	0.128884	0.00290319	0.0060618	0.0675759	0.0466341	0.00108025	0.0536376	0.0624031	0.0242648	0.0399609	0.0947626	0.166448	0.0328339	0.274867	0.238165	0.0420885	0.0181458	0.0274207	0.229725	0.794564	2.94829	5	1.300716
882000	-531.5566	-570.856	39.29935	2	0.8323694	0.128771	0.00150305	0.0330044	0.0361434	0.00887613	0.0186281	0.0121402	0.0244133	0.0239177	0.0227075	0.0491823	0.162913	0.0292286	0.31351	0.322025	0.0264166	0.100886	0.102426	0.419847	0.965536	2.51219	4	1.314266
883000	-543.1529	-574.9664	31.81355	2	0.7097338	0.165612	0.0145645	0.0368789	0.112955	0.0571699	0.00588159	0.0342455	0.0822473	0.0030777	0.0512075	0.151149	0.409745	0.0176929	0.30953	0.166486	0.0233721	0.0596048	0.0762685	0.368087	0.928423	2.62722	4	1.70142
884000	-537.9812	-570.4393	32.45812	2	3.54849	0.12753	0.00434309	0.000704248	0.0993265	0.0107674	0.0202093	0.0420995	0.0545283	0.0289962	0.066081	0.0341128	0.198182	0.0686953	0.2809	0.292342	0.0176142	0.0716099	0.427696	0.75799	1.08415	1.73017	4	1.418042
885000	-507.6796	-563.5243	55.84467	10	1.169465	0.120521	0.00631362	0.000614876	0.0908527	0.0197765	0.00726566	0.0418862	0.00640931	0.0117893	0.0362863	0.143471	0.102503	0.0407306	0.288929	0.227878	0.0335072	0.129378	0.169476	0.522369	1.02325	2.28491	5	1.308112
886000	-519.774	-571.3672	51.59318	10	2.01121	0.219479	0.00247057	0.013558	0.0803406	0.0638719	0.032358	0.0261343	0.00763384	0.0122311	0.040189	0.32848	0.259524	0.0203762	0.351037	0.0881432	0.0470483	0.073352	0.294609	0.6562	1.07027	1.97892	5	1.666227
887000	-532.7264	-571.5104	38.78405	2	0.9244017	0.119269	0.0254279	0.0167489	0.0710987	0.0223419	0.017627	0.00420015	0.00914302	0.0219482	0.0123639	0.0371409	0.201865	0.0287841	0.242644	0.396512	0.00852977	0.0902873	0.121634	0.452787	0.98625	2.43933	4	1.325933
888000	-543.5049	-572.468	28.96312	2	2.052082	0.124638	0.000576452	0.0276112	0.0757217	0.0402072	0.0414411	0.0149475	0.0104375	0.0363737	0.043853	0.128338	0.332189	0.0663575	0.620513	0.414052	0.0202416	0.261238	0.299414	0.66044	1.07124	1.96891	4	2.258737
889000	-512.9289	-572.2927	59.36376	10	0.9108685	0.12746	0.00644864	0.0261757	0.0289904	0.0397632	0.0189943	0.00364493	0.0379445	0.00318164	0.0395713	0.0938322	0.167311	0.00970748	0.172631	0.321112	0.0136103	0.10348	0.118845	0.448218	0.983504	2.44943	5	1.213858
890000	-536.8871	-569.9732	33.08617	2	3.975557	0.160164	0.00187328	0.057369	0.1423	0.00606432	0.00250011	0.0587761	0.0180503	0.0117403	0.0470981	0.372052	0.16369	0.0186606	0.0889064	0.430965	0.0485932	0.095387	0.453014	0.77436	1.0844	1.68822	4	1.72419
891000	-537.1159	-577.2392	40.12328	2	0.6263958	0.182993	0.00402966	0.000807224	0.041955	0.00963746	0.00615498	0.0316483	0.0233153	0.00487524	0.0700217	0.380225	0.153413	0.0494844	0.0224108	0.267551	0.0359121	0.0688878	0.0585938	0.32663	0.89421	2.72057	4	1.353323
892000	-532.507	-573.1987	40.69174	2	1.062938	0.116095	0.00523672	0.00116948	0.076804	0.00782552	0.0029968	0.0412876	0.00285129	0.0298738	0.0253748	0.161746	0.164225	0.0450427	0.0645434	0.249759	0.00481532	0.108769	0.149338	0.494885	1.00969	2.34608	4	1.108415
893000	-512.8363	-572.4249	59.58851	10	1.655088	0.152998	0.0281108	0.00146299	0.0652271	0.0175051	0.00421812	0.0446227	0.0206165	0.0419077	0.0619417	0.155821	0.161381	0.0290885	0.123355	0.192386	0.0274739	0.0779269	0.248317	0.612488	1.05837	2.08083	5	1.206044
894000	-543.1863	-580.8575	37.67121	2	2.618947	0.0817564	0.0094929	0.0329499	0.0538001	0.0975989	0.0163557	0.04566	0.0923028	0.00461706	0.0161584	0.256216	0.0934644	0.0216632	0.200783	0.146652	0.0137878	0.130782	0.357451	0.707979	1.07986	1.85471	4	1.31404
895000	-531.653	-566.6137	34.96064	2	0.9908349	0.172548	0.00796791	0.0175315	0.0772922	0.0213544	0.000623086	0.0165301	0.000863253	0.0162803	0.02287	0.501912	0.128045	0.0451198	0.0125373	0.50753	0.0228674	0.131623	0.135121	0.47398	0.998465	2.39243	4	1.703495
896000	-533.0799	-573.0896	40.00969	2	0.7936861	0.0926912	0.00743	0.00918558	0.0858366	0.0105974	0.0157749	0.0163483	0.000453247	0.000104182	0.0672237	0.0808702	0.119527	0.014864	0.1768	0.20945	0.00940256	0.0932331	0.0942145	0.40458	0.95519	2.54602	4	1.009792
897000	-531.2134	-570.2752	39.06178	2	0.7140737	0.120086	0.00486225	0.000169467	0.140634	0.0331695	0.0127908	0.011289	0.00225681	0.00197775	0.088569	0.201195	0.18803	0.0024689	0.0781068	0.305125	0.0053625	0.107793	0.0771966	0.370096	0.929974	2.62273	4	1.303886
898000	-540.3355	-572.1993	31.86383	2	2.007956	0.193642	0.0153465	0.00707242	0.0452807	0.0540474	9.40654e-05	0.0513523	0.0114469	0.0726822	0.0424961	0.705271	0.247423	0.0358335	0.113915	0.270529	0.00397605	0.17474	0.294223	0.655857	1.07019	1.97973	4	2.045149
899000	-545.6918	-578.2377	32.54587	2	5.171295	0.085181	0.0102124	0.0158125	0.123262	0.0272171	0.0123666	0.0393218	0.0650522	0.00745125	0.0341263	0.15659	0.157438	0.0100071	0.332004	0.325158	0.0740634	0.138498	0.50904	0.807952	1.08299	1.60002	4	1.613763
900000	-538.2492	-570.6947	32.44551	1	0.520674	0.139456	9.38326e-05	0.0279549	0.103339	0.0142287	0.00596034	0.0194329	0.046776	0.02503	0.0328088	0.37448	0.165669	0.0617728	0.0763223	0.272272	0.00138156	0.0860886	0.0372806	0.265198	0.834747	2.86277	3	1.453067
901000	-544.936	-573.6012	28.66517	2	3.066456	0.267426	0.0061203	0.0377	0.0771489	0.049278	0.0383694	0.0125677	0.0130629	0.0370858	0.0727762	0.332012	0.226732	0.0126596	0.0142777	0.465008	0.007879	0.0818023	0.394339	0.735142	1.08283	1.78769	4	1.751905
902000	-519.0195	-569.266	50.24643	10	0.7480755	0.151398	0.0328393	0.00592103	0.0918189	0.000657526	0.0246823	0.0010064	0.0147486	0.00911476	0.0387465	0.251043	0.168284	0.0274678	0.123822	0.149207	0.00711645	0.0864652	0.0844728	0.385357	0.941459	2.58871	5	1.184338
903000	-519.4553	-571.8983	52.44294	10	0.8411532	0.206825	0.0161654	0.00446714	0.0722636	0.0275741	0.012739	0.0615425	0.0853816	0.00422947	0.0453436	0.31268	0.0999996	0.0330017	0.225965	0.326519	0.0459677	0.0488913	0.104281	0.42319	0.967737	2.50479	5	1.629556
904000	-546.4827	-576.5906	30.10783	2	2.70938	0.162474	0.0268859	0.0119944	0.0936619	0.000696109	0.0467654	0.0354093	0.060368	0.0399475	0.0590075	0.151349	0.300691	0.00481778	0.405579	0.370446	0.0204753	0.0708005	0.36545	0.714052	1.08065	1.83985	4	1.86137
905000	-530.7196	-569.3007	38.58109	2	2.088536	0.174091	0.00187613	0.0049524	0.0769622	0.0227798	0.010627	0.0179553	0.0305473	0.0233992	0.0198975	0.254666	0.114877	0.0115928	0.160232	0.180188	0.0473434	0.116202	0.303619	0.66411	1.07205	1.96022	4	1.268189
906000	-542.1487	-576.0902	33.94155	2	0.676694	0.14968	0.00352461	0.0120524	0.0555203	0.0116817	0.0618623	0.00441705	0.0403033	0.0268042	0.0268623	0.60298	0.135197	0.0198722	0.188791	0.13283	0.0395379	0.061067	0.0692187	0.352323	0.915916	2.66254	4	1.572983
907000	-532.7782	-570.7199	37.94169	2	0.5306703	0.162267	0.00191805	0.0161266	0.0616048	0.0398759	0.00605615	0.0233449	0.0849401	0.00774881	0.0254307	0.193889	0.374442	0.0550527	0.144962	0.319804	0.0238755	0.0252303	0.0392036	0.271467	0.841363	2.84797	4	1.566568
908000	-525.2918	-571.9866	46.69473	10	0.7122035	0.172965	0.0118624	0.0154874	0.17415	0.0373526	0.0248524	0.0231558	0.0055492	0.0158665	0.0430943	0.254877	0.139843	0.0405611	0.176165	0.367993	0.00228448	0.165889	0.0767966	0.369232	0.929308	2.62466	5	1.671948
909000	-514.4838	-564.8561	50.37225	10	2.94622	0.0907435	0.00578569	0.00849564	0.0960046	0.0277175	0.00331963	0.0318079	0.0521579	0.0137886	0.0360842	0.244684	0.193302	0.0107275	0.156925	0.244447	0.031395	0.0811773	0.385058	0.728506	1.08224	1.8042	5	1.328562
910000	-536.3604	-571.8614	35.50103	2	1.546274	0.111773	0.0333871	0.00317464	0.10938	0.0275399	0.00913095	0.0320107	0.0765719	0.011433	0.0475158	0.414758	0.201716	0.00981754	0.101142	0.304322	0.122589	0.0863492	0.232383	0.596082	1.05303	2.11851	4	1.702611
911000	-535.1223	-575.4169	40.29454	2	1.829168	0.101334	0.00893165	0.057241	0.0898999	0.00466936	0.0298265	0.00714987	0.0494094	0.00881958	0.035642	0.10066	0.205418	0.0171424	0.12223	0.283211	0.0650841	0.112681	0.271993	0.635525	1.06506	2.02742	4	1.29935
912000	-532.0914	-575.4996	43.40816	10	6.675579	0.118695	0.0127152	0.00802482	0.0744567	0.19126	0.0179696	0.0664301	0.027614	0.0159496	0.100637	0.430651	0.217518	0.0573197	0.245981	0.360442	0.0558855	0.160391	0.559622	0.835539	1.07971	1.52513	5	2.161942
913000	-520.1464	-570.7943	50.64798	10	4.126794	0.210598	0.0221464	0.00600824	0.108206	0.0372634	0.0265894	0.00956798	0.119072	0.00680977	0.0898416	0.213035	0.278099	0.0377704	0.274901	0.191594	0.0229287	0.0864383	0.461195	0.779483	1.08436	1.67496	5	1.740869
914000	-533.1307	-571.7074	38.57669	2	0.5141706	0.148558	0.000181356	8.52518e-05	0.0554959	0.040447	0.00263027	0.0243002	0.00491388	0.0133682	0.0397983	0.146296	0.0668071	0.00493857	0.0341531	0.213231	0.056716	0.0985963	0.0360433	0.261066	0.830312	2.87258	4	0.9505169
915000	-530.7095	-568.3216	37.61208	2	2.257579	0.145041	0.000744625	0.00757909	0.0727566	0.0221318	0.000316279	0.0235553	0.0116517	0.00622962	0.0270207	0.299845	0.141772	0.00562115	0.0743654	0.240659	0.0614437	0.0520399	0.322198	0.679878	1.07528	1.92265	4	1.192772
916000	-530.5691	-570.8385	40.26943	2	0.3826352	0.0782185	0.0228627	0.0120276	0.0351732	0.0110861	0.000564166	0.0233934	0.00295274	0.00949582	0.0251011	0.232852	0.180835	0.0240767	0.126166	0.291892	0.0287652	0.125759	0.014291	0.16867	0.711785	3.10525	4	1.231222
917000	-541.8468	-574.936	33.0892	2	1.725937	0.24867	0.00572324	0.0439078	0.0872812	0.064134	0.0112635	0.00980002	0.0145746	0.00868021	0.0990567	0.0757591	0.112854	0.00851262	0.400253	0.310424	0.00262563	0.141319	0.258211	0.6223	1.06133	2.05816	4	1.64484
918000	-540.0424	-574.935	34.89264	2	0.9320588	0.143373	0.0214012	0.00422148	0.10332	0.0702356	0.0237208	0.0240167	0.0449033	0.017704	0.025994	0.0106221	0.205367	0.0343427	0.342075	0.488194	0.0195638	0.0935177	0.123206	0.455333	0.987762	2.4337	4	1.672573
919000	-547.0999	-575.804	28.70408	2	1.187158	0.273453	0.0107446	0.0242945	0.173392	0.0409428	0.0171743	0.0184008	0.125997	0.043337	0.0391476	0.0494149	0.409115	0.00401902	0.29969	0.414916	0.0182795	0.0120133	0.172718	0.526588	1.02521	2.27549	4	1.974332
920000	-536.521	-574.4544	37.93342	2	0.2960084	0.0793831	0.00781946	0.018809	0.0319294	0.0438384	0.00405347	0.00394142	0.0318887	0.00412928	0.0404531	0.00809493	0.201412	0.0194389	0.257362	0.248813	0.0113685	0.0758135	0.00497711	0.101394	0.589038	3.30459	4	1.088548
921000	-529.1274	-569.7413	40.61383	2	0.2984827	0.120407	0.00519089	0.00711074	0.0796112	0.02655	0.0138244	0.00413995	0.0716306	0.00647278	0.016272	0.140612	0.11581	0.0287672	0.106729	0.211598	0.0157583	0.0154922	0.00517304	0.103315	0.593246	3.29827	4	0.9859771
922000	-531.6142	-568.2506	36.63641	2	1.869939	0.116864	0.00568071	0.00228307	0.0901398	0.0152793	0.0201051	0.0240238	0.065613	0.0227241	0.0549227	0.269688	0.182868	0.014765	0.336385	0.0133815	0.0100635	0.0581038	0.277239	0.64043	1.06637	2.01597	4	1.30289
923000	-530.8076	-570.1349	39.32726	2	3.154306	0.120689	0.0183049	0.0132923	0.0741536	0.0641981	0.0275196	0.0205115	0.0509575	0.00566673	0.056102	0.0927234	0.150511	0.0203377	0.180247	0.224964	0.0312252	0.0715656	0.400858	0.739729	1.08318	1.77623	4	1.222969
924000	-534.1843	-574.2129	40.02858	2	0.673497	0.174577	0.00267052	0.028837	0.0878495	0.0641775	0.0411096	0.000919978	0.0223991	0.00927548	0.022986	0.138246	0.135209	0.00767975	0.204165	0.182855	0.0156412	0.123179	0.0685386	0.350752	0.914637	2.66607	4	1.261777
925000	-517.5696	-576.3649	58.79533	10	0.5105559	0.0983166	0.00483624	0.00547908	0.068028	0.0887103	0.013835	0.0203735	0.00567568	0.0468624	0.053664	0.0904153	0.125434	0.0249957	0.0926106	0.138127	0.0339275	0.179595	0.0353605	0.258751	0.8278	2.87809	5	1.090886
926000	-531.9933	-567.8014	35.8081	2	2.98216	0.135701	0.0071904	0.00636014	0.0515633	0.0234899	0.00641419	0.0214527	0.0307427	0.00475942	0.0417317	0.0795814	0.139236	0.0233994	0.200416	0.297496	0.0677635	0.311099	0.387877	0.730535	1.08243	1.79916	4	1.448397
927000	-505.9028	-568.7011	62.79837	10	0.4972579	0.0953506	0.00678672	0.00757604	0.0905193	0.0190468	0.00757997	0.00911461	0.00976226	0.00173661	0.0619773	0.0878251	0.133069	0.00267761	0.227165	0.0161716	0.0250401	0.367466	0.0328807	0.250122	0.818263	2.89873	5	1.168865
928000	-512.7625	-566.9607	54.19819	10	0.5104744	0.0982984	0.00668406	0.00792639	0.0453048	0.0376958	0.00675674	0.021777	0.0099166	0.00718001	0.0398832	0.0992501	0.120673	0.0156179	0.145203	0.101386	0.007126	0.179272	0.0353452	0.258699	0.827743	2.87821	5	0.9499507
929000	-524.0036	-572.1377	48.13407	10	0.5854111	0.199257	0.00381749	0.0434568	0.101533	0.0852237	0.00928204	0.0289873	0.0082143	0.0340688	0.0473115	0.126266	0.15547	0.0256947	0.13857	0.324385	0.0478359	0.320033	0.0501137	0.304065	0.87369	2.77213	5	1.699407
930000	-521.6376	-572.7738	51.13614	10	3.102705	0.0839076	0.000567183	0.0473441	0.135586	0.0411134	0.0337091	0.0213466	0.0241339	0.00839068	0.0518568	0.212185	0.070084	0.0753163	0.15221	0.33952	0.0437543	0.375538	0.397054	0.73706	1.08298	1.78291	5	1.716564
931000	-536.6732	-572.1851	35.51196	2	1.880958	0.15894	0.00959537	0.0291906	0.0589558	0.0806101	0.0214946	0.0207223	0.0254655	0.0201765	0.021569	0.123638	0.0134529	0.0230518	0.119248	0.377686	0.00638991	0.434579	0.278638	0.641727	1.0667	2.01293	4	1.544766
932000	-532.9856	-567.0967	34.11113	2	1.227368	0.250559	0.00395706	0.00944154	0.0855171	0.0292961	0.0267821	0.0147591	0.0165568	0.00269095	0.028911	0.0906644	0.042036	0.0220532	0.192514	0.398759	0.0286089	0.310123	0.179977	0.535844	1.0294	2.25478	4	1.553229
933000	-543.2787	-575.3289	32.0502	2	1.455173	0.166258	0.0195132	0.0258988	0.191974	0.00704009	0.000415238	0.0271786	0.0538746	0.0403411	0.0526545	0.0907936	0.170554	0.0569006	0.240574	0.467435	0.00436429	0.285582	0.218314	0.580921	1.04768	2.15309	4	1.90135
934000	-535.1884	-566.9187	31.73027	2	3.271118	0.119778	0.0148886	0.000795502	0.0904687	0.0362908	0.00899756	0.043201	0.0203438	0.0154196	0.0463357	0.194033	0.0946148	0.0264176	0.266158	0.393847	0.0117516	0.398962	0.409206	0.745514	1.08356	1.76172	4	1.782303
935000	-523.3263	-567.0202	43.69398	2	0.2928164	0.0703517	0.00367482	0.00639726	0.0546366	0.0169861	0.0102064	0.00947923	0.0147659	0.00857934	0.0254112	0.0403296	0.161542	0.000115704	0.116484	0.0383511	0.0123975	0.2583	0.00473071	0.0989196	0.583539	3.31281	4	0.8480082
936000	-543.1727	-575.0816	31.90893	1	1.891195	0.252238	0.00870818	0.00135827	0.0933448	0.0348016	0.0201554	0.00978124	0.0174806	0.0246247	0.0389471	0.0637717	0.1855	0.00648178	0.179034	0.21589	0.065267	0.152289	0.279931	0.642921	1.06701	2.01014	3	1.369673
937000	-532.1461	-567.8113	35.66525	2	1.50332	0.253058	0.0170435	0.0115592	0.106821	0.0421921	0.0236685	0.0136217	0.0358929	0.0049437	0.0737739	0.110505	0.282818	0.0218066	0.174569	0.177061	0.0345901	0.266969	0.225835	0.589108	1.05062	2.13444	4	1.650893
938000	-536.9392	-570.5606	33.62136	2	1.788272	0.286389	0.00213256	0.0280353	0.13413	0.021236	0.011333	0.0211132	0.0474367	0.00296544	0.0440374	0.0599002	0.295134	0.0076712	0.129135	0.150342	0.0559665	0.396439	0.266621	0.630429	1.06366	2.03929	4	1.693397
939000	-537.8013	-572.7994	34.99807	2	0.9889046	0.29256	0.00714342	0.0116505	0.140347	0.0367498	0.0255801	0.0133653	0.0584058	0.0140833	0.0650166	0.0877782	0.383478	0.0353953	0.09694	0.126805	0.0109792	0.439238	0.134735	0.473391	0.998137	2.39374	4	1.845514
940000	-523.5101	-568.1031	44.59297	10	2.217382	0.269353	0.0233656	0.012697	0.107904	0.0802866	0.0168905	0.0320273	0.0354107	0.0149356	0.0444738	0.148547	0.18313	0.00180618	0.28406	0.13261	0.0729437	0.356405	0.317912	0.676303	1.07459	1.9312	5	1.816846
941000	-537.6187	-577.1908	39.57218	2	2.013546	0.155487	0.00364524	0.021125	0.0834168	0.0359701	0.0227432	0.0531357	0.0223801	0.0223602	0.0398514	0.0430239	0.324667	0.0408339	0.149119	0.126524	0.0093449	0.128163	0.294886	0.656446	1.07032	1.97834	4	1.281791
942000	-564.3242	-591.1033	26.77904	2	0.4243458	0.280918	0.00261502	0.0226595	0.207544	0.0544722	0.0288112	0.0201176	0.00251	0.029143	0.0406533	0.127666	0.37035	0.0724607	0.212257	0.42119	0.0128146	0.571267	0.0203776	0.199697	0.756336	3.02359	4	2.477449
943000	-533.0414	-571.239	38.19755	2	0.9054339	0.245471	0.0145072	0.0243669	0.0674538	0.0544526	0.0255599	0.0152623	0.00512729	0.0185611	0.0425339	0.0705467	0.249308	0.00618473	0.190337	0.100886	0.0267158	0.170684	0.117721	0.446358	0.982375	2.45355	4	1.327958
944000	-536.448	-569.6884	33.24039	1	0.7328939	0.144008	0.00880812	0.011053	0.062712	0.019056	0.00684279	0.0483373	0.0123121	0.023944	0.0293633	0.108845	0.237029	0.0409466	0.220311	0.0214013	0.00594791	0.351439	0.0812237	0.378646	0.936474	2.60366	3	1.352357
945000	-513.7903	-566.7575	52.96726	10	1.628037	0.155841	0.00518153	0.00867221	0.073435	0.00358646	0.00745388	0.0292679	0.00734441	0.015681	0.0788283	0.153168	0.229767	0.0484124	0.157731	0.112551	0.00720942	0.324131	0.244441	0.608568	1.05713	2.08986	5	1.418263
946000	-524.0096	-579.4856	55.47606	10	0.9864089	0.109394	0.0329697	0.00179966	0.00935649	0.0456432	0.00490984	0.031772	0.0479671	0.00302475	0.0862714	0.124215	0.142251	0.0374321	0.139231	0.101515	0.109279	0.269241	0.134234	0.472628	0.997711	2.39543	5	1.296273
947000	-507.5518	-570.7873	63.23559	10	0.624303	0.0752602	0.0084844	0.0336591	0.0696792	0.00822941	0.00901405	0.0153907	0.0377422	0.0208365	0.0650629	0.0829173	0.276335	0.0100508	0.184931	0.0717889	0.039486	0.185843	0.0581561	0.325514	0.893229	2.7231	5	1.194711
948000	-513.6375	-568.9617	55.32427	10	2.041885	0.169883	0.00439682	0.00110989	0.0704575	0.0533127	0.0175132	0.0531898	0.0212689	0.0286777	0.0424054	0.148329	0.155176	0.0183596	0.227992	0.12583	0.0219204	0.166589	0.298224	0.659395	1.071	1.97138	5	1.32641
949000	-512.9746	-567.7196	54.74499	10	1.769958	0.124857	0.00613874	0.0199332	0.0914375	0.0442511	0.0163324	0.0266839	0.0745202	0.0137348	0.0423125	0.082076	0.266343	0.0442152	0.153665	0.190398	0.046299	0.22165	0.264178	0.628087	1.063	2.04473	5	1.464848
950000	-535.9631	-571.6273	35.66419	2	1.974597	0.168216	0.0103264	0.0323516	0.137073	0.00576904	0.015672	0.0263633	0.00631207	0.0709392	0.0401198	0.187233	0.215315	0.0157587	0.195812	0.291894	0.00247962	0.374511	0.290223	0.652285	1.06934	1.98815	4	1.796145
951000	-538.4214	-570.9068	32.48538	2	1.122038	0.112398	0.0151192	0.00373006	0.0857636	0.11734	0.0767505	0.0077339	0.0450721	0.0150189	0.0201747	0.0879948	0.356273	0.0169289	0.139545	0.237443	0.0194456	0.392016	0.160641	0.510593	1.01761	2.31116	4	1.748747
952000	-519.5915	-570.0944	50.50287	10	1.676638	0.208186	0.0240792	0.00140372	0.107843	0.0219332	0.00402427	0.050124	0.0532983	0.022	0.0832562	0.0884747	0.401175	0.000667323	0.0694198	0.166467	0.0298902	0.418974	0.251365	0.615541	1.05931	2.07379	5	1.751217
953000	-532.7347	-571.2599	38.5252	2	1.798301	0.161756	0.0163572	0.00149344	0.0754768	0.0844178	0.0252355	0.0129305	0.0118752	0.0209932	0.045427	0.0837722	0.144804	0.0150038	0.156186	0.264951	0.0349764	0.186681	0.267948	0.631695	1.06401	2.03634	4	1.342338
954000	-515.0109	-566.6752	51.66434	10	3.693869	0.190624	0.00506622	0.000275006	0.117655	0.181751	0.0210146	0.0263376	0.0323459	0.0293672	0.0531743	0.0115183	0.410433	0.0145406	0.51716	0.156352	0.0746863	0.0780085	0.436711	0.76391	1.08431	1.71507	5	1.920309
955000	-535.0225	-584.718	49.69548	10	2.910285	0.12102	0.0364941	0.0478086	0.0808905	0.0684376	0.0320548	0.0311854	0.0669184	0.0557474	0.0822673	0.32938	0.336103	0.0551635	0.247658	0.156745	0.0448474	0.0177348	0.3822	0.726437	1.08204	1.80933	5	1.810456
956000	-519.636	-569.9667	50.33065	10	1.58988	0.176884	0.00195157	0.00190919	0.142384	0.027985	0.00191189	0.0487534	0.0387693	0.0051372	0.0565829	0.0583662	0.360906	0.0134761	0.350133	0.515645	0.00402953	0.108012	0.238879	0.602864	1.05529	2.10297	5	1.912836
957000	-515.5559	-568.1065	52.55063	10	0.746443	0.0872467	0.0189676	0.000563294	0.0776729	0.00884971	0.024177	0.00505725	0.00878918	0.0198019	0.0554284	0.103863	0.281948	0.00891275	0.175333	0.304446	0.0428172	0.0769489	0.0841234	0.384644	0.940934	2.5903	5	1.300823
958000	-512.3214	-572.6079	60.28652	10	0.3898683	0.111867	0.00658605	0.00582348	0.0667456	0.000413113	0.0166398	0.0210213	0.0663507	0.0029285	0.0478051	0.0497846	0.276789	0.00709159	0.105682	0.15189	0.0144383	0.0146433	0.0152803	0.174148	0.72008	3.09049	5	0.9664994
959000	-524.4287	-573.0679	48.63919	10	0.4486582	0.0574031	0.00232007	0.0339563	0.0857966	0.0284148	0.00376613	0.01559	0.0405722	0.0239752	0.0420658	0.0217936	0.270654	0.00130483	0.135295	0.304847	0.0551052	0.0935286	0.024314	0.217084	0.778991	2.97961	5	1.216389
960000	-513.764	-564.4862	50.72224	10	0.5122594	0.101437	0.0113089	0.0165281	0.060992	0.00994578	0.00452627	0.0209509	0.0132575	0.0025515	0.0425323	0.0523391	0.285227	0.00387732	0.230637	0.283103	0.0170136	0.0815259	0.0356819	0.259844	0.828988	2.87549	5	1.237753
961000	-517.2891	-574.9061	57.61692	10	1.570625	0.11207	0.00129205	0.0139393	0.0973907	0.0493363	0.0255649	0.0166686	0.00345327	0.0190574	0.0325215	0.176489	0.206564	0.0365326	0.22752	0.347161	0.00791189	0.155536	0.236029	0.599905	1.05431	2.10975	5	1.529009
962000	-538.0486	-572.2869	34.23832	2	1.21289	0.269923	0.00768839	0.00528185	0.113238	0.0690447	0.0226283	0.0370585	0.050703	0.00233542	0.0451461	0.126761	0.183415	0.0577467	0.109401	0.653957	0.0185849	0.0818219	0.177381	0.532563	1.02793	2.26212	4	1.854733
963000	-533.5476	-569.226	35.67843	2	1.852425	0.104209	0.000231684	9.20709e-05	0.076772	0.00774455	0.0104069	0.00836793	0.0331156	0.00883313	0.0767631	0.143993	0.180915	0.0288941	0.222466	0.0846021	0.0353418	0.0953066	0.274999	0.638344	1.06582	2.02084	4	1.118055
964000	-511.145	-564.1544	53.00938	10	0.7273748	0.173326	0.00172284	0.00600333	0.0570395	0.0413606	0.00483873	0.0462509	0.0203384	0.0238789	0.0409263	0.326971	0.244537	0.0632993	0.152578	0.151127	0.0175043	0.118912	0.0800425	0.376165	0.934605	2.60919	5	1.490614
965000	-531.5393	-569.6282	38.08887	2	0.6311418	0.0974646	0.0111811	0.00797374	0.0397637	0.0106212	0.000763989	0.029223	0.0316103	0.00117956	0.0454858	0.150798	0.201033	0.0190711	0.158649	0.102971	0.0351657	0.104789	0.059588	0.329146	0.896411	2.71485	4	1.047743
966000	-509.6005	-563.8299	54.22938	10	2.177738	0.13978	0.00132772	0.00955108	0.0786252	0.00691784	0.0153654	0.0211411	0.0422133	0.016432	0.029388	0.193903	0.385113	0.0440851	0.410264	0.0607608	0.0446179	0.123357	0.313607	0.672674	1.07386	1.93986	5	1.622843
967000	-525.9124	-575.9387	50.02633	10	1.796415	0.172098	0.0293352	0.00509791	0.0963405	0.0960962	0.0482177	0.0250946	0.050301	0.00493285	0.0528257	0.115055	0.291039	0.0507431	0.372637	0.137251	0.0161939	0.081608	0.267699	0.631458	1.06395	2.0369	5	1.644868
968000	-530.6863	-571.185	40.49876	2	0.8378041	0.0751356	0.00341551	0.0523385	0.067975	0.0604911	0.00255186	0.0264717	0.0370665	0.0268893	0.0389468	0.137615	0.223248	0.00524221	0.249565	0.0979679	0.00690513	0.0731986	0.103574	0.42192	0.966904	2.5076	4	1.185024
969000	-536.6966	-572.3501	35.65352	2	1.054958	0.121574	0.014278	0.0276454	0.0910593	0.0415193	0.0401888	0.0401352	0.0176196	0.0118278	0.0411305	0.147863	0.400601	0.00689817	0.322795	0.114877	0.0262115	0.118278	0.147787	0.492669	1.00854	2.351	4	1.584502
970000	-528.7974	-578.5233	49.72595	10	0.6174899	0.108309	0.024395	0.0271912	0.0860683	0.0130556	0.00910324	0.0430933	0.0234837	0.037696	0.055404	0.224255	0.25878	0.0190465	0.291057	0.290669	0.102956	0.0712532	0.0567342	0.321855	0.889986	2.73142	5	1.685816
971000	-537.1955	-576.6284	39.43286	2	1.413066	0.115528	0.0150447	0.0205978	0.0428454	0.00497274	0.00602977	0.0441354	0.074063	0.0139219	0.00555148	0.158334	0.282173	0.0376603	0.142941	0.125892	0.0165705	0.0306554	0.211575	0.573416	1.04488	2.17013	4	1.136916
972000	-531.4022	-570.7974	39.39522	2	0.7072211	0.141551	0.00227078	0.0179078	0.055562	0.0282048	0.00451885	0.0210435	0.0282192	0.0144249	0.0492404	0.119488	0.195843	0.00227703	0.135305	0.188468	0.024624	0.102328	0.0757313	0.366917	0.927515	2.62984	4	1.131278
973000	-541.0618	-569.5793	28.51748	2	0.7304616	0.156605	0.00732395	0.0221419	0.073698	0.047348	0.00976601	0.0295696	0.0180097	0.00976925	0.0532792	0.2374	0.477864	0.0233258	0.416581	0.112908	0.0275869	0.0538774	0.0807031	0.377555	0.935654	2.60609	4	1.777052
974000	-536.6385	-578.5605	41.92192	10	1.543284	0.0907342	0.0262329	0.00832514	0.0910393	0.0398637	0.0479653	0.0245824	0.101292	0.0132682	0.0767068	0.256176	0.242062	0.0347648	0.230395	0.271641	0.0198403	0.0579933	0.231932	0.595606	1.05287	2.1196	5	1.632882
975000	-529.2449	-563.997	34.75214	2	0.6415455	0.180726	0.0271898	0.00117049	0.0594065	0.00122926	0.0170414	0.0134747	0.000947895	0.0140698	0.016234	0.285919	0.280444	0.0483437	0.302708	0.123088	0.00460293	0.149899	0.0617744	0.334593	0.901119	2.70251	4	1.526494
976000	-514.1718	-569.7622	55.59039	10	0.4637949	0.115808	0.00274498	0.00629297	0.0331087	0.0218352	0.0013582	0.0254146	0.00117212	0.0014336	0.0463585	0.0863187	0.218154	0.0127192	0.196439	0.110514	0.00828758	0.0860848	0.02689	0.227624	0.792026	2.95346	5	0.9740437
977000	-525.0299	-573.391	48.36108	10	1.642056	0.123793	0.0248554	0.00540268	0.0743395	0.0223054	0.00370978	0.0539803	0.0950304	0.0159679	0.047829	0.146985	0.124079	0.0518714	0.243766	0.131537	0.00997334	0.0877264	0.246457	0.610612	1.05778	2.08515	5	1.263151
978000	-540.606	-570.697	30.09097	2	1.885748	0.150549	0.00349216	0.00502851	0.0957995	0.139729	0.0184277	0.0331663	0.0282098	0.00748062	0.103842	0.200224	0.428292	0.0202508	0.025995	0.569345	0.0445546	0.113591	0.279244	0.642287	1.06685	2.01162	4	1.987976
979000	-528.742	-567.137	38.39502	2	0.5245652	0.166876	0.0118997	0.000376975	0.0964295	0.0404102	0.000893728	0.0305057	0.0571911	0.00661449	0.032503	0.168111	0.250228	0.0039736	0.0626867	0.247442	0.049772	0.0596294	0.0380262	0.26765	0.837351	2.85697	4	1.285543
980000	-515.1078	-570.3094	55.20161	10	1.744598	0.115955	0.00096981	0.00966843	0.0595774	0.00960244	0.00119145	0.036685	0.0338367	0.0119033	0.0586883	0.13167	0.239543	0.017578	0.060474	0.161075	0.0244548	0.103622	0.260757	0.624781	1.06206	2.05241	5	1.076495
981000	-537.8534	-573.7093	35.85583	2	0.6148248	0.127946	0.0157792	0.0064037	0.0646764	0.00290177	0.00963972	0.0307572	0.0459911	0.00292491	0.045741	0.105254	0.263641	0.030168	0.0711578	0.217323	0.00640147	0.0068264	0.0561794	0.320413	0.888698	2.73471	4	1.053533
982000	-532.9461	-570.6181	37.67205	2	1.151353	0.142302	0.00604644	0.0133452	0.0715621	0.0668665	0.00600748	0.0249337	0.0324088	0.0130237	0.0473657	0.153947	0.23191	0.00890836	0.186121	0.199237	0.0209737	0.077263	0.166127	0.517954	1.02116	2.29476	4	1.302221
983000	-524.8522	-573.6916	48.83941	10	1.272604	0.108233	0.00851693	0.0194802	0.0396105	0.0091771	0.0149903	0.0417258	0.0378686	0.0149716	0.039787	0.134552	0.185798	0.0291889	0.147745	0.200759	0.0150529	0.104973	0.187964	0.545741	1.03372	2.23258	5	1.152431
984000	-532.8807	-567.6999	34.81915	2	1.958596	0.120144	0.00180079	0.0120366	0.116034	0.0392962	0.00702286	0.0242822	0.012734	0.00564927	0.070161	0.152311	0.314976	0.01457	0.109605	0.25907	0.0618523	0.122209	0.288282	0.650537	1.06892	1.99226	4	1.443754
985000	-528.245	-566.7662	38.52117	2	0.6559349	0.0940431	0.00639192	0.0188172	0.0702444	0.0477071	0.000473924	0.0196444	0.00123623	0.002832	0.0523714	0.172919	0.371324	0.015945	0.058259	0.363601	0.0257283	0.128415	0.0648126	0.341975	0.907377	2.68584	4	1.449954
986000	-529.2834	-568.7004	39.41703	2	1.018018	0.164072	0.000972737	0.00660712	0.0624217	0.0748662	0.00878715	0.0543205	0.032342	0.0149916	0.0463732	0.140342	0.313246	0.0142731	0.0461431	0.269593	0.0155988	0.0511717	0.140535	0.482101	1.00292	2.37444	4	1.316122
987000	-537.8638	-575.3409	37.4771	2	0.8116776	0.232151	0.0218845	0.00879486	0.0212839	0.00936745	0.0123671	0.0161281	0.0353746	0.00063189	0.0836791	0.141018	0.321366	0.00263225	0.0612872	0.228501	0.0544201	0.0910163	0.0980411	0.411793	0.960139	2.53003	4	1.341904
988000	-541.5709	-577.9291	36.3582	2	0.3611287	0.086961	0.0131178	0.0112664	0.0495798	0.03162	0.0177609	0.00158891	0.00280768	0.00640427	0.0256868	0.157963	0.0574361	0.0109366	0.270899	0.184348	0.0120984	0.0524878	0.011529	0.152183	0.685543	3.15075	4	0.9929625
989000	-541.4104	-571.0213	29.61097	2	0.6255754	0.223677	0.0142931	0.0264092	0.0790115	0.13203	0.00236836	0.0248412	0.147742	0.0125284	0.0346365	0.280888	0.559161	0.0230317	0.615267	0.0712103	0.0166329	0.00899815	0.0584222	0.326193	0.893826	2.72156	4	2.272726
990000	-539.1035	-570.0499	30.94646	1	0.4832937	0.145382	0.00368509	0.00224837	0.0790897	0.0539882	0.0221223	0.00759549	0.0939293	0.00955649	0.0706475	0.168727	0.453137	0.0355932	0.366316	0.0441816	0.0068198	0.0436905	0.0303347	0.24087	0.807721	2.92107	3	1.60671
991000	-540.8314	-571.9184	31.08705	2	4.623078	0.127124	0.0437429	0.00423284	0.0863806	0.00463561	0.0166855	0.0336247	0.073193	0.00231046	0.0805113	0.150472	0.259579	0.0713334	0.288502	0.1878	0.0423713	0.0705226	0.485627	0.794329	1.08389	1.63615	4	1.543022
992000	-513.9372	-569.0892	55.15197	10	0.6653604	0.124464	0.00439154	0.0104422	0.0614626	0.00317006	0.00214169	0.0364138	0.0536924	0.00798835	0.0145162	0.142818	0.244624	0.0180515	0.104553	0.279921	0.00399337	0.0387503	0.0668102	0.346717	0.911323	2.67515	5	1.151395
993000	-527.4665	-575.6156	48.14906	10	4.412086	0.109328	0.022586	0.0878229	0.0623065	0.0301794	0.012492	0.0494729	0.0538498	0.00772758	0.0650138	0.260038	0.274769	0.0196627	0.354157	0.11633	0.00757374	0.170194	0.475661	0.788353	1.08414	1.65184	5	1.703503
994000	-520.1281	-574.3371	54.20895	10	1.276442	0.088107	0.00278331	0.0210611	0.0893355	0.0161386	0.0159021	0.00953345	0.0288384	0.0115911	0.0367266	0.0956105	0.296374	0.00104737	0.0990322	0.188125	0.0101486	0.0912155	0.188633	0.546557	1.03407	2.23074	5	1.101571
995000	-510.777	-564.1752	53.39821	10	1.173202	0.151623	0.0116222	0.00716855	0.0626233	0.0339753	0.00326571	0.0231583	0.0159466	0.00469426	0.0590356	0.195582	0.320492	0.0326548	0.130339	0.122228	0.0279287	0.115855	0.170163	0.523267	1.02367	2.2829	5	1.318193
996000	-531.1397	-569.2269	38.08716	2	0.5302044	0.0863843	0.00482953	0.0154368	0.0628571	0.00824954	0.000655039	0.0320985	0.01112	0.022245	0.0538169	0.140577	0.277982	0.027651	0.180098	0.186516	0.00243019	0.05062	0.0391134	0.271177	0.84106	2.84865	4	1.163567
997000	-527.1198	-568.6597	41.53992	2	0.6061872	0.0839224	0.0139002	0.000763617	0.0771115	0.0176039	0.00101421	0.0321661	0.0396294	0.00313971	0.0225691	0.140492	0.199545	0.0114183	0.223423	0.180753	0.0278074	0.112758	0.0543866	0.315694	0.884443	2.74548	4	1.188018
998000	-540.1368	-576.5443	36.40744	2	0.7226166	0.0833448	0.0231394	0.00730648	0.0270396	0.00115412	0.0141743	0.00315723	0.045846	0.0222415	0.0425878	0.196066	0.179078	0.0304108	0.249079	0.0144275	0.00761617	0.0252694	0.0790242	0.374009	0.932969	2.614	4	0.971939
999000	-549.4112	-583.7293	34.31814	2	4.721654	0.182256	0.00725346	0.103012	0.0554738	0.0326538	0.00109475	0.0305413	0.019204	0.0705963	0.0555366	0.229551	0.200568	0.060139	0.117476	0.284788	0.00869297	0.117621	0.49009	0.79697	1.08375	1.62919	4	1.576457
1000000	-531.2067	-573.6814	42.47464	2	1.584269	0.114727	0.0144222	0.00726351	0.0688328	0.0786612	0.00595197	0.0134797	0.0613596	0.011763	0.0449976	0.128398	0.228081	0.0410779	0.100405	0.090034	0.0056161	0.0346797	0.238052	0.602007	1.05501	2.10493	4	1.04975
1001000	-537.9454	-574.378	36.43257	2	0.7359894	0.189891	0.0288693	0.00628519	0.0703858	0.0426128	0.0162601	0.0308797	0.045802	0.0221128	0.0541573	0.263672	0.300808	0.0262529	0.300144	0.195914	0.026024	0.0462013	0.0818862	0.380027	0.937508	2.60058	4	1.666272
1002000	-519.6548	-570.9402	51.28532	10	1.204013	0.117415	0.00366253	0.0017141	0.0965035	0.0343571	0.00909141	0.0157419	0.0546758	0.00254804	0.0322322	0.12505	0.218303	0.0638863	0.30612	0.0706152	0.0564074	0.0409358	0.17578	0.530522	1.02701	2.26669	5	1.249259
1003000	-507.1854	-568.8124	61.62703	10	0.2489359	0.0781771	0.0108774	0.000849655	0.0641654	0.000101927	0.00646672	0.0129617	0.0255038	0.0188477	0.00691902	0.136355	0.197257	0.0113584	0.0629594	0.21992	0.0220004	0.0644216	0.00206253	0.0659226	0.499236	3.43278	5	0.9391426
1004000	-528.4187	-566.8635	38.44484	10	1.861487	0.176861	0.000108102	0.0124661	0.113146	0.0690207	0.0121017	0.0449349	0.0467961	0.00701399	0.063488	0.150949	0.413971	0.00967545	0.409926	0.141004	0.0511148	0.0796971	0.27616	0.639427	1.0661	2.01831	5	1.802275
1005000	-518.6225	-576.835	58.21253	10	0.7718897	0.110027	0.0120925	0.000922384	0.0477164	0.0795987	0.00129736	0.0595684	0.032139	0.00838726	0.0526816	0.13845	0.199547	0.0154019	0.246844	0.077522	0.0128623	0.076746	0.0895647	0.395565	0.948851	2.56602	5	1.171803
1006000	-540.4459	-570.3936	29.94772	1	1.180664	0.130654	0.015297	0.00928198	0.099195	0.0310289	0.0189474	0.0504957	0.0150733	0.0082514	0.052841	0.193261	0.370779	0.0446934	0.300715	0.132201	0.0171846	0.146947	0.171532	0.52505	1.0245	2.27892	3	1.636847
1007000	-538.2253	-574.0598	35.83451	2	0.6548648	0.119718	0.00035554	0.015901	0.125643	0.0279076	0.00129192	0.0197831	0.0330921	0.0258208	0.0429833	0.266136	0.189541	0.059064	0.220207	0.0722183	0.0268752	0.064186	0.0645862	0.341432	0.906921	2.68706	4	1.310724
1008000	-544.2284	-575.0518	30.82338	1	1.154908	0.143747	0.0038926	0.00519602	0.117284	0.125588	0.000909465	0.0193631	0.019004	0.0253092	0.0177164	0.0869845	0.117419	0.0143857	0.345029	0.377565	0.0273079	0.105154	0.166786	0.518828	1.02158	2.29281	3	1.551856
1009000	-526.7463	-570.2898	43.54345	2	0.3992554	0.0942038	0.0148724	0.00227968	0.0586442	0.0340654	0.00536782	0.0213576	0.0182885	0.0107343	0.0271274	0.100426	0.168965	0.00232759	0.141606	0.0382068	0.0225457	0.108677	0.0166071	0.1812	0.730474	3.07172	4	0.8696961
1010000	-516.5185	-567.8205	51.30203	10	0.8191135	0.105276	0.00530788	0.029541	0.107888	0.0212985	0.0295083	0.0199137	0.00413787	0.0130085	0.0618802	0.211721	0.239914	0.019169	0.286876	0.208021	0.03004	0.0882475	0.0996189	0.414717	0.962113	2.52355	5	1.481749
1011000	-521.9325	-576.1216	54.18906	10	0.6008196	0.0738232	0.0059056	0.0237293	0.0595248	0.0411923	0.027106	0.00154539	0.0434229	0.0110352	0.0436227	0.159213	0.174918	0.0298072	0.151475	0.104028	0.00271917	0.0661903	0.0532772	0.312727	0.881737	2.75226	5	1.019257
1012000	-543.6715	-573.424	29.75257	1	2.778224	0.145912	0.0223395	0.0100776	0.0985889	0.0287123	0.0428256	0.0652605	0.0353979	0.00473548	0.0539145	0.170141	0.272928	0.0340918	0.161815	0.150322	0.0628081	0.136737	0.371342	0.718459	1.08118	1.82902	3	1.496606
1013000	-543.2334	-575.9087	32.67523	2	2.075617	0.137312	0.0268819	0.000864341	0.0583004	0.0411104	0.0158568	0.0326376	0.0739022	0.0168799	0.0778845	0.189873	0.465425	0.0285507	0.285856	0.0360438	0.0287822	0.0895363	0.302137	0.662821	1.07177	1.96327	4	1.605697
1014000	-530.0013	-572.509	42.50763	2	0.6395572	0.12366	0.00713484	0.00151623	0.0290372	0.0336838	0.0134704	0.0133584	0.00751063	0.0149146	0.0528571	0.0901126	0.133938	0.00106852	0.0787359	0.122102	0.0488892	0.073295	0.0613559	0.333559	0.900232	2.70485	4	0.8452846
1015000	-535.9634	-571.8045	35.84108	2	0.8680356	0.109369	0.0109931	0.00351445	0.089754	0.13632	0.0211721	0.0330345	0.0903683	0.00617338	0.0378233	0.135983	0.262023	0.0239269	0.213128	0.173546	0.0177808	0.0334173	0.109932	0.433149	0.97416	2.48276	4	1.398327
1016000	-537.4475	-572.7458	35.2983	2	1.687653	0.120564	0.0197595	0.0361191	0.11294	0.039143	0.00975484	0.0296088	0.0178326	0.00917449	0.0944779	0.166988	0.347509	0.0389877	0.0738395	0.32739	0.0261889	0.0816157	0.25291	0.617078	1.05977	2.07024	4	1.551893
1017000	-542.5162	-569.78	27.26374	2	2.632849	0.355354	0.019768	0.00431732	0.0764825	0.0157025	0.0165152	0.0206775	0.0320241	0.0273783	0.0527354	0.205033	0.451588	0.0274887	0.0120376	0.440852	0.0147361	0.121873	0.358701	0.708935	1.07999	1.85238	4	1.894563
1018000	-547.1132	-572.8676	25.75438	1	4.270596	0.165927	0.0133023	0.0356724	0.10384	0.0395276	0.024224	0.0533006	0.0145536	0.00287855	0.0342891	0.28928	0.344274	0.00946909	0.148918	0.286668	0.0433699	0.137693	0.468637	0.784076	1.08427	1.66302	3	1.747187
1019000	-529.3853	-573.1701	43.78479	2	0.2599826	0.0982258	0.0211368	0.01216	0.0248602	0.025089	0.0054583	0.00706629	0.0369176	0.0220578	0.0208741	0.147344	0.334826	0.0088919	0.0614804	0.123787	0.0332966	0.0641548	0.00261002	0.073988	0.52207	3.40133	4	1.047627
1020000	-532.5737	-571.7495	39.17577	2	0.7940032	0.147743	0.0117207	0.0349864	0.0520991	0.0140249	0.0181762	0.0254215	0.0525924	0.0369226	0.0319995	0.165731	0.291466	0.000802675	0.0851834	0.281562	0.0355408	0.136163	0.094282	0.404708	0.955279	2.54573	4	1.422135
1021000	-507.4911	-566.0896	58.59842	10	0.5768802	0.0857115	0.0102195	0.00357412	0.062704	0.00231731	0.0247589	0.00537645	0.00840677	0.00101254	0.0374653	0.120393	0.289029	0.0110592	0.20928	0.144916	0.0239721	0.0666289	0.0483773	0.299174	0.869049	2.7834	5	1.106826
1022000	-522.3199	-574.7624	52.44253	10	1.619452	0.144226	0.0086891	0.0103794	0.119234	0.0543938	0.0405157	0.0158427	0.0203932	0.0765278	0.112134	0.129111	0.493589	0.0361181	0.386801	0.00604039	0.053161	0.0573767	0.243199	0.607303	1.05673	2.09277	5	1.764533
1023000	-530.6931	-567.5747	36.88161	2	1.358866	0.171624	0.000283581	0.0122057	0.0815563	0.0486761	0.0244626	0.00741712	0.020739	0.00694426	0.0483971	0.213286	0.0610584	0.0108457	0.283994	0.446709	0.00628718	0.0580467	0.202674	0.563245	1.04093	2.19315	4	1.502533
1024000	-533.7813	-569.4277	35.64631	2	1.103927	0.204148	0.00557749	0.0180024	0.0980418	0.0621413	0.0133026	0.011873	0.0182447	0.00330693	0.0272642	0.251801	0.11567	0.0117911	0.220408	0.142113	0.0108765	0.107997	0.157211	0.505906	1.01529	2.32159	4	1.322561
1025000	-539.7833	-572.8696	33.08632	2	0.6430542	0.210208	0.00210479	0.0323433	0.110144	0.00577527	0.0150016	0.0311789	0.0799954	0.000807083	0.0510371	0.410963	0.173334	0.0220588	0.207161	0.280831	9.86268e-05	0.0639562	0.0620923	0.335375	0.901789	2.70074	4	1.696998
1026000	-532.3336	-567.7551	35.42144	2	1.849751	0.195314	0.0258737	0.00173175	0.0463949	0.0532418	0.00229956	0.0291909	0.0237452	0.00312706	0.0488895	0.215665	0.143827	0.00871715	0.193795	0.158292	0.018122	0.105017	0.274655	0.638022	1.06573	2.02159	4	1.273242
1027000	-540.5998	-574.759	34.15928	1	0.5593435	0.0871756	0.0100668	0.0292158	0.067322	0.010484	0.00790888	0.0105942	0.0173251	0.00450778	0.0731007	0.151854	0.0462001	0.0408522	0.357694	0.219837	0.0423783	0.101307	0.0448463	0.288903	0.85907	2.80718	3	1.277823
1028000	-537.1177	-567.1361	30.0184	2	2.826342	0.226622	0.00270687	0.028524	0.205348	0.163137	0.00567394	0.0165272	0.0108267	0.0100497	0.0285147	0.227335	0.297513	0.0147295	0.268226	0.429549	0.0375002	0.117395	0.375365	0.721436	1.08151	1.82169	4	2.090179
1029000	-542.2149	-575.17	32.95516	2	0.7153278	0.123414	0.0111232	0.00664216	0.115885	0.00726741	0.0196791	0.0602959	0.0235838	0.0121997	0.0632058	0.216123	0.0645117	0.00978286	0.409954	0.233581	0.0166301	0.149186	0.0774648	0.370673	0.930419	2.62144	4	1.543064
1030000	-528.4349	-568.4097	39.97478	2	1.391247	0.171524	0.0063089	0.010582	0.0745601	0.0121963	0.0311091	0.00532327	0.00441652	0.0124713	0.0261006	0.223994	0.18345	0.00246354	0.239366	0.264193	0.0287419	0.129208	0.208023	0.569393	1.04334	2.17924	4	1.426009
1031000	-537.4807	-569.8386	32.35791	2	1.064894	0.106962	0.000418312	0.0103049	0.126525	0.00694875	0.033172	0.0100273	0.0569178	0.00977968	0.0251559	0.132645	0.0533659	0.0242359	0.378587	0.343853	0.0317097	0.0976611	0.149717	0.495424	1.00997	2.34489	4	1.448269
1032000	-522.473	-570.3949	47.92191	10	1.253585	0.168839	0.0148696	0.00659226	0.0722487	0.020137	0.01132	0.0273503	0.028473	0.0133708	0.0588325	0.21216	0.120025	0.0422953	0.264994	0.143182	0.0047393	0.0802741	0.184629	0.541644	1.03195	2.24177	5	1.289703
1033000	-511.681	-569.258	57.57706	10	0.8879608	0.128164	0.00460174	0.0161265	0.0570489	0.0693992	0.0278187	0.0342222	0.013409	0.00960489	0.0570617	0.164989	0.124432	0.0164045	0.300827	0.130729	0.0931432	0.121838	0.114093	0.440277	0.978636	2.46699	5	1.369819
1034000	-532.8967	-565.1693	32.27261	2	1.700556	0.165457	0.00945846	0.00441275	0.122863	0.0186095	0.00573611	0.0359563	0.0260467	0.0064386	0.0895174	0.25167	0.230852	0.0244685	0.321362	0.294454	0.0687119	0.130218	0.254709	0.618858	1.06031	2.06612	4	1.806232
1035000	-536.6694	-574.274	37.60462	2	1.082195	0.122132	0.0048615	0.0138876	0.0728006	0.0678537	0.00926116	0.0157287	0.0575848	0.00443154	0.086533	0.163499	0.109697	0.00190466	0.222156	0.136815	0.0142176	0.0643568	0.153056	0.500136	1.01239	2.33442	4	1.16772
1036000	-512.8544	-565.2511	52.39671	10	0.7496677	0.124422	0.00211573	0.00387359	0.0599462	0.0139808	0.0169406	0.0204531	0.0113519	0.00221169	0.0375222	0.0773402	0.0648382	0.0386127	0.22248	0.244377	0.0126254	0.0739775	0.0848135	0.386052	0.94197	2.58716	5	1.027069
1037000	-516.9866	-571.3397	54.35314	10	0.9647155	0.100712	0.0126444	0.00769216	0.0868571	0.014095	0.00432115	0.0377792	0.0403453	0.0617361	0.0325864	0.122603	0.0864434	0.000451822	0.34163	0.283613	0.0335749	0.169622	0.129861	0.465883	0.993898	2.41036	5	1.436707
1038000	-530.0563	-564.7626	34.70634	2	1.575431	0.224256	0.0108172	0.00651219	0.0821177	0.00695148	0.00336044	0.0296825	0.0510991	0.0190789	0.0574164	0.228415	0.116971	0.0353928	0.374646	0.250454	0.0212388	0.119021	0.236743	0.600649	1.05456	2.10805	4	1.63743
1039000	-543.934	-571.7681	27.83415	2	0.7103405	0.213372	0.0417502	0.00880128	0.114279	0.0556881	0.0222582	0.0121092	0.0168709	0.0305108	0.0266039	0.430682	0.313822	0.0135484	0.571466	0.20995	0.0482579	0.143236	0.0763982	0.368368	0.928641	2.62659	4	2.273207
1040000	-531.1105	-569.9173	38.80679	2	0.6194952	0.194285	0.00681955	0.0132251	0.0456727	0.0624053	0.00486358	0.0208285	0.00939949	0.0130197	0.056749	0.185492	0.177666	0.0136281	0.137175	0.1146	0.0453873	0.091301	0.0571522	0.322937	0.890948	2.72896	4	1.192517
1041000	-523.7238	-566.4187	42.69495	2	0.4713758	0.0736375	0.0016162	0.00364062	0.0691954	0.00850523	0.00424197	0.0264945	0.0385258	0.000916792	0.0365686	0.143477	0.254212	0.0283787	0.2706	0.107052	0.00545445	0.0471574	0.0282131	0.232819	0.798269	2.9407	4	1.119673
1042000	-531.2799	-565.4532	34.17332	2	0.9879621	0.159746	0.00321604	0.0183721	0.106875	0.0217427	0.0427505	0.000493328	0.00966693	0.0061199	0.0476768	0.252238	0.166883	0.0501952	0.430874	0.275172	0.00782794	0.157942	0.134546	0.473103	0.997976	2.39437	4	1.757793
1043000	-533.8916	-568.5651	34.67341	2	2.20367	0.279173	0.00572003	0.00799517	0.104318	0.0311734	0.0198007	0.0253534	0.0225614	0.0123404	0.0308108	0.151866	0.450178	0.00437301	0.100997	0.17067	0.0543621	0.0896891	0.316432	0.67506	1.07434	1.93417	4	1.561382
1044000	-536.9498	-568.1715	31.22164	2	1.673122	0.20214	0.0103365	0.0122267	0.104274	0.0445526	0.0421812	0.0139794	0.00804958	0.0165465	0.0479462	0.16611	0.181086	0.0196799	0.374394	0.203318	0.0461963	0.134375	0.25087	0.615047	1.05916	2.07493	4	1.627392
1045000	-541.546	-568.4316	26.88555	1	2.259272	0.251612	0.0117016	0.00364817	0.129586	0.00106142	0.0357672	0.0275087	0.015693	0.00941582	0.0441307	0.281464	0.15062	0.0112126	0.412921	0.249656	0.0867423	0.112463	0.322377	0.680027	1.0753	1.92229	3	1.835203
1046000	-529.3471	-564.5108	35.16374	2	0.7802566	0.156465	0.0095549	0.0131237	0.0552713	0.0138516	0.0135045	0.00283906	0.0147198	0.0155138	0.0291029	0.239566	0.201214	0.0617345	0.336973	0.291701	0.023841	0.104851	0.0913511	0.399062	0.95133	2.55826	4	1.583827
1047000	-535.807	-572.0994	36.2924	2	1.168317	0.11547	0.00526228	0.0118561	0.0558153	0.102778	0.0133738	0.0403244	0.0468431	0.00969583	0.0465406	0.168258	0.0402247	0.0109455	0.305229	0.272694	0.0200893	0.0949597	0.169265	0.522092	1.02312	2.28553	4	1.360358
1048000	-543.9401	-577.5037	33.56356	2	1.661361	0.179761	0.0139597	0.0194654	0.0407706	0.0583502	0.0281047	0.0332033	0.0460505	0.00546028	0.046459	0.145691	0.135133	0.090431	0.269231	0.365118	0.0245304	0.0506183	0.249208	0.613383	1.05864	2.07877	4	1.552337
1049000	-517.4104	-574.6081	57.1977	10	0.940217	0.101408	0.00794801	0.0349954	0.0930654	0.0271284	0.0198154	0.0304656	0.0174543	0.0158518	0.0313213	0.130829	0.0589911	0.0047843	0.16504	0.400411	0.0428706	0.0846585	0.124877	0.458014	0.989342	2.42777	5	1.267038
1050000	-540.6242	-576.6617	36.03744	2	1.274345	0.165604	0.00972686	0.000931247	0.115501	0.0013366	0.00220554	0.0121495	0.056114	0.0189392	0.0353622	0.143542	0.0149576	0.0560986	0.410946	0.197085	0.0303107	0.0748299	0.188268	0.546112	1.03388	2.23174	4	1.34564
1051000	-525.5415	-567.1689	41.62743	2	0.2859313	0.0745084	0.00225943	0.0207754	0.0499786	0.0236216	0.031144	0.00425938	0.00802392	0.000472588	0.0245079	0.0991867	0.0767411	0.00115552	0.224675	0.249543	0.0157349	0.0424687	0.00422363	0.0936055	0.571402	3.33077	4	0.9490553
1052000	-532.2618	-570.8527	38.59098	2	0.8062371	0.115305	0.00538691	0.00801962	0.134474	0.0218892	0.0151139	0.00242601	0.0564317	0.0275792	0.0516701	0.238535	0.204067	0.00501741	0.20175	0.377777	0.0801034	0.0650254	0.0968852	0.409633	0.958668	2.53481	4	1.610571
1053000	-527.4538	-563.9441	36.49029	2	0.6273348	0.158287	0.0034902	0.00460696	0.0467859	0.000901475	0.0245676	0.0162829	0.0738542	0.000605962	0.0507338	0.184608	0.307954	0.0191884	0.0629317	0.356527	0.0395692	0.0660833	0.0587903	0.327129	0.894648	2.71943	4	1.416977
1054000	-538.4941	-573.7277	35.23364	2	2.17095	0.137581	0.0221517	7.48412e-05	0.0896595	0.0419866	0.0434813	0.0172734	0.00683933	0.0187458	0.0607204	0.231195	0.112007	0.000336499	0.320292	0.353389	0.0234796	0.113863	0.312861	0.672042	1.07373	1.94136	4	1.593078
1055000	-533.9687	-568.1207	34.15197	2	0.8496748	0.229086	0.0235402	0.00533055	0.0794881	0.137914	0.0207304	0.0206712	0.0674837	0.00137487	0.0448468	0.284343	0.307337	0.0167608	0.205573	0.180664	0.0354205	0.0722779	0.106077	0.42639	0.969823	2.49771	4	1.732842
1056000	-512.0269	-566.1844	54.15743	10	0.6352285	0.111969	0.00660283	0.0172551	0.0873063	0.0466109	0.0160827	0.0323519	0.00186048	0.00401555	0.063809	0.161825	0.0895086	0.027314	0.2221	0.344292	0.00316301	0.102966	0.0604457	0.331297	0.89828	2.70998	5	1.339033
1057000	-522.6627	-574.2732	51.61052	10	1.643868	0.113384	0.0311419	0.0153675	0.0549485	0.00218554	0.00619013	0.0528066	0.0102138	0.023158	0.0454052	0.204309	0.0683959	0.0277929	0.339862	0.478725	0.00946901	0.127693	0.246716	0.610874	1.05786	2.08455	5	1.611048
1058000	-514.5924	-571.0289	56.43646	10	1.265639	0.164977	0.0190538	0.0221622	0.0868238	0.0088813	0.0207128	0.0457287	0.0196472	4.85142e-05	0.0214929	0.148248	0.110462	0.0100288	0.302677	0.23693	0.0471708	0.131689	0.186747	0.544251	1.03308	2.23592	5	1.396734
1059000	-517.6719	-566.9193	49.24737	10	2.360995	0.176704	0.0293154	0.00747575	0.0552846	0.013178	0.01015	0.02556	0.0120161	0.000530851	0.0469555	0.222379	0.205356	0.0167657	0.293398	0.443811	0.0721721	0.195775	0.332869	0.688624	1.07686	1.90164	5	1.826828
1060000	-535.2994	-579.9463	44.64693	10	4.924483	0.28356	0.00629705	0.00202974	0.100471	0.0849689	0.0362209	0.0502826	0.017464	0.00247954	0.058668	0.250371	0.00383117	0.0058664	0.484387	0.408664	0.0379757	0.194743	0.498911	0.802128	1.08343	1.61553	5	2.028279
1061000	-518.022	-572.7535	54.7315	10	1.541143	0.120532	0.00119663	0.026037	0.0670917	0.0241038	0.0140436	0.0307357	0.014533	0.0106897	0.110153	0.220573	0.0732282	0.0689717	0.164618	0.309289	0.0174305	0.121276	0.231609	0.595264	1.05275	2.12038	5	1.394501
1062000	-513.1016	-567.3999	54.29834	10	1.334805	0.0663154	0.000747852	0.0309553	0.0974109	0.00397432	0.00452146	0.0408815	0.00670385	0.00617361	0.0519621	0.206655	0.112214	0.0248388	0.260567	0.40357	0.0162009	0.111563	0.198639	0.558532	1.03904	2.20379	5	1.445254
1063000	-520.6413	-574.9272	54.28584	10	0.9516438	0.105258	0.0239728	0.0343311	0.0881535	0.0502431	0.0222881	0.0246182	0.0678117	0.00877072	0.0252304	0.178335	0.100967	0.012722	0.149862	0.272446	0.0146997	0.0515525	0.127207	0.461719	0.991501	2.41957	5	1.231261
1064000	-538.0558	-573.9773	35.92154	2	0.769748	0.173027	0.00264667	0.00317543	0.104819	0.0806667	0.0058947	0.016454	0.0957585	0.0130342	0.0266402	0.0985145	0.147959	0.00376782	0.200455	0.238666	0.0115478	0.11426	0.0891071	0.394663	0.948207	2.56802	4	1.337287
1065000	-535.029	-569.3655	34.33653	2	1.753163	0.204634	0.000235209	0.0175309	0.081529	0.0360926	0.0102019	0.0197753	0.0136518	0.0266303	0.107018	0.248026	0.0876816	0.00864318	0.393907	0.382991	0.00730821	0.0623471	0.261918	0.625906	1.06238	2.0498	4	1.708204
1066000	-537.6706	-565.8217	28.15107	1	1.526628	0.171465	0.0231017	0.0109542	0.0725197	0.0357304	0.0199485	0.0114561	0.0331611	0.0207175	0.0459699	0.297652	0.0652233	0.0532392	0.287572	0.528288	0.00871527	0.0962016	0.229407	0.592929	1.05195	2.12572	3	1.781915
1067000	-544.4665	-579.6621	35.19565	1	0.4262493	0.190918	0.0183309	0.00316082	0.1015	0.0141807	0.0210915	0.0117234	0.0313051	0.00675628	0.0278836	0.0911164	0.173144	0.00152246	0.161325	0.142535	0.0467996	0.144202	0.0206762	0.201078	0.758191	3.02005	3	1.187496
1068000	-535.7326	-573.8098	38.07724	2	1.005474	0.19445	0.0376469	0.00176634	0.0811911	0.0275865	0.00586225	0.0404289	0.0245793	0.00960584	0.0318237	0.142211	0.32788	0.0061244	0.0820321	0.343566	0.0378112	0.0739708	0.138045	0.478391	1.0009	2.38266	4	1.468537
1069000	-532.4457	-567.8329	35.3872	2	1.495989	0.0815151	0.0121758	0.0193226	0.0753766	0.040953	0.010394	0.040288	0.00398581	0.00961747	0.0575153	0.255516	0.308453	0.00766287	0.31268	0.12572	0.0157161	0.122273	0.224702	0.587887	1.05019	2.13723	4	1.499165
1070000	-515.858	-568.7092	52.85125	10	1.034503	0.133585	0.000238056	0.000752122	0.0522404	0.0661743	0.0231812	0.0169476	0.0248502	0.0339004	0.0348391	0.0725301	0.226668	0.0348689	0.151319	0.262217	0.021057	0.104802	0.143786	0.486882	1.00549	2.36384	5	1.26017
1071000	-518.0087	-571.4149	53.40611	10	0.8456515	0.125936	0.0198466	0.00743112	0.0878133	0.00226419	0.00206441	0.044332	0.0280736	0.0133534	0.0307723	0.363489	0.232115	0.0268931	0.219952	0.133238	0.0636746	0.134626	0.105229	0.424884	0.968844	2.50104	5	1.535874
1072000	-516.2736	-570.8141	54.54048	10	2.747753	0.155168	0.0237275	0.0155902	0.0785906	0.0660992	0.0200103	0.0210079	0.126367	0.00456224	0.033836	0.182929	0.275374	0.0175796	0.106703	0.125856	0.00433102	0.0490377	0.368755	0.716531	1.08095	1.83376	5	1.306768
1073000	-522.5986	-575.6862	53.08768	10	2.051859	0.135868	0.00354118	0.0504319	0.0453748	0.0613537	0.042336	0.0123696	0.0425397	0.0239059	0.0559016	0.249356	0.288959	0.0115858	0.173626	0.0438484	0.00113472	0.0874981	0.299388	0.660417	1.07123	1.96896	5	1.32963
1074000	-516.3798	-573.5706	57.19071	10	0.7919498	0.122757	0.00878066	0.0267017	0.0908831	0.0419952	0.0121029	0.0301655	0.0389584	0.0544612	0.0156231	0.050252	0.205272	0.0402037	0.116406	0.387831	0.0404992	0.0576779	0.0938446	0.403873	0.954699	2.54758	5	1.34057
1075000	-544.5922	-576.7239	32.13169	2	2.448326	0.145358	0.0205955	0.0305924	0.160814	0.006941	0.0352795	0.0245261	0.0619561	0.0222035	0.0835575	0.265476	0.319032	0.00647176	0.117144	0.163514	0.0259874	0.139534	0.341502	0.695544	1.07802	1.88494	4	1.628984
1076000	-544.6943	-577.6424	32.94811	2	1.321318	0.13456	0.0146618	0.00953555	0.0819497	0.134431	0.0348159	0.0189327	0.0788023	0.0300216	0.0787041	0.396997	0.0577996	0.0177184	0.200178	0.412139	0.0181945	0.00368057	0.196354	0.555835	1.03794	2.20987	4	1.723122
1077000	-543.3015	-570.9149	27.61343	1	2.237932	0.184682	0.00123833	0.00935393	0.0685664	0.0826909	0.00144986	0.03861	0.00976918	0.0220743	0.120612	0.373785	0.165489	0.0298675	0.24504	0.319781	0.0403578	0.0511811	0.320113	0.678144	1.07494	1.9268	3	1.764549
1078000	-514.9753	-568.1752	53.19985	10	1.280866	0.101052	0.0045709	0.0274041	0.0969717	0.0435532	0.0247531	0.026696	0.0427309	0.00212284	0.0525519	0.355279	0.141635	0.019025	0.174559	0.317264	0.0521815	0.154652	0.189403	0.547493	1.03447	2.22864	5	1.637002
1079000	-532.5873	-571.26	38.67275	2	1.729831	0.135663	0.0072385	0.0173554	0.0649408	0.0104477	0.0111056	0.0296372	0.0257345	0.0126967	0.0349814	0.356905	0.080712	0.00506986	0.0708159	0.289363	0.0368962	0.0208515	0.258745	0.622821	1.06148	2.05695	4	1.210415
1080000	-555.9702	-584.0072	28.03699	2	0.7463157	0.109026	0.0119255	0.0330473	0.0817445	0.30537	0.0452124	0.00729499	0.037032	0.0134043	0.0433953	0.0856552	0.18009	0.0261873	0.133041	0.371098	0.0239699	0.518926	0.0840962	0.384588	0.940893	2.59042	4	2.02642
1081000	-523.0773	-572.1588	49.0815	10	1.649954	0.218081	0.0310348	0.0155169	0.157943	0.00802583	0.0258316	0.0140322	0.00805628	0.0159887	0.112349	0.140834	0.118082	0.00770396	0.171	0.443086	0.036295	0.525467	0.247586	0.611752	1.05814	2.08253	5	2.049327
1082000	-528.0606	-571.9088	43.84825	2	0.3947686	0.101125	0.018979	0.000808821	0.0840364	0.00536851	0.0137836	0.00644687	0.0120032	0.00512264	0.0128416	0.197567	0.108189	0.0147182	0.132858	0.158839	0.00371835	0.0761994	0.015967	0.177837	0.725557	3.08064	4	0.9526049
1083000	-528.2516	-567.7655	39.51393	2	1.677291	0.154315	0.0130788	0.0149015	0.0829108	0.00217805	0.0193997	0.00994062	0.0428526	0.0243923	0.0372475	0.240956	0.0708213	0.0391006	0.193454	0.25703	0.00457977	0.0892751	0.251457	0.615632	1.05933	2.07358	4	1.296433
1084000	-520.1805	-572.6341	52.45362	10	1.893569	0.169739	0.00397077	0.0245334	0.0924858	0.0558758	0.0121005	0.0302914	0.00858142	0.0290643	0.0732481	0.0995692	0.151543	0.000702492	0.114376	0.284218	0.0229402	0.146221	0.28023	0.643197	1.06708	2.00949	5	1.319459
1085000	-540.8671	-576.0584	35.19121	2	0.7878108	0.121593	0.0144873	0.0341271	0.0776287	0.035917	0.012841	0.00875492	0.00457956	0.00567382	0.0450489	0.247423	0.163099	0.0935987	0.176311	0.382299	0.048732	0.174305	0.0929625	0.40218	0.953519	2.55134	4	1.646419
1086000	-536.0058	-572.0936	36.08787	2	2.089389	0.101352	0.00975821	0.0011595	0.0890047	0.0165331	9.77181e-05	0.0284145	0.0146956	0.0118901	0.0276354	0.288886	0.0471998	0.0247999	0.235632	0.253112	0.00275115	0.127198	0.303717	0.664194	1.07207	1.96002	4	1.28012
1087000	-545.944	-574.8637	28.91962	1	1.95316	0.136419	0.0178619	0.0306583	0.110508	0.045956	0.0485966	0.0221958	0.0682892	0.0272353	0.0562521	0.237015	0.0807821	0.0681244	0.225212	0.170151	0.00738034	0.30977	0.287619	0.649939	1.06877	1.99367	3	1.662407
1088000	-518.244	-567.5608	49.31681	10	1.53896	0.151664	0.0022146	0.00390409	0.0565792	0.109424	0.0350818	0.0221609	0.0184934	0.00823168	0.0711894	0.174207	0.119684	0.0278378	0.0993063	0.403234	0.0589498	0.225682	0.231279	0.594915	1.05263	2.12118	5	1.587845
1089000	-512.2837	-569.4717	57.18804	10	1.061226	0.187428	0.0150471	0.00856693	0.0741757	0.0137361	0.0343737	0.0216188	0.0315047	0.00853686	0.0477786	0.199554	0.0789921	0.0065509	0.219021	0.121294	0.010274	0.146862	0.149006	0.494412	1.00945	2.34713	5	1.225314
1090000	-519.4429	-571.2339	51.791	10	1.45637	0.187017	0.00568931	0.0501905	0.0890851	0.0174864	0.0129615	0.0153576	0.0676907	0.0100281	0.0536986	0.28407	0.0887784	0.00269245	0.209283	0.0870024	0.0169726	0.23675	0.218503	0.581129	1.04775	2.15261	5	1.434754
1091000	-536.2243	-566.9979	30.77367	1	0.6060847	0.11694	0.0119948	0.00168963	0.0872299	0.00539766	0.00338306	0.0198542	0.0238945	0.0180128	0.0328608	0.397858	0.0969998	0.0137379	0.437773	0.0609546	0.0322829	0.250846	0.0543654	0.315637	0.884392	2.74561	3	1.61171
1092000	-544.5437	-574.9883	30.4446	2	1.180375	0.149588	0.0153132	0.0259186	0.0572156	0.0135435	0.00715676	0.0165357	0.043601	0.0173326	0.0456589	0.457103	0.116354	0.012666	0.039122	0.213838	0.0360919	0.387853	0.171479	0.524981	1.02447	2.27907	4	1.654892
1093000	-551.2225	-579.3943	28.17185	1	1.627065	0.240355	0.0145139	0.0051124	0.159988	0.0285518	0.00966538	0.0412101	0.165887	0.0139003	0.0325657	0.320609	0.00267885	0.00725071	0.15028	0.158846	0.0179196	0.400461	0.244301	0.608425	1.05709	2.09019	3	1.769794
1094000	-535.7947	-572.5248	36.73007	2	1.670643	0.122576	0.0256865	0.017687	0.112233	0.0110258	0.0189617	0.021538	0.0146352	0.000714467	0.0251698	0.227047	0.104608	0.0193859	0.0498738	0.120668	0.0494489	0.242502	0.250521	0.614698	1.05905	2.07573	4	1.183762
1095000	-520.701	-571.7781	51.07706	10	1.904103	0.169361	0.0169102	0.00629274	0.0720506	0.0151411	0.0399936	0.023635	0.0551561	0.0428676	0.0377361	0.562453	0.0832763	0.0164398	0.131241	0.380607	0.0132338	0.160801	0.281552	0.644413	1.06739	2.00664	5	1.827196
1096000	-529.1977	-570.3925	41.19479	2	1.647765	0.178965	0.0156408	0.018968	0.0555408	0.0166431	0.0156517	0.00557861	0.048266	0.033328	0.0311726	0.25824	0.0798553	0.00290195	0.100201	0.120253	0.0284436	0.206795	0.247273	0.611437	1.05804	2.08325	4	1.216445
1097000	-530.9166	-570.5529	39.63629	2	2.713703	0.167759	0.00865058	0.00695506	0.100624	0.0218111	0.0275348	0.0443382	0.0121623	0.0173022	0.0973914	0.226774	0.124109	0.058126	0.0860805	0.124264	0.0199168	0.281272	0.365825	0.714334	1.08068	1.83916	4	1.425072
1098000	-508.1454	-563.6229	55.47751	10	0.8437129	0.0866675	0.00779071	0.00326914	0.0594364	0.00296042	0.00673736	0.0120826	0.0160695	0.0160963	0.0236749	0.357076	0.119155	0.00971411	0.0893577	0.195796	0.0477107	0.223269	0.104821	0.424155	0.968368	2.50266	5	1.276863
1099000	-536.1759	-568.6588	32.48287	2	2.681916	0.304821	0.00849968	0.000569877	0.0783006	0.0589845	0.0375107	0.0222599	0.028642	0.0186562	0.0620255	0.293331	0.14706	0.107569	0.0929542	0.153186	0.0189927	0.376686	0.363052	0.712243	1.08042	1.84428	4	1.810049
1100000	-528.9942	-568.4412	39.44709	2	0.73694	0.106802	0.00348043	0.00101084	0.0761149	0.0463772	0.0218618	0.0255336	0.009	0.0315838	0.0340685	0.214707	0.0666586	0.0222296	0.163943	0.11018	0.0187783	0.22263	0.0820897	0.38045	0.937824	2.59964	4	1.174959
1101000	-522.6902	-576.6797	53.98947	10	2.303313	0.0781754	0.0255252	0.0180198	0.0986113	0.0175292	0.00495276	0.0706275	0.0116303	0.0520427	0.0978594	0.313946	0.116601	0.038934	0.251117	0.195339	0.0465573	0.152176	0.326979	0.683824	1.07601	1.91319	5	1.589644
1102000	-530.9238	-572.8541	41.93023	10	2.691618	0.178008	0.00371378	0.00771199	0.139287	0.0909169	0.0269934	0.0340727	0.141008	0.0168208	0.0680397	0.431157	0.0956914	0.0781045	0.243428	0.0935403	0.0290648	0.460841	0.363902	0.712885	1.0805	1.84271	5	2.1384
1103000	-507.0558	-564.661	57.60517	10	0.5127416	0.0941058	0.00607058	0.000684587	0.0861045	0.00541567	0.00613177	0.0187788	0.0284824	0.00920609	0.0313166	0.232161	0.041117	0.0329746	0.179196	0.101004	0.0204746	0.0727173	0.035773	0.260153	0.829323	2.87475	5	0.9659413
1104000	-536.4963	-568.344	31.84768	2	2.072312	0.161195	0.00844552	0.00291251	0.0784513	0.00983644	0.0181877	0.0461368	0.0116827	0.0439739	0.0895458	0.35452	0.121891	0.0528019	0.469063	0.256914	0.025523	0.00727979	0.301756	0.662489	1.0717	1.96406	4	1.75836
1105000	-540.8682	-574.3994	33.53123	2	0.7470058	0.18092	0.0050338	0.0320324	0.083606	0.154377	0.0299858	0.0103092	0.0193756	0.00373261	0.0328961	0.43904	0.148874	0.0222262	0.376428	0.113527	0.00195662	0.161785	0.0842439	0.38489	0.941115	2.58975	4	1.816105
1106000	-529.4351	-569.3185	39.88344	2	1.026671	0.166764	0.0153658	0.00301661	0.0299155	0.0548008	0.0166295	0.016348	0.0149127	0.00803997	0.0289393	0.170783	0.1251	0.0164966	0.256721	0.122206	0.0215456	0.105717	0.142245	0.484624	1.00428	2.36885	4	1.1733
1107000	-536.6097	-569.3031	32.69336	2	1.435579	0.280611	0.0122477	0.0178315	0.120575	0.0335481	0.00272573	0.0193335	0.0144259	0.00788458	0.0546822	0.523717	0.16886	0.0013783	0.00211545	0.223903	0.0759717	0.476135	0.215197	0.57747	1.0464	2.16093	4	2.035946
1108000	-523.3417	-573.6496	50.30795	10	0.8760683	0.107548	0.00580825	0.0310997	0.0401945	0.0792205	0.00706997	0.0403365	0.0253338	0.00141937	0.0366691	0.265347	0.137718	0.0175142	0.0971269	0.128038	0.00329371	0.317917	0.111613	0.436048	0.975992	2.47635	5	1.341655
1109000	-539.9944	-576.8041	36.80971	2	1.128061	0.13042	0.01348	0.0342226	0.0598449	0.028793	0.0193852	0.0270027	0.0101417	0.0744015	0.0550971	0.137823	0.104402	0.0183177	0.278463	0.150067	0.0263428	0.415888	0.161774	0.512127	1.01836	2.30774	4	1.584092
1110000	-537.9486	-569.6127	31.66413	2	1.209913	0.118591	0.0125593	0.0182215	0.054408	0.0650451	0.00687126	0.022774	0.00429196	0.00603878	0.0567798	0.270191	0.0882911	0.0364331	0.0364355	0.16703	0.00484132	0.583871	0.176845	0.531881	1.02763	2.26365	4	1.552675
1111000	-535.3087	-571.0703	35.76162	2	0.8634593	0.127673	0.00175829	0.00987788	0.07901	0.00995813	0.0107584	0.0232918	0.0299806	0.0465886	0.0351991	0.327598	0.0504141	0.0218369	0.054668	0.140384	0.0381983	0.350836	0.108973	0.431482	0.973098	2.48645	4	1.35803
1112000	-526.6846	-568.6666	41.98193	2	1.061269	0.178158	0.000249023	0.0090931	0.102715	0.0106588	0.00879215	0.041113	0.0294617	0.0174015	0.0117982	0.176635	0.073054	0.0186722	0.126772	0.123687	0.0195665	0.213345	0.149014	0.494424	1.00945	2.34711	4	1.161173
1113000	-536.0716	-572.4166	36.34503	2	0.5697895	0.0535253	0.0018234	0.00524459	0.0604727	0.0377751	0.00301109	0.0222928	0.051263	0.00473121	0.0410818	0.827649	0.0662327	0.0154113	0.0111697	0.14133	0.0221501	0.364096	0.0469431	0.295056	0.865087	2.79291	4	1.72926
1114000	-533.8188	-575.1587	41.33988	2	0.5934377	0.0867756	0.0209996	0.00212601	0.0816087	0.0474509	0.0352192	0.0110272	0.0276954	0.0303359	0.040837	0.210935	0.0585077	0.0590075	0.198813	0.00820194	0.00103572	0.222349	0.0517575	0.308605	0.877934	2.7617	4	1.142925
1115000	-538.2317	-571.3236	33.09183	2	0.8183143	0.159908	0.00276755	0.0237508	0.137251	0.0401279	0.0210015	0.00145125	0.0424605	0.000222357	0.0672448	0.307373	0.107143	0.0712589	0.238207	0.290257	0.0121284	0.222605	0.0994495	0.414404	0.961903	2.52424	4	1.745157
1116000	-540.7148	-573.177	32.46215	2	2.169379	0.194386	0.0284329	0.0262832	0.0961685	0.0221956	0.0308927	0.000838693	0.00270955	0.0241396	0.0761785	0.424484	0.0714637	0.0467746	0.168275	0.222878	0.00158139	0.244164	0.312688	0.671896	1.0737	1.94171	4	1.681847
1117000	-539.9146	-572.0123	32.0977	2	2.682614	0.134839	0.000164979	0.00907867	0.173611	0.0366591	0.0338045	0.00836947	0.110379	0.0297749	0.0603619	0.277665	0.0796479	0.0371188	0.291328	0.206919	0.0315789	0.262609	0.363114	0.712289	1.08043	1.84417	4	1.78391
1118000	-535.8209	-571.3495	35.52853	2	2.031416	0.130056	0.0226647	0.0167509	0.0587092	0.04672	0.00640897	0.0694731	0.0770513	0.00737376	0.0506901	0.53311	0.043278	0.0140669	0.249475	0.146138	0.0211374	0.276321	0.296996	0.658313	1.07076	1.97393	4	1.769423
1119000	-521.2662	-574.5797	53.31358	10	0.6377113	0.0459918	0.00731865	0.0248179	0.0680855	0.00724273	0.0475141	0.0134033	0.00510985	0.0335011	0.0463318	0.206674	0.103799	0.0660758	0.28806	0.0938259	0.0165792	0.135717	0.0609676	0.332597	0.899403	2.70703	5	1.210048
1120000	-523.6073	-579.7106	56.10331	10	1.04832	0.129331	0.00323912	0.0316742	0.0419568	0.15042	0.0129963	0.0503064	0.00805596	0.0332449	0.111408	0.155138	0.0870037	0.0584092	0.388939	0.15004	0.0804974	0.100029	0.146493	0.490809	1.00757	2.35513	5	1.592688
1121000	-535.7976	-571.805	36.00734	2	0.5333238	0.257038	0.0153601	0.0107646	0.0400741	0.0300849	0.00100382	0.0240328	0.00116526	0.0277723	0.020443	0.445476	0.0673325	0.00343783	0.231127	0.0331709	0.0194454	0.189121	0.0397181	0.273115	0.843079	2.84409	4	1.416849
1122000	-540.4645	-569.6612	29.19669	2	4.190351	0.187647	0.00436129	0.068869	0.0990196	0.000342966	0.0111054	0.0360583	0.0631092	0.02832	0.0550272	0.258919	0.12627	0.0418248	0.237651	0.292084	0.00939936	0.225354	0.464523	0.781545	1.08433	1.66961	4	1.745363
1123000	-528.7473	-569.2819	40.53461	10	2.922646	0.142673	0.0201568	5.25398e-05	0.143343	0.00743156	0.00462677	0.0285565	0.118459	0.0483274	0.0293051	0.341219	0.00294021	0.0198249	0.548822	0.178574	0.0329767	0.223042	0.383188	0.727153	1.08211	1.80755	5	1.89033
1124000	-531.8652	-570.8834	39.01815	2	0.3480266	0.146192	0.009426	0.00435197	0.0374184	0.00784717	0.00129909	0.0219207	0.0884925	0.0334491	0.0372293	0.233629	0.0137163	0.021074	0.337143	0.101609	0.00569824	0.121118	0.0099849	0.14202	0.66831	3.17968	4	1.221614
1125000	-544.8871	-575.2634	30.37631	2	3.597142	0.153138	0.016223	0.0533935	0.0638073	0.03663	0.00470362	0.0318821	0.0625612	0.0535512	0.00727079	0.643027	0.143445	0.0262136	0.381157	0.0672723	0.0216334	0.205265	0.430762	0.760014	1.08421	1.72501	4	1.971174
1126000	-531.1095	-570.9919	39.88243	2	0.9381641	0.1399	0.00255865	0.0104686	0.125249	0.0811624	0.00684693	0.024043	0.0907434	0.00358248	0.0260462	0.22161	0.0496105	0.0525429	0.23504	0.0874749	0.0259143	0.17967	0.124457	0.457342	0.988947	2.42925	4	1.362463
1127000	-509.7987	-570.7065	60.9078	10	0.3591673	0.0689581	0.00354467	0.00685045	0.0936782	0.0105386	0.00454423	0.0285394	0.0320437	0.00428478	0.0203972	0.0429918	0.0545712	0.00997067	0.189949	0.164417	0.00287718	0.145007	0.011291	0.150666	0.683026	3.15502	5	0.8831637
1128000	-532.6285	-572.1591	39.53066	2	1.011398	0.156316	0.0192625	0.0245733	0.0781644	0.00583536	0.0236034	0.0203685	0.0254578	0.0043828	0.0403804	0.253986	0.0461049	0.030045	0.187352	0.15507	0.000579892	0.209029	0.139222	0.480151	1.00186	2.37876	4	1.280512
1129000	-526.5541	-569.5591	43.005	2	0.424752	0.0937289	0.00911902	0.0204898	0.0438545	0.00169863	0.00615706	0.0137301	0.00654148	0.00708333	0.0237148	0.260603	0.0775067	0.0129701	0.105052	0.0876913	0.00359998	0.107439	0.0204412	0.199992	0.756733	3.02283	4	0.8809799
1130000	-540.5736	-573.2301	32.65655	1	0.4727421	0.177746	0.00718793	0.0110308	0.0605234	0.0850788	0.00492905	0.025176	0.0649731	0.00558944	0.0469275	0.32113	0.0307053	0.0252808	0.281156	0.0837257	0.037689	0.167906	0.0284538	0.233749	0.799375	2.93842	3	1.436756
1131000	-511.1841	-569.2953	58.11129	10	0.4580868	0.149403	0.00408795	0.00379237	0.0750289	0.0170401	0.00153548	0.0433462	0.03168	0.00667543	0.0167016	0.327519	0.0474451	0.0218274	0.283656	0.0581629	0.0141229	0.149319	0.025908	0.223676	0.787201	2.96322	5	1.251343
1132000	-522.3152	-573.3008	50.98561	10	2.006764	0.149081	0.0341339	0.0490905	0.0943163	0.00562709	0.0300413	0.0131038	0.0302643	0.00641405	0.0785053	0.3738	0.0634853	0.0256587	0.141628	0.195782	0.0890944	0.184081	0.294081	0.655731	1.07016	1.98003	5	1.564106
1133000	-532.5098	-570.7118	38.20196	2	0.7518881	0.141909	0.00190167	0.00690203	0.0394138	0.0313376	0.0231839	0.00983009	0.0886999	0.0138319	0.0180005	0.23992	0.057028	0.0259861	0.282803	0.11696	0.0296383	0.167026	0.0852885	0.387018	0.942677	2.58502	4	1.294371
1134000	-530.1675	-569.7361	39.56853	2	0.9404587	0.0833281	0.00531219	0.0026791	0.0494669	0.0326061	0.00154433	0.0273992	0.0302429	0.0163098	0.0331621	0.2757	0.102424	0.0265095	0.151409	0.121844	0.00831696	0.138862	0.124926	0.458093	0.989388	2.42759	4	1.107115
1135000	-533.9344	-568.0732	34.1388	2	0.748404	0.229799	0.0125536	0.00702371	0.073783	0.0281858	0.0164974	0.02119	0.0314928	0.0121367	0.0448171	0.351704	0.0972044	0.0371709	0.365914	0.0124516	0.00123751	0.200329	0.0845431	0.385501	0.941565	2.58839	4	1.543489
1136000	-511.88	-568.1156	56.2356	10	0.9941025	0.118098	0.00216692	0.0320621	0.0488706	0.0416571	0.024403	0.0442927	0.0070823	0.00899988	0.0231462	0.219017	0.120003	0.0203699	0.23118	0.126619	0.0700628	0.133288	0.135776	0.474972	0.999016	2.39024	5	1.271318
1137000	-544.0883	-579.7901	35.70179	2	0.5478476	0.176329	0.026298	0.0176998	0.0377781	0.0769666	0.00653473	0.0182553	0.0372423	0.0122662	0.0298982	0.169929	0.0941996	0.0167471	0.164753	0.0808395	0.019193	0.204108	0.042563	0.282009	0.852187	2.82324	4	1.189037
1138000	-506.815	-566.8594	60.04438	10	0.3950013	0.0919226	0.00828558	0.00646224	0.0979477	0.00278449	0.0165912	0.026941	0.0361119	0.0153789	0.0467031	0.0717754	0.0455648	0.0171383	0.301474	0.260959	0.0057227	0.128938	0.0159999	0.178012	0.725814	3.08017	5	1.180701
1139000	-523.1778	-577.8597	54.68188	10	1.365804	0.118304	0.0181108	0.00631733	0.0582225	0.00323421	0.0364363	0.0576753	0.0182932	0.0355311	0.0598458	0.3597	0.135312	0.0363786	0.226411	0.108774	0.0112347	0.156117	0.203828	0.564581	1.04146	2.19013	5	1.445898
1140000	-510.3193	-570.7507	60.43137	10	0.226263	0.0906804	0.00479396	0.00220916	0.0564079	0.0208203	0.0264209	0.00896831	0.03954	0.0150776	0.0641718	0.2454	0.0381278	0.0236877	0.233585	0.105958	0.00119969	0.124122	0.0011836	0.050167	0.448687	3.49996	5	1.10117
1141000	-540.5953	-571.9107	31.31549	2	1.012023	0.264164	0.0189924	0.0420058	0.0329779	0.0579667	0.00995456	0.0159827	0.0538786	0.00234455	0.0305782	0.398385	0.100485	0.0249638	0.324185	0.0976483	0.0197266	0.3213	0.139347	0.480336	1.00196	2.37835	4	1.815538
1142000	-536.2678	-572.1156	35.84779	2	2.636202	0.18502	0.0272196	0.01673	0.0399547	0.0406215	0.0184087	0.0280392	0.00774185	0.00194465	0.0399759	0.237385	0.107652	0.0219306	0.160522	0.114883	0.0442849	0.198782	0.359001	0.709164	1.08002	1.85182	4	1.291096
1143000	-535.1388	-573.5821	38.44332	2	1.749766	0.185122	0.0140839	0.00651021	0.0950526	0.0121524	0.00264814	0.0132206	0.0602666	0.0183603	0.0266649	0.161752	0.0334112	0.00701743	0.129548	0.16059	0.00240276	0.151689	0.261458	0.625461	1.06225	2.05083	4	1.080492
1144000	-528.4398	-568.5422	40.10237	2	0.3129732	0.152115	0.00386711	0.0261426	0.0630248	0.0035708	0.0119011	0.00498835	0.0119309	0.00661718	0.0424994	0.308037	0.0674787	0.00845562	0.0823077	0.301398	0.00836854	0.12237	0.00640653	0.114618	0.61696	3.26202	4	1.225072
1145000	-521.7739	-572.9189	51.14505	10	4.075633	0.177951	0.0160308	0.00552371	0.0940752	0.0197235	0.0148855	0.0283284	0.0519626	0.0322901	0.0571696	0.284039	0.1505	0.0312305	0.0896693	0.564205	0.0466409	0.2089	0.458469	0.777785	1.08438	1.67936	5	1.873124
1146000	-511.8931	-570.0734	58.18028	10	0.2941446	0.101325	0.00130433	0.0221844	0.086376	0.025924	0.0252551	0.00363879	0.0113437	0.00318641	0.0381289	0.285168	0.0866704	0.0730979	0.00561044	0.336179	0.00384098	0.0951504	0.00483237	0.0999484	0.585837	3.30938	5	1.204383
1147000	-538.281	-568.7456	30.46458	2	1.721615	0.282785	0.00400513	0.0420537	0.0800623	0.00416322	0.0372466	0.00468571	0.0807264	0.0103915	0.0486491	0.404184	0.0359315	0.006897	0.0463687	0.588524	0.0458704	0.20329	0.257618	0.62172	1.06116	2.0595	4	1.925834
1148000	-532.723	-565.6345	32.91148	2	2.374974	0.173774	0.0209738	0.004765	0.134697	0.0287117	0.0169032	0.0213279	0.014753	0.00139768	0.0469596	0.269628	0.130556	0.0184394	0.126293	0.382819	0.0154052	0.251294	0.334273	0.689759	1.07706	1.89891	4	1.658699
1149000	-534.1262	-569.3605	35.23423	2	1.601768	0.218317	0.00167228	0.012004	0.0582165	0.0619815	0.0230839	0.0110047	0.103023	0.00317705	0.0479607	0.357514	0.0888567	0.0187605	0.0254073	0.220847	0.0607705	0.158372	0.240624	0.604664	1.05588	2.09883	4	1.470968
1150000	-528.4594	-565.6827	37.2233	2	1.205871	0.12324	0.00223667	0.005937	0.107512	0.0120205	0.00890039	0.016315	0.00443229	0.0123768	0.0422559	0.230956	0.120789	0.00416657	0.1849	0.203726	0.0246963	0.209938	0.176115	0.530951	1.0272	2.26573	4	1.314399
1151000	-535.3981	-569.2774	33.8793	2	2.741452	0.134859	0.0303458	0.0104145	0.0829206	0.00876216	0.0126749	0.0314715	0.0219652	0.0316874	0.0331779	0.389149	0.111554	0.0104945	0.0701538	0.308568	0.0156364	0.359141	0.368216	0.716128	1.0809	1.83475	4	1.662976
1152000	-514.0296	-565.4655	51.43595	10	1.964181	0.124598	0.00301301	0.00513494	0.0784876	0.0143796	0.00944878	0.0426005	0.023731	0.00706833	0.0196986	0.126266	0.0652276	0.0174945	0.146777	0.204371	0.0161164	0.162717	0.288961	0.65115	1.06907	1.99082	5	1.06713
1153000	-529.4335	-574.4574	45.02393	10	2.448089	0.262223	0.0243083	0.00468724	0.12588	0.0474831	0.0290098	0.0570191	0.114486	0.0324028	0.0515391	0.536515	0.10975	0.0372781	0.402501	0.209778	0.0904391	0.0309297	0.341479	0.695526	1.07801	1.88498	5	2.166229
1154000	-512.613	-566.3934	53.78045	10	2.446951	0.14119	0.00616823	0.0173137	0.0715658	0.00456132	0.00320384	0.0225689	0.131431	0.0221903	0.049724	0.307657	0.0271325	0.0399342	0.332391	0.180109	0.0124548	0.226436	0.341369	0.695438	1.078	1.88519	5	1.596032
1155000	-542.2109	-574.5036	32.29266	2	2.814826	0.127077	0.0193939	0.0284134	0.0750019	0.0562921	0.0466658	0.0188616	0.0867712	0.00032598	0.0945867	0.417835	0.0704413	0.0185159	0.154756	0.218828	0.0276462	0.19979	0.374409	0.720731	1.08143	1.82342	4	1.661201
1156000	-514.9683	-572.3139	57.34561	10	0.8354149	0.137539	0.00362137	0.00954422	0.0799146	0.0636211	0.0128942	0.0348023	0.109936	0.00699955	0.0760017	0.145879	0.0513973	0.0360689	0.254422	0.153577	0.0486027	0.27433	0.103069	0.421011	0.966305	2.50962	5	1.499151
1157000	-535.1477	-571.9521	36.80443	2	3.710749	0.196139	0.00732562	0.0553474	0.0682825	0.0146711	0.0183447	0.0347305	0.0218642	0.0466713	0.0371265	0.374237	0.1064	0.00323044	0.324638	0.153231	0.0120496	9.44977e-05	0.43773	0.764573	1.08432	1.71337	4	1.474384
1158000	-542.3406	-574.9835	32.6429	2	1.764207	0.102859	0.00993061	0.0866542	0.085136	0.00982228	0.0232192	0.018665	0.071312	0.0280015	0.0598515	0.412319	0.0918922	0.000745971	0.296752	0.207775	0.0188918	0.243588	0.263406	0.627344	1.06279	2.04646	4	1.767414
1159000	-533.1452	-566.2917	33.14649	2	3.509822	0.192321	0.022086	0.0135432	0.0966286	0.0614275	0.00944776	0.0479752	0.00786946	0.016996	0.0460726	0.235999	0.0974883	0.0116886	0.227457	0.150988	0.0297896	0.149562	0.425224	0.756347	1.08409	1.73434	4	1.41734
1160000	-532.5274	-566.2713	33.74386	1	1.358889	0.116314	0.00595353	0.0112655	0.0803892	0.0190324	0.019665	0.0131509	0.00467407	0.00024678	0.0470618	0.233618	0.0924413	0.00782677	0.250803	0.237539	0.0134354	0.0859929	0.202678	0.563249	1.04094	2.19314	3	1.23941
1161000	-532.6818	-567.8179	35.13608	2	2.711212	0.154947	0.0156596	0.00146212	0.128459	0.0555794	0.00289612	0.0369206	0.0360854	0.0260263	0.0568517	0.190169	0.145188	0.00450901	0.222303	0.254687	0.0432704	0.138667	0.365609	0.714172	1.08066	1.83956	4	1.51368
1162000	-541.1667	-573.3655	32.19885	2	4.23003	0.16507	0.0268178	0.00747472	0.0877376	0.000282109	0.0435704	0.0194218	0.0266106	0.00183034	0.114042	0.31343	0.154794	0.0607764	0.325793	0.279459	0.0618494	0.0967909	0.466569	0.782806	1.0843	1.66632	4	1.785748
1163000	-516.6572	-571.5616	54.90436	10	0.5771183	0.13113	0.00197904	0.0128721	0.0828289	0.0442862	0.0161262	0.0406162	0.0588633	0.0600657	0.0395288	0.297034	0.0610816	0.00825693	0.120142	0.177143	0.0200631	0.105891	0.0484256	0.299311	0.869181	2.78308	5	1.277908
1164000	-543.7348	-578.2073	34.47246	2	0.4277174	0.165231	0.00402685	0.0424121	0.0688314	0.104043	0.0143675	0.00678322	0.0711193	0.00811369	0.0539417	0.300258	0.0349899	0.0177778	0.135322	0.273089	0.0633912	0.337056	0.0209077	0.202141	0.759613	3.01734	4	1.700754
1165000	-533.3534	-570.2559	36.90245	2	1.905076	0.201401	0.0156228	0.00721178	0.111852	0.0143477	0.00556429	0.0109342	0.0676826	0.0143941	0.0905017	0.344656	0.0405961	0.00170878	0.0213652	0.200689	0.00890495	0.3524	0.281674	0.644525	1.06742	2.00638	4	1.509832
1166000	-539.023	-574.1198	35.09679	2	1.218813	0.210665	0.0144727	0.00112381	0.0551495	0.0438101	9.78517e-05	0.0227227	0.0994398	0.00832856	0.0452084	0.339821	0.0437442	0.0307231	0.257965	0.242451	0.0111512	0.196842	0.178446	0.533912	1.02854	2.2591	4	1.623716
1167000	-533.0821	-569.3195	36.23732	2	1.626957	0.217821	0.0142035	0.00923955	0.0531848	0.153091	0.0105049	0.029048	0.0306424	0.0107817	0.0675715	0.280826	0.094846	0.00368397	0.314055	0.148331	0.0256094	0.0876412	0.244285	0.608409	1.05708	2.09022	4	1.551081
1168000	-549.5508	-574.5916	25.04082	1	1.455938	0.223722	0.0278241	0.00247822	0.057536	0.0637957	0.0262736	0.0333909	0.0272431	0.0250041	0.0761071	0.399845	0.150101	0.0160851	0.350641	0.321073	0.0355743	0.263316	0.218435	0.581054	1.04773	2.15279	3	2.10001
1169000	-542.2401	-571.2778	29.03767	2	1.995258	0.258347	0.014533	0.0233654	0.21265	0.0657865	0.00254329	0.055783	0.133882	0.016657	0.0393888	0.382238	0.100177	0.044256	0.0810847	0.184835	0.00437182	0.597033	0.292708	0.654508	1.06987	1.98291	4	2.216931
1170000	-541.8318	-574.5835	32.75163	2	1.347066	0.074873	0.0106392	0.00160511	0.0450292	0.0430396	0.0460696	0.0157696	0.0136324	0.0180548	0.030436	0.270605	0.055855	0.00625593	0.113948	0.183226	0.0631157	0.369278	0.200702	0.560949	1.04002	2.19833	4	1.361432
1171000	-528.0395	-568.0958	40.05636	2	0.7816612	0.067611	0.0115693	0.0016583	0.0722051	0.0339842	0.0117474	0.0249625	0.0380737	0.0102468	0.0469105	0.298333	0.056266	0.0337787	0.115769	0.154123	0.0116048	0.303442	0.0916508	0.399645	0.951741	2.55696	4	1.292286
1172000	-528.9562	-565.7162	36.75998	2	1.083433	0.176461	0.0228139	0.0334137	0.0717702	0.0189083	0.0281978	0.00260831	0.00513805	0.0108867	0.0295916	0.330207	0.111563	0.0569734	0.132439	0.203059	0.0142839	0.37217	0.153294	0.500469	1.01256	2.33368	4	1.620485
1173000	-543.1158	-578.7238	35.608	2	0.9431621	0.101407	0.0383991	0.0212809	0.0569097	0.00813626	0.00639095	0.0273844	0.0407831	0.0127179	0.0557237	0.530462	0.231613	0.0557573	0.0754993	0.193646	0.000776535	0.39881	0.125478	0.458975	0.989904	2.42564	4	1.855698
1174000	-537.5056	-569.8166	32.311	2	1.111328	0.142026	0.0233712	0.00906641	0.0407568	0.0202163	0.000593648	0.016035	0.0191211	0.0147923	0.0512659	0.503724	0.117838	0.0150576	0.0324101	0.224345	0.0554412	0.520353	0.158616	0.507834	1.01625	2.3173	4	1.806413
1175000	-530.3882	-567.2438	36.85561	2	2.478975	0.200028	0.00295132	0.000279494	0.0880216	0.078723	0.00967021	0.0240226	0.0397299	0.0103992	0.0337756	0.2298	0.0645768	0.00923843	0.0892422	0.14254	0.0114017	0.180907	0.344454	0.697879	1.07838	1.87928	4	1.215307
1176000	-529.9106	-571.7298	41.81926	2	0.4360048	0.143175	0.000451633	0.0107167	0.0436855	0.0317492	0.0149384	0.0111649	0.0310584	0.0156533	0.0411297	0.207052	0.0906127	0.0362043	0.101264	0.118583	0.0119106	0.135783	0.0222328	0.208104	0.767477	3.00219	4	1.045134
1177000	-540.1242	-574.0764	33.95222	2	2.788208	0.139941	0.0273988	0.0449322	0.0378071	0.017287	0.00562383	0.0228812	0.0585443	0.0154525	0.0419387	0.327108	0.118718	0.0626168	0.00689439	0.151365	0.0494972	0.398232	0.372183	0.719084	1.08125	1.82748	4	1.526238
1178000	-533.2661	-574.3966	41.13047	2	0.4681434	0.13225	0.00203376	0.0416133	0.109834	0.00489434	0.0332209	0.00866936	0.00208632	0.00206299	0.0605841	0.204811	0.122815	0.0109534	0.120787	0.0900244	0.0236655	0.191527	0.0276463	0.230611	0.795629	2.94611	4	1.161832
1179000	-538.3396	-569.9559	31.61628	1	1.245277	0.110563	0.00484064	0.013495	0.0913928	0.0629965	0.00488931	0.0289599	0.00522508	0.0153617	0.0326576	0.32557	0.090466	0.0261861	0.0142428	0.226401	0.231578	0.178705	0.183162	0.539825	1.03116	2.24585	3	1.46353
1180000	-525.659	-569.8478	44.18877	2	0.262849	0.0967735	0.00369911	0.00734935	0.0429164	0.00119131	0.00220395	0.0198221	0.00272197	0.00228415	0.0116894	0.242583	0.0668813	0.020049	0.0193479	0.10232	0.103709	0.126531	0.00276545	0.0761136	0.52781	3.39331	4	0.8720719
1181000	-531.2964	-567.5056	36.20926	1	0.4473666	0.158564	0.000584216	0.00953468	0.0638853	0.0237215	0.00987767	0.0122767	0.0127263	0.0176516	0.0132936	0.156551	0.0641644	0.0472126	0.0123938	0.144591	0.251836	0.0851595	0.0240984	0.216174	0.777842	2.98189	3	1.084023
1182000	-541.0243	-575.618	34.59364	2	1.195331	0.16853	0.0308319	0.00572301	0.0623129	0.0202155	0.017811	0.0231882	0.0122075	0.0140364	0.0548795	0.103393	0.179631	0.085203	0.085788	0.450406	0.201847	0.304412	0.174206	0.528506	1.02609	2.2712	4	1.820415
1183000	-552.7104	-577.0603	24.34991	1	2.048168	0.44405	0.00533932	0.00913103	0.0994192	0.0658375	0.0313894	0.0345151	0.098516	0.0264701	0.0613798	0.258511	0.145134	0.0275537	0.0129055	0.286659	0.17159	0.331476	0.298958	0.66004	1.07115	1.96985	3	2.109877
1184000	-538.7657	-571.731	32.96528	2	1.907442	0.13249	0.0158967	0.0407222	0.0438387	0.0611439	0.0317738	0.0107034	0.00740676	0.0460998	0.0261509	0.0926994	0.163314	0.0517169	0.0590843	0.339813	0.143372	0.389622	0.28197	0.644796	1.06749	2.00574	4	1.655848
1185000	-548.8486	-572.6584	23.80974	1	2.637415	0.14147	0.0201553	0.027776	0.121061	0.021662	0.0448224	0.00951251	0.0135024	0.0243105	0.0463138	0.127661	0.116275	0.048046	0.0422314	0.489032	0.296695	0.514443	0.359109	0.709247	1.08003	1.85161	3	2.10497
1186000	-531.4374	-570.1153	38.67794	2	1.197808	0.110533	0.0117657	0.00379119	0.0997092	0.0399416	0.0269147	0.0168322	0.024365	0.000341723	0.0597984	0.0586012	0.0903624	0.00689042	0.00403453	0.180596	0.188393	0.2168	0.174656	0.529083	1.02635	2.26991	4	1.13967
1187000	-536.3402	-574.6475	38.30731	2	0.3650258	0.185064	0.0124742	0.0122416	0.0622883	0.0256264	0.00587466	0.0328668	0.0192198	0.0197285	0.0561206	0.149505	0.0768411	0.0314955	0.0152326	0.268331	0.283431	0.120073	0.012009	0.15519	0.690481	3.14232	4	1.376414
1188000	-538.3268	-573.9535	35.62678	2	0.7736073	0.0981335	0.0269443	0.0182683	0.116961	0.00122225	0.0069304	0.0359476	0.0624106	0.0121412	0.0281583	0.086749	0.113564	0.0250651	0.023461	0.390725	0.129756	0.322425	0.0899316	0.396287	0.949365	2.56442	4	1.498862
1189000	-538.0688	-574.1456	36.07683	2	2.152464	0.0963259	0.0136824	0.00676876	0.0587763	0.062946	0.00406979	0.0118556	0.0578036	0.0202183	0.0406542	0.0936143	0.132909	0.00733238	0.0367318	0.217846	0.18604	0.196451	0.310819	0.670305	1.07338	1.9455	4	1.244024
1190000	-545.4981	-586.0163	40.51815	2	0.7030441	0.170742	0.0147785	0.0155384	0.0341034	0.0833041	0.027186	0.0214771	0.0713887	0.0378742	0.0180651	0.0984905	0.0717013	0.0259066	0.040415	0.110073	0.138989	0.147937	0.0748386	0.364963	0.925991	2.63421	4	1.127969
1191000	-515.2389	-571.1308	55.89191	10	0.8897028	0.181631	0.010641	0.0113199	0.112423	0.0540582	0.0320559	0.0285342	0.0153686	0.00897593	0.0400034	0.107953	0.137254	0.00540476	0.0273384	0.268418	0.177546	0.24239	0.114456	0.44089	0.979016	2.46564	5	1.461315
1192000	-526.5529	-565.8211	39.2682	2	0.8137782	0.106389	0.0125311	0.00526939	0.0680517	0.0321189	0.00228466	0.0432947	0.0201852	0.0116613	0.0243078	0.0988068	0.107124	0.00195259	0.0273302	0.27977	0.171762	0.241072	0.0984871	0.412623	0.960701	2.52819	4	1.253911
1193000	-546.4648	-576.0446	29.5798	1	0.9377277	0.221892	0.00496114	0.0284494	0.0897747	0.0481342	0.0182576	0.0071858	0.155414	0.00462239	0.025118	0.20626	0.025987	0.0186001	0.0287083	0.183108	0.291121	0.34034	0.124367	0.457199	0.988863	2.42957	3	1.697932
1194000	-527.1982	-566.969	39.77079	2	0.5157044	0.168239	0.0191972	0.00579399	0.0620323	0.000367296	0.0108258	0.0204603	0.00837178	0.0269334	0.0328908	0.116364	0.130223	0.0216267	0.00748949	0.188761	0.206433	0.305816	0.0363341	0.262045	0.831367	2.87025	4	1.331826
1195000	-541.1392	-574.8582	33.71897	2	1.082172	0.185641	0.0117287	0.0116921	0.165954	0.054844	0.00800023	0.0429499	0.0193667	0.0466214	0.0530283	0.168744	0.0839682	0.0140825	0.0219082	0.192422	0.133292	0.318412	0.153052	0.50013	1.01238	2.33443	4	1.532655
1196000	-544.4385	-580.8714	36.43294	2	1.073885	0.2193	0.0107143	0.0233383	0.0845386	0.0400861	0.0133451	0.0365131	0.00488628	0.0456111	0.0162705	0.158109	0.100592	0.00780497	0.0297109	0.103931	0.132783	0.272827	0.151456	0.497886	1.01124	2.33942	4	1.300361
1197000	-534.4211	-573.1676	38.74647	2	1.473992	0.128928	0.0184402	0.0126848	0.0837095	0.0730841	0.0111283	0.0288226	0.0487782	0.00100037	0.0889115	0.216017	0.159926	0.0121336	0.00390026	0.250793	0.100951	0.234919	0.221277	0.584169	1.04886	2.1457	4	1.474128
1198000	-538.0062	-571.4249	33.41864	2	1.377201	0.104053	0.00603886	0.0347402	0.0643898	0.0492517	0.00774876	0.0178041	0.0734195	0.0102079	0.0277281	0.319532	0.0527519	0.0333541	0.0153315	0.264641	0.181153	0.299313	0.205714	0.566753	1.04232	2.18522	4	1.561459
1199000	-536.7172	-577.6667	40.94946	2	0.9187287	0.0911865	7.67262e-06	0.0108041	0.0333751	0.0203857	0.0322936	0.0231256	0.0743898	0.0134209	0.0415251	0.23015	0.0413768	0.00241504	0.0321662	0.121322	0.112271	0.148145	0.120466	0.450883	0.98511	2.44354	4	1.028361
1200000	-518.7562	-575.3998	56.64362	10	1.686708	0.108143	0.0117253	0.00814925	0.122361	0.0210228	0.0612062	0.00401182	0.0412614	0.0210818	0.0147958	0.0944702	0.0873407	0.0345379	0.0287666	0.265979	0.238618	0.182914	0.252778	0.616946	1.05973	2.07054	5	1.346385
1201000	-519.5977	-574.265	54.66733	10	1.485557	0.0942779	0.0093571	0.0457241	0.112723	0.0214739	0.00744102	0.00841712	0.0141492	0.0184295	0.059645	0.417877	0.154384	0.0159782	0.00145007	0.186447	0.157261	0.178925	0.223083	0.586135	1.04956	2.14122	5	1.50396
1202000	-516.8979	-569.0051	52.10723	10	2.387104	0.146557	0.0169064	0.00164804	0.0742235	0.0100628	0.0169985	0.0218611	0.00808851	0.00728589	0.0945685	0.34377	0.128611	0.014006	0.119258	0.332426	0.314509	0.0859786	0.335485	0.690736	1.07722	1.89655	5	1.736759
1203000	-523.0419	-568.8362	45.79427	2	0.1437988	0.0422024	0.00776675	0.010362	0.024578	0.000379092	0.00068181	0.0133407	0.00070675	0.00252332	0.0329463	0.134046	0.0507044	0.00514868	0.00472825	0.154431	0.0536414	0.00370144	3.56645e-05	0.00882968	0.22305	3.76808	4	0.5418886
1204000	-520.8618	-569.0352	48.17341	10	2.5219	0.22141	0.00471972	0.0189435	0.116123	0.0188796	0.00321555	0.0578711	0.031856	0.0318138	0.0893643	0.183442	0.158034	0.0117083	0.0285923	0.30689	0.335837	0.119889	0.348523	0.701073	1.07887	1.87153	5	1.73859
1205000	-510.0602	-566.4716	56.41135	10	1.083286	0.14503	0.00721423	0.0102388	0.0665975	0.016869	0.0244586	0.0238073	0.0535485	0.00619255	0.0445117	0.153089	0.10772	0.0342087	0.0435431	0.267108	0.131582	0.205205	0.153266	0.50043	1.01254	2.33377	5	1.340924
1206000	-548.7409	-581.5798	32.83889	2	2.629223	0.0930696	0.00717725	0.0361508	0.0537102	0.0604266	0.0183587	0.000488531	0.0080696	0.0313898	0.0499661	0.0884118	0.142878	0.0116035	0.0313759	0.359232	0.0318459	0.541713	0.358375	0.708686	1.07995	1.85298	4	1.565867
1207000	-515.6829	-569.6593	53.97635	10	1.620315	0.161247	0.000311078	0.0341814	0.0703206	0.081968	0.0313311	0.0277974	0.00600245	0.0147057	0.0160151	0.171908	0.109915	0.033505	0.00950258	0.319583	0.190781	0.0730277	0.243324	0.60743	1.05677	2.09248	5	1.352101
1208000	-531.5493	-568.6183	37.06895	2	1.258399	0.152691	0.0301983	0.0291156	0.0914694	0.0552667	0.0129237	0.0296253	0.00392133	0.0105287	0.0490098	0.125969	0.0905956	0.024476	0.0104813	0.281831	0.343877	0.148914	0.185477	0.542689	1.03241	2.23943	4	1.490894
1209000	-516.5968	-568.2348	51.63806	10	1.733108	0.136954	0.00818193	0.0400382	0.0815459	0.00428506	0.00104597	0.0165585	0.0372159	0.015523	0.0537712	0.212119	0.129039	0.0397986	0.00860007	0.355905	0.333878	0.125696	0.259193	0.623259	1.06161	2.05594	5	1.600155
1210000	-521.291	-571.6152	50.32425	10	1.570276	0.120741	0.00317844	0.00635684	0.0961895	0.00794726	0.0223465	0.00489213	0.0301048	0.00614711	0.0530005	0.28197	0.137335	0.00816753	0.11816	0.37369	0.247993	0.331615	0.235977	0.599851	1.0543	2.10988	5	1.849835
1211000	-514.1524	-567.5602	53.40776	10	0.4812377	0.115985	0.0170977	0.00158435	0.0808061	0.0405709	0.0159944	0.0103477	0.0606505	0.0119156	0.0394978	0.233644	0.0590438	0.0362235	0.00578981	0.433112	0.407876	0.166977	0.0299652	0.239491	0.806121	2.92442	5	1.737115
1212000	-521.8395	-567.0794	45.2399	10	2.174021	0.211843	0.00791134	0.0431219	0.0799759	0.0112371	0.0248149	0.0117722	0.0655074	0.0206729	0.0529411	0.159264	0.138095	0.0213166	0.0532335	0.295002	0.432609	0.124038	0.313199	0.672329	1.07379	1.94068	5	1.753356
1213000	-525.9853	-576.9591	50.97381	10	2.405858	0.219831	0.0278891	0.0126603	0.148399	0.109433	0.0192314	0.0544157	0.0465443	0.0223919	0.0531345	0.160365	0.151985	0.0259761	0.0250915	0.344965	0.247984	0.0471032	0.337346	0.69223	1.07748	1.89295	5	1.7174
1214000	-528.9659	-567.7302	38.76426	2	1.547109	0.107636	0.00833074	0.0149029	0.0642852	0.0586575	0.0170499	0.0336482	0.0122574	0.0294263	0.0238643	0.222492	0.163018	0.0129303	0.016712	0.269507	0.27147	0.126542	0.232509	0.596214	1.05307	2.1182	4	1.45273
1215000	-534.4973	-571.9504	37.45309	2	1.816145	0.152711	0.00934675	0.0207372	0.0479299	0.065289	0.022539	0.0214618	0.0253672	0.0293189	0.0790949	0.172167	0.125935	0.022249	0.0208025	0.313124	0.210657	0.10713	0.270294	0.633921	1.06463	2.03116	4	1.445862
1216000	-521.2601	-571.7844	50.52432	10	1.24445	0.249719	0.00787663	0.00389857	0.161355	0.119581	0.0400669	0.0137732	0.0125306	0.0106557	0.0479205	0.164001	0.177131	0.0253208	0.0472598	0.331513	0.399473	0.133118	0.183016	0.539643	1.03108	2.24626	5	1.945194
1217000	-512.7784	-570.7278	57.94941	10	0.9889855	0.0845772	0.0192597	0.00598022	0.0789643	0.0266574	0.0157606	0.0239665	0.025117	0.0361691	0.0128828	0.167877	0.138682	0.000415549	0.0425576	0.261313	0.304373	0.0165046	0.134751	0.473416	0.998151	2.39368	5	1.261057
1218000	-531.8841	-569.0957	37.2116	2	1.007279	0.170593	0.00602265	0.0183521	0.0690418	0.0667344	0.0316688	0.0453624	0.0296841	0.00259702	0.052156	0.20379	0.0834043	0.0111735	0.0341424	0.182719	0.235046	0.0920583	0.138404	0.478929	1.0012	2.38147	4	1.334545
1219000	-501.2279	-565.2787	64.05081	10	0.259379	0.11957	0.00365683	0.000171692	0.035433	0.0643222	0.0202324	0.00842495	0.00730164	0.00146963	0.0447268	0.0788607	0.0616546	0.00365547	0.0131404	0.171326	0.25326	0.0634044	0.00257799	0.0735419	0.520852	3.40303	5	0.9506116
1220000	-517.7388	-573.078	55.33918	10	1.836929	0.120947	0.0274223	0.0385978	0.138353	0.0229196	0.0125494	0.0131768	0.0429126	0.00390674	0.0584096	0.172436	0.106902	0.0536056	0.0141515	0.211402	0.171182	0.110246	0.273	0.636472	1.06532	2.02521	5	1.31912
1221000	-516.4159	-565.526	49.11011	10	2.215094	0.160489	0.0221588	0.0270908	0.0561833	0.00726531	0.00308019	0.0377395	0.035735	0.00204268	0.0728405	0.264694	0.374092	0.0103507	0.0207206	0.136109	0.318527	0.115533	0.317666	0.676097	1.07455	1.93169	5	1.664653
1222000	-519.8711	-569.4299	49.55878	10	1.147972	0.150714	0.00439598	0.00904994	0.0962065	0.02073	0.0104155	0.016279	0.0478698	0.0466796	0.0767016	0.289526	0.105562	0.0151093	0.0217642	0.0555585	0.287777	0.280455	0.165498	0.517119	1.02076	2.29662	5	1.534793
1223000	-520.7448	-566.274	45.52918	10	2.107869	0.16235	0.00304981	0.00652577	0.0712346	0.00174578	0.0571825	0.01115	0.00233718	0.00164342	0.0543704	0.191821	0.364436	0.103633	0.0134727	0.141462	0.267472	0.209549	0.30582	0.666015	1.07247	1.9557	5	1.663435
1224000	-507.3378	-566.1225	58.78463	10	0.6463614	0.178434	0.00406053	0.0151574	0.0642581	0.0490592	0.00694281	0.0152938	0.00437672	0.00289894	0.0463874	0.199456	0.166765	0.0228417	0.0567992	0.108664	0.0921494	0.236168	0.0627896	0.337083	0.903246	2.69688	5	1.269712
1225000	-521.7337	-571.9126	50.17888	10	1.022474	0.0833246	0.00614687	0.0268057	0.0695337	0.0112343	0.0206139	0.0186551	0.0506412	0.00458517	0.0889012	0.152434	0.299645	0.0400299	0.0227484	0.0989003	0.246162	0.206503	0.141416	0.483404	1.00363	2.37155	5	1.446864
1226000	-521.4572	-569.5348	48.07766	10	2.857965	0.253309	0.00715355	0.00642479	0.0529026	0.132972	0.0220168	0.031614	0.0517729	0.00366092	0.0594744	0.196913	0.211769	0.0343056	0.0191457	0.137192	0.199081	0.426281	0.377966	0.723348	1.08172	1.81697	5	1.845988
1227000	-530.2255	-575.9942	45.76879	10	0.6450118	0.107424	0.00553995	0.0415352	0.0818119	0.0610782	0.0317038	0.000465337	0.163027	0.0019908	0.103305	0.221319	0.388002	0.0424048	0.0549516	0.0351713	0.280245	0.161834	0.0625049	0.336387	0.902653	2.69845	5	1.78181
1228000	-527.0549	-581.0219	53.96702	10	1.124307	0.136271	0.0157305	0.0605324	0.108459	0.0223146	0.0184667	0.0387859	0.0663848	0.0187846	0.0557228	0.151421	0.361723	0.0126507	0.0202915	0.0558372	0.132565	0.139626	0.161068	0.511172	1.01789	2.30987	5	1.415567
1229000	-513.6417	-567.7138	54.07207	10	1.031805	0.149583	0.00276068	0.0168916	0.145036	0.0144186	0.0083448	0.0113236	0.00303725	0.0154731	0.0776655	0.20853	0.267248	0.00989852	0.0691522	0.12528	0.260478	0.209186	0.143256	0.486107	1.00508	2.36556	5	1.594307
1230000	-517.5581	-572.2383	54.68017	10	2.106461	0.12613	0.0076086	0.00376822	0.239444	0.0126954	0.0231026	0.00583313	0.12598	0.0213329	0.0414578	0.193076	0.297865	0.00480674	0.0403206	0.00768309	0.134551	0.236321	0.30566	0.665877	1.07244	1.95602	5	1.521976
1231000	-520.9109	-566.7287	45.81786	10	2.671966	0.180852	0.0150569	0.00828056	0.117053	0.0145191	0.00746291	0.0325682	0.0515221	0.0133099	0.0366316	0.152005	0.401226	0.00175903	0.0676695	0.0470396	0.0291254	0.373107	0.362177	0.71158	1.08034	1.84591	5	1.549188
1232000	-538.202	-575.1483	36.94632	2	0.9226589	0.206701	0.0285457	0.0377905	0.162716	0.0608717	0.0208843	0.0324032	0.00914959	0.000339998	0.0228643	0.278795	0.156809	0.0296019	0.00642106	0.0730935	0.200111	0.318248	0.121276	0.452204	0.985902	2.44062	4	1.645346
1233000	-534.9843	-573.651	38.66668	2	1.751335	0.0897831	0.0141612	0.00767723	0.0452454	0.00624311	0.0263828	0.0345392	0.0403141	0.0475757	0.0187147	0.181351	0.196046	0.0338868	0.0095254	0.048702	0.201973	0.32283	0.26167	0.625667	1.06231	2.05035	4	1.324952
1234000	-530.1748	-568.9409	38.76613	2	1.891548	0.128599	0.00628113	0.0238228	0.0523493	0.0096518	0.00440563	0.081995	0.0327883	0.0080292	0.031154	0.226501	0.252891	0.0396218	0.0130669	0.0660137	0.198351	0.159027	0.279976	0.642962	1.06702	2.01004	4	1.334548
1235000	-538.2066	-573.2686	35.06203	2	2.751231	0.203158	0.00464365	0.020452	0.0469684	0.0932242	0.0394449	0.0375952	0.111	0.00348604	0.0638865	0.22753	0.181518	0.0454087	0.0101572	0.0879892	0.128706	0.231222	0.369052	0.716753	1.08098	1.83322	4	1.53639
1236000	-524.737	-568.7442	44.00715	2	0.4482	0.107077	0.0132356	0.00406796	0.0537552	0.0106365	0.00722786	0.0048157	0.0166006	0.00313724	0.0161634	0.10897	0.213222	0.0116196	0.00565171	0.057034	0.0863378	0.14958	0.0242374	0.216761	0.778584	2.98042	4	0.8691317
1237000	-512.4372	-566.9133	54.47617	10	0.4986251	0.096259	0.0198492	0.00117405	0.0542066	0.00412426	0.0278165	0.00434748	0.0200928	0.00200321	0.0372124	0.193043	0.398823	0.0192871	0.0204451	0.106491	0.013998	0.313294	0.0331332	0.251017	0.819266	2.89658	5	1.332466
1238000	-534.7712	-574.1323	39.36114	2	1.338751	0.170927	0.00453177	0.0146634	0.0433374	0.0496564	0.0374134	0.0131532	0.00194542	0.0240506	0.0276229	0.0968477	0.269535	0.0177228	0.0229592	0.107586	0.0496432	0.236575	0.199304	0.559314	1.03936	2.20202	4	1.18817
1239000	-534.4289	-568.7089	34.28005	2	0.9319169	0.166407	0.0172231	0.00502798	0.0500683	0.0361121	0.0229037	0.0114372	0.041652	0.00646656	0.0353361	0.175707	0.198536	0.0129514	0.0273724	0.179747	0.241455	0.222829	0.123177	0.455286	0.987734	2.4338	4	1.451232
1240000	-535.1282	-569.1277	33.9995	2	0.2457466	0.126142	0.00464754	0.00878271	0.0531729	0.0195167	0.00855765	0.0277504	0.00711686	0.0189149	0.00895589	0.134612	0.350798	0.0234794	0.00336464	0.120687	0.456159	0.00535554	0.00191941	0.0636359	0.49243	3.44202	4	1.378013
1241000	-536.5674	-570.4464	33.87902	2	2.154331	0.208588	0.014764	0.00722286	0.0774922	0.0166213	0.0615326	0.0196151	0.0110539	0.0195954	0.0444597	0.196081	0.156381	0.00652673	0.0401652	0.0943608	0.377851	0.156272	0.311027	0.670482	1.07341	1.94508	4	1.508583
1242000	-515.8355	-566.5927	50.75713	10	0.5144535	0.124196	0.00498732	0.00542695	0.086056	0.0168311	0.0434706	0.00830613	0.0347241	0.0214426	0.0354389	0.21048	0.264471	0.0609011	0.00588987	0.108528	0.524622	0.0578312	0.0360969	0.261247	0.830507	2.87215	5	1.613602
1243000	-515.4765	-574.553	59.0765	10	0.5417753	0.195889	0.00883427	0.0280109	0.0718023	0.0227301	0.00435376	0.0425198	0.121436	0.00480801	0.0658693	0.151241	0.196444	0.0239123	0.0106353	0.00359518	0.364818	0.10515	0.0413679	0.278316	0.848437	2.83188	5	1.42205
1244000	-510.1577	-567.1189	56.9612	10	0.2188693	0.0799829	0.00215292	0.00985355	0.0414667	0.0110942	0.0251549	0.0187521	0.0511065	0.00908711	0.0299258	0.112097	0.19009	0.00851227	0.0162389	0.021849	0.179093	0.0903025	0.000963199	0.0453208	0.431092	3.52262	5	0.8967587
1245000	-523.3687	-574.311	50.94238	10	1.11322	0.184095	0.0344729	0.0103699	0.0714617	0.0217937	0.0338525	0.0154575	0.0888629	0.0141913	0.0680091	0.112733	0.152594	0.0353528	0.0187059	0.054405	0.293291	0.151642	0.158975	0.508324	1.01649	2.31621	5	1.36129
1246000	-519.8962	-576.1298	56.23356	10	0.5412251	0.112255	0.0161815	0.00047262	0.0660506	0.0342546	0.0130906	0.0355439	0.00128916	0.0053179	0.0645613	0.1837	0.103108	0.0271071	0.0282718	0.164992	0.32818	0.227594	0.04126	0.277979	0.848093	2.83267	5	1.41197
1247000	-516.3345	-569.208	52.87357	10	2.641744	0.148384	0.00424872	0.0147164	0.123481	0.0375091	0.0419331	0.0428633	0.0336709	0.0114181	0.0617174	0.190766	0.228748	0.043188	0.0555417	0.126615	0.306539	0.119416	0.359496	0.709542	1.08007	1.85089	5	1.590756
1248000	-512.2023	-571.9021	59.69978	10	0.3970781	0.174725	0.00143895	0.00424053	0.0734952	0.044615	0.0138749	0.0150192	0.04149	0.0134604	0.0222826	0.0923795	0.162067	0.0488162	0.0269472	0.0651017	0.141252	0.225349	0.0162951	0.17957	0.728099	3.07604	5	1.166554
1249000	-518.1441	-567.7095	49.5654	10	1.784047	0.11641	0.0160369	0.0225444	0.0583833	0.0315683	0.00096847	0.0493324	0.0141004	0.0193431	0.0490252	0.145526	0.174586	0.0164939	0.0115544	0.101337	0.147574	0.274165	0.266059	0.629892	1.06351	2.04054	5	1.24895
1250000	-535.6195	-575.7804	40.16082	2	1.107349	0.147423	0.028237	0.000878784	0.100501	0.0614265	0.00850148	0.0344717	0.00481939	0.0162076	0.076388	0.141596	0.120171	0.0818424	0.00565392	0.0701652	0.192902	0.167242	0.157862	0.5068	1.01574	2.3196	4	1.258427
1251000	-531.47	-571.1542	39.68416	2	0.7696206	0.116501	0.0141051	0.0106783	0.0898013	0.0343373	0.0107066	0.00359922	0.0449418	0.00360306	0.0463837	0.208724	0.0520825	0.00409792	0.0161526	0.0812219	0.15035	0.221322	0.0890799	0.394609	0.948168	2.56814	4	1.108608
1252000	-535.5881	-570.2896	34.70149	2	1.370892	0.137971	0.00972076	0.0177643	0.0556989	0.00389552	0.00202571	0.0366271	0.031033	0.0202727	0.0344225	0.199659	0.213988	0.039236	0.00253781	0.0762198	0.176479	0.241265	0.204671	0.565554	1.04185	2.18793	4	1.298818
1253000	-535.5718	-568.519	32.94721	2	3.013247	0.126071	0.00911192	0.0107567	0.0878998	0.00663167	0.000881206	0.0159587	0.0390403	0.0223818	0.052018	0.320034	0.0414145	0.0534692	0.015667	0.108034	0.421858	0.359227	0.390284	0.732259	1.08258	1.79488	4	1.690455
1254000	-519.3217	-572.3901	53.06844	10	1.524786	0.124759	0.00376327	0.0278192	0.0632386	0.134336	0.000849273	0.0369765	0.00496761	0.0100023	0.0544893	0.154956	0.238789	0.0277905	0.00556152	0.0827158	0.226123	0.203787	0.229126	0.592631	1.05184	2.1264	5	1.400924
1255000	-516.6034	-568.3862	51.78276	10	1.568571	0.128255	0.00822392	0.00756739	0.0576651	0.00679902	0.00919266	0.0705332	0.00858763	0.0491581	0.0360733	0.224027	0.259746	0.0269874	0.0280498	0.125643	0.299923	0.377239	0.235724	0.599586	1.05421	2.11048	5	1.723672
1256000	-517.1943	-569.352	52.15767	10	1.228111	0.118408	0.0074087	0.00458632	0.103113	0.0244912	0.0363819	0.017842	0.0601272	0.0258124	0.0529305	0.163245	0.230905	0.0215611	0.00262658	0.105219	0.157254	0.232858	0.18011	0.536011	1.02948	2.2544	5	1.364769
1257000	-533.228	-570.593	37.365	2	0.4336216	0.1089	0.00623182	0.00584632	0.0900766	0.019244	0.00175923	0.0340702	0.018647	0.00281744	0.0616719	0.0836134	0.180812	0.0434138	0.00378956	0.0972189	0.417508	0.159566	0.0218485	0.206395	0.765243	3.00651	4	1.335186
1258000	-539.0989	-573.8039	34.70505	2	2.370241	0.173297	0.0308318	0.00268348	0.201638	0.0240375	0.00740679	0.051325	0.0351661	0.0119079	0.0805778	0.163887	0.130326	0.0729893	0.0562992	0.0839954	0.378169	0.270556	0.333799	0.689376	1.07699	1.89983	4	1.775094
1259000	-539.1904	-569.4044	30.21392	1	1.186434	0.136036	0.0108521	0.0185343	0.138254	0.000676958	0.0254411	0.0110136	0.0520877	0.00148664	0.0946297	0.247075	0.121524	0.0115142	0.03411	0.102439	0.216389	0.387588	0.172586	0.526417	1.02513	2.27587	3	1.60965
1260000	-516.3416	-572.6488	56.30711	10	1.476813	0.212655	0.00751727	0.00325185	0.0597909	0.0700203	0.0296995	0.00460426	0.0854232	0.00620704	0.0434157	0.0984786	0.00144842	0.0368107	0.0135005	0.0336094	0.257652	0.346461	0.221718	0.584651	1.04903	2.1446	5	1.310547
1261000	-517.5108	-572.6717	55.16086	10	1.482359	0.154754	0.00495326	0.00297081	0.0867641	0.0633933	0.0102274	0.0539226	0.0294096	0.0242064	0.0859939	0.18797	0.17869	0.044822	0.0209896	0.0769751	0.261605	0.094259	0.222584	0.585593	1.04937	2.14245	5	1.381905
1262000	-521.0156	-573.1257	52.11005	10	1.461897	0.160485	0.00667889	0.0477319	0.0531911	0.0178048	0.000504409	0.0789953	0.0437705	0.000515614	0.0441932	0.161445	0.149304	0.0811448	0.00811985	0.138506	0.277591	0.266394	0.219376	0.582089	1.0481	2.15043	5	1.536374
1263000	-534.611	-576.09	41.47903	2	0.3746028	0.183071	0.00193192	0.00713065	0.0734093	0.0110259	0.0289537	0.00291148	0.0436513	0.00429665	0.0287526	0.179283	0.0409817	0.0136384	0.0296468	0.0544769	0.197482	0.136428	0.0132274	0.162545	0.702267	3.12196	4	1.037071
1264000	-541.401	-573.0217	31.6207	1	0.9888908	0.126169	0.00902528	0.0199242	0.0960027	0.0517862	0.00543461	0.0302885	0.0206974	0.015902	0.0312838	0.223384	0.0614725	0.0102423	0.0578929	0.157929	0.22417	0.347122	0.134732	0.473387	0.998135	2.39375	3	1.488726
1265000	-551.639	-580.5644	28.92538	2	3.767219	0.163836	0.00549045	0.0522122	0.0761629	0.08092	0.0360471	0.0409899	0.136777	0.017051	0.0209069	0.207873	0.232806	0.0153445	0.0148746	0.120646	0.289453	0.246412	0.441099	0.766754	1.08436	1.70779	4	1.757802
1266000	-534.5956	-570.9115	36.31594	2	0.9592132	0.129391	0.0156555	0.0257244	0.10007	0.00593035	0.0180314	0.0415401	0.0366973	0.0127015	0.0311291	0.302224	0.149074	0.0335409	0.0333279	0.155165	0.340363	0.338871	0.128746	0.464139	0.992899	2.41422	4	1.769436
1267000	-523.1994	-564.8558	41.65636	2	0.3676926	0.191172	0.00314032	0.00324229	0.0583146	0.00473405	0.00937437	0.0076667	0.0336761	0.0107117	0.0484462	0.299846	0.109503	0.0119289	0.0312463	0.0439138	0.197485	0.221888	0.0123427	0.157243	0.693812	3.1366	4	1.28629
1268000	-538.5391	-569.717	31.1779	1	1.204721	0.100421	0.0113756	0.00794085	0.0671162	0.00599365	0.0184204	0.00230083	0.00179584	0.0260762	0.0376582	0.297638	0.150608	0.0363894	0.0115523	0.175772	0.339089	0.221277	0.175908	0.530686	1.02708	2.26632	3	1.511423
1269000	-546.481	-572.9217	26.44071	1	2.0861	0.0957433	0.00821351	0.0241997	0.163439	0.0124109	0.000905704	0.0179818	0.0597483	0.00366284	0.0303574	0.201293	0.146186	0.0237634	0.0333782	0.180654	0.41349	0.481578	0.30334	0.663868	1.072	1.96079	3	1.897005
1270000	-526.8715	-566.3366	39.46508	2	1.226558	0.147159	0.00116132	0.00743442	0.055178	0.00298869	0.018633	0.0326693	0.0139222	0.00899862	0.0423687	0.1873	0.269129	0.042857	0.0638417	0.11932	0.152078	0.210998	0.179833	0.535662	1.02932	2.25518	4	1.376038
1271000	-530.5738	-572.7159	42.14218	10	2.8448	0.251846	0.00891385	0.0023257	0.0678809	0.0150284	0.00171327	0.0213469	0.0241205	0.00560748	0.0503002	0.130938	0.293263	0.0875232	0.0129585	0.202454	0.0150794	0.500263	0.376887	0.722556	1.08163	1.81892	5	1.691564
1272000	-530.1191	-574.3005	44.1814	10	2.65786	0.109444	0.040234	0.0258683	0.0706897	0.0157718	0.01705	0.0364738	0.0524393	0.0196296	0.0858128	0.194937	0.513441	0.00221098	0.0460317	0.104614	0.498531	0.298351	0.36093	0.710633	1.08021	1.84822	5	2.13153
1273000	-518.429	-570.9946	52.56557	10	0.4437812	0.140364	0.00428752	0.0183106	0.0690142	0.0274266	0.00395962	0.0283518	0.00035985	0.0149534	0.0503913	0.146955	0.404268	0.00505771	0.00211778	0.0941473	0.0938096	0.157905	0.0235037	0.213641	0.774622	2.98823	5	1.261679
1274000	-539.9037	-571.5851	31.68143	2	1.433161	0.287083	0.0155352	0.000503982	0.126502	0.0100802	0.0220498	0.0365099	0.0199901	0.0286209	0.0752019	0.295817	0.274024	0.00481684	0.0463881	0.119934	0.165877	0.285393	0.21481	0.577039	1.04624	2.16191	4	1.814326
1275000	-515.9114	-567.4156	51.50416	10	1.827985	0.259109	0.0101597	0.00495555	0.135008	0.0119097	8.05126e-05	0.0458879	0.0116353	0.0204551	0.0499174	0.259351	0.266701	0.0508032	0.028933	0.0723015	0.187251	0.218317	0.271839	0.63538	1.06502	2.02776	5	1.632775
1276000	-518.6886	-575.3182	56.62962	10	2.760703	0.12855	0.00658359	0.0347968	0.0857516	0.102163	0.0114239	0.0452785	0.00790994	0.00188982	0.0522207	0.180094	0.474174	0.0252667	0.0117344	0.115736	0.0785244	0.253678	0.369858	0.717355	1.08105	1.83174	5	1.615776
1277000	-533.3309	-568.7482	35.41733	2	1.953115	0.165814	0.00272037	0.0269878	0.0531158	0.0302284	0.00526599	0.0258152	0.0510362	0.0123799	0.0506457	0.178757	0.459999	0.0602538	0.0219785	0.0726512	0.163416	0.25454	0.287613	0.649934	1.06877	1.99368	4	1.635605
1278000	-535.1567	-571.4276	36.27092	2	1.546348	0.15277	0.00949771	0.00282271	0.0747085	0.0930397	0.00107485	0.0187576	0.00804862	0.0184562	0.0320763	0.0875368	0.20037	0.0467764	0.0241949	0.079786	0.149704	0.256683	0.232394	0.596093	1.05303	2.11848	4	1.256303
1279000	-518.052	-572.0161	53.96411	10	0.5771497	0.0905646	0.0138069	0.0223891	0.0538801	0.0250186	0.0172126	0.0101111	0.0244727	0.0172173	0.0485913	0.182908	0.301574	0.0120743	0.03661	0.0794635	0.104358	0.231183	0.048432	0.29933	0.869198	2.78304	5	1.271435
1280000	-533.1999	-569.4678	36.2679	2	1.886626	0.0981648	0.0048394	0.048875	0.0619354	0.0390651	0.0228166	0.0231845	0.00195131	0.0113094	0.036537	0.234941	0.272079	0.0251205	0.0270875	0.163259	0.0480047	0.393941	0.279355	0.64239	1.06688	2.01138	4	1.513112
1281000	-536.6088	-573.0466	36.43781	2	2.462433	0.144992	0.00194205	0.0329942	0.125365	0.0784007	0.00457275	0.0586204	0.0398491	0.0416686	0.0510165	0.235091	0.173315	0.0351941	0.023432	0.0566662	0.156914	0.261419	0.342866	0.696625	1.07819	1.88232	4	1.521452
1282000	-520.8628	-569.9873	49.12458	10	1.086951	0.174855	0.00222739	0.00150409	0.0709889	0.00290879	0.00435389	0.0393002	0.0463491	0.0151203	0.0719947	0.450521	0.386948	0.0490609	0.0225444	0.0867816	0.162297	0.075892	0.153969	0.501413	1.01304	2.33158	5	1.663647
1283000	-539.5345	-579.0155	39.48104	2	0.8706542	0.139278	0.00169265	0.00956727	0.0643605	0.0508154	0.0344496	0.0329916	0.119761	0.0224988	0.0167488	0.226936	0.282845	0.00406171	0.116151	0.017669	0.116626	0.0792033	0.110481	0.434098	0.974762	2.48066	4	1.335656
1284000	-542.6034	-575.9008	33.2974	1	0.5810178	0.181623	0.00283535	0.0320478	0.0821665	0.00834358	0.00102231	0.0312572	0.0380289	0.000944138	0.0420056	0.155612	0.291259	0.00193459	0.00390874	0.0700752	0.248326	0.170454	0.049218	0.301555	0.871317	2.77791	3	1.361843
1285000	-511.0321	-570.3862	59.35405	10	0.6053098	0.153267	0.00453791	0.00540173	0.0589021	0.00903161	0.021257	0.00609346	0.0135512	0.000864075	0.030414	0.13397	0.270629	0.0179083	0.00942894	0.0799701	0.149749	0.195821	0.054205	0.315211	0.884004	2.74658	5	1.160797
1286000	-508.503	-567.2413	58.73831	10	0.4562052	0.0973122	0.00308229	0.0205086	0.0485296	0.00018046	0.00177464	0.0241288	0.0111247	0.0183167	0.0310954	0.392754	0.423243	0.00444397	0.032982	0.100412	0.170173	0.0701908	0.025587	0.222367	0.785587	2.96646	5	1.450253
1287000	-536.3931	-572.7799	36.38685	2	1.757489	0.123433	0.00809683	0.0296206	0.0955527	0.159126	0.0525989	0.0262241	0.00683248	0.0206732	0.0657396	0.173747	0.244044	0.0225285	0.0337634	0.161093	0.193842	0.178477	0.262502	0.626471	1.06254	2.04849	4	1.595392
1288000	-531.5421	-569.8795	38.33736	2	1.733926	0.236171	0.00588329	0.0315727	0.0735383	0.000847153	0.0235989	0.01008	0.0369527	0.000699372	0.0587356	0.216181	0.264455	0.0205941	0.0398846	0.0615496	0.194779	0.123862	0.259304	0.623368	1.06164	2.05568	4	1.399385
1289000	-515.1272	-566.3165	51.18937	10	0.9201936	0.167336	0.0105588	0.0163039	0.118196	0.0225403	0.0424088	0.00717004	0.0117398	0.00292345	0.0666556	0.182256	0.293236	0.0304348	0.00315356	0.117229	0.196545	0.181209	0.120768	0.451376	0.985406	2.44245	5	1.469897
1290000	-536.5736	-566.1555	29.5819	1	1.794495	0.25556	0.0125731	0.0141543	0.140363	0.00114862	0.00220432	0.0226043	0.0154493	0.00904757	0.0176686	0.284832	0.450441	0.00605879	0.0323405	0.0874178	0.148733	0.111449	0.267445	0.631216	1.06388	2.03746	3	1.612045
1291000	-542.6382	-581.081	38.44283	2	0.2983146	0.0778096	0.00177025	0.00394476	0.0327533	0.002627	0.0106916	0.010829	0.0981739	0.0207204	0.00805506	0.241446	0.303315	0.0264648	0.0229767	0.00181958	0.15414	0.0276584	0.00515959	0.103185	0.592962	3.29869	4	1.045194
1292000	-542.2558	-574.5218	32.26597	2	2.146873	0.214552	0.0332341	0.00527045	0.0940608	0.0122775	0.0190511	0.0374744	0.0462047	0.00540281	0.0358585	0.134443	0.211495	0.0705724	0.0149602	0.118305	0.107036	0.413207	0.310198	0.669775	1.07326	1.94676	4	1.573405
1293000	-544.3124	-580.1428	35.83043	2	2.419995	0.0600462	0.000667527	0.0476456	0.139158	0.0477581	0.0209559	0.0170977	0.00947199	0.0592202	0.034403	0.015236	0.347505	0.0122381	0.0512815	0.167554	0.183832	0.384947	0.338738	0.693344	1.07766	1.89026	4	1.599018
1294000	-532.3143	-564.375	32.06069	2	2.925069	0.139306	0.00159006	0.012366	0.102032	0.039148	0.0142054	0.0183629	0.0230893	0.0103337	0.0835726	0.0167377	0.501939	0.026392	0.0258064	0.109567	0.294164	0.481347	0.383381	0.727293	1.08212	1.80721	4	1.899958
1295000	-529.7352	-567.3507	37.61551	2	1.407359	0.138978	0.00395979	0.00388389	0.0789669	0.0102877	0.0190514	0.0310295	0.0510854	0.0418027	0.0655468	0.0325789	0.354823	0.0208745	0.00989164	0.0744911	0.213508	0.294199	0.21065	0.572373	1.04448	2.17249	4	1.444958
1296000	-519.3733	-571.0568	51.68349	10	0.4268195	0.109518	0.01014	0.0055078	0.0696389	0.00266233	0.0390029	0.0109934	0.0282452	0.00209773	0.0586421	0.142644	0.563461	4.44715e-05	0.0276529	0.110327	0.263339	0.366403	0.020766	0.201491	0.758744	3.019	5	1.81032
1297000	-519.7144	-568.4148	48.70045	10	2.895447	0.161705	0.0166365	0.00824444	0.0876597	0.00324875	0.026894	0.0152368	0.0296889	0.00288513	0.0447167	0.104662	0.475099	0.0220692	0.0153495	0.101341	0.112377	0.228159	0.381008	0.72557	1.08195	1.81147	5	1.455972
1298000	-517.5517	-569.0324	51.48074	10	2.395938	0.236373	0.0143472	0.00324119	0.0645609	0.0189686	0.0508074	0.0453861	0.133336	0.0223218	0.0389858	0.204554	0.50814	0.0118729	0.0363182	0.0219489	0.243251	0.382213	0.336363	0.691442	1.07734	1.89485	5	2.036626
1299000	-537.2902	-571.1434	33.85321	2	1.402121	0.195714	0.0419683	0.0223898	0.100315	0.0457621	0.00395835	0.0319091	0.0874874	0.0239523	0.034154	0.414245	0.418151	0.0474569	0.0146002	0.153547	0.137671	0.0526734	0.209799	0.57141	1.04412	2.17468	4	1.825955
1300000	-538.69	-570.4266	31.73664	2	0.9749601	0.207501	0.00794438	0.0113046	0.0974248	0.0024382	0.00410771	0.0163304	0.0575082	0.0102509	0.0270923	0.232282	0.346017	0.0406692	0.0198996	0.0624802	0.309819	0.198642	0.131931	0.469094	0.995724	2.40325	4	1.651713
1301000	-535.5889	-567.3467	31.75774	2	2.516823	0.154533	0.0220827	0.0405616	0.114695	0.00344826	0.0112006	0.0457679	0.00269206	0.00753887	0.0599806	0.352354	0.457718	0.033245	0.0238724	0.18351	0.264439	0.116315	0.348046	0.7007	1.07882	1.87244	4	1.893954
1302000	-541.0209	-575.1469	34.12598	1	0.4995207	0.111698	0.00842899	0.0018328	0.0837502	0.0629085	0.0337183	0.00358877	0.032837	0.0260421	0.0489561	0.253316	0.238642	0.00468292	0.015013	0.0274191	0.189933	0.144368	0.033299	0.251603	0.819919	2.89518	3	1.287135
1303000	-539.2595	-578.0709	38.81141	2	1.28645	0.0920056	0.0106261	0.0155826	0.0583766	0.0290278	0.0502944	0.0241971	0.0412388	0.00913068	0.0518763	0.34398	0.236679	0.0399437	0.00609847	0.100083	0.125398	0.22093	0.190371	0.548668	1.03496	2.226	4	1.455468
1304000	-515.0675	-569.0756	54.0081	10	1.507815	0.312481	0.00307216	0.0143814	0.0960368	0.0623616	0.0222695	0.0398898	0.0575733	0.0174542	0.0534904	0.393671	0.290751	0.0205339	0.0459013	0.0931651	0.254643	0.11043	0.226527	0.589852	1.05088	2.13274	5	1.888105
1305000	-518.966	-572.7549	53.78884	10	0.399791	0.104416	0.00591533	0.000625889	0.0800261	0.00811353	0.00244687	0.0347901	0.022048	0.0130894	0.0386459	0.169036	0.230601	0.0424645	0.0219074	0.0663343	0.096418	0.132997	0.0166843	0.1816	0.731054	3.07066	5	1.069875
1306000	-519.5306	-570.6893	51.15868	10	0.8256706	0.143426	0.0100962	0.00131089	0.0572522	0.0896897	0.00576706	0.0344634	0.0328025	0.0168053	0.0868157	0.508634	0.32914	0.0301203	0.0221542	0.110651	0.12679	0.249971	0.101008	0.417267	0.963822	2.5179	5	1.85589
1307000	-518.0602	-576.1188	58.05857	10	1.217164	0.062921	0.00987589	0.00269166	0.0564557	0.0442473	0.0550369	0.00774532	0.028487	0.00941233	0.0341612	0.288795	0.236151	0.0300523	0.0192829	0.124585	0.125466	0.151221	0.17815	0.533537	1.02837	2.25994	5	1.286588
1308000	-498.1404	-562.707	64.56661	10	0.293104	0.0759706	0.00130131	0.00558255	0.0636802	0.00502298	0.00645336	0.0136371	0.0011423	0.00448032	0.0394663	0.140758	0.173869	0.0029258	0.0111108	0.0896165	0.13053	0.116274	0.00475262	0.0991423	0.584038	3.31207	5	0.8818199
1309000	-509.8078	-574.0129	64.20506	10	0.6109388	0.0867359	0.0208733	0.0129111	0.0714051	0.0210556	0.0162065	0.00910846	0.0186464	0.00304419	0.0596061	0.176328	0.212993	0.0226753	0.00219021	0.108582	0.161413	0.120423	0.0553717	0.318298	0.886799	2.73953	5	1.124198
1310000	-541.3254	-572.4336	31.10822	2	1.838672	0.24823	0.0172579	0.0153789	0.116347	0.0425773	0.00544672	0.0237063	0.0193769	0.034302	0.0303171	0.147637	0.324359	0.0275744	0.0884937	0.114666	0.230113	0.167137	0.273226	0.636683	1.06537	2.02472	4	1.652922
1311000	-539.2483	-571.7001	32.45181	2	2.39037	0.255936	0.0165603	0.0206868	0.0670632	0.000717827	0.003084	0.0333559	0.0220522	0.0144613	0.061219	0.16008	0.381219	0.0431297	0.0297105	0.132196	0.212914	0.185892	0.33581	0.690997	1.07727	1.89592	4	1.640276
1312000	-528.5426	-568.3462	39.80359	2	1.239913	0.15458	0.00849427	0.0167161	0.0657126	0.0944686	0.0165949	0.0250308	0.0248098	0.00649371	0.0386477	0.17965	0.270928	0.0461151	0.0225664	0.102185	0.20774	0.121473	0.182212	0.538642	1.03064	2.24851	4	1.402206
1313000	-544.36	-573.0035	28.64356	2	2.297486	0.152884	0.0135997	0.0131295	0.138983	0.0272158	0.0650617	0.00989442	0.103634	0.04697	0.0336007	0.368421	0.337898	0.000516523	0.0293436	0.11926	0.311379	0.140692	0.326375	0.683328	1.07592	1.91438	4	1.912483
1314000	-514.3662	-568.0511	53.68492	10	2.007641	0.160783	0.00695773	0.0125097	0.0690614	0.0590807	0.0295582	0.0198793	0.0358646	0.00216312	0.0682129	0.194243	0.284789	0.0713375	0.00974642	0.153957	0.237029	0.0820054	0.294185	0.655824	1.07018	1.97981	5	1.497179
1315000	-521.1053	-576.3571	55.25175	10	1.536483	0.184246	0.0108241	0.0207474	0.0464814	0.0208863	0.0166817	0.0449079	0.130784	0.0306025	0.0450287	0.239796	0.275225	0.0463453	0.00757312	0.0476927	0.19824	0.161236	0.230904	0.594519	1.05249	2.12208	5	1.527298
1316000	-537.942	-577.747	39.80501	2	0.4642513	0.0429096	0.000848651	0.0153557	0.0885461	0.0226652	0.0102015	0.0170191	0.0111826	0.00965973	0.0928202	0.0286911	0.345995	0.0292382	0.00667858	0.0854405	0.163347	0.218022	0.026969	0.227939	0.792407	2.95269	4	1.18862
1317000	-534.245	-565.886	31.64091	1	1.73327	0.113242	0.000313308	0.0126942	0.0620646	0.00252639	0.00506365	0.0254857	0.0693568	0.0152346	0.049074	0.159431	0.349457	0.0439926	0.0037254	0.0536644	0.206721	0.240221	0.259215	0.62328	1.06162	2.05589	3	1.412267
1318000	-531.891	-569.5582	37.66728	2	0.9398492	0.103483	0.00038585	0.0135743	0.0991753	0.0488444	0.0126821	0.0379547	0.0071243	0.00275541	0.0713071	0.136769	0.30713	0.0117716	0.0390687	0.0753056	0.169332	0.178654	0.124801	0.457894	0.989271	2.42803	4	1.315318
1319000	-518.1346	-572.797	54.6624	10	0.812772	0.156036	0.00201113	0.0120116	0.0495179	0.0103242	0.0150631	0.0127394	0.0271464	0.0214266	0.0430813	0.312465	0.107424	0.00104943	0.0156403	0.132603	0.183938	0.253687	0.0982735	0.412226	0.960432	2.52907	5	1.356166
1320000	-536.8572	-573.6105	36.75336	2	1.285756	0.211861	0.0055054	0.00604164	0.141223	0.00279681	0.0388684	0.00840019	0.0295738	0.0464091	0.0402877	0.10899	0.292408	0.030407	0.0210032	0.0619433	0.0907053	0.285791	0.190251	0.548522	1.0349	2.22633	4	1.422216
1321000	-526.6186	-566.7437	40.12511	10	4.058444	0.196745	0.00958621	0.0143001	0.0845097	0.0429734	0.00184619	0.0386111	0.0369314	0.00811947	0.0518387	0.129156	0.17552	0.0251714	0.0574032	0.0895618	0.171739	0.344281	0.457544	0.777206	1.08439	1.68086	5	1.478293
1322000	-528.7304	-567.5825	38.85213	2	0.7928873	0.193939	0.0035055	0.000144068	0.0739004	0.0198324	0.00112098	0.0420598	0.0395171	0.021563	0.0329949	0.0571982	0.265644	0.0254175	0.0130457	0.0758554	0.168237	0.197725	0.0940443	0.404255	0.954964	2.54674	4	1.2317
1323000	-536.5374	-573.4313	36.89387	2	0.9865407	0.27498	0.00782717	0.00159728	0.0990696	0.0570102	0.000621229	0.0199347	0.0475439	0.0128368	0.0984992	0.0402258	0.342469	0.0281963	0.0433711	0.0847679	0.136937	0.294264	0.134261	0.472669	0.997734	2.39534	4	1.590152
1324000	-518.5174	-568.5723	50.05492	10	1.346884	0.172538	0.00967466	0.00798015	0.0619246	0.0499968	0.0353879	0.0173601	0.00762982	0.00961385	0.066265	0.139894	0.354484	0.0194395	0.0480361	0.181891	0.188873	0.208676	0.200671	0.560914	1.04	2.19841	5	1.579665
1325000	-537.696	-572.6667	34.97077	1	0.8170001	0.120016	0.00605381	0.0198335	0.0297682	0.0512504	0.0113197	0.0265158	0.0362289	0.00858015	0.0263505	0.018417	0.324078	0.0223928	0.021955	0.0555879	0.199148	0.193413	0.0991707	0.413889	0.961556	2.52538	3	1.170909
1326000	-536.2789	-572.9491	36.67023	2	0.9682061	0.10277	0.00395433	0.0278417	0.057046	0.0487047	0.0200622	0.0147993	0.0699303	0.00213118	0.0372082	0.000434122	0.319962	0.0308141	0.0154766	0.114584	0.112642	0.411413	0.130567	0.466982	0.994525	2.40793	4	1.389774
1327000	-528.8065	-569.9748	41.16827	2	1.252349	0.11335	0.0101699	0.00237851	0.093163	0.0522627	0.00491768	0.0323038	0.00220114	0.00279328	0.0687218	0.190294	0.204588	0.00295052	0.033184	0.079865	0.215817	0.213798	0.184412	0.541375	1.03184	2.24238	4	1.322758
1328000	-521.2932	-569.3742	48.08095	10	4.631324	0.167976	0.0288118	0.020029	0.0642944	0.0118397	0.0162303	0.0489057	0.0242233	0.00853646	0.0293728	0.275635	0.209669	0.0284779	0.00776391	0.115344	0.202896	0.176924	0.486005	0.794554	1.08388	1.63556	5	1.43693
1329000	-509.949	-574.2724	64.32344	10	0.05607086	0.0571587	0.00644795	0.00542464	0.0198729	0.0149667	0.0176044	0.00384906	0.0339131	0.0019668	0.0147285	0.11175	0.142304	0.000544077	0.0145766	0.0257072	0.0398572	0.107898	1.01775e-11	4.75788e-06	0.00987515	3.99012	5	0.61857
1330000	-540.3241	-572.3763	32.05224	2	0.6849904	0.176455	0.00296996	0.041821	0.072759	0.0921157	0.00625544	0.0296485	0.132639	0.000858061	0.0471709	0.412117	0.267852	0.00551492	0.00476855	0.0196925	0.187225	0.264484	0.0709855	0.356361	0.919177	2.65348	4	1.764346
1331000	-524.6102	-574.9087	50.29848	10	0.9574148	0.0825771	0.0230773	0.040062	0.184989	0.0338454	0.00748418	0.0467438	0.0123561	0.0157665	0.0640895	0.279381	0.0776829	0.0157028	0.096444	0.109545	0.187233	0.306263	0.128381	0.463567	0.992569	2.41548	5	1.583242
1332000	-524.2184	-573.7352	49.51682	10	0.7553477	0.145975	0.00225913	0.0107955	0.172218	0.0644959	0.0113809	0.0470948	0.0673248	0.0172106	0.0822878	0.431444	0.179335	0.0181689	0.00965342	0.141176	0.165268	0.250395	0.0860286	0.388516	0.943771	2.58169	5	1.816483
1333000	-517.5327	-567.566	50.03333	10	2.166344	0.148592	0.00897214	0.00978411	0.0880519	0.0545223	0.0140716	0.0277537	0.017554	0.0108149	0.105669	0.214964	0.284853	0.00982011	0.0189727	0.133775	0.132497	0.228231	0.312354	0.671612	1.07364	1.94239	5	1.508899
1334000	-547.9713	-581.0119	33.04062	2	2.388879	0.101796	0.0253067	0.0188878	0.0769987	0.0332445	0.00235931	0.0282457	0.0454483	0.0442234	0.0612461	0.236753	0.178837	0.0520748	0.0314007	0.121897	0.195878	0.228502	0.335662	0.690878	1.07725	1.89621	4	1.483099
1335000	-547.0121	-577.3918	30.37969	2	2.443504	0.209017	0.043757	0.00147957	0.103493	0.0485463	0.0214769	0.0132389	0.0111525	0.0106726	0.0474395	0.322631	0.453549	0.0479967	0.0741519	0.147417	0.124067	0.306883	0.341034	0.695173	1.07796	1.88584	4	1.986968
1336000	-518.8715	-568.1034	49.23185	10	0.7252424	0.199884	0.0151518	0.0074791	0.0335727	0.0085218	0.00191566	0.0194728	0.0125056	0.00775607	0.0387391	0.16222	0.0561655	0.0307204	0.00265071	0.106232	0.229808	0.112552	0.0795861	0.375201	0.933875	2.61134	5	1.045348
1337000	-538.8135	-569.1005	30.28699	1	1.227592	0.17948	0.00517034	0.0161229	0.167684	0.0148124	0.00338736	0.0125408	0.00140754	0.0110538	0.0372707	0.364414	0.0745846	0.0138251	0.0980863	0.0912084	0.322294	0.184885	0.180018	0.535894	1.02942	2.25466	3	1.598227
1338000	-535.8269	-569.4133	33.58644	2	1.76268	0.123033	0.0113326	0.00483884	0.119687	0.0432731	0.0170183	0.0186394	0.0101393	0.00952389	0.0574012	0.283477	0.237875	0.0074998	0.0683308	0.108195	0.207211	0.109636	0.263201	0.627146	1.06273	2.04692	4	1.437113
1339000	-514.1509	-573.0963	58.94535	10	1.171	0.149278	0.00741555	0.0201336	0.0983462	0.0845279	0.0203724	0.0172502	0.0633174	0.0266592	0.021617	0.278568	0.150548	0.00495233	0.0733084	0.0444217	0.210595	0.169897	0.169758	0.522738	1.02342	2.28408	5	1.441208
1340000	-549.0194	-579.1232	30.10377	2	2.772266	0.240705	0.0135542	0.0568484	0.0735788	0.034537	0.0248329	0.0214993	0.0643209	0.0353575	0.033001	0.191795	0.477027	0.0147176	0.00383238	0.113326	0.124186	0.25568	0.370839	0.718085	1.08113	1.82994	4	1.778798
1341000	-545.7018	-581.8172	36.11544	2	0.666162	0.129491	0.0104003	0.0208503	0.0684087	0.0573986	0.00831331	0.0481675	0.00510283	0.0262835	0.00865788	0.192838	0.358469	0.00334536	0.0725045	0.213055	0.239546	0.0783187	0.0669803	0.347117	0.911653	2.67425	4	1.541151
1342000	-546.7239	-579.7176	32.99369	2	2.008522	0.11766	0.0030996	0.0191037	0.125043	0.0323304	0.0227981	0.022198	0.0793013	0.0569663	0.0742862	0.342422	0.212715	0.00174254	0.0425759	0.118989	0.289703	0.0624346	0.29429	0.655917	1.0702	1.97959	4	1.623369
1343000	-521.5143	-570.9505	49.43621	10	2.637044	0.195276	0.0223238	0.0307615	0.09191	0.0272704	0.0164265	0.0367774	0.0760828	0.0385533	0.0329329	0.277707	0.179164	0.00678839	0.0349894	0.0954198	0.283704	0.102923	0.359076	0.709221	1.08003	1.85168	5	1.54901
1344000	-551.0902	-578.4554	27.36524	2	0.8447005	0.429151	0.0245225	0.0192014	0.122389	0.0528113	0.0486909	0.022241	0.0907228	0.0113234	0.019303	0.648656	0.284873	0.0221641	0.042738	0.0432752	0.256108	0.324443	0.105029	0.424527	0.968611	2.50183	4	2.462613
1345000	-532.8778	-569.9455	37.06769	2	1.052325	0.216672	0.00287927	0.000119289	0.100306	0.0504545	0.00450907	0.0437508	0.00987118	0.0633139	0.0412738	0.214179	0.189752	0.0610657	0.000165954	0.0642847	0.292925	0.140436	0.147274	0.491933	1.00816	2.35264	4	1.495958
1346000	-537.9545	-571.8653	33.91076	2	1.425478	0.184883	0.00684334	0.00497804	0.0891708	0.0088423	0.00618414	0.0760738	0.00990563	0.0356141	0.0178702	0.261889	0.207046	0.030238	0.049281	0.0804731	0.118064	0.209878	0.213578	0.575663	1.04573	2.16503	4	1.397235
1347000	-538.4176	-574.2146	35.79698	2	0.4246805	0.111402	0.0120371	0.00156841	0.0552738	0.15437	0.0234043	0.00511478	0.104637	0.0144943	0.05359	0.434156	0.159053	0.00453342	0.0414208	0.0518369	0.230909	0.239387	0.02043	0.19994	0.756664	3.02297	4	1.697188
1348000	-521.1848	-571.6101	50.4253	10	1.781504	0.102548	0.00602241	0.0165289	0.0765672	0.00774665	0.0135644	0.0716597	0.0333969	0.0238828	0.034003	0.258393	0.290058	0.0335146	0.00394929	0.124688	0.237474	0.22196	0.265721	0.629568	1.06342	2.04129	5	1.555956
1349000	-533.3017	-570.0341	36.73235	2	1.477947	0.281584	0.00670587	0.0221743	0.125189	0.00870241	0.0122349	0.020568	0.0623474	0.00393789	0.0520511	0.319181	0.228817	0.000884765	0.0256817	0.0528502	0.0408954	0.384222	0.221896	0.584844	1.0491	2.14416	4	1.648027
1350000	-510.1823	-572.6442	62.46189	10	0.3244788	0.0831169	0.00525607	0.00936411	0.0362306	0.00650908	0.0177683	0.00903318	0.0159119	0.0109937	0.0238238	0.324002	0.116124	0.0336629	0.0597545	0.0749146	0.0979976	0.155396	0.00748968	0.123623	0.634711	3.23418	5	1.07986
1351000	-521.6163	-568.9285	47.31221	10	4.306634	0.205925	0.0201671	0.0147943	0.0793169	0.0735137	0.00337548	0.0642504	0.0957832	0.0107721	0.0575803	0.405207	0.136315	0.0250451	0.031795	0.110167	0.09606	0.397473	0.470453	0.785187	1.08424	1.66012	5	1.827541
1352000	-510.0353	-570.3417	60.30639	10	1.245488	0.22966	0.000616214	0.0247648	0.0709715	0.0246195	0.00838966	0.028998	0.0433744	0.0151295	0.0948275	0.202089	0.145016	0.0197408	0.0568099	0.0464316	0.161885	0.175177	0.183199	0.539872	1.03118	2.24575	5	1.348501
1353000	-517.194	-572.731	55.53695	10	3.459542	0.147264	0.0147951	0.00876838	0.156392	0.0498505	0.0219793	0.0285203	0.0294164	0.00390472	0.0439097	0.335681	0.116126	0.000569785	0.0716142	0.143794	0.304295	0.104183	0.42196	0.754167	1.084	1.73987	5	1.581064
1354000	-513.4769	-566.5423	53.06538	10	0.4575159	0.104744	0.00921124	0.00574666	0.0693049	0.00237862	0.0250455	0.0134706	0.037874	0.00104497	0.0282266	0.254938	0.171539	0.0114953	0.0168952	0.0553301	0.161203	0.0658678	0.0258105	0.223279	0.786713	2.9642	5	1.034315
1355000	-525.2332	-579.9096	54.6764	10	1.254276	0.170344	0.0020394	0.0250541	0.172844	0.041801	0.0237333	0.0694273	0.042721	0.0196419	0.048145	0.228851	0.105306	0.0245366	0.0502207	0.122906	0.368769	0.261341	0.184751	0.541794	1.03202	2.24144	5	1.777681
1356000	-531.9426	-566.3883	34.44569	2	1.196075	0.355186	0.000613753	0.000912639	0.0625537	0.0554956	0.0371619	0.0027766	0.0418171	0.0175491	0.0311585	0.213974	0.200403	0.0221966	0.0306028	0.081335	0.352535	0.10864	0.174341	0.528679	1.02617	2.27081	4	1.614911
1357000	-538.8372	-570.7592	31.92192	1	0.5271172	0.207123	0.0119418	0.00910449	0.0264262	0.0615775	0.00648238	0.00950896	0.00725296	0.0302671	0.0302263	0.324573	0.149341	0.0482862	0.0208524	0.0968059	0.330238	0.134775	0.0385172	0.26925	0.839039	2.85319	3	1.504781
1358000	-546.0029	-571.7477	25.74483	2	2.395481	0.244056	0.0192289	6.85868e-05	0.115813	0.0401458	0.028843	0.0102588	0.0715569	0.0218275	0.0388891	0.46068	0.247213	0.0548791	0.0564256	0.124127	0.311152	0.203581	0.336318	0.691405	1.07734	1.89494	4	2.048746
1359000	-515.2539	-576.1211	60.86716	10	1.81098	0.193726	0.00219887	0.00103144	0.0615685	0.0202052	0.0135812	0.0190307	0.0411296	0.0336261	0.0310684	0.121863	0.125222	0.0317054	0.00740194	0.0601922	0.207239	0.100952	0.269617	0.633281	1.06445	2.03265	5	1.071741
1360000	-537.0217	-571.482	34.46027	2	1.359242	0.249867	0.00561846	0.00360941	0.0959543	0.0192417	0.0154682	0.0352185	0.0429246	0.0111173	0.0750216	0.239017	0.130569	0.0133089	0.0537096	0.120164	0.253604	0.137414	0.202737	0.563317	1.04096	2.19298	4	1.501827
1361000	-534.7389	-573.9837	39.24485	2	1.080505	0.113194	0.0529032	0.00164585	0.075238	0.0268553	0.0192015	0.0168605	0.0129542	0.0240955	0.0258933	0.177361	0.178204	0.0506155	0.0590932	0.0658413	0.283718	0.161435	0.152731	0.499681	1.01216	2.33543	4	1.345109
1362000	-538.452	-571.8124	33.36038	2	0.8414462	0.156677	0.000727281	0.0134871	0.16769	0.0168889	0.00267961	0.0380585	0.0165688	0.00928599	0.0387686	0.196952	0.216192	0.0123047	0.0314955	0.113295	0.232277	0.168004	0.104343	0.4233	0.967809	2.50455	4	1.431352
1363000	-542.2176	-574.9404	32.7228	2	2.734923	0.17377	0.0187478	0.0331831	0.0941067	0.0450278	0.0224591	0.0251472	0.204818	0.00394894	0.0587061	0.230539	0.219006	0.0765946	0.0037761	0.0430175	0.416828	0.154426	0.367655	0.715708	1.08085	1.83578	4	1.824102
1364000	-533.1439	-570.74	37.59613	2	0.4560621	0.127399	0.0181949	0.00324915	0.0191311	0.00271442	0.00467914	0.0152181	0.0019817	0.0118071	0.0400202	0.218982	0.137092	0.0083858	0.0475554	0.0747498	0.214882	0.222909	0.0255627	0.222267	0.785464	2.96671	4	1.168951
1365000	-536.6903	-569.3475	32.65714	2	1.009495	0.16624	0.0148703	0.00240987	0.125452	0.00541072	0.00609312	0.0407514	0.0434391	0.00131996	0.0496933	0.141587	0.201542	0.0157596	0.00140342	0.125124	0.330216	0.430675	0.138844	0.479587	1.00156	2.38001	4	1.701986
1366000	-521.0089	-567.2808	46.27186	10	1.337293	0.224788	0.0276563	0.0293444	0.130718	0.0191639	0.0123793	0.0549942	0.0298483	0.00241927	0.0708552	0.165325	0.298374	0.0111418	0.0646613	0.153705	0.348044	0.486081	0.199059	0.559025	1.03924	2.20267	5	2.129497
1367000	-520.7502	-567.7576	47.00739	10	1.313014	0.145242	0.0317492	0.00329444	0.0932866	0.0631029	0.0366857	0.0317121	0.0554494	0.0117597	0.0381335	0.148298	0.0221192	0.220538	0.0239815	0.134835	0.259402	0.242891	0.194939	0.554154	1.03725	2.21365	5	1.562481
1368000	-529.7667	-569.2097	39.443	2	0.4889537	0.126278	0.00339914	0.00506076	0.0414907	0.0504077	0.0170425	0.00349124	0.0885642	0.0083536	0.0492553	0.147904	0.0432758	0.147176	0.0147966	0.05264	0.258229	0.294777	0.0313591	0.244643	0.812061	2.91194	4	1.352141
1369000	-534.9341	-571.1265	36.19241	2	1.232549	0.161673	0.0162903	0.00711869	0.0531782	0.0444199	0.058434	0.00635771	0.0582317	0.0229466	0.0538851	0.153381	0.0587794	0.201266	0.00706016	0.0226644	0.385787	0.353328	0.180902	0.537004	1.02992	2.25218	4	1.664801
1370000	-512.6592	-568.0991	55.43988	10	1.868918	0.149438	0.0148347	0.029828	0.0739245	0.0484816	0.0264273	0.0408803	0.0471549	0.00960862	0.0819071	0.272372	0.0243816	0.144766	0.0594932	0.114479	0.210675	0.229822	0.277109	0.640309	1.06633	2.01625	5	1.578474
1371000	-531.0018	-570.483	39.48113	2	1.626471	0.105102	0.000782587	0.0355628	0.0744279	0.0330561	0.0152289	0.0347638	0.0272037	0.00419461	0.0237966	0.190395	0.00504268	0.135584	0.0122334	0.062281	0.175015	0.183117	0.244215	0.608338	1.05706	2.09039	4	1.117786
1372000	-530.7705	-571.08	40.30948	2	0.6665198	0.157851	0.00129376	0.00617952	0.0559664	0.0419906	0.0331108	0.0180553	0.0570814	0.00876356	0.0312835	0.145917	0.00556075	0.16452	0.0154195	0.0229945	0.216485	0.294165	0.0670563	0.347295	0.9118	2.67385	4	1.276638
1373000	-532.9174	-571.7929	38.87548	2	0.3589633	0.127138	0.0099331	0.0158724	0.105618	0.0358185	0.00298301	0.0136596	0.0253548	0.0100254	0.0222269	0.00906905	0.0124626	0.18225	0.0808697	0.0788505	0.363724	0.290228	0.0112664	0.150508	0.682763	3.15546	4	1.386084
1374000	-534.8848	-570.5026	35.61776	2	1.78315	0.178555	0.00892249	0.0413274	0.087697	0.0531863	0.0154012	0.0309544	0.0560773	0.0271085	0.0469886	0.132796	0.00440674	0.219019	0.102075	0.111131	0.334588	0.220203	0.26594	0.629778	1.06348	2.0408	4	1.670437
1375000	-539.4288	-572.3488	32.92	2	1.87848	0.14306	0.000109085	0.0138032	0.095989	0.0462539	0.00604935	0.0190956	0.0519438	0.0377839	0.0136126	0.200719	0.032977	0.222384	0.0276367	0.159536	0.150675	0.642219	0.278324	0.641436	1.06663	2.01361	4	1.863846
1376000	-532.4138	-566.5339	34.12005	2	1.904222	0.104899	0.00230414	0.0141029	0.0990269	0.0457477	0.0188804	0.0110173	0.0149753	0.0478454	0.0590065	0.11853	0.0416353	0.259199	0.0234168	0.11424	0.374528	0.406329	0.281567	0.644426	1.0674	2.00661	4	1.755683
1377000	-519.3484	-573.1236	53.77517	10	1.572549	0.0970603	0.00814191	0.0254155	0.103821	0.0565814	0.0182926	0.0465293	0.0964636	0.0175969	0.105165	0.200058	0.0570375	0.133154	0.0300607	0.093897	0.253772	0.249016	0.236315	0.600203	1.05441	2.10907	5	1.592063
1378000	-549.1465	-582.3135	33.16697	2	1.801336	0.177279	0.00927985	0.00602061	0.0513625	0.0959319	0.00633631	0.0134584	0.0226862	0.0109195	0.0536855	0.301192	0.0214413	0.238361	0.0539127	0.103238	0.159229	0.298434	0.268349	0.632076	1.06412	2.03546	4	1.622767
1379000	-534.1931	-568.5135	34.32034	2	2.393402	0.168756	0.00141798	0.0158997	0.112932	0.00829655	0.0416283	0.0258952	0.0122336	0.0113044	0.0959649	0.320275	0.00702769	0.244483	0.0808153	0.0760071	0.130699	0.326786	0.336112	0.69124	1.07731	1.89534	4	1.680421
1380000	-518.0362	-566.1137	48.07753	10	1.439931	0.197589	0.0147409	0.00750303	0.154012	0.00322439	0.00979572	0.0625635	0.0372498	0.0130318	0.0721203	0.363511	0.0322582	0.294199	0.00343883	0.104002	0.198152	0.20585	0.215892	0.578243	1.04669	2.15918	5	1.773242
1381000	-514.7078	-567.9146	53.20675	10	1.359076	0.152022	0.00503217	0.0168994	0.0718458	0.0556405	0.0190713	0.0323301	0.0350807	0.0195923	0.044126	0.18337	0.0145684	0.168731	0.0136623	0.148621	0.159819	0.219579	0.202709	0.563285	1.04095	2.19306	5	1.359991
1382000	-542.1904	-575.8377	33.6473	2	1.001471	0.125378	0.0125786	0.00925921	0.0554228	0.00745404	0.00690978	0.032252	0.143321	0.00587627	0.0449889	0.130581	0.0954236	0.184906	0.0373047	0.113043	0.224941	0.486974	0.137247	0.477194	1.00024	2.38532	4	1.716614
1383000	-538.1996	-573.3185	35.11896	2	0.8402813	0.0941236	0.0026728	0.0168775	0.179673	0.103556	0.00873569	0.023515	0.03456	0.0141852	0.0707999	0.234969	0.00278846	0.228521	0.0112877	0.0549105	0.18405	0.296549	0.104097	0.42286	0.96752	2.50552	4	1.561775
1384000	-541.8272	-571.1957	29.36853	2	6.249259	0.138313	0.0282786	0.0445317	0.0840162	0.0191185	0.0477581	0.00622629	0.061904	0.0117766	0.0237551	0.111575	0.0112271	0.283352	0.0377151	0.122334	0.291293	0.351995	0.546927	0.828839	1.08069	1.54354	4	1.67517
1385000	-537.489	-571.4718	33.98271	1	0.9627614	0.0955231	0.0144434	0.0041026	0.076604	0.0615725	0.0201137	0.00690558	0.00733162	0.0179968	0.0428136	0.0770709	0.0018346	0.28194	0.0246702	0.122016	0.110314	0.289885	0.129465	0.465265	0.993545	2.41172	3	1.255138
1386000	-526.1675	-571.0194	44.85191	10	1.407117	0.137168	0.000106348	0.0353105	0.133349	0.0640049	0.0160569	0.0521806	0.0256463	0.0275003	0.0223113	0.384538	0.0394856	0.313576	0.00546715	0.161454	0.133338	0.268863	0.210611	0.572329	1.04447	2.17259	5	1.820356
1387000	-514.651	-565.4773	50.82628	10	0.6528044	0.159253	0.00404817	0.00308402	0.093051	0.0814688	0.00409427	0.0346497	0.0248166	0.00836358	0.0831164	0.099042	0.0494723	0.320943	0.0053741	0.0617785	0.122663	0.314034	0.0641504	0.340384	0.90604	2.68943	5	1.469252
1388000	-524.6657	-570.0639	45.39818	10	6.081556	0.146823	0.00456551	0.021442	0.12954	0.0114466	0.0339954	0.00296665	0.0833936	0.0195537	0.0670772	0.0700224	0.0694343	0.357354	0.0264433	0.0780585	0.253096	0.562098	0.541617	0.825994	1.08108	1.55131	5	1.937311
1389000	-517.2557	-576.5811	59.32534	10	0.6672792	0.152034	0.0270475	0.0136411	0.0563463	0.00484476	0.0220912	0.0175267	0.0660897	0.012616	0.0716413	0.133091	0.0214607	0.0682178	0.0529838	0.0716485	0.187666	0.328832	0.0672175	0.347674	0.912112	2.673	5	1.30778
1390000	-516.3177	-571.7609	55.44316	10	2.608537	0.20174	0.00619665	0.0196042	0.0752505	0.0815468	0.0195489	0.0238096	0.0354653	0.0018811	0.0419368	0.33291	0.0192165	0.353848	0.0562485	0.0989947	0.132897	0.149763	0.356511	0.707258	1.07976	1.85647	5	1.650857
1391000	-542.467	-574.4006	31.93359	2	1.899494	0.229351	0.0178634	0.0211063	0.129612	0.0199776	0.0192786	0.0109984	0.0560147	0.00209221	0.0467155	0.180626	0.0182643	0.340255	0.0361306	0.0572879	0.260014	0.546339	0.280975	0.643882	1.06726	2.00788	4	1.991927
1392000	-544.7085	-574.104	29.39548	2	5.587213	0.223846	0.00700086	0.0373593	0.178065	0.0324518	0.00401672	0.0369396	0.0325907	0.0135555	0.0567556	0.144214	0.0201731	0.198711	0.0455288	0.0804464	0.505804	0.24018	0.524778	0.816796	1.08216	1.57627	4	1.857639
1393000	-541.0931	-571.5369	30.44377	2	4.299376	0.119673	0.00534432	0.00802391	0.142452	0.0127429	0.0167174	0.0225303	0.0771144	0.0377041	0.0369865	0.498988	0.0185495	0.142581	0.0172844	0.0566235	0.179163	0.522154	0.470089	0.784965	1.08425	1.6607	4	1.914631
1394000	-542.0306	-577.804	35.77344	2	1.965805	0.102292	0.0620865	0.0101277	0.0758924	0.0128567	0.0518363	0.00784584	0.0681633	0.00217747	0.0759858	0.172484	0.00738021	0.08462	0.0313438	0.0585499	0.176752	0.367691	0.289158	0.651327	1.06911	1.9904	4	1.368085
1395000	-523.6866	-568.7293	45.04274	10	1.335332	0.208047	0.0112228	0.0295019	0.0978692	0.0642844	0.00813781	0.0389	0.0433283	0.00217584	0.048378	0.387609	0.019348	0.246539	0.0361077	0.158721	0.361531	0.413919	0.198728	0.558637	1.03909	2.20355	5	2.17562
1396000	-531.3794	-569.042	37.66257	2	0.6170316	0.200346	0.0146759	0.000855888	0.0413638	0.00678484	0.00189876	0.0208243	0.0468775	0.00755712	0.0291064	0.357535	0.0322959	0.0869741	0.00203755	0.0830626	0.128136	0.163681	0.0566387	0.321608	0.889765	2.73199	4	1.224013
1397000	-529.3241	-568.4607	39.13656	2	1.251545	0.115842	0.01167	0.00536707	0.0673893	0.0238937	0.00927988	0.0120449	0.00472158	0.020457	0.0142882	0.160826	0.0619013	0.07834	0.0127964	0.0752564	0.156004	0.32615	0.18427	0.541199	1.03176	2.24277	4	1.156228
1398000	-542.7961	-576.7235	33.92745	2	1.753122	0.150156	0.00903434	0.0092035	0.112034	0.0465236	0.0262921	0.0140911	0.0738833	0.00717869	0.0187153	0.468835	0.025778	0.0504193	0.00038036	0.0396667	0.173602	0.260415	0.261912	0.625901	1.06238	2.04981	4	1.486209
1399000	-525.9177	-568.5635	42.64581	2	0.4365632	0.0949061	0.00933675	0.0125296	0.039236	0.0100777	0.0113946	0.00595222	0.00811036	0.0229324	0.0360897	0.344238	0.0173882	0.0614736	0.0160949	0.0403269	0.115262	0.238625	0.0223231	0.208503	0.767998	3.00118	4	1.083974
1400000	-532.6406	-570.7811	38.14057	2	0.7409472	0.152491	0.0199218	0.00447012	0.06029	0.0119416	0.00876049	0.0096616	0.00139203	0.0181593	0.0631944	0.355682	0.0247024	0.0113706	0.00564816	0.104739	0.146972	0.286759	0.0829473	0.382226	0.939146	2.59568	4	1.286155
1401000	-531.1095	-567.1564	36.04692	2	1.067478	0.244787	0.0196288	0.0123094	0.0774603	0.00846776	0.00817453	0.0200873	0.0381706	0.0188136	0.0221798	0.40162	0.0607327	0.142105	0.000173285	0.0623024	0.143917	0.254459	0.150218	0.496135	1.01034	2.34331	4	1.535389
1402000	-520.757	-574.3697	53.61273	10	1.089765	0.159182	0.0214101	0.0150182	0.180219	0.0375505	0.0237828	0.031771	0.0789087	0.001209	0.0410985	0.386939	0.0597851	0.412911	0.0105588	0.0384428	0.189626	0.141945	0.154508	0.502164	1.01342	2.32991	5	1.830358
1403000	-543.2465	-571.3456	28.09911	2	4.2403	0.220262	0.00965652	0.020734	0.0765296	0.0457628	0.0344789	0.0279783	0.0563683	0.00416106	0.115247	0.275728	0.0222121	0.36364	0.00590148	0.108807	0.206629	0.346952	0.467095	0.783129	1.08429	1.66548	4	1.941049
1404000	-540.343	-575.8238	35.48081	2	1.880069	0.0741498	0.00913723	0.0156164	0.115618	0.00684414	0.000355864	0.0443598	0.00186999	0.00884647	0.0520747	0.222207	0.00753956	0.211335	0.0122072	0.193512	0.290937	0.0818097	0.278526	0.641623	1.06668	2.01317	4	1.34842
1405000	-531.1299	-568.6116	37.48169	2	0.543118	0.0972253	0.00490973	0.00303087	0.0350057	0.0223985	0.0126059	0.02149	0.0741362	0.00817341	0.0382986	0.309965	0.0137704	0.302497	0.0408563	0.0196829	0.207335	0.155103	0.0416314	0.279136	0.849273	2.82996	4	1.366484
1406000	-531.3938	-572.4286	41.03485	2	1.637707	0.0863711	0.00450828	0.00820345	0.0635135	0.0387384	0.0126306	0.0227038	0.0302473	0.00283717	0.0459351	0.16973	0.0250316	0.120425	0.0140034	0.139042	0.146903	0.0579418	0.245833	0.609981	1.05758	2.08661	4	0.9887658
1407000	-544.0873	-574.7408	30.65345	2	0.8857418	0.093056	0.00788026	0.000240166	0.166287	0.0359654	0.00464635	0.0218629	0.0187021	0.00724217	0.0173359	0.353585	0.00577742	0.255306	0.0823753	0.0925871	0.345856	0.0745407	0.113631	0.439494	0.978149	2.46873	4	1.583245
1408000	-516.7518	-566.7195	49.96773	10	2.500787	0.257479	0.00058529	0.0119442	0.0773007	0.00906902	0.0068018	0.0334261	0.0167784	0.0293797	0.0685929	0.286954	0.0580136	0.285715	0.024465	0.052365	0.313415	0.115983	0.346531	0.699513	1.07864	1.87532	5	1.648267
1409000	-538.86	-571.2511	32.3911	2	1.803792	0.190714	0.00528216	0.0193316	0.103212	0.148709	0.0084427	0.0211099	0.0872642	0.016446	0.0512675	0.237717	0.0275191	0.343931	0.0260359	0.0540746	0.271591	0.313965	0.268673	0.632384	1.0642	2.03474	4	1.926613
1410000	-532.0298	-568.6219	36.59208	2	2.069505	0.190689	0.00295982	0.00705211	0.0736244	0.0246664	0.0128123	0.0461315	0.0244738	0.0360032	0.0639824	0.354726	0.024592	0.145422	0.0665244	0.0977633	0.0656084	0.320183	0.301433	0.662207	1.07164	1.96473	4	1.557215
1411000	-519.1618	-566.5269	47.3651	10	0.7391092	0.19859	0.000497263	0.00873759	0.0726619	0.0208728	0.0202676	0.0111499	0.0627958	0.0224498	0.0442793	0.212018	0.00454916	0.172253	0.0539004	0.0391962	0.134008	0.177271	0.0825539	0.381413	0.938542	2.59749	5	1.255498
1412000	-509.8612	-567.0065	57.14535	10	0.3891301	0.108489	0.00676681	0.00656132	0.067979	0.0439276	0.0207864	0.0171351	0.0248183	0.0166156	0.0202617	0.180986	0.0081176	0.279862	0.0399524	0.100195	0.121264	0.130209	0.015178	0.17359	0.719245	3.09199	5	1.193926
1413000	-524.5963	-570.8617	46.26541	10	3.82809	0.185583	0.0035684	0.000671706	0.0738727	0.0474536	0.017671	0.0107847	0.00870349	0.00416628	0.0539476	0.305809	0.0304378	0.111968	0.0386177	0.0691346	0.292975	0.195833	0.444662	0.769046	1.08439	1.70191	5	1.451198
1414000	-537.8229	-574.413	36.59012	2	0.8637286	0.180813	0.0134801	0.0109314	0.0431329	0.0411356	0.0330654	0.0138501	0.0321003	0.00789162	0.0389221	0.329847	0.000994686	0.173347	0.0137388	0.126664	0.192414	0.0963496	0.10903	0.43158	0.973161	2.48623	4	1.348678
1415000	-514.7744	-576.4252	61.65074	10	0.5021727	0.0866788	0.00606152	0.00926041	0.0925145	0.00530474	0.0148587	0.0115727	0.0639906	0.00426001	0.0357518	0.241857	0.0447761	0.232657	0.0272916	0.0622945	0.165684	0.160288	0.0337912	0.253332	0.821843	2.89103	5	1.265102
1416000	-539.9108	-571.8591	31.94828	2	3.570882	0.181673	0.0122756	0.027882	0.148035	0.0108133	0.0441023	0.0105399	0.0307093	0.0517979	0.0722234	0.282018	0.040296	0.266615	0.0193952	0.127093	0.382398	0.211671	0.429114	0.758927	1.08418	1.72778	4	1.919538
1417000	-547.5677	-584.7484	37.18068	2	0.4524567	0.338881	0.0129435	0.03617	0.0370011	0.047337	0.00111211	0.042141	0.0622895	0.00920645	0.0507234	0.243023	0.00245893	0.148303	0.0265059	0.0854104	0.215885	0.0712258	0.0249519	0.21975	0.782336	2.97296	4	1.430618
1418000	-525.0879	-567.9278	42.83995	2	1.069349	0.0949474	0.00236158	0.0104756	0.0906461	0.0154175	0.00537367	0.0181732	0.00871933	0.0174879	0.056834	0.265643	0.0242135	0.151388	0.0222006	0.0949776	0.136583	0.146101	0.15058	0.496648	1.0106	2.34217	4	1.161544
1419000	-527.793	-571.4854	43.69237	10	2.335924	0.120035	0.00467806	0.0279533	0.128944	0.0361114	0.0423675	0.00314068	0.0587728	0.0269924	0.0425015	0.311687	0.0541636	0.101211	0.0252337	0.0635019	0.306969	0.185124	0.330328	0.686561	1.0765	1.90661	5	1.539387
1420000	-534.6969	-567.5892	32.89228	2	4.229462	0.182295	0.00705688	0.0162953	0.10736	0.0658448	0.00962789	0.0384949	0.00392023	0.00954546	0.021701	0.310793	0.0151225	0.0923009	0.000649209	0.143925	0.291957	0.172946	0.46654	0.782788	1.0843	1.66637	4	1.489835
1421000	-512.9905	-567.3291	54.3386	10	1.921467	0.194219	0.00298402	0.00446909	0.042111	0.0372989	0.00541456	0.0240304	0.0207747	0.0597633	0.0164351	0.245632	0.0326238	0.116819	0.00848334	0.144548	0.267239	0.159559	0.283716	0.646394	1.06789	2.002	5	1.382405
1422000	-544.1887	-577.8181	33.62944	2	1.873173	0.180841	0.0741527	0.0206031	0.142428	0.0060948	0.0214759	0.0309404	0.00472039	0.0160363	0.0488808	0.278641	0.000727102	0.0572735	0.0386466	0.114704	0.332547	0.147014	0.27765	0.640812	1.06647	2.01507	4	1.515727
1423000	-544.5827	-576.6592	32.07656	2	1.864732	0.232013	0.00118741	0.000346569	0.100554	0.0370761	0.00133038	0.0338682	0.0437686	0.0446102	0.0164556	0.473953	0.0135106	0.160575	0.0516793	0.109076	0.192934	0.232665	0.276575	0.639813	1.0662	2.01741	4	1.745603
1424000	-536.7338	-570.6367	33.90297	2	2.262784	0.16568	0.0115116	0.000971032	0.056238	0.033136	0.0287896	0.0472731	0.00498873	0.0120473	0.037622	0.279275	0.0135271	0.0797418	0.0511952	0.145405	0.220196	0.113878	0.322747	0.680334	1.07536	1.92156	4	1.301475
1425000	-534.2438	-576.1797	41.93591	2	1.055562	0.0815027	0.0120968	0.00496301	0.0405403	0.00349762	0.0128502	0.00778616	0.014117	0.0195257	0.0239525	0.202024	0.0332489	0.156232	0.00411754	0.04766	0.163223	0.0815028	0.147905	0.492838	1.00863	2.35063	4	0.9088405
1426000	-527.3537	-568.3758	41.02214	2	0.4640061	0.119547	0.0021469	0.00184887	0.0461437	0.0179827	0.0033599	0.0168545	0.0498075	0.0166547	0.0114042	0.241908	0.0174148	0.199175	0.0190661	0.0446059	0.247766	0.216031	0.0269265	0.22777	0.792202	2.9531	4	1.271717
1427000	-543.6293	-574.0684	30.43913	2	1.028849	0.159722	0.00209081	0.00148462	0.115635	0.0751458	0.00654816	0.0460362	0.00111996	0.00877549	0.0212042	0.304696	0.0307362	0.182055	0.0572557	0.166419	0.544917	0.164007	0.142674	0.485254	1.00462	2.36745	4	1.887849
1428000	-529.8517	-568.0498	38.1981	2	1.349938	0.119088	0.0101542	0.0407084	0.119654	0.00704363	0.00689867	0.0189368	0.0203623	0.0042504	0.0636345	0.136044	0.0305889	0.309764	0.00126089	0.0729431	0.310579	0.217945	0.201183	0.561511	1.04024	2.19706	4	1.489855
1429000	-543.4342	-571.7632	28.32901	1	0.9026372	0.264843	0.0071007	0.00908709	0.0818421	0.000420625	0.00377093	0.0316211	0.0129961	0.00531725	0.0787957	0.157173	0.0697109	0.253874	0.00624907	0.169659	0.513811	0.16025	0.117141	0.445395	0.981788	2.45568	3	1.826521
1430000	-540.4311	-572.4714	32.04028	1	1.282318	0.224345	0.00197777	0.0192544	0.0829741	0.0446223	0.0125684	0.0249345	0.113379	0.0162902	0.0425129	0.178514	0.0177693	0.23765	0.0160197	0.0339113	0.213292	0.137411	0.189655	0.547799	1.0346	2.22795	3	1.417426
1431000	-532.7003	-569.1966	36.49632	2	1.355029	0.132135	0.00436711	0.0136199	0.100833	0.00519335	0.0112046	0.0103123	0.0008578	0.00184538	0.0936662	0.040247	0.0231656	0.2695	0.0174897	0.167412	0.293382	0.19156	0.202034	0.562502	1.04064	2.19483	4	1.376791
1432000	-536.7874	-570.8917	34.10431	2	1.018923	0.134894	0.0170716	0.00664904	0.122977	0.0261186	0.0262959	0.00944123	0.00482279	0.0121805	0.0410198	0.252593	0.0246749	0.339425	0.0481914	0.141609	0.367883	0.347176	0.140714	0.482367	1.00307	2.37385	4	1.923024
1433000	-541.47	-574.3441	32.87414	2	2.048988	0.132567	0.000711769	0.0713256	0.144041	0.0186318	0.0165211	0.0112077	0.0277944	0.0462224	0.0273745	0.198491	0.0129957	0.28099	0.0673222	0.0960378	0.203716	0.260542	0.299053	0.660124	1.07117	1.96965	4	1.616493
1434000	-509.9513	-570.8278	60.87652	10	0.8645266	0.167716	0.0193963	0.00752981	0.0438991	0.0216779	0.00359876	0.0397061	0.0416401	0.00709852	0.0422553	0.239723	0.0358334	0.172328	0.00462666	0.0832747	0.153434	0.123147	0.109197	0.431872	0.973347	2.48558	5	1.206885
1435000	-534.6514	-574.474	39.82254	2	0.4436004	0.148339	0.000540289	0.00862363	0.045064	0.0638074	0.0135411	0.0146062	0.0679855	0.0345899	0.0220432	0.0731287	0.0732339	0.198198	0.0430597	0.0396249	0.335472	0.141669	0.0234739	0.213513	0.774459	2.98855	4	1.323526
1436000	-534.97	-571.4029	36.43289	2	2.71301	0.146044	0.0381703	0.00335855	0.143832	0.112345	0.0298945	0.010714	0.0469461	0.0108915	0.0189096	0.130373	0.00891006	0.244279	0.0343541	0.0686505	0.316885	0.179876	0.365765	0.714289	1.08068	1.83927	4	1.544432
1437000	-525.7534	-577.1207	51.36731	10	2.378741	0.26473	0.00694133	0.0677015	0.10035	0.0936965	0.024363	0.0118614	0.111314	0.00393679	0.0506003	0.597781	0.0172647	0.323202	0.0580785	0.111959	0.0273813	0.076465	0.33465	0.690064	1.07711	1.89818	5	1.947627
1438000	-522.1441	-571.9143	49.7702	10	1.732527	0.254147	0.00316896	0.0105621	0.104355	0.0349323	0.000466061	0.0354874	0.0197678	0.0307706	0.0333116	0.145035	0.00107927	0.16055	0.000799568	0.10022	0.164235	0.17651	0.259113	0.623181	1.06159	2.05612	5	1.275398
1439000	-511.7144	-568.6855	56.97112	10	0.9349884	0.10882	0.00099033	0.00124172	0.0839263	0.00591389	0.00358741	0.0405013	0.000935625	0.0246729	0.0398307	0.189876	0.0100719	0.43156	0.0235108	0.101522	0.0776193	0.217537	0.123807	0.456299	0.988333	2.43156	5	1.362117
1440000	-536.228	-577.2646	41.0366	2	0.558206	0.137741	0.00283463	0.0390354	0.0418451	0.0516393	0.019572	0.016234	0.00851738	0.00629027	0.0436578	0.255295	0.0082937	0.27648	0.0270177	0.0617768	0.156555	0.0775677	0.0446192	0.288226	0.858401	2.80875	4	1.230352
1441000	-530.144	-568.8494	38.70541	2	0.8002024	0.170742	0.0229013	0.0183551	0.0299483	0.0569424	0.00718622	0.0208201	0.0202162	0.0100497	0.0330644	0.294895	0.0676701	0.223276	0.00409104	0.0994526	0.153018	0.176308	0.0956018	0.407215	0.957011	2.54017	4	1.408937
1442000	-514.9219	-565.805	50.88312	10	4.015945	0.121164	0.00340539	0.0180893	0.14555	0.0103876	0.0105462	0.0350309	0.0089151	0.01293	0.103485	0.260574	0.0101033	0.357696	0.0486694	0.166274	0.122732	0.152929	0.455236	0.775759	1.0844	1.68461	5	1.588481
1443000	-513.2981	-572.9813	59.68324	10	0.55659	0.126612	0.000668134	0.00545734	0.0546805	0.00288726	0.0306839	0.0140014	0.0385065	0.0152537	0.0466721	0.185646	0.0392008	0.329189	0.00863656	0.0684159	0.138234	0.0909912	0.044297	0.287263	0.857447	2.81099	5	1.195737
1444000	-517.1814	-571.5713	54.38994	10	0.7328525	0.12212	0.0272283	0.00607438	0.0986537	0.00192701	0.0330748	0.0171407	0.00864028	0.0137155	0.0284786	0.268031	0.0224551	0.240847	0.0193647	0.122746	0.182138	0.180065	0.0812148	0.378627	0.93646	2.6037	5	1.392699
1445000	-528.7243	-566.6285	37.90419	2	1.3846	0.184212	0.00307547	0.0172219	0.0620493	0.0691444	0.00341103	0.0186867	0.0486946	0.0223953	0.0498752	0.221802	0.0334782	0.262089	0.0307531	0.0899492	0.15376	0.190981	0.206932	0.568149	1.04286	2.18206	4	1.461578
1446000	-536.7844	-571.5257	34.74132	2	1.872767	0.135404	0.00943835	0.0278074	0.0710538	0.0120913	0.0284754	0.0131381	0.00464773	0.0198611	0.0442634	0.279825	0.00114485	0.330468	0.0199351	0.0803551	0.115685	0.242029	0.277599	0.640764	1.06645	2.01518	4	1.435622
1447000	-516.8596	-567.9111	51.05149	10	0.931443	0.211179	0.00918082	0.000591706	0.0693883	0.0424036	0.0051109	0.0200947	0.0478886	0.0118151	0.0893992	0.229444	0.0233965	0.192914	0.0233195	0.0805663	0.115079	0.272193	0.12308	0.455129	0.987642	2.43415	5	1.443964
1448000	-538.0334	-573.9889	35.95556	2	1.146734	0.184721	0.00729672	7.1886e-05	0.036671	0.0716749	0.0177854	0.0115114	0.0302448	0.0205794	0.0379165	0.388705	0.032861	0.115678	0.0406079	0.116317	0.27241	0.274564	0.165268	0.516812	1.02062	2.2973	4	1.659616
1449000	-538.8104	-571.0756	32.26515	2	3.636485	0.273061	0.0117614	0.0140674	0.117918	0.0248163	0.0134097	0.00718595	0.0575712	0.00541971	0.0518186	0.0863561	0.00686242	0.331985	0.0209617	0.0644401	0.486008	0.227376	0.433205	0.761619	1.08426	1.72092	4	1.80102
1450000	-513.1874	-572.4797	59.29231	10	0.6175549	0.110948	0.00427825	0.0141615	0.0690259	0.0183902	0.0248841	0.0188749	0.0539533	0.0181751	0.0559373	0.223328	0.00753662	0.172246	0.0160015	0.0485882	0.474711	0.116086	0.0567478	0.32189	0.890017	2.73134	5	1.447126
1451000	-512.232	-567.2902	55.05826	10	0.7176874	0.160639	0.00556776	0.00313989	0.0627867	0.0566689	0.0265391	0.000203793	0.00104384	0.00250903	0.0446894	0.0626594	0.00160064	0.213612	0.0591329	0.0808778	0.35704	0.132548	0.0779696	0.371757	0.93125	2.61902	5	1.271258
1452000	-541.8818	-577.5724	35.69065	2	0.7465141	0.103829	0.0157979	0.0110698	0.0434618	0.0339465	0.00818136	0.0438327	0.0537802	0.000941098	0.124321	0.351986	0.0259298	0.194535	0.0393643	0.0630496	0.0730336	0.184603	0.0841386	0.384675	0.940957	2.59023	4	1.371663
1453000	-517.2124	-570.7684	53.55602	10	1.549394	0.144824	0.0166058	0.00222795	0.0992939	0.0443878	0.0363674	0.00450907	0.0246833	0.0208825	0.0558976	0.239507	0.0128458	0.199702	0.0389665	0.0758211	0.167526	0.235488	0.232853	0.596577	1.0532	2.11738	5	1.419535
1454000	-521.2357	-572.2619	51.02622	10	2.379636	0.123529	0.00881379	0.00726402	0.153393	0.068353	0.0224824	0.0744804	0.00347162	0.0338369	0.0967396	0.299073	0.0504902	0.259866	0.0266473	0.137789	0.206948	0.200449	0.33474	0.690136	1.07712	1.898	5	1.773626
1455000	-531.4418	-566.8604	35.41858	2	2.303007	0.146561	0.0180203	0.0460405	0.0756513	0.029456	0.00525426	0.0269542	0.00200098	0.0211062	0.0507121	0.338187	0.0289528	0.168583	0.0250956	0.145173	0.153637	0.139721	0.326947	0.683798	1.076	1.91325	4	1.421106
1456000	-545.8747	-578.6659	32.7912	2	4.664169	0.137151	0.00278076	0.00244144	0.0333395	0.0815426	0.00962856	0.0530951	0.0289999	0.0412612	0.0334886	0.178899	0.0726459	0.272263	0.034841	0.0774376	0.107797	0.311372	0.487502	0.795441	1.08383	1.63322	4	1.478984
1457000	-538.5309	-570.6216	32.09067	2	5.674306	0.109005	0.000113511	0.0241979	0.0803758	0.0365106	0.00474547	0.0283183	0.0265016	0.0117088	0.0219393	0.0610715	0.0236175	0.259141	0.0581314	0.0819865	0.214469	0.151352	0.527883	0.818512	1.08197	1.57163	4	1.193185
1458000	-539.3305	-571.6525	32.32199	2	1.31683	0.155321	0.0154762	0.0163899	0.0954981	0.0474593	0.0305496	0.045987	0.127152	0.00824441	0.0509503	0.0330483	0.00396186	0.0341242	0.018983	0.551062	0.307316	0.272569	0.19559	0.554928	1.03757	2.21191	4	1.814093
1459000	-536.4717	-570.0358	33.56408	2	0.4367525	0.110995	0.00920146	0.0126794	0.123131	0.0130715	0.022379	0.0114204	0.00216872	0.0195083	0.0369894	0.200364	0.00530186	0.0669802	0.0206117	0.27882	0.154814	0.149775	0.0223538	0.208638	0.768174	3.00083	4	1.238211
1460000	-528.5563	-571.0805	42.52425	2	0.2915831	0.0922063	0.00479431	0.00843388	0.0375016	0.0462913	0.000598807	0.0207386	0.00162284	0.00449384	0.012031	0.0873032	0.00829883	0.112328	0.0177629	0.141702	0.0721807	0.128358	0.00463743	0.0979653	0.581393	3.316	4	0.796646
1461000	-518.6961	-569.5904	50.89423	10	1.402361	0.0939116	0.00385771	0.0175572	0.0635322	0.0015919	0.00296791	0.0148244	0.0731949	0.00340016	0.0354716	0.216901	0.0131629	0.0832204	0.0292648	0.142485	0.246466	0.233973	0.209838	0.571454	1.04413	2.17457	5	1.275782
1462000	-536.2351	-570.3857	34.15058	2	0.5552433	0.159153	0.00937917	0.00676783	0.0609764	0.00605543	0.00504339	0.0115248	0.0331221	0.0130933	0.0160189	0.276044	0.00373796	0.0733264	0.00624661	0.30999	0.0315203	0.521929	0.0440289	0.286459	0.856647	2.81287	4	1.543929
1463000	-532.6464	-571.803	39.15656	2	0.5611232	0.17325	0.0203501	0.00746857	0.0840714	0.00277199	0.0218925	0.0220059	0.0259444	0.00786585	0.0271153	0.221639	0.0153348	0.202211	0.00320505	0.0823093	0.291766	0.132902	0.0452021	0.289959	0.860111	2.80473	4	1.342104
1464000	-519.5033	-569.6141	50.11075	10	0.4854662	0.1281	0.00531297	0.0127751	0.0391063	0.0402231	0.0148371	0.0276762	0.0769171	0.0225605	0.0652339	0.350961	0.0127561	0.0493291	0.0708692	0.0885456	0.236495	0.201598	0.0307266	0.242322	0.809398	2.91755	5	1.443297
1465000	-512.2666	-570.0648	57.79814	10	0.9801337	0.211146	0.028287	0.0127325	0.0883739	0.0303174	0.0303623	0.000425172	0.045267	0.0294738	0.0558846	0.195309	0.0203342	0.0721216	0.00934451	0.196164	0.183793	0.124847	0.132973	0.470698	0.996629	2.3997	5	1.334183
1466000	-523.7542	-568.3077	44.55352	2	0.2897692	0.0864157	0.00108225	0.000267382	0.0638553	0.00360596	0.0151608	0.0343305	0.0588444	0.000822454	0.0339262	0.260223	0.0237859	0.022692	0.00596604	0.138553	0.110445	0.0988806	0.00450218	0.0965636	0.578215	3.32072	4	0.9588574
1467000	-514.8292	-572.6189	57.7897	10	0.6326022	0.134171	0.0216583	0.0037359	0.0989069	0.0218631	0.00845025	0.0164341	0.117562	0.0268583	0.0345657	0.3879	0.0314243	0.00569186	0.00524642	0.165582	0.0646607	0.129343	0.0598943	0.329916	0.897082	2.71311	5	1.274053
1468000	-519.0768	-569.6988	50.62198	10	0.9024003	0.107723	0.000175998	0.00231088	0.117905	0.0417923	0.00258743	0.0290953	0.0173485	0.0171963	0.0210632	0.235275	0.0446063	0.133357	0.0109972	0.210333	0.168809	0.10858	0.117092	0.445314	0.981738	2.45586	5	1.269155
1469000	-531.4331	-574.0717	42.63858	2	1.249136	0.0857218	0.010517	0.043029	0.042984	0.000980067	0.020599	0.0141383	0.051116	0.0048749	0.0421657	0.26369	0.0176531	0.0468983	0.0130436	0.119761	0.097419	0.113318	0.183844	0.540672	1.03153	2.24395	4	0.9879087
1470000	-542.1337	-575.0381	32.90439	2	1.925213	0.242159	0.0466073	0.0327302	0.0968481	0.0164214	0.0197743	0.041031	0.0748637	0.0148159	0.0274243	0.229793	0.0195538	0.0469468	0.0124813	0.373797	0.119473	0.280977	0.284181	0.646818	1.068	2.001	4	1.695698
1471000	-518.3262	-568.6917	50.36547	10	2.05119	0.296087	0.00200289	0.00641677	0.067328	0.103975	0.00852965	0.0181108	0.0304471	0.00357241	0.0317225	0.272478	0.0455466	0.133317	0.0588669	0.297498	0.151268	0.117328	0.29931	0.660349	1.07122	1.96912	5	1.644494
1472000	-526.6422	-582.0204	55.37822	10	1.593213	0.0865863	0.00350491	0.0125815	0.0740261	0.0297209	0.00386898	0.0586296	0.0448112	0.0649606	0.0337472	0.284949	0.0799714	0.0998414	0.0185568	0.10091	0.205636	0.234168	0.239369	0.603371	1.05546	2.1018	5	1.436471
1473000	-527.3851	-572.3442	44.95914	10	2.394203	0.139367	0.0195598	0.00260372	0.052792	0.0081608	0.0230152	0.0375882	0.00539365	0.00420899	0.0459454	0.299737	0.0595238	0.12823	0.0664499	0.11686	0.336602	0.168071	0.336191	0.691304	1.07732	1.89519	5	1.514108
1474000	-535.4472	-571.0788	35.63159	2	1.388311	0.0972035	0.0222256	0.000566256	0.077081	0.0239666	0.000969215	0.048531	0.0205571	0.0195808	0.0417722	0.153046	0.00764607	0.112527	0.0506629	0.400509	0.358506	0.184174	0.207542	0.568845	1.04313	2.18048	4	1.619524
1475000	-525.5564	-575.7884	50.23198	10	0.8452821	0.193204	0.0315214	0.00475291	0.0624971	0.0467264	0.0126297	0.0221805	0.0352692	0.00285721	0.0548823	0.181887	0.0946747	0.0228821	0.00337839	0.300901	0.108237	0.108867	0.105151	0.424745	0.968753	2.50135	5	1.287348
1476000	-517.7688	-566.1772	48.40839	10	2.412957	0.206715	0.00125779	0.00920922	0.0727702	0.00738658	0.0069998	0.0574194	0.00936087	0.0133802	0.114639	0.30496	0.0218703	0.136308	0.0670094	0.305064	0.195396	0.165653	0.338046	0.69279	1.07757	1.8916	5	1.695399
1477000	-531.8126	-566.768	34.95541	2	0.8895856	0.170499	0.00532697	0.00794243	0.0673257	0.0648616	0.0268017	0.011665	0.0309072	0.0254224	0.0253418	0.200755	0.0410067	0.107144	0.0360349	0.294344	0.173837	0.227623	0.114431	0.440849	0.978991	2.46573	4	1.516838
1478000	-530.5289	-569.366	38.83709	2	0.7693811	0.12477	0.0172615	0.00114338	0.120783	0.0276301	0.00615498	0.0279438	0.0483227	0.0138973	0.0482319	0.289909	0.0359007	0.0496239	0.0541869	0.160103	0.329496	0.0438637	0.0890288	0.394508	0.948096	2.56837	4	1.399221
1479000	-541.2539	-580.854	39.60007	2	0.8796724	0.177219	0.0326715	0.0163963	0.116653	0.0368358	0.0318776	0.00797204	0.0172185	0.0221225	0.0767518	0.24896	0.0384029	0.0583932	0.0060638	0.167641	0.306767	0.032978	0.112365	0.437337	0.976802	2.4735	4	1.394924
1480000	-541.7153	-573.2611	31.54584	1	1.474707	0.138242	0.0208268	0.0087682	0.105102	0.0149456	0.00159222	0.0372445	0.0192269	0.0314555	0.0446639	0.236345	0.0192592	0.0641383	0.00388093	0.159528	0.493056	0.0493559	0.221389	0.584291	1.0489	2.14542	3	1.447631
1481000	-538.9785	-572.3958	33.41728	2	1.100499	0.192332	0.0112377	0.0192648	0.173818	0.0268605	0.048173	0.00423583	0.036387	0.0311848	0.0241678	0.310958	0.0134427	0.114447	0.0354291	0.160846	0.249202	0.104902	0.156559	0.505006	1.01484	2.32359	4	1.55689
1482000	-517.4221	-571.9908	54.56869	10	1.586724	0.118942	0.00624434	0.00177319	0.0805532	0.0432119	0.0302518	0.0223721	0.0236208	0.0993663	0.00469916	0.0508548	0.0137613	0.3631	0.0231522	0.243112	0.455513	0.190715	0.238414	0.602383	1.05513	2.10407	5	1.771243
1483000	-520.1887	-567.4202	47.23156	10	0.5073477	0.0692739	2.0545e-05	0.0136187	0.0379783	0.0270605	0.0223928	0.0098374	0.0326763	0.0393447	0.0275004	0.0866931	0.0221155	0.299441	0.0302114	0.134482	0.220883	0.0890856	0.0347576	0.256686	0.825542	2.88301	5	1.162614
1484000	-532.6965	-565.5717	32.87519	2	1.33771	0.187401	0.0001181	0.00778636	0.101749	0.00110635	0.00305182	0.0306805	0.0372919	0.011371	0.0328371	0.133313	0.0423777	0.295746	0.0313606	0.293543	0.326249	0.146721	0.199129	0.559108	1.03928	2.20249	4	1.682703
1485000	-534.5628	-571.782	37.21921	2	0.5058723	0.0948685	0.000986115	0.0130509	0.056479	0.0170963	0.023682	0.0163795	0.0938507	0.00588322	0.0436019	0.142973	0.035926	0.241526	0.0467687	0.111034	0.251255	0.0353191	0.0344813	0.255732	0.824495	2.88529	4	1.23068
1486000	-526.0266	-568.4994	42.47277	2	0.4509444	0.104611	0.00178906	0.00347615	0.0232975	0.0160529	0.00576892	0.0233458	0.00878693	0.0068998	0.0327596	0.0737452	0.0640305	0.102751	0.0242219	0.19367	0.211594	0.0677498	0.0246972	0.21869	0.78101	2.9756	4	0.9645504
1487000	-534.2395	-571.915	37.67551	2	2.028378	0.12862	0.00802016	0.0164007	0.0794602	0.0289871	0.0278042	0.00553504	0.00598229	0.0258169	0.046886	0.206377	0.0224673	0.244992	0.0197619	0.209074	0.225485	0.0896446	0.296639	0.657998	1.07068	1.97468	4	1.391315
1488000	-540.0387	-572.792	32.75324	2	1.908822	0.156076	0.0318025	0.0219361	0.145751	0.00398421	0.0118515	0.0245143	0.119774	0.00675518	0.0595652	0.255943	0.0545397	0.272771	0.0293553	0.180315	0.387132	0.0135043	0.282142	0.644954	1.06753	2.00537	4	1.775571
1489000	-537.3946	-576.376	38.98139	2	0.6430552	0.202043	0.00985022	0.00654215	0.0452259	0.0905443	0.0114408	0.0409471	0.00661615	0.0188589	0.0105269	0.117593	0.014947	0.296453	0.0212103	0.114291	0.291809	0.116479	0.0620925	0.335376	0.90179	2.70074	4	1.415378
1490000	-531.3792	-571.4137	40.03444	2	2.025666	0.148924	0.00488485	0.0114622	0.0692254	0.00254834	0.0013015	0.0461522	0.00339281	0.00397243	0.0472453	0.0541983	0.0437283	0.239306	0.0140149	0.170352	0.178111	0.0988446	0.296319	0.657715	1.07062	1.97535	4	1.137663
1491000	-537.7331	-571.4374	33.70427	2	1.987249	0.224145	0.0318124	0.0048746	0.133884	0.0298957	0.00728409	0.059617	0.016483	0.0357452	0.0283231	0.178834	0.0539554	0.219562	0.0475797	0.141588	0.316668	0.109382	0.291748	0.653651	1.06967	1.98493	4	1.639633
1492000	-516.8942	-563.7836	46.88945	10	1.562598	0.13612	1.48512e-05	0.00740284	0.104023	0.0139136	0.013373	0.0204872	0.0592712	0.0101321	0.0608956	0.25233	0.0167775	0.217527	0.0516814	0.275587	0.482096	0.0971951	0.234833	0.598655	1.0539	2.11262	5	1.818828
1493000	-515.757	-573.0436	57.28664	10	0.4146557	0.107401	0.0167269	0.0146662	0.0464831	0.00828988	0.0131078	0.020101	0.0302331	0.00429348	0.0833681	0.141895	0.00146019	0.123884	0.0170683	0.127436	0.213286	0.0713108	0.0188843	0.192617	0.746665	3.04183	5	1.041009
1494000	-522.5552	-571.2326	48.67741	10	1.855022	0.098952	0.00286925	0.0175225	0.065912	0.01155	0.00140821	0.0381107	0.161261	0.00146804	0.0467514	0.0862167	0.044501	0.388035	0.00837204	0.124127	0.304771	0.0158582	0.275332	0.638655	1.0659	2.02011	5	1.417686
1495000	-532.7483	-570.7464	37.99811	2	1.605236	0.112917	0.0204171	0.000466697	0.104106	0.122594	0.017468	0.0180978	0.0327211	0.00358621	0.0565401	0.156824	0.00123746	0.208263	0.0364559	0.244314	0.158374	0.115279	0.241131	0.605185	1.05605	2.09764	4	1.409661
1496000	-534.6603	-571.1177	36.45747	2	1.798615	0.189787	0.0140638	0.013205	0.0818119	0.0717775	0.000818942	0.0466344	0.0304902	0.05611	0.0394074	0.071434	0.0107563	0.253299	0.0274229	0.174303	0.0615285	0.246087	0.26799	0.631735	1.06402	2.03625	4	1.388937
1497000	-534.0181	-566.9768	32.95872	1	0.6165888	0.116637	0.00708679	0.00285967	0.0780171	0.00666216	0.0222628	0.00260746	0.0156022	0.00483801	0.0323804	0.11476	0.0364666	0.393308	0.00248457	0.147617	0.106665	0.3019	0.0565465	0.321368	0.889552	2.73253	3	1.392155
1498000	-536.2123	-575.0446	38.83231	2	0.7094812	0.198778	0.0279571	0.00144621	0.100524	0.122957	0.0313439	0.00828985	0.0240621	0.0349708	0.0585421	0.127283	0.0550348	0.180635	0.00490421	0.0955289	0.063053	0.236279	0.0762145	0.36797	0.928332	2.62748	4	1.37159
1499000	-545.0183	-574.6316	29.61336	2	1.190734	0.243479	0.0403642	0.0400005	0.128195	0.00790258	0.00449168	0.0464872	0.0454375	0.0041462	0.0834434	0.175415	0.0257692	0.527791	0.018874	0.33234	0.162046	0.197875	0.17337	0.527429	1.0256	2.2736	4	2.084058
1500000	-532.9024	-566.0662	33.16383	2	0.9120749	0.177534	0.00933683	0.00170263	0.0392023	0.0451193	0.0117604	0.0162869	0.0699621	0.00793818	0.0244422	0.0294752	0.0139055	0.377606	0.0533483	0.185433	0.0847787	0.446679	0.119094	0.448629	0.983753	2.44852	4	1.59451
1501000	-523.0372	-577.3126	54.27538	10	0.4924427	0.115621	0.00424604	0.0483868	0.079041	0.0383034	0.0277611	0.00937778	0.0334163	0.0327966	0.0429425	0.065696	0.0131291	0.356694	0.0270928	0.131275	0.0685232	0.330466	0.0319957	0.246954	0.814691	2.90636	5	1.424769
1502000	-520.7433	-568.3226	47.5793	10	2.306512	0.176314	0.00165203	0.00414787	0.0956365	0.0149739	0.0343877	0.0473971	0.0268766	0.017387	0.0187117	0.279567	0.0288418	0.219067	0.0076368	0.162391	0.0923637	0.282095	0.32731	0.684095	1.07606	1.91254	5	1.509446
1503000	-509.4332	-568.038	58.60484	10	0.8121443	0.124578	0.00266712	0.01399	0.0488538	0.0245374	0.0139432	0.0168154	0.0696839	0.000735522	0.0441287	0.0636776	0.0160815	0.196288	0.0293712	0.139588	0.0411218	0.295442	0.0981402	0.411978	0.960264	2.52962	5	1.141503
1504000	-515.9157	-570.8531	54.93733	10	0.6071776	0.15101	0.0260588	0.0292418	0.0597496	0.0360861	0.00589383	0.0260083	0.0283899	0.00559951	0.0337196	0.12561	0.0212287	0.23845	0.000445642	0.176032	0.141948	0.232799	0.0545918	0.316238	0.884937	2.74423	5	1.338271
1505000	-533.3836	-569.2676	35.88402	2	0.7129161	0.144056	0.00419512	0.00516092	0.0584346	0.0127701	0.00206258	0.0141427	0.0615495	0.0180044	0.0465772	0.143332	0.0441185	0.399639	0.029987	0.333921	0.148338	0.17153	0.076949	0.369561	0.929562	2.62393	4	1.63782
1506000	-532.4673	-574.3731	41.90579	2	0.5404687	0.044557	0.000734646	0.0149993	0.0748433	0.0106005	0.00827852	0.0161403	0.0121117	0.0107661	0.0255112	0.138068	0.0152831	0.147236	0.000615121	0.112524	0.0399013	0.165417	0.0411117	0.277516	0.847619	2.83375	4	0.8375866
1507000	-535.1954	-571.787	36.59153	2	0.4336615	0.0939531	0.00364029	0.00289974	0.10177	0.0268953	0.0124462	0.016873	0.0169487	0.0128242	0.0292777	0.0119529	0.0416896	0.326215	0.021511	0.170891	0.048602	0.459082	0.021855	0.206424	0.76528	3.00644	4	1.397472
1508000	-512.249	-564.9185	52.66947	10	1.472703	0.161521	0.00590819	0.00169303	0.103268	0.00360011	0.0069193	0.0397576	0.00253437	0.00503956	0.0415244	0.255918	0.0330996	0.24423	0.0441672	0.160714	0.152923	0.33269	0.221075	0.583949	1.04878	2.1462	5	1.595508
1509000	-525.6476	-580.436	54.78834	10	1.80072	0.188951	0.0356247	0.00147332	0.152864	0.0471693	0.00197293	0.0115706	0.0262457	0.00475217	0.0393534	0.0211661	0.0623993	0.537137	0.0155476	0.194598	0.167568	0.46237	0.268268	0.631999	1.0641	2.03564	5	1.970764
1510000	-523.5853	-579.6943	56.10908	10	0.8867818	0.0991432	0.00408159	0.012061	0.0602793	0.169452	0.00683401	0.0276613	0.097131	0.0154647	0.036193	0.430063	0.015315	0.168218	0.0534525	0.0661903	0.0463953	0.165285	0.113848	0.439861	0.978377	2.46791	5	1.47322
1511000	-525.1327	-575.6511	50.51838	10	4.035297	0.173186	0.00471047	0.0100741	0.10776	0.148179	0.042143	0.0298384	0.122379	0.0107744	0.0608853	0.189522	0.0204999	0.454592	0.0838553	0.105877	0.150167	0.141025	0.456291	0.776421	1.08439	1.68289	5	1.855467
1512000	-531.4388	-578.1825	46.74366	10	3.713761	0.169702	0.0330854	0.0145602	0.123078	0.0983341	0.0317656	0.0209586	0.0169456	0.0172433	0.0506447	0.235906	0.000100453	0.169892	0.0268395	0.216483	0.224867	0.196644	0.437911	0.76469	1.08433	1.71307	5	1.647049
1513000	-535.1683	-571.3331	36.16479	2	1.540224	0.0986619	0.00457677	0.0357215	0.0990791	0.0360024	0.0177419	0.0227094	0.0140678	0.00445321	0.0639952	0.24772	0.00906309	0.083872	0.0209523	0.16397	0.0725079	0.362342	0.23147	0.595118	1.0527	2.12071	4	1.357436
1514000	-553.9527	-590.1696	36.21692	2	1.153353	0.0507895	0.00286246	0.049985	0.111843	0.0344933	0.0274831	0.0775289	0.0379961	0.0130983	0.0811651	0.418532	0.0559749	0.0555313	0.0066247	0.13869	0.122481	0.506698	0.166498	0.518446	1.0214	2.29366	4	1.791777
1515000	-513.4646	-569.6165	56.15189	10	1.183102	0.214909	0.0136318	0.0147552	0.115501	0.010618	0.0224976	0.02389	0.00464611	0.0303425	0.0863898	0.293246	0.0294024	0.179458	0.0144838	0.152342	0.124309	0.334704	0.171977	0.525628	1.02477	2.27763	5	1.665127
1516000	-540.2179	-580.1867	39.96881	2	0.4566778	0.127989	0.0192971	0.0163346	0.0407039	0.00428502	0.000839386	0.0102997	0.0607277	0.00551139	0.0290685	0.172442	0.0119291	0.0127828	0.0056861	0.209763	0.015759	0.248779	0.0256675	0.222696	0.785994	2.96564	4	0.992198
1517000	-541.0587	-573.9953	32.93656	2	0.7176354	0.122285	0.0112477	0.0111161	0.067174	0.0111258	0.0342518	0.0277862	0.114652	0.0292632	0.0294922	0.264876	0.00805125	0.238011	0.0756189	0.161097	0.0790393	0.2964	0.0779585	0.371733	0.931232	2.61908	4	1.581488
1518000	-534.5893	-573.1429	38.55365	2	0.7630346	0.311107	0.00107163	0.00961247	0.044361	0.0401488	0.0290594	0.00740085	0.062088	0.0184829	0.0339219	0.0621494	0.0581276	0.225334	0.00358721	0.180551	0.0719894	0.390898	0.0876724	0.391814	0.946161	2.57435	4	1.54989
1519000	-539.1422	-574.1834	35.04122	2	1.839297	0.141458	0.0179161	0.00789114	0.0772259	0.0689644	0.0109929	0.039497	0.00477761	0.0234793	0.0328932	0.0302556	0.0766016	0.272161	0.0182366	0.186751	0.0869751	0.397341	0.273306	0.636759	1.06539	2.02454	4	1.493418
1520000	-517.1929	-570.647	53.45417	10	0.8668402	0.1358	0.0187935	0.00603348	0.109738	0.0659366	0.0189268	0.0194047	0.0579215	0.0242808	0.0420677	0.166806	0.0334762	0.328309	0.00783662	0.184088	0.092435	0.323846	0.109682	0.432714	0.973884	2.48372	5	1.6357
1521000	-544.2085	-577.2214	33.01285	2	2.519483	0.141349	0.00726362	0.0185292	0.121454	0.0517372	0.0115574	0.0447293	0.0732892	0.0095818	0.0286447	0.169909	0.0990686	0.292226	0.0405629	0.376358	0.0542255	0.190412	0.348296	0.700895	1.07885	1.87196	4	1.730898
1522000	-540.5665	-577.0027	36.43622	2	1.121393	0.143169	0.0251058	0.0129546	0.129387	0.020462	0.0027194	0.0619877	0.00454536	0.0209383	0.01712	0.0530183	0.0254761	0.421067	0.102377	0.152519	0.133908	0.307788	0.160519	0.510427	1.01752	2.31153	4	1.634543
1523000	-534.8834	-572.1321	37.24875	2	0.9805928	0.186469	0.0163835	0.00660141	0.0701065	0.0205874	0.0146546	0.0155892	0.00222208	0.00593091	0.0302854	0.121311	0.000590293	0.243038	0.0168518	0.233401	0.0763597	0.116206	0.133065	0.47084	0.996708	2.39939	4	1.176589
1524000	-532.8464	-568.9343	36.08788	2	1.923612	0.149206	0.0153429	0.0024256	0.0647422	0.00645706	0.0181919	0.0362445	0.0195908	0.00658023	0.033305	0.194261	0.0137544	0.22636	0.00250563	0.151692	0.129971	0.271311	0.283982	0.646637	1.06796	2.00143	4	1.341942
1525000	-542.5721	-570.8468	28.2747	2	2.819704	0.359014	0.017905	0.0225864	0.0867722	0.105361	0.00450298	0.0308853	0.0705626	0.0213045	0.0412989	0.0678051	0.0113537	0.34685	0.0302521	0.12814	0.0504562	0.386263	0.374814	0.72103	1.08147	1.82269	4	1.781313
1526000	-544.432	-575.8415	31.40946	2	0.6823491	0.303985	0.00979118	0.0352414	0.180016	0.0234481	0.00135336	0.0197972	0.0681517	0.0136381	0.0228952	0.203064	0.056028	0.366755	0.076183	0.18538	0.029893	0.271756	0.0704227	0.355082	0.918148	2.65635	4	1.867376
1527000	-535.0717	-571.4147	36.34295	2	1.044077	0.169198	0.00187316	0.0213984	0.0914489	0.0665997	0.00157499	0.0258822	0.0275718	0.00177882	0.0705673	0.189759	0.00770279	0.175383	0.010288	0.225031	0.0600343	0.153582	0.145664	0.489611	1.00694	2.35779	4	1.299673
1528000	-547.6191	-581.8497	34.23056	2	2.459452	0.186305	0.001799	0.0563721	0.0743237	0.00549586	0.066822	0.0305906	0.0451608	0.0152732	0.0788425	0.158533	0.019651	0.343511	0.0567677	0.14135	0.0847601	0.214449	0.342578	0.696397	1.07815	1.88287	4	1.580007
1529000	-525.1606	-578.083	52.92238	10	0.765166	0.156588	0.000255663	0.0508903	0.0762713	0.0334626	0.00835485	0.0284006	0.0238119	0.00232707	0.0868921	0.179782	0.0110831	0.104297	0.110822	0.213122	0.0996177	0.46547	0.088128	0.392722	0.946815	2.57233	5	1.651449
1530000	-541.0616	-574.9469	33.88535	2	1.35525	0.119406	0.00974403	0.0231985	0.108541	0.0616635	0.00861546	0.0286955	0.127772	0.00455835	0.0603991	0.379731	0.0571705	0.284707	0.0195041	0.136018	0.0100009	0.315283	0.202071	0.562545	1.04066	2.19473	4	1.755008
1531000	-533.8265	-572.739	38.91245	2	1.203557	0.150722	0.0142059	0.015966	0.068513	0.0617845	0.00725366	0.023594	0.0586029	0.0247165	0.0368723	0.0531625	0.0125305	0.299006	0.00266062	0.148865	0.0592817	0.37703	0.175697	0.530417	1.02696	2.26692	4	1.414767
1532000	-506.68	-562.893	56.213	10	0.4466662	0.122643	0.00297276	0.00240272	0.0520336	0.00603813	0.0144387	0.0134945	0.0470624	0.00382204	0.0270402	0.135877	0.0091415	0.301794	0.0329871	0.17281	0.0614067	0.216072	0.0239818	0.21568	0.777217	2.98312	5	1.222037
1533000	-523.052	-571.1536	48.10164	10	1.914811	0.223071	0.021071	0.0326195	0.0674316	0.0810507	0.022989	0.0326058	0.0267482	0.0322722	0.0188685	0.229349	0.00741152	0.137135	0.0135907	0.190182	0.13298	0.36774	0.282889	0.645638	1.0677	2.00377	5	1.637116
1534000	-512.9884	-566.785	53.79659	10	1.274203	0.110702	0.00531547	0.000606949	0.05392	0.00550522	0.000523172	0.0273249	0.01826	0.0165378	0.0170275	0.208561	0.0408367	0.380777	0.0394026	0.212512	0.120858	0.118021	0.188243	0.546081	1.03386	2.23181	5	1.376691
1535000	-538.1433	-568.7693	30.62601	2	1.147818	0.188186	0.00586552	0.0374166	0.0478865	0.124814	0.00476912	0.0335696	0.058845	0.0150735	0.0644948	0.0665259	0.0423488	0.295363	0.0168301	0.328806	0.0774309	0.346646	0.165469	0.517081	1.02074	2.29671	4	1.754871
1536000	-542.6004	-575.0888	32.48843	2	1.179717	0.0977345	0.00597436	0.00938793	0.157586	0.0219558	0.024376	0.00785561	0.00398892	0.0162105	0.0284404	0.120749	0.0212128	0.310665	0.0828416	0.130194	0.0601448	0.489019	0.171358	0.524824	1.02439	2.27942	4	1.588337
1537000	-511.5158	-564.6782	53.16241	10	2.614736	0.140579	0.00629041	0.00369934	0.0941632	0.0200576	0.0604563	0.00153043	0.100414	0.00494848	0.0470995	0.0987862	0.0448289	0.389134	0.00529694	0.213468	0.100811	0.370921	0.357072	0.707688	1.07982	1.85542	5	1.702484
1538000	-521.1516	-569.0115	47.85983	10	0.981693	0.194856	0.0270947	0.0203408	0.103458	0.00229214	0.0239568	0.0249844	0.0129468	0.00390894	0.0460975	0.190812	0.0527722	0.251875	0.0227125	0.209837	0.125953	0.160776	0.133287	0.471179	0.996899	2.39863	5	1.474674
1539000	-527.7379	-567.1835	39.44565	2	1.456712	0.133539	0.00535219	0.0132711	0.0750849	0.0732791	0.0137134	0.0399552	0.0135061	0.0223986	0.020081	0.0718418	0.0154063	0.206201	0.0269976	0.157623	0.139761	0.251478	0.218557	0.581189	1.04778	2.15248	4	1.27949
1540000	-532.2212	-571.7318	39.51068	2	0.3238803	0.056107	0.00284532	0.00916362	0.0737464	0.00594691	0.00525585	0.011133	0.00419603	0.0405669	0.0134888	0.137349	0.0282201	0.354572	0.0111564	0.153507	0.0813446	0.199383	0.0074311	0.123154	0.633811	3.2356	4	1.187982
1541000	-532.4633	-564.1206	31.65731	2	3.266774	0.13783	0.00195709	0.0224597	0.136027	0.0465455	0.0108879	0.0369115	0.0387697	0.018346	0.035127	0.182182	0.0518328	0.314504	0.0255051	0.259895	0.109927	0.227964	0.408902	0.745305	1.08355	1.76224	4	1.65667
1542000	-527.4991	-564.9845	37.48546	2	1.45419	0.161261	0.0252889	0.00422988	0.0795811	0.034354	0.0102379	0.0364172	0.0131688	0.00246149	0.0492346	0.119447	0.0362728	0.255345	2.90212e-05	0.129593	0.101547	0.269035	0.218158	0.580749	1.04761	2.15348	4	1.327503
1543000	-551.0791	-576.6382	25.55907	2	1.822549	0.269381	0.00611534	0.104072	0.140578	0.0385923	0.00255399	0.0556416	0.0299081	0.0297481	0.0475473	0.174049	0.0164606	0.532917	0.085539	0.245063	0.202959	0.36444	0.271131	0.634712	1.06484	2.02932	4	2.345565
1544000	-534.1646	-572.2273	38.06279	2	2.833698	0.199525	0.0212246	0.00743787	0.0347923	0.00890267	0.0109565	0.0267298	0.00997209	0.0299963	0.0130235	0.190509	0.0274888	0.165229	0.016749	0.215389	0.114415	0.0755241	0.375973	0.721884	1.08156	1.82058	4	1.167865
1545000	-534.9838	-569.649	34.66512	2	0.8063375	0.117049	0.00688957	8.7539e-05	0.0476074	0.00235696	0.0308154	0.0138417	0.0179207	0.0145248	0.0840991	0.195294	0.0206455	0.293446	0.0154046	0.156538	0.122282	0.107463	0.0969066	0.409673	0.958696	2.53472	4	1.246265
1546000	-532.4911	-570.4423	37.95118	2	1.543552	0.145312	0.0306826	0.0244922	0.0557865	0.0194163	0.0223014	0.0422864	0.0710331	0.0207335	0.018731	0.265547	0.0018103	0.348345	0.0343435	0.196844	0.105932	0.0739409	0.231973	0.595649	1.05288	2.1195	4	1.477538
1547000	-548.2405	-577.7705	29.53	1	1.633488	0.196675	0.00784358	0.0328794	0.0440902	0.102233	0.0323683	0.0141143	0.0197874	0.00645991	0.0397199	0.275958	0.0278956	0.315572	0.0253798	0.248593	0.136123	0.107645	0.245227	0.609366	1.05739	2.08802	3	1.633337
1548000	-518.9012	-570.0845	51.18323	10	1.685563	0.149675	0.00209855	0.0200289	0.0664104	0.0171575	0.0237638	0.00733166	0.0899745	0.0371526	0.0245574	0.247104	0.0386187	0.279055	0.0310135	0.196995	0.0499346	0.0756369	0.252618	0.616787	1.05969	2.07091	5	1.356509
1549000	-522.7219	-570.067	47.34505	10	1.654166	0.175101	0.0128104	0.013348	0.0913096	0.0295047	0.00473831	0.0377252	0.0521646	0.0204829	0.0521603	0.255211	0.0802346	0.31204	0.0406434	0.198283	0.165886	0.238843	0.248186	0.612356	1.05832	2.08113	5	1.780486
1550000	-516.076	-572.4537	56.37768	10	0.879206	0.111946	0.00373281	0.0217729	0.0547692	0.0110064	0.0214247	0.0100542	0.038725	0.036071	0.0233629	0.167769	0.00990875	0.323798	0.0382533	0.222833	0.0973738	0.154859	0.112268	0.437171	0.976698	2.47386	5	1.347659
1551000	-510.6624	-564.6379	53.9755	10	1.066739	0.17442	0.0143704	0.00775298	0.126809	0.00255531	0.0207024	0.0355235	0.0440927	0.0204363	0.0446438	0.223675	0.0147853	0.149653	0.0163156	0.391025	0.085066	0.173865	0.150075	0.495932	1.01023	2.34376	5	1.545691
1552000	-514.0428	-565.8269	51.78413	10	3.251512	0.112597	0.00224166	0.0256234	0.118473	0.04994	0.0089252	0.0221863	0.0699807	0.00121927	0.0549438	0.182593	0.012256	0.199258	0.0438122	0.348523	0.096722	0.214294	0.40783	0.744567	1.0835	1.7641	5	1.563588
1553000	-532.5058	-568.1695	35.66377	2	2.598428	0.154002	0.0274303	0.00834835	0.0610765	0.0393306	0.00271505	0.0200187	0.00292039	0.0175885	0.0164179	0.16951	0.0158333	0.200106	0.0038753	0.312922	0.0934939	0.196496	0.355594	0.706554	1.07966	1.85819	4	1.342084
1554000	-529.0848	-565.7943	36.70945	2	0.3877116	0.172007	0.0108901	0.00446784	0.0735729	0.00794918	0.00122648	0.0220988	0.0682797	0.0104643	0.0275888	0.215632	0.00330817	0.336112	0.0123526	0.0702919	0.022013	0.370665	0.0149823	0.172518	0.717633	3.09487	4	1.428919
1555000	-535.3458	-570.1773	34.83152	2	1.366242	0.137635	0.000973126	0.0374261	0.0965776	0.0268913	0.0051103	0.0741122	0.0617142	0.0354743	0.0321772	0.278028	0.00201514	0.316145	0.0509691	0.230107	0.132801	0.299104	0.203901	0.564665	1.0415	2.18994	4	1.817261
1556000	-537.4041	-565.4582	28.05412	2	2.314673	0.222207	0.0377443	0.0200747	0.0874937	0.00490895	0.00115958	0.0343772	0.044345	0.0105981	0.0718136	0.216536	0.0492387	0.265989	0.0142104	0.173599	0.0947856	0.346205	0.328151	0.684784	1.07618	1.91088	4	1.695287
1557000	-550.0552	-583.179	33.12381	2	1.143663	0.229019	0.00387835	0.0228968	0.0481721	0.0837303	0.00927179	0.0391065	0.119522	0.00271413	0.0481097	0.239561	0.0133656	0.190585	0.051815	0.174534	0.0747917	0.0715457	0.164695	0.516049	1.02025	2.299	4	1.422618
1558000	-543.5007	-573.9718	30.47109	1	0.6910856	0.14338	0.00490754	0.0133659	0.0671991	0.0466699	0.0193561	0.00842397	0.0451255	0.017052	0.0250827	0.273309	0.0251899	0.298005	0.0209161	0.109592	0.0474414	0.468452	0.0722852	0.359294	0.92152	2.6469	3	1.633468
1559000	-535.3036	-571.4185	36.11488	2	0.7057074	0.106498	0.00593949	0.00480913	0.0830595	0.157901	0.00353553	0.0188009	0.00856015	0.0227597	0.0153012	0.283505	0.0357855	0.287606	0.0082682	0.0859387	0.180735	0.167143	0.0754078	0.366211	0.926965	2.63142	4	1.476147
1560000	-533.3844	-569.9096	36.52515	2	1.933849	0.147248	0.0336312	0.00608174	0.0858157	0.00659222	0.0206665	0.0232936	0.0566611	0.00307178	0.0322716	0.264376	0.0131107	0.167672	0.0235615	0.261855	0.0930324	0.275676	0.285248	0.64779	1.06824	1.99872	4	1.514617
1561000	-528.4941	-570.6889	42.19481	2	0.6910924	0.0906795	0.0125776	0.010836	0.0644565	0.0229359	0.00156167	0.0360141	0.0153271	0.00923612	0.0452056	0.138908	0.0017602	0.203195	0.0433555	0.0752677	0.0813438	0.137353	0.0722867	0.359297	0.921522	2.64689	4	0.9900133
1562000	-535.3674	-569.5649	34.19745	2	1.85111	0.231925	0.0146686	0.0280173	0.0654052	0.00440198	0.00957643	0.0253105	0.0608336	0.0324688	0.0587882	0.321379	0.00170067	0.358377	0.038103	0.167097	0.0848874	0.237042	0.27483	0.638186	1.06577	2.02121	4	1.739981
1563000	-547.4936	-582.5609	35.06733	2	1.347284	0.313945	0.0115065	0.0141212	0.0793919	0.0616257	0.0419418	0.0596988	0.0195153	0.0189081	0.0848639	0.0953224	0.00236612	0.217493	0.0624945	0.21008	0.0868046	0.162334	0.200738	0.560992	1.04003	2.19824	4	1.542413
1564000	-530.0752	-566.4697	36.39457	2	2.232666	0.153452	0.00899033	0.00665169	0.0942048	0.0202774	0.0360449	0.010729	0.0192246	0.035836	0.0650534	0.195513	0.0411628	0.392692	0.0191109	0.142862	0.0958491	0.241016	0.319551	0.677675	1.07485	1.92792	4	1.578669
1565000	-529.522	-566.9515	37.4295	2	0.716716	0.155286	0.000586484	0.00240764	0.0439455	0.0265168	0.0303293	0.011437	0.0166323	0.0343275	0.0287417	0.143009	0.033606	0.215164	0.0206085	0.215483	0.137768	0.190233	0.0777618	0.371312	0.930909	2.62002	4	1.306083
1566000	-540.0585	-570.0559	29.99732	2	2.246338	0.195258	0.00067458	0.00041877	0.164138	0.0418722	0.0131967	0.0218715	0.0214217	0.0152751	0.061192	0.254004	0.0357031	0.308705	0.0129375	0.288988	0.061205	0.353949	0.321008	0.678889	1.07509	1.92502	4	1.850811
1567000	-531.5552	-570.4678	38.91256	2	0.5665825	0.0960534	0.0180775	0.00153252	0.102465	0.0480074	0.0263959	0.00285747	0.0488877	0.0186253	0.0369251	0.217921	0.0028708	0.21984	0.0128221	0.127	0.0491488	0.182628	0.0462973	0.293178	0.863263	2.79726	4	1.212058
1568000	-527.5651	-567.12	39.5549	2	0.668722	0.083122	0.000999457	0.00338478	0.0429076	0.00390617	0.0129321	0.00648568	0.0178161	0.0135167	0.0396125	0.0964384	0.0124645	0.379975	0.0204039	0.102541	0.0912533	0.219785	0.0675239	0.348391	0.912702	2.67138	4	1.147544
1569000	-512.9644	-568.812	55.84758	10	1.996544	0.128674	0.000711738	0.0355639	0.0707802	0.00205087	0.00977621	0.0649802	0.00662439	0.00266927	0.044657	0.169806	0.0122086	0.204332	0.0218167	0.156411	0.119078	0.272239	0.292862	0.654646	1.0699	1.98259	5	1.322379
1570000	-528.6549	-564.9934	36.33854	2	1.379156	0.180233	0.00618432	0.0258266	0.0616135	0.0298545	0.00703212	0.02729	0.00024143	0.0105836	0.0359772	0.204631	0.0584273	0.144345	0.0269618	0.120416	0.211327	0.196268	0.206037	0.567123	1.04246	2.18438	4	1.347214
1571000	-529.3729	-566.447	37.07411	2	0.5835426	0.167143	0.00696039	0.00987583	0.0816001	0.00249718	0.0100968	0.0242212	0.0170223	0.0252044	0.0318885	0.28007	0.00498451	0.105663	0.0524235	0.0482653	0.174548	0.288105	0.0497324	0.303	0.872685	2.77458	4	1.33057
1572000	-521.9259	-573.9396	52.01366	10	2.506426	0.167442	0.00825677	0.00447681	0.103195	0.0853576	0.0443342	0.00552137	0.208286	0.0387995	0.0353823	0.182372	0.01031	0.333367	0.0405419	0.00357289	0.198958	0.367738	0.347065	0.699932	1.0787	1.8743	5	1.837912
1573000	-513.8822	-573.088	59.20578	10	1.549571	0.142443	0.0199914	0.0235013	0.0765345	0.00893911	0.0155202	0.0271161	0.0267487	0.0076049	0.0798037	0.229796	0.0276756	0.0793954	0.072243	0.0380553	0.142995	0.320871	0.23288	0.596605	1.0532	2.11731	5	1.339235
1574000	-532.9064	-565.5245	32.61814	2	0.7416775	0.227714	0.0238756	0.00376663	0.0796238	0.00252159	7.45671e-05	0.0327773	0.082678	0.0147009	0.0382449	0.29258	0.015455	0.126558	0.0175435	0.0679678	0.228669	0.322725	0.0831036	0.382549	0.939385	2.59496	4	1.577476
1575000	-544.319	-571.2459	26.92692	2	4.385857	0.40922	0.000349188	0.0153389	0.142077	0.0327985	0.00159461	0.0303047	0.0444694	0.0084784	0.0732983	0.400512	0.233038	0.0623724	0.0576441	0.117221	0.0452609	0.457742	0.47438	0.787578	1.08417	1.65387	4	2.131719
1576000	-536.0976	-570.894	34.79639	1	0.7483137	0.130505	0.00162627	0.00940899	0.0861384	0.000516499	0.00522918	0.0113097	0.0659717	0.0266972	0.0191536	0.0924756	0.150498	0.15972	0.0227031	0.0404367	0.0131783	0.359647	0.0845237	0.385461	0.941536	2.58848	3	1.195215
1577000	-533.837	-569.8832	36.04626	2	0.9798886	0.169913	0.00161679	0.0266909	0.106939	0.0293757	0.0227176	0.0339795	0.0397634	0.0042086	0.0463981	0.153426	0.233775	0.170041	0.0403512	0.168755	0.0203156	0.368454	0.132924	0.470622	0.996586	2.39987	4	1.636721
1578000	-538.7028	-572.0376	33.33485	1	1.631738	0.214274	0.017179	0.017784	0.0689727	0.0197971	0.015503	0.0236017	0.0222848	0.0267559	0.053109	0.23137	0.169121	0.080574	0.0197017	0.101662	0.0258315	0.145504	0.244975	0.60911	1.0573	2.08861	3	1.253026
1579000	-540.4932	-576.6945	36.20129	2	1.672523	0.118548	0.00448834	0.0301815	0.141433	0.0179237	0.031814	0.0361753	0.0565507	0.027655	0.0179029	0.416	0.147016	0.063074	0.0293503	0.111836	0.0278529	0.273228	0.250786	0.614963	1.05913	2.07512	4	1.551029
1580000	-530.6767	-566.5857	35.90902	2	1.262507	0.202674	0.0133219	0.0187678	0.0744148	0.067215	0.0234132	0.0280589	0.0113548	0.0182086	0.0262681	0.0790649	0.247776	0.288313	0.00616938	0.112808	0.0411031	0.289615	0.186198	0.543577	1.03279	2.23743	4	1.548546
1581000	-517.8232	-568.922	51.09873	10	0.6598982	0.133853	0.00253948	0.0141841	0.0757196	0.026616	0.0215042	0.0211179	0.0139053	0.0466764	0.0499959	0.157305	0.118625	0.224057	0.00857742	0.112335	0.0487286	0.324188	0.0656519	0.343978	0.909051	2.68132	5	1.399929
1582000	-538.6646	-573.0667	34.40206	2	3.981235	0.135251	0.00190932	0.00916608	0.106686	0.0517106	0.0241903	0.0603678	0.036346	0.0152628	0.0221759	0.181029	0.20235	0.208944	0.00761252	0.0608859	0.0879262	0.364737	0.453328	0.774558	1.0844	1.68771	4	1.576551
1583000	-504.1409	-563.864	59.72311	10	0.8249567	0.13396	0.00715714	0.00142653	0.0665472	0.0350985	0.0121478	0.0217466	0.0349778	0.0292334	0.058269	0.208479	0.172276	0.314652	0.0108532	0.095983	0.037406	0.220033	0.100857	0.416991	0.963637	2.51851	5	1.460247
1584000	-538.1068	-575.9235	37.81667	2	1.554896	0.1678	0.0340083	0.0244159	0.0405853	0.0187008	0.0427267	0.0137865	0.0490887	0.0235557	0.0289854	0.286725	0.245754	0.180024	0.00784362	0.0849141	0.0039156	0.163753	0.23368	0.597446	1.05349	2.11539	4	1.416583
1585000	-518.6636	-576.6272	57.96364	10	0.6306698	0.0998413	0.000449149	0.0335766	0.0889833	0.0174722	0.00830402	0.0186507	0.024271	0.0352999	0.0225811	0.151004	0.0939861	0.116066	0.0291846	0.076059	0.0345886	0.168747	0.059489	0.328897	0.896194	2.71542	5	1.019065
1586000	-535.8573	-569.6115	33.75419	2	0.8693917	0.127063	0.00182913	0.00594058	0.130505	0.0169061	0.00873399	0.0462202	0.0131284	0.0125033	0.033025	0.264351	0.27985	0.346448	0.0395659	0.117267	0.0501966	0.344072	0.110216	0.433641	0.974472	2.48167	4	1.837605
1587000	-539.8677	-569.7492	29.88151	2	2.75333	0.171578	0.000120448	0.0112238	0.075864	0.127496	0.0498165	0.000990068	0.0758994	0.00570702	0.0390066	0.151482	0.0926832	0.419879	0.0306938	0.13163	0.0322926	0.271814	0.369231	0.716886	1.08099	1.83289	4	1.688176
1588000	-536.6912	-571.7302	35.039	2	1.021095	0.100115	0.0124434	0.00668401	0.150794	0.0593857	0.0154536	0.020189	0.000835438	0.021834	0.0582784	0.212688	0.107772	0.506063	0.0318859	0.166437	0.0585088	0.220338	0.141144	0.483002	1.00341	2.37245	4	1.749706
1589000	-537.7632	-570.3782	32.61508	2	1.506917	0.177741	0.00362403	0.0307684	0.0618217	0.036767	0.0167009	0.047248	0.0241569	0.0461164	0.0551014	0.102712	0.24409	0.277714	0.0125472	0.231189	0.0168072	0.558427	0.226389	0.589704	1.05083	2.13308	4	1.943533
1590000	-536.1411	-569.2311	33.08994	2	0.8202941	0.257677	0.0113747	0.000487929	0.0656951	0.00590646	0.00605814	0.0276323	0.0399186	0.0245777	0.0468305	0.0617877	0.183028	0.230994	0.0999239	0.106962	0.0288665	0.339804	0.0998692	0.415178	0.962423	2.52253	4	1.537524
1591000	-534.5712	-570.8193	36.24808	2	1.707002	0.139067	0.0190124	0.00146095	0.042994	0.056852	0.0108746	0.0465441	0.0267864	0.0138473	0.0230966	0.189555	0.347521	0.179664	0.0196324	0.0923624	0.0385518	0.346851	0.255603	0.61974	1.06057	2.06408	4	1.594673
1592000	-533.7103	-569.5043	35.79409	2	0.8613463	0.0764062	0.00713623	0.0201267	0.0808174	0.0283644	0.0169581	0.00165168	0.0380205	0.00116219	0.0590349	0.033512	0.238228	0.234338	0.0058179	0.086674	0.00844776	0.288984	0.10853	0.430708	0.972604	2.48816	4	1.225679
1593000	-519.8089	-569.5756	49.76664	10	1.97606	0.146913	0.00446304	0.0273731	0.062993	0.0107282	0.0140078	0.00831418	0.0748848	0.00843367	0.0810327	0.184526	0.1979	0.19435	0.0601453	0.0884481	0.032197	0.316392	0.2904	0.652444	1.06938	1.98778	5	1.513102
1594000	-538.749	-570.4376	31.68853	2	1.743257	0.262682	0.00874033	0.0348678	0.0684873	0.0790037	0.0375594	0.0100269	0.0152958	0.0157922	0.044355	0.0831796	0.324522	0.25735	0.0193014	0.137963	0.0612779	0.219289	0.260575	0.624604	1.062	2.05282	4	1.679694
1595000	-534.9198	-572.3976	37.47787	2	1.639172	0.219034	0.0101573	0.0180687	0.0320045	0.00154869	0.0166161	0.0171651	0.0577482	0.00739715	0.0438769	0.117845	0.173008	0.175687	0.0212475	0.0766821	0.0319371	0.323842	0.246043	0.610194	1.05765	2.08612	4	1.343864
1596000	-533.3547	-569.2947	35.94	2	1.476494	0.179422	0.00989771	0.000270939	0.122825	0.00781572	0.00790339	0.041837	0.0635416	0.036367	0.0465775	0.0958688	0.14238	0.29453	0.0504538	0.0475919	0.00143949	0.359924	0.221668	0.584596	1.04901	2.14472	4	1.508645
1597000	-537.7522	-574.9975	37.2453	2	1.379778	0.18684	0.00507475	0.0592711	0.0747836	0.0323719	0.0131439	0.0395635	0.016558	0.0220921	0.0757041	0.393987	0.151529	0.228868	0.00546462	0.10518	0.0433248	0.0241239	0.206139	0.56724	1.04251	2.18412	4	1.477879
1598000	-527.8776	-564.5968	36.71918	2	1.339877	0.141558	0.00904903	0.000983495	0.042706	0.0139749	0.000811993	0.0406468	0.028503	0.0198033	0.0341023	0.453495	0.158344	0.19275	0.0449434	0.142681	0.0233575	0.223954	0.199494	0.559536	1.03945	2.20152	4	1.571664
1599000	-514.049	-568.0499	54.00088	10	3.164521	0.228412	0.0148117	0.0170488	0.0548243	0.00182639	0.00671083	0.057477	0.022029	0.0131822	0.0604006	0.343875	0.257816	0.30587	0.00493132	0.15253	0.0464701	0.161296	0.401602	0.740249	1.08322	1.77493	5	1.749511
1600000	-543.0457	-578.9213	35.87556	1	0.5488949	0.135636	0.00581725	0.0625092	0.0290297	0.0530322	0.0135223	0.0160484	0.0279012	0.0086137	0.0429578	0.117483	0.169219	0.186118	0.00141265	0.132483	0.00925352	0.0962022	0.0427699	0.282642	0.852826	2.82176	3	1.10724
1601000	-533.1351	-570.1719	37.0368	2	1.442373	0.178699	0.00104396	0.017748	0.0584717	0.0294444	0.0207598	0.00839776	0.0483934	0.0186844	0.0483864	0.282274	0.141479	0.117485	0.00879648	0.0850091	0.0478208	0.268318	0.216282	0.578675	1.04685	2.15819	4	1.381211
1602000	-515.9536	-574.9399	58.98632	10	1.002286	0.0875144	0.0154205	0.00694916	0.0952196	0.0594747	0.00877964	0.0304476	0.0170112	5.01734e-05	0.0435432	0.321866	0.233467	0.223409	0.0418668	0.149214	0.0210372	0.221803	0.13741	0.477438	1.00038	2.38477	5	1.577072
1603000	-522.1527	-577.3523	55.19953	10	0.9776831	0.0882662	0.0487281	0.0361995	0.0668616	0.0109096	0.00123007	0.0160934	0.0478756	0.00936351	0.0327851	0.203846	0.107062	0.254486	0.00491021	0.0446422	0.0749451	0.218575	0.13248	0.46994	0.996201	2.40138	5	1.26678
1604000	-528.845	-567.2021	38.35709	2	0.8334651	0.126679	0.000205047	0.0190458	0.04198	0.041731	0.0255723	0.00412747	0.0449643	0.0199192	0.0545784	0.170706	0.131932	0.170368	0.0131249	0.063241	0.0174959	0.235051	0.102657	0.420266	0.965813	2.51126	4	1.180722
1605000	-517.8692	-573.2561	55.38697	10	1.62145	0.154113	0.0136143	0.046579	0.0970466	0.0617255	0.00617885	0.0240063	0.0130154	0.024858	0.0523791	0.348499	0.0936884	0.227423	0.00323898	0.172107	0.0122531	0.148819	0.243489	0.607598	1.05682	2.09209	5	1.499544
1606000	-516.3194	-570.3466	54.02711	10	1.376754	0.121623	0.0026704	0.0253619	0.173063	0.0439219	0.0349106	0.0173505	0.0274746	0.0260253	0.0209541	0.267779	0.161711	0.339788	0.0561416	0.147456	0.00871299	0.124568	0.20564	0.566668	1.04228	2.18541	5	1.599512
1607000	-530.4413	-568.3057	37.86433	2	1.211074	0.0992792	0.00277462	0.00421437	0.0818646	0.0250374	0.024327	0.017627	0.0148669	0.0120802	0.0753964	0.225298	0.110012	0.284916	0.0360625	0.0932668	0.00473297	0.183965	0.177054	0.532147	1.02775	2.26305	4	1.29572
1608000	-532.9308	-569.7427	36.81186	1	0.2931476	0.0730619	0.006959	0.00453343	0.0479725	0.00569619	0.019363	0.00401331	0.0337012	0.0203415	0.0232277	0.211968	0.19139	0.196245	0.0219297	0.0671574	0.00258441	0.10904	0.00475594	0.099176	0.584113	3.31195	3	1.039185
1609000	-534.4709	-570.7369	36.26595	2	3.298035	0.184342	0.00975814	0.00443049	0.149355	0.00787832	0.00102645	0.0331737	0.0204547	0.0193226	0.035264	0.185348	0.119298	0.181854	0.0326668	0.115409	0.0105903	0.119214	0.41108	0.7468	1.08364	1.75848	4	1.229386
1610000	-507.8099	-565.7001	57.89023	10	0.5930548	0.121178	0.00375925	0.0142063	0.0567987	0.0210001	0.027568	0.0113083	0.000534436	0.0155448	0.0368542	0.124487	0.204919	0.169521	0.00237754	0.119275	0.0255448	0.224082	0.0516788	0.30839	0.877734	2.7622	5	1.178958
1611000	-510.5051	-569.1663	58.66123	10	0.9095093	0.0861476	0.00242323	0.019248	0.0539813	0.046165	0.00658621	0.025914	0.0267775	0.0145491	0.0391711	0.080481	0.14902	0.40318	0.0504798	0.107759	0.0180374	0.217067	0.118564	0.447755	0.983223	2.45046	5	1.346987
1612000	-517.772	-569.0319	51.25991	10	5.670137	0.128383	0.0191539	0.0363966	0.100412	0.0589019	0.012071	0.0352269	0.0701097	0.0133667	0.0611507	0.0786173	0.130069	0.275161	0.0404617	0.0765784	0.0392077	0.321909	0.527735	0.818431	1.08198	1.57185	5	1.497177
1613000	-544.3024	-573.3906	29.0882	2	1.197266	0.175119	0.00814722	0.0109818	0.0649068	0.0283163	0.0516739	0.00493545	0.00777079	0.0284428	0.0770315	0.518188	0.304926	0.214258	0.033863	0.199719	0.0417628	0.636668	0.174557	0.528957	1.0263	2.27019	4	2.406711
1614000	-547.9385	-577.217	29.27854	2	2.843322	0.161651	0.0466752	0.000321379	0.0740655	0.0322179	0.0237979	0.00622277	0.013457	0.0139413	0.0161111	0.0523585	0.327211	0.34034	0.0728641	0.12505	0.00122094	0.452806	0.376766	0.722467	1.08162	1.81914	4	1.760312
1615000	-545.0285	-573.0982	28.06968	2	2.10847	0.346251	0.01022	0.0278554	0.16385	0.00277185	0.055603	0.0252043	0.0101407	0.0319636	0.111299	0.177698	0.298107	0.392439	0.0158962	0.113838	0.0241636	0.620846	0.305888	0.666074	1.07248	1.95556	4	2.428148
1616000	-525.2659	-565.7244	40.45854	2	0.4015216	0.137219	0.000531434	0.0182676	0.0505585	0.0161445	0.00275307	0.0156081	0.0338991	0.00324533	0.0244092	0.107161	0.0901897	0.214157	0.0194307	0.0532247	0.0121731	0.383831	0.0169345	0.182892	0.732922	3.06725	4	1.182803
1617000	-519.9152	-574.9673	55.05211	10	1.125379	0.112879	0.0146781	0.00697163	0.104237	0.0104018	0.0440214	0.0151235	0.0362182	0.0292424	0.0368876	0.227109	0.176424	0.34865	0.0278444	0.0996285	0.0324574	0.0701348	0.16127	0.511445	1.01802	2.30926	5	1.392908
1618000	-531.5132	-568.212	36.69887	2	1.533031	0.181802	0.00941294	0.0133645	0.0883649	0.00231667	0.00651827	0.0143621	0.00247223	0.0157758	0.0385552	0.149719	0.128356	0.213895	0.0122819	0.131087	0.0137264	0.271496	0.23038	0.593964	1.0523	2.12335	4	1.293505
1619000	-532.9401	-568.8976	35.95753	2	0.6527633	0.135619	0.00533496	0.0192115	0.0770085	0.019119	0.00555378	0.0205124	0.0836431	0.0149448	0.0398566	0.241773	0.153263	0.306596	0.00759161	0.124976	0.0218441	0.330864	0.0641417	0.340363	0.906022	2.68947	4	1.607711
1620000	-518.2212	-570.5421	52.32096	10	1.456089	0.107866	0.0252248	0.0352486	0.113851	0.0042591	0.0111911	0.0213731	0.0459292	0.00507567	0.0627331	0.115816	0.18415	0.515889	0.00198241	0.106602	0.0230476	0.31214	0.218459	0.58108	1.04774	2.15273	5	1.692378
1621000	-528.6391	-576.553	47.91393	10	2.190752	0.277429	0.00211605	0.00737548	0.124291	0.086756	0.0470944	0.0550452	0.0145289	0.0166023	0.0301279	0.194531	0.176583	0.18133	0.0376823	0.183464	0.0210278	0.270382	0.315029	0.673877	1.0741	1.93699	5	1.726367
1622000	-539.0769	-572.7376	33.6607	2	4.056186	0.17554	0.00331227	0.0124936	0.0787784	0.0141904	0.0340912	0.0241312	0.126079	0.0058034	0.0865986	0.170721	0.191537	0.259148	0.029701	0.0466142	0.0200893	0.367347	0.457422	0.77713	1.08439	1.68106	4	1.646175
1623000	-508.5718	-571.9756	63.40377	10	0.6631828	0.0957433	0.0243628	0.00231731	0.0793847	0.0378066	0.0287019	0.00617811	0.0150451	0.00195995	0.05602	0.120254	0.170493	0.158778	0.00575948	0.0485104	0.0041894	0.141326	0.0663482	0.345628	0.910422	2.6776	5	0.9968292
1624000	-540.471	-575.9069	35.43589	2	0.573438	0.133206	0.0135984	0.0178514	0.0516628	0.0143036	0.0145662	0.00457092	0.00546526	0.0397043	0.0435947	0.0216017	0.24387	0.327773	0.0109789	0.117048	0.0105984	0.487413	0.04768	0.297181	0.867138	2.788	4	1.557806
1625000	-539.3179	-571.2866	31.96878	2	1.106219	0.161244	0.0132522	0.0100393	0.0484205	0.0411331	0.00156353	0.0133986	0.020945	0.0186414	0.0285511	0.247628	0.225843	0.239061	0.050108	0.0933685	0.0638751	0.305916	0.157647	0.506505	1.01559	2.32026	4	1.582989
1626000	-534.7119	-571.0196	36.30772	2	1.616049	0.220072	0.00400981	0.0728268	0.084477	0.0333738	0.0119718	0.018357	0.0510028	0.00352812	0.0421185	0.144368	0.255114	0.328983	0.00940547	0.0341668	0.0159495	0.263908	0.242706	0.606798	1.05657	2.09393	4	1.593633
1627000	-513.0104	-570.8434	57.83307	10	0.6245078	0.101555	0.00944031	0.00727179	0.144311	0.0321714	0.0326401	0.00403305	0.0191293	0.00465642	0.0462549	0.10843	0.250456	0.199864	0.00994656	0.133911	0.0211146	0.280973	0.0581989	0.325624	0.893325	2.72285	5	1.406158
1628000	-520.8923	-564.4844	43.59208	10	0.8803028	0.17061	0.00812849	0.0106599	0.0913457	0.0698893	0.00647122	0.0286802	0.024515	0.0037204	0.0482733	0.313959	0.206049	0.119018	0.0095726	0.116196	0.022179	0.313276	0.112497	0.437562	0.976943	2.473	5	1.562543
1629000	-529.5294	-571.0863	41.55695	2	0.4163842	0.0715501	0.00375519	0.0087	0.0368174	0.05373	0.00542963	0.0139644	0.00803235	0.0153473	0.0367085	0.16935	0.0589204	0.100642	0.0161856	0.0834011	0.0666967	0.158696	0.0191473	0.193886	0.748418	3.03855	4	0.9079269
1630000	-536.0172	-571.1439	35.12668	2	4.882601	0.139432	0.00721516	0.0261597	0.0921357	0.000748374	0.0456242	0.0115007	0.0351919	0.0097594	0.0348867	0.144101	0.142063	0.24711	0.0628506	0.159199	0.0356285	0.257533	0.497127	0.801092	1.0835	1.61828	4	1.451138
1631000	-543.9838	-572.3705	28.3867	2	4.760701	0.198356	0.0109979	0.00545401	0.189943	0.000329475	0.00323855	0.043666	0.0811027	0.00419316	0.0458611	0.300058	0.29583	0.30341	0.0303937	0.056426	0.0089584	0.441787	0.491825	0.797991	1.08369	1.62649	4	2.020004
1632000	-536.8698	-571.5215	34.65168	2	2.657052	0.183352	0.00234612	0.00226408	0.0695536	0.0410712	0.0177577	0.0192455	0.0258092	0.0616657	0.0631368	0.0573222	0.0925239	0.348752	0.0753066	0.114281	0.0214934	0.330332	0.360858	0.710579	1.08021	1.84836	4	1.526213
1633000	-520.028	-571.6546	51.62655	10	0.8164905	0.262222	0.00322731	0.00590526	0.0607028	0.00561066	0.0215403	0.00551577	0.0501853	0.00182554	0.0421438	0.0188563	0.190164	0.467092	0.0055782	0.0638325	0.01194	0.276048	0.0990626	0.413689	0.961421	2.52583	5	1.492389
1634000	-539.0384	-572.0057	32.96732	2	2.322218	0.210615	0.012261	0.0128635	0.110417	0.0787594	0.00853635	0.0222374	0.0197325	0.0230913	0.0466051	0.175497	0.347566	0.261632	0.0542911	0.0994153	0.0655071	0.283311	0.328926	0.685418	1.0763	1.90936	4	1.832339
1635000	-535.6114	-568.2723	32.66088	2	2.121387	0.181913	0.031256	0.00921673	0.0841435	0.00799675	0.0271519	0.0264699	0.0157336	0.00647169	0.0530804	0.036689	0.169234	0.297135	0.0152404	0.12925	0.0087657	0.416201	0.307347	0.667331	1.07275	1.95257	4	1.51595
1636000	-529.9191	-566.4081	36.48902	2	1.811819	0.104657	0.000818325	0.00117194	0.0559162	0.0386391	0.0420536	0.00716248	0.0668501	0.0085105	0.0527737	0.262146	0.239882	0.0720432	0.013598	0.0675515	0.0578989	0.333949	0.269728	0.633385	1.06448	2.03241	4	1.425623
1637000	-537.1644	-571.3879	34.22346	2	1.017629	0.144813	0.0325816	0.000564577	0.11865	0.0304957	0.0237625	0.0148697	0.0616746	0.00813832	0.0356702	0.211626	0.136464	0.281696	0.0257821	0.0775466	0.0230904	0.263394	0.140458	0.481987	1.00286	2.37469	4	1.49082
1638000	-541.7906	-572.2923	30.50171	2	1.568245	0.236086	0.00661346	0.000463719	0.0472896	0.0645547	0.0317007	0.0198171	0.00367786	0.0363833	0.0501867	0.208171	0.273373	0.173771	0.0533332	0.0712281	0.0733678	0.506626	0.235675	0.599535	1.05419	2.1106	4	1.856644
1639000	-540.3824	-571.5491	31.16662	1	0.9204485	0.139025	0.00529669	0.0110353	0.0599601	0.00736071	0.00729973	0.0232023	0.0279265	0.0249567	0.0343538	0.354445	0.180213	0.250209	0.00173465	0.0560559	0.00787453	0.350029	0.120821	0.451462	0.985458	2.44226	3	1.540978
1640000	-550.7297	-581.0941	30.36437	1	0.7183453	0.108801	0.00954783	0.0397916	0.202241	0.00754355	0.007786	0.025947	0.0882941	0.00280335	0.0144704	0.161355	0.201263	0.22407	0.0120769	0.154842	0.0196298	0.360951	0.0781103	0.372059	0.931481	2.61835	3	1.641414
1641000	-542.2106	-573.8819	31.6713	1	0.9327518	0.116008	0.0051954	0.00587436	0.103819	0.00436134	0.00517834	0.0158271	0.0053561	0.0101517	0.0380878	0.230498	0.105931	0.247725	0.0242822	0.0964061	0.00223885	0.47234	0.123348	0.455562	0.987898	2.43319	3	1.48928
1642000	-542.9587	-573.5775	30.61887	2	5.077598	0.112205	0.0188939	0.0111859	0.10786	0.0137743	0.013876	0.0340026	0.147106	0.00476589	0.0945511	0.241592	0.485855	0.172862	0.00640174	0.0104834	0.0950432	0.327594	0.505269	0.805796	1.08316	1.60577	4	1.898053
1643000	-533.3784	-572.2092	38.83078	2	0.8721721	0.246751	0.00765397	0.046591	0.0360108	0.0416352	0.0120354	0.0165336	0.0154514	0.0162661	0.0207822	0.142984	0.247386	0.0287052	0.00592654	0.0674984	0.0215665	0.312258	0.110798	0.434646	0.975108	2.47945	4	1.286035
1644000	-542.3486	-575.9265	33.57791	2	1.005373	0.263327	0.0203445	0.0129774	0.119357	0.0140384	0.00655924	0.00446072	0.00283286	0.0202974	0.0595074	0.196898	0.202181	0.0781145	0.0501875	0.148488	0.0233469	0.30328	0.138025	0.478361	1.00088	2.38273	4	1.526198
1645000	-539.3035	-570.0765	30.77303	2	5.458517	0.192983	0.00543071	0.00275961	0.10423	0.016588	0.0296237	0.0231583	0.0203424	0.0702754	0.0693788	0.243397	0.229169	0.116334	0.0392011	0.105985	0.0367361	0.449283	0.520074	0.814178	1.08243	1.58332	4	1.754875
1646000	-532.6604	-570.8377	38.17724	2	1.591284	0.0748767	0.00489405	0.0217418	0.0681857	0.00903004	0.0217166	0.00190021	0.016628	0.038186	0.0491526	0.26196	0.340827	0.261335	0.0100741	0.110722	0.0260347	0.10319	0.239086	0.603078	1.05536	2.10248	4	1.420454
1647000	-508.5523	-565.4397	56.88737	10	1.145453	0.133991	0.00902189	0.0084255	0.0793034	0.0194345	0.0156184	0.0394392	0.02039	0.0141153	0.0473802	0.247604	0.112112	0.170382	0.0452822	0.0759762	0.0126795	0.311037	0.165029	0.516494	1.02046	2.29801	5	1.362193
1648000	-520.26	-569.9989	49.73893	10	1.39116	0.227024	0.00440204	0.000772513	0.103964	0.0355343	0.0361855	0.0473037	0.021878	0.0319397	0.0419088	0.12606	0.259155	0.219286	0.0299562	0.121687	0.0655982	0.155508	0.208009	0.569377	1.04333	2.17928	5	1.528162
1649000	-535.1422	-572.1372	36.99504	2	1.283534	0.142759	0.00180356	0.00553945	0.0290933	0.0493431	0.000615076	0.0292964	0.0144472	0.0456294	0.00753024	0.185666	0.098159	0.311713	0.086063	0.102497	0.0364018	0.274182	0.189866	0.548055	1.0347	2.22738	4	1.420738
1650000	-534.1303	-572.8779	38.74758	2	0.2266186	0.115539	0.00522363	0.0138223	0.0923898	0.0646186	0.00197973	0.0128649	0.0146134	0.0175924	0.0365843	0.0574092	0.389307	0.361817	0.00712532	0.0695714	0.0098574	0.0588638	0.00119498	0.0504041	0.449519	3.49888	4	1.32918
1651000	-527.5846	-582.6904	55.10576	10	0.9464331	0.10919	0.0315781	0.0203282	0.0476256	0.0159474	0.0107032	0.0201649	0.151401	0.00522226	0.108137	0.18692	0.317898	0.489909	0.0260673	0.0261378	0.0139698	0.163247	0.126146	0.460037	0.990524	2.42329	5	1.744447
1652000	-533.1827	-570.8952	37.71252	2	1.886158	0.0869767	0.00512996	0.0314357	0.054987	0.0538187	0.0232025	0.0123208	0.0255264	0.00125756	0.0616549	0.0958892	0.365594	0.231144	0.0569242	0.0947299	0.0241665	0.229575	0.279296	0.642335	1.06686	2.01151	4	1.454333
1653000	-550.3561	-579.4611	29.10506	2	1.505801	0.286885	0.0155308	0.0403744	0.170245	0.0486793	0.0510155	0.00722617	0.0897757	0.00972789	0.0372794	0.229991	0.799129	0.014295	0.00680848	0.0748289	0.0106618	0.497838	0.226217	0.589519	1.05076	2.1335	4	2.390291
1654000	-537.6007	-572.6375	35.03679	2	1.163956	0.0823337	0.0367887	0.00636649	0.077634	0.0016968	0.0165314	0.0139216	0.00603875	0.0145498	0.0626263	0.169905	0.221321	0.132427	0.0397894	0.108371	0.0357872	0.265429	0.168461	0.521037	1.02262	2.28788	4	1.291518
1655000	-539.6363	-568.9708	29.33447	2	1.838006	0.189839	0.00846372	0.00813534	0.0637844	0.0687519	0.00453285	0.0517122	0.0203007	0.0207265	0.110724	0.211249	0.291751	0.0938883	0.0293246	0.137648	0.0111414	0.666418	0.273139	0.636602	1.06535	2.02491	4	1.988391
1656000	-525.9101	-566.3802	40.47016	2	1.273719	0.163932	0.000875909	0.010637	0.105673	0.0536354	0.0178492	0.00755454	0.0119921	0.0130291	0.037865	0.0985908	0.218037	0.126018	0.0158973	0.103128	0.00874318	0.326884	0.188159	0.545979	1.03382	2.23204	4	1.320342
1657000	-535.2851	-570.8732	35.58807	2	1.336816	0.131922	0.00094069	0.00033449	0.125708	0.012873	0.0460837	0.00197449	0.00907587	0.00454302	0.0262746	0.119825	0.24754	0.314405	0.00471305	0.140178	0.0778358	0.286698	0.198978	0.558931	1.03921	2.20289	4	1.550925
1658000	-540.1115	-570.8419	30.73037	2	4.16438	0.151455	0.00598861	0.00201464	0.124601	0.070764	0.0390158	0.0137465	0.00637441	0.030189	0.0417066	0.354913	0.167387	0.115531	0.0282553	0.126975	0.0630556	0.267557	0.463171	0.780708	1.08434	1.67178	4	1.609529
1659000	-538.8832	-578.1212	39.23805	2	0.440287	0.0777097	0.00536482	0.0518539	0.0776366	0.0214686	0.0163898	0.0185197	0.0768874	0.00707984	0.0621468	0.108846	0.458714	0.140723	0.0607678	0.0522417	0.00686531	0.158692	0.0229294	0.21116	0.771439	2.99447	4	1.401907
1660000	-509.8713	-572.5971	62.7258	10	0.2231976	0.033497	0.00143869	0.0323015	0.0456389	0.0436979	0.0246882	0.0153583	0.00207019	0.0143087	0.0248771	0.1277	0.186703	0.201402	0.0380771	0.0579291	0.0120312	0.225236	0.00108849	0.048138	0.44146	3.50931	5	1.086955
1661000	-536.6495	-571.9356	35.28611	2	0.7101127	0.142693	0.00429468	0.0124691	0.072385	0.047092	0.00402837	0.0386123	0.0314288	0.0323559	0.0337487	0.123676	0.448405	0.0928855	0.0193991	0.0937415	0.05275	0.197491	0.0763495	0.368263	0.928559	2.62683	4	1.447456
1662000	-510.3607	-569.1047	58.744	10	0.3666733	0.0773507	0.000210582	0.00910376	0.0714782	0.0159765	0.00788739	0.0100466	0.0325098	0.0159759	0.062132	0.121353	0.142078	0.102496	0.0363614	0.0570902	0.0210271	0.21355	0.0122147	0.156459	0.692543	3.13878	5	0.9966265
1663000	-523.2786	-573.2065	49.92788	10	1.410994	0.107831	0.00853534	0.00183704	0.0786883	0.0242389	0.0172276	0.0476543	0.0177418	0.0145785	0.0279363	0.334087	0.207578	0.361937	0.0453264	0.112786	0.0732041	0.0993614	0.21124	0.573038	1.04474	2.17099	5	1.580548
1664000	-533.4869	-569.3273	35.8404	2	2.255846	0.251269	0.0112811	0.0216986	0.0849586	0.0192117	0.00716688	0.0114299	0.0298262	0.0389629	0.048501	0.170406	0.254152	0.349651	0.0618779	0.0804806	0.00331962	0.13533	0.322015	0.679726	1.07525	1.92301	4	1.579523
1665000	-529.6542	-570.1006	40.44642	2	0.9587934	0.0915072	0.000586928	0.008454	0.0477926	0.0628729	0.0283498	0.0222279	0.0664776	0.0128609	0.0382761	0.1017	0.353222	0.228239	0.0211843	0.0458039	0.0203744	0.114495	0.12866	0.464006	0.992822	2.41451	4	1.264424
1666000	-544.052	-571.9997	27.94772	1	1.077106	0.272664	0.00356567	0.0223446	0.0843926	0.000300202	0.0262612	0.0381473	0.0204225	0.00713215	0.0198681	0.216329	0.43926	0.326607	0.0830305	0.0668814	0.0359164	0.184079	0.152077	0.498761	1.01169	2.33747	3	1.847202
1667000	-537.7238	-564.7658	27.04198	2	1.545743	0.267133	0.00208793	0.0196485	0.101123	0.0440478	0.00285262	0.0265519	0.0526549	0.0366138	0.010442	0.295876	0.631593	0.512984	0.013574	0.0925934	0.0551679	0.0385763	0.232303	0.595997	1.053	2.1187	4	2.203521
1668000	-537.0653	-572.9798	35.91455	2	1.503711	0.140194	0.000477694	0.0411934	0.156912	7.05137e-05	0.0070496	0.0214994	0.0252078	0.0359131	0.0816603	0.149243	0.156372	0.330035	0.00550158	0.0565259	0.0241597	0.172223	0.225895	0.589173	1.05064	2.13429	4	1.404236
1669000	-539.1972	-568.9371	29.7399	2	1.614071	0.159326	0.00368279	0.0144505	0.0718667	0.00525431	0.0127417	0.0186673	0.0386045	0.0210686	0.0239003	0.270124	0.362344	0.458034	0.0875577	0.13188	0.0228276	0.116464	0.242418	0.606504	1.05647	2.0946	4	1.818794
1670000	-539.7628	-571.5404	31.77758	2	1.229574	0.201339	0.00696004	0.0377084	0.0742749	0.0798558	0.0220383	0.0150503	0.039186	0.00781566	0.0584577	0.259298	0.656416	0.0391198	0.0520471	0.113673	0.00873905	0.415796	0.180371	0.536339	1.02962	2.25367	4	2.087775
1671000	-528.4465	-567.9638	39.5173	2	1.428339	0.163452	0.00245822	0.0168646	0.0713303	0.00353733	0.017995	0.0132299	0.0895478	0.0151734	0.0580123	0.128692	0.381188	0.0491821	0.0159486	0.0725161	0.0327141	0.276929	0.214037	0.576177	1.04592	2.16387	4	1.408771
1672000	-537.1916	-577.0215	39.82982	2	1.158267	0.096147	0.0099395	0.00391528	0.0869007	0.0759027	7.00758e-05	0.0203913	0.00849647	0.0205678	0.0359291	0.0995124	0.268885	0.113916	0.0545392	0.161521	0.0144895	0.121789	0.167409	0.519651	1.02197	2.29097	4	1.192912
1673000	-521.4647	-564.8973	43.43257	10	2.551851	0.134309	0.000191633	0.015232	0.109262	0.00855899	4.49336e-05	0.0414698	0.0300985	0.035849	0.0221513	0.19943	0.529371	0.117701	0.0267677	0.082047	0.0284482	0.292024	0.351318	0.703249	1.07919	1.86624	5	1.672957
1674000	-523.3495	-573.7674	50.41795	10	0.9619524	0.154518	0.00167532	0.00276618	0.0403267	0.00256014	0.0667882	0.00614538	0.0655242	0.0173484	0.0425258	0.284681	0.485591	0.11509	0.0333233	0.163676	0.041636	0.339196	0.129301	0.465009	0.993398	2.41229	5	1.863372
1675000	-525.379	-571.4416	46.06257	10	0.5953957	0.113561	0.006738	0.0242657	0.0319256	0.018326	0.00556632	0.0261304	0.00165372	0.025256	0.0552985	0.136235	0.437323	0.0994069	0.0326725	0.0880862	0.0247402	0.26326	0.0521598	0.309703	0.878952	2.75919	5	1.390445
1676000	-550.8769	-582.8231	31.94624	2	0.7539944	0.418544	0.00886504	0.0205154	0.0905853	0.0287216	0.00245068	0.0223836	0.0802113	0.016296	0.0469671	0.207539	0.27906	0.312149	0.0103232	0.0614714	0.000928389	0.23639	0.0857391	0.387931	0.943344	2.58299	4	1.843401
1677000	-520.5851	-569.3165	48.73143	10	1.627077	0.107663	0.0129381	0.00788823	0.0705371	0.0214043	0.0495069	0.0067998	0.0186981	0.00551762	0.0627776	0.144378	0.262639	0.377693	0.0378956	0.0819434	0.0101699	0.166676	0.244303	0.608427	1.05709	2.09018	5	1.445126
1678000	-530.1002	-569.0636	38.96344	2	1.254924	0.184666	0.007731	0.0204362	0.0920669	0.003192	0.00349261	0.024802	0.0068468	0.0180429	0.0314807	0.257315	0.147497	0.184926	0.000837686	0.10505	0.039636	0.294136	0.184865	0.541935	1.03208	2.24112	4	1.422154
1679000	-514.4393	-574.023	59.5837	10	1.705856	0.147274	0.00468834	0.00887039	0.161812	0.0121904	0.0107979	0.0475728	0.0726005	0.00311142	0.0478169	0.135908	0.319393	0.281275	0.0644502	0.0617227	0.0115803	0.187574	0.255444	0.619584	1.06053	2.06444	5	1.578638
1680000	-535.1308	-574.2248	39.094	2	0.4568046	0.0973954	0.0057843	0.0115216	0.0974491	0.105258	0.0249193	0.00447089	0.00871165	0.0059475	0.0358397	0.179816	0.269989	0.145893	0.0231388	0.067231	0.007499	0.242026	0.0256891	0.222784	0.786103	2.96542	4	1.332889
1681000	-533.8059	-568.1755	34.36961	2	1.140129	0.127568	0.0215459	0.0260282	0.0897196	0.0534674	0.0197306	0.034788	0.0150829	0.0103734	0.0507061	0.322758	0.194571	0.148037	0.0191274	0.103359	0.00976546	0.342957	0.164036	0.515167	1.01983	2.30097	4	1.589585
1682000	-528.9324	-571.1484	42.21599	10	1.368717	0.127329	0.00242509	0.0138367	0.109034	0.0490835	0.00060173	0.0459391	0.102348	0.0115103	0.0484919	0.168448	0.519155	0.066715	0.0231905	0.00358841	0.00553576	0.631716	0.204311	0.565138	1.04168	2.18887	5	1.928947
1683000	-541.1991	-577.249	36.04989	2	2.538057	0.116042	0.00307971	0.0101899	0.0612974	0.0309291	0.0211467	0.0426377	0.0196155	0.00507936	0.0861865	0.132207	0.168988	0.20042	0.0120643	0.171082	0.0752604	0.113916	0.350035	0.702252	1.07905	1.86867	4	1.270142
1684000	-542.1159	-569.2364	27.12052	1	2.317009	0.124846	0.0136146	0.0269879	0.122949	0.00911463	0.00403044	0.0444572	0.00493547	0.00150195	0.0495053	0.289031	0.348168	0.314481	0.0576777	0.142219	0.0420008	0.210411	0.328391	0.684981	1.07622	1.91041	3	1.805932
1685000	-540.6863	-570.0771	29.39083	2	2.488604	0.257949	0.0596553	0.00423581	0.0774459	0.0626392	0.00733205	0.021499	0.040366	0.00777655	0.0811367	0.222885	0.286201	0.317831	0.0261025	0.129472	0.0176744	0.264209	0.345373	0.698604	1.0785	1.87753	4	1.884411
1686000	-513.3433	-570.3865	57.04323	10	1.359987	0.151395	0.0157718	0.0229309	0.0533491	0.0140713	0.00399549	0.0268248	0.0198628	0.0425863	0.0970615	0.212467	0.252553	0.289096	0.0315436	0.130347	0.0296823	0.191886	0.202861	0.563461	1.04102	2.19266	5	1.585425
1687000	-512.1061	-567.3225	55.21639	10	4.093786	0.120351	0.00844999	0.00412216	0.0642832	0.0107194	0.0292503	0.000656747	0.00848984	0.0194732	0.0435774	0.186716	0.295378	0.208598	0.0264525	0.18862	0.044742	0.137146	0.459441	0.778391	1.08437	1.67779	5	1.397026
1688000	-505.627	-569.6957	64.06867	10	0.2491932	0.0569001	0.00116679	0.00362644	0.0609845	0.000485798	0.00808868	0.0243763	0.00110401	0.034006	0.0110767	0.082066	0.171413	0.105692	0.0111248	0.0678592	0.0362922	0.146811	0.00207437	0.0661079	0.499781	3.43204	5	0.8230739
1689000	-525.279	-573.5383	48.2593	10	0.6128348	0.126917	0.00242137	0.0103004	0.0598671	0.0348148	0.013914	0.0249854	0.0211057	0.00648964	0.0690077	0.12388	0.274039	0.225939	0.00893826	0.104339	0.0233073	0.0446534	0.0557656	0.319332	0.887728	2.73717	5	1.17492
1690000	-549.2747	-581.4056	32.13096	2	0.9214341	0.176152	0.00447479	0.049597	0.146252	0.0379614	0.012521	0.0438622	0.0499394	0.00250061	0.0539021	0.281936	0.412624	0.290364	0.0535836	0.0679732	0.0331158	0.094153	0.121023	0.451793	0.985656	2.44153	4	1.810912
1691000	-535.244	-569.9686	34.72462	2	2.501793	0.0850336	0.0145928	0.000277197	0.098365	0.0177253	0.0478939	0.00551741	0.0389382	0.0126243	0.0220225	0.253835	0.269538	0.288485	0.0506813	0.0685045	0.025541	0.0778798	0.346627	0.699588	1.07865	1.87514	4	1.377455
1692000	-538.8243	-575.3191	36.49483	2	1.67361	0.185594	0.0417061	0.0207523	0.0381996	0.0230099	0.030678	0.019044	0.0780956	0.0219046	0.0273089	0.184047	0.241987	0.249153	0.0359976	0.0863413	0.0425123	0.143375	0.250939	0.615116	1.05918	2.07477	4	1.469707
1693000	-515.8117	-570.8095	54.99784	10	0.8969401	0.102301	0.0042813	0.00199717	0.0641212	0.0389824	0.0161842	0.0192721	0.0123046	0.0133302	0.0746699	0.136417	0.254906	0.180138	0.0346258	0.0833929	0.0549165	0.146544	0.11596	0.443422	0.980578	2.46004	5	1.238384
1694000	-529.321	-570.1433	40.82231	2	0.4558894	0.0713423	0.00529951	0.00833318	0.0608225	0.0177222	0.00532095	0.0309931	0.0238793	0.00229406	0.0287049	0.147923	0.109832	0.181742	0.00226426	0.0915055	0.0412964	0.15073	0.0255333	0.222147	0.785315	2.967	4	0.980005
1695000	-539.6233	-568.4029	28.77961	1	2.028058	0.269921	0.0141724	0.00604926	0.0711458	0.0753355	0.0266664	0.00927268	0.0417773	0.0250198	0.0631801	0.218075	0.242193	0.362128	0.0454653	0.086984	0.0140007	0.0975322	0.296601	0.657965	1.07068	1.97476	3	1.668918
1696000	-533.3263	-568.4286	35.10229	2	0.6034179	0.126788	0.00246008	0.0181118	0.0926031	0.00848817	0.00457445	0.0134759	0.00487565	0.0127542	0.0217014	0.310839	0.441914	0.145306	0.0135577	0.0992801	0.0222797	0.0535021	0.0538138	0.314167	0.883053	2.74897	4	1.392512
1697000	-536.4009	-572.4631	36.06222	2	2.1569	0.222318	0.000110113	0.0312217	0.0750927	0.0894771	0.00289544	0.0434904	0.0321135	0.0335993	0.0347723	0.173253	0.252502	0.273487	0.00084603	0.153644	0.0519308	0.103179	0.311311	0.670724	1.07346	1.9445	4	1.573932
1698000	-509.3255	-567.5845	58.25896	10	0.5396829	0.110672	0.00703265	0.0280704	0.058228	0.0124882	0.00474592	0.0416766	0.0102629	0.0231995	0.0486046	0.218133	0.276722	0.112952	0.0195075	0.0737506	0.0254381	0.0677715	0.0409579	0.277035	0.847125	2.83488	5	1.139255
1699000	-522.8782	-570.4423	47.56409	10	0.8049197	0.157431	0.0165001	0.00914706	0.040864	0.0470901	0.0488298	0.00912004	0.115339	0.00295041	0.050511	0.25358	0.337942	0.165609	0.020772	0.061949	0.0192504	0.0981801	0.0966052	0.409107	0.958309	2.53598	5	1.455065
1700000	-535.4984	-570.1418	34.64338	2	2.526743	0.156154	0.0014701	0.00940104	0.062386	0.049234	0.00545471	0.0418972	0.0143959	0.0183935	0.0674303	0.345482	0.370751	0.132475	0.0647641	0.139654	0.0588912	0.0769415	0.348978	0.701428	1.07893	1.87067	4	1.615176
1701000	-541.1725	-571.3466	30.17405	1	1.039212	0.111647	0.00114382	0.014138	0.0658878	0.0339161	0.00546552	0.0296599	0.00277008	0.0245529	0.0783947	0.384584	0.328166	0.220422	0.0103606	0.125166	0.0654972	0.126587	0.144711	0.488229	1.0062	2.36086	3	1.628359
1702000	-524.0231	-571.2316	47.20845	10	0.5959639	0.116484	0.0234935	0.0244519	0.0959131	0.0141436	0.0269825	0.0297159	0.0199621	0.00822786	0.0504199	0.2271	0.501876	0.148037	0.0322919	0.0777813	0.0127847	0.316831	0.0522767	0.310021	0.879246	2.75846	5	1.726497
1703000	-522.9535	-573.6192	50.66577	10	1.385023	0.0909163	0.0077487	0.00930903	0.089967	0.0208589	0.0321767	0.0363268	0.0727956	0.024931	0.0235965	0.178898	0.631196	0.238897	0.00634121	0.177584	0.064175	0.203232	0.207002	0.568228	1.04289	2.18188	5	1.90895
1704000	-521.0015	-572.5835	51.58191	10	1.829553	0.118384	0.0103598	0.00092807	0.0517235	0.0806416	0.00840409	0.0269746	0.0407966	0.0302354	0.0768897	0.137975	0.190558	0.154594	0.0379315	0.178422	0.0340662	0.280976	0.272043	0.635572	1.06507	2.02731	5	1.45986
1705000	-548.019	-586.7887	38.76968	2	1.623451	0.107125	0.00785281	0.0380049	0.0451291	0.0300956	0.0228468	0.0571851	0.0198772	0.00502149	0.0666825	0.0998785	0.239273	0.193994	0.0205656	0.0705	0.0926646	0.0700899	0.243778	0.607893	1.05692	2.09141	4	1.186786
1706000	-537.5592	-571.1975	33.63831	2	1.131513	0.182372	0.0079093	0.0406084	0.114063	0.0513901	0.00759627	0.00538111	0.019738	0.0228998	0.0214128	0.461046	0.21297	0.206852	0.00232184	0.0621844	0.0197651	0.140819	0.162422	0.513002	1.01878	2.3058	4	1.579329
1707000	-528.0724	-566.0775	38.00513	2	1.828937	0.156462	0.00104834	0.00607206	0.0921966	0.0330487	0.00316757	0.04383	0.0290021	0.000248551	0.0936867	0.221412	0.286333	0.210002	0.0354949	0.121116	0.00604354	0.213894	0.271963	0.635496	1.06505	2.02749	4	1.553059
1708000	-531.0653	-569.3436	38.27825	2	1.265584	0.0953063	0.000531073	0.0102898	0.103996	0.011279	0.016422	0.00702327	0.00744632	0.0120665	0.0452264	0.266752	0.329764	0.168715	0.0122805	0.0724638	0.0221325	0.0599522	0.186737	0.544239	1.03308	2.23595	4	1.241646
1709000	-525.5729	-572.9004	47.32744	10	1.728632	0.149395	0.0109212	0.0249061	0.184158	0.00583645	0.0118944	0.0268631	0.0388677	0.0231952	0.0584665	0.299021	0.253895	0.205019	0.0249147	0.10564	0.0464339	0.122994	0.258581	0.622661	1.06144	2.05732	5	1.592422
1710000	-522.7387	-568.1986	45.45999	10	3.020262	0.158835	0.0317779	0.00607653	0.116185	0.0424453	0.00717091	0.0393637	0.0376178	0.0424183	0.0694662	0.370454	0.397439	0.159783	0.055807	0.114866	0.0498349	0.168457	0.390823	0.732644	1.08261	1.79392	5	1.867997
1711000	-524.8426	-566.9729	42.13037	10	3.021216	0.16584	0.000619573	0.0238306	0.15092	0.0106079	0.0278211	0.0232324	0.0715439	0.0189471	0.0327244	0.299595	0.361342	0.223246	0.0305413	0.0959217	0.0087516	0.131946	0.390897	0.732696	1.08262	1.79379	5	1.67743
1712000	-522.1848	-574.9511	52.76635	10	1.189868	0.266135	0.0313339	0.0255412	0.15675	0.0128338	0.0251118	0.0333377	0.0466452	0.031308	0.0508489	0.345675	0.279902	0.249976	0.0109915	0.0518853	0.0449685	0.105526	0.173212	0.527226	1.0255	2.27406	5	1.76877
1713000	-531.3934	-570.6177	39.22431	2	2.555795	0.125227	0.00927016	0.0209984	0.0955927	0.0146001	0.0280587	0.00729934	0.0288843	0.00877747	0.0410204	0.165996	0.129024	0.151926	0.0273917	0.114119	0.00600546	0.168446	0.351683	0.703533	1.07923	1.86555	4	1.142636
1714000	-514.5856	-572.428	57.84237	10	0.917136	0.137105	0.0144286	0.030564	0.0608466	0.00460088	0.034851	0.0152711	0.0388018	0.0246576	0.0393002	0.200701	0.254662	0.188361	0.00431889	0.111804	0.0289677	0.0719717	0.120138	0.450345	0.984788	2.44473	5	1.261214
1715000	-516.9088	-574.9031	57.99436	10	1.047361	0.0618127	0.0182054	0.0327711	0.0635983	0.0182212	0.0101623	0.0329294	0.0116449	0.00280481	0.0497766	0.219079	0.22811	0.189917	0.0135336	0.185018	0.021382	0.21778	0.146306	0.490538	1.00742	2.35573	5	1.376746
1716000	-533.8378	-568.5964	34.75859	2	1.1716	0.206708	0.00959185	0.00748574	0.0963788	0.0612726	0.00824851	0.0322575	0.0197358	0.01515	0.0326333	0.272207	0.245779	0.170602	0.0362878	0.100226	0.0396602	0.249979	0.169869	0.522883	1.02349	2.28376	4	1.604203
1717000	-534.4116	-571.0709	36.65931	2	2.028563	0.18308	0.00567601	0.0116518	0.0746007	0.00844543	0.00149982	0.0206274	0.0123804	0.0228221	0.0524645	0.237166	0.240647	0.128374	0.00459965	0.0788467	0.00765658	0.188407	0.296661	0.658017	1.07069	1.97463	4	1.278945
1718000	-550.4125	-578.9467	28.5342	2	1.240256	0.185474	0.00763762	0.0390145	0.06419	0.0414555	0.0196528	0.0266167	0.0196453	0.0103013	0.0494583	0.498575	0.351102	0.247627	0.0321776	0.124424	0.00602593	0.319174	0.182272	0.538718	1.03067	2.24834	4	2.042552
1719000	-535.2731	-570.1738	34.90071	2	3.000616	0.247062	0.0202911	0.0121465	0.150728	0.0323015	0.035558	0.0247438	0.0213984	0.0327914	0.0667536	0.240839	0.259957	0.158043	0.034915	0.108182	0.0389995	0.185653	0.38931	0.731562	1.08252	1.79661	4	1.670363
1720000	-520.9331	-568.638	47.70496	10	1.109159	0.099813	0.0243877	0.00856904	0.0989087	0.032639	0.0565965	0.00358945	0.0132449	0.00826692	0.0337977	0.293337	0.413038	0.180431	0.0337949	0.111162	0.0340108	0.326313	0.158205	0.507271	1.01597	2.31855	5	1.7719
1721000	-506.9395	-561.658	54.71852	10	0.9542106	0.219849	0.00132053	0.00262602	0.0644892	0.00563041	0.0153107	0.020229	0.0153677	0.00385854	0.0499472	0.132252	0.223887	0.188678	0.0106943	0.115852	0.0335525	0.158266	0.12773	0.462542	0.991978	2.41775	5	1.26181
1722000	-520.1444	-571.886	51.74157	10	4.124891	0.211025	0.0163462	0.0117704	0.0335637	0.00859	0.0302011	0.00456232	0.0560701	0.00529111	0.0421268	0.255382	0.302298	0.147473	0.0999063	0.0958101	0.0323522	0.181879	0.461094	0.77942	1.08436	1.67512	5	1.534647
1723000	-521.753	-575.1614	53.40844	10	2.840213	0.151178	0.0216711	0.0112327	0.211708	0.00490141	0.00619392	0.0208624	0.019876	0.00767219	0.111561	0.209362	0.202994	0.104658	0.00688339	0.110734	0.00291486	0.232198	0.37651	0.722279	1.0816	1.81961	5	1.436601
1724000	-531.2686	-564.9517	33.68311	2	2.960712	0.241189	0.00899252	0.0147838	0.0501847	0.00276908	0.0117436	0.0160242	0.0625665	0.00554542	0.0615029	0.244663	0.337641	0.153158	0.0361727	0.0712615	0.0174185	0.245109	0.3862	0.729329	1.08232	1.80216	4	1.580726
1725000	-530.7293	-569.3177	38.58831	2	2.493295	0.211172	0.00111718	0.0193307	0.099464	0.0334332	0.00496993	0.0175231	0.00461039	0.00640289	0.0395715	0.219934	0.223467	0.0209216	0.010456	0.124767	0.0186781	0.27798	0.34582	0.698955	1.07855	1.87667	4	1.333799
1726000	-530.9405	-568.1812	37.24067	2	1.076949	0.104859	0.00568007	0.00292285	0.0840946	0.0387371	0.002485	0.0267472	0.000599824	0.00406721	0.0381314	0.154748	0.311396	0.0976965	0.0243528	0.0623604	0.0233506	0.218329	0.152047	0.498719	1.01167	2.33757	4	1.200558
1727000	-533.2073	-570.1356	36.92834	2	2.363965	0.172513	0.00494811	0.0317817	0.115707	0.0455019	0.0150596	0.0284661	0.00508503	0.0126653	0.0335648	0.248702	0.153682	0.139302	0.0517573	0.116173	0.014081	0.219988	0.333168	0.688866	1.0769	1.90106	4	1.408978
1728000	-515.5395	-575.9262	60.38671	10	0.6127342	0.171451	0.0175062	0.0411187	0.084466	0.0330437	0.0269154	0.0177137	0.0498854	0.00198625	0.0210498	0.183405	0.254964	0.0567428	0.0167051	0.137727	0.0362621	0.314343	0.0557447	0.319277	0.887679	2.7373	5	1.465286
1729000	-550.1603	-576.1993	26.039	2	2.014271	0.382536	0.0262102	0.0455266	0.0916404	0.0283275	0.026507	0.0445032	0.0796535	0.00153358	0.0575954	0.335314	0.38283	0.041159	0.00667137	0.115184	0.00691105	0.533957	0.294972	0.656523	1.07034	1.97816	4	2.20606
1730000	-524.4088	-578.4456	54.0368	10	1.547788	0.140712	0.00801325	0.048426	0.193812	0.0459471	0.0186521	0.0241791	0.0398059	0.00977198	0.0538724	0.0717746	0.299345	0.220063	0.0157061	0.131647	0.054259	0.31922	0.232611	0.596322	1.05311	2.11796	5	1.695206
1731000	-532.1314	-572.4617	40.33027	2	0.2006812	0.0849885	0.0201684	0.0169651	0.0277024	0.0302789	0.00443918	0.00658935	0.00134132	0.00287745	0.0181231	0.150233	0.212783	0.141726	0.00435248	0.0806169	0.00613265	0.283348	0.000543797	0.0341694	0.385434	3.57985	4	1.092666
1732000	-524.4894	-567.0379	42.54845	2	0.3240909	0.121891	0.000448004	0.0028709	0.0547799	0.00938349	0.00546588	0.0138626	0.00339682	0.0149173	0.0365422	0.117418	0.247152	0.0647805	0.0118844	0.0691751	0.036916	0.261713	0.00745169	0.123319	0.634128	3.2351	4	1.072597
1733000	-536.1377	-572.4223	36.28454	2	3.699658	0.0900856	0.0165012	0.0303089	0.0772797	0.0401741	0.00942486	0.024154	0.0381133	0.00821521	0.05562	0.303109	0.157138	0.151413	0.0108109	0.141376	0.0117174	0.280557	0.437061	0.764138	1.08431	1.71449	4	1.445998
1734000	-534.6908	-571.592	36.90129	2	0.4890484	0.119984	0.00420319	0.0201786	0.0991616	0.00512198	0.0457972	0.0168157	0.0180431	0.0105602	0.02611	0.269843	0.243363	0.0872417	0.0139229	0.0578941	0.0141343	0.314942	0.0313763	0.244706	0.812133	2.91178	4	1.367318
1735000	-530.3719	-567.1802	36.80834	2	0.4339168	0.0975705	0.00637981	0.00947617	0.0692655	0.00525833	0.00955879	0.00870868	0.0340973	0.000571228	0.0281484	0.204178	0.564783	0.194297	0.0209093	0.109199	0.0160936	0.27527	0.021896	0.206607	0.765521	3.00598	4	1.653764
1736000	-526.222	-576.3265	50.10448	10	2.20377	0.142287	0.0025505	0.0174467	0.0803764	0.0242258	0.00454754	0.0589988	0.037141	0.012464	0.0681281	0.212692	0.473368	0.185358	0.00729811	0.16661	0.0906999	0.220063	0.316443	0.675069	1.07434	1.93415	5	1.804255
1737000	-516.1524	-572.412	56.25961	10	2.814437	0.228371	0.00263395	0.0532451	0.113854	0.0260186	0.0508164	0.0231141	0.0372861	0.00802386	0.0750517	0.244003	0.302509	0.103496	0.0573852	0.0727542	0.0298749	0.302311	0.374377	0.720707	1.08143	1.82348	5	1.730749
1738000	-534.9847	-569.0479	34.06319	2	0.7100016	0.153187	0.00181089	0.0219998	0.0482226	0.0111033	0.0125521	0.0187151	0.0449221	0.015098	0.0439118	0.334848	0.212847	0.169035	0.0360727	0.144128	0.0162208	0.327021	0.0763258	0.368211	0.928519	2.62694	4	1.611696
1739000	-543.3511	-576.1329	32.7818	2	0.9490659	0.135406	0.00436169	0.00923365	0.101728	0.00856282	0.00441619	0.0261727	0.189637	0.0412052	0.0894342	0.225237	0.256911	0.340531	0.0612388	0.0270992	0.0489435	0.26768	0.126682	0.460888	0.99102	2.42141	4	1.837798
1740000	-533.7542	-569.0474	35.29319	2	1.591525	0.152295	0.00103559	0.0241597	0.113404	0.0483901	0.00554606	0.0198898	0.0316205	0.0169014	0.057159	0.146693	0.139339	0.409481	0.0188479	0.113925	0.0316896	0.318181	0.239121	0.603114	1.05537	2.10239	4	1.648559
1741000	-518.1233	-568.4344	50.31111	10	1.055875	0.138671	0.00938467	0.0247773	0.111724	0.00861265	0.0191317	0.0271045	0.0693799	0.00470825	0.0832237	0.168126	0.602295	0.112524	0.0183287	0.120274	0.0288352	0.276179	0.147966	0.492925	1.00867	2.35043	5	1.823281
1742000	-522.779	-571.6355	48.85644	10	0.6335242	0.125219	0.0057251	0.0316351	0.131186	0.010155	0.00528005	0.0295388	0.0215787	0.00419908	0.0685148	0.153986	0.294919	0.0874383	0.0235339	0.0784131	0.0293716	0.397931	0.0600878	0.330402	0.897503	2.71201	5	1.498626
1743000	-534.378	-570.6161	36.23806	2	1.07716	0.165955	0.00173764	0.0279264	0.0847259	0.0144405	0.0355295	0.0240228	0.0185407	0.008208	0.0600353	0.126428	0.231609	0.174012	0.0247286	0.12166	0.0133648	0.187455	0.152087	0.498776	1.01169	2.33744	4	1.32038
1744000	-527.1645	-571.2937	44.12918	2	0.4148619	0.0804188	0.00365289	0.012772	0.0852931	0.0118223	0.00362027	0.0245709	0.054036	0.0174295	0.0148449	0.190741	0.160859	0.168879	0.00957147	0.0383506	0.0101059	0.0811569	0.0189156	0.192768	0.746875	3.04144	4	0.9681244
1745000	-546.9924	-580.4827	33.49033	10	4.840038	0.188892	0.0102304	0.00830796	0.076311	0.0246795	0.0151373	0.0166558	0.0645034	0.00701115	0.136061	0.387217	0.144391	0.294019	0.0667861	0.125044	0.0189065	0.363018	0.495295	0.800024	1.08357	1.62111	5	1.947171
1746000	-515.4793	-568.3423	52.86298	10	1.7676	0.155672	0.0114061	0.0262721	0.0456596	0.0171613	0.0277881	0.00939132	0.0185394	0.0255127	0.0194789	0.174542	0.257224	0.174866	0.0364429	0.130838	0.042206	0.193873	0.263862	0.627783	1.06292	2.04544	5	1.366873
1747000	-534.628	-568.7713	34.14323	2	2.187821	0.134235	0.00217163	0.00565385	0.0878432	0.0786293	0.00958573	0.0337379	0.010785	0.0154465	0.0582157	0.103809	0.254809	0.048616	0.011531	0.0914286	0.0344969	0.344672	0.314709	0.673607	1.07405	1.93763	4	1.325666
1748000	-529.2007	-565.7452	36.54451	1	0.6563375	0.145764	0.00178244	0.0178798	0.0518051	0.0144015	0.0113866	0.0181829	0.0200207	8.42722e-05	0.0417034	0.126515	0.122897	0.123518	0.00550643	0.0767265	0.0407357	0.210691	0.0648978	0.342179	0.907548	2.68538	3	1.0296
1749000	-538.3474	-572.7078	34.36042	2	0.5411348	0.165767	0.000496228	0.00284661	0.0808544	0.024593	0.00335191	0.0375686	0.00469953	0.0172302	0.0457113	0.195224	0.343199	0.0443461	0.00493759	0.0835231	0.0287096	0.489477	0.0412423	0.277924	0.848036	2.8328	4	1.572535
1750000	-543.0321	-573.9525	30.92046	2	4.548953	0.16897	0.00111903	0.00914368	0.114828	0.0632413	0.0118952	0.010741	0.110495	0.00622719	0.128277	0.274696	0.284663	0.102174	0.0810013	0.0438289	0.0391526	0.435075	0.482192	0.792282	1.08399	1.64154	4	1.885527
1751000	-528.1311	-566.2966	38.16549	2	1.919439	0.162822	0.00178264	0.00575527	0.0621896	0.0685301	0.0084274	0.0163531	0.0365042	0.0268111	0.0303119	0.140109	0.309909	0.117059	0.0808075	0.128575	0.0128781	0.313646	0.283465	0.646164	1.06784	2.00253	4	1.522471
1752000	-529.4865	-575.3272	45.84062	10	1.762772	0.233349	0.0131552	0.012419	0.104329	0.0376526	0.0122255	0.0618275	0.130629	0.018194	0.105297	0.300074	0.525916	0.273164	0.0666496	0.0431064	0.00702015	0.183196	0.263213	0.627158	1.06274	2.04689	5	2.128205
1753000	-537.1577	-569.8818	32.72405	1	0.7854974	0.259336	0.0113763	0.0022627	0.0536787	0.0571929	0.0262643	0.00433069	0.0346261	0.0152019	0.0229275	0.126917	0.204804	0.195024	0.0373159	0.0933892	0.0413244	0.212759	0.0924692	0.401229	0.952854	2.55345	3	1.398731
1754000	-518.8425	-571.7133	52.87076	10	1.292759	0.0752956	0.00804	0.013646	0.117748	0.0542328	0.011508	0.0300754	0.0516647	0.00930163	0.0204937	0.157981	0.394856	0.082533	0.0532829	0.103287	0.0258428	0.224097	0.191462	0.549986	1.03552	2.22303	5	1.433886
1755000	-544.5857	-574.5701	29.98442	2	1.323712	0.198638	0.00871779	0.0465404	0.0932457	0.0268458	0.00957539	0.0203081	0.0097847	0.0441013	0.0222709	0.234301	0.49726	0.222003	0.0383765	0.0764454	0.0449434	0.180743	0.196761	0.556317	1.03814	2.20878	4	1.774099
1756000	-540.9624	-572.1338	31.17136	2	3.370416	0.253859	0.0315736	0.019823	0.0378894	0.0457536	0.000643442	0.029464	0.0477084	0.00666804	0.0284242	0.40957	0.313727	0.145328	0.0782971	0.103012	0.00396939	0.0491186	0.416032	0.750173	1.08382	1.74997	4	1.604828
1757000	-536.2885	-570.6026	34.31413	2	0.8115572	0.172747	0.00528239	0.00612162	0.0776789	0.00675263	0.00565586	0.0270506	0.0122658	0.0198211	0.0550128	0.282205	0.41385	0.205366	0.0519924	0.05993	0.0803882	0.139456	0.0980155	0.411746	0.960106	2.53013	4	1.621577
1758000	-525.427	-568.7497	43.32267	10	1.769719	0.282913	0.000974107	0.0201872	0.136285	0.0386641	0.00890888	0.0431671	0.094916	0.00308365	0.0783813	0.369781	0.57731	0.316765	0.00584425	0.0856421	0.0349242	0.127261	0.264146	0.628056	1.06299	2.0448	5	2.225007
1759000	-527.5883	-568.9199	41.33162	2	1.227263	0.151296	0.0180698	0.0105572	0.0497732	0.000870229	0.0269014	0.00629148	0.0509388	0.0213064	0.0291296	0.186787	0.242723	0.185721	0.061025	0.10803	0.00244985	0.211147	0.179959	0.53582	1.02939	2.25483	4	1.363016
1760000	-518.1058	-573.1495	55.04364	10	0.6554444	0.112932	0.000293906	0.0138555	0.0854298	0.0437885	0.00401415	0.0297394	0.0534813	0.0551085	0.0194565	0.224136	0.288903	0.155793	0.0345657	0.101062	0.0186942	0.116116	0.0647088	0.341727	0.907168	2.6864	5	1.357369
1761000	-548.4992	-575.2587	26.75955	1	2.785422	0.15528	0.00203642	0.0176074	0.0874474	0.0118972	0.0388314	0.00811823	0.0141202	0.0227748	0.00275059	0.526891	0.438078	0.200181	0.0207012	0.126252	0.0624103	0.0598109	0.371949	0.71891	1.08123	1.82791	3	1.795188
1762000	-533.1153	-573.1278	40.01241	2	0.5459171	0.210987	0.00178838	0.0149008	0.0688676	0.00489786	0.0258482	0.0153351	0.0533402	0.0282975	0.0342845	0.239117	0.255244	0.126914	0.0121357	0.0361811	0.0235736	0.192405	0.0421821	0.280839	0.851003	2.82598	4	1.344118
1763000	-539.642	-575.7179	36.07589	2	0.5215814	0.127334	0.00616002	0.0133372	0.0196431	0.0343081	0.00829584	0.0107608	0.0868021	0.020981	0.0165811	0.233089	0.367028	0.252685	0.0247287	0.00776557	0.00202824	0.26085	0.0374541	0.265771	0.835358	2.86142	4	1.492377
1764000	-520.998	-579.5548	58.55679	10	0.4510512	0.160945	0.00667386	0.00979589	0.140635	0.0413443	0.00986742	0.0288181	0.0110654	0.037475	0.023576	0.311389	0.0250558	0.199461	0.00368852	0.135026	0.052545	0.245452	0.0247151	0.218765	0.781104	2.97542	5	1.442815
1765000	-524.1131	-569.7617	45.64859	10	1.69758	0.176552	0.0172959	0.00546937	0.112246	0.0535349	0.051261	0.0256058	0.00309946	0.0146913	0.0707135	0.30797	0.276891	0.151779	0.0547532	0.208547	0.0257306	0.571826	0.254295	0.618449	1.06019	2.06707	5	2.127965
1766000	-510.7552	-568.1283	57.37314	10	0.7620414	0.120619	0.00966577	0.00751689	0.0603391	0.0279062	0.0242772	0.00694279	0.0284191	0.00594027	0.0341819	0.236939	0.184498	0.0979567	0.00788919	0.0390136	0.000515955	0.0893055	0.08746	0.39139	0.945855	2.57529	5	0.9819263
1767000	-530.4631	-571.1217	40.65864	2	2.385378	0.143795	0.000109244	0.00120012	0.0442672	0.126341	0.0119532	0.0223927	0.0107053	0.0146999	0.0381681	0.0715893	0.187067	0.154632	0.0374916	0.0664661	0.0488188	0.117455	0.335313	0.690597	1.0772	1.89689	4	1.097152
1768000	-529.2387	-567.877	38.63825	2	1.333218	0.144691	0.000251414	0.0140466	0.119952	0.0255642	0.0384664	0.0146138	0.0230889	0.0180499	0.0321643	0.199962	0.281324	0.240596	0.0254024	0.154806	0.0199489	0.112611	0.198371	0.558217	1.03892	2.2045	4	1.465539
1769000	-534.4367	-573.1025	38.66585	2	0.9649137	0.140037	0.00241196	0.00348032	0.0995081	0.00569881	0.0263683	0.0237052	0.0396471	0.00532287	0.0177842	0.294771	0.155	0.134508	0.000693224	0.0540774	0.0138868	0.266618	0.129901	0.465946	0.993934	2.41022	4	1.283519
1770000	-531.1327	-570.9926	39.85994	2	0.2724923	0.0802099	0.00237601	0.00389026	0.0621402	0.000450827	0.0215474	0.0215329	0.0164228	0.000660614	0.0272804	0.185527	0.196399	0.151143	0.0361993	0.047678	0.0169369	0.202343	0.00332965	0.0833484	0.546582	3.36674	4	1.072738
1771000	-530.9072	-569.9452	39.03796	2	0.5531144	0.150827	0.0133602	0.0206935	0.068022	0.0400293	0.0196503	0.0192092	0.0302837	0.00798831	0.0422959	0.14093	0.200579	0.256125	0.00943222	0.0886343	0.00995348	0.134705	0.0436058	0.285183	0.855375	2.81584	4	1.252718
1772000	-516.2973	-565.5485	49.25123	10	4.742613	0.138648	0.00460139	0.014709	0.0683935	0.0486261	0.0198797	0.0542754	0.0154334	0.00410644	0.0620716	0.26942	0.348655	0.232015	0.0206665	0.106409	0.0331461	0.083366	0.491023	0.79752	1.08372	1.62774	5	1.524422
1773000	-512.6487	-563.8463	51.19763	10	1.34137	0.252057	0.00777072	0.00632912	0.0964027	0.0661295	0.0273766	0.0186063	0.00624911	0.026643	0.020451	0.251978	0.202133	0.276125	0.0371426	0.120333	0.0274061	0.158383	0.199745	0.559831	1.03957	2.20086	5	1.601517
1774000	-519.9965	-566.1139	46.11737	10	2.410129	0.145404	9.4284e-05	0.00963487	0.128731	0.0163046	0.00657994	0.0351983	0.0440426	0.0524999	0.0379863	0.149512	0.22619	0.239482	0.00361856	0.0633032	0.0135643	0.292272	0.337767	0.692567	1.07753	1.89213	5	1.464418
1775000	-511.1063	-565.1388	54.03249	10	1.573909	0.203565	0.00201981	0.025224	0.0720685	0.0465671	0.0140112	0.0139823	0.0201314	0.0231401	0.0553989	0.198724	0.192383	0.141946	0.018273	0.125713	0.0107453	0.268602	0.236517	0.600413	1.05448	2.10859	5	1.432494
1776000	-519.7001	-576.2403	56.54016	10	1.168339	0.126627	0.0114206	0.0142184	0.0799105	0.124104	0.00769874	0.0292124	0.0761499	0.0112632	0.032396	0.241174	0.136988	0.248506	0.0259615	0.095596	0.0194051	0.20333	0.169269	0.522097	1.02312	2.28551	5	1.483962
1777000	-538.5794	-571.6649	33.08548	2	3.160907	0.223817	0.0426863	0.000152044	0.0963021	0.0503584	0.0115734	0.049059	0.0121906	0.0342307	0.0179571	0.112191	0.231716	0.202235	0.0111194	0.165497	0.0170625	0.355435	0.401339	0.740065	1.0832	1.77539	4	1.633581
1778000	-544.7962	-576.6595	31.86334	1	0.8382774	0.097325	0.025909	0.0125375	0.0970017	0.0311017	0.0129067	0.0119647	0.0334029	0.0327779	0.0399313	0.321291	0.314247	0.0859268	0.0188213	0.0840008	0.0222539	0.238125	0.103674	0.4221	0.967022	2.5072	3	1.479524
1779000	-532.1183	-568.8646	36.74624	2	3.032684	0.222746	0.0143253	0.00688371	0.115636	0.0629315	0.00382362	0.0531711	0.0556478	0.0111349	0.113972	0.182077	0.198999	0.196714	0.0200625	0.0837256	0.0384517	0.185088	0.391775	0.733322	1.08267	1.79223	4	1.565391
1780000	-530.1087	-572.5569	42.44822	10	1.828984	0.149927	0.00821848	0.00890686	0.104481	0.109091	0.00316958	0.0498147	0.0148618	0.0275602	0.063521	0.400762	0.121307	0.17884	0.0309569	0.206444	0.0196374	0.467522	0.271969	0.635502	1.06506	2.02747	5	1.965022
1781000	-525.0282	-572.5688	47.54057	10	4.533311	0.127341	0.00562551	0.0771233	0.054501	0.00616847	0.019646	0.0460526	0.0272301	0.0116064	0.044118	0.142536	0.388393	0.244951	0.00647415	0.150817	0.0111836	0.383831	0.481458	0.791843	1.084	1.64269	5	1.747599
1782000	-527.7001	-571.5488	43.84871	10	0.9698454	0.152103	0.00321019	0.0218313	0.0760958	0.0541049	0.00807716	0.0293365	0.0740936	0.0392495	0.0675289	0.176814	0.338281	0.307987	0.00806204	0.0225044	0.0498759	0.224051	0.130899	0.467497	0.994818	2.40679	5	1.653206
1783000	-515.1816	-569.8276	54.646	10	0.2712957	0.0749834	0.00223893	0.0125851	0.033042	0.0125441	0.011187	0.0122182	0.047311	0.00453961	0.0260564	0.0123116	0.282103	0.169868	0.0394725	0.0750476	0.0110421	0.230542	0.00325616	0.0824443	0.544297	3.37	5	1.057092
1784000	-521.2617	-574.8251	53.56341	10	1.140243	0.103023	0.00838324	0.0226581	0.0722438	0.0281181	0.0164808	0.0521917	0.127736	0.0354781	0.0329108	0.0773849	0.334703	0.154983	0.0494697	0.01179	0.0271492	0.249339	0.164057	0.515196	1.01984	2.30091	5	1.404042
1785000	-538.3951	-572.9383	34.54321	2	1.995179	0.141363	0.0376532	0.0151127	0.122851	0.00630405	0.0342257	0.0299501	0.00612305	0.00694847	0.0337648	0.2153	0.171416	0.132735	0.070137	0.134952	0.0413139	0.330531	0.292699	0.6545	1.06987	1.98293	4	1.530681
1786000	-516.7979	-569.7979	53.00002	10	1.28173	0.147758	0.00907449	0.00462729	0.181801	0.0554083	0.0129791	0.0138503	0.073671	0.0409592	0.0774674	0.150234	0.39177	0.218992	0.0619411	0.0451061	0.00391813	0.219705	0.189553	0.547675	1.03454	2.22823	5	1.709263
1787000	-535.0892	-572.0269	36.93761	2	2.86893	0.119119	0.000497485	0.0174098	0.0747626	0.0407575	0.0272657	0.0484188	0.0231835	0.0025331	0.0584936	0.0770258	0.193317	0.232349	0.00564503	0.109489	0.0392568	0.427462	0.378861	0.724003	1.08179	1.81535	4	1.496986
1788000	-523.3132	-573.846	50.53282	10	1.133864	0.12756	0.00546305	0.00319082	0.10556	0.0418619	0.0285956	0.0184764	0.00654973	0.0335681	0.0328378	0.167335	0.16101	0.185291	0.0331911	0.052258	0.0510348	0.13219	0.162863	0.513595	1.01907	2.30447	5	1.185973
1789000	-520.0523	-567.2949	47.24261	10	0.8058038	0.218852	0.00359836	0.00288541	0.0310375	0.0680976	0.0129317	0.0166624	0.0360901	0.00138279	0.0295881	0.0860967	0.237069	0.103097	0.0153556	0.0883246	0.014039	0.189311	0.0967931	0.40946	0.95855	2.5352	5	1.154418
1790000	-534.7693	-570.4916	35.7223	2	2.101702	0.154254	0.0204014	0.00141046	0.0751959	0.0346726	0.000707984	0.0437147	0.0292736	0.00332325	0.0931952	0.298712	0.114364	0.125451	0.00805332	0.0723282	0.0309673	0.238989	0.30512	0.66541	1.07234	1.95713	4	1.345013
1791000	-529.2112	-568.1625	38.9513	2	0.3273979	0.10283	0.00168383	0.00978649	0.0855986	0.0110881	0.00338126	0.02869	0.0112339	0.0123945	0.0261995	0.0890172	0.252857	0.278457	0.00299528	0.102657	0.00699065	0.153515	0.00777889	0.125908	0.639071	3.22724	4	1.179375
1792000	-517.0708	-574.9562	57.88533	10	0.3703579	0.0755757	0.00181546	0.00170711	0.0481191	0.000378323	0.0152938	0.00696408	0.00789049	0.000250939	0.023394	0.0990859	0.129105	0.112902	0.0186238	0.161201	0.0392179	0.123964	0.0126806	0.159292	0.697103	3.13092	5	0.8654883
1793000	-530.0774	-574.5264	44.44899	10	3.654034	0.162557	0.000457479	0.0939214	0.109077	0.0173469	0.0381224	0.00669334	0.0562692	0.0375758	0.0363889	0.342243	0.287991	0.250893	0.0436954	0.0962845	0.0875668	0.26346	0.434284	0.762326	1.08427	1.71912	5	1.930543
1794000	-529.2159	-563.6279	34.41201	2	2.197807	0.198029	0.00942673	0.00214697	0.0746885	0.0154251	0.00536404	0.0284308	0.023389	0.0138167	0.0518482	0.0816238	0.283195	0.337869	0.0339123	0.145459	0.00033135	0.293365	0.315796	0.674524	1.07423	1.93545	4	1.59832
1795000	-534.5568	-570.9607	36.40395	2	1.643671	0.180227	0.0102008	0.0148337	0.0709071	0.0819595	0.0246815	0.0169354	0.0145567	0.0281549	0.0433994	0.197644	0.322842	0.174781	0.045511	0.0844541	0.023218	0.192334	0.246688	0.610846	1.05785	2.08461	4	1.52664
1796000	-522.3428	-570.3037	47.96095	10	2.611931	0.223885	0.0207424	0.0131202	0.154422	0.0350238	0.00136508	0.0228309	0.0048593	0.00724908	0.052848	0.0185268	0.306401	0.16961	0.0300645	0.0884302	0.0899206	0.311853	0.356818	0.707494	1.07979	1.8559	5	1.551151
1797000	-522.7872	-568.9499	46.16269	10	0.3589668	0.108403	0.0224849	0.00271744	0.0503535	0.0337182	0.0218711	0.00696933	0.0523634	0.0232506	0.0295681	0.37602	0.355072	0.23374	0.0170346	0.0646762	0.0361339	0.220587	0.0112668	0.150511	0.682767	3.15546	5	1.654964
1798000	-532.2222	-567.4789	35.25677	2	1.426404	0.205125	0.0197223	0.0167752	0.110302	0.0520645	0.012463	0.0282971	0.059427	0.00356141	0.0393583	0.0936847	0.358752	0.278679	0.0117585	0.100879	0.00445434	0.359825	0.213726	0.57583	1.04579	2.16465	4	1.755129
1799000	-542.7321	-576.6002	33.86811	2	0.9096685	0.271089	0.0214971	0.0213211	0.126002	0.00500219	0.0323183	0.0270334	0.0258815	0.0106202	0.0286579	0.134774	0.420342	0.206376	0.00629424	0.0797943	0.0710785	0.232485	0.118597	0.447809	0.983256	2.45034	4	1.720566
1800000	-542.7351	-575.7967	33.0616	2	2.917359	0.283248	0.000874341	0.0182829	0.0756494	0.0602941	0.0380996	0.0297155	0.0173301	0.00627505	0.0204743	0.00157694	0.403729	0.103747	0.0313818	0.0994862	0.00288244	0.460247	0.382766	0.726847	1.08208	1.80831	4	1.653294
1801000	-545.1726	-574.974	29.80139	2	1.28603	0.200225	0.0124828	0.0593543	0.0834239	0.0453582	0.00651583	0.0205624	0.0471123	0.0046671	0.0547445	0.13056	0.432983	0.0968886	0.0258101	0.135461	0.00458978	0.482534	0.190298	0.548579	1.03493	2.2262	4	1.843272
1802000	-518.6961	-569.1362	50.44006	10	1.652139	0.183012	0.0141707	0.000725889	0.115823	0.0799742	0.0138218	0.0427277	0.064909	0.0173175	0.0911702	0.214752	0.435404	0.142233	0.0350173	0.0990841	0.0875467	0.190354	0.247897	0.612066	1.05823	2.0818	5	1.828043
1803000	-518.1246	-572.5908	54.46622	10	1.087819	0.166518	0.00104412	0.015986	0.0798339	0.134024	0.0169918	0.0128093	0.0198026	0.0102054	0.084728	0.171429	0.271455	0.178779	0.0460345	0.110405	0.0113361	0.123457	0.154136	0.501645	1.01315	2.33107	5	1.454839
1804000	-511.3132	-565.4663	54.15315	10	0.7447054	0.175748	0.01643	0.00191826	0.0737409	0.00740818	0.00826048	0.0316548	0.050899	0.0143963	0.0202336	0.0584145	0.383431	0.145882	0.00170162	0.0499692	0.0268368	0.281966	0.0837516	0.383882	0.940372	2.592	5	1.34889
1805000	-515.1852	-564.6539	49.46873	10	1.012985	0.131329	0.000297798	0.0081951	0.0962971	0.031705	0.0203268	0.0174718	0.0140557	0.011664	0.0506203	0.161166	0.350002	0.154053	0.0137249	0.0976884	0.0110194	0.336644	0.139537	0.48062	1.00212	2.37772	5	1.50626
1806000	-513.9013	-571.5377	57.63644	10	0.8230559	0.128608	0.000272871	0.0148169	0.0767137	0.0376217	0.0167529	0.0117073	0.0628284	0.0247357	0.0209387	0.0689447	0.338403	0.0996363	0.00480701	0.0474986	0.0251185	0.162994	0.100455	0.416253	0.963144	2.52015	5	1.142397
1807000	-529.7569	-573.4077	43.65083	10	2.273969	0.275752	0.0210786	0.00900868	0.124073	0.0130792	0.0238385	0.0579414	0.105138	0.026201	0.0852675	0.0853573	0.534528	0.343713	0.0453837	0.0781725	0.0727136	0.296404	0.323923	0.681307	1.07554	1.91923	5	2.19765
1808000	-521.8585	-569.7787	47.92023	10	1.767624	0.119812	0.0103987	0.000505208	0.119014	0.0558819	0.0209701	0.0483873	0.189137	0.00971712	0.0421544	0.324749	0.253997	0.262888	0.0431878	0.0474146	0.0173196	0.673231	0.263865	0.627786	1.06292	2.04543	5	2.238766
1809000	-541.9161	-575.5802	33.66407	2	1.329936	0.164991	0.0171074	0.0252028	0.12393	0.040091	0.000602782	0.0189944	0.0198119	0.003714	0.0491034	0.301957	0.216042	0.14864	0.0282753	0.106652	0.0362541	0.134162	0.197816	0.557563	1.03865	2.20597	4	1.43553
1810000	-543.6044	-573.4081	29.80367	2	1.2178	0.220386	0.0199583	0.0303846	0.131042	0.0209134	0.0398793	0.00970402	0.0686568	0.00273875	0.0374468	0.228778	0.658849	0.203271	0.00843133	0.0858535	0.0123974	0.287827	0.178264	0.533682	1.02844	2.25962	4	2.066518
1811000	-536.1052	-568.2547	32.14952	2	2.008945	0.123007	0.0107928	0.0165017	0.104837	0.0183599	0.000385858	0.045325	0.0228449	0.0354382	0.0321406	0.435234	0.0823173	0.235325	0.0292517	0.101015	0.010875	0.168707	0.29434	0.655961	1.07021	1.97949	4	1.472357
1812000	-515.1115	-569.0192	53.90773	10	2.93356	0.153808	0.012793	0.0193672	0.0342258	0.0308729	0.00219063	0.0609212	0.011909	0.00145814	0.0230739	0.180183	0.213726	0.337415	0.0895252	0.157023	0.0372435	0.185327	0.384056	0.727782	1.08217	1.80599	5	1.551062
1813000	-532.9471	-570.1585	37.21137	2	0.3281397	0.14696	0.00805146	0.0299372	0.100707	0.00913633	0.00727889	0.0085025	0.0431062	0.00278795	0.0505947	0.173361	0.0860366	0.167531	0.0443663	0.0821591	0.0124408	0.34239	0.00785332	0.126489	0.64017	3.22549	4	1.315348
1814000	-539.5157	-573.1127	33.597	2	1.16603	0.426788	0.00487964	0.0198367	0.0821341	0.173069	0.00729709	0.0199182	0.017526	0.0397089	0.0250893	0.290653	0.294883	0.272371	0.0261381	0.105732	0.0469877	0.114937	0.168843	0.521539	1.02286	2.28676	4	1.967948
1815000	-518.8551	-570.1316	51.27657	10	1.365697	0.13041	0.00942761	0.0285876	0.042365	0.0860709	0.00161639	0.0177217	0.0497682	0.00817715	0.0783859	0.236326	0.192475	0.280881	0.0101744	0.0506354	0.0516269	0.138652	0.20381	0.56456	1.04145	2.19018	5	1.413301
1816000	-539.7989	-572.2372	32.43831	2	1.41409	0.155274	0.0202578	0.0566346	0.118289	0.104448	0.0135382	0.0281517	0.0197131	0.00606486	0.0653888	0.192624	0.204109	0.349834	0.00460537	0.0766513	0.0708505	0.410626	0.211741	0.573603	1.04495	2.16971	4	1.89706
1817000	-545.6871	-573.8803	28.19315	1	2.586102	0.0951113	0.0141398	0.0433986	0.0855653	3.00369e-06	0.0409283	0.00627382	0.0133977	0.0239597	0.0476725	0.18879	0.166654	0.448723	0.0154278	0.18491	0.00339752	0.293409	0.354471	0.705689	1.07954	1.8603	3	1.67176
1818000	-524.2538	-566.4103	42.15651	10	3.298028	0.24084	0.00402918	3.43937e-05	0.122644	0.0688616	0.00555109	0.0565889	0.0254731	0.0152505	0.0500656	0.0870132	0.109522	0.434009	0.0624341	0.165427	0.00227088	0.463535	0.41108	0.746799	1.08364	1.75848	5	1.91355
1819000	-528.0172	-573.8092	45.792	10	2.294084	0.144197	0.00434732	0.0246253	0.0527131	0.0539604	0.0698623	0.0112291	0.00562676	0.0345487	0.0183029	0.249854	0.10918	0.687031	0.0282525	0.107539	0.0415038	0.717135	0.326022	0.683038	1.07587	1.91507	5	2.359909
1820000	-525.81	-565.8132	40.00313	2	1.235087	0.119063	0.00129243	0.00124193	0.0940743	0.00945527	0.0369024	0.0197491	0.0163488	0.0115836	0.0272747	0.181231	0.0453596	0.219807	0.0068034	0.0876784	0.00961312	0.25162	0.181354	0.53757	1.03017	2.25091	4	1.139098
1821000	-511.3091	-569.8567	58.54762	10	0.4619784	0.218846	0.0101905	0.0141701	0.0818646	0.0100724	0.016989	0.0236994	0.00346505	0.0409676	0.0298471	0.193541	0.0398733	0.307239	0.0172439	0.127968	0.0321873	0.302709	0.0265761	0.226371	0.790502	2.95655	5	1.470873
1822000	-516.9505	-575.5078	58.55733	10	2.624042	0.102822	0.0160704	0.0344431	0.155841	0.0388247	0.0281561	0.0367253	0.00220438	0.0226389	0.0285831	0.205535	0.0790054	0.218952	0.000271281	0.0666772	0.0715887	0.281779	0.35791	0.70833	1.07991	1.85385	5	1.390118
1823000	-525.3479	-580.2948	54.94693	10	1.557943	0.0849379	0.0429626	0.0121446	0.0636408	0.0281229	0.0317557	0.0161462	0.0431945	0.016002	0.080372	0.236044	0.295789	0.207592	0.0477131	0.104965	0.0507914	0.329742	0.234136	0.597925	1.05365	2.11429	5	1.691916
1824000	-520.2997	-563.281	42.98123	2	0.3935041	0.124291	0.0079024	0.00491999	0.0478323	0.0220924	0.000319045	0.0172234	0.00143059	0.00027479	0.0382374	0.133768	0.238457	0.0475707	0.00216984	0.0699545	0.0188177	0.185706	0.0157885	0.176887	0.724154	3.08317	4	0.9609672
1825000	-539.289	-567.8161	28.5271	2	3.576401	0.11393	0.00039201	0.0246553	0.0617972	0.000980537	0.0127113	0.0454498	0.0457381	0.00700398	0.0546417	0.216443	0.37186	0.253455	0.0424833	0.118753	0.0696554	0.358764	0.429461	0.759157	1.08419	1.7272	4	1.798714
1826000	-538.9339	-571.968	33.03411	2	2.687375	0.191732	0.000676058	0.00394997	0.0746688	0.0623613	0.0134168	0.0240754	0.0180108	0.0130696	0.0961096	0.216916	0.166813	0.214341	0.0234353	0.114413	0.0198942	0.262978	0.363531	0.712605	1.08047	1.8434	4	1.51686
1827000	-501.7361	-564.3587	62.62257	10	0.2770905	0.0944276	0.00773732	0.00123902	0.0214093	0.00218432	0.00655062	0.00683532	0.0317817	0.000342576	0.0429646	0.132952	0.290264	0.153236	0.00909477	0.0464591	0.0209723	0.13673	0.00362133	0.0868379	0.555246	3.35429	5	1.005181
1828000	-515.684	-570.9685	55.2845	10	0.9152857	0.165819	0.0235776	0.00242429	0.129087	0.0235403	0.0357774	0.0123365	0.0152788	0.0406774	0.0263376	0.195456	0.173918	0.258589	0.0263405	0.188945	0.0193466	0.356235	0.119756	0.449719	0.984411	2.44611	5	1.693686
1829000	-542.8064	-573.0396	30.23323	1	1.545978	0.244924	0.0185832	0.00047443	0.118613	0.0929259	0.0101903	0.0298928	0.0254553	0.0397977	0.0428263	0.196697	0.30962	0.130937	0.0502977	0.0959737	0.00694467	0.157611	0.232338	0.596035	1.05301	2.11862	3	1.571764
1830000	-515.8139	-572.8271	57.01323	10	0.4399367	0.138106	0.00966322	0.0237736	0.0733631	0.0127414	0.00105513	0.0319755	0.0183972	0.0170886	0.0615199	0.176518	0.106553	0.204999	0.0144685	0.0809911	0.0579555	0.207539	0.0228721	0.21091	0.771118	2.9951	5	1.236708
1831000	-519.7943	-575.3772	55.58291	10	0.9071772	0.139749	0.00177192	0.015504	0.0707481	0.0235192	0.01456	0.0314041	0.0217363	0.00863575	0.0383404	0.108448	0.147494	0.121675	0.000306807	0.0800349	0.020861	0.328325	0.118081	0.446957	0.982739	2.45222	5	1.173114
1832000	-522.1574	-570.227	48.06962	10	1.667449	0.161264	0.0137543	0.0372428	0.0843517	0.024127	0.00705701	0.0294486	0.0707522	0.00525237	0.0517426	0.120701	0.206182	0.12828	0.0291418	0.0342925	0.0197364	0.310344	0.25007	0.614247	1.05891	2.07677	5	1.33367
1833000	-542.1184	-572.5121	30.39366	2	3.449953	0.160315	0.0308687	0.00567708	0.131072	0.0640945	0.000878495	0.0322869	0.0762254	0.00200868	0.0513102	0.364063	0.287854	0.135707	0.0733035	0.0634884	0.0273344	0.43678	0.421331	0.753746	1.08399	1.74094	4	1.943266
1834000	-529.2893	-568.5951	39.30588	2	0.9556763	0.0992522	0.00212032	0.0161212	0.0615788	0.0054053	0.0031782	0.0172921	0.0401859	0.016503	0.0483376	0.232446	0.234952	0.0421418	0.0354087	0.1198	0.0374787	0.354291	0.128027	0.463011	0.992249	2.41671	4	1.366493
1835000	-535.7475	-572.8942	37.14673	2	0.5661616	0.156805	0.0182658	0.0377151	0.0865044	0.00453483	0.0174864	0.0113832	0.108163	0.0131197	0.0241096	0.177701	0.278049	0.257992	0.0046597	0.0786961	0.0193932	0.18701	0.0462127	0.292931	0.863022	2.79783	4	1.481588
1836000	-537.3412	-574.2652	36.92402	2	1.066869	0.164565	0.0105221	0.052667	0.0654912	0.0259711	0.0064324	0.0168005	0.0467739	0.0130611	0.0464573	0.210605	0.2733	0.317496	0.0435638	0.0770981	0.00272597	0.1378	0.1501	0.495968	1.01025	2.34368	4	1.51133
1837000	-526.786	-566.3714	39.58549	2	0.7160744	0.121717	0.00185153	0.0255373	0.0474679	0.0266494	0.0390835	0.0010565	0.0136248	0.00246935	0.0277886	0.192262	0.216023	0.0852121	0.000542212	0.0687312	0.0294276	0.184038	0.0776245	0.371017	0.930682	2.62068	4	1.083483
1838000	-524.9238	-566.2097	41.28592	2	0.8657814	0.113518	0.009302	0.00923695	0.066951	0.0558109	0.0137779	0.0234146	0.0175981	0.00573888	0.0447297	0.200406	0.229877	0.132902	0.00588964	0.0805301	0.0298512	0.332946	0.10946	0.432329	0.973639	2.48457	4	1.372481
1839000	-521.3966	-569.937	48.54041	10	1.045545	0.228941	0.00796296	0.00277589	0.129774	0.0830303	0.0476135	0.0101221	0.0378205	0.0325774	0.0833852	0.22726	0.500903	0.108263	0.0683406	0.110019	0.0109886	0.439664	0.145951	0.490026	1.00715	2.35687	5	2.129441
1840000	-518.3498	-580.8931	62.54334	10	0.716711	0.111702	0.0206549	0.00248286	0.0854102	0.0123657	0.015939	0.0242276	0.0555857	0.00413684	0.0344282	0.159053	0.366703	0.0597193	0.0145366	0.146334	0.0573807	0.259065	0.0777607	0.371309	0.930907	2.62002	5	1.429725
1841000	-535.1963	-567.6382	32.44191	2	6.213313	0.300707	0.0151619	0.00966221	0.0930317	0.00119773	0.0237012	0.0419895	0.0197819	0.00161844	0.0367602	0.176605	0.236428	0.0607007	0.0490768	0.0992271	0.025538	0.369758	0.545805	0.82824	1.08078	1.54518	4	1.560946
1842000	-538.7587	-569.428	30.66928	2	2.730076	0.128755	0.00958614	0.00497423	0.0978868	0.0185938	0.0571798	0.0163335	0.0290176	0.00809269	0.0426674	0.335223	0.361065	0.22057	0.0462253	0.101169	0.0470748	0.26812	0.367239	0.715396	1.08081	1.83655	4	1.792534
1843000	-538.1465	-576.5192	38.37276	2	2.117107	0.0914566	0.0318179	0.0044104	0.0628491	0.0480363	0.0243247	0.0494162	0.0302905	0.0308038	0.023566	0.125152	0.328023	0.0911296	0.0644856	0.114095	0.0186312	0.260923	0.306864	0.666916	1.07266	1.95356	4	1.399411
1844000	-515.9702	-566.3167	50.34646	10	0.8189161	0.139856	0.00444437	0.00172272	0.0480484	0.0405059	0.00958815	0.0482112	0.00563703	0.0380049	0.0330608	0.128971	0.245914	0.147816	0.016714	0.170572	0.023674	0.376291	0.0995771	0.41464	0.962062	2.52372	5	1.479032
1845000	-539.6074	-570.8875	31.28013	1	1.033589	0.200827	0.0287913	0.00764238	0.0516396	0.0407215	0.00322928	0.0194265	0.0562799	0.0151593	0.0565411	0.254021	0.180414	0.139952	0.0207192	0.0528804	0.0490826	0.340987	0.143607	0.48662	1.00535	2.36442	3	1.518313
1846000	-531.75	-566.7663	35.01627	2	2.531861	0.138886	0.00561924	0.00559645	0.0589862	0.0161552	0.00116305	0.0484377	0.0521508	0.0202779	0.0389236	0.216543	0.220855	0.246334	0.0280624	0.107064	0.0343223	0.299967	0.349457	0.701801	1.07898	1.86976	4	1.539344
1847000	-531.5378	-569.2744	37.73669	2	0.5769204	0.130598	0.026867	0.0149513	0.0427664	0.0414741	0.0101943	0.0138696	0.0171392	0.00531291	0.0310069	0.123134	0.357988	0.0294782	0.0324311	0.0881067	0.0169517	0.295097	0.0483855	0.299197	0.869071	2.78335	4	1.277367
1848000	-539.595	-569.7718	30.17689	1	0.9467002	0.179039	0.00880431	0.0063623	0.084702	0.0400388	0.0067657	0.0378212	0.019271	0.0198124	0.0454078	0.230158	0.196612	0.123772	0.0345447	0.115092	0.0192697	0.469854	0.1262	0.460123	0.990575	2.4231	3	1.637326
1849000	-511.5832	-570.0833	58.50008	10	0.5346672	0.156993	0.00375435	0.00631513	0.0881805	0.0167416	0.0109147	0.01817	0.0040264	0.0113896	0.0625144	0.126111	0.185212	0.203181	0.0107692	0.0892108	0.0251975	0.237838	0.0399793	0.273946	0.843941	2.84213	5	1.256519
1850000	-534.8454	-569.654	34.80855	2	1.101875	0.120174	5.53159e-05	0.0084385	0.0683667	0.0743721	0.0416853	0.00698857	0.0435604	0.0194635	0.0405049	0.140114	0.324495	0.236139	0.00454265	0.137173	0.0617	0.216056	0.156821	0.505368	1.01502	2.32279	4	1.543829
1851000	-542.6063	-578.9389	36.33262	2	1.176992	0.159485	0.0160605	0.0225197	0.170623	0.0563111	0.00446783	0.0567236	0.053381	0.0239242	0.0912196	0.240803	0.0826767	0.311306	0.00577896	0.0434192	0.0960347	0.219937	0.170859	0.524175	1.02409	2.28088	4	1.654673
1852000	-542.2639	-571.6731	29.40926	2	2.68499	0.214077	0.016743	0.0189514	0.0649899	0.0603712	0.0596553	0.00492996	0.034532	0.0101854	0.038531	0.301329	0.150874	0.0935844	0.0465405	0.0667709	0.0484207	0.367638	0.363322	0.712447	1.08045	1.84378	4	1.598123
1853000	-542.0777	-576.7439	34.66623	2	1.631176	0.188974	0.0111549	0.00108436	0.0779039	0.0184462	0.0203001	0.000503638	0.0274205	0.0234545	0.0111049	0.223316	0.230477	0.237187	0.0539982	0.0642526	0.0386961	0.269645	0.244894	0.609028	1.05728	2.0888	4	1.497919
1854000	-527.1103	-568.9527	41.84241	2	0.8452281	0.133935	0.00932796	0.0154513	0.0804802	0.0654228	0.0169139	0.0295099	0.0347079	0.00648855	0.0248729	0.251541	0.206644	0.077624	0.0198095	0.0939992	0.00348172	0.107357	0.10514	0.424725	0.96874	2.50139	4	1.177567
1855000	-533.5384	-575.7184	42.17998	2	0.687106	0.106883	0.00173615	0.0011785	0.0571389	0.0302118	0.0394978	0.0119365	0.0267036	0.00684352	0.0360567	0.108253	0.104941	0.146229	0.0399343	0.0258024	0.0483644	0.174197	0.0714365	0.357382	0.919995	2.65119	4	0.9659074
1856000	-533.0865	-579.3336	46.24717	10	2.592836	0.385636	0.0216468	0.0214127	0.0905294	0.00317734	0.06624	0.031187	0.160555	0.0278369	0.0720052	0.357351	0.279301	0.367395	0.0672445	0.0376849	0.0038517	0.201698	0.355085	0.706162	1.07961	1.85914	5	2.194752
1857000	-510.9488	-566.7697	55.82096	10	1.549718	0.124386	0.00871676	0.0152385	0.0555589	0.0522348	0.00440877	0.0345164	0.0216442	0.00400944	0.0492267	0.147709	0.140131	0.214492	0.0485678	0.11709	0.00964112	0.337245	0.232902	0.596628	1.05321	2.11726	5	1.384816
1858000	-532.2816	-569.3144	37.03275	2	2.556747	0.149989	0.00467282	0.0426048	0.094677	0.0431895	0.00849617	0.0267203	0.0091109	0.00393518	0.0510191	0.255608	0.194815	0.0994997	0.0142261	0.0892208	0.0287783	0.219612	0.351772	0.703601	1.07924	1.86538	4	1.336175
1859000	-528.0587	-566.6291	38.57043	2	0.9595098	0.144381	0.00618239	0.00964149	0.0496314	0.011064	0.0134397	0.0179275	0.015103	0.0223409	0.0414452	0.310361	0.221338	0.0995279	0.0370449	0.0941948	0.0412458	0.278095	0.128806	0.464234	0.992953	2.41401	4	1.412964
1860000	-535.5444	-570.794	35.24961	2	1.026583	0.119702	0.00411606	0.0227481	0.0609057	0.0594943	0.00566998	0.063247	0.0136321	0.000287977	0.0675621	0.339363	0.203078	0.129511	0.0107135	0.213963	0.046784	0.349694	0.142227	0.484599	1.00427	2.36891	4	1.710473
1861000	-535.6356	-572.0845	36.44889	1	0.3131542	0.0650981	0.00673116	0.00965524	0.0651517	0.0583562	0.0131065	0.0184482	0.0234684	0.00410094	0.0268747	0.29094	0.103754	0.0992105	0.0102651	0.0453392	0.0146417	0.21834	0.00642286	0.114759	0.617246	3.26157	3	1.073481
1862000	-511.0809	-571.6499	60.56897	10	0.4079219	0.127519	0.00311073	0.0168734	0.0258258	0.00252777	0.00461086	0.036251	0.0572044	0.0213327	0.0351301	0.251502	0.160754	0.239032	0.0406783	0.12684	0.0446567	0.294091	0.0178737	0.187649	0.739713	3.05477	5	1.487939
1863000	-543.8572	-575.8155	31.9583	1	2.359987	0.204025	0.0262749	0.00107516	0.106432	0.021417	0.0194602	0.014576	0.0655161	0.0261798	0.0474755	0.210694	0.0933734	0.144436	0.00756258	0.0751426	0.0423211	0.211895	0.332767	0.688542	1.07685	1.90184	3	1.317857
1864000	-524.859	-570.8199	45.96093	10	1.916049	0.142379	0.0111212	0.00371761	0.0805483	0.0275231	0.0274487	0.0299329	0.0583614	0.0061027	0.0618984	0.299852	0.218047	0.192557	0.00415061	0.214496	0.0286168	0.208036	0.283043	0.645779	1.06774	2.00344	5	1.61479
1865000	-533.0404	-568.0398	34.99938	2	0.7049719	0.137005	0.00483503	0.0260412	0.105147	0.00898915	0.0218066	0.0136301	0.0372447	0.00554075	0.038878	0.328537	0.221316	0.062706	0.0161588	0.123832	0.00857984	0.418323	0.0752506	0.365867	0.926697	2.63219	4	1.578571
1866000	-532.5474	-570.1317	37.58427	2	0.9667295	0.0938679	0.00146418	0.018528	0.0748669	0.0613886	0.00889037	0.0185629	0.0456424	0.013055	0.0525515	0.235457	0.109836	0.188334	0.00415139	0.0964677	0.0589648	0.330197	0.130269	0.466518	0.994261	2.40895	4	1.412225
1867000	-533.6704	-571.4064	37.73601	2	1.039893	0.140272	7.8023e-05	0.0250105	0.0676053	0.031803	0.0224111	0.0343099	0.0164658	0.0110521	0.0761737	0.183848	0.185906	0.253319	0.0605199	0.130911	0.00599273	0.15226	0.144844	0.488423	1.00631	2.36043	4	1.397936
1868000	-539.2361	-568.2931	29.05698	2	1.789442	0.169079	0.00377315	0.00121067	0.0984025	0.0180424	0.0204976	0.0406511	0.0677655	0.0296924	0.0513442	0.363886	0.170754	0.30101	0.000624618	0.0689543	0.065092	0.32042	0.266776	0.630577	1.0637	2.03894	4	1.791199
1869000	-521.8325	-583.3447	61.51216	10	0.5961403	0.09387	0.00895762	0.00324765	0.0438207	0.0534129	0.00817951	0.0361189	0.0935025	0.00833799	0.0514988	0.194615	0.133738	0.0252319	0.00445253	0.0628372	0.0244109	0.474685	0.052313	0.31012	0.879337	2.75823	5	1.320917
1870000	-523.3208	-575.3351	52.01428	10	2.288254	0.155289	0.0211063	0.0184856	0.0480607	0.00945593	0.0400346	0.0161377	0.055079	0.0374923	0.0250568	0.29783	0.124788	0.177234	0.0497334	0.153128	0.0411318	0.261252	0.325416	0.682539	1.07577	1.91627	5	1.531296
1871000	-522.5533	-575.1823	52.62902	10	2.322262	0.0839749	0.0172298	0.0142839	0.0654542	0.0130104	0.032374	0.0218043	0.0871978	0.0033782	0.0517412	0.296777	0.131576	0.0781045	0.0200229	0.159513	0.0301774	0.315229	0.328931	0.685422	1.0763	1.90935	5	1.421849
1872000	-516.8211	-570.8165	53.99539	10	2.796129	0.124446	0.0290436	0.00349061	0.0850617	0.0352218	0.00279177	0.0473813	0.0946933	0.0511647	0.0181206	0.304181	0.249149	0.214168	0.0346557	0.126552	0.00632587	0.198081	0.372848	0.719577	1.08131	1.82627	5	1.624528
1873000	-521.8607	-567.5514	45.69074	10	1.571762	0.0882744	0.00120564	0.0171226	0.0673926	0.00611767	0.0268339	0.0082737	0.0674975	0.00226773	0.031304	0.195841	0.220093	0.139164	0.0438319	0.0577021	0.0545271	0.296207	0.236198	0.600081	1.05437	2.10935	5	1.323655
1874000	-520.1936	-576.0133	55.81971	10	1.131694	0.238085	0.00971402	0.0140967	0.0312958	0.0210566	0.0165854	0.0331972	0.0362693	0.000327871	0.0924728	0.228148	0.176661	0.173591	0.0331421	0.207066	0.0585354	0.300255	0.162456	0.513047	1.0188	2.30569	5	1.6705
1875000	-536.0654	-564.745	28.67956	2	3.240119	0.166297	0.00143811	0.0076594	0.100361	0.0132979	0.038888	0.0160998	0.0136284	0.0423767	0.0432169	0.505041	0.312346	0.0956934	0.0359883	0.115809	0.0315735	0.514853	0.407025	0.744012	1.08347	1.76549	4	2.054567
1876000	-537.2364	-566.4744	29.23797	2	1.184754	0.206421	0.0253297	0.010402	0.070674	0.0347265	0.00253022	0.0202659	0.0219607	0.0102508	0.0504935	0.464619	0.272418	0.131023	0.00400517	0.154808	0.0380604	0.349442	0.172279	0.52602	1.02495	2.27675	4	1.86743
1877000	-546.6867	-576.659	29.97223	2	1.210308	0.268115	0.014159	0.0326382	0.0775552	0.0616122	0.049407	0.0052663	0.0584036	0.00575228	0.0437886	0.279397	0.345453	0.3336	0.0356347	0.0883217	0.0433923	0.213142	0.176916	0.531971	1.02767	2.26345	4	1.955638
1878000	-547.0048	-574.5972	27.59244	1	2.304837	0.270302	0.00065164	0.028752	0.106249	0.0527876	0.0126122	0.0445682	0.0399281	0.0419299	0.00384739	0.365981	0.312822	0.0740241	0.00891685	0.114204	0.0332277	0.249155	0.327136	0.683953	1.07603	1.91288	3	1.759958
1879000	-539.6572	-578.2857	38.62853	2	1.927956	0.132213	0.0215992	0.0268581	0.0859132	0.0627269	0.0633348	0.00815106	0.0210503	0.00419923	0.057406	0.159695	0.139437	0.0971644	0.0376535	0.086721	0.022781	0.331703	0.28452	0.647127	1.06808	2.00027	4	1.358607
1880000	-533.0215	-570.1391	37.1176	2	2.732509	0.148946	0.0208288	0.00985858	0.0741836	0.136785	0.0348025	0.0272961	0.0125845	0.000400049	0.047762	0.240802	0.20229	0.290676	0.0317874	0.0949939	0.0169239	0.0887158	0.367448	0.715553	1.08083	1.83617	4	1.479635
1881000	-534.8795	-570.535	35.65558	2	2.40032	0.0756266	0.0103681	0.0133655	0.093719	0.00128395	0.0256009	0.0285146	0.00820272	0.0346052	0.0157667	0.237415	0.229898	0.257008	0.0250667	0.139177	0.0312282	0.454828	0.336798	0.691791	1.0774	1.89401	4	1.681674
1882000	-537.6819	-571.9685	34.28659	1	0.6623615	0.144912	0.00342613	0.0224346	0.123983	0.0435945	0.00131954	0.0151522	0.000618323	0.0226226	0.0562838	0.0739293	0.158975	0.28928	0.0362955	0.073783	0.013567	0.174614	0.066174	0.345216	0.91008	2.67853	3	1.25479
1883000	-534.5104	-569.5357	35.02531	2	1.73429	0.156858	0.00122412	0.0203501	0.135	0.0349305	0.0182013	0.0089966	0.00455942	0.00196413	0.0884932	0.104424	0.096737	0.269691	0.0010661	0.106329	0.0787381	0.335597	0.259354	0.623416	1.06166	2.05557	4	1.46316
1884000	-537.3684	-569.8439	32.47552	2	1.371404	0.180785	0.00980544	0.00798602	0.0712024	0.0242881	0.00915378	0.0491944	0.0358445	0.0261391	0.0226062	0.26017	0.288206	0.227656	0.0345957	0.127385	0.0377775	0.352428	0.204756	0.565651	1.04188	2.18771	4	1.765223
1885000	-529.5584	-565.8046	36.24616	2	3.875244	0.139448	0.000766232	0.0130283	0.112045	0.0150634	0.0179797	0.0214105	0.0545583	0.00380639	0.0556253	0.0833286	0.208191	0.221298	0.00763808	0.0473973	0.0212156	0.20772	0.447375	0.770781	1.0844	1.69744	4	1.23052
1886000	-536.3393	-573.1234	36.78407	2	0.945571	0.218088	0.00917674	0.0719852	0.119363	0.0219713	0.0147383	0.0252048	0.0460748	0.000572924	0.0502089	0.251216	0.249891	0.190025	0.0200361	0.129821	0.000538429	0.271468	0.12597	0.459757	0.990361	2.42391	4	1.690381
1887000	-507.9582	-568.9739	61.01566	10	1.672274	0.166993	0.00501088	0.0147972	0.0706755	0.000336837	0.00484797	0.0343986	0.0090572	0.0297025	0.0219269	0.29585	0.169956	0.286205	0.0198246	0.109164	0.058011	0.102794	0.250751	0.614927	1.05912	2.0752	5	1.399551
1888000	-515.3506	-571.5009	56.15028	10	0.8854813	0.144013	0.0158405	0.00073205	0.0867012	0.071024	0.0126276	0.0243169	0.0678225	0.00182692	0.0904129	0.164691	0.0880177	0.345477	0.0379828	0.0424904	0.0368466	0.242647	0.113577	0.439402	0.978091	2.46893	5	1.473469
1889000	-516.5173	-570.4102	53.89286	10	0.8937364	0.164612	0.0104183	0.0215098	0.105294	0.0284777	0.020185	0.0162054	0.0236766	0.0278429	0.0392086	0.331722	0.114714	0.243505	0.0138795	0.206886	0.0301456	0.107403	0.115295	0.442304	0.97989	2.46251	5	1.505684
1890000	-517.1884	-568.4978	51.30934	10	2.912274	0.216082	0.0140837	0.00580032	0.0733394	0.0769339	0.0492334	0.0132758	0.0233898	0.026931	0.0817744	0.144705	0.142176	0.467415	0.0691353	0.116049	0.00510814	0.221473	0.382359	0.726552	1.08205	1.80904	5	1.746907
1891000	-531.3341	-566.2725	34.93838	2	1.826837	0.189088	0.0167928	0.000983952	0.101827	0.0253977	0.00405497	0.0245535	0.0206436	0.0156504	0.0288738	0.0977297	0.212987	0.423589	0.0760795	0.1299	0.0351173	0.32688	0.27169	0.635239	1.06498	2.02809	4	1.730149
1892000	-542.245	-574.4072	32.16218	2	3.078362	0.133875	0.00438043	0.0111593	0.0742392	0.0438048	0.0193077	0.0256199	0.0428801	0.0160641	0.130084	0.0995224	0.171315	0.368558	0.0524941	0.104992	0.0118141	0.376472	0.395235	0.735776	1.08288	1.78611	4	1.686582
1893000	-518.221	-574.0475	55.82649	10	1.644345	0.159089	0.00583786	0.0249306	0.0829586	0.0276803	0.0104394	0.0462549	0.0459982	0.0143096	0.028289	0.385162	0.145137	0.0733537	0.0305585	0.13854	0.0413971	0.33362	0.246784	0.610943	1.05788	2.08439	5	1.593555
1894000	-517.2598	-570.9524	53.6926	10	1.261476	0.12763	0.0133971	0.0149064	0.0451015	0.00488958	0.0117495	0.0163926	0.0420464	0.0161167	0.052349	0.235257	0.181351	0.361622	0.0296632	0.142274	0.0654759	0.349421	0.186017	0.543355	1.03269	2.23793	5	1.709644
1895000	-535.3323	-571.7597	36.42739	2	0.6842115	0.148521	0.001119	0.0151111	0.05383	0.023486	0.0226313	0.00215729	0.11487	0.00189454	0.0414849	0.222679	0.0794524	0.355423	0.00662497	0.0625846	0.0453473	0.112055	0.0708195	0.355984	0.918874	2.65432	4	1.309272
1896000	-535.5785	-570.6841	35.10561	2	0.9048987	0.230037	0.00522085	0.00866652	0.0678951	0.0144192	0.0121706	0.0304718	0.0735407	0.0260828	0.0314928	0.261736	0.227195	0.228708	0.017396	0.0804455	0.0358948	0.211249	0.11761	0.446174	0.982263	2.45395	4	1.562621
1897000	-537.5121	-574.7292	37.21711	2	0.5830733	0.198194	0.0139587	0.0449347	0.0539353	0.0690965	0.00427595	0.0407689	0.0331427	0.00240159	0.0280164	0.0773024	0.143848	0.213672	0.00250047	0.0755289	0.0296183	0.207456	0.0496367	0.302731	0.872431	2.7752	4	1.238651
1898000	-524.2649	-572.9472	48.6823	10	1.848822	0.069422	0.0301772	0.00987198	0.067742	0.0176722	0.00200022	0.0512835	0.0529558	0.00670216	0.0475439	0.485892	0.213199	0.317048	0.0244573	0.151451	0.00751909	0.316368	0.274535	0.637911	1.0657	2.02185	5	1.871306
1899000	-532.9339	-571.083	38.14911	2	0.8542999	0.176832	0.0041855	0.0225575	0.0822486	0.0253793	0.0119506	0.0149564	0.00913544	0.0181398	0.0776522	0.237992	0.141323	0.239334	0.0584147	0.16118	0.0153619	0.242947	0.10705	0.42811	0.970935	2.4939	4	1.539591
1900000	-537.6713	-572.2016	34.53036	2	1.060965	0.253567	0.0367997	0.00144672	0.0989108	0.0179131	0.000596513	0.0779428	0.0521023	0.00612349	0.0499021	0.375638	0.238811	0.250271	0.00973505	0.0565921	0.0714341	0.170977	0.148955	0.494339	1.00941	2.3473	4	1.768761
1901000	-540.0602	-571.864	31.80379	2	3.91818	0.203624	0.0147788	0.0112261	0.0973836	0.0373202	0.022547	0.0333311	0.0446909	0.00255066	0.055225	0.274494	0.283181	0.257511	0.0270962	0.114236	0.0522846	0.182331	0.44981	0.772331	1.08441	1.69345	4	1.71381
1902000	-532.7179	-568.5378	35.81983	2	1.36435	0.302284	0.00481004	0.0021672	0.137419	0.00569413	0.0168577	0.00663031	0.0606834	0.00213369	0.0815061	0.346676	0.202294	0.374589	0.000194989	0.10682	0.0452354	0.0299592	0.203586	0.564301	1.04135	2.19076	4	1.725954
1903000	-513.5676	-571.102	57.53446	10	0.3831325	0.131626	0.0203061	0.00182658	0.0564579	0.0051776	0.0252263	0.0191133	0.0510904	0.010565	0.023361	0.391235	0.139125	0.245121	0.0110082	0.0777512	0.0340983	0.135441	0.0143581	0.169048	0.712363	3.10423	5	1.37853
1904000	-540.6029	-575.2547	34.65181	2	2.393438	0.0842869	0.0412608	0.0397465	0.0757323	0.0144395	0.0028476	0.0340898	0.0237422	0.0079004	0.0310273	0.397732	0.318746	0.309144	0.00152289	0.197544	0.056907	0.0694816	0.336115	0.691242	1.07731	1.89533	4	1.706151
1905000	-523.3549	-565.8523	42.49742	2	0.7289096	0.120993	0.00441529	0.00395214	0.0389328	0.00824285	0.00341754	0.030526	0.0140493	0.0012719	0.0381731	0.242405	0.122014	0.149806	0.00752673	0.148756	0.0595645	0.0982213	0.0803709	0.376857	0.935128	2.60764	4	1.092267
1906000	-533.6898	-569.9494	36.25955	2	1.22238	0.181877	0.0138484	0.00135785	0.0574815	0.0348664	0.00476557	0.0214465	0.0545649	0.00929911	0.0453447	0.350597	0.296387	0.319072	0.0529359	0.112616	0.0318595	0.0802824	0.179085	0.53472	1.0289	2.25729	4	1.668602
1907000	-553.3475	-582.3067	28.9592	2	3.283016	0.255694	0.0213841	0.019783	0.0214335	0.0108276	0.0224403	0.0360048	0.029163	0.0179451	0.0613046	0.21953	0.197091	0.382762	0.14101	0.151104	0.0585536	0.308581	0.410037	0.746084	1.0836	1.76028	4	1.954612
1908000	-534.1479	-571.5297	37.38179	2	0.2846801	0.0718373	0.00312491	0.00397081	0.0484931	0.0341035	0.0178586	0.00783125	0.0458321	0.0184272	0.0339216	0.356301	0.0970798	0.154869	0.0528028	0.10459	0.00222696	0.108826	0.00413506	0.0926435	0.569155	3.33407	4	1.162095
1909000	-518.1619	-580.9888	62.82684	10	0.8369657	0.0843903	0.00454624	0.00692707	0.0697806	0.0792681	0.0356821	0.025896	0.0514975	0.00326287	0.0454816	0.15731	0.0852185	0.200482	0.00937059	0.128505	0.0252398	0.0685894	0.103397	0.421602	0.966694	2.50831	5	1.081448
1910000	-513.7771	-571.5644	57.78725	10	0.1546671	0.101856	0.000869834	0.0181274	0.0256006	0.00941369	0.0165385	0.00247354	0.027399	0.0121377	0.0231026	0.20744	0.29403	0.135874	0.00489913	0.0156832	0.0196952	0.118171	7.01024e-05	0.0123608	0.255855	3.73171	5	1.033312
1911000	-519.2224	-573.1685	53.94604	10	2.136512	0.091072	0.0267581	0.00473512	0.0727008	0.0535224	0.0537234	0.0327243	0.0446821	0.00674683	0.0490621	0.2428	0.231065	0.294745	0.00753806	0.187915	0.0265864	0.231261	0.309043	0.668787	1.07306	1.94911	5	1.657638
1912000	-514.5262	-572.4812	57.95507	10	1.008383	0.136341	0.00414015	0.0232465	0.0516291	0.00876861	0.0102454	0.0276474	0.0226596	0.044605	0.0514792	0.240427	0.158213	0.253727	0.0178457	0.140686	0.0379206	0.0647978	0.138623	0.479257	1.00138	2.38074	5	1.294379
1913000	-514.4604	-571.5357	57.07529	10	0.6153543	0.0970682	0.00808916	0.0138336	0.0686702	0.0764517	0.0148323	0.0225616	0.00651517	0.00354979	0.0284582	0.150989	0.150358	0.115582	0.012097	0.0926531	0.00748341	0.12543	0.0562895	0.3207	0.888954	2.73406	5	0.9946222
1914000	-541.3494	-573.1968	31.84735	2	1.669142	0.237051	0.0351916	0.00249882	0.0926281	0.0996865	0.00451952	0.0425795	0.0695541	0.0406208	0.0291762	0.259915	0.208643	0.126859	0.0447857	0.0487792	0.0332994	0.302979	0.250309	0.614486	1.05898	2.07622	4	1.678767
1915000	-525.6595	-566.858	41.19846	2	0.4577638	0.0999448	0.00177474	0.0111173	0.0883621	0.0969291	0.00643766	0.0198393	0.0274652	0.0119587	0.044966	0.300106	0.239744	0.0482801	0.0164967	0.0673434	0.0177522	0.187351	0.0258528	0.223451	0.786925	2.96377	4	1.285868
1916000	-546.3333	-577.8723	31.539	1	1.034228	0.0610409	0.0196427	0.0114362	0.0487145	0.0439579	0.0138359	0.0298543	0.0830556	0.0207225	0.095103	0.255608	0.145655	0.0685397	0.0163585	0.105216	0.0632934	0.410329	0.143732	0.486804	1.00545	2.36402	3	1.492362
1917000	-527.1679	-568.4166	41.24872	2	0.3752754	0.10129	0.00634225	0.0253641	0.0414824	0.00630492	0.0138424	0.0285819	0.00847236	0.027267	0.0280018	0.240802	0.15692	0.0988047	0.0164605	0.059077	0.00612358	0.190363	0.013315	0.163059	0.703077	3.12055	4	1.0555
1918000	-522.7486	-570.3009	47.55233	10	1.086422	0.120118	0.0172845	0.00505192	0.0513259	0.00355828	0.012971	0.0186094	0.0508866	0.00801265	0.0328721	0.285884	0.211901	0.253615	0.0172696	0.0375254	0.0342897	0.223971	0.153868	0.501271	1.01296	2.3319	5	1.385145
1919000	-527.1203	-574.5975	47.47721	10	0.8677681	0.158587	0.00535329	0.0201994	0.0680494	0.0865247	0.0170104	0.040959	0.0225335	0.0015399	0.0750373	0.171015	0.162145	0.105834	0.0526383	0.0518937	0.011669	0.201172	0.109876	0.433052	0.974098	2.48297	5	1.252161
1920000	-533.5102	-570.0064	36.49625	2	0.7768623	0.164799	0.0072921	0.0147719	0.109006	0.00485027	0.00122201	0.0322302	0.0173509	0.000546718	0.0225052	0.191099	0.234852	0.0676738	0.0146684	0.0913222	0.00745347	0.362908	0.0906266	0.397649	0.950332	2.56139	4	1.344551
1921000	-546.2781	-574.9859	28.70779	2	0.9005261	0.153111	0.00574544	0.0529748	0.203732	0.081132	0.0165769	0.0138632	0.0341257	0.0208262	0.0757706	0.684046	0.205912	0.221288	0.0150312	0.0827703	0.051864	0.373999	0.116704	0.444666	0.981342	2.45729	4	2.292768
1922000	-547.0296	-572.2794	25.2498	2	3.637807	0.16221	0.00779818	0.0263129	0.0874776	0.0479104	0.0109166	0.0764524	0.0141665	0.0169524	0.0684751	0.528361	0.249514	0.405697	0.0197738	0.147071	0.0295203	0.0089946	0.433286	0.761673	1.08426	1.72078	4	1.907605
1923000	-535.5893	-570.424	34.83462	2	0.8059548	0.18947	0.00507304	0.00471482	0.0933218	0.0555237	0.00423847	0.0112318	0.0200632	0.0175671	0.0387745	0.213856	0.205702	0.248645	0.034627	0.0785758	0.0421665	0.289794	0.0968252	0.40952	0.958591	2.53506	4	1.553345
1924000	-539.9015	-570.7375	30.836	1	1.550708	0.126772	0.00678415	0.0276504	0.111155	0.0235781	0.0234588	0.0090323	0.0329754	0.0116736	0.0841414	0.349439	0.254754	0.0968332	0.0597364	0.118741	0.013266	0.161024	0.23305	0.596785	1.05327	2.1169	3	1.511015
1925000	-516.2372	-576.0841	59.84695	10	0.8646758	0.115552	0.000562237	0.0294269	0.141112	0.00237406	0.00752034	0.0433396	0.0502888	0.0136059	0.0234673	0.303736	0.176107	0.300204	0.071338	0.160163	0.0162891	0.046436	0.109228	0.431926	0.973382	2.48546	5	1.501522
1926000	-554.575	-576.4965	21.9215	2	2.739547	0.179628	0.000889176	0.0285412	0.121048	0.0310161	0.0296351	0.0224021	0.0458578	0.00265668	0.0949435	0.740999	0.149706	0.541187	0.109254	0.15927	0.05187	0.207436	0.368052	0.716005	1.08089	1.83505	4	2.51634
1927000	-517.9422	-572.5129	54.5707	10	0.3952137	0.137679	0.00109017	0.0225003	0.0839498	0.00580871	0.00830375	0.0154295	0.140741	0.0079243	0.0160895	0.313589	0.285471	0.289465	0.028981	0.00257815	0.0158905	0.188539	0.01603	0.178172	0.726049	3.07975	5	1.56403
1928000	-512.0868	-570.2267	58.13983	10	2.057062	0.1507	0.0206741	0.0273785	0.0630211	0.0247105	0.00290482	0.0293447	0.0706137	0.00566452	0.0641437	0.27641	0.238284	0.162262	0.0159436	0.0948221	0.0178021	0.0405445	0.299992	0.660947	1.07135	1.96771	5	1.305224
1929000	-525.3482	-573.6695	48.32136	10	1.228744	0.282953	0.0324982	0.0240206	0.111678	0.043012	0.0476877	0.00621745	0.082747	0.0398647	0.0384443	0.233384	0.421255	0.196604	0.0042501	0.0738087	0.0153564	0.252832	0.180223	0.536153	1.02954	2.25408	5	1.906614
1930000	-535.728	-568.9544	33.22636	2	2.777244	0.173501	0.00307594	0.00400844	0.0899203	0.130413	0.0112805	0.0269413	0.00638889	0.0084774	0.0576425	0.242886	0.243522	0.213763	0.0360291	0.0754333	0.016691	0.0464946	0.37126	0.718398	1.08117	1.82917	4	1.386468
1931000	-535.3372	-567.9546	32.6173	2	1.949744	0.198203	0.00797908	0.0191913	0.0718543	0.0324343	0.00499931	0.0157144	0.0491568	0.00356778	0.0590297	0.496774	0.381402	0.20325	0.0506047	0.0946511	0.0533012	0.00623307	0.287201	0.649561	1.06868	1.99456	4	1.748346
1932000	-533.5113	-571.7333	38.22198	2	0.682704	0.12918	0.0254243	0.00690264	0.0297583	0.0123473	0.00347921	0.0194307	0.0274964	0.00155696	0.0488906	0.312825	0.446003	0.146111	0.043895	0.0579001	0.00449442	0.117727	0.0704983	0.355254	0.918286	2.65596	4	1.433423
1933000	-517.3894	-574.8908	57.5014	10	0.9915085	0.110303	0.0224788	0.0201558	0.0519919	0.0134279	0.00230955	0.0291156	0.0356015	0.00525865	0.108424	0.168046	0.17881	0.310493	0.0125616	0.124971	0.00250479	0.196617	0.135256	0.474185	0.998579	2.39198	5	1.393071
1934000	-533.7596	-576.6783	42.91871	2	0.3012768	0.180213	0.0100097	0.000349469	0.0496436	0.059737	0.00401515	0.0263812	0.00957297	0.0200195	0.0317354	0.0210388	0.108999	0.271534	0.0505743	0.0688215	0.00517292	0.142493	0.00539945	0.105489	0.597941	3.29117	4	1.06031
1935000	-527.9828	-565.9229	37.94012	2	1.36842	0.15711	0.0107553	0.021034	0.0809142	0.00568481	0.0133193	0.0193807	0.01401	0.0136619	0.0207094	0.11383	0.319557	0.188762	0.00880789	0.10109	0.0142141	0.131034	0.204262	0.565082	1.04166	2.189	4	1.233876
1936000	-536.9627	-575.4351	38.47243	2	0.6537557	0.158869	0.0132151	0.0106693	0.108433	0.0928149	0.023137	0.00844312	0.0425998	0.01773	0.0627341	0.205418	0.183456	0.333196	0.0156898	0.0478264	0.000280657	0.223127	0.0643515	0.340869	0.906448	2.68833	4	1.547639
1937000	-545.0527	-578.6763	33.62355	2	0.5398773	0.131041	0.0190277	0.0233349	0.0141451	0.0189227	0.0154121	0.0185553	0.0193862	0.0399126	0.0925493	0.386913	0.328997	0.189068	0.0174357	0.0748776	0.076683	0.560891	0.040996	0.277154	0.847247	2.8346	4	2.027152
1938000	-510.8249	-565.6305	54.80554	10	1.772115	0.156119	0.00341329	0.0189441	0.0852218	0.00420407	0.0157456	0.0443943	0.075478	0.011131	0.0838113	0.165311	0.350343	0.0615964	0.0661301	0.0655074	0.0354147	0.308646	0.264467	0.628365	1.06308	2.04409	5	1.551411
1939000	-539.9664	-571.0328	31.06641	2	2.415185	0.109281	0.00529033	0.0301645	0.15616	0.0130945	0.00212198	0.0421245	0.00645297	0.0665874	0.0575729	0.289374	0.488982	0.184861	0.0233904	0.136169	0.00411374	0.412921	0.338265	0.692966	1.0776	1.89117	4	2.02866
1940000	-535.9485	-575.1128	39.16434	2	1.350409	0.113622	0.0179513	0.0111696	0.0477595	0.00711723	0.00355254	0.022182	0.019353	0.0338863	0.0768997	0.13866	0.176557	0.117675	0.0137534	0.13898	0.0345797	0.111909	0.201262	0.561603	1.04028	2.19686	4	1.085608
1941000	-529.3007	-573.6935	44.39282	10	1.906333	0.445913	0.0347941	0.0290459	0.0720057	0.0446919	0.00895497	0.044555	0.0488241	0.00762303	0.0436302	0.27372	0.226625	0.529249	0.0376874	0.179602	0.0686696	0.100798	0.281831	0.644669	1.06746	2.00604	5	2.196388
1942000	-518.6802	-574.0466	55.36641	10	0.5023643	0.0642136	0.00645687	0.00779252	0.0615357	0.00897488	0.0364388	0.00353572	0.0252472	0.0110937	0.0459122	0.153352	0.193474	0.101898	0.080688	0.0778848	0.011288	0.255965	0.0338268	0.253457	0.821981	2.89074	5	1.145752
1943000	-513.3098	-564.3876	51.0778	10	2.103511	0.174185	0.00680955	0.00131935	0.0729938	0.0270942	0.0202684	0.0168751	0.0244374	0.0135124	0.031234	0.231459	0.268631	0.357313	0.0269217	0.163801	0.0203187	0.215275	0.305325	0.665588	1.07238	1.95671	5	1.67245
1944000	-511.5168	-569.3223	57.80553	10	0.7592747	0.110188	0.00188364	0.0182697	0.046864	0.0136018	0.000405623	0.0156898	0.0111562	0.00200888	0.0471741	0.149467	0.172519	0.125837	0.00129953	0.0692847	0.00215143	0.0951869	0.0868684	0.390206	0.944999	2.57793	5	0.8829876
1945000	-517.8336	-572.2404	54.40676	10	0.8659043	0.144822	0.0185043	0.0197596	0.0891687	0.0990874	0.0105196	0.0181624	0.0639035	0.0074704	0.0271815	0.229985	0.162257	0.12858	0.00613498	0.0905994	0.0165632	0.138466	0.109486	0.432374	0.973667	2.48447	5	1.271165
1946000	-535.6448	-571.1364	35.49152	2	2.349903	0.206444	0.0198339	0.0153892	0.0515462	0.0648859	0.0410007	0.018539	0.0670384	0.022099	0.0528947	0.235522	0.272425	0.282252	0.048601	0.0633858	0.0181444	0.100945	0.331748	0.687716	1.0767	1.90383	4	1.580946
1947000	-534.0192	-574.6445	40.62525	2	0.3494435	0.0460707	0.00154184	0.000211556	0.0414165	0.00639403	0.00882364	0.0456189	0.0303905	0.0341668	0.04059	0.190032	0.468069	0.0915299	0.0364476	0.0945045	0.0168033	0.209333	0.0101466	0.143122	0.670222	3.17651	4	1.361944
1948000	-530.0356	-567.9258	37.89017	2	0.9558267	0.178736	0.00203372	0.0219606	0.0620199	0.057668	0.0203752	0.00762209	0.00551089	0.022446	0.048352	0.156094	0.219564	0.169667	0.0290038	0.0996771	0.0101876	0.238904	0.128058	0.46306	0.992277	2.41661	4	1.349822
1949000	-534.8805	-571.0085	36.12794	2	2.525108	0.236007	0.0477681	0.000107685	0.0640042	0.0287705	0.0205634	0.0197345	0.0122433	0.0263256	0.0871369	0.237976	0.218024	0.0837235	0.00239732	0.105393	0.048415	0.407362	0.348824	0.701308	1.07891	1.87096	4	1.64595
1950000	-546.5684	-571.5769	25.00846	1	3.734548	0.282522	0.00218809	0.00405928	0.0722041	0.0619532	0.017179	0.032172	0.0101458	0.0307524	0.0384974	0.186935	0.266664	0.0731207	0.124596	0.166703	0.0320157	0.473678	0.439157	0.765499	1.08434	1.711	3	1.875385
1951000	-518.545	-574.8849	56.33997	10	1.019785	0.186239	0.00308765	0.0166078	0.0367638	0.0419084	0.00762771	0.0356524	0.010627	0.0291131	0.0755648	0.128473	0.192328	0.0990391	0.00622273	0.119673	0.00236343	0.220843	0.140885	0.482619	1.0032	2.37329	5	1.212134
1952000	-530.4348	-573.1157	42.68092	2	0.2718249	0.104801	0.003011	0.00592068	0.0706946	0.0174489	0.000280472	0.00930786	0.0863068	0.0113206	0.0176664	0.160771	0.0424127	0.180321	0.0179942	0.0107704	0.00666817	0.283195	0.00328853	0.0828439	0.545309	3.36856	4	1.028891
1953000	-508.9919	-565.9208	56.92896	10	1.599132	0.164935	0.0235144	0.0211455	0.0707941	0.0297577	0.0174851	0.0300894	0.00816311	0.00461142	0.0483107	0.2264	0.1199	0.288664	0.00842234	0.132073	0.0193515	0.234913	0.240238	0.604266	1.05575	2.09975	5	1.44853
1954000	-535.2341	-570.3674	35.13333	2	1.66648	0.185797	0.00103386	0.0323877	0.0512664	0.017291	0.0294694	0.021147	0.0428765	0.0191714	0.0245313	0.198943	0.205947	0.31005	0.00817321	0.0691338	0.0109966	0.43788	0.249933	0.614109	1.05887	2.07709	4	1.666096
1955000	-525.9868	-572.5535	46.56679	10	2.507562	0.324645	0.0202562	0.024389	0.113957	0.0176059	0.00509189	0.0724321	0.0450417	0.0104048	0.0337175	0.214424	0.307403	0.409914	0.0382041	0.0988925	0.0729623	0.167684	0.347172	0.700016	1.07871	1.8741	5	1.977025
1956000	-528.3031	-569.9462	41.64312	2	0.4710207	0.140714	0.0114303	0.0116217	0.0405279	0.0224578	0.0162002	0.00457928	0.000873737	0.0181456	0.0253257	0.129443	0.135742	0.13988	0.019974	0.098104	0.014442	0.3976	0.0281506	0.232577	0.79798	2.94129	4	1.227062
1957000	-534.9104	-566.9079	31.99754	2	3.221545	0.180096	0.0037348	0.00666684	0.108173	0.0158388	0.0154879	0.041794	0.0249008	0.00376938	0.0498452	0.276066	0.242691	0.301045	0.031693	0.130111	0.0408803	0.238973	0.405707	0.743101	1.08341	1.76778	4	1.711766
1958000	-536.7247	-574.2571	37.53239	2	1.223705	0.206887	0.00703976	0.0181212	0.0693428	0.0502652	0.00438908	0.0210486	0.0444212	0.0219834	0.038702	0.110814	0.106844	0.194363	0.0469779	0.110725	0.00286449	0.207827	0.179322	0.535019	1.02903	2.25662	4	1.262614
1959000	-533.169	-571.8177	38.64871	2	0.9772131	0.117469	0.0148186	0.0145789	0.144335	0.041216	0.0222273	0.031727	0.0116662	0.0102344	0.0411715	0.116308	0.182953	0.226647	0.00214596	0.113058	0.0702158	0.21022	0.132385	0.469794	0.996119	2.4017	4	1.370991
1960000	-529.4566	-571.7168	42.26013	2	0.4625675	0.0892228	0.00277887	0.0132156	0.0371315	0.0255367	0.00293682	0.0177426	0.0149423	0.0135171	0.0194954	0.103671	0.000778647	0.248712	0.0251383	0.119227	0.0293446	0.274461	0.0266778	0.226778	0.790997	2.95555	4	1.037852
1961000	-528.1695	-566.7091	38.53961	2	1.859025	0.222542	0.0160971	0.00696733	0.0576542	0.00171045	0.0135131	0.0402727	0.0476146	0.00408855	0.0527815	0.166604	0.182095	0.306306	0.0132268	0.0821447	0.0252751	0.251764	0.275845	0.639133	1.06603	2.019	4	1.490658
1962000	-530.8514	-570.3736	39.52221	2	0.7232534	0.139848	0.0367276	0.0196612	0.0774176	0.0105622	0.00136116	0.0366213	0.0355945	0.00769174	0.0331777	0.168581	0.116444	0.318212	0.012316	0.0782585	0.00425024	0.299449	0.0791605	0.374298	0.93319	2.61335	4	1.396174
1963000	-530.74	-571.6891	40.9491	2	0.7102923	0.125103	0.00835742	0.0134909	0.0965293	0.0680233	0.00527109	0.0205469	0.067612	0.0108276	0.0377783	0.130179	0.212114	0.342509	0.0226852	0.0201893	0.0169645	0.105952	0.0763879	0.368346	0.928623	2.62664	4	1.304133
1964000	-534.8108	-566.9242	32.11337	2	1.916821	0.200481	0.00444398	0.0150557	0.171237	0.0105895	0.0160947	0.00670314	0.0165568	0.00358788	0.0562525	0.177871	0.155217	0.343235	0.0175485	0.196991	0.0148767	0.338593	0.283139	0.645867	1.06776	2.00323	4	1.745335
1965000	-541.0061	-572.7315	31.72544	2	1.539558	0.213033	0.0394942	0.00417625	0.0780877	0.00839618	0.0193209	0.0216188	0.0172941	0.0326955	0.0390226	0.431846	0.0940644	0.58869	0.0246671	0.159639	0.0228004	0.277724	0.231369	0.595011	1.05266	2.12096	4	2.072569
1966000	-528.4342	-580.9769	52.54275	10	2.411088	0.169512	0.00742782	0.0189897	0.132553	0.088534	0.00776663	0.0357304	0.00556938	0.0257013	0.0623308	0.0942196	0.0564351	0.550409	0.0256871	0.104656	0.0251288	0.239647	0.337862	0.692643	1.07754	1.89195	5	1.650298
1967000	-526.5088	-567.9368	41.42804	2	0.7374578	0.0840348	0.000891953	0.000746137	0.0717725	0.041544	0.0302801	0.00609559	0.0285052	0.00366421	0.049787	0.16345	0.116466	0.211921	0.0393543	0.0904844	0.031958	0.15676	0.0822005	0.38068	0.937996	2.59912	4	1.127716
1968000	-532.2326	-568.3401	36.10745	2	1.742611	0.138181	0.00177506	0.000265354	0.0990843	0.0188262	0.008816	0.0374552	0.00996421	0.023287	0.0606194	0.25827	0.235731	0.189827	0.0183129	0.118348	0.039139	0.241849	0.260487	0.624519	1.06198	2.05301	4	1.499752
1969000	-540.9102	-571.8088	30.89858	1	1.63852	0.183498	0.0139257	0.0149959	0.105581	0.0816083	0.0176708	0.0294815	0.0498778	0.0111352	0.03645	0.08377	0.272092	0.18485	0.0393351	0.105871	0.000336667	0.265497	0.24595	0.610099	1.05762	2.08633	3	1.495976
1970000	-547.058	-576.8716	29.81362	1	2.925936	0.180275	0.00565007	0.000142956	0.0458758	0.00898967	0.00431378	0.0431301	0.0310142	0.0100804	0.112329	0.149186	0.289449	0.21094	0.0530237	0.147711	0.0568642	0.126754	0.38345	0.727343	1.08212	1.80708	3	1.475729
1971000	-539.4006	-573.4799	34.07937	2	2.36622	0.206865	0.00705204	0.00997578	0.0784459	0.00615143	0.0158072	0.0303477	0.0985887	0.0180036	0.0359746	0.229259	0.086395	0.396489	0.0707467	0.0684933	0.00859817	0.211342	0.333395	0.68905	1.07694	1.90062	4	1.578535
1972000	-520.1345	-574.1761	54.04166	10	0.770904	0.0937573	0.00427139	0.00376627	0.161789	0.0141569	0.00740215	0.0240085	0.0337851	0.0365841	0.0298084	0.140408	0.102558	0.39938	0.0347895	0.0979391	0.0479283	0.283994	0.0893541	0.395151	0.948555	2.56694	5	1.516326
1973000	-517.6445	-575.8271	58.18258	10	0.74773	0.0677994	0.0070251	0.0210162	0.0463658	0.066481	0.0127579	0.0511075	0.0946939	0.00880868	0.0796025	0.16583	0.106895	0.269314	0.0138741	0.0663608	0.0163128	0.163323	0.0843988	0.385207	0.941348	2.58905	5	1.257568
1974000	-510.404	-568.7088	58.30479	10	0.1710957	0.0633485	3.3225e-05	0.00665094	0.0342943	0.017157	0.00780921	0.0168967	0.0122409	0.000471618	0.0337987	0.0730619	0.039361	0.351482	0.0151983	0.034066	0.0399223	0.148353	0.00016537	0.0189381	0.304174	3.67672	5	0.894145
1975000	-533.7635	-572.283	38.5195	2	2.208737	0.220474	0.00395815	0.00434794	0.0527475	0.00881953	0.0147828	0.0170573	0.0537904	0.0298235	0.0241154	0.266952	0.00816211	0.273806	0.051082	0.0730773	0.0296641	0.18378	0.31698	0.675521	1.07443	1.93307	4	1.31644
1976000	-537.5596	-576.7244	39.16481	2	1.02366	0.126144	0.0355849	0.0194916	0.037854	0.0162239	0.0287317	0.0145347	0.0462949	0.00145253	0.0266656	0.199204	0.225965	0.225253	0.0171347	0.115628	0.00218585	0.122187	0.14165	0.48375	1.00381	2.37079	4	1.260536
1977000	-545.1253	-572.9845	27.85917	1	2.315351	0.133493	0.0403874	0.0104451	0.0832285	0.0438034	0.0118655	0.0309586	0.0990178	0.0321482	0.0329481	0.133786	0.0662498	0.376362	0.005306	0.1157	0.0457124	0.470822	0.328221	0.684841	1.07619	1.91074	3	1.732233
1978000	-530.9601	-574.7249	43.76473	2	0.5216518	0.0960489	0.0033234	0.0348946	0.0193642	0.0705752	0.0136092	0.0121789	0.0173815	0.010389	0.0214038	0.197999	0.0750458	0.185789	0.0372083	0.0761682	0.00190501	0.13331	0.0374676	0.265816	0.835405	2.86131	4	1.006593
1979000	-528.6368	-572.3222	43.68536	2	0.4111402	0.12113	0.0189882	0.00434098	0.0596818	0.0898871	0.00162947	0.0215301	0.00029707	0.0174598	0.0220855	0.0803424	0.0494882	0.157028	0.00871888	0.0607913	0.0104679	0.182913	0.0183538	0.190028	0.743059	3.04856	4	0.9067795
1980000	-519.6256	-569.3957	49.77002	10	1.21705	0.172239	0.0159608	0.0268695	0.0720567	0.0307276	0.0434523	0.0169331	0.0282697	0.0268176	0.07749	0.139909	0.190754	0.207054	0.0437588	0.100953	0.0129635	0.394558	0.178129	0.533511	1.02836	2.26	5	1.600767
1981000	-509.6607	-568.3313	58.67058	10	0.6524868	0.0670174	0.0152972	0.00526842	0.0438404	0.0195569	0.000782034	0.0398254	0.0565358	0.00398964	0.0494942	0.183037	0.0498002	0.416487	0.00906806	0.0555165	0.0274385	0.26643	0.0640832	0.340222	0.905903	2.68979	5	1.309385
1982000	-532.7875	-574.7811	41.99357	2	0.4532333	0.0828132	0.00326318	0.00355956	0.0382737	0.0105243	0.01642	0.0198165	0.0182901	0.00815436	0.0227687	0.112698	0.115352	0.13789	0.00236444	0.0470774	0.0341178	0.114012	0.025083	0.220293	0.783013	2.97161	4	0.7873955
1983000	-530.8546	-569.2005	38.34591	2	0.7293919	0.155079	0.000847561	0.00516685	0.10724	0.0340974	0.00283639	0.0391669	0.00679929	0.000752394	0.0939224	0.173729	0.0865446	0.313781	0.00117055	0.0843767	0.0263311	0.228109	0.0804742	0.377074	0.935292	2.60716	4	1.35995
1984000	-508.852	-567.1351	58.28306	10	0.7656375	0.0942057	0.0187083	0.00188252	0.0691682	0.00423868	0.00671623	0.0283387	0.068841	0.0133181	0.0371381	0.143227	0.175782	0.177	0.0525137	0.113464	0.0187726	0.203009	0.0882288	0.392922	0.946959	2.57189	5	1.226324
1985000	-527.9624	-568.3234	40.36095	2	0.8487173	0.113145	0.0170836	0.0101652	0.0639624	0.0161536	0.0111736	0.0161456	0.0624032	0.00435552	0.0384622	0.147651	0.227449	0.176337	0.00957821	0.0726123	0.0288109	0.081483	0.105875	0.426033	0.969591	2.4985	4	1.096972
1986000	-514.8836	-574.4671	59.58345	10	0.6567672	0.0977522	0.0175652	0.0114686	0.0511891	0.0452784	0.00995474	0.037635	0.0493762	0.000182727	0.0545259	0.187329	0.356931	0.101757	0.0139262	0.087428	0.0258649	0.105716	0.0649888	0.342397	0.90773	2.68488	5	1.25388
1987000	-518.6181	-566.9615	48.34342	10	0.9726916	0.14667	0.0106055	0.00383243	0.0895515	0.00442914	0.00738172	0.0463453	0.0199535	0.000272097	0.0656305	0.231469	0.457068	0.28299	0.0370287	0.148376	0.00895792	0.198361	0.131473	0.468387	0.995324	2.40482	5	1.758924
1988000	-538.3262	-574.4775	36.15121	2	2.770172	0.122349	0.00336469	0.0101198	0.0736129	0.0115265	0.0112202	0.0374114	0.104072	0.00788416	0.0759748	0.236084	0.319066	0.175481	0.0676811	0.0311797	0.00982582	0.146424	0.370662	0.717953	1.08112	1.83027	4	1.443278
1989000	-524.2277	-575.6084	51.38069	10	1.839014	0.224153	0.0105198	0.0249673	0.071394	0.0500815	0.00349172	0.0363026	0.145111	0.0220479	0.0715944	0.218098	0.28214	0.374317	0.0182738	0.0972842	0.0393726	0.312868	0.27327	0.636725	1.06538	2.02462	5	2.002016
1990000	-536.0069	-571.9091	35.90212	2	2.140318	0.113048	0.00437622	0.00353734	0.0474128	0.026268	0.0162055	0.0235092	0.050188	0.00890938	0.0722505	0.183356	0.0991392	0.322495	0.0240768	0.0911315	0.0517632	0.385336	0.309468	0.669151	1.07313	1.94825	4	1.523003
1991000	-530.5167	-567.742	37.22527	2	1.132139	0.312439	0.0128002	0.0103081	0.0936644	0.0620431	0.00830308	0.0193168	0.0202354	0.0101822	0.0573004	0.150922	0.218409	0.31776	0.0137765	0.0918245	0.0279969	0.0961707	0.16254	0.51316	1.01886	2.30544	4	1.523452
1992000	-532.4154	-570.9826	38.56717	2	0.7036859	0.161127	0.0189796	0.0300287	0.0589805	0.0164837	0.00545493	0.0302476	0.0283787	0.00338536	0.0366764	0.332641	0.11898	0.293131	0.00929508	0.0691979	0.0247038	0.145759	0.0749758	0.365264	0.926227	2.63353	4	1.383451
1993000	-540.0523	-573.9453	33.89306	1	0.9246312	0.0403346	0.0215668	0.0369179	0.0683405	0.0234593	0.0201281	0.0066867	0.0224535	0.00230122	0.0531545	0.238737	0.258349	0.210821	0.0420156	0.0624326	0.0218484	0.138369	0.121681	0.452864	0.986296	2.43916	3	1.267916
1994000	-554.9193	-585.5034	30.5841	2	2.127227	0.0928478	0.0522725	0.0362117	0.218126	0.0214417	0.0122764	0.0427241	0.00913616	0.000725635	0.0582355	0.206038	0.243567	0.217698	0.113813	0.150743	0.0630664	0.205302	0.308003	0.667895	1.07287	1.95123	4	1.744225
1995000	-535.9053	-572.3451	36.43988	2	2.147538	0.165708	0.000466733	0.00600625	0.0493183	0.00103359	0.0120808	0.0283622	0.0118297	0.0285047	0.0181326	0.179038	0.157154	0.186913	0.0163221	0.104071	0.0387114	0.18524	0.310272	0.669838	1.07328	1.94661	4	1.188892
1996000	-535.1057	-571.8971	36.79145	2	1.231049	0.146129	0.00526204	0.0147028	0.0495345	0.0160677	0.0288094	0.0146033	0.0136981	0.00273866	0.0576796	0.163935	0.36551	0.247853	0.0244945	0.137857	0.00381703	0.00717848	0.180635	0.536669	1.02977	2.25293	4	1.299869
1997000	-510.9691	-570.6008	59.63165	10	0.4816331	0.163168	0.00824729	0.0158942	0.0296619	0.0362528	0.0211657	0.00725783	0.0393727	0.00510002	0.0474122	0.159078	0.206173	0.324866	0.00649969	0.0693178	0.0195331	0.0964918	0.0300361	0.239756	0.80643	2.92378	5	1.255492
1998000	-522.5829	-576.9233	54.34044	10	1.465299	0.175564	0.0011833	0.035672	0.108002	0.0554924	0.015591	0.0178753	0.0376118	0.0441851	0.0410528	0.23429	0.265716	0.0810705	0.0368385	0.0900562	0.00656362	0.231762	0.219912	0.582677	1.04832	2.14909	5	1.478526
1999000	-536.6724	-572.7814	36.10897	2	0.7845859	0.23399	0.0241374	0.0114345	0.0395891	0.0119384	0.00779993	0.0257162	0.00713182	0.0176716	0.0271102	0.171483	0.26425	0.208836	0.0102197	0.0807343	0.0407953	0.183153	0.0922748	0.400853	0.952591	2.55428	4	1.365989
2000000	-525.2551	-567.8317	42.5766	2	0.5373654	0.0837686	0.00605685	0.0318699	0.0707776	0.0109133	0.012808	0.0276743	0.0209583	0.0226419	0.032083	0.138158	0.214028	0.181367	0.0229964	0.0643928	0.00937393	0.290315	0.040505	0.275611	0.845661	2.83822	4	1.240183
2001000	-542.451	-573.247	30.79604	1	1.968703	0.111233	0.011152	0.0137324	0.106426	0.00624177	0.025073	0.0184078	0.00149948	0.019418	0.0766302	0.293611	0.285609	0.130531	0.0059866	0.0985457	0.0369074	0.232207	0.28951	0.651644	1.06919	1.98966	3	1.473211
2002000	-543.8671	-576.1612	32.29411	2	1.862769	0.193726	0.043397	0.000888372	0.122929	0.0319872	0.0123334	0.0157433	0.008762	0.0365802	0.0233823	0.148558	0.443244	0.280799	0.115338	0.124187	0.035094	0.243137	0.276324	0.63958	1.06614	2.01795	4	1.880085
2003000	-541.9387	-573.4334	31.49466	2	4.730747	0.0881029	0.00430028	0.0131016	0.137468	0.0144075	0.0197265	0.020266	0.0692786	0.00607562	0.0252554	0.170843	0.24988	0.0585484	0.0378389	0.0867552	0.00455787	0.494769	0.490495	0.797209	1.08374	1.62856	4	1.501175
2004000	-514.7626	-569.4727	54.7101	10	1.19411	0.194068	0.0120973	0.00970773	0.105973	0.0374859	0.000613357	0.029465	0.00848609	0.0291959	0.0387424	0.181784	0.281346	0.320174	0.06151	0.0873697	0.0151307	0.27182	0.173984	0.52822	1.02596	2.27184	5	1.684969
2005000	-520.5501	-570.3284	49.77831	10	0.9832815	0.105439	0.014849	0.0227528	0.0924098	0.0478526	0.0137553	0.00773963	0.0249506	0.0325781	0.0163932	0.121219	0.191078	0.310854	0.00531002	0.0722474	0.0206397	0.442198	0.133606	0.471668	0.997174	2.39755	5	1.542266
2006000	-518.529	-567.1133	48.58428	10	1.782208	0.135826	0.0349909	0.0134308	0.108373	0.0160641	0.00146735	0.0283927	0.0270667	0.0141429	0.0237426	0.216625	0.32429	0.0442399	0.0176071	0.110992	0.0242834	0.400582	0.265814	0.629657	1.06345	2.04108	5	1.542116
2007000	-535.6855	-574.4446	38.75907	2	1.098477	0.170268	0.00135814	0.0816716	0.0745658	0.0146496	0.0251341	0.0300203	0.0528239	0.00753226	0.0316143	0.196651	0.167064	0.159873	0.0359757	0.128973	0.00521279	0.347119	0.156173	0.504474	1.01458	2.32478	4	1.530507
2008000	-518.1525	-572.2008	54.04835	10	0.5611701	0.09662	0.00269584	0.0382872	0.0806026	0.0431701	0.0275708	0.00592573	0.0241618	0.00567032	0.0361915	0.133661	0.226606	0.153368	0.0156607	0.0889734	0.0254127	0.261969	0.0452115	0.289986	0.860138	2.80466	5	1.266547
2009000	-532.9604	-570.6144	37.65404	2	0.7898872	0.186588	0.0123931	0.00174862	0.121272	0.0147481	0.0144312	0.0205753	0.070748	0.0167476	0.0253683	0.177434	0.211014	0.124386	0.01389	0.0446427	0.0204866	0.230399	0.0934051	0.40303	0.954113	2.54945	4	1.306872
2010000	-531.6172	-567.6165	35.99926	2	1.498746	0.0899126	0.00340292	0.0136307	0.0857699	0.082923	0.0374713	0.0101434	0.0122334	0.00491102	0.0682441	0.144148	0.332244	0.126318	0.0525065	0.113998	0.0191133	0.220796	0.225129	0.588348	1.05035	2.13618	4	1.417766
2011000	-533.8562	-569.589	35.73277	2	1.00489	0.178359	0.00881064	0.0147745	0.0892826	0.0697889	0.00433511	0.015938	0.0158739	0.00793297	0.0252428	0.0883781	0.183029	0.222591	0.0114545	0.104363	0.0025778	0.302082	0.137928	0.478217	1.00081	2.38305	4	1.344814
2012000	-538.8239	-570.4288	31.60498	2	1.446312	0.321	0.021178	0.00196442	0.10035	0.0324988	0.00893505	0.0388355	0.0327142	0.0158534	0.0771174	0.21684	0.158327	0.295816	0.0259885	0.136518	0.0272526	0.233505	0.216908	0.579369	1.04711	2.15662	4	1.744695
2013000	-514.1577	-571.2528	57.09502	10	0.5040312	0.100426	0.00751654	0.016827	0.0567756	0.00746497	0.00479944	0.0367142	0.0367029	0.03041	0.042153	0.130534	0.177279	0.078589	0.0277639	0.100323	0.0511641	0.466664	0.0341373	0.254539	0.82318	2.88814	5	1.372108
2014000	-539.2597	-573.2639	34.0042	2	1.949278	0.198169	0.0504442	0.0118283	0.13473	0.0367937	0.0378305	0.0237123	0.00139067	0.0365949	0.025985	0.307291	0.202963	0.28905	0.0498178	0.155508	0.0162673	0.4005	0.287144	0.649509	1.06867	1.99468	4	1.978876
2015000	-539.1522	-573.5842	34.43195	2	1.283332	0.163334	0.0539985	0.0113546	0.115848	0.0214791	0.0339992	0.00658699	0.115513	0.00271422	0.030896	0.282705	0.520898	0.000626833	0.00730183	0.0732491	0.0401694	0.31484	0.189831	0.548013	1.03469	2.22747	4	1.795514
2016000	-515.2102	-566.5043	51.2941	10	0.7103377	0.132371	0.0163875	0.000925004	0.0524479	0.0254275	0.0279416	0.00589397	0.00296021	0.00321421	0.0782632	0.257302	0.332477	0.183052	0.0331098	0.169419	0.00529153	0.316585	0.0763976	0.368367	0.92864	2.6266	5	1.643068
2017000	-544.5101	-574.6116	30.10149	2	1.602279	0.191792	0.0116538	0.00882842	0.0690641	0.033745	0.0118141	0.0234174	0.0336461	0.0258442	0.0519149	0.445208	0.187847	0.218656	0.0395871	0.106567	0.0283823	0.518277	0.240699	0.60474	1.0559	2.09866	4	2.006244
2018000	-509.785	-567.6944	57.90946	10	0.8543125	0.115739	3.47546e-05	0.00427314	0.067829	0.0293683	0.0152078	0.0173265	0.00210008	0.000490822	0.0556921	0.121963	0.50676	0.030129	0.00680999	0.137728	0.0515292	0.221307	0.107052	0.428115	0.970938	2.49389	5	1.384287
2019000	-534.2125	-571.3056	37.09302	2	2.971277	0.119616	0.0233147	0.0105407	0.0813141	0.062987	0.0183395	0.0364446	0.0303914	0.0192362	0.0483279	0.185612	0.344321	0.10229	0.0089521	0.122254	0.0324933	0.178628	0.387028	0.729925	1.08237	1.80068	4	1.425063
2020000	-525.8635	-566.4231	40.55961	2	1.071639	0.111482	0.00221357	0.00674677	0.0501227	0.0407454	0.0218184	0.0209878	0.00875952	0.00664384	0.0600111	0.168924	0.373787	0.0496204	0.0190196	0.139742	0.0207032	0.164363	0.151022	0.497274	1.01093	2.34078	4	1.26569
2021000	-509.5649	-569.3211	59.7562	10	1.057817	0.131576	0.003451	0.0160327	0.0257006	0.00760913	0.025783	0.0374315	0.0403119	0.0018966	0.0456864	0.149917	0.253689	0.173135	0.00809454	0.0748682	0.0365565	0.120631	0.148344	0.493466	1.00896	2.34923	5	1.152371
2022000	-505.6091	-565.2969	59.68782	10	0.9306665	0.106051	0.00244285	0.00919288	0.0738322	0.0143713	0.0193458	0.021938	0.0373613	0.00275322	0.0627904	0.182433	0.264361	0.104856	0.00720247	0.0533749	0.0147553	0.128073	0.122921	0.454872	0.987489	2.43472	5	1.105134
2023000	-533.0398	-569.9514	36.91154	2	1.184385	0.128538	0.0032836	0.0188301	0.0718612	0.00539283	0.0107525	0.00516704	0.0252551	0.00161422	0.0401841	0.0947053	0.134403	0.0982732	0.0198202	0.0877368	0.0131821	0.120797	0.172212	0.525932	1.02491	2.27695	4	0.8797956
2024000	-509.3739	-570.8621	61.4882	10	0.6685893	0.114435	0.00530452	0.0252593	0.102894	0.00828032	0.00402781	0.0232005	0.00239909	0.0161704	0.00896188	0.152143	0.162455	0.223915	0.019795	0.165191	0.0221361	0.296314	0.0674957	0.348325	0.912648	2.67153	5	1.352881
2025000	-523.5901	-572.7134	49.12331	10	2.299138	0.157797	0.000129988	0.0352126	0.0860349	0.0347958	0.0253382	0.0482063	0.0137286	0.00177343	0.11554	0.42887	0.504193	0.179382	0.0243578	0.211453	0.0149918	0.33323	0.326547	0.683469	1.07594	1.91404	5	2.215035
2026000	-524.3384	-575.6969	51.35844	10	1.428961	0.130181	0.00568636	0.0190792	0.0798423	0.0229921	0.0336611	0.0489752	0.0565768	0.0200484	0.031042	0.123783	0.346923	0.097168	0.0314767	0.104028	0.0055375	0.22243	0.214137	0.576288	1.04596	2.16361	5	1.379432
2027000	-505.8173	-563.4535	57.63616	10	0.39995	0.108244	0.00356858	0.00898506	0.0813287	0.0443437	0.014937	0.00418101	0.031917	0.00209523	0.0402007	0.171586	0.186399	0.257494	0.0256617	0.0818017	0.00938406	0.0713441	0.0167072	0.181719	0.731227	3.07035	5	1.143472
2028000	-526.2317	-565.1805	38.94875	1	0.1577098	0.0733057	3.00939e-05	0.00562487	0.0386762	0.0103501	0.00380547	0.00979396	0.00697632	0.00532277	0.0180588	0.152301	0.00307417	0.217781	0.00727793	0.039867	0.00440366	0.24239	8.32984e-05	0.0134681	0.264939	3.72151	3	0.8390392
2029000	-536.3224	-564.6072	28.28474	1	1.759411	0.180599	0.0160323	0.0038079	0.0440355	0.0104751	0.0235954	0.0290594	0.00422871	0.0144949	0.0751179	0.252714	0.165768	0.341439	0.0511464	0.12575	0.0138793	0.393128	0.262761	0.626721	1.06261	2.0479	3	1.74527
2030000	-527.7469	-567.6394	39.89253	10	1.839652	0.216857	0.02685	0.00401759	0.139128	0.0281061	0.0440047	0.0204389	0.00657347	0.0155269	0.0355935	0.174504	0.115887	0.301993	0.0168051	0.108048	0.0308268	0.347675	0.273352	0.636802	1.06541	2.02444	5	1.632835
2031000	-523.7733	-573.5443	49.77093	10	1.553557	0.12642	0.00142487	0.000939546	0.0157178	0.0285976	0.0173767	0.0203341	0.0371262	0.0216078	0.0462515	0.130039	0.137356	0.16436	0.0536211	0.0693048	0.0434472	0.203073	0.233479	0.597235	1.05342	2.11587	5	1.116997
2032000	-518.4543	-570.8211	52.36677	10	0.8646721	0.139223	0.00821092	0.00995983	0.059607	0.0224024	0.0454166	0.00596101	0.0241754	0.00925911	0.0651248	0.160373	0.119662	0.32424	0.0391356	0.128369	0.016119	0.262145	0.109227	0.431925	0.973381	2.48547	5	1.439382
2033000	-517.0107	-571.761	54.75025	10	0.236878	0.0690337	0.00902864	0.009517	0.066437	0.00642977	0.024598	0.0010637	0.0314545	0.0203586	0.0262035	0.228296	0.168537	0.219978	0.00434623	0.0455248	0.0163862	0.118972	0.00155557	0.057391	0.472984	3.46807	5	1.066164
2034000	-515.4028	-567.3841	51.98124	10	1.542244	0.153613	0.00944035	0.000477599	0.0751728	0.0367775	0.0232967	0.0119417	0.0143366	0.032446	0.0575683	0.541314	0.113118	0.507582	0.0475861	0.148889	0.0415485	0.0221998	0.231775	0.59544	1.05281	2.11998	5	1.837309
2035000	-515.2347	-569.9908	54.75607	10	1.595196	0.175937	0.0152235	0.0198741	0.101369	0.0157506	0.016839	0.0262919	0.0242773	0.0304959	0.074339	0.12369	0.163506	0.263763	0.00482109	0.0689993	0.0229799	0.168067	0.239661	0.603671	1.05556	2.10111	5	1.316223
2036000	-547.0926	-575.493	28.40033	2	3.371483	0.282784	0.0055411	0.00874726	0.0690565	0.190591	0.0179184	0.0354993	0.0529698	0.017276	0.0275873	0.530603	0.0646299	0.237849	0.0287168	0.0277394	0.0408316	0.116223	0.416104	0.750222	1.08382	1.74985	4	1.754562
2037000	-508.4447	-563.0433	54.59861	10	2.980056	0.126765	0.00207844	0.00129792	0.0808082	0.0514916	0.00341193	0.0432139	0.0138839	0.00412506	0.0763694	0.229708	0.195398	0.278354	0.0556942	0.121625	0.0372063	0.165119	0.387713	0.730418	1.08242	1.79945	5	1.48655
2038000	-521.8268	-574.6504	52.82363	10	2.031576	0.11006	0.0108826	0.0361155	0.0821121	0.0137792	0.017663	0.0219559	0.00899189	0.045834	0.0657191	0.349042	0.330625	0.157642	0.0364049	0.0823924	0.00834248	0.270411	0.297015	0.65833	1.07076	1.97389	5	1.647974
2039000	-529.3503	-567.3342	37.9839	2	0.8495243	0.148887	0.000266823	0.0034405	0.0591428	0.015826	0.00533731	0.0454481	0.026331	0.00700722	0.0275665	0.0851384	0.187305	0.206566	0.0168746	0.0999077	0.0607876	0.25632	0.106045	0.426334	0.969786	2.49783	4	1.252153
2040000	-546.1428	-571.2233	25.08045	1	2.303952	0.124618	0.0174395	0.0161436	0.17911	0.0335571	0.00428271	0.0109839	0.0461169	0.0395176	0.048368	0.101596	0.282491	0.356136	0.0683711	0.0875994	0.0145683	0.580347	0.327045	0.683878	1.07602	1.91306	3	2.011245
2041000	-523.1377	-571.3365	48.19874	10	1.99976	0.177006	0.00240631	0.023643	0.0638071	0.00633625	0.0135313	0.00323082	0.103147	0.00129786	0.125759	0.318388	0.261874	0.375584	0.0141154	0.0645351	0.0240687	0.179674	0.293246	0.654988	1.06998	1.98178	5	1.758404
2042000	-531.7413	-571.5467	39.80542	2	1.209473	0.155451	0.0129224	0.0111819	0.0643197	0.0069289	0.00385782	0.0165851	0.0247103	0.0231298	0.0621423	0.117154	0.163127	0.209374	0.000462113	0.0746208	0.0276184	0.134309	0.176765	0.53178	1.02758	2.26387	4	1.107895
2043000	-531.0708	-574.7872	43.71633	2	0.2933328	0.10984	0.00981536	0.0170579	0.0773938	0.015446	0.0224387	0.0139676	0.000398961	0.00058873	0.0327303	0.151398	0.160232	0.109262	0.00267726	0.0756112	0.0243963	0.0586546	0.00477008	0.0993194	0.584434	3.31148	4	0.8819087
2044000	-511.474	-569.8337	58.35975	10	1.26453	0.116122	0.0103567	0.00198641	0.0824831	0.0506516	0.00861484	0.0364758	0.0476579	0.00417398	0.0618017	0.260943	0.131643	0.286064	0.0247555	0.0879779	0.0455853	0.255667	0.186553	0.544013	1.03298	2.23646	5	1.512959
2045000	-542.6526	-575.582	32.92946	2	3.085297	0.150108	0.00298191	0.0261464	0.0812295	0.00248791	0.0332218	0.0377339	0.0583941	0.00748773	0.107005	0.253718	0.30235	0.117888	0.0298637	0.0682723	0.0274732	0.288417	0.395755	0.736144	1.08291	1.7852	4	1.59478
2046000	-536.9621	-570.238	33.2759	1	0.7160472	0.19976	0.0215136	0.0177427	0.0361839	0.00123941	0.0124745	0.011297	0.0362523	0.00212887	0.0821806	0.104322	0.212283	0.185883	0.0143117	0.0965547	0.071142	0.245221	0.0776187	0.371004	0.930673	2.6207	3	1.35049
2047000	-517.2334	-565.6659	48.43252	10	3.377913	0.19528	0.00669344	0.00668706	0.0898447	0.0466382	0.0398989	0.0179592	0.0385713	0.00513231	0.0450896	0.125293	0.108949	0.403989	0.0150758	0.11372	0.0317332	0.29578	0.416538	0.750516	1.08384	1.74911	5	1.586335
2048000	-518.7355	-571.2659	52.53038	10	1.819687	0.127401	0.026172	0.0130502	0.0570985	0.0761864	0.0409617	0.0394084	0.0153113	0.00835375	0.0685419	0.229978	0.101888	0.284709	0.0461269	0.131532	0.0058221	0.285255	0.270757	0.634359	1.06475	2.03014	5	1.557796
2049000	-527.0833	-565.8783	38.79498	2	0.9929657	0.161126	0.00190686	0.0147182	0.0592708	0.00408629	0.0108823	0.025495	0.0337072	0.0135373	0.0343711	0.143104	0.172291	0.251751	0.0133557	0.0607068	0.0237029	0.178692	0.135548	0.474627	0.998825	2.391	4	1.202705
2050000	-533.8248	-567.3351	33.51027	2	1.958213	0.232272	0.0125244	0.000117561	0.0437274	0.0044166	0.032187	0.0336284	0.000918611	0.0130395	0.0700452	0.0508698	0.240942	0.271344	0.0653544	0.133186	0.0195402	0.503077	0.288235	0.650495	1.06891	1.99236	4	1.72719
2051000	-527.6097	-567.2105	39.60075	2	0.435266	0.153019	0.0116992	0.010379	0.0721928	0.0136576	0.0204868	0.0119516	0.0144628	0.00499737	0.0283686	0.080002	0.168001	0.316732	0.000316953	0.122791	0.00983119	0.194867	0.0221134	0.207575	0.766787	3.00353	4	1.233758
2052000	-524.8775	-570.7606	45.8831	10	0.9903813	0.155329	0.0239063	0.00415116	0.0836201	0.02188	0.00863043	0.0253655	0.0422933	0.030343	0.0675962	0.126075	0.171686	0.228961	0.0407669	0.0977615	0.0232952	0.237327	0.135031	0.473842	0.998388	2.39274	5	1.388988
2053000	-520.0061	-571.8233	51.81722	10	1.643776	0.0942855	0.00242805	0.00688441	0.105471	0.00759165	0.000134126	0.0353709	0.0486216	0.0132776	0.0270934	0.152813	0.14405	0.249639	0.119062	0.177737	0.0332107	0.387267	0.246703	0.610861	1.05786	2.08458	5	1.604938
2054000	-535.1499	-573.882	38.73209	2	1.528027	0.202236	0.011467	0.0577947	0.062837	0.0906755	0.00355739	0.0391821	0.0197294	0.00323945	0.0618844	0.0625675	0.160307	0.26508	0.0404951	0.149913	0.0140618	0.246108	0.22962	0.593156	1.05203	2.1252	4	1.491136
2055000	-547.1799	-576.5693	29.38942	1	1.588819	0.265633	0.00987285	0.00856711	0.088721	0.0283201	0.0248829	0.0304919	0.0841216	0.00561045	0.0656474	0.057314	0.198815	0.29957	0.0131066	0.097285	0.00786167	0.366041	0.238723	0.602702	1.05524	2.10334	3	1.651862
2056000	-536.3607	-569.5553	33.19459	2	1.451703	0.154545	0.00931655	0.0142424	0.0712347	0.0491824	0.00192413	0.0428301	0.0149784	0.0183682	0.0494115	0.0362906	0.0951746	0.323006	0.0178098	0.139662	0.0236511	0.439447	0.217764	0.580315	1.04745	2.15447	4	1.501075
2057000	-541.1922	-571.1027	29.91055	1	2.370349	0.214937	0.00989954	0.00926406	0.120063	0.0177095	0.0447777	0.00417178	0.0207268	0.0217026	0.0494624	0.065126	0.161281	0.260693	0.00946756	0.0827068	0.106581	0.323026	0.33381	0.689385	1.07699	1.89981	3	1.521596
2058000	-536.8776	-570.992	34.11438	2	1.442671	0.144791	0.00734792	0.00355821	0.062504	0.00952595	0.0107936	0.0521681	0.00774143	0.0268411	0.0792075	0.158809	0.292995	0.263136	0.0757906	0.154633	0.0160751	0.188443	0.216329	0.578727	1.04687	2.15807	4	1.55436
2059000	-536.1921	-568.4222	32.23011	2	3.135714	0.142993	0.0156652	0.0114984	0.0703614	0.00791148	0.0164725	0.0235774	0.0775719	0.014889	0.0702411	0.0556072	0.183825	0.514633	0.0255111	0.0840873	0.00118209	0.556148	0.399496	0.738776	1.08311	1.77862	4	1.872175
2060000	-517.4803	-567.6434	50.16303	10	1.960506	0.202143	1.8868e-05	0.0216092	0.059607	0.0120169	0.0189977	0.0379975	0.00781048	0.0212517	0.0300025	0.0932189	0.222964	0.12549	0.0489566	0.420113	0.015875	0.269872	0.288514	0.650747	1.06897	1.99177	5	1.607945
2061000	-521.7764	-581.5748	59.79845	10	3.146083	0.155566	0.00255274	0.00612793	0.133809	0.00760608	0.0535308	0.0196741	0.0789187	0.00691952	0.0294177	0.210203	0.143664	0.0708823	0.0421858	0.237553	0.0170244	0.249477	0.400257	0.739308	1.08315	1.77729	5	1.465112
2062000	-519.4052	-567.6475	48.24227	10	0.9820323	0.136479	0.00958151	0.0100884	0.0872142	0.026927	0.0168045	0.024279	0.00591814	0.0126378	0.0380062	0.158038	0.232009	0.118252	0.049634	0.320641	0.00150463	0.227347	0.133355	0.471284	0.996958	2.3984	5	1.475362
2063000	-538.4615	-577.5437	39.08222	2	1.537302	0.0848156	0.00308148	0.014435	0.0503038	0.0105506	0.00516346	0.0379593	0.0284203	0.00107616	0.0247378	0.054967	0.387196	0.0675339	0.0866818	0.166976	0.00325818	0.178266	0.231028	0.59465	1.05254	2.12178	4	1.205422
2064000	-518.3473	-567.0763	48.72902	10	2.88509	0.149607	0.00709336	0.00952549	0.136646	0.0599388	0.0216965	0.0274265	0.0449421	0.0259983	0.0926068	0.179752	0.267867	0.121873	0.0281382	0.40485	0.0133032	0.348197	0.380172	0.72496	1.08189	1.81298	5	1.939462
2065000	-512.3861	-566.7326	54.34641	10	0.2008711	0.062647	0.00274672	0.0189052	0.0596754	0.00453131	0.00541998	0.0114803	0.0447336	0.0064583	0.0205309	0.0676396	0.0943491	0.0158124	0.00752838	0.321728	0.0112852	0.213343	0.000547345	0.0342795	0.385928	3.57925	5	0.9688143
2066000	-538.3339	-575.792	37.45812	2	0.9412732	0.184813	0.00389211	0.0140752	0.0849936	0.0261269	0.0315945	0.01713	0.0426433	0.00892271	0.055159	0.380061	0.155674	0.036011	0.00691766	0.145295	0.0538081	0.327659	0.125092	0.458359	0.989544	2.427	4	1.574777
2067000	-523.2469	-574.0367	50.78976	10	1.156678	0.156241	0.0123058	0.00952098	0.122061	0.0193507	0.0388063	0.0109759	0.0354075	0.0361606	0.0451788	0.316017	0.125583	0.146889	0.00238088	0.246864	0.0637959	0.289887	0.167115	0.519262	1.02178	2.29184	5	1.677425
2068000	-537.604	-569.2317	31.62772	2	3.783027	0.213978	0.00227812	0.000320641	0.0539649	0.0362795	0.0151089	0.0110844	0.00928234	0.0262585	0.0452166	0.35469	0.421057	0.0768358	0.0297266	0.254833	0.0254076	0.0110253	0.442031	0.767355	1.08437	1.70625	4	1.587347
2069000	-543.7521	-574.3679	30.61587	1	1.034435	0.119326	0.0111432	0.0105561	0.100766	0.0271799	0.00126487	0.0212607	0.0330024	0.0182798	0.0399102	0.298426	0.340696	0.100124	0.0377686	0.264437	0.010485	0.150029	0.143773	0.486863	1.00548	2.36388	3	1.584655
2070000	-524.846	-564.5628	39.71683	10	1.554012	0.179796	0.00121081	0.00942231	0.0965834	0.00703352	0.0147649	0.0269206	0.0029384	0.0213215	0.0484986	0.594562	0.265637	0.131962	0.107939	0.00343552	0.0103915	0.435877	0.233547	0.597307	1.05344	2.1157	5	1.958294
2071000	-528.3828	-566.9932	38.61033	2	1.250037	0.218594	0.00259853	0.00734669	0.0539431	0.0046326	0.0105816	0.00949458	0.0401241	0.00198122	0.0566352	0.328639	0.226389	0.133997	0.0198865	0.00674645	0.0425265	0.374629	0.184004	0.540869	1.03162	2.24351	4	1.538746
2072000	-529.2928	-571.185	41.89223	2	0.4447146	0.0810972	0.00273391	0.0091115	0.0789985	0.0219436	0.00619746	0.0125909	0.0248873	0.0146004	0.025852	0.24416	0.0841765	0.0461772	0.0503352	0.201063	0.00361947	0.284276	0.023658	0.214301	0.775465	2.98658	4	1.19182
2073000	-532.5026	-570.8699	38.36732	2	0.8751325	0.232654	0.000414815	0.00722602	0.116872	0.0324008	0.00143539	0.028499	0.0331469	0.0226853	0.0767448	0.227787	0.407018	0.117829	0.00725503	0.128097	0.0235818	0.187605	0.111417	0.435712	0.975781	2.47709	4	1.651253
2074000	-518.2683	-572.9753	54.70706	10	0.8624027	0.0980794	0.00417699	0.00820954	0.119883	0.0196517	0.0135486	0.0399081	0.0480323	0.0119441	0.0965829	0.282173	0.200054	0.0450031	0.0121102	0.229641	0.00507094	0.521939	0.108751	0.431095	0.972852	2.4873	5	1.756007
2075000	-515.3027	-568.8984	53.59573	10	1.341433	0.110994	0.0340642	0.00215715	0.0810219	0.0595332	0.0129402	0.0436079	0.0437971	0.0234151	0.0373514	0.205456	0.188832	0.096758	0.015453	0.118559	0.000650197	0.129184	0.199756	0.559843	1.03957	2.20083	5	1.203774
2076000	-542.9438	-572.2541	29.31026	1	1.7538	0.215686	0.0412216	0.00479156	0.0581992	0.0254705	0.0283961	0.000665051	0.0898157	0.0252168	0.0737741	0.405638	0.272376	0.0841194	0.0138224	0.0765869	0.0142739	0.213226	0.262004	0.625989	1.0624	2.0496	3	1.643279
2077000	-544.4747	-572.6682	28.19357	2	8.210735	0.159242	0.00412105	0.00415374	0.141085	0.0347352	0.017593	0.0295927	0.0361464	0.0128727	0.0337918	0.259806	0.212664	0.121154	0.00534964	0.145863	0.0183666	0.129369	0.597691	0.85479	1.07617	1.47135	4	1.365906
2078000	-545.3144	-578.1885	32.87408	1	0.5363684	0.27759	0.00260279	0.0345351	0.0438868	0.0602034	0.00599885	0.0510297	0.0443433	0.00123809	0.0278119	0.305036	0.151893	0.0541255	0.0104859	0.0471616	0.056558	0.23414	0.0403106	0.274997	0.845028	2.83967	3	1.40864
2079000	-541.2744	-567.5616	26.28715	1	2.139433	0.225669	0.00928852	0.0056872	0.0670285	0.0523266	0.000703307	0.0367682	0.0439771	0.00705029	0.0642581	0.317885	0.651389	0.132586	0.0341977	0.0219376	0.0488122	0.187463	0.309369	0.669066	1.07312	1.94845	3	1.907027
2080000	-535.8233	-569.6559	33.8326	2	1.562496	0.211213	0.0149191	0.00918363	0.0931154	0.050169	0.0231143	0.0296129	0.0179034	0.00623403	0.0217996	0.344207	0.218247	0.175895	0.0532103	0.133932	0.0632264	0.251913	0.234817	0.598639	1.05389	2.11265	4	1.717894
2081000	-529.4535	-567.7052	38.25166	2	1.114899	0.0944501	0.00653053	0.00369339	0.0758485	0.0019085	6.58912e-05	0.0225021	0.0224887	0.0304715	0.0277429	0.256064	0.33979	0.0730878	0.0297215	0.0963986	0.0106215	0.174298	0.159292	0.508758	1.0167	2.31524	4	1.265684
2082000	-537.779	-573.0523	35.27322	2	0.9787195	0.159078	0.00168954	0.0303036	0.046106	0.00291518	0.0038237	0.0290801	0.04988	0.0089004	0.0767406	0.216198	0.218554	0.0743595	0.0131247	0.15918	0.0276317	0.201937	0.132688	0.470261	0.996382	2.40067	4	1.319503
2083000	-541.4156	-576.0864	34.67081	2	2.188497	0.128304	0.0165534	0.0386352	0.0878694	0.0717625	0.0557046	0.02956	0.0200414	0.000229446	0.0683721	0.332727	0.207678	0.209507	0.000196748	0.190367	0.0588633	0.247379	0.314783	0.67367	1.07406	1.93749	4	1.76375
2084000	-532.2882	-567.6174	35.32922	2	0.9220844	0.125705	0.00547534	0.0132852	0.0683345	0.043593	0.0109371	0.0186182	0.0391844	0.0195174	0.0332605	0.241835	0.248757	0.0799631	0.0269404	0.20707	0.0109178	0.215736	0.121157	0.452011	0.985786	2.44105	4	1.409131
2085000	-544.1674	-575.1294	30.96204	2	2.810534	0.199081	0.0139494	0.0126828	0.170419	0.0743307	0.00260908	0.0262568	0.0749189	0.0275762	0.0355008	0.336351	0.124178	0.102466	0.00880346	0.216184	0.0521624	0.166223	0.374052	0.720467	1.08141	1.82408	4	1.643691
2086000	-531.9529	-573.5489	41.59599	2	0.4914301	0.0716077	0.0160644	0.0100155	0.0600735	0.00137951	0.0140468	0.00438426	0.0290975	0.00314932	0.0459042	0.12141	0.114302	0.0275446	0.00247163	0.132047	0.0384209	0.200892	0.0318106	0.246284	0.813931	2.90797	4	0.8928105
2087000	-541.1945	-576.1124	34.91788	2	1.121105	0.164657	0.0167529	0.00513393	0.0363633	0.0207181	0.0113572	0.038673	0.112557	0.00825131	0.0633143	0.255249	0.0769755	0.0611047	0.103899	0.296055	0.0262446	0.231599	0.160465	0.510354	1.01749	2.31169	4	1.528906
2088000	-524.5448	-568.6165	44.07173	2	0.5067779	0.0576441	0.0047551	0.013927	0.0565708	0.0188749	0.00409582	0.0162334	0.0054521	0.00393404	0.0243246	0.126093	0.0376757	0.0482669	0.0101503	0.168514	0.0225761	0.0926456	0.0346508	0.256318	0.825138	2.88389	4	0.7117338
2089000	-544.1856	-575.2674	31.08179	2	2.268183	0.11882	0.00120779	0.047694	0.136373	0.0147861	0.0126357	0.0221343	0.00882503	0.0186005	0.0440051	0.434121	0.0501376	0.105698	0.0450958	0.421037	0.0105795	0.120064	0.323316	0.680804	1.07545	1.92043	4	1.611815
2090000	-535.4539	-571.6715	36.21761	2	0.8564812	0.118635	0.0118244	0.018209	0.109501	0.064078	0.010043	0.0161715	0.0205658	0.00418042	0.0804541	0.503454	0.0777451	0.129104	0.0333203	0.0924855	0.0412119	0.556771	0.107508	0.428917	0.971455	2.49212	4	1.887753
2091000	-534.0711	-581.1277	47.05662	10	1.441838	0.151717	0.000184094	0.0254009	0.0409794	0.0137877	0.0175225	0.0304263	0.118637	0.0703559	0.0254742	0.158172	0.256105	0.117955	0.0319841	0.252346	0.00366401	0.217705	0.216196	0.57858	1.04682	2.15841	5	1.532417
2092000	-537.9774	-570.4535	32.47603	2	1.666183	0.202576	0.0162065	0.00128663	0.0647237	0.0837549	0.0207413	0.0166115	0.0266746	0.0154502	0.0402336	0.328429	0.285485	0.0874785	0.0109061	0.13319	0.0703814	0.500387	0.249891	0.614067	1.05885	2.07719	4	1.904516
2093000	-544.8877	-574.1001	29.21241	1	0.9123875	0.245786	0.0468345	0.0335763	0.0727564	0.00325852	0.010344	0.0410199	0.015633	0.00240976	0.0260299	0.114668	0.320944	0.170584	0.00320405	0.15639	0.078666	0.3951	0.119158	0.448736	0.983817	2.44829	3	1.737205
2094000	-527.7799	-565.4793	37.6994	2	1.590029	0.17119	0.0011765	0.00208267	0.112188	0.0125876	0.0134086	0.023419	0.0863283	0.0086888	0.040038	0.0765361	0.406687	0.0288987	0.0305419	0.17983	0.0682098	0.301719	0.238901	0.602887	1.0553	2.10291	4	1.56353
2095000	-522.0932	-573.6696	51.57636	10	1.148911	0.14396	0.05734	0.020452	0.108941	0.0615471	0.00952831	0.0220874	0.0561356	0.00969108	0.0545554	0.175681	0.292462	0.0878269	0.0107427	0.131334	0.0141587	0.190292	0.165673	0.517351	1.02087	2.2961	5	1.446735
2096000	-539.0281	-575.737	36.70887	2	0.9440588	0.188217	0.00186763	0.00443053	0.0868785	0.0152743	0.0499216	0.00305752	0.00492134	0.0288028	0.0215716	0.430391	0.0084324	0.090524	0.0117505	0.300203	0.0126158	0.489318	0.125661	0.459266	0.990075	2.425	4	1.748178
2097000	-524.1614	-575.1751	51.01365	10	1.089676	0.379375	0.0022803	0.0353032	0.0343649	0.170668	0.0148931	0.0233119	0.0495144	0.000303484	0.0517562	0.249678	0.150369	0.0683394	0.0453851	0.257824	0.00369149	0.109211	0.154491	0.502141	1.0134	2.32996	5	1.646268
2098000	-515.7978	-571.9212	56.12343	10	1.527543	0.0907191	0.0125558	0.0285409	0.104851	0.0428804	0.0286959	0.00996243	0.0411074	0.00101201	0.0518466	0.164148	0.213803	0.0488661	0.00270544	0.144919	0.0189057	0.369105	0.229546	0.593078	1.052	2.12538	5	1.374625
2099000	-535.2156	-570.9392	35.72359	2	1.775263	0.110397	0.00647879	0.00286251	0.149641	0.124641	0.00645725	0.0360136	0.0184649	0.00217262	0.0820322	0.467154	0.205895	0.130934	0.043914	0.147455	0.0289017	0.178619	0.264888	0.628769	1.0632	2.04315	4	1.742034
2100000	-513.4048	-564.4511	51.04638	10	1.25053	0.153477	0.00227882	0.0143895	0.0963385	0.0584093	0.0138142	0.0488387	0.0163374	0.00761098	0.0437893	0.303903	0.0384891	0.148694	0.0389925	0.181612	0.0202543	0.532336	0.184091	0.540977	1.03166	2.24327	5	1.719564
2101000	-524.0389	-573.1643	49.12543	10	2.005351	0.154832	0.01903	0.00497016	0.202476	0.0198058	0.033633	0.0247243	0.000706106	0.0407918	0.0693601	0.485771	0.13588	0.245105	0.0308889	0.19437	0.0232147	0.260777	0.293913	0.655581	1.07012	1.98038	5	1.946335
2102000	-519.4353	-570.2446	50.80929	10	2.056423	0.150883	0.00211907	0.0322271	0.0642994	0.00763806	0.0198864	0.0152129	0.0193173	0.065731	0.0338615	0.226903	0.142705	0.110093	0.0306822	0.267381	0.0247424	0.414955	0.299918	0.660883	1.07134	1.96786	5	1.628639
2103000	-527.8475	-577.8028	49.95532	10	3.619281	0.149253	0.0146465	0.0011746	0.0789779	0.120682	0.00602728	0.0231683	0.070193	0.00417994	0.0604455	0.196498	0.337478	0.0305632	0.0191965	0.0700221	0.0508446	0.162203	0.432141	0.760921	1.08424	1.7227	5	1.395553
2104000	-520.834	-570.9731	50.13916	10	1.154376	0.281183	0.00365534	0.00812685	0.0907768	0.0534094	0.0443406	0.0336817	0.0297791	0.0491288	0.04909	0.197736	0.259156	0.136718	0.0110244	0.216671	0.0482085	0.23698	0.166688	0.518698	1.02152	2.2931	5	1.749664
2105000	-522.2096	-571.4636	49.25409	10	0.8436032	0.147686	0.0157539	0.0420437	0.0660147	0.0767211	0.0185116	0.0257562	0.061706	0.00213034	0.0348796	0.075694	0.191886	0.0663709	0.00165537	0.10848	0.0349035	0.283837	0.104797	0.424114	0.968341	2.50275	5	1.254029
2106000	-514.3209	-568.0386	53.71771	10	1.427298	0.142103	0.00736959	0.0234919	0.0827976	0.0946045	0.0193021	0.0182863	0.00191848	0.000201129	0.0513766	0.160895	0.130811	0.0911166	0.01067	0.140952	0.0245078	0.128136	0.21387	0.57599	1.04585	2.16429	5	1.12854
2107000	-516.4092	-576.3995	59.99032	10	0.5274008	0.0784393	0.01891	0.0101104	0.0641192	0.00594698	0.0195254	0.0136025	0.00859797	0.00499259	0.0387008	0.0813945	0.262038	0.115184	0.00677662	0.0908542	0.00261979	0.294256	0.0385719	0.269428	0.839225	2.85277	5	1.116068
2108000	-518.9318	-572.8356	53.90376	10	0.424931	0.0881057	0.00146032	0.00961092	0.0851404	0.0399619	0.00932408	0.025964	0.0018791	0.0335279	0.00862731	0.112087	0.175155	0.115586	0.0144572	0.117171	0.0396417	0.255423	0.0204693	0.200122	0.756908	3.0225	5	1.133122
2109000	-510.921	-567.3189	56.39785	10	0.5873764	0.104321	0.00245256	0.00517837	0.0774333	0.0711548	0.0025561	0.0373358	0.0293156	0.00287484	0.0382169	0.172223	0.239286	0.108704	0.0362243	0.0922078	0.0176061	0.246562	0.0505153	0.305182	0.874739	2.76956	5	1.283652
2110000	-544.8655	-574.1043	29.23878	2	0.4825441	0.241519	0.00269282	0.0569428	0.0530747	0.0199379	0.0191975	0.0116552	0.0389381	0.00133348	0.0228212	0.0668909	0.613293	0.0906116	0.0231822	0.434525	0.0122103	0.357673	0.0301998	0.240367	0.807139	2.92229	4	2.066498
2111000	-534.1285	-566.4845	32.35598	2	2.77291	0.208363	0.00478237	0.00319852	0.107422	0.0117307	0.037689	0.0176114	0.0295923	0.0245161	0.0388428	0.310926	0.350766	0.0851483	0.0423705	0.342748	0.00760931	0.16933	0.370893	0.718125	1.08114	1.82984	4	1.792646
2112000	-525.9899	-570.2082	44.21832	2	0.3997437	0.0978871	0.000362117	0.000383972	0.0611193	0.0136757	0.00399855	0.0259797	0.0055226	0.00494713	0.0571337	0.14835	0.0943755	0.119426	0.000402925	0.0613474	0.0344794	0.169092	0.0166774	0.181565	0.731003	3.07075	4	0.8984825
2113000	-529.261	-570.1398	40.87888	2	1.611854	0.178307	0.0415598	0.0125467	0.0638929	0.0507344	0.042752	0.00176125	0.032984	0.0144406	0.0444968	0.223999	0.16948	0.0663923	0.0457987	0.16425	0.00529868	0.112203	0.242096	0.606174	1.05637	2.09536	4	1.270897
2114000	-515.7185	-568.4867	52.7682	10	1.069613	0.24201	0.0207995	0.00209487	0.104081	0.00770241	0.0275249	0.0405935	0.00794754	0.007244	0.0636933	0.306499	0.103453	0.10679	0.0351183	0.316858	0.0176373	0.288533	0.150631	0.49672	1.01064	2.34201	5	1.698581
2115000	-529.1796	-580.7567	51.57713	10	1.672286	0.131673	0.0157005	0.058397	0.131498	0.109548	0.0339021	0.0262048	0.0801587	0.0466672	0.00549695	0.0920884	0.249868	0.0990466	0.00396198	0.278986	0.00635539	0.256657	0.250753	0.614929	1.05912	2.0752	5	1.626209
2116000	-528.283	-577.1314	48.84837	10	0.7235429	0.138036	0.00544807	0.0412494	0.100107	0.0697793	0.0137323	0.0126313	0.112393	0.0531636	0.0684332	0.183755	0.230125	0.00559355	0.00318869	0.360291	0.0756347	0.442575	0.0792225	0.37443	0.93329	2.61306	5	1.916136
2117000	-523.6086	-565.5348	41.92616	2	0.3729984	0.0711857	0.00315586	0.00342623	0.0630368	0.00706989	0.0135014	0.00928365	5.64591e-05	0.00306035	0.0287259	0.0657996	0.17156	0.0978456	0.0181355	0.155785	0.0226167	0.248102	0.0130195	0.161316	0.700327	3.12534	4	0.9823462
2118000	-533.808	-572.953	39.14492	2	1.15909	0.106415	0.0177253	0.0155189	0.03928	0.00776354	0.0193578	0.0288713	0.0315642	0.00814535	0.0454101	0.0551442	0.408127	0.0991754	0.0363102	0.238869	0.0110265	0.215072	0.167561	0.519852	1.02206	2.29052	4	1.383776
2119000	-520.1955	-574.6532	54.45776	10	3.288225	0.161659	0.0196078	0.0060307	0.136095	0.0437128	0.0150587	0.0144727	0.048422	0.0141086	0.0580299	0.224155	0.155902	0.204126	0.0297258	0.101578	0.00264699	0.228108	0.410399	0.746333	1.08361	1.75966	5	1.46344
2120000	-536.019	-566.3109	30.29185	1	1.706513	0.179503	0.0117997	0.00876365	0.0507089	0.0175746	0.0132728	0.0265076	0.0259972	0.0227395	0.0546424	0.156242	0.258601	0.0875713	0.0386704	0.23177	0.0269577	0.338527	0.255535	0.619673	1.06055	2.06424	3	1.549849
2121000	-544.1034	-573.8531	29.74975	1	1.374179	0.351393	0.0193804	0.0217459	0.0950121	0.0238855	0.0260348	0.0123827	0.0013317	0.0152331	0.0372328	0.196738	0.308552	0.0996592	0.0514679	0.155513	0.0322307	0.189501	0.205215	0.566179	1.04209	2.18651	3	1.637293
2122000	-515.6446	-572.3206	56.67598	10	2.247339	0.0919591	0.00788686	0.0140183	0.0500313	0.0367136	0.0085714	0.0255901	0.0351644	0.0257025	0.0586368	0.104174	0.182545	0.0953687	0.00983286	0.108551	0.0329508	0.138746	0.321114	0.678977	1.0751	1.9248	5	1.026442
2123000	-523.2133	-575.6837	52.47032	10	0.5419332	0.162827	0.0126013	0.00889819	0.0537657	0.0349057	0.0100049	0.00984927	0.017325	0.0154416	0.0595489	0.241379	0.454352	0.0698408	0.00149636	0.172451	0.0224708	0.0815138	0.0413988	0.278412	0.848535	2.83165	5	1.428671
2124000	-518.9651	-570.9581	51.99307	10	2.517117	0.120398	0.00374629	0.00209358	0.144443	0.0306753	0.0124892	0.0441646	0.0434971	0.0463322	0.0559971	0.279179	0.362944	0.112594	0.0147388	0.365099	0.0336023	0.19182	0.348073	0.700721	1.07882	1.87239	5	1.863814
2125000	-523.9733	-573.9985	50.02513	10	1.724182	0.1512	0.0369132	0.00876656	0.11561	0.0356879	0.0304728	0.0402087	0.0297033	0.00599441	0.072733	0.121874	0.173749	0.0764375	0.0174243	0.135349	0.0123052	0.415363	0.257971	0.622065	1.06126	2.0587	5	1.479792
2126000	-515.1684	-568.7216	53.55321	10	2.263098	0.0970585	0.00116082	0.0101952	0.171358	0.00335008	0.0172403	0.0126792	0.0436961	0.00624312	0.0342607	0.287704	0.362829	0.0978933	0.0251722	0.126712	0.0471619	0.25797	0.32278	0.680361	1.07537	1.92149	5	1.602684
2127000	-534.2719	-567.1237	32.85174	2	1.624231	0.16103	0.00493258	0.0123542	0.0669459	0.0467386	0.0406606	0.0073063	0.0116562	0.043095	0.0295555	0.264843	0.360332	0.109203	0.00931548	0.567368	0.0459376	0.0689045	0.243891	0.608008	1.05695	2.09115	4	1.850177
2128000	-536.8452	-573.3588	36.5136	2	4.136897	0.160897	0.00908732	0.00907891	0.0855985	0.011017	0.033223	0.0203418	0.0238649	0.0200063	0.0877382	0.110976	0.267581	0.0860289	0.01504	0.402344	0.0265141	0.0669553	0.461728	0.779814	1.08436	1.6741	4	1.436292
2129000	-519.1464	-568.0495	48.90311	10	1.308823	0.13069	0.00800682	0.00949585	0.0683199	0.0417686	0.0311673	0.026738	0.00226952	0.00678152	0.0782983	0.218734	0.480137	0.141829	0.0395981	0.353413	0.0296976	0.139254	0.194223	0.553299	1.0369	2.21558	5	1.806198
2130000	-528.6239	-575.3543	46.7304	10	1.813314	0.149575	0.00301626	0.0143383	0.134531	0.0762612	0.0260705	0.0382297	0.0483636	0.00650411	0.0290314	0.208871	0.290572	0.12377	0.0259349	0.165514	0.0233895	0.205278	0.269924	0.63357	1.06453	2.03198	5	1.56925
2131000	-530.9741	-578.6107	47.63655	10	1.419174	0.0814545	0.0121199	0.0137029	0.0926629	0.0115499	0.0172832	0.0353187	0.0238987	0.0157713	0.0650457	0.186693	0.40231	0.0754015	0.0501912	0.414145	0.10837	0.0467896	0.212562	0.574526	1.0453	2.16761	5	1.652708
2132000	-533.0704	-572.2626	39.19215	2	0.5393446	0.148637	0.014924	0.0225559	0.0651974	0.0057086	0.00718731	0.0347227	0.0548109	0.00382798	0.0380463	0.137056	0.120034	0.0536814	0.000467369	0.426074	0.0720612	0.167793	0.0408917	0.276827	0.846912	2.83537	4	1.372785
2133000	-524.807	-572.1751	47.3681	10	0.9839809	0.217723	0.00147037	0.0131896	0.0602019	0.123866	0.0100068	0.0287961	0.0385604	0.0468611	0.0511163	0.117679	0.212953	0.0741696	0.0205366	0.22016	5.93994e-05	0.203004	0.133747	0.471883	0.997294	2.39708	5	1.440354
2134000	-551.9039	-576.7127	24.80876	2	2.280373	0.172377	0.00815852	0.0438843	0.0479929	0.00784105	0.0325805	0.0572898	0.03395	0.0123311	0.0473596	0.387713	0.306232	0.104582	0.196078	0.488943	0.0691738	0.291507	0.324593	0.681861	1.07565	1.9179	4	2.307993
2135000	-535.9201	-570.4744	34.5543	2	2.319818	0.125555	0.00880941	0.0125539	0.144614	0.0263466	0.0485713	0.025681	0.00686433	0.0232033	0.064085	0.226196	0.387065	0.0908226	0.0424942	0.277998	0.0163325	0.100704	0.32868	0.685217	1.07626	1.90984	4	1.627897
2136000	-519.613	-567.3624	47.74938	10	1.822341	0.214623	0.0110889	0.0315693	0.0822554	0.00228704	0.0350368	0.0448302	0.0367817	0.0166095	0.0301544	0.28259	0.408821	0.0687528	0.0366213	0.0170978	0.0174186	0.432526	0.271104	0.634686	1.06483	2.02938	5	1.769064
2137000	-544.3916	-579.8386	35.44704	2	2.449633	0.094753	0.00500184	0.0509631	0.0593869	0.0376134	0.0173221	0.0398087	0.0668857	0.0342291	0.0428239	0.177674	0.259718	0.0736907	0.0175824	0.181237	0.00582747	0.231507	0.341629	0.695645	1.07803	1.88469	4	1.396025
2138000	-519.1778	-566.7802	47.60241	10	0.7410191	0.0797251	0.00705909	0.0306195	0.0449303	0.0161554	0.0166864	0.0301762	0.00110333	0.0158579	0.0483299	0.137177	0.245055	0.114319	0.0291538	0.0681543	0.00807648	0.351559	0.0829627	0.382258	0.93917	2.59561	5	1.244138
2139000	-516.211	-567.6076	51.39663	10	1.439172	0.147521	0.0324781	0.00294329	0.102623	0.0908158	0.0345222	0.0216089	0.074142	0.00147265	0.0665046	0.156375	0.246035	0.0578998	0.033545	0.161563	0.0135251	0.298669	0.215771	0.578108	1.04664	2.15948	5	1.542244
2140000	-512.9359	-568.0537	55.11786	10	0.8557599	0.155025	0.013062	0.0179069	0.069842	0.020702	0.0268114	0.0168964	0.0507929	0.00247855	0.0352485	0.13761	0.15906	0.0737457	0.0297366	0.0828025	0.0122907	0.22525	0.107357	0.428651	0.971284	2.49271	5	1.129262
2141000	-541.4094	-580.2883	38.87888	2	0.8500271	0.143179	0.00975885	0.0379244	0.0295645	0.00350849	0.000569461	0.0781375	0.0215726	0.0410876	0.0419602	0.0947201	0.248821	0.0787968	0.0151273	0.0791156	0.0516171	0.349657	0.106151	0.426522	0.969908	2.49742	4	1.325117
2142000	-530.7856	-566.2539	35.46827	2	1.327095	0.24143	0.00143178	0.0101223	0.0976789	0.0203598	0.000677606	0.0362341	0.00069639	0.0207161	0.0385316	0.172421	0.35158	0.121363	0.0507454	0.0685649	0.0190623	0.277089	0.197335	0.556995	1.03842	2.20725	4	1.528704
2143000	-537.0806	-575.7966	38.71599	2	2.359821	0.157551	0.010269	0.00583838	0.055922	0.018846	0.0109189	0.0119186	0.0367777	0.000574341	0.0357203	0.0932339	0.192628	0.0856598	0.017704	0.0704142	0.0113161	0.144156	0.33275	0.688529	1.07685	1.90187	4	0.9594488
2144000	-532.5657	-569.5038	36.93813	2	0.9700473	0.121522	0.00386442	0.00797026	0.0668078	0.00926169	0.00343029	0.0152347	0.0539105	0.0234207	0.0339701	0.138366	0.495655	0.0395474	0.00115881	0.0166399	0.0366913	0.326036	0.130939	0.46756	0.994854	2.40665	4	1.393488
2145000	-531.2056	-566.8048	35.59926	2	2.380162	0.153963	0.0029011	0.00408889	0.0399553	0.0133114	0.022034	0.00701566	0.022529	0.00549956	0.0442436	0.174233	0.316484	0.115112	0.0342262	0.151	0.0172811	0.321202	0.334792	0.690178	1.07713	1.8979	4	1.44508
2146000	-533.1903	-567.8233	34.63303	2	0.6543147	0.152033	0.0063469	0.0100487	0.04038	0.00141962	0.0133093	0.000939051	0.0146112	0.00516494	0.0229926	0.168081	0.184503	0.0798533	0.0169106	0.1658	0.016334	0.248498	0.0644698	0.341153	0.906687	2.68769	4	1.147226
2147000	-539.2146	-572.0345	32.81991	2	1.061881	0.204905	0.0122642	0.0172724	0.106492	0.0248249	0.0118362	0.034796	0.0549352	0.00848635	0.0361869	0.252469	0.268248	0.193416	0.00405145	0.374068	0.0498702	0.359875	0.149133	0.494593	1.00954	2.34673	4	2.013997
2148000	-524.6182	-572.2833	47.66507	10	5.900213	0.133862	0.0132034	0.00438461	0.0735423	0.0301825	0.00332859	0.0657794	0.0707601	0.00162011	0.0301615	0.105608	0.256305	0.154178	0.0202508	0.151439	0.0214982	0.334237	0.535654	0.822767	1.08148	1.5601	5	1.470341
2149000	-531.4032	-569.1103	37.70705	2	3.082554	0.186741	0.0095695	0.00990844	0.101656	0.0304432	0.00411728	0.0260345	0.0228202	0.0266292	0.0135383	0.176355	0.295238	0.0849894	0.00443137	0.014251	0.0464795	0.243649	0.395549	0.735999	1.08289	1.78556	4	1.296851
2150000	-526.0491	-573.0676	47.01857	10	1.548746	0.17733	0.00956136	0.023658	0.130526	0.0200578	0.0318462	0.0278022	0.0771962	0.0108516	0.0235459	0.254833	0.188586	0.124965	0.0775257	0.13478	0.00665336	0.294946	0.232755	0.596474	1.05316	2.11761	5	1.614664
2151000	-536.7848	-572.2257	35.44092	2	1.420667	0.118048	0.00741291	0.000948246	0.0684966	0.0203219	0.00360153	0.0126468	0.0197718	0.0151264	0.0271915	0.172214	0.416789	0.0978382	0.0204009	0.0285431	0.00810289	0.261302	0.212803	0.574796	1.0454	2.167	4	1.298756
2152000	-533.0054	-570.3123	37.30696	2	1.972313	0.114091	0.00908706	0.00628198	0.0765326	0.0803793	0.0065522	0.0308076	0.000345811	0.0329572	0.0539646	0.151987	0.325807	0.104621	0.0112901	0.126256	0.0340975	0.205262	0.289947	0.652037	1.06928	1.98873	4	1.370318
2153000	-527.575	-565.0471	37.47208	2	1.477813	0.209301	0.00650098	0.00987124	0.0759912	0.023763	0.0180647	0.0170265	0.0557753	0.0102326	0.0709608	0.214606	0.25234	0.0849081	0.0277817	0.0967056	0.0130941	0.303091	0.221875	0.584821	1.04909	2.14421	4	1.490013
2154000	-521.135	-568.9733	47.83824	10	0.9995924	0.144954	0.0216357	0.00112971	0.103367	0.0522546	0.0424397	0.00702633	0.0610478	0.0170032	0.0647092	0.143873	0.188622	0.0822152	0.040271	0.303678	0.0144627	0.302451	0.136872	0.476629	0.999932	2.38657	5	1.59114
2155000	-532.1468	-572.2367	40.08985	2	0.340587	0.122105	0.00361064	0.0141702	0.0438718	0.0434621	0.0211864	0.00892213	0.0226455	0.0307099	0.0255483	0.0859054	0.231983	0.0827408	0.0196119	0.105058	0.00222348	0.25781	0.00915697	0.136221	0.658073	3.19655	4	1.121565
2156000	-535.8667	-570.7704	34.90373	2	1.838241	0.169004	0.0112741	0.00548671	0.0548249	0.0287483	0.00154566	0.0393329	0.0135238	0.0195113	0.0320415	0.310571	0.246082	0.0817241	0.0105524	0.0497535	0.0743957	0.420083	0.27317	0.636631	1.06536	2.02484	4	1.568454
2157000	-534.5476	-569.619	35.07138	2	0.8998098	0.143282	0.00750722	0.00218238	0.0709971	0.0442804	0.0123699	0.0272999	0.0821814	0.00314701	0.0784492	0.145594	0.171361	0.0468137	0.0208222	0.313168	0.0333631	0.282306	0.116555	0.444418	0.98119	2.45784	4	1.485125
2158000	-537.7517	-574.7239	36.97228	2	2.816231	0.130408	0.00658145	0.0316939	0.10686	0.0596105	0.0152084	0.00691439	0.00844694	0.058338	0.0243884	0.158932	0.178397	0.161322	0.0318183	0.323275	0.0159089	0.222119	0.374526	0.720817	1.08144	1.82321	4	1.540224
2159000	-515.7774	-568.1679	52.3905	10	0.5458754	0.110557	0.00860139	0.00618279	0.0726817	0.0189476	0.0244147	0.0078719	0.000709522	0.0146185	0.038906	0.143858	0.207525	0.113613	0.0070324	0.230961	0.0729942	0.239743	0.0421739	0.280814	0.850978	2.82603	5	1.319217
2160000	-520.2033	-569.4153	49.21197	10	2.201308	0.18273	0.0141778	0.00994491	0.112499	0.0895716	0.0156715	0.0719962	0.00143631	0.00307421	0.0548	0.155422	0.2996	0.150567	0.0184768	0.278775	0.09016	0.238561	0.316176	0.674844	1.0743	1.93468	5	1.787464
2161000	-532.6165	-570.5446	37.92809	2	0.7429162	0.152586	0.00614933	0.0114001	0.0853592	0.0613585	0.0125483	0.015187	0.0718855	0.0440031	0.0191396	0.120398	0.303412	0.0184559	0.0129813	0.104075	0.0164043	0.278679	0.0833687	0.383095	0.93979	2.59375	4	1.334023
2162000	-531.5063	-565.9046	34.39828	2	1.435801	0.189864	0.00296339	0.00799485	0.0861262	0.0185042	0.000135781	0.0335357	0.0448967	0.0181554	0.0459526	0.211216	0.0920714	0.0703488	0.00452393	0.288969	0.0116148	0.382984	0.215233	0.57751	1.04642	2.16084	4	1.509856
2163000	-518.9264	-566.2174	47.29097	10	1.193643	0.210725	0.0186582	0.0242292	0.061738	0.0265094	0.0179615	0.0151741	0.0680484	0.0192946	0.0322392	0.366441	0.122903	0.0602895	0.0275133	0.288113	0.0448215	0.344397	0.173899	0.528111	1.02591	2.27208	5	1.749057
2164000	-534.9138	-572.1316	37.21773	2	2.055936	0.156568	0.00265061	0.0449019	0.0501657	0.0338406	0.0214672	0.0353259	0.0353639	0.0121325	0.0698768	0.177131	0.223251	0.119649	0.100994	0.153164	0.0220756	0.193705	0.299862	0.660833	1.07133	1.96798	4	1.452264
2165000	-542.1477	-570.8548	28.70712	2	2.917136	0.181286	0.014709	0.0750951	0.0787474	0.013836	0.0169363	0.0388281	0.0425904	0.00213527	0.0480591	0.28901	0.0891165	0.0929299	0.0015698	0.251315	0.0957409	0.449425	0.382748	0.726834	1.08207	1.80834	4	1.781329
2166000	-535.7965	-571.2182	35.42177	2	1.270247	0.123103	0.00504483	0.0319963	0.0641387	0.0219552	0.0421141	0.0065763	0.00997022	0.00835134	0.0436915	0.51997	0.00740781	0.127886	0.0128715	0.107625	0.0463705	0.377323	0.187553	0.545238	1.0335	2.2337	4	1.556395
2167000	-529.0438	-568.984	39.94017	2	0.6146129	0.130853	0.000443057	0.0111713	0.0676906	0.0433685	0.000628516	0.0219235	0.045398	0.0046391	0.0429713	0.329988	0.19877	0.0458759	0.0192448	0.162208	0.0165504	0.22387	0.0561353	0.320298	0.888595	2.73497	4	1.365594
2168000	-538.5452	-572.5173	33.97213	2	1.61387	0.100369	0.0261214	0.0338817	0.113091	0.0385992	0.0150165	0.0455283	0.0286764	0.00301686	0.032708	0.268596	0.15029	0.138279	0.0308561	0.223067	0.0148453	0.443617	0.242389	0.606474	1.05646	2.09467	4	1.706558
2169000	-547.5603	-577.2165	29.6562	1	1.629373	0.115561	0.0134304	0.0474059	0.0685942	0.0132933	0.0135966	0.0195002	0.0125242	0.0471082	0.017939	0.413381	0.176689	0.160283	0.0297335	0.229911	0.00433924	0.237838	0.244634	0.608764	1.05719	2.08941	3	1.621128
2170000	-540.4502	-572.6948	32.24461	2	0.7499777	0.0754684	0.00213324	0.00220262	0.11946	0.0697073	0.00187239	0.0461389	0.0384688	0.0114479	0.0666006	0.321794	0.107295	0.0805175	0.0115817	0.156896	0.0220145	0.422541	0.0848798	0.386187	0.942069	2.58686	4	1.55614
2171000	-541.3022	-573.4135	32.11122	2	2.039333	0.176937	0.0270651	0.00202316	0.100863	0.100336	0.000233779	0.0469484	0.0467784	0.036465	0.011739	0.454999	0.0909282	0.0764522	0.0556756	0.219637	0.0342445	0.245207	0.297925	0.659132	1.07094	1.972	4	1.726532
2172000	-512.5193	-573.829	61.3097	10	1.414764	0.0600717	0.00325147	0.0208073	0.0837733	0.0280539	0.0024834	0.0221551	0.0352783	0.001762	0.0634926	0.182687	0.171575	0.0912922	0.0244433	0.102344	0.010708	0.195582	0.21185	0.573725	1.045	2.16943	5	1.09976
2173000	-520.1773	-572.2672	52.08985	10	0.8617989	0.123517	0.00967317	0.0125756	0.140328	0.00946382	0.0107479	0.0265163	0.00134918	0.0186904	0.0537795	0.0912505	0.115501	0.29757	0.00697	0.229447	0.0782651	0.279782	0.108625	0.430874	0.97271	2.48779	5	1.505427
2174000	-540.8088	-570.9409	30.13217	2	4.574174	0.201713	0.0215469	0.00197271	0.0919995	0.0392129	0.00978288	0.0522802	0.00800063	0.0168664	0.0518457	0.0930997	0.16807	0.255289	0.0344236	0.263829	0.0512941	0.272537	0.483369	0.792985	1.08395	1.63969	4	1.633764
2175000	-537.1649	-569.6386	32.47364	2	0.7766185	0.259645	0.0203574	0.0269391	0.139072	0.0294757	0.0175386	0.0267358	0.0114198	0.0166051	0.0670689	0.414648	0.123175	0.337294	0.0182698	0.142598	0.00582506	0.0615301	0.0905746	0.397547	0.950259	2.56162	4	1.718196
2176000	-510.1059	-571.0322	60.92633	10	0.9382696	0.118537	0.00537878	0.00460751	0.118076	0.0783034	0.00923303	0.0478344	0.024928	0.0156324	0.0351616	0.149916	0.055767	0.205249	0.000804961	0.183836	0.0246023	0.154937	0.124478	0.457377	0.988968	2.42918	5	1.232803
2177000	-535.3899	-571.211	35.82113	2	0.998471	0.176072	0.0355922	0.0199417	0.0842824	0.0490861	0.00149016	0.0485439	0.0333418	0.00855196	0.0435566	0.289833	0.126338	0.215568	0.0216153	0.168666	0.0323256	0.128552	0.136649	0.476292	0.999746	2.38731	4	1.483357
2178000	-526.5515	-569.1218	42.57029	2	0.6005865	0.081376	0.00138652	0.0238214	0.0429591	0.0107119	0.0147991	0.0115164	0.0207725	0.0263402	0.0316533	0.231647	0.069661	0.16846	0.0148416	0.165657	0.0154208	0.0575423	0.053229	0.312598	0.881618	2.75256	4	0.9885668
2179000	-514.1717	-565.2855	51.11386	10	2.530788	0.176079	0.0103487	0.000199642	0.0435945	0.0273565	0.0168641	0.0333229	0.0158926	0.0178031	0.028198	0.167032	0.115126	0.317116	0.0330943	0.231448	0.00450088	0.0825979	0.349356	0.701723	1.07897	1.86995	5	1.320573
2180000	-524.0685	-573.3482	49.27977	10	3.557382	0.226843	0.00493285	0.0122012	0.0936353	0.0106851	0.0208762	0.0413983	0.0592187	0.0077528	0.0601762	0.494652	0.123553	0.368614	0.0207634	0.209561	0.0616205	1.79103e-05	0.42826	0.758363	1.08416	1.72922	5	1.816502
2181000	-519.9619	-575.0985	55.13663	10	0.880547	0.176752	0.0284764	0.0259635	0.0319419	0.0492423	0.00423135	0.0252551	0.0585213	0.00852832	0.0314974	0.268465	0.123877	0.128066	0.0387405	0.134741	0.0225867	0.12541	0.112548	0.437649	0.976997	2.47281	5	1.282295
2182000	-532.172	-568.4574	36.28538	2	2.227841	0.113619	0.0164435	0.0237815	0.124621	0.0641785	0.00252878	0.038081	0.0179109	0.0139583	0.0664534	0.235345	0.131814	0.164869	0.0335226	0.235224	0.00710678	0.177503	0.319035	0.677243	1.07477	1.92895	4	1.46696
2183000	-533.1261	-570.4219	37.29578	2	0.4541485	0.168599	0.00548759	0.0254785	0.0281007	0.00341077	0.000796101	0.0196968	0.142543	0.00333574	0.0350981	0.010763	0.027932	0.466246	0.00564821	0.282514	0.0324828	0.304924	0.0252378	0.220933	0.783809	2.97002	4	1.563056
2184000	-537.8519	-568.7783	30.92639	2	1.197645	0.211342	0.0162439	0.00172799	0.120176	0.0212508	0.0134161	0.029923	0.0351959	0.016638	0.0407078	0.135918	0.0756402	0.22218	0.0217506	0.231902	0.0133947	0.228708	0.174626	0.529045	1.02634	2.26999	4	1.436114
2185000	-537.3491	-573.6891	36.34007	2	0.7333908	0.124439	0.00840061	0.000622169	0.0723537	0.0256013	0.00473976	0.055424	0.0473833	0.0203422	0.0301131	0.0162776	0.0956584	0.327082	0.00802776	0.307906	0.0620765	0.29522	0.08133	0.378868	0.93664	2.60316	4	1.501667
2186000	-531.4	-570.2323	38.83234	2	0.7868109	0.115178	0.0010018	0.0164427	0.0334461	0.0375112	0.0366515	0.0133074	0.00187553	0.0325607	0.0280393	0.204903	0.150369	0.21265	0.0409112	0.16259	0.0539554	0.262329	0.0927493	0.401769	0.953232	2.55225	4	1.403722
2187000	-533.1221	-569.0315	35.90941	2	0.4573207	0.113404	0.00255146	0.00255455	0.11043	0.0392261	0.0148212	0.00767668	0.0778673	0.0342473	0.0238732	0.0602307	0.00616049	0.403454	0.00518384	0.136385	0.0309204	0.382337	0.0257771	0.223143	0.786545	2.96453	4	1.451323
2188000	-544.8457	-579.1791	34.33343	1	1.686825	0.123115	0.00557546	0.00139629	0.0417374	0.085458	0.0141264	0.0206196	0.0150898	0.0332196	0.03248	0.159449	0.0499133	0.180108	0.0210874	0.0867061	0.0629255	0.214653	0.252794	0.616963	1.05974	2.0705	3	1.14766
2189000	-540.328	-572.1586	31.83054	2	3.547912	0.131537	0.00116824	0.0086387	0.111199	0.0200204	0.00547112	0.0366019	0.0576819	0.0217134	0.0689692	0.285255	0.0897735	0.117601	0.027502	0.305076	0.109386	0.49602	0.42766	0.757965	1.08415	1.73023	4	1.893616
2190000	-532.0644	-570.4399	38.37551	2	0.7099421	0.117189	0.00139742	0.00705764	0.0901948	0.0935773	0.0154563	0.0116138	0.0206954	0.025048	0.0156222	0.0798057	0.170464	0.223574	0.0666358	0.1468	0.0246388	0.314297	0.0763131	0.368184	0.928498	2.62701	4	1.424067
2191000	-519.7079	-571.561	51.85311	10	0.7193488	0.126563	0.0122373	0.0171903	0.0747664	0.0396454	0.0340612	0.00683786	0.0421587	0.0318662	0.0468714	0.251599	0.101802	0.434115	0.0527318	0.0875504	0.000208047	0.193246	0.078325	0.372518	0.931833	2.61732	5	1.553449
2192000	-535.5123	-571.7499	36.2376	2	1.751703	0.170485	0.00253649	0.00578364	0.181424	0.0229173	0.0209324	0.0141969	0.0037073	0.0256361	0.059514	0.125072	0.102453	0.261126	0.0564284	0.12043	0.0348307	0.407201	0.26172	0.625715	1.06232	2.05024	4	1.614674
2193000	-527.592	-572.3343	44.74228	10	1.671134	0.148755	0.0123299	0.00273383	0.124564	0.000139793	0.0305263	0.00937381	0.0508848	0.0264921	0.0382445	0.144689	0.0592922	0.526219	0.0238694	0.185958	0.0117421	0.439675	0.25059	0.614767	1.05907	2.07557	5	1.835488
2194000	-523.5745	-575.1641	51.58959	10	2.348043	0.13395	0.0136923	0.0335937	0.117745	0.041478	0.0297923	0.00859704	0.0176857	0.0444481	0.0329936	0.0346274	0.149649	0.510081	0.0115452	0.163095	0.0942885	0.480575	0.33156	0.687563	1.07668	1.9042	5	1.917838
2195000	-517.1229	-574.6573	57.53442	10	1.486271	0.133178	0.00153142	0.0167505	0.0904538	0.021953	0.00555379	0.0132521	0.00226887	0.00861725	0.044005	0.0794133	0.149915	0.26299	0.0221537	0.153384	0.0317615	0.212759	0.223194	0.586255	1.04961	2.14095	5	1.249941
2196000	-538.4242	-567.7033	29.27913	1	2.908044	0.152798	0.01012	0.00749573	0.123334	0.0407544	0.012498	0.0452789	0.0234499	0.0141359	0.0858549	0.128997	0.0883953	0.305562	0.0335674	0.182055	0.0484103	0.22826	0.382021	0.726306	1.08202	1.80965	3	1.530967
2197000	-538.5423	-567.867	29.32464	1	1.174829	0.324693	0.025504	0.00972262	0.0596418	0.0503064	0.0170521	0.0332675	0.00406914	0.00294627	0.0618405	0.179048	0.152201	0.1779	0.0172173	0.271981	0.00386809	0.308479	0.170462	0.523658	1.02385	2.28203	3	1.699738
2198000	-544.0481	-574.9541	30.90602	2	2.695148	0.171804	0.0265254	0.0421181	0.0759094	0.0223444	0.0205285	0.0227345	0.0433476	0.0507564	0.098109	0.16619	0.0741281	0.33045	5.2094e-05	0.302488	0.00827437	0.281719	0.364211	0.713118	1.08053	1.84214	4	1.737481
2199000	-528.6144	-570.2342	41.61976	10	2.133916	0.18606	0.0317513	0.00779912	0.123691	0.112641	0.0261319	0.0354941	0.0159839	0.0278419	0.0367546	0.105118	0.208959	0.443719	0.0179218	0.131201	0.019085	0.581945	0.308753	0.668538	1.07301	1.9497	5	2.112097
2200000	-535.6196	-574.1425	38.52284	2	2.062036	0.156783	0.00637726	0.051295	0.065635	0.106672	0.0174746	0.0126389	0.0195428	0.0121365	0.0096849	0.162449	0.0759158	0.269271	0.026636	0.115933	0.0047252	0.270701	0.300569	0.661452	1.07147	1.96651	4	1.383872
2201000	-545.8592	-580.799	34.93977	2	1.850568	0.120628	0.00962788	0.0284251	0.077457	0.00520029	0.0181565	0.0662497	0.0301959	0.0133981	0.0786873	0.120031	0.192214	0.204981	0.0522926	0.232283	0.0201232	0.280887	0.27476	0.638121	1.06576	2.02136	4	1.550837
2202000	-542.6346	-576.7906	34.15603	1	1.425472	0.0553495	0.027296	0.0222122	0.0899362	0.000328104	0.00977338	0.0160843	0.0384928	0.00342398	0.0332981	0.125327	0.095804	0.297821	0.0722657	0.0766184	0.00269951	0.224805	0.213576	0.575662	1.04573	2.16503	3	1.191535
2203000	-528.4121	-564.555	36.14294	2	0.5445601	0.162005	0.00116346	0.00159575	0.0853341	0.0359904	0.0286123	0.00328856	0.0272407	0.0247554	0.0342429	0.175093	0.0622314	0.293441	0.0291619	0.172747	0.00407305	0.112358	0.0419149	0.280014	0.850167	2.8279	4	1.253335
2204000	-514.4659	-569.59	55.12408	10	0.5334573	0.154323	0.00761705	0.00802922	0.0844106	0.0290964	0.00962344	0.0191527	0.047008	0.0280684	0.0350148	0.133531	0.0662805	0.392433	0.017157	0.123482	0.0170312	0.158037	0.0397441	0.273198	0.843165	2.84389	5	1.330295
2205000	-530.1638	-571.7176	41.55386	2	0.5531427	0.147935	0.00236485	0.0103182	0.0206708	0.0227211	0.00957897	0.0166406	0.0121105	0.0109712	0.0235307	0.213642	0.0528097	0.199635	0.0288556	0.180421	0.00831013	0.135928	0.0436114	0.2852	0.855392	2.8158	4	1.096444
2206000	-533.2233	-577.9349	44.71157	10	3.000901	0.128927	0.00392348	0.0744272	0.156651	0.143605	0.0486873	0.00627943	0.0204072	0.0436765	0.0405791	0.341114	0.156249	0.320302	0.03797	0.147739	0.0450141	0.245194	0.389332	0.731578	1.08252	1.79657	5	1.960746
2207000	-535.6015	-567.1502	31.54869	1	2.07607	0.111132	0.00711446	0.00722788	0.0638816	0.00230987	0.0263036	0.00866975	0.00433212	7.58918e-05	0.0383003	0.376039	0.153786	0.319475	0.0226679	0.175716	0.01656	0.0536168	0.302189	0.662866	1.07178	1.96316	3	1.38721
2208000	-537.0569	-570.6135	33.55657	2	0.9056215	0.190937	0.000961111	0.0109715	0.129161	0.0912166	0.00983321	0.0316433	0.0562473	0.0122127	0.0451474	0.434431	0.124642	0.264357	0.00974733	0.18845	0.0386526	0.108227	0.117759	0.446423	0.982414	2.4534	4	1.746836
2209000	-537.5245	-572.7379	35.21336	2	1.511978	0.212133	0.0110719	0.00242146	0.108985	0.0511194	0.00539463	0.0256728	0.00425063	0.00204734	0.0459977	0.16741	0.0778921	0.180224	0.0200062	0.102634	0.00295155	0.322365	0.227167	0.590538	1.05112	2.13118	4	1.342577
2210000	-538.9838	-569.8798	30.89603	1	1.281881	0.147113	0.049387	0.00369765	0.0587474	0.0623694	0.0109488	0.0209896	0.0313473	0.00830145	0.037686	0.177056	0.0922408	0.462757	0.0108635	0.0142032	0.0556548	0.288532	0.189579	0.547707	1.03456	2.22816	3	1.531894
2211000	-535.5649	-569.273	33.70812	2	2.018421	0.146582	0.0188579	0.0338017	0.0730206	0.0529505	0.0207187	0.051722	0.0306291	0.0233566	0.0684704	0.171525	0.193565	0.441809	0.0313997	0.0410251	0.0138079	0.412499	0.295464	0.656958	1.07044	1.97713	4	1.825739
2212000	-539.5172	-573.1016	33.58441	2	0.7092428	0.156571	0.0319404	0.0310113	0.0686302	0.0136072	0.028008	0.0284955	0.0685843	0.0150952	0.0388702	0.215549	0.0888712	0.370989	0.0160587	0.112989	0.00952008	0.287605	0.0761636	0.367859	0.928246	2.62773	4	1.582395
2213000	-536.3729	-572.9084	36.53555	2	0.4963078	0.213182	0.00173711	0.00395663	0.0578259	0.0362955	0.00945392	0.00600959	0.0740094	0.0225106	0.0223551	0.132455	0.0621155	0.118659	0.0198211	0.117054	0.00539666	0.210769	0.0327055	0.249499	0.817563	2.90023	4	1.113606
2214000	-510.8714	-572.1957	61.32432	10	0.1433917	0.0710269	0.00190744	0.000917708	0.0339437	0.0374835	0.0087347	0.0041323	0.0222874	0.00665456	0.0182709	0.0994762	0.0513231	0.293106	0.00256676	0.395215	0.0441674	0.101191	3.47036e-05	0.00871039	0.221813	3.76944	5	1.192405
2215000	-512.2485	-571.8628	59.61428	10	1.035469	0.116393	0.0324506	0.0142927	0.0925567	0.00382901	0.0204092	0.0162427	0.0103756	0.0383528	0.0514462	0.104826	0.0628197	0.25434	0.0127214	0.1582	0.0214366	0.16803	0.143976	0.487159	1.00564	2.36323	5	1.178722
2216000	-509.0734	-566.8602	57.78676	10	1.845759	0.147675	0.000768285	0.00798274	0.0687714	0.00342978	0.0228425	0.00857529	0.0620215	0.0140353	0.0479326	0.236684	0.113644	0.239862	0.00515697	0.13083	0.0428729	0.250185	0.274141	0.637541	1.0656	2.02271	5	1.40327
2217000	-527.7315	-568.7357	41.00417	2	0.556692	0.0872996	0.0191684	0.00137019	0.0503133	0.000268216	0.0267236	0.0179372	0.006388	0.00732169	0.051381	0.17518	0.0974538	0.355513	0.0294184	0.148521	0.00622958	0.162734	0.0443174	0.287324	0.857507	2.81085	4	1.24322
2218000	-538.159	-572.2113	34.0523	2	0.8259216	0.164845	0.000132584	0.00462464	0.0711714	0.012521	0.00643677	0.0530771	0.0777846	0.0158753	0.0315713	0.155071	0.0906845	0.282439	0.036586	0.153947	0.0232875	0.372519	0.101061	0.417365	0.963886	2.51769	4	1.552574
2219000	-545.8086	-577.4039	31.59532	2	1.24495	0.0985961	0.0349745	0.0215315	0.14054	0.0169839	0.0421392	0.0275825	0.122148	0.0293733	0.0545469	0.245461	0.0187219	0.618257	0.000408248	0.109747	0.0223335	0.468846	0.183104	0.539753	1.03113	2.24601	4	2.072192
2220000	-533.2759	-568.2975	35.02164	2	0.7554302	0.145888	0.00121864	0.059693	0.0647779	0.0176911	0.0173031	9.21073e-05	0.0122259	0.00491803	0.0644581	0.207376	0.131357	0.374628	0.0240737	0.0833503	0.0597011	0.29911	0.0860462	0.388551	0.943797	2.58161	4	1.567862
2221000	-527.5918	-569.5915	41.99976	2	0.8166353	0.100886	0.00921102	0.013942	0.0539157	0.0342942	0.000624482	0.0415499	0.0328406	0.00712979	0.0557496	0.141217	0.0791331	0.130609	0.0748872	0.223804	0.0124264	0.223987	0.0990934	0.413746	0.96146	2.5257	4	1.236208
2222000	-526.7881	-579.9211	53.13297	10	0.9340025	0.123665	0.0356004	0.0049197	0.129423	0.00668086	0.0168487	0.0393432	0.0288622	0.00254581	0.0642194	0.224665	0.183479	0.21608	0.0610648	0.0835218	0.00502945	0.303154	0.123605	0.455974	0.988142	2.43228	5	1.529102
2223000	-509.1147	-571.4246	62.3099	10	0.5414654	0.0566923	0.0205959	0.00191518	0.0599943	0.0524449	0.00857497	0.0162264	0.0201422	0.0143209	0.023005	0.106425	0.0412544	0.13759	0.00198871	0.125381	0.0235583	0.0813199	0.0413071	0.278126	0.848243	2.83232	5	0.7914292
2224000	-543.5967	-579.7008	36.10409	1	0.5588934	0.0956066	0.00964669	0.0224083	0.0438005	0.00548972	0.00627815	0.00911307	0.02479	0.0163667	0.041597	0.165733	0.105654	0.206433	0.019882	0.141744	0.0363134	0.132532	0.0447564	0.288635	0.858805	2.8078	3	1.083387
2225000	-534.3556	-575.9576	41.60203	2	0.5965199	0.184123	0.0182433	0.0449837	0.0814314	0.0288647	0.00249481	0.0334407	0.0340227	0.015047	0.0169475	0.166376	0.0449688	0.198457	0.00507479	0.182971	0.00440914	0.153544	0.0523911	0.310332	0.879533	2.75774	4	1.215399
2226000	-527.5671	-572.872	45.30497	10	2.618979	0.176456	0.00819101	0.0399442	0.0639819	0.0420933	0.00956553	0.0468515	0.110895	0.00345895	0.0440383	0.1713	0.0115615	0.443521	0.00404023	0.151534	0.0128066	0.421869	0.357454	0.707981	1.07986	1.85471	5	1.762108
2227000	-530.0029	-568.3521	38.34914	2	0.5939327	0.151847	0.0138314	0.00609851	0.058594	0.022667	0.00676996	0.0289395	0.0448416	0.00583495	0.0306634	0.293457	0.058046	0.159797	0.00845443	0.161828	0.0176343	0.345395	0.0518591	0.308883	0.878192	2.76107	4	1.414699
2228000	-528.7348	-571.8905	43.15567	2	0.3329489	0.100172	0.00650775	0.0412514	0.0864546	0.00391909	0.0106101	0.0223339	0.0219248	0.00413853	0.0357091	0.152863	0.0418559	0.177393	0.0226339	0.0659711	0.0071018	0.353731	0.00834475	0.130252	0.647205	3.2142	4	1.154571
2229000	-511.522	-565.5233	54.00134	10	1.497242	0.165356	0.00783329	0.020052	0.0697669	0.0308756	0.0107148	0.0166812	0.0344781	0.00700387	0.0330798	0.148341	0.0777733	0.168508	0.0264941	0.22705	0.0299898	0.223517	0.224896	0.588097	1.05026	2.13675	5	1.297514
2230000	-528.1907	-569.1653	40.97467	10	1.385342	0.210078	0.0147843	0.00882552	0.108262	0.0931603	0.0172926	0.0389055	0.031063	0.00921445	0.0690691	0.158382	0.134243	0.273356	0.0821191	0.286904	0.0145368	0.126729	0.207054	0.568288	1.04291	2.18174	5	1.676924
2231000	-527.0791	-565.4664	38.38738	2	1.258629	0.140643	0.0115112	0.00166796	0.0588387	0.0175599	0.00686141	0.0267575	0.00687482	0.0107708	0.0518742	0.144736	0.0955036	0.227435	0.0132588	0.175223	0.0299862	0.226166	0.185517	0.542739	1.03243	2.23932	4	1.245668
2232000	-531.2658	-574.0183	42.75251	2	0.4875857	0.109953	0.0123291	0.0459677	0.036328	0.00505973	0.00529112	0.0154685	0.0404459	0.0114551	0.0519912	0.170514	0.0309179	0.245758	0.0153332	0.139327	0.00680136	0.208172	0.0311105	0.243734	0.811021	2.91413	4	1.151113
2233000	-509.8893	-564.6275	54.73824	10	0.9803073	0.165289	0.00543539	0.00832046	0.0746597	0.0425625	0.00267523	0.0330719	0.0260245	0.00434703	0.0371936	0.141935	0.134768	0.484896	0.00791601	0.130649	0.0449484	0.304023	0.133008	0.470752	0.996659	2.39958	5	1.648716
2234000	-522.2375	-568.3277	46.09021	10	2.822464	0.223027	0.00642255	0.0130802	0.0886541	0.0232278	0.00802411	0.0201047	0.0377225	0.0659795	0.0469858	0.179076	0.133056	0.252895	0.0413692	0.0861008	0.0265438	0.563994	0.375043	0.721199	1.08149	1.82227	5	1.816263
2235000	-528.1098	-572.0517	43.94189	10	3.816347	0.25934	0.026456	0.0250849	0.0907002	0.0427843	0.0013674	0.0340719	0.0193313	0.0157664	0.136617	0.320912	0.10496	0.232261	0.00677407	0.161075	0.00508912	0.309045	0.44398	0.768609	1.08438	1.70303	5	1.791636
2236000	-516.3029	-568.8819	52.57901	10	2.477802	0.177491	0.00200385	0.017644	0.124115	0.023192	0.0151298	0.0536117	0.0112793	0.00299499	0.0219012	0.22488	0.127943	0.304527	0.0480831	0.136151	0.000678298	0.538805	0.344342	0.697791	1.07837	1.8795	5	1.830429
2237000	-527.4287	-577.7831	50.35443	10	1.898287	0.0859474	0.00515874	0.017654	0.158487	0.0436479	0.0128932	0.0158389	0.0944433	0.010404	0.0379746	0.215115	0.000355823	0.332483	0.0258968	0.0956217	0.0781513	0.3315	0.280823	0.643743	1.06722	2.00821	5	1.561573
2238000	-525.4125	-563.6627	38.25026	10	4.791462	0.238816	0.0180073	0.0021829	0.116976	0.00214769	0.00976668	0.059177	0.0305457	0.0366054	0.0801232	0.468555	0.1169	0.267979	0.0196649	0.241978	0.053612	0.290399	0.493179	0.798786	1.08365	1.62439	5	2.053436
2239000	-540.9419	-573.3365	32.39462	2	1.751737	0.179121	0.0247403	0.00712721	0.037017	0.0116344	0.00313663	0.0506921	0.118554	0.00642549	0.0569473	0.448516	0.027379	0.283544	0.0178703	0.138486	0.0396517	0.199402	0.261725	0.625719	1.06233	2.05023	4	1.650246
2240000	-540.0974	-572.2306	32.13321	2	1.415356	0.287669	0.0092808	0.0244452	0.138342	0.0219029	0.00208722	0.0538765	0.00691882	0.00902307	0.0431131	0.254532	0.0863223	0.315053	0.00103555	0.114781	0.0753343	0.292798	0.211946	0.573833	1.04504	2.16918	4	1.736514
2241000	-535.5134	-570.0388	34.52538	2	1.595384	0.249745	0.00593399	0.00523285	0.0626751	0.0553096	0.0170752	0.0274003	0.0207745	0.0360669	0.0554376	0.338122	0.197741	0.276349	0.0447766	0.092894	0.0219845	0.237857	0.239688	0.6037	1.05556	2.10105	4	1.745374
2242000	-543.0817	-572.6863	29.6046	1	2.279336	0.211259	0.00787281	0.0108302	0.0856086	0.0710794	0.000567601	0.0226006	0.085504	0.0109566	0.0448557	0.186889	0.0332095	0.312519	0.0387025	0.171535	0.118665	0.148636	0.324485	0.681771	1.07563	1.91811	3	1.561291
2243000	-520.9262	-568.1696	47.24335	10	4.623542	0.122267	0.00607078	0.0405532	0.108948	0.00168028	0.0275398	0.0365082	0.0240295	0.0107162	0.0372535	0.247985	0.0697241	0.324389	0.00219153	0.153216	0.0512888	0.222149	0.485649	0.794342	1.08389	1.63612	5	1.48651
2244000	-535.6252	-571.0037	35.37848	2	2.092939	0.143954	0.000793416	0.0361889	0.0600983	0.0129153	0.0325066	0.0192737	0.00106528	0.0184928	0.0217738	0.358695	0.191862	0.268086	0.0318437	0.0927564	0.0249004	0.16967	0.304122	0.664546	1.07215	1.95918	4	1.484875
2245000	-528.5117	-571.3648	42.85303	2	0.5199524	0.0870103	0.0123752	0.0113857	0.0978307	0.00959446	0.0219861	0.0189785	0.00500708	0.0102245	0.0170977	0.133281	0.0821556	0.185163	0.0200654	0.0891615	0.00855063	0.114183	0.0371428	0.264742	0.83426	2.86386	4	0.9240503
2246000	-538.5387	-572.203	33.66437	2	1.573031	0.119891	0.0232113	0.0398389	0.100233	0.0078882	0.00874585	0.0214844	0.0219532	0.0136034	0.0888149	0.292514	0.102507	0.234612	0.0227565	0.0995638	0.0162864	0.242605	0.236387	0.600278	1.05444	2.1089	4	1.456509
2247000	-547.1597	-577.3799	30.22021	2	1.109773	0.201705	0.00150048	0.00619758	0.109416	0.00864887	0.0120083	0.052309	0.0111615	0.0835503	0.0219013	0.681346	0.100045	0.449869	0.0883578	0.00658982	0.0473351	0.25409	0.158321	0.507431	1.01605	2.3182	4	2.136032
2248000	-526.2758	-568.6059	42.33007	2	0.5693363	0.101872	0.0026197	0.0126313	0.0343602	0.0188719	0.0112264	0.0191785	0.0203698	0.0014324	0.0764775	0.158408	0.0916871	0.253174	0.024348	0.114324	0.017121	0.138334	0.0468517	0.294792	0.864831	2.79353	4	1.096436
2249000	-539.6159	-576.4837	36.86774	2	0.2998343	0.155877	0.00145105	0.0272443	0.07011	0.0451266	0.0261962	0.00187404	0.0512724	0.00238934	0.0331988	0.22578	0.0307656	0.236828	0.0145125	0.482981	0.0665959	0.202004	0.00528187	0.104366	0.595524	3.29483	4	1.674207
2250000	-530.8123	-574.6768	43.86447	2	0.1939638	0.0876084	0.00205894	0.0104202	0.0544992	0.0238749	0.0215293	0.0116696	0.0215109	0.0154158	0.0191105	0.24529	0.082978	0.204233	0.0145191	0.0428627	0.00617684	0.115388	0.00042848	0.0303674	0.367721	3.60148	4	0.979146
2251000	-538.4311	-568.1661	29.73504	2	1.267249	0.25302	0.00345443	0.0137812	0.111793	0.0989751	0.0147563	0.019505	0.0313434	0.0107587	0.0584037	0.316209	0.154801	0.626085	0.00424102	0.091118	0.0465785	0.19893	0.187029	0.544597	1.03323	2.23515	4	2.053752
2252000	-533.3955	-576.1511	42.75565	2	0.9077111	0.165635	0.00570298	0.00282368	0.0681974	0.00580972	0.017602	0.00806687	0.0255551	0.00576277	0.0199668	0.133568	0.0797852	0.16411	0.0325266	0.0516169	0.0210325	0.0822107	0.118192	0.44714	0.98285	2.45182	4	0.8899718
2253000	-527.1036	-564.318	37.21442	2	1.408436	0.18839	0.00151417	0.00162779	0.120626	0.0043114	0.00972268	0.0272257	0.054151	0.0112711	0.0320556	0.382235	0.134274	0.244589	0.084742	0.164614	0.00332677	0.168049	0.210825	0.57257	1.04456	2.17205	4	1.632725
2254000	-526.0644	-572.1668	46.10245	10	0.6230707	0.152598	0.00226806	0.0362289	0.0778827	0.0194669	0.0231503	0.0182836	0.0254529	0.0171306	0.0937847	0.274645	0.0556916	0.203899	0.0168757	0.252425	0.0105874	0.197447	0.0578985	0.324856	0.892647	2.7246	5	1.477818
2255000	-523.635	-572.3086	48.67365	10	3.370479	0.161124	0.0116928	0.0399595	0.0977897	0.0262838	0.0298391	0.000155271	0.0109991	0.0033143	0.0953095	0.227094	0.0967375	0.301253	0.0593222	0.141164	0.0455014	0.20775	0.416037	0.750176	1.08382	1.74997	5	1.555288
2256000	-534.6977	-572.0002	37.30252	2	1.623903	0.121798	0.00644019	0.0209492	0.128419	0.00674866	0.00142128	0.0509237	0.0339752	0.0124801	0.0761119	0.300862	0.067759	0.321743	0.0083231	0.0320776	0.03406	0.135041	0.243844	0.60796	1.05694	2.09126	4	1.359133
2257000	-539.9623	-571.0138	31.05149	1	2.587441	0.131753	0.000670585	0.00390262	0.0903868	0.0195069	0.0155752	0.0355569	0.090102	0.00826693	0.0618234	0.343521	0.0115622	0.253495	0.00917426	0.152504	0.0525722	0.10542	0.354593	0.705783	1.07955	1.86007	3	1.385792
2258000	-534.9504	-572.0536	37.10317	2	1.650095	0.0888577	0.0148268	0.0163251	0.0385075	0.0159519	0.0157483	0.0113833	0.0273325	0.00851546	0.0344731	0.324949	0.235477	0.0850772	0.011689	0.262792	0.052784	0.109454	0.247606	0.611772	1.05814	2.08248	4	1.354144
2259000	-523.5901	-567.7491	44.15901	10	0.9939803	0.209868	0.00451252	0.0189851	0.0733645	0.0915574	0.0502494	0.0119197	0.101238	0.0123867	0.0401666	0.269112	0.144931	0.0713576	0.01252	0.511231	0.0295054	0.280721	0.135751	0.474935	0.998995	2.39032	5	1.933625
2260000	-535.4244	-570.6166	35.19214	2	1.59651	0.12202	0.00631269	0.027959	0.0733224	0.0201426	0.0208205	0.00683703	0.00579437	0.0460279	0.0246112	0.357932	0.00545907	0.115492	0.0254217	0.354066	0.0464482	0.167098	0.239853	0.60387	1.05562	2.10066	4	1.425763
2261000	-553.1416	-577.8039	24.66228	1	1.348589	0.157208	0.0057872	0.0247383	0.105235	0.0917765	0.0105992	0.0644586	0.038742	0.0115476	0.0592325	0.34175	0.0443984	0.0810628	0.0536738	0.410783	0.000827883	0.646779	0.200957	0.561247	1.04014	2.19766	3	2.148599
2262000	-533.2053	-569.1196	35.91422	2	1.401322	0.125929	0.0168731	0.00538957	0.0995018	0.0124008	0.0174431	0.0110365	0.00574831	0.0241121	0.0239631	0.364317	0.0712449	0.120017	0.0273697	0.437119	0.0153796	0.209522	0.209668	0.571263	1.04406	2.17501	4	1.587366
2263000	-537.3634	-573.2892	35.92579	2	1.274144	0.151273	0.00264792	0.00788759	0.111793	0.00310211	0.0141825	0.00691353	0.0323044	0.0140239	0.0750553	0.243483	0.196057	0.0882328	0.111625	0.204866	0.0159613	0.167948	0.188233	0.546069	1.03386	2.23184	4	1.447356
2264000	-518.8501	-573.8918	55.04171	10	0.6969943	0.117613	0.00850331	0.0105064	0.0408442	0.000353692	0.0195821	0.00629752	0.021925	0.0276215	0.041031	0.228035	0.0889516	0.070884	0.0446151	0.268023	0.00993912	0.162908	0.0735464	0.362109	0.923749	2.6406	5	1.167634
2265000	-533.5004	-574.1148	40.61441	2	0.6136777	0.130757	0.00537883	0.00634718	0.05867	0.024833	0.0220091	0.0269041	0.00413336	0.0229254	0.0254724	0.220697	0.14435	0.0578317	0.0276639	0.220639	0.00273613	0.123349	0.0559408	0.31979	0.88814	2.73613	4	1.124699
2266000	-536.4656	-574.82	38.35439	2	1.521329	0.0981734	0.00279238	0.005132	0.0951618	0.0652578	0.0285854	0.0216651	0.0180928	0.00587754	0.0657686	0.251353	0.0534212	0.0803147	0.000697018	0.284599	0.0829139	0.0642872	0.228599	0.592069	1.05165	2.12768	4	1.224092
2267000	-516.4322	-571.2933	54.8611	10	1.667531	0.126281	0.0128735	0.0134791	0.116186	0.0444209	0.00180227	0.025705	0.0580776	0.0188515	0.0563832	0.150911	0.156245	0.120537	0.00757881	0.458105	0.0337775	0.121111	0.250081	0.614258	1.05891	2.07675	5	1.522326
2268000	-519.6847	-571.3119	51.62714	10	0.7707506	0.167527	0.010036	0.029219	0.0465807	0.0118854	0.0094927	0.0361582	0.029908	0.0202017	0.066333	0.129784	0.219951	0.0541978	0.0287017	0.536154	0.0258716	0.126665	0.0893214	0.395086	0.948509	2.56708	5	1.548666
2269000	-531.3411	-568.0557	36.71453	1	0.3817749	0.0669833	0.000493136	0.00668291	0.0574464	0.038656	0.00542727	0.0153074	0.0191024	0.0358251	0.00449943	0.208768	0.0854264	0.0847243	0.00487177	0.259493	0.0254505	0.120897	0.0141753	0.168016	0.710781	3.10703	3	1.040055
2270000	-539.1745	-572.7361	33.56163	2	0.8859909	0.181188	0.0315247	0.0127921	0.101232	0.0154793	0.0293406	0.00411168	0.0280451	0.050431	0.0338023	0.297109	0.15306	0.0675229	0.00571979	0.122918	0.0103451	0.216137	0.113683	0.439582	0.978204	2.46853	4	1.360759
2271000	-537.5047	-574.8682	37.36348	2	1.673046	0.138103	0.00628364	0.0431984	0.120104	0.0652086	0.0227384	0.0181971	0.0140429	0.0202048	0.062525	0.0521821	0.150595	0.0932158	0.0216485	0.263611	0.0132547	0.281471	0.25086	0.615036	1.05915	2.07495	4	1.386585
2272000	-542.9644	-578.0732	35.10884	2	1.40656	0.146134	0.0173802	0.0288796	0.0806209	0.0144846	0.0287949	0.037569	0.0194527	0.0269123	0.114129	0.326932	0.259053	0.119161	0.0554751	0.336479	0.00791544	0.105115	0.21052	0.572226	1.04443	2.17283	4	1.724488
2273000	-551.1553	-580.3266	29.17131	1	0.3775785	0.137235	0.00800158	0.0403623	0.0136266	0.280412	0.0114396	0.0142436	0.0794871	0.0193087	0.0251401	0.29138	0.341002	0.0170158	0.0252496	0.245342	0.0225779	0.222971	0.0136171	0.164819	0.705831	3.11573	3	1.794796
2274000	-512.229	-569.2749	57.04585	10	0.9777307	0.125511	0.00142928	0.00976141	0.0574284	0.0126584	0.0100449	0.0301132	0.0761172	0.00876079	0.0593599	0.107368	0.353887	0.071987	0.0231021	0.322216	0.0711209	0.28591	0.132489	0.469954	0.99621	2.40135	5	1.626776
2275000	-529.3779	-580.231	50.8531	10	1.29669	0.0845319	0.0173233	0.00528188	0.0915325	0.161717	0.0183187	0.00246919	0.0895119	0.0603763	0.0487965	0.197096	0.287934	0.0607996	0.0554859	0.280267	0.0281137	0.195598	0.19214	0.550802	1.03586	2.2212	5	1.685154
2276000	-521.8434	-571.1623	49.31889	10	0.6047503	0.0932182	0.00552069	0.0077454	0.11977	0.00606314	0.0169317	0.0505166	0.0189258	0.0198883	0.0212452	0.0485243	0.247897	0.0517248	0.0157966	0.253578	0.0443584	0.170147	0.0540893	0.314902	0.883723	2.74729	5	1.191851
2277000	-530.7799	-571.177	40.39708	2	0.6724217	0.0876219	0.00494885	0.0253483	0.0540075	0.0278103	0.00483805	0.0306767	0.0585429	0.0157893	0.0190789	0.172237	0.353035	0.0898006	0.0147344	0.163836	0.0375785	0.116005	0.06831	0.350222	0.914204	2.66726	4	1.275891
2278000	-532.5967	-576.241	43.64431	2	0.1739148	0.0844513	0.00788309	0.00848118	0.0703216	0.0223507	0.0102473	0.00579548	0.066347	0.000508181	0.0226631	0.0499399	0.213074	0.0229261	0.0554369	0.086927	0.0033826	0.176296	0.000188503	0.0202103	0.312262	3.66734	4	0.9070316
2279000	-541.9611	-576.3327	34.37163	2	1.815941	0.105048	0.00793502	0.0118457	0.0735037	0.0192136	0.000377272	0.00721472	0.0106793	0.0472891	0.0364791	0.0425416	0.322555	0.109896	0.00294231	0.365848	0.021903	0.26383	0.270268	0.633896	1.06462	2.03122	4	1.449102
2280000	-538.8825	-572.7553	33.87274	2	1.176696	0.171589	0.00427836	0.0181703	0.0751812	0.175803	0.00864269	0.0341184	0.0671371	0.00352597	0.0356281	0.171403	0.371181	0.0595027	0.0480363	0.320981	0.000968814	0.266123	0.170805	0.524104	1.02406	2.28103	4	1.83227
2281000	-540.0931	-574.8373	34.74425	1	0.7370308	0.180567	0.0342615	0.00966836	0.0623616	0.0188468	0.0103184	0.0114039	0.0316094	0.00443498	0.0379862	0.134331	0.15752	0.0643078	0.0101457	0.247724	0.0484415	0.137629	0.0821091	0.380491	0.937854	2.59955	3	1.201557
2282000	-521.4545	-563.6705	42.21598	2	0.808818	0.0929791	0.00130488	0.0175897	0.0655315	0.00443	0.0174853	0.0188839	0.00759125	0.00751966	0.0365073	0.159679	0.138915	0.0750885	0.014203	0.172252	0.00748718	0.173493	0.0974337	0.41066	0.959369	2.53254	4	1.01094
2283000	-521.386	-566.2151	44.82911	10	1.605422	0.172285	0.00310686	0.0110628	0.0987498	0.00960358	0.016955	0.0321757	0.0880157	0.0322188	0.0411926	0.184278	0.276137	0.172886	0.0574785	0.238193	0.00742491	0.25192	0.241158	0.605213	1.05606	2.09757	5	1.693682
2284000	-531.4399	-569.1854	37.74547	10	4.175742	0.198956	0.00465716	0.00664952	0.0921598	0.0497672	0.0030517	0.0318259	0.0106062	0.0186273	0.109791	0.20828	0.569033	0.0980292	0.0290485	0.474261	0.0212259	0.117302	0.463763	0.781075	1.08433	1.67083	5	2.043271
2285000	-543.9772	-573.6668	29.68962	2	0.9403071	0.186137	0.0178728	0.0238476	0.0570427	0.0395127	0.00672622	0.0389647	0.0481126	0.0428414	0.0766454	0.0723777	0.638974	0.101088	0.00816392	0.428056	0.029613	0.27639	0.124895	0.458044	0.989359	2.4277	4	2.092366
2286000	-541.414	-576.2373	34.82337	2	1.275406	0.174485	0.00157263	0.0267717	0.0881149	0.084526	0.0320073	0.0164818	0.035089	0.0413593	0.0576269	0.210461	0.30811	0.080293	0.0300315	0.200432	0.0383135	0.242937	0.188453	0.546337	1.03397	2.23124	4	1.668611
2287000	-534.6714	-571.4949	36.8235	2	0.2056327	0.0922811	0.00074829	0.015982	0.0352159	0.0213859	0.0163743	0.0180703	0.037016	0.00675058	0.0346586	0.188197	0.485637	0.0848171	0.0169659	0.332858	0.048266	0.238197	0.000641786	0.0370869	0.398198	3.56407	4	1.67342
2288000	-535.2867	-568.7068	33.42012	2	3.359747	0.117847	0.00110022	0.0194038	0.166915	0.0367545	0.0241602	0.0213749	0.0397359	0.0331234	0.0386129	0.125339	0.261324	0.0585481	0.0222996	0.280565	0.0142788	0.194857	0.41531	0.749683	1.0838	1.75121	4	1.45624
2289000	-541.5901	-571.2888	29.69869	2	3.180293	0.163896	0.00835477	0.000211089	0.115441	0.00520646	0.00577365	0.0297453	0.0153204	0.0181901	0.0617692	0.192783	0.158829	0.0928197	0.0171793	0.132849	0.0491705	0.250758	0.402746	0.741046	1.08327	1.77294	4	1.318297
2290000	-519.7841	-575.4555	55.67139	10	2.142703	0.147808	0.00668683	0.0395524	0.0607624	0.0110037	0.0187868	0.0195799	0.0240664	0.0158665	0.064436	0.263847	0.180646	0.062549	0.060124	0.142854	0.0159557	0.0878245	0.309734	0.669378	1.07318	1.94771	5	1.222348
2291000	-532.0364	-570.1873	38.15083	2	2.414417	0.124387	0.000147246	0.00638383	0.0549754	0.0295354	0.0299812	0.00857669	0.0333163	0.0167387	0.0342922	0.185816	0.174398	0.108293	0.0243311	0.169219	0.0577103	0.198179	0.33819	0.692905	1.07759	1.89132	4	1.256281
2292000	-516.6419	-569.7358	53.09392	10	1.437097	0.250708	0.0037244	0.00340539	0.0439872	0.0864887	0.00556153	0.0359802	0.00159982	0.0330237	0.0553803	0.301061	0.218455	0.141849	0.0070696	0.173578	0.0115624	0.104158	0.21544	0.57774	1.0465	2.16032	5	1.477593
2293000	-530.3888	-567.3102	36.9214	2	1.205968	0.134997	0.00201855	0.00616432	0.0460782	0.0124659	0.0415044	0.0132429	0.0400913	0.00537982	0.0461872	0.193639	0.285703	0.104196	0.0372466	0.0736542	0.0348798	0.233059	0.176133	0.530973	1.02721	2.26568	4	1.310508
2294000	-529.7438	-568.7769	39.03308	2	0.9062509	0.0966829	0.00201792	0.0131926	0.0594914	0.017303	0.00153897	0.0238693	0.0306221	0.0165637	0.0272908	0.160693	0.23456	0.0511951	0.0133248	0.0866905	0.0300514	0.147945	0.11789	0.446639	0.982546	2.45293	4	1.013032
2295000	-541.3854	-573.5155	32.13003	1	1.265946	0.190148	0.0067275	0.0111872	0.103126	0.011107	0.00406246	0.0113893	0.0605708	0.011467	0.0256057	0.215328	0.381909	0.11315	0.0161217	0.0371711	0.0324138	0.178603	0.186801	0.544317	1.03311	2.23577	3	1.410087
2296000	-531.6574	-571.611	39.95361	2	1.651372	0.0695169	0.00287682	0.0135817	0.102248	0.0383664	0.00637538	0.0240763	0.0491413	0.000732993	0.0635948	0.127321	0.281484	0.0996812	0.0227877	0.134999	0.0483229	0.133131	0.247788	0.611955	1.0582	2.08206	4	1.218237
2297000	-527.2937	-565.2758	37.98209	2	1.174449	0.150726	0.0108845	0.0176658	0.0637736	0.0201273	0.0123864	0.0247524	0.0181597	0.00903029	0.0155624	0.329643	0.306263	0.106559	0.0233797	0.0343866	0.0098324	0.200706	0.170392	0.523567	1.02381	2.28223	4	1.353837
2298000	-535.3545	-572.3696	37.01512	1	0.5439752	0.104926	0.00688734	0.0161753	0.0272993	0.00513217	0.011147	0.0136012	0.0316503	0.0307596	0.00535278	0.119909	0.236957	0.108958	0.0099876	0.110404	0.0107546	0.143873	0.0417999	0.279658	0.849805	2.82874	3	0.9937753
2299000	-531.344	-571.715	40.37095	10	1.124121	0.155661	0.00454658	0.0211666	0.185562	0.024085	0.00187403	0.0296721	0.0272801	0.0151117	0.0722978	0.322628	0.139489	0.0948815	0.0278336	0.0898174	0.0157953	0.220854	0.161033	0.511125	1.01787	2.30998	5	1.448555
2300000	-537.6633	-575.3574	37.69415	2	0.4112729	0.108345	0.00488078	0.0398711	0.0324882	0.0950518	0.0188814	0.00534535	0.0217651	0.00853386	0.0362643	0.24056	0.457082	0.124982	0.0111988	0.0190083	0.00444452	0.140592	0.0183737	0.190126	0.743196	3.0483	4	1.369294
2301000	-518.0149	-572.6854	54.67048	10	1.853611	0.130209	0.0314519	0.0113586	0.107719	0.00377823	0.00331137	0.0148881	0.0190204	0.0074671	0.0500062	0.179774	0.406148	0.0865484	0.00735089	0.0463748	0.00679376	0.239757	0.275151	0.638486	1.06585	2.02051	5	1.351956
2302000	-522.6708	-571.133	48.4622	10	1.397421	0.208813	0.00136336	0.0241312	0.058465	0.0443608	0.0143001	0.00917368	0.0454628	0.00481686	0.0340123	0.43153	0.325278	0.0660654	0.0769878	0.042908	0.00818529	0.284699	0.209032	0.570541	1.04378	2.17664	5	1.680553
2303000	-519.5989	-568.9985	49.39961	10	1.449264	0.110909	0.0101079	0.0113851	0.0809011	0.0212401	0.0202798	0.0265148	0.000153728	0.032542	0.0934991	0.503882	0.293072	0.088893	0.0417269	0.239672	0.0510435	0.257138	0.217377	0.579888	1.0473	2.15544	5	1.88296
2304000	-541.0286	-575.9582	34.92965	2	1.91675	0.174639	0.00708716	0.0066281	0.0735628	0.00277482	0.0449524	0.0159058	0.00593239	0.0248938	0.0295716	0.201817	0.339189	0.130158	0.0330384	0.198675	0.0120496	0.18325	0.28313	0.645859	1.06776	2.00325	4	1.484125
2305000	-537.8889	-571.3207	33.43182	2	0.6391495	0.172747	0.000227022	0.0266184	0.0776801	0.117883	0.0181531	0.0201015	0.00595873	0.0219415	0.0115921	0.0884785	0.529462	0.136484	0.00968445	0.322618	0.0263796	0.182193	0.0612701	0.333347	0.900049	2.70533	4	1.768202
2306000	-517.9268	-569.6387	51.71183	10	4.813826	0.144277	0.005702	0.0301834	0.093923	0.0222845	0.00132602	0.0619689	0.0381894	0.0128686	0.0848156	0.35475	0.442528	0.117244	0.0569126	0.157604	0.0375583	0.206686	0.494157	0.799358	1.08361	1.62287	5	1.868822
2307000	-521.5531	-577.2406	55.68751	10	3.496419	0.132702	0.0363136	0.0356187	0.118104	0.0641142	0.0260615	0.0229452	0.143291	0.0171941	0.0199089	0.0629496	0.382373	0.190918	0.000681494	0.380458	0.0165409	0.193773	0.424359	0.755771	1.08407	1.7358	5	1.843948
2308000	-516.3815	-568.9211	52.53962	10	0.773581	0.109384	0.000250734	0.0111051	0.067296	0.000671747	0.0171161	0.0126947	0.040829	0.00681676	0.0368434	0.166275	0.393716	0.103897	0.0169933	0.21798	0.00410422	0.142508	0.0899259	0.396276	0.949357	2.56444	5	1.348481
2309000	-523.3036	-574.5493	51.24565	10	1.358274	0.159914	0.0110545	0.00205172	0.065675	0.0483915	0.00959359	0.0416817	0.124211	9.8577e-05	0.0475881	0.159523	0.273278	0.0914487	0.00340169	0.354826	0.0230001	0.130037	0.202575	0.56313	1.04089	2.19341	5	1.545774
2310000	-516.0563	-569.6653	53.60895	10	0.9448673	0.189599	0.000538054	0.0168304	0.104513	0.0126585	0.003667	0.0265625	0.0337419	0.0275439	0.0762186	0.234016	0.312414	0.131206	0.0150907	0.316461	0.0757414	0.22993	0.125826	0.459529	0.990228	2.42442	5	1.806733
2311000	-527.6445	-583.8751	56.23053	10	0.9387587	0.199988	0.0345246	0.00796969	0.0926623	0.0306823	0.0164528	0.0153258	0.0907504	0.0156787	0.0533932	0.332793	0.25509	0.0136741	0.0215784	0.124154	0.0222216	0.113244	0.124578	0.457537	0.989062	2.42882	5	1.440184
2312000	-525.9016	-581.3782	55.47666	10	1.673433	0.340765	0.0122282	0.0195044	0.0402912	0.0242378	0.0409246	0.0293407	0.0620647	0.00360343	0.0717743	0.00972129	0.318548	0.102027	0.127951	0.308268	0.00400421	0.128498	0.250914	0.615091	1.05917	2.07483	5	1.643752
2313000	-532.187	-572.1609	39.97391	2	1.337611	0.0898237	0.00730807	0.00486607	0.0930171	0.123875	0.00571867	0.0188099	0.0364896	0.0144733	0.0230105	0.0227169	0.309257	0.115932	0.0242638	0.213812	0.0135468	0.128439	0.199112	0.559088	1.03927	2.20253	4	1.245359
2314000	-511.3081	-569.4053	58.09727	10	0.4738133	0.123113	0.0037637	0.0126364	0.0239624	0.00392201	0.00430171	0.00843536	0.00232467	0.00373295	0.0843653	0.0115765	0.295536	0.0798079	0.0325303	0.264617	0.0267905	0.192614	0.028643	0.234477	0.800238	2.93664	5	1.174029
2315000	-518.4491	-565.5133	47.06412	10	0.6156229	0.14888	0.00345839	0.00583251	0.109186	0.0390725	0.0204977	0.0329215	0.0137035	0.0013336	0.0486211	0.170607	0.238091	0.131524	0.0182715	0.290649	0.02942	0.0860324	0.0563454	0.320845	0.889085	2.73372	5	1.388102
2316000	-512.4204	-565.472	53.05163	10	0.7345666	0.131827	0.0185148	0.00986555	0.0926117	0.00859787	0.000245082	0.0160276	0.034508	0.00979585	0.053882	0.0595226	0.451459	0.100108	0.0569979	0.250741	0.012731	0.213828	0.0815817	0.379393	0.937034	2.60199	5	1.521262
2317000	-512.331	-566.5115	54.18046	10	0.895079	0.113028	0.000636663	0.00744376	0.0866127	0.00136252	0.00571346	0.0575397	0.00981396	0.00946123	0.0687379	0.0991901	0.34645	0.15684	0.0124493	0.213634	0.0526055	0.157456	0.115573	0.442773	0.980179	2.46147	5	1.398975
2318000	-528.6164	-569.6842	41.0678	10	2.631059	0.279571	0.00403266	0.0356686	0.0914417	0.0391414	0.0195866	0.0472648	0.00449569	0.000713759	0.120462	0.174024	0.364352	0.11722	0.0313346	0.375534	0.0442036	0.184821	0.35854	0.708812	1.07997	1.85268	5	1.933868
2319000	-529.9357	-576.7356	46.79991	10	0.5543965	0.152417	0.00268347	0.0440624	0.033432	0.0674063	0.00935231	0.0185135	0.00187785	0.0277087	0.0511184	0.491732	0.0645547	0.0949895	0.0244527	0.391069	0.0419677	0.09909	0.0438605	0.285952	0.856142	2.81405	5	1.616427
2320000	-541.1248	-572.7468	31.622	1	1.572242	0.124294	0.011705	0.00279226	0.0770778	0.0395278	0.0593821	0.00500962	0.0393178	0.0448514	0.0235229	0.039062	0.25818	0.126148	0.0234116	0.380098	0.00948138	0.1664	0.23627	0.600156	1.0544	2.10918	3	1.430261
2321000	-527.9354	-573.6772	45.74181	10	3.50799	0.209028	0.0257658	0.00437811	0.0537154	0.189427	0.0493102	0.00699954	0.074228	0.0183681	0.0465102	0.180824	0.276834	0.124321	0.0218195	0.435949	0.0144983	0.247991	0.425106	0.756269	1.08409	1.73454	5	1.979968
2322000	-524.6275	-575.6962	51.06874	10	1.521425	0.163178	0.00781383	0.0658448	0.0565018	0.0408017	0.0276953	0.0344275	0.0316684	0.0168445	0.0685768	0.329912	0.482762	0.136248	0.00677414	0.140999	0.0183378	0.152612	0.228613	0.592084	1.05166	2.12765	5	1.780997
2323000	-537.372	-570.7825	33.4105	2	2.072171	0.21496	0.0180925	0.013102	0.157096	0.00604202	0.0523358	0.00373703	0.031632	0.0152818	0.0561964	0.222465	0.482781	0.105571	0.0290701	0.305533	0.0199725	0.245841	0.30174	0.662475	1.07169	1.96409	4	1.979708
2324000	-532.8493	-569.0357	36.18644	1	0.1812697	0.0967692	0.00926403	0.00186965	0.0413127	0.00686339	0.00817218	0.00968779	0.0288014	0.00465802	0.0235637	0.0335904	0.217652	0.03111	0.00873005	0.451611	0.0390881	0.10017	0.000260212	0.0237166	0.333041	3.64298	3	1.112915
2325000	-536.4825	-573.3676	36.88503	2	1.066022	0.172127	0.00823585	0.0218413	0.132132	0.00189318	0.0342551	0.00217473	0.0343577	0.0342759	0.0215069	0.0878768	0.244984	0.0629636	0.00846588	0.223078	0.0287814	0.231361	0.149936	0.495735	1.01013	2.3442	4	1.350311
2326000	-535.1618	-573.2779	38.11608	2	0.8510981	0.084609	0.00152856	0.00424324	0.0498205	0.127469	0.0210421	0.0104651	0.000615361	0.0276459	0.0139306	0.133427	0.174936	0.116361	0.0529338	0.157205	0.0109798	0.102407	0.106376	0.426921	0.970167	2.49654	4	1.089618
2327000	-523.7922	-568.1848	44.3926	10	1.145389	0.242558	0.0199607	0.00591122	0.130056	0.0180513	0.0215503	0.0242684	0.0155302	0.0159872	0.102034	0.261644	0.211798	0.193848	0.0305851	0.38963	0.0351362	0.187781	0.165017	0.516478	1.02046	2.29805	5	1.906329
2328000	-537.6525	-572.3273	34.67477	2	1.481442	0.102852	0.0136507	0.00814038	0.0650722	0.0764623	0.0273117	0.00684015	0.0380916	0.0686475	0.0295701	0.204326	0.277234	0.100312	0.00272317	0.503617	0.0381428	0.21808	0.222441	0.585438	1.04931	2.14281	4	1.781073
2329000	-539.5357	-571.1392	31.60352	1	1.415556	0.103279	0.0194209	0.0122886	0.0793599	0.0181103	0.00642263	0.0107973	0.122402	0.00680322	0.0252676	0.30563	0.372278	0.0354917	0.017115	0.107793	0.0136557	0.191662	0.211978	0.573869	1.04505	2.1691	3	1.447777
2330000	-541.2414	-571.244	30.00261	1	2.130327	0.175997	0.00237739	0.00382975	0.172452	0.0303016	0.00361992	0.0354006	0.0801242	0.0189729	0.0414019	0.301968	0.309728	0.129004	0.00376274	0.0226689	0.0357554	0.169028	0.308351	0.668193	1.07293	1.95052	3	1.536392
2331000	-509.5168	-570.4582	60.94141	10	0.4392206	0.0760337	0.00504338	0.0175101	0.0737818	0.00822877	0.0209379	0.00394701	0.00682234	0.00638434	0.015047	0.159883	0.148955	0.0813443	0.0253324	0.121133	0.0146883	0.116911	0.0227552	0.2104	0.770459	2.99639	5	0.9019834
2332000	-523.9382	-568.8617	44.92351	10	4.505343	0.182275	0.0167583	0.0346769	0.0555219	0.026018	0.0275594	0.0292831	0.0415876	0.00785501	0.031756	0.342212	0.220194	0.16455	0.0198128	0.143057	0.0112444	0.290207	0.480138	0.791052	1.08404	1.64477	5	1.644569
2333000	-514.6262	-568.2209	53.59478	10	2.223267	0.0967638	0.00772748	0.00704364	0.113374	0.00514926	0.0109062	0.0352081	0.0373028	0.0130582	0.0541382	0.342098	0.392634	0.147927	0.0560342	0.0389706	0.0112985	0.152707	0.318545	0.676833	1.07469	1.92993	5	1.522341
2334000	-502.6546	-565.4091	62.75451	10	0.3685882	0.0649254	0.00150291	0.0165125	0.044931	0.00330912	0.00234447	0.0182032	0.00731578	0.00819839	0.0314082	0.146971	0.161505	0.0537931	0.0185582	0.0943007	0.0069911	0.111775	0.0124558	0.157932	0.694922	3.13469	5	0.7925453
2335000	-535.5192	-571.6162	36.09704	2	1.6116	0.153826	0.00548667	0.0072316	0.118001	0.0972059	0.00584901	0.0319696	0.0102252	0.0453036	0.0669261	0.32228	0.308754	0.0598763	0.0399042	0.0109231	0.00185026	0.275939	0.242059	0.606136	1.05635	2.09545	4	1.561551
2336000	-528.9524	-564.4449	35.49251	2	2.273674	0.174189	0.0158165	0.00122088	0.0791588	0.0324494	0.0111322	0.0146272	0.0474028	0.0129649	0.0239428	0.310332	0.312443	0.0961376	0.0519592	0.182319	0.0109247	0.127084	0.323892	0.681281	1.07554	1.91929	4	1.504103
2337000	-532.9136	-574.3379	41.42428	2	0.8753611	0.190003	0.00155896	0.0121673	0.0837234	0.0212162	0.0149518	0.0178432	0.0250211	0.00788506	0.0387509	0.154393	0.187661	0.0518507	0.037958	0.0833767	0.00644086	0.224355	0.111465	0.435794	0.975833	2.47691	4	1.159156
2338000	-542.6466	-571.9286	29.28201	1	1.232155	0.157946	0.00576083	0.00653782	0.126563	0.0254398	0.00235961	0.0295178	0.0167087	0.0299161	0.0886571	0.393447	0.218741	0.118548	0.00379404	0.129745	0.0687595	0.275828	0.180832	0.536916	1.02988	2.25237	3	1.698269
2339000	-530.1003	-574.5149	44.41456	10	1.352396	0.204453	0.00842769	0.00491538	0.0865356	0.0148201	0.0258246	0.0274744	0.0541419	0.0123393	0.110314	0.324716	0.276997	0.130301	0.0192296	0.165837	0.0683339	0.218397	0.201594	0.56199	1.04043	2.19598	5	1.753057
2340000	-530.3169	-569.9313	39.61439	2	0.8330921	0.125863	0.0257024	0.0160448	0.110064	0.0550723	0.00397348	0.0238297	0.0226706	0.00952259	0.0568551	0.18387	0.177305	0.0648449	0.0252172	0.118048	0.0321508	0.140657	0.102578	0.420124	0.965719	2.51158	4	1.191692
2341000	-514.6089	-567.5805	52.97159	10	1.245111	0.174299	0.0245256	0.00831708	0.0875661	0.00115746	0.00369247	0.0418207	0.0494851	0.00723022	0.0606602	0.231001	0.249676	0.0855743	0.022902	0.201257	0.0455916	0.145597	0.183133	0.539789	1.03114	2.24593	5	1.440354
2342000	-518.0172	-567.7269	49.70969	10	1.44697	0.173255	0.00435123	0.000634432	0.0941198	0.0482541	0.0122886	0.0359492	0.0972419	0.0287107	0.0349974	0.192335	0.443901	0.0822333	0.0266691	0.246741	0.024946	0.244125	0.217013	0.579485	1.04715	2.15635	5	1.790752
2343000	-528.9797	-567.7793	38.79967	2	0.5738233	0.100122	0.00980823	0.0138908	0.0996175	0.000950003	0.0142821	0.00855687	0.0202615	0.0243303	0.0731574	0.229984	0.278993	0.0845552	0.017681	0.116298	0.00130524	0.220987	0.047758	0.297405	0.867353	2.78748	4	1.314779
2344000	-524.7848	-576.9807	52.19591	10	0.4509452	0.0927085	0.00355295	0.000852859	0.0770695	0.0248524	0.0441905	0.0146865	0.0968517	0.00645101	0.062596	0.157697	0.364172	0.00554038	0.0192537	0.339781	0.00429019	0.294039	0.0246973	0.218691	0.781011	2.9756	5	1.608585
2345000	-530.1672	-569.0655	38.89836	2	0.457408	0.229562	0.00969625	0.00693608	0.0569254	0.0304473	0.0140116	0.0221909	0.0457304	0.0198993	0.0167932	0.310318	0.278372	0.0684694	0.0389891	0.0689341	0.0217265	0.222262	0.025792	0.223204	0.78662	2.96438	4	1.461263
2346000	-518.1462	-574.5949	56.44873	10	0.7257825	0.172333	0.0135207	0.0181869	0.0705103	0.0252135	0.071321	0.00875824	0.0660281	0.0153791	0.0245507	0.279355	0.240883	0.0874525	0.00490989	0.279696	0.013686	0.208136	0.0797017	0.375445	0.93406	2.61079	5	1.59992
2347000	-514.4848	-568.0077	53.52299	10	0.6869292	0.236083	0.00819733	0.0153646	0.0639249	0.0400138	0.0242099	0.0191279	0.00319494	0.000284664	0.0359484	0.212497	0.144932	0.121659	0.0717582	0.150424	0.00727219	0.294519	0.0713988	0.357297	0.919927	2.65138	5	1.44941
2348000	-524.0071	-572.2165	48.2094	10	2.567514	0.197958	0.00487427	0.00779282	0.0764268	0.0711592	0.0264462	0.0299888	0.0812972	0.0668267	0.0297292	0.382688	0.342572	0.111805	0.00981099	0.108879	0.0428856	0.194645	0.352765	0.704371	1.07935	1.86351	5	1.785785
2349000	-534.4289	-569.3981	34.96913	2	1.695721	0.123567	0.00929251	0.025941	0.0788597	0.0660674	0.0163375	0.015148	0.0426502	0.0201311	0.0509076	0.425202	0.456163	0.0862003	0.0201627	0.0648948	0.022126	0.137806	0.254036	0.618194	1.06011	2.06766	4	1.661456
2350000	-522.0447	-572.9911	50.94637	10	1.867508	0.199572	0.00665134	0.0327834	0.130132	0.034799	0.0327826	0.034265	0.0499696	0.0177922	0.0768142	0.403682	0.26763	0.12202	0.0520522	0.100099	9.42776e-05	0.122327	0.276929	0.640142	1.06629	2.01664	5	1.683465
2351000	-517.9999	-567.4205	49.42053	10	1.453009	0.146415	0.00816678	0.00277643	0.113306	0.0286583	0.0130456	0.0255361	0.0511984	0.00668914	0.065655	0.404847	0.344249	0.102336	0.0399422	0.00618223	0.014575	0.358035	0.217971	0.580543	1.04754	2.15395	5	1.731612
2352000	-546.758	-573.3318	26.57374	2	4.785032	0.208345	0.0068318	0.00758382	0.0412286	0.00499626	0.0081901	0.0189646	0.00896973	0.0193629	0.0731322	0.461538	0.32281	0.0616581	0.0785693	0.0706184	0.0217453	0.370647	0.492897	0.798621	1.08366	1.62483	4	1.785191
2353000	-526.4571	-566.5372	40.08008	2	1.37178	0.162148	0.0019054	0.0169542	0.0879552	0.00673312	0.0107525	0.021807	0.0261847	0.000873999	0.0592847	0.145166	0.270544	0.107183	0.0114972	0.134267	0.00446222	0.140125	0.204818	0.565723	1.04191	2.18755	4	1.207842
2354000	-546.7369	-578.9993	32.26239	2	3.292814	0.262905	0.00382944	0.0272384	0.0954915	0.00589109	0.0319676	0.00897816	0.0635437	0.0589126	0.141649	0.231767	0.174066	0.0695082	0.0200536	0.26457	0.00157147	0.265807	0.410718	0.746552	1.08362	1.75911	4	1.72775
2355000	-540.3642	-579.7304	39.36621	2	1.325363	0.0699567	0.00616553	0.05792	0.040254	0.0115993	0.0156458	0.0160438	0.037245	0.0240507	0.0619352	0.129056	0.320131	0.0698472	0.0379298	0.102681	0.00529643	0.12928	0.197041	0.556648	1.03828	2.20803	4	1.135037
2356000	-534.1846	-568.573	34.38843	2	1.586314	0.170809	0.00240089	0.0126511	0.101917	0.0291079	0.0288496	0.0292202	0.038387	0.00429179	0.0271984	0.364947	0.181234	0.152878	0.0199489	0.0710753	0.0284129	0.171784	0.238353	0.60232	1.05511	2.10421	4	1.435113
2357000	-533.4671	-572.5903	39.12321	2	2.035227	0.1152	0.00178566	0.0170452	0.0705498	0.0345694	0.0224671	0.00939627	0.0384834	0.0284093	0.0187926	0.3111	0.0799357	0.0571869	0.0256963	0.165715	0.00656414	0.146996	0.297444	0.658708	1.07085	1.973	4	1.149893
2358000	-522.608	-567.6073	44.99926	2	0.401285	0.140482	0.00612515	0.0102052	0.0414261	0.0129984	0.00353139	0.0157849	0.000935272	0.000274471	0.020009	0.13744	0.048562	0.0538173	0.0289643	0.100952	0.00515482	0.11612	0.0169002	0.182715	0.732667	3.06772	4	0.7427819
2359000	-544.6093	-570.404	25.79475	2	2.596063	0.182178	0.0038382	0.030186	0.170389	0.0250037	0.0337645	0.0108819	0.0640036	0.0155966	0.113659	0.756613	0.38349	0.0537626	0.0400654	0.15816	0.0253207	0.241812	0.355379	0.706388	1.07964	1.85859	4	2.308724
2360000	-537.166	-570.4314	33.26542	2	2.177884	0.200803	0.0175317	0.02108	0.129549	0.0303205	0.00406981	0.0308373	0.0162771	0.0038752	0.0484138	0.272168	0.335989	0.139715	0.0130541	0.125933	0.0319287	0.24094	0.313623	0.672688	1.07386	1.93983	4	1.662485
2361000	-540.5567	-570.4158	29.85909	2	1.833045	0.195372	0.001111	0.00678172	0.166735	0.0351472	0.0279204	0.0120902	0.115661	0.0319024	0.0481289	0.29815	0.557004	0.155685	0.0394628	0.120592	0.0338931	0.309506	0.272497	0.635998	1.06519	2.02632	4	2.155143
2362000	-515.9186	-572.3134	56.39483	10	1.578837	0.114441	0.015516	0.0115434	0.0554796	0.0200111	0.0111918	0.0448326	0.0349015	0.020881	0.0282043	0.0250943	0.442832	0.096041	0.0253876	0.316977	0.0164849	0.12262	0.237248	0.601174	1.05473	2.10684	5	1.40244
2363000	-514.5946	-569.2359	54.64129	10	0.1982933	0.0836364	0.0152252	0.013427	0.0248046	0.00275227	0.0197086	0.00999449	0.0278976	0.0123974	0.0123788	0.103143	0.0519445	0.3204	0.00503681	0.147262	0.00724629	0.20498	0.00050055	0.0327967	0.379189	3.58751	5	1.062234
2364000	-513.3769	-565.9879	52.61099	10	0.7541038	0.189341	0.000404489	0.00764995	0.130753	0.000588827	0.0248451	0.0120321	0.0381634	0.0173239	0.0279525	0.137092	0.0910579	0.282169	0.0267199	0.373695	0.0143475	0.108161	0.0857625	0.387978	0.943379	2.58288	5	1.482298
2365000	-508.4207	-570.9434	62.52265	10	0.8865165	0.0817583	0.000126561	0.0062496	0.0628027	0.0224811	0.0103183	0.030565	0.00340774	0.00879608	0.0251564	0.07854	0.157328	0.19572	0.0478175	0.167944	0.0539384	0.101116	0.113792	0.439767	0.978319	2.46812	5	1.054067
2366000	-515.5318	-575.1898	59.65797	10	0.7099496	0.0905585	0.00120769	0.00210475	0.064269	0.0282778	0.0226039	0.016802	0.0256038	0.00492193	0.0893336	0.134877	0.0633203	0.102995	0.0466283	0.114872	0.00527916	0.186586	0.0763147	0.368187	0.9285	2.627	5	1.000241
2367000	-537.111	-570.954	33.84302	2	0.9653252	0.164319	0.00884875	0.00420679	0.0510371	0.0972076	0.0430084	0.00704885	0.0330882	0.0022506	0.0682839	0.277956	0.129706	0.314492	0.0320738	0.0866581	0.0323247	0.366674	0.129984	0.466075	0.994008	2.40993	4	1.719185
2368000	-529.0393	-577.9536	48.91427	10	1.615975	0.119927	0.00171178	0.00372776	0.0690768	0.0204045	0.00960092	0.0416003	0.0673908	0.0164225	0.146489	0.294058	0.118107	0.458391	0.027253	0.236048	0.0519525	0.228443	0.242695	0.606787	1.05656	2.09395	5	1.910603
2369000	-540.1659	-578.6543	38.48832	2	0.9660073	0.120557	0.0139486	0.0138145	0.0746945	0.00944517	0.00595832	0.0159539	0.0198326	0.0100797	0.0254529	0.0959121	0.0937705	0.392607	0.0052143	0.0881636	0.0482742	0.0959083	0.130122	0.46629	0.994131	2.40946	4	1.129587
2370000	-528.8635	-568.8433	39.97981	2	0.8594726	0.13485	0.00831278	0.0155703	0.0705088	0.0343189	0.00265948	0.0288523	0.080631	0.0112552	0.0268187	0.238334	0.0390143	0.190585	0.023149	0.0838501	0.00238191	0.225998	0.108137	0.43002	0.972163	2.48968	4	1.217091
2371000	-533.5706	-567.9475	34.37692	2	0.8570104	0.182582	0.014604	0.00804061	0.0776959	0.0117206	0.026897	0.00296883	0.0489001	0.0165257	0.0670541	0.244671	0.0835392	0.335915	0.0149976	0.0585823	0.0189818	0.207371	0.107619	0.429113	0.971581	2.49169	4	1.421046
2372000	-534.8309	-570.0779	35.24696	2	2.863333	0.275824	0.0162151	0.000316164	0.0829278	0.00758534	0.00790779	0.0234341	0.00571269	0.0353419	0.0236802	0.402106	0.0688496	0.380632	0.0252973	0.03043	0.0241629	0.291275	0.378405	0.723669	1.08175	1.81617	4	1.701698
2373000	-544.9858	-576.8107	31.8249	1	0.8564291	0.0339078	0.0209969	0.0179681	0.0936656	0.0380642	0.00495763	0.0124134	0.0413513	0.0247026	0.0308983	0.388703	0.121734	0.325683	0.0175919	0.100877	0.0640146	0.144024	0.107497	0.428898	0.971443	2.49216	3	1.481553
2374000	-537.3798	-577.7081	40.32827	2	0.3233298	0.102205	0.00214431	0.00348566	0.0569866	0.137277	0.0122408	0.0164762	0.0988119	0.00234664	0.0121301	0.119334	0.0053748	0.230532	0.0234724	0.187541	0.00423119	0.164378	0.00737744	0.122723	0.63298	3.23692	4	1.178968
2375000	-535.961	-568.7652	32.80417	2	1.686367	0.133178	0.00853195	0.0256207	0.0672797	0.0299297	0.000823006	0.0484055	0.0362328	0.0103491	0.0924456	0.443113	0.107183	0.428776	0.0316175	0.0574619	0.0169411	0.252208	0.25273	0.616899	1.05972	2.07065	4	1.790096
2376000	-525.644	-565.4756	39.83157	2	0.4879565	0.1586	0.00182345	0.005285	0.0862696	0.0196096	0.00998022	0.0175134	0.0129497	0.00924778	0.0582339	0.307859	0.0585009	0.207126	0.019426	0.0902229	0.00622835	0.275455	0.0311778	0.243981	0.811304	2.91354	4	1.344332
2377000	-523.8188	-574.727	50.90821	10	1.979204	0.133177	0.00104656	0.0118308	0.124547	0.0160948	0.0269551	0.0318836	0.0593223	0.0304974	0.115316	0.166774	0.0429006	0.318813	0.0210859	0.15397	0.0245867	0.190994	0.29078	0.652784	1.06946	1.98698	5	1.469794
2378000	-529.7596	-566.0673	36.30777	2	1.984417	0.161836	0.000913238	0.0206154	0.121075	0.097477	0.0203309	0.0284339	0.02215	0.00287978	0.0559769	0.195231	0.15618	0.258138	0.00195026	0.204279	0.0552485	0.204996	0.291407	0.653346	1.06959	1.98565	4	1.60771
2379000	-510.9197	-566.9285	56.0088	10	1.821456	0.235191	0.0125614	0.00015801	0.142114	0.0153482	0.0099758	0.03457	0.070376	0.00475674	0.0821843	0.190958	0.0563372	0.204291	0.0187308	0.188002	0.01284	0.225048	0.270988	0.634577	1.0648	2.02963	5	1.503442
2380000	-515.8666	-573.4894	57.62273	10	0.7270796	0.0611064	0.00753138	0.0229839	0.0692567	0.0786446	0.00534038	0.0279958	0.0391688	0.013301	0.0347414	0.161226	0.0858263	0.201882	0.00908718	0.122114	0.0639825	0.187238	0.0799793	0.376032	0.934504	2.60948	5	1.191427
2381000	-532.071	-582.4092	50.33819	10	0.6980392	0.208422	0.0566382	0.00750562	0.0837698	0.0053769	0.0238755	0.00985588	0.0513418	0.0862493	0.0535943	0.238691	0.144983	0.328641	0.00889372	0.404729	0.0143506	0.224323	0.0737695	0.362604	0.92414	2.63949	5	1.951241
2382000	-508.1018	-567.0873	58.98546	10	0.194146	0.103195	0.00238781	0.00332113	0.0263994	0.0216044	0.0154217	0.00572104	0.0643648	0.00549239	0.0307984	0.187579	0.0131646	0.237488	0.0198138	0.0806573	0.0203621	0.174437	0.000431353	0.030468	0.368208	3.60089	5	1.012207
2383000	-527.7826	-578.9191	51.13643	10	2.450009	0.0932475	0.0116548	0.0457269	0.0671137	0.0112267	0.0391536	0.0484207	0.0730636	0.0326979	0.0659391	0.176107	0.0869969	0.572525	0.095121	0.159561	0.045452	0.273652	0.341665	0.695674	1.07804	1.88462	5	1.897659
2384000	-522.3654	-574.7225	52.35706	10	0.5411888	0.0549486	9.60772e-05	0.00496043	0.053179	0.0194985	0.021742	0.0122729	0.0625542	0.00578242	0.0362662	0.094217	0.0696926	0.343708	0.0670781	0.0743941	0.019205	0.131042	0.0412529	0.277957	0.84807	2.83272	5	1.070637
2385000	-535.0515	-569.6742	34.62264	2	1.967066	0.191824	0.0037783	0.0128667	0.143226	0.0256492	0.0211441	0.0300122	0.0633827	0.047945	0.0507132	0.006865	0.106391	0.389952	0.0261697	0.143037	0.0431862	0.35162	0.289311	0.651465	1.06914	1.99008	4	1.657763
2386000	-544.1372	-571.0578	26.9206	2	3.738674	0.149769	0.0285664	0.0187853	0.141114	0.0712256	0.0623153	0.0134274	0.0826403	0.00369857	0.0576126	0.236919	0.0653001	0.470593	0.0533073	0.181927	0.0120335	0.49156	0.439404	0.765658	1.08434	1.7106	4	2.140794
2387000	-519.3784	-576.5028	57.12443	10	1.235295	0.164978	0.0240202	0.00492524	0.0844691	0.0408134	0.0204348	0.0152005	0.058516	0.00363428	0.0394186	0.15231	0.0461913	0.245266	0.0206463	0.120544	0.0262922	0.294589	0.181391	0.537617	1.03019	2.2508	5	1.362249
2388000	-512.8484	-570.8038	57.95537	10	0.7426487	0.196406	0.0179788	0.0020107	0.0480538	0.00354669	0.00549374	0.0393577	0.0107521	0.0244081	0.0394868	0.1464	0.17357	0.264635	0.0144316	0.198468	0.0596684	0.19894	0.0833115	0.382977	0.939703	2.59401	5	1.443607
2389000	-515.0345	-574.1473	59.11277	10	2.347385	0.114641	0.00221332	0.0418693	0.0779152	0.0362573	0.00321178	0.036242	0.0419287	0.0453666	0.032205	0.2283	0.145336	0.0777302	0.0450796	0.147431	0.0110248	0.355392	0.331493	0.687509	1.07667	1.90433	5	1.442144
2390000	-527.59	-566.9577	39.36769	2	1.016751	0.14258	0.00262216	0.019197	0.101263	0.0345246	0.0122536	0.0247947	0.0390696	0.0166613	0.0422191	0.0141022	0.0519255	0.317744	0.0061207	0.296003	0.00948653	0.148971	0.140284	0.481729	1.00272	2.37527	4	1.279538
2391000	-517.8617	-575.8511	57.98938	10	0.3327122	0.0852773	0.0129959	0.0179634	0.0419474	0.0079728	4.66941e-05	0.0484188	0.0217905	0.0113432	0.0232612	0.191223	0.0465575	0.350497	0.0185195	0.251881	0.0315466	0.213	0.00832019	0.130067	0.646862	3.21475	5	1.374242
2392000	-524.0249	-569.5769	45.55195	10	3.452726	0.16498	0.0180547	0.0142399	0.0982158	0.027854	0.0120042	0.0381245	0.00125369	0.020143	0.0485497	0.0495541	0.118247	0.335653	0.0198676	0.237111	0.0470152	0.137157	0.421513	0.753868	1.08399	1.74063	5	1.388025
2393000	-522.3595	-575.5513	53.1918	10	0.8640364	0.123292	0.000676804	0.0100753	0.0828189	0.0048293	0.0201386	0.0148105	0.0240867	0.00975732	0.0275158	0.341051	0.0632236	0.109507	0.0146428	0.216454	0.00379031	0.121612	0.109094	0.431693	0.973233	2.48598	5	1.188282
2394000	-511.9966	-567.1319	55.13532	10	0.4689436	0.0835943	0.00252893	0.0146044	0.0696056	0.0128728	0.0246936	0.00606779	0.00986886	0.00139162	0.0311019	0.201272	0.101233	0.174462	0.0194478	0.180175	0.00935441	0.103576	0.0277863	0.231158	0.796286	2.94477	5	1.04585
2395000	-520.3252	-569.1429	48.8177	10	2.953407	0.147338	0.00439339	0.00272104	0.119432	0.038046	0.0533432	0.00798856	0.0324845	0.00820981	0.0267591	0.499792	0.155314	0.373636	0.0891903	0.241778	0.0286121	0.180081	0.385625	0.728915	1.08228	1.80318	5	2.009118
2396000	-511.6253	-563.0799	51.45454	10	0.6586957	0.141907	0.00465503	0.00803587	0.0593955	0.00443071	0.00628521	0.0235163	0.018997	0.0190507	0.0774988	0.247676	0.111516	0.391393	0.0429612	0.143752	0.0196417	0.197144	0.0653971	0.343372	0.908545	2.68269	5	1.517857
2397000	-519.7413	-573.778	54.03672	10	1.019022	0.104029	0.017295	0.00552811	0.119284	0.0487432	0.00764874	0.0354818	0.0918386	0.0128468	0.0692083	0.121699	0.0288911	0.348211	0.0362491	0.346914	0.0141725	0.108194	0.140734	0.482396	1.00308	2.37379	5	1.516235
2398000	-512.0306	-570.8782	58.84761	10	0.2052856	0.127864	0.00965007	0.00540762	0.0367221	0.0156442	0.0156483	0.00169447	0.0623022	0.00458987	0.0412392	0.0185689	0.0445403	0.243332	0.00919852	0.22613	0.0400531	0.126797	0.00063454	0.0368793	0.397311	3.56517	5	1.029383
2399000	-520.7983	-572.3604	51.56204	10	0.963377	0.131125	0.00322754	0.00809939	0.0555755	0.108426	0.0161097	0.0201064	0.0163221	0.0253459	0.0216153	0.27506	0.0834661	0.0794893	0.0152527	0.331916	0.0265138	0.195648	0.12959	0.46546	0.993656	2.41129	5	1.413298
2400000	-523.2353	-570.5664	47.33112	10	0.734876	0.076925	0.00775272	0.00607923	0.0941046	0.0860857	0.00590758	0.00877008	0.0247032	0.0123608	0.0369649	0.246999	0.112469	0.275129	0.0379287	0.414912	0.0230081	0.111176	0.0816479	0.379531	0.937137	2.60168	5	1.581276
2401000	-518.2343	-571.2655	53.03119	10	1.08448	0.120923	0.00383526	0.0134169	0.0335467	0.0593947	0.00711603	0.0358925	0.0177467	0.00910225	0.0668674	0.230896	0.127012	0.219037	0.0206411	0.177738	0.0530169	0.217135	0.153495	0.50075	1.0127	2.33305	5	1.413317
2402000	-514.38	-574.846	60.46592	10	0.4998353	0.0458355	0.0112508	0.000651913	0.0748542	0.0810252	0.00718878	0.0250532	0.00819156	0.00309373	0.0715745	0.0889706	0.0375648	0.170497	0.0379425	0.149124	0.00261537	0.112814	0.0333572	0.251808	0.820149	2.89469	5	0.9282473
2403000	-525.3289	-574.639	49.31011	10	1.228214	0.156148	0.0176309	6.08207e-06	0.0905017	0.0136635	0.0503795	0.0160472	0.12039	0.010774	0.062052	0.248014	0.0702415	0.45772	0.0418607	0.219076	0.0158414	0.129245	0.180129	0.536034	1.02949	2.25435	5	1.719591
2404000	-529.2387	-564.8229	35.58413	2	1.425233	0.15543	0.000641351	0.00711685	0.0509022	0.0755473	0.029552	0.0114172	0.0132122	0.0176651	0.0594991	0.165753	0.144917	0.407514	0.0142158	0.323349	0.0235814	0.133671	0.213538	0.575619	1.04571	2.16513	4	1.633985
2405000	-516.7624	-569.9242	53.16176	10	1.878741	0.208943	0.00273749	0.0173406	0.0668076	0.0141284	0.026453	0.0102822	0.0202088	0.00310614	0.0602729	0.0422869	0.109263	0.224294	0.048605	0.242382	0.0278873	0.167874	0.278357	0.641467	1.06664	2.01354	5	1.292872
2406000	-520.784	-574.9009	54.11685	10	0.8785618	0.0715883	0.0033607	0.00476663	0.129289	0.0882328	0.00931496	0.0311328	0.000867348	0.00594526	0.066401	0.346092	0.0875218	0.121207	0.0255358	0.363434	0.0414861	0.105334	0.112134	0.436941	0.976553	2.47437	5	1.501509
2407000	-525.6585	-566.2149	40.55642	2	0.7981082	0.22654	0.00431185	0.0156778	0.0642921	0.0105596	0.00108334	0.0377617	0.0150239	0.0161421	0.0400328	0.128021	0.117303	0.250068	0.0116242	0.185276	0.0189007	0.234066	0.0951561	0.406371	0.956429	2.54204	4	1.376685
2408000	-536.1901	-573.407	37.21689	2	1.714813	0.178961	0.00719889	0.00241428	0.0491758	0.0288727	0.0253314	0.0161196	0.000868879	0.00148606	0.0420589	0.189808	0.122687	0.212754	0.00349702	0.165838	0.0330003	0.124294	0.256682	0.620802	1.06089	2.06163	4	1.204365
2409000	-537.779	-571.9611	34.18207	2	2.275443	0.110475	0.0175197	0.04115	0.0977463	0.00785235	0.0198472	0.0222762	0.0400314	0.00724808	0.0583396	0.223785	0.14477	0.327	0.0560647	0.173487	0.0552027	0.228295	0.324077	0.681435	1.07557	1.91892	4	1.631091
2410000	-526.0758	-569.2635	43.18773	2	0.720531	0.1479	0.0019753	0.0243168	0.0775359	0.0249597	0.009287	0.0292551	0.0280804	0.0155491	0.0573392	0.201071	0.0551702	0.145908	0.0186853	0.0927862	0.0240948	0.176795	0.078578	0.373058	0.932245	2.61612	4	1.130709
2411000	-512.4258	-572.1468	59.721	10	0.7464044	0.145723	0.00471659	0.0215945	0.0727892	0.00601574	0.0157036	0.0232939	0.0472983	0.0220639	0.0253105	0.158505	0.081967	0.244264	0.0369242	0.222862	0.069885	0.111349	0.0841152	0.384627	0.940921	2.59034	5	1.310265
2412000	-529.5097	-572.0092	42.49948	10	0.7892219	0.131578	0.0305771	0.0282894	0.0808629	0.00762997	0.00177839	0.0309682	0.0652984	0.00246965	0.0561139	0.427424	0.157634	0.21719	0.0851719	0.294757	0.0190292	0.26309	0.0932633	0.402758	0.953923	2.55006	5	1.899861
2413000	-539.6339	-576.6955	37.0616	2	1.503519	0.118868	0.000888469	0.0236369	0.154007	0.0296559	0.00476695	0.0210225	0.0436518	0.0504991	0.0250845	0.2312	0.144679	0.247067	0.038037	0.0601705	0.0203429	0.145886	0.225866	0.589141	1.05063	2.13437	4	1.359462
2414000	-538.2491	-576.879	38.62993	2	0.9917771	0.0752591	0.00551892	0.0205474	0.0695547	0.0456889	0.010632	0.0295981	0.014871	0.0104558	0.0312968	0.289477	0.0924596	0.0707097	0.0278365	0.21699	0.0225643	0.187247	0.13531	0.474266	0.998624	2.3918	4	1.220707
2415000	-523.7405	-579.1587	55.41824	10	1.050012	0.0835062	0.0115575	0.0125545	0.105062	0.0432037	0.0235811	0.034419	0.0821439	0.0374147	0.0582244	0.310734	0.147694	0.143784	0.00781993	0.158949	0.0274813	0.144146	0.146823	0.491285	1.00782	2.35408	5	1.432275
2416000	-516.4832	-574.5245	58.04129	10	0.7885621	0.130846	0.000649344	0.00718888	0.0423127	0.0161434	0.00880838	0.025903	0.0424964	0.015038	0.0489607	0.271917	0.0855337	0.143113	0.0303272	0.034493	0.010186	0.219728	0.0931226	0.402488	0.953735	2.55065	5	1.133644
2417000	-521.0499	-567.0412	45.9913	10	1.49093	0.183688	0.0058287	0.0195911	0.13723	0.0727703	0.00569805	0.0171161	0.0604912	0.0168905	0.0436151	0.312323	0.148403	0.31293	0.0193664	0.0982223	0.0498061	0.282808	0.223918	0.58704	1.04988	2.13916	5	1.786778
2418000	-542.2303	-572.8303	30.60001	1	0.7270998	0.0884486	0.0103099	0.00850908	0.136122	0.0571088	0.00925075	0.0309758	0.0424904	0.00663289	0.0278442	0.269043	0.0629816	0.310475	0.0347041	0.241621	0.0133969	0.267062	0.0799836	0.376041	0.934511	2.60946	3	1.616975
2419000	-539.7758	-570.445	30.66926	1	0.8518007	0.122065	0.00237948	0.00350837	0.0712671	0.0689257	0.00208375	0.0302028	0.0330447	0.0351634	0.0359411	0.313407	0.170506	0.271629	0.00671438	0.205862	0.0481574	0.176722	0.106524	0.427182	0.970336	2.49596	3	1.597579
2420000	-544.2919	-582.0375	37.74562	2	0.4937859	0.0982476	0.0114761	0.0269525	0.0529173	0.139795	0.0406591	0.00810369	0.0811368	0.0264619	0.0178556	0.333985	0.0146516	0.0907975	0.0317002	0.152288	0.0301097	0.162888	0.0322418	0.24784	0.815694	2.90422	4	1.320025
2421000	-544.0011	-573.8393	29.83825	2	1.110175	0.181458	0.0313981	0.0210585	0.126475	0.0149081	0.0261582	0.0058505	0.0655216	0.0109672	0.0324869	0.466431	0.110456	0.175123	0.0706671	0.406354	0.0265939	0.365256	0.158398	0.507535	1.0161	2.31797	4	2.137165
2422000	-529.043	-566.1741	37.13112	2	1.769288	0.12853	0.000334222	0.0151785	0.140089	0.0369841	0.0129932	0.0123551	0.00704065	0.000133755	0.0545142	0.368018	0.0983372	0.0647054	0.0160924	0.280043	0.0241113	0.157351	0.264088	0.628001	1.06298	2.04493	4	1.41681
2423000	-526.0771	-572.0498	45.97266	10	0.8204004	0.169183	0.0479031	0.0141979	0.137721	0.0118698	0.0287918	0.0228342	0.100018	0.0258401	0.0544116	0.271392	0.184348	0.517669	0.0263535	0.185875	0.0295381	0.245442	0.0998918	0.41522	0.962451	2.52244	5	2.073387
2424000	-514.6518	-570.1257	55.47387	10	0.5874079	0.132503	0.00868161	0.0175499	0.0542065	0.0190631	0.00740262	0.0291883	0.0217787	0.0280228	0.0497808	0.14442	0.0783071	0.159657	0.0425143	0.175691	0.0179507	0.126411	0.0505217	0.3052	0.874756	2.76952	5	1.11313
2425000	-523.387	-574.9047	51.51775	10	1.60333	0.145462	0.0220449	0.0224985	0.111468	0.0348883	0.0162315	0.0260135	0.0522393	0.0309384	0.0416588	0.187105	0.116057	0.281313	0.0534163	0.225217	0.00324208	0.121605	0.240852	0.604898	1.05595	2.09829	5	1.491399
2426000	-524.0087	-573.6719	49.66313	10	2.064601	0.120728	0.00329093	0.0405677	0.127114	0.0113504	0.0321957	0.0331762	0.105907	0.0186786	0.0765047	0.264899	0.0884109	0.266902	0.0327663	0.353694	0.0100427	0.159275	0.300866	0.661712	1.07153	1.9659	5	1.745504
2427000	-538.2719	-572.5764	34.30452	2	0.9668518	0.207857	0.00474606	0.00637636	0.0830919	0.0269781	0.0272425	0.00795717	0.0201581	0.0167115	0.0191794	0.384574	0.0881176	0.186103	0.0116971	0.106557	0.0290704	0.190293	0.130293	0.466556	0.994283	2.40887	4	1.41671
2428000	-515.0152	-567.4686	52.45343	10	0.2997547	0.113591	0.00187328	0.00136026	0.0761916	0.0277311	0.0134424	0.0259641	0.0153542	0.0157006	0.0530186	0.158837	0.0626812	0.174016	0.0256959	0.206736	0.00244887	0.140845	0.00527543	0.104304	0.595391	3.29503	5	1.115488
2429000	-525.2195	-577.8212	52.60174	10	1.446192	0.0958359	0.00797158	0.0784727	0.101412	0.0722162	0.0290784	0.0303533	0.0758105	0.0300253	0.0929757	0.243358	0.0399285	0.198312	0.00533079	0.179482	0.00584179	0.210433	0.216889	0.579348	1.0471	2.15666	5	1.496838
2430000	-526.728	-578.9891	52.26108	10	1.066822	0.192919	0.000662761	0.0127634	0.0821365	0.0157704	0.0146878	0.0490286	0.0683035	0.0223058	0.0259382	0.296917	0.0279677	0.320027	0.0132776	0.284006	0.0275775	0.173991	0.150091	0.495955	1.01025	2.34371	5	1.628279
2431000	-532.6259	-568.7081	36.08223	2	1.003327	0.108377	0.00408507	0.0123722	0.0706835	0.0441577	0.0215528	0.00901223	0.0410206	0.0124592	0.0464662	0.337749	0.176198	0.39704	0.0266769	0.0686096	0.0216396	0.173074	0.137617	0.47775	1.00055	2.38408	4	1.571173
2432000	-516.7442	-570.9387	54.19442	10	2.788301	0.129137	0.00211592	0.00516942	0.124534	0.0193209	0.033581	0.00672252	0.0566715	0.0165105	0.0860286	0.236837	0.0697733	0.137862	0.00546229	0.278515	0.0498538	0.141248	0.372191	0.71909	1.08125	1.82747	5	1.399342
2433000	-516.6701	-568.9766	52.30646	10	0.9559093	0.144473	0.0137403	0.0263657	0.15039	0.0482094	0.0171594	0.0251493	0.0204286	0.0249838	0.0434082	0.278504	0.126219	0.483568	0.0173125	0.0525855	0.0368035	0.198798	0.128075	0.463086	0.992292	2.41655	5	1.708099
2434000	-507.4945	-569.786	62.29151	10	0.6254456	0.162305	0.0111324	0.00628515	0.0760869	0.0366053	0.0133126	0.0427213	0.0516966	0.00726926	0.0426107	0.252012	0.0516831	0.210316	0.0220136	0.0591238	0.0258955	0.146412	0.058395	0.326124	0.893765	2.72172	5	1.217481
2435000	-520.9188	-575.8869	54.96816	10	0.7217592	0.101309	0.00423051	0.00518612	0.0924628	0.0375034	0.0235961	0.00724181	0.049045	0.016301	0.0546799	0.277334	0.120472	0.275327	0.172582	0.295768	0.00108661	0.266347	0.0788408	0.373618	0.932672	2.61487	5	1.800471
2436000	-521.8236	-574.7171	52.89349	10	1.31201	0.100275	0.00114268	0.0341563	0.068947	0.0427437	0.0131004	0.0145447	0.00548665	0.0171958	0.060079	0.19537	0.108039	0.0553638	0.032085	0.165795	0.0371341	0.0980946	0.194768	0.553949	1.03717	2.21411	5	1.049553
2437000	-524.1014	-575.2289	51.12752	10	3.846031	0.230432	0.0106879	0.0357462	0.147259	0.0370085	0.0369302	0.00208217	0.0876573	0.00461401	0.0558794	0.467902	0.171628	0.23187	0.0463393	0.172935	0.0389671	0.189233	0.445699	0.769711	1.08439	1.7002	5	1.967171
2438000	-517.6804	-565.4104	47.72996	10	2.466989	0.241894	0.0167507	0.00264907	0.061664	0.0922554	0.00911952	0.0256321	0.0100025	0.0117055	0.0366709	0.343155	0.102776	0.35394	0.00980791	0.192814	0.0459609	0.147979	0.343304	0.696972	1.07824	1.88148	5	1.704777
2439000	-531.205	-569.8422	38.6371	2	1.271816	0.0968586	0.00752928	0.0127712	0.0293492	0.0394144	0.00793003	0.0454792	0.0522577	0.019096	0.0585124	0.244774	0.0973214	0.338999	0.0169671	0.292413	0.0515449	0.200044	0.187827	0.545573	1.03365	2.23295	4	1.611261
2440000	-551.9933	-584.4912	32.49783	2	0.6073208	0.189406	9.01019e-05	0.0709494	0.0234907	0.141137	0.0309396	0.00748594	0.160799	0.00564234	0.0863337	0.222042	0.0633635	0.253886	0.110397	0.264707	0.00413909	0.229732	0.0546214	0.316317	0.885008	2.74405	4	1.86454
2441000	-544.989	-572.1222	27.1332	2	0.9797475	0.160954	0.00569531	0.0280474	0.12284	0.00180703	0.030873	0.0194265	0.0649626	0.0216784	0.0166917	0.635007	0.100802	0.280283	0.0606725	0.00764995	0.00160878	0.656163	0.132895	0.470579	0.996562	2.39996	4	2.215161
2442000	-534.6507	-570.7168	36.0661	2	2.405538	0.192545	0.0320904	0.0209695	0.0774701	0.0446036	0.0398795	0.0131283	0.0214274	0.0321522	0.0818828	0.245411	0.146914	0.137517	0.0333821	0.153844	0.00474186	0.360175	0.337314	0.692204	1.07747	1.89301	4	1.638133
2443000	-547.3397	-575.3651	28.02531	2	0.5678602	0.207976	0.0107327	0.0254114	0.0890014	0.0695292	0.00255094	0.0429681	0.00689919	0.00742143	0.0691752	0.540762	0.117326	0.260677	0.0449517	0.294058	0.0118663	0.441286	0.0465544	0.293928	0.863992	2.79553	4	2.242592
2444000	-538.9209	-573.2934	34.37255	2	1.439243	0.156069	0.0100237	0.00816822	0.0706257	0.0328728	0.00984961	0.031727	0.0657386	0.0168315	0.0253778	0.297736	0.00994257	0.290508	0.0117033	0.226702	0.0169985	0.202112	0.215782	0.578121	1.04664	2.15945	4	1.482987
2445000	-534.4053	-570.7664	36.36105	2	0.7936213	0.171148	0.00774512	0.00760194	0.112167	0.0222989	0.0187616	0.0134612	0.0222731	0.00832283	0.0482733	0.146105	0.0478399	0.179179	0.0571239	0.19845	0.0138264	0.339871	0.0942007	0.404553	0.955172	2.54607	4	1.414447
2446000	-528.4237	-571.4442	43.02046	2	0.5936907	0.0860275	0.000210915	0.00875461	0.0617781	0.0371944	0.0153466	0.0292962	0.0156839	0.00946204	0.0311736	0.24095	0.0738009	0.156723	0.00616839	0.0848073	0.0352063	0.197672	0.0518094	0.308747	0.878066	2.76138	4	1.090256
2447000	-521.0351	-572.45	51.41491	10	0.7113049	0.184274	0.0312206	0.00871135	0.0732869	0.0634091	0.0137794	0.0482694	0.0122307	0.0202289	0.113161	0.231429	0.0937329	0.16497	0.0240272	0.194538	0.0430828	0.269858	0.0766045	0.368816	0.928987	2.62559	5	1.59021
2448000	-531.2333	-568.0379	36.80452	2	0.562357	0.186129	0.00287027	0.0104674	0.117273	0.0134626	0.0238571	0.0100508	0.0103197	0.00756292	0.0237341	0.11629	0.124633	0.199463	0.0255349	0.252884	0.0541417	0.237225	0.0454492	0.290689	0.860828	2.80303	4	1.415899
2449000	-514.1182	-564.6347	50.51644	10	0.8000536	0.187398	0.00260081	0.000978742	0.0710218	0.00399239	0.000784234	0.0486438	0.0714515	0.0152809	0.0527572	0.327966	0.043584	0.24787	0.0185567	0.156591	0.014499	0.329664	0.0955701	0.407156	0.95697	2.5403	5	1.59364
2450000	-514.5049	-569.9543	55.44935	10	0.8283493	0.115527	3.64149e-05	0.0133701	0.0661365	0.057536	0.0388649	0.00757861	0.0265568	0.0101372	0.0163619	0.232373	0.142249	0.163452	0.0476172	0.167929	0.0279252	0.23933	0.101575	0.418302	0.964511	2.51561	5	1.372982
2451000	-537.438	-572.1398	34.70183	2	3.572517	0.127036	0.0163619	0.0150185	0.0575486	0.0102595	0.0102461	0.0529509	0.0151668	0.00321549	0.0961277	0.258393	0.0954313	0.170825	0.0336171	0.0859465	0.0358306	0.30293	0.429217	0.758995	1.08418	1.72761	4	1.386906
2452000	-543.6948	-581.618	37.92315	2	0.5121943	0.160703	0.0289959	0.000368582	0.0339144	0.0529009	0.0164002	0.0108475	0.0895635	0.0720963	0.090601	0.34187	0.0191197	0.181716	0.0158437	0.072852	0.0255253	0.277772	0.0356696	0.259802	0.828942	2.87559	4	1.49109
2453000	-534	-572.8996	38.89954	2	2.335509	0.0875787	0.0205128	0.0126265	0.0622758	0.00219656	0.00136859	0.0134495	0.0425475	0.00798601	0.0284326	0.168485	0.0712514	0.147	0.0173455	0.109683	0.0691427	0.315761	0.330285	0.686527	1.0765	1.90669	4	1.177644
2454000	-547.4529	-578.977	31.52408	1	1.787745	0.118788	0.0475168	0.0399611	0.105541	0.0136133	0.00884932	0.0342798	0.0173097	0.0224506	0.019335	0.201192	0.0895751	0.182232	0.00109063	0.100604	0.0240401	0.392125	0.266551	0.630362	1.06364	2.03945	3	1.418503
2455000	-530.2983	-568.1989	37.90067	2	0.4948022	0.0803608	0.00547852	0.0160284	0.0711279	0.0108859	0.00058565	0.0159598	0.0413595	0.00453119	0.0351943	0.252614	0.0675004	0.182401	0.0226372	0.00995343	0.00658514	0.217203	0.0324285	0.248509	0.816449	2.90261	4	1.040407
2456000	-537.6423	-572.1643	34.52195	2	1.823342	0.243023	0.00482646	0.0162062	0.131144	0.0504365	0.0303471	0.00850565	0.00407312	0.00847072	0.134325	0.295621	0.178731	0.110805	0.0281281	0.251476	0.0159272	0.35921	0.271234	0.63481	1.06487	2.02909	4	1.871256
2457000	-534.9425	-569.1792	34.23666	2	1.836486	0.19383	0.0161035	0.00344552	0.0808628	0.112216	0.0210593	0.041556	0.000675086	0.0105893	0.0249079	0.259079	0.0983995	0.385823	0.0156985	0.128561	0.0597144	0.228663	0.272943	0.636418	1.0653	2.02534	4	1.681184
2458000	-541.0457	-575.9319	34.88616	2	1.346655	0.107359	0.0144948	0.00685911	0.107325	0.10531	0.0297404	0.0328685	0.0749356	0.0145993	0.0490932	0.155031	0.0309047	0.08272	0.0355345	0.125905	0.000460832	0.310077	0.200633	0.560869	1.03999	2.19851	4	1.283219
2459000	-518.8139	-569.6919	50.87805	10	1.043354	0.0997171	0.00544779	0.0036887	0.0740154	0.073634	0.0132991	0.024699	0.00939955	0.0065127	0.0750777	0.435226	0.105186	0.175173	0.0462842	0.144392	0.0365819	0.229661	0.145522	0.489406	1.00683	2.35824	5	1.557995
2460000	-515.2971	-566.652	51.35492	10	1.995535	0.165783	0.00372273	0.00317363	0.132331	0.0135875	0.0191502	0.00831033	0.00264908	0.0435747	0.0534701	0.291401	0.101069	0.208887	0.00248821	0.305155	0.01771	0.165173	0.292741	0.654538	1.06988	1.98284	5	1.537636
2461000	-519.8187	-572.461	52.64226	10	0.7338747	0.139928	0.00465673	0.0445016	0.0619741	0.0022729	0.0272206	0.0195963	0.0171145	0.0210798	0.0638064	0.163268	0.0771065	0.237443	0.0196955	0.156854	0.0213131	0.259301	0.0814336	0.379084	0.936802	2.60268	5	1.337132
2462000	-530.815	-563.7433	32.92828	2	1.001813	0.154217	0.00519867	0.0147545	0.0755313	0.0454119	0.00636771	0.0328169	0.0440099	0.0187194	0.0350841	0.360432	0.0934512	0.151234	0.0175787	0.0736458	0.0187456	0.382579	0.137315	0.477296	1.0003	2.38509	4	1.529777
2463000	-522.1682	-577.5509	55.38273	10	1.204808	0.133341	0.00455656	0.065694	0.0583363	0.0842269	0.00461757	0.0334352	0.0828747	0.0245523	0.0216607	0.167336	0.114257	0.224938	0.0143047	0.189963	0.0105317	0.313392	0.175923	0.530706	1.02709	2.26628	5	1.548018
2464000	-539.9858	-573.536	33.55024	2	1.104717	0.141198	0.00384119	0.047032	0.0805531	0.0102763	0.0402742	0.0159192	0.00237818	0.013113	0.0788019	0.372754	0.154159	0.224641	0.0369811	0.227783	0.00217291	0.1559	0.157361	0.506113	1.01539	2.32113	4	1.607778
2465000	-512.3809	-568.1802	55.79929	10	1.027368	0.160837	0.00383468	0.00837198	0.0660737	0.011528	0.00326639	0.0133375	0.0165678	0.0145418	0.0190158	0.211524	0.085114	0.184419	0.0592356	0.0102883	0.0293761	0.405737	0.142382	0.484826	1.00439	2.3684	5	1.303068
2466000	-511.3211	-567.6134	56.29235	10	1.818044	0.152281	0.0201205	0.00740549	0.0671195	0.0447845	0.00517058	0.0265883	0.0333457	0.00979974	0.0406012	0.146707	0.140581	0.240829	0.0380375	0.210031	0.00973808	0.269562	0.270543	0.634156	1.06469	2.03061	5	1.462703
2467000	-545.3439	-582.2334	36.88949	2	1.728372	0.283671	0.0100299	0.0115846	0.113555	0.0727428	0.028293	0.05274	0.0373218	0.01025	0.0273867	0.17145	0.100389	0.154358	0.0527073	0.241001	0.0113621	0.0981866	0.258545	0.622626	1.06143	2.0574	4	1.477029
2468000	-513.531	-571.1631	57.63212	10	1.388665	0.160814	0.00698863	0.0124653	0.0900997	0.000824633	0.0588457	0.0164925	0.0362548	0.0122391	0.0382545	0.261242	0.0718405	0.157954	0.0253534	0.0344681	0.00315672	0.339054	0.2076	0.568911	1.04315	2.18033	5	1.326348
2469000	-543.6134	-573.9734	30.36002	2	1.125822	0.136254	0.0180641	0.0100979	0.0843251	0.0344011	0.00461695	0.0343551	0.119701	0.00999617	0.0342301	0.65136	0.0343427	0.188998	0.0408435	0.0077125	0.00425788	0.498087	0.161353	0.511558	1.01808	2.30901	4	1.911644
2470000	-520.4797	-567.3764	46.89667	10	3.467781	0.26211	0.0210083	0.0281364	0.0980069	0.0719353	0.0405669	0.0196878	0.0653521	0.0135818	0.0608758	0.442645	0.107794	0.159894	0.0203343	0.00894438	0.000987857	0.569922	0.422498	0.754528	1.08402	1.73895	5	1.991783
2471000	-536.874	-572.7218	35.84782	1	0.366788	0.124411	0.00846268	0.00483527	0.0317936	0.0606985	0.00975217	0.0173329	0.0434825	0.0187944	0.0308434	0.159841	0.0724156	0.136067	0.0327331	0.0996836	0.00522575	0.271852	0.012229	0.156547	0.692686	3.13854	3	1.128224
2472000	-523.6883	-571.888	48.19966	10	2.035335	0.173097	0.0658082	0.0202711	0.139249	0.0624247	0.0149605	0.0141281	0.0540392	0.00346527	0.0397311	0.414054	0.147139	0.121529	0.00405306	0.247883	0.031065	0.400484	0.297457	0.658719	1.07085	1.97297	5	1.953381
2473000	-511.8977	-570.4999	58.60215	10	0.7128058	0.10906	0.00843134	0.0210826	0.0483834	0.0551874	0.0126474	0.0291434	0.0390713	0.0027627	0.0811961	0.377242	0.113238	0.122104	0.0212742	0.098338	0.0394801	0.284549	0.0769254	0.36951	0.929523	2.62404	5	1.463191
2474000	-515.4871	-572.8705	57.38341	10	0.2378586	0.113601	0.0204586	0.0121592	0.0776943	0.00706905	0.00432291	0.0180026	0.00587722	0.0290186	0.0430512	0.327911	0.12017	0.107454	0.00708664	0.146183	0.0243497	0.321692	0.00159338	0.0580727	0.475172	3.46516	5	1.3861
2475000	-522.8161	-568.3514	45.53533	10	1.368209	0.128407	0.000128119	0.00978613	0.0637743	0.0457758	0.0196179	0.0302442	0.00671721	0.0118139	0.0709414	0.483521	0.170936	0.153983	0.0503176	0.0615139	0.0254897	0.278702	0.204227	0.565041	1.04164	2.18909	5	1.611669
2476000	-534.8578	-568.5069	33.6491	2	1.090392	0.141357	0.00995637	0.0223102	0.120621	0.00910065	0.00396251	0.0327764	0.0128641	0.029151	0.0457768	0.281273	0.16039	0.223512	0.0431174	0.0866843	0.0280833	0.490882	0.154628	0.502331	1.0135	2.32954	4	1.741818
2477000	-530.0871	-566.812	36.72491	2	1.203849	0.159405	0.00393723	0.0149553	0.101577	0.0140543	0.00304163	0.0305258	0.0354909	0.0254568	0.0643904	0.35999	0.124318	0.15826	0.0294424	0.152987	0.0143174	0.28655	0.17575	0.530484	1.02699	2.26677	4	1.578699
2478000	-531.9254	-572.5753	40.64989	2	0.293785	0.0741138	8.45072e-05	0.0246946	0.0716701	0.0255063	0.0162367	0.0159664	0.0017397	0.00550637	0.0222041	0.36938	0.124402	0.092616	0.0112576	0.0780517	0.037957	0.288215	0.00480472	0.0996697	0.585216	3.31031	4	1.259602
2479000	-532.7748	-570.7015	37.92675	2	1.288405	0.168596	0.049164	0.0143321	0.0618822	0.0746748	0.0229553	0.00966942	0.0318466	0.00506802	0.0463641	0.208096	0.0725037	0.209616	0.0399942	0.0708177	0.00600206	0.425719	0.190709	0.549077	1.03514	2.22508	4	1.517301
2480000	-517.7139	-570.9215	53.20761	10	0.9973032	0.106573	0.0289505	0.00678088	0.117131	0.0345945	0.000599574	0.00469087	0.00994659	0.0102801	0.0511872	0.419407	0.156587	0.157035	0.014077	0.043273	0.0171614	0.381622	0.136415	0.47594	0.999552	2.38809	5	1.559897
2481000	-508.8028	-565.4337	56.63092	10	1.553389	0.113571	0.014456	0.00878798	0.0731106	0.0156205	0.00113671	0.0445363	0.0466818	0.0267357	0.0216364	0.301583	0.0842553	0.203011	0.0164743	0.0913203	0.0541015	0.218213	0.233453	0.597208	1.05341	2.11593	5	1.335233
2482000	-533.5563	-572.816	39.25968	10	2.633619	0.212889	0.00548754	0.00873736	0.045652	0.0178109	0.014335	0.0147907	0.0287993	0.0199094	0.0488891	0.145176	0.071563	0.213214	0.0352648	0.144091	0.0159647	0.342913	0.35877	0.708987	1.07999	1.85225	5	1.385486
2483000	-542.8952	-577.8052	34.90997	2	1.285586	0.210183	0.00228227	0.00775983	0.0735186	0.0118354	0.0278288	0.0182629	0.0339174	0.0123232	0.036108	0.221655	0.132301	0.129355	0.0238017	0.27105	0.0074572	0.258037	0.190221	0.548486	1.03489	2.22641	4	1.477676
2484000	-520.4811	-571.5493	51.06821	10	1.395434	0.125545	0.0328834	0.00899864	0.0992321	0.0723764	0.038825	0.0240389	0.055912	0.0101103	0.0619387	0.420447	0.0723429	0.171021	0.0279065	0.145866	0.0423377	0.357061	0.208708	0.570173	1.04364	2.17748	5	1.766843
2485000	-521.2585	-583.2683	62.00977	10	1.020024	0.147763	0.026148	0.00875993	0.0391681	0.0273806	0.0202362	0.0189361	0.100675	0.000398563	0.0862892	0.174018	0.00127464	0.0518526	0.022475	0.112893	0.00505511	0.197487	0.140932	0.482689	1.00324	2.37314	5	1.04081
2486000	-521.7516	-571.1907	49.43905	10	1.333094	0.111116	0.0249904	0.00151897	0.0952846	0.0784216	0.0347829	0.0495037	0.113641	0.00558005	0.066406	0.398778	0.0936705	0.126992	0.0178825	0.108993	0.034577	0.296664	0.19835	0.558192	1.03891	2.20455	5	1.658803
2487000	-547.8063	-575.6366	27.83028	1	3.303593	0.116449	0.00879803	0.0202782	0.0685466	0.00842293	0.0101003	0.0493419	0.0301918	0.0293828	0.0200891	0.257173	0.250155	0.20736	0.0295468	0.27578	0.000233438	0.254449	0.411465	0.747063	1.08365	1.75782	3	1.636297
2488000	-512.606	-573.0083	60.40234	10	0.1993018	0.158035	0.00587294	0.0198269	0.0711907	0.0626285	0.0155881	0.00817159	0.00771791	0.0176916	0.0282546	0.110867	0.0870531	0.0956047	0.00620683	0.175674	0.00912576	0.233501	0.000518504	0.0333737	0.381833	3.58427	5	1.11301
2489000	-535.9496	-571.9141	35.96451	2	1.651178	0.144875	0.0023941	0.00107573	0.110529	0.00480735	0.0191751	0.0366756	0.12495	0.00779524	0.0405206	0.280698	0.0373595	0.174587	0.0669342	0.201319	0.0295584	0.202921	0.24776	0.611928	1.05819	2.08212	4	1.486175
2490000	-526.2879	-575.279	48.99117	10	2.455268	0.0579788	0.0112226	0.0177601	0.106178	0.00926887	0.0141999	0.0317453	0.013691	0.00782187	0.0955561	0.180207	0.148948	0.135997	0.0064649	0.201871	0.0164087	0.445482	0.342174	0.696077	1.0781	1.88365	5	1.500801
2491000	-518.4836	-571.72	53.23635	10	2.590096	0.0349585	0.00397088	0.0394904	0.102019	0.0127803	0.00793292	0.0303616	0.0818409	0.0145046	0.0597023	0.143121	0.105937	0.174249	0.0278988	0.303936	0.105248	0.26726	0.354835	0.70597	1.07958	1.85961	5	1.515212
2492000	-518.562	-569.6594	51.0974	10	0.7058174	0.130648	0.00951026	0.0137864	0.0511824	0.0405383	0.0153033	0.0347781	0.0459715	0.0159979	0.0191309	0.280741	0.0944952	0.132322	0.0281834	0.31181	0.0338671	0.16533	0.0754313	0.366262	0.927005	2.6313	5	1.423595
2493000	-529.0324	-576.0087	46.97629	10	2.523336	0.174665	0.00155407	0.051368	0.115613	0.00455031	0.0402893	0.0141171	0.000217315	0.0218795	0.0413398	0.190549	0.0983814	0.288296	0.0167098	0.230808	0.0276195	0.346396	0.348658	0.701178	1.07889	1.87128	5	1.664354
2494000	-517.531	-569.2849	51.75393	10	1.878488	0.130688	4.7892e-05	0.0155883	0.0782308	0.0610239	0.00862399	0.0346358	0.0416351	0.00307409	0.0435726	0.149755	0.0905123	0.139554	0.0160242	0.180086	0.0395405	0.201838	0.278325	0.641437	1.06663	2.01361	5	1.23443
2495000	-535.1905	-572.7447	37.55422	10	1.52519	0.195856	0.0300249	0.0483723	0.0543832	0.0307315	0.0149469	0.0500502	0.00325996	0.0244692	0.0830002	0.299973	0.100164	0.345299	0.0537939	0.154001	0.0193925	0.371901	0.229188	0.592696	1.05187	2.12625	5	1.879619
2496000	-527.7757	-567.9072	40.13157	2	1.181302	0.152917	0.0113964	0.000648151	0.0502945	0.00308001	0.00154566	0.0466797	0.0172535	0.00113726	0.0310873	0.216484	0.102279	0.125825	0.0353945	0.187338	0.0593553	0.122007	0.171648	0.525201	1.02457	2.27858	4	1.164724
2497000	-536.4393	-568.4647	32.02537	2	1.859155	0.255143	0.0223671	0.0162027	0.0561549	0.0233673	0.0338282	0.00856276	0.0476265	0.0210975	0.0904357	0.185926	0.0696411	0.25827	0.0269511	0.381182	0.0192465	0.301919	0.275862	0.639149	1.06603	2.01896	4	1.817921
2498000	-540.6988	-573.6211	32.92224	2	1.567137	0.130856	0.0367994	0.00311812	0.0720866	0.00566867	0.0079207	0.023972	0.0390391	0.0161287	0.0483969	0.141513	0.144223	0.143055	0.0416192	0.282907	0.0148402	0.31258	0.23551	0.599363	1.05413	2.11099	4	1.464725
2499000	-520.065	-571.8426	51.77764	10	1.066138	0.197101	5.1454e-06	0.0380246	0.092712	0.0973087	0.0463048	0.00109618	0.0341316	0.00184202	0.0549755	0.247639	0.110598	0.265069	0.00291174	0.239365	0.0140821	0.149803	0.149958	0.495767	1.01015	2.34413	5	1.592969
2500000	-520.7214	-575.1645	54.4431	10	3.725267	0.166467	0.00536418	0.0492026	0.119476	0.0562357	0.00060756	0.0873254	0.0494834	0.0187679	0.0874253	0.188902	0.136641	0.113893	0.00180417	0.17989	0.00468782	0.336963	0.438602	0.765139	1.08433	1.71193	5	1.603135
2501000	-535.7452	-566.5834	30.83826	2	2.059996	0.19063	0.0207817	0.0077283	0.150838	0.0982586	0.00366779	0.00490535	0.0108823	0.00208633	0.0570707	0.0270251	0.125951	0.201383	0.0538883	0.570715	0.0135182	0.411707	0.300333	0.661246	1.07142	1.967	4	1.951037
2502000	-541.0427	-573.3223	32.2796	2	3.399677	0.177479	0.00427554	0.0389243	0.124567	0.039192	0.022214	0.0189741	0.0269816	0.0552525	0.0846595	0.0445444	0.11942	0.167594	0.0396676	0.298425	0.0404647	0.34263	0.417999	0.751503	1.08389	1.74661	4	1.645266
2503000	-530.8412	-568.712	37.87073	2	1.706751	0.122131	0.000726618	0.00970272	0.0928063	0.0148239	0.0102273	0.0269884	0.0615367	0.0375143	0.0843991	0.160473	0.0589755	0.18375	0.0134808	0.150647	0.00672987	0.277036	0.255568	0.619706	1.06056	2.06416	4	1.311948
2504000	-529.7347	-566.2461	36.51141	2	1.995154	0.121096	0.00302864	0.00740729	0.0687176	0.0138569	0.017844	0.0268249	0.0459894	0.0246881	0.0512294	0.166733	0.0812291	0.176479	0.00787599	0.305096	0.0514089	0.177021	0.292696	0.654497	1.06987	1.98294	4	1.346525
2505000	-534.6712	-572.5976	37.92639	2	0.4963956	0.0822417	0.0152869	0.000656155	0.0582635	0.00628721	0.0111547	0.00484773	0.0240782	0.0119083	0.0131225	0.0386924	0.144551	0.152537	0.00303748	0.278143	0.0165512	0.304193	0.0327217	0.249556	0.817628	2.90009	4	1.165552
2506000	-537.5648	-570.6143	33.04945	2	2.729511	0.166788	0.00478836	0.0190496	0.0824793	0.0242624	0.0127949	0.00166176	0.0283424	0.0252392	0.0150737	0.200526	0.102	0.255957	0.0137556	0.153795	0.0492087	0.299873	0.36719	0.715359	1.08081	1.83664	4	1.455593
2507000	-537.1929	-581.4263	44.23342	2	1.094697	0.0933152	0.00687163	0.0228915	0.0822668	0.00135804	0.00502179	0.0330317	0.089723	0.0590334	0.0532391	0.11627	0.0500769	0.106721	0.0279904	0.103003	0.0365865	0.234934	0.155452	0.503475	1.01408	2.327	4	1.122334
2508000	-517.222	-576.0954	58.87344	10	3.352921	0.244319	0.00143338	0.0130123	0.0644097	0.0705365	0.0193548	0.0359468	0.0437755	0.00741672	0.0656604	0.109459	0.0545046	0.143757	0.0527527	0.298341	0.0108967	0.142431	0.414847	0.749369	1.08378	1.75201	5	1.378007
2509000	-526.9989	-566.7106	39.71176	2	1.550855	0.128071	0.00994851	0.00706717	0.098211	0.00795153	0.0135958	0.0157213	0.0596274	0.00189106	0.0471982	0.0965305	0.0477475	0.154203	0.0293181	0.232668	0.00698694	0.340511	0.233073	0.596808	1.05327	2.11685	4	1.297248
2510000	-509.8539	-569.415	59.56109	10	0.7327604	0.0871735	0.00298327	0.00248066	0.070913	0.0460005	0.0363439	0.019549	0.0391787	0.00253736	0.04434	0.0290547	0.0847906	0.139812	0.00664958	0.190788	0.0359261	0.326827	0.0811951	0.378586	0.936429	2.60379	5	1.165347
2511000	-519.5567	-570.5315	50.97483	10	0.4540596	0.136672	0.000657996	0.000480443	0.0448713	0.115785	0.0265629	0.00465621	0.0736059	0.0145511	0.0568086	0.0833205	0.0508197	0.0914157	0.0146497	0.337215	0.00895286	0.287762	0.0252228	0.220871	0.783732	2.97017	5	1.348787
2512000	-531.0347	-568.7136	37.67893	2	0.7372239	0.271212	0.00595081	0.00796301	0.0876188	0.0265771	0.000390764	0.0347324	0.00853127	0.00655492	0.0532404	0.00392303	0.156985	0.134808	0.0117646	0.377154	0.00435576	0.327096	0.0821504	0.380577	0.937918	2.59935	4	1.518857
2513000	-532.9869	-571.0593	38.07242	2	0.4581634	0.137165	0.00169514	0.0394802	0.0451547	0.0296554	0.0182831	0.0202139	0.0181027	0.00389736	0.0472692	0.131757	0.131245	0.245291	0.0412433	0.221208	0.0185483	0.381917	0.0259211	0.223729	0.787267	2.96308	4	1.532127
2514000	-535.7953	-571.2602	35.46498	2	2.085951	0.104812	0.00577707	0.0485949	0.0846328	0.0063008	0.0244936	0.00828168	0.0331896	0.0244758	0.0740968	0.0448443	0.129663	0.282535	0.0975987	0.277581	0.0089565	0.463387	0.303323	0.663853	1.072	1.96082	4	1.71922
2515000	-529.5634	-562.4229	32.8595	2	3.179221	0.142056	0.00989136	0.00378415	0.0909203	0.0021166	0.00444864	0.0222177	0.00245989	0.00828509	0.0336013	0.00227061	0.107478	0.317948	0.0364451	0.397422	0.0111912	0.431166	0.402668	0.740992	1.08327	1.77307	4	1.623702
2516000	-541.6195	-573.3098	31.69028	1	1.016795	0.177254	0.0048958	0.00674155	0.0755956	0.00975954	0.00372222	0.0224208	0.0533821	0.0492765	0.0426214	0.194846	0.126011	0.1636	0.0241705	0.405566	0.0106746	0.108441	0.140293	0.481742	1.00273	2.37524	3	1.478978
2517000	-545.7645	-576.3016	30.53712	1	1.934481	0.208463	0.0364074	0.0131828	0.044698	0.0615321	0.00347101	0.0173885	0.0154752	0.0100187	0.0630744	0.248916	0.084989	0.176979	0.0298323	0.358059	0.0012066	0.128832	0.285326	0.647861	1.06826	1.99855	3	1.502525
2518000	-514.8625	-571.0576	56.19518	10	0.1473807	0.0498397	0.00715552	0.0150968	0.0257559	0.00953574	0.00224781	0.0211552	0.0246981	0.021365	0.0197499	0.155454	0.0718346	0.156605	0.00242646	0.14277	0.0133894	0.0654487	4.50564e-05	0.00991968	0.233912	3.75612	5	0.8045274
2519000	-547.8005	-576.7316	28.9311	2	1.200438	0.145776	0.0379034	0.00850695	0.038074	0.068287	0.0199373	0.0254905	0.0780599	0.00333253	0.0157457	0.155051	0.103121	0.304338	0.0445554	0.618014	0.0345945	0.178017	0.175132	0.529694	1.02663	2.26854	4	1.878803
2520000	-532.4306	-570.3187	37.88803	2	1.762593	0.152831	0.0287145	0.00470911	0.0939924	0.0371978	0.057916	0.00526707	0.0245125	0.00816577	0.0477226	0.243925	0.120132	0.164443	0.00135313	0.283905	0.0378422	0.148139	0.263189	0.627135	1.06273	2.04694	4	1.46077
2521000	-531.991	-567.1125	35.12152	2	1.850104	0.212032	0.00264078	0.00627324	0.085635	0.00974459	0.0217336	0.00274057	0.0694803	0.0319444	0.0369278	0.203975	0.0396431	0.325531	0.0409915	0.3749	0.00413396	0.163987	0.2747	0.638065	1.06574	2.02149	4	1.632313
2522000	-516.1958	-569.5365	53.34072	10	1.354764	0.179476	0.00731764	0.0293053	0.0804163	0.0835735	0.00476528	0.0614099	0.0187344	0.0165263	0.0203267	0.210433	0.127721	0.18526	0.0365506	0.322126	0.0430491	0.121735	0.20199	0.56245	1.04062	2.19494	5	1.548726
2523000	-512.0095	-568.7993	56.78976	10	0.4721415	0.167514	0.00176999	0.00334466	0.062616	0.119114	0.00284239	0.018056	0.00419278	0.0179107	0.0584445	0.112126	0.0608632	0.276816	0.00291029	0.138518	0.0214956	0.214317	0.0283479	0.23334	0.798889	2.93942	5	1.282852
2524000	-541.1415	-577.0296	35.88811	2	1.033741	0.076821	0.000229813	0.0217213	0.0741127	0.0569395	0.00222141	0.0479972	0.0118678	0.0249642	0.040819	0.233832	0.0732351	0.379746	0.0797827	0.204932	0.0462957	0.109095	0.143637	0.486664	1.00537	2.36433	4	1.484613
2525000	-527.0651	-566.1774	39.11234	2	1.080741	0.0931378	0.00742879	0.0223725	0.0935308	0.0109359	0.0153193	0.0175135	0.0447255	0.00940189	0.0244513	0.181904	0.247001	0.103219	0.0514333	0.380804	0.0196495	0.101849	0.152777	0.499744	1.01219	2.33529	4	1.424678
2526000	-538.9749	-567.6792	28.70424	2	7.906807	0.174503	0.0073132	0.0227015	0.108592	0.0255807	0.0407172	0.00589242	0.0568883	0.00857996	0.0380777	0.200972	0.303881	0.235518	0.0164786	0.212513	0.0322014	0.114492	0.590952	0.851471	1.07686	1.48072	4	1.604903
2527000	-527.4027	-573.6387	46.23601	10	1.203904	0.159689	0.00595685	0.0182803	0.104902	0.133777	0.0285398	0.0383007	0.0191167	0.00679996	0.0283668	0.229656	0.394459	0.392725	0.0234322	0.137169	0.0551504	0.21754	0.17576	0.530497	1.027	2.26674	5	1.993861
2528000	-521.985	-571.2992	49.31425	10	1.657796	0.22667	0.01718	0.0557495	0.0518075	0.0438774	0.0157553	0.0495383	0.0333677	0.0139127	0.0433968	0.167475	0.413329	0.358151	0.00283383	0.0228391	0.0262726	0.106097	0.248702	0.612875	1.05849	2.07994	5	1.648253
2529000	-527.9882	-575.903	47.91483	10	2.158932	0.167796	0.00957207	0.00935937	0.0917914	0.105232	0.0280734	0.0571639	0.0533865	0.032441	0.0349189	0.143036	0.204247	0.531495	0.0154855	0.302331	0.0881493	0.0854429	0.311536	0.670916	1.0735	1.94405	5	1.959921
2530000	-519.6319	-572.8038	53.17191	10	1.014525	0.117201	0.0143067	0.00472443	0.163291	0.0273166	0.0218165	0.0212528	0.0184005	0.00537509	0.0348373	0.173288	0.523777	0.260945	0.0206561	0.247239	0.0441725	0.184881	0.139843	0.481075	1.00237	2.37672	5	1.883481
2531000	-520.7943	-577.0447	56.25043	10	1.66241	0.18063	0.00648825	0.000626221	0.102108	0.00109622	0.0176106	0.0112967	0.0284535	0.000333854	0.0394649	0.159719	0.266684	0.298026	0.0745286	0.269647	0.0268749	0.190933	0.249357	0.613532	1.05869	2.07842	5	1.67452
2532000	-513.0748	-570.2064	57.13165	10	0.7839408	0.084694	0.0148243	0.0136142	0.0871461	0.0160915	0.00617244	0.0343237	0.056901	0.0312848	0.0493052	0.211885	0.310523	0.389601	0.0278913	0.0314177	0.0106004	0.0717353	0.0921372	0.400587	0.952404	2.55487	5	1.448011
2533000	-518.5383	-575.0987	56.5604	10	1.078226	0.0898486	0.00652011	0.00667438	0.0888208	0.0554109	0.0335826	0.00306423	0.0317854	0.0444687	0.0239051	0.0773416	0.165576	0.384609	0.0213024	0.166641	0.0147645	0.0932233	0.152293	0.499065	1.01184	2.3368	5	1.307538
2534000	-540.1192	-573.2614	33.14213	2	1.584105	0.137968	0.00171124	0.00565859	0.106129	0.0407713	0.0133731	0.0319129	0.0692573	0.0267418	0.0807926	0.13344	0.260904	0.396549	0.0392435	0.212012	0.0112926	0.0447644	0.238027	0.601982	1.055	2.10499	4	1.612521
2535000	-538.6523	-576.4817	37.82949	2	1.113164	0.111653	0.0143051	0.0254888	0.0475738	0.0996434	0.00254267	0.0237241	0.0348443	0.017955	0.0395245	0.159126	0.269239	0.121129	0.0348679	0.14629	0.031754	0.0451119	0.158964	0.50831	1.01648	2.31624	4	1.224772
2536000	-534.3185	-574.0562	39.73766	2	0.2664455	0.103182	0.00286505	0.000613763	0.0825569	0.0141669	0.0144529	0.0274564	0.00425748	0.00767295	0.0295747	0.079108	0.281138	0.205449	0.0585029	0.0405744	0.0273708	0.0690323	0.0029684	0.0787975	0.534908	3.38333	4	1.047975
2537000	-531.8429	-571.4011	39.5582	2	0.7626731	0.0802798	0.00945174	0.013873	0.0413299	0.0243423	0.0118202	0.0142674	0.00219616	0.00076069	0.0417334	0.096298	0.0819915	0.169156	0.0242775	0.107788	0.0108876	0.0844321	0.0875951	0.39166	0.94605	2.57469	4	0.8148852
2538000	-533.4141	-570.3445	36.93037	2	0.3393152	0.183641	0.000975219	0.0106885	0.0823603	0.00835971	0.00846731	0.0131368	0.00645332	0.0102497	0.0422565	0.254486	0.278656	0.115229	0.0102632	0.344963	0.0164114	0.0498005	0.00901905	0.135228	0.656289	3.19946	4	1.436399
2539000	-532.4027	-570.8379	38.43514	2	2.335552	0.103463	0.00207581	0.0160292	0.0848963	0.087907	0.0378047	0.022602	0.0294959	0.00746555	0.0546493	0.153221	0.230931	0.121291	0.00494985	0.251564	0.0434224	0.155804	0.33029	0.68653	1.0765	1.90668	4	1.407572
2540000	-525.7523	-570.2906	44.5383	10	2.444003	0.195591	0.023722	0.00267414	0.0820229	0.0404247	0.0252213	0.0125442	0.0870125	0.044383	0.0866964	0.281507	0.254764	0.320649	0.0202422	0.355123	0.0392279	0.0640389	0.341083	0.695211	1.07796	1.88574	5	1.935844
2541000	-540.822	-572.2364	31.41441	2	1.70473	0.138116	0.0166098	0.0100529	0.0976497	0.146634	0.0170293	0.0256917	0.000395241	0.0160968	0.0225135	0.152217	0.315346	0.0743241	0.00688356	0.427799	0.0169618	0.255338	0.255288	0.61943	1.06048	2.0648	4	1.739658
2542000	-537.6236	-568.0865	30.46283	1	1.504608	0.133773	0.00863481	0.000252212	0.0897452	0.00861717	0.020982	0.0180766	0.0252442	0.0442345	0.0473773	0.193016	0.367756	0.17827	0.0191882	0.255483	0.0125833	0.12971	0.226033	0.589322	1.05069	2.13395	3	1.552942
2543000	-544.1086	-581.0666	36.95793	2	1.163368	0.128696	0.00519098	0.00815154	0.0707588	0.0119314	0.0333855	0.0430609	0.00573912	0.0330964	0.0196323	0.2422	0.339021	0.078495	0.029604	0.191142	0.0366216	0.0676443	0.168352	0.520894	1.02255	2.2882	4	1.34437
2544000	-543.6437	-577.4676	33.82392	2	1.78638	0.182522	0.0122917	0.010221	0.108593	0.0127225	0.0500745	0.0729117	0.0391691	0.0317111	0.00757379	0.224715	0.166121	0.251351	0.0363027	0.34262	0.029071	0.19895	0.266369	0.630188	1.06359	2.03985	4	1.77692
2545000	-536.3569	-574.6109	38.25401	2	1.695897	0.0756043	0.00622354	0.0252798	0.0565363	0.0352191	0.00246336	0.0249523	0.0153959	0.00807516	0.0158348	0.223839	0.282332	0.0446073	0.0151963	0.162582	0.0615394	0.0900112	0.254061	0.618218	1.06012	2.0676	4	1.145692
2546000	-543.9059	-572.6742	28.76834	2	3.423517	0.176395	1.0775e-05	0.0192243	0.0517218	0.0162085	0.0610358	0.017385	0.032016	0.0148575	0.0691462	0.255241	0.281576	0.267789	0.0939223	0.393242	0.0217262	0.134046	0.419586	0.752573	1.08394	1.74391	4	1.905544
2547000	-533.3986	-570.794	37.39542	2	1.5954	0.161139	0.0106811	0.0219877	0.0946737	0.0381702	0.036667	0.0391254	0.0460969	0.0170183	0.0346374	0.223047	0.192449	0.123116	0.0253791	0.140855	0.0212648	0.0943165	0.239691	0.603702	1.05557	2.10104	4	1.320624
2548000	-521.3567	-563.6453	42.28854	2	1.045422	0.163595	0.00758073	0.0127956	0.0963766	0.0108104	0.017487	0.0159392	0.0419756	0.00717139	0.04219	0.132369	0.259848	0.0761246	0.0154461	0.213612	0.0128483	0.0698326	0.145927	0.489991	1.00714	2.35695	4	1.196002
2549000	-558.3463	-577.5517	19.20542	1	2.374839	0.141186	0.0275189	0.0784197	0.0960973	0.0506122	0.00280279	0.00499838	0.291607	0.037075	0.0225062	0.0291206	0.78452	0.531059	0.0159251	0.292796	0.134181	0.0512349	0.33426	0.689749	1.07706	1.89894	3	2.591659
2550000	-511.8145	-566.7998	54.9853	10	0.9933281	0.122508	0.00635511	0.00949389	0.0608832	0.00431168	0.01114	0.0273755	0.00155958	0.0247001	0.0221322	0.172677	0.310259	0.172365	0.0835376	0.248594	0.0160642	0.100549	0.135621	0.474737	0.998886	2.39076	5	1.394506
2551000	-535.7135	-572.3743	36.66087	2	2.006258	0.177935	0.0275644	0.0084286	0.0878125	0.0983698	0.00825498	0.0606678	0.00908907	0.00214217	0.0610251	0.194189	0.149785	0.198379	0.00665861	0.197279	0.0143272	0.0808818	0.294021	0.655678	1.07015	1.98016	4	1.38279
2552000	-534.3719	-570.6757	36.30382	2	0.708896	0.121735	0.000545484	0.00664028	0.0617545	0.0296327	0.023169	0.0109116	0.0241446	0.0391231	0.0371954	0.183114	0.270437	0.167109	0.013795	0.208382	0.0433853	0.06425	0.0760894	0.367697	0.928121	2.62809	4	1.305323
2553000	-540.4563	-581.2307	40.77448	2	0.791542	0.0628615	0.00253203	0.0302049	0.0568671	0.0172477	0.0120297	0.0199952	0.00259207	0.0105842	0.0263125	0.203239	0.164581	0.00149737	0.0473544	0.0938564	0.0124841	0.0891001	0.0937577	0.403706	0.954583	2.54795	4	0.8533389
2554000	-519.6177	-571.2013	51.58355	10	1.656319	0.143185	0.00209942	0.039105	0.0799313	0.0387072	0.00161632	0.0252167	0.0581457	0.0194632	0.0343787	0.250776	0.202	0.199521	0.00504638	0.298965	0.00833207	0.0823108	0.248492	0.612664	1.05842	2.08042	5	1.4888
2555000	-517.9614	-568.7812	50.81985	10	1.416079	0.156946	0.00291177	0.0186776	0.0481587	0.0188923	0.0248312	0.0574821	0.0150736	0.00260338	0.0323184	0.308385	0.325336	0.14033	0.000279297	0.116784	0.0469018	0.123911	0.212062	0.573964	1.04509	2.16889	5	1.439821
2556000	-526.0063	-568.0678	42.06147	2	0.6906704	0.149655	0.0124859	0.0223322	0.0583751	0.0408054	0.0214006	0.00587397	0.00705145	0.0344256	0.037799	0.233027	0.216737	0.0535115	0.00865213	0.118011	0.0357946	0.0604415	0.0721967	0.359095	0.921361	2.64735	4	1.116379
2557000	-525.7728	-574.9512	49.1784	10	1.684778	0.160958	0.00343121	0.0366516	0.109721	0.0632368	0.0118306	0.054982	0.0390341	0.000613337	0.0670646	0.257848	0.297838	0.171635	0.0662289	0.0684313	0.00775105	0.129559	0.252508	0.616678	1.05965	2.07116	5	1.546815
2558000	-534.7114	-576.8062	42.09489	2	0.8020377	0.197783	0.000714585	0.0013029	0.0206041	0.0687617	0.0145355	0.012223	0.0735844	0.0135946	0.022788	0.166868	0.3009	0.0294755	0.0230733	0.115804	0.0366512	0.0203734	0.0959923	0.407953	0.957518	2.53854	4	1.119037
2559000	-517.0489	-569.5344	52.48551	10	1.924184	0.125492	0.00945619	0.0198383	0.0765522	0.0097744	0.000573708	0.0406464	0.0475059	0.0185342	0.0742755	0.240299	0.300767	0.306989	0.0247454	0.221862	0.00514922	0.0914819	0.284053	0.646702	1.06797	2.00127	5	1.613941
2560000	-514.1477	-567.4534	53.30572	10	1.996815	0.110803	0.00344726	0.00164859	0.0984226	0.0419372	0.0218843	0.022676	0.0617582	0.00872033	0.0266323	0.252092	0.204042	0.128026	0.0216534	0.171431	0.0112562	0.116566	0.292894	0.654675	1.06991	1.98252	5	1.302997
2561000	-516.9134	-565.3436	48.43025	10	2.150048	0.21689	9.75621e-05	0.0021098	0.0979103	0.0146535	0.0142326	0.0500135	0.0298019	0.0054286	0.0513725	0.352086	0.339976	0.13134	0.0198647	0.179418	0.0390773	0.0681827	0.310551	0.670076	1.07333	1.94604	5	1.612455
2562000	-540.4375	-571.7079	31.27036	2	1.464084	0.235108	0.0227944	0.00128096	0.0783723	0.0212249	0.0277911	0.0108053	0.0799341	0.00835408	0.0786096	0.3579	0.388016	0.161201	0.0166507	0.215795	0.00788112	0.107953	0.219721	0.582467	1.04824	2.14957	4	1.819672
2563000	-537.4412	-568.2661	30.82493	1	2.21738	0.23057	0.00131986	0.0225909	0.0771943	0.00298663	0.00138168	0.0458184	0.00504117	0.00716255	0.037489	0.265866	0.35359	0.0516531	0.060829	0.139517	0.0279031	0.114541	0.317912	0.676303	1.07459	1.9312	3	1.445455
2564000	-530.0745	-568.3316	38.25705	2	1.555311	0.197534	0.00114956	0.0016287	0.117256	0.0983276	0.000568188	0.0159887	0.0463724	0.0101058	0.0524374	0.208469	0.245739	0.156504	0.0363569	0.135263	0.0254453	0.088696	0.233742	0.597511	1.05351	2.11524	4	1.437842
2565000	-510.3779	-568.7791	58.40115	10	1.337627	0.137749	0.00213929	0.0147184	0.0518583	0.0083919	0.0148435	0.0295808	0.0986422	0.00156726	0.0766724	0.280051	0.255382	0.116925	0.0182157	0.232321	0.0109704	0.0534415	0.199115	0.559091	1.03927	2.20252	5	1.403469
2566000	-545.3333	-575.8538	30.52054	2	1.961127	0.140556	0.00380246	0.033798	0.0687222	0.0131762	0.0120776	0.0312685	0.0230446	0.0629335	0.0322468	0.194665	0.580477	0.208339	0.036006	0.229173	0.0161089	0.175839	0.28859	0.650815	1.06899	1.99161	4	1.862233
2567000	-539.51	-570.7739	31.26387	2	1.808085	0.258131	0.0152343	0.0113634	0.114228	0.0898405	0.0221384	0.0152805	0.00248916	0.00945428	0.0485132	0.344377	0.251952	0.0861701	0.0261185	0.199224	0.0206871	0.127597	0.269237	0.63292	1.06435	2.03349	4	1.642798
2568000	-534.1472	-574.2459	40.09867	2	0.3409333	0.146394	0.0119813	0.00826489	0.0381647	0.0141984	0.0167681	0.0189605	0.0146177	0.00282431	0.0512159	0.482783	0.325894	0.0224853	0.0356891	0.117381	0.0577019	0.0618332	0.00919471	0.136491	0.658557	3.19576	4	1.427159
2569000	-538.7244	-572.7436	34.01919	1	0.5251044	0.111992	0.0106337	0.0146291	0.0458841	0.0285593	0.00723378	0.0157789	0.0504245	0.00803888	0.0428218	0.26672	0.294909	0.160272	0.0261433	0.0832303	0.0516744	0.0763103	0.0381298	0.267989	0.837709	2.85617	3	1.295256
2570000	-531.695	-568.7154	37.0204	2	1.268836	0.159047	0.00673781	0.00935378	0.0414037	0.0472125	0.0200437	0.026894	0.053029	0.0124333	0.0490419	0.212684	0.297294	0.214339	0.00815187	0.200981	0.0685312	0.0410844	0.187306	0.544937	1.03337	2.23438	4	1.468262
2571000	-521.8232	-578.0986	56.27541	10	0.981091	0.13437	0.0238683	0.0320873	0.0483739	0.00576054	0.0131554	0.030818	0.0397212	0.011612	0.0140873	0.119958	0.356421	0.308536	0.00678076	0.128881	0.0402971	0.131889	0.133166	0.470994	0.996795	2.39905	5	1.446617
2572000	-527.7734	-575.5975	47.82402	10	1.179313	0.147953	0.000156321	0.033992	0.141343	0.0941131	0.0129244	0.0178128	0.0136794	0.03003	0.0723871	0.325138	0.326753	0.126568	0.0518987	0.219658	0.148828	0.0826269	0.171284	0.524728	1.02435	2.27964	5	1.845861
2573000	-548.3121	-580.1972	31.88503	1	0.9533034	0.166208	0.017165	0.00366338	0.0790941	0.0458402	0.0260626	0.0209478	0.0130459	0.000768923	0.0548735	0.468874	0.341585	0.0132248	0.00740961	0.0999835	0.00285477	0.104251	0.127545	0.462251	0.99181	2.41839	3	1.465852
2574000	-540.5592	-577.7812	37.22206	1	0.2055169	0.0962828	0.00333843	0.0198482	0.0568927	0.0223463	0.00383996	0.0193906	0.0215307	0.0169284	0.0236929	0.0744085	0.203853	0.0454252	0.00678974	0.321103	0.008152	0.0631048	0.000639363	0.0370176	0.397902	3.56444	3	1.006928
2575000	-520.6523	-569.3103	48.65792	10	1.623941	0.151241	0.00524205	0.00659094	0.115783	0.0354269	0.0178632	0.0102935	0.0252065	0.031283	0.0502801	0.0210931	0.419443	0.447486	0.029232	0.135333	0.0133386	0.134607	0.243849	0.607966	1.05694	2.09124	5	1.649743
2576000	-504.3226	-570.3563	66.03374	10	0.6185245	0.126821	0.00771408	0.0276042	0.0600198	0.0142679	0.0141271	0.0117545	0.068318	0.0136879	0.0307025	0.0678247	0.144892	0.131342	0.00708233	0.115961	0.00954341	0.0413038	0.0569498	0.322414	0.890483	2.73015	5	0.8929668
2577000	-510.0271	-572.9788	62.95172	10	0.3979097	0.0648002	0.00939394	0.0196177	0.031504	0.00495882	0.0288456	0.0225389	0.0147227	0.00301529	0.0293561	0.117228	0.215609	0.178936	0.0462287	0.119216	0.0107786	0.0832622	0.016414	0.180193	0.729009	3.07438	5	1.000013
2578000	-516.1175	-569.3033	53.18588	10	1.140835	0.170881	0.00112476	0.0079502	0.132648	0.00534255	0.0314048	0.0135596	0.0416357	0.0142129	0.0351412	0.204023	0.336981	0.158499	0.0577358	0.125624	0.0222263	0.0793625	0.164168	0.515344	1.01991	2.30058	5	1.438352
2579000	-513.9869	-574.5001	60.51319	10	0.5714923	0.0775428	0.000709686	0.000857248	0.0709346	0.0298922	0.0208748	0.0144117	0.0689951	0.0184924	0.0302831	0.10724	0.215638	0.167156	0.0277636	0.0750152	0.00129571	0.159082	0.0472867	0.29605	0.866048	2.79062	5	1.086185
2580000	-518.154	-569.4657	51.31165	10	0.7345858	0.127744	0.0098521	0.0259928	0.0896341	0.00468224	0.00482958	0.0409942	0.0117976	0.00861376	0.0550679	0.123861	0.208933	0.306557	0.0215524	0.191226	0.00852935	0.0654908	0.0815858	0.379402	0.93704	2.60197	5	1.305358
2581000	-514.5606	-566.3204	51.75971	10	1.569735	0.161769	0.011576	0.0127704	0.078249	0.0217776	0.018903	0.0288258	0.0376824	0.0344885	0.057497	0.111977	0.336218	0.264645	0.0529936	0.234249	0.0296208	0.0778637	0.235897	0.599767	1.05427	2.11007	5	1.571107
2582000	-539.7076	-573.599	33.89133	2	2.466742	0.143224	0.0257492	0.0308395	0.0645245	0.0465982	0.00318886	0.0263717	0.00197094	0.00431444	0.0508055	0.197725	0.0892526	0.253654	0.000566464	0.120847	0.0209333	0.0959825	0.343281	0.696953	1.07824	1.88153	4	1.176548
2583000	-531.8194	-568.6253	36.80596	2	0.9067054	0.236706	0.00187923	0.00242074	0.169239	0.0176202	0.0236357	0.0246586	0.0285229	0.0153409	0.0247141	0.028376	0.325288	0.296049	0.00451847	0.268248	0.021538	0.0702604	0.117984	0.446795	0.982641	2.45258	4	1.559016
2584000	-520.1351	-570.872	50.73684	10	1.192574	0.197981	0.00335058	0.0227235	0.0583941	0.0513002	0.0172438	0.0182378	0.00274451	0.0309894	0.0751072	0.118335	0.427172	0.40635	0.0133056	0.142235	0.0310827	0.111467	0.173705	0.527861	1.02579	2.27264	5	1.728019
2585000	-519.9141	-574.3978	54.48378	10	0.6104175	0.123565	0.019096	0.0159758	0.0456381	0.0305258	0.00362241	0.0181636	0.0140578	0.00289323	0.0269346	0.173024	0.123947	0.249004	0.00887611	0.187768	0.0198472	0.0530896	0.0552635	0.318013	0.886542	2.74018	5	1.116028
2586000	-525.1694	-566.2949	41.12545	2	0.4181248	0.0921702	0.00852867	0.000826778	0.0484109	0.0045211	0.00678687	0.00960301	0.0214532	0.00279795	0.0266647	0.00445547	0.435424	0.244717	0.0222423	0.19964	0.00626386	0.0542074	0.0194137	0.195161	0.750172	3.03525	4	1.188713
2587000	-536.3565	-570.9264	34.56995	2	0.6537642	0.138792	0.00751293	0.0407162	0.106737	0.0378524	0.0470419	0.0267819	0.0535574	0.0165515	0.0298271	0.0568884	0.324445	0.292369	0.0112252	0.272556	0.0210451	0.0681585	0.0643533	0.340873	0.906451	2.68832	4	1.552057
2588000	-532.1667	-574.0691	41.9024	2	0.3125695	0.108093	0.00459604	0.0105605	0.0188368	0.0332057	0.00482202	0.017441	0.0637566	0.0115508	0.0229818	0.0643052	0.185639	0.201832	0.0467502	0.128601	0.0270131	0.0284942	0.00637019	0.114302	0.61632	3.26301	4	0.9784789
2589000	-527.1725	-567.6676	40.49516	2	1.110099	0.0940861	0.000319905	0.0135454	0.0750905	0.0204698	0.00667183	0.038753	0.0405381	0.00923312	0.0390145	0.0782247	0.328385	0.179089	0.0543738	0.166216	0.0489335	0.114043	0.158383	0.507515	1.01609	2.31801	4	1.306987
2590000	-533.4931	-567.8485	34.35537	2	1.571954	0.131528	0.000490933	0.0284692	0.0761294	0.00237701	0.0247153	0.00902498	0.0340253	0.000765534	0.0643402	0.132002	0.344963	0.420739	0.0447533	0.120138	0.00516245	0.0553141	0.236227	0.600111	1.05438	2.10928	4	1.494937
2591000	-531.6803	-569.779	38.09872	2	1.486606	0.153194	0.0177119	0.00340768	0.0686954	0.0364644	0.0208278	0.0100347	0.0379883	0.00329578	0.0397356	0.127093	0.12158	0.176049	0.0402449	0.191846	0.0217629	0.0746682	0.223246	0.586312	1.04963	2.14082	4	1.1446
2592000	-535.9632	-566.398	30.43485	2	0.959561	0.183826	0.00833305	0.0351243	0.0730849	0.00130066	0.00258273	0.0295924	0.0837281	0.0219127	0.0577321	0.152741	0.362766	0.318232	0.0118876	0.314624	0.00734451	0.0381672	0.128816	0.46425	0.992962	2.41397	4	1.702979
2593000	-534.1775	-570.7551	36.57759	2	1.160393	0.142733	0.0175016	0.0602985	0.0972238	0.0348729	0.0227743	0.017002	0.0292345	0.00623936	0.0258396	0.343637	0.172973	0.353411	0.00610129	0.195766	0.0180577	0.1264	0.167802	0.52017	1.02221	2.28981	4	1.670066
2594000	-528.7834	-568.4143	39.6309	2	0.7981644	0.17197	0.0128936	0.00247744	0.0422399	0.0371359	0.0165503	0.0136097	0.037535	0.00954941	0.0154159	0.13459	0.265421	0.18062	0.0279314	0.169854	0.0222587	0.049058	0.0951681	0.406394	0.956445	2.54199	4	1.209111
2595000	-518.1797	-571.7836	53.60393	10	1.554729	0.143587	0.0314276	0.0208447	0.092011	0.00212846	0.0108011	0.0628935	0.0622913	0.0186529	0.0635423	0.0602011	0.366195	0.284121	0.0371601	0.159335	0.00433222	0.0512762	0.233654	0.59742	1.05348	2.11545	5	1.4708
2596000	-520.1054	-574.3292	54.22387	10	0.5170041	0.152249	0.000759209	0.016182	0.0354045	0.0313083	0.00106452	0.0259157	0.00276503	0.0202419	0.0578846	0.165068	0.248411	0.0755585	0.00950615	0.159487	0.00535201	0.150492	0.036581	0.262872	0.832257	2.86829	5	1.15765
2597000	-515.4179	-569.3485	53.93061	10	1.707013	0.165461	0.000967752	0.016492	0.117743	0.0500044	0.000466996	0.0559329	0.0129841	0.0120739	0.0224479	0.325722	0.302541	0.211933	0.0577384	0.332724	0.00596454	0.155246	0.255604	0.619742	1.06057	2.06408	5	1.846442
2598000	-539.8165	-577.6026	37.78609	2	1.616826	0.0608801	0.0104079	0.0300098	0.0836636	0.00368716	0.018114	0.0239608	0.083413	0.0141426	0.0523729	0.199437	0.201421	0.169302	0.00519873	0.192614	0.010615	0.031712	0.242818	0.606914	1.0566	2.09366	4	1.190951
2599000	-543.3916	-569.9767	26.58515	2	4.515446	0.150235	0.0125434	0.0340732	0.132953	0.0271614	0.0105019	0.0517323	0.086063	0.017228	0.0342894	0.232419	0.345538	0.273503	0.0222505	0.231662	0.0510818	0.115101	0.480616	0.791338	1.08403	1.64402	4	1.828335
2600000	-517.1082	-569.0184	51.91026	10	0.4041024	0.150933	0.0014939	0.0336516	0.0651107	0.00139291	0.00460418	0.0208125	0.0388338	0.0132509	0.0147627	0.14048	0.300008	0.243975	0.0145138	0.329625	0.0399281	0.0798286	0.0173107	0.184814	0.735682	3.06219	5	1.493204
2601000	-534.5897	-570.2202	35.63049	2	1.29928	0.157929	0.0100212	0.00717584	0.0967646	0.0413651	0.0274082	0.0272545	0.0358631	0.0263479	0.0639299	0.0444118	0.347387	0.238529	0.0823062	0.252991	1.42922e-05	0.0899521	0.192585	0.551338	1.03608	2.21999	4	1.54965
2602000	-539.8365	-570.1614	30.32486	2	2.480882	0.259659	0.0196676	0.0108139	0.0653483	0.0865725	0.00154376	0.0460207	0.00633704	0.00918817	0.0894014	0.0615804	0.422786	0.353504	0.0366732	0.139621	0.0351194	0.159504	0.344637	0.698023	1.07841	1.87893	4	1.803341
2603000	-537.8436	-574.257	36.41339	2	1.380976	0.133729	0.00437962	0.000883038	0.0800107	0.0435212	0.0506708	0.00521547	0.0368981	0.00296158	0.0188751	0.271393	0.0864598	0.361262	0.0130264	0.226684	0.0656744	0.117881	0.206336	0.567466	1.04259	2.1836	4	1.519525
2604000	-514.8806	-567.0332	52.15257	10	0.9676453	0.126529	0.0151037	0.00525536	0.0548126	0.0590484	0.014256	0.0300082	0.0494027	0.0126007	0.08126	0.107349	0.276498	0.300673	0.0285273	0.359617	0.0261751	0.0998	0.130454	0.466806	0.994425	2.40832	5	1.646916
2605000	-516.2095	-570.6466	54.4371	10	2.621795	0.177276	0.00903131	0.019982	0.0536448	0.0548883	0.0373356	0.0468889	0.0474299	0.0231121	0.0378217	0.288911	0.21205	0.332502	0.057297	0.169233	0.0545502	0.181022	0.357708	0.708175	1.07989	1.85423	5	1.802976
2606000	-505.7243	-563.9221	58.1978	10	0.8297084	0.142203	0.00443266	0.00224962	0.0806753	0.0202155	0.0162344	0.0191715	0.061892	0.00832313	0.0291122	0.161879	0.177036	0.272755	0.00869654	0.147874	0.034363	0.0674884	0.101863	0.418825	0.964859	2.51445	5	1.254602
2607000	-508.5516	-562.9412	54.38959	10	1.259432	0.185833	0.00513539	0.00916804	0.104836	0.0161773	0.0201325	0.0136407	0.0280414	0.010322	0.0358092	0.177522	0.310393	0.264072	0.0309815	0.158522	0.0451386	0.100974	0.185658	0.542913	1.0325	2.23893	5	1.516698
2608000	-535.2902	-578.3524	43.06226	10	1.984238	0.0895622	0.00332252	0.120359	0.066731	0.0370424	0.0109172	0.0205925	0.0175109	0.00263025	0.0210999	0.133844	0.391068	0.132564	0.0280234	0.27855	0.0498847	0.161041	0.291386	0.653327	1.06959	1.9857	5	1.564744
2609000	-535.4057	-567.4694	32.06366	2	2.333784	0.182012	0.00697836	0.00543682	0.0852226	0.0376549	0.00831317	0.0137341	0.0174092	0.0255837	0.0839789	0.00103368	0.537439	0.474498	0.015043	0.245586	0.045093	0.110691	0.330109	0.686383	1.07647	1.90704	4	1.895708
2610000	-515.3837	-564.9196	49.53599	10	3.205845	0.163078	0.00704747	0.0261399	0.102889	0.0506266	0.0138557	0.0303686	0.0144044	0.0287941	0.083464	0.245366	0.400196	0.225392	0.0212906	0.175455	0.0416404	0.128147	0.404585	0.742324	1.08336	1.76973	5	1.758155
2611000	-538.1306	-572.5791	34.44851	2	1.660115	0.0991372	0.0160667	0.0100863	0.0589946	0.0377107	0.0153919	0.0264548	0.00201653	0.0272547	0.0469372	0.0813845	0.252166	0.283184	0.0188613	0.129348	0.00952204	0.177579	0.249031	0.613206	1.05859	2.07918	4	1.292096
2612000	-539.617	-574.0022	34.38527	2	1.370413	0.152191	0.00817929	0.0149616	0.184942	0.0296702	0.0118297	0.0163099	0.0704173	0.035045	0.0302738	0.0644794	0.274478	0.314766	0.025527	0.181221	0.0217572	0.0579003	0.204592	0.565462	1.04181	2.18814	4	1.493949
2613000	-532.5286	-566.2399	33.71127	2	2.48553	0.243422	0.00463316	0.00779709	0.107153	0.0379897	0.023276	0.0310917	0.0280958	0.0399504	0.0404613	0.0758362	0.313046	0.309192	0.0172527	0.177841	0.0767472	0.116004	0.34508	0.698373	1.07846	1.87809	4	1.649789
2614000	-544.2285	-569.2741	25.04568	1	1.492335	0.152508	0.000110243	0.0027897	0.204397	0.0176667	0.00250789	0.0118995	0.0375227	0.0250718	0.0506948	0.0152543	0.566353	0.576452	0.0600035	0.222149	0.000740324	0.149763	0.224136	0.587276	1.04997	2.13862	3	2.095883
2615000	-519.4285	-571.758	52.32944	10	1.930217	0.188395	0.0228782	0.0255815	0.0714288	0.0909014	0.000379456	0.0496815	0.0169873	0.0239087	0.0410554	0.196398	0.174728	0.318872	0.00880226	0.148361	0.0037503	0.12912	0.2848	0.647382	1.06814	1.99968	5	1.511229
2616000	-531.8878	-570.912	39.02425	2	0.3589198	0.0820483	0.00358984	0.00674374	0.0436489	0.0432021	0.000819723	0.0233699	0.0421033	0.00780651	0.040871	0.153831	0.251432	0.0681163	0.0345228	0.104363	0.006923	0.0802905	0.0112611	0.150475	0.682706	3.15556	4	0.993682
2617000	-516.9145	-565.2995	48.38494	10	1.50216	0.163335	0.00791458	0.0108611	0.152439	0.035975	0.00629492	0.0441224	0.00625936	0.00793777	0.0273295	0.158779	0.184363	0.257047	0.00378783	0.165091	0.0480285	0.137786	0.225656	0.588916	1.05055	2.13488	5	1.417352
2618000	-541.9589	-575.2	33.24106	2	0.8857984	0.117401	0.000778781	0.0156945	0.0564003	0.03006	0.00685875	0.0261439	0.175687	0.0230163	0.0230347	0.168889	0.606058	0.241223	0.0435472	0.111024	0.0124229	0.026298	0.113643	0.439514	0.978161	2.46868	4	1.684538
2619000	-518.4199	-572.9716	54.5517	10	0.3401688	0.133718	0.00258044	0.00170218	0.0829505	0.158117	0.00998062	0.0141372	0.0045627	0.0195963	0.0312522	0.303581	0.263236	0.236785	0.0362968	0.130853	0.000606068	0.117766	0.0091115	0.135894	0.657488	3.19751	5	1.547721
2620000	-517.008	-578.3154	61.30737	10	0.5666493	0.108887	0.00631397	0.0365694	0.0661752	0.0372369	0.00402535	0.0159837	0.0389303	0.0118325	0.0635952	0.250235	0.0694334	0.193015	0.0177548	0.20515	0.0860503	0.193039	0.0463107	0.293218	0.863301	2.79717	5	1.404226
2621000	-513.7901	-569.4508	55.66075	10	0.8900364	0.0993374	0.00818775	0.0236749	0.0611843	0.00205982	0.012892	0.0311358	0.0222466	0.0122712	0.0606461	0.152055	0.149324	0.226122	0.0251068	0.200195	0.0189835	0.388157	0.114525	0.441008	0.979089	2.46538	5	1.49358
2622000	-523.3749	-567.2	43.8251	10	4.049936	0.233629	0.0108388	0.013469	0.0770197	0.0351648	0.0184197	0.0301872	0.00406406	0.0129775	0.0381134	0.018407	0.19876	0.469412	0.0179826	0.262017	0.0771466	0.509603	0.457085	0.776918	1.08439	1.68161	5	2.027212
2623000	-520.3069	-566.8945	46.58755	10	0.9387888	0.128081	0.00395173	0.0114806	0.0765193	0.0534402	0.00545724	0.0426269	0.0564075	0.0174564	0.0515165	0.00213752	0.113533	0.26453	0.0227154	0.170257	0.064889	0.439505	0.124585	0.457547	0.989068	2.4288	5	1.524504
2624000	-532.1954	-572.2592	40.06374	2	1.658942	0.115452	0.00779369	0.0189242	0.0739006	0.0298834	0.0187156	0.015446	0.060414	0.0128554	0.0365997	0.0582352	0.0535199	0.356749	0.0550645	0.109055	0.010648	0.221049	0.248865	0.613039	1.05854	2.07956	4	1.254305
2625000	-529.4926	-569.9737	40.48104	2	0.7510107	0.12674	0.00186068	0.00786356	0.078037	0.0406463	0.00705988	0.0304349	0.0584001	0.0288666	0.0218817	0.180045	0.0731456	0.0422175	0.00646331	0.203498	0.0110491	0.26055	0.0851008	0.386637	0.942398	2.58586	4	1.17876
2626000	-536.3971	-575.8158	39.41865	2	0.5716071	0.190582	0.00239614	0.00062555	0.0563262	0.00660169	0.0144233	0.0120785	0.0190766	0.0328527	0.0384444	0.25778	0.127999	0.0761134	0.00733044	0.0875989	0.0084116	0.270685	0.0473099	0.296116	0.866112	2.79046	4	1.209326
2627000	-533.9849	-574.4155	40.43061	2	0.8585299	0.072535	0.00854604	0.00658269	0.0689312	0.019703	0.010347	0.0296086	0.0702351	0.000947201	0.0765803	0.156498	0.032133	0.136014	0.0220128	0.144729	0.0333085	0.242325	0.107939	0.429673	0.971941	2.49045	4	1.131037
2628000	-550.5918	-578.1398	27.54809	2	4.916878	0.0933308	0.0258523	0.0308235	0.127588	0.111352	0.0360952	0.00321319	0.0769488	0.00475078	0.0720566	0.326564	0.0734713	0.232673	0.023927	0.221913	0.0394591	0.373143	0.498588	0.801941	1.08344	1.61603	4	1.873162
2629000	-511.0535	-566.9975	55.94398	10	0.4655513	0.12424	0.00210849	0.00117701	0.0523218	0.045152	0.00366935	0.00590633	0.000222279	0.0108918	0.0402062	0.176734	0.119427	0.133365	0.00638314	0.189919	0.0147739	0.351542	0.0271946	0.228833	0.793489	2.95048	5	1.278039
2630000	-540.9306	-569.7625	28.83188	2	1.795391	0.236179	0.00143874	0.0101629	0.0706729	0.0414263	0.0073187	0.0127693	0.0354207	0.0379431	0.0619622	0.482678	0.130159	0.106699	0.02502	0.297122	0.042134	0.356658	0.267564	0.631329	1.06391	2.0372	4	1.955763
2631000	-520.2158	-569.3758	49.15999	10	2.196098	0.125119	0.0178429	0.0315979	0.0657194	0.039268	0.0137217	0.0541131	0.0160805	0.0057675	0.0617382	0.185443	0.0871679	0.07031	0.0394101	0.19769	0.0113004	0.332254	0.315611	0.674368	1.0742	1.93582	5	1.354544
2632000	-538.8731	-573.3791	34.50605	2	1.457487	0.151995	0.00708054	0.0209734	0.0651144	0.0364259	0.0284016	0.0174798	0.0248111	0.0181766	0.0511585	0.305058	0.0868722	0.250016	0.0106986	0.243658	0.0540479	0.323173	0.21868	0.581324	1.04782	2.15217	4	1.695141
2633000	-531.0273	-570.9656	39.93832	2	1.547185	0.0887258	0.0179227	0.0362909	0.0819515	0.0570862	0.0284786	0.00392303	0.0299793	0.0268123	0.049516	0.238208	0.0884157	0.209555	0.0476122	0.0976795	0.0275444	0.227646	0.23252	0.596226	1.05308	2.11818	4	1.357347
2634000	-520.7997	-566.9788	46.17902	10	1.84722	0.147123	0.00570229	0.00475018	0.141383	0.0500196	0.0110045	0.0374235	0.0392454	0.0232279	0.0708784	0.478093	0.163918	0.219723	0.0551181	0.325668	0.00580714	0.33866	0.274329	0.637717	1.06565	2.0223	5	2.117746
2635000	-524.2418	-570.3882	46.14635	10	3.31694	0.166588	0.0132133	0.0273379	0.111988	0.0290811	0.0232482	0.0360076	0.0937626	0.038915	0.0761788	0.263881	0.106866	0.328395	0.0218513	0.164617	0.0415655	0.390772	0.412386	0.747692	1.08369	1.75623	5	1.934269
2636000	-518.402	-565.4764	47.07443	10	2.337171	0.164215	0.036064	0.0163418	0.0911418	0.0260595	0.00842934	0.0525384	0.0496372	0.0201972	0.0737935	0.325712	0.0831052	0.208481	0.0386972	0.253893	0.0119319	0.245508	0.330455	0.686665	1.07652	1.90636	5	1.705745
2637000	-508.4921	-566.5259	58.03385	10	0.5072669	0.124207	0.00851013	0.0342835	0.0502679	0.0212346	0.00939445	0.0281094	0.0321665	0.00455051	0.0352205	0.196677	0.0658471	0.0762379	0.0361907	0.126216	0.0228419	0.168436	0.0347424	0.256633	0.825485	2.88314	5	1.04039
2638000	-531.8221	-575.7764	43.95428	10	4.638619	0.123311	0.000228931	0.0193052	0.0961041	0.00566119	0.0252918	0.0143668	0.0672347	0.0683303	0.0824527	0.262567	0.0972886	0.0657721	0.0900087	0.212093	0.0406058	0.455056	0.486339	0.794752	1.08387	1.63504	5	1.725679
2639000	-521.7208	-567.6167	45.89594	10	1.406611	0.210089	0.000118856	0.00114763	0.192214	0.0497914	0.00566753	0.0505332	0.0034378	0.0166808	0.0600783	0.24541	0.126841	0.170253	0.0042929	0.232722	0.0843272	0.405788	0.210529	0.572236	1.04443	2.1728	5	1.859392
2640000	-538.4763	-574.9432	36.46682	2	1.51878	0.0934428	0.0034706	0.0254504	0.027496	0.0164836	0.00717068	0.0155875	0.07736	0.0121744	0.0419303	0.217756	0.117863	0.191382	0.0552676	0.248044	0.0243536	0.224484	0.228209	0.591653	1.05151	2.12863	4	1.399715
2641000	-535.7998	-572.8605	37.06074	2	2.15943	0.18072	0.0175379	0.00446598	0.110675	0.0034094	0.00342112	0.0303994	0.0405112	0.0449505	0.0308335	0.340683	0.0827333	0.285018	0.0266629	0.158241	0.112133	0.0814408	0.311591	0.670963	1.07351	1.94394	4	1.553835
2642000	-523.8321	-577.3194	53.48734	10	0.6285514	0.112407	0.00773759	0.0102899	0.0717701	0.052359	0.0149387	0.0406771	0.059649	0.0389575	0.0114142	0.215487	0.0531167	0.236476	0.0264973	0.101453	0.0648006	0.250376	0.0590451	0.327775	0.895214	2.71797	5	1.368406
2643000	-517.8486	-566.0927	48.24414	10	1.934039	0.198107	0.0250305	0.000768865	0.0961013	0.00585737	0.0368926	0.0130212	0.0520994	0.00439727	0.0588698	0.529568	0.077362	0.126352	0.0130417	0.408604	0.0647439	0.296542	0.285272	0.647811	1.06825	1.99867	5	2.007359
2644000	-551.9059	-582.3313	30.42539	2	4.123812	0.11068	0.0273294	0.043917	0.14995	0.0102993	0.00653789	0.0560507	0.0998983	0.0160827	0.110497	0.685076	0.0536436	0.393567	0.0935044	0.135644	0.0143957	0.0702353	0.461037	0.779385	1.08436	1.67522	4	2.077308
2645000	-518.0321	-574.8904	56.85831	10	0.726117	0.108302	0.00479462	0.00139104	0.0161463	0.0425831	0.00090771	0.0249668	0.00689783	0.0109708	0.0437029	0.119377	0.15244	0.17874	0.00411465	0.125921	0.0416681	0.202687	0.0797733	0.375597	0.934175	2.61046	5	1.085611
2646000	-514.1989	-572.1144	57.91553	10	0.5642798	0.116312	0.015559	0.00539343	0.0933616	0.0392935	0.00130208	0.0515537	0.0551122	0.00762675	0.0237287	0.137261	0.0745344	0.17193	0.0123925	0.121109	0.004626	0.249698	0.0458347	0.291824	0.861941	2.8004	5	1.180794
2647000	-544.653	-569.5476	24.89456	1	2.925927	0.249289	0.0173372	0.00214333	0.0799617	0.00229929	0.029512	0.0211049	0.0109102	0.035689	0.0288865	0.450551	0.185009	0.0066093	0.0476446	0.325385	0.0262817	0.449023	0.383449	0.727342	1.08212	1.80708	3	1.967637
2648000	-521.169	-578.8614	57.69243	10	0.2635926	0.12134	0.00415738	0.0240781	0.04407	0.0199426	0.0472977	0.00483644	0.0418995	0.00445642	0.0305488	0.154156	0.144281	0.190754	0.0288374	0.245489	0.0032012	0.181947	0.00280669	0.076667	0.529287	3.39124	5	1.291294
2649000	-525.1957	-571.0076	45.81194	10	2.449046	0.15991	1.43364e-05	0.00339163	0.122572	0.0190522	0.00398217	0.011623	0.0365551	0.0162027	0.0428632	0.218867	0.0997105	0.219755	0.0951791	0.197659	0.0401456	0.330862	0.341572	0.6956	1.07803	1.8848	5	1.618345
2650000	-523.4286	-572.4871	49.05855	10	0.730239	0.0969762	0.0271954	0.0287725	0.0472183	0.0217805	0.0244928	0.0313343	0.0317624	0.0223571	0.0672207	0.254678	0.178382	0.131645	0.0467987	0.263201	0.0177998	0.35069	0.0806555	0.377455	0.935579	2.60631	5	1.642305
2651000	-536.9054	-569.6622	32.75677	1	1.830366	0.0976057	0.0113982	0.00204121	0.0741531	0.00995198	0.000613303	0.039323	0.00576363	0.00930777	0.0767637	0.286568	0.105959	0.074394	0.00179273	0.160525	0.0479752	0.286836	0.272149	0.635671	1.0651	2.02708	3	1.290971
2652000	-524.2072	-570.3301	46.1229	10	1.926144	0.25007	0.00403419	0.00204328	0.137127	0.0668717	0.0226428	0.0251024	0.114352	0.0108492	0.0573615	0.338279	0.0396162	0.0156975	0.0461423	0.160411	0.0237538	0.387369	0.284296	0.646923	1.06803	2.00075	5	1.701723
2653000	-537.3946	-569.9513	32.55665	2	3.149225	0.242118	0.0194662	0.000810559	0.0921145	0.0139643	0.0234436	0.0360053	0.111773	0.00877164	0.0783074	0.239165	0.0548691	0.265439	0.0416562	0.285939	0.0156899	0.323253	0.400487	0.739469	1.08316	1.77688	4	1.852785
2654000	-511.8325	-568.8728	57.0403	10	1.123919	0.0846717	0.0153895	0.0126969	0.0824681	0.0227495	0.0215947	0.00628435	0.0255463	0.00766468	0.0635278	0.16727	0.119379	0.10744	0.0492236	0.134707	0.0409409	0.212142	0.160995	0.511073	1.01784	2.31009	5	1.173697
2655000	-515.3874	-571.0898	55.70239	10	0.3523388	0.168595	0.00690524	0.0346961	0.0521486	0.0115001	0.00744691	0.0247079	0.0147394	0.00483921	0.0632848	0.322269	0.0396844	0.0763089	0.00156076	0.148303	0.037518	0.379188	0.0104811	0.145373	0.674092	3.17005	5	1.393695
2656000	-529.6209	-571.2735	41.65261	2	0.3875796	0.139393	0.00902584	0.00555283	0.0454204	0.163014	0.00847752	0.0157418	0.0298685	0.0245862	0.0360142	0.176733	0.0462036	0.12616	0.0133729	0.171514	0.0230319	0.291633	0.0149641	0.172418	0.717483	3.09513	4	1.325744
2657000	-532.7903	-573.9821	41.19173	2	1.275042	0.0775799	0.0314228	0.003624	0.0546905	0.0246718	0.0267929	0.0137201	0.024449	0.000883747	0.0322455	0.170391	0.0740968	0.0548723	0.0273361	0.178814	0.0148305	0.271377	0.188389	0.54626	1.03394	2.23141	4	1.081798
2658000	-545.2541	-578.8578	33.60368	2	2.247959	0.158042	0.0621271	0.0216003	0.108117	0.113659	0.0265861	0.0259633	0.0871246	0.0267262	0.0196082	0.419077	0.0353486	0.122989	0.0129432	0.137806	0.0160464	0.431401	0.32118	0.679032	1.07511	1.92467	4	1.825166
2659000	-545.2177	-574.6904	29.47271	1	0.8533971	0.214215	0.00297664	0.0319113	0.101045	0.0104591	0.0193113	0.0339241	0.000620585	0.0503799	0.0220295	0.24329	0.126468	0.184332	0.00613461	0.336575	0.0582326	0.275169	0.10686	0.427776	0.970719	2.49465	3	1.717075
2660000	-528.215	-568.6479	40.43291	2	0.7518354	0.192486	0.000727466	0.00219674	0.0481593	0.0223585	0.0238275	0.0186685	0.0180449	0.0105704	0.0362825	0.182856	0.157912	0.212566	0.044674	0.173585	0.0117285	0.165629	0.0852772	0.386995	0.94266	2.58507	4	1.322272
2661000	-518.4833	-574.4506	55.96734	10	1.552549	0.105553	0.00199426	0.0193909	0.152488	0.0445118	0.0181547	0.0350534	0.0684718	0.0279914	0.0213525	0.254002	0.0677418	0.0981692	0.00661722	0.155388	0.00890771	0.162878	0.233327	0.597076	1.05336	2.11623	5	1.248665
2662000	-517.1724	-574.1217	56.94928	10	1.118117	0.0916372	0.0123435	0.0351658	0.133596	0.0212576	0.0195272	0.0489562	0.057906	0.00700888	0.0785265	0.338235	0.068666	0.0187854	0.0428682	0.128641	0.0163205	0.387642	0.159901	0.509587	1.01711	2.3134	5	1.507083
2663000	-522.5118	-567.8954	45.38364	10	1.532821	0.250962	0.0371065	0.00377187	0.0857929	0.00941434	0.0186233	0.0242178	0.0132483	0.0173085	0.034211	0.246702	0.102199	0.0910421	0.0268725	0.254141	0.0313163	0.239135	0.230348	0.59393	1.05229	2.12343	5	1.486064
2664000	-538.042	-572.7361	34.69414	2	2.644389	0.21563	0.0181251	0.027453	0.0635576	0.027236	0.027231	0.0622278	0.0602908	0.00355782	0.0472334	0.332528	0.106536	0.128703	0.0549834	0.261378	0.0185452	0.177813	0.359732	0.709722	1.08009	1.85045	4	1.63303
2665000	-528.1229	-568.6044	40.48155	2	0.645246	0.143338	0.0154171	0.0111535	0.0461317	0.00489154	0.0108087	0.00808856	0.0309993	0.00436252	0.0398006	0.229421	0.10309	0.0281445	0.0105213	0.136505	0.00884573	0.278315	0.0625543	0.336508	0.902756	2.69818	4	1.109835
2666000	-515.6764	-572.6243	56.94791	10	0.8876541	0.18645	0.0055007	0.00791821	0.0381883	0.00834349	0.0424225	0.00204232	0.0211217	0.0189091	0.0954113	0.217004	0.0756181	0.216677	0.026991	0.201831	0.00940688	0.21745	0.114029	0.440169	0.978569	2.46723	5	1.391286
2667000	-529.3283	-567.2544	37.92614	2	0.3742909	0.114855	0.000386153	0.00484867	0.13095	0.00346221	0.0109774	0.025721	0.01098	0.0297986	0.029155	0.355205	0.120298	0.0532533	0.00676773	0.188368	0.00683107	0.327511	0.0131869	0.162306	0.701891	3.12262	4	1.41937
2668000	-531.6529	-573.5986	41.94566	2	0.5462986	0.0571942	0.0218491	0.00674228	0.025148	0.0202433	0.00925606	0.0178359	0.0519824	0.0262071	0.041311	0.213486	0.0436211	0.070583	0.0250545	0.164234	0.0107818	0.200995	0.0422573	0.28107	0.851238	2.82543	4	1.006525
2669000	-520.7641	-570.8346	50.07054	10	1.347639	0.215253	0.0196672	0.0635168	0.0974637	0.0371869	0.0104764	0.0408919	0.0178752	0.0314709	0.0606521	0.46568	0.204053	0.0753425	0.0619586	0.237786	0.0077136	0.304739	0.200798	0.561062	1.04006	2.19808	5	1.951728
2670000	-513.6349	-569.2488	55.61392	10	1.707316	0.190814	0.00262847	0.00475858	0.0726556	0.0567155	0.0100132	0.033027	0.0049429	0.00626829	0.0495418	0.22179	0.134069	0.135079	0.0101416	0.150538	0.0373885	0.180715	0.255646	0.619783	1.06059	2.06398	5	1.301087
2671000	-524.9105	-572.1331	47.22261	10	1.20771	0.111564	0.0168274	0.0190455	0.0695627	0.00580251	0.00232101	0.0136669	0.0472259	0.0044744	0.0505311	0.345216	0.118989	0.211245	0.0491132	0.158251	0.0539515	0.113122	0.176447	0.531375	1.0274	2.26478	5	1.39091
2672000	-537.8203	-571.6032	33.78292	2	4.132133	0.121689	0.00358196	0.00112339	0.0852579	0.0406432	0.0218858	0.0133534	0.0641056	0.031467	0.00989193	0.393017	0.150549	0.206673	0.052339	0.22393	0.0253085	0.231536	0.461477	0.779658	1.08436	1.67451	4	1.676351
2673000	-539.4525	-573.8713	34.41882	2	2.254775	0.113774	0.0123349	0.0243478	0.091783	0.012611	0.00925823	0.0184081	0.0215983	0.0100457	0.0366736	0.269337	0.102493	0.176345	0.0245417	0.21284	0.050171	0.0389265	0.321902	0.679632	1.07523	1.92324	4	1.225489
2674000	-545.1763	-572.2953	27.11894	2	4.424309	0.194927	0.00424098	0.0276001	0.142238	0.0455081	0.0143459	0.0686035	0.0754772	0.0127555	0.0636642	0.351499	0.0620066	0.288367	0.00716027	0.364615	0.0286078	0.0648002	0.476254	0.788712	1.08413	1.6509	4	1.816416
2675000	-526.7145	-572.8904	46.17593	10	3.624162	0.138067	0.0660901	0.0365744	0.129077	0.00646375	0.029463	0.0284751	0.030822	0.0164858	0.0136625	0.310721	0.136384	0.380816	0.013595	0.148837	0.094822	0.166379	0.432443	0.76112	1.08424	1.72219	5	1.746734
2676000	-519.2824	-572.9578	53.67534	10	1.217608	0.193074	0.00537261	0.0148437	0.118026	0.0109588	0.0166549	0.0325923	0.025831	0.0314386	0.0855446	0.413136	0.184938	0.467091	0.0177104	0.300375	0.0623965	0.0866639	0.178229	0.533638	1.02842	2.25972	5	2.066648
2677000	-518.1147	-577.7568	59.64209	10	1.006584	0.183143	0.0038573	0.0103533	0.0364056	0.031953	0.00238058	0.0436967	0.0228734	0.0341338	0.0308946	0.222872	0.148456	0.298797	0.0269896	0.144834	0.0737634	0.196664	0.138266	0.478722	1.00108	2.38193	5	1.512068
2678000	-526.9212	-570.098	43.17679	2	0.4545381	0.15788	0.00180315	0.00528501	0.0399483	0.00807776	0.012729	0.00147584	0.0266645	0.00599092	0.02025	0.102355	0.0429701	0.131746	0.0159123	0.167956	0.00427692	0.141578	0.0253038	0.221205	0.784147	2.96934	4	0.8868993
2679000	-525.9648	-568.0904	42.12563	2	0.1598133	0.0800121	0.00160892	0.00121601	0.0357696	0.0310133	0.0154766	0.00303554	0.00946942	0.0021977	0.0217516	0.130951	0.0406812	0.362271	0.0301776	0.102572	0.00064443	0.152681	9.34865e-05	0.0142636	0.271186	3.71446	4	1.021529
2680000	-528.4526	-568.2362	39.78358	2	0.8315153	0.122117	0.0018126	0.0258392	0.0773898	0.0297387	0.0125343	0.0193501	0.0444451	0.0115001	0.0598129	0.26842	0.0806478	0.274942	0.00891612	0.259575	0.00237313	0.0521324	0.102245	0.419519	0.965319	2.51292	4	1.351547
2681000	-519.22	-567.8038	48.58382	10	1.019554	0.127649	0.00547703	0.00509791	0.116506	0.087347	0.00274682	0.0274637	0.0569436	0.00677808	0.0280267	0.279763	0.12103	0.151232	0.0498198	0.311423	0.0153677	0.173545	0.140839	0.482551	1.00317	2.37344	5	1.566215
2682000	-522.2645	-574.2313	51.96688	10	1.336835	0.0644696	0.0020989	0.0104721	0.0914449	0.00431353	0.000819282	0.0739102	0.028582	0.014254	0.0158372	0.255393	0.194792	0.398527	0.017436	0.236304	0.0642496	0.221381	0.198981	0.558935	1.03921	2.20288	5	1.694284
2683000	-511.714	-575.893	64.17894	10	0.5516578	0.104291	0.00162107	0.00118079	0.0426796	0.0232479	0.0197301	0.000504926	0.0110359	0.00534007	0.0615834	0.161029	0.0615123	0.184798	0.0119941	0.071359	0.0284954	0.0823023	0.0433168	0.284308	0.854499	2.81788	5	0.8727052
2684000	-529.5787	-568.0886	38.50997	2	2.512277	0.110696	0.011485	0.0089855	0.0602266	0.0163582	0.027189	0.00919152	0.0331411	0.0123136	0.0636656	0.185979	0.083955	0.273832	0.0518672	0.151511	0.00206856	0.115786	0.347618	0.700365	1.07877	1.87325	4	1.21825
2685000	-530.9375	-573.0745	42.13693	2	0.9077774	0.065427	0.00164881	0.0074305	0.0564084	0.0289106	0.0389294	0.00791988	0.0235013	0.025926	0.0389091	0.12435	0.05368	0.170664	0.00136202	0.133807	0.0343058	0.097265	0.118206	0.447162	0.982864	2.45177	4	0.9104443
2686000	-529.8336	-567.729	37.89539	2	1.264132	0.15175	0.00314296	0.0172301	0.110351	0.00700339	0.0347777	0.0181461	0.0164026	0.00445992	0.0496749	0.328421	0.0990121	0.205507	0.00232372	0.177503	0.0648072	0.145222	0.186483	0.543927	1.03294	2.23665	4	1.435735
2687000	-526.8854	-566.297	39.41163	2	0.9610259	0.130626	0.00195377	0.0319911	0.0815568	0.00700339	0.0269478	0.0148803	0.0247045	0.00463882	0.0496749	0.256254	0.0990121	0.19433	0.00232372	0.177503	0.0512248	0.198441	0.129113	0.464715	0.99323	2.41294	4	1.353065
2688000	-535.6734	-574.165	38.49163	2	1.675855	0.101499	0.00345075	0.00620732	0.0876181	0.041909	0.0100053	0.0638565	0.0542981	0.00713288	0.0388056	0.218462	0.103404	0.295506	0.0253057	0.137045	0.056102	0.0890242	0.251255	0.615431	1.05927	2.07404	4	1.33963
2689000	-534.7874	-566.4403	31.65292	1	0.6989864	0.213563	0.00763878	0.00982765	0.0997435	0.00374318	0.0331945	0.00342721	0.0697677	0.00783187	0.0369288	0.349568	0.0819399	0.279013	0.00989405	0.198994	0.00591271	0.103506	0.0739718	0.363052	0.924492	2.63848	3	1.514494
2690000	-529.262	-571.3933	42.13131	2	0.8360493	0.149934	0.00551723	0.00511827	0.0402288	0.00940033	0.00757566	0.0418088	0.0288729	0.0141632	0.062485	0.193876	0.0837486	0.257051	0.00935803	0.160521	0.00442455	0.146822	0.103203	0.421253	0.966464	2.50908	4	1.220905
2691000	-523.2251	-564.5402	41.31506	2	0.3551427	0.113792	0.000676105	0.00117358	0.0430101	0.0386771	0.00112178	0.0154772	0.0147801	0.0100308	0.0139263	0.126381	0.065774	0.182587	0.0072412	0.117717	0.00877339	0.126352	0.0108101	0.147549	0.677792	3.16385	4	0.8874914
2692000	-515.5089	-573.5941	58.08516	10	0.9263393	0.150846	0.018301	0.0191327	0.107975	0.00721349	0.0219257	0.0173623	0.0804447	0.00747896	0.0297437	0.238026	0.0278742	0.30891	0.0100767	0.188326	0.0269186	0.0466435	0.122032	0.453434	0.986635	2.4379	5	1.307197
2693000	-537.7179	-571.657	33.93917	2	0.6785217	0.361868	0.00326567	0.013419	0.0468859	0.073553	0.031146	0.0282636	0.0389155	0.01438	0.0412059	0.387998	0.0799346	0.184254	0.0202055	0.286036	0.0141182	0.0327995	0.0696077	0.353217	0.916642	2.66053	4	1.658249
2694000	-539.338	-570.6947	31.35679	2	1.610198	0.196881	0.00696895	0.0368173	0.0700703	0.00993955	0.0326874	0.0243971	0.0391987	0.0177414	0.0443219	0.349077	0.1328	0.489213	0.00600994	0.2152	0.0803812	0.106342	0.241855	0.605927	1.05629	2.09593	4	1.858047
2695000	-514.9245	-568.2205	53.29608	10	1.112989	0.117882	0.0256085	0.00767657	0.111595	0.0258953	0.0165558	0.0411931	0.0108242	0.00896013	0.0950177	0.30206	0.119115	0.333366	0.038788	0.224407	0.0177415	0.0988235	0.158931	0.508264	1.01646	2.31634	5	1.595509
2696000	-514.3439	-566.489	52.14506	10	2.135105	0.155337	0.0335618	0.00983418	0.0572546	0.0362402	0.00958848	0.019275	0.0379228	0.0137806	0.0354539	0.215425	0.157779	0.270064	0.0422143	0.238617	0.0213477	0.0948373	0.308886	0.668652	1.07303	1.94943	5	1.448534
2697000	-536.8074	-569.4555	32.64807	2	2.233974	0.137813	0.00738073	0.000403007	0.0658832	0.00330334	0.00521484	0.0117675	0.0551786	0.0222153	0.0194281	0.327647	0.0597513	0.301406	0.0193356	0.229569	0.0432928	0.0703238	0.319691	0.677791	1.07488	1.92764	4	1.379914
2698000	-529.1175	-566.1095	36.99196	2	1.414467	0.204199	0.00903747	0.00108085	0.0974693	0.0346721	0.0129925	0.0384399	0.00569379	0.0255524	0.0365716	0.342314	0.0923872	0.182009	0.0517321	0.114349	0.012473	0.152311	0.211802	0.573671	1.04498	2.16955	4	1.413284
2699000	-542.8239	-576.3321	33.50821	2	1.957769	0.13698	0.0167711	0.0206479	0.0661539	0.0370241	0.0439661	0.0320158	0.07058	0.0128296	0.0212654	0.157701	0.0827323	0.313518	0.030827	0.185326	0.016307	0.216347	0.288181	0.650446	1.0689	1.99248	4	1.460992
2700000	-536.9612	-575.3293	38.36811	2	0.9426681	0.105702	0.00474963	0.00532769	0.0458816	0.0109712	0.0200377	0.00761882	0.061821	0.0395437	0.0318768	0.3489	0.0530452	0.232658	0.00995613	0.11814	0.0211226	0.120173	0.125377	0.458814	0.98981	2.426	4	1.237524
2701000	-518.0511	-564.0753	46.02412	2	0.3320483	0.129516	0.00220036	0.0103315	0.051814	0.0060144	0.00100421	0.0242602	0.0141155	0.00372186	0.0222658	0.20279	0.0758718	0.159791	0.0185437	0.11379	0.0121001	0.0499922	0.00825153	0.129547	0.645899	3.2163	4	0.8981221
2702000	-534.9446	-574.3328	39.38818	2	1.099202	0.0721993	0.0125642	0.00182577	0.102417	0.0468679	0.0175853	0.00749748	0.0549291	0.0178319	0.0178891	0.379655	0.0311518	0.231115	0.00249939	0.133255	0.0835887	0.0792847	0.156312	0.504665	1.01467	2.32435	4	1.292156
2703000	-545.6724	-575.1346	29.4622	1	1.039984	0.238071	0.0237307	0.021006	0.0955441	0.0365479	0.0181206	0.00979492	0.0587822	0.0153228	0.0231931	0.293438	0.0351406	0.493293	0.0123716	0.227076	0.00783368	0.0902	0.144862	0.488449	1.00632	2.36037	3	1.699467
2704000	-528.4753	-568.0712	39.59585	2	0.8788972	0.141904	0.00891178	0.00767198	0.0852256	0.0376713	0.0160191	0.0102593	0.00849686	0.00118812	0.0633974	0.20667	0.0733255	0.116094	0.034025	0.272838	0.00590986	0.148147	0.112204	0.437061	0.976629	2.47411	4	1.237755
2705000	-515.9404	-576.0812	60.14078	10	0.6173656	0.0849443	0.0088706	0.00324402	0.0708101	0.0363941	0.0353923	0.0187808	0.0139495	0.0187048	0.0382327	0.378414	0.137469	0.392747	0.0656579	0.178334	0.0180396	0.0393077	0.0567083	0.321788	0.889926	2.73158	5	1.539292
2706000	-516.6796	-564.884	48.20441	10	2.131685	0.191624	0.00435022	0.0254646	0.0840297	0.00365866	0.00212455	0.0569928	0.0101766	0.0127635	0.0536358	0.213606	0.112562	0.311051	0.0113341	0.186958	0.0447925	0.0954592	0.308503	0.668324	1.07296	1.95021	5	1.420583
2707000	-537.0539	-569.9636	32.90969	2	1.676395	0.178386	0.00827578	0.0169346	0.126478	0.0372047	0.0339664	0.00759731	0.0447133	0.0195269	0.071672	0.265244	0.0596104	0.506388	0.0137572	0.210738	0.00593864	0.216377	0.251331	0.615507	1.0593	2.07387	4	1.822807
2708000	-529.8664	-566.2586	36.39214	2	2.358356	0.145532	0.00748594	0.00106459	0.0339926	0.000625428	0.00214755	0.0210358	0.00839323	0.0116766	0.04123	0.305881	0.123643	0.0717448	0.0739362	0.173965	0.0119755	0.283476	0.332603	0.688409	1.07683	1.90216	4	1.317806
2709000	-533.7033	-572.0044	38.3011	2	0.759525	0.132248	0.00915002	0.0157244	0.0340284	0.0208299	0.00773958	0.0280697	0.00677366	0.0393089	0.0200486	0.222601	0.112834	0.11203	0.00264736	0.231788	0.0135338	0.187471	0.086922	0.390313	0.945076	2.57769	4	1.196826
2710000	-535.0739	-567.825	32.75108	1	2.106781	0.149889	0.00868559	0.019543	0.0687581	0.00291499	0.00417443	0.0254306	0.00844134	0.00455615	0.0731974	0.230331	0.143499	0.135084	0.0174763	0.108738	0.0259495	0.237231	0.305696	0.665908	1.07245	1.95595	3	1.263899
2711000	-528.1933	-569.3318	41.13849	2	0.6446722	0.109099	0.00733771	0.0202361	0.0554244	0.00865779	0.00851908	0.00324654	0.00399382	0.00730066	0.0278649	0.266676	0.0823897	0.00499003	0.0156025	0.0911279	0.00169836	0.242103	0.0624333	0.336212	0.902504	2.69885	4	0.9562675
2712000	-534.3002	-579.7504	45.45016	2	0.3550092	0.109309	0.00554728	0.00247092	0.0558617	0.0141193	0.00923508	0.00321362	0.0415708	0.0039707	0.0189167	0.101963	0.0384866	0.0712312	0.0152177	0.0645933	0.00304427	0.109267	0.0107944	0.147445	0.677617	3.16414	4	0.6680189
2713000	-531.4182	-568.8048	37.38666	2	1.026693	0.103892	0.00399198	0.0268995	0.093177	0.01569	0.018162	0.0304059	0.0116318	0.00442788	0.0356891	0.324055	0.130286	0.122102	0.028963	0.138028	0.0127524	0.286966	0.142249	0.484631	1.00429	2.36883	4	1.387119
2714000	-532.7012	-572.6249	39.92369	1	0.1979544	0.10041	0.00294944	0.00491824	0.045577	0.0245787	0.0122839	0.00367506	0.0295433	0.0137938	0.0200261	0.162779	0.053162	0.0622785	0.0192202	0.0643719	0.0116724	0.106281	0.000494617	0.0326038	0.378298	3.5886	3	0.7375204
2715000	-533.3782	-575.244	41.86575	2	1.193843	0.205904	0.0125444	0.00822141	0.0454994	0.0018692	0.0208061	0.0532461	0.0324708	0.0231649	0.0428005	0.131334	0.0558015	0.0808598	0.0282504	0.22805	0.0495292	0.151969	0.173936	0.528158	1.02593	2.27198	4	1.172321
2716000	-534.6135	-570.8535	36.24001	2	1.534991	0.171425	0.0412598	0.0312689	0.137259	0.00400933	0.00338184	0.0387328	0.0496949	0.0116597	0.0883358	0.201317	0.0965703	0.416451	0.00584249	0.163676	0.0191975	0.239893	0.230678	0.594279	1.05241	2.12263	4	1.719974
2717000	-518.8614	-574.0991	55.23773	10	0.9504977	0.111053	0.000764131	0.0207388	0.111424	0.0608114	0.0222897	0.0258505	0.136913	0.021946	0.0600712	0.223722	0.068048	0.172946	0.0517745	0.129773	0.0193994	0.171135	0.126974	0.46135	0.991288	2.42039	5	1.40866
2718000	-539.2796	-574.5106	35.23103	2	1.431505	0.0810188	0.0256189	0.00502082	0.153757	0.0727283	0.00245549	0.0357904	0.0252647	0.0157548	0.0593493	0.161045	0.0817583	0.177385	0.0384746	0.16874	0.0301955	0.249795	0.214545	0.576744	1.04613	2.16258	4	1.384152
2719000	-540.3425	-574.5906	34.24809	2	2.993635	0.173142	0.00124971	0.0162397	0.0776447	0.0484206	0.0428584	0.0104946	0.0259124	0.031113	0.0800326	0.229055	0.142754	0.165965	0.0392487	0.128633	0.0104164	0.290909	0.388769	0.731175	1.08248	1.79757	4	1.514088
2720000	-531.1765	-568.0352	36.85873	2	0.6241098	0.124545	0.012164	0.0015476	0.109151	0.0247956	0.00417327	0.0284626	0.013703	0.00444508	0.0185778	0.162616	0.1316	0.278017	0.0103303	0.230281	0.045336	0.220328	0.0581157	0.325411	0.893138	2.72334	4	1.420074
2721000	-533.3992	-569.5839	36.18466	2	0.8904223	0.142635	0.00542412	0.0153076	0.122696	0.0279003	0.0287056	0.00266519	0.0155186	0.0145294	0.0656661	0.380362	0.104001	0.217862	0.000500694	0.365453	0.0214134	0.132929	0.114605	0.441143	0.979173	2.46508	4	1.663569
2722000	-538.3885	-577.0899	38.70138	2	1.181026	0.085321	0.0143705	0.00304694	0.0722259	0.11658	0.0402591	0.0279583	0.0371671	0.0123935	0.0298154	0.0496439	0.0436421	0.296463	0.0232904	0.183755	0.0278549	0.147561	0.171598	0.525136	1.02454	2.27873	4	1.211348
2723000	-532.9117	-572.4773	39.56558	2	0.4753092	0.150534	0.0236114	0.0118168	0.0626989	0.00280215	0.0289092	0.00523949	0.0808356	0.0124372	0.0604689	0.408554	0.0228099	0.256058	0.0434466	0.274092	0.00109797	0.0450197	0.0289078	0.235492	0.801437	2.93416	4	1.490433
2724000	-536.754	-571.5172	34.76325	2	1.946347	0.199428	0.00790799	0.0018696	0.0581376	0.0413377	0.0488173	0.0122462	0.0577436	0.0145267	0.0400906	0.178399	0.0678202	0.182393	0.0168175	0.148682	0.0268259	0.22986	0.286785	0.649184	1.06859	1.99544	4	1.332903
2725000	-511.9734	-567.2321	55.25874	10	0.4443739	0.146994	0.00874888	0.00125007	0.063679	0.0547634	0.00608532	0.0197747	0.00132358	0.00892213	0.0406207	0.154393	0.0660053	0.292895	0.0351805	0.314934	0.0146867	0.149677	0.0236017	0.21406	0.775158	2.98718	5	1.379934
2726000	-510.7966	-569.825	59.02845	10	0.7751819	0.118062	0.00552476	0.00705312	0.0468584	0.0694311	0.0140933	0.0222977	0.00840743	0.0165014	0.0412806	0.076738	0.113891	0.18667	0.0300646	0.143193	0.0419963	0.145257	0.0902678	0.396947	0.949834	2.56295	5	1.08732
2727000	-520.0978	-574.7609	54.6631	10	0.3513647	0.246697	0.0114101	0.0148347	0.0422816	0.0376609	0.00308423	0.0275082	0.0206062	0.0334585	0.0170066	0.255785	0.130056	0.411119	0.0542988	0.184574	0.00688536	0.109638	0.010368	0.144616	0.672795	3.17222	5	1.606905
2728000	-521.5194	-575.6484	54.12901	10	0.5398312	0.125882	0.00862872	0.00421241	0.0671632	0.0282257	0.0321597	0.0275572	0.113462	0.000388162	0.0599315	0.167113	0.054293	0.542846	0.0647122	0.136122	0.01623	0.209006	0.0409869	0.277126	0.847218	2.83467	5	1.657934
2729000	-517.7037	-571.7042	54.00053	10	1.060334	0.104131	0.0226148	0.00941764	0.0680541	0.00974275	0.00397578	0.0330951	0.0345853	0.0546367	0.02591	0.186897	0.114346	0.0812493	0.0336265	0.239086	0.0202839	0.194052	0.148833	0.494164	1.00932	2.34768	5	1.235704
2730000	-514.8121	-571.8967	57.0846	10	2.12618	0.136998	0.0190884	0.0529941	0.137099	0.0101448	0.0120484	0.0137088	0.00265747	0.0138909	0.0340136	0.268933	0.200356	0.328406	0.0063695	0.27387	0.0282561	0.0953989	0.307886	0.667794	1.07285	1.95147	5	1.634234
2731000	-529.9283	-574.7222	44.79391	10	3.885329	0.225432	0.00922269	0.0130716	0.122795	0.0616159	0.0547252	0.0333745	0.0615856	0.000258479	0.0502824	0.108631	0.0640384	0.397314	0.0393287	0.515636	0.0331955	0.225393	0.44795	0.771148	1.0844	1.6965	5	2.0159
2732000	-520.0237	-572.7954	52.77171	10	0.5864587	0.120568	0.00782142	0.0106599	0.0740301	0.0188467	0.00200203	0.0475979	0.0440332	0.0153275	0.0471366	0.193256	0.0850702	0.310536	0.00688217	0.289591	0.000799997	0.0738651	0.0503277	0.304661	0.87425	2.77076	5	1.348023
2733000	-521.3405	-566.7619	45.42141	10	1.618264	0.246979	0.0042562	0.0144591	0.0701424	0.0552535	0.0447437	0.0224891	0.0462432	0.0451667	0.0497025	0.295345	0.0731599	0.412723	0.00954006	0.594074	0.054463	0.0546758	0.243027	0.607127	1.05667	2.09317	5	2.093415
2734000	-532.9655	-574.3937	41.42818	2	0.8626773	0.177629	0.020233	0.00338347	0.0686601	0.0296417	0.0508749	0.0115012	0.0264705	0.0286524	0.0303113	0.0867875	0.0512687	0.294603	0.0400218	0.218812	0.0115989	0.0969215	0.108809	0.431196	0.972916	2.48708	4	1.247371
2735000	-532.3816	-564.6803	32.2987	2	2.907649	0.209384	0.00619206	0.00174982	0.131252	0.0291879	0.0119621	0.03099	0.0198773	0.00361743	0.0934611	0.23325	0.162429	0.3059	0.0373386	0.359	0.0311591	0.125929	0.381989	0.726283	1.08202	1.80971	4	1.79268
2736000	-538.4439	-574.0417	35.59784	2	0.6945225	0.150528	0.00266306	0.00114635	0.127142	0.00791776	0.0014103	0.0124635	0.00779036	0.0599254	0.00752383	0.234808	0.130113	0.321814	0.0176884	0.49531	0.0255094	0.00833025	0.0730187	0.360934	0.922822	2.64323	4	1.612084
2737000	-518.037	-571.4611	53.42415	10	1.213571	0.143215	0.00351412	0.0528523	0.0626177	0.0174355	0.0184513	0.0403938	0.0373662	0.00980205	0.0549854	0.314362	0.0327328	0.272647	0.0146544	0.191139	0.0104812	0.178486	0.177504	0.532718	1.028	2.26177	5	1.455136
2738000	-528.4906	-565.6185	37.12785	2	1.157763	0.148577	0.0190554	0.0135509	0.162286	0.00950076	0.00614254	0.0287973	0.0103934	0.010474	0.0703749	0.225063	0.148364	0.436904	0.0350128	0.0234478	0.0226797	0.345151	0.167315	0.519528	1.02191	2.29125	4	1.715775
2739000	-540.4563	-572.099	31.64271	2	2.452383	0.10287	0.0142355	0.0112851	0.111083	0.0252284	0.00814957	0.0111206	0.0587466	0.0229118	0.049531	0.203844	0.0639077	0.146921	0.0127904	0.301462	0.0246332	0.306619	0.341895	0.695856	1.07807	1.88418	4	1.475339
2740000	-514.0439	-569.4221	55.37823	10	1.543474	0.125695	0.00376921	0.0022999	0.0786672	0.0674564	0.0115006	0.0302413	0.00497711	0.028096	0.0485456	0.133037	0.170753	0.300236	0.0234988	0.0989777	0.0349188	0.211732	0.231961	0.595636	1.05288	2.11953	5	1.374401
2741000	-511.9895	-574.535	62.54555	10	0.872396	0.178739	0.00579881	0.00463925	0.0790857	0.0639527	0.0521876	0.0133569	0.0284631	0.0341056	0.0337603	0.0785946	0.113267	0.339373	0.025294	0.222908	0.00293656	0.34243	0.110845	0.434727	0.975159	2.47927	5	1.618892
2742000	-524.178	-566.8028	42.62476	2	0.4071348	0.119133	0.00178111	0.00592867	0.0603015	0.0166701	0.0184391	0.0177529	0.0301336	0.00665175	0.0348265	0.142003	0.0538362	0.253727	0.0244622	0.123146	0.0244765	0.27587	0.017757	0.187066	0.738887	3.05629	4	1.209139
2743000	-536.5111	-573.5549	37.04388	2	1.166221	0.148707	0.00587405	0.00578493	0.0641818	0.115073	0.0226868	0.0412314	0.077495	0.0382888	0.0632549	0.155082	0.0506185	0.226984	0.0447273	0.156206	0.036232	0.211381	0.168878	0.521585	1.02288	2.28666	4	1.46381
2744000	-516.2577	-569.3168	53.05914	10	0.7451405	0.145206	0.0195686	1.41344e-05	0.0498148	0.0309406	0.0342924	0.0309358	0.0116963	0.0162174	0.0449485	0.123051	0.0890715	0.392226	0.00432581	0.220701	0.029445	0.162911	0.0838447	0.384073	0.940513	2.59157	5	1.405367
2745000	-531.8931	-563.9496	32.05655	2	1.289696	0.202551	0.0220045	0.021226	0.101377	0.038454	0.0031819	0.0251498	0.019546	0.0153943	0.0320273	0.282844	0.127717	0.428129	0.0255671	0.135973	0.0128426	0.501171	0.190933	0.549347	1.03525	2.22447	4	1.995155
2746000	-531.17	-570.9758	39.80586	2	1.901467	0.104933	0.000119546	0.0091523	0.0773967	0.021068	0.0372809	0.00422686	0.011322	0.013019	0.0356628	0.191886	0.0802135	0.18069	0.01147	0.170853	0.0236102	0.17516	0.281222	0.644109	1.06732	2.00735	4	1.148063
2747000	-531.9039	-567.7578	35.85385	2	1.409243	0.168832	0.0130456	0.00199084	0.0942996	0.145576	0.00624235	0.0279646	0.02809	0.0108271	0.0569772	0.102106	0.0999648	0.458627	0.0378633	0.114708	0.0601598	0.331793	0.210956	0.572718	1.04462	2.17171	4	1.759068
2748000	-534.6804	-571.5502	36.86984	2	1.608165	0.0856035	0.00933023	0.0249024	0.0393386	0.0363246	0.0250945	0.0061127	0.0121083	0.00161378	0.0443512	0.234115	0.133622	0.164079	0.0326048	0.130502	0.00567748	0.34965	0.241558	0.605623	1.05619	2.09663	4	1.335031
2749000	-519.2756	-563.8778	44.60218	10	1.157979	0.237756	0.000899213	0.000133472	0.0594427	0.0645837	0.0176298	0.0178578	0.0115185	0.0354396	0.0447175	0.240926	0.180985	0.51489	0.0217817	0.0741003	0.0425576	0.403267	0.167355	0.519581	1.02193	2.29113	5	1.968486
2750000	-540.5624	-573.8686	33.30618	1	0.8319988	0.115103	0.00511227	4.16364e-05	0.0483662	0.0302613	0.00572908	0.0548793	0.0141418	0.0201951	0.0183783	0.199887	0.0882279	0.35172	0.0475343	0.126776	0.00218132	0.207333	0.102347	0.419705	0.965442	2.51251	3	1.335868
2751000	-537.1818	-571.43	34.24823	2	1.608531	0.172261	0.0153295	0.0374754	0.0685766	0.0324918	0.00875161	0.0206458	0.00285521	0.0050703	0.0476921	0.253622	0.145379	0.241418	0.00263265	0.109441	0.00711325	0.161824	0.241612	0.605678	1.05621	2.0965	4	1.332579
2752000	-541.0779	-575.0822	34.00425	2	2.024069	0.155682	0.00820407	0.0183759	0.145746	0.0283845	0.0140968	0.0297311	0.00554846	0.032537	0.0583454	0.131058	0.12126	0.256224	0.0120616	0.167912	0.0230506	0.237184	0.296131	0.657549	1.07058	1.97574	4	1.445403
2753000	-518.2889	-568.8796	50.59062	10	1.560285	0.113811	0.00721547	0.0226462	0.0621573	0.000874649	0.0382232	0.00246376	0.0163981	0.031171	0.0549057	0.163015	0.114769	0.21023	0.0129155	0.084446	0.0135526	0.40121	0.234487	0.598293	1.05377	2.11345	5	1.350004
2754000	-536.1774	-572.2245	36.04715	2	1.492148	0.297438	0.0226011	0.0152715	0.0684888	0.0396214	0.00875217	0.0368795	0.0144979	0.0411146	0.0375255	0.145227	0.109032	0.183019	0.0492257	0.142653	0.00230864	0.298856	0.224107	0.587244	1.04996	2.13869	4	1.512512
2755000	-541.0234	-572.7517	31.72832	2	2.477166	0.160238	0.0310558	0.0264387	0.0664742	0.0318337	0.0182176	0.0417661	0.0816414	0.023654	0.0528926	0.21726	0.0664798	0.394491	0.0120718	0.156659	0.081	0.600429	0.344281	0.697743	1.07836	1.87961	4	2.062604
2756000	-541.8929	-575.6936	33.80063	2	2.010757	0.260675	0.0142585	0.0169394	0.0892585	0.0331164	0.0157813	0.0130736	0.0209415	0.00284581	0.0309137	0.163169	0.107748	0.245009	0.00800274	0.238201	0.040826	0.18057	0.294555	0.656153	1.07026	1.97904	4	1.481329
2757000	-538.5863	-573.188	34.60171	2	2.303758	0.182533	0.00178089	0.0188048	0.0849036	0.0623401	0.00775377	0.0414117	0.0120139	0.0254026	0.0707346	0.115981	0.116099	0.414836	0.019308	0.024389	0.0387459	0.369549	0.327025	0.683862	1.07602	1.9131	4	1.606586
2758000	-513.463	-567.1972	53.73423	10	1.493391	0.0978263	0.0118353	0.0139891	0.0901394	0.0371465	0.00626467	0.0384016	0.0151204	0.00435902	0.0607234	0.134253	0.116	0.248342	0.00269599	0.111992	0.0251324	0.169994	0.2243	0.587453	1.05003	2.13822	5	1.184215
2759000	-546.1237	-578.2276	32.10385	2	3.899911	0.111814	0.00367348	0.0238705	0.0532283	0.0213605	0.00962574	0.0188086	0.0218797	0.0123115	0.0445195	0.286996	0.108934	0.174788	0.0300967	0.0983733	0.0978717	0.243383	0.448778	0.771675	1.0844	1.69514	4	1.361535
2760000	-523.7711	-565.4421	41.671	2	1.008061	0.160013	0.0014906	0.00271273	0.068264	0.00220366	0.00547482	0.0154208	0.00351653	0.0110499	0.0231355	0.127909	0.0577125	0.35625	0.075797	0.0850132	0.01415	0.173414	0.138559	0.479161	1.00132	2.38096	4	1.183527
2761000	-524.6248	-576.9708	52.34602	10	1.179605	0.0953583	0.000613706	0.012859	0.147594	0.0558072	0.00778775	0.0440401	0.0719151	0.0202006	0.0771516	0.201129	0.158137	0.174753	0.0173327	0.143218	0.0505598	0.443763	0.171338	0.524798	1.02438	2.27948	5	1.722219
2762000	-516.6985	-568.4353	51.73674	10	3.611147	0.126501	0.00949466	0.021105	0.0642016	0.0207095	0.00889804	0.0616732	0.0319844	0.00321908	0.0515218	0.136595	0.100088	0.278245	0.0514946	0.0487067	0.0259918	0.381126	0.431635	0.760589	1.08423	1.72355	5	1.421555
2763000	-536.1041	-572.0274	35.92325	2	2.28779	0.114112	0.0113697	0.033766	0.0718495	0.101683	0.00117013	0.0247778	0.0163523	0.00393271	0.0488059	0.213071	0.103076	0.226106	0.0154902	0.0300942	0.00425359	0.233428	0.325367	0.682499	1.07577	1.91637	4	1.253337
2764000	-549.5181	-581.2244	31.70635	2	3.074285	0.158145	0.0147406	0.0200931	0.0834857	0.0317193	0.0252359	0.0572488	0.0459503	0.0319012	0.0223356	0.124473	0.11655	0.201655	0.042888	0.467217	0.00161828	0.250338	0.394928	0.73556	1.08286	1.78665	4	1.695594
2765000	-533.8613	-572.8991	39.03782	2	0.5823582	0.185451	0.016935	0.00662335	0.0614384	0.033577	0.010405	0.00930998	0.0276908	0.0587933	0.0231807	0.178203	0.05976	0.269973	0.0100791	0.191627	0.0239115	0.286521	0.049491	0.302322	0.872045	2.77614	4	1.45348
2766000	-528.4285	-566.0935	37.66492	2	0.6558797	0.138429	0.00726699	0.00194376	0.0928721	0.0322081	0.0173313	0.00225629	0.0312993	0.0161609	0.0378659	0.158203	0.18252	0.341089	0.0023048	0.216353	0.0332618	0.302899	0.0648009	0.341947	0.907353	2.6859	4	1.614265
2767000	-513.5398	-568.309	54.76923	10	1.517699	0.137348	0.00183524	0.020506	0.059741	0.0241939	0.035732	0.0362303	0.0127932	0.0275851	0.0583407	0.192523	0.0967518	0.296812	0.016069	0.184781	0.0477263	0.285758	0.228044	0.591476	1.05144	2.12904	5	1.534726
2768000	-518.9686	-570.6103	51.64165	10	2.207653	0.115077	0.00488343	0.0374538	0.0694548	0.00143969	0.030763	0.0180464	0.0231428	0.00991707	0.0539152	0.162643	0.188856	0.207991	0.00503852	0.103153	0.0151897	0.343513	0.316863	0.675422	1.07441	1.9333	5	1.390477
2769000	-548.4659	-579.242	30.77611	1	0.4279444	0.145355	0.0019721	0.026267	0.0808598	0.10799	0.00202969	0.0175827	0.0754949	0.0314984	0.0327528	0.160705	0.0128485	0.25294	0.0170579	0.261018	0.0443796	0.358527	0.0209436	0.202305	0.759832	3.01692	3	1.629279
2770000	-539.7614	-572.0619	32.30054	2	4.007734	0.110138	0.0318513	0.025214	0.0908101	0.0115452	0.0222857	0.0411443	0.0105631	0.0112078	0.037744	0.264304	0.0882058	0.238915	0.018176	0.0658552	0.011123	0.286961	0.454787	0.775476	1.0844	1.68534	4	1.366043
2771000	-543.7751	-573.8915	30.1164	2	4.061049	0.114957	0.0063813	0.0492237	0.0750723	0.00545896	0.00781015	0.022879	0.137613	0.00864819	0.0549722	0.176245	0.0654423	0.305582	0.00213077	0.358609	0.0775452	0.363947	0.457685	0.777294	1.08439	1.68063	4	1.832516
2772000	-534.9291	-568.1578	33.22875	2	1.89678	0.215523	0.0025105	0.056011	0.0988474	0.0560344	0.0120037	0.0167492	0.0180614	0.0141371	0.0229687	0.224394	0.136795	0.241925	0.00702675	0.147546	0.00975263	0.264487	0.280634	0.643569	1.06718	2.00862	4	1.544772
2773000	-534.2398	-565.0679	30.82812	2	3.686578	0.181858	0.000951633	0.00451272	0.0649376	0.0242331	0.00682739	0.0276652	0.0140725	0.0141624	0.077171	0.231893	0.140074	0.445242	0.0692173	0.175675	0.000590126	0.284967	0.436269	0.763622	1.0843	1.7158	4	1.76405
2774000	-544.0817	-574.8192	30.73741	2	1.279739	0.353169	0.0210111	0.0377106	0.138551	0.0443855	0.030721	0.0473065	0.0437071	0.0230122	0.0462514	0.191666	0.100441	0.322422	0.0144266	0.127518	0.0243057	0.336658	0.189207	0.547255	1.03436	2.22917	4	1.903263
2775000	-531.7283	-568.5767	36.84842	2	2.924061	0.105776	7.18682e-05	0.0017003	0.143155	0.0541297	0.0173387	0.0208587	0.00772732	0.0243766	0.0381343	0.12146	0.148198	0.288953	0.0527774	0.234446	0.0831819	0.197031	0.383301	0.727235	1.08211	1.80735	4	1.539316
2776000	-524.8478	-564.3224	39.47452	2	1.379058	0.184947	0.000470836	0.00874562	0.0595229	0.0193332	0.0166859	0.0272639	0.0227876	0.00924669	0.0274269	0.255155	0.0707872	0.246653	0.0290415	0.0990063	0.0276556	0.171248	0.20602	0.567104	1.04245	2.18442	4	1.275977
2777000	-523.1486	-568.8803	45.73176	10	1.619868	0.1383	0.0329758	0.0282067	0.0638986	0.0471669	0.00815872	0.0317627	0.0107578	0.00497459	0.100823	0.248922	0.160175	0.225297	0.0239009	0.155618	0.0091475	0.283378	0.24326	0.607364	1.05675	2.09263	5	1.573463
2778000	-514.7771	-571.5898	56.81273	10	0.7325658	0.182288	0.0126922	0.00311086	0.0752401	0.0190242	0.0224779	0.0383252	0.0055994	0.0065326	0.0473737	0.0958567	0.108631	0.331859	0.0367227	0.103878	0.0339032	0.376429	0.0811535	0.378499	0.936363	2.60398	5	1.499944
2779000	-515.5809	-568.3852	52.80421	10	3.060462	0.147441	0.0111649	0.0199987	0.0763811	0.00358609	0.0143092	0.0294707	0.00939639	0.00440147	0.0406331	0.137602	0.0973524	0.389363	0.0918381	0.187019	0.0295806	0.190218	0.393886	0.734822	1.0828	1.78849	5	1.479755
2780000	-531.6208	-572.4023	40.78148	2	0.9694148	0.138221	0.00751764	0.0176398	0.0902921	0.00603298	0.0188479	0.0471909	0.0494802	0.00502204	0.0535812	0.167091	0.179082	0.0671306	0.0192434	0.142967	0.0121438	0.167992	0.130812	0.467362	0.994741	2.40709	4	1.189475
2781000	-543.8868	-580.3369	36.45009	1	0.4847074	0.128504	0.0155087	0.0295549	0.0388782	0.0058696	0.0360287	0.0373817	0.0162901	0.00337969	0.0388211	0.178726	0.135914	0.0882111	0.00315145	0.0762555	0.0258664	0.197864	0.0305895	0.241815	0.808814	2.91878	3	1.056206
2782000	-515.5805	-566.7011	51.12069	10	0.609311	0.129981	0.00863097	0.0046581	0.0991249	0.00598503	0.00274947	0.033346	0.00128488	0.00540019	0.0539431	0.139082	0.282683	0.126892	0.0630242	0.0643226	0.0224653	0.29099	0.055034	0.317408	0.885996	2.74156	5	1.334562
2783000	-539.7359	-571.8573	32.12135	1	1.149077	0.275678	0.0199135	0.026233	0.0285575	0.0333384	0.00183336	0.0211923	0.017072	0.0192866	0.0447136	0.138875	0.175855	0.0995316	0.00363054	0.156163	0.0339279	0.326842	0.165703	0.517392	1.02089	2.29601	3	1.422642
2784000	-537.8881	-569.7904	31.90234	2	1.289332	0.12634	0.0262833	0.0311198	0.0845407	0.0167851	0.0196736	0.0193234	0.0277898	0.013976	0.0452964	0.188807	0.393417	0.0865899	0.00251884	0.115887	0.00776661	0.538707	0.19087	0.549271	1.03522	2.22464	4	1.744823
2785000	-545.6393	-578.2262	32.58695	2	1.088361	0.153754	0.0232291	0.00426899	0.0413963	0.0409621	0.0134643	0.0619519	0.0333697	0.0395563	0.0283139	0.324473	0.489047	0.0806796	0.050994	0.309357	0.0258883	0.168449	0.154239	0.50179	1.01323	2.33074	4	1.889154
2786000	-528.4894	-569.2906	40.80116	2	0.8292753	0.101568	0.000117918	0.000843163	0.0489797	0.0284249	0.0118377	0.00613542	0.0113267	0.00222205	0.0485983	0.323492	0.229637	0.103102	0.0285616	0.0925922	0.0452598	0.159451	0.101771	0.418659	0.964748	2.51482	4	1.242149
2787000	-510.8243	-568.1704	57.34611	10	3.141001	0.105427	0.0240834	0.0369675	0.0909427	0.00528455	0.0153373	0.0246366	0.0439076	0.00309997	0.0471061	0.224941	0.257441	0.123865	0.00159585	0.133302	0.0273732	0.212758	0.399884	0.739048	1.08313	1.77794	5	1.378068
2788000	-526.4586	-573.4776	47.019	10	1.550835	0.217408	0.00485764	0.0184971	0.103482	0.154786	0.0181066	0.055311	0.0181495	0.00302792	0.0319414	0.101468	0.212462	0.0811829	0.035228	0.290986	0.0385485	0.115185	0.23307	0.596805	1.05327	2.11685	5	1.500627
2789000	-525.1881	-569.7468	44.55872	10	1.792938	0.200982	0.0118456	0.00823079	0.0381075	0.133635	0.0187766	0.0254253	0.0200268	0.0225068	0.0243848	0.2772	0.217223	0.113729	0.024704	0.115825	0.0317807	0.14387	0.267239	0.631019	1.06383	2.03792	5	1.428255
2790000	-525.6006	-565.9384	40.33781	10	3.084451	0.201867	0.0024169	0.00591731	0.125718	0.0404204	0.0179708	0.035158	0.044368	0.000301419	0.0676531	0.259681	0.595177	0.102559	0.0319006	0.00512018	0.0871563	0.442074	0.395691	0.736099	1.0829	1.78531	5	2.06546
2791000	-539.9296	-578.072	38.14244	2	1.96872	0.149725	0.00257182	0.0451839	0.057339	0.0321504	0.0255464	0.00288388	0.0356534	0.00456242	0.0345846	0.168211	0.231685	0.0717527	0.0144198	0.0182042	0.00619162	0.34108	0.289512	0.651646	1.06919	1.98966	4	1.241746
2792000	-524.1882	-566.1103	41.9221	2	0.8209493	0.0954732	0.000856073	0.0149232	0.053418	0.00526475	0.00754763	0.00403552	0.0100949	0.0112798	0.0153378	0.206708	0.28646	0.0878036	0.0105232	0.0136233	0.0135846	0.293505	0.100008	0.415434	0.962595	2.52196	4	1.130438
2793000	-524.8555	-573.1977	48.34219	10	1.483581	0.142006	0.0111222	0.00901966	0.1073	0.086929	0.00839094	0.0188431	0.0688677	0.00551842	0.0601685	0.27121	0.273934	0.0916707	0.0604875	0.0778299	0.000781579	0.449723	0.222775	0.5858	1.04944	2.14198	5	1.743803
2794000	-540.102	-572.5412	32.43921	2	1.452459	0.107374	0.00167584	0.000105998	0.0914053	0.00764343	0.000799159	0.0431664	0.108525	0.0189664	0.00946476	0.270781	0.36879	0.137292	0.0401433	0.223686	0.0592766	0.321433	0.217884	0.580447	1.0475	2.15417	4	1.810527
2795000	-538.016	-576.7882	38.77214	10	1.207896	0.241882	0.0880181	0.0058415	0.0765183	0.021719	0.0301182	0.017425	0.0610243	0.0316255	0.074538	0.366019	0.650679	0.110786	0.014802	0.152727	0.0570107	0.646289	0.176481	0.531417	1.02742	2.26469	5	2.647022
2796000	-519.4259	-579.5039	60.07808	10	1.435121	0.0983848	0.012374	0.00159044	0.0866867	0.0469773	0.0232664	0.0027646	0.0721935	0.00685538	0.0696599	0.166591	0.254868	0.0450996	0.0435982	0.353465	0.0296076	0.378412	0.215124	0.577389	1.04637	2.16111	5	1.692393
2797000	-527.0429	-569.882	42.83903	2	0.6602574	0.090422	0.00285658	0.0257628	0.0385055	0.0649553	0.0021756	0.0168018	0.0190924	0.0170251	0.0408035	0.162326	0.11491	0.0895586	0.0125149	0.0950756	0.0457165	0.173436	0.065728	0.344159	0.909201	2.68091	4	1.011939
2798000	-531.5436	-566.1901	34.64658	2	3.462475	0.17839	0.0116118	0.00765666	0.107525	0.0452358	0.0216444	0.0168249	0.0302668	0.0286312	0.0257016	0.229319	0.172867	0.108197	0.0496657	0.102066	0.0171333	0.239312	0.422152	0.754296	1.08401	1.73954	4	1.392048
2799000	-528.6654	-564.6534	35.98805	2	2.239156	0.188864	0.00223096	0.00893144	0.0664975	0.0714583	0.0122189	0.022344	0.0207229	0.00639413	0.0382552	0.256822	0.187687	0.0899521	0.0260247	0.120993	0.0208451	0.235799	0.320244	0.678253	1.07496	1.92654	4	1.37604
2800000	-539.578	-568.1915	28.61349	2	4.114781	0.194522	0.0196844	0.00104091	0.0726999	0.0320247	0.0188989	0.0229112	0.0316826	0.00238849	0.0555662	0.341532	0.176467	0.144152	0.00166145	0.192329	0.0694843	0.541007	0.460559	0.779087	1.08437	1.67599	4	1.918053
2801000	-516.786	-561.2469	44.46094	2	0.52873	0.0994831	5.48293e-05	0.00510498	0.0589658	0.0024421	0.0144117	0.00974438	0.00080932	0.00865196	0.020314	0.245074	0.129252	0.106757	0.0373462	0.0806897	0.00473541	0.234216	0.0388284	0.270258	0.840097	2.85082	4	1.058053
2802000	-542.9125	-577.3204	34.4079	2	1.974938	0.163351	0.0313147	0.0519508	0.102464	0.000162762	0.00474374	0.0328042	0.0600094	0.00829147	0.0668198	0.344604	0.226824	0.137946	0.0417208	0.150428	0.00404484	0.214848	0.290265	0.652322	1.06935	1.98806	4	1.642328
2803000	-543.4683	-577.1942	33.72581	2	1.546084	0.15284	0.0117114	0.00173196	0.0347165	0.0857686	0.0136993	0.01888	0.0238977	0.0599559	0.0872711	0.504656	0.112558	0.0991254	0.0216708	0.185497	0.0263704	0.211322	0.232354	0.596052	1.05302	2.11858	4	1.651672
2804000	-538.7118	-573.2223	34.51057	2	1.355249	0.172682	0.0101718	0.0118162	0.0808816	0.0473471	0.028761	0.0124902	0.00345768	0.00556306	0.118473	0.532671	0.24857	0.120895	0.0327918	0.114721	0.0167695	0.164649	0.202071	0.562544	1.04066	2.19473	4	1.722712
2805000	-537.2024	-575.2678	38.06534	2	1.751096	0.246232	0.0196165	0.00560442	0.11077	0.0234488	0.0388681	0.00467075	0.0384672	0.0117622	0.0270317	0.134523	0.11795	0.0840983	0.0378646	0.11656	0.0310268	0.238179	0.261638	0.625635	1.0623	2.05042	4	1.286673
2806000	-522.3666	-570.6917	48.32513	10	1.826785	0.115397	0.00816435	0.00204157	0.030667	0.0289666	0.0140524	0.0527196	0.0257466	0.0261467	0.0768662	0.24973	0.148664	0.145838	0.050665	0.227434	0.0509669	0.202362	0.271683	0.635233	1.06498	2.0281	5	1.456427
2807000	-537.7943	-570.1441	32.34976	2	2.204431	0.223441	0.0187317	0.0465555	0.117347	0.0414779	0.00777777	0.0346977	0.0661065	0.0120475	0.0325467	0.306681	0.302461	0.131929	0.109205	0.217961	0.00434697	0.544719	0.316514	0.675129	1.07435	1.934	4	2.218031
2808000	-529.9746	-567.3272	37.35257	2	1.122981	0.187758	0.00929367	0.00564915	0.119584	0.0184973	0.0204798	0.039457	0.0101065	0.00517133	0.0457641	0.210284	0.158613	0.0763658	0.00635234	0.245123	0.017505	0.38898	0.160818	0.510834	1.01772	2.31062	4	1.564984
2809000	-516.5794	-570.99	54.41057	10	1.089079	0.263151	0.0067805	0.0185537	0.159651	0.0714181	0.0109872	0.0317633	0.0129678	0.00909035	0.036275	0.204611	0.135977	0.114866	0.0125058	0.155215	0.0409318	0.170242	0.154377	0.501981	1.01332	2.33032	5	1.454985
2810000	-523.6239	-572.8679	49.244	10	2.10918	0.21686	0.00622746	0.0182514	0.145104	0.159853	0.0129069	0.0338705	0.0674843	0.0419321	0.0714552	0.28545	0.157841	0.111679	0.101522	0.228369	0.0116235	0.277938	0.305968	0.666143	1.0725	1.95539	5	1.948367
2811000	-523.9356	-568.1858	44.25025	10	0.3371373	0.0855916	0.0156951	0.00489487	0.0810401	0.00456855	0.0207033	0.00400529	0.0327124	0.00280571	0.0506558	0.37787	0.283671	0.118441	0.00716423	0.347807	0.0160619	0.178667	0.00878535	0.133526	0.65321	3.20448	5	1.632354
2812000	-517.5756	-568.582	51.00641	10	1.838181	0.201815	0.00130084	0.00714392	0.0677286	0.000747039	0.00633336	0.0217521	0.0478931	0.0146375	0.0680947	0.355402	0.212132	0.0368384	0.00841484	0.152623	0.0436156	0.234694	0.273162	0.636624	1.06536	2.02486	5	1.481166
2813000	-511.3921	-568.2816	56.88956	10	0.625464	0.169639	0.00954316	0.00495559	0.030729	0.000738077	0.00346571	0.0404314	0.0169406	0.0356998	0.0434808	0.369594	0.164343	0.122614	0.0246084	0.242284	0.0272196	0.0622753	0.0583988	0.326134	0.893774	2.72169	5	1.368562
2814000	-511.6833	-570.9888	59.30544	10	0.525463	0.063613	0.0076674	0.00784961	0.0335829	0.0214914	0.00520121	0.0230017	0.0362512	0.0361842	0.0146501	0.163473	0.11239	0.0886315	0.00816222	0.211852	0.0196791	0.0855939	0.0381988	0.268214	0.837947	2.85564	5	0.9392742
2815000	-516.4144	-567.8018	51.3874	10	1.16781	0.145723	0.0126277	0.00799818	0.101123	0.0343787	0.0151225	0.0263909	0.070226	0.0104391	0.0566547	0.230396	0.155067	0.0762796	0.0085482	0.345812	0.0905574	0.164933	0.169171	0.521969	1.02306	2.2858	5	1.552278
2816000	-522.0451	-572.6416	50.59659	10	1.119284	0.195891	0.0249698	0.0166577	0.133651	0.0209917	0.0388325	0.0255957	0.0286762	0.0460057	0.076322	0.406395	0.210442	0.111273	0.00113429	0.127542	0.0382029	0.240765	0.160121	0.509887	1.01726	2.31273	5	1.743347
2817000	-524.4206	-578.9906	54.57005	10	0.8912989	0.12698	0.0286564	0.0390154	0.0578785	0.0495181	0.0101784	0.040117	0.0384535	0.0160296	0.0454085	0.357535	0.198034	0.0801916	0.000882639	0.16042	0.0141281	0.257523	0.114788	0.441451	0.979363	2.4644	5	1.52095
2818000	-517.394	-574.3944	57.00043	10	2.00782	0.208975	0.00503985	0.0116164	0.0632416	0.00632597	0.00585009	0.0266568	0.0449368	0.00203705	0.0759979	0.2856	0.168187	0.0998418	0.0186347	0.0360007	0.0304582	0.206992	0.294206	0.655843	1.07018	1.97977	5	1.296392
2819000	-517.7352	-570.927	53.19182	10	0.4565717	0.143611	0.0161321	0.00435612	0.048269	0.0179795	0.00910366	0.0183939	0.0526043	0.00452531	0.0201072	0.179643	0.169895	0.0440797	0.0140055	0.224167	0.00331149	0.482865	0.0256494	0.222622	0.785902	2.96583	5	1.453049
2820000	-527.9756	-568.1387	40.16307	2	1.476046	0.085027	0.00261292	0.00153272	0.0634839	0.0087976	0.0151096	0.0184863	0.0155291	0.0246546	0.0489188	0.253022	0.200104	0.121312	0.0103079	0.0278546	0.0600545	0.291202	0.221598	0.58452	1.04898	2.1449	4	1.24801
2821000	-537.3092	-570.5048	33.19561	2	2.149106	0.137573	0.00936319	0.0176714	0.142372	0.0367699	0.0136567	0.0223851	0.0494709	0.00752528	0.0512499	0.370667	0.261545	0.125013	0.0243371	0.158253	0.0459078	0.270669	0.310447	0.669987	1.07331	1.94626	4	1.744429
2822000	-528.9241	-577.9326	49.00849	10	1.578138	0.120108	0.0094613	0.0224497	0.081841	0.0150764	0.00436722	0.0148469	0.0180898	0.0142707	0.0739961	0.0959951	0.194512	0.0712081	0.0209525	0.152334	0.0675405	0.302598	0.237145	0.601066	1.0547	2.10709	5	1.279648
2823000	-521.9255	-572.1212	50.19566	10	1.867401	0.218099	0.00354755	0.0188377	0.122172	0.00983138	0.0224788	0.0530903	0.0119815	0.0687149	0.0208449	0.685666	0.18122	0.190078	0.045763	0.267138	0.03422	0.30852	0.276915	0.64013	1.06629	2.01667	5	2.262203
2824000	-523.3601	-570.6977	47.33766	10	1.411836	0.231135	0.0131102	0.0175793	0.16401	0.020836	0.0260423	0.0421508	0.0223951	0.00106338	0.0748176	0.194194	0.26989	0.0889454	0.0122746	0.180965	0.00338827	0.513119	0.211376	0.573192	1.0448	2.17064	5	1.875916
2825000	-531.4804	-568.9502	37.46982	2	1.943559	0.149663	0.00169107	0.0201818	0.0620442	0.0389789	0.0144897	0.0312233	0.0165322	0.0376844	0.0548124	0.383829	0.184338	0.107342	0.00659246	0.0874994	0.0103452	0.229773	0.286443	0.648874	1.06851	1.99617	4	1.43702
2826000	-536.1567	-573.1976	37.04091	2	1.346809	0.110694	0.0260306	0.0041685	0.0881219	0.0496171	0.0303786	0.0153476	0.030212	0.0132149	0.0282346	0.427958	0.210394	0.104252	0.0237811	0.0856	0.0388585	0.249238	0.200659	0.560899	1.04	2.19844	4	1.536101
2827000	-538.0852	-575.2148	37.12953	2	0.9301306	0.204619	0.0232348	0.00736473	0.126581	0.0270565	0.012972	0.0065557	0.0152015	0.0406561	0.040306	0.237566	0.157393	0.036576	0.0347484	0.0730839	0.0350316	0.172377	0.122811	0.454694	0.987384	2.43511	4	1.251323
2828000	-532.9567	-570.8728	37.91606	10	3.910005	0.224927	0.00929169	0.0144339	0.117644	0.0487122	0.0188264	0.0723386	0.00412818	0.0286798	0.0515625	0.187904	0.311241	0.22657	0.00800386	0.220107	0.0487402	0.420708	0.449349	0.772038	1.0844	1.69421	5	2.013819
2829000	-537.0845	-570.0969	33.01238	2	3.210553	0.156833	0.00873878	0.00176144	0.191894	0.0808582	0.0214989	0.0226863	0.0316519	0.0206353	0.020433	0.226632	0.155048	0.139224	0.0305812	0.214795	0.00832546	0.267415	0.404922	0.742557	1.08338	1.76915	4	1.599012
2830000	-515.1154	-566.9728	51.85741	10	1.094727	0.123338	0.0192538	0.00153871	0.0645137	0.00289845	0.0145753	0.0194887	0.0962336	0.0303068	0.0456314	0.289626	0.15971	0.0237687	0.0169044	0.102422	0.026877	0.383869	0.155457	0.503483	1.01408	2.32698	5	1.420955
2831000	-519.0906	-571.6417	52.5511	10	0.5245091	0.152918	0.0510259	0.0215079	0.0458197	0.0311409	0.00601328	0.0473968	0.00622064	0.0220631	0.0503303	0.239515	0.292306	0.12105	0.0107684	0.264989	0.00828737	0.42366	0.0380154	0.267615	0.837314	2.85706	5	1.795011
2832000	-529.0921	-569.943	40.85086	2	0.5213004	0.0692687	0.00654214	0.0191623	0.0732839	5.15787e-05	0.0117553	0.0215416	0.0237004	0.019077	0.0436922	0.177769	0.176252	0.113357	0.0370204	0.183081	0.00881331	0.276005	0.0374004	0.265594	0.835169	2.86184	4	1.260374
2833000	-540.766	-571.9799	31.21394	1	2.233681	0.0438689	0.00176975	0.0490034	0.0652039	0.00300569	0.00510673	0.014305	0.0306587	0.0242353	0.0653549	0.224129	0.225753	0.120509	0.026255	0.146753	0.0862736	0.272738	0.31966	0.677765	1.07487	1.9277	3	1.404923
2834000	-533.623	-574.1409	40.51785	2	0.6937995	0.160663	0.00843105	0.00439875	0.061585	0.00450971	0.00146501	0.0239112	3.52518e-05	0.0363218	0.0838624	0.414502	0.233729	0.0802103	0.0201222	0.021885	0.0167295	0.209101	0.0728644	0.36059	0.922549	2.644	4	1.381463
2835000	-545.9967	-574.2709	28.27419	2	1.260129	0.397335	0.00842009	0.00212514	0.0856088	0.0724294	0.0208074	0.0228911	0.0421757	0.0249791	0.0694003	0.292319	0.324722	0.0895293	0.052993	0.20153	0.0489012	0.368573	0.185781	0.543064	1.03257	2.23859	4	2.124741
2836000	-529.7265	-569.4043	39.67781	2	1.049161	0.134596	0.00485227	0.00734778	0.0670379	0.0221156	0.0202746	0.0183343	0.0348373	0.0466122	0.0559099	0.173248	0.202646	0.122119	0.026058	0.0795276	0.0149446	0.224631	0.146657	0.491045	1.00769	2.35461	4	1.255093
2837000	-536.5158	-576.0234	39.50757	2	0.7095269	0.126128	0.0128505	0.00565528	0.153542	0.0513368	0.0127488	0.0104577	0.0593176	0.0144232	0.038123	0.270329	0.201027	0.0750592	0.0259009	0.154759	0.0225475	0.11781	0.0762243	0.367991	0.928348	2.62744	4	1.352017
2838000	-528.4921	-567.326	38.83396	2	0.6268262	0.172759	0.00251097	0.0282748	0.0778282	0.0142546	0.0113008	0.0152156	0.0382076	0.00224906	0.044195	0.319846	0.240745	0.0997559	0.0191717	0.134556	0.00713283	0.235966	0.0586839	0.326859	0.894411	2.72005	4	1.463969
2839000	-536.9346	-577.3666	40.43208	2	0.9632341	0.105435	0.00442897	0.0399398	0.0225636	0.0326082	0.00859798	0.0318556	0.0230901	0.0053639	0.0240657	0.233037	0.191481	0.0825507	0.00642675	0.0839782	0.0431937	0.105421	0.129561	0.465415	0.99363	2.41139	4	1.044037
2840000	-520.2013	-571.7303	51.52907	10	1.746715	0.312227	0.00714237	0.0240883	0.0824375	0.0436561	0.00343627	0.0403188	0.00415682	0.00735251	0.0221003	0.320072	0.186259	0.111543	0.0149873	0.162809	0.0216266	0.18823	0.261044	0.62506	1.06214	2.05176	5	1.552444
2841000	-544.1507	-575.8867	31.73596	1	1.282559	0.162716	0.0263674	0.0367374	0.051209	0.00633056	8.63064e-05	0.0413064	0.0448492	0.00238775	0.033047	0.310132	0.267826	0.0481162	0.00775074	0.109655	0.0521494	0.247166	0.189697	0.54785	1.03462	2.22784	3	1.447833
2842000	-534.7314	-571.0805	36.34914	2	0.5803555	0.128488	0.009175	0.00721038	0.0907258	0.131234	0.0294127	0.00610802	0.0415908	0.0152133	0.0172685	0.313131	0.124541	0.0775972	0.00837714	0.193761	0.010412	0.144275	0.0490833	0.301175	0.870956	2.77879	4	1.34852
2843000	-536.6885	-578.1374	41.44896	2	0.828348	0.0665993	0.0219823	0.042949	0.110261	0.00706555	0.00232863	0.0289982	0.0222452	0.0196297	0.0452454	0.242146	0.153993	0.0547935	0.0106725	0.0972711	0.0129399	0.13165	0.101575	0.418302	0.96451	2.51561	4	1.070769
2844000	-528.9606	-563.7755	34.81489	1	0.3496311	0.198053	0.00959967	0.00275358	0.104744	0.00604324	0.0101581	0.00779095	0.0122896	0.012816	0.0257769	0.185612	0.258055	0.0906654	0.0067387	0.0864092	0.0223538	0.193372	0.0101682	0.143268	0.670474	3.17609	3	1.233233
2845000	-542.6381	-571.8246	29.1865	2	1.689522	0.144849	0.0134675	0.0186835	0.118145	0.0954133	0.0518	0.0152617	0.0582283	0.0187394	0.0820808	0.402477	0.452175	0.106534	0.0151902	0.00423712	0.0409687	0.25264	0.253172	0.617337	1.05985	2.06964	4	1.890889
2846000	-530.0491	-567.8491	37.80001	2	0.7511017	0.152981	0.0133062	0.022503	0.110267	0.0457582	0.00499859	0.0180492	0.0421827	0.00040457	0.0691723	0.315679	0.306265	0.0729047	0.00176428	0.0874576	0.00591305	0.16767	0.0851203	0.386676	0.942427	2.58578	4	1.437275
2847000	-542.3444	-574.2748	31.93039	2	2.06786	0.219294	0.0211895	0.064433	0.120765	0.0988653	0.00878464	0.0256584	0.0202342	0.00372252	0.0746077	0.306087	0.354013	0.132826	0.0548709	0.128044	0.00582405	0.107107	0.301243	0.662041	1.0716	1.96512	4	1.746326
2848000	-506.5271	-569.7658	63.23867	10	0.7042738	0.142614	0.00724289	0.0112159	0.0378069	0.0170203	0.0148622	0.0102043	0.0214859	0.00259573	0.0307124	0.325868	0.121093	0.0866213	0.0184376	0.148313	0.0143651	0.177294	0.0751014	0.36554	0.926442	2.63292	5	1.187751
2849000	-540.2079	-572.7859	32.578	2	1.15218	0.30324	0.00933401	0.00661471	0.103745	0.0159542	0.0167236	0.0164444	0.00132098	0.0362576	0.0231758	0.305453	0.279458	0.0931084	0.0307051	0.127145	0.0390127	0.261451	0.16628	0.518158	1.02126	2.2943	4	1.669143
2850000	-536.9989	-573.7725	36.77367	2	2.137545	0.15578	0.00652989	0.0169873	0.0696348	0.0612647	0.00676251	0.05971	0.022894	0.00603231	0.0619828	0.28173	0.130798	0.097562	0.01338	0.267257	0.0469136	0.197025	0.309159	0.668886	1.07308	1.94888	4	1.502246
2851000	-532.7637	-572.9767	40.21298	2	0.7774339	0.214116	0.00660547	0.0353167	0.0634639	0.0113345	0.025039	0.0421858	0.0603078	0.00316565	0.0411909	0.290092	0.0841297	0.051515	0.0120716	0.280404	0.0337854	0.135913	0.0907486	0.397888	0.9505	2.56086	4	1.390637
2852000	-533.7449	-571.0277	37.28279	2	0.9168984	0.153915	0.0103133	0.0326996	0.0846757	0.0195776	0.0299804	0.00824897	0.0280476	0.00133181	0.0549199	0.109992	0.295574	0.0974868	0.00881883	0.286039	0.0347424	0.119176	0.120089	0.450265	0.984739	2.44491	4	1.375538
2853000	-524.2573	-566.596	42.33868	2	0.4401242	0.11557	0.000811393	0.00345597	0.0510648	0.0089944	0.00176141	0.0248734	0.0479074	0.00577134	0.0341102	0.22612	0.167825	0.0836275	0.0206545	0.0392938	0.0181888	0.101853	0.0229028	0.211044	0.77129	2.99476	4	0.9518827
2854000	-537.4204	-570.8601	33.43978	1	1.208829	0.151009	0.00464895	0.00295889	0.0536443	0.0380289	0.0312055	0.0260981	0.0335073	0.011198	0.0374029	0.249538	0.264356	0.041847	0.0144288	0.113439	0.00821905	0.203295	0.176649	0.531632	1.02751	2.26421	3	1.284824
2855000	-534.6513	-573.2429	38.59161	2	0.4303508	0.132965	0.00470124	0.00645729	0.0550195	0.0629204	0.0192254	0.00481455	0.115873	0.00216333	0.033705	0.399136	0.284386	0.0173634	0.0258266	0.0309908	0.0391473	0.106839	0.0213254	0.204042	0.76214	3.01249	4	1.341534
2856000	-531.5075	-569.3237	37.81616	2	1.01988	0.176011	0.00945039	0.0145969	0.0852904	0.0416365	0.0113382	0.0292885	0.0160434	0.00358757	0.074678	0.271587	0.0949781	0.120355	0.0118628	0.313751	0.0103064	0.0879464	0.140903	0.482647	1.00322	2.37323	4	1.372707
2857000	-527.2419	-568.1155	40.87361	2	1.104197	0.136374	0.00910298	0.00377499	0.0605123	0.0265614	0.0144512	0.0096715	0.0491126	0.00570607	0.0321054	0.205626	0.070266	0.0528238	0.00315121	0.155384	0.0149337	0.163587	0.157262	0.505976	1.01533	2.32143	4	1.013143
2858000	-537.1151	-570.0021	32.88702	2	2.873797	0.186658	0.00329325	0.00680434	0.105894	0.0752207	0.00688049	0.0261428	0.111261	0.0225073	0.0948535	0.267157	0.265416	0.0555105	0.0227465	0.183585	0.0527669	0.324997	0.379257	0.724292	1.08182	1.81463	4	1.811694
2859000	-514.4721	-570.6327	56.16063	10	0.4668881	0.0881113	0.000250691	0.0172777	0.0596986	0.011837	0.0208573	0.0173498	0.000462522	0.0297648	0.02823	0.261675	0.226046	0.103855	0.0411421	0.0459466	0.040292	0.0895947	0.0274273	0.229751	0.794595	2.94823	5	1.082391
2860000	-506.335	-565.0655	58.73053	10	1.117784	0.167454	0.0134559	0.00135685	0.0844572	0.0122661	0.00143613	0.034638	0.0377768	0.0428043	0.0380658	0.289899	0.229871	0.0894346	0.0525334	0.117667	0.0149204	0.166023	0.159838	0.509501	1.01707	2.31359	5	1.394059
2861000	-531.7771	-571.5141	39.73702	2	1.172754	0.14499	0.00838008	0.0101426	0.132175	0.00677206	0.00733937	0.0344639	0.0177246	0.00316806	0.0293564	0.257264	0.268797	0.0871587	0.000155361	0.0694695	0.00244654	0.135315	0.170081	0.52316	1.02362	2.28314	4	1.215118
2862000	-536.1867	-570.9526	34.76594	2	1.876669	0.144159	0.0272632	0.0189582	0.13315	0.0752638	0.0103068	0.0389525	0.00564083	0.00841932	0.0527767	0.250715	0.356842	0.114888	0.0193671	0.119505	0.0163101	0.173605	0.278094	0.641224	1.06657	2.01411	4	1.566122
2863000	-537.2445	-575.1594	37.91486	2	1.407105	0.0876974	0.0142921	0.00335515	0.0800987	0.0296133	0.0154509	0.0386879	0.0101289	0.00823575	0.0284015	0.0447102	0.486086	0.129107	0.0154524	0.383776	0.0218203	0.14946	0.210609	0.572327	1.04447	2.1726	4	1.546374
2864000	-530.992	-571.5507	40.55868	2	1.362928	0.0965083	0.0101831	0.00216321	0.0554034	0.0147596	0.00689791	0.0417431	0.00653087	0.000514732	0.0400057	0.107723	0.212537	0.110746	0.0178966	0.135322	0.0198013	0.177198	0.20335	0.564028	1.04124	2.19138	4	1.055934
2865000	-544.8587	-576.4641	31.60537	2	2.688766	0.105642	0.0116461	0.00702205	0.0926024	0.0583817	0.0225857	0.0580061	0.069622	0.0482556	0.0460012	0.177112	0.331257	0.142622	0.0604905	0.309913	0.0186849	0.119103	0.363653	0.712697	1.08048	1.84317	4	1.678948
2866000	-537.9386	-572.1846	34.24599	2	1.807104	0.199895	0.0145174	0.00988439	0.123841	0.0611636	0.0237672	0.0317174	0.0524594	0.00862802	0.0447565	0.218045	0.190197	0.102536	0.0059964	0.216517	0.00868073	0.308604	0.269108	0.632798	1.06432	2.03378	4	1.621206
2867000	-523.5649	-569.1761	45.61128	10	1.315357	0.12171	0.00350658	0.0224649	0.12141	0.0352634	0.0103366	0.0426205	0.0247235	0.0222126	0.0511822	0.206642	0.250639	0.124097	0.0248562	0.304381	0.0305087	0.145052	0.195339	0.55463	1.03745	2.21258	5	1.541606
2868000	-519.2879	-568.3099	49.02195	10	1.313134	0.215657	0.00242264	0.0251263	0.146683	0.0557369	0.0205076	0.025925	0.0461856	0.028653	0.0861543	0.122517	0.452321	0.150877	0.0337465	0.445217	0.0276051	0.34552	0.19496	0.554178	1.03726	2.2136	5	2.230855
2869000	-513.344	-564.3921	51.04813	10	0.9517165	0.140805	0.0168284	0.00530134	0.0976665	0.00763141	0.00947448	0.0252145	0.00530743	0.00978101	0.0691075	0.21925	0.311911	0.10176	0.0502643	0.320445	0.0188713	0.152035	0.127222	0.461742	0.991515	2.41952	5	1.561655
2870000	-525.5368	-563.163	37.62623	2	1.064203	0.16373	0.00138254	0.00424769	0.0319698	0.00830611	0.00971101	0.0212673	0.0246272	0.00112658	0.0596727	0.0955641	0.49204	0.0781483	0.0281669	0.263758	0.0178493	0.273425	0.149583	0.495234	1.00987	2.34531	4	1.574993
2871000	-538.2849	-574.385	36.10011	2	1.496622	0.209838	0.0308008	0.00520423	0.153629	0.00766404	0.0357237	0.0141871	0.0595877	0.00389899	0.0770396	0.14415	0.504322	0.107029	0.0262395	0.113294	0.0287026	0.190673	0.2248	0.587993	1.05022	2.13698	4	1.711984
2872000	-514.6142	-568.8789	54.26468	10	0.8038198	0.101392	0.00768414	0.0052569	0.0394492	0.0515456	0.00175757	0.0227673	0.011009	0.00992712	0.0419545	0.112551	0.270673	0.0801514	0.055637	0.172088	0.0102683	0.150865	0.0963713	0.408667	0.958008	2.53695	5	1.144978
2873000	-520.404	-568.0832	47.67924	10	2.458686	0.164898	0.0209253	0.0165074	0.0884295	0.0217369	0.0351189	0.0271782	0.0429335	0.0290563	0.0307024	0.213215	0.291215	0.123585	0.0894715	0.219568	0.0142788	0.212568	0.342504	0.696339	1.07814	1.88301	5	1.641388
2874000	-535.0812	-569.7188	34.6376	2	1.201597	0.238255	0.0138389	0.0190135	0.070309	0.0276271	0.015177	0.033358	0.0994047	0.0160883	0.0376277	0.0819711	0.260211	0.0357116	0.00112892	0.404943	0.0474653	0.310363	0.175342	0.529963	1.02676	2.26794	4	1.712493
2875000	-526.0637	-563.7597	37.69598	2	0.1892784	0.176606	0.000226515	0.00253997	0.0599698	0.00495218	0.00780445	0.00403505	0.0322378	0.0169789	0.0203916	0.0297005	0.203598	0.0297452	0.00715521	0.195283	0.0289416	0.143534	0.000359231	0.0278282	0.355101	3.61671	4	0.9636992
2876000	-520.9487	-571.6165	50.6678	10	0.7745226	0.113622	0.00480682	0.0122445	0.093719	0.0257893	0.0133829	0.0063391	0.0341741	0.00477287	0.0778738	0.00902072	0.348509	0.093016	0.00238589	0.428249	0.0247405	0.232006	0.090127	0.396671	0.949637	2.56356	5	1.524651
2877000	-509.4761	-568.859	59.38285	10	1.306562	0.117078	0.00868183	0.00124513	0.0791182	0.029642	0.0183416	0.0142973	0.0697724	0.0273993	0.0447518	0.160088	0.116271	0.0887313	0.0372057	0.34291	0.0235867	0.157426	0.193836	0.552836	1.03671	2.21662	5	1.336546
2878000	-517.9364	-569.9616	52.02524	10	0.3000576	0.163756	0.00639249	0.0036231	0.0484147	0.0391223	0.0260547	0.0204679	0.0014916	0.00165634	0.0464575	0.205871	0.239006	0.0764738	0.0402986	0.116184	0.0236541	0.0826489	0.00529998	0.10454	0.5959	3.29426	5	1.141574
2879000	-512.4582	-564.3849	51.92669	10	0.8943339	0.145004	0.0223152	0.000880622	0.0542438	0.00725718	0.0182544	0.0323623	0.00635115	0.0188307	0.0477762	0.223377	0.152837	0.096341	0.00819626	0.375355	0.0645164	0.265941	0.115419	0.442513	0.980019	2.46205	5	1.539839
2880000	-537.4481	-574.4455	36.99734	2	1.041576	0.115091	0.0187814	0.0319018	0.103394	0.167102	0.016932	0.00918022	0.0368982	0.0131222	0.0815901	0.432864	0.114906	0.0716873	0.0326921	0.319023	0.00161784	0.158172	0.145174	0.488901	1.00656	2.35936	4	1.724956
2881000	-544.9327	-578.9687	34.03599	2	1.541988	0.126408	0.0104614	0.00715677	0.128451	0.0299548	0.012901	0.0591833	0.00203685	0.0022116	0.116837	0.318362	0.170904	0.173166	0.00434756	0.210988	0.0393498	0.169522	0.231736	0.595399	1.0528	2.12007	4	1.582242
2882000	-524.4697	-571.5269	47.05721	10	2.514407	0.119228	0.00305964	0.0309938	0.0718648	0.00177217	0.0154548	0.0426492	0.100013	0.0276928	0.0671421	0.375929	0.0911582	0.0681652	0.0685199	0.295731	0.0193852	0.199302	0.347818	0.700522	1.07879	1.87287	5	1.598062
2883000	-518.4992	-574.1849	55.68567	10	1.28798	0.0965843	0.00866272	0.016572	0.0812211	0.0382283	0.00358848	0.0217753	0.0983926	0.0180198	0.0395738	0.330921	0.103747	0.0164766	0.0387125	0.180335	0.0228631	0.127783	0.190636	0.548988	1.0351	2.22528	5	1.243456
2884000	-539.0918	-576.8643	37.77253	2	0.8876983	0.134567	0.0323343	0.0306269	0.0885826	0.00671836	0.014864	0.032267	0.115114	0.00813805	0.040549	0.210438	0.165996	0.0355538	0.0055604	0.258767	0.0330647	0.14582	0.114039	0.440185	0.978578	2.4672	4	1.358961
2885000	-517.8878	-573.2252	55.33749	10	1.678273	0.150953	0.00752901	0.00519879	0.082375	0.0260815	0.0274671	0.0310616	0.0304	0.0502918	0.0341118	0.162093	0.0552588	0.178492	0.0473525	0.460328	0.0172305	0.169651	0.251595	0.61577	1.05938	2.07326	5	1.535876
2886000	-523.5441	-575.6004	52.05631	10	2.007003	0.172942	0.00896544	0.0430941	0.0970473	0.110493	0.0250673	0.0105932	0.0187181	0.00230239	0.0194474	0.389777	0.0143935	0.132244	0.0426662	0.383027	0.00154807	0.128464	0.294109	0.655756	1.07016	1.97997	5	1.60079
2887000	-536.4674	-569.7396	33.27217	1	1.722433	0.111935	0.0200383	0.0144135	0.0729417	0.000684316	0.0333209	0.0173521	0.00476389	0.00131959	0.0537645	0.18881	0.314616	0.0934313	0.0154672	0.163802	0.00390072	0.139664	0.257731	0.62183	1.06119	2.05925	3	1.250225
2888000	-535.8938	-572.1175	36.22365	2	1.159058	0.166377	0.00390759	0.00230808	0.0842862	0.011495	0.0171607	0.0191483	0.0151496	0.00306295	0.0390759	0.11095	0.24109	0.058019	0.00911708	0.233588	0.053768	0.235711	0.167555	0.519844	1.02206	2.29054	4	1.304213
2889000	-530.1477	-568.4461	38.29838	2	1.009618	0.109858	0.00645517	0.00583289	0.0472261	0.0155479	0.00669899	0.0162816	0.0169614	0.0201135	0.0519686	0.0963722	0.290563	0.0974625	0.00405577	0.243137	0.0604794	0.180094	0.138869	0.479624	1.00158	2.37993	4	1.269108
2890000	-522.5071	-568.5831	46.07598	10	1.024676	0.117418	0.00461518	0.00120197	0.109207	0.0108906	0.0209497	0.0236993	0.00829124	0.012825	0.0604457	0.0459422	0.275541	0.0878207	0.0534646	0.428804	0.0481146	0.174201	0.141851	0.484045	1.00397	2.37013	5	1.483431
2891000	-523.0127	-577.7087	54.69594	10	0.6022046	0.062124	0.00552733	0.00902311	0.065293	0.136396	0.0370538	0.0088723	0.0248353	0.00372639	0.0371827	0.246898	0.274176	0.0447478	0.0242754	0.312139	0.0216506	0.0721043	0.0535631	0.313495	0.882439	2.7505	5	1.386026
2892000	-532.0632	-571.6374	39.57421	2	0.5419393	0.124513	0.00442767	0.0108306	0.0825211	0.0201381	0.021975	0.0161374	0.0424296	0.0211224	0.0572172	0.166155	0.249093	0.0739046	0.00485277	0.244991	0.0222459	0.168635	0.0414	0.278416	0.848539	2.83165	4	1.33119
2893000	-540.6861	-574.2119	33.52577	2	1.297598	0.112881	0.00486638	0.00239515	0.151783	0.00590531	0.00775511	0.0314619	0.0600541	0.0140928	0.0777781	0.455248	0.31245	0.0180329	0.048712	0.24978	0.000187875	0.146127	0.192296	0.55099	1.03594	2.22078	4	1.699511
2894000	-512.452	-570.1239	57.672	10	1.489834	0.130288	0.00221343	0.0319998	0.0638055	0.0867185	0.000652361	0.0576951	0.00762808	0.0074691	0.0543824	0.260939	0.227252	0.12887	0.0246334	0.232783	0.0202622	0.246753	0.223748	0.586856	1.04982	2.13958	5	1.584344
2895000	-533.6006	-569.5858	35.98521	2	1.53775	0.129866	0.0021227	0.00479591	0.0861455	0.0553525	0.0094648	0.0226016	0.00246859	0.055995	0.0467417	0.141494	0.194861	0.165866	0.0147649	0.161221	0.0768032	0.232479	0.231096	0.594722	1.05256	2.12162	4	1.403044
2896000	-540.0899	-573.3745	33.28459	2	3.642139	0.095566	0.0123072	0.0279108	0.113521	0.0222035	0.00263908	0.0668518	0.0092817	0.0195798	0.0555068	0.100111	0.214271	0.102908	0.0300935	0.281526	0.0267373	0.312438	0.433553	0.761848	1.08426	1.72034	4	1.493451
2897000	-544.8764	-577.6867	32.81026	2	2.963479	0.166111	0.0233323	0.014967	0.106897	0.0175822	0.0391801	0.0238668	0.0193957	0.035003	0.0509261	0.322046	0.428402	0.0307864	0.004224	0.206891	0.0514795	0.283055	0.386417	0.729486	1.08233	1.80177	4	1.824145
2898000	-525.9593	-576.9888	51.02951	10	1.756545	0.0604617	0.0131702	0.0432402	0.070935	0.104044	0.0200727	0.00856738	0.00123711	0.027206	0.0389437	0.276377	0.219251	0.190438	0.0594088	0.137032	0.0254936	0.281458	0.262374	0.626348	1.06251	2.04877	5	1.577336
2899000	-520.9998	-575.9466	54.94683	10	2.395025	0.141594	0.00352872	0.0101867	0.141744	0.0324771	0.00877829	0.0359816	0.0399684	0.00790076	0.0935896	0.195148	0.20594	0.105798	0.0121307	0.20063	0.0599987	0.0968884	0.336273	0.691369	1.07733	1.89503	5	1.392283
2900000	-519.0216	-571.9335	52.91188	10	1.456349	0.107803	0.00999172	0.0185804	0.0552725	0.0382835	0.0118553	0.0288241	0.052453	0.0309628	0.0300002	0.372949	0.260796	0.0611846	0.00548556	0.15384	0.0453295	0.180448	0.2185	0.581126	1.04775	2.15262	5	1.46406
2901000	-529.8252	-568.7495	38.92429	2	1.736157	0.165229	0.00352277	0.0369503	0.0962178	0.0315602	0.010012	0.0296355	0.00373544	0.0407389	0.0607899	0.196099	0.190262	0.126621	0.00630009	0.115954	0.0267532	0.210298	0.259609	0.623664	1.06173	2.055	4	1.35068
2902000	-525.337	-566.2974	40.96045	2	0.3913866	0.1413	0.00812087	0.000104043	0.062852	0.0247132	0.00737792	0.0213019	0.00488694	0.0105867	0.0487128	0.320177	0.208216	0.083558	0.0193769	0.22105	0.0194737	0.101003	0.0154916	0.175293	0.721789	3.08743	4	1.302811
2903000	-519.4316	-569.1756	49.74403	10	1.285036	0.168926	0.0284422	0.000963692	0.115807	0.0973946	0.053529	0.0166533	0.0323665	0.0442591	0.0352486	0.229133	0.388212	0.125636	0.0542203	0.255378	0.0204456	0.178319	0.190126	0.548371	1.03484	2.22667	5	1.844933
2904000	-524.0366	-578.7829	54.74622	10	0.646481	0.0872006	0.0042231	0.0517189	0.0430157	0.00333263	0.00782454	0.0606883	0.0854569	0.0147402	0.0769221	0.343531	0.292549	0.0223361	0.00607355	0.22289	0.0375692	0.168614	0.0628148	0.337145	0.903298	2.69674	5	1.528686
2905000	-534.8278	-570.834	36.00618	2	1.216099	0.139429	0.00214631	0.048766	0.0637478	0.0211703	0.00768194	0.0115026	0.0311746	0.0307125	0.0465959	0.323811	0.352605	0.0800428	0.00174674	0.186487	0.0120267	0.176756	0.177958	0.533295	1.02826	2.26048	4	1.536403
2906000	-537.1285	-570.0642	32.93576	2	3.11931	0.138315	0.00879453	0.014672	0.129346	0.00581821	0.0131771	0.051034	0.0425979	0.00758342	0.0658308	0.559633	0.415948	0.0736808	0.0520825	0.0208779	0.0923415	0.211533	0.398286	0.737927	1.08305	1.78074	4	1.903266
2907000	-522.069	-571.5207	49.45164	10	2.022144	0.176569	0.0147055	0.0291012	0.0922728	0.0263266	0.00916949	0.0370638	0.00449535	0.00690666	0.0484468	0.246316	0.296001	0.131562	0.0190199	0.0611558	0.0378092	0.165418	0.295904	0.657348	1.07053	1.97621	5	1.40234
2908000	-544.742	-579.38	34.63798	2	0.5723922	0.0766191	0.0125817	0.032372	0.0768032	0.032062	0.0167905	0.0352158	0.00858658	0.020833	0.0374928	0.314155	0.141512	0.179837	0.0368119	0.368784	0.0134134	0.172607	0.0474685	0.296573	0.866553	2.78941	4	1.576476
2909000	-540.1747	-572.7163	32.54156	2	1.245849	0.119382	0.0157684	0.0224803	0.120349	0.00599321	0.0599276	0.00685289	0.0229582	0.0262044	0.076197	0.157326	0.381715	0.0875397	0.0103322	0.29149	0.00225267	0.153856	0.183263	0.539951	1.03121	2.24557	4	1.560625
2910000	-536.413	-570.3053	33.89225	2	2.435578	0.212059	0.0630958	0.0188965	0.145947	0.00530874	0.0256928	0.0267144	0.029362	0.0210085	0.0819181	0.319787	0.39033	0.109538	0.00125109	0.132343	0.0505448	0.320461	0.340263	0.694559	1.07786	1.88732	4	1.954258
2911000	-528.6069	-568.5082	39.9013	2	0.4687914	0.0693376	0.00283686	0.00247407	0.0497508	0.00950903	0.0146341	0.0085347	0.0163276	0.00264976	0.0320061	0.32505	0.194266	0.0915721	0.0145376	0.143122	0.0234393	0.127061	0.0277596	0.231054	0.796161	2.94502	4	1.127108
2912000	-546.7456	-578.2905	31.54487	1	0.8620626	0.114991	0.00947602	0.0147273	0.0829752	0.0646802	0.00450012	0.0406537	0.0314966	0.00631047	0.0314517	0.11157	0.289026	0.107372	0.0184982	0.359418	0.0412621	0.180584	0.10868	0.430971	0.972772	2.48758	3	1.508992
2913000	-524.0899	-565.1975	41.10762	2	1.301303	0.115207	0.00306258	0.00175174	0.0605464	0.0310965	0.0119055	0.0137323	0.00839179	0.00192474	0.0325679	0.1423	0.183501	0.0846446	0.0714572	0.142379	0.00357713	0.141692	0.192933	0.551755	1.03626	2.21905	4	1.049737
2914000	-521.2716	-572.8148	51.54319	10	0.7749333	0.106944	0.00673022	0.014776	0.057174	0.0409026	0.0270471	0.0140008	0.0241463	0.0072854	0.0108762	0.120822	0.162017	0.0462465	0.0439544	0.160843	0.00766674	0.139174	0.0902147	0.396843	0.94976	2.56318	5	0.9906061
2915000	-523.8658	-571.4229	47.5571	10	0.8049414	0.121909	0.00325744	0.034404	0.111268	0.0371271	0.0165591	0.0162484	0.10069	0.0185601	0.0398343	0.239246	0.554057	0.0379209	0.0342353	0.130023	0.00485405	0.411961	0.0966098	0.409116	0.958315	2.53596	5	1.912155
2916000	-534.1229	-572.3141	38.19125	2	1.542556	0.144814	0.0122784	0.0259714	0.0456943	0.0408945	0.016719	0.0225797	0.0305547	0.0165862	0.0423271	0.194082	0.231586	0.0679261	0.0387317	0.0685486	0.00722218	0.201163	0.231822	0.59549	1.05283	2.11986	4	1.20768
2917000	-527.769	-567.8866	40.11768	2	1.409002	0.133727	0.00377029	0.0148766	0.0887163	0.0910863	0.0318719	0.046723	0.0146421	0.000521093	0.0652066	0.139938	0.234753	0.127557	0.00324678	0.282962	0.0255587	0.131618	0.210917	0.572674	1.0446	2.17181	4	1.436775
2918000	-541.0475	-573.6626	32.6151	2	1.141623	0.154558	0.0153672	0.0415308	0.147363	0.0270846	0.0125006	0.0495107	0.0160196	0.0210467	0.0661811	0.22389	0.50633	0.164625	0.0112061	0.252246	0.0104478	0.140403	0.164315	0.515541	1.02001	2.30014	4	1.86031
2919000	-539.9664	-575.3722	35.40582	2	2.21854	0.10208	0.00361821	0.00546017	0.0659533	0.110998	0.0261356	0.0156844	0.0736793	0.00126841	0.0295116	0.26846	0.139349	0.0686886	0.0540113	0.285419	0.0463111	0.294694	0.318037	0.676408	1.07461	1.93095	4	1.591321
2920000	-530.189	-568.9163	38.7273	2	0.3915432	0.124809	0.014135	0.0131179	0.0453017	0.0280814	0.0123934	0.0356283	0.124273	0.0032891	0.0317285	0.165068	0.304048	0.00310734	0.0222749	0.274723	0.0584691	0.210723	0.0155135	0.175411	0.721965	3.08711	4	1.471171
2921000	-503.2372	-568.0953	64.85816	10	0.4900855	0.117188	0.00360686	0.00262027	0.0627922	0.0304478	0.00180989	0.027185	0.0446449	0.00105611	0.0401891	0.0903508	0.170383	0.115259	0.022125	0.234799	0.0136757	0.0940148	0.0315652	0.245394	0.812918	2.91012	5	1.072148
2922000	-537.4486	-571.8523	34.40365	2	2.600782	0.218214	0.0243765	0.0316968	0.0964975	0.020578	0.00300352	0.0250114	0.00739292	0.0274247	0.0571755	0.133027	0.19302	0.251368	0.00212874	0.220307	0.0409637	0.108971	0.355808	0.706718	1.07969	1.85779	4	1.461156
2923000	-545.818	-576.9287	31.11066	2	4.12366	0.323582	0.0281099	0.0290178	0.0756647	0.0432925	0.0502509	0.0237268	0.0932832	0.00202449	0.0775407	0.204883	0.420151	0.340056	0.0109821	0.0397384	0.0357513	0.0706872	0.461029	0.77938	1.08436	1.67523	4	1.868742
2924000	-533.7633	-567.9324	34.16914	2	1.706279	0.118289	0.0156221	0.0112509	0.0741925	0.0185864	0.0171216	0.0177656	0.030705	0.00366406	0.0514594	0.170369	0.299394	0.290346	0.0189815	0.109726	0.00744194	0.110868	0.255503	0.619641	1.06054	2.06431	4	1.365783
2925000	-530.9658	-570.9294	39.96355	2	0.7653648	0.0940995	0.000344299	0.00828099	0.0575599	0.026433	0.0112334	0.01586	0.0511514	0.0203138	0.0540644	0.228382	0.0970315	0.348823	0.0293797	0.211228	0.027153	0.131954	0.0881705	0.392807	0.946876	2.57215	4	1.413291
2926000	-509.0227	-566.462	57.43933	10	1.397396	0.1213	0.00236671	0.00174678	0.0875917	0.0616963	0.0123299	0.0295302	0.010311	0.0234215	0.0335227	0.101774	0.246087	0.254928	0.0137321	0.2257	0.00484456	0.132026	0.209028	0.570537	1.04378	2.17665	5	1.362909
2927000	-518.4268	-567.5914	49.16459	10	1.797182	0.337287	0.0145187	0.00659957	0.0635134	0.0192039	0.012073	0.0424349	0.000632788	0.0222648	0.0249282	0.165019	0.409609	0.288172	0.000417743	0.0289258	0.0379569	0.116461	0.267801	0.631554	1.06397	2.03667	5	1.590017
2928000	-511.1447	-563.3411	52.1964	10	2.353074	0.11141	0.000142215	0.0151454	0.0958151	0.0183416	0.0208138	0.0211023	0.0252255	0.0110493	0.0551781	0.258278	0.251577	0.299009	0.0508489	0.130014	0.0518645	0.131351	0.332069	0.687976	1.07675	1.9032	5	1.547166
2929000	-520.1697	-576.8937	56.72399	10	0.9509761	0.137026	0.000458889	0.0173916	0.116799	0.0315005	0.033872	0.000866727	0.008383	0.0470737	0.0294431	0.163948	0.172051	0.108594	0.0108258	0.139029	0.0507443	0.118765	0.127071	0.461504	0.991377	2.42005	5	1.186772
2930000	-530.1812	-567.6199	37.43873	2	3.935742	0.167054	0.000580198	0.00863219	0.051235	0.0394395	0.017371	0.0297593	0.0455814	0.00545859	0.0491026	0.208371	0.212188	0.116624	0.0104871	0.190099	0.0764267	0.0674988	0.450797	0.772957	1.08441	1.69184	4	1.295908
2931000	-535.1315	-571.5738	36.44229	2	0.9543077	0.0968137	0.0122828	0.0621949	0.0741063	0.0163036	0.0011164	0.0368627	0.00773661	0.0259511	0.0468201	0.150629	0.472724	0.490451	0.00120312	0.0120738	0.0589128	0.186479	0.127749	0.462573	0.991996	2.41768	4	1.752661
2932000	-526.5776	-568.5222	41.94451	2	0.7472768	0.161184	0.00452913	0.00330476	0.0534887	0.020279	0.00268585	0.042087	0.00582961	0.0206385	0.0398778	0.131907	0.245441	0.173212	0.0179567	0.123028	0.014208	0.0850652	0.0843019	0.385008	0.941203	2.58949	4	1.144721
2933000	-538.0061	-570.9571	32.95102	2	1.282186	0.205424	0.0265856	0.0320962	0.0581747	0.0222096	0.0167068	0.0289503	0.0141416	0.00469963	0.0293192	0.240209	0.436567	0.233033	0.00306198	0.172138	0.105529	0.110069	0.189632	0.547771	1.03458	2.22801	4	1.738915
2934000	-530.6717	-569.3351	38.6634	2	0.4539805	0.103172	0.0158879	0.00908488	0.0818213	0.0573833	0.0134154	0.0262718	0.0657296	0.025349	0.034383	0.162359	0.360135	0.466642	0.0302727	0.0479215	0.0538745	0.0675416	0.0252094	0.220815	0.783663	2.97031	4	1.621244
2935000	-533.1562	-568.2902	35.13401	2	1.725475	0.215081	0.00594933	0.0109152	0.103561	0.0487636	0.0112738	0.0197031	0.0253971	0.0103475	0.0456839	0.0935697	0.167091	0.21532	1.68735e-05	0.239824	0.0236699	0.11726	0.258148	0.622238	1.06131	2.0583	4	1.353426
2936000	-535.831	-572.2956	36.46457	2	1.129956	0.140614	0.0127645	0.0336471	0.107746	0.014043	0.0152026	0.0401144	0.0275938	0.00943371	0.0356852	0.204266	0.348278	0.325321	0.0172314	0.0844496	0.0365477	0.130026	0.16213	0.512608	1.01859	2.30667	4	1.582963
2937000	-537.7044	-574.9203	37.21586	2	1.638743	0.081982	0.00491707	0.0147049	0.0544464	0.0149252	0.0847832	0.0212721	0.008087	0.0104735	0.0489201	0.242689	0.299582	0.295399	0.0337614	0.12616	0.0143501	0.0736659	0.245982	0.610131	1.05763	2.08626	4	1.43012
2938000	-535.5129	-571.4348	35.92188	2	1.388797	0.125392	0.00713211	0.0149548	0.0382866	0.0117831	0.0124268	0.0315022	0.0216686	0.016422	0.0523935	0.13995	0.302075	0.20426	0.0123569	0.181067	0.0635902	0.0613772	0.207621	0.568936	1.04316	2.18028	4	1.296638
2939000	-551.3852	-578.1599	26.77473	2	1.470032	0.173456	0.0103597	0.0231006	0.161623	0.0391788	0.00207316	0.0551709	0.218984	0.0240857	0.0717344	0.206959	0.326222	0.886567	0.016411	0.122776	0.00472497	0.00691743	0.220656	0.583491	1.04861	2.14724	4	2.350343
2940000	-520.0436	-573.6055	53.56193	10	1.285522	0.280479	0.0226153	0.0162337	0.0623533	0.0188359	0.0204154	0.0256934	0.0427876	0.024341	0.0375525	0.118215	0.196468	0.333235	0.0865178	0.192304	0.00994343	0.140865	0.19021	0.548473	1.03488	2.22644	5	1.628855
2941000	-536.761	-572.4379	35.67697	2	2.502495	0.128596	0.0283623	0.0173605	0.154132	0.0346463	0.0302776	0.0111	0.0204772	0.0108335	0.0386937	0.132534	0.208936	0.289462	0.00874348	0.109415	0.0250386	0.108091	0.346693	0.69964	1.07866	1.87501	4	1.356698
2942000	-543.8452	-577.4611	33.61587	2	0.7765767	0.0949329	0.0242974	0.0439646	0.0652099	0.00553747	0.0226572	0.0152241	0.024798	0.00113667	0.0476446	0.143196	0.17363	0.420208	0.023187	0.203852	0.00991642	0.209983	0.0905656	0.39753	0.950247	2.56166	4	1.529376
2943000	-519.429	-566.7165	47.28749	10	1.156931	0.129301	0.00456715	0.00154986	0.137724	0.0102362	0.0210721	0.028169	0.0475237	0.0148891	0.0514249	0.284456	0.412791	0.143957	0.0318768	0.275981	0.0287562	0.0845314	0.167161	0.519324	1.02181	2.2917	5	1.708806
2944000	-533.5795	-570.8887	37.3092	2	1.785898	0.26809	0.0279598	0.00212581	0.116883	0.0829736	0.00851968	0.0354561	0.00285635	0.0234023	0.0811761	0.10669	0.268909	0.347927	0.0656751	0.116911	0.00255702	0.0737839	0.266305	0.630127	1.06358	2.03999	4	1.631895
2945000	-535.1615	-568.2144	33.05293	1	0.9801053	0.158246	0.00823627	0.00259252	0.0426897	0.00350693	0.00543013	0.0173786	0.0431292	0.0294847	0.01596	0.196164	0.38773	0.200065	0.0798429	0.0510117	0.00755202	0.0973609	0.132967	0.470689	0.996624	2.39972	3	1.346381
2946000	-536.5206	-571.5664	35.04585	2	1.407272	0.179596	0.0142251	0.00962155	0.0896779	0.018792	0.016793	0.00680615	0.0541959	0.0148914	0.109136	0.257876	0.275883	0.52062	0.0199265	0.0305889	0.0279026	0.0930928	0.210636	0.572357	1.04448	2.17253	4	1.739626
2947000	-542.6165	-577.6343	35.01779	2	1.315141	0.120623	0.0210301	0.00701013	0.0391181	0.00335003	0.0319659	0.00883215	0.0362999	0.0539248	0.11184	0.187782	0.471611	0.365687	0.0127366	0.0648144	0.032493	0.0838143	0.195302	0.554586	1.03743	2.21268	4	1.652932
2948000	-511.4447	-571.9397	60.49502	10	0.8620077	0.129598	0.0223547	0.0176806	0.0550821	0.0431026	0.00865648	0.038312	0.0312845	0.033577	0.0447851	0.116914	0.223585	0.191525	0.0214749	0.133268	0.015288	0.0651435	0.108669	0.43095	0.972759	2.48762	5	1.191631
2949000	-518.0646	-570.0012	51.93655	10	1.844399	0.175939	0.000539081	0.000834261	0.10696	0.155585	0.00980391	0.044141	0.0312419	0.0153234	0.0501152	0.0444052	0.236723	0.191853	0.013778	0.247871	0.0429904	0.0627219	0.273965	0.637377	1.06556	2.0231	5	1.430824
2950000	-550.4913	-576.6879	26.19662	10	0.6113454	0.155522	0.0189646	0.00284204	0.110236	0.0695778	0.0134189	0.0418078	0.0110931	0.023154	0.0369607	0.0836007	0.478583	0.391028	0.0360503	0.216061	0.0654098	0.175126	0.0554562	0.31852	0.886998	2.73903	5	1.929436
2951000	-534.9186	-568.0371	33.1185	1	0.4017322	0.181049	0.0164031	0.00535707	0.0617923	0.0091006	0.00618137	0.0253174	0.0046747	0.0197329	0.0135193	0.159323	0.252239	0.430369	0.028581	0.0935758	0.00163168	0.0888143	0.0169651	0.183049	0.733148	3.06684	3	1.397662
2952000	-536.3409	-570.9582	34.61723	2	0.4488355	0.149014	0.0132211	0.0326735	0.131582	0.0128118	0.0117402	0.0165273	0.0154884	0.00447602	0.0458772	0.159741	0.218948	0.325916	0.00119195	0.106834	0.0329972	0.125885	0.0243436	0.217209	0.779148	2.9793	4	1.404925
2953000	-536.8466	-568.1553	31.30866	1	1.155888	0.10259	0.0101889	0.00716177	0.0956315	0.0550002	0.0307474	0.00915907	0.0188367	0.0104792	0.068698	0.24003	0.299993	0.266606	0.0371368	0.136009	0.00550002	0.109464	0.166968	0.519069	1.02169	2.29227	3	1.503231
2954000	-520.8318	-572.9746	52.14287	10	3.609002	0.103729	0.0100664	0.0218303	0.0862975	0.0462023	0.00809443	0.0276308	0.0847938	0.0183064	0.0636341	0.260771	0.405294	0.131043	0.0156304	0.424997	0.0201236	0.0883831	0.431502	0.760501	1.08423	1.72377	5	1.816827
2955000	-540.0988	-573.1417	33.04292	2	1.237225	0.298487	0.00190069	0.00557855	0.138605	0.0256544	0.0278611	0.0506818	0.0153909	0.04657	0.0406005	0.191396	0.350747	0.459221	0.0565728	0.0781147	0.0171057	0.133285	0.181734	0.538046	1.03038	2.24984	4	1.937772
2956000	-519.4044	-572.2174	52.81305	10	2.928732	0.137955	0.0211639	0.0322137	0.157227	0.0101914	0.0507598	0.00857707	0.0331606	0.00296014	0.0751409	0.233375	0.253568	0.371887	0.018012	0.122133	0.0176673	0.112496	0.383672	0.727504	1.08214	1.80668	5	1.658487
2957000	-524.2185	-572.8098	48.59127	10	0.7195619	0.116126	0.015579	0.0107938	0.0913874	0.0133726	0.00414322	0.016935	0.0141681	0.00900681	0.0234855	0.136608	0.167365	0.236366	0.0896631	0.114485	0.00692556	0.136749	0.0783706	0.372616	0.931907	2.61711	5	1.203159
2958000	-530.6198	-567.8822	37.26246	2	1.475082	0.151466	0.00421905	0.0127524	0.0571078	0.0252916	0.0266557	0.0245429	0.032945	0.0298093	0.0469054	0.227938	0.270027	0.273666	0.017681	0.13604	0.0254176	0.0938012	0.221447	0.584355	1.04892	2.14527	4	1.456265
2959000	-538.635	-569.6663	31.03124	1	1.38445	0.174433	0.00201278	0.0395106	0.0610348	0.103927	0.000265032	0.0277654	0.00928252	0.00810609	0.0501358	0.130207	0.288998	0.331404	0.0380811	0.11838	0.0197067	0.104866	0.206908	0.568121	1.04285	2.18212	3	1.508117
2960000	-535.5866	-568.5082	32.92158	2	1.672964	0.110161	0.0118285	0.0168582	0.110841	0.00441931	0.00993482	0.0265333	0.00181409	0.00727468	0.0638706	0.197862	0.464799	0.2092	0.00923347	0.133164	0.0155944	0.108324	0.250848	0.615025	1.05915	2.07498	4	1.501714
2961000	-541.3778	-575.5902	34.21236	2	1.607457	0.107314	0.0160173	0.0170043	0.0600295	0.00656318	0.0912565	0.0064888	0.0629723	0.0175019	0.0355475	0.143663	0.182812	0.266388	0.0168225	0.276331	0.0118251	0.0503799	0.241455	0.605517	1.05615	2.09687	4	1.368916
2962000	-528.7024	-566.5304	37.82803	2	0.4156027	0.0987685	0.0208332	0.000594484	0.0431414	0.0150991	0.000989537	0.0241781	0.00407061	0.00398417	0.0219384	0.106794	0.177632	0.39022	0.0244674	0.0704159	0.00492607	0.10922	0.0190282	0.193312	0.747627	3.04003	4	1.117273
2963000	-538.0736	-576.4462	38.37262	2	0.3317215	0.198702	0.0254935	0.00673528	0.0307363	0.0557333	0.0109621	0.0223755	0.0650352	0.0145415	0.0414684	0.192343	0.456317	0.249784	0.0211289	0.221869	0.0192074	0.0469238	0.00821784	0.129292	0.645424	3.21707	4	1.679357
2964000	-511.8683	-572.2057	60.33743	10	0.3763023	0.107168	0.00136903	0.00564331	0.0746771	0.0386871	0.0156315	0.0200347	0.00743716	0.00273881	0.0414817	0.235976	0.220906	0.303163	0.00975051	0.109739	0.0176051	0.0993309	0.0134493	0.163844	0.704308	3.1184	5	1.31134
2965000	-518.3288	-567.6557	49.32692	10	0.4927073	0.164213	0.00183795	0.0169184	0.049534	0.00505202	0.0276644	0.000658886	0.0560624	0.031344	0.0388765	0.170948	0.297324	0.358557	0.027484	0.167982	0.0167814	0.132165	0.0320442	0.247128	0.814889	2.90594	5	1.563403
2966000	-518.7213	-571.5161	52.7948	10	1.354042	0.167078	0.00011787	0.00989246	0.141017	0.0455301	0.00988321	0.061785	0.0317738	0.0052851	0.0667038	0.187859	0.200102	0.198694	0.0321929	0.170873	0.00396374	0.139099	0.201869	0.56231	1.04056	2.19526	5	1.471851
2967000	-532.8454	-568.9383	36.09288	2	1.328534	0.145433	0.0207331	0.000267264	0.0981587	0.0971682	0.0397328	0.00319999	0.0221169	0.022413	0.0589091	0.031827	0.194592	0.281556	0.185939	0.149274	0.0147263	0.0989164	0.197579	0.557283	1.03854	2.2066	4	1.464963
2968000	-515.3679	-575.9163	60.54842	10	1.280966	0.163917	0.0092947	0.0112433	0.0735132	0.0249405	0.00101874	0.0457663	0.037946	0.0114995	0.144675	0.0287537	0.276443	0.217493	0.14037	0.146433	0.00154762	0.0933795	0.18942	0.547514	1.03447	2.22859	5	1.428235
2969000	-528.4294	-570.49	42.06062	10	1.32047	0.174818	0.0215568	0.0297506	0.130562	0.016834	0.0162979	0.0114574	0.137486	0.0068068	0.0512616	0.0111105	0.299344	0.286091	0.232925	0.385969	0.0430072	0.0358538	0.19621	0.555664	1.03787	2.21025	5	1.891131
2970000	-509.2862	-565.8888	56.60262	10	0.3242845	0.0895709	0.00627854	0.00355148	0.0485916	0.0400732	0.00910104	0.0192312	0.0360817	0.00286846	0.0339207	0.00358275	0.182974	0.356953	0.115631	0.198681	0.0290862	0.0720434	0.00747064	0.123471	0.634419	3.23464	5	1.24822
2971000	-510.8202	-569.5802	58.75997	10	0.8823742	0.158644	0.00725615	0.0132968	0.0916265	0.0116302	0.0112073	0.0514734	0.0303147	0.010475	0.0605026	0.0119303	0.0360808	0.304445	0.160911	0.207187	0.00727769	0.112792	0.112929	0.4383	0.977404	2.47137	5	1.287051
2972000	-536.939	-572.9879	36.04892	2	1.75006	0.154189	0.0235256	0.00394271	0.0461	0.0398112	0.00696149	0.0391186	0.055201	0.0248659	0.0453371	0.0175917	0.14627	0.494258	0.241805	0.19614	0.023355	0.13644	0.261498	0.6255	1.06226	2.05074	4	1.694913
2973000	-516.4917	-568.3028	51.81119	10	1.031231	0.14266	0.00476862	0.00995256	0.0466889	0.0283207	0.0363352	0.00807537	0.0348162	0.000250881	0.0452615	0.0233113	0.261415	0.254562	0.235815	0.222485	0.0124812	0.132383	0.143143	0.485942	1.00499	2.36593	5	1.499581
2974000	-514.775	-567.6562	52.88117	10	1.135889	0.27246	0.00395551	0.00673174	0.118298	0.0313076	0.0195152	0.0144131	0.0391526	0.0333893	0.047554	0.0766758	0.238364	0.208581	0.120322	0.305587	0.0126491	0.11673	0.163243	0.514105	1.01931	2.30334	5	1.665686
2975000	-512.6396	-568.8413	56.20165	10	1.018925	0.171316	0.00993454	0.00233274	0.132163	0.00310688	0.0056299	0.0326731	0.0065777	0.00207164	0.0708432	0.0279651	0.0392666	0.353505	0.188364	0.350437	0.0105423	0.14057	0.140714	0.482367	1.00307	2.37385	5	1.547299
2976000	-524.9017	-579.1283	54.22655	10	1.967512	0.184405	0.00953668	0.016044	0.0572449	0.0355172	0.0428484	0.0153156	0.150862	0.0256244	0.0247017	0.017813	0.257528	0.0796285	0.236327	0.185559	0.045867	0.0589024	0.289365	0.651514	1.06916	1.98997	5	1.443724
2977000	-513.5519	-570.3219	56.77005	10	0.7925537	0.169753	0.0025298	0.0123163	0.0761928	0.0116131	0.0039265	0.0356709	0.00947105	0.0478499	0.0532393	0.00258175	0.166211	0.24904	0.129674	0.178278	0.0456193	0.0983928	0.0939733	0.404119	0.95487	2.54704	5	1.292359
2978000	-517.8027	-577.327	59.52423	10	1.020387	0.105533	0.0411716	0.00972809	0.0749566	0.0147185	0.00454627	0.0224534	0.0117121	0.0234434	0.0591379	0.0388112	0.0118165	0.323242	0.140895	0.299596	0.00375649	0.0918838	0.141004	0.482795	1.0033	2.3729	5	1.277402
2979000	-519.2666	-572.3215	53.05495	10	0.2536073	0.10976	0.00715931	0.00382047	0.0490777	0.00773763	0.0181041	0.0315202	0.0313751	0.0381284	0.0234139	0.014423	0.102766	0.194624	0.146247	0.146407	0.0338616	0.0269068	0.00228416	0.0693071	0.509031	3.41938	5	0.9853327
2980000	-549.2752	-576.4764	27.20119	2	2.685055	0.172449	0.030101	0.0436315	0.129572	0.0149775	0.0243845	0.00268156	0.0350334	0.0410254	0.0180255	0.00891817	0.3584	0.135558	0.30601	0.559175	0.0250933	0.120052	0.363328	0.712451	1.08045	1.84377	4	2.025089
2981000	-535.7126	-569.3071	33.59457	2	1.369581	0.250408	0.00184641	0.00109991	0.0463538	0.0759062	0.0171645	0.0174979	0.0197499	0.0199058	0.057464	0.0678898	0.0910905	0.232833	0.252331	0.355841	0.020235	0.090167	0.204454	0.565303	1.04175	2.1885	4	1.617784
2982000	-512.9054	-573.2671	60.36166	10	1.796835	0.147969	0.00898112	0.00373376	0.0401546	0.0139098	0.0185835	0.0392489	0.0343716	0.0121673	0.0271468	0.0104549	0.0796932	0.256401	0.0985047	0.167676	0.0487059	0.11107	0.267755	0.631511	1.06396	2.03677	5	1.118773
2983000	-540.8451	-567.0238	26.1787	1	1.183173	0.215476	0.00473056	0.0230593	0.0924579	0.0255549	0.0132374	0.0385214	0.0136867	0.0155102	0.0387147	0.0110154	0.433218	0.58983	0.304255	0.0324754	0.00582078	0.155934	0.17199	0.525645	1.02477	2.27759	3	2.013498
2984000	-516.658	-574.251	57.59307	10	0.2129211	0.0986978	0.00223255	0.0105947	0.0208348	0.0146757	0.0137879	0.0366944	0.0445903	0.0168213	0.011915	0.00634994	0.228451	0.370834	0.143046	0.134563	0.0329516	0.0423123	0.000807605	0.0415463	0.416532	3.54111	5	1.229353
2985000	-536.3156	-572.409	36.09346	2	4.144125	0.129094	0.00275986	0.0411925	0.0577368	0.00444352	0.00568998	0.00326555	0.00848645	0.0182125	0.0308318	0.0426932	0.299362	0.321575	0.123249	0.0359886	0.00835544	0.0758555	0.462109	0.78005	1.08435	1.67349	4	1.208792
2986000	-530.6631	-569.0181	38.35492	2	1.822694	0.130486	0.0133908	0.0166038	0.0686583	0.0181414	0.0126418	0.0275734	0.0577483	0.0202072	0.0381939	0.0261053	0.16909	0.194769	0.113716	0.17138	0.0065714	0.129033	0.27115	0.63473	1.06485	2.02927	4	1.214311
2987000	-508.9207	-566.3977	57.47701	10	2.119819	0.15271	0.00073814	0.00964324	0.0702308	0.0356503	0.0309246	0.0313031	0.0550778	0.0210622	0.0915698	0.0130249	0.31979	0.25066	0.208329	0.0916154	0.0122956	0.0834959	0.30717	0.667179	1.07272	1.95293	5	1.478121
2988000	-512.7766	-568.4501	55.67355	10	0.5607343	0.155646	0.00243826	0.0225114	0.0798365	0.0245926	0.00195874	0.0553252	0.00896721	0.0108418	0.0447301	0.0263964	0.355842	0.295798	0.182106	0.0946509	0.0214668	0.110018	0.0451243	0.289728	0.859884	2.80526	5	1.493127
2989000	-533.4166	-574.0524	40.63578	10	1.500123	0.209997	0.0432951	0.0130956	0.162936	0.0209916	0.00903712	0.0227123	0.100991	0.0373255	0.067436	0.0290843	0.257462	0.607057	0.292875	0.396469	0.00870882	0.064912	0.225342	0.588577	1.05043	2.13565	5	2.344384
2990000	-525.1519	-565.6287	40.4768	2	1.181707	0.0900739	0.00222106	0.00368527	0.0432183	0.0330818	0.0137393	0.00713516	0.00501983	0.00984682	0.0567763	0.031868	0.191451	0.178125	0.167549	0.100105	0.0140096	0.0696409	0.171722	0.525298	1.02461	2.27837	4	1.017547
2991000	-516.6137	-571.582	54.96823	10	0.609551	0.146902	0.00298278	0.0117453	0.0820181	0.00596275	0.0254818	0.010856	0.00927548	0.0435746	0.0536775	0.0263464	0.346243	0.244634	0.117398	0.128823	0.0550687	0.119594	0.0550838	0.31754	0.886114	2.74126	5	1.430584
2992000	-534.4371	-568.1668	33.72975	2	2.067707	0.149311	0.0113381	0.0088458	0.06527	0.00949297	0.02995	0.012792	0.0411907	0.00682449	0.0795699	0.0437102	0.440492	0.0170985	0.225585	0.37147	0.0116508	0.10597	0.301225	0.662026	1.0716	1.96515	4	1.630561
2993000	-537.9553	-573.0376	35.08233	2	1.464191	0.157786	8.90455e-05	0.0160054	0.0773233	0.103181	0.00996884	0.0167109	0.0470315	0.0227619	0.0557119	0.0380017	0.24734	0.178042	0.129829	0.494476	0.016574	0.0489806	0.219737	0.582485	1.04825	2.14953	4	1.659815
2994000	-544.5225	-577.9008	33.37832	2	2.482693	0.190914	0.0253077	0.00517826	0.0712281	0.0356522	0.0252598	0.0612592	0.0719639	0.0105698	0.047438	0.0583634	0.209539	0.133975	0.189495	0.394547	0.0010157	0.0656997	0.34481	0.69816	1.07843	1.8786	4	1.597407
2995000	-527.1681	-565.9368	38.76861	2	2.071463	0.148808	0.00455193	0.022221	0.0600407	0.00423322	0.0232244	0.00976597	0.0101172	0.000966239	0.056702	0.00124249	0.257153	0.0899586	0.214973	0.286475	0.0198014	0.0728994	0.301659	0.662404	1.07168	1.96426	4	1.283133
2996000	-548.9336	-577.4894	28.55575	1	1.618805	0.162372	0.00242338	0.0385164	0.10574	0.0530084	0.0182929	0.0204915	0.0775384	0.0103999	0.0644471	0.0185539	0.246125	0.278789	0.182679	0.423157	0.0210122	0.00868265	0.243106	0.607207	1.0567	2.09299	3	1.73223
2997000	-521.9709	-566.2967	44.32577	10	3.163371	0.18705	0.0021476	0.0103675	0.100222	0.000926669	0.0223886	0.0121823	0.127027	0.00297394	0.0943089	0.0279544	0.241683	0.272	0.257788	0.185926	0.00694311	0.0259165	0.401518	0.74019	1.08321	1.77508	5	1.577805
2998000	-524.3427	-575.2073	50.86457	10	2.558626	0.18671	0.0146535	0.00572898	0.205299	0.0311376	0.0204338	0.0425402	0.0429931	0.0209439	0.0445324	0.0523021	0.222655	0.268662	0.203794	0.243223	0.0400689	0.142795	0.351945	0.703736	1.07926	1.86506	5	1.788473
2999000	-539.0784	-573.0745	33.99606	2	1.425711	0.148399	0.0183137	0.0196658	0.0640639	0.019859	0.00850324	0.0218347	0.0618988	0.0549503	0.0546941	0.0246726	0.214626	0.246961	0.181147	0.170095	0.0531701	0.048082	0.213615	0.575705	1.04574	2.16494	4	1.410937
3000000	-542.6347	-575.1361	32.50143	2	3.348743	0.220629	0.0150868	0.0230236	0.0764892	0.0121613	0.0167992	0.0619199	0.0144796	0.0251386	0.0636744	0.0503026	0.278821	0.303126	0.318957	6.36413e-05	0.0352849	0.0796722	0.414563	0.749175	1.08377	1.75249	4	1.595629
