Iteration	Posterior	Likelihood	Prior	alpha_dir	alpha_morpho	brlens[1]	brlens[2]	brlens[3]	brlens[4]	brlens[5]	brlens[6]	brlens[7]	brlens[8]	brlens[9]	brlens[10]	brlens[11]	char_rates[1]	char_rates[2]	char_rates[3]	char_rates[4]	model_indicator	tree_length
0	-169.1235	-204.3922	35.2687	10	0.8087874	0.0776406	0.00581435	0.0222187	0.00587562	0.0947723	0.0169476	0.0231947	0.0956852	0.107781	0.0829811	0.0233576	0.0974272	0.410648	0.95936	2.53256	5	0.5562692
1000	-117.5375	-129.9158	12.37831	1	0.6069742	0.244238	0.129436	0.0267814	0.0349806	0.024864	0.0708734	0.325264	0.147164	0.0561581	0.438241	0.0739254	0.0545496	0.316127	0.884836	2.74449	3	1.571928
2000	-89.62066	-120.7041	31.08349	10	0.4290967	0.0564561	0.0181809	0.0661181	0.0319568	0.0439332	0.0249072	0.266639	0.227766	0.172577	0.0816453	0.0370336	0.0211261	0.203137	0.76094	3.0148	5	1.027214
3000	-106.3454	-126.7532	20.40785	10	2.478059	0.0426292	0.0273333	0.0357464	0.369695	0.0548703	0.020513	0.460906	0.0251331	0.220356	0.373162	0.179272	0.344366	0.69781	1.07837	1.87945	5	1.809615
4000	-94.3368	-126.5172	32.18042	10	0.4749701	0.104683	0.063801	0.100533	0.0786418	0.0218491	0.00678582	0.182222	0.140605	0.21324	0.00961311	0.0762502	0.0288477	0.235262	0.801165	2.93473	5	0.9982232
5000	-88.36238	-121.2976	32.93523	10	1.781117	0.0573047	0.00112239	0.00535458	0.0167633	0.0991689	0.0143479	0.166954	0.0989381	0.271235	0.0730938	0.111038	0.265669	0.629518	1.06341	2.04141	5	0.9153202
6000	-100.3592	-127.0279	26.6687	10	1.12748	0.0928805	0.066039	0.058104	0.00141633	0.115662	0.20575	0.365052	0.328805	0.0749395	0.1275	0.122627	0.161665	0.51198	1.01828	2.30807	5	1.558775
7000	-88.76428	-120.1336	31.36931	10	0.05796076	0.0131141	0.0156565	0.00380223	0.0620958	0.00911051	0.0243256	0.232682	0.267403	0.111222	0.0338898	0.13436	2.27833e-11	7.11758e-06	0.0116719	3.98832	5	0.9076613
8000	-92.4626	-123.815	31.35244	10	1.195564	0.0326458	0.0346057	0.0611764	0.0706542	0.111239	0.0287008	0.226029	0.214755	0.0239116	0.15713	0.166115	0.174248	0.52856	1.02612	2.27108	5	1.126962
9000	-102.5779	-126.1973	23.61944	2	0.09834366	0.0156534	0.018018	0.0445387	0.0242506	0.0663681	0.0120025	0.127502	0.024577	0.127163	0.129638	0.0252416	4.16992e-07	0.000959574	0.0893377	3.9097	4	0.6149537
10000	-102.5746	-122.0161	19.44155	2	0.4427278	0.0400859	0.028179	0.000338936	0.0537154	0.0141046	0.0085307	0.269648	0.599562	0.220002	0.0472281	0.0111277	0.02333	0.212894	0.773667	2.99011	4	1.292522
11000	-97.15263	-123.4254	26.27278	2	0.05276318	0.0294156	0.0103544	0.0404396	0.0521981	0.023838	0.0660152	0.132394	0.0210576	0.0381577	0.0305585	0.168982	2.16151e-12	2.19327e-06	0.00716096	3.99284	4	0.6134115
12000	-91.71562	-123.742	32.02641	10	0.1381821	0.0975786	0.0223218	0.0329497	0.153483	0.0458965	0.00926693	0.176159	0.015537	0.434028	0.0402194	0.0162333	2.41226e-05	0.00726699	0.205961	3.78675	5	1.043673
13000	-93.13457	-122.9685	29.83394	10	0.6664915	0.151719	0.0151319	0.0644752	0.0698837	0.00874807	0.0947338	0.106529	0.112653	0.0788995	0.452224	0.260072	0.0670503	0.347281	0.911789	2.67388	5	1.41507
14000	-94.31375	-121.5382	27.22441	10	1.513129	0.0500497	0.0115296	0.0237732	0.133198	0.0428775	0.0250651	0.391122	0.415437	0.0194711	0.0550409	0.185573	0.227344	0.590727	1.05118	2.13075	5	1.353138
15000	-98.74343	-125.6056	26.86216	10	0.7879473	0.0755745	0.0579484	0.159981	0.111826	0.010834	0.084453	0.325221	0.0736596	0.171155	0.0556172	0.163967	0.0929916	0.402236	0.953558	2.55121	5	1.290237
16000	-105.7601	-127.1843	21.42422	2	0.0007792968	0.0257191	0.0108649	0.0100252	0.10878	0.00188143	0.0170483	0.131364	0.281301	0.167707	0.0533657	0.0355012	0	0	8.01641e-161	4	4	0.8435575
17000	-97.93816	-126.6431	28.70495	10	0.1975245	0.0499463	0.0584808	0.0893468	0.0182283	0.0313315	0.0514177	0.308258	0.139574	0.0646704	0.0476293	0.228117	0.000487164	0.0323597	0.377166	3.58999	5	1.087
18000	-96.67523	-123.0375	26.36231	10	2.096549	0.0610349	0.0323673	0.0620688	0.0108399	0.00852833	0.0831654	0.33514	0.0577803	0.284063	0.181224	0.0585375	0.304534	0.664903	1.07223	1.95834	5	1.174749
19000	-113.405	-128.8232	15.41823	2	0.2287766	0.0900109	0.0633137	0.0396443	0.0878626	0.0455829	0.0300021	0.0119201	0.290719	0.0196138	0.493141	0.594748	0.00126563	0.0518506	0.454543	3.49234	4	1.766559
20000	-110.5848	-121.5774	10.99256	2	2.017259	0.197777	0.0107886	0.101456	0.0114212	0.0696758	0.0121896	0.268722	0.0345926	0.474962	0.377547	0.298789	0.295326	0.656837	1.07042	1.97742	4	1.857921
21000	-96.92928	-129.248	32.31874	10	0.0692803	0.0202129	0.0183793	0.0832857	0.0147035	0.140506	0.188644	0.0471666	0.217559	0.0165779	0.157821	0.0582469	1.13232e-09	5.01301e-05	0.0262456	3.9737	5	0.9631018
22000	-88.50753	-122.33	33.82247	10	0.5174191	0.0183324	0.0236444	0.00212677	0.0672433	0.0932773	0.0514184	0.206459	0.105727	0.0713749	0.0796193	0.0861488	0.03666	0.263135	0.832541	2.86766	5	0.8053721
23000	-98.91345	-122.9417	24.02821	10	0.6290898	0.0850962	0.0127164	0.0400156	0.0319722	0.192198	0.0210028	0.289195	0.25541	0.0114509	0.0960037	0.504371	0.0591579	0.328061	0.895464	2.71732	5	1.539432
24000	-87.92659	-120.4717	32.5451	10	0.09072279	0.0324082	0.000919211	0.0238834	0.0229609	0.0117418	0.0727812	0.28903	0.153884	0.00581814	0.102517	0.129477	1.27761e-07	0.000531515	0.0699316	3.92954	5	0.8454213
25000	-95.85025	-124.913	29.06273	10	0.117791	0.132149	0.004539	0.0016968	0.118054	0.094374	0.00384606	0.123346	0.00732916	0.0611213	0.215975	0.346391	4.26128e-06	0.00306157	0.144347	3.85259	5	1.108822
26000	-90.32154	-123.4396	33.11806	10	1.016288	0.0536823	0.0307931	0.0070123	0.0796343	0.136089	0.0242481	0.0321962	0.0795995	0.363342	0.0932911	0.179119	0.140192	0.481593	1.00265	2.37557	5	1.079007
27000	-95.46805	-121.9485	26.48049	10	0.517367	0.0660217	0.0284663	0.00173898	0.122509	0.0966633	0.0249677	0.122238	0.0435097	0.259925	0.0712988	0.195218	0.03665	0.263102	0.832505	2.86774	5	1.032556
28000	-100.8817	-124.5406	23.65891	10	0.9751242	0.0308939	0.0400979	0.0921682	0.0498396	0.0243542	0.13731	0.353969	0.19849	0.032924	0.12923	0.0620379	0.131964	0.469145	0.995753	2.40314	5	1.151314
29000	-94.71705	-123.7771	29.06002	10	0.6372613	0.107503	0.0371158	0.0561345	0.0881902	0.00766962	0.0582276	0.280593	0.205481	0.0271526	0.0112216	0.0860504	0.0608729	0.332361	0.8992	2.70757	5	0.9653389
30000	-96.86528	-122.2654	25.40009	10	1.471703	0.0273385	0.0318803	0.0203869	0.00877484	0.0148922	0.0118386	0.350665	0.0301953	0.187157	0.469182	0.1132	0.220918	0.583778	1.04872	2.14659	5	1.265511
31000	-99.43678	-123.7572	24.32044	10	0.189999	0.0220223	0.0130913	0.0493869	0.173639	0.0102216	0.153991	0.256157	0.0882672	0.0601829	0.0829747	0.380746	0.000369313	0.0282124	0.357056	3.61436	5	1.290681
32000	-92.77994	-121.3844	28.60449	10	0.03149147	0.022778	0.0090014	0.0370963	0.106325	0.06594	0.00631918	0.438145	0.0153469	0.0105071	0.331259	0.0258638	4.25344e-20	3.08224e-10	0.000180585	3.99982	5	1.068581
33000	-103.88	-125.4836	21.60365	2	0.1676136	0.0739896	0.00396618	0.102783	0.026565	0.0221613	0.0705351	0.0791183	0.490508	0.0771204	0.112927	0.0340802	0.000139821	0.0174233	0.294095	3.68834	4	1.093755
34000	-92.34215	-121.3257	28.98355	10	0.582062	0.14963	0.0175916	0.0442675	0.0317128	0.029343	0.0545046	0.422858	0.125691	0.0522016	0.0562732	0.35632	0.0494307	0.302153	0.871884	2.77653	5	1.340394
35000	-92.18497	-121.7854	29.60046	10	0.06612655	0.0175324	0.0128242	0.0365144	0.0526381	0.0397933	0.0338623	0.251379	0.0591869	0.206341	0.0250532	0.0509538	4.36253e-10	3.11241e-05	0.0215337	3.97844	5	0.7860786
36000	-90.77672	-122.7213	31.94462	10	0.06627047	0.0453353	0.0166271	0.00210287	0.0175859	0.00247791	0.0495334	0.15741	0.118435	0.0800108	0.00941036	0.0329767	4.56562e-10	3.184e-05	0.0217379	3.97823	5	0.5319059
37000	-84.62813	-124.1638	39.53567	10	0.007819756	0.0345045	0.000309029	0.0342403	0.0171927	0.0598288	0.0408826	0.0840919	0.0588054	0.122762	0.0321832	0.0417822	5.70883e-78	3.57818e-39	1.77223e-16	4	5	0.5265827
38000	-97.72183	-123.236	25.51416	10	1.805205	0.0615503	0.020147	0.0065535	0.138595	0.0424275	0.0452896	0.268487	0.139744	0.237605	0.414367	0.141296	0.268859	0.632561	1.06425	2.03433	5	1.516062
39000	-105.9193	-127.0578	21.13842	10	0.6587773	0.0557462	0.012425	0.237836	0.250871	0.0851938	0.167327	0.121062	0.0368148	0.456418	0.298405	0.0903197	0.0654144	0.343413	0.908579	2.68259	5	1.812419
40000	-86.4424	-122.2935	35.85114	10	0.3115131	0.0303802	0.0464548	0.0379676	0.00639855	0.00113482	0.0177302	0.193121	0.024877	0.109222	0.126786	0.193568	0.00627561	0.113476	0.61464	3.26561	5	0.7876402
41000	-98.01535	-121.2886	23.27323	10	0.3457481	0.022828	0.0321734	0.0311281	0.105137	0.027135	0.0296532	0.308895	0.0210366	0.197595	0.180987	0.138008	0.00972751	0.140246	0.665211	3.18482	5	1.094577
42000	-97.57544	-122.2089	24.63346	10	0.6459164	0.108539	0.0317731	0.00446028	0.00535042	0.0506565	0.0562994	0.308088	0.15083	0.271638	0.267558	0.22146	0.0626957	0.336854	0.903051	2.6974	5	1.476653
43000	-90.88911	-123.9723	33.08323	10	0.6707588	0.0755905	0.00816553	0.0369342	0.0523981	0.0295569	0.00883961	0.129804	0.170806	0.167477	0.053383	0.119663	0.0679566	0.3494	0.913531	2.66911	5	0.852618
44000	-97.36799	-123.4784	26.11039	10	1.320316	0.0100642	0.0309408	0.0183115	0.254683	0.0208954	0.0760265	0.345205	0.192886	0.0631939	0.412852	0.101611	0.196184	0.555633	1.03786	2.21032	5	1.526669
45000	-110.8221	-124.3188	13.49673	10	2.255753	0.0236078	0.0653035	0.171777	0.0594711	0.021472	0.0336366	0.497852	0.183384	0.207895	0.104336	0.307721	0.322005	0.679718	1.07525	1.92303	5	1.676456
46000	-89.39628	-119.8563	30.46001	10	0.2270064	0.0369741	0.00165109	0.0461402	0.00271987	0.0487081	0.0314282	0.157681	0.19561	0.0378246	0.04121	0.19975	0.00120748	0.0506631	0.450426	3.4977	5	0.7996965
47000	-97.68862	-124.5671	26.87853	10	0.2037283	0.0440731	0.0258683	0.0869065	0.0410655	0.0350415	0.0825207	0.115836	0.0787869	0.0149191	0.14426	0.299516	0.000602742	0.0359537	0.393318	3.57013	5	0.968793
48000	-96.2842	-123.3288	27.04456	10	0.2383271	0.0402903	0.0144256	0.027161	0.0515029	0.137478	0.164061	0.0272921	0.356051	0.033938	0.124342	0.31703	0.00161165	0.0583993	0.476214	3.46377	5	1.293573
49000	-101.8755	-123.3261	21.45063	10	0.2532084	0.0115682	0.111605	0.0309502	0.00848602	0.206303	0.0198027	0.655479	0.0716867	0.0896409	0.308396	0.394863	0.00226467	0.0690166	0.508203	3.42052	5	1.908781
50000	-95.3726	-123.4264	28.05378	10	0.591937	0.0761123	0.0247615	0.0156015	0.00805695	0.0183185	0.0328429	0.168519	0.387456	0.196775	0.0579567	0.126291	0.0514494	0.307761	0.877149	2.76364	5	1.112692
51000	-91.3219	-123.2344	31.9125	10	0.112773	0.0118911	0.0104113	0.0317904	0.103632	0.00452143	0.138884	0.282894	0.0999752	7.09748e-05	0.226116	0.0767183	2.52609e-06	0.00235845	0.129608	3.86803	5	0.9869043
52000	-95.34419	-123.2044	27.86024	10	0.8404072	0.0166588	0.0193549	0.00329503	0.0292418	0.0164752	0.0948113	0.189702	0.0771622	0.058228	0.224089	0.0744922	0.104123	0.422907	0.967552	2.50542	5	0.8035104
53000	-96.97496	-122.6924	25.71741	10	1.770513	0.143224	0.0127177	0.11099	0.0823714	0.0233112	0.0395995	0.156282	0.108246	0.0683049	0.123914	0.194051	0.264252	0.628159	1.06302	2.04457	5	1.063011
54000	-96.15218	-122.1974	26.0452	10	0.4945928	0.0678634	0.0431939	0.0431338	0.115286	0.00480381	0.000567786	0.351617	0.0860572	0.0587396	0.448524	0.03948	0.03239	0.248371	0.816294	2.90294	5	1.259267
55000	-94.61108	-125.5086	30.89757	10	1.815204	0.0780944	0.0181952	0.043687	0.116515	0.0462089	0.0646825	0.191925	0.0120944	0.121874	0.00291952	0.25347	0.270171	0.633805	1.06459	2.03143	5	0.9496664
56000	-99.30715	-120.9316	21.62446	10	0.1897539	0.0542649	0.000310359	0.0607012	0.0377928	0.0258965	0.174512	0.443521	0.261067	0.257576	0.392757	0.0326986	0.000365861	0.0280815	0.356392	3.61516	5	1.741097
57000	-94.12916	-123.5867	29.45759	10	0.5198344	0.0497449	0.0257419	0.0529638	0.00834659	0.0919288	0.0331264	0.189874	0.0683744	0.0169833	0.107886	0.213345	0.0371202	0.264667	0.834181	2.86403	5	0.8583155
58000	-93.00642	-126.4697	33.46327	10	0.1891875	0.108218	0.0823288	0.0174593	0.104854	0.0384748	0.0139461	0.0461111	0.142167	0.127686	0.0982021	0.126824	0.000357974	0.0277799	0.354854	3.61701	5	0.9062712
59000	-104.0866	-121.5176	17.43097	2	2.606281	0.048486	0.00819729	0.0370259	0.0691662	0.0736913	0.0778201	0.347188	0.0269085	0.115011	0.352985	0.1375	0.356307	0.707101	1.07974	1.85685	4	1.293978
60000	-101.1427	-121.0308	19.88805	2	0.8134207	0.0331673	0.0150175	0.0671468	0.0141777	0.04198	0.0105447	0.167054	0.159781	0.169211	0.267987	0.0419341	0.0984112	0.412482	0.960605	2.5285	4	0.9880015
61000	-96.26874	-121.9717	25.70298	2	0.1395039	0.0185563	0.000536895	0.0395544	0.0544916	3.02725e-05	0.0114743	0.219499	0.0585911	0.176783	0.0973419	0.0302554	2.65227e-05	0.00761865	0.209987	3.78237	4	0.7071141
62000	-88.48255	-122.8693	34.38673	10	0.2838912	0.0223716	0.002896	0.0231988	0.159371	0.0364462	0.0404552	0.151729	0.0553436	0.129488	0.136991	0.0282186	0.00407978	0.0920377	0.567731	3.33615	5	0.7865097
63000	-90.65	-120.2238	29.57376	10	0.8874581	0.0218719	0.0566351	0.000923553	0.0107241	0.0808843	0.0467303	0.260887	0.164224	0.035792	0.3903	0.173716	0.113989	0.4401	0.978526	2.46739	5	1.242689
64000	-90.51945	-123.9407	33.42122	10	0.207781	0.0320387	0.0405673	0.058961	0.0560214	0.0733529	0.112327	0.12965	0.108104	0.139869	0.151826	0.00654084	0.000687923	0.0383815	0.403659	3.55727	5	0.9092582
65000	-96.08539	-118.9326	22.84725	10	0.325095	0.038884	0.00217501	0.0138124	0.0235169	0.0230879	0.00836873	0.30868	0.05028	0.339852	0.412813	0.144527	0.00755026	0.124105	0.635637	3.23271	5	1.365997
66000	-89.41879	-121.43	32.01125	10	0.1513668	0.0242645	0.0196331	0.0408307	0.036574	0.147397	0.0055667	0.235103	0.205131	0.268907	0.0117982	0.0186701	5.76863e-05	0.0112181	0.245945	3.74278	5	1.013876
67000	-94.11086	-122.5452	28.4343	10	0.5267103	0.0529221	0.0441538	0.0254602	0.083828	0.0367091	0.0313562	0.161667	0.158684	0.292561	0.186638	0.162001	0.0384388	0.268996	0.838771	2.85379	5	1.235979
68000	-99.08965	-124.1277	25.03801	10	1.007633	0.0471988	0.0211734	0.100761	0.0237875	0.195722	0.299396	0.151046	0.000923567	0.164012	0.397574	0.295955	0.138474	0.479034	1.00125	2.38124	5	1.697549
69000	-90.24059	-121.3389	31.09829	10	0.1558416	0.0147921	0.00490092	0.0409387	0.136528	0.0341289	0.0301147	0.257075	0.0309434	0.133898	0.230767	0.126026	7.49882e-05	0.0127821	0.259367	3.72778	5	1.040112
70000	-96.53064	-129.1374	32.60673	10	0.4831463	0.131499	0.0772985	0.0552584	0.0141618	0.0172396	0.0616867	0.154166	0.053778	0.207921	0.0929258	0.0589779	0.0303081	0.240771	0.807607	2.92131	5	0.9249123
71000	-88.59238	-122.5014	33.90906	10	0.2814499	0.0219852	0.0739273	0.0127579	0.0613124	0.0902554	0.0181493	0.179493	0.119029	0.0877501	0.0605398	0.120689	0.00391148	0.0901661	0.563294	3.34263	5	0.8458887
72000	-113.1992	-124.7148	11.51559	2	3.479152	0.0962095	0.120123	0.0784893	0.156196	0.0241851	0.00116017	0.397449	0.145629	0.611211	0.117397	0.0615417	0.423239	0.755024	1.08404	1.7377	4	1.809591
73000	-95.27463	-121.2383	25.96365	10	0.1927683	0.0252173	0.00910024	0.0233998	0.0118076	0.0689229	0.14717	0.366527	0.0560123	0.220692	0.0110098	0.219448	0.000409969	0.0297104	0.364522	3.60536	5	1.159307
74000	-90.1581	-120.6446	30.48653	10	1.05067	0.0740936	0.0137063	0.0343018	0.0420622	0.0265161	0.0647862	0.328845	0.133398	0.0691041	0.142016	0.0870479	0.146952	0.491469	1.00791	2.35367	5	1.015878
75000	-98.77716	-124.3238	25.54662	10	0.1359683	0.0772145	0.0449482	0.00211049	0.144965	0.00259832	0.0565405	0.0635544	0.178374	0.124914	0.953896	0.0178685	2.04942e-05	0.00670004	0.199218	3.79406	5	1.666984
76000	-104.1265	-125.9677	21.84119	10	0.3389795	0.0322491	0.0860015	0.00685853	0.0363679	0.0551524	0.0554566	0.0730656	0.020727	0.121265	0.0981726	0.186523	0.00898282	0.134966	0.655816	3.20024	5	0.7718394
77000	-104.7893	-122.1194	17.33007	10	2.917634	0.204023	0.0168738	0.040202	0.00864343	0.0470088	0.137585	0.322219	0.0951722	0.0681037	0.295899	0.33935	0.382788	0.726863	1.08208	1.80827	5	1.57508
78000	-109.9446	-124.1846	14.23999	1	0.5357552	0.00670843	0.0557197	0.0814156	0.128695	0.0407148	0.104609	0.321999	0.240805	0.10652	0.24921	0.0564848	0.0401911	0.274618	0.844637	2.84055	3	1.392881
79000	-92.56522	-124.2988	31.73361	10	0.3713407	0.0244742	0.00379766	0.0205327	0.0179104	0.185933	0.197353	0.0976964	0.505951	0.117872	0.0788464	0.00814035	0.0128062	0.160046	0.698307	3.12884	5	1.258508
80000	-105.0454	-122.5481	17.50275	2	0.4046885	0.0283759	0.00659457	0.105012	0.122679	0.0288534	0.00150152	0.299269	0.382864	0.029439	0.0270997	0.315457	0.0173966	0.18525	0.736305	3.06105	4	1.347144
81000	-98.43762	-128.3684	29.93078	10	0.5040177	0.0545793	0.0216526	0.0865607	0.0941303	0.0131911	0.0457426	0.101117	0.236462	0.0954994	0.0463407	0.170262	0.0341348	0.254531	0.82317	2.88816	5	0.9655376
82000	-89.83545	-123.9147	34.07921	10	0.04405976	0.0411039	0.0247085	0.0311018	0.155588	0.0010325	0.0667965	0.108735	0.00794148	0.0405804	0.0179057	0.227023	1.20609e-14	1.63954e-07	0.00244124	3.99756	5	0.7225166
83000	-94.17619	-121.083	26.90681	10	0.2379072	0.0181931	0.0122478	0.026282	0.020342	0.0124587	0.0558039	0.326493	0.0819312	0.080303	0.0251112	0.168253	0.00159527	0.0581066	0.47528	3.46502	5	0.8274195
84000	-96.22211	-121.4968	25.27472	10	1.26768	0.17225	0.0200157	0.0238611	0.0793863	0.192411	0.0111201	0.528051	0.0376687	0.349664	0.1057	0.268567	0.187104	0.544689	1.03327	2.23494	5	1.788694
85000	-96.63509	-121.3963	24.76124	10	0.8185484	0.100925	0.0236764	0.0652258	0.0185233	0.0805477	0.0927495	0.240498	0.0483805	0.220252	0.0678024	0.241485	0.0994991	0.414496	0.961965	2.52404	5	1.200065
86000	-95.63182	-122.6565	27.0247	10	0.6067123	0.00454905	0.0368	0.138414	0.0323713	0.0099864	0.0272567	0.453832	0.272842	0.452992	0.0602913	0.0036381	0.0544954	0.315983	0.884705	2.74482	5	1.492973
87000	-105.2617	-124.1192	18.85752	1	0.05160041	0.026419	0.00924983	0.0014025	0.0556501	0.0244448	0.032897	0.197058	0.137042	0.111235	0.168509	0.215637	1.19595e-12	1.63159e-06	0.00633368	3.99366	3	0.9795443
88000	-101.9559	-121.8548	19.89883	2	0.3446137	0.0331934	0.0261969	0.0129268	0.0291803	0.0467343	0.00464815	0.0200563	0.161028	0.229753	0.0197134	0.565003	0.00960062	0.139362	0.663656	3.18738	4	1.148433
89000	-97.86421	-125.5217	27.65747	10	0.6611657	0.10099	0.0186252	0.00566579	0.155274	0.0799803	0.105985	0.114276	0.182324	0.0329377	0.152967	0.16923	0.0659205	0.344616	0.909581	2.67988	5	1.118255
90000	-93.88877	-123.8006	29.91185	10	0.4299371	0.0201415	0.0427916	0.0378162	0.151134	0.00108543	0.129274	0.291582	0.0531217	0.220341	0.0496328	0.263495	0.0212596	0.203744	0.761745	3.01325	5	1.260415
91000	-107.7133	-127.1563	19.44296	2	0.9598	0.0554096	0.0144674	0.0251633	0.192934	0.0129251	0.0523597	0.251935	0.217502	0.0437213	0.0282123	0.0667875	0.128865	0.464326	0.993006	2.4138	4	0.9614173
92000	-90.00959	-123.812	33.8024	10	0.2650531	0.0128905	0.136525	0.0480399	0.0146574	0.0503981	0.0346193	0.174723	0.268828	0.0725827	0.105623	0.117181	0.00288877	0.0777563	0.532174	3.38718	5	1.036068
93000	-88.32273	-122.6234	34.30067	10	0.1010546	0.0342214	0.00411129	0.0418364	0.0423788	0.0853109	0.0100349	0.0901073	0.240351	0.125458	0.0242874	0.17273	6.08378e-07	0.00115875	0.0965974	3.90224	5	0.8708272
94000	-91.06703	-122.0336	30.96657	10	0.4426004	0.0997454	0.0248082	0.013354	0.0706003	0.0577869	0.0197545	0.157211	0.153997	0.255165	0.0310242	0.107384	0.0233091	0.212803	0.773552	2.99034	5	0.9908311
95000	-91.42306	-122.4572	31.03417	10	0.2601987	0.0795549	0.0199647	0.0574935	0.00509853	0.0201075	0.0528303	0.294117	0.00741608	0.0183681	0.131908	0.165396	0.00262154	0.0741478	0.522505	3.40073	5	0.8522551
96000	-93.94268	-122.3645	28.42187	10	0.2752105	0.017301	0.087839	0.00991534	0.111053	0.0277509	0.0398114	0.0872675	0.0809524	0.257765	0.324945	0.0885387	0.00350029	0.0854084	0.551726	3.35937	5	1.133139
97000	-90.17582	-122.5605	32.38469	10	1.10672	0.0144786	0.0322733	0.00714158	0.0139899	0.132889	0.0417486	0.157006	0.151521	0.145942	0.0590377	0.0756161	0.157742	0.506636	1.01565	2.31997	5	0.8316442
98000	-95.97757	-120.4794	24.50183	10	1.449547	0.0790043	0.00812893	0.0794686	0.0742184	0.0976046	0.0297142	0.282424	0.209326	0.31011	0.0668851	0.0235995	0.217422	0.579937	1.04732	2.15532	5	1.260484
99000	-97.43987	-127.7192	30.2793	10	0.06516377	0.0480979	0.109381	0.0268039	0.0782185	0.0193614	0.00827467	0.253009	0.347635	0.044601	0.230573	0.0143936	3.20101e-10	2.66629e-05	0.0201941	3.97978	5	1.180349
100000	-93.06465	-122.5893	29.52465	10	0.3664321	0.0112179	0.0142619	0.0944323	7.64777e-05	0.0219854	0.0251285	0.259339	0.0542827	0.194278	0.181436	0.048104	0.0121844	0.156273	0.692242	3.1393	5	0.9045428
101000	-97.01568	-120.0275	23.01182	10	1.935614	0.121398	0.0108942	0.0677848	0.0363247	0.0111086	0.0416165	0.458099	0.234398	0.126933	0.249583	0.0640545	0.285466	0.647988	1.06829	1.99826	5	1.422195
102000	-88.09703	-125.779	37.682	10	0.5753859	0.0605072	0.0271733	0.0426463	0.0601827	0.0105759	0.0907138	0.101606	0.088138	0.0554512	0.0873532	0.0601325	0.0480744	0.29831	0.868222	2.78539	5	0.6844803
103000	-95.52527	-123.6006	28.07532	10	0.9488149	0.136651	5.35691e-05	0.0143477	0.10321	0.0460451	0.0748194	0.232806	0.0719237	0.15736	0.27588	0.141392	0.126631	0.460807	0.990973	2.42159	5	1.254488
104000	-94.14711	-120.7329	26.58576	10	1.543281	0.0853587	0.00198033	0.00254691	0.0242791	0.00696044	0.0806124	0.176383	0.1598	0.286243	0.309079	0.124779	0.231932	0.595605	1.05287	2.1196	5	1.258023
105000	-112.3574	-131.7169	19.35945	1	1.511998	0.00976751	0.0258536	0.0984625	0.120477	0.00247447	0.0396996	0.196628	0.0975102	0.0456514	0.125076	0.0217109	0.22717	0.590541	1.05112	2.13117	3	0.7833115
106000	-100.9015	-124.3555	23.45396	2	0.2713461	0.0315843	0.0212826	0.00676806	0.0754178	0.0822061	0.0255317	0.251154	0.134753	0.0381438	0.047216	0.070473	0.00325923	0.0824824	0.544394	3.36986	4	0.7845304
107000	-88.03206	-121.04	33.00794	10	0.1528954	0.0173529	0.00373921	0.0368276	0.100386	0.0195856	0.0120247	0.0682844	0.218897	0.155019	0.184381	0.0292011	6.32032e-05	0.0117397	0.250542	3.73766	5	0.8456988
108000	-91.63923	-124.1047	32.46544	10	0.136688	0.0727958	0.0702432	0.0113559	0.0240763	0.0846335	0.0127949	0.201213	0.0236511	0.0219266	0.126662	0.0999292	2.1622e-05	0.00688132	0.20141	3.79169	5	0.7492814
109000	-87.6912	-121.4754	33.78416	10	0.2551119	0.0084008	0.0181381	0.0147111	0.00551054	0.000285355	0.00823155	0.287825	0.128084	0.161273	0.0439492	0.0970771	0.00235861	0.0704057	0.512143	3.41509	5	0.7734858
110000	-90.13159	-122.9234	32.79182	10	0.4550322	0.0142127	0.0485903	0.0939785	0.0403134	0.0231925	0.0744984	0.152611	0.0890805	0.216147	0.169335	0.0560409	0.0253877	0.22155	0.784575	2.96849	5	0.9779999
111000	-101.3877	-122.2658	20.87813	1	0.3516686	0.0166126	0.0437015	0.00115285	0.0067565	0.0463409	0.0126708	0.145438	0.122156	0.176258	0.0491115	0.127277	0.0104032	0.144852	0.6732	3.17154	3	0.7474757
112000	-87.97355	-123.1621	35.18857	10	0.0211399	0.0436959	0.0134096	0.0521894	0.0422195	0.0452937	0.0237418	0.198692	0.0167647	0.163914	0.0142385	0.119263	1.85319e-29	6.43937e-15	2.06414e-06	4	5	0.7334225
113000	-103.0228	-119.3567	16.33394	2	0.7179031	0.0505271	0.0121994	0.0422173	0.0225504	0.0412444	0.00678786	0.298146	0.27559	0.256939	0.0420663	0.13153	0.0780157	0.371856	0.931326	2.6188	4	1.179798
114000	-105.6123	-124.5704	18.95816	10	3.06668	0.024494	0.074404	0.069748	0.117812	0.19782	0.0651768	0.109055	0.0330044	0.593899	0.142114	0.155872	0.394355	0.735154	1.08283	1.78766	5	1.583399
115000	-103.4185	-125.7875	22.36899	10	0.8565416	0.0558028	0.0373345	0.0291226	0.122531	0.280202	0.0371913	0.142539	0.0779465	0.128855	0.251897	0.340028	0.107521	0.42894	0.97147	2.49207	5	1.50345
116000	-105.4221	-120.643	15.22089	1	0.2093434	0.013	0.00463159	0.0104648	0.00378432	0.059106	0.00576202	0.0583123	0.574064	0.0980298	0.148531	0.351747	0.000722896	0.0393336	0.4076	3.55234	3	1.327433
117000	-97.22387	-124.5163	27.29245	2	0.01458512	0.0423878	0.00360434	0.0227618	0.00675614	0.0475432	0.00944084	0.138006	0.0411678	0.0160118	0.242011	0.0536323	2.94546e-42	2.56867e-21	4.56192e-09	4	4	0.6233222
118000	-92.9402	-120.8802	27.94002	10	0.1257759	0.013591	0.0111514	0.0501212	0.00299129	0.0148291	0.0306693	0.3379	0.00624955	0.132174	0.271252	0.266812	8.98438e-06	0.00444154	0.168262	3.82729	5	1.137741
119000	-90.33038	-123.5827	33.25235	10	0.08221981	0.0316516	0.016194	0.0916968	0.127151	0.0564576	0.0113019	0.113348	0.0347978	0.297156	0.00174676	0.0210453	2.63445e-08	0.000241537	0.0504136	3.94934	5	0.802547
120000	-87.62208	-123.4347	35.81264	10	0.1616262	0.031048	0.0444203	0.0161401	0.0777373	0.0379638	0.0515837	0.173118	0.0366587	0.120051	0.0762932	0.0321758	0.000103012	0.0149687	0.276549	3.70838	5	0.6971905
121000	-95.81977	-126.5645	30.74473	10	0.1041888	0.00408175	0.0512232	0.0358431	0.244073	0.00127872	0.0111776	0.11364	0.073149	0.236742	0.0304146	0.224911	9.18707e-07	0.00142352	0.105188	3.89339	5	1.026535
122000	-92.83232	-120.9272	28.09486	10	0.7240257	0.0473939	0.0252373	0.132021	0.051215	0.0848255	0.039851	0.343237	0.0303394	0.312667	0.211901	0.0684625	0.0793258	0.374649	0.933456	2.61257	5	1.34715
123000	-95.06954	-124.6372	29.56766	10	0.9452004	0.00762912	0.0267691	0.0020158	0.12209	0.072629	0.0289679	0.305029	0.146145	0.081713	0.202325	0.0490866	0.125894	0.459637	0.990291	2.42418	5	1.044399
124000	-86.85308	-120.589	33.73596	10	0.1432927	0.0109518	0.00287386	0.00243147	0.017935	0.0140885	0.0926895	0.136309	0.0408034	0.174421	0.0628412	0.254331	3.44733e-05	0.00868155	0.221513	3.76977	5	0.8096761
125000	-92.5285	-123.0845	30.55602	10	1.617785	0.0498445	0.0343896	0.0504444	0.0304049	0.0623811	0.0321001	0.195164	0.0994547	0.327519	0.0649347	0.156077	0.242958	0.607056	1.05665	2.09334	5	1.102713
126000	-104.9988	-123.0227	18.02393	10	1.460478	0.036636	0.0118138	0.132489	0.231622	0.0586924	0.117114	0.896811	0.0222606	0.123528	0.381305	0.103426	0.219152	0.581843	1.04801	2.15099	5	2.115698
127000	-86.38513	-125.0364	38.65127	10	0.01426541	0.00830845	0.0278616	0.00586162	0.0814158	0.0229567	0.0398155	0.0727134	0.00743896	0.119336	0.0303926	0.00387457	3.4997e-43	8.8544e-22	2.93215e-09	4	5	0.4199747
128000	-105.8797	-123.386	17.50637	2	0.3252174	0.022323	0.054823	0.0183345	0.104449	0.101706	0.0652875	0.130436	0.140097	0.286373	0.424914	0.113159	0.00756231	0.124201	0.63582	3.23242	4	1.461902
129000	-101.4688	-120.192	18.72321	10	3.424958	0.114713	0.0153281	0.0477783	0.0388286	0.0551681	0.00471699	0.278582	0.303123	0.110289	0.124374	0.12425	0.419681	0.752638	1.08394	1.74374	5	1.217151
130000	-92.44806	-121.5724	29.12437	10	1.066828	0.0187282	0.0597855	0.0358154	0.0350038	0.206034	0.00321637	0.234426	0.110926	0.225222	0.276981	0.0774119	0.150092	0.495956	1.01025	2.3437	5	1.28355
131000	-105.3145	-128.6686	23.35409	10	1.462686	0.157286	0.183124	0.0508455	0.112677	0.0849313	0.0765107	0.1321	0.182977	0.0182713	0.112304	0.122632	0.2195	0.582225	1.04815	2.15012	5	1.233659
132000	-94.36883	-121.964	27.59521	10	0.5531833	0.0577204	0.045595	0.0211995	0.0300708	0.00727033	0.0375692	0.22653	0.109376	0.0688522	0.0692539	0.13075	0.0436195	0.285225	0.855416	2.81574	5	0.8041883
133000	-91.93023	-123.0479	31.11763	10	0.05186078	0.0193776	0.0280245	0.0219497	0.017538	0.00782935	0.0172325	0.0574495	0.268359	0.329815	0.423064	0.0194781	1.36859e-12	1.74535e-06	0.00651332	3.99348	5	1.210118
134000	-91.82197	-122.5429	30.72093	10	0.3436872	0.0443194	0.0527366	0.0658909	0.0540539	0.0158577	0.042549	0.13555	0.13605	0.0456222	0.0637271	0.0641869	0.0094976	0.138639	0.66238	3.18948	5	0.7205428
135000	-102.0927	-124.5647	22.472	2	0.2000977	0.040118	0.0270873	0.0204622	0.0285476	0.0534882	0.00270685	0.255373	0.219019	0.164922	0.0955289	0.018825	0.000532993	0.0338319	0.383913	3.58172	4	0.9260779
136000	-107.633	-125.9115	18.27845	2	1.604676	0.0563807	0.0596377	0.053413	0.0821321	0.116657	0.108071	0.23519	0.00118949	0.066745	0.0923295	0.382317	0.241049	0.605101	1.05602	2.09783	4	1.254063
137000	-95.24105	-123.8633	28.62221	10	0.1720879	0.0301364	0.00293625	0.050862	0.0919358	0.127066	0.0507198	0.35859	0.048999	0.0438003	0.267535	0.0398721	0.000173253	0.0193812	0.307028	3.67342	5	1.112453
138000	-90.77835	-120.2063	29.42798	10	1.096827	0.0536748	0.00601642	0.00407135	0.057388	0.00154517	0.0746833	0.422905	0.17677	0.199699	0.0905168	0.167577	0.155858	0.504039	1.01436	2.32574	5	1.254847
139000	-95.36582	-119.3536	23.9878	10	0.7766681	0.0259343	0.0153359	0.0237568	0.0160168	0.000596111	0.128244	0.489389	0.335283	0.44697	0.23167	0.0681863	0.0905851	0.397568	0.950274	2.56157	5	1.781381
140000	-101.4463	-120.0926	18.64631	10	2.258459	0.0803454	0.0221053	0.0844532	0.253886	0.147655	0.0291688	0.471351	0.272253	0.143198	0.23955	0.410489	0.322291	0.679955	1.07529	1.92246	5	2.154455
141000	-90.00729	-119.7056	29.69834	10	0.3327869	0.0248445	0.00712714	0.0121823	0.0561951	0.0176598	0.0238122	0.180181	0.0193811	0.107612	0.160988	0.0574357	0.00832794	0.130125	0.646971	3.21458	5	0.667419
142000	-92.65044	-122.3994	29.74895	10	0.5124243	0.0391418	0.0178704	0.0122368	0.00367461	0.0564955	0.0347801	0.0103444	0.230247	0.138565	0.393285	0.0342347	0.035713	0.259949	0.829102	2.87524	5	0.9708752
143000	-92.19953	-124.8191	32.61956	10	0.0180105	0.0475635	0.0321642	0.0533723	0.168164	0.0139029	0.00532992	0.0290041	0.0451114	0.615344	0.008333	0.0979069	2.08766e-34	2.16188e-17	1.94119e-07	4	5	1.116196
144000	-96.9898	-122.4072	25.41741	10	1.88914	0.0694324	0.133199	0.0511014	0.042633	0.0682561	0.0679599	0.112133	0.274149	0.292759	0.0707617	0.296531	0.279672	0.642682	1.06695	2.01069	5	1.478915
145000	-96.86917	-122.5012	25.63203	10	0.6423467	0.0301472	0.0277659	0.0121882	0.0513116	0.240472	0.0199513	0.320769	0.0590928	0.379127	0.26266	0.120934	0.0619432	0.335009	0.901475	2.70157	5	1.524418
146000	-92.12092	-121.3602	29.2393	10	0.1286945	0.0248592	0.000811644	0.0638149	0.0754824	0.00624403	0.0440831	0.303214	0.273941	0.0110313	0.0224762	0.225414	1.15305e-05	0.00503	0.177096	3.81786	5	1.051371
147000	-101.5853	-122.5614	20.97619	10	0.9389161	0.0336609	0.0227231	0.0397126	0.0411935	0.0459903	0.103483	0.131279	0.351534	0.17593	0.142682	0.209607	0.124611	0.457589	0.989092	2.42871	5	1.297796
148000	-102.9324	-123.4061	20.47373	10	1.307422	0.0510131	0.193519	0.0618886	0.028609	0.0995315	0.0177782	0.340214	0.131248	0.275126	0.0841399	0.327035	0.193983	0.553012	1.03678	2.21622	5	1.610101
149000	-105.7607	-124.0775	18.31683	2	0.3669863	0.0256287	0.00413284	0.0564358	0.121594	0.0528804	0.00117843	0.104481	0.405009	0.0856485	0.0385782	0.160794	0.0122539	0.1567	0.692934	3.13811	4	1.056361
150000	-93.96617	-123.6397	29.67352	10	2.680347	0.0905127	0.037959	0.0686808	0.0721247	0.0512725	0.0468493	0.153648	0.0829464	0.0598126	0.128856	0.0985438	0.362915	0.712139	1.08041	1.84454	5	0.8912057
151000	-85.36406	-119.7538	34.38972	10	0.1284589	0.0478299	0.0183589	0.0283577	0.0138326	0.0615235	0.0542811	0.229419	0.0445717	0.11813	0.221334	0.071345	1.13053e-05	0.00498078	0.176381	3.81863	5	0.9089835
152000	-101.2704	-125.4503	24.17985	10	1.974227	0.111737	0.0448334	0.117137	0.175287	0.24021	0.0617824	0.290649	0.265994	0.138526	0.011249	0.0251076	0.290179	0.652245	1.06933	1.98825	5	1.482511
153000	-90.68214	-121.2458	30.5637	10	0.6924296	0.0243002	0.0235693	0.017471	0.00564302	0.0137787	0.0463221	0.243042	0.0178774	0.226307	0.143191	0.0342977	0.072572	0.359936	0.92203	2.64546	5	0.7957993
154000	-106.2471	-124.3933	18.14622	10	0.3053278	0.0441901	0.00960116	0.156659	0.0719518	0.0418536	0.277919	0.280404	0.489682	0.0268862	0.195915	0.0716907	0.00573744	0.108646	0.604643	3.28097	5	1.666752
155000	-93.07151	-121.4675	28.39601	10	0.9642219	0.0498327	0.0487745	0.00449833	0.00307133	0.0942789	0.0531246	0.446862	0.0110453	0.218155	0.187866	0.081013	0.129761	0.465727	0.993809	2.4107	5	1.198521
156000	-94.03337	-123.1912	29.15785	10	0.5140607	0.018968	0.016277	0.0107679	0.119821	0.094221	0.126238	0.178498	0.0851023	0.0936628	0.131081	0.155476	0.0360225	0.260996	0.830236	2.87275	5	1.030113
157000	-102.4634	-126.4973	24.03385	10	0.2507902	0.140916	0.0478034	0.0257777	0.0978576	0.194611	0.0447675	0.266275	0.00531366	0.0933119	0.157757	0.262058	0.00214879	0.0672612	0.503149	3.42744	5	1.336449
158000	-94.65816	-128.1407	33.48255	10	0.2625092	0.0437747	0.0259277	0.00419265	0.132023	0.0361419	0.0960255	0.105555	0.137923	0.00465834	0.0540928	0.0542243	0.00274673	0.075861	0.527134	3.39426	5	0.6945383
159000	-111.5268	-130.1941	18.66735	2	0.2282452	0.0129895	0.0325341	0.0442044	0.10697	0.0437179	0.0273019	0.0507708	0.0783172	0.245733	0.11421	0.134669	0.00124798	0.0514932	0.45331	3.49395	4	0.8914189
160000	-91.55055	-124.6464	33.09583	10	0.7401759	0.0287509	0.0367052	0.0243301	0.0307707	0.0727615	0.0994549	0.3259	0.0361592	0.0693481	0.0181368	0.145634	0.0827822	0.381885	0.938893	2.59644	5	0.8879513
161000	-96.23893	-125.2944	29.05546	10	0.3006984	0.0595385	0.0569906	0.0235814	0.0938215	0.0489223	0.042734	0.0882642	0.110596	0.0302522	0.138975	0.125559	0.00535213	0.105039	0.596974	3.29264	5	0.8192346
162000	-96.89854	-120.1088	23.21022	10	0.9687849	0.113483	0.0325179	0.00156946	0.110284	0.0697588	0.0221408	0.313018	0.014376	0.142795	0.348534	0.194446	0.130684	0.467164	0.994629	2.40752	5	1.362923
163000	-102.3583	-125.9323	23.57398	2	0.517902	0.015377	0.0234153	0.0147499	0.0108162	0.0202904	0.013922	0.144219	0.0677224	0.131288	0.0419353	0.11788	0.0367519	0.263442	0.83287	2.86694	4	0.6016156
164000	-92.28997	-118.5722	26.28223	10	1.253653	0.0800115	0.0186051	0.00924634	0.0714479	0.0593202	0.0355959	0.37836	0.14168	0.144185	0.30085	0.268603	0.184641	0.541659	1.03196	2.24174	5	1.507905
165000	-94.35347	-121.6465	27.29299	10	0.2585578	0.0608993	0.00580488	0.0174249	0.083197	0.061151	0.162302	0.238082	0.357639	0.250049	0.170181	0.249019	0.00253482	0.0729361	0.519189	3.40534	5	1.655749
166000	-102.033	-124.4783	22.44527	10	0.2743456	0.115031	0.00492142	0.047661	0.16687	0.0364006	0.0884783	0.326648	0.0907724	0.0131799	0.226105	0.212865	0.00344544	0.0847521	0.550096	3.36171	5	1.328932
167000	-106.8753	-124.788	17.91268	2	0.3645706	0.070272	0.0382122	0.00132476	0.157288	0.0153276	0.0308286	0.0637007	0.337892	0.260246	0.316819	0.106872	0.0119524	0.154839	0.689908	3.1433	4	1.398784
168000	-95.34966	-123.7314	28.38169	10	0.3798366	0.0415238	0.0235799	0.0278258	0.0437895	0.104921	0.0707405	0.151972	0.201751	0.19401	0.0177603	0.206128	0.0139162	0.166541	0.708506	3.11104	5	1.084003
169000	-91.97648	-121.628	29.65151	10	0.4163225	0.0448194	0.0229295	0.0142804	0.15196	0.0848994	0.00425502	0.275106	0.0439929	0.373826	0.112551	0.089295	0.0191379	0.19384	0.748356	3.03867	5	1.217914
170000	-97.73243	-124.3529	26.62045	10	0.4539539	0.0282244	0.0800481	0.00292185	0.045303	0.190187	0.113545	0.484901	0.000310219	0.0316713	0.422678	0.109727	0.0252049	0.220797	0.78364	2.97036	5	1.509518
171000	-86.06922	-119.4835	33.4143	10	0.2268903	0.0362792	0.0159589	0.00169279	0.0128902	0.0660639	0.023939	0.210024	0.012689	0.17886	0.0527389	0.174834	0.00120373	0.0505855	0.450155	3.49806	5	0.7859695
172000	-101.0403	-124.6954	23.65511	2	0.4005424	0.0284564	0.0540655	0.00718746	0.0653007	0.00960295	0.0650197	0.171037	0.204875	0.0169867	0.117601	0.0470983	0.0167927	0.182161	0.731867	3.06918	4	0.7872302
173000	-100.4688	-125.1907	24.72191	10	0.3900447	0.0759879	0.0588906	0.0454821	0.0555817	0.0408498	0.0697488	0.264004	0.019836	0.0423308	0.532064	0.0111496	0.0153048	0.174281	0.720279	3.09014	5	1.215925
174000	-99.37474	-126.628	27.25323	10	1.85104	0.0268864	0.00607849	0.0216047	0.232424	0.102832	0.134248	0.285066	0.0682706	0.296126	0.0575094	0.113651	0.274821	0.638177	1.06577	2.02123	5	1.344696
175000	-93.97511	-123.7866	29.81148	10	0.1408971	0.0164762	0.0106911	0.0291577	0.117	0.0164143	0.0142942	0.220769	0.172858	0.0109121	0.326638	0.25103	2.9255e-05	0.00800003	0.214227	3.77774	5	1.18624
176000	-96.06582	-122.8303	26.76448	10	1.118474	0.0425291	0.0342639	0.070672	0.040962	0.023535	0.0707778	0.190355	0.2236	0.0863162	0.223753	0.0749319	0.159968	0.509679	1.01716	2.3132	5	1.081696
177000	-101.4552	-122.7382	21.28293	2	1.681444	0.0719576	0.0120638	0.0162735	0.0464835	0.11234	0.0196617	0.351278	0.0721692	0.135706	0.11295	0.0976657	0.252041	0.616213	1.05951	2.07223	4	1.048549
178000	-108.4549	-122.699	14.24404	10	0.6620443	0.167711	0.0258897	0.0171275	0.0674178	0.0603809	0.159225	0.457409	0.318209	0.515797	0.239941	0.208956	0.0661068	0.345057	0.909948	2.67889	5	2.238064
179000	-96.27131	-124.7763	28.50501	10	0.6277091	0.0843141	0.140263	0.0695596	0.00523142	0.0671664	0.0788176	0.117516	0.376894	0.226849	0.062988	0.114622	0.0588687	0.327328	0.894823	2.71898	5	1.344221
180000	-89.71526	-121.5444	31.82918	10	0.1355426	0.0492254	0.0109636	0.0275925	0.178774	0.008676	0.0234153	0.243315	0.0341777	0.138861	0.201757	0.026998	1.98496e-05	0.00659419	0.197921	3.79546	5	0.9437553
181000	-107.947	-124.5439	16.59692	2	0.08124484	0.00764751	0.0264823	0.0145831	0.00715845	0.0496157	0.112191	0.189183	0.390788	0.173884	0.168069	0.129173	2.15221e-08	0.000218332	0.0483438	3.95144	4	1.268775
182000	-106.3832	-123.9669	17.58361	1	0.7870909	0.0847824	0.00902589	0.039869	0.0281968	0.0151766	0.000411111	0.315713	0.0282035	0.309825	0.145376	0.056806	0.092809	0.401884	0.953313	2.55199	3	1.033386
183000	-99.62088	-120.7483	21.12742	10	1.920698	0.115233	0.0453519	0.152171	0.0312652	0.136057	0.0733486	0.472133	0.581368	0.299947	0.028522	0.150931	0.283621	0.646307	1.06787	2.0022	5	2.086327
184000	-90.17928	-123.4046	33.22533	10	0.03232489	0.0732587	0.0199286	0.00883846	0.0121467	0.0352591	0.0684755	0.227956	0.00407841	0.0169766	0.183726	0.246548	1.3231e-19	5.43578e-10	0.000228514	3.99977	5	0.8971926
185000	-83.87806	-123.6543	39.77625	10	0.4364114	0.00839959	0.0127577	0.0186493	0.0097478	0.0656401	0.0534458	0.10664	0.0238478	0.00951327	0.112267	0.118676	0.0222986	0.208394	0.767857	3.00145	5	0.539584
186000	-95.07463	-120.8291	25.75449	10	0.4970965	0.0627263	0.00981715	0.0205237	0.00648677	0.0294993	0.0552537	0.194146	0.173641	0.16564	0.216762	0.116588	0.0328509	0.250016	0.818144	2.89899	5	1.051084
187000	-92.64174	-125.2932	32.65144	10	0.6897114	0.0396399	0.0295659	0.021559	0.0323847	0.122909	0.0182885	0.121475	0.0651574	0.258263	0.0844418	0.13156	0.0719921	0.358635	0.920995	2.64838	5	0.9252449
188000	-93.51433	-121.059	27.5447	10	0.3833477	0.0457771	0.00512689	0.0420034	0.0184177	0.0569291	0.0292054	0.0838104	0.152926	0.35914	0.321651	0.0143002	0.0143872	0.169211	0.712613	3.10379	5	1.129287
189000	-105.9604	-120.5089	14.54854	1	1.032068	0.0655702	0.0682941	0.0242022	0.0333061	0.0337703	0.0196719	0.325545	0.401038	0.0652933	0.00794193	0.267763	0.143308	0.486183	1.00512	2.36539	3	1.312396
190000	-88.29106	-118.9228	30.63172	10	0.1912338	0.0351669	0.0141811	0.0307323	0.0101321	0.0300139	0.0186155	0.180441	0.231569	0.0255168	0.252902	0.10612	0.000387062	0.0288762	0.360394	3.61034	5	0.9353903
191000	-91.74633	-124.5116	32.76532	10	0.5661627	0.0219838	0.0220627	0.0258022	0.0177011	0.131981	0.0687546	0.122589	0.0324187	0.11076	0.000548028	0.193314	0.0462129	0.292932	0.863023	2.79783	5	0.7479145
192000	-102.7226	-124.8983	22.17567	10	0.1057385	0.0229156	0.0464201	0.0921714	0.0595102	0.100201	0.00299199	0.578029	0.104645	0.0120882	0.432449	0.0585836	1.11625e-06	0.00156888	0.109507	3.88892	5	1.510006
193000	-103.1341	-123.3747	20.24057	2	0.9647878	0.0613846	0.054044	0.00532739	0.0332984	0.00235284	0.102983	0.0844544	0.182814	0.21474	0.180338	0.0599606	0.129876	0.465906	0.993911	2.41031	4	0.9816974
194000	-93.59806	-125.9036	32.30551	10	0.05918374	0.087987	0.0417252	0.163516	0.0216356	0.0205842	0.031639	0.104243	0.10281	0.122963	0.0792151	0.0162109	3.734e-11	9.11102e-06	0.0129315	3.98706	5	0.7925291
195000	-102.1141	-123.361	21.24692	2	0.3431191	0.0293276	0.0423607	0.0167329	0.00726671	0.0107571	0.0786645	0.316645	0.170292	0.00945312	0.237556	0.262211	0.00943471	0.138196	0.661595	3.19077	4	1.181266
196000	-102.0638	-127.339	25.2752	10	2.363833	0.053501	0.108529	0.0829353	0.284191	0.0408982	0.0468175	0.267929	0.0346457	0.122163	0.0146902	0.368144	0.333155	0.688856	1.0769	1.90109	5	1.424444
197000	-96.24332	-124.8635	28.62019	10	0.5738978	0.0505179	0.0566683	0.0419819	0.378521	0.0369963	0.132269	0.0373972	0.0273906	0.182447	0.011015	0.722391	0.047773	0.297448	0.867395	2.78738	5	1.677595
198000	-90.37189	-121.0254	30.65352	10	1.430723	0.0189654	0.0151196	0.00762713	0.128997	0.0413999	0.121426	0.220115	0.122239	0.29656	0.0923405	0.14444	0.21442	0.576604	1.04608	2.1629	5	1.209229
199000	-97.97628	-123.7991	25.82282	10	1.856115	0.145313	0.0769522	0.0474311	0.0647719	0.0364778	0.0318394	0.565118	0.389358	0.134039	0.0547981	0.060109	0.275472	0.638786	1.06593	2.01981	5	1.606207
200000	-106.3433	-124.7582	18.41495	1	0.328885	0.0723385	0.00317886	0.0581079	0.0758182	0.0114826	0.0207282	0.312737	0.00286227	0.189489	0.128965	0.120365	0.00792845	0.127072	0.64127	3.22373	3	0.9960728
201000	-94.36719	-126.8536	32.48641	10	0.2178849	0.0040652	0.00810244	0.0193681	0.0198963	0.17872	0.0943571	0.302276	0.0588979	0.0584183	0.212967	0.0356607	0.000936144	0.0446883	0.428707	3.52567	5	0.9927295
202000	-100.9258	-125.6129	24.68716	10	0.5798495	0.102996	0.0736996	0.100352	0.101958	0.25676	0.00751187	0.31885	0.332958	0.140855	0.156869	0.0487053	0.0489804	0.300884	0.87068	2.77946	5	1.641514
203000	-92.23025	-127.397	35.16676	10	0.1873818	0.00705097	0.0248423	0.0714517	0.0982999	0.0660921	0.030376	0.217267	0.0255464	0.219736	0.0500359	0.000684788	0.000333651	0.0268279	0.349932	3.62291	5	0.8113824
204000	-94.67786	-126.6339	31.95602	10	0.1119164	0.0347799	0.0261591	0.00695479	0.101247	0.243022	0.0524811	0.147624	0.0854789	0.00121956	0.128256	0.512366	2.29955e-06	0.00225041	0.127121	3.87063	5	1.339588
205000	-101.5978	-120.8211	19.22335	2	0.7770027	0.0904409	0.0193937	0.058227	0.00728999	0.00337435	0.0351558	0.287416	0.131132	0.044649	0.328827	0.0601699	0.0906566	0.397708	0.950373	2.56126	4	1.066075
206000	-93.34295	-121.1307	27.7877	10	3.359033	0.0283219	0.0171949	0.0781543	0.0639191	0.109019	0.0172347	0.20293	0.0537169	0.198636	0.114243	0.276493	0.415262	0.74965	1.08379	1.75129	5	1.159862
207000	-90.67961	-122.351	31.67135	10	2.026892	0.0446695	0.0100384	0.0349676	0.012184	0.154206	0.0290078	0.235011	0.0317466	0.162064	0.226131	0.208981	0.296464	0.657843	1.07065	1.97504	5	1.149007
208000	-87.60013	-121.7422	34.14202	10	0.1492959	0.0241062	0.0206917	0.0190956	0.0390737	0.0128305	0.0862679	0.244199	0.0529726	0.0782498	0.0621257	0.154079	5.08201e-05	0.0105323	0.239702	3.74972	5	0.793692
209000	-109.4783	-126.0744	16.59619	2	1.016618	0.0725949	0.0620091	0.0111137	0.115208	0.0880547	0.0388593	0.303567	0.0209888	0.109301	0.274612	0.282348	0.140258	0.48169	1.0027	2.37535	4	1.378657
210000	-98.55868	-126.7441	28.18542	10	0.6323682	0.144098	0.00109103	0.0174722	0.05959	0.0995448	0.0485694	0.0509058	0.0920574	0.0509659	0.0343907	0.143864	0.0598452	0.329793	0.896975	2.71339	5	0.742549
211000	-90.2623	-122.2491	31.98677	10	0.2595771	0.0247014	0.0157756	0.0714368	0.00564435	0.0746649	0.09706	0.227365	0.221263	0.0194609	0.20285	0.0894088	0.00258847	0.0736882	0.521252	3.40247	5	1.049631
212000	-102.7752	-126.6229	23.84769	10	2.113439	0.115055	0.0339382	0.105747	0.0184317	0.0270404	0.102013	0.28127	0.27114	0.0573756	0.296571	0.0732861	0.30645	0.666559	1.07259	1.95441	5	1.381867
213000	-100.0614	-121.6261	21.56471	2	0.3999782	0.110674	0.0353628	0.0290844	0.0217657	0.0557262	0.00926763	0.188897	0.321164	0.0344567	0.128497	0.0288733	0.0167113	0.18174	0.731257	3.07029	4	0.9637696
214000	-99.04591	-122.8539	23.80804	10	4.633873	0.166206	0.011549	0.0717306	0.0388205	0.0831693	0.119277	0.487572	0.070743	0.134264	0.0636257	0.360294	0.486122	0.794623	1.08388	1.63538	5	1.607251
215000	-93.98675	-122.7209	28.73419	10	0.1695605	0.0352235	0.00768396	0.0486202	0.109549	0.0512954	0.139401	0.561137	0.0313699	0.130973	0.0386226	0.306955	0.000153707	0.0182624	0.299742	3.68184	5	1.46083
216000	-94.65652	-124.8057	30.14915	10	1.145514	0.0526823	0.0220225	0.157258	0.106179	0.005227	0.0740293	0.174748	0.193595	0.0253416	0.0185554	0.287613	0.16504	0.516509	1.02047	2.29798	5	1.117251
217000	-115.8645	-129.4028	13.53832	1	0.5272032	0.101056	0.046109	0.0833283	0.0223145	0.082495	0.114895	0.185412	0.171223	0.164582	0.472595	0.0198953	0.0385338	0.269304	0.839096	2.85307	3	1.463904
218000	-94.79833	-122.9007	28.10235	10	1.125485	0.099204	0.161386	0.0145985	0.0373929	0.0457432	0.083455	0.338732	0.303318	0.152602	0.0240484	0.0646367	0.16129	0.511472	1.01804	2.3092	5	1.325116
219000	-95.29815	-120.1353	24.83714	10	2.065665	0.0935468	0.00295	0.00528906	0.0697347	0.104198	0.0738249	0.430787	0.0710174	0.204413	0.535579	0.136205	0.300989	0.66182	1.07155	1.96564	5	1.727546
220000	-95.806	-122.272	26.46597	10	1.382501	0.0153708	0.116664	0.01395	0.0115135	0.0487328	0.0711385	0.148681	0.0618545	0.101347	0.242485	0.205919	0.206587	0.567754	1.04271	2.18295	5	1.037655
221000	-104.8454	-122.8159	17.9705	2	1.633189	0.0448618	0.0147243	0.0867998	0.00666027	0.182687	0.0137237	0.0125974	0.413946	0.07105	0.217306	0.201773	0.245184	0.609322	1.05737	2.08812	4	1.266129
222000	-108.7169	-125.3699	16.65303	10	2.171647	0.0941542	0.067913	0.0261393	0.0355263	0.0191256	0.1059	0.299155	0.241983	0.559246	0.231434	0.0253976	0.312938	0.672107	1.07375	1.94121	5	1.705974
223000	-95.72393	-123.0326	27.30868	10	0.1369501	0.0973296	0.0047761	0.044963	0.0124733	0.010841	0.0372841	0.178975	0.212986	0.26484	0.0751821	0.0145999	2.2045e-05	0.00694807	0.202208	3.79082	5	0.9542496
224000	-104.0866	-123.628	19.54139	2	0.5300113	0.0639723	0.0340306	0.0243274	0.172891	0.0339061	0.0143649	0.145873	0.0552614	0.172531	0.182468	0.111759	0.039076	0.271057	0.840934	2.84893	4	1.011384
225000	-108.7761	-124.6356	15.85954	2	0.7955588	0.110024	0.0733381	0.0644904	0.145742	0.0590518	0.0247146	0.299309	0.00928436	0.187021	0.0124283	0.528492	0.0946133	0.40534	0.955717	2.54433	4	1.513896
226000	-101.7135	-124.316	22.60253	2	0.5062673	0.0529731	0.00807942	0.0193859	0.0109818	0.052365	0.0478672	0.0783237	0.034298	0.0210835	0.125323	0.116262	0.0345552	0.255988	0.824776	2.88468	4	0.5669424
227000	-101.2572	-127.4929	26.23569	10	0.6471542	0.148022	0.00788327	0.00975467	0.115797	0.0434779	0.121186	0.324756	0.0927999	0.0998074	0.170476	0.324384	0.0629568	0.337491	0.903593	2.69596	5	1.458344
228000	-104.7	-127.4052	22.70515	10	1.706416	0.0275605	0.047189	0.223395	0.260923	0.00508045	0.0383043	0.376286	0.13619	0.0419255	0.0910875	0.458734	0.255522	0.61966	1.06055	2.06427	5	1.706675
229000	-110.5104	-122.5066	11.99615	2	1.24315	0.0306631	0.0968173	0.0562687	0.191166	0.0871187	0.0403773	0.624512	0.0581813	0.273866	0.366528	0.107665	0.182786	0.539357	1.03095	2.2469	4	1.933163
230000	-108.8552	-122.9006	14.04543	10	2.025897	0.106081	0.122715	0.100318	0.153304	0.0297511	0.115968	0.393423	0.187267	0.557282	0.033502	0.427909	0.296347	0.65774	1.07062	1.97529	5	2.227518
231000	-95.40821	-128.0024	32.59423	10	0.235602	0.0492033	0.00213253	0.0551137	0.230483	0.0919942	0.0348339	0.0713791	0.402018	0.0424563	0.0130608	0.0253615	0.00150727	0.0565074	0.470123	3.47186	5	1.018037
232000	-101.5748	-127.4642	25.88945	10	0.3233797	0.0443642	0.0141778	0.182768	0.0155352	0.211923	0.153448	0.436159	0.0451761	0.0764369	0.216635	0.245889	0.00738229	0.122762	0.633055	3.2368	5	1.642512
233000	-87.42253	-120.6467	33.22419	10	0.1334533	0.0377447	0.0374508	0.014976	0.090337	0.0197543	0.0268589	0.153407	0.288022	0.0182815	0.143133	0.0415244	1.6918e-05	0.00608936	0.191559	3.80234	5	0.8714901
234000	-91.46247	-122.9436	31.48115	10	0.4186414	0.0520782	0.00411534	0.069368	0.000103169	0.0385618	0.0212835	0.145085	0.114681	0.0601545	0.217101	0.0298667	0.019493	0.195539	0.750689	3.03428	5	0.7523982
235000	-98.85479	-125.7938	26.93902	10	0.5051543	0.0863096	0.00419152	0.0690402	0.0129503	0.0281663	0.0762606	0.297314	0.148705	0.266521	0.0238076	0.0432601	0.034347	0.255267	0.823983	2.8864	5	1.056526
236000	-91.91879	-122.4209	30.50207	10	0.1513238	0.124965	0.0101604	0.0304813	0.033765	0.0132125	0.0302651	0.419064	0.249841	0.00828755	0.274929	0.0584234	5.75369e-05	0.0112036	0.245816	3.74292	5	1.253394
237000	-92.35003	-123.2409	30.89087	10	0.7132254	0.0596793	0.0428866	0.0498417	0.0290791	0.0258787	0.134504	0.0857882	0.22263	0.208684	0.0188908	0.12354	0.0770152	0.369704	0.929672	2.62361	5	1.001403
238000	-100.9557	-129.6016	28.64593	10	0.1657309	0.0601382	0.0219194	0.0259832	0.00481113	0.0492458	0.198138	0.197544	0.11342	0.0871139	0.382732	0.113384	0.000127317	0.0166308	0.288606	3.69464	5	1.25443
239000	-90.16739	-123.7436	33.57624	10	0.08376556	0.0649141	0.0155123	0.0609521	0.224616	0.032441	0.0351306	0.0825771	0.108401	0.0518921	0.252155	0.0279045	3.59507e-08	0.00028212	0.0537703	3.94595	5	0.9564964
240000	-93.60342	-122.1244	28.52098	10	0.01309649	0.0327187	0.0440455	0.00657967	0.0454837	0.039751	0.0169869	0.103468	0.354611	0.0171217	0.0639333	0.105574	5.98735e-47	1.15826e-23	4.84815e-10	4	5	0.8302729
241000	-92.67478	-124.7446	32.06981	10	0.2514801	0.0267257	0.00107365	0.106335	0.00508837	0.0837339	0.0104817	0.202348	0.0893466	0.143618	0.125499	0.00431344	0.00218146	0.0677609	0.504597	3.42546	5	0.7985632
242000	-93.58733	-126.577	32.9897	10	0.7140029	0.0231769	0.0549706	0.120116	0.0277888	0.0635911	0.0143271	0.390727	0.0705354	0.0589472	0.0268353	0.177469	0.0771815	0.370063	0.929949	2.62281	5	1.028484
243000	-95.66799	-126.7562	31.08818	10	0.0736866	0.0245993	0.000684771	0.215617	0.09461	0.0138985	0.0546896	0.136489	0.0548235	0.328588	0.00431954	0.331181	3.74379e-09	9.11189e-05	0.0336353	3.96627	5	1.259501
244000	-98.889	-123.5705	24.68153	10	1.739833	0.17514	0.0122892	0.0962902	0.0668471	0.0586634	0.0522368	0.51751	0.502051	0.058742	0.0138959	0.18735	0.260109	0.624152	1.06187	2.05387	5	1.741016
245000	-93.46258	-123.4377	29.97513	10	1.353935	0.0819428	0.00526847	0.121101	0.0914849	0.074987	0.0681041	0.250071	0.105342	0.168592	0.108513	0.153904	0.201851	0.562289	1.04055	2.19531	5	1.22931
246000	-94.81125	-125.3046	30.49334	10	0.2395915	0.0175401	0.0280773	0.0468036	0.0775755	0.131115	0.0205216	0.370477	0.115567	0.0504458	0.282176	0.122512	0.00166165	0.059283	0.479016	3.46004	5	1.262811
247000	-93.79406	-125.3177	31.52365	10	0.08041392	0.0137048	0.0140577	0.00958611	0.202481	0.0549755	0.00119908	0.164638	0.0336151	0.00791456	0.120356	0.168094	1.80456e-08	0.000199936	0.0466094	3.95319	5	0.7906222
248000	-93.61011	-123.9755	30.36537	10	0.1653138	0.0770519	0.0472721	0.0239887	0.0381638	0.00970978	0.0147777	0.0964593	0.17551	0.050201	0.0335431	0.217735	0.000124666	0.0164578	0.287386	3.69603	5	0.7844124
249000	-93.66979	-120.5011	26.8313	10	0.6527484	0.0740933	0.0369289	0.0270255	0.0660626	0.0374325	0.0112185	0.508395	0.321111	0.292478	0.119282	0.0539046	0.0641385	0.340356	0.906016	2.68949	5	1.547932
250000	-102.926	-123.5022	20.57618	2	0.1686649	0.0689465	0.0210549	0.0309601	0.0428071	0.012914	0.0365822	0.263532	0.179688	0.160673	0.020857	0.286352	0.000147195	0.0178739	0.297148	3.68483	4	1.124366
251000	-108.0416	-122.7957	14.75415	2	0.73941	0.0419826	0.0716488	0.0246156	0.178781	0.102724	0.0442345	0.138562	0.330405	0.172558	0.200087	0.231062	0.0826183	0.381546	0.938641	2.59719	4	1.536661
252000	-90.93927	-121.449	30.50978	10	0.7954272	0.031492	0.00909009	0.065328	0.0152869	0.0469374	0.0693934	0.171987	0.280011	0.0416777	0.156838	0.0134981	0.0945853	0.405286	0.95568	2.54445	5	0.9015384
253000	-93.01896	-122.4359	29.41692	10	0.4058188	0.0231183	0.00579024	0.020526	0.049881	0.0277224	0.0336741	0.0107566	0.191173	0.307668	0.0458775	0.326133	0.0175627	0.186089	0.737501	3.05885	5	1.04232
254000	-109.758	-125.4307	15.67265	1	0.2014278	0.0391318	0.0143628	0.0900869	0.0898317	0.050977	0.0576876	0.359688	0.0571988	0.0028709	0.0186826	0.502531	0.000557844	0.0346032	0.387374	3.57746	3	1.283048
255000	-108.403	-123.4649	15.06186	2	0.4255421	0.08678	0.0265269	0.0121437	0.129466	0.0365158	0.0359926	0.495388	0.0532443	0.247741	0.0128077	0.46944	0.0205651	0.200565	0.757504	3.02137	4	1.606047
256000	-98.69431	-131.2586	32.56434	10	1.401709	0.0346521	0.0888938	0.0855679	0.105485	0.0445025	0.0223619	0.137253	0.0991711	0.178547	0.0604852	0.204391	0.209732	0.571334	1.04409	2.17485	5	1.061311
257000	-98.22385	-124.7743	26.5504	10	0.8232468	0.120153	0.002949	0.112114	0.159505	0.0197943	0.0485311	0.0206039	0.0500381	0.171789	0.211865	0.324609	0.100495	0.416328	0.963194	2.51998	5	1.241951
258000	-102.4673	-124.0366	21.56932	2	0.1245059	0.01505	0.0105588	0.125722	0.242046	0.052749	0.00241311	0.0613428	0.332067	0.107537	0.0131829	0.118899	8.03055e-06	0.00419977	0.16443	3.83136	4	1.081567
259000	-96.94505	-123.7147	26.76968	10	0.7301277	0.0209983	0.0144947	0.00291645	0.112825	0.00846594	0.0638928	0.193699	0.0246038	0.131316	0.0963501	0.0910087	0.0806317	0.377405	0.935541	2.60642	5	0.7605704
260000	-94.05499	-122.9393	28.8843	10	1.355763	0.0557137	0.0301804	0.102825	0.00476451	0.0912719	0.0140271	0.0808126	0.294397	0.319814	0.319746	0.0138932	0.202156	0.562644	1.04069	2.1945	5	1.327444
261000	-104.1165	-126.2508	22.13429	10	3.19779	0.167239	0.0471239	0.0288919	0.0919966	0.0282873	0.126661	0.0224152	0.350724	0.565295	0.120606	0.066443	0.404007	0.741923	1.08333	1.77074	5	1.615682
262000	-94.91949	-128.6393	33.7198	10	1.156056	0.0201267	0.0110838	0.0290548	0.207003	0.0192784	0.0611944	0.221882	0.0173248	0.0519643	0.250998	0.0473	0.166999	0.51911	1.02171	2.29218	5	0.9372106
263000	-95.65715	-122.078	26.42084	10	0.8920055	0.148883	0.00699527	0.0107653	0.00155517	0.034788	0.101649	0.306642	0.176155	0.0721763	0.210277	0.171624	0.114935	0.441699	0.979516	2.46385	5	1.241509
264000	-85.46849	-121.8858	36.41735	10	0.02009585	0.0110433	0.0217677	0.00710719	0.0712349	0.0113364	0.00382474	0.212531	0.0240851	0.165188	0.0295312	0.0231901	6.14282e-31	1.17248e-15	1.01804e-06	4	5	0.5808398
265000	-93.97542	-125.8604	31.885	10	0.7683458	0.0728632	0.0118603	0.0142191	0.0738611	0.072836	0.0328601	0.244041	0.143744	0.186618	0.0854743	0.0657337	0.0888076	0.394071	0.947783	2.56934	5	1.004111
266000	-92.12814	-123.4605	31.33231	10	0.1226616	0.0229129	0.012966	0.0688309	0.157279	0.0391749	0.014721	0.135895	0.417821	0.0519522	0.0549236	0.0419527	6.79458e-06	0.00386388	0.158882	3.83725	5	1.01843
267000	-101.7567	-125.1012	23.3445	2	0.6025313	0.0530056	0.0339663	0.00974291	0.0133271	0.128699	0.0212934	0.0790458	0.239869	0.00997359	0.075493	0.139482	0.0536306	0.313676	0.882605	2.75009	4	0.8038981
268000	-91.82291	-121.0166	29.19364	10	0.5465653	0.0821983	0.000585291	0.0331539	0.0729906	0.0265502	0.00141664	0.304639	0.108699	0.129332	0.132634	0.102727	0.0423099	0.281232	0.851402	2.82506	5	0.9949251
269000	-100.4743	-124.3566	23.88233	2	0.2748451	0.022887	0.0253995	0.0264017	0.0309035	0.0176802	0.0182148	0.221149	0.000639445	0.0486179	0.218405	0.131756	0.00347706	0.085131	0.551038	3.36035	4	0.7620531
270000	-94.64695	-128.9492	34.30229	10	0.01144589	0.0319763	0.0324945	0.0117106	0.00661841	0.0288062	0.0233846	0.0919648	0.0430401	0.13189	0.314599	0.0105374	1.40576e-53	5.61315e-27	2.04158e-11	4	5	0.7270215
271000	-106.4452	-122.5299	16.08471	2	0.3653789	0.0649392	0.0148928	0.052492	0.122662	0.068822	0.000837078	0.371814	0.262503	0.0121377	0.318507	0.119473	0.0120529	0.155462	0.690924	3.14156	4	1.40908
272000	-92.40583	-122.3494	29.94358	10	0.6280547	0.0576732	0.0476593	0.0184876	0.0805016	0.0637112	0.0236552	0.24732	0.264022	0.0933003	0.0700222	0.168795	0.0589411	0.327512	0.894983	2.71856	5	1.135147
273000	-92.61473	-123.215	30.60023	10	0.1351534	0.0556204	0.00513298	0.0695594	0.039021	0.0077787	0.0810141	0.21871	0.0123917	0.000466778	0.204722	0.259577	1.92747e-05	0.0064983	0.196736	3.79675	5	0.9539937
274000	-102.3649	-121.7162	19.35127	10	2.361928	0.0490948	0.0212844	0.0601289	3.87872e-05	0.0813499	0.141252	0.464334	0.0977039	0.240869	0.002227	0.231017	0.332963	0.6887	1.07688	1.90146	5	1.3893
275000	-93.53713	-123.3102	29.77305	10	0.2224677	0.025802	0.0360988	0.0272105	0.0911539	0.111621	0.0203288	0.277382	0.458837	0.0169422	0.214961	0.0222624	0.00106663	0.0476589	0.439725	3.51155	5	1.3026
276000	-106.3375	-122.8759	16.53834	2	0.8345718	0.152775	0.0154221	0.0259882	0.0980643	0.162443	0.0349135	0.199674	0.0713708	0.528826	0.0730298	0.138751	0.102891	0.420689	0.966092	2.51033	4	1.501259
277000	-96.25281	-120.9048	24.65202	10	0.5857883	0.0329224	0.0147114	0.127887	0.130885	0.0365942	0.0108877	0.190223	0.320824	0.0234548	0.17702	0.627057	0.0501907	0.30428	0.873892	2.77164	5	1.692466
278000	-105.9186	-123.2272	17.30855	10	1.889371	0.0540232	0.046771	0.00405954	0.0957969	0.0110949	0.53102	0.312687	0.198343	0.210056	0.137916	0.284376	0.279701	0.642709	1.06696	2.01063	5	1.886143
279000	-86.81731	-119.8617	33.04443	10	0.6078169	0.0612917	0.0217213	0.0206881	0.00651348	0.0572547	0.0739047	0.228714	0.044182	0.194117	0.209671	0.0389534	0.0547242	0.316589	0.885255	2.74343	5	0.9570111
280000	-91.15496	-124.3761	33.22115	10	2.095233	0.0683084	0.00179397	0.00397849	0.01992	0.0302085	0.0964691	0.21652	0.0786303	0.0407725	0.188425	0.0844268	0.304384	0.664773	1.0722	1.95864	5	0.8294527
281000	-101.0409	-121.4315	20.39064	10	2.713857	0.104335	0.00717105	0.101276	0.000504746	0.105523	0.0258521	0.156483	0.254139	0.029257	0.027015	0.24561	0.365838	0.714344	1.08069	1.83913	5	1.057166
282000	-94.05872	-121.1317	27.07294	10	0.2913544	0.0210157	0.0118535	0.0814895	0.0961089	0.034025	0.0434968	0.242881	0.178317	0.000681716	0.184013	0.208257	0.00462025	0.0977885	0.580994	3.3166	5	1.102139
283000	-100.6147	-121.8908	21.27609	10	1.502146	0.090738	0.0034527	0.148295	0.018463	0.253255	0.0374833	0.203789	0.392289	0.166677	0.351225	0.0676354	0.225654	0.588913	1.05055	2.13489	5	1.733303
284000	-116.2117	-126.9999	10.78823	1	0.6764967	0.0120982	0.0492274	0.0181981	0.0930162	0.145586	0.0671175	0.205791	0.123347	0.36964	0.525971	0.113992	0.0691767	0.352226	0.915837	2.66276	3	1.723983
285000	-96.30546	-120.0079	23.70243	10	1.114064	0.122047	0.0152232	0.061199	0.0261555	0.0403154	0.0152376	0.390068	0.0849205	0.319383	0.0961926	0.27947	0.159134	0.508542	1.0166	2.31573	5	1.450212
286000	-96.62655	-125.4045	28.77794	10	0.0312784	0.00753959	0.0601842	0.0371769	0.247968	0.0727488	0.00891987	0.0598	0.0932758	0.425629	0.0877546	0.13189	3.15152e-20	2.65316e-10	0.000169696	3.99983	5	1.232887
287000	-90.88055	-122.2555	31.37499	10	0.3592286	0.00803759	0.0301989	0.0458135	0.000497401	0.0236821	0.133739	0.226533	0.166297	0.0480311	0.0100589	0.269865	0.0112984	0.150714	0.683105	3.15488	5	0.9627532
288000	-94.38114	-122.2554	27.87424	10	0.4589127	0.0930447	0.0178265	0.121013	0.14098	0.1374	0.0224802	0.246816	0.016659	0.0253701	0.64403	0.140309	0.0260493	0.224249	0.787906	2.9618	5	1.605929
289000	-111.0707	-123.4417	12.37102	2	0.5370151	0.0659555	0.027408	0.109742	0.0739194	0.188842	0.0152932	0.866859	0.0327431	0.232997	0.178093	0.0959197	0.0404367	0.275395	0.845439	2.83873	4	1.887771
290000	-93.20635	-123.0697	29.86338	10	0.879185	0.12412	0.00925964	0.106826	0.0643389	0.0102216	0.0484616	0.326082	0.200629	0.0231929	0.298851	0.208023	0.112264	0.437163	0.976693	2.47388	5	1.420005
291000	-93.97471	-123.2046	29.22988	10	0.02940831	0.0216628	0.0106638	0.0700205	0.0245818	0.0344782	0.0633432	0.303564	0.29825	0.0481412	0.301792	0.036881	1.8821e-21	6.48478e-11	9.458e-05	3.99991	5	1.213379
292000	-100.8423	-120.2015	19.35922	2	0.6592325	0.0611214	0.000477315	0.0307563	0.057974	0.0438848	0.0400039	0.303051	0.16305	0.269894	0.203819	0.00666711	0.0655109	0.343643	0.908771	2.68208	4	1.180698
293000	-90.17782	-121.1677	30.98988	10	0.5042615	0.0381413	0.052157	0.00601139	0.0211164	0.0602132	0.0131855	0.194601	0.184928	0.370157	0.143607	0.0237763	0.0341803	0.254689	0.823345	2.88779	5	1.107894
294000	-91.13997	-122.0937	30.9537	10	0.345123	0.018828	0.00480191	0.0673889	0.000807441	0.0383526	0.0978785	0.139054	0.286061	0.0459854	0.199003	0.11624	0.00965749	0.139759	0.664355	3.18623	5	1.014401
295000	-99.04674	-128.4858	29.43909	10	0.1550922	0.0158916	0.0715612	0.286088	0.0494975	0.0322503	0.0571064	0.306594	0.0524202	0.014384	0.186594	0.114274	7.18414e-05	0.0125124	0.257127	3.73029	5	1.186662
296000	-92.91845	-121.0264	28.10791	10	0.2363796	0.0242888	0.00296292	0.125853	0.0729892	0.016805	0.0213763	0.208177	0.113742	0.218854	0.343639	0.00192323	0.00153658	0.0570454	0.471869	3.46955	5	1.150611
297000	-99.63205	-125.2072	25.57516	10	0.2491496	0.0118123	0.00253026	0.0374087	0.245955	0.0921489	0.0191754	0.113224	0.00908904	0.119243	0.368842	0.226667	0.00207236	0.0660765	0.499689	3.43216	5	1.246095
298000	-94.6643	-126.1601	31.49583	10	0.5911278	0.0242337	0.0194796	0.0189946	0.0566686	0.0304628	0.0463817	0.0704877	0.475568	0.0323094	0.0960153	0.13659	0.0512835	0.307304	0.876724	2.76469	5	1.007192
299000	-104.7472	-126.5	21.75279	1	0.2063016	0.0257362	0.0317044	0.0821407	0.0425914	0.0339094	0.0149139	0.178183	0.12575	0.0404884	0.0733472	0.0257823	0.000655911	0.0374882	0.399903	3.56195	3	0.6745469
300000	-92.63992	-123.6508	31.01085	10	0.1688565	0.0688451	0.0057083	0.0553304	0.0586158	0.0135503	0.0145728	0.20574	0.031801	0.0459583	0.320949	0.166244	0.000148571	0.0179567	0.297703	3.68419	5	0.9873151
301000	-94.23005	-123.5222	29.29215	10	0.2341459	0.0148822	0.0403481	0.071313	0.230541	0.0356836	0.0191979	0.296747	0.0102557	0.249702	0.0539879	0.255588	0.00145336	0.0555039	0.466838	3.4762	5	1.278246
302000	-93.43785	-121.3407	27.90285	10	0.885564	0.105573	0.013171	0.10362	0.0922624	0.0900573	0.107816	0.345912	0.256823	0.21183	0.163218	0.2246	0.113594	0.439431	0.97811	2.46887	5	1.714882
303000	-96.32844	-124.5374	28.209	10	0.3401152	0.0433372	0.00414776	0.0386615	0.116499	0.0168496	0.0522947	0.243195	0.0683753	0.103038	0.0272364	0.0852233	0.00910568	0.135852	0.657412	3.19763	5	0.7988578
304000	-94.38685	-122.2173	27.83043	10	0.1046317	0.0182822	0.00146265	0.0106528	0.160994	0.0278342	0.00299978	0.228451	0.00974352	0.0234854	0.593168	0.0843574	9.71864e-07	0.00146406	0.106418	3.89212	5	1.16143
305000	-102.247	-129.2126	26.96559	10	2.028217	0.0263994	0.109731	0.0266987	0.0957553	0.00195803	0.0218738	0.358898	0.0879273	0.237499	0.145151	0.0866567	0.29662	0.657981	1.07068	1.97472	5	1.198548
306000	-97.87681	-122.3389	24.46206	10	0.4086814	0.0230649	0.0377836	0.205507	0.148448	0.0498782	0.0101444	0.356836	0.123334	0.27587	0.241084	0.0342611	0.0179865	0.188211	0.740506	3.0533	5	1.506212
307000	-99.00123	-122.8703	23.86902	10	1.978165	0.153416	0.00264182	0.0509968	0.0600688	0.112285	0.0752667	0.283897	0.306804	0.120764	0.234262	7.98926e-05	0.290654	0.652671	1.06943	1.98724	5	1.400482
308000	-84.12711	-121.1532	37.02604	10	0.1024889	0.0315588	0.0152137	0.0870545	0.00439284	0.0234546	0.0347349	0.117407	0.149732	0.090308	0.0827543	0.00308731	7.36968e-07	0.00127517	0.100504	3.89822	5	0.6396978
309000	-91.09762	-123.8533	32.75567	10	0.1467275	0.0053876	0.00362168	0.120427	0.163445	0.010727	0.0223059	0.232551	0.171629	0.0829243	0.0687702	0.0100173	4.32129e-05	0.00971548	0.231934	3.75831	5	0.8918065
310000	-99.3924	-123.1287	23.73633	10	0.5112982	0.118041	0.063236	0.0693473	0.0970747	0.00872889	0.357824	0.612276	0.0967373	0.17744	0.141205	0.238167	0.0355004	0.259228	0.828318	2.87695	5	1.980077
311000	-99.85817	-126.8673	27.00912	10	1.345528	0.11358	0.0451665	0.0466823	0.15558	0.033886	0.185346	0.250003	0.0105794	0.0235924	0.19461	0.281354	0.200443	0.560648	1.0399	2.19901	5	1.34038
312000	-88.03932	-120.0346	31.99527	10	0.3007869	0.0741027	0.0107225	0.0514008	0.0335182	0.0277299	0.0902758	0.260063	0.106096	0.13605	0.149313	0.221441	0.00535936	0.105107	0.597122	3.29241	5	1.160712
313000	-83.93747	-120.1058	36.1683	10	0.1430781	0.00902129	0.0104106	0.00183578	0.0379073	0.0182402	0.017607	0.333857	0.0181445	0.0678449	0.152535	0.135191	3.39776e-05	0.00861916	0.22086	3.77049	5	0.8025941
314000	-88.54424	-119.3165	30.77228	10	0.1976562	0.0508297	0.00916363	0.0268071	0.027947	0.0678888	0.0186759	0.224344	0.455198	0.226669	0.0867646	0.048686	0.000489438	0.0324344	0.377513	3.58956	5	1.242974
315000	-102.2702	-128.5073	26.23711	10	0.308869	0.0460932	0.217811	0.0369516	0.0474588	0.154422	0.141578	0.152471	0.217003	0.018658	0.0199898	0.375686	0.00604228	0.11141	0.610401	3.27215	5	1.428123
316000	-112.4175	-125.467	13.04942	2	2.111913	0.0730684	0.0772013	0.0480844	0.156995	0.0155417	0.0399385	0.2245	0.209714	0.0633347	0.382403	0.0552744	0.306278	0.66641	1.07255	1.95476	4	1.346055
317000	-90.39848	-121.094	30.6955	10	0.2531277	0.0554471	0.00304125	0.0901092	0.00441209	0.0228382	0.00623119	0.0189253	0.10488	0.0203017	0.248291	0.286162	0.00226074	0.0689579	0.508035	3.42075	5	0.8606386
318000	-102.0613	-121.8086	19.74734	2	0.9558539	0.0434421	0.0121388	0.027735	0.0910768	0.0060882	0.0451538	0.216498	0.337358	0.227426	0.138067	0.0541591	0.128064	0.463068	0.992282	2.41659	4	1.199142
319000	-103.7702	-123.2166	19.44641	1	0.3010694	0.0190774	0.0337282	0.00614934	0.0605395	0.0610763	0.0298784	0.141169	0.332964	0.0146992	0.0767812	0.119646	0.00538246	0.105327	0.597594	3.2917	3	0.8957079
320000	-89.69273	-120.9669	31.27417	10	0.2531025	0.0522782	0.00804961	0.0924175	0.00841057	0.0188186	0.0113979	0.211219	0.330162	0.0762176	0.00725047	0.155195	0.00225951	0.0689395	0.507983	3.42082	5	0.9714163
321000	-95.78344	-123.9668	28.18336	10	0.7467125	0.0262254	0.0227988	0.0105488	0.150594	0.018005	0.00295152	0.0812977	0.422982	0.418674	0.0656514	0.0335321	0.0841811	0.384762	0.941021	2.59004	5	1.253261
322000	-88.40923	-122.0966	33.68733	10	0.1140434	0.027151	0.0019519	0.0339079	0.0442881	0.0409847	0.00709403	0.0781508	0.220448	0.0209229	0.0624992	0.0770672	2.89622e-06	0.002525	0.133312	3.86416	5	0.6144657
323000	-95.90144	-122.9904	27.08896	10	0.884258	0.0419241	0.126161	0.0319686	0.0137557	0.0506102	0.088864	0.34154	0.0432803	0.22101	0.271481	0.00875001	0.113322	0.438968	0.977821	2.46989	5	1.239345
324000	-98.07824	-128.3187	30.2405	10	0.3797583	0.00173702	0.0318879	0.0449942	0.118837	0.145867	0.176023	0.0627463	0.0764822	0.141289	0.0122023	0.359049	0.0139058	0.166481	0.708413	3.1112	5	1.171115
325000	-89.30025	-123.5826	34.28238	10	0.1935062	0.0802852	0.0097083	0.0336641	0.0101939	0.0163817	0.0647479	0.0761159	0.00275558	0.0610952	0.365284	0.105824	0.000421324	0.0301152	0.366498	3.60297	5	0.8260558
326000	-112.3604	-123.85	11.48954	1	0.4966457	0.031898	0.0271067	0.0485116	0.268744	0.0109916	0.0170918	0.47079	0.116118	0.463474	0.0967627	0.120348	0.0327677	0.249721	0.817812	2.8997	3	1.671837
327000	-94.48763	-121.0213	26.53365	10	0.2892332	0.0289622	0.0590195	0.0626313	0.0355321	0.113512	0.0207029	0.450379	0.0927596	0.0551791	0.262057	0.361892	0.00446266	0.0961499	0.57727	3.32212	5	1.542626
328000	-93.22195	-125.2488	32.02687	10	0.1542327	0.0459228	0.00172521	0.000880405	0.0865993	0.0790498	0.0649039	0.163782	0.0472674	0.107473	0.0331883	0.0413065	6.83592e-05	0.0122069	0.254553	3.73317	5	0.6720984
329000	-91.61578	-125.4575	33.84174	10	0.004827324	0.00105023	0.0271892	0.0750591	0.0274258	0.034349	0.0392892	0.0640717	0.0318842	0.00614804	0.136903	0.164028	1.0709e-125	4.90206e-63	2.21053e-26	4	5	0.6073981
330000	-96.44459	-123.1645	26.71992	10	0.1215117	0.0362599	0.00543176	0.0979711	0.0309281	0.00549007	0.0248411	0.3702	0.116076	0.268535	0.166805	0.15167	6.10652e-06	0.00366349	0.155434	3.8409	5	1.274209
331000	-100.7054	-127.5441	26.83867	10	0.6009596	0.00292366	0.00869771	0.0335354	0.0229809	0.0610437	0.128571	0.203399	0.266476	0.281823	0.0707058	0.129325	0.053306	0.312805	0.881808	2.75208	5	1.20948
332000	-91.80898	-121.7388	29.92982	10	1.23291	0.0112726	0.0338222	0.0648431	0.0168632	0.03098	0.0456808	0.217312	0.297943	0.0794289	0.0359886	0.202174	0.180966	0.537085	1.02995	2.252	5	1.036308
333000	-93.49269	-127.0111	33.51844	10	0.1592003	0.039608	0.0129761	0.0408744	0.0962665	0.170092	0.0729133	0.0523412	0.0340192	0.260812	0.151412	0.000426739	9.04237e-05	0.0140293	0.269369	3.71651	5	0.9317416
334000	-97.50519	-125.2603	27.75508	10	0.04106452	0.0161742	0.0330138	0.0212879	0.138642	0.00306127	0.0363666	0.413254	0.0275156	0.447013	0.133894	0.160122	1.21592e-15	5.20708e-08	0.00151685	3.99848	5	1.430344
335000	-86.41804	-123.5412	37.12318	10	0.08789162	0.0226847	0.00404848	0.0103118	0.0201436	0.00131186	0.0254089	0.132395	0.0813184	0.145755	0.144466	0.0477524	7.81323e-08	0.000415757	0.0631571	3.93643	5	0.6355959
336000	-94.77227	-128.3115	33.53922	10	0.2589639	0.0326231	0.00830377	0.000546859	0.0142206	0.0251769	0.0357521	0.388495	0.0448754	0.0764924	0.0781419	0.190356	0.00255611	0.0732356	0.520012	3.4042	5	0.8949837
337000	-95.39342	-124.1025	28.70908	10	0.6616948	0.133144	0.0880663	0.0104032	0.0142431	0.0996644	0.0404849	0.296062	0.379094	0.0704484	0.151946	0.0199913	0.0660327	0.344882	0.909802	2.67928	5	1.303547
338000	-93.49182	-122.6688	29.17699	10	0.07800131	0.042964	0.0235192	0.0105918	0.000283754	0.0486448	0.0758687	0.205103	0.160142	0.242634	0.0819631	0.0779125	1.05917e-08	0.000153207	0.0417332	3.95811	5	0.969626
339000	-84.94158	-120.8529	35.91136	10	0.1826213	0.0300554	0.0125853	0.000614592	0.0369579	0.055933	0.012495	0.0421053	0.0755238	0.123576	0.0562803	0.0925511	0.000275312	0.0243896	0.336806	3.63853	5	0.5386774
340000	-86.84214	-119.9704	33.12825	10	0.1466727	0.008296	0.0178961	0.0179427	0.038464	0.0275687	0.00428588	0.0932712	0.0852639	0.0300401	0.0475378	0.247583	4.3061e-05	0.00969847	0.231768	3.75849	5	0.6181498
341000	-90.02378	-125.5288	35.50498	10	0.0607347	0.0836343	0.0067734	0.0327076	0.0278156	0.0180433	0.0475183	0.261712	0.00337018	0.0604931	0.131367	0.153038	6.78954e-11	1.22841e-05	0.0146391	3.98535	5	0.8264731
342000	-106.4993	-123.6928	17.19352	2	1.54002	0.163477	0.0103377	0.00951209	0.117527	0.0643334	0.0285933	0.253425	0.124972	0.251668	0.121466	0.0303298	0.231439	0.595085	1.05269	2.12079	4	1.175642
343000	-102.7786	-122.8129	20.03426	2	0.4534761	0.11052	0.0107944	0.0756473	0.153935	0.0287667	0.0537222	0.177702	0.114102	0.160122	0.194652	0.0429743	0.025124	0.220463	0.783225	2.97119	4	1.122938
344000	-98.70463	-123.5435	24.83891	10	0.6530968	0.0452927	0.0939513	0.0545127	0.065575	0.10176	0.0397873	0.182671	0.0130223	0.241091	0.0675536	0.576598	0.0642122	0.340533	0.906165	2.68909	5	1.481815
345000	-101.2608	-123.3407	22.07985	2	0.5187161	0.0622242	0.0122298	0.00600968	0.0398145	0.0214583	0.00655991	0.251476	0.0101019	0.0632753	0.075061	0.132587	0.0369069	0.263959	0.833423	2.86571	4	0.6807969
346000	-92.98762	-121.7792	28.7916	10	0.4864632	0.0828736	0.0317892	0.0975654	0.021914	0.0418307	0.0431018	0.392068	0.00848124	0.191063	0.286808	0.112374	0.030907	0.242987	0.810163	2.91594	5	1.309868
347000	-96.04699	-123.0752	27.02819	10	2.188312	0.0747531	0.0075695	0.00974765	0.0545737	0.15232	0.0468296	0.180594	0.236122	0.0927121	0.196533	0.166291	0.314763	0.673652	1.07406	1.93753	5	1.218045
348000	-91.43176	-122.4215	30.98975	10	0.2690559	0.0175091	0.0124023	0.070472	0.0961012	0.0359002	0.0427251	0.208042	0.169048	0.204414	0.0798598	0.09331	0.00312125	0.0807565	0.539987	3.37614	5	1.029784
349000	-101.4853	-121.2886	19.80333	10	1.646324	0.106947	0.0102151	0.0348819	0.149371	0.153013	0.0136279	0.012967	0.0506715	0.264655	0.69039	0.570571	0.247067	0.611229	1.05797	2.08373	5	2.057311
350000	-101.4764	-122.4675	20.99101	10	0.9150462	0.0463234	0.0157741	0.0449194	0.00303478	0.113391	0.00461469	0.183351	0.857614	0.0684753	0.351663	0.0807586	0.119707	0.449638	0.984362	2.44629	5	1.769919
351000	-93.10899	-123.2814	30.17243	10	0.6585117	0.14531	0.0210426	0.00717747	0.0193153	0.099171	0.077578	0.260363	0.192678	0.182491	0.0549651	0.207563	0.0653582	0.343279	0.908467	2.6829	5	1.267655
352000	-96.39018	-122.192	25.80177	10	0.5810546	0.0213098	0.108272	0.0434761	0.0309598	0.0291307	0.0227322	0.34658	0.0692898	0.4051	0.331893	0.0436192	0.0492255	0.301576	0.871337	2.77786	5	1.452362
353000	-95.29732	-120.8612	25.56385	10	1.126187	0.0920247	0.0245822	0.0857058	0.0600425	0.107295	0.0114234	0.337266	0.122125	0.0631298	0.417826	0.250102	0.161422	0.511651	1.01812	2.3088	5	1.571523
354000	-94.43567	-123.4235	28.9878	10	1.810503	0.0501266	0.0344645	0.111688	0.10926	0.033071	0.013041	0.161716	0.062785	0.179599	0.205618	0.0752694	0.269555	0.633221	1.06443	2.03279	5	1.036639
355000	-96.87686	-119.7572	22.88033	10	1.944416	0.113138	0.0120387	0.0939716	0.022317	0.0317335	0.0351171	0.500701	0.132419	0.370756	0.014606	0.0895663	0.286548	0.64897	1.06853	1.99595	5	1.416364
356000	-106.3824	-122.7544	16.37203	2	0.831388	0.0493654	0.0499788	0.0677103	0.0241475	0.0468305	0.0188487	0.17715	0.254328	0.543376	0.0551554	0.156688	0.102218	0.419471	0.965287	2.51302	4	1.443579
357000	-96.48873	-124.9992	28.51051	10	0.7548006	0.00501469	0.016269	0.0901522	0.127187	0.0134963	0.0209226	0.456111	0.0661018	0.301869	0.229562	0.0985216	0.0859116	0.388279	0.943598	2.58221	5	1.425207
358000	-106.2364	-124.1707	17.93426	10	2.023612	0.146154	0.000116388	0.0293369	0.234047	0.080566	0.0921166	0.320902	0.440188	0.0543769	0.293612	0.195733	0.296077	0.657501	1.07057	1.97585	5	1.887149
359000	-88.84569	-121.9978	33.15215	10	0.02090052	0.0140847	0.0251021	0.0446573	0.0622527	0.0551533	0.00508951	0.111413	0.0108791	0.0114197	0.00988622	0.311876	8.74479e-30	4.42352e-15	1.76631e-06	4	5	0.6618137
360000	-89.81985	-120.5298	30.70992	10	0.8054286	0.074864	0.0204788	0.0502936	0.0132439	0.02447	0.168656	0.25249	0.206459	0.110308	0.0508199	0.311135	0.0967134	0.40931	0.958448	2.53553	5	1.283218
361000	-86.73741	-119.9764	33.23899	10	0.05298687	0.0224608	0.0148065	0.030625	0.0112859	0.0195236	0.0158619	0.102849	0.187538	0.101324	0.0913188	0.013903	2.41498e-12	2.31826e-06	0.00732756	3.99267	5	0.6114959
362000	-113.0157	-125.6127	12.59703	2	1.194006	0.0983156	0.0427701	0.00335606	0.169743	0.0769022	0.033805	0.0291757	0.18569	0.254134	0.240364	0.534551	0.173965	0.528196	1.02595	2.27189	4	1.668807
363000	-90.42641	-123.7437	33.31727	10	0.3608891	0.0518676	0.00954668	0.0608355	0.055814	0.0337585	0.00269454	0.0960112	0.186367	0.0448066	0.0223344	0.165054	0.0114998	0.151998	0.685236	3.15127	5	0.7290908
364000	-97.94126	-126.9895	29.04827	10	0.1379985	0.0196002	0.000326956	0.0371665	0.259474	0.108713	0.0276125	0.16132	0.300105	0.018643	0.0727336	0.172102	2.38034e-05	0.00721891	0.205402	3.78736	5	1.177798
365000	-90.48355	-120.2481	29.76455	10	0.6516381	0.038757	0.00684477	0.0884564	0.00272223	0.0307752	0.0359851	0.222782	0.117059	0.0396991	0.17819	0.0666864	0.0639038	0.339789	0.905538	2.69077	5	0.8279574
366000	-92.31063	-123.4331	31.1225	10	1.43364	0.0347717	0.042644	0.0361045	0.126868	0.0223365	0.0388062	0.194652	0.0331441	0.0118555	0.140032	0.248064	0.214887	0.577125	1.04627	2.16171	5	0.9292781
367000	-91.26345	-120.8796	29.6162	10	0.7303326	0.0300698	0.0134039	0.0536701	0.0597053	0.0189218	0.0415228	0.259995	0.121012	0.377786	0.108872	0.0246027	0.0806755	0.377497	0.93561	2.60622	5	1.109562
368000	-85.81855	-121.7947	35.9762	10	1.022876	0.025323	0.0130301	0.02904	0.0261469	0.0211613	0.00599586	0.127289	0.11113	0.159234	0.0574003	0.201609	0.141495	0.483521	1.00369	2.37129	5	0.7773601
369000	-94.05004	-122.0386	27.9886	10	0.7343902	0.0489582	0.0170431	0.0505662	0.123899	0.0445399	0.0264063	0.340805	0.165624	0.219345	0.0704209	0.334003	0.0815439	0.379314	0.936975	2.60217	5	1.441611
370000	-110.2561	-121.1435	10.88746	2	0.7594498	0.144241	0.0182874	0.101268	0.0521294	0.0276964	0.0723239	0.429148	0.278898	0.517538	0.178511	0.156786	0.0869059	0.390281	0.945053	2.57776	4	1.976827
371000	-99.99739	-121.4255	21.42815	10	0.3967991	0.081991	0.0181665	0.153289	0.027024	0.0333731	0.0991076	0.67592	0.366758	0.329354	0.103403	0.0322803	0.0162553	0.179361	0.727794	3.07659	5	1.920667
372000	-93.54388	-122.0445	28.50066	10	0.6255437	0.0348065	0.0362775	0.0146217	0.00053771	0.0625152	0.0401945	0.19626	0.26393	0.174323	0.171365	0.343574	0.0584155	0.326176	0.893811	2.7216	5	1.338405
373000	-104.8378	-131.7746	26.93676	10	0.09105638	0.0116145	0.0575945	0.277353	0.0304002	0.0023003	0.230336	0.453108	0.0271152	0.125724	0.100303	0.109637	1.3511e-07	0.000546571	0.0707465	3.92871	5	1.425485
374000	-101.1774	-126.7715	25.59408	10	2.438534	0.0792908	0.00574035	0.047586	0.143342	0.0492123	0.196319	0.24668	0.0932681	0.0845447	0.126859	0.0554793	0.340551	0.694788	1.07789	1.88677	5	1.128322
375000	-106.3913	-125.31	18.91867	2	1.667922	0.110871	0.00529549	0.026671	0.134994	0.0357387	0.0321264	0.204847	0.115657	0.148857	0.12956	0.0182368	0.250137	0.614314	1.05893	2.07662	4	0.9628541
376000	-94.49479	-126.2623	31.76753	10	0.2271813	0.0413116	0.00349808	0.0760713	0.136557	0.0876376	0.0550241	0.306189	0.0613846	0.117362	0.0116206	0.27338	0.00121314	0.05078	0.450834	3.49717	5	1.170036
377000	-95.2237	-126.8561	31.63245	10	0.3666913	0.10997	0.00461465	0.0478893	0.138663	0.0561531	0.0068275	0.186606	0.0622808	0.00570378	0.256081	0.0873608	0.0122169	0.156473	0.692566	3.13874	5	0.9621502
378000	-102.714	-124.9191	22.20512	10	6.035314	0.0823328	0.0330623	0.0278244	0.0432433	0.220573	0.0993699	0.445534	0.139621	0.0179147	0.0819212	0.196759	0.540119	0.825186	1.08118	1.55352	5	1.388157
379000	-102.9886	-127.4811	24.4925	10	0.1610612	0.0919462	0.0285006	0.134304	0.0150125	0.0571887	0.000872558	0.251179	0.130959	0.164435	0.327735	0.0547526	9.99673e-05	0.014747	0.27488	3.71027	5	1.256885
380000	-96.75168	-126.1333	29.38167	10	0.2859202	0.111372	0.00242576	0.0629728	0.0282414	0.0387199	0.0591273	0.210025	0.165728	0.00630536	0.0558979	0.110905	0.00422284	0.0935969	0.571382	3.3308	5	0.851719
381000	-93.99255	-121.6316	27.63907	10	0.7819785	0.0530561	0.0444825	0.0221153	0.00634785	0.175735	0.00186813	0.304925	0.111652	0.145519	0.302563	0.100443	0.0917185	0.399776	0.951833	2.55667	5	1.268708
382000	-94.03333	-124.6626	30.62923	10	0.1740711	0.0594386	0.00788801	0.0554591	0.286314	0.0627183	0.0520671	0.35134	0.0397024	0.0409228	0.403237	0.0167138	0.000189853	0.020282	0.312709	3.66682	5	1.375801
383000	-106.1149	-125.9105	19.79565	10	2.265035	0.0611872	0.290669	0.0278977	0.0442362	0.0236927	0.187057	0.338355	0.110632	0.12084	0.16218	0.353785	0.322984	0.68053	1.0754	1.92109	5	1.720532
384000	-93.91983	-127.3548	33.43498	10	0.1640828	0.0190871	0.0046514	0.030125	0.0526533	0.0590925	0.0368692	0.264696	0.111685	0.0849526	0.128885	0.0110056	0.000117085	0.0159525	0.283779	3.70015	5	0.8037022
385000	-94.11359	-126.1436	32.03002	10	0.207386	0.0747223	0.0257781	0.010587	0.0311206	0.00554856	0.0254365	0.146784	0.0809102	0.0157109	0.0441355	0.07803	0.000679271	0.0381422	0.402658	3.55852	5	0.5387641
386000	-94.03483	-122.0474	28.01261	10	0.4096589	0.0700803	0.0085847	0.0287535	0.0270243	0.0587848	0.0288149	0.192522	0.0552883	0.182369	0.00143917	0.247336	0.0181322	0.188934	0.741525	3.05141	5	0.900997
387000	-92.87262	-122.3182	29.4456	10	2.007377	0.0360513	0.0130011	0.0182225	0.11408	0.0371679	0.024938	0.312566	0.204375	0.149326	0.17024	0.0954022	0.294154	0.655796	1.07017	1.97988	5	1.175369
388000	-100.3408	-126.9789	26.63807	10	0.08274667	0.0674273	0.00753232	0.0139311	0.102834	0.572339	0.117923	0.21899	0.278435	0.0319697	0.198288	0.0367078	2.93276e-08	0.000254834	0.0515475	3.9482	5	1.646377
389000	-89.51191	-120.9588	31.44684	10	0.3428368	0.0344983	0.000433757	0.0262991	0.0530824	0.0136832	0.0447617	0.215617	0.0364852	0.0950618	0.211934	0.0381596	0.00940354	0.137976	0.661205	3.19142	5	0.7700164
390000	-111.3049	-131.9428	20.63783	2	0.5436252	0.0378978	0.00417122	0.316611	0.00275429	0.00057676	0.0154876	0.198636	0.315194	0.0599906	0.0345556	0.179101	0.0417311	0.279445	0.849588	2.82924	4	1.164975
391000	-102.2	-123.1979	20.99783	10	0.7780414	0.163354	0.10729	0.0365581	0.0450859	0.0218032	0.275074	0.418093	0.0538764	0.253401	0.165162	0.385911	0.0908783	0.398141	0.95068	2.5603	5	1.925608
392000	-98.95678	-129.1204	30.16363	10	0.2045473	0.0860403	0.0111717	0.118313	0.113013	0.0653485	0.0473645	0.157034	0.0173992	0.076014	0.0831543	0.0797737	0.000619322	0.0364394	0.395421	3.56752	5	0.8546261
393000	-105.0763	-122.2817	17.20546	2	0.7962264	0.021819	0.0221872	0.0176174	0.00224609	0.0268967	0.119396	0.383178	0.0218455	0.0798884	0.195089	0.232586	0.0947555	0.40561	0.955904	2.54373	4	1.12275
394000	-93.87804	-122.3381	28.46004	10	0.3679591	0.0376922	0.00393368	0.059406	0.0640052	0.0123169	0.0758054	0.219411	0.138147	0.0724501	0.0986802	0.11544	0.0123763	0.157448	0.694143	3.13603	5	0.8972873
395000	-98.63058	-124.4694	25.83881	10	0.522439	0.00810219	0.0202322	0.00288568	0.174201	0.077059	0.158046	0.258798	0.0198727	0.243956	0.392459	0.12207	0.0376183	0.266312	0.835933	2.86014	5	1.477683
396000	-89.07591	-120.6746	31.59865	10	0.1922228	0.0342244	0.00581475	0.0180802	4.0534e-05	0.010807	0.00566272	0.119712	0.167719	0.162311	0.166054	0.119115	0.000401718	0.0294128	0.363057	3.60713	5	0.809542
397000	-86.66415	-118.8286	32.16446	10	0.2488949	0.0458423	0.000183433	0.0165445	0.0131739	0.0220113	0.00671173	0.330937	0.123155	0.0375953	0.0191923	0.283868	0.00206065	0.065893	0.499149	3.4329	5	0.8992153
398000	-92.15947	-122.154	29.99457	10	0.5160316	0.0437234	0.0152811	0.00391804	0.0906559	0.0664997	0.0293888	0.231446	0.128372	0.308165	0.0622257	0.183754	0.0363962	0.262253	0.831592	2.86976	5	1.163429
399000	-99.06038	-123.036	23.97561	10	1.531212	0.0766842	0.082095	0.0752144	0.0599428	0.0941221	0.0964699	0.218394	0.00124782	0.144861	0.544461	0.249778	0.230104	0.593671	1.0522	2.12402	5	1.643271
400000	-102.2549	-121.4895	19.23457	10	1.173373	0.0791395	0.00759518	0.116639	0.0448595	0.0844205	0.130087	0.21538	0.124245	0.652482	0.111792	0.111821	0.170195	0.523309	1.02369	2.28281	5	1.67846
401000	-113.5705	-121.8831	8.312658	1	3.056615	0.0975956	0.0619547	0.0935857	0.00689037	0.0396085	0.0565741	0.465287	0.105562	0.223921	0.546565	0.0359835	0.393595	0.734615	1.08278	1.78901	3	1.733529
402000	-87.53212	-121.8561	34.32395	10	0.1255811	0.0100035	0.00365858	0.0583377	0.0502866	0.0294145	0.033218	0.176299	0.0480513	0.116796	0.0762393	0.148516	8.83235e-06	0.0044039	0.167673	3.82791	5	0.7508198
403000	-106.1434	-123.8807	17.73729	2	0.6223273	0.0249514	0.0493094	0.0258341	0.055842	0.00666411	0.0812077	0.240974	0.0101821	0.0446517	0.602708	0.148919	0.0577433	0.324458	0.892296	2.7255	4	1.291244
404000	-107.1232	-125.7753	18.65211	2	0.5852156	0.0298612	0.0144455	0.0419143	0.0703227	0.0347	0.0971481	0.28613	0.151695	0.0711241	0.302674	0.185681	0.0500738	0.303954	0.873585	2.77239	4	1.285696
405000	-91.77857	-119.7824	28.0038	10	0.8951247	0.0329979	0.0203799	0.0102232	0.0139714	0.0569177	0.095453	0.2533	0.0736194	0.149624	0.0769768	0.303846	0.115583	0.442789	0.980189	2.46144	5	1.087309
406000	-96.99539	-120.9883	23.9929	10	0.3347679	0.169604	0.0181801	0.00497285	0.0900586	0.00546972	0.0333421	0.322378	0.309879	0.0594427	0.463645	0.276644	0.00853466	0.131674	0.649827	3.20996	5	1.753615
407000	-86.98456	-120.3449	33.36033	10	0.1096338	0.00905214	0.0150654	0.0123549	0.0166841	0.0178231	0.0371379	0.576026	0.00323003	0.165754	0.0482282	0.0622606	1.77744e-06	0.00197897	0.120545	3.87747	5	0.9636161
408000	-89.24439	-123.9209	34.67656	10	0.1612015	0.0544708	0.0260543	0.00156886	0.0843381	0.0803425	0.00624174	0.0526762	0.0183775	0.121386	0.120833	0.0450547	0.000100717	0.0148019	0.275294	3.7098	5	0.6113434
409000	-94.11256	-121.2781	27.16554	10	1.132084	0.047692	0.091996	0.0302105	0.0278512	0.0350367	0.0414444	0.454975	0.110806	0.146035	0.465929	0.0508064	0.16253	0.513146	1.01885	2.30547	5	1.502783
410000	-102.382	-121.3566	18.97462	2	0.5313563	0.0647926	0.0165627	0.00493069	0.00396991	0.0100353	0.0846879	0.402731	0.0155457	0.368306	0.260432	0.0820904	0.0393364	0.271894	0.841808	2.84696	4	1.314084
411000	-90.28734	-124.1262	33.83882	10	0.2734941	0.0401701	0.0161275	0.0506377	0.110275	0.0612246	0.00430567	0.0611234	0.142053	0.0830798	0.0630239	0.0872363	0.00339194	0.0841067	0.548485	3.36402	5	0.7192575
412000	-97.51768	-130.7472	33.22955	10	0.08196611	0.0214159	0.0445733	0.00192896	0.0206962	0.0222642	0.111379	0.0753423	0.0359702	0.0690667	0.079823	0.176399	2.5006e-08	0.000235326	0.0498714	3.94989	5	0.6588587
413000	-98.88668	-123.2092	24.32251	10	1.905256	0.0995395	0.0317779	0.0324482	0.257777	0.256199	0.00665085	0.0590797	0.0658468	0.197809	0.233265	0.413585	0.281697	0.644545	1.06743	2.00633	5	1.653977
414000	-106.2009	-127.5759	21.37492	2	0.1224744	0.0103369	0.0161905	0.0334104	0.0254356	0.0230087	0.0312635	0.17621	0.00536185	0.0411135	0.239659	0.421635	6.67843e-06	0.00383079	0.15832	3.83784	4	1.023625
415000	-93.54512	-124.1192	30.57413	10	0.0444593	0.0121877	0.020674	0.0213451	0.07683	0.0343941	0.0571976	0.313778	0.0634078	0.0103877	0.388442	0.00202505	1.60011e-14	1.88839e-07	0.00258864	3.99741	5	1.00067
416000	-90.22919	-123.7566	33.52738	10	0.2436873	0.0368041	0.0499312	0.0188701	0.0454282	0.0720375	0.10034	0.01241	0.142745	0.27245	0.0414498	0.198085	0.00183049	0.0621705	0.487983	3.44802	5	0.990551
417000	-94.36624	-121.6403	27.27409	10	2.695258	0.0570394	0.00135739	0.0653237	0.0626215	0.00891916	0.0366448	0.346195	0.0904652	0.303307	0.330239	0.0256936	0.36422	0.713125	1.08053	1.84212	5	1.327805
418000	-105.8502	-128.2502	22.40004	10	1.480184	0.152952	0.0019486	0.0439587	0.164002	0.078557	0.107578	0.0921818	0.582066	0.0275076	0.157731	0.18316	0.222245	0.585224	1.04924	2.14329	5	1.591642
419000	-86.99825	-124.5842	37.58598	10	0.1238611	0.0276346	0.0126711	0.0374809	0.0788535	0.0159245	0.00968812	0.0697601	0.111852	0.0228022	0.089229	0.0670846	7.57907e-06	0.0040803	0.162488	3.83342	5	0.5429802
420000	-86.95032	-122.1308	35.18048	10	0.3605565	0.118764	0.00625641	0.0628016	0.077839	0.021244	0.0034726	0.229066	0.0365352	0.115419	0.0103288	0.269673	0.0114593	0.15174	0.684811	3.15199	5	0.9514003
421000	-89.59911	-123.0383	33.4392	10	0.1860988	0.0602879	0.00242295	0.030828	0.105759	0.0249992	0.0219915	0.14377	0.0446533	0.0564536	0.0305141	0.402502	0.000317117	0.0261604	0.346416	3.62711	5	0.9241809
422000	-94.31686	-123.1903	28.87343	10	0.4476896	0.0528633	0.0175825	0.00256241	0.1862	0.0688697	0.0331157	0.225978	0.132865	0.0849501	0.130194	0.193005	0.0241523	0.216402	0.77813	2.98132	5	1.128186
423000	-88.75124	-122.5418	33.79057	10	0.3127675	0.0626671	0.0513358	0.0550539	0.0321075	0.0323654	0.0193183	0.167505	0.122289	0.0142254	0.131845	0.147837	0.006388	0.114457	0.616634	3.26252	5	0.8365491
424000	-95.59415	-122.0582	26.46403	10	0.4640727	0.0315861	0.0197396	0.0197242	0.18322	0.0825694	0.0151596	0.33484	0.117901	0.217117	0.154351	0.143411	0.0269381	0.227816	0.792258	2.95299	5	1.319619
425000	-98.30623	-127.9636	29.65737	10	0.4713746	0.0638921	0.0353466	0.0193806	0.113618	0.204655	0.0969602	0.0579611	0.0767991	0.168184	0.0933499	0.0836472	0.0282129	0.232818	0.798268	2.9407	5	1.013795
426000	-92.72987	-120.7379	28.00801	10	1.291982	0.015421	0.0247271	0.0195514	0.0622679	0.0585131	0.0164453	0.271467	0.0813761	0.0344117	0.23462	0.381851	0.191328	0.549824	1.03545	2.2234	5	1.200652
427000	-102.2085	-125.5212	23.31277	2	0.1826075	0.0535606	0.000412578	0.0246506	0.181559	0.0253627	0.0392105	0.156836	0.00543043	0.275925	0.0027634	0.0632543	0.000275155	0.0243827	0.336768	3.63857	4	0.8289649
428000	-113.0843	-128.1893	15.105	2	4.244881	0.0893643	0.00498979	0.0652688	0.00809581	0.139861	0.0394451	0.362455	0.169342	0.0192147	0.00400838	0.178217	0.467329	0.783273	1.08429	1.66511	4	1.080262
429000	-102.6799	-122.1778	19.49793	10	3.815557	0.0870164	0.0762148	0.00520399	0.10699	0.156084	0.0924444	0.771725	0.169896	0.102393	0.0546079	0.232739	0.443934	0.768579	1.08438	1.7031	5	1.855315
430000	-96.12047	-122.9489	26.82844	10	0.5678992	0.061827	0.0239875	0.198029	0.0501634	0.110596	0.0471148	0.447697	0.19014	0.113428	0.271496	0.0211737	0.0465622	0.293951	0.864015	2.79547	5	1.535652
431000	-101.8655	-123.9623	22.09678	10	2.465182	0.20073	0.141269	0.0258967	0.0155117	0.125266	0.0285033	0.385288	0.566638	0.0600519	0.0135192	0.215195	0.343131	0.696834	1.07822	1.88181	5	1.777868
432000	-90.30079	-124.6443	34.34356	10	0.8438458	0.00862005	0.00694346	0.0345667	0.019056	0.0932022	0.0601988	0.206351	0.221279	0.0308637	0.111107	0.0475868	0.104849	0.424205	0.968401	2.50255	5	0.8397735
433000	-88.85269	-122.1231	33.27039	10	0.1786488	0.0393064	0.0578648	0.0249537	0.0398673	0.062234	0.0637025	0.0498431	0.0398371	0.214364	0.132853	0.107018	0.000232681	0.0224367	0.325692	3.65164	5	0.8318438
434000	-101.1395	-126.9189	25.7794	10	1.801859	0.0195066	0.0106273	0.0819732	0.0732679	0.11193	0.069021	0.356308	0.0768263	0.0371261	0.0825965	0.608233	0.268418	0.632142	1.06414	2.0353	5	1.527415
435000	-102.5462	-124.5924	22.04622	10	0.6593817	0.0481668	0.105563	0.179861	0.0334224	0.111239	0.0421073	0.295931	0.108977	0.0158049	0.239654	0.197442	0.0655425	0.343718	0.908834	2.68191	5	1.37817
436000	-94.0719	-122.9139	28.84195	10	0.2525207	0.0244061	0.0401574	0.00568675	0.180762	0.118812	0.0482214	0.332515	0.102347	0.224566	0.0583887	0.0591672	0.00223132	0.0685163	0.506771	3.42248	5	1.19503
437000	-95.12722	-122.6167	27.48947	10	0.1579498	0.0521662	0.000362147	0.0468119	0.0686651	0.142379	0.0332003	0.0192475	0.0972047	0.0149507	0.169403	0.799433	8.44156e-05	0.0135577	0.265653	3.7207	5	1.443824
438000	-108.8517	-132.4918	23.64015	10	2.51716	0.0748322	0.0782917	0.04454	0.0680926	0.014706	0.0652965	0.305694	0.0851765	0.159284	0.385165	0.114185	0.348078	0.700725	1.07882	1.87238	5	1.395264
439000	-103.0659	-125.0317	21.96581	10	0.1514957	0.0151264	0.0163004	0.0860874	0.192334	0.0367587	0.00208838	0.239035	0.00596299	0.602011	0.000799206	0.357385	5.81367e-05	0.0112616	0.246333	3.74235	5	1.553889
440000	-95.51978	-122.3735	26.85373	10	0.09681905	0.054993	0.00879089	0.0341657	0.121209	0.0162266	0.0256237	0.284348	0.37428	0.0200274	0.0513134	0.028604	3.34065e-07	0.000858996	0.0853314	3.91381	5	1.019581
441000	-91.20501	-128.9423	37.73725	10	0.2804305	0.0147125	0.0355084	0.0259478	0.192342	0.0378771	0.0432442	0.0734054	0.150207	0.0993799	0.0826261	0.00612433	0.00384244	0.0893862	0.561427	3.34534	5	0.7613746
442000	-97.16733	-124.5154	27.34809	10	0.6166085	0.17364	0.000411372	0.0109657	0.0611899	0.000133271	0.241809	0.267152	0.126244	0.0589454	0.0831522	0.156187	0.0565506	0.321379	0.889561	2.73251	5	1.179829
443000	-100.1651	-121.6127	21.44756	2	1.213015	0.0715996	0.00532909	0.000725094	0.0213391	0.0139347	0.0653183	0.159363	0.130513	0.0241276	0.246642	0.0845876	0.177404	0.532591	1.02795	2.26206	4	0.8234782
444000	-97.32215	-119.8636	22.54149	10	0.6479553	0.045215	0.0392911	0.0538453	0.0821463	0.00221422	0.0659383	0.267125	0.587863	0.207311	0.145797	0.0435511	0.0631259	0.337903	0.903942	2.69503	5	1.540298
445000	-102.477	-122.3177	19.84075	2	0.06301162	0.0162889	0.0084164	0.0111174	0.126958	0.00586008	0.0126752	0.326729	0.0465672	0.0327953	0.0294122	0.314695	1.54838e-10	1.85473e-05	0.0173697	3.98261	4	0.931515
446000	-106.0577	-127.8067	21.74905	1	0.07840324	0.0184698	0.0393238	0.0217696	0.0963896	0.0644183	0.0191447	0.0331327	0.0285555	0.125112	0.222098	0.0192959	1.16013e-08	0.000160337	0.0425287	3.95731	3	0.6877103
447000	-93.74544	-123.0478	29.30238	10	0.216476	0.110929	0.0284135	0.0389619	0.119199	0.0972517	0.000333633	0.329875	0.216306	0.38494	0.00448324	0.0132538	0.00089833	0.0437882	0.425277	3.53004	5	1.343948
448000	-98.20631	-124.0137	25.80743	2	0.1486715	0.0146797	0.046624	0.00134399	0.0785476	0.0233923	0.00126337	0.310084	0.0656299	0.0836881	0.0621089	0.0369119	4.8881e-05	0.0103303	0.237815	3.75181	4	0.7242742
449000	-94.69175	-124.2107	29.51895	10	0.235777	0.0326964	0.0628946	0.00231943	0.0930898	0.148067	0.118004	0.349883	0.0968143	0.294455	0.0690868	0.00474369	0.00151383	0.0566284	0.470516	3.47134	5	1.272054
450000	-89.86425	-121.2163	31.35206	10	0.4074106	0.0544108	0.0075623	0.0244825	0.0101786	0.161721	0.0415155	0.210951	0.184968	0.108599	0.122716	0.0454851	0.0177979	0.18727	0.739177	3.05576	5	0.9725891
451000	-109.9441	-124.3046	14.36053	2	0.196631	0.0971261	0.0545873	0.106885	0.0323513	0.0192386	0.106684	0.0202141	0.215695	0.0251037	0.600841	0.214883	0.00047193	0.0318548	0.374808	3.59287	4	1.49361
452000	-97.84967	-122.1506	24.30098	10	0.6622511	0.0113745	0.0511132	0.0314962	0.138056	0.0176091	0.0765131	0.249603	0.264302	0.157145	0.243036	0.218208	0.0661506	0.345161	0.910034	2.67865	5	1.458455
453000	-102.8941	-121.4516	18.55751	2	0.2187152	0.0348568	0.0221487	0.00421624	0.0197889	0.0510231	0.0138312	0.0117252	0.515151	0.103735	0.379193	0.0499954	0.000958929	0.0452216	0.430719	3.5231	4	1.205666
454000	-101.9872	-122.7452	20.75799	10	1.496166	0.0616494	0.060791	0.0743885	0.226809	0.0936118	0.0430224	0.141906	0.191345	0.00135294	0.669019	0.0614888	0.22473	0.587917	1.0502	2.13716	5	1.625385
455000	-108.4256	-126.8534	18.4278	2	0.1250829	0.115478	0.010852	0.0486261	0.0849082	0.137996	0.0339183	0.479988	0.16426	0.119104	0.106305	0.0139187	8.45309e-06	0.00430856	0.16617	3.82951	4	1.315355
456000	-85.60109	-120.6075	35.00636	10	0.1510497	0.030338	0.0215223	0.0336476	0.00490945	0.0232997	0.0078263	0.0281132	0.109388	0.0263171	0.210506	0.101939	5.65907e-05	0.0111115	0.244991	3.74384	5	0.597806
457000	-87.60615	-122.2868	34.68066	10	0.2297156	0.0135642	0.0377762	0.00925884	0.0632729	0.0257806	0.014452	0.00119259	0.037432	0.0495906	0.160235	0.525374	0.00129722	0.052484	0.456714	3.48951	5	0.9379293
458000	-95.2143	-122.0373	26.82299	10	1.605991	0.0466863	0.0380636	0.0199686	0.0473452	0.0715757	0.0459854	0.194359	0.125203	0.382541	0.218203	0.204469	0.241241	0.605298	1.05608	2.09738	5	1.3944
459000	-93.70162	-121.6341	27.93245	10	0.6192542	0.069832	0.00714519	0.114687	0.0279074	0.0795068	0.131311	0.269193	0.14325	0.215815	0.208768	0.318514	0.0571019	0.322807	0.890833	2.72926	5	1.585929
460000	-93.34596	-121.5795	28.23351	10	0.6801036	0.0543641	0.0213024	0.0221343	0.0943088	0.077783	0.0485144	0.337636	0.316782	0.173359	0.053972	0.303699	0.0699445	0.353989	0.917266	2.6588	5	1.503855
461000	-99.33656	-125.7653	26.42876	10	0.4164587	0.0775423	0.0256264	0.0498927	0.193147	0.0436262	0.0790559	0.208681	0.0730173	0.188708	0.107118	0.066919	0.0191587	0.19394	0.748494	3.03841	5	1.113334
462000	-88.39738	-122.0459	33.64852	10	0.3363926	0.0163846	0.00179762	0.101862	0.0235501	0.0293287	0.00767121	0.245531	0.198654	0.0405359	0.188998	0.0366168	0.00870615	0.132944	0.652151	3.2062	5	0.8909293
463000	-91.15239	-121.9215	30.76913	10	0.1699435	0.0208759	0.0159209	0.0486758	0.0103711	0.0257564	0.0187505	0.409353	0.222369	0.00588982	0.140207	0.0124053	0.000156556	0.0184298	0.30085	3.68056	5	0.930575
464000	-91.31009	-121.99	30.67994	10	0.3372446	0.0718195	0.0167344	0.0800131	0.0354675	0.100687	0.0388172	0.282049	0.0162916	0.0219948	0.271617	0.309499	0.00879678	0.13361	0.653363	3.20423	5	1.244991
465000	-103.9121	-127.4211	23.509	10	1.609978	0.0790124	0.184298	0.0643559	0.0205288	0.0209578	0.0782278	0.219522	0.108067	0.124528	0.0569331	0.399512	0.241823	0.605894	1.05628	2.09601	5	1.355944
466000	-102.2109	-123.9249	21.714	2	0.254947	0.0158309	0.0219384	0.0510565	0.0724985	0.0165562	0.0391415	0.157867	0.119587	0.104597	0.0291676	0.39812	0.00235038	0.0702851	0.511803	3.41556	4	1.02636
467000	-102.3992	-123.8793	21.4801	2	0.2723127	0.0994777	0.00633319	0.0242106	0.00491996	0.000254331	0.0198484	0.322687	0.17936	0.0268471	0.131916	0.0230385	0.00331855	0.0832126	0.54624	3.36723	4	0.8388924
468000	-92.29979	-121.612	29.3122	10	0.2071557	0.0278872	0.00944383	0.00810479	0.193378	0.0359894	0.0224222	0.185609	0.144812	0.0777591	0.115629	0.306137	0.000674263	0.038003	0.402074	3.55925	5	1.12717
469000	-99.80537	-133.0321	33.22673	10	0.1262816	0.0847038	0.00857192	0.0356765	0.100507	0.0696348	0.081433	0.105727	0.12865	0.166552	0.0699532	0.0980499	9.38907e-06	0.00454021	0.16979	3.82566	5	0.9494597
470000	-103.5139	-123.3576	19.84367	2	1.261384	0.032279	0.031808	0.0367179	0.0788116	0.0909637	0.0245803	0.16991	0.397851	0.000114815	0.0658195	0.120813	0.186001	0.543335	1.03269	2.23798	4	1.049669
471000	-91.50795	-121.8263	30.3183	10	0.1922195	0.0254007	0.00647493	0.0443207	0.0198091	0.0622894	0.0403863	0.322925	0.190079	0.0392051	0.281144	0.0643947	0.000401668	0.029411	0.363048	3.60714	5	1.096429
472000	-95.72898	-122.1273	26.39829	10	0.3965283	0.0446232	0.0114977	0.00338731	0.126441	0.023884	0.0197599	0.490103	0.138059	0.196571	0.119804	0.114982	0.0162168	0.179158	0.727496	3.07713	5	1.289113
473000	-110.5306	-123.1802	12.64957	2	1.39373	0.0628964	0.0420594	0.0191495	0.0290207	0.195846	0.0993679	0.297144	0.163329	0.38239	0.275892	0.110368	0.208429	0.569856	1.04352	2.1782	4	1.677463
474000	-99.90871	-125.6896	25.78084	10	0.4768001	0.0980274	0.0862441	0.0311653	0.0346675	0.0229103	0.0699158	0.214166	0.234827	0.162205	0.0543843	0.0980315	0.0291726	0.236501	0.802625	2.9317	5	1.106544
475000	-98.41974	-124.2743	25.85458	10	0.1621455	0.0064116	0.0317213	0.0106272	0.119201	0.0479098	0.0127008	0.786821	0.193149	0.246249	0.312279	0.0879614	0.000105873	0.0151739	0.278081	3.70664	5	1.85503
476000	-92.76001	-121.5364	28.77643	10	0.6314904	0.0673216	0.0426841	0.00696016	0.0279481	0.0191504	0.0264506	0.100895	0.120592	0.0917005	0.119016	0.138949	0.0596611	0.32933	0.896572	2.71444	5	0.761667
477000	-90.67347	-122.8795	32.206	10	0.06725897	0.0106154	0.00978317	0.0424085	0.0270211	0.00576251	0.0318816	0.297364	0.0802446	0.0217956	0.137834	0.0367143	6.20796e-10	3.71245e-05	0.0231688	3.97679	5	0.7014255
478000	-95.28405	-128.9572	33.67312	10	0.00189525	0.0131674	0.0353327	0.0507212	0.172798	0.201061	0.268694	0.00935565	0.182758	0.0254254	0.00231833	0.0323971	1.20576e-318	1.64531e-159	2.01487e-66	4	5	0.9940299
479000	-88.96348	-121.3177	32.35419	10	0.1928392	0.042605	0.0202136	0.00550831	0.065562	0.00025823	0.038411	0.162869	0.0245337	0.141681	0.100863	0.033468	0.000411051	0.0297492	0.364712	3.60513	5	0.6359729
480000	-97.27196	-125.6306	28.35867	10	1.019981	0.0325989	0.0439506	0.0363095	0.143589	0.0191453	0.0799541	0.161775	0.0880655	0.0745957	0.0375421	0.478724	0.140923	0.482676	1.00323	2.37317	5	1.196249
481000	-89.18091	-123.6781	34.49718	10	0.1048579	0.0118118	0.00373241	0.0315253	0.0777317	0.0519449	0.00736359	0.150884	0.0306864	0.161997	0.0486005	0.177064	1e-06	0.00148507	0.107047	3.89147	5	0.7533417
482000	-104.7745	-125.0827	20.30817	2	0.8740633	0.0853241	0.00254525	0.0676782	0.0195228	0.0664862	0.124981	0.134253	0.250553	0.138047	0.0108909	0.142057	0.111194	0.435328	0.975539	2.47794	4	1.042339
483000	-97.90292	-123.0736	25.17064	10	0.5491556	0.0256479	0.0645349	0.0644212	0.145469	0.137509	0.0513433	0.379643	0.480758	0.00260199	0.152177	0.0106545	0.0428214	0.2828	0.852984	2.82139	5	1.514759
484000	-98.29055	-124.0373	25.74679	10	0.7753359	0.046287	0.0785759	0.0124685	0.0675449	0.000116298	0.0628994	0.379936	0.229749	0.118968	0.0920547	0.202168	0.0903007	0.397011	0.949879	2.56281	5	1.290769
485000	-103.8028	-121.7326	17.92978	2	1.877278	0.121573	0.00752419	0.0205824	0.0131039	0.108588	0.011325	0.201708	0.319006	0.145306	0.0237486	0.247195	0.278172	0.641295	1.06659	2.01394	4	1.21966
486000	-91.88872	-122.189	30.30026	10	0.2526177	0.0117943	0.0228978	0.0276331	0.0320012	0.0452	0.00511242	0.145572	0.0522214	0.183645	0.43285	0.0160988	0.00223601	0.0685868	0.506974	3.4222	5	0.9750261
487000	-101.9313	-124.4189	22.48761	2	1.589457	0.00307704	0.0318307	0.00256377	0.00988863	0.0204769	0.0337479	0.153893	0.0585487	0.0362442	0.228688	0.22198	0.238817	0.6028	1.05527	2.10311	4	0.8009387
488000	-95.42272	-121.918	26.49525	10	0.2623004	0.0334218	0.063319	0.0366901	0.0294188	0.028413	0.0508094	0.20547	0.245408	0.258827	0.0717997	0.0510978	0.00273527	0.0757059	0.526718	3.39484	5	1.074674
489000	-103.9468	-121.3455	17.3987	1	0.7514864	0.048685	0.00757775	0.0101008	0.0230416	0.0452435	0.0525275	0.236652	0.358404	0.0839001	0.120553	0.0687524	0.0852026	0.386843	0.942549	2.5854	3	1.055438
490000	-104.2019	-124.4014	20.19951	10	2.948645	0.147693	0.063336	0.112488	0.0794081	0.153158	0.196448	0.0437192	0.179416	0.0331498	0.250584	0.533809	0.38525	0.728644	1.08225	1.80386	5	1.793209
491000	-101.1462	-126.048	24.90187	10	0.48706	0.19551	0.083393	0.149261	0.112848	0.0937341	0.0802907	0.0443375	0.225642	0.287441	0.387529	0.00971271	0.0310152	0.243384	0.81062	2.91498	5	1.669699
492000	-107.5229	-121.9041	14.38124	10	2.108204	0.186976	0.155962	0.112854	0.0192549	0.0032398	0.00437755	0.440203	0.2486	0.0738921	0.693536	0.38267	0.305858	0.666048	1.07248	1.95562	5	2.321564
493000	-95.60065	-125.3673	29.76662	10	0.7603986	0.12982	0.023306	0.114843	0.0524228	0.0335915	0.0575598	0.206032	0.0841073	0.0806247	0.0134955	0.244413	0.0871088	0.390688	0.945347	2.57686	5	1.040216
494000	-92.14552	-122.2538	30.1083	10	0.2107073	0.0149537	0.0412046	0.0271454	0.0234117	0.0126698	0.0804876	0.21749	0.216682	0.0190912	0.0218014	0.313779	0.000754424	0.0401719	0.411021	3.54805	5	0.9887164
495000	-86.74246	-119.0579	32.31546	10	0.2947151	0.0456081	0.0432978	0.014934	0.00530126	0.0343787	0.018649	0.177601	0.277573	0.291271	0.146982	0.127774	0.00487642	0.100391	0.58682	3.30791	5	1.18337
496000	-103.1822	-122.6469	19.4647	2	0.4902	0.0640393	0.0405688	0.0629282	0.00412295	0.00274562	0.03669	0.201318	0.0867041	0.191293	0.0555965	0.400439	0.031586	0.24547	0.813005	2.90994	4	1.146445
497000	-105.8442	-122.431	16.58686	2	0.243732	0.0437003	0.0316901	0.0548589	0.110736	0.103228	0.0243872	0.37475	0.278237	0.0536195	0.0408121	0.383373	0.00183239	0.0622021	0.48808	3.44789	4	1.499392
498000	-102.0983	-125.0861	22.98777	10	0.5665667	0.111001	0.0317531	0.0595094	0.128543	0.173095	0.0198977	0.219139	0.100509	0.243066	0.00019861	0.116095	0.0462941	0.293169	0.863254	2.79728	5	1.202806
499000	-99.46865	-121.9365	22.46789	10	3.500958	0.0690659	0.0298044	0.00962883	0.314467	0.0851093	0.0435644	0.297504	0.374661	0.137432	0.0933637	0.0837665	0.424652	0.755967	1.08408	1.7353	5	1.538367
500000	-91.61943	-121.2898	29.67037	10	0.3724529	0.105777	0.0138119	0.0686629	0.00283762	3.79157e-05	0.015247	0.280682	0.147281	0.236426	0.0676987	0.0938398	0.0129491	0.160899	0.699664	3.12649	5	1.032301
501000	-97.62803	-127.0578	29.42973	10	0.4014878	0.0929763	0.0162007	0.153305	0.0330204	0.0245091	0.116251	0.177095	0.0563821	0.275435	0.211312	0.0856693	0.0169296	0.182867	0.732886	3.06732	5	1.242156
502000	-92.96306	-124.6956	31.73257	10	0.3666824	0.0317894	0.0284052	0.0730077	0.0303995	0.0302863	0.0381524	0.372672	0.12093	0.0859483	0.237995	0.011482	0.0122158	0.156466	0.692555	3.13876	5	1.061067
503000	-103.1622	-126.8069	23.64463	2	0.1045983	0.0482923	0.0100858	0.0333286	0.0481986	0.0128709	0.111969	0.116668	0.0922803	0.143511	0.00548615	0.140451	9.67769e-07	0.00146098	0.106325	3.89221	4	0.7631426
504000	-102.365	-130.37	28.00501	10	1.418332	0.0272443	0.0945566	0.119595	0.0615053	0.0688554	0.166094	0.49443	0.239235	0.0916815	0.160346	0.0584965	0.212426	0.574373	1.04524	2.16796	5	1.58204
505000	-104.5982	-125.7214	21.12315	1	0.1364092	0.0173417	0.00605047	0.0224512	0.102048	0.0076394	0.0185954	0.19755	0.0196442	0.218214	0.0331727	0.101793	2.11793e-05	0.00681075	0.200561	3.79261	3	0.7445
506000	-96.16367	-121.1923	25.02864	2	0.2629502	0.0432874	0.0130633	0.0522015	0.0208633	0.0244141	0.0324919	0.200945	0.053055	0.274459	0.0155945	0.0772957	0.00277104	0.0761889	0.528012	3.39303	4	0.807671
507000	-82.55451	-119.0481	36.49358	10	0.134566	0.0204614	0.0177995	0.0110185	0.0136867	0.0320241	0.0118944	0.0671501	0.0913079	0.10205	0.298088	0.0203613	1.84323e-05	0.00635517	0.194946	3.79868	5	0.6858422
508000	-91.90944	-120.9467	29.03725	10	0.5114382	0.00979364	0.0416628	0.000681726	0.0171027	0.011072	0.043103	0.0909284	0.280234	0.106326	0.0676811	0.434799	0.0355269	0.259317	0.828416	2.87674	5	1.103384
509000	-102.241	-123.4037	21.16264	2	0.07723287	0.028352	0.00984398	0.0610702	0.000677641	0.0505248	0.00816876	0.146699	0.0151449	0.352157	0.310058	0.254	8.87612e-09	0.00014026	0.0402313	3.95963	4	1.236697
510000	-104.7574	-122.2098	17.45236	1	0.2463835	0.0291331	0.0343339	0.0448714	0.0479218	0.0498305	0.00160825	0.0187732	0.190028	0.18419	0.49122	0.00867114	0.00194747	0.0640909	0.493797	3.44017	3	1.100581
511000	-95.12473	-125.4686	30.34383	10	0.2231197	0.120879	0.0306433	0.0804629	0.0164519	0.0502845	0.0466814	0.23965	0.0525329	0.392993	0.0924946	0.0674742	0.00108614	0.0480868	0.441275	3.50955	5	1.190547
512000	-94.68913	-126.7278	32.03866	10	0.1015281	0.0336926	0.0313132	0.0359428	0.133286	0.19114	0.0668156	0.123341	0.250667	0.0123957	0.0406715	0.0129492	6.4852e-07	0.00119632	0.0978821	3.90092	5	0.9322145
513000	-96.96729	-122.0495	25.08218	10	2.287877	0.0664009	0.0174538	0.00687172	0.133654	0.00749109	0.00971654	0.225302	0.0822094	0.141262	0.464433	0.123377	0.325376	0.682506	1.07577	1.91635	5	1.278171
514000	-124.3569	-130.8035	6.446576	1	1.351129	0.148327	0.0201437	0.0347363	0.212085	0.139658	0.188828	0.26666	0.170734	0.444149	0.0709353	0.394429	0.201382	0.561743	1.04034	2.19654	3	2.090685
515000	-98.79558	-127.3274	28.53178	10	0.6280495	0.00272102	0.0127578	0.0573618	0.0415884	0.0195552	0.073052	0.120492	0.0768616	0.0630773	0.0110264	0.244444	0.05894	0.327509	0.894981	2.71857	5	0.722937
516000	-106.1829	-125.4665	19.2836	2	0.2837486	0.0491343	0.0756933	0.139527	0.008219	0.00238184	0.0584282	0.208327	0.0563018	0.26035	0.184646	0.152378	0.00406984	0.0919282	0.567474	3.33653	4	1.195387
517000	-109.9133	-128.8395	18.9262	10	0.2327195	0.0788676	0.0368708	0.138478	0.513298	0.0854522	0.0268777	0.469425	0.27325	0.0524362	0.0566942	0.164246	0.00140181	0.0545261	0.4636	3.48047	5	1.895895
518000	-89.13973	-123.1747	34.03497	10	0.6921494	0.0359479	0.0541604	0.0429826	0.0593274	0.0358623	0.0468837	0.224161	0.134566	0.136527	0.0748722	0.165716	0.0725122	0.359802	0.921924	2.64576	5	1.011007
519000	-88.70077	-119.5577	30.85689	10	0.549107	0.0681974	0.0125125	0.0683673	0.0806146	0.024112	0.0946276	0.289367	0.313588	0.0377795	0.181094	0.11255	0.0428118	0.282771	0.852955	2.82146	5	1.28281
520000	-87.165	-121.4476	34.28264	10	0.5054038	0.0838548	0.0275248	0.012146	0.0812145	0.0328387	0.0108772	0.0961008	0.167302	0.0576132	0.11184	0.176414	0.0343936	0.255429	0.824161	2.88602	5	0.8577255
521000	-99.29904	-122.4703	23.1713	10	0.1703045	0.0368399	0.0313588	0.00964208	0.0442434	0.0134197	0.122409	0.0052127	0.349755	0.270977	0.306421	0.115101	0.000159279	0.0185883	0.301892	3.67936	5	1.30538
522000	-105.2876	-125.2349	19.94734	2	0.3723996	0.0185702	0.0192674	0.0355139	0.107983	0.00859629	0.0197465	0.434987	0.0584272	0.132287	0.160152	0.218837	0.0129423	0.160858	0.699599	3.1266	4	1.214367
523000	-96.0834	-124.7606	28.67717	10	0.8634417	0.0698122	0.0739834	0.00973305	0.0733401	0.0522501	0.201982	0.10385	0.2384	0.202271	0.0809349	0.178062	0.108969	0.431475	0.973094	2.48646	5	1.284619
524000	-92.34173	-122.5503	30.20854	10	0.1767439	0.0276305	0.0323148	0.0694636	0.0227576	0.068512	0.0330575	0.126541	0.120308	0.259131	0.137533	0.00214907	0.000214071	0.0215274	0.320312	3.65795	5	0.8993989
525000	-96.09451	-124.0059	27.91139	10	0.2234774	0.0280337	0.0104037	0.0480751	0.0361018	0.0313132	0.00406473	0.335983	0.159742	0.165995	0.0412737	0.0177102	0.00109695	0.0483221	0.442123	3.50846	5	0.8786963
526000	-96.40206	-122.0579	25.65587	10	0.4996514	0.150466	0.0159624	0.00564812	0.0664586	0.0450792	0.0389022	0.367045	0.470074	0.109489	0.114584	0.0742959	0.0333232	0.251688	0.820015	2.89497	5	1.458005
527000	-108.8954	-122.4389	13.54351	2	2.490998	0.0584182	0.0206599	0.056528	0.119979	0.00335796	0.0293412	0.502201	0.0412817	0.408454	0.123052	0.0639167	0.345601	0.698783	1.07852	1.87709	4	1.42719
528000	-94.82398	-121.8663	27.04234	10	1.352971	0.0193064	0.0411252	0.062735	0.0197845	0.020045	0.000142721	0.408153	0.133936	0.222954	0.218101	0.121415	0.20169	0.562102	1.04048	2.19573	5	1.267698
529000	-87.43401	-121.9179	34.48393	10	0.5511809	0.0157874	0.015052	0.0266802	0.0215662	0.0423287	0.0323183	0.175394	0.12844	0.0375118	0.276136	0.128546	0.0432223	0.284021	0.854212	2.81854	5	0.8997597
530000	-87.77095	-120.9259	33.15494	10	0.9587082	0.0551653	0.0346903	0.0100514	0.0220517	0.0768558	0.0710241	0.241869	0.161315	0.146406	0.123166	0.051818	0.128643	0.463979	0.992806	2.41457	5	0.9944132
531000	-101.8642	-124.7114	22.84715	2	0.1760378	0.012587	0.0348288	0.00338038	0.0870811	0.0253984	0.0681921	0.210641	0.14961	0.141837	0.073165	0.0764803	0.000207461	0.0211949	0.318309	3.66029	4	0.8832015
532000	-92.43953	-122.4751	30.0356	10	0.1146877	0.0370415	0.00641448	0.0444294	0.129969	0.030898	0.0500737	0.432971	0.146905	0.0256813	0.312452	0.0230039	3.10059e-06	0.00261239	0.135198	3.86219	5	1.239839
533000	-88.74486	-121.1797	32.43485	10	0.4876205	0.0359513	0.00804965	0.0655033	0.0214973	0.034665	0.0431756	0.265162	0.137117	0.109097	0.246406	0.0401818	0.0311168	0.243757	0.811048	2.91408	5	1.006807
534000	-105.6281	-122.3016	16.6735	2	0.7748377	0.0190453	0.0504107	0.0278426	0.0981503	0.0622119	0.0908756	0.154697	0.29543	0.211448	0.172728	0.308276	0.0901943	0.396803	0.949731	2.56327	4	1.491115
535000	-101.8655	-125.9485	24.08304	10	0.1789311	0.020272	0.0687849	0.0407012	0.0617141	0.140835	0.0488582	0.149083	0.228255	0.0476407	0.227456	0.152994	0.000235537	0.0225729	0.326486	3.65071	5	1.186593
536000	-97.84473	-124.131	26.28632	10	0.5434701	0.0150351	0.0118736	0.0302704	0.00380007	0.0606045	0.0389052	0.0446325	0.300571	0.112114	0.252738	0.230445	0.0417006	0.27935	0.849492	2.82946	5	1.100989
537000	-96.92036	-122.2797	25.35933	10	0.4482387	0.059896	0.0125206	0.073852	0.149281	0.0842931	0.00163354	0.278793	0.114223	0.359302	0.586768	0.04114	0.0242439	0.216789	0.778619	2.98035	5	1.761701
538000	-95.9008	-121.8079	25.90705	10	0.2552121	0.0383999	0.00855498	0.037923	0.0677762	0.0412838	0.00982894	0.151733	0.260086	0.0148171	0.116042	0.183117	0.00236362	0.070479	0.512349	3.41481	5	0.9295625
539000	-99.8887	-123.4451	23.55637	10	0.4883706	0.0590472	0.00204805	0.0769151	0.189986	0.0851052	0.00115612	0.733936	0.086985	0.0924911	0.0380399	0.280668	0.0312531	0.244256	0.811619	2.91287	5	1.646378
540000	-89.81221	-120.8086	30.99642	10	0.2207151	0.07931	0.0104375	0.0104023	0.00340946	0.00836724	0.0609359	0.488894	0.130408	0.070929	0.186168	0.0781633	0.00101536	0.0465152	0.435537	3.51693	5	1.127425
541000	-109.9229	-125.7742	15.85136	2	1.51855	0.0782986	0.0457761	0.0572242	0.0186598	0.121219	0.162628	0.267553	0.193926	0.138578	0.0887466	0.132864	0.228174	0.591615	1.05149	2.12872	4	1.305473
542000	-95.08877	-120.9163	25.82749	10	0.6195626	0.158613	0.0478005	0.018733	0.0641305	0.130814	0.112255	0.347703	0.0473408	0.201831	0.444375	0.11174	0.0571663	0.322973	0.89098	2.72888	5	1.685336
543000	-99.00997	-126.6243	27.61438	10	0.1004709	0.0015468	0.0301911	0.0399514	0.221858	0.110021	0.0917867	0.114051	0.0191221	0.0448482	0.429369	0.0401261	5.61826e-07	0.0011136	0.0950203	3.90387	5	1.142872
544000	-97.71645	-124.6806	26.96411	10	1.106909	0.039439	0.0875546	0.0424505	0.0539981	0.07157	0.0197264	0.380081	0.132086	0.0188219	0.308187	0.0873682	0.157778	0.506685	1.01568	2.31986	5	1.241282
545000	-94.05899	-122.6061	28.54714	10	0.8961264	0.074716	0.0284725	0.0232018	0.161509	0.00974966	0.0155074	0.155598	0.0822523	0.253347	0.145729	0.265668	0.115791	0.443138	0.980404	2.46067	5	1.215751
546000	-90.02292	-120.7965	30.77359	10	0.1940396	0.0440963	0.0388159	0.0666904	0.0183842	0.00550808	0.0138237	0.341693	0.0927109	0.314066	0.0667737	0.200856	0.000429673	0.0304092	0.367923	3.60124	5	1.203418
547000	-93.10435	-125.9727	32.86838	10	0.2615849	0.0446932	0.0262365	0.116262	0.0813885	0.0554422	0.15792	0.269205	0.105559	0.0165215	0.0447978	0.129721	0.00269621	0.0751746	0.525288	3.39684	5	1.047747
548000	-95.4996	-126.8767	31.3771	10	0.3421555	0.0244713	0.0046901	0.0510997	0.188498	0.04264	0.0202601	0.264359	0.290492	0.00339842	0.166496	0.0635505	0.00932852	0.137445	0.660259	3.19297	5	1.119955
549000	-89.73996	-124.6476	34.90764	10	0.5910742	0.0684687	0.0237057	0.0265086	0.0583377	0.0120903	0.0230071	0.0807144	0.174841	0.0662079	0.0899097	0.0322217	0.0512725	0.307274	0.876696	2.76476	5	0.6560127
550000	-96.16357	-119.0586	22.89498	10	1.386963	0.0796635	0.0151998	0.051476	0.0608129	0.146867	0.046405	0.392124	0.147687	0.464761	0.0484121	0.301369	0.207321	0.568592	1.04303	2.18106	5	1.754777
551000	-93.65001	-122.8228	29.17279	10	0.9801187	0.0461364	0.0402073	0.0908516	0.00529751	0.114088	0.0940804	0.184297	0.185851	0.253986	0.102072	0.00619644	0.13297	0.470693	0.996626	2.39971	5	1.123064
552000	-95.05306	-122.2557	27.20263	10	0.574023	0.0249476	0.0267312	0.0958203	0.0655027	0.192659	0.0288374	0.190155	0.0476963	0.179312	0.0537327	0.507689	0.0477984	0.297521	0.867465	2.78722	5	1.413084
553000	-98.33414	-126.6982	28.36403	10	1.195154	0.24694	0.0535618	0.0701114	0.0498345	0.0200927	0.127819	0.178074	0.137437	0.432337	0.0344533	0.0386479	0.174174	0.528464	1.02607	2.27129	5	1.389309
554000	-100.152	-121.4673	21.31531	2	0.5284998	0.0344289	0.0365772	0.0456453	0.0240782	0.0372023	0.031205	0.346303	0.0824184	0.286617	0.102212	0.11162	0.0387839	0.270115	0.839947	2.85115	4	1.138307
555000	-107.6923	-127.3067	19.61441	2	0.4249792	0.0370635	0.00440691	0.0188765	0.0726539	0.166002	0.0143441	0.327287	0.0223038	0.115042	0.260239	0.331224	0.0204768	0.200157	0.756955	3.02241	4	1.369442
556000	-94.23393	-124.2873	30.05334	10	0.2525622	0.073881	0.0151949	0.0634861	0.175705	0.0835967	0.0171967	0.179934	0.00737085	0.357756	0.251556	0.0256514	0.00223333	0.0685465	0.506858	3.42236	5	1.251328
557000	-91.16355	-121.3413	30.17772	10	0.1655538	0.0613942	0.018393	0.0100255	0.147394	0.0245592	0.0899932	0.313318	0.308185	0.105816	0.0714889	0.107905	0.000126187	0.0165572	0.288088	3.69523	5	1.258472
558000	-94.18628	-123.4298	29.24356	10	1.646848	0.135487	0.121066	0.0544158	0.0318572	0.0451407	0.0451461	0.179603	0.0436787	0.105156	0.190458	0.0619681	0.247142	0.611304	1.058	2.08356	5	1.013976
559000	-90.7029	-122.113	31.41015	10	0.753818	0.00495537	0.0474264	0.0627654	0.0144899	0.0227843	0.0420629	0.206789	0.221711	0.0649947	0.130442	0.0734004	0.0857014	0.387854	0.943288	2.58316	5	0.8918217
560000	-92.46024	-121.5779	29.11762	10	0.4673585	0.0581874	0.0300456	0.0325616	0.033234	0.154576	0.000796197	0.174205	0.286428	0.0814573	0.053805	0.155539	0.0275093	0.230073	0.794983	2.94743	5	1.060834
561000	-91.19789	-122.8975	31.69963	10	0.6549629	0.0522397	0.00305283	0.00491323	0.0336987	0.0482201	0.0113318	0.180326	0.0524521	0.166256	0.119213	0.0278319	0.0646069	0.341482	0.906963	2.68695	5	0.6995351
562000	-107.6371	-129.2523	21.61517	2	0.5620188	0.139512	0.0881112	0.0145848	0.128244	0.0083969	0.0136412	0.0897467	0.10362	0.247724	0.109505	0.0859779	0.0453814	0.290489	0.860632	2.8035	4	1.029064
563000	-95.45607	-121.905	26.44894	10	0.08152543	0.0494242	0.00668771	0.00269469	0.0160902	0.0324147	0.0804923	0.502678	0.00262433	0.267973	0.14942	0.0707085	2.28229e-08	0.000224827	0.0489356	3.95084	5	1.181208
564000	-89.5413	-120.1189	30.57756	10	0.2474259	0.0553407	0.038235	0.0801146	0.00215497	0.00369701	0.0729449	0.208416	0.366686	0.35852	0.0240604	0.111032	0.00199395	0.0648374	0.496026	3.43714	5	1.321202
565000	-98.80373	-121.0014	22.1977	10	1.527281	0.0595333	0.022638	0.0156646	0.128009	0.00631711	0.0798835	0.776203	0.054588	0.0802417	0.128267	0.345447	0.229506	0.593035	1.05198	2.12547	5	1.696793
566000	-91.17126	-121.7492	30.57794	10	0.3765576	0.0750836	0.00481417	0.0676244	0.0396485	0.0515753	0.0167238	0.00379964	0.150808	0.0462201	0.427879	0.133268	0.0134828	0.164039	0.704614	3.11786	5	1.017444
567000	-90.74824	-121.6908	30.94258	10	0.4723278	0.0756609	0.0228199	0.0363881	0.0131745	0.0485977	0.0204212	0.215279	0.389347	0.117973	0.0195013	0.215882	0.0283807	0.233467	0.79904	2.93911	5	1.175044
568000	-115.46	-127.2801	11.82012	2	1.463249	0.0137362	0.00888775	0.158185	0.130182	0.0579349	0.0326733	0.235357	0.190568	0.160331	0.088572	0.530905	0.219589	0.582323	1.04819	2.1499	4	1.607332
569000	-94.12399	-121.8883	27.76434	10	1.026704	0.0512486	0.00528491	0.012893	0.056993	0.0578434	0.00673876	0.213046	0.0759276	0.0943036	0.0558728	0.278877	0.142251	0.484634	1.00429	2.36883	5	0.9090284
570000	-102.3696	-122.437	20.06741	2	0.3173743	0.132925	0.00725813	0.12191	0.0259892	0.0392634	0.0682446	0.177472	0.13587	0.0147029	0.250076	0.223652	0.00681011	0.118061	0.623859	3.25127	4	1.197364
571000	-93.9639	-125.6446	31.68069	10	0.8449197	0.0225381	0.0533734	0.004471	0.128262	0.0350425	0.0794679	0.266839	0.174439	0.023606	0.155335	0.010582	0.105075	0.424609	0.968664	2.50165	5	0.9539548
572000	-99.07688	-124.4574	25.38052	10	2.257528	0.00945279	0.0477902	0.0837929	0.136157	0.00358513	0.0699928	0.204739	0.00263618	0.461715	0.186209	0.162148	0.322193	0.679874	1.07527	1.92266	5	1.368218
573000	-102.0185	-129.232	27.21344	10	4.151544	0.0218398	0.128483	0.0733858	0.0698543	0.138635	0.0803626	0.24272	0.0807866	0.0668313	0.17701	0.0804201	0.462498	0.780292	1.08435	1.67286	5	1.160327
574000	-90.67055	-122.5468	31.87628	10	0.1474708	0.0333145	0.014242	0.00649906	0.0890038	0.0284514	0.0772971	0.253157	0.0400458	0.110896	0.00370668	0.18058	4.53156e-05	0.00994805	0.234184	3.75582	5	0.8371938
575000	-92.68363	-121.7211	29.03744	10	0.1706113	0.0192235	0.021429	0.0598187	0.133952	0.00256927	0.0897831	0.230672	0.261307	0.166284	0.108449	0.0792151	0.000161621	0.0187236	0.302778	3.67834	5	1.172702
576000	-91.36507	-123.903	32.53796	10	0.01813066	0.0389413	0.00626158	0.0223179	0.318723	0.0222213	0.0038796	0.150014	0.122064	0.0166072	0.173577	0.266838	3.47696e-34	2.78995e-17	2.15792e-07	4	5	1.141445
577000	-83.82511	-120.5627	36.73761	10	0.3183079	0.0461246	0.0192002	0.0164721	0.00128421	0.0227534	0.00601913	0.0712936	0.112185	0.133909	0.243945	0.0208997	0.00689743	0.118792	0.625305	3.24901	5	0.6940861
578000	-93.89093	-123.2719	29.38098	10	0.8295087	0.0551911	0.00241003	0.0581349	0.110225	0.0700702	0.0212235	0.167004	0.300866	0.382853	0.0105089	0.0692063	0.101821	0.418749	0.964808	2.51462	5	1.247694
579000	-92.00845	-119.5786	27.57012	10	0.6376404	0.0377572	0.00799089	0.0561294	0.00550035	0.0321834	0.137751	0.313237	0.0809256	0.0649153	0.155173	0.396726	0.0609526	0.33256	0.899371	2.70712	5	1.288289
580000	-101.2561	-125.6632	24.40712	10	0.2466907	0.0298256	0.0224561	0.191067	0.0253446	0.0366056	0.256141	0.200046	0.0125314	0.11609	0.309911	0.150141	0.00196109	0.0643106	0.494455	3.43927	5	1.350159
581000	-119.0339	-130.5257	11.49183	1	1.121841	0.206444	0.119015	0.0156934	0.164517	0.0877979	0.0604317	0.216147	0.022752	0.440859	0.21291	0.062521	0.160603	0.510542	1.01758	2.31127	3	1.609089
582000	-100.6582	-120.6704	20.01217	10	0.5897011	0.0642211	0.0251148	0.0356825	0.0201273	0.0353638	0.0476561	0.308574	0.13992	0.315521	0.269768	0.0297133	0.0509911	0.306499	0.875972	2.76654	5	1.291661
583000	-99.70344	-127.6099	27.9065	10	1.15949	0.108191	0.0921171	0.0340604	0.0609937	0.0453159	0.0473517	0.400906	0.00280261	0.163258	0.138517	0.212001	0.167635	0.51995	1.02211	2.29031	5	1.305515
584000	-98.07918	-124.9729	26.89373	10	0.008368002	0.0765504	0.0103016	0.023642	0.0513608	0.0585149	0.0500576	0.145467	0.234461	0.0626822	0.0486462	0.147175	6.32122e-73	1.19061e-36	1.97362e-15	4	5	0.9088585
585000	-88.96749	-120.0327	31.0652	10	0.3204309	0.0899879	0.0112979	0.0738221	0.0304066	0.0633574	0.00568639	0.24674	0.299947	0.0206491	0.0492436	0.154084	0.00709825	0.120454	0.628571	3.24388	5	1.045221
586000	-104.3546	-129.1159	24.76132	10	1.608358	0.0927518	0.0464067	0.0953291	0.148794	0.0328955	0.17815	0.0811392	0.166755	0.282581	0.179543	0.0102072	0.241587	0.605652	1.0562	2.09656	5	1.314552
587000	-92.13554	-123.4873	31.35176	10	0.09187202	0.00397935	0.04045	0.0230645	0.00653178	0.0612874	0.0133817	0.201182	0.0616645	0.102391	0.146573	0.269252	1.54644e-07	0.000584706	0.0727533	3.92666	5	0.9297579
588000	-89.01191	-124.8784	35.86647	10	0.046496	0.0143474	0.000101603	0.0182021	0.0152978	0.0249528	0.00507616	0.0703996	0.0948024	0.191797	0.0322002	0.337141	6.26878e-14	3.73709e-07	0.00343611	3.99656	5	0.8043179
589000	-92.69321	-121.0244	28.3312	10	0.4655316	0.0268103	0.0299915	0.026355	0.0645546	0.054763	0.0434869	0.29321	0.276482	0.0935481	0.0542865	0.0356433	0.0271912	0.228819	0.793472	2.95052	5	0.9991307
590000	-98.56488	-130.0551	31.49023	10	0.5890281	0.0531783	0.0154553	0.0776074	0.0216798	0.106981	0.0571477	0.103225	0.0451238	0.155135	0.117979	0.000875739	0.0508533	0.306118	0.875616	2.76741	5	0.7543886
591000	-84.2194	-120.5137	36.2943	10	0.06409592	0.0203004	0.00266075	0.0527086	0.0300662	0.0561082	0.0232479	0.257076	0.210645	0.00647251	0.167858	0.016196	2.24614e-10	2.23368e-05	0.0187632	3.98121	5	0.8433393
592000	-110.6991	-129.0617	18.36254	1	0.655956	0.0830032	0.0573487	0.00674719	0.0945516	0.0730073	0.0325256	0.112949	0.0604647	0.252563	0.108672	0.0867738	0.0648171	0.341986	0.907386	2.68581	3	0.9686064
593000	-90.269	-122.9524	32.6834	10	0.9129431	0.0100227	0.0574598	0.00715716	0.0389154	0.000933435	0.0519343	0.102841	0.174517	0.144533	0.124931	0.0647503	0.119273	0.448925	0.983931	2.44787	5	0.7779937
594000	-96.34568	-124.6821	28.33638	10	0.1461369	0.0902463	0.0201338	0.008184	0.0689065	0.00492281	0.0193569	0.123863	0.0342121	0.0403265	0.0845178	0.0979924	4.15976e-05	0.00953293	0.230144	3.76028	5	0.592662
595000	-101.0709	-123.5645	22.49361	2	0.7616788	0.0980809	0.0394303	0.00107568	0.0251329	0.0952061	0.0039125	0.18541	0.0399434	0.130113	0.0896629	0.0939412	0.0873825	0.391236	0.945744	2.57564	4	0.8019083
596000	-83.42947	-120.7162	37.28678	10	0.2278083	0.0134694	0.0279476	0.00765365	0.00152	0.0298467	0.0292868	0.0218317	0.160966	0.0499192	0.145921	0.181069	0.00123359	0.0511999	0.452294	3.49527	5	0.6694319
597000	-97.05926	-123.2725	26.21326	10	1.018785	0.141782	0.0145545	0.110909	0.0216778	0.0425476	0.0587427	0.318505	0.173842	0.0312412	0.260017	0.0735044	0.140687	0.482326	1.00304	2.37394	5	1.247324
598000	-93.54088	-119.0085	25.46758	10	1.068523	0.0686248	0.00933028	0.104885	0.0130308	0.0583862	0.0457101	0.157279	0.226786	0.0755419	0.381537	0.231676	0.15042	0.496422	1.01049	2.34267	5	1.372786
599000	-101.2169	-123.58	22.36316	10	0.3072209	0.138886	0.146064	0.0329343	0.0156179	0.141072	0.14072	0.628406	0.0100459	0.306083	0.187867	0.451103	0.00589932	0.110123	0.607733	3.27625	5	2.198799
600000	-92.29134	-126.6001	34.30872	10	0.1794494	0.115217	0.0419908	0.00840126	0.00179685	0.0193846	0.0282652	0.018015	0.156689	0.02223	0.0433576	0.062317	0.000240851	0.0228241	0.327943	3.64899	5	0.517664
601000	-98.7108	-127.569	28.85819	10	1.729361	0.0581168	0.091458	0.145867	0.0577201	0.0415939	0.0240662	0.121405	0.0957785	0.125948	0.154615	0.122384	0.25868	0.622759	1.06147	2.05709	5	1.038953
602000	-101.6869	-124.6871	23.00028	2	0.3740795	0.0529022	0.0183758	0.0666472	0.0712053	0.0155969	0.0240851	0.159472	0.0189644	0.0950036	0.135082	0.181879	0.0131594	0.162144	0.701636	3.12306	4	0.8392145
603000	-89.3858	-123.6413	34.25547	10	0.3274078	0.0246133	0.00799533	0.0156172	0.0498514	0.0115388	0.0349635	0.320901	0.151771	0.288802	0.0963104	0.00134992	0.00777989	0.125916	0.639086	3.22722	5	1.003714
604000	-87.37391	-121.7291	34.35515	10	0.560656	0.0280455	0.0356282	0.0485944	0.000979964	0.0122539	0.0698937	0.163904	0.0232547	0.150998	0.125164	0.143018	0.0451087	0.289682	0.859838	2.80537	5	0.8017339
605000	-100.2535	-128.535	28.28152	10	0.9690126	0.0670852	0.0412291	0.00557083	0.110925	0.0351689	0.138877	0.21003	0.0953848	0.0917921	0.119243	0.260161	0.13073	0.467235	0.99467	2.40736	5	1.175467
606000	-89.54403	-121.5095	31.96547	10	0.4464214	0.0724306	0.018569	0.058791	0.0357113	0.0765632	0.045879	0.277555	0.153763	0.1037	0.214221	0.000780506	0.0239411	0.215507	0.776998	2.98355	5	1.057963
607000	-89.20939	-126.6416	37.43224	10	0.06621387	0.0116171	0.0286793	0.021519	0.0596363	0.0744681	0.0661822	0.0437376	0.0588209	0.0176489	0.116985	0.0399654	4.48474e-10	3.15568e-05	0.0216575	3.97831	5	0.5392599
608000	-100.2456	-122.6629	22.41723	10	0.444046	0.0535339	0.0685719	0.102806	0.00648674	0.192526	0.0803393	0.210677	0.00850439	0.0248446	0.352698	0.503195	0.0235475	0.213828	0.774862	2.98776	5	1.604183
609000	-92.31279	-121.4762	29.16339	10	0.6759248	0.0405584	0.0110947	0.0640877	0.054843	0.10715	0.0124274	0.257561	0.0548352	0.0265873	0.145267	0.2824	0.069055	0.351946	0.915609	2.66339	5	1.056812
610000	-96.58618	-122.09	25.50381	10	0.8355761	0.173602	0.000295699	0.175223	0.100139	0.0464543	0.0140152	0.163092	0.286427	0.330926	0.207776	0.0123846	0.103103	0.421072	0.966345	2.50948	5	1.510335
611000	-103.0644	-129.2969	26.23252	10	1.028778	0.0881328	0.191168	0.165736	0.126808	0.0279619	0.00934289	0.142985	0.186312	0.0970689	0.452785	0.00261378	0.14266	0.485234	1.00461	2.3675	5	1.490915
612000	-103.3204	-124.6551	21.33464	10	2.79156	0.0570441	0.0813357	0.0483019	0.0559456	0.00572583	0.0440717	0.142696	0.335044	0.153127	0.200573	0.0568533	0.372465	0.719293	1.08127	1.82697	5	1.180717
613000	-93.32099	-122.8126	29.49158	10	1.842912	0.0689295	0.0192524	0.0486149	0.051107	0.0335755	0.0490997	0.190329	0.0647607	0.115749	0.0606926	0.178043	0.273773	0.637197	1.06551	2.02352	5	0.8801523
614000	-95.96796	-126.1923	30.2243	10	0.8006392	0.064902	0.00717275	0.0958631	0.0279506	0.0114192	0.18627	0.273345	0.0412362	0.110187	0.00163129	0.272188	0.0956948	0.407391	0.957132	2.53978	5	1.092166
615000	-88.7103	-122.666	33.95573	10	1.378623	0.0636565	0.00461042	0.0665267	0.0573824	0.00682515	0.0148845	0.153068	0.164781	0.178767	0.180275	0.0327763	0.205949	0.567022	1.04242	2.18461	5	0.9235527
616000	-112.0633	-126.1115	14.04818	1	0.1353151	0.0549073	0.0195458	0.0832765	0.0430993	0.0550297	0.0475304	0.180486	0.327144	0.321384	0.256909	0.0627946	1.95119e-05	0.00653804	0.197228	3.79621	3	1.452107
617000	-81.14261	-120.0344	38.89181	10	0.02870206	0.016738	0.000863135	0.00294633	0.066518	0.00369067	0.0368983	0.182799	0.0444985	0.0316358	0.0788501	0.0463123	5.90129e-22	3.6314e-11	7.43556e-05	3.99993	5	0.5117506
618000	-99.79268	-128.0122	28.21955	10	0.6544569	0.100486	0.0884124	0.0775452	0.0398732	0.173423	0.219382	0.346016	0.00978344	0.259481	0.0960273	0.105116	0.0644999	0.341225	0.906747	2.68753	5	1.515545
619000	-101.933	-125.7338	23.80074	10	1.549201	0.0940871	0.0268943	0.00723875	0.226335	0.169788	0.0377435	0.101555	0.00161745	0.0161451	0.0928392	0.562343	0.232824	0.596546	1.05318	2.11745	5	1.336586
620000	-95.85	-125.4904	29.64035	10	0.9760255	0.0915363	0.0473333	0.059125	0.0119405	0.0167271	0.0501638	0.159171	0.0990771	0.0664989	0.0183147	0.300998	0.132146	0.469425	0.995911	2.40252	5	0.9208859
621000	-102.3002	-126.172	23.87187	10	0.4763399	0.0784035	0.0711768	0.00387527	0.101875	0.0632745	0.0523159	0.116483	0.0649586	0.0103236	0.410179	0.219161	0.0290908	0.236189	0.802259	2.93246	5	1.192026
622000	-86.94714	-121.3353	34.38813	10	0.1135978	0.0237616	0.0151767	0.0225851	0.199835	0.0111463	0.0293861	0.0973815	0.186265	0.073461	0.165038	0.0257034	2.76154e-06	0.00246571	0.132011	3.86552	5	0.8497392
623000	-111.0679	-127.2156	16.14772	1	0.908821	0.0593123	0.0329187	0.0242358	0.00725191	0.0504031	0.0828895	0.210585	0.412105	0.0938864	0.0569084	0.134306	0.118421	0.447519	0.983081	2.45098	3	1.164802
624000	-93.24727	-124.346	31.09877	10	1.033526	0.0411423	0.0127896	0.11252	0.153375	0.00882545	0.0820483	0.247325	0.299158	0.229722	0.0381005	0.0530952	0.143594	0.486602	1.00534	2.36446	5	1.278101
625000	-102.5157	-122.8909	20.3752	2	0.9818565	0.0258006	0.00666135	0.117353	0.0682589	0.00815754	0.102663	0.191614	0.0898207	0.160124	0.0140926	0.341543	0.13332	0.47123	0.996927	2.39852	4	1.126088
626000	-88.3283	-119.4674	31.13912	10	0.3713939	0.0332406	0.00317568	0.065854	0.0258398	0.00544768	0.0277424	0.193	0.178654	0.0320449	0.183718	0.0768463	0.0128131	0.160087	0.698372	3.12873	5	0.8255635
627000	-102.9402	-122.9324	19.99213	2	0.5924316	0.00571743	0.0387043	0.0150682	0.0614591	0.0581804	0.144541	0.227362	0.199883	0.162744	0.124534	0.0752156	0.0515509	0.308039	0.877408	2.763	4	1.11341
628000	-102.6521	-126.8851	24.23296	10	0.6090868	0.15931	0.156558	0.0347137	0.0398564	0.0928639	0.0245256	0.236757	0.146212	0.160073	0.145905	0.120948	0.0549875	0.317285	0.885885	2.74184	5	1.317721
629000	-91.17922	-122.6291	31.4499	10	0.03221996	0.00917362	0.0204647	0.0251217	0.223861	0.0164992	0.0179108	0.0993422	0.124804	0.0610181	0.0836467	0.496223	1.15066e-19	5.06924e-10	0.00022199	3.99978	5	1.178064
630000	-92.54385	-121.2627	28.71883	10	0.8122972	0.0545764	0.0329924	0.00451903	0.0931433	0.065992	0.0477559	0.364007	0.168179	0.0711855	0.0936409	0.204008	0.0981727	0.412038	0.960305	2.52948	5	1.199999
631000	-97.72679	-125.2275	27.50073	10	0.03162853	0.0370509	0.0196142	0.072206	0.187798	0.0740003	0.105614	0.0512533	0.00148623	0.255245	0.0339395	0.12867	5.1473e-20	3.39063e-10	0.000187874	3.99981	5	0.9668777
632000	-97.68804	-125.3757	27.68766	10	0.6295784	0.094635	0.033994	0.0302904	0.0197974	0.216746	0.229822	0.0797938	0.150635	0.062924	0.482233	0.118126	0.0592603	0.328319	0.89569	2.71673	5	1.518997
633000	-91.74967	-122.6644	30.91478	10	0.2845517	0.0224841	0.00123627	0.0116684	0.129369	0.0139916	0.0901377	0.175608	0.229492	0.0237596	0.187105	0.0467088	0.00412603	0.0925449	0.568923	3.33441	5	0.9315614
634000	-86.91439	-122.2936	35.37917	10	0.05967208	0.0563617	0.00205842	0.00221577	0.0075045	0.0849543	0.102697	0.181423	0.170712	0.0353137	0.0957319	0.0380319	4.52262e-11	1.00267e-05	0.0134559	3.98653	5	0.7770035
635000	-98.15022	-122.7643	24.6141	10	0.3108048	0.0818447	0.00733566	0.0442473	0.0370758	0.0643493	0.0179073	0.224634	0.572783	0.119603	0.0625938	0.196236	0.00621263	0.112922	0.61351	3.26736	5	1.42861
636000	-104.7431	-125.8436	21.10048	2	0.491197	0.101321	0.0339754	0.0647676	0.077004	0.0922889	0.0593185	0.198837	0.14417	0.183974	0.0306049	0.115798	0.031768	0.24613	0.813756	2.90835	4	1.102058
637000	-95.36912	-125.9754	30.60625	10	0.1136682	0.0389165	0.00246246	0.0326782	0.0150069	0.0720134	0.0447485	0.091964	0.0447896	0.0543588	0.268694	0.101133	2.78247e-06	0.00247501	0.132216	3.86531	5	0.7667648
638000	-112.462	-127.9792	15.51722	1	0.3983653	0.129047	0.0994096	0.0418143	0.0447666	0.117191	0.242068	0.142541	0.0597004	0.164974	0.0199536	0.217431	0.0164793	0.180534	0.729506	3.07348	3	1.278898
639000	-89.91843	-121.2352	31.31677	10	0.4584096	0.0289625	0.000393568	0.109039	0.0351966	0.0289638	0.0394237	0.25069	0.0750425	0.0521409	0.0858186	0.268854	0.0259632	0.2239	0.787477	2.96266	5	0.9745258
640000	-107.4256	-125.1886	17.76298	2	2.120037	0.0323341	0.0704035	0.0156894	0.147117	0.0341023	0.0150948	0.0624872	0.187462	0.292682	0.0860131	0.0796238	0.307195	0.6672	1.07272	1.95288	4	1.023009
641000	-93.05762	-123.0276	29.96994	10	1.675151	0.00996844	0.044854	0.0100219	0.0294744	0.00230479	0.0400247	0.275365	0.127047	0.10027	0.324808	0.0408114	0.251156	0.615332	1.05924	2.07427	5	1.004949
642000	-88.61767	-121.1782	32.56055	10	0.1817424	0.0106751	0.0222638	0.0136117	0.138711	0.042171	0.0260701	0.228802	0.296968	0.122534	0.0333758	0.0432944	0.000265421	0.023951	0.334359	3.64142	5	0.9784763
643000	-90.20482	-125.5865	35.38169	10	0.2267453	0.055992	0.047726	0.138853	0.0126209	0.0392176	0.0851496	0.103897	0.13583	0.0127388	0.0760538	0.0976182	0.00119905	0.0504886	0.449816	3.4985	5	0.8056978
644000	-99.19914	-126.7145	27.51532	10	0.8456708	0.0310024	0.00262911	0.112136	0.263022	0.064105	0.107922	0.150808	0.0402638	0.132091	0.197344	0.120158	0.105233	0.424891	0.968848	2.50103	5	1.221482
645000	-102.7423	-122.8741	20.13183	1	0.7972327	0.0356727	0.0233046	0.0236878	0.0275834	0.0558467	0.0185496	0.157945	0.141882	0.109801	0.0949159	0.0883613	0.0949697	0.406017	0.956185	2.54283	3	0.7775497
646000	-96.24802	-122.6262	26.37822	10	0.4635968	0.0297166	0.103087	0.0770951	0.113477	0.00258445	0.20136	0.393077	0.0154092	0.278597	0.262968	0.1936	0.0268557	0.227488	0.79186	2.9538	5	1.670972
647000	-94.71963	-124.3145	29.59486	10	0.5087824	0.0654632	0.045136	0.0859937	0.124212	0.0065998	0.172819	0.307933	0.101599	0.294012	0.139408	0.0775318	0.0350269	0.257611	0.826555	2.88081	5	1.420708
648000	-88.39861	-122.3226	33.92401	10	0.176531	0.0672787	0.0117973	0.0222316	0.0713051	0.0325969	0.00930219	0.123282	0.0704372	0.0126849	0.137599	0.355522	0.000212061	0.0214269	0.319708	3.65865	5	0.9140361
649000	-98.89088	-121.206	22.31515	10	1.823811	0.0282689	0.0562317	0.0194027	0.0529277	0.0432285	0.0833187	0.438685	0.20968	0.4167	0.309019	0.00516467	0.271296	0.634867	1.06488	2.02895	5	1.662626
650000	-91.18148	-120.4041	29.22263	10	0.3496798	0.0230478	0.0172513	0.00375216	0.0466925	0.0102335	0.121736	0.370853	0.223604	0.0488789	0.029951	0.242261	0.0101737	0.143306	0.67054	3.17598	5	1.138262
651000	-123.2094	-131.2701	8.060636	1	1.024	0.0614066	0.088989	0.0952062	0.418364	0.163531	0.167064	0.0987641	0.518439	0.0436587	0.0341225	0.272447	0.141718	0.483849	1.00387	2.37057	3	1.961992
652000	-103.8645	-125.6377	21.77319	10	0.2917304	0.322924	0.0445711	0.0146216	0.0223667	0.0172256	0.0119626	0.537758	0.0788691	0.420013	0.0265099	0.178225	0.00464851	0.0980792	0.58165	3.31562	5	1.675046
653000	-94.11333	-121.4008	27.28746	10	0.2287663	0.0460365	0.0164359	0.0343178	0.144715	0.0259826	0.00965504	0.167429	0.511822	0.0776008	0.00890323	0.167054	0.00126529	0.0518437	0.454519	3.49237	5	1.209952
654000	-97.27408	-125.6665	28.39246	10	1.259288	0.112599	0.0634794	0.0153859	0.130879	0.00669694	0.130458	0.241942	0.0603202	0.111082	0.426182	0.0426612	0.185633	0.542882	1.03249	2.239	5	1.341686
655000	-92.57862	-123.2845	30.70593	10	0.6238675	0.0926346	0.0316585	0.00650694	0.222116	0.08963	0.045166	0.244163	0.373571	0.0387063	0.0880473	0.0128673	0.0580651	0.325282	0.893023	2.72363	5	1.245066
656000	-93.52349	-124.5938	31.07029	10	0.1203091	0.00687463	0.0313109	0.0160401	0.0545415	0.111333	0.0345788	0.0437896	0.106458	0.294922	0.0102975	0.18045	5.44939e-06	0.00346122	0.151838	3.8447	5	0.8905965
657000	-91.30946	-120.1148	28.80529	10	0.3410691	0.0402439	0.0363313	0.0715824	0.00872138	0.0293841	0.0308335	0.165825	0.101079	0.224957	0.20401	0.122336	0.00920953	0.136597	0.658747	3.19545	5	1.035303
658000	-95.94061	-123.796	27.8554	10	0.2634146	0.0276453	0.0234552	0.00354851	0.211706	0.0297697	0.00318519	0.380606	0.142535	0.327455	0.119616	0.162287	0.00279678	0.0765345	0.528934	3.39173	5	1.431809
659000	-98.64984	-122.8702	24.22033	10	0.5041006	0.0212027	0.0136885	0.0764506	0.00567297	0.0184461	0.00980715	0.191277	0.399717	0.0242701	0.0909623	0.140379	0.0341503	0.254584	0.823229	2.88804	5	0.9918737
660000	-85.75494	-121.8141	36.0592	10	0.1916331	0.00635851	0.0069028	0.0245587	0.0145369	0.00290692	0.000305738	0.22649	0.187309	0.0311394	0.0550871	0.0187785	0.000392932	0.0290923	0.36147	3.60904	5	0.5743738
661000	-94.02423	-121.0304	27.00617	10	0.4756356	0.0708081	0.00592182	0.0435744	0.0917092	0.0456764	0.0980955	0.27431	0.338915	0.0841317	0.191537	0.152682	0.0289657	0.235713	0.801697	2.93362	5	1.397361
662000	-87.43265	-121.203	33.77032	10	0.1817024	0.0756582	0.0411545	0.0258447	0.0068452	0.0471486	0.00882586	0.144061	0.32037	0.120087	0.118885	0.0592234	0.000264977	0.0239311	0.334248	3.64156	5	0.9681034
663000	-89.66399	-121.4154	31.75141	10	1.082749	0.0127577	0.0265759	0.0271129	0.13406	0.0454001	0.0430248	0.299538	0.166494	0.0258542	0.0711452	0.216005	0.153163	0.500285	1.01246	2.33409	5	1.067967
664000	-111.0946	-128.1813	17.08668	1	0.3460627	0.0229769	0.0181022	0.000866854	0.107411	0.101297	0.0430904	0.179674	0.307816	0.126014	0.158961	0.0609718	0.00976286	0.140491	0.66564	3.18411	3	1.127182
665000	-101.6641	-121.84	20.1759	10	3.321926	0.0630203	0.00570489	0.0249942	0.00382762	0.0778807	0.0518562	0.270711	0.468152	0.0256709	0.0321579	0.131886	0.412729	0.747926	1.0837	1.75564	5	1.155861
666000	-89.54655	-120.9709	31.4244	10	0.2245439	0.0471088	0.0237816	0.00993559	0.0627892	0.021834	0.0286785	0.180012	0.105062	0.0941474	0.101947	0.197931	0.0011296	0.0490258	0.444646	3.5052	5	0.8732259
667000	-105.1943	-126.5544	21.36009	10	1.097898	0.0210183	0.0840481	0.101491	0.309229	0.086593	0.089274	0.240911	0.142699	0.122684	0.347064	0.155158	0.156063	0.504321	1.0145	2.32512	5	1.700169
668000	-103.9629	-122.2568	18.29387	2	0.7989835	0.0650776	0.0370879	0.0196723	0.0476196	0.0835451	0.0499893	0.235085	0.15746	0.138522	0.147053	0.21854	0.0953424	0.406724	0.956673	2.54126	4	1.199652
669000	-109.6191	-121.0783	11.45919	2	2.469647	0.175505	0.0433605	0.112857	0.0242074	0.0566771	0.0977888	0.450252	0.165623	0.079431	0.241088	0.344941	0.34356	0.697174	1.07827	1.88099	4	1.791731
670000	-87.95562	-124.0494	36.09376	10	0.2040621	0.0101112	0.00168154	0.0251641	0.158804	0.0230185	0.0329881	0.034401	0.203026	0.024505	0.215408	0.224249	0.000609462	0.0361513	0.394176	3.56906	5	0.9533561
671000	-96.15641	-124.6176	28.46123	10	0.1746896	0.0523215	0.000478257	0.0174936	0.0269235	0.114725	0.0855244	0.298545	0.0877997	0.358074	0.248119	0.0734596	0.000195266	0.020567	0.314474	3.66476	5	1.363462
672000	-98.94692	-120.0472	21.10029	10	5.135814	0.0686029	0.0315425	0.0166486	0.221912	0.0259623	0.0259304	0.331372	0.0683483	0.132557	0.212967	0.437646	0.507622	0.807143	1.08306	1.60218	5	1.573489
673000	-109.567	-127.627	18.06007	2	2.262578	0.0362908	0.0811898	0.0639014	0.201847	0.000725275	0.028611	0.215778	0.174265	0.200564	0.198535	0.0640515	0.322726	0.680316	1.07536	1.9216	4	1.265759
674000	-98.7382	-127.5664	28.82825	10	0.07128617	0.130113	0.000672186	0.050169	0.221556	0.0759299	0.0678503	0.204372	0.0919663	0.0402229	0.572448	0.00964002	1.98772e-09	6.64076e-05	0.0294954	3.97044	5	1.46494
675000	-101.6747	-123.6187	21.94394	10	0.4677388	0.0837379	0.0312062	0.0464905	0.171163	0.00954125	0.100783	0.36195	0.266972	0.022076	0.27176	0.192093	0.0275757	0.230334	0.795297	2.94679	5	1.557772
676000	-94.19285	-125.6186	31.42573	10	1.109679	0.0600804	0.078669	0.054589	0.0213103	0.0576177	0.016681	0.251545	0.0209054	0.205403	0.129638	0.122078	0.158304	0.507406	1.01604	2.31825	5	1.018518
677000	-95.2985	-120.8707	25.57217	10	0.6022194	0.0606471	0.0315369	0.00724033	0.151399	0.0341765	0.0404073	0.169784	0.328543	0.0884291	0.0855404	0.191402	0.0535661	0.313504	0.882447	2.75048	5	1.189106
678000	-102.0395	-122.7411	20.70162	2	0.8734899	0.0812987	0.00200418	0.144368	0.0148361	0.0115195	0.0855556	0.248868	0.0350442	0.183015	0.211999	0.0608042	0.111074	0.435121	0.975408	2.4784	4	1.079313
679000	-93.91145	-122.8577	28.94628	10	0.4650048	0.050682	0.002076	0.099398	0.043565	0.0791834	0.096046	0.16799	0.0965367	0.20621	0.0347205	0.196445	0.0270997	0.228457	0.793034	2.95141	5	1.072853
680000	-98.35913	-123.1663	24.8072	10	1.729881	0.0231471	0.0977942	0.0992581	0.0544728	0.0708299	0.0237987	0.410461	0.417902	0.10913	0.0810355	0.0908895	0.258751	0.622828	1.06149	2.05693	5	1.478719
681000	-93.38475	-123.7571	30.37234	10	0.09937273	0.04844	0.00766935	0.0318949	0.261165	0.0243065	0.00461892	0.0163365	0.0994421	0.191357	0.429225	0.239804	4.82452e-07	0.00103205	0.0920736	3.90689	5	1.354259
682000	-98.16632	-123.6642	25.49787	10	0.4267246	0.0701368	0.0366957	0.161152	0.0201996	0.0425278	0.178303	0.163894	0.230923	0.0523595	0.246013	0.212047	0.0207511	0.201422	0.758653	3.01917	5	1.414251
683000	-108.6029	-125.1324	16.52952	2	0.7245595	0.0634628	0.0085448	0.0560005	0.188603	0.0143467	0.0315621	0.175469	0.0864353	0.0295883	0.302637	0.337868	0.07944	0.374891	0.93364	2.61203	4	1.294517
684000	-98.21835	-125.3967	27.17836	10	0.03903522	0.0362115	0.00375264	0.0435504	0.0840607	0.329412	0.0636006	0.225562	0.0759265	0.0227599	0.0420138	0.408809	2.10313e-16	2.16595e-08	0.00105413	3.99895	5	1.335659
685000	-110.741	-125.6177	14.87662	2	1.415021	0.133975	0.0226045	0.19607	0.152504	0.0501038	0.0054819	0.14254	0.0500098	0.133547	0.357493	0.156861	0.211891	0.573772	1.04502	2.16932	4	1.401191
686000	-104.4112	-123.7803	19.36909	10	1.157831	0.118194	0.0309936	0.0629509	0.185099	0.0402157	0.00491702	0.624311	0.320088	0.0464002	0.133752	0.0898855	0.167328	0.519544	1.02192	2.29121	5	1.656807
687000	-92.309	-122.9954	30.68643	10	0.2137865	0.0457348	0.0362102	0.00201999	0.10011	0.00901344	0.0155099	0.303594	0.174891	0.0075043	0.157716	0.101282	0.000829082	0.0420883	0.418673	3.53841	5	0.9535853
688000	-96.44696	-124.0822	27.63523	10	0.5600283	0.00709968	0.0568595	0.0562795	0.163825	0.0290017	0.0347881	0.405616	0.0409962	0.0452638	0.147479	0.47161	0.0449832	0.289309	0.859471	2.80624	5	1.458818
689000	-94.59158	-123.7212	29.12962	10	0.3712835	0.0964197	0.0137233	0.0869367	0.0318237	0.132177	0.170326	0.141586	0.0872668	0.190093	0.258798	0.189949	0.0127989	0.160002	0.698237	3.12896	5	1.399099
690000	-102.0603	-124.5543	22.49395	10	0.3127373	0.0168794	0.0232287	0.247964	0.000155536	0.105741	0.0352028	0.388764	0.00529493	0.368783	0.646198	0.0703848	0.00638528	0.114433	0.616586	3.2626	5	1.908596
691000	-89.24511	-118.9223	29.67721	10	0.04932848	0.0159854	0.0121319	0.00257203	0.12675	0.0148301	0.00987502	0.141422	0.039282	0.0284909	0.576559	0.0474411	3.47135e-13	8.79199e-07	0.00490041	3.9951	5	1.015339
692000	-102.715	-127.0932	24.37821	10	1.066353	0.0543078	0.0200668	0.186112	0.0929507	0.0255621	0.0893229	0.455789	0.123153	0.300091	0.000770952	0.124246	0.15	0.495826	1.01018	2.34399	5	1.472372
693000	-93.17964	-120.8758	27.69618	10	0.7983305	0.0424392	0.0156272	0.0020773	0.0220184	0.044943	0.222764	0.434037	0.0874256	0.164255	0.314265	0.020699	0.0952034	0.406461	0.956491	2.54184	5	1.370551
694000	-91.13703	-123.9969	32.85989	10	0.07053714	0.0235399	0.0108242	0.00370568	0.0756412	0.0731744	0.0187018	0.108504	0.00236658	0.0637968	0.0620251	0.323659	1.61705e-09	5.99004e-05	0.0282593	3.97168	5	0.7659388
695000	-95.59091	-121.8734	26.28249	10	0.1020618	0.0437885	0.0261133	0.00457504	0.46235	0.0593616	0.0199204	0.0114321	0.434037	0.302836	0.257532	0.0788825	6.96464e-07	0.00123969	0.0993361	3.89942	5	1.700829
696000	-105.384	-124.212	18.82798	2	0.5244324	0.0542557	0.0770853	0.049046	0.0164552	0.0451238	0.0390776	0.0571946	0.224795	0.0549395	0.273255	0.241315	0.0380007	0.267567	0.837263	2.85717	4	1.132542
697000	-99.28868	-122.5627	23.27404	10	0.7044699	0.134849	0.0567754	0.0390349	0.0130093	0.0397471	0.0306005	0.0216415	0.494181	0.18438	0.368921	0.258121	0.0751433	0.365632	0.926514	2.63271	5	1.641261
698000	-88.80588	-121.2485	32.44265	10	0.2865838	0.028561	0.00586933	0.023048	0.00406368	0.000149212	0.00336293	0.158794	0.0257835	0.0244107	0.0647791	0.174593	0.00427026	0.0941076	0.572568	3.32905	5	0.5134137
699000	-92.59126	-119.9917	27.40042	10	1.175708	0.0319922	0.0139163	0.00029371	0.0284155	0.0935605	0.00110886	0.297694	0.140156	0.217341	0.262466	0.0688132	0.170623	0.523868	1.02395	2.28156	5	1.155758
700000	-95.49579	-120.8054	25.30963	10	1.352914	0.0418256	0.0127894	0.0248792	0.0299861	0.0455563	0.00355933	0.331178	0.330397	0.0679154	0.0926848	0.198687	0.201681	0.562091	1.04047	2.19575	5	1.179459
701000	-103.6409	-122.5752	18.93428	10	1.008757	0.110653	0.03013	0.136682	0.210151	0.0698689	0.0292933	0.13967	0.59186	0.108121	0.014168	0.231866	0.138698	0.479368	1.00144	2.3805	5	1.672464
702000	-100.8983	-121.8652	20.96685	10	2.116924	0.147564	0.0242345	0.08091	0.257479	0.0593997	0.0474783	0.337768	0.0949445	0.400714	0.352647	0.102632	0.306844	0.666898	1.07266	1.9536	5	1.905771
703000	-113.8803	-132.2795	18.39924	2	2.091513	0.0536088	0.029727	0.199471	0.0666945	0.0683367	0.0535969	0.214302	0.0454031	0.0877554	0.0209328	0.265437	0.303959	0.664405	1.07212	1.95952	4	1.105266
704000	-108.7649	-131.4989	22.73409	2	0.06090345	0.11187	0.0112032	0.0121467	0.028744	0.0224098	0.0406765	0.0521337	0.00457929	0.162573	0.0129874	0.208574	7.2326e-11	1.26784e-05	0.0148324	3.98515	4	0.667898
705000	-94.8867	-121.2791	26.39244	10	1.910126	0.130187	0.00129783	0.00626684	0.0789105	0.0432543	0.103175	0.542664	0.107807	0.0690328	0.214732	0.207945	0.282305	0.645103	1.06757	2.00502	5	1.505272
706000	-115.1633	-126.4543	11.29099	1	0.4347134	0.0326149	0.0920889	0.144369	0.217216	0.0251821	0.0547707	0.22589	0.608353	0.0651975	0.119415	0.112787	0.0220242	0.207178	0.766269	3.00453	3	1.697885
707000	-96.72459	-121.8038	25.07926	2	0.1526094	0.0266547	0.00554204	0.014057	0.0593146	0.111692	0.0354872	0.0205522	0.0750722	0.271102	0.060738	0.112886	6.21413e-05	0.0116412	0.249683	3.73861	4	0.7930982
708000	-93.12159	-123.949	30.82737	10	0.6061348	0.0452222	0.0163158	0.0273145	0.0467749	0.0116986	0.155438	0.229916	0.186699	0.176491	0.00772127	0.080527	0.0543758	0.315665	0.884417	2.74554	5	0.9841189
709000	-93.65089	-127.7865	34.13565	10	0.3083766	0.0416288	0.0189958	0.0356842	0.255137	0.0351145	0.0149314	0.0630879	0.175275	0.00539359	0.110262	0.0355632	0.00599937	0.111025	0.609606	3.27337	5	0.7910736
710000	-92.09105	-123.8405	31.74948	10	0.03450197	0.00890906	0.0155487	0.0142477	0.0631038	0.011435	0.0653271	0.0735309	0.352139	0.0063786	0.0789198	0.0354404	1.98011e-18	2.10246e-09	0.000400544	3.9996	5	0.7249805
711000	-109.0493	-128.6619	19.61259	2	0.2022718	0.0450305	0.0280434	0.00900392	0.244243	0.206394	0.164782	0.237484	0.230957	0.0216207	0.00768059	0.0960714	0.000574031	0.0350963	0.389561	3.57477	4	1.291311
712000	-89.20732	-120.8787	31.67138	10	0.2275899	0.0415556	0.00686586	0.0423045	0.00430732	0.071818	0.014814	0.193983	0.118456	0.239628	0.0285372	0.0263463	0.00122644	0.0510535	0.451786	3.49593	5	0.788615
713000	-94.72446	-121.1604	26.43596	10	2.849462	0.0419489	0.01972	0.0236568	0.0723696	0.139086	0.081764	0.106395	0.136136	0.303363	0.300216	0.124767	0.37727	0.722837	1.08166	1.81823	5	1.349423
714000	-95.26286	-123.2884	28.02558	10	1.031987	0.06898	0.0133022	0.0481819	0.0893455	0.0554283	0.0791349	0.0879334	0.265647	0.0912224	0.327558	0.108547	0.143292	0.48616	1.0051	2.36544	5	1.23528
715000	-96.9717	-124.8744	27.90273	10	0.665822	0.0542929	0.0458674	0.0366009	0.048338	0.141329	0.0947485	0.343049	0.126101	0.0198926	0.11436	0.223559	0.0669081	0.346948	0.911513	2.67463	5	1.248138
716000	-108.3086	-123.1703	14.86174	10	1.272041	0.0364697	0.0262389	0.151361	0.00495482	0.273395	0.000853235	0.628473	0.388556	0.0291969	0.00156027	0.272655	0.187866	0.545621	1.03367	2.23285	5	1.813712
717000	-98.68674	-124.5761	25.88933	10	0.461155	0.0482371	0.0691791	0.237866	0.01437	0.0163128	0.0741766	0.344212	0.225499	0.0439082	0.0116215	0.281164	0.0264343	0.225802	0.789808	2.95796	5	1.366546
718000	-111.816	-126.1439	14.32786	2	2.505259	0.0887488	0.0539424	0.117317	0.0261809	0.00627391	0.225144	0.278382	0.35633	0.214116	0.0603544	0.0193745	0.346955	0.699845	1.07869	1.87451	4	1.446165
719000	-109.072	-123.1137	14.04163	2	3.954178	0.10768	0.0735145	0.0713632	0.177549	0.0784046	0.0496434	0.365658	0.0811199	0.04521	0.171774	0.268695	0.451827	0.773609	1.08441	1.69016	4	1.490612
720000	-103.4465	-122.1059	18.65933	2	0.4321084	0.0900883	0.0158537	0.00813378	0.142845	0.0707233	0.0344509	0.0623205	0.328039	0.13649	0.0674909	0.304224	0.0216059	0.205308	0.763813	3.00927	4	1.260659
721000	-100.1986	-124.8624	24.66383	2	0.660045	0.0252407	0.0384016	0.0657687	0.0541363	0.0465933	0.0023528	0.101522	0.0584032	0.307784	0.0287985	0.0333835	0.065683	0.344052	0.909112	2.68115	4	0.762385
722000	-91.9536	-122.2141	30.26047	10	0.3489029	0.047816	0.0797984	0.0391604	0.00831113	0.0425038	0.032877	0.0813075	0.217484	0.0441155	0.0944265	0.497975	0.0100848	0.142702	0.669494	3.17772	5	1.185775
723000	-100.8621	-121.9682	21.10616	2	0.4139815	0.106029	0.00912533	0.117573	0.00471885	0.082689	0.0207589	0.178596	0.0286169	0.00589726	0.157132	0.262211	0.0187821	0.192121	0.745977	3.04312	4	0.9733464
724000	-96.6772	-128.218	31.54082	10	0.1728862	0.0431218	0.0941189	0.0779865	0.0755022	0.148781	0.0218911	0.150577	0.0389764	0.0243461	0.0978941	0.192475	0.000179799	0.0197414	0.309319	3.67076	5	0.9656705
725000	-95.69924	-121.0003	25.30105	10	0.1462332	0.0393324	0.0279543	0.00264118	0.0170502	0.0323955	0.0522767	0.230781	0.113458	0.115098	0.163531	0.224754	4.18576e-05	0.00956255	0.230436	3.75996	5	1.019272
726000	-91.16877	-122.5573	31.38849	10	0.2657221	0.0512697	0.0336972	0.0945908	0.035275	0.0702171	0.0570558	0.0774716	0.0403373	0.167067	0.0646994	0.419306	0.00292686	0.0782563	0.53349	3.38533	5	1.110987
727000	-110.5752	-130.7542	20.17899	1	1.050872	0.0319801	0.0193564	0.0301214	0.030985	0.10245	0.0254371	0.124645	0.0759897	0.0411729	0.224181	0.0411505	0.146991	0.491526	1.00794	2.35354	3	0.7474696
728000	-89.45403	-122.2296	32.7756	10	0.1774834	0.014124	0.00565667	0.0182444	0.0243789	0.0917939	0.0518511	0.282966	0.0379643	0.127928	0.0172779	0.1726	0.000221159	0.0218783	0.322404	3.6555	5	0.844785
729000	-108.1086	-127.0468	18.93823	2	0.7209678	0.0235777	0.0497649	0.0112888	0.0596891	0.0390145	0.197151	0.163639	0.230117	0.0588983	0.134128	0.218564	0.0786714	0.373258	0.932397	2.61567	4	1.185832
730000	-98.41508	-122.5449	24.12985	10	0.7089829	0.0710864	0.0780139	0.0601796	0.000762293	0.122705	0.00559481	0.0733729	0.028666	0.414656	0.183419	0.645474	0.076108	0.367738	0.928152	2.628	5	1.683931
731000	-92.4352	-124.2187	31.78354	10	0.3996774	0.030583	0.0895499	0.0514374	0.0206196	0.0885439	0.00101893	0.251935	0.0358115	0.0981141	0.125667	0.204118	0.0166679	0.181515	0.730931	3.07089	5	0.9973986
732000	-100.1849	-122.3192	22.1343	10	0.1520578	0.0482633	0.0126358	0.0423756	0.146325	0.0236512	0.107559	0.484558	0.020315	0.518933	0.0513711	0.344934	6.01317e-05	0.0114523	0.248024	3.74046	5	1.800922
733000	-94.4002	-127.1413	32.74111	10	0.2369539	0.018243	0.0630974	0.0234306	0.0313083	0.0225109	0.110512	0.1863	0.00242445	0.0948263	0.0659914	0.0436772	0.00155848	0.0574437	0.473154	3.46784	5	0.6623222
734000	-108.9704	-126.6819	17.71147	2	0.6194636	0.101451	0.0515684	0.041168	0.0556487	0.0338426	0.218408	0.343406	0.182191	0.0424271	0.142221	0.0988291	0.0571456	0.32292	0.890933	2.729	4	1.311161
735000	-88.93564	-120.5162	31.58053	10	0.7640581	0.0719226	0.0230905	0.0240975	0.0436933	0.0492101	0.037	0.132183	0.149677	0.26711	0.0522971	0.130908	0.0878911	0.392251	0.946476	2.57338	5	0.981188
736000	-100.7503	-121.1571	20.40689	10	0.7358998	0.0796983	0.0294634	0.080406	0.0271513	0.23094	0.0876447	0.230181	0.0410002	0.503657	0.340352	0.076742	0.081867	0.379987	0.937478	2.60067	5	1.727236
737000	-87.71648	-121.4551	33.73866	10	0.04229102	0.00304115	0.0329491	0.0151518	0.0826521	0.0294967	0.0022494	0.0300197	0.0373046	0.0638835	0.01293	0.53767	3.23603e-15	8.49382e-08	0.00185827	3.99814	5	0.8473479
738000	-103.377	-123.4494	20.07239	2	0.1453483	0.101	0.0423572	0.0433324	0.0116189	0.112791	0.0369179	0.19546	0.400899	0.117619	0.00524413	0.0910703	3.95157e-05	0.00929229	0.227754	3.76291	4	1.158309
739000	-98.8603	-125.0592	26.19889	10	0.8653173	0.105771	0.0024386	0.160147	0.104409	0.235739	0.0219205	0.0635206	0.508643	0.0942356	0.0114074	0.350946	0.109363	0.43216	0.973531	2.48495	5	1.659179
740000	-94.85201	-125.5542	30.70217	10	0.1343527	0.00813456	0.0191812	0.052181	0.141343	0.0489388	0.0581129	0.122726	0.00395167	0.133455	0.034852	0.284401	1.81339e-05	0.00630368	0.194297	3.79938	5	0.9072777
741000	-96.70126	-130.3957	33.69446	10	0.008064529	0.00386372	0.0510028	0.0189817	0.0109809	0.0695941	0.151943	0.0922262	0.0760168	0.000342705	0.26001	0.0764887	1.23988e-75	5.27315e-38	5.41305e-16	4	5	0.8114509
742000	-113.6332	-120.6801	7.0469	1	0.9037387	0.0979231	0.0412248	0.0815171	0.00012829	0.0263175	0.0674623	0.759916	0.417453	0.062247	0.416828	0.104374	0.11737	0.445775	0.98202	2.45484	3	2.075392
743000	-98.30016	-124.05	25.74981	10	0.7908964	0.0275611	0.0106585	0.127925	0.0752693	0.0799587	0.0478332	0.179702	0.375769	0.199426	0.099031	0.0872138	0.0936201	0.403443	0.9544	2.54854	5	1.310348
744000	-97.2685	-124.6405	27.37203	10	0.5425874	0.171399	0.13232	0.0456276	0.0889741	0.0365614	0.0685666	0.291981	0.215482	0.12043	0.193975	0.2235	0.0415272	0.278812	0.848943	2.83072	5	1.588817
745000	-100.5979	-125.4797	24.88187	2	0.8612067	0.0317581	0.0158789	0.0115158	0.0771545	0.0833641	0.0597797	0.135091	0.00183724	0.0293646	0.0933552	0.107553	0.108501	0.430657	0.972571	2.48827	4	0.6466518
746000	-101.9298	-120.5424	18.6127	10	1.492232	0.0298579	0.0140891	0.00375576	0.0176695	0.133318	0.0506691	0.141629	0.18741	0.301794	0.325873	0.27287	0.22412	0.587258	1.04996	2.13866	5	1.478935
747000	-100.9727	-124.9025	23.92987	10	0.4868302	0.0160743	0.0064317	0.0414691	0.194187	0.00409948	0.0440605	0.368074	0.0184712	0.375207	0.248557	0.135279	0.0309735	0.243231	0.810444	2.91535	5	1.451911
748000	-97.35828	-123.5336	26.17531	10	0.4162451	0.053296	0.00572734	0.0570836	0.0223359	0.039138	0.0530661	0.226444	0.115262	0.436553	0.304556	0.114672	0.0191261	0.193784	0.748278	3.03881	5	1.428133
749000	-97.63176	-124.3775	26.74577	10	1.47929	0.0304492	0.0148936	0.114929	0.0636848	0.076986	0.103842	0.212876	0.298438	0.0816176	0.0957179	0.264943	0.222105	0.585073	1.04918	2.14364	5	1.358377
750000	-102.265	-123.3887	21.12371	2	0.1916489	0.00642607	0.0264335	0.00790313	0.0109175	0.0156998	0.0231287	0.351971	0.0487754	0.173908	0.119185	0.121834	0.000393166	0.0291009	0.361513	3.60899	4	0.9061816
751000	-93.89715	-122.0228	28.12563	10	0.5475363	0.0339366	0.0751412	0.0373635	0.110621	0.0629532	0.0565886	0.0724455	0.301249	0.200298	0.257858	0.0680217	0.0425015	0.281821	0.851997	2.82368	5	1.276475
752000	-97.10721	-125.829	28.72182	10	0.08464643	0.0189793	0.0114276	0.0145455	0.183969	0.0411102	0.0218953	0.118179	0.146833	0.277961	0.108826	0.0442615	4.27012e-08	0.000307445	0.0557231	3.94397	5	0.9879869
753000	-97.32414	-122.7783	25.45415	10	0.2551629	0.0338889	0.114689	0.00622663	0.0263409	0.0538561	0.0639158	0.306056	0.0695209	0.0793991	0.108064	0.228537	0.00236116	0.070443	0.512248	3.41495	5	1.090494
754000	-96.23554	-129.5204	33.28485	10	0.03146869	0.0450831	0.0627813	0.0254596	0.020092	0.00882796	0.0135983	0.104738	0.00945381	0.0181135	0.0187208	0.264208	4.12007e-20	3.03354e-10	0.000179396	3.99982	5	0.5910761
755000	-97.3655	-125.0681	27.7026	10	0.009789636	0.005358	0.0192712	0.0554009	0.0961276	0.085989	0.11705	0.333035	0.297907	0.0912044	0.227689	0.0296992	1.77353e-62	1.99404e-31	2.90631e-13	4	5	1.358731
756000	-86.07294	-123.6811	37.60814	10	0.61104	0.0903253	0.0211245	0.00946598	0.073277	0.049614	0.0068951	0.100219	0.0408381	0.1093	0.149315	0.0379192	0.0553928	0.318353	0.886848	2.73941	5	0.6882935
757000	-102.68	-124.6143	21.93432	10	3.439134	0.0231437	0.0563041	0.0417175	0.0197904	0.0760594	0.108987	0.469461	0.256917	0.441123	0.0381384	0.0322871	0.420618	0.753268	1.08397	1.74215	5	1.56393
758000	-104.3224	-121.9763	17.65392	2	2.167585	0.0974079	0.0230811	0.066745	0.0519882	0.0401359	0.0525463	0.220112	0.36358	0.165224	0.10177	0.0633162	0.312491	0.671728	1.07367	1.94211	4	1.245907
759000	-91.44518	-122.5916	31.14637	10	1.249078	0.0256655	0.0672258	0.096699	0.0739455	0.0375222	0.0120912	0.135565	0.183239	0.142102	0.250426	0.0407051	0.183834	0.540659	1.03152	2.24398	5	1.065187
760000	-98.31332	-123.6643	25.35099	10	0.9288217	0.0534472	0.0207601	0.0985268	0.245171	0.0446807	0.00608417	0.29394	0.0917837	0.00183951	0.352882	0.119175	0.122542	0.45426	0.987126	2.43607	5	1.328291
761000	-99.21341	-126.0238	26.8104	10	0.06110622	0.0112883	0.00215907	0.0439902	0.0350819	0.11753	0.0804817	0.165405	0.226447	0.14679	0.0175078	0.26538	7.7998e-11	1.31659e-05	0.0150665	3.98492	5	1.112062
762000	-107.6791	-129.8353	22.15623	10	0.8166023	0.00193174	0.180983	0.0833331	0.145654	0.11617	0.0298759	0.22069	0.067703	0.241826	0.19901	0.149729	0.0990864	0.413733	0.961451	2.52573	5	1.436905
763000	-94.16891	-119.9283	25.75934	10	0.5685763	0.0596844	0.0434998	0.015455	0.0888418	0.0455777	0.0474458	0.252733	0.0533691	0.38855	0.494828	0.216673	0.0466986	0.294347	0.8644	2.79455	5	1.706658
764000	-108.8263	-127.4551	18.62876	1	0.09718765	0.0248094	0.00754568	0.056482	0.031716	0.0973498	0.185039	0.0259407	0.0535335	0.0790729	0.208593	0.22778	3.52687e-07	0.000882583	0.0862947	3.91282	3	0.9978607
765000	-97.55389	-127.1343	29.58037	10	1.089693	0.029868	0.0768565	0.125767	0.045846	0.0551361	0.00384061	0.203551	0.112332	0.193383	0.0824221	0.0200408	0.154495	0.502145	1.01341	2.32995	5	0.9490429
766000	-99.90624	-122.1034	22.19721	10	1.972249	0.0541983	0.0381467	0.00363805	0.0320286	0.122036	0.0208988	0.296252	0.333697	0.0396246	0.292626	0.151683	0.289939	0.65203	1.06928	1.98875	5	1.384828
767000	-96.46936	-123.3644	26.89501	10	0.8322455	0.0725686	0.0208622	0.0385711	0.00642675	0.0786706	0.0881432	0.327916	0.0848295	0.116103	0.03053	0.0789696	0.102399	0.419799	0.965504	2.5123	5	0.9435903
768000	-104.035	-124.3342	20.29918	2	1.194556	0.101453	0.00909278	0.021293	0.0730849	0.103196	0.0233704	0.174853	0.108318	0.10903	0.0534717	0.17259	0.174065	0.528324	1.02601	2.2716	4	0.9497521
769000	-97.49803	-122.8623	25.36423	10	1.298756	0.0598426	0.0248524	0.0206753	0.0653181	0.197393	0.0907953	0.335469	0.143525	0.12904	0.115171	0.056587	0.192495	0.55123	1.03604	2.22024	5	1.238668
770000	-105.1471	-123.1496	18.00254	2	0.5321029	0.0578749	0.0609649	0.0352057	0.0130784	0.151249	0.0127762	0.11714	0.132511	0.304409	0.332847	0.188242	0.0394812	0.272358	0.842291	2.84587	4	1.406298
771000	-104.0206	-126.8053	22.78468	2	0.3588341	0.0555471	0.00366414	0.0834492	0.03241	0.0538627	0.0665824	0.21636	0.224672	0.0675664	0.189872	0.0149455	0.0112508	0.150408	0.682596	3.15574	4	1.008931
772000	-95.3175	-122.959	27.64154	2	0.05886199	0.00176249	0.0320434	0.00326207	0.0358768	0.00118147	3.24817e-05	0.106268	0.02604	0.077102	0.179549	0.0449277	3.28542e-11	8.54648e-06	0.0125927	3.9874	4	0.5080458
773000	-101.9428	-124.5319	22.58909	10	0.4032708	0.0143174	0.016574	0.0274134	0.384964	0.0824551	0.072746	0.457752	0.16689	0.271396	0.0421358	0.0428522	0.0171891	0.184195	0.734796	3.06382	5	1.579496
774000	-100.061	-124.4029	24.34191	10	0.3529506	0.278797	0.0198442	0.096249	0.0442657	0.110398	0.0666523	0.0206906	0.0255921	0.280686	0.306328	0.352429	0.0105525	0.145848	0.674903	3.1687	5	1.601932
775000	-98.59977	-123.6316	25.03188	10	1.758835	0.121653	0.0194857	0.0269005	0.0379658	0.0750123	0.111734	0.156189	0.240288	0.294453	0.194123	0.0910905	0.262683	0.626646	1.06259	2.04808	5	1.368896
776000	-92.36999	-126.8333	34.46328	10	0.9726247	0.0199434	0.0373194	0.00702262	0.0147616	0.0538802	0.0109967	0.118843	0.126615	0.0619323	0.0840103	0.0421203	0.13146	0.468366	0.995312	2.40486	5	0.5774443
777000	-103.792	-122.2482	18.4562	2	1.206465	0.0418096	0.050414	0.0295098	0.119031	0.0626342	0.0202252	0.195989	0.0753386	0.0927702	0.194341	0.351451	0.176223	0.531088	1.02727	2.26542	4	1.233512
778000	-99.72859	-120.7946	21.066	10	4.350152	0.0655559	0.0443877	0.0308604	0.019588	0.0356764	0.0435611	0.224197	0.508009	0.111676	0.444385	0.169299	0.472621	0.786509	1.0842	1.65667	5	1.697195
779000	-92.92052	-120.8028	27.88229	10	0.3763171	0.0381725	0.0149234	0.00521489	0.00832931	0.13281	0.046609	0.236708	0.0777343	0.0588009	0.218777	0.296858	0.0134513	0.163856	0.704326	3.11837	5	1.134937
780000	-97.06084	-126.9862	29.92536	10	0.06614611	0.0185153	0.0122917	0.00397965	0.0847713	0.0843797	0.159567	0.266643	0.0490305	0.21937	0.0146374	0.030245	4.38963e-10	3.12206e-05	0.0215614	3.97841	5	0.9434302
781000	-99.54647	-122.8831	23.33667	10	0.2544931	0.0414717	0.0270337	0.145666	0.027189	0.0856617	0.0294054	0.448296	0.098791	0.0811603	0.154436	0.262102	0.0023278	0.0699534	0.510866	3.41685	5	1.401213
782000	-88.7677	-120.142	31.37426	10	0.4850783	0.039352	0.0230669	0.036203	0.0432014	0.00135381	0.019848	0.286357	0.0289774	0.188895	0.11767	0.182344	0.0306565	0.242063	0.8091	2.91818	5	0.9672687
783000	-102.6228	-123.0068	20.38396	2	0.06946194	0.0103289	0.0143491	0.0383657	0.287614	0.056801	0.00980211	0.17844	0.500389	0.0396931	0.037962	0.0946951	1.19312e-09	5.14574e-05	0.0265318	3.97342	4	1.26844
784000	-92.45877	-120.8919	28.43317	10	1.686957	0.0282119	0.0666524	0.024971	0.0633805	0.0251277	0.0616214	0.320657	0.288746	0.253256	0.100332	0.0161662	0.252813	0.616981	1.05974	2.07046	5	1.249122
785000	-93.96979	-121.7389	27.76913	10	0.384357	0.0159633	0.0573471	0.0909676	0.00228253	0.0493936	0.029073	0.048746	0.403957	0.370567	0.352764	0.0165164	0.0145238	0.169977	0.713782	3.10172	5	1.437578
786000	-93.46026	-127.3677	33.90747	10	0.3254495	0.0360603	0.00984964	0.0958349	0.0520538	0.014375	0.0922907	0.0713847	0.0607114	0.148635	0.119733	0.0550892	0.00758521	0.124383	0.636167	3.23186	5	0.7560172
787000	-100.1512	-120.3681	20.2169	10	1.069564	0.0269546	0.0103478	0.177241	0.0111299	0.0742495	0.00571196	0.623687	0.100768	0.538225	0.614104	0.00824479	0.150621	0.496707	1.01063	2.34204	5	2.190663
788000	-97.82054	-122.5363	24.71576	10	0.8685545	0.0514332	0.0237267	0.0393612	0.00652464	0.00505998	0.273277	0.399976	0.035837	0.0667845	0.233988	0.275994	0.110041	0.433337	0.974279	2.48234	5	1.411962
789000	-96.5508	-123.4936	26.94284	10	0.323321	0.00192453	0.057476	0.178935	0.0822887	0.0119347	0.0679828	0.131864	0.117312	0.329076	0.298217	0.0374147	0.00737658	0.122716	0.632967	3.23694	5	1.314425
790000	-97.53496	-121.2824	23.74744	10	1.843698	0.101927	0.0107343	0.0374748	0.0218107	4.69302e-05	0.0139556	0.364171	0.142261	0.222718	0.140848	0.164667	0.273875	0.637292	1.06554	2.0233	5	1.220614
791000	-100.1938	-122.2003	22.00652	2	0.4900358	0.0142056	0.0370783	0.0445065	0.0009877	0.0219114	0.0656417	0.0833807	0.258975	0.152219	0.0192159	0.207238	0.0315561	0.245361	0.812881	2.9102	4	0.9053597
792000	-104.2163	-121.9089	17.69258	2	0.6763733	0.0879829	0.0235983	0.00923634	0.053954	0.0701771	0.0416741	0.24283	0.0877596	0.310416	0.0108774	0.385978	0.0691504	0.352166	0.915788	2.6629	4	1.324484
793000	-106.529	-125.8202	19.29114	2	0.8279682	0.0616573	0.0005577	0.0225595	0.0347836	0.115688	0.0363972	0.223041	0.100754	0.0391234	0.35519	0.0297812	0.101495	0.418155	0.964413	2.51594	4	1.019534
794000	-89.64404	-120.5085	30.86448	10	0.3281682	0.0480586	0.00477115	0.0312696	0.0629401	0.00640992	0.0435829	0.277779	0.117705	0.169658	0.15017	0.357877	0.00785617	0.126511	0.640212	3.22542	5	1.270221
795000	-103.0007	-123.5431	20.54241	2	0.2827368	0.0275549	0.113659	0.00351869	0.00116582	0.0267119	0.0293367	0.25701	0.0430802	0.183072	0.110814	0.411498	0.00399967	0.091152	0.565639	3.33921	4	1.20742
796000	-101.7473	-128.0364	26.28918	2	0.1047744	0.0324785	0.0194963	0.00776374	0.0105381	0.0255926	0.02195	0.0919441	0.138993	0.00602595	0.000666452	0.0915978	9.89544e-07	0.0014773	0.106815	3.89171	4	0.4470467
797000	-96.02717	-119.7337	23.7065	10	2.560197	0.0414772	0.0193829	0.0337142	0.057278	0.0460015	0.000364672	0.501016	0.328951	0.0520275	0.17672	0.105544	0.352091	0.703849	1.07928	1.86478	5	1.362477
798000	-96.64969	-126.9047	30.25505	10	1.304664	0.0156175	0.0424917	0.115387	0.177103	0.0417061	0.0398481	0.215849	0.0647103	0.0375998	0.0472886	0.268353	0.19351	0.552447	1.03655	2.2175	5	1.065955
799000	-85.24442	-121.67	36.4256	10	0.04668731	0.0127206	0.0103241	0.000234377	0.00595042	0.0376548	0.0210346	0.0305085	0.0365992	0.0474178	0.0904272	0.163097	7.08321e-14	3.97237e-07	0.00352427	3.99648	5	0.4559686
800000	-95.56207	-123.309	27.74691	10	0.08412389	0.108989	0.00310513	0.0064498	0.107524	0.0369717	0.00441327	0.271244	0.0977375	0.222998	0.324761	0.109369	3.85742e-08	0.000292224	0.0545612	3.94515	5	1.293563
801000	-101.0769	-126.4803	25.40334	10	0.4830003	0.0610466	0.015279	0.00853291	0.18801	0.0573614	0.0735961	0.543572	0.0676816	0.0823606	0.0507974	0.268237	0.0302818	0.240673	0.807494	2.92155	5	1.416475
802000	-106.8059	-126.0961	19.2902	1	0.9391912	0.0525295	0.0278816	0.060488	0.0768073	0.0814866	0.000853006	0.0667992	0.075086	0.110048	0.205509	0.0900285	0.124667	0.457679	0.989145	2.42851	3	0.8475166
803000	-93.95981	-124.9561	30.99632	10	0.3984337	0.044984	0.0165516	0.0267904	0.0309092	0.0191287	0.0314533	0.0849718	0.0232818	0.0783042	0.117913	0.10211	0.0164891	0.180585	0.72958	3.07335	5	0.5763979
804000	-106.2626	-129.3099	23.04727	10	0.2619096	0.0621723	0.125897	0.216106	0.0189823	0.0678425	0.105432	0.19732	0.210318	0.0572539	0.159564	0.185988	0.0027139	0.0754157	0.525937	3.39593	5	1.406875
805000	-99.44647	-125.1872	25.74072	10	0.09684966	0.0311185	0.0117346	0.101212	0.0548062	0.00267522	0.0690418	0.386294	0.0731155	0.0445211	0.354777	0.0514591	3.35578e-07	0.000860937	0.0854112	3.91373	5	1.180754
806000	-104.2439	-126.483	22.23909	2	0.04198724	0.0160334	0.0106552	0.0514673	0.0451417	0.056941	0.0191865	0.370944	0.302779	0.0387831	0.0391329	0.00954853	2.55293e-15	7.54444e-08	0.0017691	3.99823	4	0.9606125
807000	-100.0041	-127.0814	27.07737	10	0.8096673	0.0864675	0.0670412	0.0823766	0.0762517	0.0766796	0.00992727	0.190053	0.11965	0.279565	0.000124178	0.0811734	0.0976142	0.410997	0.959598	2.53179	5	1.069309
808000	-105.1898	-122.0242	16.83443	2	0.9128252	0.0322502	0.00495935	0.0406096	0.127314	0.0475805	0.139259	0.259222	0.14862	0.123499	0.420565	0.0989616	0.119249	0.448884	0.983907	2.44796	4	1.442841
809000	-106.4687	-124.3734	17.9047	2	0.240042	0.0994443	0.0384937	0.0583948	0.0190244	0.0234786	0.00569468	0.285377	0.00401014	0.186458	0.498503	0.0497994	0.0016797	0.0595987	0.48001	3.45871	4	1.268678
810000	-88.64129	-120.8504	32.20915	10	0.2850129	0.0486489	0.0125696	0.00450331	0.0330049	0.013027	0.056837	0.2427	0.21455	0.361293	0.0951023	0.0277516	0.00415851	0.0928992	0.569754	3.33319	5	1.109988
811000	-107.3011	-125.3238	18.0227	1	0.4827028	0.00280597	0.0264306	0.0255065	0.124769	0.0161802	0.09695	0.267817	0.17986	0.150459	0.065383	0.0637542	0.0302283	0.240474	0.807263	2.92204	3	1.019916
812000	-92.72425	-124.0813	31.35708	10	0.1492703	0.0363081	0.0376481	0.100963	0.0946757	0.130907	0.0189681	0.254874	0.0341227	0.202648	0.18343	0.101778	5.07395e-05	0.010524	0.239624	3.7498	5	1.196323
813000	-89.82576	-122.8706	33.04482	10	0.406381	0.0287485	0.0573551	0.00701118	0.0392944	0.016954	0.0777554	0.310903	0.0540212	0.0442142	0.0990565	0.0758547	0.0176456	0.186507	0.738094	3.05775	5	0.8111685
814000	-90.28223	-120.5573	30.27511	10	0.04431329	0.0293146	0.00336975	0.0177078	0.0146222	0.0894418	0.0215604	0.307747	0.0752081	0.0716871	0.559599	0.0145206	1.44392e-14	1.79388e-07	0.00253408	3.99747	5	1.204778
815000	-97.1313	-122.8602	25.7289	10	1.108644	0.0410751	0.103939	0.067863	0.0186558	0.0856354	0.0866366	0.201817	0.0335544	0.275096	0.124805	0.235136	0.158107	0.507137	1.0159	2.31885	5	1.274213
816000	-97.04385	-123.998	26.95414	10	1.398306	0.0902152	0.0629464	0.110955	0.0493975	0.023152	0.0567601	0.230423	0.282235	0.0898427	0.135146	0.0765596	0.209177	0.570705	1.04385	2.17627	5	1.207633
817000	-99.71201	-121.6204	21.90837	10	2.281768	0.112357	0.0679884	0.0884923	0.0225152	0.0218034	0.00130103	0.296851	0.176913	0.275103	0.0282657	0.329044	0.324739	0.681981	1.07567	1.91761	5	1.420633
818000	-116.0399	-126.5388	10.49895	1	2.046701	0.0553732	0.06768	0.119361	0.239836	0.0771964	0.127461	0.342597	0.164414	0.130111	0.284683	0.00717839	0.298786	0.65989	1.07112	1.97021	3	1.615891
819000	-104.4512	-126.2979	21.84663	10	1.056036	0.0439576	0.00299255	0.146025	0.0107244	0.127172	0.151326	0.43935	0.320413	0.119747	0.235115	0.119671	0.147997	0.49297	1.0087	2.35033	5	1.716494
820000	-99.0084	-123.1385	24.13012	10	1.080434	0.029009	0.0266136	0.024632	0.0292275	0.301455	0.0658028	0.543068	0.250591	0.0691684	0.036925	0.215683	0.152718	0.499661	1.01215	2.33547	5	1.592175
821000	-101.2273	-122.3941	21.16682	1	0.4063382	0.0417485	0.00337637	0.00262387	0.0150204	0.0388576	0.0352807	0.117147	0.0177461	0.196757	0.143976	0.100607	0.0176393	0.186475	0.738049	3.05784	3	0.7131405
822000	-92.21629	-121.5079	29.29163	10	0.7681506	0.108457	0.0191501	0.0121937	0.0430836	0.0165793	0.079285	0.39845	0.162807	0.159058	0.0822127	0.159879	0.0887658	0.393988	0.947723	2.56952	5	1.241155
823000	-105.7662	-121.6774	15.91115	1	1.722598	0.0223963	0.00703696	0.0508849	0.0378855	0.00739609	0.0785713	0.148327	0.317805	0.131858	0.190526	0.114395	0.257753	0.621852	1.0612	2.05919	3	1.107081
824000	-92.48218	-124.7621	32.27996	10	0.2475829	0.0680898	0.0196661	0.0517377	0.0934688	0.0690506	0.0289027	0.112281	0.13946	0.00475118	0.341518	0.0206323	0.00200102	0.06495	0.496361	3.43669	5	0.9495584
825000	-102.3986	-126.0743	23.67567	10	0.5101613	0.0872818	0.0494119	0.0734601	0.0819476	0.0043367	0.0372027	0.323705	0.0684117	0.534138	0.0549029	0.0318574	0.0352862	0.258498	0.827524	2.87869	5	1.346655
826000	-101.8177	-120.4404	18.62276	10	2.25215	0.217249	0.019178	0.0755821	0.0838103	0.0325294	0.0222753	0.520887	0.0131311	0.169552	0.177288	0.352187	0.321624	0.679401	1.07519	1.92379	5	1.68367
827000	-89.46507	-120.8983	31.43322	10	0.8711648	0.021416	0.00606199	0.0246721	0.0596674	0.0438237	0.0258379	0.271406	0.311871	0.174859	0.0680442	0.155709	0.110587	0.434282	0.974878	2.48025	5	1.163368
828000	-103.2901	-122.4025	19.11244	2	0.452081	0.01894	0.0592848	0.0422754	0.0074384	0.0329942	0.155615	0.363918	0.0314832	0.0761872	0.215325	0.333748	0.0248885	0.219487	0.782007	2.97362	4	1.337208
829000	-90.13624	-121.1175	30.98126	10	0.02814696	0.0521752	0.00364537	0.102123	0.0648395	0.0182766	0.0314861	0.0550283	0.000526498	0.404698	0.0861897	0.292015	2.27671e-22	2.25567e-11	6.1025e-05	3.99994	5	1.111004
830000	-89.75904	-120.7743	31.01531	10	0.1774286	0.0653646	0.0266679	0.0176768	0.0290424	0.0803843	0.0270392	0.324516	0.271202	0.044783	0.300451	0.166218	0.000220627	0.0218522	0.322249	3.65568	5	1.353344
831000	-90.28301	-120.9027	30.61969	10	0.33817	0.00862862	0.0170622	0.0323874	0.0806718	0.0625029	0.0523453	0.127121	0.071455	0.125029	0.154421	0.261597	0.00889577	0.134333	0.654674	3.2021	5	0.9932221
832000	-96.31983	-125.0679	28.74805	10	0.232439	0.0048641	0.0163198	0.0263037	0.223466	0.022494	0.0537487	0.446004	0.197483	0.00268521	0.0217041	0.306905	0.00139181	0.0543344	0.462961	3.48131	5	1.321978
833000	-100.1013	-122.3815	22.2802	10	0.3673646	0.108898	0.0186502	0.0533766	0.0064986	0.0989834	0.0864465	0.758102	0.0472165	0.0630124	0.258673	0.30682	0.0123014	0.156991	0.693404	3.1373	5	1.806678
834000	-102.2115	-124.3665	22.15497	10	0.4017111	0.131495	0.00566765	0.0250679	0.0827524	0.0366574	0.0385946	0.249617	0.56504	0.276314	0.0658596	0.0864913	0.016962	0.183033	0.733126	3.06688	5	1.563557
835000	-99.17536	-126.5968	27.42141	10	0.1991224	0.109188	0.0046973	0.0840644	0.0471332	0.148919	0.0275288	0.331656	0.154797	0.0423976	0.0856536	0.0213831	0.000515277	0.0332707	0.381364	3.58485	5	1.057417
836000	-96.2347	-121.6642	25.42949	10	0.7338458	0.0956049	0.00465519	0.0165745	0.0303198	0.0818564	0.188422	0.389996	0.17856	0.36587	0.223621	0.138937	0.0814274	0.379071	0.936793	2.60271	5	1.714418
837000	-101.4506	-122.4745	21.02391	10	0.8171581	0.0810243	0.0217016	0.0852211	0.215665	0.0536542	0.000801602	0.192335	0.0199219	0.754439	0.227603	0.0638873	0.0992042	0.413951	0.961598	2.52525	5	1.716254
838000	-96.21105	-130.7992	34.58813	10	0.7138607	0.0037312	0.0580839	0.0478282	0.11312	0.0218266	0.0439621	0.0808476	0.0297542	0.216359	0.052958	0.150421	0.0771511	0.369997	0.929898	2.62295	5	0.818892
839000	-96.93331	-126.1685	29.23516	10	0.1724091	0.0143468	0.0232846	0.131091	0.103927	0.0259229	0.00746433	0.374779	0.158129	0.0929337	0.0323686	0.135473	0.000175865	0.0195257	0.307951	3.67235	5	1.09972
840000	-101.1047	-124.6493	23.5446	10	1.237614	0.0293546	0.0136272	0.0867487	0.206554	0.00608417	0.188608	0.244183	0.148152	0.141763	0.191944	0.251203	0.181803	0.538132	1.03042	2.24965	5	1.508221
841000	-96.76956	-123.8006	27.03104	10	0.123724	0.149524	0.033669	0.0225205	0.100636	0.0729671	0.00633461	0.237572	0.266935	0.242766	0.0889602	0.00761888	7.48581e-06	0.00405518	0.162075	3.83386	5	1.229503
842000	-92.83873	-121.0786	28.23984	10	0.3018207	0.0416295	0.00030818	0.0344849	0.0362205	0.10866	0.0580144	0.194433	0.101121	0.0396781	0.0996142	0.312628	0.00544416	0.105912	0.598848	3.2898	5	1.026793
843000	-91.76207	-120.9218	29.15977	10	0.7931629	0.0595766	0.0402788	0.0361192	0.0891985	0.0484894	0.016941	0.437619	0.0620278	0.22609	0.134758	0.109446	0.094103	0.404367	0.955042	2.54649	5	1.260544
844000	-92.93742	-122.6662	29.72882	10	0.1436222	0.0706174	0.0226744	0.0733082	0.171947	0.0638483	0.0109079	0.250849	0.101983	0.0291307	0.211031	0.0492879	3.52452e-05	0.00877783	0.222514	3.76867	5	1.055584
845000	-100.6363	-124.7765	24.14021	10	0.5286572	0.0643974	0.00328964	0.0341474	0.0272709	0.144417	0.424531	0.201995	0.16338	0.216395	0.0116649	0.277016	0.0388143	0.270213	0.84005	2.85092	5	1.568505
846000	-98.41213	-122.9346	24.52245	10	1.011675	0.0706184	0.0167007	0.0360312	0.146398	0.0573486	0.0743403	0.387684	0.102035	0.0467851	0.260777	0.428906	0.139277	0.480233	1.00191	2.37858	5	1.627624
847000	-99.27349	-127.0403	27.76682	10	2.285446	0.14524	0.127018	0.0426993	0.16243	0.0398174	0.0277217	0.172434	0.101034	0.248947	0.0519486	0.112195	0.325123	0.682297	1.07573	1.91685	5	1.231484
848000	-91.911	-120.2072	28.29623	10	0.1395583	0.0122663	0.0112542	0.0585316	0.0425819	0.00981873	0.036814	0.369348	0.125604	0.0425117	0.216339	0.516303	2.66254e-05	0.00763334	0.210152	3.78219	5	1.441373
849000	-104.0484	-123.0418	18.99338	10	1.506439	0.0829657	0.0291734	0.00584869	0.151951	0.102759	0.0391795	0.641985	0.258484	0.0497542	0.0143498	0.171205	0.226316	0.589625	1.0508	2.13326	5	1.547655
850000	-99.87148	-126.6739	26.8024	10	0.4822187	0.011759	0.027675	0.0506978	0.125409	0.0932593	0.0487592	0.462729	0.140849	0.0521761	0.0932888	0.0371449	0.0301413	0.240149	0.806886	2.92282	5	1.143746
851000	-92.11604	-122.7699	30.65386	10	1.510868	0.0507961	0.0598393	0.0100886	0.0821446	0.0270234	0.0939654	0.293471	0.0597207	0.227362	0.0961914	0.0770759	0.226996	0.590355	1.05105	2.13159	5	1.077678
852000	-90.83257	-125.5945	34.76194	10	0.05941212	0.0335343	0.0398187	0.0363139	0.0464821	0.017898	0.0626668	0.0819516	0.0168213	0.063685	0.158235	0.0616522	4.08565e-11	9.5302e-06	0.0131752	3.98682	5	0.6190591
853000	-102.9912	-127.4616	24.47035	10	0.7537311	0.0166613	0.0081152	0.13024	0.211737	0.0205737	0.00468407	0.185392	0.00550104	0.357798	0.1616	0.00125359	0.0856828	0.387817	0.943261	2.58324	5	1.103557
854000	-92.64649	-121.7534	29.1069	10	0.8882276	0.0750299	0.0489096	0.0462898	0.0059201	0.026798	0.00650365	0.270544	0.20394	0.231325	0.113124	0.0601097	0.114149	0.440371	0.978694	2.46679	5	1.088494
855000	-92.16579	-124.8814	32.71558	10	0.3580216	0.00969156	0.0315664	0.0521663	0.137751	0.0660353	0.027845	0.177078	0.0157997	0.0177963	0.102924	0.274525	0.0111531	0.14978	0.681545	3.15752	5	0.9131782
856000	-101.6599	-125.3778	23.71792	10	0.02002975	0.0278331	0.0362346	0.0655012	0.0989323	0.0530417	0.00123442	0.318464	0.365839	0.0583386	0.129916	0.00185452	4.89224e-31	1.04636e-15	9.7108e-07	4	5	1.157189
857000	-93.40162	-117.7638	24.36219	10	0.9796441	0.0630777	0.0164076	0.00553475	0.01169	0.0389462	0.0300608	0.35254	0.557189	0.112033	0.182243	0.33745	0.132875	0.470547	0.996544	2.40004	5	1.707171
858000	-88.37909	-120.1791	31.80002	10	0.6263139	0.0748616	0.00446966	0.00669749	0.0131904	0.0631905	0.0134733	0.0874833	0.180067	0.194679	0.134626	0.101319	0.0585766	0.326586	0.894172	2.72067	5	0.8740572
859000	-94.84321	-126.8783	32.03512	10	0.2088387	0.022558	0.00150127	0.0157332	0.106915	0.00558107	0.0923727	0.177277	0.0464054	0.0726975	0.12105	0.0807527	0.000711467	0.0390251	0.40633	3.55393	5	0.7428438
860000	-96.26078	-121.692	25.4312	10	0.08084387	0.0523223	0.0160476	0.0133542	0.199561	0.00231884	0.0307042	0.156338	0.0514603	0.0582457	0.239788	0.167729	1.9777e-08	0.0002093	0.0475034	3.95229	5	0.9878684
861000	-91.82266	-124.2381	32.41542	10	0.1424841	0.113206	0.00717516	0.0284674	0.109567	0.0371964	0.00422061	0.19908	0.0255256	0.175952	0.0867414	0.0130651	3.26355e-05	0.00844788	0.219055	3.77246	5	0.8001969
862000	-94.79427	-120.1563	25.36205	10	0.3749824	0.0944705	0.060749	0.0024864	0.0265733	0.0119398	0.036994	0.351575	0.377565	0.29043	0.133019	0.0407333	0.0132769	0.162835	0.702724	3.12116	5	1.426536
863000	-102.3939	-130.7412	28.34729	10	1.806264	0.0702764	0.0238868	0.0129453	0.0662224	0.0270663	0.0879192	0.0515815	0.359354	0.0282272	0.0756731	0.0757121	0.268998	0.632693	1.06429	2.03402	5	0.8788645
864000	-96.99567	-122.2469	25.25123	10	0.4990137	0.113265	0.0384854	0.00752377	0.0354459	0.0263255	0.124367	0.514101	0.545632	0.0959114	0.11356	0.0926111	0.0332051	0.251272	0.81955	2.89597	5	1.707227
865000	-83.89837	-120.2323	36.33394	10	0.1472593	0.0238757	0.0103196	0.00549372	0.0332088	0.065905	0.0197412	0.0581341	0.0601786	0.0731715	0.122877	0.222948	4.47092e-05	0.00988155	0.233544	3.75653	5	0.6958529
866000	-99.10836	-123.0476	23.93924	10	0.7312209	0.0225682	0.0075855	0.0981673	0.0258593	0.078018	0.0128828	0.253885	0.19361	0.203385	0.325942	0.225458	0.0808656	0.377896	0.93591	2.60533	5	1.447361
867000	-102.6873	-125.012	22.3247	10	0.8974423	0.0442394	0.0325843	0.00346567	0.0726379	0.031186	0.0495	0.496258	0.128643	0.143173	0.18113	0.161488	0.116064	0.443596	0.980686	2.45965	5	1.344305
868000	-97.06192	-123.6976	26.6357	10	0.08528528	0.0621312	0.0278569	0.0818912	0.041435	0.0873056	0.000571232	0.452856	0.306426	0.143811	0.0164032	0.10293	4.82697e-08	0.000326859	0.0571572	3.94252	5	1.323617
869000	-102.9511	-126.7689	23.81778	10	0.4300896	0.159663	0.0114849	0.020824	0.0479972	0.106934	0.00761082	0.510882	0.184493	0.0215309	0.0823645	0.156321	0.0212838	0.203854	0.761891	3.01297	5	1.310106
870000	-103.4298	-126.1269	22.69715	10	2.053313	0.0131683	0.10796	0.00306176	0.152456	0.132987	0.109101	0.398035	0.358819	0.0514174	0.0833867	0.198962	0.299557	0.660566	1.07127	1.96861	5	1.609354
871000	-94.64449	-122.9692	28.32472	10	0.5651318	0.0539763	0.0357821	0.0410759	0.0127585	0.0482128	0.205395	0.30555	0.10708	0.0411299	0.176756	0.217729	0.0460057	0.292326	0.862431	2.79924	5	1.245445
872000	-103.9172	-130.309	26.39172	10	0.02326815	0.00870154	0.0224538	0.00345396	0.0479881	0.106492	0.119946	0.0684471	0.296311	0.0714001	0.0662995	0.0762329	7.45914e-27	1.29166e-13	7.16392e-06	3.99999	5	0.8877258
873000	-107.3387	-128.5496	21.21096	2	0.1569019	0.0254974	0.00891797	0.0208292	0.146194	0.0544095	0.0249195	0.161931	0.242985	0.0217893	0.0893476	0.00360446	7.96219e-05	0.0131691	0.262532	3.72422	4	0.8004258
874000	-97.05555	-121.366	24.31046	10	0.6326654	0.0613396	0.083058	0.0412985	0.0682653	0.0700806	0.0604971	0.469783	0.137394	0.161227	0.000265456	0.643731	0.0599076	0.32995	0.897111	2.71303	5	1.796938
875000	-88.65877	-121.1417	32.48292	10	0.03805559	0.0111775	0.0241092	0.036851	0.0523008	0.0163842	0.021334	0.117664	0.0818816	0.136325	0.0609448	0.0265573	8.43151e-17	1.37153e-08	0.000872098	3.99913	5	0.5855294
876000	-114.6284	-129.7711	15.14263	1	0.5960934	0.0456961	0.0144555	0.126753	0.0719761	0.0152497	0.00618747	0.169424	0.263134	0.0313358	0.438002	0.114371	0.0523033	0.310094	0.879313	2.75829	3	1.296584
877000	-104.8297	-127.1009	22.27113	10	0.4749565	0.00909624	0.00547662	0.216353	0.2239	0.0798792	0.052214	0.358271	0.00120025	0.231336	0.108033	0.463378	0.0288453	0.235253	0.801155	2.93475	5	1.749138
878000	-106.7095	-124.4842	17.7747	2	2.076194	0.0172508	0.0474297	0.0106227	0.0723238	0.0265879	0.0318974	0.0799216	0.198783	0.147916	0.387577	0.249076	0.302204	0.662879	1.07178	1.96313	4	1.269386
879000	-99.15004	-119.4758	20.32577	2	1.029659	0.066871	0.002719	0.095362	0.0245252	0.0214735	0.0151279	0.330935	0.124237	0.0539644	0.330485	0.0857396	0.142834	0.485489	1.00475	2.36693	4	1.15144
880000	-110.6511	-128.4793	17.82822	2	0.4389276	0.0311229	0.0951099	0.0577739	0.177666	0.0306628	0.0797862	0.336729	0.00446507	0.135164	0.308587	0.0221841	0.0227074	0.210191	0.770189	2.99691	4	1.279251
881000	-94.72781	-124.7855	30.05766	10	0.1587751	0.0201328	0.051291	0.0542747	0.0107677	0.000388185	0.173172	0.140979	0.265493	0.0604247	0.22495	0.0774001	8.8345e-05	0.013868	0.268106	3.71794	5	1.079273
882000	-102.6917	-124.308	21.6163	2	0.251066	0.00710622	0.0246525	0.0662293	0.066717	0.142821	0.0360703	0.210408	0.139246	0.0330911	0.140801	0.233023	0.00216181	0.0674609	0.503728	3.42665	4	1.100166
883000	-90.19413	-123.9515	33.75736	10	0.02598908	0.0467475	0.00120297	0.00239122	0.28025	0.0593504	0.0479297	0.0467573	0.0922398	0.0787142	0.221514	0.0138522	3.81474e-24	2.92034e-12	2.61284e-05	3.99997	5	0.8909491
884000	-94.73693	-121.4949	26.75793	10	0.2926116	0.0608537	0.00551162	0.0121014	0.183731	0.0567556	0.0297034	0.182397	0.431007	0.30301	0.105075	0.111479	0.00471514	0.098761	0.583184	3.31334	5	1.481626
885000	-94.6526	-123.8988	29.24618	10	0.1979401	0.0482511	0.0497356	0.0966828	0.00493866	0.0736238	0.037908	0.15602	0.320611	0.00741207	0.062041	0.233938	0.000494368	0.0325956	0.37826	3.58865	5	1.091161
886000	-119.6412	-134.6405	14.99928	1	0.3220778	0.0274148	0.00512748	0.0929013	0.565621	0.0618768	0.0994368	0.0230781	0.269824	0.13779	0.000440557	0.0548096	0.00725616	0.121743	0.631083	3.23992	3	1.33832
887000	-85.44255	-119.7333	34.29071	10	0.2421696	0.0244485	0.0124276	0.00277348	0.0246911	0.114224	0.0215741	0.150668	0.0419982	0.0481384	0.279771	0.17346	0.00176669	0.0610962	0.484679	3.45246	5	0.8941743
888000	-118.1189	-133.5188	15.3999	2	0.6977372	0.0785524	0.12387	0.155221	0.201604	0.0878134	0.0279582	0.184087	0.0393522	0.131706	0.21296	0.0838356	0.073705	0.362461	0.924027	2.63981	4	1.326961
889000	-95.16945	-123.53	28.36054	10	0.1633005	0.0631713	0.0418009	0.00595965	0.0181803	0.0129318	0.0026429	0.15631	0.216788	0.0845294	0.119456	0.0933585	0.000112454	0.0156357	0.281481	3.70277	5	0.8151283
890000	-106.5302	-125.2414	18.71122	2	3.87684	0.0118285	0.0310293	0.0294958	0.0210369	0.00487349	0.105036	0.113229	0.0981087	0.0509283	0.198102	0.180402	0.447466	0.770839	1.0844	1.6973	4	0.8440704
891000	-101.5848	-121.5284	19.94357	10	1.638594	0.0737037	0.00859646	0.100986	0.202756	0.0402794	0.170508	0.104009	0.0918506	0.381598	0.596587	0.205335	0.24596	0.61011	1.05762	2.08631	5	1.976208
892000	-99.10488	-123.937	24.83209	2	0.5899391	0.0333312	0.0153713	0.0361074	0.035795	0.0121725	0.0567569	0.0755739	0.0548922	0.119304	0.0497444	0.077181	0.0510398	0.306633	0.876098	2.76623	4	0.5662296
893000	-90.67394	-123.8953	33.22134	10	0.1429828	0.0250419	0.0224125	0.0384591	0.250585	0.0221222	0.02767	0.0715437	0.0778694	0.275771	0.0316182	0.0342602	3.37595e-05	0.00859155	0.220571	3.7708	5	0.8773537
894000	-115.5662	-129.8352	14.26904	1	0.7044065	0.0745475	0.00428607	0.0114607	0.0408087	0.0422795	0.031606	0.114787	0.43234	0.194544	0.152894	0.273559	0.0751297	0.365602	0.92649	2.63278	3	1.373111
895000	-88.108	-122.5572	34.44916	10	0.07191563	0.0253794	0.0118789	0.00669538	0.103409	0.0774937	0.0154847	0.165947	0.00372342	0.247941	0.0318063	0.00817935	2.35631e-09	7.22992e-05	0.0305549	3.96937	5	0.6979381
896000	-94.47279	-123.2616	28.78884	10	0.4453156	0.0247453	0.058585	0.0212444	0.0724302	0.135809	0.0246538	0.145916	0.0324623	0.140195	0.191896	0.146551	0.0237576	0.214726	0.776006	2.98551	5	0.9944882
897000	-92.71842	-127.4702	34.75179	10	0.08338741	0.00188139	0.054072	0.050819	0.143484	0.00335095	0.145241	0.279698	0.0252819	0.0736546	0.127127	0.0856097	3.33533e-08	0.000271747	0.0529407	3.94679	5	0.9902198
898000	-98.75288	-123.8492	25.0963	10	2.330234	0.0490529	0.00202668	0.151033	0.0919961	0.027914	0.0855833	0.3079	0.0407181	0.0666981	0.461951	0.072143	0.329747	0.686088	1.07642	1.90775	5	1.357017
899000	-98.41547	-124.685	26.26955	10	0.5596495	0.0390667	0.0653055	0.130893	0.0152354	0.0232569	0.00973529	0.0658489	0.00539536	0.382053	0.239433	0.0949391	0.0449075	0.289085	0.859249	2.80676	5	1.071162
900000	-89.92006	-121.4433	31.5232	10	0.6311738	0.0509774	0.0118988	0.0171727	0.0424969	0.0319654	0.0749273	0.119996	0.035412	0.132993	0.218533	0.119629	0.0595947	0.329163	0.896426	2.71482	5	0.8560014
901000	-103.1393	-125.5688	22.42958	10	1.480353	0.0798063	0.0588972	0.0552118	0.00337013	0.0372895	0.169592	0.1805	0.105049	0.256729	0.260394	0.137949	0.222271	0.585253	1.04925	2.14323	5	1.344789
902000	-86.61047	-121.2515	34.64098	10	0.2544641	0.0359214	0.00036882	0.0234924	0.0304235	0.0300925	0.0328361	0.0745721	0.0503749	0.278483	0.186032	0.0339487	0.00232637	0.0699323	0.510806	3.41694	5	0.7765453
903000	-104.7335	-128.6271	23.89368	2	0.2274781	0.0889238	0.069603	0.039397	0.0148791	0.00280411	0.104555	0.0819176	0.108317	0.0945022	0.0196318	0.0734015	0.0012228	0.0509787	0.451526	3.49627	4	0.6979319
904000	-96.25446	-126.5245	30.27007	10	0.2025839	0.137825	0.0211661	0.0275113	0.0262333	0.102164	0.0248769	0.170274	0.00588297	0.154682	0.0602056	0.0919103	0.0005801	0.0352793	0.390368	3.57377	5	0.8227314
905000	-103.4257	-124.8644	21.43869	10	1.524869	0.103804	0.0440158	0.0955585	0.0435878	0.048257	0.0485678	0.136575	0.0891987	0.206373	0.170517	0.0166519	0.229139	0.592644	1.05185	2.12637	5	1.003107
906000	-97.39292	-124.0237	26.6308	10	0.9429777	0.0464902	0.0438258	0.0739773	0.0992478	0.00646782	0.060866	0.542749	0.129777	0.271467	0.0472762	0.209829	0.125441	0.458915	0.989869	2.42578	5	1.531973
907000	-92.50363	-121.411	28.90737	10	0.7496998	0.0442314	0.041199	0.119989	0.0313499	0.0168702	0.0673729	0.419732	0.0939838	0.195175	0.238222	0.0790754	0.0848203	0.386066	0.94198	2.58713	5	1.3472
908000	-98.90089	-119.4429	20.54205	10	2.1353	0.0279219	0.049213	0.0541563	0.0413057	0.00774609	0.119127	0.444642	0.107499	0.425205	0.229729	0.431668	0.308908	0.668671	1.07303	1.94939	5	1.938213
909000	-94.90865	-123.2291	28.32041	10	0.564294	0.0311854	0.0606042	0.0374244	0.065893	0.163755	0.025548	0.191232	0.260575	0.10882	0.0960909	0.00987233	0.0458375	0.291832	0.861949	2.80038	5	1.051
910000	-91.40996	-125.2905	33.88054	10	0.0004763846	0.0350383	0.0113679	0.0254317	0.130307	0.112254	0.0989898	0.0270574	0.180226	0.15392	0.0296607	0.0825571	0	0	9.16194e-263	4	5	0.8868097
911000	-94.18951	-125.5731	31.38357	10	0.8752274	0.0815084	0.0325429	0.009741	0.00954467	0.0956496	0.0879968	0.0665249	0.172845	0.176076	0.120334	0.1715	0.111437	0.435746	0.975802	2.47701	5	1.024263
912000	-102.1976	-124.8048	22.60712	10	0.8771415	0.093861	0.166179	0.0288625	0.184331	0.119112	0.122067	0.296315	0.411021	0.432561	0.0187612	0.0953219	0.111837	0.436433	0.976234	2.4755	5	1.968393
913000	-105.3758	-121.6	16.22425	2	0.4915228	0.0179922	0.0673577	0.00367337	0.0268032	0.021589	0.0672625	0.259087	0.1959	0.320804	0.376679	0.175844	0.0318275	0.246346	0.814001	2.90783	4	1.532992
914000	-94.6085	-118.7125	24.10396	10	1.009345	0.0328683	0.0083829	0.00157693	0.057288	0.0487954	0.0199231	0.474437	0.312753	0.203055	0.215546	0.376984	0.138815	0.479543	1.00153	2.38011	5	1.751611
915000	-92.26409	-122.8677	30.60361	10	0.6163199	0.0642767	0.0690935	0.0297194	0.0413403	0.0177078	0.0621521	0.267509	0.0330331	0.109195	0.0700287	0.19121	0.0564905	0.321223	0.889422	2.73286	5	0.9552659
916000	-95.34188	-125.1102	29.76829	10	3.526763	0.0574089	0.00242363	0.0237104	0.0689031	0.0651968	0.0537917	0.136815	0.0900212	0.0473447	0.260899	0.0669181	0.426311	0.757071	1.08412	1.7325	5	0.8734326
917000	-84.96333	-123.6897	38.72639	10	0.09341933	0.0200368	0.00627619	0.0325919	0.0610575	0.0654881	0.00535786	0.0619041	0.0825132	0.0169271	0.137773	0.00528215	1.98503e-07	0.00066236	0.0766142	3.92272	5	0.4952077
918000	-101.6157	-123.0578	21.44216	2	0.9559817	0.0719085	0.00463673	0.025861	0.028106	0.0171317	0.150226	0.213257	0.0558229	0.291297	0.00431427	0.141724	0.12809	0.463109	0.992305	2.4165	4	1.004285
919000	-103.692	-126.1729	22.48081	2	0.04440055	0.0504765	0.0175289	0.0421474	0.0630374	0.0112207	0.0149067	0.204679	0.0425908	0.172776	0.139973	0.195457	1.53545e-14	1.84985e-07	0.00256659	3.99743	4	0.9547935
920000	-107.4938	-123.9604	16.46661	1	0.7506908	0.0653358	0.00622303	0.0676925	0.0541159	0.05312	0.112569	0.178103	0.0131159	0.0510056	0.13755	0.409896	0.0850323	0.386497	0.942296	2.58617	3	1.148726
921000	-102.4089	-124.9198	22.51089	10	0.1672269	0.020941	0.0256241	0.0162304	0.108406	0.264295	0.054475	0.365334	0.033479	0.441885	0.0341761	0.168005	0.00013718	0.017259	0.29297	3.68963	5	1.532851
922000	-109.0834	-126.5403	17.45688	1	0.2825887	0.0368966	0.0218799	0.000109345	0.155736	0.00780116	0.0094435	0.228912	0.109233	0.260022	0.0333184	0.233158	0.00398947	0.0910385	0.56537	3.3396	3	1.096509
923000	-92.03905	-124.7011	32.66201	10	0.5707786	0.148526	0.0698725	0.0144485	0.124568	0.0757674	0.0176659	0.0530035	0.210755	0.0150261	0.143168	0.154923	0.0471426	0.295634	0.865646	2.79158	5	1.027723
924000	-98.51316	-121.3186	22.80542	10	0.9749519	0.0337274	0.0514621	0.0446427	0.0937639	0.000886989	0.0684132	0.330619	0.119872	0.190257	0.0961371	0.204247	0.131929	0.469091	0.995722	2.40326	5	1.234028
925000	-93.62938	-122.5861	28.9567	10	0.4861413	0.0268144	0.0159237	0.00343336	0.11487	0.0391136	0.00923593	0.195969	0.113732	0.10225	0.0608081	0.0819693	0.0308487	0.242772	0.809917	2.91646	5	0.7641185
926000	-102.9557	-122.4122	19.45645	10	1.197075	0.0277725	0.0459484	0.0494924	0.475651	0.0180932	0.0241054	0.282718	0.0442579	0.291148	0.796024	0.104081	0.174522	0.528912	1.02628	2.27029	5	2.159292
927000	-98.93373	-123.3372	24.40352	10	1.72674	0.0890109	0.0287603	0.0962704	0.0383993	0.196825	0.0402585	0.343012	0.348233	0.0442331	0.205796	0.24111	0.258321	0.622408	1.06136	2.05791	5	1.671909
928000	-114.1788	-124.3098	10.13104	1	0.7227708	0.0383972	0.015338	0.101087	0.10246	0.000459209	0.0957065	0.541676	0.148327	0.686598	0.00461094	0.0504155	0.0790572	0.374079	0.933023	2.61384	3	1.785075
929000	-96.53694	-120.2315	23.69461	2	0.2324622	0.0247724	0.0347208	0.0724173	0.0129565	0.00730627	0.0543422	0.328638	0.0125453	0.156062	0.238268	0.0116094	0.00139263	0.0543502	0.463014	3.48124	4	0.9536384
930000	-94.72735	-122.69	27.96268	10	0.6532618	0.0873079	0.0312308	0.0588981	0.0891474	0.00194484	0.0354708	0.337974	0.308264	0.0228882	0.197564	0.0492501	0.0642471	0.340617	0.906236	2.6889	5	1.219941
931000	-99.87132	-123.9779	24.10654	10	0.321894	0.0196188	0.02655	0.144094	0.0891304	0.0134826	0.143979	0.303434	0.122645	0.39651	0.0732916	0.0641576	0.00723844	0.121599	0.630803	3.24036	5	1.396893
932000	-99.59234	-125.2677	25.67539	2	0.1940378	0.0532049	0.0190202	0.0729956	0.00738957	0.0140264	0.000257067	0.105715	0.0711739	0.11633	0.0779876	0.00178511	0.000429645	0.0304082	0.367919	3.60124	4	0.539885
933000	-112.4613	-123.8071	11.34583	1	1.096121	0.160374	0.00521121	0.025187	0.0580069	0.095766	0.042308	0.243385	0.28005	0.0363754	0.371514	0.308083	0.155724	0.503852	1.01426	2.32616	3	1.626261
934000	-94.85876	-121.919	27.06022	10	0.2310485	0.0193102	0.0406563	0.0484154	0.0108902	0.00793633	0.00467203	0.270963	0.0185321	0.197688	0.15222	0.347874	0.00134297	0.0533872	0.459781	3.48549	5	1.119158
935000	-112.7624	-125.098	12.33563	2	1.369801	0.219668	0.027814	0.0319455	0.0535457	0.03867	0.0203852	0.410254	0.100133	0.179923	0.00691435	0.28765	0.204491	0.565345	1.04176	2.1884	4	1.376904
936000	-89.55984	-121.9669	32.40711	10	0.03092193	0.0207821	0.0267946	0.0461352	0.141621	0.0277233	0.0710293	0.254785	0.457847	0.0330888	0.00299289	0.0126436	1.89081e-20	2.05514e-10	0.000152633	3.99985	5	1.095443
937000	-115.8258	-127.8024	11.97663	2	10.79511	0.108417	0.0566331	0.0734005	0.0170506	0.0541228	0.00260672	0.244745	0.150168	0.013241	0.072965	0.17949	0.643936	0.876608	1.07077	1.40868	4	0.9728402
938000	-91.97546	-124.5925	32.61703	10	0.5666228	0.0385719	0.037508	0.0264233	0.00245578	0.0722534	0.0014986	0.439192	0.140416	0.137141	0.00765335	0.14168	0.0463054	0.293202	0.863286	2.79721	5	1.044793
939000	-103.3048	-127.043	23.73822	10	0.7750991	0.0505174	0.0398506	0.0573474	0.614929	0.0378547	0.0887041	0.396978	0.0836905	0.368182	0.00935105	0.0291219	0.0902501	0.396912	0.949809	2.56303	5	1.776527
940000	-94.83163	-124.8859	30.05431	10	1.336897	0.0567296	0.029864	0.0211357	0.0187763	0.0203071	0.0315275	0.11127	0.0585863	0.186343	0.0503832	0.103089	0.198992	0.558947	1.03921	2.20285	5	0.688011
941000	-103.6027	-123.2834	19.68069	10	6.460934	0.148007	0.0407269	0.0241796	0.0298993	0.00246084	0.110456	0.204368	0.0833161	0.244349	0.0940312	0.314247	0.553369	0.832257	1.08021	1.53417	5	1.29604
942000	-97.17455	-122.4548	25.28023	10	0.810124	0.0388565	0.0380364	0.124592	0.0994924	0.015193	0.0975713	0.476742	0.127878	0.128736	0.23203	0.192203	0.0977112	0.411178	0.959721	2.53139	5	1.571331
943000	-93.65598	-123.8193	30.16335	10	0.4312526	0.0474637	0.0255258	0.000901978	0.0120924	0.0929118	0.052089	0.129428	0.0470147	0.0557036	0.249478	0.133817	0.0214691	0.204692	0.763	3.01084	5	0.8464249
944000	-93.02125	-124.2018	31.18055	10	1.387777	0.125907	0.0807991	0.0446727	0.014257	0.0313774	0.037251	0.262001	0.0456535	0.126782	0.134976	0.0339514	0.207454	0.568745	1.04309	2.18071	5	0.9376284
945000	-101.0499	-121.747	20.69703	10	1.078426	0.0380382	0.0228132	0.136522	0.0268386	0.0517839	0.0193189	0.32509	0.386851	0.027782	0.498037	0.0605568	0.152331	0.499119	1.01187	2.33668	5	1.593632
946000	-97.61644	-121.2653	23.64883	10	0.4895063	0.0393776	0.0456343	0.0017058	0.00998361	0.163224	0.0411729	0.424174	0.0635479	0.0892075	0.285849	0.222784	0.0314596	0.24501	0.81248	2.91105	5	1.38666
947000	-99.93869	-124.6949	24.75626	10	1.530147	0.0414518	0.0131899	0.0294731	0.245662	0.110292	0.0665591	0.0923301	0.0819592	0.489912	0.217472	0.0586239	0.229942	0.593499	1.05214	2.12441	5	1.446925
948000	-102.0873	-121.1062	19.01887	2	1.865373	0.068635	0.0763879	0.0114809	0.0935509	0.0724333	0.0183135	0.163856	0.0598947	0.0791415	0.133631	0.347377	0.276657	0.639889	1.06622	2.01723	4	1.124702
949000	-107.5124	-126.0711	18.55862	2	0.6820788	0.0271074	0.00699376	0.00756656	0.082241	0.028997	0.0282442	0.119722	0.0601481	0.31287	0.0721845	0.315885	0.0703651	0.35495	0.918042	2.65664	4	1.06196
950000	-108.45	-125.5865	17.13648	2	0.5643217	0.0790508	0.0322576	0.0608182	0.132491	0.15235	0.00271818	0.254121	0.305074	0.129559	0.0771521	0.0291135	0.0458431	0.291848	0.861965	2.80034	4	1.254704
951000	-92.45654	-124.6363	32.17973	10	0.1641323	0.0341967	0.0196823	0.0182718	0.00234503	0.0931894	0.312628	0.205874	0.107699	0.0989046	0.0737494	0.0780805	0.000117383	0.0159727	0.283924	3.69999	5	1.044621
952000	-89.39237	-122.2985	32.90609	10	0.2284355	0.0171701	0.0143149	0.0240897	0.0178002	0.16043	0.0227382	0.146746	0.0910964	0.351929	0.261208	0.0383209	0.00125428	0.0516211	0.453752	3.49337	5	1.145843
953000	-108.3175	-121.9754	13.65783	10	3.956434	0.212588	0.0689768	0.0946249	0.00934543	0.0221742	0.153303	0.191118	0.445475	0.474838	0.178361	0.0487012	0.451953	0.773689	1.08441	1.68995	5	1.899504
954000	-91.21766	-123.1088	31.89112	10	0.4017101	0.00696789	0.0642771	0.110552	0.0948008	0.00364594	0.0831284	0.226098	0.271885	0.230811	0.00585469	0.0495049	0.0169619	0.183032	0.733125	3.06688	5	1.147525
955000	-96.32245	-122.6554	26.33297	10	1.326406	0.0664467	0.0733509	0.123707	0.024291	0.0182369	0.0458957	0.312002	0.285634	0.0415404	0.0388121	0.234712	0.197218	0.556857	1.03836	2.20756	5	1.264628
956000	-104.5245	-132.7517	28.22724	10	0.3725334	0.00455085	0.0883517	0.0430729	0.243179	0.00202181	0.133969	0.175632	0.190208	0.0466883	0.0249022	0.0157925	0.0129595	0.16096	0.699762	3.12632	5	0.9683682
957000	-103.387	-123.2174	19.83038	2	0.2688525	0.0443087	0.0808168	0.0253385	0.0350768	0.0863683	0.0438716	0.147071	0.153481	0.0628374	0.0400777	0.477154	0.00310918	0.0806036	0.539594	3.37669	4	1.196401
958000	-89.52134	-122.771	33.24967	10	0.009543831	0.0524002	0.00671307	0.0174955	0.0536199	0.0791058	0.112125	0.0722038	0.039978	0.0429798	0.120211	0.258115	4.6228e-64	3.21941e-32	1.36352e-13	4	5	0.8549472
959000	-94.58124	-121.1365	26.55527	10	0.3141999	0.0421226	0.0191773	0.0162858	0.0897676	0.141053	0.0499522	0.213656	0.094326	0.302598	0.0870074	0.333081	0.00651767	0.115577	0.618897	3.25901	5	1.389028
960000	-97.99699	-125.614	27.61701	10	0.1373181	0.0467807	0.0265542	0.0130099	0.0512179	0.0392118	0.038503	0.308277	0.386581	0.0348668	0.0361937	0.0592751	2.26499e-05	0.00704242	0.203329	3.78961	5	1.040471
961000	-96.21121	-122.7225	26.51132	10	0.6655436	0.185168	0.0544709	0.0447626	0.0363026	0.0259347	0.0134829	0.405963	0.214809	0.109515	0.0587849	0.199811	0.0668491	0.346809	0.911399	2.67494	5	1.349005
962000	-93.55585	-122.843	29.28712	10	2.033826	0.0625137	0.0366549	0.0240167	0.0785761	0.0758636	0.0349304	0.215476	0.142145	0.186559	0.0512902	0.233679	0.297279	0.658563	1.07081	1.97334	5	1.141704
963000	-95.81918	-124.4901	28.67096	10	0.7733702	0.0565546	0.000787424	0.137705	0.028032	0.0239054	0.175093	0.204571	0.127621	0.0363263	0.160582	0.209713	0.0898809	0.396187	0.949294	2.56464	5	1.160891
964000	-93.96485	-124.2986	30.33373	10	0.4061791	0.0694477	0.0112183	0.0620767	0.0110901	0.15165	0.0843561	0.235186	0.108293	0.0549829	0.0292842	0.198015	0.0176159	0.186357	0.737881	3.05815	5	1.015599
965000	-97.52132	-126.2931	28.77174	10	0.06202356	0.0246764	0.0505011	0.0422345	0.160138	0.0874744	0.0372037	0.0346095	0.0591174	0.00443122	0.431675	0.0333879	1.09079e-10	1.55685e-05	0.0161521	3.98383	5	0.9654494
966000	-107.7908	-127.2578	19.46701	2	1.112613	0.189367	0.0299621	0.0477545	0.0171219	0.0277759	0.214718	0.143835	0.251693	0.12091	0.118101	0.125169	0.15886	0.508167	1.01641	2.31656	4	1.286408
967000	-90.66122	-120.7069	30.04569	10	0.9747779	0.0163516	0.0375853	0.00544594	0.0120593	0.0560825	0.12309	0.276243	0.392843	0.136029	0.189472	0.144893	0.131894	0.469037	0.995692	2.40338	5	1.390094
968000	-115.0347	-124.6019	9.567175	1	3.047107	0.134895	0.0239666	0.174006	0.0130242	0.0428645	0.12884	0.191765	0.133522	0.441148	0.318925	0.00607124	0.392874	0.734103	1.08274	1.79028	3	1.609028
969000	-98.75913	-124.3717	25.61261	10	0.386993	0.0737703	0.0347779	0.129188	0.0642749	0.00823118	0.0410582	0.232043	0.0688135	0.347598	0.0259663	0.40063	0.0148835	0.171975	0.716813	3.09633	5	1.426352
970000	-93.82372	-125.0164	31.19263	10	0.2870989	0.00889577	0.0139826	0.205207	0.0671491	0.0929589	0.00707445	0.211821	0.0308984	0.307471	0.0195386	0.104949	0.00430727	0.0945042	0.573487	3.3277	5	1.069946
971000	-107.3197	-129.2176	21.89794	10	0.9053368	0.125996	0.168578	0.0581415	0.236996	0.0216145	0.0162413	0.241459	0.0236833	0.16958	0.330724	0.0105061	0.117701	0.446325	0.982355	2.45362	5	1.40352
972000	-97.47314	-121.7648	24.29169	10	1.351386	0.0559336	0.0198945	0.0296305	0.0513812	0.0761685	0.0330126	0.192361	0.251848	0.0716105	0.629111	0.0562705	0.201425	0.561793	1.04036	2.19643	5	1.467221
973000	-91.63659	-123.9331	32.29652	10	0.5732466	0.0134966	0.0337275	0.0202167	0.0150807	0.150915	0.0026766	0.313986	0.0938895	0.12021	0.191728	0.0556298	0.0476413	0.29707	0.867031	2.78826	5	1.011557
974000	-88.92408	-121.9494	33.02535	10	0.1659872	0.0506392	0.030284	0.0172524	0.0442829	0.0237866	0.0190987	0.262834	0.00439136	0.173965	0.144113	0.0485032	0.000128968	0.0167376	0.289355	3.69378	5	0.8191505
975000	-86.69511	-120.5193	33.82417	10	0.2938974	0.0232858	0.0257484	0.0167413	0.00417233	0.0151167	0.0345571	0.0280457	0.1555	0.266835	0.035287	0.213223	0.00481336	0.0997568	0.58541	3.31002	5	0.8185114
976000	-92.17734	-125.518	33.34068	10	0.1070968	0.0500599	0.000336365	0.0201995	0.0992886	0.0933177	0.0608599	0.157528	0.0281813	0.0765261	0.00632721	0.408068	1.3179e-06	0.00170448	0.113327	3.88497	5	1.000692
977000	-98.63008	-126.3998	27.76975	10	0.3928133	0.0641427	0.0432141	0.0188162	0.0425156	0.0622605	0.200204	0.407445	0.0420925	0.0560965	0.0236466	0.329602	0.0156914	0.176367	0.723385	3.08456	5	1.290037
978000	-96.83729	-125.9093	29.072	10	0.1102832	0.00138758	0.0858451	0.0119452	0.0396996	0.0648519	0.000358624	0.0631832	0.0713608	0.230721	0.0502072	0.295338	1.91465e-06	0.0020538	0.122408	3.87554	5	0.9148984
979000	-108.3473	-125.007	16.6598	1	0.6341267	0.114964	0.152165	0.0685177	0.0615818	0.0389384	0.0178532	0.218979	0.184721	0.0655709	0.0950088	0.122765	0.0602143	0.330718	0.897778	2.71129	3	1.141064
980000	-93.87697	-124.3286	30.45165	10	0.2618548	0.0481364	0.0270447	0.0455236	0.12213	0.0243133	0.0477265	0.0990723	0.0689348	0.139582	0.374422	0.056356	0.00271091	0.0753749	0.525828	3.39609	5	1.053242
981000	-90.98537	-123.4443	32.45897	10	0.8000375	0.0402606	0.00966954	0.0190671	0.19324	0.0299716	0.0649473	0.147441	0.0850497	0.0455888	0.0805067	0.164235	0.0955667	0.407149	0.956965	2.54032	5	0.8799762
982000	-100.4257	-129.3458	28.92015	10	0.1169374	0.117065	0.0284364	0.0367714	0.106503	0.215408	0.0493852	0.196897	0.0390171	0.0157036	0.0101921	0.323982	3.911e-06	0.00293331	0.141821	3.85524	5	1.139361
983000	-104.6774	-125.3728	20.69541	10	1.767635	0.0477115	0.00946168	0.182749	0.0386175	0.351396	0.0762635	0.299242	0.080332	0.18052	0.271187	0.194477	0.263866	0.627787	1.06292	2.04543	5	1.731958
984000	-97.80051	-122.4056	24.60508	10	0.2258711	0.0409718	0.00762921	0.0106373	0.120994	0.0200274	0.0168681	0.201239	0.584424	0.112436	0.0192392	0.0676876	0.00117114	0.049906	0.447768	3.50115	5	1.202154
985000	-101.4359	-127.1453	25.70945	10	0.3404292	0.0524971	0.107995	0.0306944	0.203351	0.0085776	0.0463441	0.151388	0.169967	0.0912354	0.449808	0.0256999	0.00913979	0.136098	0.657852	3.19691	5	1.337558
986000	-90.99924	-120.306	29.30673	10	0.1660828	0.0380911	0.0360542	0.00389772	0.0376923	0.0588917	0.0640773	0.240837	0.0588362	0.120109	0.20901	0.143274	0.000129587	0.0167775	0.289634	3.69346	5	1.010771
987000	-98.80255	-126.1202	27.31767	10	1.915216	0.163561	0.0402575	0.0444501	0.0233624	0.00630226	0.0483998	0.356955	0.0654054	0.0572556	0.153421	0.204376	0.28294	0.645684	1.06772	2.00366	5	1.163745
988000	-103.8214	-121.6047	17.78328	1	0.294626	0.0206914	0.029108	0.0583531	0.0204954	0.00741623	0.0408191	0.224348	0.0151455	0.27694	0.186523	0.182827	0.00486952	0.100321	0.586666	3.30814	3	1.062665
989000	-96.43839	-122.1337	25.69534	10	0.9266912	0.115624	0.0149119	0.0738452	0.0375991	0.0705961	0.0959544	0.170587	0.21946	0.317248	0.192966	0.0434874	0.122105	0.453551	0.986705	2.43764	5	1.352279
990000	-92.53066	-119.7604	27.22978	10	0.2884295	0.0174089	0.0213823	0.0106606	0.00361434	0.0726478	0.0230665	0.244375	0.277619	0.00282176	0.15696	0.0906767	0.00440377	0.0955297	0.57585	3.32422	5	0.9212338
991000	-87.05379	-121.6826	34.62876	10	0.6568618	0.0501342	0.00779302	0.0663483	0.00256532	0.0229505	0.00825653	0.191819	0.128082	0.0444769	0.116392	0.0521528	0.0650088	0.342445	0.90777	2.68478	5	0.690971
992000	-103.6054	-126.0626	22.45714	1	0.02515465	0.0376151	0.00302648	0.0333828	0.0123142	0.0793323	0.0525966	0.0745487	0.165888	0.0538891	0.0197753	0.0898582	6.50232e-25	1.20578e-12	1.81011e-05	3.99998	3	0.6222265
993000	-93.41013	-122.8276	29.41743	10	0.4113564	0.00693739	0.0439516	0.0240185	0.00367363	0.041694	0.0185747	0.255796	0.118919	0.080407	0.165908	0.0282281	0.0183863	0.190187	0.743283	3.04814	5	0.7881073
994000	-95.08635	-127.6182	32.5318	10	0.4226926	0.0223326	0.026001	0.107121	0.0434324	0.234047	0.0356262	0.0870043	0.0274221	0.202735	0.150936	0.0184089	0.0201197	0.198495	0.754713	3.02667	5	0.9550666
995000	-94.23711	-125.8487	31.61159	10	0.6885876	0.0170212	0.00500618	0.0376294	0.164953	0.052926	0.0035546	0.0763379	0.0753567	0.248623	0.112646	0.0988987	0.0717524	0.358095	0.920565	2.64959	5	0.8929519
996000	-93.19481	-125.1265	31.93167	10	0.2599611	0.0802633	0.00729892	0.00546349	0.0394747	0.015161	0.0166675	0.129196	0.055147	0.349943	0.0554459	0.0193301	0.00260887	0.0739721	0.522027	3.40139	5	0.773391
997000	-104.8593	-123.3909	18.53157	10	1.94149	0.0937166	0.0524338	0.0782611	0.150796	0.0116479	0.207483	0.340126	0.0978415	0.079663	0.43991	0.074893	0.286189	0.648644	1.06845	1.99671	5	1.626771
998000	-95.99781	-122.1097	26.11193	10	0.2819245	0.0497515	0.0111323	0.108831	0.0134657	0.0184466	0.02121	0.369068	0.25439	0.276545	0.177781	0.041402	0.00394387	0.0905296	0.564161	3.34137	5	1.342024
999000	-90.82619	-123.6226	32.79638	10	0.01208146	0.024573	0.0331758	0.0299492	0.0508042	0.0158065	0.00504944	0.178315	0.120997	0.19614	0.0974653	0.000450159	8.22293e-51	1.3575e-25	7.65873e-11	4	5	0.7527254
1000000	-93.9339	-121.1563	27.22243	10	1.253869	0.0409956	0.0215954	0.103296	0.03794	0.0273963	0.000880756	0.169705	0.354393	0.0483435	0.111405	0.261668	0.184679	0.541706	1.03198	2.24164	5	1.177619
1001000	-95.23554	-124.0945	28.85896	10	0.5192725	0.0141791	0.0685866	0.00690794	0.00732399	0.0822827	0.194655	0.248041	0.0490632	0.147771	0.380063	0.0687985	0.037013	0.264311	0.8338	2.86488	5	1.267673
1002000	-95.51186	-124.8943	29.38243	10	1.046663	0.112367	0.0266317	0.0046022	0.106212	0.0625198	0.00116294	0.147363	0.0196593	0.0958591	0.0743799	0.285706	0.146169	0.490342	1.00732	2.35617	5	0.9364628
1003000	-93.39267	-123.6812	30.28853	10	2.301222	0.0458513	0.028965	0.0194803	0.0537178	0.038839	0.035266	0.243166	0.124416	0.205391	0.0317871	0.100871	0.326762	0.683646	1.07598	1.91361	5	0.9277514
1004000	-104.9242	-125.8262	20.90195	2	0.3741665	0.00496765	0.020378	0.0199891	0.00154442	0.0340203	0.138332	0.376378	0.101056	0.179593	0.0206596	0.0658862	0.0131707	0.162211	0.701741	3.12288	4	0.962804
1005000	-89.6785	-124.9	35.22147	10	0.5546135	0.0594193	0.0241814	0.00897695	0.0151724	0.0898837	0.0325306	0.156498	0.109645	0.082888	0.0305925	0.0702912	0.0439036	0.286082	0.856272	2.81374	5	0.6800792
1006000	-87.80476	-122.6114	34.80662	10	0.04260774	0.0038797	0.0246635	0.0243419	0.208907	0.013003	0.0124895	0.12004	0.235528	0.0324927	0.0949434	0.00814898	4.12871e-15	9.59383e-08	0.00195458	3.99805	5	0.7784383
1007000	-99.95502	-129.5456	29.59053	10	0.252176	0.000467568	0.0531044	0.178401	0.0152006	0.0134986	0.0748472	0.0696479	0.494075	0.139268	0.0442686	0.041862	0.00221472	0.0682658	0.506052	3.42347	5	1.124641
1008000	-99.91462	-125.1933	25.27863	10	0.2930814	0.212261	0.0218371	0.00670035	0.064401	0.0676108	0.0217732	0.307283	0.16162	0.0858792	0.181137	0.282275	0.00475089	0.0991247	0.583999	3.31213	5	1.412778
1009000	-95.94261	-124.5087	28.56611	10	1.777158	0.0340286	0.0983854	0.0793898	0.0124744	0.0442298	0.137913	0.191278	0.0843292	0.0874316	0.334847	0.128244	0.265141	0.629012	1.06326	2.04258	5	1.23255
1010000	-112.9233	-124.7374	11.81409	2	1.056706	0.0216675	0.08292	0.0942885	0.000262069	0.0560144	0.27736	0.485998	0.266706	0.192473	0.186634	0.227098	0.148128	0.493157	1.0088	2.34992	4	1.891421
1011000	-119.5698	-136.4883	16.91843	1	0.1241449	0.0021768	0.0199362	0.0699524	0.0940923	0.435228	0.0526854	0.0575683	0.11284	0.0343048	0.101646	0.185768	7.77519e-06	0.00413262	0.163342	3.83252	3	1.166198
1012000	-88.34363	-124.6917	36.34808	10	0.3026746	0.0202794	0.0356839	0.041461	0.111212	0.0760804	0.00608985	0.111277	0.0193457	0.011614	0.0724719	0.140855	0.00551477	0.106577	0.600267	3.28764	5	0.6463701
1013000	-91.23372	-122.6807	31.44698	10	0.2159194	0.00625075	0.106324	0.0036408	0.0369307	0.0509657	0.019356	0.0870586	0.205411	0.106958	0.0786506	0.20729	0.000883685	0.0434345	0.423916	3.53177	5	0.908836
1014000	-97.97934	-126.1879	28.20854	10	0.6546755	0.0452239	0.0328038	0.0178939	0.0561037	0.0804301	0.224577	0.221746	0.0412741	0.102217	0.084131	0.0689479	0.0645461	0.341336	0.906841	2.68728	5	0.9753477
1015000	-98.17025	-124.8596	26.68938	10	0.04859268	0.0196804	0.00304822	0.0335856	0.0898108	0.169443	0.175919	0.377562	0.114657	0.0479543	0.299529	0.00952687	2.2685e-13	7.10778e-07	0.00448655	3.99551	5	1.340717
1016000	-100.5	-123.1602	22.66022	2	0.02723804	0.0129567	0.000475727	0.0572971	0.144246	0.021193	0.0136838	0.0625575	0.0292608	0.548434	0.029801	0.0945263	4.40156e-23	9.91878e-12	4.33964e-05	3.99996	4	1.014432
1017000	-91.57205	-122.8142	31.24218	10	0.0528979	0.0218621	0.0298571	0.0393267	0.0602787	0.0336525	0.0400713	0.224655	0.0280291	0.233748	0.169016	0.0386332	2.31105e-12	2.26784e-06	0.00726101	3.99274	5	0.9191292
1018000	-95.77599	-126.1501	30.37413	10	0.3314075	0.0444951	0.0161897	0.00569006	0.0572628	0.0105158	0.0264613	0.266395	0.101412	0.174576	0.00747348	0.228988	0.00818554	0.129046	0.644967	3.2178	5	0.9394586
1019000	-94.48451	-123.2537	28.76914	10	0.2603026	0.100686	0.0211564	0.107093	0.014398	0.0742045	0.147122	0.265442	0.314028	0.176614	0.0307092	0.0481178	0.00262709	0.0742247	0.522715	3.40043	5	1.299569
1020000	-102.8919	-122.9059	20.01407	2	1.61088	0.0360226	0.00287192	0.0115637	0.0546067	0.0685329	0.0571099	0.114704	0.0970681	0.0708371	0.207685	0.112479	0.241954	0.606029	1.05632	2.0957	4	0.8334805
1021000	-92.36964	-125.3062	32.93654	10	0.1570119	0.0454781	0.0343742	0.0481041	0.0279876	0.010817	0.141062	0.189931	0.0822337	0.000950929	0.0400324	0.227387	8.01148e-05	0.0132096	0.26286	3.72385	5	0.8483571
1022000	-102.4677	-123.3221	20.85446	10	0.6740571	0.0399889	0.0266939	0.0750948	0.00323257	0.0738629	0.125353	0.215865	0.174086	0.406816	0.219444	0.0607486	0.0686577	0.351028	0.914862	2.66545	5	1.421187
1023000	-103.4309	-131.6297	28.19877	10	0.657711	0.0169632	0.0223807	0.0528438	0.0287356	0.113418	0.201176	0.00106914	0.0598191	0.0859259	0.154222	0.0896429	0.0651886	0.342874	0.90813	2.68381	5	0.8261964
1024000	-99.93246	-125.3016	25.36915	10	0.5956657	0.151143	0.168	0.013533	0.0670904	0.0734962	0.0830017	0.151067	0.245048	0.0843844	0.225472	0.350306	0.0522153	0.309854	0.879091	2.75884	5	1.612543
1025000	-98.36529	-122.9487	24.58337	2	0.04862241	0.0259445	0.00537544	0.0236126	0.0910345	0.00742831	0.0264094	0.0896629	0.167165	0.146218	0.0566339	0.0697327	2.30841e-13	7.17002e-07	0.00450281	3.9955	4	0.7092175
1026000	-93.86966	-124.1467	30.27701	10	0.6107926	0.019623	0.0374482	0.102851	0.115855	0.105081	0.0224471	0.0246618	0.0343182	0.310929	0.169393	0.256182	0.0553414	0.318218	0.886727	2.73971	5	1.19879
1027000	-97.53145	-123.2737	25.74226	10	2.678399	0.073368	0.0380723	0.148168	0.0281411	0.111685	0.00461133	0.0577846	0.0145248	0.240124	0.205267	0.372826	0.362743	0.712009	1.08039	1.84486	5	1.294572
1028000	-96.71007	-127.3373	30.62724	10	0.1033731	0.00697956	0.00245756	0.0836203	0.0841837	0.033642	0.00557877	0.204688	0.263047	0.0145802	0.0034994	0.0267988	8.2725e-07	0.00135091	0.102933	3.89572	5	0.7290757
1029000	-89.28096	-121.0752	31.79421	10	0.2376647	0.017462	0.0235988	0.0324913	0.0769863	0.0623217	0.00917845	0.0554636	0.0609654	0.338185	0.208453	0.155873	0.00158585	0.0579377	0.47474	3.46574	5	1.040979
1030000	-124.2959	-127.0995	2.803584	1	1.401137	0.0907111	0.0166568	0.15001	0.67617	0.0742136	0.0320606	0.763297	0.0326464	0.120885	0.452669	0.0406639	0.209638	0.571228	1.04405	2.17509	3	2.449984
1031000	-95.29231	-128.2919	32.99957	10	0.1318585	0.014984	0.0245788	0.131731	0.239138	0.0444169	0.127126	0.183692	0.00174867	0.00115585	0.00334304	0.250032	1.49242e-05	0.00572039	0.186706	3.80756	5	1.021946
1032000	-91.87542	-121.4621	29.5867	10	0.1729452	0.0612067	0.00216304	0.0489079	0.0678099	0.00199035	0.0246603	0.222846	0.131471	0.22049	0.154659	0.0122873	0.00018029	0.0197681	0.309488	3.67056	5	0.9484904
1033000	-94.01651	-125.8772	31.86071	10	0.4168373	0.0283537	0.0096027	0.0314867	0.0188463	0.0342207	0.114449	0.300169	0.0649827	0.0341381	0.209697	0.135561	0.0192165	0.194218	0.748876	3.03769	5	0.9815068
1034000	-90.6586	-121.852	31.19343	10	0.2660967	0.0252081	0.04039	0.0938705	0.0853302	0.0231849	0.0442894	0.278817	0.0311644	0.207177	0.101334	0.113851	0.00294833	0.0785365	0.534225	3.38429	5	1.044617
1035000	-97.53053	-120.9792	23.44867	10	2.555569	0.0673888	0.0328856	0.127062	0.0128336	0.0465178	0.049073	0.475959	0.00614161	0.230777	0.320475	0.187676	0.351662	0.703517	1.07923	1.86559	5	1.55679
1036000	-95.47036	-125.7257	30.25529	10	0.8338267	0.0392222	0.0787222	0.138001	0.0906132	0.0957888	0.0772251	0.145155	0.12346	0.0749983	0.200767	0.062035	0.102734	0.420405	0.965904	2.51096	5	1.125987
1037000	-90.60511	-120.0338	29.42867	10	0.2565898	0.0315918	0.00535518	0.0378831	0.0108455	0.133218	0.0090792	0.134919	0.424822	0.234916	0.0614001	0.164533	0.00243321	0.0714885	0.515178	3.4109	5	1.248563
1038000	-97.78988	-128.1554	30.36556	10	0.6140836	0.0661727	0.00944052	0.0986021	0.108469	0.184766	0.257267	0.177504	0.159908	0.0461008	0.0917455	0.0688297	0.0560252	0.32001	0.888337	2.73563	5	1.268804
1039000	-90.43845	-121.5758	31.13732	10	0.1914082	0.0682566	0.0268777	0.00031891	0.0971286	0.0209011	0.00614723	0.412966	0.0244041	0.0996156	0.169025	0.130241	0.000389619	0.0289706	0.360865	3.60978	5	1.055882
1040000	-97.03362	-124.159	27.12538	10	0.2505556	0.070671	0.00108724	0.0542097	0.00434457	0.073168	0.0673992	0.15954	0.0983618	0.176855	0.104089	0.124447	0.00213775	0.0670915	0.502656	3.42811	5	0.9341731
1041000	-107.8484	-120.5239	12.67551	2	2.642229	0.131171	0.0215929	0.0592608	0.0875592	0.0618327	0.0413999	0.325785	0.308776	0.318345	0.231799	0.0854548	0.359539	0.709575	1.08007	1.85081	4	1.672976
1042000	-98.91019	-125.1481	26.23792	10	2.541475	0.109339	0.0903886	0.0297215	0.124081	0.0679684	0.0484266	0.224767	0.0408062	0.291532	0.00637732	0.171391	0.350354	0.7025	1.07908	1.86806	5	1.204798
1043000	-89.71894	-123.9847	34.26572	10	0.1609018	0.0540649	0.0744935	0.0578505	0.0421451	0.0462629	0.0163634	0.109911	0.0911607	0.00235662	0.170428	0.0712624	9.9121e-05	0.0146848	0.274409	3.71081	5	0.7362985
1044000	-94.10639	-127.5274	33.42099	10	0.3672982	0.0152292	0.0697162	0.00605505	0.00195877	0.110724	0.126324	0.0815914	0.0315046	0.158323	0.16057	0.133836	0.0122931	0.15694	0.693322	3.13745	5	0.8958334
1045000	-97.42306	-124.876	27.45292	10	0.3285047	0.0403942	0.0110695	0.0841889	0.0222076	0.0437942	0.143668	0.148653	0.290334	0.0607153	0.277712	0.204098	0.00789006	0.126774	0.640709	3.22463	5	1.326834
1046000	-93.60585	-121.5278	27.92193	10	0.5321436	0.0707449	0.0310591	0.0179113	0.0513813	0.0200048	0.0778206	0.232648	0.0642352	0.263693	0.335614	0.057385	0.0394891	0.272383	0.842318	2.84581	5	1.222496
1047000	-92.86951	-123.2987	30.42921	10	0.5099823	0.0293154	0.056391	0.0453055	0.0327707	0.00256166	0.0205644	0.346867	0.185544	0.0556216	0.00799518	0.211895	0.0352525	0.258383	0.827398	2.87897	5	0.9948317
1048000	-93.6865	-124.4771	30.79062	10	0.6686665	0.00748162	0.0508143	0.0119934	0.0459556	0.114332	0.00293593	0.148543	0.247021	0.123606	0.088606	0.00781699	0.0675121	0.348363	0.91268	2.67144	5	0.8491059
1049000	-100.7602	-122.2082	21.44803	10	2.230429	0.0112809	0.0674657	0.000745982	0.0397553	0.171229	0.0558359	0.499976	0.10471	0.295335	0.140224	0.35889	0.319312	0.677475	1.07481	1.9284	5	1.745448
1050000	-107.7112	-124.0273	16.31608	2	1.218014	0.044466	0.11285	0.0746135	0.00855102	0.114384	0.0129259	0.404928	0.17306	0.033214	0.37757	0.0252715	0.178302	0.53373	1.02846	2.25951	4	1.381834
1051000	-109.1282	-128.1182	18.98996	2	0.2063426	0.0453713	0.0628351	0.188115	0.000338709	0.0096667	0.0350575	0.206239	0.0331253	0.331139	0.370479	0.000749338	0.000656783	0.0375128	0.400008	3.56182	4	1.283116
1052000	-98.99311	-121.8292	22.83612	10	0.6453863	0.0697667	0.00624686	0.0653834	0.0419838	0.111604	0.0161157	0.178443	0.0726791	0.202889	0.154265	0.0951211	0.0625839	0.336581	0.902818	2.69802	5	1.014497
1053000	-108.7334	-128.765	20.03153	2	0.1026125	0.00462423	0.0340772	0.0642441	0.333482	0.0142441	0.0586762	0.246488	0.0623796	0.00533075	0.0511945	0.278736	7.4906e-07	0.00128558	0.100842	3.89787	4	1.153476
1054000	-87.72798	-119.3122	31.58424	10	0.7437756	0.0469167	0.0122839	0.0301482	0.0198625	0.0234258	0.0257579	0.327367	0.114038	0.340558	0.0856635	0.0974238	0.0835526	0.383473	0.94007	2.5929	5	1.123446
1055000	-92.19607	-124.7908	32.59476	10	0.4383242	0.0405321	0.0109536	0.0089782	0.08434	0.125423	0.0775911	0.0374556	0.0271952	0.0969585	0.253977	0.109934	0.0226091	0.209761	0.769632	2.998	5	0.8733384
1056000	-97.84162	-121.2814	23.4398	10	3.170314	0.145401	0.00942741	0.0540941	0.00344122	0.019841	0.0389324	0.195635	0.265182	0.0152734	0.348071	0.335798	0.402023	0.740542	1.08324	1.7742	5	1.431098
1057000	-92.42555	-121.0479	28.62233	10	1.092062	0.0724549	0.0181261	0.0473436	0.0253385	0.130795	0.0715299	0.219277	0.174425	0.281928	0.286398	0.0323361	0.154948	0.502776	1.01372	2.32855	5	1.359951
1058000	-101.0485	-122.8761	21.82754	10	0.4001447	0.303685	0.0141815	0.129321	0.0435759	0.0309784	0.0299719	0.574023	0.030056	0.386307	0.273241	0.0945467	0.0167353	0.181864	0.731437	3.06996	5	1.909887
1059000	-90.75193	-124.06	33.30812	10	0.05038045	0.0438445	0.0161785	0.0202454	0.17346	0.0592264	0.0265098	0.134827	0.227816	0.0203285	0.0295434	0.0795974	6.24122e-13	1.17879e-06	0.00553445	3.99446	5	0.8315772
1060000	-104.5701	-120.0411	15.47099	2	1.128512	0.126523	0.000443506	0.068515	0.0392418	0.00125635	0.122248	0.422227	0.25435	0.126156	0.33159	0.157634	0.161859	0.512242	1.01841	2.30749	4	1.650185
1061000	-91.48318	-122.7527	31.26951	10	0.5727085	0.0732222	0.0246712	0.00194461	0.0307601	0.0543169	0.038714	0.132176	0.149301	0.0274009	0.25307	0.093834	0.0475325	0.296757	0.86673	2.78898	5	0.8794107
1062000	-90.3525	-121.7474	31.39491	10	0.2011074	0.0252885	0.00183733	0.00193928	0.0313059	0.0250769	0.00664063	0.13324	0.172602	0.0576297	0.386614	0.0480816	0.000551783	0.0344168	0.386542	3.57849	5	0.8902568
1063000	-98.20304	-126.0669	27.86388	10	0.1491068	0.00106965	0.0252674	0.0394499	0.159274	0.0287931	0.0790605	0.16921	0.0315255	0.462031	0.0901616	0.346645	5.02265e-05	0.0104709	0.23913	3.75035	5	1.432487
1064000	-86.31083	-123.3037	36.99285	10	0.07355725	0.0291058	0.0216947	0.0334092	0.127759	0.105664	0.0333989	0.113077	0.0099903	0.216837	0.0219681	0.0452217	3.62203e-09	8.9626e-05	0.0334054	3.96651	5	0.7581258
1065000	-101.6752	-123.9834	22.30821	10	0.9657036	0.0194527	0.0127049	0.0876263	0.359145	0.0206008	0.0698574	0.200756	0.00921918	0.211316	0.142057	0.658533	0.130061	0.466195	0.994076	2.40967	5	1.791269
1066000	-89.99303	-122.4583	32.46524	10	0.1706431	0.0339384	0.0196807	0.00359936	0.0449833	0.0350992	0.0580062	0.00959152	0.0943474	0.135835	0.0913949	0.218581	0.000161865	0.0187376	0.30287	3.67823	5	0.7450571
1067000	-91.96341	-121.524	29.56061	10	0.3731201	0.0510856	0.00492314	0.00617227	0.0268199	0.0688224	0.00499786	0.19859	0.370482	0.062622	0.0187812	0.0478051	0.0130352	0.16141	0.700474	3.12508	5	0.8611017
1068000	-90.82706	-123.8071	32.98004	10	0.3372545	0.125081	0.00748254	0.01562	0.107905	0.0311126	0.124744	0.217552	0.257543	0.122786	0.0332117	0.00537181	0.00879784	0.133618	0.653377	3.20421	5	1.048409
1069000	-101.3662	-129.7694	28.40319	10	0.0158642	0.0455411	0.0455369	0.0461668	0.175996	0.0873942	0.0743141	0.204597	0.00654973	0.147357	0.0636482	0.028158	6.26983e-39	1.18498e-19	2.23725e-08	4	5	0.9252588
1070000	-103.6096	-125.1004	21.49076	2	0.01837705	0.0113467	0.00771731	0.0347736	0.0450338	0.0194165	0.0256072	0.0285256	0.0768222	0.361632	0.137373	0.145703	9.69158e-34	4.65785e-17	2.66936e-07	4	4	0.8939507
1071000	-96.3881	-126.1378	29.74973	10	0.3526035	0.107012	0.0150413	0.0825181	0.0781466	0.00151014	0.0393254	0.0791703	0.149554	0.0445689	0.0656364	0.229604	0.010512	0.145578	0.674443	3.16947	5	0.8920874
1072000	-94.61581	-125.6531	31.03725	10	0.8011211	0.0881862	0.0201035	0.115039	0.0543342	0.0591246	0.0161602	0.130265	0.163344	0.0968461	0.206724	0.083325	0.0957973	0.407585	0.957265	2.53935	5	1.033452
1073000	-96.60897	-121.3006	24.69167	10	0.5439904	0.120267	0.0703474	0.0100084	0.0416394	0.0469414	0.157043	0.302741	0.218121	0.0597017	0.270355	0.113637	0.0418029	0.279667	0.849814	2.82872	5	1.410802
1074000	-106.3149	-123.4445	17.1296	10	0.2049203	0.117915	0.0652225	0.0265228	0.00160927	0.0962126	0.234396	0.356284	0.413465	0.0539818	0.0619039	0.44539	0.000626978	0.0366614	0.396377	3.56633	5	1.872904
1075000	-90.94005	-120.9743	30.03429	10	1.15421	0.098609	0.0235631	0.116836	0.0156191	0.0342451	0.071619	0.27138	0.0953844	0.245022	0.21498	0.0739006	0.166657	0.518657	1.0215	2.29319	5	1.261159
1076000	-83.83323	-121.0851	37.25184	10	0.07706894	0.00508751	0.00873428	0.00715217	0.000863292	0.0340617	0.033986	0.0468704	0.182146	0.0621246	0.0935271	0.0374379	8.54386e-09	0.000137612	0.0399142	3.95995	5	0.5119911
1077000	-106.4012	-122.8481	16.44681	1	1.685916	0.0729815	0.0480633	0.0307648	0.0479323	0.0711911	0.110072	0.127163	0.057689	0.235772	0.157175	0.0983791	0.252667	0.616836	1.0597	2.0708	3	1.057183
1078000	-95.19956	-121.3745	26.17494	10	0.5391393	0.0255712	0.0450528	0.0350617	0.0259988	0.161056	0.150934	0.199289	0.138246	0.30194	0.282284	0.106272	0.0408516	0.276701	0.846783	2.83566	5	1.471706
1079000	-85.78234	-120.0602	34.27784	10	0.05626755	0.0139317	0.0196769	0.0114687	0.0805111	0.00869892	0.00982709	0.16354	0.269713	0.0342988	0.0870276	0.0173598	1.10959e-11	4.96782e-06	0.0100537	3.98994	5	0.7160536
1080000	-100.7416	-125.0957	24.35402	10	0.4103957	0.0553367	0.0907327	0.247155	0.0079629	0.134024	0.0920095	0.344493	0.0328598	0.389617	0.194999	0.193286	0.0182423	0.189478	0.742289	3.04999	5	1.782475
1081000	-92.9324	-122.6892	29.75677	10	0.1092291	0.0474067	0.0236719	0.000734394	0.117946	0.0319449	0.0135239	0.144655	0.129197	0.0192968	0.0713835	0.235524	1.6962e-06	0.0019333	0.119387	3.87868	5	0.8352842
1082000	-92.22534	-122.392	30.16669	10	0.3967437	0.0457808	0.0323644	0.0686246	0.0253676	0.0768816	0.0776058	0.283543	0.099105	0.301346	0.0172432	0.0774546	0.0162474	0.179319	0.727733	3.0767	5	1.105317
1083000	-101.671	-121.2329	19.56183	2	0.3267573	0.0140516	0.00624229	0.0866388	0.0509212	0.0323467	0.00600046	0.132845	0.275003	0.310823	0.00697161	0.269802	0.00771494	0.125407	0.638119	3.22876	4	1.191646
1084000	-108.6434	-131.9374	23.29401	10	0.0178084	0.0795763	0.00116242	0.0498546	0.736254	0.122256	0.293241	0.171842	0.00510113	0.104854	0.438133	0.060097	8.71616e-35	1.39692e-17	1.61943e-07	4	5	2.062372
1085000	-98.90676	-126.5084	27.60161	10	0.2251656	0.0634714	0.107411	0.012908	0.0937241	0.0649263	0.0122246	0.149013	0.0032282	0.0404664	0.0344486	0.381902	0.00114893	0.0494374	0.446111	3.5033	5	0.9637231
1086000	-96.60664	-121.0386	24.43195	10	0.3286492	0.0440139	0.0307883	0.0506678	0.0387538	0.108024	0.0478885	0.76524	0.0989641	0.0669819	0.000334131	0.469313	0.00790464	0.126888	0.640922	3.22429	5	1.720969
1087000	-88.85629	-123.0241	34.16778	10	0.2691126	0.0551021	0.045307	0.0197351	0.0729835	0.0166327	0.0812616	0.16719	0.142861	0.18786	0.0197042	0.0591622	0.00312463	0.0807992	0.540097	3.37598	5	0.8677994
1088000	-94.91754	-122.2319	27.31434	10	0.2520914	0.0270802	0.060547	0.0247322	0.101785	0.00929952	0.0481325	0.140283	0.180314	0.0743025	0.0545378	0.435138	0.00221067	0.0682044	0.505875	3.42371	5	1.156152
1089000	-96.70101	-121.9074	25.20643	10	1.96314	0.0486521	0.0789631	0.00561224	0.104095	0.0658763	0.0760371	0.205101	0.107682	0.239106	0.213088	0.309947	0.288835	0.651036	1.06904	1.99109	5	1.454161
1090000	-112.439	-128.3642	15.92525	1	0.2388817	0.0236761	0.0822938	0.0407229	0.0705494	0.139844	0.0162736	0.225686	0.44544	0.0980644	0.0874773	0.0240157	0.00163346	0.0587864	0.477445	3.46214	3	1.254043
1091000	-101.5398	-121.0799	19.5401	10	1.040024	0.0826428	0.0323701	0.100554	0.0658027	0.17693	0.0183458	0.378899	0.242897	0.14691	0.00639388	0.906351	0.14487	0.48846	1.00633	2.36034	5	2.158097
1092000	-93.48279	-124.5565	31.07376	10	0.2879781	0.0674311	0.0601985	0.0985403	0.159671	0.0150948	0.00522009	0.126314	0.227629	0.129934	0.14471	0.0512411	0.0043709	0.0951817	0.57505	3.3254	5	1.085983
1093000	-94.11494	-122.1694	28.05449	10	0.4919803	0.0117816	0.0338574	0.118713	0.011994	0.0960482	0.0255809	0.0422119	0.573095	0.0537985	0.176963	0.299616	0.0319111	0.246648	0.814344	2.9071	5	1.443659
1094000	-89.00375	-122.2754	33.27166	10	0.2015733	0.0156492	0.01622	0.080576	0.0104399	0.0319215	0.0365023	0.189795	0.0849891	0.0249718	0.293235	0.0193717	0.00056061	0.034688	0.387752	3.577	5	0.8036717
1095000	-110.2359	-123.8277	13.59184	2	1.282859	0.0490928	0.02856	0.0622974	0.00940204	0.013059	0.219395	0.319018	0.33096	0.0317754	0.313369	0.0373737	0.189748	0.547913	1.03464	2.2277	4	1.414302
1096000	-86.13345	-121.0681	34.93466	10	0.02518894	0.0541033	0.0316841	0.0300912	0.0151976	0.0420815	0.0159343	0.28955	0.122672	0.129313	0.0286594	0.0746854	7.00887e-25	1.25186e-12	1.8385e-05	3.99998	5	0.8339717
1097000	-91.94471	-123.0585	31.11379	10	0.1216926	0.0350125	0.029984	0.0228487	0.162326	0.0327733	0.027961	0.149582	0.00926243	0.368921	0.145106	0.0848449	6.21077e-06	0.00369455	0.155975	3.84032	5	1.068623
1098000	-105.9886	-126.6442	20.65561	2	0.5022655	0.0498763	0.0417971	0.0623774	0.11322	0.023395	0.0602073	0.0775987	0.177158	0.0291506	0.352273	0.165614	0.0338084	0.253392	0.82191	2.89089	4	1.152668
1099000	-99.21491	-127.58	28.36513	10	0.9707518	0.14424	0.0608648	0.0600195	0.0310348	0.0425721	0.281917	0.213782	0.104453	0.0725043	0.1371	0.106888	0.131082	0.46778	0.994979	2.40616	5	1.255374
1100000	-96.64717	-121.0793	24.43217	10	0.8316149	0.0754764	0.00912029	0.0103104	0.065704	0.0681734	0.0811561	0.236942	0.238315	0.139265	0.283399	0.359703	0.102266	0.419558	0.965344	2.51283	5	1.567565
1101000	-92.3651	-119.2805	26.9154	10	0.4149646	0.0407555	0.0175076	0.0314985	0.00574698	0.0293121	0.0707504	0.244014	0.0730562	0.474647	0.285727	0.0557261	0.0189312	0.192844	0.746979	3.04125	5	1.328741
1102000	-94.33086	-122.7633	28.43242	10	0.7374569	0.0449908	0.0578329	0.00489286	0.0816361	0.0801604	0.0294436	0.158488	0.407274	0.0637594	0.463967	0.0747643	0.0822003	0.38068	0.937995	2.59912	5	1.46721
1103000	-106.4993	-125.3848	18.88549	2	0.6566597	0.0484233	0.0869812	0.170165	0.0147223	0.074226	0.0774876	0.178486	0.0268678	0.00608869	0.210534	0.249105	0.064966	0.342343	0.907685	2.68501	4	1.143087
1104000	-96.09199	-123.7778	27.68577	10	0.6130455	0.215601	0.0724954	0.0110721	0.00665805	0.0529739	0.0321906	0.367968	0.320036	0.0308756	0.164426	0.0553976	0.0558094	0.319446	0.887831	2.73691	5	1.329694
1105000	-93.5675	-122.7241	29.15657	10	0.5832258	0.0212729	0.0629168	0.01308	0.0768324	0.102385	0.0341299	0.20671	0.12489	0.110355	0.231295	0.0431496	0.0496678	0.302819	0.872514	2.775	5	1.027017
1106000	-101.2647	-122.2611	20.99638	10	0.7214329	0.0546702	0.0326475	0.121639	0.052944	0.157934	0.0870276	0.475022	0.135311	0.173593	0.214708	0.40386	0.078771	0.37347	0.932559	2.6152	5	1.909356
1107000	-90.63286	-122.3288	31.69595	10	0.1122352	0.0304142	0.017764	0.0063294	0.142057	0.0320922	0.028091	0.184697	0.0101129	0.142947	0.147732	0.0404827	2.38178e-06	0.00229022	0.128046	3.86966	5	0.7827191
1108000	-97.52879	-125.599	28.07024	10	1.1631	0.0542663	0.0117236	0.0838808	0.155729	0.0432136	0.146074	0.193565	0.370889	0.0414194	0.28418	0.0354221	0.168302	0.520829	1.02252	2.28834	5	1.420363
1109000	-100.1664	-122.6663	22.4999	10	0.4206352	0.0920186	0.0542702	0.000968858	0.0327244	0.181488	0.168333	0.500146	0.060601	0.38185	0.234837	0.267462	0.0198005	0.196995	0.752678	3.03053	5	1.974699
1110000	-94.75408	-121.9241	27.17002	10	0.4279915	0.0949447	0.0111381	0.0656526	0.0163115	0.0515829	0.0179281	0.212929	0.0613102	0.0965752	0.109377	0.293368	0.020951	0.202339	0.759877	3.01683	5	1.031118
1111000	-102.2987	-123.3141	21.01538	2	0.3114806	0.0413197	0.00635804	0.052789	0.0553604	0.0152909	0.000611994	0.302196	0.115796	0.137427	0.0479764	0.304262	0.00627271	0.113451	0.614589	3.26569	4	1.079387
1112000	-95.92601	-124.1978	28.27184	10	0.9158583	0.0144009	0.0366096	0.0629091	0.0662481	0.150071	0.0045512	0.245265	0.36284	0.228007	0.156565	0.0478498	0.119875	0.449913	0.984528	2.44568	5	1.375316
1113000	-106.4474	-127.8717	21.42431	10	2.296957	0.0121995	0.111364	0.100627	0.0853203	0.0742873	0.227769	0.44206	0.235096	0.115165	0.249992	0.0354248	0.32632	0.683283	1.07591	1.91449	5	1.689305
1114000	-106.6788	-128.1644	21.48558	2	0.316448	0.0207521	0.046879	0.0710604	0.00742662	0.0151349	0.00211251	0.151725	0.241668	0.0388036	0.066514	0.279294	0.00672406	0.117336	0.622419	3.25352	4	0.9413704
1115000	-106.5588	-123.3678	16.80902	2	0.7358153	0.0391375	0.039858	0.03572	0.124013	0.0646064	0.093435	0.337365	0.12521	0.0220326	0.11187	0.413577	0.081849	0.37995	0.93745	2.60075	4	1.406824
1116000	-91.38164	-124.4495	33.06789	10	0.7509988	0.0531413	0.0375942	0.0514168	0.0441824	0.0210046	0.0150456	0.176959	0.0174089	0.188026	0.0826373	0.00970391	0.0850982	0.386631	0.942394	2.58588	5	0.6971199
1117000	-87.8336	-121.3298	33.49621	10	0.732889	0.0495617	0.0410753	0.0214283	0.0343176	0.0865123	0.00691192	0.192898	0.0413368	0.212323	0.0698856	0.17991	0.0812226	0.378643	0.936472	2.60366	5	0.9361604
1118000	-109.9994	-124.3046	14.30518	2	0.7109536	0.10697	0.0271025	0.0419114	0.103484	0.110957	0.0285979	0.313808	0.0582114	0.131715	0.244848	0.256368	0.0765294	0.368653	0.928861	2.62596	4	1.423974
1119000	-93.46356	-120.2868	26.82325	10	1.031314	0.0602166	0.0101943	0.0207788	0.0944691	0.118122	0.0130765	0.191609	0.183791	0.228051	0.12299	0.328325	0.143159	0.485966	1.005	2.36587	5	1.371624
1120000	-104.4797	-125.5181	21.03844	10	0.8335386	0.0397921	0.0604197	0.00899602	0.199126	0.172883	0.0619525	0.282077	0.319818	0.302199	0.378562	0.0584491	0.102673	0.420294	0.965832	2.5112	5	1.884274
1121000	-98.14902	-126.7206	28.5716	10	0.3200609	0.0156787	0.00173717	0.23392	0.100063	0.064421	0.00361969	0.25057	0.0851035	0.0893725	0.220787	0.152471	0.00706302	0.120164	0.628004	3.24477	5	1.217743
1122000	-103.8772	-125.0917	21.21455	10	1.527712	0.118202	0.00093123	0.123666	0.0455212	0.00554004	0.214072	0.525057	0.415663	0.0301747	0.201373	0.251086	0.229572	0.593105	1.05201	2.12531	5	1.931287
1123000	-92.40601	-122.1858	29.77975	10	0.4594831	0.0908864	0.0223356	0.0513351	0.015259	0.00243901	0.0654349	0.223365	0.197637	0.064341	0.0651683	0.045859	0.026147	0.224645	0.788391	2.96082	5	0.8440599
1124000	-97.41041	-123.4818	26.07137	10	0.6456466	0.0930842	0.00636732	0.115631	0.0660732	0.047009	0.0956144	0.0707763	0.0777372	0.108226	0.141069	0.243353	0.0626388	0.336715	0.902932	2.69771	5	1.064941
1125000	-97.25232	-123.6873	26.43495	10	0.9753181	0.0356675	0.00283466	0.107034	0.020568	0.0952882	0.0332191	0.234252	0.170825	0.426084	0.00652206	0.0404164	0.132003	0.469205	0.995787	2.403	5	1.172711
1126000	-97.26739	-125.9879	28.72048	10	0.5829236	0.0146492	0.0680269	0.0086531	0.19824	0.181678	0.0113213	0.0291551	0.186207	0.0261508	0.617117	0.122044	0.0496062	0.302646	0.872351	2.7754	5	1.463243
1127000	-96.5388	-127.0286	30.48984	10	0.04057649	0.00388205	0.00132435	0.00100221	0.00933588	0.245761	0.069265	0.152538	0.0351175	0.050427	0.048407	0.17479	8.10223e-16	4.25071e-08	0.00139437	3.99861	5	0.7918506
1128000	-86.94281	-120.4293	33.48652	10	0.2463832	0.0170864	0.00926215	0.00163611	0.0169632	0.0315374	0.0451447	0.0611345	0.1873	0.0687629	0.11619	0.113971	0.00194746	0.0640907	0.493796	3.44017	5	0.6689879
1129000	-88.87237	-123.9671	35.09472	10	0.6158309	0.0193719	0.00646306	0.0644349	0.0656893	0.0488758	0.0712767	0.185769	0.036381	0.17	0.0820847	0.0550782	0.0563887	0.320958	0.889185	2.73347	5	0.805424
1130000	-104.4417	-123.9078	19.46606	2	2.568203	0.0808408	0.00653262	0.0135499	0.0345985	0.0642427	0.0593697	0.3234	0.180642	0.0538965	0.0729429	0.0799693	0.352829	0.704421	1.07936	1.86339	4	0.9699852
1131000	-91.36008	-122.9248	31.56476	10	0.2429451	0.0494219	0.0243244	0.0069019	0.0163213	0.0723165	0.13482	0.104536	0.0552283	0.251317	0.129779	0.0461364	0.0017991	0.0616444	0.48637	3.45019	5	0.891104
1132000	-106.9465	-125.8156	18.86908	2	0.2487341	0.0611923	0.0239941	0.0259253	0.127269	0.0107391	0.0269049	0.433374	0.101025	0.136927	0.0255394	0.264092	0.00205328	0.0657773	0.498808	3.43336	4	1.236983
1133000	-91.25496	-120.494	29.23902	10	0.791334	0.0217846	0.0413657	0.0992032	0.0244579	0.0209591	0.0884384	0.215546	0.374265	0.00504676	0.2529	0.308797	0.0937134	0.403621	0.954524	2.54814	5	1.452763
1134000	-94.79223	-124.2677	29.47542	10	0.2887033	0.035632	0.0747434	0.0309771	0.0446663	0.0123085	0.35155	0.114712	0.238009	0.0605687	0.272557	0.155547	0.00442378	0.095741	0.576334	3.3235	5	1.391271
1135000	-92.63078	-120.44	27.80918	10	0.3132394	0.050298	0.0108891	0.0354544	0.0268565	0.012746	0.0570688	0.462047	0.253623	0.0995542	0.147514	0.0745869	0.00643057	0.114826	0.617381	3.26136	5	1.230638
1136000	-92.02006	-119.7983	27.77829	10	0.5710211	0.048027	0.0059775	0.0258431	0.0171978	0.0181853	0.0318976	0.393075	0.0280699	0.234882	0.328995	0.0427901	0.0471916	0.295775	0.865783	2.79125	5	1.17494
1137000	-95.21323	-121.8641	26.6509	10	0.7097007	0.0734701	0.0278512	0.05136	0.0680724	0.0251098	0.0193541	0.322259	0.182779	0.163229	0.108591	0.107935	0.0762614	0.368071	0.928411	2.62726	5	1.150011
1138000	-96.4654	-119.6753	23.20993	2	0.2971746	0.0430364	0.00491895	0.0397914	0.00438546	0.00342352	0.00320492	0.191051	0.149267	0.0284499	0.0440761	0.154819	0.00506892	0.102299	0.591027	3.3016	4	0.6664226
1139000	-98.49167	-127.8321	29.34044	10	0.585506	0.087659	0.0340328	0.0567265	0.0989637	0.0701573	0.0689607	0.196721	0.117322	0.0632789	0.0515062	0.274164	0.0501331	0.304119	0.87374	2.77201	5	1.119492
1140000	-95.28596	-124.706	29.42007	10	0.07904052	0.0265153	0.0544098	0.0288683	0.122025	0.0264208	0.000929352	0.230524	0.00101388	0.0757145	0.244793	0.101563	1.33775e-08	0.000172165	0.043804	3.95602	5	0.9127766
1141000	-109.9812	-129.985	20.00377	2	0.06638443	0.0323233	0.0393089	0.0619137	0.191937	0.0982022	0.0211904	0.195874	0.0734809	0.0561205	0.164526	0.219894	4.73247e-10	3.24162e-05	0.0219004	3.97807	4	1.15477
1142000	-101.5317	-121.8921	20.36041	10	3.127357	0.0330211	0.101974	0.0213741	0.0819711	0.0139646	0.0445098	0.476626	0.172184	0.219128	0.25225	0.12231	0.398881	0.738344	1.08308	1.7797	5	1.539312
1143000	-93.03888	-120.747	27.70812	10	0.07723037	0.0201856	0.00711534	0.0189553	0.123562	0.0964647	0.013604	0.467994	0.0190953	0.355585	0.030041	0.118118	8.87098e-09	0.00014022	0.0402264	3.95963	5	1.27072
1144000	-106.3484	-122.1941	15.84567	10	1.67389	0.030014	0.00162416	0.0585798	0.137127	0.20755	0.0295691	0.347015	0.142029	0.362141	0.339794	0.0217768	0.250979	0.615155	1.05919	2.07468	5	1.677221
1145000	-88.28419	-121.6996	33.41544	10	0.4858361	0.0659676	0.0239973	0.0146268	0.0578931	0.06606	0.0441334	0.285754	0.0401578	0.108898	0.0668609	0.0973869	0.0307935	0.242569	0.809682	2.91696	5	0.8717364
1146000	-92.12799	-123.8652	31.73724	10	0.2052444	0.0585935	0.0155857	0.0576233	0.0409888	0.053638	0.0693654	0.188942	0.028703	0.138703	0.0209995	0.178817	0.000633684	0.0368547	0.397206	3.56531	5	0.8519587
1147000	-96.15156	-129.1018	32.95024	10	0.7587	0.0665654	0.00180418	0.0194954	0.137453	0.00281708	0.0365635	0.140183	0.0988768	0.0898121	0.177295	0.149212	0.0867455	0.389959	0.94482	2.57848	5	0.9200779
1148000	-98.29864	-126.3241	28.02549	10	0.5976843	0.103639	0.0357759	0.082602	0.399019	0.00695259	0.0807484	0.27299	0.128481	0.0527414	0.120794	0.235478	0.0526308	0.310983	0.880133	2.75625	5	1.51922
1149000	-89.17938	-121.2336	32.05421	10	0.1731376	0.0147909	0.0134038	0.0372935	0.031042	0.0140493	0.0437166	0.146243	0.141517	0.0802967	0.134952	0.0685217	0.000181898	0.0198555	0.310039	3.66992	5	0.7258268
1150000	-108.2655	-126.6991	18.43362	2	1.510794	0.135395	0.0283736	0.0626709	0.038313	0.0919217	0.0187977	0.152464	0.00920092	0.040842	0.0420967	0.635991	0.226985	0.590343	1.05105	2.13162	4	1.256067
1151000	-86.41787	-123.3917	36.9738	10	0.3833546	0.0798924	0.0136189	0.0343092	0.0641987	0.0290732	0.0284967	0.151808	0.100426	0.0669248	0.110072	0.0265438	0.0143881	0.169216	0.712621	3.10377	5	0.7053631
1152000	-90.87418	-125.758	34.88383	10	0.03260128	0.00431012	0.00473554	0.058146	0.0955585	0.0840527	0.0224136	0.0974346	0.126333	0.0410559	0.0244062	0.0549796	1.90317e-19	6.51919e-10	0.000246412	3.99975	5	0.6134261
1153000	-92.61748	-121.4651	28.84758	10	0.596616	0.0411255	0.0586291	0.0334134	0.0767484	0.0849736	0.00250892	0.243347	0.16763	0.159497	0.107416	0.270882	0.0524109	0.310386	0.879583	2.75762	5	1.24617
1154000	-88.01095	-122.2333	34.22236	10	0.3666942	0.0490845	0.0110539	0.00315535	0.135955	0.0401369	0.0281278	0.0551149	0.0592039	0.261486	0.230864	0.0162833	0.0122173	0.156475	0.692569	3.13874	5	0.8904658
1155000	-96.17891	-123.5327	27.35375	10	0.06224993	0.00248913	0.00604403	0.0580657	0.0621157	0.136598	0.0106334	0.160175	0.0217113	0.219862	0.085077	0.235293	1.1831e-10	1.62136e-05	0.0164266	3.98356	5	0.9980647
1156000	-89.55686	-125.6792	36.12231	10	0.3300931	0.0352309	0.0242446	0.0263143	0.000930035	0.0237737	0.0201848	0.17235	0.0799147	0.228343	0.0269203	0.0388682	0.00805105	0.128018	0.643046	3.22089	5	0.677075
1157000	-107.972	-126.3655	18.39354	1	0.4665492	0.0183553	0.0608122	0.0356735	0.0171533	0.00230324	0.0486125	0.159375	0.406939	0.168792	0.0575188	0.00891262	0.0273682	0.229518	0.794315	2.9488	3	0.9844472
1158000	-95.12341	-124.0962	28.97275	10	0.4888141	0.010519	0.0375183	0.0389467	0.135902	0.0984553	0.0347828	0.275648	0.379831	0.0115931	0.0717653	0.131818	0.0313337	0.244551	0.811956	2.91216	5	1.226779
1159000	-97.61386	-125.0393	27.42546	10	1.175216	0.0837316	0.014662	0.151425	0.0180335	0.0586102	0.000511418	0.266423	0.0845846	0.36665	0.110038	0.0465177	0.170533	0.52375	1.02389	2.28182	5	1.201187
1160000	-95.88449	-122.1657	26.28123	10	1.050518	0.0262217	0.0843362	0.00891302	0.192704	0.0459035	0.132073	0.205375	0.137949	0.334003	0.166785	0.193263	0.146922	0.491427	1.00789	2.35376	5	1.527527
1161000	-97.40991	-122.1074	24.69753	10	0.3448458	0.0536157	0.0268689	0.0818511	0.0505427	0.039907	0.0409474	0.230734	0.472397	0.263101	0.0382243	0.0637129	0.00962652	0.139543	0.663975	3.18686	5	1.361902
1162000	-94.07123	-120.3532	26.28194	10	0.279165	0.05143	0.0213167	0.0142737	0.0161407	0.0119097	0.0340517	0.290814	0.252466	0.17487	0.105836	0.0168573	0.00375774	0.0884193	0.559096	3.34873	5	0.9899653
1163000	-95.00638	-121.2243	26.21792	10	0.3250377	0.0304227	0.0230303	0.0193638	0.170388	0.0257057	0.0702095	0.112872	0.0845092	0.163267	0.439165	0.115838	0.00754462	0.12406	0.635551	3.23284	5	1.254772
1164000	-98.64529	-122.8254	24.18006	10	1.974915	0.100641	0.0362301	0.109804	0.145525	0.176779	0.0514446	0.232329	0.556702	0.0700717	0.193129	0.00196425	0.290262	0.652319	1.06935	1.98807	5	1.67462
1165000	-85.93082	-122.0686	36.1378	10	0.03487154	0.0317098	0.020194	0.011293	0.0865064	0.0298321	0.032459	0.176877	0.297475	0.00722565	0.016721	0.0102647	3.03109e-18	2.60118e-09	0.000437526	3.99956	5	0.7205577
1166000	-95.52828	-123.1754	27.64714	10	0.4957023	0.101637	0.0673883	0.0423164	0.0333334	0.0301523	0.0464545	0.182719	0.237612	0.223011	0.0573093	0.180993	0.032594	0.249101	0.817116	2.90119	5	1.202926
1167000	-92.72296	-122.3382	29.61527	10	0.3145273	0.0531226	0.0067416	0.0455915	0.0611367	0.112864	0.0452471	0.0503609	0.262776	0.202752	0.0672992	0.121907	0.00654751	0.115833	0.619412	3.25821	5	1.029799
1168000	-99.84395	-120.9081	21.06418	10	0.3548325	0.0522855	0.0647204	0.0359771	0.115696	0.0553537	0.0178566	0.145481	0.559411	0.0349455	0.552172	0.156556	0.0107735	0.147308	0.677385	3.16453	5	1.790453
1169000	-104.1013	-123.2113	19.10994	2	0.6774571	0.0319805	0.0323075	0.043456	0.0101031	0.0892315	0.016705	0.490015	0.0960894	0.0715723	0.29314	0.108302	0.0693811	0.352697	0.916219	2.6617	4	1.282903
1170000	-101.6235	-125.1273	23.50373	10	0.8065869	0.0491106	0.0387437	0.0572763	0.160308	0.05297	0.209284	0.365922	0.00943549	0.1189	0.545685	0.0750133	0.0969596	0.409772	0.958763	2.5345	5	1.682648
1171000	-107.7558	-124.8268	17.07101	10	0.8835723	0.0706414	0.151818	0.00935656	0.0528631	0.0655415	0.0435791	0.220333	0.207521	0.13281	0.208973	0.624395	0.113179	0.438725	0.97767	2.47043	5	1.78783
1172000	-109.3587	-123.9461	14.58739	1	1.377499	0.0240536	0.0119462	0.0825024	0.00363206	0.033139	0.0587884	0.241755	0.450971	0.0404178	0.0491745	0.277587	0.205763	0.566809	1.04234	2.18509	3	1.273967
1173000	-92.24095	-124.9832	32.74225	10	0.1658597	0.0444947	0.0176993	0.0132877	0.163191	0.0817894	0.00609871	0.244241	0.0367493	0.324363	0.0865107	0.0312967	0.000128144	0.0166844	0.288982	3.69421	5	1.049721
1174000	-100.0091	-122.3643	22.35518	2	0.1811609	0.0267196	0.0219908	0.0324076	0.167272	0.00167117	0.013575	0.404631	0.125566	0.168812	0.0598689	0.06009	0.000259023	0.0236628	0.332737	3.64334	4	1.082603
1175000	-95.64493	-123.9715	28.32662	10	0.3323505	0.0817195	0.0576387	0.0258918	0.16927	0.163025	0.0162795	0.122537	0.0434999	0.06888	0.450961	0.0920608	0.00828275	0.129784	0.646338	3.2156	5	1.291763
1176000	-88.9166	-120.6041	31.68751	10	0.06029814	0.0194615	0.00458305	0.072814	0.0106614	0.0271276	0.00365785	0.319327	0.0462623	0.0434393	0.0609816	0.192406	5.75574e-11	1.13107e-05	0.014146	3.98584	5	0.8007214
1177000	-99.88999	-122.4609	22.57091	2	0.06388649	0.0121187	0.0124952	0.0263309	0.0364452	0.0290758	0.0126587	0.324126	0.0711548	0.0608758	0.0375808	0.225666	2.09247e-10	2.15595e-05	0.0184894	3.98149	4	0.848528
1178000	-98.96966	-123.8423	24.87264	10	1.191868	0.0676043	0.0206642	0.0552732	0.10883	0.137788	0.0747169	0.180845	0.164229	0.187627	0.318392	0.0330597	0.173576	0.527695	1.02572	2.27301	5	1.349029
1179000	-89.47886	-122.7116	33.2327	10	0.05915139	0.0245266	0.0311796	0.0201461	0.0886552	0.0145803	0.0439536	0.29787	0.202401	0.0306601	0.0657232	0.0194799	3.6865e-11	9.0529e-06	0.0128972	3.98709	5	0.8391751
1180000	-88.19152	-122.0152	33.82369	10	0.3015423	0.0935359	0.00277126	0.0714927	0.0458662	0.0879683	2.10899e-05	0.133151	0.0310825	0.062312	0.122761	0.346534	0.00542125	0.105695	0.598384	3.2905	5	0.9974961
1181000	-94.06728	-119.8447	25.77743	10	0.5576033	0.0353226	0.0178742	0.0206781	0.0280328	0.0175971	0.0800012	0.354105	0.117764	0.260221	0.307176	0.083949	0.044499	0.287868	0.858046	2.80959	5	1.322721
1182000	-88.23919	-119.7629	31.52367	10	0.4677648	0.0354766	0.00144473	0.0323075	0.0154183	0.0214223	0.0737512	0.285522	0.0495919	0.0997285	0.12889	0.12896	0.0275802	0.230352	0.795318	2.94675	5	0.8725126
1183000	-109.5142	-122.876	13.36175	2	0.9025818	0.0738333	0.00159535	0.158422	0.0136271	0.110981	0.0250792	0.346561	0.149929	0.540001	0.153809	0.19973	0.11713	0.445376	0.981776	2.45572	4	1.773569
1184000	-90.20468	-122.5998	32.39512	10	0.7289014	0.0294497	0.00361264	0.0477635	0.217531	0.0183859	0.0906413	0.292871	0.0634755	0.0646619	0.0535315	0.346924	0.0803692	0.376853	0.935125	2.60765	5	1.228849
1185000	-93.24542	-123.0138	29.76842	10	0.7766145	0.176306	0.0356673	0.0184547	0.0274284	0.0620685	0.0386944	0.124576	0.172285	0.471269	0.122565	0.0843098	0.0905737	0.397546	0.950258	2.56162	5	1.333625
1186000	-96.62059	-119.4612	22.84066	10	0.9923057	0.0505879	0.0438774	0.0303767	0.0753845	0.0170307	0.0247045	0.260935	0.193777	0.0650544	0.492205	0.143753	0.135416	0.474427	0.998713	2.39144	5	1.397686
1187000	-97.78868	-123.6897	25.90101	10	0.2770195	0.0950748	0.00161112	0.0483624	0.137592	0.128445	0.0237444	0.278811	0.0215486	0.117397	0.375389	0.0496422	0.00361671	0.0867838	0.555114	3.35449	5	1.277618
1188000	-96.67322	-126.7018	30.02853	10	0.142385	0.0278258	0.0634577	0.0407918	0.0174891	0.252404	0.0475555	0.0970392	0.338285	0.0770729	0.00159951	0.160221	3.24157e-05	0.00841949	0.218754	3.77279	5	1.123742
1189000	-108.4847	-125.8561	17.3714	2	0.4523647	0.0343383	0.0136027	0.000102017	0.317155	0.117793	0.0599417	0.0332555	0.0317439	0.0353287	0.142617	0.523959	0.0249363	0.219685	0.782255	2.97312	4	1.309837
1190000	-97.44795	-119.4994	22.05146	10	1.133856	0.0523786	0.0642539	0.0265598	0.0328984	0.0983569	0.00897307	0.349321	0.186683	0.345415	0.0814295	0.162706	0.162862	0.513593	1.01907	2.30448	5	1.408975
1191000	-96.68776	-120.284	23.59625	2	0.1642543	0.0400555	0.00393337	0.0428644	0.0246646	0.00971347	0.00710019	0.186687	0.0239486	0.463336	0.0972392	0.0431101	0.00011812	0.0160224	0.284282	3.69958	4	0.9426528
1192000	-102.1608	-123.5067	21.34582	10	4.465739	0.0948962	0.14043	0.0390648	0.0275947	0.11003	0.0149852	0.242885	0.10222	0.383245	0.00774786	0.190859	0.478251	0.789917	1.08408	1.64775	5	1.353958
1193000	-92.65774	-125.9058	33.24811	10	0.06026035	0.0670199	0.0702599	0.0390696	0.00121777	0.0329034	0.00445011	0.0280425	0.0734878	0.0224999	0.299952	0.232845	5.6734e-11	1.12295e-05	0.0141038	3.98589	5	0.871748
1194000	-101.7013	-126.1465	24.44516	10	0.4352003	0.045366	0.0323501	0.0857526	0.229063	0.14603	0.0427503	0.11484	0.557181	0.0365281	0.0787421	0.393195	0.0221028	0.207527	0.766725	3.00364	5	1.761798
1195000	-97.3261	-123.4549	26.12881	10	0.6870398	0.0404598	0.0949091	0.0924884	0.0747914	0.000717458	0.0597225	0.415968	0.0094916	0.216244	0.19795	0.104902	0.0714224	0.357351	0.919969	2.65126	5	1.307645
1196000	-86.04272	-121.9755	35.93281	10	0.2999182	0.0454937	0.0120803	0.0307611	0.0227502	0.0180492	0.0159697	0.0991471	0.130871	0.11952	0.0994882	0.0864347	0.00528868	0.104432	0.595665	3.29461	5	0.6805655
1197000	-95.1002	-120.9571	25.85689	10	0.3967292	0.0328003	0.00464971	0.0653811	0.0453083	0.0233005	0.0316852	0.300211	0.295997	0.0619892	0.0465794	0.659733	0.0162454	0.179309	0.727717	3.07673	5	1.567634
1198000	-92.99437	-124.4903	31.49595	10	1.716635	0.0458987	0.0255657	0.0299727	0.132176	0.00496951	0.0401529	0.105698	0.0632733	0.164291	0.115091	0.0593507	0.256933	0.621048	1.06096	2.06106	5	0.7864388
1199000	-88.11116	-121.4866	33.37547	10	0.266081	0.0607514	0.0159481	0.0274754	0.0067099	0.00839237	0.00922771	0.108658	0.290583	0.110913	0.0552392	0.00228804	0.00294742	0.0785247	0.534194	3.38433	5	0.6961866
1200000	-101.3361	-121.0431	19.70692	2	2.576429	0.071718	0.0098751	0.0139619	0.0533393	0.0785474	0.0894186	0.221839	0.065816	0.0519809	0.135649	0.314575	0.353585	0.705005	1.07945	1.86196	4	1.10672
1201000	-95.67144	-122.1004	26.42898	10	0.7345984	0.095633	0.000402253	0.0652262	0.0365169	0.109085	0.162154	0.206774	0.271278	0.0982888	0.267614	0.107473	0.0815885	0.379407	0.937044	2.60196	5	1.420445
1202000	-97.5258	-128.2806	30.75477	10	0.0004904523	0.0808525	0.00105815	0.0165109	0.0808442	0.0705623	0.03809	0.474029	0.0959335	0.0660903	0.0976631	0.0599544	0	0	3.05175e-255	4	5	1.081588
1203000	-109.9052	-127.7198	17.81465	1	0.3080285	0.0735839	0.0733329	0.00624593	0.0511301	0.0121468	0.101761	0.140544	0.111394	0.262672	0.204411	0.0209665	0.00596914	0.110754	0.609043	3.27423	3	1.058188
1204000	-92.90281	-122.2126	29.3098	10	0.2148136	0.0356958	0.0282446	0.0642569	0.0678247	0.00502015	0.0501455	0.0568473	0.197698	0.187746	0.00269428	0.134635	0.000855078	0.0427346	0.421204	3.53521	5	0.8308079
1205000	-97.61799	-129.4507	31.8327	10	0.05910689	0.0233069	0.0472694	0.0245329	0.0567468	0.0206541	0.0523481	0.165043	0.032207	0.263528	0.0746208	0.0338754	3.62205e-11	8.97345e-06	0.0128501	3.98714	5	0.7941325
1206000	-87.45315	-121.4653	34.01215	10	0.1971367	0.0449695	0.016371	0.0126825	0.0122501	0.0457843	0.000510042	0.20998	0.0818834	0.0104395	0.124815	0.0178648	0.000480509	0.0321401	0.376144	3.59124	5	0.5775497
1207000	-93.28462	-124.7163	31.43168	10	0.6475219	0.0784611	0.0288574	0.00206591	0.0082114	0.0156495	0.0249374	0.179935	0.20471	0.0207468	0.383002	0.149721	0.0630344	0.33768	0.903753	2.69553	5	1.096297
1208000	-98.36309	-122.7871	24.42402	2	0.1845133	0.00931185	0.0156621	0.0131809	0.0441318	0.0788706	0.0476683	0.0979116	0.072294	0.0862028	0.0290323	0.330084	0.000297519	0.025346	0.342048	3.63231	4	0.8243506
1209000	-98.61825	-127.0593	28.44101	10	0.146996	0.00875993	0.0414292	0.182517	0.11268	0.00229664	0.143502	0.438612	0.303681	0.130852	0.0480282	0.0275288	4.39634e-05	0.00979913	0.232747	3.75741	5	1.439886
1210000	-96.74432	-128.4854	31.74108	10	0.184739	0.00767684	0.0118472	0.0404033	0.0171736	0.104141	0.0131809	0.0504523	0.128214	0.393375	0.0494027	0.0716833	0.000300254	0.0254613	0.342672	3.63157	5	0.8875508
1211000	-89.87257	-121.2122	31.33962	10	0.2515543	0.0260491	0.00906288	0.0320228	0.012295	0.0434649	0.0494197	0.0739537	0.16932	0.373328	0.213898	0.00713453	0.00218499	0.0678147	0.504752	3.42525	5	1.009949
1212000	-99.61917	-121.8333	22.21408	10	2.487085	0.034534	0.00906045	0.0406062	0.223299	0.0941127	0.013568	0.15632	0.0274095	0.257329	0.928812	0.0769315	0.345229	0.69849	1.07848	1.8778	5	1.861983
1213000	-96.92868	-126.8403	29.91157	10	0.229829	0.00894224	0.0521468	0.0898366	0.0548441	0.0308038	0.114896	0.243006	0.01606	0.0787611	0.239853	0.0722277	0.00130107	0.0525606	0.456975	3.48916	5	1.001378
1214000	-94.65192	-120.8711	26.21919	10	1.926781	0.113811	0.0359187	0.0204269	0.156993	0.0540522	0.00507846	0.220651	0.105029	0.104127	0.338974	0.0933343	0.284375	0.646995	1.06804	2.00059	5	1.248396
1215000	-100.3454	-126.2808	25.93532	10	0.1715159	0.0252722	0.023753	0.0557005	0.0732516	0.0800436	0.332953	0.104867	0.192219	0.0685409	0.64702	0.050969	0.000168675	0.0191251	0.305384	3.67532	5	1.654589
1216000	-98.96255	-123.2176	24.25505	10	0.2319266	0.0307879	0.0215884	0.0346401	0.0521743	0.117731	0.109429	0.185209	0.393533	0.0175812	0.273136	0.116645	0.00137368	0.0539847	0.461791	3.48285	5	1.352455
1217000	-117.3599	-124.6822	7.322351	10	0.4990188	0.0550238	0.0432328	0.0664161	0.0864913	0.168646	0.310416	0.260987	0.146708	0.130126	0.174119	0.411131	0.033206	0.251275	0.819553	2.89597	5	1.853298
1218000	-104.3888	-123.8833	19.49446	2	2.234146	0.141067	0.100252	0.0214332	0.0459498	0.0617199	0.0655721	0.192508	0.255615	0.143414	0.0313977	0.101643	0.319709	0.677807	1.07488	1.92761	4	1.160572
1219000	-100.0983	-121.2536	21.15538	2	1.110741	0.058502	0.071711	0.0106376	0.00177083	0.0525814	0.0726241	0.283867	0.209467	0.138515	0.164811	0.0407408	0.158505	0.507682	1.01617	2.31764	4	1.105228
1220000	-97.45767	-121.9413	24.48363	10	0.4376181	0.0655487	0.0540202	0.0869026	0.0331119	0.0072116	0.227506	0.0634271	0.553183	0.0240732	0.21101	0.267041	0.0224943	0.209257	0.768978	2.99927	5	1.593034
1221000	-99.15597	-123.4211	24.26513	2	0.3798566	0.0097641	0.0628371	0.000998625	0.0113126	0.0770677	0.0445633	0.137359	0.146751	0.0702745	0.0291345	0.167852	0.0139189	0.166556	0.708529	3.111	4	0.7579156
1222000	-108.1544	-128.1752	20.02072	1	1.785566	0.0580777	0.0754346	0.012028	0.00816628	0.0417114	0.033033	0.180575	0.166429	0.0750512	0.0272006	0.0121218	0.266261	0.630085	1.06357	2.04009	3	0.6898278
1223000	-95.58725	-126.9989	31.41163	10	0.1453829	0.0101895	0.100889	0.143695	0.0559467	0.0498902	0.0190947	0.309191	0.151204	0.098006	0.0866009	0.124506	3.96051e-05	0.00930275	0.227858	3.7628	5	1.149213
1224000	-101.1236	-128.0942	26.97061	10	0.291623	0.0603969	0.0285514	0.120381	0.0654127	0.0331879	0.118186	0.180134	0.148232	0.252743	0.0678643	0.179647	0.00464043	0.0979962	0.581463	3.3159	5	1.254736
1225000	-107.5263	-124.7264	17.20006	2	1.809947	0.115741	0.0896435	0.0166701	0.102365	0.0469677	0.213764	0.339683	0.259985	0.0689205	0.0927436	0.0841074	0.269482	0.633152	1.06442	2.03295	4	1.430592
1226000	-106.4927	-126.1713	19.67864	2	0.2080769	0.0672297	0.0645055	0.0361266	0.0304978	0.00906055	0.101182	0.328669	0.0300367	0.0318458	0.192446	0.212176	0.000694454	0.0385612	0.404407	3.55634	4	1.103776
1227000	-99.12176	-124.4241	25.30239	2	0.149796	0.0522004	0.0419724	0.0145479	0.109826	0.0522808	0.0287319	0.0218188	0.203133	0.152114	0.062617	0.0391164	5.24163e-05	0.0106957	0.241211	3.74804	4	0.7783582
1228000	-91.48334	-122.4947	31.01139	10	0.5164589	0.034456	0.0050919	0.00236337	0.0652893	0.0187322	0.131909	0.189098	0.0628416	0.0660761	0.163852	0.42711	0.0364774	0.262525	0.831884	2.86911	5	1.166818
1229000	-92.08056	-121.0687	28.9881	10	1.437833	0.113731	0.029894	0.0331308	0.0343918	0.0689342	0.0318847	0.281373	0.127383	0.116727	0.105436	0.343378	0.215557	0.577871	1.04655	2.16002	5	1.286264
1230000	-91.91368	-120.4966	28.58292	10	0.7515269	0.0416524	0.016783	0.0133049	0.127336	0.0269525	0.0232049	0.188891	0.224651	0.101558	0.052333	0.142817	0.0852112	0.386861	0.942562	2.58537	5	0.9594829
1231000	-102.3037	-124.8222	22.51847	10	0.8774654	0.0724211	0.0526968	0.118952	0.170218	0.143268	0.0696283	0.0561057	0.225822	0.40816	0.0608591	0.122612	0.111905	0.436549	0.976307	2.47524	5	1.500742
1232000	-89.63366	-121.1422	31.50851	10	1.292075	0.0481011	0.0245237	0.0541119	0.0226469	0.100927	0.00499705	0.265971	0.165473	0.0212939	0.190481	0.175494	0.191344	0.549843	1.03546	2.22336	5	1.07402
1233000	-88.3691	-123.2499	34.88083	10	0.1185573	0.0113448	0.00150856	0.0217816	0.0914196	0.0069212	0.0588899	0.015004	0.0267071	0.232675	0.246361	0.0164985	4.59751e-06	0.0031798	0.14662	3.8502	5	0.729111
1234000	-88.33718	-122.6021	34.26491	10	0.37953	0.0133273	0.020006	0.0252517	0.0172874	0.00499519	0.00775597	0.0868929	0.153406	0.0807377	0.190583	0.0841966	0.0138754	0.166307	0.708144	3.11167	5	0.68444
1235000	-88.53456	-119.9368	31.40227	10	0.4052739	0.0300915	0.00603741	0.0589866	0.0355794	0.0795207	0.0208181	0.24224	0.132712	0.0259764	0.356447	0.0473406	0.0174826	0.185685	0.736925	3.05991	5	1.03575
1236000	-95.55209	-123.674	28.12186	10	1.163477	0.0938622	0.0147794	0.0748526	0.0450812	0.0479847	0.0341193	0.183071	0.343805	0.179664	0.0180828	0.011894	0.168372	0.52092	1.02257	2.28814	5	1.047196
1237000	-90.89155	-122.165	31.27341	10	1.546769	0.0553841	0.0215907	0.0146053	0.0795784	0.0769671	0.0245368	0.249977	0.0961312	0.0476502	0.191096	0.289932	0.232458	0.59616	1.05305	2.11833	5	1.147448
1238000	-103.7952	-121.283	17.48775	10	0.4681925	0.0886045	0.0128828	0.0586232	0.125438	0.0116605	0.217311	0.337584	0.0522053	0.499581	0.0376356	0.417382	0.0276549	0.230644	0.79567	2.94603	5	1.858908
1239000	-98.31923	-122.7435	24.42428	10	1.669566	0.0624158	0.00351311	0.0235294	0.126433	0.0678409	0.00622682	0.374001	0.429972	0.00604094	0.0436329	0.0656834	0.250369	0.614546	1.059	2.07608	5	1.209289
1240000	-91.62503	-122.3982	30.77316	10	0.2523805	0.0610088	0.0244747	0.0278288	0.0971317	0.00588968	0.0489132	0.32088	0.124356	0.270488	0.102751	0.0925389	0.00222456	0.0684144	0.506479	3.42288	5	1.176259
1241000	-100.1286	-124.6653	24.53672	10	0.8484569	0.0715361	0.0492021	0.0340946	0.29321	0.111567	0.0900924	0.30366	0.0708619	0.0554154	0.214205	0.0876981	0.10582	0.425935	0.969527	2.49872	5	1.381542
1242000	-111.175	-125.7674	14.59241	1	0.8624858	0.0712709	0.0106849	0.0598766	0.000800838	0.0553415	0.0142523	0.0612228	0.553037	0.191237	0.0182572	0.288985	0.108769	0.431126	0.972871	2.48723	3	1.324967
1243000	-100.0146	-119.7612	19.74655	10	3.264329	0.0676884	0.0487718	0.0539868	0.014666	0.0216059	0.0774139	0.608536	0.0479954	0.0709074	0.296939	0.481078	0.408731	0.745187	1.08354	1.76254	5	1.78959
1244000	-91.52689	-122.5949	31.06806	10	0.5049932	0.0217908	0.100899	0.0226179	0.0253036	0.0151938	0.0572168	0.140789	0.109672	0.164929	0.124609	0.190771	0.0343169	0.255163	0.823868	2.88665	5	0.9737923
1245000	-91.04642	-121.6377	30.5913	10	0.04148806	0.0171059	0.0260174	0.043122	0.0366447	0.0272608	0.0280248	0.0981654	0.145777	0.144531	0.0674325	0.0471569	1.71612e-15	6.18585e-08	0.00162922	3.99837	5	0.681238
1246000	-103.1746	-121.9866	18.81198	2	1.322253	0.0471623	0.0698319	0.00448403	0.140342	0.0296495	0.03847	0.197719	0.101493	0.13791	0.163292	0.138337	0.196513	0.556023	1.03802	2.20944	4	1.06869
1247000	-89.34627	-123.7642	34.41794	10	0.2319616	0.0140004	0.0545994	0.0264359	0.0655722	0.018184	0.0487309	0.0682249	0.100942	0.232971	0.118531	0.120678	0.00137491	0.0540086	0.461871	3.48275	5	0.8688695
1248000	-96.4926	-125.3393	28.84665	10	0.33467	0.0898123	0.0825081	0.0281752	0.16401	0.0314399	0.0364826	0.304704	0.185882	0.0215993	0.0182241	0.158056	0.00852439	0.131598	0.649686	3.21019	5	1.120894
1249000	-89.31198	-120.998	31.686	10	0.5752521	0.0475189	0.0270436	0.00726221	0.0478248	0.0756022	0.0753495	0.328905	0.101945	0.0877844	0.0535155	0.203993	0.0480473	0.298233	0.868148	2.78557	5	1.056744
1250000	-110.7599	-124.9609	14.20102	2	5.597496	0.102587	0.00407165	0.0220414	0.115219	0.0684393	0.0626206	0.207199	0.0934917	0.166695	0.310072	0.159125	0.525148	0.817001	1.08214	1.57572	4	1.311562
1251000	-103.974	-121.8066	17.83257	10	0.2373032	0.164216	0.00435616	0.00303607	0.0539989	0.037134	0.0531463	0.237388	0.216825	0.311525	0.255973	0.804318	0.00157189	0.0576863	0.473934	3.46681	5	2.141916
1252000	-93.42321	-124.1042	30.68104	10	0.3806965	0.0148343	0.0502838	0.0607846	0.0947252	0.0769496	0.120164	0.225456	0.173996	0.127238	0.265622	0.0722525	0.0140309	0.167195	0.709517	3.10926	5	1.282306
1253000	-97.17354	-124.3106	27.13705	10	0.7368901	0.0623619	0.0934056	0.0418842	0.0524361	0.119145	0.0340642	0.289037	0.026401	0.0487195	0.156646	0.34175	0.082079	0.380428	0.937808	2.59969	5	1.26585
1254000	-94.76828	-122.4908	27.72254	10	0.1511712	0.0634261	0.00280399	0.0749797	0.333989	0.052044	0.0233849	0.158938	0.15705	0.698266	0.0223183	0.0123127	5.70084e-05	0.0111523	0.245356	3.74343	5	1.599513
1255000	-96.5627	-126.4615	29.89884	10	0.4285981	0.0940643	0.0340452	0.057718	0.167599	0.13098	0.0795819	0.15985	0.143261	0.122628	0.193345	0.0283708	0.021047	0.202777	0.760461	3.01571	5	1.211443
1256000	-91.3714	-122.4715	31.10014	10	0.186089	0.00576569	0.0144152	0.0144446	0.0359587	0.0396097	0.0424168	0.126935	0.00831385	0.236164	0.187212	0.149087	0.000316993	0.0261554	0.346389	3.62714	5	0.8603239
1257000	-101.6631	-126.2523	24.58914	10	1.157238	0.0996646	0.0169221	0.0589084	0.264895	0.215532	0.0336798	0.366511	0.023611	0.00204475	0.526103	0.0745739	0.167218	0.519399	1.02185	2.29153	5	1.682445
1258000	-97.20497	-121.0601	23.85514	10	2.104658	0.0642265	0.0741766	0.0428822	0.0716397	0.00464788	0.0770529	0.179803	0.370334	0.176607	0.0854114	0.259509	0.305456	0.665701	1.0724	1.95644	5	1.40629
1259000	-91.28011	-124.2058	32.9257	10	0.07498015	0.0641295	0.0323012	0.0496185	0.044867	0.0272342	0.0523555	0.0561527	0.105732	0.114386	0.00684429	0.344091	5.17817e-09	0.00010715	0.0359763	3.96392	5	0.8977126
1260000	-98.99003	-123.7848	24.79474	10	0.7825841	0.0659348	0.0468606	0.0752348	0.0190211	0.0614281	0.0307199	0.273111	0.11042	0.19002	0.0737454	0.32613	0.0918478	0.400027	0.95201	2.55612	5	1.272626
1261000	-94.16127	-123.4667	29.30542	10	0.397398	0.0240464	0.024704	0.135302	0.0136177	0.0341899	0.0929321	0.19835	9.15273e-05	0.110808	0.156629	0.188026	0.0163408	0.17981	0.72845	3.0754	5	0.9786963
1262000	-95.81469	-121.2962	25.48151	10	0.6389154	0.0129908	0.0640723	0.0018761	0.0253534	0.00744069	0.0248779	0.430283	0.463093	0.177894	0.154525	0.0712065	0.0612208	0.333225	0.899944	2.70561	5	1.433614
1263000	-107.2374	-126.6567	19.41932	2	2.887347	0.0241345	0.0601064	0.029907	0.0193561	0.0197444	0.00395401	0.249158	0.0172854	0.160389	0.0828877	0.149941	0.380355	0.725094	1.0819	1.81265	4	0.8168632
1264000	-97.46598	-121.5088	24.04284	10	0.5160035	0.0405397	0.0129794	0.0623559	0.0223572	0.0296739	0.0208291	0.615601	0.00786421	0.245301	0.184081	0.0911719	0.0363909	0.262235	0.831572	2.8698	5	1.332754
1265000	-104.6071	-123.4569	18.84988	2	0.82643	0.0634121	0.0640627	0.00649834	0.0881781	0.0386478	0.0459474	0.093189	0.0364671	0.147079	0.358237	0.213727	0.101169	0.417561	0.964018	2.51725	4	1.155447
1266000	-91.99327	-123.0393	31.04604	10	0.5555366	0.117392	0.00135064	0.138947	0.0835756	0.0150418	0.108496	0.200382	0.15194	0.0905716	0.0961943	0.142227	0.0440873	0.286634	0.856821	2.81246	5	1.146118
1267000	-95.76082	-125.6414	29.88054	10	1.599578	0.0583691	0.0882237	0.0555725	0.0499139	0.0146853	0.0168549	0.163071	0.0425822	0.0728614	0.227479	0.0777022	0.240303	0.604334	1.05577	2.09959	5	0.8673158
1268000	-90.84833	-119.0553	28.20692	10	0.6320243	0.0565015	0.00782975	0.0057513	0.0115919	0.0804067	0.0487014	0.199623	0.158967	0.0807931	0.17931	0.233792	0.0597731	0.329612	0.896817	2.7138	5	1.063268
1269000	-97.91319	-125.4354	27.52225	10	0.7003075	0.0331391	0.0598946	0.229052	0.014814	0.109291	0.0242208	0.213237	0.16905	0.138236	0.110988	0.32239	0.074254	0.363675	0.924982	2.63709	5	1.424314
1270000	-100.4168	-126.2339	25.81703	10	0.2463881	0.0697417	0.105219	0.0176571	0.320523	5.84096e-05	0.0917148	0.097166	0.138168	0.0482741	0.471278	0.0377508	0.00194768	0.0640942	0.493807	3.44015	5	1.39755
1271000	-99.34558	-125.9263	26.58075	10	0.1300418	0.0130002	0.0163877	0.00294437	0.0472337	0.149723	0.0462758	0.180499	0.0903749	0.135364	0.398145	0.0656319	1.28893e-05	0.00531727	0.181185	3.81349	5	1.14558
1272000	-93.66687	-122.9616	29.29478	10	0.4867972	0.0684472	0.0474851	0.00569792	0.0357999	0.0902564	0.0559238	0.254929	0.018393	0.429273	0.092909	0.159747	0.0309675	0.243209	0.810419	2.9154	5	1.258862
1273000	-97.94727	-125.352	27.40472	10	0.450425	0.0219415	0.00326746	0.0439228	0.0958045	0.0065489	0.174293	0.134554	0.34193	0.0565448	0.0966784	0.383792	0.0246099	0.218326	0.780553	2.97651	5	1.359277
1274000	-102.343	-122.8225	20.4795	10	0.7027253	0.156231	0.0391529	0.0427475	0.0317043	0.0843391	0.136494	0.446487	0.0892671	0.705634	0.0813252	0.242929	0.0747705	0.364813	0.925874	2.63454	5	2.056311
1275000	-107.9428	-126.6639	18.72101	2	1.432964	0.0397964	0.0248382	0.13486	0.133607	0.0246574	0.0834945	0.0250027	0.360538	0.255574	0.140428	0.0143824	0.214779	0.577004	1.04623	2.16199	4	1.237179
1276000	-96.84847	-121.5805	24.73201	10	0.4499172	0.15487	0.007482	0.0450919	0.137358	0.00427536	0.109573	0.0732789	0.454486	0.397286	0.270626	0.0367305	0.0245247	0.217969	0.780105	2.9774	5	1.691057
1277000	-104.0453	-124.8183	20.77292	2	0.2973034	0.0493192	0.0301225	0.0541777	0.00205028	0.00083631	0.063082	0.0673248	0.0587738	0.265578	0.281333	0.126176	0.00507911	0.102399	0.591246	3.30128	4	0.9987743
1278000	-83.37467	-122.27	38.89532	10	0.2146708	0.030703	0.0229844	0.0184218	0.0260249	0.0376132	0.0714268	0.156122	0.0475151	0.00729919	0.172757	0.038189	0.000851429	0.0426445	0.420852	3.53565	5	0.6290559
1279000	-103.7585	-124.6695	20.91099	2	0.2968871	0.0471899	0.0178832	0.0301512	0.00897469	0.108721	0.00706955	0.131334	0.0548649	0.37335	0.196587	0.0821986	0.00504619	0.102076	0.590538	3.30234	4	1.058324
1280000	-92.57817	-122.068	29.4898	10	0.1714377	0.0202949	0.0356127	0.0859791	0.0381113	0.0524838	0.010081	0.434913	0.0114094	0.231248	0.287339	0.0200742	0.000168056	0.0190902	0.305159	3.67558	5	1.227546
1281000	-89.31671	-121.563	32.24627	10	0.2615345	0.0346156	0.0183599	0.0938781	0.0206364	0.00911934	0.0955093	0.151707	0.18667	0.0788713	0.0583426	0.0995805	0.00269348	0.0751373	0.525187	3.39698	5	0.8472906
1282000	-92.63028	-121.695	29.06474	10	1.253491	0.0347908	0.00498211	0.0214764	0.111392	0.0481114	0.0374555	0.387719	0.0715084	0.0658493	0.321352	0.0869747	0.184613	0.541623	1.03194	2.24182	5	1.191612
1283000	-91.61989	-123.5803	31.96044	10	0.1041436	0.0530594	0.0240067	0.00748393	0.154729	0.0652076	0.0946939	0.169736	0.0130664	0.0395326	0.209099	0.255175	9.13428e-07	0.00141943	0.105063	3.89352	5	1.08579
1284000	-94.57135	-120.9932	26.42186	10	0.1098088	0.0286514	0.01215	0.0473979	0.0196859	0.00125346	0.00741842	0.326428	0.0712604	0.00437938	0.439209	0.149574	1.81358e-06	0.00199895	0.121046	3.87695	5	1.107409
1285000	-94.66471	-124.6539	29.98923	10	0.2985984	0.00531789	0.100361	0.082917	0.10423	0.0603993	0.0428331	0.139059	0.0776963	0.254544	0.119056	0.0357926	0.0051823	0.103405	0.593441	3.29797	5	1.022206
1286000	-99.9394	-125.6082	25.66881	2	0.1016287	0.0198199	0.0224332	0.059449	0.07433	0.078514	0.00819869	0.103333	0.107837	0.0870231	0.0338487	0.0892121	6.57341e-07	0.00120441	0.0981559	3.90064	4	0.6839988
1287000	-103.8426	-125.0464	21.20371	10	0.343736	0.103354	0.0764539	0.0264819	0.205788	0.0715116	0.041873	0.302522	0.127073	0.0159727	0.314406	0.41499	0.00950301	0.138677	0.662447	3.18937	5	1.700426
1288000	-99.2708	-127.7854	28.51463	10	1.16734	0.0529499	0.0555869	0.0113502	0.202249	0.0315664	0.0284533	0.0643748	0.128354	0.0446308	0.325177	0.110966	0.169085	0.521856	1.02301	2.28605	5	1.055658
1289000	-91.67899	-122.1392	30.46021	10	0.1703678	0.0711566	0.00287227	0.00104289	0.0158825	0.0274344	0.117848	0.262789	0.0947525	0.0491074	0.0218901	0.182583	0.00015976	0.0186162	0.302075	3.67915	5	0.8473583
1290000	-92.96579	-122.4519	29.48613	10	0.7821925	0.138955	0.0300002	0.0061752	0.0195871	0.088227	0.00951148	0.117435	0.200453	0.17916	0.0352658	0.263078	0.0917642	0.399865	0.951896	2.55648	5	1.087849
1291000	-95.9318	-124.1519	28.22011	10	0.6364668	0.17191	0.100141	0.0251889	0.0139457	0.114494	0.0499571	0.247091	0.00958521	0.112431	0.159363	0.23438	0.0607059	0.331946	0.898841	2.70851	5	1.238486
1292000	-92.51378	-123.5707	31.05691	10	0.283358	0.00550241	0.0435389	0.0051726	0.19338	0.050871	0.0333375	0.16902	0.111505	0.0387758	0.202119	0.343968	0.00404267	0.0916285	0.566767	3.33756	5	1.197191
1293000	-105.5005	-122.1783	16.67784	2	0.2066463	0.0137095	0.0102217	0.0160308	0.0566091	0.0432621	0.00649866	0.199519	0.259686	0.35546	0.0927267	0.161634	0.000663273	0.0376956	0.40078	3.56086	4	1.215358
1294000	-89.19196	-122.2683	33.07629	10	0.05423403	0.0175937	0.00207825	0.0161613	0.0711679	0.0290513	0.0628925	0.35653	0.205342	0.0466326	0.0425809	0.0334342	4.40667e-12	3.13123e-06	0.00830114	3.9917	5	0.8834644
1295000	-102.0392	-122.5146	20.47537	2	0.214332	0.0392991	0.0139113	0.0879184	0.0295416	0.0822	0.0373392	0.0675649	0.14257	0.0167553	0.297336	0.333166	0.00084282	0.0424311	0.420018	3.53671	4	1.147602
1296000	-95.91638	-128.8691	32.95274	10	0.8490783	0.0209424	0.060924	0.0958117	0.114005	0.0668571	0.0119244	0.138756	0.0570179	0.0671235	0.210255	0.0786797	0.105951	0.426168	0.969678	2.4982	5	0.922297
1297000	-100.3094	-123.0944	22.78501	10	0.3595253	0.0405194	0.0373068	0.0941037	0.0148945	0.0112385	0.141349	0.167903	0.0660861	0.138365	0.131608	0.166394	0.0113343	0.150943	0.683487	3.15424	5	1.009767
1298000	-95.22804	-125.5133	30.28528	10	1.725306	0.0208878	0.0185763	0.188287	0.000228189	0.0303774	0.0298074	0.168979	0.0825214	0.154051	0.0836091	0.127525	0.258125	0.622216	1.06131	2.05835	5	0.9048497
1299000	-104.3934	-123.3221	18.92864	1	1.238792	0.028475	0.00939245	0.0319219	0.11138	0.0232161	0.0143419	0.108921	0.187042	0.0847042	0.163161	0.0911584	0.182012	0.538393	1.03053	2.24906	3	0.8537128
1300000	-98.42022	-121.7444	23.32415	10	1.019051	0.116062	0.0173263	0.0940782	0.0532008	0.0252088	0.103608	0.353838	0.297713	0.0810104	0.0377834	0.253835	0.140739	0.482404	1.00309	2.37377	5	1.433663
1301000	-93.38121	-123.8134	30.43219	10	0.3865128	0.0525671	0.0162833	0.109056	0.0273842	0.11987	0.153928	0.195156	0.19134	0.00064531	0.0474346	0.176412	0.0148177	0.171611	0.716263	3.09731	5	1.090076
1302000	-91.86838	-120.3423	28.47392	10	0.3327584	0.1106	0.0346049	0.0462604	0.00870363	0.104072	0.0122292	0.216177	0.157727	0.247674	0.310025	0.0680766	0.00832498	0.130103	0.646929	3.21464	5	1.316149
1303000	-91.63034	-122.9048	31.27448	10	0.7627322	0.0416192	0.00901315	0.0389991	0.00944673	0.0249753	0.00810084	0.362159	0.0900355	0.0368661	0.161065	0.0268471	0.0876077	0.391685	0.946068	2.57464	5	0.8091278
1304000	-95.91863	-123.0331	27.11444	10	1.894163	0.0962299	0.000963987	0.023797	0.0064811	0.0893317	0.0443866	0.210438	0.0736647	0.427037	0.113709	0.0735569	0.280305	0.643266	1.0671	2.00933	5	1.159596
1305000	-99.49926	-119.7676	20.26839	10	1.685788	0.106151	0.0256864	0.0902641	0.098115	0.0302775	0.0767482	0.632183	0.0383799	0.210896	0.463428	0.158289	0.252649	0.616819	1.0597	2.07084	5	1.930417
1306000	-88.77602	-123.4877	34.71169	10	0.02702726	0.0124052	0.0271102	0.0697224	0.0941243	0.0486704	0.00843585	0.0265929	0.0295692	0.0940469	0.111582	0.282684	2.95965e-23	8.1336e-12	3.99665e-05	3.99996	5	0.8049435
1307000	-93.38729	-124.5287	31.1414	10	0.1776539	0.0890755	0.00524652	0.00844013	0.114432	0.0112395	0.00811262	0.248221	0.167009	0.0336317	0.0690921	0.090285	0.000222817	0.0219595	0.322886	3.65493	5	0.8447851
1308000	-95.4099	-121.4044	25.99447	10	0.8175565	0.0208936	0.0611296	0.103298	0.00878261	0.154254	0.0379209	0.311969	0.220253	0.308698	0.0673474	0.128659	0.0992887	0.414107	0.961703	2.5249	5	1.423205
1309000	-103.0472	-122.0541	19.00685	10	2.228639	0.0272818	0.000616797	0.1033	0.00428645	0.0593232	0.0116488	0.301282	0.190342	0.53634	0.0465704	0.30652	0.319121	0.677315	1.07478	1.92878	5	1.587511
1310000	-97.60422	-122.6961	25.09189	10	1.201969	0.0821168	0.0185608	0.116797	0.0986485	0.00212357	0.0889577	0.295726	0.20631	0.237617	0.130007	0.0745801	0.17541	0.530049	1.0268	2.26775	5	1.351443
1311000	-97.0692	-126.2245	29.15528	10	0.1331778	0.00990595	0.0178904	0.0829525	0.0284744	0.246632	0.000335191	0.180213	0.0404199	0.188951	0.278793	0.0194764	1.65591e-05	0.00602461	0.19072	3.80324	5	1.094043
1312000	-92.5556	-126.8644	34.3088	10	0.3410632	0.0508855	0.00209513	0.11316	0.0185102	0.0185046	0.0100351	0.070876	0.0323269	0.0547605	0.145126	0.351983	0.00920888	0.136592	0.658738	3.19546	5	0.8682627
1313000	-99.42165	-124.1877	24.76604	10	0.5116747	0.0327864	0.029314	0.0843107	0.128616	0.188298	0.041127	0.205468	0.234223	0.170991	0.473016	0.0996768	0.0355715	0.259469	0.828581	2.87638	5	1.687827
1314000	-95.69775	-125.4855	29.78779	10	0.065951	0.0184805	0.0438132	0.00213338	0.185793	0.0388682	0.0497816	0.0727244	0.0427249	0.31502	0.0121302	0.0221983	4.12587e-10	3.02686e-05	0.021286	3.97868	5	0.8036675
1315000	-102.6407	-123.8514	21.21071	10	1.040764	0.0710967	0.0570305	0.0287573	0.13446	0.098445	0.106161	0.278216	0.359942	0.224943	0.0249247	0.104601	0.145015	0.48867	1.00644	2.35988	5	1.488578
1316000	-97.79677	-121.0249	23.22809	10	1.798187	0.0924745	0.0990455	0.0173149	0.0154532	0.17785	0.0552076	0.263922	0.277987	0.447671	0.0915485	0.122003	0.267933	0.631681	1.06401	2.03638	5	1.660479
1317000	-103.3425	-125.4527	22.11025	2	1.716042	0.0535509	0.0155643	0.0240096	0.0263053	0.141739	0.0411043	0.175667	0.0772819	0.0997266	0.162263	0.0534991	0.256851	0.620968	1.06094	2.06124	4	0.8707107
1318000	-95.89555	-125.6348	29.7393	10	0.8646822	0.0683969	0.0360279	0.098754	0.102298	0.00828526	0.208503	0.263756	0.0659912	0.307184	0.0561185	0.160169	0.10923	0.431928	0.973383	2.48546	5	1.375483
1319000	-101.8373	-122.5307	20.69341	2	0.7903965	0.0310914	0.0368829	0.0453473	0.0807174	0.043823	0.0215263	0.15001	0.211157	0.193858	0.122779	0.0436081	0.0935136	0.403239	0.954258	2.54899	4	0.9808007
1320000	-92.41208	-123.8075	31.3954	10	0.1567527	0.0569121	0.0456538	0.0459146	0.176579	0.0312986	0.0595087	0.267639	0.0767897	0.192542	0.0231137	0.136704	7.89565e-05	0.0131143	0.262087	3.72472	5	1.112655
1321000	-86.46032	-120.861	34.40064	10	0.06980324	0.020743	0.00211854	0.0132015	0.0843623	0.0067462	0.0678184	0.132039	0.45458	0.0909954	0.118411	0.0741105	1.31534e-09	5.40272e-05	0.0270741	3.97287	5	1.065126
1322000	-90.32518	-120.2222	29.897	10	0.6890418	0.0189792	0.0233496	0.0336711	0.00387131	0.0494994	0.0281721	0.225652	0.138766	0.143112	0.214293	0.140941	0.0718493	0.358314	0.920739	2.6491	5	1.020307
1323000	-104.5891	-126.7166	22.12751	10	0.6029571	0.0742427	0.209443	0.0385534	0.197233	0.200858	0.0280845	0.211685	0.0429954	0.157792	0.198764	0.253599	0.0537185	0.313912	0.88282	2.74955	5	1.61325
1324000	-88.13071	-125.3676	37.23692	10	0.07171441	0.0141486	0.0203322	0.0416633	0.0141382	0.0303542	0.00881675	0.215845	0.0201651	0.00962996	0.243619	0.0925194	2.23232e-09	7.03726e-05	0.0302142	3.96972	5	0.7112318
1325000	-87.72224	-121.9698	34.24754	10	0.0506466	0.0314149	0.013085	0.0234109	0.0621055	0.0174208	0.00192159	0.185001	0.137366	0.11652	0.169464	0.0213186	7.2119e-13	1.26711e-06	0.0057029	3.9943	5	0.7790281
1326000	-88.34137	-125.6368	37.29545	10	0.4688984	0.0395716	0.0231896	0.0351704	0.0513684	0.0304224	0.0902837	0.132934	0.0327978	0.0184457	0.0967867	0.0635428	0.0277784	0.231128	0.796249	2.94485	5	0.6145127
1327000	-104.8568	-124.2389	19.38214	2	0.4126733	0.0591748	0.0073687	0.0539465	0.0291729	0.152564	0.0341959	0.15425	0.236148	0.15432	0.0998709	0.070472	0.0185844	0.191158	0.744638	3.04562	4	1.051484
1328000	-106.1005	-123.2543	17.15383	2	0.4545113	0.0696478	0.00949253	0.00659473	0.00594396	0.00042626	0.0669125	0.242134	0.143217	0.265679	0.190787	0.12112	0.0252993	0.221186	0.784124	2.96939	4	1.121955
1329000	-94.52186	-126.9367	32.41483	10	0.291854	0.025421	0.0389569	0.0293867	0.0538994	0.0820791	0.0711435	0.142212	0.0908248	0.00413435	0.0426818	0.133163	0.00465783	0.0981749	0.581866	3.3153	5	0.7139024
1330000	-86.32525	-121.1457	34.82044	10	0.1580165	0.0892472	0.00512682	0.0249802	0.106969	0.0248019	0.0405053	0.210431	0.123826	0.143269	0.0680009	0.158096	8.47278e-05	0.0135826	0.265851	3.72048	5	0.995254
1331000	-103.4996	-127.4779	23.9783	10	1.938409	0.127538	0.0698207	0.0244066	0.00653797	0.0466534	0.151077	0.15621	0.107804	0.0786069	0.0495336	0.290156	0.28581	0.6483	1.06837	1.99752	5	1.108344
1332000	-94.76628	-123.4495	28.68317	10	0.5324775	0.026451	0.0108433	0.0639907	0.168139	0.0660829	0.00836796	0.148933	0.0600988	0.41027	0.139396	0.241731	0.0395538	0.27259	0.842533	2.84532	5	1.344304
1333000	-104.2957	-127.2944	22.99864	2	0.3748664	0.0155195	0.027946	0.0116704	0.0890514	0.0233653	0.0260664	0.142561	0.10593	0.0893429	0.0832233	0.0185755	0.0132617	0.162746	0.702585	3.12141	4	0.6332514
1334000	-100.4214	-123.2368	22.8154	2	0.9811619	0.0416007	0.0205183	0.0374567	0.010574	0.041099	0.077086	0.191506	0.202872	0.023765	0.0576798	0.169521	0.13318	0.471015	0.996807	2.399	4	0.8736794
1335000	-105.7925	-123.8812	18.08879	2	0.453427	0.0578307	0.0124798	0.112509	0.00802983	0.11676	0.0497843	0.352694	0.161576	0.178551	0.0189179	0.311067	0.0251157	0.220429	0.783182	2.97127	4	1.380201
1336000	-104.2569	-123.6853	19.42836	2	0.1057319	0.029207	0.0121888	0.0424614	0.0196933	0.0017406	0.00637052	0.291749	0.263129	0.0212542	0.331434	0.0793194	1.11533e-06	0.00156824	0.109488	3.88894	4	1.098547
1337000	-89.86966	-120.3468	30.47711	10	0.757325	0.0589883	0.00106932	0.0428731	0.0081362	0.0270493	0.0163426	0.222101	0.372617	0.154627	0.143614	0.159687	0.0864515	0.389368	0.944391	2.57979	5	1.207105
1338000	-93.92883	-121.9933	28.06449	10	0.7740991	0.0747321	0.0167436	0.0555462	0.0743791	0.123848	0.00195524	0.105781	0.0455389	0.383627	0.0887635	0.0689676	0.0900366	0.396493	0.949511	2.56396	5	1.039882
1339000	-97.18947	-122.7188	25.52929	10	0.1863483	0.0238914	0.00957882	0.0561386	0.0151821	0.0717245	0.235228	0.142855	0.250943	0.425812	0.139451	0.0712176	0.000320284	0.0262896	0.347101	3.62629	5	1.442023
1340000	-103.1411	-129.3614	26.22031	10	0.5476806	0.0807795	0.00416431	0.104849	0.0947265	0.180847	0.00803908	0.0689677	0.0350094	0.123086	0.114833	0.232193	0.04253	0.281908	0.852085	2.82348	5	1.047494
1341000	-91.08546	-126.2445	35.15905	10	0.4585279	0.0509095	0.0378207	0.0587764	0.0157942	0.0550505	0.0436027	0.193473	0.0354592	0.139764	0.0978277	0.0473272	0.0259834	0.223982	0.787578	2.96246	5	0.775805
1342000	-96.93248	-121.626	24.69354	10	0.5792326	0.118293	0.0277953	0.00771669	0.0694516	0.0656355	0.00463872	0.133918	0.295167	0.152723	0.176635	0.403168	0.048855	0.30053	0.870342	2.78027	5	1.455142
1343000	-92.33896	-120.3394	28.00043	10	0.5077074	0.0683241	0.0497118	0.0179119	0.00554505	0.102003	0.00238224	0.221607	0.232911	0.0537818	0.361893	0.0591943	0.034825	0.256918	0.825797	2.88246	5	1.175264
1344000	-94.7657	-123.3005	28.53483	10	0.3863224	0.0368297	0.0981373	0.125277	0.037407	0.0856028	0.0430895	0.299841	0.00753137	0.221229	0.342072	0.0853975	0.0147917	0.171467	0.716045	3.0977	5	1.382414
1345000	-93.8362	-127.653	33.81678	10	0.1497805	0.0327075	0.069196	0.0675618	0.0894422	0.134523	0.000410638	0.194166	0.0229411	0.0599406	0.187122	0.0936097	5.23662e-05	0.0106906	0.241164	3.74809	5	0.9516198
1346000	-95.76786	-126.2723	30.50442	10	0.4280392	0.0359938	0.0161024	0.101654	0.145197	0.0548034	0.0470269	0.219341	0.0347049	0.071598	0.0909073	0.143445	0.0209586	0.202373	0.759923	3.01675	5	0.9607727
1347000	-101.0062	-125.6116	24.60538	10	1.715033	0.0510802	0.0185837	0.132154	0.345602	0.075388	0.0142542	0.285243	0.166428	0.172726	0.0406262	0.0512921	0.256712	0.620831	1.0609	2.06156	5	1.353377
1348000	-95.46448	-125.3263	29.86182	10	0.4893653	0.0739389	0.000126407	0.00859521	0.019345	0.0142702	0.257052	0.136942	0.253122	0.0810894	0.0681769	0.1593	0.031434	0.244917	0.812373	2.91128	5	1.071959
1349000	-101.8707	-119.4884	17.61774	10	0.9093473	0.0879894	0.0533074	0.10032	0.00809817	0.00831974	0.0958462	0.325569	0.0719727	0.303843	0.0696493	0.5562	0.11853	0.447699	0.98319	2.45058	5	1.681115
1350000	-102.6571	-124.3689	21.71184	10	0.5289991	0.0936284	0.0523666	0.0487691	0.0913506	0.138678	0.0154423	0.288527	0.285791	0.0243507	0.254247	0.277361	0.0388804	0.270426	0.840273	2.85042	5	1.570511
1351000	-104.199	-127.5019	23.3029	10	0.599333	0.0712634	0.0349562	0.0530125	0.324787	0.111504	0.0497634	0.0734511	0.0265634	0.0856152	0.0059447	0.566769	0.0529705	0.311901	0.880978	2.75415	5	1.40363
1352000	-97.9731	-119.8024	21.82925	10	1.314152	0.0957206	0.027186	0.053798	0.00895843	0.0296397	0.106345	0.394868	0.202404	0.139041	0.280269	0.183453	0.195134	0.554385	1.03735	2.21313	5	1.521682
1353000	-96.18462	-122.1247	25.94011	10	1.856781	0.0361874	0.02999	0.0510668	0.0957778	0.0542621	0.00507184	0.316686	0.0558487	0.149432	0.161595	0.130311	0.275558	0.638865	1.06595	2.01962	5	1.086228
1354000	-102.0546	-125.9178	23.86325	2	0.3755073	0.0427127	0.000781551	0.095003	0.0215203	0.0270371	0.017926	0.198518	0.00828001	0.0436696	0.111498	0.0797072	0.0133453	0.163237	0.703355	3.12006	4	0.6466536
1355000	-94.97028	-121.1076	26.13731	10	0.6992479	0.0697538	0.0193392	0.146311	0.00233428	0.0445628	0.0142309	0.280717	0.391017	0.0671271	0.0569372	0.196212	0.0740276	0.363175	0.924589	2.63821	5	1.288542
1356000	-93.64249	-127.92	34.27751	10	0.5540793	0.0293834	0.0910693	0.00627284	0.00871155	0.0922435	0.204446	0.171609	0.0901704	0.0422496	0.0661799	0.0775169	0.0437974	0.285762	0.855953	2.81449	5	0.8798527
1357000	-93.59389	-119.7042	26.11027	10	0.9954117	0.040375	0.055987	0.0533497	0.0555746	0.0721288	0.00918485	0.476452	0.336667	0.40335	0.114288	0.0357615	0.136037	0.475368	0.999236	2.38936	5	1.653118
1358000	-94.30759	-120.2811	25.9735	10	0.5254296	0.0507557	0.00199367	0.00233507	0.0172464	0.107464	0.0309619	0.183365	0.279756	0.057216	0.191583	0.390606	0.0381923	0.268193	0.837925	2.85569	5	1.313283
1359000	-106.7109	-125.1722	18.46121	2	2.697112	0.118276	0.0447226	0.0321013	0.0438	0.125268	0.0143282	0.172102	0.103969	0.0702915	0.0304008	0.396091	0.364382	0.713248	1.08055	1.84182	4	1.15135
1360000	-99.55708	-128.3484	28.79134	10	0.04618277	0.030187	0.00467206	0.0276871	0.388099	0.17002	0.310698	0.30049	0.0762783	0.0429402	0.0282386	0.111762	5.12135e-14	3.37789e-07	0.00329501	3.9967	5	1.491072
1361000	-121.5124	-130.7842	9.271824	2	0.4343944	0.0306462	0.016915	0.00943505	0.485658	0.00597522	0.189827	0.623021	0.0301432	0.0521795	0.470592	0.136456	0.0219728	0.20695	0.76597	3.00511	4	2.050849
1362000	-102.8987	-127.2525	24.35382	10	1.693271	0.114054	0.0220434	0.00135325	0.285306	0.0388928	0.0752923	0.396001	0.135954	0.0880687	0.0577733	0.112865	0.253695	0.617856	1.06001	2.06844	5	1.327602
1363000	-91.31116	-124.819	33.50779	10	0.06700153	0.027891	0.000599414	0.0125786	0.0766932	0.00802929	0.079279	0.079532	0.0568909	0.169613	0.187074	0.153666	5.73554e-10	3.56848e-05	0.0227915	3.97717	5	0.8518468
1364000	-102.492	-121.5828	19.09081	2	0.7854728	0.04833	0.0197412	0.0706687	0.00961755	0.0590671	0.000155666	0.293599	0.00511286	0.277266	0.0377326	0.259226	0.0924639	0.401219	0.952847	2.55347	4	1.080516
1365000	-93.3169	-128.6792	35.36235	10	0.07222819	0.00742272	0.0519763	0.0341338	0.0787562	0.017276	0.00127733	0.139091	0.0773185	0.0516221	0.110278	0.23116	2.56117e-09	7.53746e-05	0.031088	3.96884	5	0.8003125
1366000	-100.2262	-124.6764	24.45021	10	0.708953	0.0226575	0.0469202	0.071414	0.136438	0.0778859	0.071341	0.48316	0.0803893	0.405077	0.0177359	0.129387	0.0761016	0.367724	0.928141	2.62803	5	1.542407
1367000	-98.47011	-124.4115	25.94143	10	1.358126	0.111558	0.013943	0.00284744	0.123657	0.0446365	0.0847486	0.193045	0.235984	0.357156	0.0271489	0.245679	0.202551	0.563102	1.04088	2.19347	5	1.440402
1368000	-90.25302	-123.0993	32.84626	10	0.558755	0.0585822	0.0676414	0.00545535	0.0238563	0.0484902	0.0868066	0.125636	0.131603	0.0733918	0.0744507	0.198298	0.0447288	0.288553	0.858724	2.80799	5	0.8942121
1369000	-95.994	-124.1723	28.17832	10	0.7500359	0.130399	0.0768163	0.0118149	0.00997684	0.0761311	0.0249128	0.313329	0.00572111	0.058464	0.22699	0.347902	0.0848922	0.386212	0.942087	2.58681	5	1.282459
1370000	-107.1465	-123.6855	16.53902	2	0.2732991	0.0795277	0.00765615	0.101649	0.121162	0.18364	0.00157572	0.531822	0.350202	0.115355	0.0808722	0.0542397	0.00337976	0.083959	0.548115	3.36455	4	1.627702
1371000	-105.0501	-122.2566	17.20648	10	1.013178	0.052215	0.0275159	0.0099095	0.129415	0.0993785	0.0465406	0.547781	0.921945	0.341316	0.25468	0.0344917	0.139576	0.480677	1.00215	2.3776	5	2.465188
1372000	-96.53451	-121.3277	24.79317	10	1.796988	0.0889772	0.0136695	0.0655416	0.0028953	0.0708419	0.0722688	0.267989	0.16209	0.352425	0.0662434	0.141287	0.267775	0.63153	1.06397	2.03673	5	1.304229
1373000	-90.47906	-123.6652	33.18615	10	0.1004148	0.0228247	0.00928853	0.0926369	0.0334692	0.00877951	0.0362113	0.225292	0.0649223	0.153881	0.123682	0.209999	5.57517e-07	0.00110933	0.0948691	3.90402	5	0.980986
1374000	-96.93454	-125.6715	28.73696	10	1.216145	0.141376	0.0193004	0.088926	0.00321459	0.14549	0.0279535	0.347322	0.265336	0.036342	0.0739596	0.0882906	0.177966	0.533305	1.02827	2.26046	5	1.237511
1375000	-96.52687	-122.4421	25.91522	10	0.885484	0.011523	0.0398321	0.0860851	0.00976506	0.0298362	0.0267127	0.120253	0.171796	0.0414573	0.2261	0.362768	0.113577	0.439402	0.978092	2.46893	5	1.126128
1376000	-90.74313	-120.7991	30.05602	10	0.07673316	0.0342872	0.013755	0.0850869	0.0279899	0.02348	0.0269577	0.299235	0.189461	0.00799813	0.0120896	0.32519	7.89756e-09	0.000132308	0.0392682	3.9606	5	1.04553
1377000	-98.50177	-125.6169	27.11509	10	0.7344599	0.0168803	0.0195146	0.0376944	0.0741166	0.103211	0.0831273	0.247092	0.132623	0.0306254	0.135278	0.212469	0.0815589	0.379345	0.936998	2.6021	5	1.092631
1378000	-113.7343	-128.3277	14.5934	2	0.3139309	0.0507115	0.149891	0.332543	0.117109	0.00669809	0.0371885	0.224776	0.207335	0.278319	0.223265	0.016341	0.00649321	0.115367	0.618473	3.25967	4	1.644177
1379000	-93.89895	-121.0317	27.13271	10	0.3081593	0.05679	0.020688	0.0206766	0.0122047	0.109908	0.0563314	0.4401	0.309761	0.129028	0.218619	0.00330273	0.00598049	0.110856	0.609254	3.27391	5	1.377409
1380000	-92.23454	-119.3279	27.0934	10	1.088241	0.0664949	0.0137669	0.0764439	0.064372	0.0506047	0.0162131	0.441994	0.170881	0.0620509	0.0778501	0.460801	0.154216	0.501757	1.01321	2.33082	5	1.501473
1381000	-95.86241	-123.0382	27.17576	10	1.212221	0.104798	0.0258677	0.0660106	0.0580642	0.076748	0.136509	0.201539	0.12655	0.378678	0.0877162	0.0672724	0.177261	0.532409	1.02786	2.26247	5	1.329753
1382000	-91.45875	-120.0857	28.6269	10	0.4651942	0.068779	0.0301955	0.0402116	0.0445189	0.0315822	0.0201137	0.21244	0.110691	0.120411	0.107894	0.219536	0.0271326	0.228587	0.793192	2.95109	5	1.006372
1383000	-92.4528	-121.6821	29.22925	10	0.9709264	0.041932	0.0214404	0.0986692	0.123863	0.029077	0.0758367	0.153449	0.134015	0.364521	0.0173453	0.161707	0.131117	0.467835	0.99501	2.40604	5	1.221856
1384000	-89.0895	-120.9342	31.84474	10	0.3644547	0.064969	0.0104385	0.0351778	0.0113325	0.0479401	0.137602	0.368701	0.0298238	0.179203	0.0293106	0.213554	0.0119381	0.15475	0.689762	3.14355	5	1.128051
1385000	-93.81131	-123.8487	30.03738	10	0.9257187	0.0450207	0.0148585	0.0976662	0.0904112	0.0660191	0.0138724	0.273062	0.0883492	0.21637	0.0229696	0.204161	0.121905	0.453227	0.986512	2.43836	5	1.132759
1386000	-91.51606	-121.0696	29.55351	10	0.2673435	0.0457758	0.0122673	0.00894728	0.00351958	0.037145	0.0258482	0.112417	0.451084	0.0617729	0.148725	0.108748	0.00302045	0.0794704	0.536662	3.38085	5	1.016249
1387000	-102.9708	-121.6301	18.65923	10	1.396411	0.0937158	0.0194051	0.176255	0.19663	0.0226496	0.190823	0.541076	0.0220381	0.110248	0.526663	0.533978	0.208867	0.570354	1.04371	2.17707	5	2.433483
1388000	-104.2155	-124.4911	20.27554	10	1.901584	0.0376361	0.017793	0.102405	0.104132	0.0923923	0.0415534	0.27212	0.304677	0.0382785	0.297845	0.0724748	0.281237	0.644123	1.06732	2.00732	5	1.381307
1389000	-86.46693	-121.1289	34.66196	10	0.3390099	0.00405576	0.0296063	0.0100654	0.0230382	0.0199545	0.0569388	0.0963543	0.180968	0.0927785	0.0843467	0.214234	0.0089861	0.134989	0.655859	3.20017	5	0.81234
1390000	-107.3866	-127.3314	19.94481	2	2.119262	0.0447593	0.0456863	0.137928	0.0621623	0.124626	0.0833685	0.180437	0.0720665	0.0428323	0.0614919	0.255813	0.307107	0.667125	1.07271	1.95306	4	1.111171
1391000	-95.40259	-122.9711	27.56854	10	0.3534231	0.114217	0.112218	0.0121927	0.0088908	0.00934241	0.000811481	0.2621	0.250855	0.0400466	0.0715384	0.1913	0.0106078	0.146215	0.675528	3.16765	5	1.073513
1392000	-106.9642	-127.5459	20.58172	10	0.883698	0.20313	0.0678224	0.0152994	0.0736097	0.0707192	0.0106485	0.246694	0.324646	0.432949	0.0837568	0.247973	0.113205	0.43877	0.977698	2.47033	5	1.777249
1393000	-110.6191	-124.2798	13.66079	2	1.467122	0.057369	0.0335161	0.0234048	0.231166	0.0120859	0.0915476	0.141656	0.104306	0.315944	0.250073	0.252906	0.220199	0.582991	1.04843	2.14838	4	1.513974
1394000	-109.7485	-124.9888	15.24029	2	1.843108	0.105062	0.0313592	0.193941	0.000341555	0.0461474	0.0492277	0.339519	0.250884	0.133336	0.337209	0.0881058	0.273799	0.637221	1.06552	2.02346	4	1.575132
1395000	-83.69088	-120.0093	36.31847	10	0.2043082	0.0521775	0.045841	0.0217566	0.0252493	0.0227922	0.0190202	0.208848	0.0232988	0.0438514	0.0861367	0.224348	0.000614448	0.0362973	0.394808	3.56828	5	0.7733195
1396000	-96.14804	-123.2329	27.08489	10	1.394709	0.0406542	0.0184688	0.131375	0.0210443	0.0871698	0.0570923	0.223864	0.0497437	0.344298	0.292021	0.0951858	0.208589	0.570038	1.04359	2.17778	5	1.360917
1397000	-113.416	-125.0371	11.62115	2	0.2305498	0.10374	0.00348532	0.131703	0.0342853	0.0180252	0.047988	0.411211	0.393069	0.111011	0.353703	0.139685	0.00132573	0.0530487	0.458635	3.48699	4	1.747907
1398000	-95.84425	-122.7251	26.88086	10	2.020357	0.0402734	0.00983055	0.0450003	0.0280839	0.161157	0.0169739	0.279529	0.011453	0.162019	0.205013	0.218562	0.295693	0.657161	1.07049	1.97666	5	1.177896
1399000	-114.5097	-126.0794	11.56971	1	1.307922	0.0520833	0.00695712	0.00940199	0.203981	0.0694051	0.0757334	0.500323	0.459931	0.106755	0.05857	0.0395519	0.194069	0.553115	1.03682	2.21599	3	1.582693
1400000	-89.81466	-119.8553	30.04069	10	0.3296482	0.0474925	0.0223681	0.00515757	0.020685	0.0173597	0.0394199	0.506172	0.0962872	0.127586	0.123711	0.0703996	0.00800578	0.127669	0.642393	3.22193	5	1.076638
1401000	-94.22299	-123.4515	29.22851	10	0.007947736	0.0478226	0.0220999	0.0247553	0.0315387	0.0137269	0.010038	0.0464966	0.100911	0.0172171	0.381578	0.13873	9.91558e-77	1.49123e-38	3.20471e-16	4	5	0.8349144
1402000	-94.71064	-122.623	27.91239	10	0.8687533	0.0196702	0.0727079	0.0794629	0.0428916	0.0731673	0.0813308	0.106866	0.181154	0.633178	0.12298	0.142892	0.110083	0.433409	0.974325	2.48218	5	1.556301
1403000	-92.85205	-122.0274	29.17539	10	1.76195	0.0766281	0.0637945	0.0112268	0.0842782	0.0873212	0.0546396	0.238851	0.231329	0.204053	0.15678	0.165427	0.263103	0.627051	1.06271	2.04714	5	1.374328
1404000	-92.63893	-122.1129	29.47392	10	0.1763856	0.0941465	0.0249551	0.033102	0.0254278	0.0189084	0.0253781	0.207529	0.273884	0.0660969	0.207188	0.0537006	0.000210697	0.0213584	0.319296	3.65914	5	1.030316
1405000	-91.74264	-124.7648	33.0222	10	0.1758853	0.033883	0.0172478	0.10973	0.0106656	0.00522998	0.0604316	0.149452	0.0839194	9.81695e-05	0.0562794	0.052887	0.000206055	0.0211235	0.317876	3.66079	5	0.5798234
1406000	-103.4647	-125.6246	22.15994	2	0.4282268	0.0675217	0.0370073	0.0719299	0.00446376	0.0627943	0.0525961	0.0142348	0.0584073	0.164103	0.231192	0.0691768	0.0209883	0.202509	0.760104	3.0164	4	0.8334273
1407000	-96.63378	-124.3356	27.7018	10	0.4383204	0.0621123	0.0725352	0.0482353	0.101882	0.0962248	0.114613	0.181158	0.000302567	0.257788	0.1317	0.268051	0.0226085	0.209758	0.769628	2.99801	5	1.334603
1408000	-88.98901	-124.0289	35.03993	10	0.5159891	0.0569526	0.00973553	0.0380672	0.0386415	0.00354808	0.0572986	0.203643	0.1705	0.0612376	0.121242	0.0568971	0.0363882	0.262226	0.831563	2.86982	5	0.817764
1409000	-92.34	-124.1561	31.81614	10	0.6383453	0.0136999	0.0589137	0.0113332	0.0273215	0.0483579	0.00234414	0.136976	0.0925512	0.0293191	0.426842	0.37741	0.0611009	0.332928	0.899688	2.70628	5	1.225068
1410000	-93.56718	-122.6041	29.03689	10	0.172492	0.0342996	0.0364045	0.0364082	0.0850571	0.0432449	0.0604512	0.0959261	0.176492	0.151847	0.059874	0.316811	0.000176544	0.0195631	0.308188	3.67207	5	1.096816
1411000	-91.11219	-122.7908	31.67863	10	0.1879834	0.0118894	0.0464947	0.0248243	0.0708993	0.0192842	0.00466902	0.235908	0.0254388	0.196	0.0538638	0.112586	0.000341617	0.0271434	0.351575	3.62094	5	0.8018567
1412000	-102.0066	-125.3921	23.38544	10	0.6859406	0.0142708	0.140264	0.0128758	0.0488186	0.0395512	0.0451246	0.179114	0.0245935	0.248193	0.195873	0.232261	0.071188	0.35682	0.919545	2.65245	5	1.180938
1413000	-94.13604	-121.8416	27.70559	10	1.675343	0.0234564	0.0115918	0.0665447	0.00380382	0.060082	0.0427354	0.241249	0.22952	0.0610884	0.119621	0.087842	0.251183	0.615359	1.05925	2.07421	5	0.9475347
1414000	-97.0254	-125.4124	28.38696	10	0.1302513	0.0455862	8.66678e-05	0.0650092	0.0391308	0.0518777	0.0839118	0.128297	0.0420179	0.317453	0.169092	0.301279	1.31117e-05	0.00536281	0.181821	3.8128	5	1.243742
1415000	-118.4723	-128.2143	9.741976	2	1.55689	0.147082	0.0242722	0.0725289	0.095612	0.00915505	0.175415	0.515477	0.395155	0.200482	0.0134112	0.119244	0.233978	0.59776	1.05359	2.11467	4	1.767834
1416000	-93.85521	-121.7825	27.92725	10	1.201701	0.081335	0.0147061	0.00700265	0.138911	0.0440236	0.0112478	0.156268	0.139997	0.197656	0.0438036	0.19275	0.175361	0.529987	1.02677	2.26788	5	1.0277
1417000	-99.93903	-122.0145	22.07542	2	0.1397069	0.0821497	0.0177888	0.0478425	0.00833461	0.0547286	0.0177638	0.0605652	0.0039641	0.128524	0.363153	0.149914	2.69076e-05	0.00767353	0.210605	3.78169	4	0.9347295
1418000	-101.539	-122.0342	20.49519	10	1.637018	0.130808	0.012895	0.0851668	0.0401246	0.0339541	0.0779273	0.255172	0.0310639	0.342873	0.370874	0.20799	0.245734	0.609881	1.05755	2.08684	5	1.588849
1419000	-97.65982	-121.6505	23.9907	10	0.3473801	0.062445	0.0124071	0.0274921	0.125729	0.041371	0.0254482	0.532469	0.313029	0.418408	0.031058	0.161847	0.00991153	0.141517	0.667434	3.18114	5	1.751703
1420000	-97.01915	-126.0276	29.0084	10	0.6094169	0.0187832	0.0258283	0.0436344	0.049861	0.0636447	0.10718	0.381554	0.116486	0.105846	0.162591	0.117592	0.0550559	0.317466	0.886048	2.74143	5	1.193
1421000	-91.32439	-120.3484	29.02403	10	0.7050081	0.059327	0.00975778	0.0116256	0.00361979	0.0396726	0.0762847	0.191816	0.0342197	0.418983	0.243521	0.161663	0.0752583	0.365884	0.92671	2.63215	5	1.250491
1422000	-96.42258	-122.2618	25.8392	10	0.629378	0.0449187	0.00771347	0.078341	0.0851189	0.0173412	0.0119776	0.182212	0.186075	0.0905031	0.33868	0.378621	0.0592183	0.328213	0.895597	2.71697	5	1.421502
1423000	-91.38355	-124.613	33.2294	10	1.020002	0.0209011	0.0227755	0.0137168	0.113069	0.0532763	0.199846	0.223856	0.0364739	0.0515269	0.29931	0.0350044	0.140928	0.482683	1.00324	2.37315	5	1.069756
1424000	-88.97471	-122.037	33.06232	10	0.1388941	0.0304287	0.00105698	0.0650333	0.0144407	0.0230275	0.0322108	0.343914	0.0592091	0.149093	0.00920614	0.127843	2.53929e-05	0.00745519	0.20813	3.78439	5	0.8554629
1425000	-91.14967	-119.8043	28.65462	10	0.8333191	0.0642438	0.00868131	0.025799	0.0353148	0.023526	0.0319582	0.2486	0.0738528	0.358392	0.0482916	0.206551	0.102626	0.42021	0.965776	2.51139	5	1.12521
1426000	-92.83517	-123.8388	31.00363	10	0.077855	0.00508762	0.0178065	0.0475755	0.140649	0.0373988	0.0065594	0.232662	0.0327904	0.00864772	0.0223817	0.340536	1.0244e-08	0.000150673	0.0414453	3.9584	5	0.8920947
1427000	-101.8101	-123.9889	22.17876	2	0.2149256	0.0370277	0.0101322	0.163774	0.00141822	0.00198227	0.0262029	0.159368	0.13376	0.148424	0.0112679	0.146202	0.000857946	0.0428053	0.421479	3.53486	4	0.83956
1428000	-104.4596	-126.43	21.97034	2	1.112499	0.0859836	0.0995618	0.0174776	0.0248987	0.0689552	0.0221022	0.136627	0.0895919	0.1438	0.155009	0.0216112	0.158838	0.508138	1.0164	2.31663	4	0.8656183
1429000	-107.5141	-127.1808	19.66668	1	1.008323	0.0485015	0.0272047	0.0604235	0.0712686	0.0387	0.00649402	0.167712	0.0192836	0.00267194	0.168896	0.1918	0.138612	0.479239	1.00137	2.38078	3	0.8029554
1430000	-96.62922	-126.742	30.11278	10	0.9643611	0.0157737	0.017349	0.0668747	0.0334029	0.0889218	0.0351125	0.477792	0.0145819	0.151283	0.195065	0.0445389	0.129789	0.465771	0.993834	2.41061	5	1.140696
1431000	-94.10266	-123.716	29.61332	10	0.5798364	0.0248921	0.0255409	0.000967965	0.0721085	0.0371956	0.0126291	0.744034	0.091855	0.0302701	0.193164	0.240775	0.0489777	0.300877	0.870673	2.77947	5	1.473432
1432000	-111.2523	-123.0829	11.83054	2	0.7516986	0.0459405	0.0113501	0.0089091	0.0431807	0.0257747	0.0417574	0.154309	0.587322	0.325466	0.209697	0.0837369	0.085248	0.386935	0.942617	2.5852	4	1.537444
1433000	-99.58904	-121.5987	22.0097	10	1.567408	0.0357003	0.00592331	0.0562755	0.0435161	0.118767	0.130299	0.230854	0.0438124	0.176174	0.33359	0.220939	0.23555	0.599405	1.05415	2.1109	5	1.395849
1434000	-97.76617	-121.273	23.50681	10	1.126682	0.0827238	0.0309792	0.00490758	0.00330822	0.126063	0.0957471	0.256991	0.115486	0.164904	0.606856	0.0287345	0.161515	0.511777	1.01818	2.30852	5	1.5167
1435000	-93.36354	-122.4167	29.05318	10	0.08643933	0.0349956	0.0390259	0.073149	0.134754	0.0578535	0.036446	0.0852944	0.112352	0.264648	0.579457	0.0170478	5.99574e-08	0.000364251	0.0597848	3.93985	5	1.435023
1436000	-97.31923	-121.4479	24.12872	10	0.2506943	0.0314401	0.0258781	0.0569425	0.0354332	0.0144895	0.0255925	0.140546	0.0678499	0.309976	0.245862	0.462826	0.00214427	0.0671918	0.502948	3.42772	5	1.416836
1437000	-90.74645	-121.3749	30.62847	10	0.4063144	0.0618026	0.0117564	0.00917398	0.185307	0.0461763	0.0479091	0.244483	0.10316	0.197448	0.269267	0.0381528	0.0176358	0.186457	0.738024	3.05788	5	1.214636
1438000	-93.89678	-122.6801	28.78336	10	0.1305673	0.0412024	0.0198	0.0018907	0.0144452	0.000351776	0.0701687	0.106632	0.395677	0.0629735	0.104183	0.0307047	1.34532e-05	0.005432	0.182781	3.81177	5	0.8480288
1439000	-100.8132	-122.3372	21.52403	10	2.166979	0.0786306	0.00241705	0.144684	0.0302915	0.10716	0.0721585	0.225001	0.189555	0.0477271	0.261334	0.0177131	0.312424	0.671671	1.07366	1.94225	5	1.176671
1440000	-116.7668	-130.2951	13.52839	2	3.205736	0.203613	0.112833	0.0496478	0.0032751	0.144198	0.12411	0.0539275	0.0916885	0.107913	0.195399	0.386683	0.404577	0.742318	1.08336	1.76975	4	1.473287
1441000	-89.22834	-122.9164	33.68807	10	0.372213	0.0348827	0.0280302	0.0503426	0.110602	0.0104606	0.069667	0.0539983	0.118951	0.115349	0.0245529	0.277183	0.0129182	0.160715	0.699372	3.127	5	0.8940192
1442000	-106.289	-128.3396	22.05055	1	0.116248	0.0985622	0.00226689	0.00181861	0.117284	0.0445897	0.0109249	0.0515566	0.00820063	0.19429	0.0936382	0.0306442	3.64584e-06	0.00283233	0.139785	3.85738	3	0.653776
1443000	-107.6069	-127.5226	19.91578	1	0.3433292	0.0495663	0.0626653	0.0563361	0.000504943	0.0110548	0.0540761	0.143729	0.0506283	0.240447	0.126964	0.0485735	0.00945795	0.13836	0.661886	3.1903	3	0.844545
1444000	-96.06861	-124.2361	28.16753	10	1.182931	0.0617674	0.0159909	0.0801994	0.00032055	0.0287381	0.0860769	0.173327	0.131813	0.124335	0.118505	0.103298	0.171946	0.525588	1.02475	2.27772	5	0.9243695
1445000	-106.5269	-123.7045	17.17767	10	2.918463	0.0215568	0.0173051	0.0751429	0.0385912	0.0323295	0.0251761	0.219851	0.113444	0.0933915	0.285909	0.0443168	0.382854	0.726911	1.08208	1.80815	5	0.9670137
1446000	-98.70864	-119.7136	21.00497	2	0.4407713	0.0450702	0.0376687	0.00807605	5.62914e-05	0.0376122	0.0228152	0.253804	0.213179	0.0668174	0.182653	0.171196	0.0230087	0.211504	0.771883	2.9936	4	1.038948
1447000	-88.48086	-121.6482	33.16736	10	0.3609216	0.0148547	0.00869203	0.00877009	0.0402087	0.0323127	0.0238957	0.212594	0.0285452	0.124535	0.0449532	0.141342	0.0115038	0.152023	0.685278	3.1512	5	0.6807026
1448000	-88.96869	-121.4233	32.4546	10	0.1625803	0.0332956	0.0119939	0.0590877	0.152519	0.0206843	0.0061279	0.333096	0.0863037	0.326072	0.00483324	0.0048392	0.000108315	0.0153469	0.279362	3.70518	5	1.038853
1449000	-91.11639	-123.9352	32.8188	10	0.06192632	0.0327563	0.0291904	0.120876	0.0749904	0.00209136	0.0138984	0.326268	0.00317027	0.0635841	0.124028	0.214913	1.05318e-10	1.52979e-05	0.016035	3.98395	5	1.005766
1450000	-109.7989	-129.9567	20.15775	2	0.05084335	0.0683738	0.0163322	0.132916	0.0843545	0.103104	0.0470298	0.254808	0.185212	0.00571489	0.158147	0.0273213	8.01744e-13	1.33598e-06	0.00582953	3.99417	4	1.083314
1451000	-88.36405	-121.3637	32.99965	10	0.07671147	0.0168483	0.0222422	0.0218306	0.0778612	0.000270027	0.0426496	0.0334078	0.0431936	0.388513	0.0577667	0.192036	7.85736e-09	0.000131972	0.0392267	3.96064	5	0.8966189
1452000	-97.22767	-124.6312	27.40356	10	0.3274355	0.0309016	0.00606863	0.0230643	0.0143134	0.118315	0.137048	0.124827	0.338193	0.108209	0.128351	0.347211	0.00778266	0.125938	0.639127	3.22715	5	1.376502
1453000	-103.8995	-126.2148	22.31527	10	0.7651408	0.00519974	0.0448727	0.166821	0.0579563	0.186646	0.231818	0.327885	0.00880548	0.20531	0.217676	0.128173	0.0881226	0.392711	0.946807	2.57236	5	1.581165
1454000	-89.14504	-123.4253	34.28031	10	0.146891	0.0408254	0.0348861	0.0252252	0.00271145	0.0318014	0.0282882	0.13189	0.0057627	0.0043261	0.0998987	0.0715928	4.36686e-05	0.00976636	0.232429	3.75776	5	0.4772079
1455000	-93.92707	-121.2786	27.35149	10	0.4211104	0.0217144	0.00727769	0.0398088	0.0584522	0.041794	0.0775687	0.174774	0.0696904	0.451778	0.0666051	0.0740431	0.019874	0.197342	0.75315	3.02963	5	1.083506
1456000	-101.916	-124.5692	22.65318	10	0.7123537	0.108159	0.0439454	0.00318618	0.0313208	0.186479	0.0567999	0.170951	0.110337	0.192913	0.19432	0.192107	0.0768287	0.369301	0.929362	2.62451	5	1.290517
1457000	-90.33162	-122.1195	31.78791	10	0.1981476	0.045206	0.0479076	0.00993956	0.0273744	0.0533309	0.0398537	0.125563	0.381588	0.0745677	0.021206	0.23162	0.000497994	0.0327137	0.378806	3.58798	5	1.058156
1458000	-95.02578	-124.8044	29.77866	10	0.4118437	0.111227	0.0166691	0.0141024	0.0811776	0.0306302	0.327522	0.177004	0.204446	0.101125	0.0886972	0.145907	0.0184595	0.190547	0.743785	3.04721	5	1.298507
1459000	-92.15642	-126.5421	34.3857	10	0.1060082	0.0184639	0.034675	0.0261892	0.139343	0.0553829	0.100547	0.158141	0.0060796	0.0288005	0.288686	0.0793919	1.15406e-06	0.00159519	0.110263	3.88814	5	0.9357003
1460000	-99.24673	-122.9579	23.71121	10	2.338139	0.132402	0.0070623	0.0173087	0.113022	0.00282383	0.086272	0.319967	0.431283	0.0493501	0.141607	0.255751	0.330553	0.686745	1.07653	1.90617	5	1.556849
1461000	-89.21639	-123.9925	34.77609	10	0.2474181	0.0467041	0.0430935	0.0511561	0.0192854	0.0117542	0.00169816	0.0889981	0.0361646	0.0811436	0.145445	0.114641	0.0019936	0.0648318	0.496009	3.43717	5	0.6400844
1462000	-103.0956	-121.9074	18.81185	10	0.2752107	0.0470973	0.0254388	0.083818	0.0120252	0.168398	0.113213	0.473923	0.120435	0.282787	0.130674	0.384578	0.0035003	0.0854085	0.551726	3.35936	5	1.842387
1463000	-109.6021	-124.0679	14.46585	10	8.369664	0.102723	0.218828	0.110833	0.157776	0.123788	0.111878	0.247837	0.501445	0.219307	0.187119	0.113548	0.601082	0.856447	1.07581	1.46666	5	2.095082
1464000	-94.52231	-123.3599	28.8376	10	0.1261802	0.0247507	0.0234567	0.0215051	0.0248881	0.0454328	0.0160018	0.266849	0.189422	0.0613369	0.182292	0.0297208	9.30676e-06	0.00452032	0.169483	3.82599	5	0.8856557
1465000	-94.9658	-123.7556	28.78977	10	0.3185046	0.0866109	0.0761606	0.0857647	0.00502624	0.0774403	0.0965732	0.28269	0.0709058	0.348412	0.0615928	0.172844	0.00691591	0.118946	0.625609	3.24853	5	1.364021
1466000	-93.67773	-125.5385	31.86081	10	0.6924499	0.0307887	0.0534079	0.0292537	0.0635778	0.0263857	0.343186	0.322335	0.18062	0.0169491	0.119366	0.0721205	0.0725763	0.359946	0.922038	2.64544	5	1.257991
1467000	-95.9812	-124.759	28.77776	10	0.3271438	0.0313633	0.0663026	0.0356516	0.095227	0.0106633	0.0657065	0.193187	0.256562	0.0211559	0.0458468	0.107707	0.00775349	0.125709	0.638694	3.22784	5	0.9293729
1468000	-101.3702	-125.32	23.94979	10	0.250932	0.0155559	0.0404773	0.147924	0.10666	0.100171	0.0913696	0.376479	0.04204	0.332372	0.0923359	0.138774	0.00215548	0.0673639	0.503447	3.42703	5	1.484159
1469000	-89.40338	-123.3596	33.95619	10	1.250475	0.066964	0.00984074	0.0682291	0.0718712	0.0706969	0.0060081	0.18361	0.068848	0.108782	0.10917	0.179384	0.184081	0.540965	1.03166	2.2433	5	0.9434037
1470000	-95.17497	-124.7865	29.61154	10	0.1987905	0.0345547	0.0145456	0.153667	0.100804	0.00496856	0.171478	0.356151	0.0702925	0.0406111	0.172148	0.123134	0.000509346	0.0330807	0.380494	3.58592	5	1.242354
1471000	-104.7129	-125.5307	20.81781	2	0.2642874	0.0661652	0.0159569	0.0492313	0.0868721	0.0392636	0.0868355	0.13877	0.200895	0.129096	0.100708	0.0205388	0.00284555	0.0771848	0.530663	3.38931	4	0.9343319
1472000	-93.10896	-124.163	31.05404	10	0.02220591	0.00115407	0.00381099	0.0285323	0.147156	0.00968763	0.00385332	0.139922	0.229998	0.0592428	0.0550523	0.0409428	4.31544e-28	3.10711e-14	3.96621e-06	4	5	0.719352
1473000	-93.90684	-126.1006	32.19374	10	0.003419584	0.0191513	0.0189142	0.0727424	0.313428	0.00326755	0.0244007	0.256036	0.0126039	0.0172577	0.0515274	0.22948	4.86091e-177	1.04452e-88	4.89712e-37	4	5	1.018809
1474000	-88.02973	-123.0009	34.97121	10	0.06965506	0.0426831	0.0230545	0.02054	0.0893149	0.0847107	0.0086006	0.225209	0.0461749	0.0740204	0.39228	0.0109843	1.26095e-09	5.28992e-05	0.026838	3.97311	5	1.017572
1475000	-92.54724	-124.1322	31.58494	10	1.064757	0.0396341	0.0475588	0.0541332	0.0552838	0.030855	0.00366765	0.137563	0.0996161	0.138074	0.0710914	0.0747835	0.149691	0.495387	1.00995	2.34497	5	0.7522602
1476000	-95.80109	-122.5981	26.797	10	0.2279002	0.00781392	0.0396146	0.1017	0.039425	0.0161872	0.140648	0.230302	0.180804	0.113738	0.51533	0.17028	0.00123661	0.0512616	0.452508	3.49499	5	1.555842
1477000	-103.2781	-122.9656	19.68752	2	0.2178222	0.0941363	0.00130873	0.0509447	0.158687	0.072452	0.0938754	0.234559	0.323535	0.0287689	0.102148	0.10523	0.000934438	0.0446481	0.428555	3.52586	4	1.265645
1478000	-91.49056	-123.1187	31.62815	10	0.06432209	0.0216716	0.0041668	0.0206285	0.0245113	0.00746455	0.0323233	0.0477235	0.112905	0.165369	0.0454913	0.418342	2.42353e-10	2.32016e-05	0.0190615	3.98092	5	0.900597
1479000	-99.82224	-125.4774	25.65515	10	5.464858	0.0538425	0.0614793	0.00541531	0.0142381	0.0148022	0.0725284	0.0788841	0.0704411	0.271011	0.312462	0.078175	0.520309	0.81431	1.08241	1.58297	5	1.033279
1480000	-101.4838	-124.9876	23.50373	10	0.5282392	0.099915	0.0908276	0.113083	0.0952865	0.0276698	0.0506885	0.560566	0.137793	0.142225	0.407289	0.0166467	0.0387336	0.269952	0.839776	2.85154	5	1.74199
1481000	-99.54662	-123.5416	23.99494	10	2.653834	0.0753966	0.0202691	0.0514881	0.0402128	0.0174199	0.0589593	0.167345	0.353184	0.2648	0.0156786	0.210098	0.360573	0.710362	1.08018	1.84889	5	1.274852
1482000	-95.13795	-122.3194	27.18146	10	0.3768313	0.0427021	0.0049011	0.124459	0.00215954	0.0208382	0.0825541	0.058687	0.176915	0.226189	0.352965	0.319172	0.0135188	0.164248	0.704941	3.11729	5	1.411541
1483000	-100.6624	-128.0164	27.35402	2	0.2775248	0.0276269	0.0166918	0.00370327	0.0545257	0.0602887	0.00104874	0.0738834	0.056189	0.00933871	0.0573646	0.159939	0.00364963	0.0871685	0.556055	3.35313	4	0.5205996
1484000	-109.5774	-128.7826	19.20519	2	1.512634	0.0396261	0.0708223	0.0614762	0.16491	0.0212655	0.014303	0.12322	0.103037	0.0550682	0.226723	0.129378	0.227268	0.590646	1.05116	2.13093	4	1.009829
1485000	-99.89096	-130.1652	30.27426	10	0.325201	0.108547	0.128324	0.0186132	0.0854364	0.0566874	0.0417782	0.178754	0.0753976	0.0365106	0.225971	0.00405563	0.0075607	0.124188	0.635795	3.23246	5	0.960075
1486000	-92.47158	-123.3917	30.9201	10	0.2861654	0.0449888	0.0456189	0.071347	0.0643218	0.0273344	0.0514475	0.364848	0.0985912	0.181852	0.0539295	0.133067	0.00424033	0.0937856	0.571821	3.33015	5	1.137347
1487000	-91.41863	-118.8455	27.42692	10	0.3515437	0.0437966	0.0208959	0.0110569	0.00172668	0.0137577	0.0468224	0.380475	0.0468117	0.372385	0.0902991	0.297317	0.0103887	0.144755	0.673034	3.17182	5	1.325344
1488000	-89.7707	-120.4462	30.67552	10	0.2856962	0.0452846	0.0166417	0.0783497	0.0271876	0.0360943	0.0512835	0.128848	0.0447001	0.0950639	0.505863	0.102309	0.00420691	0.0934247	0.570981	3.33139	5	1.131625
1489000	-91.1105	-121.8935	30.78297	10	0.5957577	0.0417835	0.00411706	0.00551963	0.0884132	0.0434087	0.0286507	0.123635	0.0314605	0.0610335	0.06461	0.142999	0.0522343	0.309906	0.879139	2.75872	5	0.635631
1490000	-102.3856	-127.5339	25.14832	10	0.204748	0.0886919	0.0219466	0.0325034	0.346784	0.181034	0.0470948	0.15672	0.206886	0.023841	0.275476	0.0629692	0.000623433	0.0365587	0.395936	3.56688	5	1.443946
1491000	-91.56601	-124.1431	32.57704	10	0.4813454	0.107188	0.00885527	0.0935389	0.0884423	0.0662492	0.0331158	0.33764	0.158054	0.177579	0.0438431	0.0516253	0.0299845	0.239563	0.806205	2.92425	5	1.166131
1492000	-116.1103	-129.8983	13.78806	1	2.311521	0.0283506	0.206347	0.0619887	0.106844	0.0186581	0.00741119	0.265238	0.00437629	0.106654	0.13857	0.31606	0.327826	0.684519	1.07614	1.91152	3	1.260498
1493000	-98.86765	-123.2889	24.42124	10	0.2343774	0.0217516	0.0448017	0.0255046	0.0962577	0.00999516	0.0046202	0.0628955	0.104517	0.256412	0.563941	0.112849	0.00146185	0.0556631	0.467362	3.47551	5	1.303545
1494000	-95.17628	-127.4157	32.23938	10	0.1595706	0.0611183	0.014597	0.0694643	0.07982	0.0216635	0.0812725	0.252551	0.0374456	0.00307	0.130294	0.0126483	9.22645e-05	0.0141706	0.270467	3.71527	5	0.7639445
1495000	-100.7086	-122.3719	21.6633	10	0.3708755	0.0318294	0.042095	0.0830242	0.11279	0.0868804	0.0852634	0.176574	0.0091898	0.230784	0.28504	0.289577	0.0127467	0.159689	0.697738	3.12983	5	1.433048
1496000	-98.88701	-127.2927	28.40568	10	0.1904804	0.0639357	0.0894568	0.00294209	0.027265	0.0148574	0.227725	0.389052	0.0575367	0.197555	0.117536	0.0283109	0.00037616	0.0284704	0.358359	3.61279	5	1.216172
1497000	-90.70979	-123.6833	32.97351	10	0.1887351	0.0523492	0.00963958	0.0714384	0.0632779	0.0419893	0.0114364	0.207073	0.213329	0.0445976	0.0742372	0.0620617	0.000351762	0.02754	0.353624	3.61848	5	0.8514287
1498000	-99.59495	-123.3188	23.72385	10	0.6525187	0.0350757	0.0027038	0.0324035	0.0218683	0.0520081	0.126423	0.125378	0.20356	0.285167	0.343197	0.251409	0.06409	0.340238	0.905917	2.68975	5	1.479194
1499000	-91.83731	-122.702	30.86469	10	0.8764889	0.0314619	0.00398206	0.0643502	0.0213846	0.0435479	0.0275557	0.170001	0.121918	0.178729	0.367631	0.00529843	0.111701	0.436199	0.976087	2.47601	5	1.03586
1500000	-92.48773	-121.6746	29.18687	10	0.5200354	0.0299738	0.0224354	0.0653099	0.00279854	0.0736861	0.0268264	0.338417	0.142793	0.109703	0.0680011	0.119522	0.0371586	0.264794	0.834316	2.86373	5	0.9994669
1501000	-95.65508	-119.0402	23.38507	10	1.214383	0.0959254	0.0151407	0.035545	0.0374147	0.0541371	0.0493322	0.131009	0.142257	0.268087	0.238437	0.220755	0.17765	0.532904	1.02809	2.26136	5	1.288039
1502000	-91.56376	-124.2253	32.66156	10	1.431231	0.0650242	0.0331392	0.071739	0.0412741	0.102629	0.0254317	0.196114	0.0210372	0.105914	0.146165	0.106847	0.214501	0.576695	1.04611	2.16269	5	0.9153136
1503000	-86.64001	-121.3073	34.66725	10	0.4240094	0.0322027	0.00170185	0.0531262	0.0808923	0.0292686	0.0188329	0.192976	0.104198	0.0908389	0.205428	0.0828897	0.0203251	0.199452	0.756007	3.02422	5	0.892355
1504000	-88.84829	-125.1768	36.32856	10	0.1567988	0.00294823	0.0490474	0.0147214	0.0667924	0.00729736	0.0553078	0.222184	0.0184673	0.0222208	0.00764292	0.232618	7.91616e-05	0.0131312	0.262224	3.72457	5	0.6992486
1505000	-89.9647	-120.862	30.89731	10	0.2239666	0.0423884	0.00114556	0.0807867	0.0973138	0.0692312	0.0484144	0.115966	0.0245653	0.26117	0.0764187	0.36101	0.00111185	0.0486444	0.443282	3.50696	5	1.17841
1506000	-100.08	-125.8054	25.72541	2	0.1900028	0.0080719	0.000170119	0.0272611	0.0920723	0.0231941	0.0215244	0.213493	0.112754	0.062452	0.0492825	0.00573286	0.000369366	0.0282145	0.357066	3.61435	4	0.6160075
1507000	-95.53185	-123.8472	28.31531	10	0.2881583	0.122312	0.00965788	0.0811382	0.0202867	0.0320583	0.0623738	0.107571	0.259556	0.207842	0.0351962	0.138157	0.004384	0.0953207	0.57537	3.32493	5	1.07615
1508000	-105.1565	-124.679	19.52247	2	0.4924121	0.0473656	0.0310552	0.0513946	0.0517527	0.129798	0.021939	0.0593311	0.517443	0.121684	0.0459345	0.118257	0.0319901	0.246933	0.814668	2.90641	4	1.195955
1509000	-93.35032	-119.8052	26.45488	10	0.2630297	0.0945373	0.0330334	0.00083802	0.0116271	0.0435077	0.0178926	0.167453	0.100813	0.160791	0.0867433	0.523116	0.00277544	0.076248	0.52817	3.39281	5	1.240353
1510000	-100.5559	-122.9284	22.37256	10	1.334214	0.0355322	0.141184	0.135642	0.0862503	0.107101	0.0647278	0.45521	0.207544	0.0362333	0.2695	0.136127	0.198539	0.558415	1.039	2.20405	5	1.675052
1511000	-95.55639	-122.8008	27.24445	10	0.2155957	0.0595682	0.0111932	0.0220039	0.164927	0.0780578	0.000361732	0.25103	0.0894313	0.040637	0.14669	0.45738	0.000875243	0.0432292	0.423124	3.53277	5	1.321281
1512000	-89.76842	-122.3748	32.60637	10	0.09769834	0.0234692	0.0352653	0.00126557	0.0991758	0.0153754	0.0706178	0.245206	0.108501	0.0614094	0.292075	0.0645691	3.79958e-07	0.000916027	0.087635	3.91145	5	1.016929
1513000	-89.87618	-119.2952	29.41906	10	0.532255	0.0392773	0.024696	0.0317033	0.0365488	0.106878	0.0341174	0.215727	0.16729	0.0696226	0.0992259	0.30287	0.0395107	0.272452	0.84239	2.84565	5	1.127956
1514000	-94.59961	-123.0816	28.482	10	0.5348737	0.0217796	0.00529322	0.00164138	0.0593051	0.0477738	0.0596317	0.247377	0.106778	0.459951	0.342795	0.0508974	0.0400194	0.274074	0.844074	2.84183	5	1.403224
1515000	-82.69783	-119.3713	36.67349	10	0.1397232	0.0283537	0.00636092	0.000363212	0.0442061	0.00328485	0.0376521	0.23842	0.0268545	0.298516	0.0421707	0.0486652	2.69388e-05	0.00767797	0.210654	3.78164	5	0.7748475
1516000	-93.33429	-126.8396	33.50528	10	0.1300729	0.000955508	0.0543145	0.0226473	0.0270751	0.192937	0.00247611	0.277131	0.104469	0.0286054	0.136553	0.027543	1.29221e-05	0.00532402	0.181279	3.81338	5	0.8747079
1517000	-92.85345	-121.0351	28.18165	10	1.341029	0.0414656	0.016718	0.0134117	0.0900017	0.0832032	0.00529831	0.29972	0.132644	0.275381	0.0854049	0.157762	0.199688	0.559763	1.03954	2.20101	5	1.20101
1518000	-90.51037	-123.7126	33.20219	10	1.51547	0.0481482	0.0119693	0.0323496	0.0985425	0.0117491	0.0137732	0.179977	0.0871453	0.0429399	0.275087	0.0824652	0.227702	0.591111	1.05132	2.12987	5	0.8841464
1519000	-95.941	-126.7736	30.83257	10	0.1189383	0.0854506	0.0263218	0.0562769	0.085541	0.0037964	0.133408	0.373358	0.158326	0.195605	0.00935485	0.0766754	4.77272e-06	0.00323969	0.147753	3.849	5	1.204113
1520000	-97.29166	-123.138	25.84633	10	0.6679271	0.0925811	0.0404028	0.0674699	0.0712137	0.0205058	0.0938525	0.16059	0.625849	0.0703141	0.086613	0.211485	0.0673551	0.347996	0.912378	2.67227	5	1.540877
1521000	-96.79083	-122.8181	26.02723	10	0.7625418	0.059245	0.0140986	0.193868	0.0896388	0.0573718	0.0496492	0.415404	0.00701495	0.156684	0.0802817	0.288096	0.087567	0.391604	0.94601	2.57482	5	1.411351
1522000	-108.6674	-124.6827	16.01535	2	3.326947	0.0511502	0.0695441	0.0375539	0.120257	0.0900685	0.0191396	0.266094	0.168863	0.104559	0.193601	0.0186238	0.413074	0.748162	1.08371	1.75505	4	1.139453
1523000	-97.62677	-127.204	29.57722	10	2.249777	0.059897	0.0663233	0.0418035	0.131346	0.0329407	0.0971194	0.184117	0.0902913	0.15193	0.251624	0.042467	0.321372	0.679192	1.07515	1.92429	5	1.14986
1524000	-104.9684	-122.1641	17.19568	10	1.622431	0.0845741	0.0258799	0.263459	0.091694	0.0866175	0.13757	0.177532	0.550639	0.26668	0.312313	0.0198994	0.243631	0.607743	1.05687	2.09176	5	2.016858
1525000	-95.0467	-123.4825	28.43576	10	1.841058	0.00580309	0.0290062	0.0286816	0.0588734	0.00606377	0.0285929	0.17818	0.301944	0.209085	0.222586	0.0786271	0.273534	0.636973	1.06545	2.02404	5	1.147444
1526000	-90.03289	-123.1696	33.13676	10	0.06316504	0.0559511	0.00274793	0.00950071	0.127118	0.0179711	0.00237268	0.264237	0.33258	0.025646	0.039736	0.0449683	1.63334e-10	1.90491e-05	0.0175632	3.98242	5	0.9228292
1527000	-112.6368	-126.7988	14.16201	2	1.155377	0.138346	0.150736	0.111249	0.0802228	0.106087	0.165447	0.263758	0.0136255	0.0387439	0.468962	0.163459	0.166873	0.518944	1.02163	2.29255	4	1.700635
1528000	-85.97721	-120.959	34.9818	10	0.08092717	0.0309261	0.00361475	0.00591403	0.11598	0.0314237	0.0331342	0.196276	0.0513762	0.00316197	0.219134	0.175185	2.01289e-08	0.000211152	0.0476775	3.95211	5	0.8661247
1529000	-102.2742	-125.5508	23.27667	10	0.5130313	0.0970052	0.0289872	0.0307	0.0254703	0.148475	0.141231	0.37828	0.166405	0.194382	0.0572341	0.251288	0.0358277	0.260338	0.829524	2.87431	5	1.519458
1530000	-93.0427	-122.1149	29.07223	10	0.17033	0.0418769	0.000372492	0.0184793	0.00448766	0.0656339	0.0425068	0.394797	0.272002	0.0568708	0.0991788	0.0696268	0.000159472	0.0185995	0.301966	3.67927	5	1.065833
1531000	-94.28429	-124.8228	30.53853	10	0.276119	0.0552346	0.032768	0.0111419	0.263944	0.051255	0.0013147	0.0405385	0.492972	0.0925728	0.000263408	0.168206	0.00355848	0.0860987	0.553431	3.35691	5	1.210211
1532000	-94.83136	-121.5622	26.73084	10	0.2126532	0.0255509	0.00630586	0.0257708	0.0343431	0.00977659	0.093423	0.457871	0.249632	0.00274819	0.239226	0.0253468	0.000801036	0.0413791	0.415868	3.54195	5	1.169993
1533000	-111.4993	-124.6287	13.12939	1	0.2257749	0.0893107	0.0534725	0.113261	0.1068	0.00430026	0.108117	0.180776	0.194592	0.289405	0.390977	0.00392846	0.00116809	0.0498421	0.447543	3.50145	3	1.534939
1534000	-98.93323	-124.6818	25.74858	10	0.8060932	0.0376967	0.0182116	0.0643074	0.0796283	0.0358797	0.0858459	0.168084	0.0971417	0.299317	0.115355	0.139463	0.0968547	0.409576	0.958629	2.53494	5	1.140931
1535000	-89.0221	-118.6221	29.60003	10	0.2117242	0.0717893	0.0171327	0.00283466	0.0124324	0.0116083	0.0260211	0.40944	0.123658	0.213976	0.0798808	0.172544	0.000778541	0.0408011	0.413558	3.54486	5	1.141317
1536000	-93.14659	-124.1931	31.04654	10	0.4002906	0.12762	0.0368278	0.0356082	0.0717855	0.0668199	0.0928772	0.326797	0.032179	0.106467	0.0303265	0.121468	0.0167564	0.181973	0.731595	3.06968	5	1.048776
1537000	-86.14373	-120.1983	34.05456	10	0.01729978	0.013755	0.00511989	6.57861e-05	0.00720818	0.0607595	0.0082422	0.370475	0.158777	0.0483779	0.0724298	0.0861349	8.83875e-36	4.44861e-18	1.00724e-07	4	5	0.8313446
1538000	-99.39377	-122.7682	23.37445	10	1.195952	0.0771982	0.0694176	0.0273285	0.0157437	0.0155631	0.041804	0.333704	0.355988	0.164869	0.0387326	0.0538399	0.174319	0.528651	1.02616	2.27087	5	1.194188
1539000	-96.21773	-127.0968	30.87903	10	0.0204898	0.0506322	0.0417585	0.0134601	0.21462	0.0274678	0.0112303	0.131426	0.2959	0.0341538	0.0749234	0.00715014	2.31394e-30	2.27554e-15	1.34051e-06	4	5	0.9027229
1540000	-93.77438	-124.6707	30.89631	10	0.2085491	0.0417637	0.033941	0.0576637	0.207	0.112298	0.0313262	0.127337	0.163324	0.0217436	0.0584795	0.132072	0.000704965	0.0388485	0.405599	3.55485	5	0.9869477
1541000	-100.5548	-123.8209	23.26607	2	0.08142851	0.0364253	0.0157338	0.0378655	0.12862	0.000995695	0.0292131	0.276105	0.104003	0.165032	0.00654028	0.00392996	2.2366e-08	0.000222567	0.0487309	3.95105	4	0.8044629
1542000	-105.459	-122.656	17.197	2	1.160524	0.0736201	0.0193165	0.0511067	0.00771826	0.0489791	0.0447316	0.348576	0.274592	0.118075	0.484497	0.00310976	0.167826	0.520202	1.02223	2.28974	4	1.474322
1543000	-101.3647	-123.3968	22.03216	2	0.9957502	0.0448827	0.00425934	0.0507736	0.00701294	0.0278621	0.0506934	0.159078	0.320146	0.141045	0.173517	0.020392	0.136105	0.475471	0.999292	2.38913	4	0.9996614
1544000	-102.0804	-123.5963	21.51593	10	0.3348849	0.0694208	0.00247409	0.0685441	0.0486506	0.110584	0.254237	0.271701	0.323532	0.0682928	0.209329	0.0522101	0.00854695	0.131766	0.649995	3.20969	5	1.478975
1545000	-100.9677	-123.7186	22.75086	10	0.9330114	0.0337579	0.0108389	0.165953	0.00441831	0.00144766	0.1079	0.428934	0.430007	0.102759	0.173265	0.0923209	0.123402	0.455647	0.987948	2.433	5	1.5516
1546000	-99.44609	-124.5713	25.12522	10	0.2117019	0.0894268	0.0309979	0.0146639	0.230668	0.0295497	0.157881	0.239879	0.0193908	0.245545	0.71851	0.0493381	0.000778006	0.0407873	0.413503	3.54493	5	1.825851
1547000	-95.47769	-123.6197	28.14205	10	0.3670628	0.049126	0.062363	0.0235481	0.161954	0.00191724	0.0723971	0.193966	0.0492568	0.0409991	0.532554	0.196668	0.0122635	0.156759	0.693029	3.13795	5	1.384749
1548000	-95.46814	-124.0908	28.62265	10	0.0845748	0.0387931	0.00522308	0.0486436	0.105008	0.0670991	0.0106607	0.148469	0.14204	0.0700917	0.0205819	0.0229237	4.21135e-08	0.000305324	0.0555633	3.94413	5	0.6795335
1549000	-94.44955	-122.1795	27.72991	10	0.2228342	0.0316166	0.0621038	0.00825919	0.0278467	0.0205103	0.0902216	0.307313	0.0418258	0.216239	0.209131	0.0423769	0.00107757	0.0478993	0.440597	3.51043	5	1.057444
1550000	-89.30375	-123.2804	33.97666	10	0.1092945	0.0362145	0.0102304	0.0155295	0.0734549	0.0221034	0.087844	0.223973	0.0747623	0.0861765	0.0497465	0.128602	1.70911e-06	0.00194062	0.119574	3.87848	5	0.8086368
1551000	-86.9941	-120.6695	33.67538	10	0.4485005	0.0213021	0.0306783	0.0255669	0.0120612	0.00865936	0.135161	0.131501	0.194209	0.175119	0.0687054	0.265389	0.0242876	0.216973	0.778851	2.97989	5	1.068351
1552000	-87.52314	-122.6165	35.09332	10	0.0836209	0.0103649	0.0146117	0.0162527	0.00321601	0.0452515	0.0328616	0.166199	0.100649	0.0984975	0.105666	0.0116641	3.49368e-08	0.000278117	0.0534523	3.94627	5	0.6052337
1553000	-91.56797	-124.5961	33.02812	10	0.06168667	0.0135158	0.0494357	0.0467998	0.024203	0.0552608	0.0439789	0.029842	0.00920084	0.322447	0.0419616	0.139608	9.65497e-11	1.46475e-05	0.0157484	3.98424	5	0.7762532
1554000	-102.6667	-127.6472	24.98058	10	3.37119	0.0413907	0.0701088	0.100291	0.0979289	0.0778121	0.101792	0.232695	0.0800126	0.339272	0.218832	0.00856772	0.416085	0.750208	1.08382	1.74988	5	1.368704
1555000	-98.36974	-121.323	22.95325	10	1.58871	0.0805985	0.0510387	0.0112228	0.239768	0.0530608	0.0254418	0.141286	0.182754	0.342862	0.289755	0.0826577	0.238707	0.602686	1.05523	2.10337	5	1.500446
1556000	-93.75226	-120.2023	26.45002	10	1.859519	0.0795051	0.00578324	0.0437712	0.0583938	0.0104605	0.121932	0.3397	0.398686	0.0814705	0.126133	0.0505427	0.275908	0.639192	1.06604	2.01886	5	1.316377
1557000	-94.57826	-124.2527	29.67448	10	0.8066601	0.0418858	0.0562821	0.0537839	0.0356564	0.0162534	0.0472293	0.366209	0.0257573	0.173034	0.30567	0.148085	0.0969752	0.409802	0.958783	2.53444	5	1.269846
1558000	-98.62614	-123.8788	25.25266	10	0.8005599	0.0981876	0.0479049	0.0160535	0.032979	0.0263114	0.0451465	0.155379	0.229677	0.10785	0.221433	0.317108	0.0956779	0.407359	0.95711	2.53985	5	1.29803
1559000	-102.2718	-123.5411	21.26933	2	1.178866	0.0549747	0.0543189	0.0756383	0.00699583	0.0487539	0.0543662	0.105793	0.193137	0.209439	0.0176069	0.139654	0.171202	0.524622	1.0243	2.27988	4	0.9606786
1560000	-89.6034	-123.6475	34.04406	10	0.05038124	0.0596198	0.0315898	0.0497405	0.0248372	0.0646307	0.0167711	0.107806	0.0201206	0.107197	0.0588501	0.0961914	6.24393e-13	1.17904e-06	0.00553494	3.99446	5	0.6373541
1561000	-100.5786	-127.7818	27.20318	10	4.035483	0.0434782	0.0486191	0.0472723	0.145257	0.0226119	0.00112826	0.187136	0.220061	0.108313	0.0573433	0.0224945	0.456301	0.776427	1.08439	1.68288	5	0.9037141
1562000	-93.16837	-123.0233	29.85491	10	0.3054393	0.0236691	0.00112547	0.00966129	0.0636731	0.0370968	0.045924	0.126097	0.22916	0.0621061	0.0813854	0.0614041	0.00574691	0.108733	0.604825	3.28069	5	0.7413031
1563000	-103.83	-123.0967	19.26677	2	0.4256144	0.0688183	0.0800762	0.00167858	0.0346744	0.0874337	0.0727342	0.164631	0.274246	0.085208	0.0587135	0.351658	0.0205765	0.200617	0.757574	3.02123	4	1.279871
1564000	-102.9403	-123.0887	20.14836	2	1.654647	0.0556474	0.00741043	0.0650645	0.0393352	0.0178684	0.00254645	0.156042	0.032583	0.23734	0.123475	0.355771	0.248254	0.612425	1.05835	2.08098	4	1.093085
1565000	-87.89597	-122.2309	34.33491	10	0.002903999	0.00399624	0.0261936	0.00987612	0.124082	0.0133081	0.0533717	0.159431	0.0347645	0.0595163	0.153751	0.128598	2.67972e-208	2.45257e-104	1.59669e-43	4	5	0.7668882
1566000	-102.2603	-127.4974	25.23708	10	0.3829186	0.134824	0.0309883	0.0596183	0.0582471	0.0816913	0.0613061	0.157518	0.338229	0.231133	0.0747692	0.100205	0.0143292	0.168885	0.712114	3.10467	5	1.328529
1567000	-100.9564	-123.3871	22.43069	10	0.8748407	0.129168	0.100566	0.0995223	0.0840573	0.0696445	0.0189662	0.336723	0.0970354	0.153577	0.0298975	0.322371	0.111356	0.435607	0.975715	2.47732	5	1.441529
1568000	-101.9773	-122.2882	20.31086	10	0.8456013	0.0997695	0.238035	0.0251807	0.0286939	0.0515303	0.0111007	0.227072	0.0581764	0.350517	0.184527	0.216433	0.105219	0.424865	0.968831	2.50108	5	1.491034
1569000	-93.21464	-125.1159	31.9013	10	0.8248575	0.0466963	0.122488	0.0830358	0.113717	0.00826175	0.0208195	0.250315	0.153904	0.0116414	0.0975141	0.214255	0.100836	0.416953	0.963612	2.5186	5	1.122648
1570000	-106.8744	-124.2723	17.39798	1	0.343291	0.0543369	0.0229949	0.0139026	0.11162	0.0377222	0.132362	0.189051	0.0505134	0.0187354	0.121056	0.344034	0.00945372	0.13833	0.661833	3.19038	3	1.096329
1571000	-108.138	-126.3355	18.19754	2	0.2332673	0.0656536	0.0287422	0.0123614	0.0139065	0.0743729	0.266039	0.0301398	0.122292	0.169602	0.249103	0.232355	0.00142146	0.054901	0.464846	3.47883	4	1.264568
1572000	-97.17645	-122.8541	25.67767	10	0.7472449	0.155344	0.0179715	0.0250922	0.181709	0.0637349	0.0255772	0.012026	0.447069	0.14802	0.0924828	0.354255	0.084295	0.384994	0.941192	2.58952	5	1.523281
1573000	-102.5713	-127.3028	24.73158	10	0.7454372	0.0720502	0.0239868	0.0428565	0.292491	0.120138	0.0809229	0.0404227	0.118392	0.136984	0.288264	0.171136	0.0839082	0.384203	0.940609	2.59128	5	1.387644
1574000	-101.6559	-125.767	24.11108	2	0.148212	0.0350219	0.0537854	0.00618369	0.0213997	0.0519357	0.0467422	0.126634	0.040567	0.184029	0.143817	0.0243581	4.74913e-05	0.010183	0.236426	3.75334	4	0.7344748
1575000	-102.5217	-123.3483	20.82661	10	0.3866085	0.0132873	0.0405934	0.0146088	0.00518872	0.138165	0.175618	0.35583	0.130612	0.139142	0.175888	0.116392	0.0148308	0.171684	0.716373	3.09711	5	1.305323
1576000	-106.4654	-128.783	22.31758	1	0.1234657	0.0174697	0.0128949	0.00564126	0.0912959	0.0178721	0.00862474	0.107326	0.0357106	0.206214	0.0143002	0.109002	7.31271e-06	0.00400814	0.161298	3.83469	3	0.6263514
1577000	-101.7022	-123.2979	21.59572	10	2.087845	0.173478	0.0387458	0.0184527	0.0771575	0.117191	0.165517	0.206857	0.0453774	0.380676	0.367853	0.0987993	0.30354	0.664041	1.07204	1.96038	5	1.690105
1578000	-96.13718	-123.2503	27.11316	10	1.279952	0.0545526	0.0910932	0.0282897	0.131276	0.00655507	0.0856403	0.185934	0.206827	0.0609114	0.0918101	0.318425	0.189244	0.5473	1.03438	2.22907	5	1.261315
1579000	-87.06316	-123.1321	36.06894	10	0.08385194	0.0128067	0.0175754	0.0117026	0.00098347	0.00762448	0.0408307	0.0959024	0.358576	0.103049	0.0274339	0.0613149	3.65683e-08	0.000284531	0.0539605	3.94575	5	0.7377998
1580000	-89.514	-122.6185	33.10452	10	0.1183396	0.00639199	0.0104386	0.0150928	0.0572968	0.0236608	0.0712056	0.423968	0.0447037	0.0807772	0.178814	0.134572	4.49985e-06	0.00314592	0.145974	3.85088	5	1.046921
1581000	-87.89837	-121.6082	33.70987	10	0.1913831	0.0119078	0.0326201	0.000136792	0.106022	0.0381008	0.00136356	0.0850345	0.0132943	0.0425025	0.327521	0.0573881	0.00038925	0.028957	0.360797	3.60986	5	0.7158912
1582000	-99.27151	-122.9317	23.66021	10	0.5084799	0.0892561	0.0317359	0.016635	0.0257971	0.0723462	0.222416	0.54687	0.0807857	0.061571	0.121845	0.394407	0.03497	0.257416	0.826342	2.88127	5	1.663665
1583000	-82.5614	-118.3357	35.77432	10	0.1073689	0.0209622	0.0146561	0.0106069	0.0311605	0.0254492	0.0274768	0.168177	0.10568	0.205363	0.0543593	0.0639667	1.3618e-06	0.00173259	0.114096	3.88417	5	0.727858
1584000	-97.0797	-124.1248	27.04508	10	1.80521	0.0524879	0.0211471	0.0282353	0.0248903	0.0735863	0.0317066	0.153832	0.176243	0.115984	0.0534421	0.186141	0.268859	0.632561	1.06425	2.03433	5	0.9176952
1585000	-108.8868	-126.6424	17.75553	10	1.162908	0.176506	0.0043253	0.0192707	0.00049019	0.115747	0.272543	0.324735	0.304715	0.318699	0.0934255	0.0543929	0.168267	0.520782	1.0225	2.28845	5	1.68485
1586000	-92.49929	-120.4076	27.90835	10	0.2574109	0.0336624	0.000270899	0.0678788	0.0357436	0.0386962	0.0204609	0.183859	0.472922	0.181077	0.0491889	0.168679	0.00247529	0.0720917	0.516856	3.40858	5	1.252439
1587000	-91.13008	-123.4127	32.28266	10	0.347141	0.0363489	0.0316218	0.0344069	0.043475	0.0308319	0.0737026	0.151848	0.0705126	0.162112	0.0407385	0.0726109	0.00988446	0.141331	0.667109	3.18168	5	0.7482092
1588000	-97.83191	-125.2676	27.43571	10	0.6736373	0.00486964	0.0351723	0.123434	0.0962194	0.115388	0.0195318	0.0757035	0.0902127	0.0316487	0.305409	0.217083	0.0685685	0.350821	0.914693	2.66592	5	1.114673
1589000	-97.51647	-123.9503	26.43381	10	0.3074768	0.145633	0.0105463	0.0213745	0.185762	0.0138588	0.0988295	0.109531	0.14134	0.173578	0.190368	0.19764	0.00592139	0.110323	0.608148	3.27561	5	1.288462
1590000	-97.82185	-119.1348	21.313	10	2.164637	0.101445	0.00542955	0.0951598	0.0138368	0.0172658	0.0593474	0.659034	0.0364138	0.328964	0.116811	0.290214	0.312166	0.671452	1.07361	1.94277	5	1.723922
1591000	-91.79848	-120.6011	28.80262	10	0.3030769	0.0262279	0.0314026	0.00305957	0.0348621	0.0825344	0.0117026	0.269798	0.0433604	0.317536	0.0212628	0.165393	0.00554822	0.106891	0.600934	3.28663	5	1.007139
1592000	-107.0705	-121.8285	14.75795	10	3.422607	0.159751	0.0110602	0.112759	0.0983299	0.162554	0.0335138	0.56302	0.176205	0.0407263	1.00336	0.00194836	0.419525	0.752533	1.08393	1.74401	5	2.363228
1593000	-100.8296	-125.2317	24.40203	10	0.4972374	0.0323191	0.0909024	0.0469405	0.0459272	0.0253501	0.0248902	0.0589923	0.195926	0.226757	0.231179	0.00264639	0.0328769	0.250109	0.818248	2.89877	5	0.9818305
1594000	-100.6016	-121.5552	20.95364	10	0.3388297	0.103925	0.0083312	0.154398	0.0937008	0.0599316	0.0618033	0.583321	0.0409083	0.0230766	0.442024	0.694383	0.00896668	0.134849	0.655605	3.20058	5	2.265803
1595000	-101.8051	-126.8471	25.04197	10	0.9439242	0.00950798	0.0884932	0.0605258	0.181671	0.0488972	0.0365853	0.216477	0.0836201	0.36962	0.328461	0.124832	0.125634	0.459223	0.990049	2.42509	5	1.54869
1596000	-95.99188	-122.7873	26.79539	10	2.511795	0.0778399	0.0376791	0.0705759	0.0361442	0.0304027	0.00623961	0.131798	0.215513	0.197648	0.178394	0.188152	0.347572	0.700329	1.07876	1.87334	5	1.170387
1597000	-96.57182	-124.1789	27.60708	10	1.448914	0.0813742	0.0166896	0.133569	0.00157036	0.281116	0.00253732	0.196445	0.076742	0.305817	0.100634	0.0905992	0.217322	0.579826	1.04728	2.15558	5	1.287093
1598000	-106.035	-125.6835	19.64851	2	2.181611	0.0321228	0.00197817	0.0497614	0.0208101	0.00024353	0.0361526	0.249451	0.0740106	0.17985	0.0856272	0.0337137	0.314031	0.673034	1.07393	1.939	4	0.7637209
1599000	-107.5478	-122.1122	14.5644	2	2.917853	0.0364213	0.0357696	0.0126398	0.0431542	0.0824163	0.0376941	0.310994	0.122187	0.178802	0.350654	0.186772	0.382805	0.726876	1.08208	1.80824	4	1.397504
1600000	-96.85914	-122.8594	26.00031	10	0.4269861	0.180071	0.00150657	0.0507928	0.0562093	0.088464	0.0122919	0.335973	0.347046	0.0532804	0.0512262	0.370187	0.0207923	0.201611	0.758906	3.01869	5	1.547048
1601000	-109.3796	-126.7114	17.3318	10	2.146975	0.126071	0.209167	0.175495	0.0357985	0.112206	0.151905	0.266281	0.360406	0.0323682	0.410029	0.0666965	0.31021	0.669785	1.07327	1.94674	5	1.946424
1602000	-96.17408	-120.1291	23.95502	2	0.1728295	0.0290093	0.0291659	0.00836451	0.0147845	0.0108353	0.043998	0.148933	0.00151893	0.221281	0.0396512	0.113728	0.000179329	0.0197157	0.309157	3.67095	4	0.6612691
1603000	-89.24493	-122.8271	33.58221	10	0.2641704	0.0102274	0.0131196	0.0196008	0.118532	0.0709966	0.0264016	0.157535	0.0420216	0.0920157	0.0251083	0.330765	0.00283898	0.0770976	0.530432	3.38963	5	0.9063228
1604000	-95.5996	-119.8054	24.2058	10	1.755925	0.0331409	0.0256196	0.0371169	0.0879875	0.0780156	0.00808225	0.292225	0.0688641	0.119713	0.11548	0.411939	0.262291	0.626267	1.06248	2.04896	5	1.278183
1605000	-90.76947	-121.2518	30.4823	10	0.2982637	0.0426578	0.0500437	0.0157242	0.119118	0.0609284	0.0100962	0.197004	0.204268	0.27661	0.141801	0.116971	0.00515552	0.103145	0.592875	3.29882	5	1.235222
1606000	-104.4141	-120.4629	16.04879	2	0.2961758	0.0769774	0.00034644	0.000843362	0.0207394	0.0246392	0.0453805	0.676337	0.0283469	0.208537	0.318629	0.108133	0.00499023	0.101524	0.589324	3.30416	4	1.508909
1607000	-90.0843	-123.4985	33.41421	10	0.1430509	0.0454476	0.0026125	0.047416	0.00915078	0.235096	0.00152014	0.156533	0.0542031	0.0626299	0.0278585	0.28868	3.39153e-05	0.00861128	0.220778	3.77058	5	0.9311473
1608000	-93.19678	-121.1594	27.96259	10	0.5536695	0.090479	0.0514823	0.0235648	0.033513	0.0561987	0.0175239	0.292963	0.0439157	0.0755044	0.048645	0.245116	0.043716	0.285516	0.855708	2.81506	5	0.9789054
1609000	-98.58084	-121.8785	23.29769	10	1.238748	0.0654502	0.0830462	0.0638851	0.0739722	0.00663102	0.0757448	0.301141	0.127876	0.36728	0.235729	0.121211	0.182005	0.538384	1.03053	2.24909	5	1.521966
1610000	-90.5803	-122.278	31.69765	10	0.1935476	0.0721163	0.00529824	0.0947976	0.035822	0.00954801	0.105634	0.151007	0.115868	0.165958	0.284819	0.0149941	0.000421969	0.030138	0.366609	3.60283	5	1.055862
1611000	-107.7254	-128.246	20.52066	2	1.509639	0.0213516	0.01187	0.0448461	0.0217524	0.0130692	0.0459527	0.192465	0.127424	0.0610558	0.0092381	0.0625469	0.226808	0.590153	1.05098	2.13206	4	0.6115718
1612000	-92.18959	-123.8083	31.61868	10	0.2246196	0.0383622	0.0424971	0.156063	0.029563	0.01812	0.0341129	0.324989	0.184539	0.0254474	0.208313	0.048631	0.00113194	0.0490758	0.444824	3.50497	5	1.110639
1613000	-101.9322	-125.1635	23.23129	10	0.2077131	0.00967356	0.029739	0.0346591	0.163964	0.0368399	0.210174	0.517636	0.284653	0.00173447	0.0406406	0.293364	0.00068643	0.0383403	0.403487	3.55749	5	1.623077
1614000	-106.8728	-128.3377	21.46494	10	0.3745122	0.136902	0.0387372	0.138212	0.127813	0.205798	0.0596631	0.421616	0.0292878	0.436426	0.0499441	0.436035	0.0132156	0.162476	0.702158	3.12215	5	2.080434
1615000	-104.0086	-124.4644	20.45572	2	0.2919913	0.021318	0.0597889	0.00579876	0.0186016	0.00420234	0.119399	0.116594	0.130815	0.20491	0.0874803	0.0889966	0.00466819	0.0982811	0.582105	3.31495	4	0.8579038
1616000	-119.3087	-132.7719	13.46315	2	0.149043	0.0774677	0.110517	0.0407199	0.0177396	0.000580116	0.102469	0.415488	0.553461	0.0255905	0.0224794	0.174961	5.00275e-05	0.0104502	0.238938	3.75056	4	1.541473
1617000	-96.44443	-122.3499	25.90547	10	0.9893872	0.0657909	0.026921	0.0502126	0.0654711	0.0466787	0.0217299	0.298107	0.187828	0.0906641	0.137321	0.139086	0.134831	0.473538	0.998219	2.39341	5	1.12981
1618000	-94.79131	-119.6693	24.87797	10	0.2034042	0.123235	0.0350035	0.00465723	0.00594763	0.0685167	0.03503	0.420809	0.141492	0.115049	0.383172	0.223454	0.000596267	0.0357622	0.392484	3.57116	5	1.556366
1619000	-88.66576	-121.7465	33.08073	10	0.1785583	0.0220089	0.00555035	0.0320931	0.0422576	0.0369429	0.0638608	0.244658	0.14033	0.0286429	0.0857179	0.149805	0.00023177	0.0223931	0.325437	3.65194	5	0.8518673
1620000	-99.19138	-121.3875	22.19611	10	2.822619	0.119112	0.0267643	0.166164	0.0598799	0.127157	0.0615793	0.246497	0.125349	0.220581	0.472235	0.199038	0.375056	0.721209	1.08149	1.82225	5	1.824356
1621000	-95.47355	-122.2938	26.82021	10	0.470257	0.0284262	0.0364288	0.0379197	0.0106931	0.0262374	0.0938637	0.210685	0.0224575	0.638529	0.207818	0.229306	0.0280165	0.232056	0.797359	2.94257	5	1.542365
1622000	-96.53131	-127.0399	30.50862	10	0.3882366	0.0140911	0.0524831	0.0590313	0.109278	0.0438364	0.0248652	0.126453	0.0121964	0.0324823	0.09648	0.15132	0.0150546	0.172915	0.718231	3.0938	5	0.7225157
1623000	-90.4416	-125.7797	35.33815	10	0.6297772	0.0421449	0.0639253	0.0199134	0.00794574	0.0557561	0.0228928	0.115036	0.0580557	0.134492	0.0885717	0.0287255	0.0593019	0.328425	0.895782	2.71649	5	0.637459
1624000	-90.04434	-120.4438	30.39948	10	0.9150711	0.0438866	0.017557	0.0153512	0.0817555	0.0347401	0.0890883	0.209305	0.287485	0.151249	0.0902403	0.0454356	0.119712	0.449647	0.984367	2.44627	5	1.066094
1625000	-97.93814	-123.3272	25.38904	10	2.088384	0.0657508	0.0153768	0.0353758	0.0715993	0.0579689	0.0620983	0.172496	0.237104	0.058342	0.319321	0.366907	0.303602	0.664095	1.07205	1.96025	5	1.462341
1626000	-93.81297	-128.1015	34.28855	10	0.04934278	0.0620481	0.02313	0.00885796	0.0768622	0.088991	0.129011	0.144683	0.0147164	0.10666	0.213825	0.0800068	3.49973e-13	8.82785e-07	0.00490869	3.99509	5	0.9487925
1627000	-95.56663	-125.9221	30.35547	10	0.7029061	0.0411036	0.00933942	0.151012	0.0901243	0.174934	0.116789	0.0879725	0.175354	0.011181	0.0490083	0.286144	0.0748091	0.364898	0.925941	2.63435	5	1.192962
1628000	-98.34886	-126.8458	28.49694	10	0.5796806	0.085606	0.0860482	0.12695	0.0105054	0.0370405	0.0724341	0.135213	0.223284	0.025436	0.0850006	0.083735	0.048946	0.300787	0.870588	2.77968	5	0.9712529
1629000	-94.92978	-121.2539	26.32409	10	0.5369858	0.0353699	0.013368	0.092497	0.0196511	0.047677	0.0125391	0.264398	0.227318	0.399285	0.213676	0.0736756	0.040431	0.275377	0.84542	2.83877	5	1.399455
1630000	-116.0359	-123.618	7.582105	2	9.651684	0.0293894	0.00443741	0.0390067	0.00436673	0.0174314	0.0448021	0.550765	0.0806868	0.130695	0.121145	0.223984	0.625575	0.868141	1.07305	1.43324	4	1.246708
1631000	-98.69207	-119.0468	20.35476	10	3.193956	0.0332007	0.0380904	0.022778	0.0587082	0.040833	0.109074	0.422154	0.33044	0.594539	0.115276	0.0482455	0.403731	0.741731	1.08332	1.77122	5	1.813339
1632000	-92.15075	-121.3122	29.16146	10	1.104817	0.0651722	0.00496363	0.0241814	0.0287098	0.033018	0.102281	0.197166	0.0474484	0.104764	0.113135	0.279187	0.15738	0.506139	1.01541	2.32107	5	1.000027
1633000	-90.95886	-124.2062	33.24736	10	0.4922787	0.0152848	0.064255	0.0154634	0.0572729	0.0598898	0.112537	0.168863	0.190912	0.0516621	0.114167	0.0307087	0.0319657	0.246845	0.814568	2.90662	5	0.8810151
1634000	-107.9319	-125.2811	17.34915	1	1.416712	0.0346838	0.0406618	0.00462784	0.033915	0.0524306	0.00542339	0.317358	0.156932	0.235357	0.00196895	0.11051	0.212165	0.574079	1.04513	2.16862	3	0.9938694
1635000	-89.33821	-120.1144	30.77618	10	0.5246719	0.0479274	0.0305208	0.0685337	0.00686243	0.0193709	0.0631829	0.166057	0.0755805	0.0591387	0.159485	0.209676	0.0380467	0.267717	0.837422	2.85681	5	0.9063355
1636000	-105.0782	-121.2273	16.14907	2	1.114557	0.0768509	0.0976832	0.0586527	0.0169076	0.177456	0.025308	0.273033	0.50358	0.186572	0.0484416	0.173091	0.159228	0.50867	1.01666	2.31544	4	1.637576
1637000	-96.62992	-121.5563	24.92637	10	2.796237	0.120182	0.00728817	0.153047	0.0522305	0.0296013	0.0518738	0.299166	0.349223	0.0948214	0.310935	0.0498999	0.372857	0.719583	1.08131	1.82625	5	1.518267
1638000	-91.13533	-123.8606	32.7253	10	0.2574717	0.0603112	0.00141405	0.0431758	0.0386443	0.0318064	0.0284978	0.147031	0.220865	0.0568772	0.0556522	0.199554	0.00247842	0.0721364	0.51698	3.40841	5	0.8838287
1639000	-83.91922	-119.1107	35.19151	10	0.1254693	0.022485	0.00677447	0.00484846	0.00110738	0.00617368	0.0418353	0.202131	0.156047	0.244014	0.0467732	0.0852001	8.74601e-06	0.00438238	0.167336	3.82827	5	0.8173907
1640000	-101.4763	-121.3726	19.89637	2	0.6302967	0.0971575	0.0207717	0.000201918	0.0102086	0.051482	0.109325	0.258246	0.0889582	0.213056	0.206978	0.0610239	0.0594108	0.3287	0.896022	2.71587	4	1.117409
1641000	-97.26747	-124.8664	27.59889	10	0.3459517	0.0463179	0.0394561	0.0228738	0.0261945	0.0803871	0.0525024	0.235657	0.204624	0.0240989	0.119136	0.029332	0.00975038	0.140404	0.665489	3.18436	5	0.88058
1642000	-92.2034	-124.2522	32.04877	10	0.1196636	0.0315324	0.0127582	0.0115834	0.0166314	0.0111049	0.0103877	0.10434	0.0553823	0.0402895	0.129044	0.0984123	5.12152e-06	0.00335572	0.149912	3.84673	5	0.5214658
1643000	-85.81604	-120.7533	34.93726	10	0.1741426	0.0162625	0.0239236	0.0036728	0.106985	0.0122403	0.0305615	0.212433	0.240412	0.0297884	0.0472766	0.101691	0.000190474	0.0203149	0.312913	3.66658	5	0.825248
1644000	-92.81722	-123.76	30.94276	10	0.03554	0.00591307	0.00581916	0.0625486	0.0223256	0.0108413	0.086469	0.272481	0.00349052	0.0172395	0.143343	0.2863	6.40153e-18	3.77996e-09	0.000510913	3.99949	5	0.9167703
1645000	-92.69808	-123.7015	31.00343	10	0.03014274	0.0413066	0.012403	0.0189623	0.2703	0.013167	0.0196141	0.0477295	0.0645558	0.106241	0.0309664	0.227815	5.93474e-21	1.15146e-10	0.000120022	3.99988	5	0.8530606
1646000	-94.16203	-123.2574	29.09536	10	1.463166	0.0427191	0.0337796	0.042586	0.0180022	0.0452948	0.0538865	0.302978	0.14926	0.233671	0.0496468	0.0488244	0.219576	0.582308	1.04818	2.14993	5	1.020649
1647000	-93.25207	-122.8651	29.61302	10	0.999844	0.0610641	0.0331303	0.0994338	0.0387552	0.0214936	0.0337029	0.253701	0.0777545	0.0553171	0.400913	0.0321722	0.136923	0.476705	0.999974	2.3864	5	1.107438
1648000	-97.31997	-121.1334	23.81345	10	1.434849	0.0212122	0.0511836	0.0469386	0.0101262	0.0527786	0.0230207	0.264789	0.139553	0.104178	0.0129335	0.393079	0.21508	0.57734	1.04635	2.16122	5	1.119792
1649000	-97.48827	-124.426	26.93772	10	0.1032109	0.0357478	0.00503328	0.00488059	0.278603	0.0518524	0.117313	0.128932	0.109989	0.145661	0.0648494	0.19999	8.10018e-07	0.00133679	0.102486	3.89618	5	1.142851
1650000	-100.7931	-123.43	22.63696	2	1.362154	0.0579011	0.0011906	0.0105063	0.0666633	0.0573282	9.32864e-05	0.136695	0.0867259	0.121342	0.0478091	0.162243	0.203221	0.563879	1.04118	2.19171	4	0.7484976
1651000	-91.7982	-121.0994	29.30117	10	0.2653484	0.0305474	0.0518521	0.0427089	0.0870466	0.0412921	0.00868193	0.182424	0.0966412	0.0386573	0.420584	0.308017	0.00290555	0.0779769	0.532755	3.38636	5	1.308452
1652000	-93.22267	-121.5924	28.36972	10	2.205134	0.0920681	0.0172807	0.0570076	0.0159441	0.126534	0.0185924	0.180224	0.20201	0.309795	0.0401817	0.210145	0.316591	0.675193	1.07437	1.93385	5	1.269783
1653000	-98.3334	-122.1223	23.78892	10	0.7371641	0.0315383	0.0273292	0.0894515	0.174483	0.0412952	0.0610125	0.241274	0.152575	0.129866	0.0417429	0.396487	0.0821376	0.38055	0.937898	2.59941	5	1.387054
1654000	-103.0141	-123.3071	20.29295	10	5.488455	0.0749324	0.0405011	0.128568	0.0159316	0.0509424	0.0787942	0.202691	0.0913469	0.172555	0.512794	0.264021	0.521181	0.814796	1.08236	1.58166	5	1.633077
1655000	-105.669	-126.2774	20.60835	2	0.4293911	0.0183667	0.0191501	0.0551369	0.0727254	0.114065	0.0503722	0.556154	0.0258638	0.025392	0.124978	0.150939	0.0211728	0.20335	0.761222	3.01426	4	1.213143
1656000	-96.65916	-121.982	25.32282	10	4.788403	0.0198573	0.0663259	0.0324979	0.0318047	0.135004	0.097227	0.291828	0.359594	0.0980153	0.22563	0.0544304	0.493045	0.798707	1.08365	1.6246	5	1.412214
1657000	-92.95495	-125.5427	32.58774	10	0.2177975	0.0631766	0.0203139	0.0191589	0.0650168	0.144086	0.050678	0.0229457	0.0121193	0.238985	0.0547985	0.20345	0.000933768	0.0446323	0.428495	3.52594	5	0.8947295
1658000	-96.77207	-124.6731	27.90108	10	1.043862	0.00588462	0.0488834	0.113866	0.041647	0.020829	0.0257822	0.223863	0.0348099	0.133949	0.227403	0.174346	0.145622	0.48955	1.0069	2.35792	5	1.051264
1659000	-99.54649	-127.619	28.07255	10	0.3305226	0.0351107	0.0610246	0.00182243	0.413965	0.00458192	0.0841924	0.0534052	0.0533375	0.00601008	0.201026	0.344294	0.00809487	0.128354	0.643675	3.21988	5	1.258769
1660000	-102.8452	-124.0398	21.19459	2	0.3244587	0.0203236	0.0293739	0.086651	0.129005	0.00939743	0.0289244	0.205831	0.00747112	0.0511075	0.204846	0.258272	0.00748771	0.123607	0.634681	3.23422	4	1.031204
1661000	-86.5767	-121.1686	34.59187	10	0.3394737	0.0449879	0.0275844	0.0290063	0.0234545	0.0941547	0.0140636	0.256607	0.136861	0.0429946	0.011235	0.261789	0.00903618	0.135352	0.656512	3.1991	5	0.9427382
1662000	-86.37062	-122.7631	36.39251	10	0.2263561	0.00589986	0.010952	0.0290673	0.0383616	0.050497	0.00259696	0.09177	0.0172499	0.228551	0.155048	0.0438673	0.00118657	0.050229	0.448905	3.49968	5	0.6738613
1663000	-95.14349	-123.8641	28.72056	10	0.4662656	0.0353328	0.00574201	0.101177	0.0290088	0.155206	0.0695982	0.0862478	0.148888	0.177882	0.320372	0.0660962	0.0273189	0.229323	0.794081	2.94928	5	1.195551
1664000	-99.75792	-120.7191	20.96113	2	0.2743635	0.131293	0.0104761	0.0265781	0.000689395	0.00238534	0.0227726	0.247452	0.0668897	0.0496361	0.234095	0.28161	0.00344657	0.0847656	0.55013	3.36166	4	1.073878
1665000	-98.43078	-122.7663	24.33555	10	0.3819413	0.0337522	0.0978531	0.0314772	0.24011	0.122042	0.00322416	0.3343	0.0702687	0.155037	0.408933	0.108953	0.0141977	0.168142	0.710975	3.10668	5	1.605951
1666000	-94.15763	-127.8519	33.69428	10	0.2381845	0.010736	0.0299816	0.0807224	0.00737396	0.0187023	0.0899213	0.235923	0.0205094	0.118696	0.0944453	0.0603424	0.00160607	0.0582998	0.475897	3.4642	5	0.7673535
1667000	-92.66739	-119.232	26.56458	10	0.4361056	0.0944731	0.0139796	0.00335446	0.132317	0.0931145	0.00592059	0.374215	0.334821	0.385765	0.201043	0.0994703	0.0222491	0.208176	0.767572	3.002	5	1.738473
1668000	-92.13392	-125.7967	33.6628	10	0.2648405	0.00340637	0.001691	0.0268418	0.0871355	0.0010635	0.0307979	0.210294	0.0432223	0.106708	0.0367503	0.034693	0.00287673	0.0775975	0.531755	3.38777	5	0.5826037
1669000	-90.58142	-123.1628	32.58143	10	0.4148244	0.0332709	0.00249209	0.0104083	0.108388	0.00112551	0.0616929	0.133937	0.0535974	0.214331	0.0765497	0.16849	0.0189099	0.192741	0.746836	3.04151	5	0.8642828
1670000	-110.87	-126.9921	16.12211	2	1.24301	0.0614261	0.0683309	0.162022	0.103718	0.124077	0.0395761	0.503224	0.184221	0.0988899	0.0200643	0.0948197	0.182761	0.539326	1.03094	2.24697	4	1.46037
1671000	-87.59765	-123.7558	36.15812	10	0.4564139	0.0641058	0.00890995	0.0119361	0.0334607	0.0172839	0.0572467	0.0943782	0.159355	0.0804441	0.118842	0.0236639	0.0256226	0.222512	0.785767	2.9661	5	0.6696267
1672000	-95.17091	-120.1286	24.9577	10	0.9548797	0.0786649	0.0375957	0.0366462	0.0430253	0.118337	0.0314553	0.46976	0.144315	0.0839323	0.371521	0.0185144	0.127866	0.462757	0.992102	2.41728	5	1.433767
1673000	-95.41341	-121.6147	26.20133	10	0.07612978	0.0202027	0.0067743	0.0302076	0.0551446	0.0200083	0.0111341	0.153454	0.12275	0.291173	0.069716	0.163568	6.84463e-09	0.000123179	0.0381199	3.96176	5	0.9441325
1674000	-104.3463	-125.5969	21.25058	2	0.5182631	0.0236987	0.0184497	0.0165705	0.114833	0.0548318	0.134971	0.197117	0.129951	0.0230255	0.0232393	0.26426	0.0368206	0.263671	0.833115	2.86639	4	1.000947
1675000	-99.8201	-123.5188	23.69869	10	1.223696	0.0475092	0.0521383	0.126893	0.0180809	0.00657433	0.185277	0.288199	0.13568	0.000572366	0.590892	0.18175	0.179321	0.535017	1.02903	2.25663	5	1.633566
1676000	-102.1431	-123.0011	20.85802	10	1.356092	0.120373	0.0196427	0.0560765	0.0202918	0.0642928	0.113072	0.47584	0.370474	0.295436	0.0752333	0.0294574	0.202211	0.562708	1.04072	2.19436	5	1.64019
1677000	-93.73301	-123.9127	30.17965	10	0.899157	0.0333601	0.0977408	0.0324744	0.0604944	0.174038	0.0354371	0.021277	0.20361	0.353152	0.20718	0.0851454	0.11642	0.444192	0.981051	2.45834	5	1.303909
1678000	-96.29644	-124.2418	27.94537	10	0.1825032	0.030052	0.0042251	0.0432859	0.0927501	0.0778073	0.222716	0.473127	0.00931755	0.456207	0.0430426	0.112241	0.000273968	0.0243304	0.336478	3.63892	5	1.564771
1679000	-110.9673	-126.5961	15.62888	2	1.257668	0.110459	0.0398215	0.134701	0.146473	0.193888	0.00634558	0.308934	0.028633	0.280808	0.225156	0.103996	0.185348	0.542531	1.03234	2.23978	4	1.579214
1680000	-103.6712	-127.8511	24.17991	10	0.5370009	0.0565411	0.130218	0.0786501	0.125894	0.0469656	0.120271	0.357028	0.018302	0.32835	0.0769884	0.0150842	0.0404339	0.275386	0.84543	2.83875	5	1.354293
1681000	-91.42283	-121.6819	30.25905	10	0.7285735	0.0109182	0.0375666	0.0269503	0.0223685	0.0057569	0.0152564	0.307092	0.319434	0.153987	0.111898	0.0930224	0.080299	0.376706	0.935013	2.60798	5	1.104251
1682000	-97.93977	-123.9448	26.00506	10	0.4151572	0.0443939	0.0421447	0.0282563	0.0238385	0.164591	0.0341438	0.463714	0.313243	0.0575669	0.024431	0.397148	0.0189605	0.192985	0.747175	3.04088	5	1.593471
1683000	-105.0697	-127.3209	22.25123	2	0.5853567	0.0830456	0.00641008	0.0183451	0.0210433	0.157753	0.00925223	0.0805417	0.0749077	0.120217	0.114086	0.289551	0.0501026	0.304034	0.87366	2.7722	4	0.9751526
1684000	-91.78672	-122.5518	30.76507	10	0.5589175	0.129581	0.0137647	0.0585037	0.0514036	0.0163051	0.00684676	0.316852	0.0636355	0.0485942	0.192651	0.172404	0.0447612	0.28865	0.85882	2.80777	5	1.070541
1685000	-102.2624	-124.3686	22.10617	10	1.65601	0.222949	0.0331441	0.0627359	0.0707398	0.0464823	0.15872	0.186291	0.0806584	0.266358	0.331152	0.0607178	0.248448	0.61262	1.05841	2.08053	5	1.519948
1686000	-115.5209	-129.0543	13.53338	1	1.720974	0.0568746	0.0851197	0.164266	0.0717	0.00937027	0.0573799	0.383752	0.14416	0.283864	0.02406	0.064474	0.25753	0.621634	1.06114	2.0597	3	1.345021
1687000	-99.45516	-123.1747	23.71955	10	1.967108	0.0923738	0.0271203	0.130126	0.0127876	0.0484222	0.018626	0.2804	0.0203506	0.245747	0.197596	0.455454	0.289316	0.65147	1.06914	1.99007	5	1.529004
1688000	-96.62482	-124.3643	27.73946	10	0.4991486	0.119091	0.0698309	0.0166662	0.0352273	0.0315645	0.0721792	0.138651	0.123782	0.00824885	0.260461	0.167823	0.0332301	0.25136	0.819648	2.89576	5	1.043526
1689000	-102.7887	-123.7581	20.96933	10	1.064371	0.0636275	0.00242952	0.0289182	0.0471412	0.262424	0.0475774	0.534151	0.108171	0.30396	0.248858	0.27143	0.149616	0.49528	1.0099	2.34521	5	1.918687
1690000	-96.95428	-123.5157	26.5614	10	0.722672	0.0991754	0.0473467	0.166281	0.0813028	0.0479463	0.0379583	0.193068	0.295737	0.272665	0.0116288	0.0300847	0.0790361	0.374034	0.932989	2.61394	5	1.283193
1691000	-87.55874	-120.6389	33.08019	10	0.9093031	0.0374673	0.00222274	0.0411503	0.00488533	0.0155429	0.0178046	0.12712	0.398592	0.209781	0.0446336	0.162993	0.118521	0.447684	0.983181	2.45061	5	1.062193
1692000	-92.1489	-119.9169	27.76804	10	0.2069743	0.0203449	0.0102883	0.0137771	0.00221931	0.0177605	0.0236602	0.216456	0.175329	0.46828	0.123836	0.130294	0.000670336	0.0378934	0.401614	3.55982	5	1.202245
1693000	-93.41831	-124.8047	31.3864	10	0.323246	0.0919841	0.00497603	0.0852812	0.0387611	0.198999	0.116086	0.132668	0.217516	0.189785	0.0548528	0.0120484	0.00736928	0.122658	0.632853	3.23712	5	1.142957
1694000	-86.54545	-121.0778	34.5324	10	0.3515624	0.0934018	0.00245962	0.0147474	0.0520352	0.0679966	0.0147126	0.20324	0.118509	0.074383	0.109027	0.120194	0.0103909	0.14477	0.673059	3.17178	5	0.8707058
1695000	-87.67942	-123.2362	35.55682	10	0.1944479	0.0149384	0.00145033	0.00648668	0.132682	0.0447385	0.0107679	0.097138	0.0437143	0.0101985	0.0347307	0.164376	0.000436144	0.0306351	0.369013	3.59992	5	0.5612211
1696000	-107.9762	-123.1904	15.2142	2	0.8252573	0.0751011	0.00534486	0.0755038	0.0553174	0.0379689	0.0494983	0.43281	0.301645	0.0968649	0.131511	0.124693	0.100921	0.417107	0.963715	2.51826	4	1.386258
1697000	-94.52629	-119.2263	24.69999	10	0.4587615	0.0793028	0.0153856	0.0786622	0.0135401	0.0549743	0.0639217	0.301727	0.231392	0.0405795	0.270843	0.328599	0.0260234	0.224144	0.787777	2.96206	5	1.478926
1698000	-96.03488	-124.4308	28.39588	10	0.3608003	0.0375783	0.00027182	0.0415397	0.0284894	0.102959	0.09418	0.668096	0.135506	0.02944	0.0386366	0.154225	0.011489	0.151929	0.685123	3.15146	5	1.330923
1699000	-90.82437	-122.9189	32.09454	10	0.347001	0.151163	0.004017	0.0799175	0.0245067	0.0128303	0.0711888	0.130986	0.322816	0.0308957	0.0757174	0.0496326	0.00986863	0.141222	0.666919	3.18199	5	0.9536704
1700000	-97.00946	-122.1795	25.17009	2	0.1929506	0.013827	0.00759243	0.0018698	0.109171	0.0142716	0.0663243	0.105105	0.0363163	0.035274	0.149899	0.20215	0.000412754	0.0298102	0.36501	3.60477	4	0.7417999
1701000	-92.22494	-119.826	27.60106	10	0.004697202	0.0145503	0.00498707	0.0290957	0.0833857	0.00948506	0.0387682	0.354722	0.563333	0.0168026	0.245898	0.0247871	3.75644e-129	9.18114e-65	4.24163e-27	4	5	1.385815
1702000	-91.56783	-121.5105	29.94263	10	1.257903	0.0350593	0.0916713	0.0285741	0.118032	0.0557335	0.0194173	0.182724	0.130348	0.163148	0.238042	0.212799	0.185389	0.542582	1.03236	2.23967	5	1.275549
1703000	-95.18398	-122.0595	26.87556	10	1.667036	0.0451056	0.0402027	0.0888976	0.0728601	0.131747	0.106357	0.211422	0.152239	0.27935	0.0196475	0.376853	0.250011	0.614188	1.05889	2.07691	5	1.524682
1704000	-87.73307	-121.6601	33.92703	10	0.1591992	0.0221498	0.0260055	0.0577595	0.0883259	0.0438633	0.0195835	0.0509049	0.0821931	0.210926	0.0931065	0.0287652	9.04183e-05	0.0140289	0.269365	3.71652	5	0.7235835
1705000	-101.1169	-123.8377	22.72081	10	0.8195538	0.0891658	0.0673378	0.0767437	0.0706961	0.0928152	0.0177171	0.21347	0.266566	0.0077295	0.0182675	0.559771	0.0997123	0.414889	0.962229	2.52317	5	1.48028
1706000	-86.36359	-122.0761	35.7125	10	0.05932844	0.0182087	0.0159457	0.0480545	0.0300714	0.0177259	0.0578906	0.131171	0.0798919	0.146194	0.0783202	0.151863	3.95344e-11	9.3748e-06	0.0130856	3.98691	5	0.7753367
1707000	-96.84253	-125.2377	28.39514	10	0.5448513	0.0227697	0.0224627	0.0606451	0.0998328	0.0351334	0.105626	0.285098	0.159146	0.0580444	0.0851336	0.111731	0.0419723	0.280191	0.850347	2.82749	5	1.045623
1708000	-107.8123	-127.6766	19.86425	2	0.2065157	0.103078	0.00748167	0.010571	0.00136279	0.00685518	0.0828524	0.213572	0.0360913	0.0919096	0.387277	0.089343	0.000660477	0.0376169	0.400448	3.56127	4	1.030394
1709000	-102.8573	-127.1164	24.25914	2	0.004527571	0.0148998	0.0636967	0.037387	0.0889936	0.0035235	0.0387429	0.126707	0.0778712	0.0330011	0.00136465	0.240909	5.92377e-134	3.64598e-67	4.27564e-28	4	4	0.7270971
1710000	-89.23716	-121.6861	32.44894	10	0.08392291	0.0382024	0.0231962	0.0215074	0.0350853	0.0906819	0.0428147	0.0765951	0.0297708	0.337109	0.0453558	0.0955694	3.70828e-08	0.000286524	0.054117	3.9456	5	0.8358882
1711000	-92.32191	-122.755	30.43312	10	0.6220347	0.0450014	0.0051099	0.0493402	0.0301042	0.14591	0.00545369	0.253282	0.0269586	0.110084	0.0671366	0.131789	0.0576822	0.324301	0.892157	2.72586	5	0.8701696
1712000	-91.73822	-123.5454	31.80715	10	0.7413075	0.0372678	0.0137319	0.0719426	0.0461697	0.0471385	0.109926	0.215694	0.077511	0.171596	0.148446	0.0628155	0.0830244	0.382385	0.939264	2.59533	5	1.002239
1713000	-88.97627	-121.2526	32.27633	10	0.0008497962	0.015251	0.0208837	0.0588763	0.105738	0.0247407	0.0223095	0.0671557	0.0207908	0.00461099	0.0812893	0.349488	0	0	1.60094e-147	4	5	0.7711338
1714000	-104.2669	-127.4772	23.21033	10	2.071096	0.0592982	0.00674942	0.0983658	0.0568198	0.322203	0.166454	0.294787	0.0252469	0.378732	0.0980553	0.179693	0.301616	0.662367	1.07167	1.96435	5	1.686403
1715000	-95.04197	-122.837	27.79508	10	2.270884	0.0313228	0.00658954	0.0499828	0.0155515	0.10772	0.0952483	0.24401	0.104037	0.0928682	0.256281	0.136189	0.323599	0.681039	1.07549	1.91987	5	1.1398
1716000	-88.21574	-121.5671	33.35133	10	0.4501111	0.0811246	0.0209376	0.0290271	0.0507842	0.0153794	0.00883071	0.245803	0.232123	0.0703835	0.0514465	0.0947561	0.0245573	0.218105	0.780276	2.97706	5	0.9005959
1717000	-96.69163	-125.9423	29.25069	10	0.4437763	0.0480838	0.0697854	0.0559455	0.170837	0.058457	0.104637	0.159568	0.166381	0.0377771	0.201207	0.0195167	0.0235029	0.213637	0.774618	2.98824	5	1.092197
1718000	-93.24985	-122.2697	29.01983	10	0.1981295	0.0494721	0.0172948	0.0595975	0.00614494	0.0238041	0.0308855	0.307378	0.0458359	0.0569062	0.468701	0.205185	0.000497677	0.0327034	0.378759	3.58804	5	1.271205
1719000	-96.92635	-125.6833	28.757	10	0.1746893	0.0379341	0.075886	0.0538766	0.0222324	0.0624201	0.0045631	0.172032	0.0451506	0.387504	0.046499	0.210612	0.000195263	0.0205668	0.314473	3.66477	5	1.11871
1720000	-103.5615	-124.9275	21.36609	10	0.6273079	0.0824544	0.0835974	0.113007	0.238639	0.142678	0.0368627	0.239354	0.0765701	0.194917	0.828277	0.0111875	0.0587847	0.327115	0.894636	2.71946	5	2.047544
1721000	-90.70583	-121.2627	30.55685	10	0.2224667	0.0465388	0.0272014	0.0158417	0.00800029	0.000838089	0.0165903	0.331674	0.0950645	0.0287375	0.393689	0.172632	0.0010666	0.0476583	0.439722	3.51155	5	1.136807
1722000	-88.42802	-123.5237	35.09573	10	0.3556983	0.087701	0.0123058	0.0187751	0.0693202	0.0410867	0.0116583	0.0115263	0.19677	0.120841	0.108166	0.164593	0.0108759	0.14798	0.67852	3.16262	5	0.8427443
1723000	-105.0741	-128.0584	22.98429	10	0.1495549	0.0352696	0.0632201	0.0950396	0.0137844	0.0438546	0.0994936	0.777533	0.247606	0.10424	0.108556	0.200887	5.1642e-05	0.0106168	0.240483	3.74885	5	1.789484
1724000	-89.27067	-120.0152	30.74455	10	0.2271369	0.0417464	0.0419813	0.00530153	0.0258066	0.0270103	0.0340835	0.148701	0.178918	0.0545314	0.171115	0.183181	0.0012117	0.0507503	0.45073	3.49731	5	0.9123754
1725000	-95.21026	-120.3903	25.17999	10	0.9050362	0.0791331	0.00599756	0.0183198	0.0924683	0.143316	0.0476237	0.249986	0.11025	0.332853	0.115053	0.111143	0.117638	0.446222	0.982292	2.45385	5	1.306145
1726000	-111.9389	-129.1381	17.19923	2	0.8347344	0.0439135	0.0950092	0.00119811	0.186164	0.160494	0.0499506	0.194284	0.0241964	0.180597	0.210433	0.123073	0.102925	0.420751	0.966133	2.51019	4	1.269313
1727000	-94.38085	-124.8842	30.50338	10	0.09577962	0.0886263	0.0174302	0.03606	0.0367364	0.0143763	0.0305135	0.277153	0.508828	0.0485174	3.09297e-05	0.0574812	2.86034e-07	0.000794926	0.0826335	3.91657	5	1.115754
1728000	-90.19002	-123.3496	33.15955	10	0.4475247	0.0665658	0.018423	0.0112292	0.016163	0.0170077	0.0240814	0.244249	0.214447	0.0220338	0.102141	0.15702	0.0241248	0.216286	0.777983	2.98161	5	0.893361
1729000	-102.1888	-121.8342	19.64533	2	1.318636	0.126544	0.0125117	0.0527851	0.0139557	0.0079337	0.0723846	0.131019	0.0644767	0.253982	0.215337	0.0631933	0.195898	0.555294	1.03772	2.21109	4	1.014123
1730000	-102.9638	-121.7644	18.80058	2	0.2777214	0.0294434	0.00348688	0.109867	0.00901647	0.00516385	0.0525196	0.345794	0.266788	0.0859504	0.224721	0.140045	0.0036625	0.0873184	0.556421	3.3526	4	1.272795
1731000	-96.6008	-122.0563	25.45547	2	0.3695109	0.0470178	0.00597512	0.0216585	0.0162927	0.0220548	0.0200507	0.179138	0.0540017	0.0819208	0.0406407	0.109519	0.0125728	0.158641	0.696061	3.13272	4	0.5982698
1732000	-91.68884	-120.7438	29.05495	10	1.200834	0.037469	0.0286873	0.0151868	0.0764019	0.029057	0.033851	0.122855	0.307567	0.30868	0.164551	0.146004	0.175204	0.529786	1.02668	2.26833	5	1.270311
1733000	-105.5949	-124.4777	18.8828	2	1.497026	0.111491	0.0122385	0.0919249	0.0354187	0.0489568	0.112307	0.135741	0.0035459	0.358215	0.123817	0.20266	0.224863	0.588061	1.05025	2.13683	4	1.236317
1734000	-97.39639	-123.4039	26.00755	10	0.4343722	0.117719	0.0231675	0.0194651	0.0361149	0.0642112	0.188075	0.19196	0.0218238	0.419341	0.163098	0.116198	0.0219693	0.206934	0.765949	3.00515	5	1.361173
1735000	-97.92109	-122.5259	24.60479	10	0.4366132	0.0387138	0.0424247	0.0707757	0.180026	0.0752027	0.00769838	0.245779	0.0385626	0.101064	0.133107	0.345912	0.0223312	0.208539	0.768045	3.00109	5	1.279266
1736000	-95.33934	-124.7265	29.38713	10	1.63031	0.0830807	0.0301096	0.0948278	0.000134307	0.0946234	0.0631572	0.24178	0.101829	0.127699	0.0509432	0.243516	0.244769	0.608901	1.05724	2.08909	5	1.1317
1737000	-98.35337	-128.4187	30.06531	10	0.5709147	0.133039	0.0806537	0.0659951	0.127772	0.100545	0.0613533	0.220266	0.156488	0.0118103	0.215724	0.00562106	0.0471701	0.295713	0.865723	2.79139	5	1.179267
1738000	-93.00962	-123.6213	30.6117	10	0.5840405	0.0494448	0.027595	0.0604841	0.057177	0.0539768	0.0788202	0.29414	0.0327826	0.366167	0.0253085	0.0691176	0.0498339	0.303284	0.872953	2.77393	5	1.115014
1739000	-92.38661	-120.2738	27.88722	10	0.6236741	0.0429651	0.0328743	0.0476032	0.02742	0.0396446	0.0240787	0.167164	0.217726	0.0145299	0.275678	0.319514	0.0580246	0.325178	0.892932	2.72386	5	1.209196
1740000	-104.8737	-121.6779	16.80425	10	0.6110224	0.0594529	0.0203473	0.119496	0.293009	0.0169389	0.107191	0.130809	0.582607	0.132792	0.982978	0.00671663	0.0553891	0.318344	0.88684	2.73943	5	2.452337
1741000	-92.22363	-124.068	31.8444	10	0.1215125	0.0277864	0.0109505	0.0374648	0.0866657	0.0293673	0.00214246	0.218258	0.117382	0.0173873	0.0365168	0.230792	6.10699e-06	0.00366363	0.155436	3.84089	5	0.814713
1742000	-93.42353	-125.3119	31.88833	10	0.6016253	0.00372847	0.0037195	0.0410346	0.0777192	0.0454028	0.0408916	0.113487	0.220674	0.168748	0.0849599	0.0417924	0.0534435	0.313174	0.882146	2.75124	5	0.8421572
1743000	-94.52349	-123.9151	29.3916	10	0.2761067	0.039657	0.0300112	0.0393283	0.112592	0.0678305	0.0125862	0.215548	0.0882598	0.172877	0.0506617	0.289582	0.00355768	0.0860893	0.553408	3.35695	5	1.118934
1744000	-90.51776	-121.2538	30.73605	10	0.1943891	0.0109333	0.0086874	0.0262701	0.0146257	0.0522409	0.031929	0.251126	0.143979	0.169877	0.041918	0.0250457	0.000435207	0.0306025	0.368856	3.60011	5	0.7766325
1745000	-94.13521	-120.6778	26.54261	10	0.1387548	0.0239602	0.00676448	0.0206796	0.092945	0.0233095	0.00271662	0.353619	0.0712215	0.167463	0.118219	0.357819	2.51402e-05	0.00741814	0.207705	3.78485	5	1.238717
1746000	-93.71895	-122.4617	28.74271	10	0.2905931	0.126802	0.0276379	0.00857202	0.122303	0.0673134	0.00289242	0.0865194	0.131483	0.116233	0.420409	0.0568117	0.00456332	0.0972	0.579661	3.31858	5	1.166977
1747000	-91.22553	-122.1596	30.93405	10	0.2230421	0.03335	0.0117046	0.0164959	0.0471783	0.00219577	0.0764872	0.278387	0.0192068	0.180453	0.273806	0.0447887	0.00108381	0.0480358	0.44109	3.50979	5	0.9840539
1748000	-89.3375	-124.5693	35.23183	10	0.2875418	0.0437948	0.0174231	0.0878332	0.0186587	0.0972006	0.124536	0.334868	0.0352656	0.00306513	0.13607	0.0998581	0.00433926	0.0948455	0.574275	3.32654	5	0.9985732
1749000	-102.6028	-123.5475	20.94473	10	1.16612	0.0297298	0.0884893	0.0776052	0.0167655	0.132	0.0689982	0.73158	0.300469	0.312581	0.172681	0.0565492	0.16886	0.521561	1.02287	2.28671	5	1.987448
1750000	-100.9688	-129.174	28.20516	10	0.5463069	0.0342265	0.194272	0.0132417	0.0678661	0.0194984	0.0836	0.247008	0.306882	0.0162053	0.0793556	0.195869	0.042259	0.281075	0.851243	2.82542	5	1.258024
1751000	-102.9103	-123.9812	21.07089	2	1.487794	0.00975154	0.135257	0.0136611	0.0453943	0.014772	0.0222914	0.100021	0.0973127	0.324887	0.137918	0.199244	0.223431	0.586512	1.0497	2.14036	4	1.10051
1752000	-100.2951	-128.4979	28.20284	10	0.3775759	0.0877669	0.0387321	0.0566639	0.184655	0.011811	0.0421955	0.0752682	0.0706071	0.332174	0.385037	0.0954852	0.0136167	0.164817	0.705828	3.11574	5	1.380396
1753000	-93.583	-124.766	31.18302	10	0.3864807	0.165631	0.0116909	0.0603794	0.0875888	0.0350755	0.0336605	0.235344	0.173476	0.0256813	0.0580719	0.178579	0.0148133	0.171587	0.716227	3.09737	5	1.065179
1754000	-90.79384	-121.4309	30.63702	10	0.1513964	0.112628	0.00818101	0.0381121	0.0303814	0.0672463	0.0381587	0.11862	0.1821	0.0632428	0.199975	0.317923	5.77894e-05	0.011228	0.246034	3.74268	5	1.176568
1755000	-93.85506	-124.0581	30.20305	10	0.7563988	0.0530555	0.0210477	0.00944905	0.00403784	0.0498766	0.0112147	0.236417	0.0725268	0.106611	0.0510982	0.12025	0.0862534	0.388969	0.944101	2.58068	5	0.7355844
1756000	-98.85085	-123.7834	24.93253	10	1.260645	0.0962956	0.0103079	0.106173	0.0135646	0.0653838	0.0834917	0.409131	0.096572	0.360431	0.0188893	0.274954	0.185871	0.543176	1.03262	2.23834	5	1.535195
1757000	-95.62267	-129.6365	34.01381	10	0.04810347	0.117231	0.00686928	0.00540852	0.0660009	0.066181	0.0945003	0.0796894	0.24064	0.0242417	0.0459891	0.0356524	1.69735e-13	6.14849e-07	0.00422461	3.99577	5	0.7824037
1758000	-105.2407	-126.2518	21.01115	2	0.2150778	0.0194784	0.0658869	0.00251386	0.107603	0.0154537	0.0799468	0.0872648	0.277031	0.14147	0.0275826	0.0962256	0.000861852	0.0429014	0.421853	3.53438	4	0.920457
1759000	-98.03194	-123.9755	25.9436	10	0.8091176	0.0795904	0.0757113	0.0325988	0.140969	0.0466036	0.0106438	0.118323	0.0260502	0.297056	0.219517	0.39597	0.0974974	0.410779	0.95945	2.53227	5	1.443033
1760000	-100.6933	-126.6264	25.93303	10	0.3365985	0.0427809	0.0124767	0.00147299	0.0803129	0.222332	0.134727	0.336235	0.113218	0.360941	0.29352	0.0234462	0.00872801	0.133105	0.652444	3.20572	5	1.621462
1761000	-105.2437	-124.8554	19.61173	2	0.840894	0.0393287	0.0115065	0.045177	0.108332	0.043926	0.0490028	0.30882	0.00505579	0.193392	0.0303235	0.2924	0.104226	0.423092	0.967672	2.50501	4	1.127265
1762000	-90.31724	-122.2528	31.93552	10	0.1377953	0.0224947	0.00873194	0.050736	0.181002	0.0345887	0.00468322	0.14659	0.302437	0.065186	0.011866	0.161663	2.3454e-05	0.00716592	0.204783	3.78803	5	0.9899786
1763000	-94.26219	-123.4966	29.2344	10	0.2336375	0.111807	0.0153671	0.0321333	0.0766883	0.00726665	0.100791	0.0411278	0.15558	0.0469957	0.271753	0.154518	0.00143485	0.0551548	0.465686	3.47772	5	1.014029
1764000	-106.4099	-122.2586	15.84867	2	0.4835773	0.0515081	0.0166808	0.0479012	0.00374757	0.00970097	0.0446164	0.0539206	0.0950085	0.12538	0.751815	0.230623	0.0303857	0.241059	0.807941	2.92061	4	1.430903
1765000	-87.23486	-123.9265	36.6916	10	0.04715765	0.0843088	0.00781702	0.00254808	0.00172192	0.0581895	0.0202402	0.171995	0.0537361	0.101374	0.18729	0.0120571	9.52383e-14	4.60599e-07	0.00374746	3.99625	5	0.7012767
1766000	-89.32326	-122.5712	33.24794	10	0.07984361	0.063668	0.00470593	0.00316405	0.0212231	0.0421439	0.0262006	0.174962	0.0841258	0.335595	0.00109214	0.067797	1.59564e-08	0.000188015	0.0454351	3.95438	5	0.8246778
1767000	-97.3307	-122.6163	25.28563	10	3.903966	0.0757043	0.018935	0.163893	0.00905449	0.11738	0.0337834	0.302684	0.205961	0.322617	0.0135054	0.0859696	0.449008	0.771821	1.0844	1.69477	5	1.349488
1768000	-90.23845	-120.7763	30.53783	10	0.0917176	0.0663363	5.20248e-05	0.0426442	0.0821693	0.0194162	0.017303	0.197744	0.00379899	0.00357088	0.263956	0.581429	1.50768e-07	0.000577341	0.0723718	3.92705	5	1.278419
1769000	-90.6807	-124.5657	33.88499	10	0.1770107	0.0185024	0.0503651	0.0335193	0.0168139	0.00566803	0.0247662	0.138628	0.354279	0.0781149	0.0321556	0.14766	0.000216608	0.0216537	0.321067	3.65706	5	0.9004723
1770000	-97.52653	-122.9157	25.38913	10	0.5836438	0.015199	0.01607	0.157676	0.0822793	0.0515659	0.0348293	0.322717	0.0212902	0.126315	0.414349	0.335182	0.049753	0.303057	0.872739	2.77445	5	1.577473
1771000	-98.11559	-121.1653	23.04971	10	0.5152708	0.137638	0.00375556	0.0892288	0.0685549	0.0777874	0.192346	0.313057	0.174303	0.1107	0.274584	0.324748	0.0362518	0.261768	0.831069	2.87091	5	1.766703
1772000	-92.44591	-121.417	28.9711	10	0.432454	0.0445836	0.00194821	0.0303927	0.0702316	0.00217	0.0700921	0.464187	0.00661128	0.324234	0.0756583	0.0996985	0.0216612	0.205556	0.76414	3.00864	5	1.189807
1773000	-96.30863	-121.969	25.66033	10	1.242473	0.121566	0.0207045	0.0558695	0.0239139	0.12917	0.0392121	0.255048	0.38817	0.3488	0.101281	0.0828197	0.182666	0.539208	1.03089	2.24724	5	1.566555
1774000	-112.6065	-129.3462	16.73967	1	1.061943	0.00512724	0.118801	0.00389809	0.0392244	0.108009	0.0470649	0.199047	0.160377	0.0290609	0.163341	0.216344	0.149145	0.49461	1.00955	2.34669	3	1.090294
1775000	-103.1149	-122.619	19.50411	2	0.3363043	0.0381885	0.041862	0.0681444	0.0273898	0.116934	0.00387507	0.0827591	0.0175391	0.304739	0.190088	0.335219	0.00869679	0.132876	0.652025	3.2064	4	1.226738
1776000	-93.65814	-121.1381	27.47992	10	0.1955619	0.0147824	0.0183689	0.0892782	0.039506	0.0499755	0.00352231	0.0952813	0.0529794	0.316102	0.199954	0.352231	0.000454152	0.031255	0.371976	3.59632	5	1.231981
1777000	-108.043	-124.8238	16.78083	2	0.7308675	0.0601734	0.0491723	0.0392667	0.117421	0.0874132	0.0630859	0.0532073	0.104862	0.588657	0.0876007	0.170543	0.08079	0.377737	0.935791	2.60568	4	1.421403
1778000	-92.94678	-123.4674	30.52061	10	1.006409	0.0512768	0.018016	0.0203265	0.00707624	0.0654273	0.0147941	0.200506	0.202787	0.0682008	0.0620053	0.0287052	0.138231	0.47867	1.00105	2.38205	5	0.7391214
1779000	-92.18866	-124.1223	31.93359	10	0.506472	0.0780764	0.0268395	0.023024	0.109967	0.0618647	0.017888	0.376939	0.00988924	0.104357	0.161923	0.282411	0.0345935	0.25612	0.824921	2.88437	5	1.253178
1780000	-98.42869	-124.6057	26.17704	10	1.08977	0.102189	0.0350869	0.00611015	0.0927198	0.117989	0.246541	0.0323884	0.320576	0.153922	0.338114	0.0426098	0.154509	0.502166	1.01342	2.32991	5	1.488245
1781000	-106.4832	-125.217	18.73383	2	0.8367199	0.0576004	0.074399	0.0951421	0.0903943	0.0453572	0.00853381	0.246646	0.204145	0.105119	0.233639	0.0916374	0.103345	0.421508	0.966632	2.50851	4	1.252613
1782000	-87.0008	-121.8468	34.84597	10	0.1024817	0.0261842	0.000823846	0.0574613	0.000933669	0.0510245	0.0798142	0.10994	0.0295858	0.0646338	0.128194	0.148178	7.36273e-07	0.00127457	0.100484	3.89824	5	0.6967732
1783000	-90.66155	-120.9174	30.2559	10	0.1951137	0.00933707	0.0350489	0.0205976	0.0370669	0.077004	0.00527813	0.0956116	0.0731702	0.282936	0.0603246	0.42309	0.000446843	0.031005	0.370785	3.59776	5	1.119464
1784000	-87.87216	-122.428	34.55583	10	0.1191553	0.00596389	0.0265235	0.00717645	0.0338064	0.0707916	0.0298296	0.158383	0.125992	0.100089	0.048379	0.0555141	4.87495e-06	0.00327412	0.148399	3.84832	5	0.6624485
1785000	-100.8766	-123.4034	22.52682	10	2.398472	0.0306737	0.0515158	0.145057	0.0975496	0.0615585	0.162381	0.23355	0.278481	0.309376	0.0959903	0.218814	0.336615	0.691644	1.07738	1.89436	5	1.684947
1786000	-101.344	-124.7613	23.41735	10	0.157064	0.0805383	0.0906692	0.0663025	0.0872827	0.0389848	0.0616773	0.208891	0.0359669	0.0753192	0.101807	0.209682	8.03493e-05	0.0132288	0.263015	3.72368	5	1.057122
1787000	-89.89328	-126.11	36.21673	10	0.3935901	0.0251134	0.0218478	0.00232743	0.117397	0.0983366	0.101677	0.188801	0.0765121	0.0620515	0.0648753	0.0187779	0.0158006	0.176952	0.72425	3.083	5	0.7777174
1788000	-94.45541	-122.5626	28.10719	10	0.4597687	0.0608878	0.0275214	0.000783151	0.145723	0.0557905	0.0728951	0.225219	0.296464	0.106226	0.00199479	0.26772	0.026196	0.224843	0.788634	2.96033	5	1.261224
1789000	-90.76769	-119.0456	28.27794	10	0.4176564	0.0549042	0.0189985	0.0237002	0.0185957	0.0108003	0.0772694	0.354592	0.167302	0.00746825	0.0409494	0.322195	0.0193419	0.194818	0.749701	3.03614	5	1.096776
1790000	-100.9416	-127.7702	26.82863	10	0.1976776	0.0503266	0.00241828	0.0829585	0.183869	0.264994	0.00937807	0.063399	0.0683283	0.243771	0.214565	0.338579	0.000489808	0.0324465	0.377569	3.58949	5	1.522587
1791000	-102.1301	-120.0916	17.96143	10	1.90752	0.170419	0.03483	0.0347557	0.0365434	0.030166	0.102561	0.343437	0.182476	0.341313	0.710489	0.194349	0.28198	0.644805	1.06749	2.00572	5	2.18134
1792000	-105.5388	-124.7099	19.17106	2	0.5027903	0.0464436	0.0292175	0.159403	0.0668168	0.0494778	0.0258944	0.26332	0.395968	0.136182	0.0280476	0.0181817	0.0339061	0.253734	0.822288	2.89007	4	1.218952
1793000	-104.8319	-122.4062	17.57432	1	0.3123193	0.0619116	0.00771074	0.011159	0.0218321	0.0230057	0.0327046	0.405651	0.0660599	0.233405	0.160959	0.0573931	0.00634772	0.114106	0.615923	3.26362	3	1.081792
1794000	-92.10887	-123.9538	31.84488	10	0.3055483	0.0667568	0.0437023	0.0443098	0.0166366	0.0378507	0.0290441	0.148836	0.00936683	0.128214	0.251597	0.026259	0.00575617	0.108818	0.605004	3.28042	5	0.8025728
1795000	-101.9022	-124.4133	22.51111	10	1.520617	0.162915	0.00748895	0.0624664	0.246408	0.115889	0.118933	0.109488	0.257638	0.0805758	0.271808	0.206123	0.22849	0.591953	1.05161	2.12795	5	1.639733
1796000	-108.275	-126.3083	18.03331	1	1.289619	0.152664	0.00200952	0.0526354	0.0290158	0.00852501	0.018651	0.108455	0.131636	0.35132	0.0537192	0.029531	0.190919	0.549331	1.03524	2.22451	3	0.9381627
1797000	-105.6992	-129.2291	23.52988	10	0.1296055	0.0696789	0.0383263	0.118124	0.287511	0.00512403	0.12158	0.0530591	0.433058	0.00942911	0.0587891	0.228003	1.24357e-05	0.00522315	0.17986	3.8149	5	1.422683
1798000	-102.2732	-126.7777	24.50453	10	0.7376975	0.0305598	0.00523223	0.0323419	0.20889	0.0885842	0.0339178	0.149495	0.0328742	0.0568474	0.128822	0.241768	0.0822518	0.380787	0.938075	2.59889	5	1.009332
1799000	-101.2387	-119.6941	18.45537	2	1.043945	0.0251312	0.0604739	0.0133797	0.0069981	0.00873914	0.104002	0.294377	0.345245	0.0708437	0.232071	0.0773923	0.145638	0.489573	1.00692	2.35787	4	1.238653
1800000	-94.72725	-122.5119	27.78467	10	1.049555	0.0329435	0.0476887	0.0208408	0.0732754	0.189369	0.0328821	0.138044	0.106507	0.310161	0.314689	0.153888	0.146734	0.491156	1.00775	2.35436	5	1.420288
1801000	-97.40182	-120.7252	23.32341	10	0.3388882	0.0373375	0.0352089	0.0244178	0.0688605	0.0863086	0.0367189	0.120199	0.21009	0.105118	0.327756	0.203895	0.00897298	0.134894	0.655688	3.20044	5	1.25591
1802000	-103.6452	-125.4518	21.80667	10	1.266846	0.0385172	0.110941	0.0421235	0.0396512	0.10421	0.0925523	1.05944	0.0634018	0.207094	0.10758	0.0849161	0.186958	0.54451	1.03319	2.23534	5	1.950431
1803000	-97.9552	-121.2782	23.32302	2	0.4594724	0.0319097	0.0356548	0.0327711	0.0148368	0.0543644	0.006158	0.0929605	0.117554	0.0851728	0.221477	0.230797	0.0261452	0.224637	0.788382	2.96084	4	0.923656
1804000	-108.5003	-126.9389	18.43858	2	1.435539	0.0132913	0.00321405	0.0705626	0.0450586	0.0177862	0.123437	0.14193	0.253547	0.404909	0.120155	0.122853	0.215191	0.577463	1.0464	2.16095	4	1.316744
1805000	-106.2248	-124.3899	18.16507	2	1.50961	0.0333222	0.0820947	0.00969443	0.0462764	0.0835336	0.126286	0.270065	0.147931	0.122939	0.126637	0.15989	0.226803	0.590148	1.05098	2.13207	4	1.208669
1806000	-87.6523	-121.724	34.07168	10	0.06812588	0.0665577	0.0176968	0.0516759	0.0332162	0.0144253	0.0117472	0.0333005	0.222333	0.0928271	0.0144656	0.385096	8.06851e-10	4.23206e-05	0.0244637	3.97549	5	0.9433408
1807000	-94.34279	-121.8278	27.48505	10	0.5372788	0.0960032	0.00191159	0.0296486	0.183526	0.0997175	0.0429668	0.358742	0.268021	0.307812	0.0607277	0.0801541	0.0404881	0.275557	0.845606	2.83835	5	1.52923
1808000	-92.35099	-124.4458	32.09484	10	0.2536383	0.0324929	0.0106675	0.0537505	0.16781	0.012834	0.00938151	0.371823	0.0601918	0.0484911	0.0780828	0.14954	0.00228568	0.0693297	0.509096	3.41929	5	0.995065
1809000	-94.17115	-123.0676	28.89644	10	0.146468	0.0182238	0.0101416	0.0274433	0.0324044	0.00755179	0.0354646	0.229501	0.144726	0.0149372	0.207663	0.0150603	4.24973e-05	0.00963504	0.231148	3.75917	5	0.7431171
1810000	-97.23139	-125.0433	27.81193	10	0.2906749	0.0213267	0.0264714	0.0248681	0.21646	0.0249791	0.0644118	0.0815522	0.0674021	0.229855	0.0672266	0.102587	0.00456942	0.0972632	0.579805	3.31836	5	0.9271409
1811000	-97.37116	-125.6398	28.2686	10	0.1378462	0.00606022	0.0314701	0.0723149	0.0504753	0.205047	0.226512	0.0108005	0.37444	0.00447159	0.294498	0.256852	2.35413e-05	0.00717919	0.204938	3.78786	5	1.532941
1812000	-93.51317	-124.9317	31.41856	10	0.09857389	0.0498194	0.00804179	0.0509358	0.0150166	0.0453105	0.0200944	0.0873908	0.185399	0.107743	0.0400432	0.53795	4.30934e-07	0.000975463	0.0899476	3.90908	5	1.147745
1813000	-108.3709	-125.2468	16.87591	2	0.3641417	0.0735981	0.0230179	0.0214808	0.249183	0.0272512	0.04807	0.133141	0.322653	0.0423246	0.0231155	0.443296	0.0118993	0.154509	0.689368	3.14422	4	1.407131
1814000	-99.60939	-123.8488	24.23941	10	1.069647	0.151575	0.0396233	0.186665	0.0225994	0.0413381	0.122707	0.231994	0.100082	0.29428	0.45256	0.0441522	0.150637	0.496729	1.01065	2.34199	5	1.687577
1815000	-96.77226	-120.4196	23.64733	10	0.4685172	0.0370786	0.00386472	0.059899	0.00241205	0.0012681	0.118613	0.197322	0.211977	0.164018	0.095208	0.0534355	0.0277117	0.230867	0.795936	2.94549	5	0.9450957
1816000	-92.43298	-120.9998	28.56681	10	0.2087926	0.0183096	0.0168852	0.0472841	0.0461315	0.173464	0.00127082	0.0429168	0.0832658	0.498048	0.111838	0.23893	0.000710429	0.038997	0.406214	3.55408	5	1.278344
1817000	-92.7369	-126.6745	33.93762	10	0.1299258	0.103134	0.00375564	0.0264736	0.0958418	0.00566301	0.00385707	0.285412	0.0638796	0.106336	0.00373447	0.0420578	1.27674e-05	0.00529213	0.180832	3.81386	5	0.7401443
1818000	-95.13618	-125.751	30.61484	10	0.8236619	0.0413188	0.0823128	0.0265259	0.0800682	0.00325354	0.0818699	0.122543	0.0171419	0.229232	0.160442	0.289899	0.100583	0.416489	0.963302	2.51963	5	1.134607
1819000	-85.43468	-120.3438	34.90909	10	0.08315344	0.0206728	0.00199405	0.0274366	0.0691892	0.0107658	0.0107161	0.12107	0.00961646	0.0470146	0.272351	0.0275748	3.18303e-08	0.000265475	0.0524302	3.9473	5	0.6184008
1820000	-94.46863	-125.7667	31.29806	10	0.3579979	0.152762	0.021457	0.0245954	0.15822	0.0352722	0.128359	0.122015	0.258314	0.126661	0.0403668	0.116764	0.0111503	0.149761	0.681515	3.15757	5	1.184786
1821000	-89.32715	-122.1042	32.77705	10	0.05054025	0.0257349	0.0316114	0.00313401	0.0559871	0.119305	0.00489964	0.204096	0.0758623	0.228391	0.028214	0.0454649	6.80839e-13	1.23116e-06	0.0056352	3.99436	5	0.8227002
1822000	-93.59389	-122.4837	28.88979	10	0.3704234	0.0797371	0.10514	0.0559481	0.0222553	0.0198966	0.0342684	0.178869	0.0229064	0.184558	0.177454	0.211829	0.0126889	0.159342	0.697184	3.13079	5	1.092861
1823000	-92.01174	-125.7364	33.72463	10	0.3665814	0.0419855	0.017353	0.0177289	0.0164105	0.0410671	0.109447	0.134965	0.150439	0.0395425	0.101408	0.131463	0.0122031	0.156388	0.692429	3.13898	5	0.8018093
1824000	-110.5528	-125.3978	14.84503	2	0.8086715	0.0217481	0.0882208	0.00177795	0.0441327	0.0198935	0.101993	0.344242	0.122978	0.0795087	0.143027	0.236847	0.0974026	0.410602	0.959329	2.53267	4	1.20437
1825000	-106.8882	-124.0882	17.19994	2	0.3142257	0.0141296	0.0289887	0.0517882	0.0880975	0.0439871	0.10973	0.149921	0.236914	0.0246772	0.208297	0.109847	0.00652002	0.115597	0.618937	3.25895	4	1.066378
1826000	-94.54314	-120.52	25.97682	10	0.7275808	0.0331997	0.0739532	0.0234058	0.0128581	0.0640327	0.0386921	0.270264	0.0627699	0.159769	0.172765	0.255382	0.0800866	0.376258	0.934675	2.60898	5	1.167091
1827000	-99.78367	-122.6002	22.81654	10	0.561944	0.118413	0.113308	0.131634	0.0551567	0.135263	0.0902454	0.197198	0.513456	0.272525	0.234258	0.00919596	0.0453664	0.290445	0.860588	2.8036	5	1.870654
1828000	-91.43451	-123.4739	32.03941	10	0.3272962	0.0602666	0.00187121	0.0874559	0.0347835	0.078563	0.0157221	0.304954	0.032773	0.178194	0.113529	0.0292658	0.00776872	0.125828	0.63892	3.22748	5	0.9373779
1829000	-98.02101	-122.0968	24.07583	2	0.8271696	0.0286929	0.00784848	0.0271408	0.0285969	0.0374344	0.0107817	0.0734592	0.102131	0.0619827	0.0602315	0.148641	0.101326	0.417847	0.964208	2.51662	4	0.5869403
1830000	-102.1631	-122.1188	19.95575	2	1.037827	0.0631958	0.0202914	0.0389171	0.00539603	0.00933851	0.0128865	0.243682	0.247714	0.14206	0.216919	0.0528676	0.144439	0.487834	1.006	2.36173	4	1.053268
1831000	-100.9389	-121.0398	20.10081	10	0.8760546	0.126663	0.0466411	0.10439	0.0214781	0.0739696	0.0792936	0.47478	0.164583	0.00517319	0.35483	0.500409	0.11161	0.436043	0.975989	2.47636	5	1.952209
1832000	-103.3838	-125.1153	21.73147	10	0.9758049	0.0602084	0.0738274	0.0128463	0.0248575	0.13984	0.0181191	0.531614	0.318437	0.0236636	0.715825	0.0774792	0.132101	0.469357	0.995872	2.40267	5	1.996717
1833000	-111.9761	-126.464	14.48799	1	0.4905983	0.157512	0.0347153	0.0310272	0.106596	0.097224	0.00885352	0.447481	0.0584587	0.188231	0.047982	0.194517	0.0316587	0.245734	0.813305	2.9093	3	1.372598
1834000	-112.7059	-126.3608	13.65492	2	0.846317	0.0374823	0.00356214	0.0275909	0.31176	0.145241	0.170082	0.22143	0.0717867	0.0199982	0.0127262	0.734712	0.105369	0.425134	0.969006	2.50049	4	1.756371
1835000	-92.29494	-123.6355	31.34057	10	0.5377301	0.00723778	0.0304073	0.0423041	0.0223207	0.0367541	0.041871	0.287031	0.0750263	0.0068838	0.177782	0.375562	0.0405762	0.275835	0.845892	2.8377	5	1.10318
1836000	-92.02237	-122.7967	30.77438	10	1.011259	0.0529211	0.0238732	0.0371695	0.0796943	0.00489746	0.0847271	0.233672	0.0831631	0.222364	0.176783	0.0490984	0.139195	0.48011	1.00184	2.37885	5	1.048364
1837000	-90.55978	-121.0449	30.48508	10	0.2742229	0.041154	0.0158787	0.0435381	0.0190879	0.0488814	0.00160097	0.314923	0.0652104	0.257327	0.159778	0.027131	0.0034377	0.084659	0.549864	3.36204	5	0.9945105
1838000	-94.08341	-124.3265	30.24311	10	0.2440184	0.0702875	0.0353529	0.0282438	0.0248319	0.0231083	0.0680044	0.272058	0.0396716	0.0648738	0.0547491	0.103635	0.00184461	0.0624055	0.4887	3.44705	5	0.7848166
1839000	-94.33923	-123.0105	28.67132	2	0.01772949	0.00900526	0.0160155	0.0196042	0.0326738	0.014406	0.00050375	0.0750196	0.140849	0.011752	0.0383884	0.060606	6.16391e-35	1.17474e-17	1.5071e-07	4	4	0.4188232
1840000	-100.6881	-124.861	24.17288	10	1.442349	0.0780091	0.021447	0.0603981	0.236517	0.18488	0.0436988	0.191636	0.378622	0.30512	0.114802	0.0159461	0.216278	0.57867	1.04685	2.1582	5	1.631076
1841000	-91.99201	-124.8185	32.8265	10	0.1464842	0.0296649	0.0145751	0.079994	0.0445035	0.0230945	0.032852	0.0114332	0.109148	0.00122214	0.286952	0.078944	4.25417e-05	0.00964005	0.231197	3.75912	5	0.7123842
1842000	-96.1638	-126.9992	30.83536	10	0.1101937	0.0625469	0.00207087	0.11007	0.0573276	0.119539	0.0924866	0.0141731	0.080059	0.164427	0.23787	0.218775	1.89523e-06	0.00204337	0.122151	3.8758	5	1.159345
1843000	-90.13042	-121.9982	31.86776	10	0.2087723	0.0506938	0.0469827	0.0707601	0.0748521	0.00185947	0.0131447	0.238156	0.0127041	0.275556	0.220471	0.139111	0.000709972	0.0389846	0.406162	3.55414	5	1.144291
1844000	-92.46667	-121.7037	29.23708	10	0.6719758	0.0109635	0.0589924	0.0172592	0.0540117	0.0151901	0.073686	0.153396	0.140095	0.318239	0.11473	0.150778	0.0682152	0.350002	0.914024	2.66776	5	1.107341
1845000	-90.35956	-122.8287	32.4691	10	0.5163989	0.00571015	0.0255445	0.00290219	0.017747	0.0216518	0.0625237	0.110425	0.229532	0.139491	0.161089	0.235056	0.036466	0.262487	0.831843	2.8692	5	1.011672
1846000	-109.5305	-122.4614	12.93094	10	4.212702	0.167344	0.11522	0.0233817	0.0974423	0.0892791	0.1649	0.425289	0.101706	0.311132	0.138192	0.222845	0.465678	0.782258	1.08431	1.66775	5	1.85673
1847000	-109.0234	-123.3744	14.35091	1	1.336161	0.141813	0.00609546	0.101312	0.108359	0.0383104	0.00833644	0.088146	0.159578	0.0664499	0.286084	0.297264	0.198868	0.558801	1.03915	2.20318	3	1.301748
1848000	-97.81164	-124.0295	26.21785	10	1.213834	0.0981906	0.0738513	0.0358249	0.0064128	0.0230051	0.0179997	0.27361	0.136583	0.34934	0.0486452	0.255251	0.177551	0.532778	1.02803	2.26164	5	1.318714
1849000	-107.3958	-126.8779	19.48212	2	0.8361613	0.138534	0.0573899	0.0507783	0.00370064	0.0598377	0.0583206	0.141021	0.181639	0.0721641	0.284453	0.131168	0.103227	0.421295	0.966492	2.50899	4	1.179006
1850000	-94.59836	-121.8053	27.20689	10	1.209187	0.018175	0.0424767	0.00376968	0.0984575	0.129962	0.0386996	0.150283	0.171315	0.168342	0.218794	0.222979	0.176714	0.531714	1.02755	2.26402	5	1.263254
1851000	-90.92808	-123.1015	32.17338	10	0.05280121	0.0444019	0.00575079	0.0765075	0.0764569	0.00491217	0.0992394	0.261797	0.105259	0.0276694	0.072228	0.345813	2.20279e-12	2.21411e-06	0.00718912	3.99281	5	1.120035
1852000	-91.61026	-120.0155	28.40522	10	0.6028733	0.013181	0.0436856	0.0154724	0.00316387	0.0171101	0.027856	0.237799	0.321167	0.268961	0.154636	0.368071	0.0537012	0.313866	0.882778	2.74966	5	1.471102
1853000	-94.34091	-121.2719	26.93101	10	0.2906614	0.0179758	0.0271522	0.040606	0.00505435	0.00805419	0.0196998	0.0282718	0.141793	0.161738	0.254756	0.0562403	0.00456842	0.0972528	0.579781	3.3184	5	0.761341
1854000	-96.61879	-122.3144	25.69566	10	1.06508	0.0311972	0.0293231	0.095043	0.0152797	0.00530956	0.0354077	0.238046	0.391873	0.117453	0.0430998	0.073785	0.149753	0.495476	1.01	2.34477	5	1.075816
1855000	-109.4545	-125.615	16.16051	2	2.772376	0.0754375	0.116811	0.0434817	0.0621379	0.103643	0.00753923	0.154669	0.118035	0.297294	0.0636667	0.191073	0.370848	0.718092	1.08113	1.82992	4	1.233788
1856000	-113.6959	-128.0014	14.3055	2	1.737017	0.0882084	0.0551185	0.266137	0.0914395	0.0383952	0.0563866	0.203054	0.104437	0.178264	0.0753102	0.326503	0.259726	0.623778	1.06176	2.05473	4	1.483254
1857000	-90.86848	-123.0493	32.18079	10	0.1062423	0.000919288	0.0188083	0.0077699	0.0527686	0.0277017	0.0087117	0.126312	0.296353	0.069392	0.0781172	0.0655806	1.18776e-06	0.00161827	0.11092	3.88746	5	0.7524337
1858000	-91.89531	-123.2085	31.3132	10	0.268198	0.0759242	0.0206491	0.011548	0.108004	0.0636626	0.0318453	0.082757	0.00981752	0.064711	0.22313	0.209378	0.0030705	0.0801118	0.538325	3.37849	5	0.9014269
1859000	-95.05935	-123.3016	28.24225	10	0.06160813	0.0198034	0.051634	0.00290576	0.00165761	0.0310329	0.0103837	0.237268	0.0234207	0.0505754	0.0973484	0.110105	9.3824e-11	1.44394e-05	0.0156551	3.98433	5	0.6361347
1860000	-91.73369	-120.7683	29.03459	10	0.5446728	0.0332944	0.0116392	0.0160347	0.00137099	0.0589454	0.0984674	0.155215	0.393839	0.0639766	0.246385	0.2595	0.0419371	0.280083	0.850236	2.82774	5	1.338667
1861000	-90.88182	-120.4495	29.56765	10	0.4034094	0.0356182	0.0266231	0.087079	0.017284	0.036217	0.0379012	0.18792	0.233583	0.0152242	0.124146	0.381089	0.0172093	0.184298	0.734944	3.06355	5	1.182684
1862000	-108.3366	-123.6282	15.29152	2	0.4247434	0.030901	0.0154308	0.0885358	0.0651177	0.0576421	0.0159796	0.374706	0.123227	0.254618	0.162553	0.256676	0.0204399	0.199985	0.756725	3.02285	4	1.445388
1863000	-101.8309	-125.2318	23.40083	2	0.02513526	0.0150828	0.000908658	0.00492738	0.137614	0.0636572	0.0845441	0.0659958	0.0369905	0.0359346	0.0714042	0.325814	6.23169e-25	1.18042e-12	1.79421e-05	3.99998	4	0.8428735
1864000	-96.34226	-120.7376	24.39534	10	0.742731	0.160007	0.0246599	0.0341361	0.0270642	0.0179711	0.13993	0.446705	0.196048	0.163475	0.068136	0.274372	0.0833291	0.383013	0.939729	2.59393	5	1.552504
1865000	-103.8026	-126.0605	22.2579	10	1.503526	0.039221	0.012811	0.163644	0.13244	0.00295141	0.0850448	0.21247	0.0440311	0.172867	0.20351	0.0745035	0.225867	0.589142	1.05063	2.13436	5	1.143494
1866000	-95.83673	-121.1281	25.29133	10	1.247824	0.0698886	0.0272963	0.0329	0.00514893	0.0234748	0.0419565	0.164955	0.150575	0.0479687	0.168765	0.221721	0.183613	0.540385	1.0314	2.2446	5	0.95465
1867000	-113.5822	-124.9186	11.33641	1	1.01255	0.0205491	0.0862112	0.000832597	0.337885	0.0410915	0.00539585	0.40786	0.0323719	0.130018	0.204047	0.369298	0.139451	0.480492	1.00205	2.37801	3	1.63556
1868000	-90.72702	-120.309	29.58197	10	0.1464972	0.0299712	0.0358082	0.0237525	0.0217993	0.00652753	0.0288182	0.13593	0.0314019	0.0305191	0.198966	0.131833	4.25772e-05	0.00964406	0.231236	3.75908	5	0.6753261
1869000	-99.32241	-123.9431	24.62067	10	1.170453	0.0289217	0.0967503	0.0244019	0.0662016	0.226376	0.0581239	0.505934	0.146102	0.190983	0.0520008	0.155826	0.169658	0.522607	1.02336	2.28438	5	1.55162
1870000	-88.83445	-121.4098	32.57531	10	0.3621844	0.0110096	0.0450542	0.0385983	0.00776025	0.023484	0.0160979	0.26374	0.288897	0.201296	0.127364	0.0238093	0.0116581	0.152998	0.686889	3.14845	5	1.047109
1871000	-115.6509	-126.2743	10.62341	2	3.093191	0.203148	0.0656074	0.0206836	0.131661	0.096446	0.000506617	0.594607	0.212818	0.180196	0.0274597	0.301065	0.396345	0.736561	1.08294	1.78416	4	1.8342
1872000	-99.68643	-125.3517	25.66525	2	0.2063784	0.0158247	0.0431031	0.0430121	0.0631381	0.00337259	0.0145407	0.130895	0.00920946	0.106562	0.079172	0.030213	0.000657546	0.0375343	0.400099	3.56171	4	0.5390424
1873000	-93.55594	-123.5242	29.9683	10	0.4287766	0.0606241	0.0730135	0.171937	0.114361	0.0317355	0.00700424	0.494678	0.110672	0.254627	0.142641	0.00341431	0.0210753	0.202906	0.760632	3.01539	5	1.464707
1874000	-102.9058	-122.8812	19.97539	10	0.1524457	0.0276772	0.0259298	0.0614676	0.0455578	0.0384499	0.169209	0.223647	0.0136477	0.0272494	0.312033	0.718946	6.15394e-05	0.0115849	0.249191	3.73916	5	1.663815
1875000	-102.3976	-122.0492	19.65164	2	0.856328	0.038042	0.0564838	0.0505556	0.0900396	0.0125282	0.130059	0.21753	0.201347	0.151325	0.247304	0.0370626	0.107476	0.428861	0.971419	2.49224	4	1.232276
1876000	-110.8122	-122.1501	11.33795	1	1.156689	0.0298777	0.0331298	0.0124555	0.0871157	0.045136	0.0576698	0.196874	0.306698	0.130174	0.504642	0.217221	0.167117	0.519265	1.02178	2.29183	3	1.620992
1877000	-98.29673	-127.5271	29.23038	10	0.03957773	0.0309838	0.0116532	0.00929698	0.394839	0.160476	0.282113	0.0547192	0.0374419	0.219743	0.0381695	0.00602423	3.42172e-16	2.7626e-08	0.0011661	3.99883	5	1.24546
1878000	-95.40578	-122.2353	26.82954	10	0.5761942	0.017849	0.00742711	0.0322975	0.0914752	0.0739818	0.100712	0.210091	0.0403069	0.0289042	0.547809	0.293628	0.0482382	0.298778	0.86867	2.78431	5	1.444481
1879000	-105.5174	-127.2636	21.7462	2	0.1643659	0.00489877	0.0577815	0.0134552	0.0490303	0.188625	0.0934585	0.0541924	0.0758232	0.0762445	0.272733	0.0862485	0.000118797	0.016068	0.284609	3.6992	4	0.9724907
1880000	-109.6209	-126.7387	17.11778	2	1.771965	0.15622	0.0275943	0.043499	0.0188378	0.0165543	0.0930032	0.0729897	0.111412	0.169166	0.199151	0.298862	0.264447	0.628346	1.06308	2.04413	4	1.207289
1881000	-102.6596	-126.0037	23.34404	2	0.2746578	0.0153668	0.0106635	0.0326651	0.00290396	0.0586298	0.0761211	0.250718	0.0604329	0.031528	0.132308	0.0786832	0.00346518	0.0849889	0.550685	3.36086	4	0.7500201
1882000	-93.86198	-122.8118	28.9498	10	0.9667905	0.0280121	0.0180883	0.059788	0.0384298	0.0327634	0.0162932	0.136462	0.127662	0.152812	0.430328	0.0616319	0.130281	0.466537	0.994272	2.40891	5	1.10227
1883000	-106.5535	-123.6389	17.08538	2	0.9606241	0.0603694	0.012728	0.0312208	0.079038	0.00784524	0.0463604	0.190992	0.276797	0.16609	0.247741	0.0464998	0.129032	0.464588	0.993156	2.41322	4	1.165681
1884000	-97.32913	-124.326	26.99689	10	0.2035951	0.10687	0.0845074	0.00695694	0.0143374	0.0403008	0.0695671	0.159082	0.0369877	0.0795768	0.506262	0.139479	0.000600075	0.0358749	0.392976	3.57055	5	1.243928
1885000	-90.97979	-123.6616	32.68177	10	0.7527345	0.0193213	0.0166736	0.0205762	0.0130636	0.0981881	0.0180946	0.211797	0.128393	0.177479	0.22205	0.168853	0.0854696	0.387385	0.942946	2.5842	5	1.09449
1886000	-95.07501	-121.416	26.341	10	0.2028423	0.0348994	0.0412976	0.105599	0.0693918	0.036882	0.0131495	0.178158	0.041925	0.260723	0.155797	0.24882	0.00058516	0.0354312	0.391035	3.57295	5	1.186643
1887000	-96.00399	-123.9956	27.9916	10	0.7218217	0.104573	0.0349973	0.0811906	0.144291	0.16859	0.0158508	0.275141	0.075079	0.11775	0.223503	0.132957	0.0788541	0.373647	0.932694	2.61481	5	1.373923
1888000	-89.82857	-123.934	34.10539	10	0.1202738	0.0867965	0.0469931	0.0513142	0.185742	0.0141956	0.0170212	0.104582	0.129626	0.223623	0.0106504	0.0591152	5.431e-06	0.00345539	0.151732	3.84481	5	0.9296592
1889000	-93.89927	-125.1256	31.22637	10	0.3622355	0.117611	0.0207229	0.01506	0.0569712	0.153781	0.0238551	0.0977344	0.0838418	0.334069	0.0197488	0.102237	0.0116644	0.153038	0.686954	3.14834	5	1.025633
1890000	-96.12912	-122.7929	26.66378	10	0.3242988	0.00827336	0.0177516	0.0103407	0.115059	0.0819732	0.00955456	0.468422	0.15697	0.183491	0.133848	0.22715	0.00747204	0.123482	0.634441	3.23461	5	1.412834
1891000	-94.74834	-121.7938	27.04543	10	0.3552322	0.00365827	0.000345249	0.109858	0.0494858	0.0425099	0.0840693	0.495496	0.189963	0.137608	0.0500287	0.244262	0.0108207	0.147618	0.67791	3.16365	5	1.407284
1892000	-99.62619	-121.8169	22.19074	10	1.018526	0.0545478	0.0231319	0.0989191	0.114215	0.0142904	0.0870313	0.222783	0.32744	0.372758	0.094294	0.014343	0.140635	0.48225	1.003	2.37411	5	1.423754
1893000	-105.8336	-123.1633	17.32972	2	0.989284	0.0106012	0.0293204	0.0974937	0.0087435	0.0957464	0.0112768	0.332265	0.0514541	0.0938511	0.279664	0.326135	0.134811	0.473507	0.998201	2.39348	4	1.336552
1894000	-99.33566	-125.1906	25.85497	10	0.5249158	0.120603	0.114072	0.054497	0.107318	0.045118	0.0238732	0.0992172	0.0523126	0.167446	0.592034	0.0930586	0.0380936	0.267871	0.837584	2.85645	5	1.469551
1895000	-102.9662	-126.4901	23.52399	10	1.312275	0.052585	0.0387625	0.0397647	0.00720817	0.0411235	0.119349	0.285957	0.195328	0.0699396	0.181092	0.0430228	0.194813	0.554003	1.03719	2.21399	5	1.074132
1896000	-101.6541	-127.2994	25.64531	10	0.5658953	0.0165129	0.00137465	0.0608748	0.45279	0.012441	0.0516698	0.302135	0.25037	0.112573	0.149417	0.0326983	0.0461591	0.292775	0.86287	2.7982	5	1.442856
1897000	-97.90461	-125.8056	27.90101	10	0.003379738	0.00526049	0.0247161	0.0176619	0.11828	0.0117886	0.0849852	0.223188	0.00122722	0.271995	0.0103165	0.101715	4.08309e-179	9.57312e-90	1.81631e-37	4	5	0.8711342
1898000	-93.68188	-124.4429	30.76099	10	0.116618	0.0889138	0.032796	0.084837	0.0266964	0.00139613	0.0207696	0.356581	0.23779	0.0690866	0.0593303	0.0728394	3.78624e-06	0.00288624	0.140877	3.85623	5	1.051036
1899000	-97.86496	-120.7938	22.92881	2	0.2519244	0.0369821	0.0335995	0.0161721	0.0816048	0.0729804	0.0142522	0.102466	0.0572954	0.0753849	0.10592	0.188873	0.00220266	0.0680832	0.505526	3.42419	4	0.7855296
1900000	-90.57069	-120.6823	30.11163	10	0.3290224	0.0258758	0.0438294	0.0785805	0.00521165	0.00630663	0.0154946	0.285955	0.00654123	0.152604	0.230794	0.178125	0.00794234	0.12718	0.641472	3.22341	5	1.029318
1901000	-106.9162	-127.1905	20.27424	2	1.272675	0.0155382	0.103355	0.0291451	0.17269	0.182715	0.0418175	0.18648	0.104373	0.226716	0.0557297	0.034627	0.187977	0.545756	1.03373	2.23254	4	1.153187
1902000	-93.97513	-122.3796	28.40452	10	1.093316	0.0624945	0.0632869	0.0315073	0.00969777	0.043993	0.0325615	0.193121	0.167298	0.103022	0.00594755	0.498875	0.155188	0.503109	1.01389	2.32781	5	1.211805
1903000	-91.92438	-121.1663	29.24195	10	0.2673508	0.0831874	0.0547628	0.0362242	0.0269793	0.0537985	0.0960949	0.180258	0.32558	0.526329	0.0405161	0.173204	0.00302087	0.0794759	0.536676	3.38083	5	1.596934
1904000	-97.87514	-128.5662	30.69106	10	0.3611877	0.0759464	0.0679392	0.131335	0.11684	0.0219681	0.0333607	0.127844	0.0427765	0.204952	0.152341	0.0220049	0.0115362	0.152228	0.685618	3.15062	5	0.9973074
1905000	-90.61119	-122.8633	32.25211	10	0.5241867	0.0122759	0.0608169	0.0123071	0.0548803	0.0146776	0.0128022	0.36247	0.228724	0.0820354	0.0580258	0.0533165	0.0379535	0.267413	0.837099	2.85753	5	0.9523313
1906000	-96.46909	-124.305	27.83596	10	0.2023092	0.0245318	0.0253322	0.0771955	0.142895	0.00966653	0.048064	0.423908	0.0509541	0.0161983	0.311469	0.0317101	0.000574755	0.0351182	0.389658	3.57465	5	1.161924
1907000	-104.3586	-127.0919	22.73334	10	0.6639192	0.0446202	0.044191	0.000153407	0.164808	0.237478	0.0318834	0.475758	0.289225	0.0425068	0.0507254	0.242564	0.0665044	0.345997	0.910727	2.67677	5	1.623912
1908000	-108.0554	-128.2033	20.14788	2	0.2850322	0.065671	0.022142	0.00412231	0.0690944	0.021478	0.0310824	0.196943	0.0518262	0.0844166	0.183276	0.168515	0.00415987	0.0929141	0.569788	3.33314	4	0.8985671
1909000	-99.10145	-124.2362	25.13473	10	0.8087724	0.0710464	0.0362609	0.20238	0.0828877	0.0195802	0.146785	0.402124	0.0113051	0.0570406	0.242113	0.25539	0.097424	0.410642	0.959356	2.53258	5	1.526913
1910000	-94.775	-121.5238	26.74881	10	1.151241	0.106016	0.0554006	0.0172624	0.0616554	0.0483294	0.0122518	0.259957	0.134016	0.168909	0.124485	0.110106	0.166106	0.517926	1.02115	2.29482	5	1.09839
1911000	-115.2405	-125.0414	9.800831	2	1.011339	0.063881	0.194409	0.0884241	0.0644568	0.0628107	0.0154673	0.471543	0.152551	0.0213124	0.169032	0.44082	0.139211	0.480134	1.00185	2.3788	4	1.744708
1912000	-85.67743	-121.6504	35.97296	10	0.02604232	0.0239322	0.0359431	0.0554912	0.00313038	0.0565563	0.00529625	0.0841489	0.210103	0.136418	0.0907337	0.00347741	4.2542e-24	3.08396e-12	2.67261e-05	3.99997	5	0.7052306
1913000	-98.76884	-122.4395	23.6707	10	1.419688	0.211512	0.0495366	0.0143464	0.0557251	0.0209673	0.137353	0.27306	0.340222	0.201174	0.117054	0.297658	0.212645	0.574619	1.04534	2.1674	5	1.718608
1914000	-95.60871	-125.6704	30.06172	10	0.1125108	0.00414904	0.0535545	0.058652	0.234246	0.0283285	0.0160625	0.306812	0.148823	0.00213929	0.336241	0.0879386	2.45485e-06	0.00232502	0.128846	3.86883	5	1.276947
1915000	-94.80794	-122.4412	27.63329	10	0.1878786	0.0129279	0.000267222	0.110047	0.0414844	0.0991862	0.0294167	0.144478	0.25189	0.175757	0.000847844	0.114904	0.000340219	0.0270883	0.351289	3.62128	5	0.9812062
1916000	-95.23714	-127.5452	32.3081	10	0.08818285	0.0697439	0.0618633	0.00906262	0.0727128	0.116598	0.0615366	0.242057	0.118152	0.0130371	0.0307106	0.0590121	8.23062e-08	0.000426707	0.0638419	3.93573	5	0.8544867
1917000	-103.0405	-120.4445	17.40398	10	0.4173998	0.072494	0.0113013	0.0949816	0.0771922	0.102896	0.0279376	0.717487	0.0432856	0.122626	0.789488	0.091772	0.0193026	0.19463	0.749443	3.03662	5	2.151462
1918000	-86.72574	-121.5553	34.82955	10	0.263946	0.031594	0.00339016	0.0182331	0.00877065	0.0261464	0.0427161	0.120309	0.032979	0.0788443	0.0731112	0.0350638	0.00282641	0.0769303	0.529988	3.39026	5	0.4711578
1919000	-99.47879	-122.7418	23.26302	10	0.4117897	0.0160862	0.0499168	0.0227385	0.0799842	0.058179	0.18903	0.30271	0.289351	0.375236	0.0635244	0.0258028	0.0184514	0.190507	0.743729	3.04731	5	1.472559
1920000	-93.63228	-126.5892	32.95687	10	0.00803964	0.159777	0.0846177	0.0342846	0.116258	0.0316159	0.00189557	0.124714	0.123984	0.15524	0.0783295	0.0102202	7.2823e-76	4.04124e-38	4.84712e-16	4	5	0.9209363
1921000	-94.72964	-124.4566	29.72694	10	1.589809	0.0534967	0.0699984	0.0520195	0.122329	0.0228629	0.184266	0.240062	0.149788	0.198986	0.0837775	0.0747758	0.238869	0.602853	1.05529	2.10299	5	1.252361
1922000	-107.9211	-125.0299	17.10881	2	0.7871443	0.130861	0.0504224	0.0461242	0.0789095	0.0519264	0.0622178	0.420679	0.0190946	0.204803	0.0125897	0.201469	0.0928204	0.401906	0.953328	2.55195	4	1.279096
1923000	-96.90052	-122.3843	25.48379	10	0.6745454	0.0362777	0.0430025	0.0435329	0.205643	0.0078688	0.0439564	0.299088	0.0520837	0.201801	0.442099	0.00139453	0.0687616	0.351268	0.915058	2.66491	5	1.376748
1924000	-96.64908	-121.2037	24.55462	10	0.8890072	0.0437684	0.00448233	0.0503108	0.104896	0.0145243	0.0707466	0.507904	0.110047	0.126821	0.162282	0.165018	0.114311	0.440646	0.978864	2.46618	5	1.360801
1925000	-95.73332	-124.896	29.16271	10	3.036985	0.00154627	0.0618497	0.0420656	0.0926558	0.0185634	0.0352602	0.274475	0.083057	0.0348075	0.268466	0.188421	0.392103	0.733555	1.08269	1.79165	5	1.101167
1926000	-109.9422	-129.1569	19.21463	2	1.756656	0.0691244	0.0987411	0.0474742	0.00917857	0.120067	0.0440076	0.230766	0.177483	0.109559	0.138242	0.202545	0.262389	0.626362	1.06251	2.04874	4	1.247188
1927000	-92.73779	-124.4546	31.71684	10	0.7527285	0.0464279	0.00625321	0.0306046	0.0264895	0.0487687	0.0362	0.0260357	0.134536	0.0700104	0.158028	0.203625	0.0854683	0.387382	0.942944	2.58421	5	0.7869795
1928000	-84.05205	-122.6696	38.61759	10	0.01734644	0.0185951	0.0112799	0.0481198	0.102783	0.0155905	0.0352254	0.19616	0.0268152	0.119529	0.14183	0.00564699	1.09651e-35	4.95488e-18	1.05332e-07	4	5	0.7215755
1929000	-96.72194	-122.132	25.41005	2	0.2799022	0.0356924	0.0158342	0.00334484	0.0100286	0.0493923	0.0529242	0.0902359	0.0970012	0.0201896	0.0484404	0.15882	0.00380695	0.0889824	0.560455	3.34676	4	0.5819033
1930000	-91.63362	-123.2258	31.59214	10	0.833165	0.0794782	0.00138013	0.0758499	0.057264	0.0224703	0.0235004	0.18888	0.0910958	0.155647	0.0863797	0.0932902	0.102594	0.420151	0.965737	2.51152	5	0.875236
1931000	-93.74195	-124.1402	30.39828	10	0.7051742	0.0611745	0.0612263	0.0036469	0.017101	0.0282872	0.122204	0.419814	0.0786759	0.263207	0.0859645	0.13191	0.0752938	0.365961	0.926771	2.63197	5	1.273211
1932000	-111.5084	-125.7337	14.22528	2	1.825629	0.00324905	0.025968	0.230806	0.0232971	0.115027	0.0946272	0.226499	0.153516	0.113926	0.206581	0.284383	0.271532	0.635091	1.06494	2.02843	4	1.47788
1933000	-93.05848	-121.3074	28.24887	10	0.2272789	0.0963217	0.000249924	0.145545	0.115822	0.0145504	0.104095	0.104076	0.204708	0.208001	0.477734	0.0246623	0.00121631	0.0508453	0.451061	3.49688	5	1.495766
1934000	-94.93146	-122.711	27.77953	10	0.5223588	0.0691793	0.0119021	0.0736533	0.0234101	0.0801903	0.102185	0.427234	0.104923	0.122584	0.0205129	0.240299	0.037603	0.266262	0.835879	2.86026	5	1.276073
1935000	-98.34316	-122.912	24.5688	10	0.3495287	0.0293514	0.0502569	0.0604917	0.0883146	0.0590023	0.125404	0.220128	0.0637165	0.323293	0.0807728	0.455356	0.0101564	0.143189	0.670337	3.17632	5	1.556088
1936000	-98.45231	-121.412	22.95964	10	3.926672	0.0472378	0.0167233	0.172692	0.0256455	0.0374244	0.0170084	0.140883	0.303795	0.432185	0.0760598	0.175728	0.450288	0.772635	1.08441	1.69267	5	1.445381
1937000	-96.96339	-121.7204	24.757	10	1.060877	0.0521125	0.155146	0.0389486	0.0139033	0.0111161	0.0720074	0.351217	0.233723	0.187285	0.16728	0.0570768	0.148938	0.494315	1.0094	2.34735	5	1.339815
1938000	-98.1572	-124.6253	26.46811	10	1.621605	0.030103	0.106533	0.0899375	0.104457	0.0282766	0.0277449	0.196161	0.125476	0.189394	0.0107605	0.448452	0.243511	0.607621	1.05683	2.09204	5	1.357294
1939000	-104.4881	-124.7052	20.21711	2	1.169334	0.0139271	0.0191156	0.0677663	0.0146523	0.0712464	0.0559935	0.175184	0.145093	0.0147736	0.291982	0.10505	0.169452	0.522337	1.02323	2.28498	4	0.974783
1940000	-93.35736	-123.8946	30.53721	10	0.615418	0.0172275	0.03238	0.0111878	0.0108834	0.0360108	0.0829031	0.0758663	0.0567911	0.283331	0.156496	0.0925812	0.0563028	0.320734	0.888985	2.73398	5	0.855658
1941000	-94.8146	-121.4642	26.64956	10	0.2319645	0.0355982	0.0164823	0.00915812	0.139509	0.0556601	0.0367009	0.0680211	0.281789	0.183165	0.115982	0.10171	0.00137501	0.0540106	0.461878	3.48274	5	1.043776
1942000	-96.72927	-124.1458	27.41649	10	2.406639	0.0434537	0.00580354	0.0882499	0.0928801	0.116818	0.0380557	0.0261136	0.0179674	0.126044	0.20873	0.487656	0.337423	0.692292	1.07749	1.8928	5	1.251773
1943000	-103.0137	-126.1527	23.13901	10	0.5355757	0.0333581	0.00633649	0.00960475	0.0661111	0.0579015	0.0382422	0.605196	0.0402766	0.0335902	0.566366	0.0116985	0.0401561	0.274507	0.844522	2.84081	5	1.468681
1944000	-87.52394	-123.7584	36.23451	10	0.0996677	0.015108	0.00564291	0.0412337	0.0615768	0.0611299	0.00658956	0.0927239	0.00923076	0.317552	0.125958	0.00185804	5.02764e-07	0.00105352	0.0928624	3.90608	5	0.7386039
1945000	-93.00892	-125.7875	32.77859	10	0.01161603	0.0486307	0.0234654	0.0490049	0.0773208	0.0518458	0.0122233	0.380572	0.0474837	0.136207	0.0150427	0.217002	8.28584e-53	1.36274e-26	2.95008e-11	4	5	1.058798
1946000	-97.15423	-122.9165	25.7623	10	0.2142215	0.018963	0.00930215	0.0575164	0.0853006	0.28261	0.0129256	0.0823791	0.205208	0.57271	0.0753985	0.125918	0.000840023	0.0423616	0.419746	3.53705	5	1.528232
1947000	-91.19279	-119.2916	28.09882	10	0.2496948	0.0497088	0.0346562	0.0226836	0.0035499	0.0154186	0.0066665	0.279767	0.0887952	0.0741204	0.149937	0.390503	0.00209756	0.0664696	0.500842	3.43059	5	1.115806
1948000	-111.4228	-125.5597	14.13685	2	0.9281792	0.0439361	0.0588611	0.110387	0.209951	0.0625371	0.0697415	0.43069	0.0205755	0.186941	0.164469	0.266316	0.12241	0.454046	0.987	2.43654	4	1.624406
1949000	-91.21793	-121.4361	30.21816	10	0.4211526	0.0200713	0.05174	0.0600088	0.028199	0.0113472	0.0938341	0.149642	0.095414	0.0442205	0.278423	0.31463	0.0198805	0.197373	0.753192	3.02956	5	1.147529
1950000	-93.83183	-126.6588	32.82701	10	0.4513656	0.0346097	0.0203179	0.00830814	0.178098	0.0413707	0.0440452	0.000520801	0.0659973	0.0606158	0.335754	0.245851	0.024768	0.218986	0.78138	2.97487	5	1.035488
1951000	-96.17547	-123.2386	27.06309	10	0.1692278	0.00713169	0.00890959	0.056343	0.0961821	0.0330627	0.00890742	0.483353	0.071502	0.439142	0.0451519	0.0944712	0.000151263	0.0181176	0.298779	3.68295	5	1.344156
1952000	-94.57779	-123.7221	29.14435	10	0.4050507	0.01533	0.0258005	0.0533123	0.118193	0.0397916	0.00588334	0.45168	0.0289071	0.0174656	0.334547	0.0922919	0.0174498	0.185519	0.736689	3.06034	5	1.183203
1953000	-87.52813	-119.9617	32.43358	10	0.2118728	0.0428264	0.00471406	0.0173979	0.0792728	0.0443441	0.0174083	0.187704	0.011033	0.238472	0.0788589	0.088644	0.000782111	0.0408934	0.413929	3.5444	5	0.8106757
1954000	-98.41458	-125.1701	26.75552	10	0.1799084	0.0479717	0.0658495	0.0711629	0.143588	0.052622	0.0315484	0.171612	0.704575	0.0111017	4.83671e-05	0.0226005	0.000245629	0.0230477	0.329231	3.64748	5	1.32268
1955000	-91.72757	-124.5987	32.87118	10	0.2245424	0.0136674	0.0771629	0.0100239	0.0418701	0.0773311	0.0361778	0.149225	0.0845488	0.187742	0.236728	0.283265	0.00112956	0.0490248	0.444642	3.5052	5	1.197743
1956000	-93.85565	-123.7343	29.87868	10	1.139593	0.0516168	0.0161034	0.106435	0.0221017	0.0351764	0.0624916	0.1608	0.312128	0.017487	0.015924	0.38819	0.163935	0.515033	1.01976	2.30127	5	1.188454
1957000	-96.67094	-123.1955	26.52458	10	1.337115	0.139854	0.032792	0.0420846	0.13343	0.174583	0.0793633	0.134658	0.204919	0.160996	0.199111	0.269194	0.199028	0.55899	1.03923	2.20275	5	1.570986
1958000	-95.11621	-122.8543	27.73808	10	1.311578	0.0119608	0.0404953	0.00501843	0.138579	0.0930664	0.116371	0.326181	0.29233	0.149802	0.0594263	0.085563	0.194694	0.553861	1.03713	2.21431	5	1.318793
1959000	-96.25635	-122.3882	26.13182	10	1.338306	0.0405365	0.0270735	0.104449	0.00771982	0.00872244	0.0292468	0.350788	0.0986567	0.0472719	0.123908	0.178297	0.199229	0.559226	1.03932	2.20222	5	1.016669
1960000	-90.5581	-121.5289	30.97076	10	0.07033973	0.0439331	0.0174096	0.0094182	0.119329	0.0358803	0.0292906	0.282747	0.478432	0.033605	0.0360978	0.00387125	1.53032e-09	5.82729e-05	0.0279379	3.972	5	1.090014
1961000	-106.9032	-124.0946	17.19139	2	0.366745	0.0793666	0.0417678	0.120108	0.0411115	0.00324498	0.0568805	0.508383	0.0557796	0.0735011	0.267703	0.0964954	0.0122236	0.156514	0.692633	3.13863	4	1.344342
1962000	-102.7551	-123.7313	20.97621	2	0.1106729	0.0178297	0.0166688	0.0520773	0.102771	0.0196731	0.106845	0.104737	0.0715018	0.0206669	0.13377	0.119314	2.00117e-06	0.00209961	0.12353	3.87437	4	0.7658546
1963000	-94.46108	-125.2922	30.83107	10	0.01300808	0.0738938	0.0300864	0.0364954	0.0175979	0.0101376	0.102815	0.225571	0.0274755	0.0355102	0.190633	0.258566	2.91608e-47	8.08334e-24	4.17585e-10	4	5	1.008782
1964000	-80.09725	-119.8592	39.76195	10	0.1614787	0.0315091	0.0130651	0.00821532	0.0128545	0.00824057	0.0335309	0.187057	0.0101927	0.0527727	0.0637177	0.131139	0.00010221	0.0149106	0.276113	3.70887	5	0.552294
1965000	-99.84051	-123.872	24.03144	10	1.197069	0.216157	0.0657735	0.0714309	0.00752616	0.0343015	0.0746157	0.266079	0.126484	0.258198	0.00663152	0.209163	0.174522	0.528911	1.02628	2.27029	5	1.336359
1966000	-99.70922	-122.7058	22.99656	10	0.9221982	0.156536	0.0207952	0.0542705	0.0633773	0.0581305	0.0337787	0.244956	0.145853	0.0595396	0.134986	0.581889	0.121181	0.452049	0.985809	2.44096	5	1.554112
1967000	-106.102	-128.9529	22.85092	10	3.302235	0.0534662	0.105981	0.0639023	0.0102002	0.0438203	0.214667	0.141075	0.146749	0.111145	0.289029	0.199074	0.411371	0.746999	1.08365	1.75798	5	1.37911
1968000	-87.42835	-122.0339	34.60551	10	0.5205877	0.0213609	0.00716578	0.00226614	0.0326827	0.0122915	0.0297917	0.189397	0.00584837	0.11837	0.145436	0.185477	0.0372641	0.265144	0.834689	2.8629	5	0.7500878
1969000	-106.1869	-123.3549	17.16795	10	1.3347	0.0121374	0.0933743	0.111414	0.152383	0.111104	0.0101473	0.457171	0.246461	0.129127	0.102472	0.531437	0.198621	0.558511	1.03904	2.20383	5	1.957229
1970000	-98.8232	-128.8188	29.99558	10	0.4717503	0.113097	0.00857309	0.0383638	0.207407	0.0627273	0.119486	0.226946	0.019477	0.00735154	0.409296	0.0477734	0.028279	0.233074	0.798573	2.94007	5	1.260498
1971000	-97.73228	-123.0467	25.3144	10	0.1935048	0.109921	0.0363189	0.0560963	0.0150216	0.0416737	0.0882857	0.143017	0.431893	0.0420831	0.116862	0.305033	0.000421303	0.0301144	0.366494	3.60297	5	1.386204
1972000	-101.7775	-120.8291	19.05156	10	5.504646	0.195219	0.0253647	0.0537315	0.0233562	0.0235387	0.0125689	0.301259	0.196945	0.0520083	0.340593	0.0310874	0.521777	0.815128	1.08233	1.58076	5	1.255672
1973000	-93.28476	-119.7475	26.46274	10	0.144966	0.0622601	0.0270016	0.0146075	0.000233601	0.0259186	0.00742795	0.00542956	0.34168	0.140143	0.0465359	0.471754	3.85363e-05	0.00917688	0.226594	3.76419	5	1.142992
1974000	-86.86399	-119.9569	33.09293	10	0.1824931	0.0191922	0.00617402	0.0226356	0.0982698	0.0353214	0.0244581	0.190285	0.109642	0.231798	0.282441	0.100359	0.000273854	0.0243254	0.33645	3.63895	5	1.120576
1975000	-90.3187	-119.8392	29.52052	10	0.1596579	0.0649612	0.0252374	0.00740797	0.0181591	0.0386583	0.0179147	0.278256	0.0997803	0.245666	0.109548	0.0504682	9.27028e-05	0.014204	0.270726	3.71498	5	0.956058
1976000	-90.60994	-121.972	31.3621	10	0.1843721	0.0293658	0.0241008	0.0336689	0.0234403	0.0198958	0.197889	0.164117	0.117977	0.149424	0.123939	0.0396831	0.000295818	0.0252741	0.341658	3.63277	5	0.9235003
1977000	-103.7541	-122.8328	19.07872	10	0.6787916	0.134009	0.0926011	0.0703776	0.0887819	0.0671616	0.0109991	0.0219832	0.334339	0.492597	0.227064	0.0252651	0.0696651	0.353349	0.916748	2.66024	5	1.565178
1978000	-91.57544	-122.4234	30.84792	10	0.7614448	0.0716442	0.0145451	0.00294568	0.0702561	0.0615113	0.0131184	0.186949	0.0751267	0.138117	0.0713147	0.0788623	0.0873325	0.391135	0.945671	2.57586	5	0.7843902
1979000	-99.57893	-119.9384	20.35944	2	0.3621993	0.0799035	0.0015818	0.000980529	0.0800476	0.0358232	0.0247628	0.234108	0.0442326	0.212094	0.214808	0.110232	0.01166	0.15301	0.686908	3.14842	4	1.038576
1980000	-97.05229	-123.0531	26.00078	10	0.2045671	0.0648701	0.125796	0.0593828	0.121077	0.0276373	0.0147046	0.125487	0.183079	0.17761	0.371044	0.00350529	0.000619725	0.0364511	0.395472	3.56746	5	1.274192
1981000	-92.7075	-123.3175	30.60996	10	0.5163586	0.00927915	0.014181	0.0423797	0.133527	0.077583	0.0160908	0.165356	0.0919093	0.196273	0.102862	0.0588959	0.0364583	0.262461	0.831816	2.86926	5	0.908337
1982000	-87.0642	-119.7518	32.68764	10	0.1305296	0.0256292	0.0274951	0.0302189	0.00600305	0.0195528	0.0646203	0.332638	0.170834	0.158984	0.12209	0.0168856	1.34121e-05	0.00542373	0.182667	3.8119	5	0.9749515
1983000	-93.039	-122.1058	29.0668	10	0.8052623	0.00965527	0.00861486	0.0601457	0.0396991	0.0472533	0.0544872	0.377855	0.0440401	0.0796028	0.346356	0.176718	0.096678	0.409244	0.958402	2.53568	5	1.244427
1984000	-104.8345	-121.7949	16.96041	10	5.851121	0.034468	0.0264512	0.16734	0.00542037	0.0223265	0.0792146	0.405471	0.283501	0.151139	0.317223	0.0929764	0.533998	0.821865	1.08159	1.56255	5	1.585532
1985000	-97.64961	-123.8807	26.23108	2	0.1482786	0.0310962	0.0248103	0.016037	0.0575037	0.0524264	0.0156599	0.137308	0.0112146	0.201901	0.0570607	0.00706904	4.76908e-05	0.0102043	0.236628	3.75312	4	0.612086
1986000	-99.30438	-125.9254	26.62101	10	0.2451945	0.0107581	0.0893954	0.0477345	0.0773142	0.0360694	0.000101767	0.0170609	0.240358	0.0393687	0.177271	0.221305	0.00189531	0.0632421	0.491241	3.44362	5	0.9567368
1987000	-89.77338	-121.5373	31.76393	10	0.0942286	0.0194389	0.00231813	0.071006	0.0314535	0.0581299	0.0260382	0.134537	0.0504846	0.0619071	0.477602	0.0700687	2.25455e-07	0.000705844	0.0786608	3.92063	5	1.002985
1988000	-94.21783	-123.9832	29.76539	10	0.6223884	0.0436899	0.00969058	0.121744	0.156329	0.0625858	0.0276332	0.162304	0.322344	0.229291	0.0213692	0.0156314	0.057756	0.32449	0.892325	2.72543	5	1.172612
1989000	-104.6111	-123.0996	18.48855	2	0.2179323	0.0259327	0.0451823	0.0581282	0.19615	0.0483426	0.00305141	0.1076	0.0878983	0.518275	0.0407012	0.166145	0.000937433	0.0447186	0.428822	3.52552	4	1.297408
1990000	-93.31426	-120.1764	26.86217	10	0.4954479	0.0800978	0.031757	0.023485	0.0122655	0.0783823	0.0086671	0.249693	0.170697	0.213196	0.0262394	0.317928	0.0325472	0.248934	0.816928	2.90159	5	1.212409
1991000	-100.5682	-127.934	27.36574	10	0.6463523	0.00747556	0.0254689	0.0461392	0.222741	0.0148346	0.19475	0.0185715	0.308213	0.121962	0.365329	0.0661371	0.0627876	0.337079	0.903242	2.69689	5	1.391623
1992000	-99.91865	-123.3052	23.38654	2	1.261018	0.0468129	0.0232054	0.0127716	0.078198	0.012866	0.0822775	0.0479773	0.189952	0.169646	0.121099	0.140058	0.185937	0.543256	1.03265	2.23816	4	0.924863
1993000	-114.7863	-130.6954	15.90914	1	0.7242194	0.0743133	0.108109	0.0972878	0.0845406	0.177096	0.0381137	0.108115	0.159415	0.0069813	0.111259	0.24189	0.0793672	0.374737	0.933523	2.61237	3	1.20712
1994000	-90.21084	-125.196	34.98519	10	0.05964737	0.011455	0.0123436	0.0209313	0.150136	0.0478421	0.011067	0.0398664	0.0924491	0.00868062	0.0127519	0.203935	4.47932e-11	9.97859e-06	0.013429	3.98656	5	0.611458
1995000	-104.4537	-121.4148	16.96105	10	1.194357	0.0474904	0.0848882	0.0377336	0.155077	0.00760994	0.145403	0.434076	0.251484	0.0500096	0.221625	0.847232	0.174029	0.528278	1.02599	2.27171	5	2.282629
1996000	-93.36004	-121.7782	28.41816	10	0.524322	0.0377624	0.0245909	0.0678536	0.00691945	0.00143287	0.0726903	0.270638	0.0222402	0.159915	0.381114	0.125072	0.0379795	0.267498	0.83719	2.85733	5	1.170228
1997000	-88.92434	-123.6876	34.76326	10	0.3609785	0.00851122	0.00346098	0.0408406	0.0213516	0.0169138	0.044763	0.122404	0.21805	0.103256	0.0150671	0.0355297	0.0115107	0.152067	0.685351	3.15107	5	0.6301477
1998000	-96.09445	-120.2343	24.13987	10	0.3625177	0.101047	0.0410077	0.105686	0.0102288	0.0161399	0.065819	0.357699	0.345684	0.0382783	0.355707	0.254883	0.011699	0.153255	0.687312	3.14773	5	1.692179
1999000	-91.17981	-122.9948	31.81496	10	1.305165	0.110756	0.00964878	0.012439	0.121986	0.0768252	0.0141979	0.173126	0.132791	0.0619103	0.047807	0.2675	0.193596	0.55255	1.03659	2.21726	5	1.028988
2000000	-93.60846	-123.26	29.65152	10	0.06122752	0.0530024	0.0277629	0.041315	0.120788	0.0446697	0.00546902	0.140565	0.230834	0.0314338	0.129616	0.0270926	8.15819e-11	1.34649e-05	0.0152076	3.98478	5	0.8525483
2001000	-97.77369	-121.9239	24.15018	2	0.680437	0.0181765	0.0377877	0.0547867	0.0219811	0.0317992	0.0169164	0.174599	0.178323	0.118896	0.0585321	0.0488109	0.0700154	0.354152	0.917397	2.65844	4	0.760609
2002000	-104.7046	-122.8079	18.10325	2	3.627752	0.0384457	0.0118506	0.106258	0.00671576	0.00564517	0.101565	0.153011	0.0288968	0.398664	0.162158	0.0891735	0.432665	0.761266	1.08425	1.72182	4	1.102384
2003000	-94.56319	-122.1513	27.58807	10	0.4119505	0.0826513	0.0145784	0.0442347	0.0982303	0.0559911	0.0752307	0.0477518	0.301815	0.0461553	0.0504596	0.374356	0.0184756	0.190625	0.743895	3.047	5	1.191454
2004000	-93.00031	-126.9893	33.98895	10	0.1617604	0.0431671	0.0222862	0.0213064	0.104395	0.00779535	0.00724571	0.415869	0.0652195	0.0530815	0.0609302	0.0634	0.000103746	0.0150216	0.276944	3.70793	5	0.8646963
2005000	-90.58891	-123.6117	33.02279	10	0.06319183	0.0289948	0.0253	0.0103106	0.112877	0.000442405	0.0422489	0.278824	0.0331835	0.0227256	0.0687736	0.140254	1.6486e-10	1.91378e-05	0.0175971	3.98238	5	0.7639352
2006000	-89.58322	-121.3893	31.80605	10	0.2241854	0.0511221	0.0360068	0.0357872	0.00721813	0.0496571	0.0538264	0.169274	0.0291058	0.109542	0.0808076	0.151045	0.00111855	0.0487888	0.443799	3.50629	5	0.7733917
2007000	-98.95633	-122.079	23.12269	10	0.5982207	0.0144032	0.0058976	0.0468333	0.0568793	0.0589297	0.0349522	0.309841	0.0526691	0.108237	0.212067	0.375114	0.0527413	0.311282	0.880408	2.75557	5	1.275824
2008000	-97.1547	-125.1809	28.02615	10	4.070444	0.0610754	0.0291972	0.0817168	0.195491	0.128533	0.0422212	0.20047	0.0145838	0.243642	0.0544773	0.169795	0.458191	0.77761	1.08438	1.67982	5	1.221203
2009000	-99.77402	-129.4848	29.71075	10	0.1328136	0.0271626	0.0629794	0.0651487	4.83204e-05	0.0894308	0.0896451	0.118435	0.34446	0.198493	0.0818382	0.0473389	1.6094e-05	0.00593967	0.189612	3.80443	5	1.12498
2010000	-93.84708	-121.7261	27.87899	10	0.4226055	0.0330746	0.00770043	0.0348346	0.018991	0.084304	0.0173286	0.361743	0.106881	0.17947	0.0133509	0.130649	0.0201061	0.198431	0.754628	3.02684	5	0.9883277
2011000	-107.4526	-125.3233	17.87069	2	0.9431995	0.0341439	0.0336613	0.00916339	0.0740653	0.0848427	0.0139965	0.270872	0.080114	0.247593	0.0549501	0.185618	0.125486	0.458987	0.989912	2.42562	4	1.089021
2012000	-92.85797	-123.3547	30.49668	10	0.3601172	0.104757	0.0223001	0.0768454	0.0869521	0.0825574	0.0203965	0.0489519	0.04317	0.108077	0.186744	0.356838	0.011406	0.151401	0.684247	3.15295	5	1.13759
2013000	-105.0016	-122.4741	17.47246	10	0.5803174	0.0766638	0.0591125	0.0280226	0.119026	0.0164977	0.154294	0.247167	0.266166	0.435475	0.184752	0.23653	0.0490755	0.301153	0.870935	2.77884	5	1.823706
2014000	-96.97074	-122.5992	25.62841	10	0.2382696	0.0113225	0.0515742	0.141925	0.0476514	0.0602318	0.0633757	0.208511	0.244514	0.00661466	0.436762	0.265094	0.0016094	0.0583591	0.476087	3.46394	5	1.537577
2015000	-97.73011	-125.7382	28.00807	10	3.127023	0.125205	0.0112461	0.0619409	0.0188168	0.0181131	0.0665577	0.108693	0.0551022	0.104703	0.0952578	0.20229	0.398856	0.738327	1.08308	1.77974	5	0.8679267
2016000	-109.4367	-125.2323	15.7956	2	1.40661	0.0801885	0.00683639	0.00505994	0.0146965	0.043295	0.126841	0.3724	0.128526	0.131543	0.112967	0.213671	0.210528	0.572236	1.04443	2.1728	4	1.236025
2017000	-87.62168	-118.6771	31.05538	10	0.2975696	0.0722718	0.0019817	0.01956	0.0298653	0.043804	0.0885163	0.2505	0.259955	0.0646245	0.210477	0.125772	0.00510023	0.102606	0.591699	3.3006	5	1.167328
2018000	-99.06067	-121.0123	21.95165	10	1.15196	0.0621765	0.000528435	0.0312947	0.0757315	0.00584279	0.168442	0.103431	0.320681	0.224728	0.160489	0.646532	0.166239	0.518103	1.02123	2.29442	5	1.799877
2019000	-108.0756	-125.9618	17.88616	2	0.9921678	0.0502122	0.0894309	0.0171941	0.0308824	0.111532	0.0428702	0.0900461	0.0368689	0.319797	0.33931	0.028941	0.135388	0.474385	0.99869	2.39154	4	1.157085
2020000	-90.18321	-121.9906	31.80741	10	0.23852	0.0639073	0.0189838	0.0780657	0.0411722	0.02258	0.129119	0.313259	0.198072	0.239472	0.00180064	0.00390338	0.00161921	0.0585338	0.476643	3.4632	5	1.110334
2021000	-100.6065	-124.3762	23.76972	10	3.901254	0.012818	0.0429732	0.0373912	0.103049	0.118031	0.0949865	0.302311	0.131394	0.0899811	0.0785212	0.40591	0.448854	0.771724	1.0844	1.69502	5	1.417367
2022000	-94.41377	-122.539	28.12519	10	1.855331	0.0725489	0.134682	0.00395393	0.0572008	0.051261	0.159083	0.230762	0.167619	0.0381394	0.327617	0.0747108	0.275372	0.638692	1.06591	2.02003	5	1.317578
2023000	-97.06915	-124.3006	27.23144	10	0.4506258	0.0305872	0.0510672	0.0584783	0.202948	0.0427472	0.00959758	0.499419	0.112734	0.122182	0.358693	0.0351858	0.0246437	0.218467	0.78073	2.97616	5	1.523639
2024000	-97.66323	-129.9141	32.25088	10	0.04760335	0.0103333	0.0508326	0.0601058	0.0445552	0.194872	0.539343	0.292738	0.0246423	0.0165241	0.00419327	0.037239	1.25405e-13	5.28516e-07	0.00396754	3.99603	5	1.275378
2025000	-111.508	-123.8975	12.38949	2	2.228853	0.1387	0.0729841	0.0153093	0.104879	0.102757	0.0546496	0.21568	0.133053	0.400438	0.0684658	0.0218718	0.319144	0.677334	1.07479	1.92874	4	1.328787
2026000	-108.6973	-126.0501	17.35275	1	0.6954734	0.139125	0.00138541	0.0756921	0.0219964	0.0743199	0.0222471	0.222981	0.133305	0.114026	0.0529508	0.207605	0.0732216	0.361387	0.923179	2.64221	3	1.065634
2027000	-95.27428	-125.6077	30.33342	10	0.1126909	0.0524382	0.0384048	0.0282873	0.24587	0.024112	0.0333689	0.104516	0.174165	0.121353	0.00505171	0.103348	2.50358e-06	0.00234794	0.129369	3.86828	5	0.9309137
2028000	-93.504	-121.8666	28.36258	10	0.1416096	0.0326407	0.024097	0.0152659	0.049131	0.0765161	0.0553495	0.358476	0.257398	0.0362855	0.0957886	0.119927	3.07364e-05	0.00819932	0.216395	3.77537	5	1.120875
2029000	-94.39139	-122.8395	28.44811	10	2.433712	0.0339967	0.0601529	0.0496998	0.0375496	0.00969793	0.0665601	0.205175	0.132585	0.243261	0.241568	0.0672506	0.340081	0.694414	1.07783	1.88767	5	1.147495
2030000	-97.37034	-121.6515	24.28119	10	0.7662484	0.100192	0.00627839	0.000762398	0.258085	0.122885	0.0295244	0.252229	0.0958546	0.533456	0.00839213	0.131777	0.0883593	0.393182	0.947145	2.57131	5	1.539435
2031000	-98.57561	-127.4574	28.88177	10	1.064542	0.0135381	0.0827886	0.157957	0.0461336	0.0197754	0.0374802	0.0576114	0.149512	0.141569	0.0656709	0.269562	0.149649	0.495327	1.00992	2.3451	5	1.041598
2032000	-90.72887	-121.294	30.56516	10	0.6424235	0.00777561	0.0208661	0.0298226	0.0102956	0.0503636	0.0213258	0.244465	0.100456	0.148071	0.0905935	0.380683	0.0619594	0.335049	0.90151	2.70148	5	1.104718
2033000	-90.85549	-123.0899	32.23443	10	0.1541749	0.0117121	0.00967349	0.0323752	0.100764	0.0676542	0.0018969	0.256228	0.128252	0.226678	0.0947803	0.0489657	6.81297e-05	0.0121865	0.25438	3.73337	5	0.9789812
2034000	-102.6572	-135.1905	32.53327	10	0.01903727	0.0644412	0.171605	0.015272	0.0195241	0.0694171	0.0560231	0.176778	0.0702365	0.186999	0.226465	0.0107267	1.32597e-32	1.72278e-16	4.59344e-07	4	5	1.067488
2035000	-92.05442	-123.9281	31.87366	10	0.1414952	0.0315449	0.0121807	0.0501992	0.00743649	0.0733557	0.0435295	0.0720398	0.277392	0.0277376	0.012213	0.100213	3.04948e-05	0.00816715	0.216048	3.77575	5	0.7078421
2036000	-95.18205	-121.5276	26.3456	10	4.472775	0.189466	0.0136224	0.0635844	0.0136187	0.0700728	0.00967111	0.213178	0.0258791	0.222982	0.067271	0.380956	0.478588	0.79012	1.08408	1.64722	5	1.270301
2037000	-100.0616	-122.0064	21.94484	10	1.190841	0.1524	0.0154547	0.075199	0.0580087	0.160306	0.121136	0.127799	0.139774	0.371953	0.0816334	0.186855	0.173389	0.527454	1.02561	2.27355	5	1.490518
2038000	-89.31263	-122.5585	33.24588	10	0.5499545	0.00557435	0.0232005	0.0881756	0.0848898	0.0109192	0.060916	0.382094	0.0228098	0.149617	0.162039	0.184012	0.0429794	0.283282	0.85347	2.82027	5	1.174247
2039000	-109.4887	-124.1423	14.65366	2	0.1919334	0.0599075	0.00813259	0.140314	0.250245	0.114118	0.0318254	0.243354	0.290628	0.11158	0.211071	0.371603	0.000397389	0.0292553	0.362279	3.60807	4	1.832779
2040000	-90.02335	-122.2937	32.27036	10	0.07784439	0.0444032	0.00816362	0.0792972	0.0113942	0.0335693	0.0670178	0.164161	0.0758021	0.00189452	0.176183	0.0788552	1.02192e-08	0.000150491	0.0414244	3.95843	5	0.7407418
2041000	-94.51634	-121.1413	26.62492	10	1.700283	0.0416782	0.0223754	0.017018	0.100082	0.133444	0.0311801	0.120116	0.0952026	0.263442	0.0665948	0.522111	0.254671	0.618821	1.0603	2.06621	5	1.413244
2042000	-105.1712	-126.6481	21.47694	10	1.147116	0.0980085	0.0400121	0.257686	0.163515	0.136485	0.102522	0.189717	0.236765	0.0285899	0.0802383	0.480978	0.165339	0.516907	1.02066	2.29709	5	1.814515
2043000	-101.9278	-125.4685	23.54075	10	0.6571598	0.123064	0.0489958	0.0662726	0.0599465	0.0902122	0.044554	0.243347	0.244462	0.430324	0.0228694	0.107236	0.0650719	0.342596	0.907896	2.68444	5	1.481284
2044000	-100.9694	-123.434	22.46452	10	0.6941783	0.204428	0.0869235	0.099576	0.0789369	0.0278656	0.0515995	0.509881	0.164356	0.0602219	0.0900499	0.254178	0.0729452	0.36077	0.922692	2.64359	5	1.628016
2045000	-100.0659	-126.0777	26.01179	10	0.2543171	0.0124189	0.0197295	0.048104	0.113995	0.0277064	0.00766711	0.112993	0.0979871	0.0919986	0.273155	0.205615	0.00231909	0.0698249	0.510502	3.41735	5	1.011369
2046000	-94.62967	-122.7791	28.14941	10	0.1666933	0.0551034	0.00768139	0.165058	0.0024746	0.085874	0.00209299	0.133343	0.265857	0.212076	0.265026	0.0917373	0.000133598	0.0170335	0.291415	3.69142	5	1.286324
2047000	-89.78945	-121.3438	31.55437	10	0.2928302	0.0217237	0.00133932	0.0189798	0.0989526	0.0583412	0.0171542	0.106976	0.171603	0.0568636	0.0468047	0.185846	0.00473176	0.0989303	0.583563	3.31277	5	0.7845845
2048000	-87.80394	-121.4802	33.67624	10	0.1720292	0.0266686	0.0136218	0.0691585	0.00896846	0.0059821	0.0132017	0.185296	0.12389	0.0383786	0.0550521	0.022808	0.00017278	0.0193548	0.30686	3.67361	5	0.5630257
2049000	-102.1875	-124.9722	22.78472	2	0.470179	0.0227708	0.00512897	0.0720601	0.075845	0.0545314	0.0097142	0.178096	0.0627608	0.0648827	0.0233951	0.191008	0.0280028	0.232003	0.797295	2.9427	4	0.7601936
2050000	-105.2691	-126.8425	21.57346	2	0.356267	0.00279567	0.0267002	0.0366611	0.102644	0.0706519	0.0525734	0.273876	0.156187	0.000139687	0.33032	0.00869883	0.0109435	0.14842	0.679264	3.16137	4	1.061249
2051000	-100.8435	-124.213	23.36951	2	0.1134072	0.0397114	0.00415193	0.0490063	0.123524	0.107679	0.00896777	0.026951	0.080322	0.105487	0.032817	0.253266	2.70556e-06	0.00244063	0.131455	3.8661	4	0.8318834
2052000	-97.65669	-126.3683	28.71163	10	0.2833633	0.0388924	0.0171779	0.01615	0.10786	0.422962	0.0356405	0.102576	0.0850167	0.228528	0.0618706	0.0978678	0.00404304	0.0916325	0.566776	3.33755	5	1.214541
2053000	-96.02769	-123.5973	27.56956	10	1.764545	0.0579774	0.0315095	0.0967671	0.00806168	0.0381932	0.00915971	0.325401	0.101746	0.100336	0.123356	0.17344	0.263451	0.627388	1.0628	2.04636	5	1.065948
2054000	-106.7431	-125.4229	18.67979	2	0.33622	0.100542	0.0249985	0.0048571	0.137256	0.0519794	0.0314411	0.0700537	0.191025	0.0823735	0.265405	0.316965	0.00868785	0.13281	0.651905	3.2066	4	1.276896
2055000	-104.3983	-121.546	17.14773	2	2.249766	0.115025	0.092165	0.00352316	0.0414344	0.0469962	0.0162597	0.276047	0.189172	0.230047	0.115169	0.131988	0.321371	0.679191	1.07515	1.92429	4	1.257827
2056000	-92.84437	-124.247	31.40266	10	0.1816164	0.080969	0.0128464	0.0231663	0.0461303	0.04834	0.0114662	0.158617	0.0464021	0.0950424	0.159648	0.0975816	0.000264025	0.0238884	0.334008	3.64184	5	0.7802098
2057000	-94.58489	-121.6029	27.01798	10	0.3427467	0.0353544	0.0308988	0.0851494	0.0274822	0.0876237	0.0211962	0.0599416	0.215805	0.0170222	0.419732	0.195475	0.00939361	0.137906	0.66108	3.19162	5	1.19568
2058000	-92.18788	-125.604	33.4161	10	0.1113112	0.0349297	0.0360131	0.0178026	0.11122	0.0309129	0.0546693	0.0731672	0.187132	0.0516884	0.160507	0.156864	2.14998e-06	0.00217613	0.125371	3.87245	5	0.9149059
2059000	-100.1744	-121.1288	20.95444	10	0.4299032	0.0617559	0.0350107	0.0546701	0.031345	0.0347247	0.0112163	0.137105	0.288544	0.2396	0.106265	0.0932327	0.0212542	0.203719	0.761713	3.01331	5	1.09347
2060000	-104.7361	-126.4005	21.66444	2	0.1214368	0.0323737	0.00872811	0.0384289	0.095621	4.13166e-05	0.167551	0.0806877	0.00659307	0.114931	0.323106	0.178555	6.06375e-06	0.00365067	0.155209	3.84113	4	1.046617
2061000	-90.63752	-123.3411	32.70358	10	0.0584986	0.0279642	0.010082	0.0282947	0.0692787	0.0364068	0.0700055	0.178378	0.0470319	0.0441697	0.110639	0.230354	2.83845e-11	7.94411e-06	0.0122164	3.98778	5	0.8526045
2062000	-90.48284	-121.2907	30.80785	10	0.1271954	0.0382151	0.00781747	0.0062797	0.0181606	0.0320958	0.0744304	0.397496	0.188395	0.0467822	0.188462	0.0388508	1.01581e-05	0.00472199	0.172554	3.82271	5	1.036985
2063000	-94.60335	-121.3899	26.78653	10	0.9010789	0.168072	0.0273791	0.0385523	0.113975	0.0149375	0.144848	0.390141	0.118508	0.322179	0.145349	0.0987489	0.116818	0.444857	0.981459	2.45687	5	1.58269
2064000	-104.066	-123.846	19.77999	2	0.5002588	0.0295061	0.0397315	0.0780524	0.027135	0.00999781	0.0503286	0.0361046	0.0857985	0.0919611	0.30264	0.355799	0.0334357	0.252085	0.820457	2.89402	4	1.107055
2065000	-93.14557	-123.4227	30.27718	10	2.226413	0.0068477	0.00815049	0.0290495	0.0727758	0.0178257	0.0289948	0.232519	0.196566	0.140285	0.0105524	0.0855276	0.318882	0.677115	1.07474	1.92926	5	0.8290938
2066000	-89.298	-124.8035	35.50545	10	0.01346453	0.0127937	0.00969828	0.0570764	0.0944007	0.0219431	0.0904027	0.17125	0.002794	0.0138951	0.18543	0.109673	1.08088e-45	4.9211e-23	8.8371e-10	4	5	0.7693575
2067000	-96.70445	-123.6491	26.94463	10	0.1520605	0.0438995	0.00306387	0.0136132	0.0874332	0.097575	0.045533	0.257461	0.0686251	0.0456095	0.196903	0.209055	6.01413e-05	0.0114532	0.248032	3.74045	5	1.068772
2068000	-89.258	-123.0954	33.83741	10	0.1185664	0.0176747	0.012672	0.0307951	0.0377171	0.0456885	0.00603433	0.236108	0.220556	0.0670636	0.0119019	0.0355652	4.60165e-06	0.00318122	0.146648	3.85017	5	0.7217759
2069000	-99.17559	-121.6567	22.48112	10	0.7460923	0.197313	0.0517668	0.0194506	0.0287114	0.00121398	0.0463694	0.240987	0.338703	0.0920364	0.668736	0.141738	0.0840484	0.38449	0.940821	2.59064	5	1.827025
2070000	-92.36956	-122.3052	29.93559	10	0.4599774	0.0971728	0.0206218	0.0630786	0.0188944	0.0922034	0.0300491	0.176555	0.184567	0.184516	0.0152321	0.179017	0.0262318	0.224987	0.788811	2.95997	5	1.061908
2071000	-98.62605	-123.814	25.18793	10	0.1527153	0.0502925	0.00313332	0.0268538	0.179191	0.0657843	0.05719	0.276583	0.279035	0.235133	0.0428159	0.0615364	6.25328e-05	0.0116776	0.250001	3.73826	5	1.277548
2072000	-107.9853	-122.6691	14.68387	2	1.099955	0.182705	0.0195028	0.0230977	0.0326419	0.15712	0.0290951	0.424294	0.148769	0.0847825	0.108958	0.341522	0.156455	0.504863	1.01477	2.32391	4	1.552488
2073000	-87.57448	-119.7829	32.2084	10	0.377548	0.0493125	0.0427384	0.0284557	0.0898164	0.0616732	0.00965927	0.235021	0.211372	0.119398	0.215202	0.029474	0.0136131	0.164796	0.705795	3.1158	5	1.092122
2074000	-97.64106	-122.4828	24.84175	10	0.7639891	0.0610977	0.00454269	0.0259159	0.145533	0.0834979	0.0864176	0.37357	0.0709596	0.374044	0.18171	0.121775	0.0878764	0.392221	0.946455	2.57345	5	1.529065
2075000	-110.4774	-125.3934	14.91603	2	3.168784	0.101668	0.0427428	0.111648	0.165653	0.0184415	0.0400354	0.0913354	0.260355	0.0204212	0.223176	0.361215	0.401912	0.740465	1.08323	1.77439	4	1.436691
2076000	-104.1029	-123.5933	19.49038	2	0.285046	0.101128	0.0183489	0.113327	0.130743	0.0806769	0.0487284	0.241399	0.249841	0.228923	0.00162927	0.139201	0.00416085	0.0929247	0.569813	3.3331	4	1.353946
2077000	-95.48333	-121.6715	26.18822	10	0.9993067	0.189574	0.00505019	0.105825	0.0373228	0.00366689	0.122104	0.262205	0.186745	0.215183	0.312457	0.0735517	0.136815	0.476543	0.999885	2.38676	5	1.513684
2078000	-100.0793	-121.7115	21.63221	2	0.4049414	0.0852663	0.0211202	0.00792563	0.0159976	0.0547682	0.00111368	0.247635	0.142048	0.13198	0.00428029	0.222161	0.0174337	0.185438	0.736573	3.06056	4	0.9342964
2079000	-95.40135	-125.023	29.62162	10	0.3952782	0.0457435	0.038563	0.10538	0.247759	0.0429426	0.0596809	0.225954	0.179204	0.292689	0.0381099	0.0476841	0.0160391	0.17822	0.72612	3.07962	5	1.323711
2080000	-95.58754	-123.8364	28.24886	10	1.390517	0.0228773	0.0277505	0.0126801	0.00300894	0.0633415	0.0679197	0.319195	0.14716	0.18049	0.0355494	0.0561748	0.207903	0.569257	1.04329	2.17955	5	0.9361468
2081000	-109.5299	-119.5962	10.06632	2	1.57856	0.0890817	0.0137447	0.0785318	0.0216805	0.036249	0.137525	0.625613	0.0162328	0.257197	0.401811	0.319335	0.237207	0.601131	1.05472	2.10694	4	1.997001
2082000	-95.32881	-125.4636	30.13477	10	0.1450433	0.0370063	0.0201305	0.0557564	0.0361132	0.103046	0.134257	0.303017	0.526105	0.0391243	0.0427047	0.0703899	3.87326e-05	0.00920014	0.226828	3.76393	5	1.36765
2083000	-95.55147	-125.5327	29.98125	10	1.51508	0.0191901	0.00407875	0.0590899	0.0101917	0.0759924	0.0562287	0.281969	0.156592	0.151984	0.190709	0.0838545	0.227643	0.591047	1.0513	2.13001	5	1.089881
2084000	-101.9673	-132.3403	30.37296	10	0.1416344	0.106167	0.118676	0.0425168	0.0171733	0.00132203	0.24026	0.122706	0.133013	0.0810515	0.114392	0.0462362	3.0789e-05	0.00820631	0.216471	3.77529	5	1.023514
2085000	-96.98193	-122.5109	25.52893	10	0.9222001	0.120294	0.00508486	0.143551	0.106196	0.112678	0.0918284	0.282816	0.0172432	0.320227	0.302848	0.22779	0.121181	0.45205	0.98581	2.44096	5	1.730557
2086000	-97.01352	-122.8374	25.82388	10	1.805115	0.0587724	0.0150287	0.138875	0.0318235	0.0268042	0.0300037	0.0974644	0.215237	0.180705	0.0577384	0.18867	0.268847	0.632549	1.06425	2.03435	5	1.041122
2087000	-93.0122	-122.8774	29.86522	10	0.07662866	0.0375105	0.0479705	0.00265694	0.12092	0.0241182	0.0551451	0.11789	0.0545519	0.293736	0.0174721	0.0517387	7.7055e-09	0.000130691	0.0390682	3.9608	5	0.8237105
2088000	-93.33144	-123.1627	29.83129	10	0.0963709	0.066608	0.00543712	0.0643753	0.0616064	0.0516739	0.0291871	0.102112	0.0285885	0.414808	0.0557753	0.219462	3.12568e-07	0.000830933	0.0841648	3.915	5	1.099633
2089000	-92.51732	-121.3661	28.84881	10	0.2128426	0.0581671	0.0259169	0.0387196	0.0121936	0.058273	0.00894786	0.320003	0.154963	0.0251901	0.356503	0.117466	0.000805676	0.0414973	0.416337	3.54136	5	1.176343
2090000	-99.04222	-123.609	24.56681	10	1.127802	0.0544693	0.0226744	0.1368	0.0501055	0.144019	0.0861532	0.218726	0.0156936	0.242316	0.197587	0.214768	0.161725	0.512061	1.01832	2.30789	5	1.383311
2091000	-98.51103	-125.6521	27.14106	10	2.988371	0.0207563	0.0753248	0.0195607	0.183687	0.0773047	0.0292641	0.357715	0.0606669	0.233276	0.074267	0.0225355	0.38836	0.730882	1.08246	1.7983	5	1.154358
2092000	-100.1384	-122.6571	22.51866	2	0.2505086	0.0538014	0.0130168	0.0361122	0.0749768	0.0527038	0.0659412	0.277705	0.108775	0.327951	0.00665572	0.0328114	0.00213554	0.0670575	0.502557	3.42825	4	1.050451
2093000	-108.4147	-127.3541	18.93936	2	0.2371727	0.0725661	0.00655538	0.0739711	0.319274	0.0449931	0.00677707	0.0458969	0.0107418	0.0214016	0.522907	0.0752622	0.00156687	0.0575956	0.473643	3.46719	4	1.200347
2094000	-91.6245	-119.9868	28.36226	10	0.5644254	0.0198861	0.0526795	0.0559252	0.026081	0.0906636	0.00405243	0.229943	0.348826	0.0975189	0.295005	0.179153	0.0458639	0.29191	0.862025	2.8002	5	1.399734
2095000	-91.72105	-123.7306	32.00956	10	0.2689227	0.023537	0.0452664	0.0924913	0.00967604	0.0728616	0.0302141	0.0514346	0.538711	0.0821727	0.0922473	0.127245	0.00311334	0.0806563	0.53973	3.3765	5	1.165857
2096000	-104.7402	-123.551	18.81088	2	1.119071	0.0419724	0.0892819	0.00124724	0.0410624	0.032183	0.0431825	0.0851068	0.100936	0.241748	0.251473	0.122978	0.160081	0.509832	1.01723	2.31285	4	1.051172
2097000	-108.849	-130.993	22.14403	10	0.2720071	0.0889352	0.105068	0.22973	0.0491336	0.0205515	0.0857493	0.203068	0.343206	0.0293504	0.0374951	0.307131	0.00329973	0.0829816	0.545657	3.36806	5	1.499418
2098000	-98.74329	-122.5388	23.79556	10	0.9569756	0.0267802	0.0117419	0.0907201	0.0189598	0.0010485	0.215847	0.277921	0.0995989	0.254686	0.324596	0.000881396	0.128291	0.463426	0.992488	2.41579	5	1.322781
2099000	-96.18326	-121.7657	25.58247	10	0.2689943	0.125697	0.0146698	0.105436	0.0420102	0.00722439	0.0470658	0.390752	0.380953	0.199118	0.0479069	0.00870829	0.00311759	0.0807102	0.539868	3.3763	5	1.369541
2100000	-97.231	-123.4311	26.20005	10	0.2472114	0.103172	0.00301058	0.116701	0.230731	0.0633211	0.0267122	0.00475031	0.211679	0.519126	0.391851	0.0429982	0.00198433	0.0646836	0.495568	3.43776	5	1.714053
2101000	-107.0293	-125.0351	18.00583	2	0.4161385	0.0589145	0.0751648	0.022041	0.1009	0.0022395	0.0148304	0.229064	0.192334	0.00499088	0.032705	0.443438	0.0191099	0.193705	0.74817	3.03901	4	1.176622
2102000	-103.7239	-121.0818	17.35787	10	3.209372	0.085318	0.0247323	0.145273	0.0192513	0.0735281	0.204333	0.367966	0.285755	0.433427	0.323779	0.319096	0.404838	0.742499	1.08337	1.76929	5	2.28246
2103000	-96.15755	-119.4878	23.33028	10	0.7538334	0.0403485	0.0178625	0.0288739	0.00417844	0.0121385	0.0229297	0.344067	0.332666	0.221718	0.183466	0.430933	0.0857047	0.387861	0.943293	2.58314	5	1.639182
2104000	-94.80936	-124.3512	29.54184	10	0.1504673	0.000390515	0.0047252	0.0465936	0.0572501	0.0544885	0.0482741	0.14996	0.192873	0.141159	0.215863	0.0862396	5.46205e-05	0.0109173	0.243236	3.74579	5	0.9978165
2105000	-85.13947	-120.4149	35.27547	10	0.007833152	0.00362774	0.0012953	0.0345829	0.0978704	0.0215102	0.0213131	0.22111	0.0600485	0.0134877	0.293415	0.0741254	7.73056e-78	4.16384e-39	1.88731e-16	4	5	0.8423859
2106000	-89.07886	-122.8655	33.78661	10	0.2932591	0.0178418	0.0412779	0.00663202	0.0847288	0.0395001	0.0140478	0.200537	0.0939222	0.0396043	0.189299	0.0814965	0.00476446	0.0992624	0.584307	3.31167	5	0.8088874
2107000	-87.03687	-122.6467	35.6098	10	0.1207676	0.0134635	0.0189916	5.70507e-05	0.136089	0.00292295	0.0791937	0.0653577	0.129788	0.142239	0.0430371	0.200744	5.69265e-06	0.00353745	0.153207	3.84325	5	0.8318835
2108000	-90.85216	-124.2088	33.35667	10	0.1187014	0.0248108	0.0177204	0.0235976	0.00314748	0.0702046	0.0356075	0.37561	0.0404143	0.0606854	0.0417825	0.0432904	4.66314e-06	0.00320236	0.147049	3.84974	5	0.7368705
2109000	-101.3379	-124.0307	22.6928	10	0.4122114	0.0984772	0.032202	0.0112269	0.021443	0.0146404	0.0185972	0.328646	0.0638852	0.0295471	0.27892	0.200187	0.0185148	0.190818	0.744164	3.0465	5	1.097772
2110000	-103.546	-124.5178	20.97175	2	0.3263938	0.0394528	0.0332475	0.00658217	0.00116163	0.0338288	0.123502	0.0266026	0.375784	0.167949	0.196353	0.177974	0.00767876	0.125122	0.637578	3.22962	4	1.182437
2111000	-94.76161	-125.8384	31.0768	10	0.08369147	0.0110669	0.00125481	0.000676931	0.0584603	0.0112424	0.0768506	0.0862283	0.104899	0.38134	0.0686863	0.0282168	3.54282e-08	0.000280064	0.0536073	3.94611	5	0.8289224
2112000	-86.6502	-120.4815	33.83129	10	0.3901032	0.0187739	0.0243237	0.0211523	0.0316211	0.057572	0.00915634	0.260448	0.348269	0.0277265	0.0892171	0.0615479	0.0153129	0.174325	0.720345	3.09002	5	0.9498075
2113000	-100.2659	-129.7588	29.49287	10	0.3423522	0.0567577	0.0128339	0.139211	0.122956	0.259842	0.0928213	0.184469	0.321269	0.161259	0.0989855	0.017739	0.00935015	0.137598	0.660533	3.19252	5	1.468144
2114000	-90.51771	-123.9093	33.39154	10	0.1764695	0.0257137	0.0602077	0.110682	0.0263112	0.0410625	0.0420039	0.121632	0.148891	0.0129732	0.148848	0.161255	0.000211484	0.0213979	0.319534	3.65886	5	0.8995798
2115000	-83.87649	-121.3049	37.4284	10	0.01361385	0.019096	0.0574156	0.000317106	0.000948761	0.000874803	0.0217685	0.137071	0.0338332	0.0360356	0.119008	0.28711	3.34343e-45	8.65495e-23	1.11705e-09	4	5	0.7134785
2116000	-94.16707	-121.1513	26.98426	10	0.9216688	0.0638788	0.0335304	0.0288914	0.144454	0.0630246	0.0537619	0.219174	0.566915	0.0838614	0.200874	0.0229619	0.121072	0.451872	0.985703	2.44135	5	1.481328
2117000	-97.31006	-124.9592	27.6491	10	0.2071285	0.0256156	0.0238718	0.0989996	0.00593194	0.113658	0.0297026	0.289119	0.0941265	0.103463	0.130798	0.0234217	0.000673673	0.0379865	0.402005	3.55933	5	0.9387074
2118000	-86.99892	-124.13	37.13111	10	0.04317778	0.0256913	0.0248014	0.00285771	0.0586243	0.0340675	0.0208897	0.241529	0.0140751	0.172083	0.00567511	0.041327	6.34338e-15	1.18912e-07	0.00213665	3.99786	5	0.6416208
2119000	-93.21769	-125.7739	32.55622	10	0.1815718	0.0192383	0.00730256	0.028989	0.049088	0.0422152	0.0724179	0.156707	0.243208	0.0440953	0.0436959	0.0201547	0.000263533	0.0238663	0.333884	3.64199	5	0.7271113
2120000	-107.0898	-124.2581	17.16829	2	0.1326761	0.0239641	0.0243818	0.028454	0.142025	0.0812266	0.0525878	0.0127853	0.635011	0.0581976	0.00898687	0.404897	1.59212e-05	0.0059078	0.189193	3.80488	4	1.472517
2121000	-86.01262	-120.3318	34.31921	10	0.173719	0.0291752	0.0187594	0.0125327	0.127409	0.02697	0.00994611	0.103821	0.300299	0.0697437	0.209686	0.0242911	0.000186823	0.0201206	0.311703	3.66799	5	0.9326331
2122000	-89.20592	-122.7745	33.56862	10	0.1263538	0.0466438	0.0226639	0.00118175	0.0635172	0.072629	0.013917	0.0989916	0.0544123	0.109423	0.0675555	0.29037	9.44807e-06	0.00455441	0.170008	3.82543	5	0.8413048
2123000	-99.10551	-123.3887	24.2832	10	1.405965	0.0188274	0.0560259	0.00160437	0.00872608	0.0846561	0.0140794	0.227287	0.576679	0.0783913	0.214309	0.0916308	0.210424	0.572117	1.04439	2.17307	5	1.372215
2124000	-93.08692	-124.0981	31.01116	10	0.5503068	0.0532214	0.000744141	0.00525395	0.0128967	0.0401578	0.1945	0.0752281	0.123429	0.252503	0.177725	0.0642373	0.0430492	0.283495	0.853683	2.81977	5	0.999897
2125000	-87.2929	-121.4625	34.16964	10	0.06088573	0.0396709	0.0269033	0.00994334	0.149752	0.0138337	0.0282643	0.0147278	0.25889	0.0323462	0.0041878	0.206436	7.18486e-11	1.26365e-05	0.014812	3.98518	5	0.7849558
2126000	-99.61702	-127.1746	27.5576	10	0.4421819	0.0459142	0.0643497	0.0895512	0.123322	0.0546902	0.0145836	0.275654	0.0289658	0.108343	0.125152	0.108378	0.0232402	0.212507	0.773171	2.99108	5	1.038905
2127000	-97.88503	-122.3985	24.51344	10	0.4397612	0.0249786	0.0270493	0.0863114	0.0473422	0.0439473	0.195806	0.14911	0.0801541	0.293445	0.174408	0.209765	0.0228434	0.210785	0.770957	2.99541	5	1.332316
2128000	-93.25767	-122.0245	28.76684	10	0.2459649	0.0952535	0.0321351	0.00650225	0.0492631	0.038192	0.0351034	0.277935	0.0566495	0.0758265	0.0962832	0.278142	0.001929	0.0637917	0.492899	3.44138	5	1.041286
2129000	-96.0698	-123.0788	27.00904	10	0.2788413	0.139677	0.0267651	0.0660845	0.00979877	0.0928709	0.00384425	0.134656	0.171408	0.0330131	0.509864	0.273021	0.00373626	0.0881723	0.558498	3.34959	5	1.461002
2130000	-96.50298	-122.4028	25.8998	10	0.0507994	0.00511544	0.00667256	0.0686638	0.00698975	0.0503775	0.00331329	0.534732	0.00265886	0.229397	0.319864	0.215661	7.83062e-13	1.32033e-06	0.00580109	3.9942	5	1.443446
2131000	-99.7607	-122.3279	22.56716	10	2.151765	0.0277414	0.0198938	0.0346663	0.102719	0.0573466	0.241591	0.399316	0.183424	0.310374	0.0889574	0.36143	0.310742	0.670239	1.07336	1.94566	5	1.827459
2132000	-96.44707	-124.101	27.65394	10	0.8794239	0.0379667	0.0182623	0.0786867	0.222476	0.0171066	0.094777	0.12762	0.119571	0.0247249	0.319923	0.059564	0.112314	0.437249	0.976747	2.47369	5	1.120677
2133000	-94.84398	-121.4933	26.64935	10	0.6785887	0.0539667	0.00227494	0.00675363	0.0856557	0.0670163	0.198379	0.402826	0.0240122	0.0869357	0.310657	0.100286	0.0696219	0.35325	0.916668	2.66046	5	1.338763
2134000	-97.98332	-127.1717	29.18841	10	0.06359705	0.0115064	0.00779928	0.0853926	0.00736265	0.0514303	0.034246	0.139748	0.0655513	0.191773	0.000194099	0.1578	1.8958e-10	2.05218e-05	0.0181146	3.98186	5	0.7528042
2135000	-89.00321	-121.4711	32.46787	10	0.1433343	0.0519881	0.0295226	0.00647116	0.0774039	0.0286347	0.0718926	0.161378	0.0438756	0.100597	0.149873	0.122522	3.45698e-05	0.00869366	0.221639	3.76963	5	0.8441578
2136000	-97.47006	-122.852	25.38192	10	0.5698786	0.0991657	0.0218808	0.000279981	0.0140645	0.0298333	0.0374647	0.574319	0.138992	0.0944426	0.247196	0.378177	0.0469611	0.295108	0.865138	2.79279	5	1.635815
2137000	-106.3118	-129.1588	22.84695	2	0.01857592	0.0391933	0.0434792	0.00399217	0.247888	0.0370096	0.0250313	0.0704935	0.0158822	0.203015	0.032406	0.068891	2.17335e-33	6.97502e-17	3.15631e-07	4	4	0.7872818
2138000	-110.0682	-123.1793	13.11113	10	2.250482	0.149399	0.0242736	0.0191216	0.125938	0.173136	0.222474	0.412937	0.511487	0.113132	0.476428	0.114309	0.321447	0.679254	1.07516	1.92414	5	2.342636
2139000	-87.87298	-124.2583	36.38529	10	0.6219369	0.0404922	0.0198792	0.0159245	0.0373865	0.023046	0.0025609	0.110989	0.0514907	0.077915	0.0325046	0.144587	0.0576617	0.324248	0.892111	2.72598	5	0.5567752
2140000	-97.65266	-128.1556	30.50294	10	0.09464605	0.0103925	0.0222992	0.125663	0.00342371	0.0774674	0.0497583	0.165365	0.171503	0.150844	0.0958594	0.0335927	2.40554e-07	0.000729069	0.0797237	3.91955	5	0.9061676
2141000	-91.6578	-124.5038	32.84599	10	1.825547	0.0423916	0.001205	0.0359917	0.0544007	0.061364	0.00515299	0.186938	0.098252	0.0634441	0.0601434	0.207053	0.271522	0.635081	1.06494	2.02846	5	0.8163364
2142000	-97.92166	-124.8667	26.94505	10	1.413964	0.120126	0.0798399	0.0783731	0.140626	0.0230587	0.145653	0.299472	0.25614	0.105314	0.0647654	0.0810688	0.211721	0.57358	1.04494	2.16976	5	1.394436
2143000	-92.18444	-123.5027	31.31828	10	0.1374612	0.0675256	0.0260304	0.0203919	0.0187087	0.0467456	2.89077e-05	0.104247	0.0837734	0.0856837	0.107749	0.0820154	2.28887e-05	0.00707932	0.203765	3.78913	5	0.6428988
2144000	-106.8402	-126.3164	19.47621	10	0.5603699	0.034017	0.0190875	0.0896927	0.326656	0.0849058	0.00230039	0.243518	0.147402	0.610509	0.0781106	0.0614262	0.0450515	0.289512	0.859671	2.80577	5	1.697625
2145000	-96.8737	-120.9297	24.05598	10	2.228979	0.0707168	0.0338683	0.0164657	0.143182	0.0288455	0.0860271	0.138801	0.224686	0.213154	0.17739	0.155367	0.319157	0.677345	1.07479	1.92871	5	1.288503
2146000	-98.23029	-120.1492	21.91893	10	2.277637	0.121041	0.040323	0.0770024	0.0483674	0.00644461	0.0691729	0.557096	0.126393	0.378303	0.215977	0.189612	0.324307	0.681624	1.0756	1.91846	5	1.829733
2147000	-106.931	-122.3106	15.37959	1	1.316511	0.0288591	0.0118366	0.000549414	0.021137	0.0510473	0.122202	0.0687978	0.129829	0.254249	0.124258	0.388081	0.195536	0.554864	1.03755	2.21205	3	1.200846
2148000	-92.09046	-123.4949	31.40442	10	1.181966	0.0318769	0.000671829	0.0787759	0.0274358	0.0362233	0.0197019	0.344962	0.118672	0.0112917	0.0240835	0.268581	0.17177	0.525359	1.02464	2.27823	5	0.9622752
2149000	-90.92105	-123.2878	32.36672	10	0.10669	0.0116375	0.0467757	0.00298003	0.0466172	0.0205322	0.0652007	0.0813737	0.131509	0.203132	0.0460436	0.0521829	1.25451e-06	0.00166305	0.112179	3.88616	5	0.7079846
2150000	-90.95198	-123.2135	32.26155	10	0.1849641	0.00902316	0.00511762	0.108219	0.00958731	0.00453888	0.0614495	0.140557	0.130056	0.199879	0.0921814	0.0622963	0.000302999	0.0255764	0.343293	3.63083	5	0.8229049
2151000	-98.51306	-118.9489	20.43583	10	0.6465652	0.0862572	0.0365803	0.085806	0.0162362	0.134316	0.0369107	0.532465	0.4084	0.28052	0.19323	0.0847923	0.0628326	0.337188	0.903335	2.69664	5	1.895515
2152000	-105.3797	-121.9928	16.61303	2	0.3134705	0.0246245	0.0202386	0.0676905	0.02357	0.160258	0.0282664	0.09729	0.256328	0.00246496	0.189321	0.376997	0.00645147	0.115007	0.617746	3.2608	4	1.247049
2153000	-100.8946	-125.1923	24.29772	10	0.09280756	0.066164	0.0312369	0.145627	0.0504899	0.0694359	0.0117386	0.852138	0.239908	0.0113874	0.0863028	0.0298824	1.80023e-07	0.000630809	0.0750794	3.92429	5	1.59431
2154000	-92.92494	-122.8235	29.89858	10	0.3122747	0.060183	0.0452593	0.0616812	0.0535155	0.0480499	0.0301199	0.0940426	0.190756	0.0163218	0.0604797	0.110191	0.00634372	0.114072	0.615852	3.26373	5	0.7706004
2155000	-91.79923	-122.898	31.09879	10	0.3020476	0.00773772	0.0394049	0.00960271	0.153016	0.0220684	0.0130371	0.216	0.0331889	0.0447903	0.153291	0.430449	0.00546288	0.106089	0.599226	3.28922	5	1.122585
2156000	-93.69269	-122.5843	28.89165	10	0.3693184	0.0809705	0.0629512	0.0530168	0.046505	0.0980037	0.153328	0.392841	0.00956843	0.274558	0.068479	0.198441	0.0125483	0.158493	0.695824	3.13313	5	1.438663
2157000	-95.08661	-123.1289	28.04226	10	0.3023277	0.0692256	0.0378716	0.0124221	0.226903	0.0767222	0.0666503	0.258828	0.340517	0.137613	0.0491897	0.0909022	0.00548602	0.106307	0.599691	3.28852	5	1.366846
2158000	-94.43774	-122.0988	27.66109	10	0.7361701	0.0907925	0.0389776	0.0525535	0.055217	0.00709417	0.0360083	0.240315	0.0985935	0.0680206	0.227748	0.196261	0.0819249	0.380108	0.937568	2.6004	5	1.111581
2159000	-98.52329	-123.3678	24.84453	10	1.41209	0.00767761	0.0193799	0.0700621	0.113454	0.0667255	0.0376452	0.167294	0.363074	0.118165	0.412097	0.0836564	0.211417	0.573238	1.04481	2.17053	5	1.459232
2160000	-95.75601	-123.2699	27.51394	10	0.1984828	0.126538	0.000650444	0.113014	0.014102	0.00294233	0.0690922	0.201281	0.0877074	0.193813	0.286806	0.0417375	0.000503888	0.0329048	0.379687	3.5869	5	1.137684
2161000	-95.6283	-124.5989	28.97058	10	0.1756214	0.033063	0.0107037	0.117182	0.183997	0.0127098	0.11352	0.226883	0.195791	0.422144	0.0402547	0.00418537	0.000203636	0.021	0.317126	3.66167	5	1.360434
2162000	-97.21379	-125.025	27.8112	10	1.213494	0.011831	0.0827583	0.0121247	0.068257	0.14526	0.0385026	0.163628	0.0418078	0.502982	0.0238369	0.201218	0.17749	0.532701	1.028	2.26181	5	1.292207
2163000	-96.87863	-121.6044	24.72573	10	0.4176918	0.0348003	0.0168199	0.103384	0.0746222	0.024549	0.141204	0.445512	0.026933	0.096669	0.146357	0.50461	0.0193473	0.194844	0.749737	3.03607	5	1.61546
2164000	-114.5573	-132.2658	17.70851	2	0.21168	0.0995815	0.0309109	0.00666576	0.0703639	0.0461057	0.263644	0.341157	0.11581	0.00841682	0.12222	0.253398	0.000777483	0.0407737	0.413449	3.545	4	1.358274
2165000	-108.6659	-124.8792	16.21327	1	0.2835566	0.0311842	0.0537114	0.0187916	0.0604671	0.000926523	0.0439451	0.280393	0.327685	0.109342	0.00838038	0.285947	0.00405646	0.0917808	0.567126	3.33704	3	1.220774
2166000	-100.5262	-124.9002	24.374	10	0.1033131	0.0201388	0.026243	0.0151839	0.0486551	0.00632218	0.0720869	0.725815	0.0145959	0.0948019	0.194346	0.00142807	8.2084e-07	0.00134568	0.102768	3.89589	5	1.219617
2167000	-88.8563	-122.8509	33.99458	10	0.01881136	0.00806884	0.055783	0.0362126	0.0770163	0.00339456	0.0310329	0.208862	0.34603	0.0123344	0.0190729	0.0346967	5.53029e-33	1.11262e-16	3.83123e-07	4	5	0.8325049
2168000	-101.867	-123.1353	21.26823	10	1.85045	0.0787637	0.107551	0.032907	0.303293	0.080154	0.0456075	0.170054	0.148711	0.181428	0.144333	0.490018	0.274745	0.638106	1.06575	2.0214	5	1.782821
2169000	-89.32281	-124.6804	35.35754	10	0.276353	0.0543276	0.0257173	0.0397661	0.0840912	0.0141604	0.0743917	0.0669806	0.0245525	0.150897	0.220983	0.141904	0.00357355	0.0862767	0.553869	3.35628	5	0.897772
2170000	-90.94043	-119.5086	28.56815	10	0.6033495	0.063745	0.00408757	0.10253	0.0504388	0.0854608	0.0435343	0.296203	0.0364239	0.0250814	0.333423	0.253943	0.0537996	0.314129	0.883018	2.74905	5	1.294872
2171000	-89.91884	-122.1401	32.22124	10	0.5092777	0.0316976	0.0597664	0.0196435	0.030437	0.0742566	0.0524737	0.220223	0.232241	0.087194	0.0880458	0.073879	0.03512	0.257929	0.826903	2.88005	5	0.9698574
2172000	-97.84362	-123.5044	25.66079	10	0.6818796	0.00881101	0.0604699	0.072458	0.122512	0.0142289	0.209187	0.237995	0.442324	0.163772	0.151104	0.115769	0.0703227	0.354854	0.917964	2.65686	5	1.59863
2173000	-91.39776	-123.3465	31.9487	10	0.5288765	0.0159627	0.0551846	0.0109115	0.00698595	0.0316452	0.054177	0.196191	0.027326	0.0722837	0.129793	0.0994024	0.0388567	0.27035	0.840193	2.8506	5	0.699863
2174000	-95.57572	-121.3026	25.7269	10	0.3867979	0.0705547	0.127127	0.0968613	0.0457825	0.0749853	0.0104521	0.374275	0.485308	0.287104	0.218331	0.00724241	0.0148568	0.171827	0.71659	3.09673	5	1.798024
2175000	-102.5487	-125.3288	22.78006	2	0.1392256	0.0221244	0.0124556	0.00954159	0.00700087	0.038766	0.108781	0.13072	0.136484	0.0949402	0.123676	0.0334585	2.60021e-05	0.00754378	0.209139	3.78329	4	0.7179489
2176000	-105.4769	-132.2136	26.73669	10	0.869973	0.00731366	0.0300427	0.0761642	0.0623192	0.111428	0.00192198	0.381814	0.0350899	0.217442	0.0477913	0.187062	0.110338	0.433851	0.974605	2.48121	5	1.158389
2177000	-95.88435	-120.9681	25.08375	10	1.210906	0.0711023	0.0235718	0.0121872	0.0844533	0.0362633	0.044553	0.164025	0.263806	0.223364	0.0986662	0.199592	0.177024	0.532108	1.02773	2.26314	5	1.221584
2178000	-106.7769	-122.046	15.26912	2	0.2456034	0.0366854	0.0854976	0.0678123	0.139656	0.0544393	0.010071	0.148959	0.37622	0.0263606	0.244194	0.363804	0.00191314	0.0635337	0.492122	3.44243	4	1.5537
2179000	-100.5392	-125.8018	25.26261	10	0.7776807	0.0459616	0.0914435	0.0860205	0.189691	0.0117298	0.132844	0.202571	0.162035	0.00751463	0.190913	0.0806773	0.0908013	0.39799	0.950573	2.56063	5	1.201401
2180000	-86.10967	-120.9412	34.8315	10	0.1145238	0.0270232	9.5487e-05	0.0246234	0.0205144	0.00904526	0.0419845	0.104925	0.291957	0.0200209	0.0379838	0.0332324	3.04749e-06	0.00258997	0.134718	3.86269	5	0.6114056
2181000	-89.21637	-122.992	33.77565	10	0.07047002	0.033975	0.0109419	0.0134549	0.131409	0.0613618	0.0571716	0.246506	0.0828647	0.0477228	0.25632	0.0352894	1.58708e-09	5.9343e-05	0.0281498	3.97179	5	0.977017
2182000	-100.7221	-125.193	24.47095	10	1.47643	0.0302782	0.100623	0.0522915	0.116435	0.03079	0.0277464	0.111285	0.110646	0.322372	0.0894902	0.167464	0.221658	0.584586	1.04901	2.14475	5	1.159421
2183000	-95.18769	-124.8404	29.65274	10	0.01445645	0.00405447	0.0118768	0.0554675	0.121075	0.012034	0.00356719	0.080662	0.0026564	0.0516168	0.265152	0.0711496	1.26404e-42	1.68274e-21	3.82749e-09	4	5	0.6793123
2184000	-96.67176	-123.1584	26.48667	10	1.033734	0.107676	0.0769128	0.0525744	0.114282	0.0633372	0.0436356	0.129695	0.18582	0.04966	0.0842593	0.524369	0.143635	0.486662	1.00537	2.36433	5	1.43222
2185000	-94.48571	-120.8974	26.41165	10	0.2904106	0.0253077	0.0383647	0.0736303	0.085782	0.0639285	0.0201153	0.402068	0.0384513	0.607181	0.225929	0.165038	0.00454974	0.097059	0.579341	3.31905	5	1.745795
2186000	-104.891	-124.5174	19.62639	2	1.674133	0.0851202	0.0273779	0.0695818	0.0806953	0.101653	0.0585176	0.152924	0.115627	0.0746496	0.0982532	0.156458	0.251013	0.615189	1.0592	2.0746	4	1.020858
2187000	-92.21209	-119.9587	27.74665	10	0.9181392	0.129763	0.0280578	0.0094889	0.113633	0.0259692	0.0394942	0.43542	0.437217	0.0711364	0.173522	0.121195	0.120345	0.450684	0.984991	2.44398	5	1.584896
2188000	-96.1996	-124.3867	28.18714	10	0.1164425	0.0117679	0.0473433	0.0112116	0.116184	0.0152746	0.116769	0.516525	0.113758	0.0138124	0.254803	0.0410392	3.71911e-06	0.00286059	0.140359	3.85678	5	1.258488
2189000	-104.3413	-122.5521	18.21077	10	1.170743	0.0147017	0.0808579	0.108832	0.201334	0.0306159	0.0717339	0.596596	0.332356	0.092836	0.154221	0.33581	0.169711	0.522677	1.02339	2.28422	5	2.019894
2190000	-100.6792	-123.6547	22.9755	10	0.9364351	0.0254016	0.0416215	0.00406421	0.119021	0.172163	0.109688	0.225441	0.17582	0.375938	0.0242565	0.348753	0.124103	0.456775	0.988614	2.43051	5	1.622168
2191000	-97.88105	-119.9804	22.09939	10	0.7289009	0.028397	0.0227336	0.00758527	0.00450093	0.136921	0.0151127	0.0968615	0.393924	0.379457	0.354462	0.113196	0.0803691	0.376853	0.935125	2.60765	5	1.553151
2192000	-97.21013	-119.8283	22.61818	10	1.902791	0.0789851	0.016562	0.0156199	0.202019	0.00824347	0.000660717	0.37652	0.434736	0.0481074	0.258401	0.0745251	0.281388	0.644262	1.06736	2.00699	5	1.514379
2193000	-95.85959	-124.0225	28.16296	10	0.8839549	0.055192	0.046098	0.0501109	0.0388879	0.0235905	0.0272398	0.352953	0.450214	0.06515	0.201214	0.102201	0.113259	0.438861	0.977754	2.47013	5	1.41285
2194000	-96.43141	-126.6194	30.18803	10	0.02022805	0.100173	0.0551855	0.0131545	0.151961	0.0456858	0.0148979	0.292934	0.187142	0.230161	0.0137043	0.00960671	9.64161e-31	1.4689e-15	1.11786e-06	4	5	1.114605
2195000	-102.0818	-122.2639	20.18208	2	0.5058131	0.0610302	0.0124923	0.00773398	0.0780287	0.0449121	0.045073	0.00738959	0.234771	0.321265	0.087301	0.237715	0.0344702	0.255694	0.824453	2.88538	4	1.137711
2196000	-95.37316	-126.8913	31.5181	10	1.419199	0.0467237	0.0630745	0.0442831	0.0930965	0.19339	0.100524	0.0981009	0.0761433	0.107291	0.142669	0.0913011	0.212566	0.57453	1.0453	2.1676	5	1.056597
2197000	-99.23515	-126.5212	27.28609	10	0.9576672	0.0672908	0.0594733	0.0620663	0.100725	0.0452096	0.0360145	0.137949	0.0309831	0.235408	0.135699	0.219932	0.128432	0.463647	0.992615	2.41531	5	1.130751
2198000	-105.8994	-126.2721	20.37277	1	1.058027	0.0347158	0.00985093	0.0593053	0.0265803	0.000755947	0.0644591	0.0898337	0.0124313	0.126129	0.164492	0.138823	0.148384	0.493524	1.00899	2.3491	3	0.7273766
2199000	-98.59179	-124.0406	25.44883	10	1.171712	0.132973	0.0455789	0.00309958	0.0514123	0.0355457	0.0447278	0.127224	0.44253	0.0475636	0.135818	0.0752749	0.169889	0.52291	1.0235	2.2837	5	1.141748
2200000	-95.58831	-125.0533	29.46498	10	0.7003254	0.0372804	0.0218547	0.163633	0.00454774	0.0747698	0.231756	0.160626	0.0304635	0.0142859	0.212394	0.257152	0.0742578	0.363684	0.924989	2.63707	5	1.208762
2201000	-98.78976	-122.5205	23.73077	10	0.1851121	0.0952135	0.0087529	0.150361	0.0483081	0.192761	0.0134981	0.42124	0.124548	0.0187285	0.242192	0.512156	0.000304814	0.0256523	0.343701	3.63034	5	1.827759
2202000	-109.0717	-124.8298	15.75808	2	4.316904	0.110331	0.105373	0.0373445	0.0249197	0.0262101	0.0563916	0.100537	0.172228	0.139858	0.122849	0.309928	0.470967	0.785501	1.08423	1.6593	4	1.20597
2203000	-109.9967	-128.1134	18.11672	2	1.089328	0.109	0.0319828	0.00383202	0.00231639	0.032787	0.0159566	0.0644685	0.474441	0.158447	0.0882451	0.0809579	0.154425	0.502048	1.01336	2.33017	4	1.062434
2204000	-102.3794	-123.8923	21.51293	2	0.4618364	0.0616259	0.0345842	0.0771172	0.0204569	0.0778015	0.00544864	0.0707781	0.333101	0.0810282	0.286041	0.0179927	0.0265516	0.226273	0.790382	2.95679	4	1.065976
2205000	-105.8041	-124.5855	18.78139	10	1.254602	0.0252993	0.0316794	0.0996106	0.138001	0.130082	0.0391435	0.134025	0.0204933	0.0602647	0.389766	0.253208	0.184809	0.541865	1.03205	2.24128	5	1.321572
2206000	-95.09486	-119.4401	24.34526	10	1.042407	0.0453472	0.0420879	0.103224	0.0796161	0.0411187	0.0294481	0.401628	0.0623727	0.0671955	0.458989	0.45532	0.145337	0.489137	1.00669	2.35884	5	1.786346
2207000	-86.16307	-122.2406	36.07757	10	0.09657204	0.010118	0.00368902	0.0502061	0.024609	0.0399629	0.0295605	0.0892783	0.055253	0.0255911	0.233371	0.0967687	3.22064e-07	0.000843445	0.0846877	3.91447	5	0.6584078
2208000	-108.2775	-125.7135	17.43603	1	0.07575957	0.0410033	0.000262398	0.0107606	0.010072	0.0678984	0.0606922	0.357338	0.070057	0.313303	0.149765	0.0381255	6.26226e-09	0.000117826	0.0374232	3.96246	3	1.119277
2209000	-113.7797	-133.6847	19.90497	2	0.106969	0.0278407	0.0699773	0.0361662	0.0645294	0.092022	0.107451	0.131903	0.188675	0.0553675	0.169898	0.0529882	1.2977e-06	0.00169139	0.112966	3.88534	4	0.9968181
2210000	-103.031	-125.6513	22.62032	2	0.3986234	0.0249197	0.00468208	0.101059	0.153364	0.0683749	0.0218979	0.143965	0.0557425	0.168797	0.109804	0.0898779	0.0165163	0.180727	0.729787	3.07297	4	0.9424833
2211000	-92.3709	-119.9846	27.6137	10	0.3187703	0.0499185	0.00715671	0.000673678	0.0048621	0.00495962	0.0483799	0.117935	0.144259	0.148368	0.089026	0.0824166	0.00694091	0.119154	0.626019	3.24789	5	0.6979554
2212000	-96.90214	-124.2004	27.29829	10	0.1648632	0.0771029	0.0559072	0.083023	0.0292614	0.125061	0.0620314	0.191882	0.029597	0.516394	0.015106	0.492096	0.000121849	0.0162719	0.286067	3.69754	5	1.677462
2213000	-100.577	-120.8061	20.22914	10	1.417221	0.0709222	0.0539681	0.0397887	0.00598447	0.0410384	0.0549425	0.184947	0.208762	0.284379	0.0793366	0.331005	0.212247	0.574172	1.04517	2.16841	5	1.355074
2214000	-104.9635	-122.765	17.80149	10	4.755288	0.109941	0.116633	0.0491406	0.0572866	0.0416256	0.0661982	0.297475	0.209061	0.157807	0.162843	0.162957	0.491585	0.79785	1.0837	1.62686	5	1.43097
2215000	-90.71026	-120.6272	29.91692	10	0.3701227	0.0542262	0.0183288	0.0262133	0.00943614	0.00487391	0.138673	0.355474	0.151884	0.0508531	0.0218016	0.195196	0.0126506	0.159111	0.696814	3.13142	5	1.026961
2216000	-93.82742	-125.9715	32.14413	10	0.4224723	0.0717677	0.0130523	0.18759	0.0743075	0.0798359	0.0589575	0.136647	0.0795955	0.271407	0.14185	0.0565751	0.0200854	0.198334	0.754496	3.02708	5	1.171586
2217000	-97.14314	-122.4689	25.32573	10	0.7284603	0.0196874	0.0273174	0.0466809	0.0283187	0.0365218	0.025926	0.428506	0.0146555	0.587932	0.0902278	0.17183	0.0802748	0.376655	0.934975	2.6081	5	1.477604
2218000	-99.87515	-125.8455	25.97039	10	0.2016492	0.0453903	0.0381833	0.00495123	0.0125831	0.150262	0.118788	0.0744424	0.0887092	0.0288564	0.20161	0.218205	0.000562058	0.0347323	0.387949	3.57676	5	0.9819801
2219000	-96.75886	-121.2384	24.47958	10	1.172683	0.0514476	0.00895073	0.103259	0.022113	0.0499082	0.0262452	0.383853	0.154925	0.162208	0.14287	0.470002	0.170068	0.523143	1.02361	2.28318	5	1.575782
2220000	-96.15911	-122.2502	26.09107	10	2.047122	0.0242093	0.0295782	0.00840876	0.131652	0.119874	0.0937848	0.194253	0.109933	0.242495	0.141575	0.209686	0.298836	0.659933	1.07113	1.97011	5	1.305449
2221000	-124.37	-132.6173	8.247278	2	0.8457888	0.0551932	0.063853	0.0103035	0.692822	0.670605	0.198241	0.197356	0.120251	0.12585	0.11817	0.0560979	0.105258	0.424936	0.968877	2.50093	4	2.308743
2222000	-96.58475	-125.109	28.52428	10	0.06740314	0.0646688	0.000434	0.0224372	0.118238	0.137346	0.0343159	0.0511831	0.00557591	0.068429	0.0412115	0.406036	6.48762e-10	3.79511e-05	0.0233816	3.97658	5	0.9498753
2223000	-87.44889	-119.7765	32.32759	10	0.1431977	0.0262222	0.00668629	0.0368057	0.00167495	0.0329931	0.0217965	0.365645	0.0794189	0.193249	0.126491	0.0975516	3.4253e-05	0.00865388	0.221224	3.77009	5	0.9885343
2224000	-97.56538	-123.4903	25.92491	10	0.2693693	0.115079	0.052289	0.00285806	0.0322084	0.033372	0.0736571	0.186647	0.572547	0.112614	0.0866484	0.171287	0.00313992	0.0809923	0.540593	3.37527	5	1.439207
2225000	-106.4763	-124.4196	17.94326	2	0.3932969	0.0160262	0.00279047	0.125191	0.0542434	0.0306262	0.00436288	0.277491	0.255637	0.131419	0.159553	0.0205702	0.0157594	0.176731	0.723924	3.08359	4	1.07791
2226000	-105.0238	-125.5501	20.52631	10	0.7269364	0.0127809	0.103056	0.0744213	0.0358614	0.0868633	0.0319676	0.529734	0.0528292	0.204639	0.288974	0.0215419	0.0799487	0.375967	0.934455	2.60963	5	1.442668
2227000	-97.13409	-121.7287	24.59466	10	0.9419762	0.112313	0.0487596	0.00369811	0.116161	0.0152531	0.0337309	0.288477	0.199962	0.311236	0.209484	0.308841	0.125236	0.458589	0.989678	2.4265	5	1.647916
2228000	-107.403	-122.6856	15.28263	1	0.9267184	0.091483	0.0187824	0.0154539	0.0718571	0.0196342	0.011251	0.163468	0.0330742	0.440903	0.184759	0.198855	0.12211	0.45356	0.98671	2.43762	3	1.249521
2229000	-93.8295	-124.3008	30.47129	10	2.369849	0.0902194	0.00411664	0.0610522	0.0761125	0.0762141	0.0963196	0.286848	0.262905	0.0775891	0.0315973	0.109374	0.333759	0.689345	1.07699	1.89991	5	1.172348
2230000	-107.3787	-131.6635	24.28477	10	0.382153	0.00233957	0.00115494	0.214337	0.0599388	0.0930488	0.247919	0.214954	0.116101	0.229692	0.138206	0.225782	0.0142261	0.168303	0.711222	3.10625	5	1.543473
2231000	-95.87605	-121.5563	25.6803	2	0.09644932	0.0123146	0.00692677	0.00871895	0.112842	0.00159001	0.0232388	0.238532	0.0268011	0.194317	0.000820176	0.0271659	3.16241e-07	0.000835796	0.0843685	3.9148	4	0.6532681
2232000	-101.6877	-127.665	25.97731	10	0.2015817	0.0182713	0.0424372	0.0560656	0.209342	0.00182714	0.133032	0.20851	0.101074	0.612683	0.00333162	0.0732901	0.000560772	0.034693	0.387774	3.57697	5	1.459864
2233000	-95.64963	-126.3822	30.73261	10	0.6517847	0.0900291	0.101032	0.0369628	0.0695626	0.0387665	0.0553802	0.0715186	0.0701978	0.15139	0.220382	0.00838797	0.0639348	0.339864	0.905602	2.6906	5	0.9136097
2234000	-92.55299	-122.1093	29.55631	10	1.205904	0.0311126	0.0659196	0.0247072	0.035491	0.039044	0.0249238	0.341515	0.030201	0.12345	0.160204	0.292468	0.176121	0.530959	1.02721	2.26571	5	1.169035
2235000	-109.0234	-131.9396	22.9162	2	0.03759928	0.0131058	0.0441596	0.0178391	0.0365154	0.00861162	0.0355407	0.179083	0.000146304	0.0618412	0.151098	0.0237178	5.41926e-17	1.09961e-08	0.000795703	3.9992	4	0.5716586
2236000	-81.6133	-121.001	39.38774	10	0.06840657	0.00369302	0.0179753	0.0182903	0.00293879	0.0087245	0.0433699	0.0818502	0.119301	0.143548	0.14202	0.0325889	8.77075e-10	4.41228e-05	0.0248909	3.97506	5	0.6142995
2237000	-91.91117	-124.1421	32.23088	10	0.5116931	0.0361982	0.0191183	0.0438492	0.0661481	0.0349215	0.0714647	0.0728909	0.274239	0.262302	0.106016	0.0661494	0.0355749	0.259481	0.828594	2.87635	5	1.053297
2238000	-91.67848	-126.3268	34.64835	10	0.1278066	0.0475428	0.0114027	0.0571424	0.0715692	0.0136581	0.160851	0.0731461	0.171127	0.288565	0.0944964	0.0187849	1.07006e-05	0.00484609	0.174404	3.82074	5	1.008286
2239000	-92.39202	-122.3151	29.92304	10	0.1461448	0.0247925	0.0593102	0.0133733	0.0499043	0.018432	0.121393	0.233248	0.0979942	0.148663	0.124202	0.135356	4.16189e-05	0.00953535	0.230168	3.76025	5	1.026669
2240000	-97.59793	-119.8891	22.29117	10	1.228363	0.171923	0.0004353	0.0426104	0.00771938	0.0159222	0.0209851	0.292824	0.0351269	0.481458	0.153487	0.0795259	0.180155	0.536067	1.0295	2.25428	5	1.302017
2241000	-89.24583	-122.6848	33.43896	10	0.05004796	0.022943	0.0486082	0.0383284	0.108563	0.0372934	0.00226324	0.123022	0.0343879	0.0231778	0.100232	0.256766	5.1988e-13	1.07588e-06	0.0053286	3.99467	5	0.7955852
2242000	-103.2182	-120.6673	17.44914	10	1.159128	0.0516037	0.0609319	0.185536	0.0207471	0.0494014	0.0615749	0.672998	0.428207	0.110774	0.181063	0.317016	0.167568	0.519861	1.02207	2.2905	5	2.139853
2243000	-92.12241	-122.7759	30.65349	10	0.5108043	0.00533027	0.0508103	0.0204622	0.027366	0.0110555	0.0883658	0.148081	0.257577	0.354052	0.120778	0.0249509	0.0354073	0.258911	0.827973	2.87771	5	1.108829
2244000	-89.50096	-123.2231	33.72213	10	0.09764589	0.0495493	0.00758255	0.0135279	0.0598778	0.0545955	0.0231045	0.0228168	0.0566306	0.0801186	0.129225	0.366432	3.77076e-07	0.000912551	0.087497	3.91159	5	0.8634605
2245000	-94.25558	-121.5282	27.27259	10	0.2312	0.0336316	0.0280749	0.0625517	0.0312121	0.0860471	0.0422774	0.343797	0.0173661	0.283345	0.162789	0.122055	0.00134823	0.0534902	0.460128	3.48503	5	1.213147
2246000	-103.1136	-125.0731	21.95956	10	0.7817247	0.0144122	0.073729	0.000335522	0.265149	0.0642399	0.126092	0.0679394	0.146016	0.443555	0.108119	0.157081	0.0916644	0.399671	0.95176	2.55691	5	1.466668
2247000	-93.40796	-121.6254	28.21747	10	0.4507636	0.0864813	0.00827569	0.0167411	0.184969	0.0591849	0.137522	0.0940615	0.324715	0.0693504	0.127283	0.267814	0.0246668	0.218563	0.780851	2.97592	5	1.376397
2248000	-101.0897	-123.1869	22.09722	10	1.169699	0.00464795	0.033381	0.0746385	0.0443495	0.0524535	0.0350733	0.256971	0.569984	0.17476	0.117847	0.354761	0.169519	0.522425	1.02327	2.28478	5	1.718866
2249000	-95.21573	-122.3121	27.09642	10	0.3628968	0.073362	0.0156967	0.0987235	0.125826	0.130083	0.0864415	0.256278	0.101214	0.54757	0.0803399	0.0514841	0.0117456	0.153548	0.687794	3.14691	5	1.567018
2250000	-109.8933	-127.2045	17.31119	10	4.804886	0.0244297	0.016454	0.177381	0.112618	0.0763659	0.0384852	0.0290127	0.28267	0.176245	0.065808	0.225673	0.493767	0.79913	1.08363	1.62348	5	1.225142
2251000	-95.38439	-124.6459	29.26149	10	0.8275952	0.0174254	0.00241611	0.00243599	0.0525198	0.0129463	0.0199214	0.35055	0.33651	0.0974744	0.112228	0.035446	0.101416	0.418011	0.964317	2.51626	5	1.039873
2252000	-99.69915	-124.6344	24.93521	2	0.1088938	0.0142878	0.0361614	0.0107826	0.0309453	0.0135554	0.0754649	0.246758	0.316171	0.0250503	0.0620735	0.0126004	1.63128e-06	0.001896	0.118429	3.87967	4	0.8438508
2253000	-98.13498	-121.1455	23.01048	2	0.1716456	0.0159582	0.0429243	0.0216513	0.00640268	0.00949068	0.0275235	0.223683	0.218389	0.304497	0.126162	0.0405113	0.000169705	0.019183	0.305757	3.67489	4	1.037193
2254000	-92.23221	-125.2453	33.01312	10	0.5780139	0.0463278	0.00308681	0.11335	0.105117	0.0711617	0.0673394	0.229377	0.0558033	0.0403112	0.216322	0.130522	0.0486074	0.299828	0.869674	2.78189	5	1.078717
2255000	-87.69978	-123.8034	36.10362	10	0.1495226	0.0443501	0.0126731	0.0189235	0.0369168	0.055233	0.115525	0.112295	0.167496	0.095011	0.0225218	0.0422474	5.1539e-05	0.0106062	0.240386	3.74896	5	0.7231926
2256000	-103.1598	-125.8415	22.68161	2	0.9994072	0.0610611	0.0766177	0.0401329	0.108198	0.0379994	0.00522695	0.0534462	0.075464	0.0407857	0.315803	0.0931995	0.136835	0.476574	0.999902	2.38669	4	0.907935
2257000	-96.73489	-123.8559	27.12105	10	0.6994967	0.0393323	0.0127023	0.115097	0.100707	0.0478858	0.0769983	0.35166	0.140294	0.415217	0.42126	0.0212225	0.0740808	0.363293	0.924682	2.63794	5	1.742377
2258000	-94.65211	-121.2187	26.56657	10	2.256071	0.0289804	0.0318737	0.0114214	0.128224	0.0538474	0.0797547	0.392107	0.202405	0.0941994	0.215265	0.223086	0.322039	0.679746	1.07525	1.92296	5	1.461164
2259000	-92.14212	-121.3925	29.25037	10	0.4558094	0.0717313	0.00809977	0.0142589	0.0298367	0.0910947	0.0191026	0.214065	0.377809	0.0648323	0.121829	0.13554	0.0255197	0.222091	0.785246	2.96714	5	1.148199
2260000	-90.22669	-123.0774	32.85068	10	0.4095282	0.0386627	0.0561511	0.0269132	0.100571	0.00837734	0.0309464	0.0998228	0.0259466	0.0501212	0.286245	0.241845	0.0181127	0.188837	0.741389	3.05166	5	0.9656026
2261000	-93.5387	-128.7626	35.22389	10	0.6378569	0.115524	0.00266525	0.0793169	0.0676442	0.0666277	0.0536061	0.0925793	0.0121503	0.0290834	0.132648	0.140882	0.0609982	0.332673	0.899468	2.70686	5	0.7927269
2262000	-101.7095	-119.9872	18.27776	10	1.925466	0.10817	0.123058	0.0212119	0.0155713	0.0166008	0.0715374	0.475745	0.0278149	0.164924	0.502344	0.29655	0.284212	0.646846	1.06801	2.00093	5	1.823527
2263000	-91.84052	-126.0887	34.24817	10	0.5278459	0.0379436	0.0114696	0.100372	0.0303323	0.00408837	0.020539	0.272232	0.0398936	0.0494829	0.106756	0.293065	0.0386577	0.269706	0.839518	2.85212	5	0.9661734
2264000	-104.6252	-122.2035	17.57829	10	1.418089	0.0222767	0.0233891	0.0647564	0.0781251	0.0485511	0.170679	0.29545	0.137993	0.243709	0.162829	0.103316	0.212387	0.574329	1.04523	2.16806	5	1.351075
2265000	-104.9737	-123.658	18.68429	1	0.3398324	0.0294849	0.0488937	0.0227081	0.158028	0.0104474	0.0112655	0.0939354	0.198293	0.0397661	0.198548	0.156672	0.00907501	0.135632	0.657016	3.19828	3	0.9680433
2266000	-97.34327	-123.5508	26.20758	10	0.8889921	0.0381151	0.0115218	0.0590028	0.164898	0.0929294	0.0319021	0.176491	0.0922453	0.221912	0.0462859	0.0341348	0.114308	0.44064	0.978861	2.46619	5	0.9694392
2267000	-95.73818	-127.0149	31.27672	10	0.4763784	0.117781	0.015264	0.0871493	0.0303019	0.0969358	0.0021088	0.139024	0.28603	0.123147	0.0656517	0.357442	0.0290976	0.236215	0.802289	2.9324	5	1.320836
2268000	-93.81982	-126.359	32.53919	10	0.1894263	0.173662	0.0453306	0.00912315	0.0133277	0.0657567	0.00415789	0.125896	0.146635	0.115517	0.0308114	0.202832	0.000361284	0.0279069	0.355503	3.61623	5	0.933048
2269000	-104.814	-129.2189	24.40488	10	0.8599988	0.35422	0.0341637	0.251236	0.0758161	0.094896	0.134325	0.132911	0.182266	0.0653132	0.0277216	0.251084	0.108247	0.430213	0.972287	2.48925	5	1.603953
2270000	-105.8986	-125.6992	19.80062	2	0.2649722	0.0282819	0.0267233	0.104444	0.129312	0.0723629	0.027583	0.0570227	0.0582829	0.110327	0.323483	0.0941102	0.00288419	0.0776959	0.532015	3.38741	4	1.031933
2271000	-96.58182	-122.7341	26.1523	10	0.2633391	0.0267614	0.0169425	0.11514	0.264763	0.072935	0.0238473	0.411045	0.00262644	0.0662598	0.441624	0.161216	0.00279258	0.0764782	0.528784	3.39194	5	1.603161
2272000	-97.53957	-125.1225	27.58294	10	0.4907675	0.0860327	0.0262445	0.0121376	0.150941	0.0913513	0.0488196	0.248919	0.227206	0.0894816	0.119183	0.0860559	0.0316896	0.245846	0.813433	2.90903	5	1.186372
2273000	-94.78708	-120.6976	25.91049	10	0.5692326	0.0837676	0.028832	0.0340009	0.0951346	0.01679	0.0176398	0.428792	0.0573639	0.645805	0.102667	0.00649714	0.0468308	0.294731	0.864772	2.79367	5	1.517291
2274000	-100.1832	-126.2482	26.065	10	0.3384534	0.0347747	0.17232	0.0775713	0.00942175	0.0499752	0.0521823	0.344645	0.18571	0.326107	0.0525811	0.00153928	0.0089262	0.134555	0.655074	3.20144	5	1.306828
2275000	-100.9927	-125.9024	24.90976	10	1.331673	0.109842	0.0886872	0.0454925	0.116898	0.00897391	0.0788284	0.17495	0.0445923	0.0237361	0.114614	0.221988	0.19811	0.557909	1.03879	2.20519	5	1.028603
2276000	-105.7303	-132.3931	26.66278	10	0.1958467	0.138768	0.119417	0.0039732	0.117516	0.0810064	0.111059	0.0178374	0.500779	0.0675772	0.0183673	0.107536	0.00045884	0.0314143	0.372731	3.5954	5	1.283836
2277000	-92.62568	-121.8449	29.21923	10	0.7337771	0.0931896	0.049269	0.0128664	0.26459	0.00541067	0.0992317	0.40129	0.118752	0.177463	0.112332	0.198741	0.0814127	0.379041	0.93677	2.60278	5	1.533136
2278000	-91.46816	-118.9957	27.52752	10	1.227746	0.0647523	0.000872357	0.0140662	0.0310754	0.0306758	0.0208891	0.328805	0.269315	0.195509	0.187055	0.256749	0.180045	0.535929	1.02944	2.25459	5	1.399764
2279000	-92.30885	-122.3758	30.06694	10	1.473786	0.0209474	0.000987804	0.0750699	0.107483	0.0655214	0.0662715	0.217513	0.151985	0.17135	0.141052	0.0913816	0.221244	0.584134	1.04884	2.14578	5	1.109563
2280000	-90.33104	-121.744	31.41299	10	0.9477667	0.0717737	0.010926	0.0373689	0.0027766	0.0458843	0.117386	0.283855	0.0856304	0.148929	0.10697	0.215555	0.126418	0.460468	0.990776	2.42234	5	1.127054
2281000	-106.4106	-124.7962	18.38555	10	3.865527	0.0364028	0.0282428	0.00105017	0.00045617	0.0683057	0.277556	0.0442562	0.350779	0.561595	0.591285	0.0818731	0.446819	0.770427	1.0844	1.69836	5	2.041802
2282000	-105.1671	-129.1756	24.00841	10	0.144386	0.0183972	0.0162065	0.0910408	0.232111	0.0613905	0.0764575	0.377859	0.0547179	0.301195	0.441174	0.0736831	3.70873e-05	0.00900339	0.224833	3.76613	5	1.744233
2283000	-94.86408	-121.801	26.9369	10	0.43395	0.0225502	0.0214279	0.0344017	0.0232694	0.000359732	0.161728	0.111711	0.199306	0.402044	0.135642	0.353961	0.0219013	0.206631	0.765552	3.00592	5	1.466402
2284000	-100.0314	-126.7523	26.72084	10	0.4795941	0.29281	0.0347808	0.095047	0.00819523	0.124333	0.00346348	0.333553	0.111966	0.233246	0.172647	0.0205214	0.0296708	0.238386	0.804833	2.92711	5	1.430563
2285000	-106.7962	-124.6248	17.8286	2	0.3740805	0.128101	0.082206	0.0097531	0.0304603	0.0339912	0.0359943	0.163267	0.0920419	0.137424	0.108924	0.161782	0.0131596	0.162145	0.701637	3.12306	4	0.983944
2286000	-87.69085	-119.8212	32.1304	10	0.6699966	0.0521548	0.01144	0.0180567	0.0121801	0.00663263	0.102051	0.175029	0.152258	0.201028	0.0910213	0.0474069	0.0677946	0.349023	0.913222	2.66996	5	0.869259
2287000	-103.6865	-125.5648	21.87832	10	0.9381214	0.00608518	0.10887	0.0196856	0.0415045	0.102594	0.015274	0.209185	0.112631	0.257099	0.0923213	0.211422	0.124448	0.457328	0.988939	2.42928	5	1.176671
2288000	-85.44921	-118.3396	32.89044	10	0.2271675	0.0310898	0.0150687	0.00701498	0.0172485	0.023861	0.0496661	0.309921	0.139529	0.146885	0.0712326	0.206248	0.00121269	0.0507708	0.450802	3.49722	5	1.017765
2289000	-107.2986	-124.4473	17.14874	2	0.240428	0.0614834	0.0147391	0.0444897	0.175355	0.0102023	0.15261	0.112632	0.270929	0.0720125	0.348654	0.0804193	0.00169527	0.0598696	0.48086	3.45757	4	1.343526
2290000	-87.97563	-122.4104	34.43481	10	0.05324588	0.0159646	0.0293627	0.0134917	0.0378195	0.0378938	0.0243897	0.258211	0.0303925	0.033849	0.222634	0.0367293	2.74262e-12	2.47046e-06	0.0075235	3.99247	5	0.7407368
2291000	-91.10564	-121.0287	29.92306	10	0.9992015	0.140267	0.0227989	0.0278624	0.0334972	0.0936176	0.0221473	0.154089	0.0872352	0.257135	0.267771	0.0669786	0.136794	0.476512	0.999868	2.38683	5	1.1734
2292000	-104.4846	-125.7474	21.26282	2	0.6179313	0.0382902	0.00841948	0.0400505	0.204494	0.0333817	0.0251614	0.201062	0.00407587	0.0815046	0.143308	0.30105	0.0568262	0.322094	0.890198	2.73088	4	1.080798
2293000	-93.18332	-123.0611	29.87781	10	0.2875779	0.0296412	0.0390554	0.0236203	0.00563074	0.00632032	0.0128723	0.327258	0.0440194	0.239829	0.0971088	0.121299	0.00434187	0.0948732	0.574339	3.32645	5	0.9466537
2294000	-98.42782	-121.9542	23.52636	10	3.081415	0.0528554	0.0720244	0.0538485	0.0857747	0.16543	0.0406836	0.28455	0.100239	0.294187	0.255907	0.030975	0.395464	0.735938	1.08289	1.78571	5	1.436474
2295000	-88.53087	-124.3409	35.81003	10	0.1043896	0.040046	0.0246305	0.00495599	0.0269295	0.0465019	0.019709	0.168029	0.000727388	0.454759	0.0795713	0.0136576	9.42498e-07	0.0014418	0.105745	3.89281	5	0.8795177
2296000	-97.76123	-124.9253	27.1641	10	1.09655	0.0682901	0.0699013	0.044134	0.0989407	0.0993294	0.027257	0.0229649	0.040735	0.0475539	0.300079	0.328358	0.155806	0.503965	1.01432	2.32591	5	1.147543
2297000	-99.19222	-125.7534	26.56121	10	1.262694	0.0279912	0.00290598	0.0718086	0.138559	0.104269	0.0158835	0.197403	0.175732	0.148588	0.0271959	0.290662	0.186231	0.543618	1.03281	2.23734	5	1.200997
2298000	-86.60147	-120.0936	33.49213	10	0.1369209	0.0533738	0.00585252	0.0231093	0.0148108	0.0373272	0.0322916	0.204052	0.0266947	0.0779765	0.0352733	0.119445	2.19975e-05	0.0069406	0.202119	3.79092	5	0.6302075
2299000	-89.01094	-123.7256	34.71469	10	0.1526291	0.0201217	0.03521	0.0113126	0.0174743	0.0212122	0.0466957	0.049649	0.0270009	0.0169251	0.235369	0.104649	6.22138e-05	0.0116479	0.249742	3.73855	5	0.5856189
2300000	-97.37462	-123.2058	25.83121	10	0.7527218	0.0398837	0.0654078	0.0678278	0.00491203	0.0189977	0.0420349	0.362366	0.120039	0.338084	0.0356947	0.00577005	0.0854669	0.387379	0.942942	2.58421	5	1.101018
2301000	-91.11445	-123.356	32.24158	10	0.06527493	0.00866803	0.0264032	0.0142004	0.0118019	0.0454254	0.00313089	0.124229	0.0327421	0.0899014	0.1313	0.108309	3.31904e-10	2.71497e-05	0.0203464	3.97963	5	0.5961109
2302000	-109.3894	-126.4222	17.03277	10	1.445426	0.0614851	0.0198075	0.0947231	0.337939	0.315781	0.0488203	0.537734	0.14486	0.0617195	0.0302797	0.573847	0.216767	0.579213	1.04705	2.15697	5	2.226996
2303000	-98.78634	-122.4312	23.64481	10	0.6138647	0.0219094	0.116186	0.143327	0.0267353	0.0862866	0.0235656	0.254709	0.0793271	0.125957	0.525947	0.270351	0.0559797	0.319892	0.888231	2.7359	5	1.6743
2304000	-102.9673	-119.882	16.91469	10	5.985025	0.146401	0.038247	0.0214779	0.131119	0.0716514	0.0445761	0.330593	0.279394	0.179042	0.109769	0.522417	0.538472	0.824296	1.08129	1.55594	5	1.874687
2305000	-92.64122	-123.2911	30.6499	10	0.4581155	0.0234853	0.0306093	0.00523126	0.112679	0.036995	0.032898	0.230154	0.0203694	0.128351	0.246487	0.0761479	0.0259129	0.223696	0.787226	2.96317	5	0.9434063
2306000	-108.1003	-125.896	17.79575	2	0.7341454	0.140076	0.0232395	0.00162794	0.000364416	0.0793397	0.0626727	0.351343	0.0411971	0.107634	0.159542	0.050364	0.0814916	0.379205	0.936893	2.60241	4	1.0174
2307000	-88.14346	-123.1489	35.00548	10	0.220162	0.0577577	0.0098997	0.0435757	0.0142087	0.035547	0.0289774	0.232356	0.0970274	0.00567786	0.042094	0.13706	0.000999533	0.0461562	0.434208	3.51864	5	0.7041815
2308000	-93.02116	-125.2368	32.21564	10	1.760991	0.00382501	0.0233028	0.0188571	0.0182268	0.0194676	0.0257853	0.111787	0.115866	0.245101	0.218241	0.0740184	0.262974	0.626927	1.06267	2.04743	5	0.8744787
2309000	-105.5527	-125.6147	20.06196	2	0.493367	0.0408408	0.107684	0.0452721	0.0240196	0.066787	0.00903481	0.088484	0.176828	0.072453	0.212502	0.0817731	0.032165	0.247564	0.815381	2.90489	4	0.9256787
2310000	-100.1746	-123.9243	23.74969	10	0.7765182	0.0708512	0.0140587	0.0294526	0.0043226	0.176819	0.0104316	0.481977	0.0928865	0.103261	0.0358912	0.305377	0.0905531	0.397505	0.95023	2.56171	5	1.325329
2311000	-88.74336	-122.879	34.13568	10	0.02136538	0.0307837	0.0312854	0.00803753	0.187912	0.00219246	0.0334586	0.0783026	0.122216	0.087862	0.0995399	0.0453684	3.70216e-29	9.10129e-15	2.38283e-06	4	5	0.7269586
2312000	-96.50836	-120.0611	23.55279	10	1.171343	0.122945	0.0258334	0.0787427	0.0961671	0.0570674	0.00687306	0.597202	0.258047	0.198355	0.322585	0.0692499	0.169821	0.522821	1.02346	2.2839	5	1.833067
2313000	-94.48967	-121.0377	26.54802	10	0.4392422	0.0481757	0.00328525	0.00453109	0.078648	0.0757066	0.0522258	0.125215	0.06467	0.213618	0.161496	0.1224	0.0227587	0.210416	0.770479	2.99635	5	0.9499723
2314000	-91.00049	-125.9268	34.92635	10	0.04073844	0.0442349	0.0151078	0.037795	0.220767	0.0136802	0.0650367	0.190883	0.0687967	0.0932534	0.0429022	0.105933	9.28064e-16	4.54928e-08	0.0014342	3.99857	5	0.8983904
2315000	-86.25307	-120.7302	34.4771	10	0.2993143	0.0129409	0.0231554	0.0551177	0.0219137	0.065658	0.0151399	0.127311	0.184764	0.191933	0.0507859	0.0826211	0.00523985	0.103962	0.594649	3.29615	5	0.8313401
2316000	-92.70296	-122.1581	29.45516	10	0.507006	0.139344	0.00360443	0.0428257	0.0507682	0.0352936	0.029994	0.154343	0.15122	0.0781403	0.298668	0.13083	0.0346935	0.256465	0.8253	2.88354	5	1.115031
2317000	-93.52458	-119.3314	25.80679	10	2.420893	0.0452228	0.0571435	0.0240764	0.0817755	0.0276859	0.0862136	0.279454	0.354804	0.11842	0.324143	0.289372	0.338826	0.693414	1.07767	1.89009	5	1.688311
2318000	-97.00018	-124.8651	27.86493	10	2.167396	0.0979769	0.0259178	0.0454981	0.220542	0.0406469	0.115803	0.100758	0.0566751	0.0885784	0.270843	0.272451	0.31247	0.67171	1.07366	1.94215	5	1.335691
2319000	-93.53721	-121.0075	27.47025	10	0.5475176	0.061222	0.0409857	0.0396651	0.0669838	0.132384	0.0177262	0.399813	0.214374	0.197845	0.337403	0.0207829	0.0424978	0.281809	0.851985	2.82371	5	1.529184
2320000	-94.25561	-120.8436	26.58803	10	0.5570487	0.0407449	0.00149643	0.0356455	0.053101	0.0130258	0.0570953	0.104762	0.154629	0.121163	0.0382454	0.244279	0.0443884	0.287537	0.857718	2.81036	5	0.8641867
2321000	-88.62309	-119.7421	31.11905	10	0.07862693	0.0279258	0.00983805	0.00334625	0.0342775	0.00999663	0.0169372	0.330351	0.0263642	0.0562298	0.0555046	0.504246	1.21994e-08	0.000164414	0.0429744	3.95686	5	1.075017
2322000	-103.3555	-122.5694	19.21392	10	3.666203	0.047954	0.00114248	0.00642131	0.152185	0.118759	0.0798398	0.214752	0.14689	0.464331	0.140651	0.144427	0.435029	0.762813	1.08429	1.71787	5	1.517353
2323000	-94.66269	-124.0488	29.3861	10	1.220342	0.0892808	0.0177117	0.0204109	0.177275	0.146737	0.0130035	0.120573	0.289977	0.0804712	0.0682011	0.312699	0.17872	0.534259	1.02869	2.25833	5	1.336339
2324000	-107.8	-122.475	14.675	1	0.8343287	0.0655318	0.050388	0.00215056	0.0157853	0.0956785	0.0810989	0.236577	0.12479	0.358839	0.138183	0.150501	0.10284	0.420596	0.966031	2.51053	3	1.319524
2325000	-112.7967	-122.666	9.869248	2	3.564783	0.0952506	0.0462092	0.119894	0.281159	0.00445423	0.0809526	0.206928	0.540732	0.311257	0.0677345	0.133157	0.428729	0.758673	1.08417	1.72843	4	1.887728
2326000	-99.20836	-120.0868	20.87841	10	0.3031042	0.0538655	0.0187447	0.0628103	0.139416	0.0365444	0.0175286	0.304977	0.42891	0.26634	0.401442	0.119502	0.00555049	0.106912	0.600979	3.28656	5	1.85008
2327000	-94.45551	-122.5262	28.07071	10	0.7366866	0.0745683	0.00895375	0.139756	0.0312732	0.047478	0.0802228	0.229821	0.111694	0.0728592	0.254627	0.0293906	0.0820354	0.380338	0.93774	2.59989	5	1.080644
2328000	-100.8871	-126.8415	25.95441	10	0.543898	0.102343	0.00411254	0.061954	0.209991	0.0435107	0.110349	0.196988	0.162855	0.109092	0.0614884	0.385268	0.0417847	0.279611	0.849757	2.82885	5	1.447951
2329000	-93.92136	-122.2041	28.28275	10	1.55209	0.00820386	0.0776088	0.00761195	0.069295	0.0337982	0.0370548	0.178901	0.0878807	0.144777	0.367841	0.246767	0.233258	0.597003	1.05334	2.1164	5	1.259739
2330000	-92.02443	-124.2461	32.22165	10	0.3937611	0.015122	0.00728003	0.0364152	0.0282668	0.109077	0.00870253	0.134989	0.236905	0.0776064	0.0479299	0.166773	0.0158247	0.17708	0.72444	3.08265	5	0.8690664
2331000	-99.20528	-123.6573	24.45207	10	1.438883	0.0343253	0.0083733	0.123399	0.0482994	0.0262638	0.0959318	0.467234	0.135525	0.223969	0.092636	0.0229764	0.215725	0.578057	1.04662	2.1596	5	1.278933
2332000	-107.2568	-128.2693	21.01251	10	1.043894	0.0347017	0.126686	0.0106721	0.0273165	0.0191458	0.0596941	0.233767	0.238765	0.228865	0.121624	0.378476	0.145628	0.489559	1.00691	2.3579	5	1.479713
2333000	-89.4926	-122.616	33.12336	10	0.1643224	0.0530785	0.0285823	0.0192377	0.166412	0.121113	2.3555e-05	0.0537083	0.142231	0.0369068	0.219938	0.142985	0.000118533	0.0160503	0.284482	3.69935	5	0.9842164
2334000	-96.96998	-120.2356	23.26562	10	0.7630973	0.109376	0.0359167	0.0284319	0.0217187	0.0145071	0.0381968	0.279569	0.240252	0.138279	0.202443	0.197208	0.0876858	0.391841	0.946181	2.57429	5	1.305898
2335000	-95.6716	-121.4179	25.74629	10	0.3547141	0.0809392	0.0160173	0.133518	0.123448	0.15825	0.0444292	0.132045	0.410322	0.337017	0.00940404	0.324061	0.0107595	0.147216	0.67723	3.16479	5	1.76945
2336000	-109.9227	-125.4187	15.49593	2	0.5011285	0.124824	0.00844589	0.145845	0.0455173	0.0488522	0.026393	0.436693	0.123274	0.0212289	0.0624943	0.475533	0.0335971	0.252652	0.821088	2.89266	4	1.5191
2337000	-94.00282	-126.2751	32.27224	10	0.09874191	0.0608896	0.0225276	0.0310743	0.0675055	0.0132057	0.0997138	0.134165	0.0768478	0.121553	0.125074	0.203179	4.41359e-07	0.000987176	0.0903936	3.90862	5	0.955736
2338000	-89.15869	-122.2214	33.06275	10	0.1223702	0.0837568	0.00697222	0.0617663	0.117604	0.0335914	0.00464483	0.303406	0.0095404	0.249152	0.120898	0.0217656	6.6145e-06	0.00381246	0.158007	3.83817	5	1.013098
2339000	-95.43121	-123.3999	27.96872	10	0.4561614	0.0165848	0.107833	0.0100731	0.0544379	0.042933	0.00925232	0.251426	0.0116318	0.212422	0.295015	0.0268022	0.0255796	0.222337	0.785549	2.96653	5	1.038412
2340000	-103.814	-124.0104	20.19639	2	0.2551163	0.00088735	0.00132833	0.0483479	0.00559157	0.0801355	0.0457354	0.222835	0.0581279	0.175028	0.293353	0.151095	0.00235883	0.0704089	0.512152	3.41508	4	1.082464
2341000	-101.3817	-126.9328	25.55114	10	1.15814	0.100925	0.180699	0.0274259	0.0249386	0.0966216	0.0121608	0.2951	0.036419	0.267355	0.215231	0.0899615	0.167385	0.51962	1.02195	2.29104	5	1.346838
2342000	-94.54373	-119.3774	24.83364	10	1.190346	0.0835143	0.0497777	0.00360403	0.0531581	0.0475874	0.0958111	0.633491	0.305747	0.298352	0.0947485	0.211456	0.173299	0.527338	1.02555	2.27381	5	1.877245
2343000	-99.42468	-123.497	24.07231	10	0.5035889	0.163594	0.177546	0.00692255	0.014435	0.00246004	0.10423	0.340022	0.585526	0.244474	0.173252	0.0242376	0.0340549	0.254252	0.822862	2.88883	5	1.836699
2344000	-107.7565	-125.6422	17.88572	2	1.275886	0.01783	0.0274699	0.0186966	0.0284398	0.124476	0.071603	0.153902	0.160809	0.143524	0.146548	0.200153	0.188536	0.546439	1.03402	2.23101	4	1.093452
2345000	-99.11545	-126.7731	27.65764	10	0.5819395	0.0567338	0.00341566	0.0674244	0.0653932	0.197883	0.145855	0.180455	0.240793	0.0312863	0.346365	0.0981244	0.0494057	0.302083	0.871818	2.77669	5	1.433728
2346000	-97.62174	-124.4601	26.83837	10	0.4210363	0.118484	0.0569707	0.157615	0.107462	0.0225284	0.0647752	0.149817	0.00030403	0.307963	0.283153	0.115574	0.0198625	0.197288	0.753076	3.02977	5	1.384647
2347000	-96.36312	-122.0883	25.72515	10	0.1132983	0.0652493	0.0271778	0.0012649	0.11212	0.0228993	0.0309133	0.237278	0.110866	0.0687569	0.036046	0.416765	2.67403e-06	0.0024264	0.131137	3.86643	5	1.129336
2348000	-89.93862	-124.0682	34.12962	10	0.1788646	0.0614775	0.005446	0.00730521	0.0824863	0.1016	0.0444197	0.0952894	0.043431	0.0366806	0.0191433	0.213959	0.000234862	0.0225408	0.326299	3.65093	5	0.7112379
2349000	-109.2747	-127.0973	17.82259	2	0.9137502	0.0811706	0.0519132	0.0175397	0.09321	0.0723533	0.101986	0.179514	0.039754	0.0706105	0.42376	0.0807613	0.11944	0.449199	0.984097	2.44726	4	1.212572
2350000	-93.63428	-125.1531	31.51886	10	0.2654275	0.0443647	0.0173074	0.00712582	0.20667	0.036435	0.0608888	0.134446	0.0108711	0.0817542	0.0473031	0.332935	0.00291005	0.078036	0.532911	3.38614	5	0.9801008
2351000	-101.4419	-124.132	22.69003	10	0.9292233	0.0743306	0.107489	0.0936962	0.0050948	0.23503	0.00484018	0.0842488	0.240216	0.0143764	0.36489	0.288195	0.122625	0.454393	0.987206	2.43578	5	1.512407
2352000	-92.71867	-122.7039	29.98527	10	1.644361	0.026647	0.0276504	0.0307536	0.0204808	0.0428814	0.0397142	0.162726	0.181826	0.251508	0.0961554	0.0636278	0.246787	0.610945	1.05788	2.08438	5	0.9439705
2353000	-106.6808	-122.558	15.87727	2	1.585598	0.060918	0.00920052	0.115857	0.0969359	0.119769	0.091717	0.278216	0.0110752	0.0320289	0.251424	0.417908	0.238248	0.602211	1.05508	2.10447	4	1.485049
2354000	-92.46227	-121.4771	29.0148	10	0.1489612	0.0174045	0.0265538	0.0975091	0.0241253	0.0248346	0.0793141	0.619488	0.0068084	0.214473	0.241634	0.0372324	4.97732e-05	0.0104237	0.238691	3.75084	5	1.389377
2355000	-100.1437	-125.0017	24.85801	10	0.2782402	0.0431693	0.042883	0.160894	0.297291	0.0695606	0.0975476	0.220322	0.401527	0.0226368	0.102773	0.241429	0.00369656	0.0877138	0.557384	3.35121	5	1.700033
2356000	-97.50007	-124.4486	26.9485	10	0.6676738	0.103429	0.04013	0.0937072	0.1689	0.0457663	0.016533	0.367739	0.0693039	0.447867	0.0129753	0.0508527	0.0673013	0.34787	0.912274	2.67255	5	1.417204
2357000	-92.30994	-123.2053	30.89536	10	1.261944	0.0595123	0.00389924	0.0319666	0.185927	0.0139702	0.0218762	0.154913	0.140169	0.0720599	0.0319328	0.347576	0.186099	0.543456	1.03274	2.23771	5	1.063802
2358000	-99.27882	-124.3956	25.11677	10	1.228281	0.0704536	0.1752	0.0406121	0.125554	0.0624719	0.019376	0.284013	0.00547412	0.06876	0.0906629	0.564492	0.180141	0.536049	1.02949	2.25432	5	1.50707
2359000	-93.27506	-121.1012	27.82614	10	1.423416	0.0437727	0.00474744	0.00150165	0.155863	0.0178597	0.0646138	0.172376	0.163079	0.341445	0.12558	0.131363	0.213246	0.575292	1.04559	2.16587	5	1.222202
2360000	-99.84287	-124.3526	24.50969	10	0.5210247	0.148349	0.0109127	0.0678733	0.100857	0.131248	0.0215428	0.139519	0.0890309	0.0836704	0.378501	0.217831	0.0373476	0.26542	0.834983	2.86225	5	1.389335
2361000	-99.65864	-122.923	23.26436	2	0.1359009	0.0108617	0.00155892	0.0410969	0.0126548	0.0366707	0.0779649	0.128211	0.0706481	0.114987	0.0202385	0.201895	2.03911e-05	0.00668322	0.199012	3.79428	4	0.7167876
2362000	-88.91171	-122.4044	33.4927	10	0.4326881	0.0944905	0.00669321	0.0738899	0.026038	0.0658421	0.0215792	0.0787077	0.0217971	0.180562	0.130292	0.259256	0.0216987	0.205725	0.764361	3.00822	5	0.9591483
2363000	-98.94942	-121.8485	22.89905	2	0.1478128	0.0373946	0.0322301	0.0223825	0.00150103	0.00294077	0.0579581	0.119545	0.088502	0.308686	0.113412	0.0458479	4.63095e-05	0.0100561	0.235219	3.75468	4	0.8304001
2364000	-101.5309	-126.8541	25.32322	10	0.618209	0.156267	0.0457681	0.00282977	0.04731	0.181919	0.23616	0.154877	0.216977	0.283717	0.180704	0.155003	0.0568841	0.322243	0.890332	2.73054	5	1.661531
2365000	-102.0627	-123.9554	21.89268	10	1.016985	0.139024	0.00765036	0.0091931	0.164499	0.0995365	0.0396309	0.326449	0.0592538	0.556153	0.132465	0.0192833	0.14033	0.481798	1.00276	2.37511	5	1.553139
2366000	-87.69366	-121.365	33.67138	10	0.1124776	0.0317465	0.0257233	0.0225192	0.0767652	0.0215383	0.0549532	0.139431	0.0248717	0.0608035	0.0181083	0.14741	2.44593e-06	0.0023208	0.128749	3.86893	5	0.6238707
2367000	-96.30471	-122.8926	26.58787	10	0.7727532	0.0789293	0.0559294	0.110723	0.0436284	0.0677154	0.0274891	0.214919	0.359133	0.114847	0.264243	0.257181	0.0897491	0.395928	0.949109	2.56521	5	1.594737
2368000	-94.46102	-129.7569	35.29586	10	0.05412851	0.0165654	0.00247189	0.0745875	0.0120059	0.0199196	0.205633	0.226731	0.135639	0.00824239	0.0321499	0.0420635	4.19256e-12	3.05424e-06	0.00821581	3.99178	5	0.7760085
2369000	-108.6819	-129.0544	20.37251	10	0.729385	0.0321342	0.190192	0.0924432	0.0220196	0.0678115	0.0528268	0.257312	0.340318	0.170836	0.131259	0.410445	0.0804727	0.377071	0.935289	2.60717	5	1.767596
2370000	-93.66435	-121.9995	28.33514	10	0.7004819	0.0423896	0.0715221	0.0100551	0.0272297	0.0128149	0.139391	0.476395	0.0950756	0.117885	0.077616	0.310224	0.0742912	0.363757	0.925047	2.6369	5	1.380598
2371000	-99.00077	-122.3474	23.34666	10	0.2823081	0.0595987	0.0525827	0.136575	0.0432683	0.144585	0.0859319	0.161882	0.424583	0.197267	0.0280034	0.37268	0.00397016	0.0908234	0.56486	3.34035	5	1.706957
2372000	-93.06078	-121.1833	28.12249	10	3.980116	0.0912699	0.0211758	0.0327167	0.00656056	0.0608386	0.0266835	0.411914	0.272099	0.148881	0.135667	0.0566479	0.453267	0.774519	1.0844	1.68781	5	1.264454
2373000	-98.64383	-124.9277	26.28384	10	2.163502	0.0116696	0.0758938	0.0531834	0.085195	0.168974	0.150944	0.10801	0.255021	0.281064	0.135301	0.133651	0.312041	0.671345	1.07359	1.94302	5	1.458907
2374000	-100.5478	-122.0864	21.53853	2	0.3898598	0.0326724	0.0437642	0.00720797	0.048523	0.0135536	0.0145855	0.156774	0.313913	0.0193175	0.140468	0.197948	0.0152791	0.174141	0.72007	3.09051	4	0.9887274
2375000	-88.9822	-120.8279	31.84568	10	0.1446933	0.0268172	0.00694624	0.0645646	0.0516981	0.0419724	0.0254042	0.048582	0.00543614	0.284973	0.110832	0.373927	3.78495e-05	0.00909506	0.225766	3.7651	5	1.041153
2376000	-101.0379	-124.1025	23.06465	10	2.79209	0.0683253	0.0288671	0.0698014	0.0518525	0.250055	0.00863501	0.188006	0.0175539	0.613452	0.427321	0.0157478	0.37251	0.719326	1.08128	1.82689	5	1.739617
2377000	-107.4893	-125.4515	17.96217	2	0.6131816	0.0595054	0.0489027	0.0238618	0.00921504	0.0265275	0.0202597	0.242387	0.106292	0.0575938	0.461071	0.0636146	0.0558376	0.31952	0.887898	2.73674	4	1.119231
2378000	-85.23069	-120.4719	35.2412	10	0.04603713	0.0255201	0.0173146	0.0112574	0.0529896	0.0654218	0.00756178	0.0410118	0.246113	0.036388	0.179597	0.0310094	4.6575e-14	3.22133e-07	0.00323077	3.99677	5	0.7141853
2379000	-93.67872	-123.4268	29.74803	10	1.144733	0.0422442	0.0109519	0.0485378	0.152848	0.0969853	0.0125418	0.190083	0.0955693	0.115489	0.474119	0.154334	0.164895	0.516315	1.02038	2.29841	5	1.393703
2380000	-88.55868	-122.3744	33.81572	10	0.3195275	0.0271526	0.0382596	0.0546437	0.0134367	0.0224146	0.0338633	0.145302	0.00357853	0.112987	0.200061	0.146238	0.00701242	0.119746	0.627185	3.24606	5	0.7979382
2381000	-107.6877	-124.0212	16.33357	2	1.275513	0.00788693	0.156307	0.0609346	0.0526533	0.00907898	0.00652245	0.285107	0.183952	0.389471	0.177698	0.0228267	0.188471	0.54636	1.03398	2.23119	4	1.352439
2382000	-97.76517	-124.4282	26.66304	10	0.4425325	0.119089	0.164609	0.0978181	0.0535133	0.0170048	0.0548141	0.198804	0.257337	0.0884441	0.403709	0.127879	0.0232979	0.212755	0.77349	2.99046	5	1.583022
2383000	-95.62412	-121.0807	25.45662	10	0.3085978	0.0150851	0.0283247	0.0523959	0.144097	0.0111583	0.042628	0.583849	0.0642364	0.0123746	0.538594	0.102188	0.00601864	0.111198	0.609963	3.27282	5	1.594931
2384000	-98.65173	-126.9722	28.32046	10	0.2708194	0.141323	0.0278166	0.0710883	0.061482	0.0362543	0.139069	0.056141	0.0999819	0.239748	0.147292	0.0553395	0.00322717	0.0820848	0.543384	3.3713	5	1.075535
2385000	-99.97454	-125.5263	25.55181	10	1.353731	0.0247763	0.00458254	0.0188782	0.174878	0.00133619	0.154348	0.218757	0.252482	0.124675	0.0201243	0.108361	0.201817	0.56225	1.04054	2.1954	5	1.103197
2386000	-91.37371	-126.5646	35.19089	10	0.03363273	0.0754897	0.0639048	0.0255815	0.0513422	0.114603	0.0431438	0.116284	0.0408986	0.128584	0.167387	0.061009	7.01067e-19	1.25111e-09	0.000322939	3.99968	5	0.8882279
2387000	-111.9074	-127.5778	15.67038	2	0.2480372	0.030076	0.0502406	0.00760499	0.155361	0.295344	0.0605732	0.148607	0.0575595	0.0492734	0.410828	0.0701138	0.00202154	0.0652761	0.497328	3.43537	4	1.335582
2388000	-85.93359	-121.5	35.56639	10	0.3979594	0.0196821	0.0254419	0.0121862	0.0611258	0.0168156	0.0273125	0.0315663	0.0519674	0.0937464	0.273288	0.250758	0.0164211	0.18023	0.729063	3.07429	5	0.8638906
2389000	-90.79881	-121.5775	30.77866	10	0.1421498	0.0110988	0.00492247	0.0299766	0.0742369	0.00481522	0.0572346	0.122381	0.140758	0.107148	0.0131279	0.248324	3.18988e-05	0.00835234	0.218038	3.77358	5	0.8140238
2390000	-103.0346	-129.453	26.4184	10	0.2468237	0.206701	0.0526233	0.0373485	0.0895413	0.0740456	0.0367466	0.145878	0.0294074	0.0845297	0.64591	0.0135841	0.00196701	0.0644059	0.494739	3.43889	5	1.416315
2391000	-98.90093	-122.5025	23.60156	10	0.9015603	0.0393893	0.0543992	0.0149533	0.119813	0.00186574	0.121919	0.45277	0.00770092	0.186269	0.310333	0.157617	0.116918	0.445024	0.981561	2.4565	5	1.467031
2392000	-100.2265	-120.8351	20.60858	2	0.6857636	0.0484299	0.0098057	0.0207841	0.134767	0.0410012	0.000696493	0.150078	0.155947	0.169085	0.1159	0.155376	0.0711503	0.356735	0.919476	2.65264	4	1.001871
2393000	-107.8519	-124.2753	16.42348	1	0.4164225	0.0428704	0.0031055	0.0727082	0.147723	0.0603601	0.01947	0.277188	0.00331231	0.507493	0.0269113	0.0253236	0.0191532	0.193914	0.748457	3.03848	3	1.186466
2394000	-101.992	-124.2826	22.29058	10	1.024156	0.0814007	0.0713325	0.0103834	0.141369	0.0226056	0.147875	0.144664	0.506732	0.0378939	0.374345	0.023386	0.141748	0.483894	1.00389	2.37047	5	1.561987
2395000	-102.8734	-126.2467	23.37331	2	0.429275	0.0195022	0.018375	0.01082	0.0570149	0.0216332	0.0173124	0.0868599	0.0380642	0.0719741	0.262689	0.042545	0.0211544	0.203266	0.761111	3.01447	4	0.6467899
2396000	-85.93727	-122.6927	36.75547	10	0.2562304	0.0142802	0.0176987	0.0899197	0.0142461	0.0177351	0.0255526	0.148559	0.0924749	0.061217	0.103264	0.0979094	0.00241493	0.0712249	0.514442	3.41192	5	0.6828573
2397000	-98.42298	-123.0953	24.67231	10	0.3006619	0.0346015	0.0135144	0.166983	0.0249664	0.00692024	0.13926	0.151104	0.194297	0.2501	0.0628786	0.00104774	0.00534915	0.10501	0.596913	3.29273	5	1.045671
2398000	-84.85916	-120.701	35.84183	10	0.043509	0.0298299	0.00126978	0.0397613	0.00391443	0.012155	0.0203434	0.177797	0.0896678	0.00844472	0.0541139	0.0503438	8.09926e-15	1.34361e-07	0.00224773	3.99775	5	0.4876406
2399000	-91.49036	-124.153	32.66267	10	0.4386425	0.0727297	0.054887	0.0408923	0.092193	0.0351917	0.0102227	0.0749022	0.355266	0.0767061	0.171443	0.0455792	0.0226609	0.209988	0.769926	2.99743	5	1.030013
2400000	-93.90365	-127.5791	33.67548	10	0.07889109	0.145599	0.0752363	0.0414342	0.0288544	0.01912	0.0257001	0.136575	0.00610142	0.0228584	0.10761	0.222241	1.29407e-08	0.000169333	0.0435035	3.95633	5	0.8313297
2401000	-101.1364	-126.3156	25.1792	2	0.2384213	0.0195283	0.0142385	0.0356336	0.0987315	0.0316365	0.107512	0.0718958	0.000208873	0.259189	0.0716962	0.0216054	0.00161534	0.058465	0.476424	3.4635	4	0.731875
2402000	-93.40466	-122.5423	29.13762	10	0.1298101	0.0141255	0.0551885	0.0899722	0.00534865	0.0144455	0.00987591	0.156453	0.19583	0.345639	0.013446	0.0433942	1.26467e-05	0.00526715	0.180481	3.81424	5	0.9437182
2403000	-92.69727	-123.2667	30.56947	10	0.7908368	0.0244277	0.0109798	0.0489241	0.0795495	0.094796	0.00776245	0.261512	0.063549	0.0723833	0.102905	0.132659	0.0936074	0.403419	0.954383	2.54859	5	0.8994475
2404000	-116.8214	-129.3069	12.48555	2	0.8670091	0.164935	0.0168184	0.117271	0.213356	0.17939	0.217381	0.322831	0.10805	0.232894	0.087258	0.181132	0.109717	0.432776	0.973923	2.48358	4	1.841316
2405000	-106.7297	-124.7981	18.06847	2	0.6812776	0.0128447	0.0538025	0.0110476	0.0282964	0.0339056	0.0675063	0.116247	0.209782	0.217006	0.11016	0.320523	0.0701945	0.354561	0.917728	2.65752	4	1.181121
2406000	-94.8474	-122.6577	27.81033	10	0.9832852	0.0548406	0.0202444	0.0292109	0.193792	0.046743	0.0665859	0.203796	0.0648028	0.202921	0.0890972	0.319649	0.133607	0.47167	0.997174	2.39755	5	1.291684
2407000	-99.33593	-124.6913	25.35536	10	0.02940781	0.0517197	0.0380846	0.0174682	0.144772	0.018645	0.0231264	0.126814	0.0748664	0.206827	0.0103681	0.298221	1.88058e-21	6.48217e-11	9.45642e-05	3.99991	5	1.010913
2408000	-98.24757	-122.0965	23.84897	10	1.212327	0.10708	0.0276566	0.0143422	0.0680572	0.0382574	0.0985602	0.0802822	0.329395	0.520466	0.246561	0.130779	0.17728	0.532434	1.02788	2.26241	5	1.661437
2409000	-108.1606	-124.8076	16.647	1	0.2803104	0.0483716	0.0205804	0.0121834	0.0579719	0.0249922	0.0577116	0.116685	0.291918	0.148128	0.282525	0.116658	0.00383435	0.0892944	0.561206	3.34567	3	1.177725
2410000	-116.5284	-125.4032	8.874725	2	4.022928	0.0844002	0.0102431	0.0127901	0.272086	0.121125	0.0818026	0.206709	0.0921174	0.336646	0.263868	0.370532	0.455617	0.775998	1.0844	1.68399	4	1.852318
2411000	-99.40149	-128.6133	29.21185	10	0.274991	0.0338536	0.0753002	0.235589	0.00338659	0.0628812	0.127599	0.0412065	0.130152	0.272005	0.0207434	0.365135	0.00348633	0.0852418	0.551313	3.35996	5	1.367851
2412000	-91.04167	-121.3886	30.34694	10	0.2158549	0.0341913	0.0825168	0.0150619	0.102432	0.0382356	0.0368596	0.188481	0.13202	0.321851	0.265706	0.0325004	0.000881999	0.0433935	0.423759	3.53197	5	1.249855
2413000	-99.15634	-123.2598	24.10346	10	1.637559	0.0712621	0.053591	0.0698883	0.0209434	0.0201726	0.0187444	0.180499	0.372564	0.33861	0.129577	0.0556879	0.245812	0.609959	1.05757	2.08666	5	1.331539
2414000	-111.579	-126.0906	14.51161	2	0.4837474	0.000965545	0.049102	0.128262	0.250503	0.0914018	0.0343574	0.386043	0.263812	0.0946021	0.135334	0.225303	0.0304164	0.241173	0.808073	2.92034	4	1.659686
2415000	-95.07782	-122.7519	27.67403	10	0.2974325	0.0540922	0.0092931	0.0249034	0.191681	0.0255981	0.239503	0.479339	0.212583	0.261184	0.152578	0.0193772	0.00508935	0.102499	0.591466	3.30095	5	1.670132
2416000	-94.67755	-121.204	26.52645	10	1.448771	0.0733765	0.0340906	0.0426886	0.0196152	0.0364771	0.0465896	0.182793	0.053581	0.214462	0.0660718	0.362559	0.217299	0.579801	1.04727	2.15563	5	1.132304
2417000	-99.92154	-127.8563	27.93471	10	0.5134146	0.0325189	0.133555	0.0960198	0.00850484	0.0128277	0.0244737	0.337691	0.0425944	0.0108938	0.262432	0.103668	0.0359002	0.260583	0.829789	2.87373	5	1.065179
2418000	-93.17911	-124.5154	31.33625	10	0.1753044	0.0603215	0.0150247	0.0223597	0.052353	0.0287433	0.0568198	0.152044	0.172522	0.0374294	0.357192	0.0616347	0.000200759	0.0208522	0.316225	3.66272	5	1.016443
2419000	-83.83966	-122.6691	38.82945	10	0.118783	0.0363372	0.00538715	0.0391808	0.03329	0.0163148	0.0411785	0.249261	0.104133	0.069043	0.000282353	0.0263616	4.70064e-06	0.00321518	0.147291	3.84949	5	0.6207697
2420000	-107.7744	-123.8493	16.0749	1	1.835624	0.011394	0.0153555	0.0559189	0.0491051	0.0214614	0.00676102	0.181219	0.228537	0.141631	0.27786	0.0901617	0.272831	0.636313	1.06527	2.02558	3	1.079403
2421000	-94.16173	-122.8763	28.71462	10	0.5261003	0.0486634	0.00312836	0.03962	0.101877	0.0848868	0.112888	0.0757465	0.272561	0.156822	0.340998	0.0772915	0.0383214	0.268614	0.838368	2.8547	5	1.314482
2422000	-86.42777	-121.8068	35.37902	10	0.119923	0.0239125	0.00396421	0.0409795	0.0402493	0.00962743	0.125962	0.106381	0.226788	0.0942188	0.0103685	0.041568	5.25123e-06	0.00339785	0.150686	3.84591	5	0.7240188
2423000	-103.043	-120.5792	17.53623	10	0.8970201	0.0844415	0.0441151	0.0457206	0.0450556	0.109902	0.0179868	0.0409716	0.284704	0.235671	0.0632227	0.649116	0.115977	0.44345	0.980595	2.45998	5	1.620906
2424000	-106.8927	-124.8653	17.97261	2	1.242459	0.0874486	0.00531074	0.0102884	0.0762184	0.248099	0.120824	0.325386	0.0686302	0.133494	0.249084	0.102788	0.182663	0.539204	1.03089	2.24725	4	1.427571
2425000	-89.54206	-122.194	32.65195	10	0.1071184	0.00192279	0.0185358	0.00708555	0.0747181	0.0211074	0.0321193	0.275706	0.0106299	0.226319	0.0956822	0.0393224	1.32134e-06	0.0017067	0.113388	3.8849	5	0.8031488
2426000	-91.80827	-121.8219	30.01366	10	0.6666063	0.0457951	0.0292434	0.012304	0.0192309	0.0192469	0.0277986	0.155018	0.025344	0.17301	0.158501	0.0101235	0.0670746	0.347339	0.911836	2.67375	5	0.6756146
2427000	-90.71174	-121.2229	30.51116	10	0.5510961	0.00403766	0.0192441	0.0274546	0.0115421	0.0499583	0.0545789	0.275691	0.0227282	0.23544	0.0871305	0.225946	0.0432055	0.28397	0.85416	2.81866	5	1.013751
2428000	-99.55169	-125.7952	26.24353	10	0.2310155	0.0843375	0.0819413	0.00352499	0.0581595	0.0176852	0.0838518	0.345392	0.0955237	0.267371	0.058725	0.406223	0.00134182	0.0533648	0.459705	3.48559	5	1.502735
2429000	-96.98922	-124.8594	27.87018	10	1.154589	0.118719	0.0767917	0.0412127	0.0300126	0.0201258	0.0723907	0.127865	0.0718547	0.164825	0.182999	0.1213	0.166727	0.51875	1.02154	2.29298	5	1.028096
2430000	-88.71433	-122.1681	33.45375	10	0.1538657	0.0107487	0.0153619	0.00404842	0.0192727	0.0171374	0.0162828	0.480698	0.0528873	0.0168534	0.0934546	0.140476	6.69129e-05	0.0120777	0.253453	3.7344	5	0.8672207
2431000	-101.3605	-128.8497	27.48919	10	0.9858949	0.00707675	0.0152747	0.0689047	0.0368369	0.181625	0.0337847	0.0767011	0.0362587	0.12434	0.192979	0.010079	0.134131	0.472471	0.997623	2.39578	5	0.7838602
2432000	-100.1097	-122.9814	22.87175	10	1.859227	0.0571979	0.011999	0.00869742	0.116795	0.0667023	0.0740346	0.25747	0.141604	0.379822	0.0732866	0.142816	0.275871	0.639158	1.06603	2.01894	5	1.330425
2433000	-99.71639	-127.4136	27.69718	10	0.1785054	0.00603036	0.0412005	0.0264556	0.053087	0.0502334	0.0683599	0.0711564	0.03581	0.174173	0.0562799	0.393426	0.00023124	0.0223676	0.325288	3.65211	5	0.9762121
2434000	-93.55141	-122.8182	29.26684	10	0.2377976	0.0390713	0.0185539	0.0598282	0.170726	0.0492191	0.0251091	0.12814	0.583885	0.0196618	0.0253791	0.0370855	0.00159101	0.0580303	0.475036	3.46534	5	1.156659
2435000	-94.95204	-122.9213	27.96922	10	0.8327674	0.0638404	0.0661135	0.0626477	0.0468718	0.0434362	0.171462	0.2945	0.188361	0.139447	0.0619982	0.371963	0.10251	0.419999	0.965637	2.51185	5	1.51064
2436000	-98.09172	-121.2598	23.16811	10	0.02915899	0.0459557	0.00285897	0.0159559	0.0719076	0.00638465	0.0973639	0.0571179	0.226186	0.403601	0.0567284	0.0591935	1.25781e-21	5.3014e-11	8.69946e-05	3.99991	5	1.043253
2437000	-114.2664	-129.0885	14.82214	2	0.2246588	0.0182794	0.12404	0.035197	0.000307593	0.0171353	0.247256	0.525723	0.140705	0.338476	0.048732	0.240501	0.00113316	0.0491017	0.444917	3.50485	4	1.736352
2438000	-99.77026	-122.067	22.29672	10	2.269329	0.0839557	0.0305345	0.217433	0.0601685	0.235835	0.0247886	0.315076	0.41354	0.0253034	0.466292	0.00813389	0.323436	0.680904	1.07547	1.92019	5	1.88106
2439000	-88.20501	-124.5444	36.33943	10	0.2440623	0.0283544	0.0339584	0.0411086	0.0152738	0.0522051	0.0107698	0.0770856	0.171753	0.00981353	0.0288795	0.0945929	0.00184648	0.0624366	0.488795	3.44692	5	0.5637943
2440000	-90.80046	-123.2174	32.41698	10	0.2446763	0.0394298	0.00963192	0.0812546	0.133993	0.0281311	0.0102888	0.097709	0.0862879	0.0208953	0.161902	0.186413	0.00187286	0.0628731	0.490123	3.44513	5	0.8559365
2441000	-87.16636	-121.2918	34.12548	10	0.468577	0.0698257	0.023828	0.00668109	0.00636181	0.0323789	0.0161443	0.099686	0.0684261	0.145068	0.162964	0.114655	0.0277221	0.230908	0.795985	2.94538	5	0.7460192
2442000	-98.35261	-123.4437	25.09104	10	0.5055928	0.0596105	0.0840272	0.174006	0.19913	0.0444597	0.0346448	0.0984431	0.533017	0.207931	0.217672	0.0392436	0.034429	0.255551	0.824296	2.88572	5	1.692185
2443000	-101.1701	-121.0952	19.92511	2	2.630727	0.0204834	0.0243496	0.0310177	0.0261193	0.0380293	0.0679521	0.190514	0.122399	0.162001	0.116349	0.253144	0.35851	0.708789	1.07997	1.85273	4	1.052359
2444000	-99.18877	-121.5136	22.32485	10	0.815767	0.0595286	0.0165558	0.0665159	0.0743616	0.0175363	0.014094	0.609898	0.213112	0.18817	0.369561	0.14579	0.0989091	0.413405	0.96123	2.52646	5	1.775124
2445000	-103.7033	-126.8266	23.12328	10	1.397797	0.0909181	0.0301695	0.113573	0.163359	0.251484	0.0591601	0.140483	0.223707	0.360259	0.000371478	0.11286	0.209094	0.570611	1.04381	2.17649	5	1.546345
2446000	-105.1359	-122.4388	17.30295	2	0.6508101	0.108969	0.00173654	0.0771464	0.000710407	0.0795269	0.113884	0.393814	0.239267	0.275372	0.0198979	0.139231	0.0637288	0.339366	0.905181	2.69172	4	1.449555
2447000	-89.14317	-124.5624	35.41922	10	0.1596568	0.0496201	0.0225124	0.000750985	0.0783324	0.0249089	0.00310472	0.240006	0.0342905	0.0633742	0.00229172	0.216423	9.2697e-05	0.0142036	0.270723	3.71498	5	0.7356148
2448000	-101.9258	-122.1148	20.18904	10	2.525429	0.114921	0.0847636	0.162649	0.030904	0.0873316	0.137682	0.426745	0.345632	0.481747	0.0274031	0.187248	0.348854	0.701331	1.07891	1.8709	5	2.087027
2449000	-91.00248	-121.1681	30.1656	10	0.1676183	0.0368336	0.0136671	0.00742179	0.174628	0.0492444	0.035855	0.214458	0.0855908	0.0362338	0.100355	0.301196	0.000139853	0.0174253	0.294108	3.68833	5	1.055483
2450000	-92.06642	-122.7554	30.68894	10	0.1947506	0.0374381	0.0720332	0.0123111	0.0262844	0.0101759	0.0397715	0.184914	0.110984	0.0577931	0.202753	0.0496074	0.000440985	0.030803	0.369819	3.59894	5	0.8040654
2451000	-102.2007	-124.1682	21.96757	10	2.98667	0.0709568	0.00453258	0.270467	0.0549352	0.122225	0.0442987	0.260974	0.298271	0.220777	0.284011	0.149749	0.388228	0.730787	1.08245	1.79854	5	1.781199
2452000	-92.98582	-121.6519	28.6661	10	0.7560312	0.0561919	0.073046	0.0323764	0.0020875	0.063719	0.0364415	0.144579	0.058238	0.24371	0.139528	0.173634	0.0861748	0.388811	0.943985	2.58103	5	1.023551
2453000	-86.38661	-122.9569	36.57034	10	0.8727586	0.0439085	0.0250899	0.026822	0.0106645	0.0234208	0.0085886	0.143503	0.0145878	0.0225433	0.134711	0.267161	0.110921	0.434858	0.975242	2.47898	5	0.7210007
2454000	-92.10868	-124.0302	31.9215	10	0.2261012	0.0315114	0.0121662	0.00497644	0.0910924	0.01325	0.0399915	0.115468	0.150602	0.135514	0.0532627	0.046625	0.00117845	0.0500592	0.448308	3.50045	5	0.694459
2455000	-97.88713	-123.133	25.24583	10	3.109822	0.095382	0.0318851	0.0439021	0.00854388	0.018375	0.0409966	0.1737	0.19158	0.308977	0.276954	0.0141386	0.397583	0.737433	1.08301	1.78198	5	1.204435
2456000	-101.2835	-127.2279	25.94437	2	0.6323919	0.044026	0.0238735	0.106107	0.000378865	0.0634567	0.0748767	0.0758708	0.0776054	0.100048	0.0830709	0.0844865	0.0598502	0.329806	0.896985	2.71336	4	0.7338007
2457000	-114.792	-125.4756	10.68362	2	1.704317	0.145885	0.0607482	0.0139695	0.205529	0.0562352	0.0727995	0.372927	0.1687	0.0433176	0.345259	0.472881	0.255231	0.619373	1.06046	2.06493	4	1.958253
2458000	-104.5487	-120.9309	16.38226	1	0.6656857	0.0923573	0.0561506	0.0308855	0.00731056	0.0104549	0.0172883	0.294693	0.0518681	0.0579195	0.171437	0.375297	0.0668792	0.34688	0.911457	2.67478	3	1.165662
2459000	-93.65003	-123.5546	29.90458	10	1.30759	0.03972	0.0612794	0.088175	0.2025	0.0196162	0.0684763	0.324558	0.032555	0.106101	0.241466	0.122776	0.194012	0.553047	1.0368	2.21615	5	1.307224
2460000	-97.92622	-128.2376	30.31142	10	1.032974	0.0479846	0.0121737	0.00233777	0.0185882	0.039419	0.200427	0.0958392	0.0724166	0.113701	0.177826	0.22063	0.143486	0.486443	1.00526	2.36482	5	1.001344
2461000	-101.5513	-125.5418	23.99053	10	2.323254	0.0974066	0.0508676	0.0718626	0.0644822	0.124201	0.0279926	0.142614	0.040745	0.225478	0.0999681	0.249179	0.329032	0.685505	1.07631	1.90915	5	1.194797
2462000	-95.47703	-122.2953	26.81829	10	0.08408674	0.0115762	0.0440384	0.00407372	0.0345029	0.0469815	0.123372	0.153787	0.0831841	0.138139	0.601214	0.235824	3.82946e-08	0.000291164	0.054479	3.94523	5	1.476692
2463000	-105.407	-127.2249	21.81793	10	0.9302291	0.0883918	0.00150898	0.058896	0.348323	0.0326993	0.00636911	0.135597	0.0611618	0.54886	0.0467826	0.0293576	0.122831	0.454727	0.987403	2.43504	5	1.357948
2464000	-91.07613	-122.8255	31.74934	10	0.7341625	0.0384138	0.0409417	0.0158631	0.00510492	0.125101	0.0560439	0.217734	0.101987	0.315062	0.0792271	0.0491804	0.0814952	0.379213	0.936899	2.60239	5	1.04466
2465000	-95.38466	-124.1458	28.76115	10	0.5526935	0.00219463	0.0145173	0.0303319	0.178786	0.0421696	0.121213	0.307143	0.0639483	0.0713227	0.444276	0.00503992	0.0435222	0.284931	0.855122	2.81642	5	1.280942
2466000	-94.62237	-123.5702	28.94787	10	0.4193197	0.00656127	0.0545687	0.00612703	0.0929593	0.0326264	0.0331842	0.129359	0.183824	0.159181	0.317699	0.0545833	0.0195974	0.196035	0.751368	3.033	5	1.070673
2467000	-102.0408	-126.4465	24.40578	10	0.1053368	0.0168725	0.0357851	0.021045	0.0973449	0.0625904	0.0962959	0.152855	0.0888282	0.321276	0.20419	0.11477	1.06188e-06	0.00153026	0.108383	3.89009	5	1.211853
2468000	-96.7033	-121.6313	24.92796	10	0.641682	0.04637	0.099664	0.00748062	0.00299638	0.0344269	0.00188434	0.124035	0.149633	0.241771	0.238237	0.306444	0.0618032	0.334664	0.90118	2.70235	5	1.252941
2469000	-98.0566	-129.7509	31.6943	10	0.03988212	0.005629	0.0296558	0.0128414	0.00870848	0.0147038	0.0492282	0.321863	0.25882	0.0843196	0.156068	0.080998	4.47017e-16	3.15753e-08	0.00123257	3.99877	5	1.022835
2470000	-93.48582	-121.3761	27.89031	10	0.1502771	0.0168897	0.0105069	0.0431256	0.101235	0.0289301	0.00113439	0.329759	0.154401	0.0448077	0.312032	0.0720943	5.39885e-05	0.0108542	0.242662	3.74643	5	1.114918
2471000	-88.1053	-121.0483	32.94295	10	0.07579468	0.0177013	0.00594679	0.0239627	0.0430324	0.0121526	0.00839361	0.0517476	0.057127	0.0413375	0.0299646	0.163755	6.31553e-09	0.000118326	0.037489	3.96239	5	0.4551216
2472000	-101.7786	-129.5987	27.82014	10	0.1536652	0.0728663	0.0473166	0.0241494	0.102731	0.148552	0.0402869	0.428202	0.328849	0.0620405	0.0465603	0.0039418	6.61328e-05	0.0120074	0.252852	3.73507	5	1.305495
2473000	-99.40408	-125.2229	25.81879	10	0.6065037	0.0209623	0.0125721	0.0452749	0.127347	0.131947	0.289278	0.160988	0.135964	0.00675963	0.0616025	0.332177	0.0544522	0.315868	0.884601	2.74508	5	1.324872
2474000	-93.63872	-122.0113	28.37255	10	0.5645056	0.0237456	0.0588409	0.0123795	0.193591	0.0151019	0.0274301	0.183318	0.0766328	0.25508	0.443501	0.0764058	0.04588	0.291957	0.862071	2.80009	5	1.366027
2475000	-87.32956	-120.6183	33.28877	10	0.1498308	0.0299213	0.000502512	0.111376	0.00710708	0.0240549	0.0170024	0.0508199	0.271002	0.161392	0.00874027	0.308423	5.25288e-05	0.0107071	0.241316	3.74792	5	0.9903408
2476000	-100.8407	-123.6657	22.82498	2	0.3631186	0.0832096	0.00565366	0.076555	0.132777	0.0355994	0.031192	0.264046	0.0932813	0.188761	0.0640869	0.0218038	0.0117729	0.153719	0.688075	3.14643	4	0.9969654
2477000	-94.87828	-123.3649	28.48665	10	0.7930084	0.0219889	0.00307627	0.0136331	0.118105	0.0725013	0.0351528	0.385285	0.0199983	0.117263	0.354208	0.141987	0.0940701	0.404304	0.954999	2.54663	5	1.2832
2478000	-89.60062	-123.6251	34.02448	10	0.451587	0.0114502	0.0528109	0.0649229	0.0701526	0.0554165	0.0312453	0.144769	0.136932	0.128277	0.190675	0.135575	0.0248053	0.219141	0.781574	2.97448	5	1.022226
2479000	-92.1374	-121.4196	29.28217	10	0.9319324	0.050655	0.0547596	0.0343168	0.00838979	0.0536824	0.0418714	0.20166	0.10441	0.0524494	0.392196	0.0981623	0.12318	0.455291	0.987737	2.43379	5	1.092552
2480000	-87.68352	-124.4841	36.80054	10	0.2145092	0.0209884	0.0398406	0.0159602	0.0174944	0.0452547	0.015238	0.0651171	0.130541	0.134874	0.0022451	0.180344	0.000847316	0.0425427	0.420455	3.53616	5	0.6678967
2481000	-96.0375	-121.4435	25.40597	10	0.369562	0.0689574	0.0418308	0.00853836	0.121055	0.0314417	0.0566075	0.377913	0.148299	0.327059	0.149967	0.0912437	0.0125793	0.15868	0.696124	3.13262	5	1.422911
2482000	-87.05388	-121.6123	34.55846	10	0.1782413	0.0373551	0.0212349	0.0159059	0.0233741	0.00789211	0.0350517	0.0572341	0.286268	0.225471	0.039044	0.126673	0.000228603	0.0222407	0.324543	3.65299	5	0.8755034
2483000	-101.3465	-123.1462	21.79969	10	3.707596	0.0358676	0.022706	0.0587167	0.127648	0.00426622	0.0406909	0.184106	0.138173	0.202384	0.563337	0.0645618	0.43754	0.764449	1.08432	1.71369	5	1.442457
2484000	-86.93266	-120.0484	33.11573	10	0.3575745	0.0426099	0.0195874	0.0144439	0.00573105	0.0907049	0.0993795	0.382339	0.0429647	0.0641726	0.22575	0.135385	0.0110995	0.149433	0.680965	3.1585	5	1.123067
2485000	-101.4777	-127.4039	25.92618	10	0.0913731	0.0313557	0.0239012	0.0897117	0.166258	0.0837105	0.175096	0.30114	0.469016	0.0025917	0.0238122	0.0703026	1.42425e-07	0.000561155	0.0715234	3.92792	5	1.436896
2486000	-99.85401	-123.2792	23.42516	10	0.2167471	0.0195599	0.0162636	0.186276	0.278187	0.0491373	0.0182542	0.3809	0.0149644	0.122233	0.100395	0.386474	0.000905523	0.0439609	0.425939	3.52919	5	1.572643
2487000	-91.55381	-121.4528	29.89899	10	0.3016933	0.0106162	0.0236745	0.00987378	0.0980154	0.068747	0.0320884	0.341398	0.0522979	0.416699	0.112357	0.172068	0.00543367	0.105813	0.598636	3.29012	5	1.337835
2488000	-103.5769	-121.1032	17.52626	10	0.4041535	0.0795402	0.0213603	0.0243474	0.280311	0.000693463	0.128299	0.204766	0.14999	0.617452	0.229308	0.252091	0.0173181	0.184852	0.735736	3.06209	5	1.988159
2489000	-110.7354	-125.7724	15.03691	2	2.419756	0.0452481	0.00769017	0.0223678	0.272315	0.0311498	0.0581158	0.11314	0.172793	0.202746	0.146489	0.184175	0.338714	0.693325	1.07766	1.8903	4	1.25623
2490000	-88.21053	-120.2574	32.04682	10	0.07471788	0.0287798	0.00791847	0.0262457	0.0280954	0.015824	0.0100536	0.00448597	0.284604	0.0231908	0.0647635	0.149498	4.853e-09	0.000103734	0.0354955	3.9644	5	0.6434592
2491000	-85.2755	-122.2671	36.99162	10	0.05512731	0.0463205	0.00118984	0.0234685	0.0532871	0.0167584	0.0430125	0.157377	0.114927	0.0335875	0.0736442	0.0294448	6.66697e-12	3.85116e-06	0.00904558	3.99095	5	0.5930169
2492000	-93.51845	-125.4473	31.92889	10	0.2833262	0.0221379	0.0179473	0.0165045	0.164722	0.0241027	0.0838005	0.335977	0.133146	0.0308958	0.16021	0.114355	0.00404046	0.0916041	0.566709	3.33765	5	1.103798
2493000	-90.56447	-120.2369	29.67243	10	0.599113	0.0684912	0.00834267	0.0111985	0.0658596	0.0951921	0.0138173	0.108496	0.158416	0.219354	0.299038	0.0904664	0.0529252	0.311779	0.880866	2.75443	5	1.138671
2494000	-86.26646	-121.1403	34.87379	10	0.7290992	0.0248204	0.0106478	0.0551478	0.0932942	0.0149633	0.0370921	0.234197	0.0376541	0.0497856	0.14179	0.28681	0.0804115	0.376942	0.935192	2.60745	5	0.9862013
2495000	-92.71793	-125.5331	32.81519	10	0.8252898	0.0541103	0.00643729	0.01941	0.0279414	0.0948453	0.0537009	0.0999797	0.106934	0.042273	0.108131	0.036808	0.100928	0.41712	0.963723	2.51823	5	0.6505709
2496000	-100.862	-122.7528	21.89088	10	0.5233924	0.113956	0.0170579	0.180903	0.142872	0.0176184	0.0130938	0.444736	0.0126271	0.199608	0.377812	0.226221	0.0378011	0.266913	0.83657	2.85872	5	1.746505
2497000	-91.52644	-120.7202	29.19374	10	0.05806962	0.053141	0.00667458	0.0362567	0.0317186	0.0250515	0.0419358	0.148653	0.0709636	0.0223201	0.385625	0.0151056	2.38277e-11	7.27882e-06	0.0117809	3.98821	5	0.8374452
2498000	-98.10307	-124.8147	26.71158	10	0.1040994	0.0323949	0.0163986	0.166605	0.0131245	0.0448815	0.0235424	0.454272	0.0123696	0.37375	0.0995404	0.0787666	9.08286e-07	0.00141543	0.10494	3.89364	5	1.315645
2499000	-99.99407	-125.6334	25.63932	10	1.023227	0.0305965	0.0226567	0.0343029	0.180366	0.0890983	0.000788704	0.132965	0.140096	0.10955	0.155983	0.0351726	0.141565	0.483624	1.00374	2.37107	5	0.9315757
2500000	-99.90112	-122.6041	22.70299	10	0.8665065	0.0373055	0.0508295	0.0124589	0.0598368	0.100912	0.0553333	0.203912	0.0479089	0.166883	0.323717	0.310603	0.109612	0.432593	0.973807	2.48399	5	1.3697
2501000	-92.32635	-122.8744	30.54804	10	0.4414887	0.0130015	0.0197784	0.0113193	0.0292634	0.00875973	0.22273	0.332419	0.141151	0.0745468	0.127517	0.13401	0.0231263	0.212014	0.772539	2.99232	5	1.114496
2502000	-96.04708	-120.9863	24.93919	10	0.3376961	0.0970315	0.0629152	0.010359	0.0884975	0.0223793	0.0419808	0.17838	0.123897	0.361651	0.387643	0.251452	0.00884501	0.133963	0.654003	3.20319	5	1.626187
2503000	-87.29428	-119.1373	31.84298	10	0.4085384	0.0281261	0.0137478	0.00829866	0.0137409	0.0509254	0.0123038	0.239291	0.042365	0.218828	0.0408593	0.111736	0.0179652	0.188105	0.740357	3.05357	5	0.7802223
2504000	-95.33785	-119.4791	24.14127	10	0.5469573	0.073815	0.00372014	0.00540762	0.0549436	0.0227468	0.042755	0.241384	0.104169	0.2427	0.0927051	0.131674	0.0423872	0.28147	0.851642	2.8245	5	1.01602
2505000	-98.13304	-123.4185	25.28542	10	0.3860549	0.00226952	0.0311883	0.119887	0.104994	0.0962443	0.161144	0.416954	0.187915	0.509718	0.153564	0.0461509	0.0147551	0.171264	0.715738	3.09824	5	1.830029
2506000	-90.11747	-119.3201	29.20258	10	0.6775737	0.0660632	0.0130163	0.00126834	0.0240046	0.0963698	0.0246919	0.326324	0.111985	0.139318	0.357506	0.130651	0.0694059	0.352754	0.916266	2.66157	5	1.291199
2507000	-111.4015	-128.9824	17.58091	2	0.7171811	0.0978664	0.00185865	0.0338012	0.0487109	0.0283406	0.0366978	0.160879	0.116131	0.0763875	0.424351	0.260476	0.0778613	0.371525	0.931072	2.61954	4	1.285499
2508000	-102.6953	-121.8079	19.11257	2	0.9981609	0.0916166	0.00493842	0.0461936	0.0299646	0.0788257	0.03249	0.356012	0.181586	0.0677743	0.168481	0.121956	0.136587	0.476198	0.999695	2.38752	4	1.179839
2509000	-103.9126	-121.6449	17.73233	2	0.58992	0.0867797	0.0068887	0.0629699	0.0532687	0.0700405	0.0372311	0.201559	0.159433	0.100899	0.295734	0.175443	0.0510359	0.306623	0.876088	2.76625	4	1.250246
2510000	-98.48477	-126.6858	28.20099	10	3.155785	0.125755	0.0102202	0.0542172	0.0501107	0.0204981	0.143941	0.23515	0.389116	0.0574082	0.0113802	0.149718	0.400966	0.739804	1.08318	1.77605	5	1.247514
2511000	-108.2077	-124.7036	16.49587	2	1.484496	0.0583328	0.0554725	0.105043	0.0215822	0.0145101	0.0386926	0.0730152	0.0493651	0.429401	0.29066	0.280174	0.222918	0.585955	1.0495	2.14163	4	1.416248
2512000	-93.86243	-122.3227	28.46022	10	0.3826886	0.054495	0.0176346	0.065377	0.0523614	0.0353679	0.00539074	0.395339	0.0704386	0.0226947	0.284471	0.130133	0.0142982	0.16871	0.711847	3.10514	5	1.133703
2513000	-101.4841	-125.2775	23.79339	10	0.2014796	0.102694	0.0549432	0.0769221	0.0226437	0.108956	0.0392938	0.136641	0.0890786	0.000938936	0.130867	0.290949	0.000558828	0.0346334	0.387509	3.5773	5	1.053928
2514000	-93.08446	-126.9981	33.9136	10	0.4318323	0.0244283	0.025459	0.107102	0.106097	0.0479503	0.0561783	0.135955	0.0456989	0.1361	0.121218	0.171495	0.0215618	0.205109	0.763551	3.00978	5	0.9776828
2515000	-90.00791	-120.1273	30.11938	10	0.4112133	0.0156515	0.000555751	0.0118793	0.00387742	0.0453094	0.00845558	0.122702	0.111396	0.189011	0.0866463	0.348145	0.0183648	0.190082	0.743135	3.04842	5	0.943629
2516000	-111.4488	-132.52	21.07117	1	0.1772872	0.108737	0.0452018	0.0223686	0.00678165	0.0142874	0.0568739	0.154276	0.143749	0.0803822	0.0482238	0.0647284	0.000219261	0.0217849	0.321849	3.65615	3	0.7456103
2517000	-95.79933	-124.1613	28.36195	10	0.03817654	0.0220497	0.00027287	0.0687448	0.00151446	0.0487117	0.0470323	0.183416	0.487856	0.00728683	0.181812	0.0659243	9.46274e-17	1.45297e-08	0.00089322	3.99911	5	1.11462
2518000	-88.90575	-124.004	35.09825	10	0.1679899	0.0452089	0.0340295	0.0164381	0.0889272	0.0256667	0.0317966	0.0110391	0.396294	0.00544819	0.0986636	0.164459	0.000142428	0.0175839	0.295189	3.68709	5	0.9179711
2519000	-99.3321	-120.2186	20.8865	10	0.6609554	0.0337738	0.0476849	0.0802141	0.0761781	0.0533188	0.0219103	0.427269	0.111594	0.117388	0.0245073	0.640397	0.065876	0.34451	0.909493	2.68012	5	1.634236
2520000	-99.13728	-129.498	30.36075	10	0.2311873	0.0634938	0.108866	0.0679892	0.0194068	0.0917076	0.0766482	0.242215	0.0346289	0.0975109	0.0738021	0.0906065	0.00134779	0.0534815	0.460099	3.48507	5	0.9668748
2521000	-87.52122	-121.4603	33.93906	10	0.03404759	0.0160169	0.00232742	0.0460844	0.117876	0.0148189	0.0593361	0.0143829	0.344059	0.0468725	0.00779863	0.189014	1.15836e-18	1.60814e-09	0.000358389	3.99964	5	0.8585875
2522000	-102.9599	-125.7638	22.80398	10	0.2717663	0.0449741	0.0540683	0.175398	0.00739981	0.0765195	0.092007	0.209379	0.308125	0.0640895	0.0789464	0.334749	0.00328494	0.0827997	0.545197	3.36872	5	1.445655
2523000	-91.3123	-123.4062	32.09394	10	0.100052	0.0629512	0.00812718	0.0434695	6.85912e-05	0.0615045	0.0238072	0.0424821	0.289039	0.176675	0.210048	0.00664243	5.30323e-07	0.00108197	0.0938931	3.90502	5	0.9248149
2524000	-95.22425	-125.1237	29.8994	10	0.7520615	0.00959618	0.0135418	0.120708	0.158196	0.032364	0.0474739	0.183508	0.0539152	0.182622	0.0718061	0.263473	0.0853256	0.387093	0.942732	2.58485	5	1.137205
2525000	-89.71253	-120.0498	30.33725	10	0.3902626	0.0629075	0.00313705	0.00591561	0.0190114	0.00453941	0.0726822	0.329076	0.13457	0.0975716	0.0445884	0.142682	0.015335	0.174445	0.720525	3.08969	5	0.9166805
2526000	-95.56016	-122.0619	26.50173	10	0.312193	0.0481491	0.0135552	0.0384488	0.0592018	0.0162397	0.0463496	0.0945301	0.177609	0.230987	0.132123	0.154726	0.00633639	0.114008	0.615722	3.26393	5	1.01192
2527000	-108.5975	-122.763	14.16557	1	3.666818	0.0691423	0.0185663	0.00873054	0.0354211	0.067494	0.0941101	0.181929	0.320989	0.141266	0.0556027	0.0939662	0.435067	0.762837	1.08429	1.71781	3	1.087217
2528000	-88.25942	-122.2421	33.98264	10	0.3634816	0.042088	0.0253416	0.0628469	0.00176315	0.0615745	0.0393733	0.142461	0.0995949	0.0268318	0.142219	0.24062	0.0118177	0.153999	0.688534	3.14565	5	0.8847141
2529000	-86.8162	-118.8207	32.00446	10	0.4296566	0.0232573	0.0135316	0.009493	0.0405644	0.0123249	0.0630054	0.301604	0.204795	0.155526	0.102736	0.147254	0.021215	0.203542	0.761477	3.01377	5	1.074092
2530000	-98.88436	-121.4044	22.52002	2	0.1748848	0.0445802	0.0428708	0.0251895	0.0342545	0.0226444	0.140752	0.217655	0.05268	0.20487	0.126774	0.219645	0.000196997	0.0206574	0.31503	3.66412	4	1.131915
2531000	-93.97783	-121.8417	27.86392	10	1.134796	0.0140297	0.0297203	9.26452e-05	0.00627582	0.0744688	0.205212	0.329837	0.343795	0.0316538	0.284392	0.165348	0.163038	0.51383	1.01918	2.30395	5	1.484825
2532000	-94.45391	-121.3075	26.85355	10	0.8765052	0.0646076	0.0209966	0.0203689	0.102694	0.0998384	0.073953	0.0302711	0.350791	0.0480874	0.460456	0.236921	0.111704	0.436205	0.976091	2.476	5	1.508986
2533000	-100.3132	-122.8357	22.5225	2	0.189025	0.0791934	0.011541	0.0663634	0.0220522	0.0474758	0.0285702	0.14797	0.165027	0.117328	0.131596	0.185306	0.000355733	0.0276936	0.354413	3.61754	4	1.002423
2534000	-113.0664	-129.8177	16.75123	2	3.264675	0.155771	0.117	0.0676674	0.029438	0.0131607	0.0101672	0.13577	0.0452195	0.077754	0.229608	0.002344	0.408755	0.745204	1.08354	1.7625	4	0.883899
2535000	-93.42971	-126.352	32.92225	10	0.2233778	0.0216623	0.0158193	0.0498905	0.102915	0.0331379	0.0390468	0.198488	0.0161901	0.323992	0.0142468	0.0240206	0.00109393	0.0482565	0.441887	3.50876	5	0.8394098
2536000	-103.5131	-123.6387	20.12559	2	0.1503228	0.0523083	0.0319554	0.002093	0.0054567	0.0265675	0.124882	0.136589	0.0312505	0.114071	0.136877	0.315115	5.41399e-05	0.0108693	0.2428	3.74628	4	0.9771655
2537000	-95.59767	-123.7986	28.2009	10	0.4346368	0.150237	0.0414828	0.0152549	0.0617181	0.0724408	0.0122725	0.413523	0.278406	0.0608143	0.102708	0.0266322	0.0220119	0.207124	0.766197	3.00467	5	1.23549
2538000	-89.38237	-121.9486	32.56618	10	0.06001342	0.0584903	0.0316714	0.0142599	0.0412804	0.00497389	0.0562375	0.0546924	0.190771	0.327997	0.103416	0.0308458	5.1612e-11	1.07109e-05	0.0138296	3.98616	5	0.9146351
2539000	-92.90361	-123.3142	30.4106	10	0.06807605	0.0470934	0.0229583	0.02978	0.194204	0.00215806	0.0747259	0.00665944	0.417662	0.0178916	0.244949	0.0158276	7.94929e-10	4.2007e-05	0.0243883	3.97557	5	1.07391
2540000	-90.61258	-122.8515	32.2389	10	0.4439625	0.0415462	0.0100436	0.0582577	0.109375	0.00815986	0.0303929	0.150427	0.240784	0.0145504	0.0769855	0.0445106	0.0235337	0.213769	0.774786	2.98791	5	0.785033
2541000	-91.33527	-120.9295	29.59427	10	0.3830831	0.0357583	0.026025	0.099785	0.00462979	0.0768579	0.0933657	0.101944	0.218586	0.212952	0.0867962	0.383467	0.0143514	0.16901	0.712306	3.10433	5	1.340166
2542000	-97.34804	-122.4334	25.08536	2	0.216216	0.0219672	0.0186235	0.00386477	0.0157725	0.00588451	0.0614865	0.211787	0.207884	0.0411684	0.129744	0.0358266	0.000891468	0.0436228	0.424642	3.53084	4	0.7540084
2543000	-105.9141	-120.0908	14.17674	2	2.784925	0.0538102	0.0379556	0.0683349	0.0871913	0.0640833	0.0817232	0.374114	0.213936	0.0811937	0.328638	0.143313	0.371907	0.718879	1.08123	1.82799	4	1.534292
2544000	-89.84796	-121.5567	31.70877	10	0.2079547	0.00657365	0.0363736	0.0750386	0.0666236	0.00821857	0.0421501	0.259433	0.0272317	0.237555	0.227764	0.229499	0.000691751	0.0384869	0.404098	3.55672	5	1.216462
2545000	-89.80172	-119.8683	30.06655	10	0.2158257	0.0890539	0.00228833	0.0227066	0.00550621	0.040763	0.0415276	0.00509936	0.296806	0.134692	0.0517619	0.311393	0.000881236	0.043375	0.423687	3.53206	5	1.001597
2546000	-90.45657	-120.3837	29.92717	10	0.1819345	0.0500719	0.0153055	0.0182268	0.00485461	0.0255002	0.0705338	0.271964	0.406314	0.102572	0.0559262	0.173597	0.00026756	0.0240465	0.334895	3.64079	5	1.194866
2547000	-113.5703	-126.937	13.36668	1	0.1657128	0.0491857	0.00127932	0.0153109	0.00476535	0.197961	0.0528446	0.175301	0.0370362	0.537357	0.274439	0.171737	0.000127201	0.0166233	0.288553	3.6947	3	1.517217
2548000	-97.48668	-120.6644	23.17775	10	1.199285	0.0869866	0.00491453	0.0329699	0.0409383	0.00183219	0.0461947	0.51547	0.172523	0.302762	0.0353838	0.0401174	0.174923	0.529427	1.02651	2.26914	5	1.280093
2549000	-91.60688	-121.6782	30.07129	10	1.285054	0.0472894	0.0499121	0.0202467	0.0588077	0.0501858	0.0246596	0.16432	0.0773219	0.28561	0.119554	0.146303	0.190129	0.548375	1.03484	2.22666	5	1.04421
2550000	-95.62629	-124.4087	28.78238	10	0.9886097	0.0747426	0.0157524	0.137239	0.0195082	0.046204	0.00806236	0.201365	0.0512584	0.138708	0.0775472	0.36315	0.134676	0.473301	0.998087	2.39394	5	1.133536
2551000	-95.75447	-125.6821	29.92762	10	0.4369193	0.0104569	0.0427203	0.0465343	0.0815142	0.0457965	0.0534397	0.230412	0.15795	0.0138209	0.129004	0.19718	0.0223809	0.208758	0.768329	3.00053	5	1.008829
2552000	-96.04365	-122.3825	26.33886	10	0.1336379	0.016712	0.0348974	0.0347081	0.00356727	0.00115205	0.0220627	0.261425	0.357091	0.0406482	0.0293893	0.252651	1.71621e-05	0.00613298	0.192121	3.80173	5	1.054304
2553000	-102.0505	-126.394	24.34347	10	4.446043	0.0508667	0.0718431	0.12309	0.120673	0.0298694	0.018417	0.398698	0.128039	0.115278	0.00368953	0.144921	0.477305	0.789347	1.08411	1.64924	5	1.205385
2554000	-86.05784	-119.8512	33.79339	10	0.0391221	0.0122811	0.00269345	0.00712811	0.0186661	0.00759981	0.0212618	0.131964	0.0678303	0.12503	0.119563	0.0686139	2.27569e-16	2.25304e-08	0.00107152	3.99893	5	0.5826314
2555000	-100.6536	-124.4325	23.77894	10	4.240575	0.0523378	0.0035745	0.0482093	0.193024	0.215745	0.115267	0.35932	0.144977	0.0825684	0.249591	0.0814593	0.467109	0.783138	1.08429	1.66546	5	1.546073
2556000	-96.59662	-123.1564	26.55978	10	3.087996	0.059039	0.0558586	0.0529068	0.080853	0.038519	0.00872045	0.416174	0.0910276	0.127209	0.0571071	0.174835	0.395957	0.736287	1.08292	1.78484	5	1.16225
2557000	-97.65432	-125.8251	28.17079	10	1.386289	0.0267015	0.0151249	0.0924546	0.0387964	0.156409	0.0485651	0.0420613	0.193772	0.291199	0.242131	0.0451732	0.20721	0.568466	1.04298	2.18134	5	1.192388
2558000	-102.2608	-122.6783	20.41747	10	2.075121	0.0990382	0.00682905	0.183227	0.100943	0.0983335	0.107001	0.140197	0.307356	0.0165327	0.361676	0.177907	0.30208	0.662771	1.07176	1.96339	5	1.59904
2559000	-91.56264	-121.3234	29.76072	10	0.8798792	0.0269434	0.0354561	0.0403363	0.0107027	0.153319	0.150277	0.305179	0.123606	0.238041	0.0417431	0.238849	0.112409	0.437411	0.976848	2.47333	5	1.364452
2560000	-90.05351	-123.0853	33.03175	10	0.1551569	0.022421	0.0413669	0.0342179	0.0482296	0.0766072	0.0093538	0.157218	0.378532	0.0998993	0.15621	0.0910772	7.21088e-05	0.0125356	0.25732	3.73007	5	1.115133
2561000	-93.53038	-125.6799	32.14952	10	0.6175591	0.114793	0.0273502	0.0305491	0.0538857	0.0304968	0.0322177	0.230899	0.0811526	0.142885	0.0370958	0.00432089	0.0567486	0.321893	0.890019	2.73134	5	0.7856465
2562000	-98.41175	-125.365	26.9533	10	0.1506131	0.00788368	0.00744989	0.0458534	0.0711053	0.0983686	0.135446	0.236122	0.35662	0.0926079	0.064524	0.313015	5.51084e-05	0.0109657	0.243675	3.7453	5	1.428996
2563000	-87.4302	-119.3801	31.9499	10	0.6999514	0.0522351	0.00854365	0.0146303	0.0175588	0.0124371	0.0187367	0.179524	0.252597	0.05798	0.0192014	0.117615	0.0741779	0.363507	0.92485	2.63746	5	0.7510594
2564000	-113.4353	-129.8684	16.43303	1	0.5477074	0.156914	0.0528587	0.100295	0.0423789	0.0140265	0.0131382	0.201819	0.133844	0.144469	0.191129	0.121509	0.0425353	0.281924	0.852101	2.82344	3	1.172382
2565000	-98.27852	-128.9796	30.70105	10	0.9624279	0.0151139	0.044847	0.0197509	0.0230344	0.137164	0.0671985	0.130263	0.331	0.0356769	0.111736	0.189559	0.129398	0.46516	0.993484	2.41196	5	1.105343
2566000	-119.5007	-120.9141	1.413487	1	1.014457	0.112512	0.0220657	0.321561	0.00139227	0.0490798	0.171453	0.440498	0.495632	0.43446	0.562238	0.0167693	0.139829	0.481054	1.00235	2.37676	3	2.627662
2567000	-95.13327	-119.8411	24.70781	10	0.3045416	0.0445621	0.0530951	0.0811276	0.0477173	0.0410396	0.0852841	0.447635	0.426088	0.341059	0.0900643	0.171026	0.00567094	0.108033	0.603352	3.28294	5	1.828698
2568000	-90.61705	-119.9787	29.36165	10	2.171559	0.0341311	0.00336625	0.0146677	0.051844	0.00646652	0.0933081	0.370792	0.0883346	0.175487	0.206182	0.217264	0.312928	0.672099	1.07374	1.94123	5	1.261844
2569000	-94.21521	-122.8624	28.64718	10	0.1462259	0.0218463	0.00133147	0.0729384	0.0409266	0.117364	0.0265797	0.186565	0.131299	0.325176	0.00135971	0.0120812	4.1838e-05	0.00956032	0.230414	3.75998	5	0.9374675
2570000	-85.75842	-120.8001	35.04168	10	0.09425785	0.0187287	0.000732194	0.0345662	0.0588425	0.00733229	0.00835069	0.202102	0.0177803	0.0377511	0.0583293	0.4014	2.26485e-07	0.000707453	0.0787352	3.92056	5	0.8459156
2571000	-93.47774	-124.8712	31.39351	10	0.1707552	0.0285721	0.0171799	0.119273	0.0293624	0.0450692	0.0439572	0.241497	0.0306287	0.0165509	0.0576898	0.246284	0.000162727	0.0187871	0.303193	3.67786	5	0.876064
2572000	-105.9969	-122.802	16.80514	1	0.9271459	0.0800616	0.0254392	0.0982635	0.0417732	0.0555433	0.0105641	0.222678	0.241571	0.103009	0.194007	0.0243182	0.122198	0.453702	0.986795	2.4373	3	1.097228
2573000	-98.39395	-121.116	22.72209	10	0.479981	0.0530765	0.0292761	0.00737858	0.0314529	0.105933	0.128061	0.675112	0.366506	0.139298	0.0071327	0.090041	0.02974	0.238646	0.805137	2.92648	5	1.633269
2574000	-99.93905	-127.4239	27.48488	10	0.3743467	0.0207946	0.0187824	0.0679874	0.0390468	0.123627	0.112214	0.145747	0.154325	0.250667	0.161137	0.0456824	0.0131941	0.162349	0.701958	3.1225	5	1.14001
2575000	-94.56562	-121.9011	27.33553	10	1.225835	0.0577079	0.0125554	0.0619994	0.0290734	0.0602847	0.18416	0.214873	0.24146	0.0217518	0.108481	0.159212	0.179703	0.535499	1.02925	2.25555	5	1.151558
2576000	-98.87332	-124.9401	26.06677	10	0.3932889	0.0150352	0.0839222	0.0227494	0.0130856	0.0396447	0.0645363	0.274757	0.0718854	0.293808	0.216043	0.222752	0.0157582	0.176725	0.723915	3.0836	5	1.318218
2577000	-93.34656	-121.4484	28.10184	10	0.2558341	0.0300086	0.00266987	0.0416722	0.0538139	0.000945965	0.00974006	0.357903	0.167597	0.103091	0.068711	0.130685	0.00239488	0.0709344	0.513629	3.41304	5	0.9668371
2578000	-96.38631	-123.0583	26.67198	10	0.5289727	0.0278735	0.0678282	0.0297561	0.0089824	0.0379273	0.0110076	0.281557	0.0271103	0.196434	0.182376	0.129277	0.0388753	0.27041	0.840256	2.85046	5	1.000129
2579000	-107.9599	-122.7977	14.83781	2	0.5936452	0.149206	0.0232143	0.124794	0.041512	0.0476189	0.105477	0.082795	0.42044	0.0800899	0.278464	0.428409	0.0518001	0.308721	0.878042	2.76144	4	1.78202
2580000	-112.1654	-127.9211	15.75563	2	0.1880973	0.0209609	0.00617014	0.0634215	0.205962	0.00627397	0.0569092	0.192617	0.00635625	0.136427	0.491472	0.247825	0.00034314	0.0272033	0.351886	3.62057	4	1.434395
2581000	-91.47965	-124.8022	33.32259	10	0.4251105	0.0574905	0.00742121	0.12521	0.0885688	0.0170724	0.0858026	0.0985344	0.140021	0.0440506	0.248342	0.0903776	0.0204974	0.200252	0.757083	3.02217	5	1.002891
2582000	-114.0155	-125.8074	11.79188	10	2.309466	0.0369681	0.0216619	0.122259	0.10747	0.158192	0.165101	0.263078	1.34571	0.0415608	0.0278674	0.0747061	0.327615	0.684345	1.0761	1.91194	5	2.364578
2583000	-108.0074	-123.1823	15.17488	2	0.3225886	0.064874	0.000437339	0.101881	0.111326	0.00169749	0.00779535	0.268849	0.148082	0.388854	0.0339521	0.251002	0.00730551	0.122143	0.631858	3.23869	4	1.378751
2584000	-97.5398	-120.3696	22.82979	10	0.6075277	0.0385787	0.0278391	0.00423053	0.0992891	0.0444889	0.0543897	0.372066	0.298467	0.188625	0.208053	0.0993167	0.0546643	0.316431	0.885111	2.74379	5	1.435344
2585000	-90.06691	-120.8209	30.75396	10	0.2240898	0.0528331	0.0144438	0.0332347	0.0426108	0.0734077	0.0287031	0.315627	0.172232	0.184998	0.0211482	0.0558653	0.00111562	0.0487257	0.443573	3.50659	5	0.9951034
2586000	-103.8883	-127.1133	23.22504	2	0.1036435	0.0449152	0.0253975	0.0122069	0.00371307	0.0406381	0.176141	0.167847	0.0287125	0.0617127	0.0356257	0.168958	8.56669e-07	0.00137469	0.103679	3.89495	4	0.7658678
2587000	-91.81739	-119.9983	28.18088	10	0.7700313	0.0475498	0.0171878	0.0343047	0.0170503	0.0280933	0.0930373	0.276021	0.128638	0.282561	0.175667	0.00895861	0.0891677	0.394783	0.948292	2.56776	5	1.10907
2588000	-98.37466	-129.117	30.74236	10	0.5379596	0.00913991	0.00413914	0.085176	0.202115	0.00642739	0.0761374	0.419307	0.07468	0.00579283	0.188452	0.182752	0.040621	0.275976	0.846038	2.83736	5	1.254118
2589000	-96.03327	-125.7073	29.67404	10	0.4208377	0.0555313	0.0318415	0.0435334	0.0674897	0.0732565	0.0724188	0.223194	0.170781	0.0813044	0.136336	0.0302654	0.0198318	0.197143	0.752879	3.03015	5	0.9859521
2590000	-93.00229	-120.7386	27.73632	10	1.481236	0.0270945	0.074305	0.0193467	0.125578	0.0321919	0.0374893	0.367348	0.354741	0.193333	0.0833914	0.0232007	0.222409	0.585403	1.0493	2.14289	5	1.338019
2591000	-95.07121	-121.4659	26.39472	10	0.6085558	0.0408421	0.0545052	0.0748587	0.0850298	0.0107246	0.107656	0.406301	0.332717	0.104532	0.00827811	0.223826	0.0548774	0.316995	0.885622	2.74251	5	1.449271
2592000	-99.48072	-120.4671	20.98635	2	0.6224205	0.055102	0.00155014	0.0951703	0.00895185	0.0426455	0.0650317	0.249746	0.217066	0.264519	0.0577853	0.0267427	0.0577627	0.324507	0.89234	2.72539	4	1.084311
2593000	-93.03514	-122.9312	29.89604	10	0.2216529	0.0317429	0.0164996	0.0493255	0.116592	0.0277437	0.0126985	0.401233	0.244712	0.143554	0.275973	0.000833868	0.00104258	0.047126	0.437781	3.51405	5	1.320909
2594000	-107.5935	-127.0436	19.45007	10	0.8188048	0.139028	0.0134442	0.06145	0.124668	0.33217	0.0755474	0.0227637	0.077598	0.559969	0.323493	0.301416	0.0995535	0.414596	0.962032	2.52382	5	2.031547
2595000	-99.26087	-124.8661	25.60523	10	0.9674756	0.201549	0.017641	0.00422289	0.0656857	0.111459	0.266799	0.075939	0.320323	0.220988	0.129377	0.227197	0.13042	0.466753	0.994395	2.40843	5	1.641181
2596000	-98.1691	-122.899	24.72991	10	0.6418491	0.0375437	0.0531404	0.193766	0.0128315	0.116887	0.0938675	0.168606	0.0073531	0.151389	0.487373	0.32749	0.0618384	0.334751	0.901254	2.70216	5	1.650247
2597000	-92.92077	-119.7592	26.8384	10	0.6708958	0.0766925	0.0521566	0.0545829	0.0151192	0.0663249	0.020774	0.155177	0.320555	0.168088	0.0524694	0.185751	0.0679857	0.349468	0.913587	2.66896	5	1.167691
2598000	-98.58239	-122.6068	24.02446	10	0.780732	0.0582313	0.0560319	0.0579191	0.100304	0.0963871	0.123527	0.422868	0.233663	0.0377426	0.100764	0.208592	0.0914526	0.399259	0.95147	2.55782	5	1.496029
2599000	-98.11155	-123.339	25.22746	10	0.1808902	0.0137892	0.0223059	0.128476	0.0962628	0.111202	0.0203355	0.405344	0.0386294	0.187029	0.152074	0.16107	0.000256084	0.0235292	0.33198	3.64423	5	1.336519
2600000	-92.99926	-122.9475	29.94822	10	0.4177967	0.0484454	0.0578199	0.0435388	0.0682318	0.0325107	0.0444746	0.335687	0.187554	0.137298	0.102607	0.315102	0.0193634	0.194921	0.749842	3.03587	5	1.373268
2601000	-105.3786	-121.8597	16.4811	2	1.487886	0.0336004	0.0375582	0.0116023	0.00282423	0.0459791	0.0172546	0.187345	0.110882	0.279359	0.250377	0.219742	0.223445	0.586527	1.0497	2.14033	4	1.196522
2602000	-87.8659	-119.8735	32.00757	10	0.833415	0.0587606	0.0395622	0.010969	0.00583421	0.039168	0.0151656	0.168324	0.0972472	0.0606129	0.0758881	0.262892	0.102647	0.420247	0.9658	2.51131	5	0.8344237
2603000	-102.9542	-127.3029	24.3487	10	2.061826	0.0902215	0.12911	0.186606	0.0319859	0.0411149	0.111619	0.107934	0.0220428	0.11023	0.57027	0.165119	0.300545	0.661431	1.07146	1.96656	5	1.566253
2604000	-99.26961	-125.1146	25.84502	10	1.517618	0.0835303	0.0078782	0.0897869	0.144892	0.10386	0.0941394	0.12691	0.47964	0.152014	0.328712	0.0186482	0.228031	0.591463	1.05144	2.12907	5	1.630012
2605000	-88.11578	-122.3305	34.21474	10	0.5958075	0.0886022	0.0139312	0.00656856	0.00788223	0.0505012	0.0706151	0.440957	0.0796516	0.171148	0.0850918	0.031722	0.0522445	0.309934	0.879165	2.75866	5	1.046671
2606000	-92.37214	-123.2604	30.88824	10	1.44613	0.0334326	0.0801283	0.0102157	0.0109911	0.117475	0.0345254	0.185142	0.0576371	0.135227	0.198426	0.160975	0.21688	0.579337	1.04709	2.15669	5	1.024176
2607000	-102.233	-130.2023	27.96929	10	1.278338	0.0329359	0.0345076	0.100888	0.122437	0.00847957	0.0239449	0.262213	0.181477	0.464659	0.0222513	0.234839	0.188963	0.546959	1.03424	2.22984	5	1.488633
2608000	-103.5885	-123.0286	19.44007	2	1.366109	0.0732195	0.00166741	0.0378136	0.0292234	0.0837857	0.0516158	0.148828	0.428107	0.0844651	0.0630887	0.0923504	0.203878	0.564639	1.04149	2.19	4	1.094165
2609000	-106.2207	-124.3785	18.15783	10	1.452473	0.0613483	0.0283217	0.0959157	0.0957261	0.0560606	0.116368	0.239843	0.18445	0.0965032	0.200042	0.00758504	0.217886	0.58045	1.0475	2.15416	5	1.182164
2610000	-90.9895	-122.9246	31.9351	10	0.3254624	0.0399912	0.0300822	0.0285019	0.185305	0.0189615	0.000890199	0.297634	0.0932733	0.357972	0.0763804	0.0135157	0.00758649	0.124393	0.636187	3.23183	5	1.142507
2611000	-101.6121	-122.8341	21.22201	10	0.2653825	0.0165204	0.00172243	0.0242676	0.258034	0.0902974	0.0759658	0.459885	0.0200359	0.0294381	0.0081243	1.19621	0.00290749	0.0780024	0.532822	3.38627	5	2.180502
2612000	-110.8885	-125.3843	14.49581	1	1.295298	0.0791687	0.0527815	0.0887979	0.0563235	0.0856017	0.0267848	0.154902	0.29698	0.187233	0.214969	0.0478032	0.1919	0.550513	1.03574	2.22185	3	1.291345
2613000	-85.06418	-120.5617	35.49753	10	0.002019915	0.0140468	0.0118806	0.0281641	0.0766808	0.00345528	0.0463476	0.221291	0.31448	0.0128193	0.0651838	0.054599	4.86468e-299	1.04505e-149	2.35943e-62	4	5	0.848948
2614000	-94.11477	-122.7045	28.5897	10	0.4757442	0.0286647	0.016634	0.0664266	0.0805846	0.00951091	0.105672	0.484238	0.128514	0.0819725	0.0133043	0.160111	0.028985	0.235786	0.801784	2.93344	5	1.175633
2615000	-92.15806	-125.0176	32.85953	10	0.4732682	0.0101	0.0506293	0.0202667	0.177522	0.0456598	0.0438994	0.221785	0.030232	0.148521	0.0884201	0.0566587	0.0285466	0.234107	0.799799	2.93755	5	0.8936944
2616000	-92.63049	-119.6956	27.06509	10	0.1755529	0.0246996	0.00398467	0.037798	0.0451302	0.024906	0.0163638	0.477303	0.276301	0.0951505	0.0439314	0.104663	0.000203011	0.020968	0.316931	3.6619	5	1.150231
2617000	-105.97	-123.0621	17.09211	10	1.5648	0.0429547	0.035147	0.0427885	0.188504	0.0112281	0.0649718	0.289149	0.256468	0.117073	0.322785	0.0316195	0.235161	0.598999	1.05401	2.11183	5	1.402688
2618000	-94.12471	-122.2771	28.15239	10	0.2324896	0.0339511	0.00775008	0.0987013	0.0484508	0.112929	0.100936	0.277607	0.333387	0.0720512	0.359714	0.0175729	0.00139361	0.0543689	0.463076	3.48116	5	1.46305
2619000	-95.17217	-121.2175	26.04536	2	0.08049243	0.0334233	0.0102256	0.0182472	0.0152154	0.00199783	0.0230215	0.134446	0.0412772	0.216233	0.0848123	0.0837865	1.83514e-08	0.000201621	0.0467721	3.95303	4	0.6626855
2620000	-91.96249	-127.1245	35.16205	10	0.2472565	0.0459187	0.0477418	0.029915	0.189844	0.0127023	0.0399266	0.0888292	0.0561185	0.0292208	0.240372	0.0399396	0.00198635	0.0647159	0.495664	3.43763	5	0.820528
2621000	-97.86344	-125.9294	28.06595	10	0.1592802	0.100081	0.0416824	0.044508	0.0423056	0.016985	0.102422	0.657811	0.279211	0.134606	0.0244329	0.161799	9.08184e-05	0.0140597	0.269606	3.71624	5	1.605844
2622000	-103.616	-124.307	20.69102	10	0.5923224	0.130541	0.0168721	0.124743	0.0336284	0.0405323	0.0711709	0.411416	0.119164	0.142702	0.636566	0.0270515	0.0515285	0.307978	0.877351	2.76314	5	1.754387
2623000	-102.6115	-127.5977	24.98625	10	1.950791	0.023671	0.0456976	0.0727745	0.0833818	0.0571232	0.0854182	0.291768	0.116945	0.0111463	0.23197	0.106178	0.287329	0.649677	1.06871	1.99429	5	1.126074
2624000	-95.98221	-123.5612	27.57904	10	1.858826	0.0618433	0.150483	0.123972	0.0304134	0.0468246	0.0150608	0.246538	0.153022	0.591649	0.0112781	0.0475077	0.27582	0.63911	1.06602	2.01905	5	1.478592
2625000	-104.0478	-123.5952	19.54742	2	0.3033763	0.0562801	0.0259572	0.0783526	0.102238	0.0448282	0.118826	0.170755	0.0148537	0.0872543	0.310199	0.177061	0.00557318	0.107124	0.60143	3.28587	4	1.186605
2626000	-92.64089	-121.3621	28.72122	10	0.5754679	0.118039	0.0148845	0.0455347	0.0323898	0.0330653	0.0138919	0.185509	0.162212	0.304144	0.126085	0.357668	0.048091	0.298358	0.868268	2.78528	5	1.393422
2627000	-94.62764	-126.7693	32.14162	10	0.6442329	0.0130855	0.0428412	0.0304863	0.0533268	0.00273079	0.0494872	0.120164	0.0549745	0.0389088	0.149751	0.219541	0.0623407	0.335985	0.90231	2.69936	5	0.775297
2628000	-102.6223	-129.3324	26.71018	10	0.8708707	0.050126	0.136313	0.0354182	0.15593	0.00731998	0.0291394	0.0413797	0.0017823	0.220736	0.385684	0.172606	0.110526	0.434176	0.974811	2.48049	5	1.236435
2629000	-89.24148	-124.3826	35.14113	10	0.08134712	0.037797	0.0351872	0.0542095	0.0773152	0.0331464	0.00927645	0.0114862	0.0483842	0.180707	0.191912	0.00117766	2.19885e-08	0.000220683	0.0485592	3.95122	5	0.6805985
2630000	-101.3698	-128.6841	27.31431	10	0.6559499	0.0168195	0.0207078	0.0356507	0.011543	0.029976	0.157865	0.31659	0.119103	0.0348292	0.193373	0.189601	0.0648158	0.341983	0.907383	2.68582	5	1.126059
2631000	-111.9733	-125.8104	13.83705	2	1.008577	0.203965	0.0132301	0.0360728	0.0187255	0.116206	0.0101639	0.508115	0.106099	0.463825	0.0203144	0.22829	0.138662	0.479315	1.00141	2.38062	4	1.725007
2632000	-112.8304	-134.0534	21.22298	2	1.859851	0.0191341	0.00619119	0.0212863	0.0553215	0.00870356	0.176171	0.194798	0.0104845	0.0897378	0.179652	0.0841343	0.275951	0.639232	1.06605	2.01877	4	0.8456138
2633000	-93.17052	-121.8267	28.65614	10	0.2680974	0.0253462	0.00136586	0.103074	0.0570564	0.0875728	0.0956821	0.0993571	0.363124	0.111513	0.199448	0.00202431	0.00306458	0.0800362	0.538129	3.37877	5	1.145563
2634000	-95.45669	-120.8269	25.37017	10	0.6616274	0.0799057	0.0408032	0.0249071	0.0968779	0.0157323	0.0626529	0.277523	0.442214	0.0579353	0.22743	0.344947	0.0660184	0.344848	0.909774	2.67936	5	1.670929
2635000	-103.8983	-127.0017	23.10344	10	3.832557	0.0383382	0.0241615	0.00925702	0.169527	0.262219	0.0405027	0.382003	0.0398868	0.425289	0.0460502	0.205649	0.44492	0.769212	1.08439	1.70148	5	1.642883
2636000	-90.88451	-122.949	32.06448	10	1.8095	0.0445887	0.0209136	0.0617042	0.0725699	0.0451286	0.0390484	0.121533	0.228654	0.0439534	0.0699176	0.105002	0.269423	0.633096	1.0644	2.03308	5	0.8530133
2637000	-100.0862	-125.396	25.30978	10	0.3035031	0.0691807	0.0536342	0.117435	0.137656	0.063935	0.0415834	0.168865	0.277732	0.175565	0.0977784	0.0635833	0.00558377	0.107223	0.601639	3.28555	5	1.266948
2638000	-89.51712	-126.2748	36.75767	10	0.2831909	0.0113657	0.0114728	0.0233233	0.0170581	0.00190657	0.0364173	0.0388133	0.110038	0.0649234	0.0172461	0.119181	0.00403108	0.0915003	0.566464	3.33801	5	0.4517451
2639000	-88.18432	-120.3794	32.19508	10	0.8050881	0.0812557	0.0576763	0.0317714	0.00436284	0.00327822	0.0535513	0.153724	0.255995	0.105625	0.0662521	0.332858	0.096641	0.409174	0.958355	2.53583	5	1.146349
2640000	-86.31356	-121.312	34.9984	10	0.3965257	0.0723026	0.0113991	0.0157638	0.00419062	0.0138438	0.0615638	0.167659	0.0924626	0.00660859	0.145739	0.0238594	0.0162164	0.179156	0.727494	3.07713	5	0.6153924
2641000	-90.80365	-120.9824	30.17879	10	0.1705749	0.0659915	0.0351705	0.0335738	0.0392375	0.0309364	0.0240689	0.23785	0.230656	0.0797948	0.0369716	0.143839	0.000161341	0.0187075	0.302673	3.67846	5	0.9580905
2642000	-96.01178	-122.0996	26.08784	10	1.025602	0.0515898	0.0111725	0.0596042	0.197503	0.0828411	0.00393543	0.293732	0.152441	0.356681	0.0857526	0.116115	0.142034	0.484314	1.00412	2.36954	5	1.411368
2643000	-97.95438	-123.4707	25.51636	10	0.3220837	0.0253028	0.00707203	0.0407169	0.033495	0.192643	0.0286996	0.158499	0.621509	0.00305015	0.123282	0.145826	0.00725672	0.121748	0.631092	3.2399	5	1.380095
2644000	-101.5416	-123.4966	21.95496	10	0.3580647	0.0131519	0.048152	0.098264	0.382117	0.0174454	0.0661397	0.241165	0.434858	0.262172	0.156071	0.0195513	0.0111583	0.149813	0.681601	3.15743	5	1.739087
2645000	-94.79927	-123.3831	28.58381	10	0.3629451	0.0718395	0.00756938	0.0343688	0.0273914	0.115347	0.00753453	0.34772	0.196678	0.0183356	0.0957615	0.143523	0.0117516	0.153585	0.687855	3.14681	5	1.066069
2646000	-88.03693	-121.405	33.36811	10	0.0378719	0.0352248	0.00357484	0.00691112	0.0965511	0.0085241	0.036938	0.25715	0.179066	0.286405	0.0827644	0.0652467	7.06618e-17	1.2556e-08	0.000840723	3.99916	5	1.058356
2647000	-86.79929	-121.2007	34.40136	10	0.01720004	0.0127913	0.00865822	0.00889664	0.00462108	0.00151792	0.0246231	0.100231	0.171578	0.141693	0.0806602	0.0456189	5.554e-36	3.52643e-18	9.1467e-08	4	5	0.6008883
2648000	-86.99533	-121.2123	34.21699	10	0.006771194	0.015619	0.0020211	0.0359267	0.172332	0.0200435	0.0447224	0.123938	0.0258244	0.0648154	0.229008	0.00124137	6.82189e-90	3.91184e-45	5.94856e-19	4	5	0.7354915
2649000	-95.98709	-121.9519	25.9648	10	0.845654	0.0616722	0.0196005	0.00453649	0.0529022	0.0700245	0.10492	0.266791	0.0566739	0.0502006	0.145187	0.451516	0.10523	0.424885	0.968844	2.50104	5	1.284025
2650000	-95.92368	-121.096	25.17232	10	1.487017	0.0352296	0.0264541	0.0093221	0.0181895	0.0339238	0.0323839	0.021049	0.441418	0.0652874	0.407179	0.203378	0.22331	0.586381	1.04965	2.14066	5	1.293815
2651000	-99.63045	-126.641	27.01052	10	0.7986035	0.0437089	0.0835988	0.0501402	0.0143536	0.0110503	0.0489321	0.356709	0.213255	0.0204463	0.165057	0.0480807	0.0952615	0.406571	0.956567	2.5416	5	1.055331
2652000	-95.94554	-123.5906	27.64501	10	0.3697257	0.04175	0.0387554	0.0157753	0.0512262	0.0483086	0.103399	0.430471	0.0671815	0.105743	0.233989	0.0791934	0.0126001	0.158806	0.696326	3.13227	5	1.215793
2653000	-95.43787	-124.7499	29.31207	10	1.673235	0.0498424	0.0172316	0.0605316	0.0694079	0.0117761	0.0556363	0.117838	0.122067	0.0526404	0.254736	0.171191	0.250886	0.615063	1.05916	2.07489	5	0.9828983
2654000	-90.88301	-124.7823	33.89926	10	0.02136153	0.0218817	0.00986718	0.0803028	0.0344705	0.00765686	0.0572041	0.28766	0.127495	0.0262495	0.0301184	0.0374403	3.65911e-29	9.04822e-15	2.37705e-06	4	5	0.7203458
2655000	-108.1863	-125.4551	17.26879	1	0.4693493	0.0531977	0.0311054	0.105843	0.0510753	0.0258877	0.0190059	0.13831	0.132057	0.319593	0.0124415	0.208124	0.0278573	0.231436	0.796618	2.94409	3	1.096642
2656000	-93.185	-125.1305	31.9455	10	0.3045695	0.0118247	0.0645174	0.0133118	0.0452352	0.157324	0.00223725	0.257583	0.280267	0.111851	0.041879	0.173408	0.0056733	0.108054	0.603398	3.28287	5	1.159439
2657000	-97.29273	-123.7419	26.44921	10	0.4225584	0.0124194	0.0015885	0.193479	0.0335179	0.0543037	0.0166252	0.229387	0.256165	0.00500701	0.154807	0.126219	0.0200988	0.198397	0.754581	3.02692	5	1.083517
2658000	-114.0094	-126.5442	12.53476	1	0.7226393	0.179271	0.0951202	0.0317455	0.0472836	0.0707647	0.0833918	0.411648	0.295769	0.180406	0.0611736	0.0881428	0.0790291	0.374019	0.932977	2.61397	3	1.544716
2659000	-111.3533	-128.6416	17.28827	2	0.196624	0.0692519	0.0378142	0.0518497	0.0786	0.0253431	0.203256	0.359983	0.0864246	0.279338	0.377702	0.0160924	0.000471812	0.0318509	0.37479	3.59289	4	1.585655
2660000	-104.2156	-120.3385	16.12288	10	3.419695	0.0774785	0.0524468	0.0705519	0.166632	0.0798315	0.0430572	0.677701	0.386461	0.344983	0.0419077	0.0689837	0.419332	0.752403	1.08393	1.74434	5	2.010034
2661000	-92.51534	-120.6949	28.17954	10	0.1757595	0.0661921	0.0111595	0.0420046	0.177062	0.0527579	0.012046	0.118703	0.196275	0.303528	0.0238035	0.267618	0.000204899	0.0210646	0.317519	3.66121	5	1.27115
2662000	-100.2714	-123.2812	23.00983	2	0.2021933	0.0637897	0.0214899	0.0853168	0.0771127	0.0281487	0.0221572	0.26539	0.323096	0.024922	0.00268287	0.048692	0.000572511	0.0350503	0.389358	3.57502	4	0.9627978
2663000	-94.57052	-126.4535	31.88297	10	0.1569285	0.292694	0.00207345	0.0160097	0.0782053	0.0499693	0.0245115	0.117954	0.191414	0.122001	0.144741	0.072289	7.97409e-05	0.0131789	0.262611	3.72413	5	1.111862
2664000	-96.47658	-128.0437	31.56712	10	0.1744751	0.00702719	0.0468815	0.00708371	0.222931	0.0608092	0.0238768	0.234715	0.113659	0.08017	0.0766558	0.157975	0.000193376	0.020468	0.313862	3.66548	5	1.031784
2665000	-103.2008	-124.6985	21.49772	2	0.129065	0.0807501	0.0053068	0.0422234	0.0870208	0.0537618	0.0185658	0.165892	0.00892254	0.16182	0.252133	0.00758334	1.18919e-05	0.00510799	0.17822	3.81666	4	0.8839804
2666000	-102.3499	-123.4949	21.14503	10	0.2401371	0.0287636	0.00489422	0.0321927	0.156324	0.0940465	0.0156694	0.514887	0.218123	0.25458	0.170165	0.19005	0.00168353	0.0596655	0.48022	3.45843	5	1.679696
2667000	-97.81559	-121.2567	23.44115	10	2.302685	0.072849	0.0130062	0.0521636	0.221923	0.0521839	0.0261707	0.267902	0.360121	0.274203	0.0963299	0.107233	0.326914	0.68377	1.076	1.91332	5	1.544085
2668000	-103.3607	-127.0307	23.67	10	0.3970537	0.0101677	0.0171613	0.157523	0.148912	0.0715768	0.0209478	0.508516	0.250079	0.00229984	0.188713	0.239817	0.0162917	0.179552	0.728073	3.07608	5	1.615713
2669000	-100.7708	-122.8179	22.04709	10	1.537885	0.222503	0.0825539	0.0395175	0.0315239	0.0689635	0.00117025	0.236882	0.379848	0.222438	0.153853	0.22895	0.231116	0.594743	1.05257	2.12157	5	1.668204
2670000	-98.47147	-124.2215	25.75006	10	0.5659364	0.00848156	0.0446282	0.0527988	0.166805	0.208413	0.0897655	0.227136	0.0672886	0.128698	0.0595871	0.367718	0.0461674	0.292799	0.862893	2.79814	5	1.42132
2671000	-91.99411	-126.8354	34.84129	10	0.206808	0.049585	0.0157174	0.0220276	0.0444433	0.0199515	0.014398	0.164524	0.0195282	0.0112658	0.00309205	0.139991	0.000666749	0.0377931	0.401191	3.56035	5	0.5045232
2672000	-85.57925	-119.7746	34.19535	10	0.1624555	0.0289644	0.00411633	0.00896313	0.0160882	0.0755626	0.0408572	0.0484689	0.307124	0.0407483	0.107697	0.245902	0.00010761	0.0152972	0.278994	3.7056	5	0.9244922
2673000	-93.16772	-126.1847	33.01695	10	0.2192807	0.101642	0.138843	0.0221225	0.0328029	0.0413782	0.131057	0.0578787	0.205627	0.115162	0.00640861	0.112629	0.000974662	0.0455861	0.432086	3.52135	5	0.9655514
2674000	-109.3154	-127.8518	18.53637	1	1.546787	0.0467113	0.0321919	0.110414	0.0156049	0.116836	0.014968	0.132376	0.0885533	0.170455	0.12434	0.00968859	0.23246	0.596163	1.05306	2.11832	3	0.86214
2675000	-94.58689	-122.6733	28.08639	10	0.2494784	0.035748	0.00424634	0.0264916	0.0109841	0.12625	0.131367	0.156323	0.0310213	0.11356	0.430037	0.0720485	0.00208754	0.0663136	0.500384	3.43121	5	1.138077
2676000	-100.4907	-127.78	27.28931	10	0.3297538	0.0690544	0.0392345	0.0307204	0.0253142	0.0635631	0.179989	0.618683	0.121169	0.0800013	0.0768708	0.0341597	0.00801652	0.127752	0.642548	3.22168	5	1.338759
2677000	-93.19185	-122.6726	29.48077	10	0.4915149	0.0285389	0.00505881	0.068491	0.048058	0.0130798	0.05983	0.196416	0.140989	0.0330893	0.0364531	0.204021	0.0318261	0.246341	0.813995	2.90784	5	0.8340244
2678000	-97.53934	-124.124	26.58466	10	0.04389134	0.0218483	0.00433428	0.0639039	0.576534	0.0194895	0.0286673	0.29747	0.00832282	0.0594298	0.236578	0.0321495	1.06895e-14	1.54354e-07	0.00238088	3.99762	5	1.348727
2679000	-91.41054	-125.3371	33.92653	10	0.006604512	0.0170433	0.0407582	0.0565988	0.072659	0.0284063	0.0126857	0.122599	0.00790437	0.312552	0.0705681	0.0172411	3.88972e-92	2.95389e-46	2.03588e-19	4	5	0.7590163
2680000	-92.3399	-126.8896	34.54969	10	0.9791811	0.124754	0.00715921	0.0560995	0.0112967	0.0425629	0.0472514	0.0445547	0.0330845	0.156973	0.0544975	0.30026	0.132781	0.470404	0.996463	2.40035	5	0.8784934
2681000	-88.46913	-120.2864	31.81727	10	0.01637778	0.0239328	0.0206516	0.00594131	0.053728	0.0323585	0.040604	0.124062	0.309141	0.0321078	0.114891	0.0130734	9.71128e-38	4.66339e-19	3.95035e-08	4	5	0.7704916
2682000	-107.7802	-125.8204	18.04022	2	0.3325465	0.209862	0.0541455	0.0219422	0.0166865	0.0951545	0.0335745	0.0811106	0.0511332	0.259684	0.332811	0.038847	0.00830303	0.129937	0.646622	3.21514	4	1.19495
2683000	-103.7085	-121.2293	17.52083	2	0.4243411	0.0605556	0.0160959	0.0497415	0.037797	0.137344	0.00929641	0.294328	0.0467695	0.601035	0.218172	0.0149231	0.0203769	0.199693	0.756332	3.0236	4	1.486058
2684000	-92.48778	-121.9309	29.44317	10	0.2633085	0.0505374	0.00496573	0.00926742	0.0330691	0.0865233	0.0778256	0.382571	0.164851	0.0173144	0.0910122	0.218789	0.00279088	0.0764555	0.528724	3.39203	5	1.136725
2685000	-95.17228	-120.2496	25.0773	10	0.2990551	0.0626472	0.0128302	0.0137416	0.0706727	0.0156837	0.101957	0.264306	0.194827	0.0247049	0.660731	0.228509	0.00521897	0.10376	0.594212	3.29681	5	1.650611
2686000	-94.96807	-122.2465	27.2784	10	1.36576	0.0622916	0.00883953	0.0148494	0.0144059	0.100007	0.111695	0.250493	0.379969	0.0553555	0.245845	0.099883	0.203821	0.564572	1.04146	2.19015	5	1.343634
2687000	-89.23843	-124.8659	35.62748	10	0.1862141	0.0892947	0.0265245	0.0268428	0.0598377	0.0368859	0.00641074	0.00206056	0.170285	0.204688	0.0615823	0.0118348	0.000318578	0.0262201	0.346732	3.62673	5	0.6962463
2688000	-96.73926	-123.3036	26.56438	10	0.7192791	0.0715389	0.0181965	0.0705361	0.184927	0.0593782	0.0189816	0.186192	0.450709	0.130817	0.0269061	0.0233425	0.0783101	0.372486	0.931808	2.6174	5	1.241525
2689000	-97.65124	-119.8581	22.2069	10	1.158971	0.0175698	0.0119784	0.032695	0.00442558	0.0372246	0.0623905	0.425911	0.250646	0.0797864	0.216108	0.11541	0.167539	0.519823	1.02205	2.29059	5	1.254145
2690000	-113.1722	-124.5146	11.34234	1	1.209532	0.0466627	0.0559122	0.0114917	0.222359	0.0683723	0.0290136	0.177301	0.157683	0.150336	0.372929	0.323208	0.176776	0.531793	1.02759	2.26384	3	1.615269
2691000	-85.45702	-122.273	36.816	10	0.1968605	0.0432337	0.0141656	0.0569966	0.0111675	0.0135056	0.0183584	0.208209	0.137322	0.0226921	0.150802	0.0176977	0.00047581	0.0319842	0.375415	3.59213	5	0.6941504
2692000	-91.56985	-120.6248	29.05493	10	0.4588372	0.0744734	0.0456322	0.0233214	0.00842782	0.170363	0.000759722	0.274255	0.289084	0.165338	0.286853	0.0225069	0.0260363	0.224197	0.787842	2.96193	5	1.361015
2693000	-96.31699	-127.0994	30.78239	10	0.720843	0.0723441	0.00342946	0.0185456	0.0950681	0.0337577	0.137692	0.269122	0.246029	0.129611	0.0099496	0.0568416	0.0786447	0.373201	0.932354	2.6158	5	1.07239
2694000	-88.56241	-122.2008	33.63836	10	0.3350427	0.0348511	0.00419313	0.0112385	0.0399939	0.0067281	0.032418	0.15291	0.0548535	0.102145	0.0641234	0.0350614	0.00856354	0.131889	0.650221	3.20933	5	0.5385161
2695000	-89.66076	-121.0492	31.38842	10	0.2197485	0.0172711	0.00534863	0.00230903	0.0469873	0.0561664	0.042445	0.131416	0.413363	0.0388065	0.175001	0.0608203	0.000987811	0.0458884	0.433213	3.51991	5	0.9899335
2696000	-101.1316	-122.3951	21.2635	10	1.864614	0.059507	0.0148967	0.0360563	0.100887	0.0876346	0.00635677	0.258293	0.61254	0.0998495	0.134142	0.211407	0.27656	0.639799	1.0662	2.01744	5	1.621569
2697000	-90.31362	-124.9429	34.62924	10	0.1311708	0.0223654	0.0168075	0.0505571	0.199975	0.0477951	0.0153184	0.207787	0.0372356	0.0256812	0.155609	0.131537	1.41254e-05	0.00556565	0.184615	3.80981	5	0.910668
2698000	-110.254	-126.7774	16.5234	10	0.8609078	0.0166966	0.0108198	0.0693837	0.345996	0.0414529	0.0434627	0.135898	0.841588	0.0359598	0.128413	0.097837	0.108438	0.430547	0.972501	2.48851	5	1.767507
2699000	-100.1329	-123.9951	23.86229	10	1.563892	0.106279	0.0292027	0.159397	0.0721185	0.0582034	0.0327105	0.431061	0.0735729	0.186193	0.257836	0.318993	0.235026	0.598857	1.05396	2.11215	5	1.725565
2700000	-98.90251	-125.8008	26.89827	10	0.3207568	0.0151705	0.0998064	0.066576	0.0936541	0.060116	0.0395781	0.235833	0.0491821	0.323896	0.0825231	0.00222272	0.00712934	0.120709	0.629069	3.24309	5	1.068558
2701000	-95.20556	-127.0831	31.87751	10	0.2826789	0.0160498	0.0247203	0.0226932	0.276755	0.028807	0.0401505	0.128984	0.13004	0.0255676	0.133285	0.287674	0.00399568	0.0911077	0.565534	3.33936	5	1.114727
2702000	-99.93816	-123.9395	24.00138	10	1.582857	0.0430429	0.0299571	0.0519031	0.168176	0.0517166	0.00587671	0.348557	0.0667593	0.216499	0.216394	0.314759	0.237843	0.601791	1.05494	2.10543	5	1.513641
2703000	-98.40096	-125.2177	26.81678	10	0.2065213	0.104335	0.0174217	0.0764615	0.120378	0.0335819	0.0207339	0.174675	0.121584	0.479601	0.0479737	0.0477007	0.000660597	0.0376203	0.400462	3.56126	5	1.244447
2704000	-108.2695	-125.7622	17.49272	1	0.763805	0.0344451	0.000132206	0.0178439	0.0382371	0.155498	0.0892488	0.164828	0.326284	0.0503039	0.100055	0.0679284	0.0878371	0.392143	0.946398	2.57362	3	1.044803
2705000	-98.5977	-125.3107	26.71301	10	0.223357	0.035714	0.046012	0.012541	0.112797	0.310424	0.202987	0.187034	0.174937	0.209216	0.0569448	0.119681	0.00109331	0.0482429	0.441838	3.50883	5	1.468288
2706000	-91.69792	-123.099	31.40108	10	0.169294	0.0268816	0.063064	0.107079	0.0726956	0.0873208	0.0433041	0.0943354	0.00194645	0.163407	0.147802	0.316011	0.000151747	0.0181464	0.298971	3.68273	5	1.123846
2707000	-92.81928	-121.4454	28.62611	10	1.028476	0.0846908	0.0384532	0.00705565	0.10651	0.0747293	0.0929562	0.355971	0.0940944	0.0501728	0.0888428	0.457025	0.1426	0.485147	1.00456	2.36769	5	1.450501
2708000	-100.2059	-121.5225	21.31658	10	0.4704076	0.0963747	0.0156039	0.0330233	0.0607506	0.0377016	0.0772769	0.393685	0.406144	0.163746	0.0140372	0.696947	0.0280429	0.232159	0.797482	2.94232	5	1.995291
2709000	-96.01882	-122.7235	26.70469	10	0.2220654	0.0548333	0.0336015	0.00274574	0.0516825	0.11982	0.0177079	0.27547	0.229479	0.133498	0.077697	0.0158193	0.00105471	0.0473956	0.438766	3.51278	5	1.012355
2710000	-97.58672	-122.6102	25.02348	10	0.5123158	0.0446595	0.00186862	0.0981668	0.0784799	0.0839833	0.0542495	0.185458	0.30283	0.330205	0.1605	0.0702155	0.0356925	0.25988	0.829027	2.8754	5	1.410616
2711000	-107.0305	-124.3893	17.35876	1	0.5533945	0.0387517	0.0212169	0.0364697	0.0629118	0.0635517	0.0185647	0.451475	0.17003	0.14944	0.0393765	0.0274518	0.0436614	0.285351	0.855543	2.81544	3	1.07924
2712000	-91.52883	-123.0778	31.54898	10	1.648063	0.0305133	0.00178995	0.0724261	0.0198095	0.022654	0.0169074	0.383661	0.0961523	0.112011	0.123125	0.108554	0.247316	0.61148	1.05805	2.08315	5	0.9876027
2713000	-95.76651	-121.2575	25.49096	10	1.028921	0.0602146	0.00551675	0.0228412	0.170547	0.118596	0.0107971	0.304883	0.146014	0.426626	0.109491	0.0507916	0.142688	0.485275	1.00463	2.3674	5	1.426318
2714000	-88.03944	-122.4678	34.42835	10	0.1456724	0.0450287	0.0378467	0.0270293	0.019778	0.00905091	0.00443233	0.156636	0.00835882	0.103098	0.164724	0.118124	4.03611e-05	0.00939076	0.228736	3.76183	5	0.6941067
2715000	-88.28223	-121.3571	33.07489	10	0.5611154	0.0479835	0.015977	0.0163011	0.0863127	0.0182832	0.0218023	0.196499	0.11799	0.177519	0.148899	0.0916876	0.0452006	0.289954	0.860106	2.80474	5	0.9392538
2716000	-93.12556	-123.4822	30.35668	10	0.5760433	0.0178537	0.0671532	0.0622976	0.0672982	0.0337753	0.0297007	0.0843443	0.677882	0.0622706	0.163506	0.0367719	0.0482076	0.29869	0.868587	2.78452	5	1.302854
2717000	-94.55959	-123.3576	28.79796	10	0.3301377	0.0253232	0.00980513	0.0475931	0.00356583	0.00532311	0.00834619	0.252902	0.0312438	0.109874	0.572608	0.22688	0.00805559	0.128052	0.643111	3.22078	5	1.293464
2718000	-94.54266	-127.9047	33.36206	10	0.3639265	0.116607	0.114599	0.0270913	0.093862	0.000249998	0.0914932	0.0872713	0.0766876	0.1318	0.0823948	0.202821	0.0118726	0.154343	0.689096	3.14469	5	1.024877
2719000	-92.57453	-122.2433	29.66873	10	0.8406161	0.0207472	0.025212	0.00212816	0.00281481	0.0169301	0.0439757	0.146923	0.117788	0.0962637	0.230458	0.233759	0.104167	0.422986	0.967603	2.50524	5	0.9369992
2720000	-99.32912	-122.0346	22.70552	10	0.1207128	0.0171133	0.0341985	0.0695616	0.0386621	0.0594118	0.0602716	0.216169	0.178942	0.00211039	0.231849	0.791982	5.66314e-06	0.00352829	0.153044	3.84342	5	1.700272
2721000	-93.37667	-122.1974	28.8207	10	0.9157397	0.0403185	0.0134703	0.00369612	0.0439792	0.0559963	0.144475	0.37017	0.11961	0.0891462	0.163556	0.152198	0.11985	0.449873	0.984503	2.44577	5	1.196616
2722000	-93.99246	-119.696	25.70358	10	0.8054756	0.0343025	0.0143639	0.0489805	0.00075856	0.0350921	0.110701	0.324948	0.222063	0.390861	0.158694	0.0957546	0.0967234	0.409329	0.958461	2.53549	5	1.436521
2723000	-98.46197	-125.9569	27.49493	10	1.483569	0.056121	0.0530923	0.110869	0.291418	0.0326383	0.0230808	0.115741	0.0256491	0.0682079	0.316019	0.300069	0.222773	0.585798	1.04944	2.14199	5	1.392905
2724000	-93.82102	-123.0359	29.21492	10	0.7433238	0.0687503	0.028429	0.110489	0.0032654	0.034289	0.0432738	0.342761	0.0421539	0.153654	0.380384	0.0388909	0.0834559	0.383274	0.939923	2.59335	5	1.24634
2725000	-104.3406	-123.3077	18.96701	1	0.7412398	0.0366057	0.0240032	0.00247978	0.0229271	0.0441992	0.0769806	0.207941	0.142248	0.0667238	0.213599	0.0619231	0.0830099	0.382356	0.939242	2.59539	3	0.8996306
2726000	-95.58495	-129.5044	33.91943	10	0.006584028	0.0295341	0.00776684	0.0258725	0.0405017	0.06755	0.034527	0.0220123	0.21774	0.079434	0.043807	0.0218495	2.02444e-92	2.13102e-46	1.77787e-19	4	5	0.5905952
2727000	-100.4826	-121.2664	20.78379	10	2.432765	0.0193666	0.0123334	0.0321971	0.170695	0.0160782	0.0170403	0.495087	0.397317	0.106543	0.0259011	0.348862	0.339988	0.694341	1.07782	1.88785	5	1.641422
2728000	-97.40324	-125.4823	28.07908	10	1.048944	0.0695997	0.0446704	0.033942	0.0178379	0.0694829	0.210247	0.223088	0.179765	0.0466279	0.0747765	0.0513399	0.146615	0.490984	1.00766	2.35474	5	1.021377
2729000	-111.077	-124.3993	13.32229	2	3.720882	0.0336406	0.0252319	0.183751	0.0172447	0.0722026	0.109532	0.367375	0.412602	0.15564	0.0581215	0.0892204	0.438339	0.764968	1.08433	1.71236	4	1.52456
2730000	-87.54865	-124.2876	36.73897	10	0.3086944	0.00840235	0.0307212	0.0327638	0.146662	0.0178906	0.0853738	0.130533	0.0456601	0.0958745	0.14166	0.0734673	0.00602705	0.111274	0.610119	3.27258	5	0.8090083
2731000	-96.0673	-125.1027	29.03537	10	0.6611459	0.0160215	0.0166109	0.0101261	0.0522521	0.0604307	0.00328706	0.130007	0.13238	0.235979	0.1521	0.0781975	0.0659163	0.344606	0.909573	2.6799	5	0.8873911
2732000	-97.26698	-122.4641	25.19709	10	0.9484632	0.0289198	0.0589062	0.056184	0.0926234	0.0997096	0.0164334	0.112401	0.0680261	0.344609	0.123232	0.282772	0.12656	0.460693	0.990906	2.42184	5	1.283817
2733000	-100.4384	-126.7216	26.28321	10	0.3576816	0.0247316	0.00216054	0.0933729	0.0110381	0.271231	0.0489643	0.388825	0.10267	0.134914	0.120893	0.050692	0.0111123	0.149516	0.681104	3.15827	5	1.249492
2734000	-98.89055	-123.4641	24.57358	10	0.4980882	0.0444296	0.00620377	0.0619482	0.0739789	0.0272607	0.00580687	0.544203	0.063685	0.151514	0.00214922	0.472303	0.033034	0.250666	0.818872	2.89743	5	1.453483
2735000	-97.12617	-130.253	33.12681	10	0.002990945	0.00342769	0.0533228	0.00796684	0.123381	0.023564	0.176889	0.27322	0.0311586	0.0523992	0.0894604	0.0723606	2.85005e-202	2.5293e-101	2.84368e-42	4	5	0.9071512
2736000	-92.41782	-125.601	33.18318	10	1.101339	0.0355379	0.00252695	0.111754	0.0508027	0.0011042	0.0849457	0.126979	0.091983	0.345019	0.000395364	0.0651903	0.156719	0.505227	1.01495	2.3231	5	0.9162386
2737000	-83.76226	-120.1343	36.37207	10	0.1353806	0.0274743	0.0132305	0.00491197	0.00996823	0.0131148	0.0298021	0.0498804	0.0555301	0.0526883	0.266014	0.0407157	1.96087e-05	0.00655418	0.197428	3.796	5	0.5633303
2738000	-108.7414	-125.1183	16.37685	2	0.4633125	0.0956185	0.0293014	0.0258497	0.158627	0.148321	0.0163874	0.13085	0.157044	0.117273	0.240973	0.213095	0.0268065	0.227292	0.791622	2.95428	4	1.333339
2739000	-94.77871	-120.0667	25.28797	10	1.021057	0.0779859	0.00714678	0.0799432	0.00267957	0.123648	0.0676792	0.271616	0.122799	0.353643	0.407067	0.0367234	0.141136	0.482991	1.0034	2.37247	5	1.550932
2740000	-90.77578	-126.1282	35.35246	10	0.1834698	0.0475239	0.0279691	0.0549171	0.0224928	0.163128	0.0640871	0.0844	0.110057	0.148703	0.0104496	0.105471	0.000285116	0.0248165	0.339161	3.63574	5	0.8391993
2741000	-89.96942	-123.0626	33.09316	10	0.1200897	0.00559831	0.0439988	0.00953028	0.100917	0.0311882	0.000376033	0.0979686	0.409891	0.00969254	0.0358036	0.0895386	5.33604e-06	0.00342512	0.151183	3.84539	5	0.8345034
2742000	-99.29549	-124.7751	25.47958	10	0.4177651	0.0772551	0.0230904	0.0966423	0.157772	0.00506369	0.0272184	0.195531	0.111535	0.153418	0.204613	0.0816052	0.0193585	0.194897	0.74981	3.03593	5	1.133744
2743000	-91.17982	-124.2056	33.02578	10	0.5434863	0.099165	0.0523286	0.0526867	0.0182409	0.0101347	0.0106312	0.158849	0.128903	0.0536332	0.174533	0.0672366	0.0417038	0.27936	0.849502	2.82943	5	0.8263411
2744000	-87.82893	-121.424	33.59511	10	1.517676	0.0399943	0.005532	0.0290758	0.0500509	0.0437638	0.0643974	0.189129	0.0723704	0.35385	0.166269	0.0290468	0.22804	0.591472	1.05144	2.12904	5	1.04348
2745000	-93.27909	-119.7785	26.49943	10	1.817358	0.0373376	0.0220259	0.0304665	0.072906	0.063517	0.0185554	0.44455	0.0218428	0.0426301	0.48495	0.203503	0.270453	0.634071	1.06467	2.03081	5	1.442284
2746000	-94.48014	-122.0374	27.55729	10	0.9512327	0.110117	0.00928565	0.0112627	0.0423237	0.0906834	0.0577332	0.362734	0.423304	0.00966074	0.128525	0.149361	0.127124	0.461586	0.991425	2.41987	5	1.39499
2747000	-93.56657	-124.8037	31.23709	10	0.2103641	0.0258754	0.0321324	0.0495522	0.0786667	0.0939414	0.064524	0.202138	0.0152566	0.180125	0.0618142	0.0391606	0.000746403	0.0399604	0.410162	3.54913	5	0.8431864
2748000	-92.617	-119.368	26.75096	10	0.910261	0.0295636	0.00554763	0.00288643	0.0133674	0.0427133	0.0176542	0.299034	0.151246	0.313714	0.200239	0.0445694	0.118719	0.448011	0.983379	2.44989	5	1.120535
2749000	-97.38847	-125.2137	27.82527	10	0.8537363	0.0754787	0.0212192	0.0979708	0.0416596	0.040243	0.0430935	0.12188	0.373318	0.178784	0.00557571	0.00454446	0.106931	0.427901	0.9708	2.49437	5	1.003767
2750000	-92.63212	-126.672	34.03983	10	0.00123071	1.92551e-05	0.0735124	0.0363452	0.00669239	0.0587745	0.0820694	0.127894	0.162818	0.107245	0.0405084	0.0364126	0	2.82918e-245	5.11395e-102	4	5	0.7322919
2751000	-104.2576	-124.4522	20.19456	10	0.3896042	0.0890946	0.0504824	0.0580028	0.0939409	0.20663	0.0883933	0.265648	0.355399	0.507966	0.0112481	0.166507	0.0152436	0.173948	0.719781	3.09103	5	1.893312
2752000	-88.1256	-120.8028	32.67716	10	0.137893	0.0677807	0.0202148	0.0168963	0.0425684	0.0112773	0.0280635	0.109724	0.0715397	0.200177	0.0364656	0.0469924	2.36215e-05	0.00719137	0.205081	3.7877	5	0.6516999
2753000	-95.6642	-120.0015	24.33726	10	2.337777	0.0422017	0.0816515	0.0247775	0.0231662	0.040405	0.0556423	0.29595	0.215844	0.237657	0.491764	0.00583538	0.330516	0.686715	1.07653	1.90624	5	1.514895
2754000	-98.54037	-122.2609	23.72058	10	1.197407	0.0446041	0.00802682	0.100373	0.0169547	0.0655718	0.0283091	0.307062	0.117335	0.229697	0.424895	0.0739591	0.174583	0.52899	1.02631	2.27012	5	1.416788
2755000	-106.4485	-125.0883	18.63974	2	0.2770334	0.0392016	0.0363009	0.142824	0.0315539	0.0682231	0.225432	0.246442	0.21776	0.00166373	0.267002	0.0683498	0.00361761	0.0867944	0.55514	3.35445	4	1.344751
2756000	-100.7573	-125.1876	24.43033	10	1.955037	0.109561	0.0033259	0.0168534	0.00298396	0.0194943	0.355726	0.436968	0.387184	0.119135	0.130782	0.0876759	0.287848	0.650146	1.06882	1.99318	5	1.669691
2757000	-110.4263	-126.8737	16.44733	2	1.341829	0.141335	0.073823	0.0267404	0.00793403	0.0388645	0.118351	0.12981	0.184715	0.174625	0.0717586	0.0824855	0.199822	0.559921	1.0396	2.20065	4	1.050443
2758000	-95.60779	-121.839	26.23121	10	0.814252	0.0456132	0.026303	0.0337022	0.0167354	0.0165123	0.0401466	0.154149	0.0233889	0.0353968	0.319761	0.240654	0.0985876	0.412809	0.960827	2.52778	5	0.9523629
2759000	-93.30862	-123.2356	29.92699	10	0.02051864	0.028787	0.0194513	0.0664067	0.0427692	0.0512554	0.0234219	0.156574	0.0220407	0.0385525	0.322106	0.00938551	2.54477e-30	2.38633e-15	1.36722e-06	4	5	0.7807498
2760000	-105.4311	-122.1965	16.76545	2	1.548241	0.0458117	0.0184829	0.00063513	0.0935896	0.144375	0.0931182	0.295454	0.119336	0.520986	0.0945746	0.0800875	0.232679	0.596394	1.05313	2.11779	4	1.506451
2761000	-103.8748	-124.3373	20.46257	10	1.8419	0.0926765	0.0210802	0.0596008	0.0111715	0.185157	0.00763451	0.23825	0.0304359	0.158964	0.752541	0.0123415	0.273643	0.637075	1.06548	2.0238	5	1.569853
2762000	-89.5947	-124.4049	34.81022	10	0.5417971	0.0318059	0.0400337	0.0108277	0.00220431	0.0335376	0.0212222	0.207883	0.0995397	0.0101873	0.128756	0.12622	0.0413721	0.278329	0.84845	2.83185	5	0.7122175
2763000	-105.1956	-127.1645	21.96896	10	1.006798	0.053261	0.166556	0.0802243	0.141646	0.0772974	0.0841374	0.173222	0.099494	0.170273	0.276961	0.0974636	0.138308	0.478786	1.00112	2.38179	5	1.420536
2764000	-92.92461	-119.2511	26.32648	10	0.6720229	0.0481626	0.0311	0.0580963	0.0277105	0.0285787	0.03557	0.16729	0.227196	0.0567844	0.305541	0.202975	0.0682252	0.350025	0.914043	2.66771	5	1.189005
2765000	-109.9972	-121.9408	11.94363	2	2.31829	0.108664	0.116913	0.0117279	0.019813	0.00298306	0.0705249	0.479904	0.36215	0.115259	0.301995	0.164122	0.328523	0.685089	1.07624	1.91015	4	1.754056
2766000	-107.8912	-125.9005	18.00935	2	1.789829	0.0850896	0.023381	0.175081	0.0493414	0.147649	7.78456e-05	0.236299	0.396283	0.0274301	0.038964	0.139863	0.266827	0.630626	1.06372	2.03883	4	1.319459
2767000	-102.3378	-123.8366	21.49882	2	0.3303066	0.0304713	0.0176815	0.00443846	0.0182896	0.0200364	0.0137388	0.0388171	0.173646	0.368174	0.0215403	0.206642	0.00807281	0.128185	0.643358	3.22038	4	0.9134753
2768000	-96.89546	-123.5396	26.64416	10	0.306111	0.0102293	0.00100844	0.0400414	0.0931518	0.0140062	0.0477721	0.227186	0.0768645	0.169972	0.0686092	0.65966	0.00580411	0.109257	0.605924	3.27901	5	1.4085
2769000	-96.06979	-121.7204	25.65059	10	0.1210353	0.0298096	0.00355559	0.0207108	0.183485	0.0155594	0.0109075	0.236945	0.256545	0.0432374	0.0506905	0.477881	5.83878e-06	0.00358246	0.154008	3.8424	5	1.329326
2770000	-94.3822	-121.0363	26.65409	10	0.4385297	0.0314546	0.0263745	0.0260961	0.0236188	0.102036	0.0301733	0.285453	0.119764	0.31245	0.0894762	0.330543	0.0226426	0.209908	0.769822	2.99763	5	1.377439
2771000	-89.48217	-122.9975	33.51532	10	0.1440734	0.00543441	0.0703035	0.0115537	0.0340308	0.0702741	0.0151105	0.190598	0.175941	0.160695	0.118142	0.0500534	3.63242e-05	0.00891066	0.223884	3.76717	5	0.9021363
2772000	-102.7752	-127.3778	24.60262	10	0.004112321	0.0192214	0.0478319	0.186821	0.0929967	0.023396	0.00779915	0.126762	0.353728	0.24395	0.0362701	0.0130973	2.21334e-147	7.04783e-74	6.9913e-31	4	5	1.151873
2773000	-93.82919	-122.1926	28.36343	10	0.16714	0.047277	0.00805575	0.0437548	0.1186	0.0182012	0.0424158	0.253051	0.203486	0.0180914	0.0224382	0.145351	0.000136591	0.0172221	0.292716	3.68992	5	0.9207222
2774000	-97.97907	-121.8754	23.89635	10	0.7484583	0.0426546	0.0774879	0.0163037	0.0764422	0.0114465	0.0214995	0.196226	0.148905	0.0493333	0.428929	0.0345481	0.0845547	0.385525	0.941582	2.58834	5	1.103776
2775000	-108.7997	-128.1378	19.33807	2	0.6515927	0.0255331	0.00325305	0.00110005	0.0242364	0.118855	0.121373	0.115947	0.267259	0.172647	0.0745578	0.120936	0.0638942	0.339766	0.905519	2.69082	4	1.045698
2776000	-117.1878	-130.7976	13.60981	2	0.8139458	0.0885582	0.0676795	0.169766	0.0121064	0.06716	0.0705345	0.1213	0.039875	0.22021	0.518889	0.0832584	0.0985226	0.412689	0.960745	2.52804	4	1.459338
2777000	-112.4589	-126.6939	14.23497	2	1.312174	0.143108	0.0876899	0.0426542	0.0287691	0.0783648	0.103037	0.49527	0.367931	0.0233744	0.0509222	0.174134	0.194796	0.553983	1.03718	2.21404	4	1.595255
2778000	-110.4835	-125.76	15.27646	2	0.8167358	0.0556017	0.0114006	0.0263872	0.0980144	0.058327	0.093436	0.199375	0.0506716	0.112378	0.0246209	0.61498	0.0991147	0.413786	0.961486	2.52561	4	1.345192
2779000	-95.30154	-122.123	26.82145	10	0.5159676	0.0712741	0.0161423	0.016894	0.0665812	0.0473349	0.00352198	0.859332	0.0338079	0.229883	0.170659	0.056286	0.0363841	0.262212	0.831548	2.86986	5	1.571716
2780000	-85.35138	-119.1122	33.76079	10	0.003621328	0.021022	0.0072142	0.00925844	0.106305	0.0448332	9.08102e-05	0.185612	0.451533	0.157529	0.0254033	0.00975962	3.12703e-167	8.37753e-84	5.31322e-35	4	5	1.01856
2781000	-89.87616	-121.2582	31.38203	10	0.01540255	0.0388265	0.012631	0.0218538	0.00649949	0.0841948	0.0419846	0.356965	0.0197565	0.0921584	0.306852	0.163328	4.56885e-40	3.19892e-20	1.29927e-08	4	5	1.145049
2782000	-89.98494	-122.1414	32.15651	10	1.284944	0.0334677	0.0520813	0.0109724	0.0278783	0.00492855	0.133743	0.22584	0.0946653	0.21136	0.220166	0.166122	0.19011	0.548352	1.03483	2.22671	5	1.181226
2783000	-87.55294	-119.4365	31.88361	10	0.2380267	0.0729079	0.00117341	0.0562523	0.0213505	0.0392415	0.00552949	0.0883205	0.0461197	0.0922069	0.303898	0.0863473	0.00159992	0.0581898	0.475546	3.46466	5	0.8133472
2784000	-89.09197	-119.6823	30.59032	10	0.01875086	0.0367039	0.00428796	0.00301325	0.0502491	0.0106408	0.0230193	0.196831	0.0234346	0.156864	0.0749913	0.0499246	4.36009e-33	9.8792e-17	3.64683e-07	4	5	0.6299597
2785000	-91.98295	-123.5435	31.56058	10	0.2111023	0.00657266	0.0202628	0.0635049	0.191024	0.00547053	0.0188951	0.218848	0.00927822	0.0461602	0.325172	0.0481737	0.00076373	0.0404159	0.412008	3.54681	5	0.9533622
2786000	-97.16958	-119.9006	22.73106	10	1.541797	0.0515348	0.0245071	0.0761108	0.0109947	0.0497478	0.054439	0.267849	0.285307	0.541808	0.150796	0.0167839	0.231708	0.595369	1.05278	2.12014	5	1.529878
2787000	-96.80428	-122.0487	25.24445	10	1.652078	0.0459406	0.00963277	0.0462634	0.0142803	0.0685912	0.0609407	0.198588	0.183286	0.0207426	0.26748	0.169434	0.247888	0.612057	1.05823	2.08182	5	1.08518
2788000	-87.09052	-122.2597	35.16914	10	0.3170313	0.0791317	0.0106251	0.0572535	0.106365	0.015756	0.00454542	0.248174	0.00626247	0.0298586	0.0866985	0.261257	0.00677818	0.117793	0.623327	3.2521	5	0.9059285
2789000	-97.7039	-123.539	25.83506	10	1.044425	0.117102	0.015835	0.158172	0.0659744	0.117132	0.0516494	0.332963	0.0475487	0.172856	0.151395	0.107777	0.145732	0.489709	1.00699	2.35757	5	1.338405
2790000	-93.59779	-120.8958	27.298	10	0.544657	0.032287	0.0627308	0.00609953	0.0718588	0.0831434	0.0128575	0.0932295	0.235118	0.296154	0.0517258	0.291282	0.041934	0.280073	0.850227	2.82777	5	1.236487
2791000	-98.79313	-122.2107	23.41753	10	1.43666	0.0436699	0.00948273	0.148808	0.0240872	0.100257	0.00941747	0.248575	0.236791	0.0933353	0.169753	0.0151157	0.21537	0.577662	1.04647	2.16049	5	1.099292
2792000	-96.42074	-124.9572	28.53647	10	0.9560179	0.00506536	0.0825716	0.0982759	0.06527	0.0668029	0.0496444	0.216666	0.136362	0.347951	0.373908	0.0462974	0.128097	0.463121	0.992312	2.41647	5	1.488814
2793000	-97.56711	-123.2905	25.72334	10	0.5992166	0.0338537	0.00155473	0.0340318	0.0260401	0.190202	0.149309	0.174848	0.101624	0.46885	0.0443981	0.0719498	0.0529465	0.311836	0.880919	2.7543	5	1.29666
2794000	-100.3271	-131.1988	30.8717	10	0.00461424	0.0232256	0.0243012	0.100339	0.0145762	0.0151624	0.0242301	0.0256071	0.0262658	0.144935	0.524163	0.166772	1.86324e-131	6.46615e-66	1.41029e-27	4	5	1.089577
2795000	-101.7421	-123.5634	21.82136	2	0.1314318	0.0157727	0.032986	0.0245361	0.0246092	0.051532	0.00694526	0.181546	0.428168	0.0548975	0.0105573	0.085947	1.44244e-05	0.00562407	0.185408	3.80895	4	0.9174978
2796000	-98.26666	-123.9654	25.6987	10	1.741707	0.0739296	0.0848745	2.99306e-06	0.0122757	0.078039	0.0441336	0.220653	0.0437045	0.0177686	0.313617	0.164214	0.260364	0.6244	1.06194	2.05329	5	1.053213
2797000	-92.30835	-122.2121	29.90378	10	0.2002958	0.0322278	0.0127765	0.0533297	0.0701339	0.0105414	0.030817	0.0407955	0.0842557	0.41124	0.176223	0.0866041	0.000536643	0.0339463	0.38443	3.58109	5	1.008945
2798000	-112.2067	-124.9527	12.74607	2	2.366097	0.112897	0.0443387	0.070828	0.181781	0.0624475	0.152453	0.327277	0.185356	0.0497333	0.233021	0.228596	0.333382	0.68904	1.07693	1.90064	4	1.64873
2799000	-101.5026	-125.3695	23.86685	10	1.241132	0.0640209	0.00976268	0.0440319	0.105771	0.239685	0.0126009	0.147746	0.0312753	0.0700942	0.076706	0.363675	0.182428	0.538911	1.03076	2.2479	5	1.165369
2800000	-110.8689	-129.5186	18.6497	2	0.2972094	0.279169	0.0414132	0.0190796	0.088486	0.0985447	0.007494	0.141617	0.237762	0.0986067	0.0284778	0.0935632	0.00507167	0.102326	0.591086	3.30152	4	1.134213
2801000	-116.6657	-124.2881	7.622403	2	0.3435737	0.11174	0.00367343	0.171834	0.387711	0.0859791	0.00389732	0.218213	0.697584	0.0869442	0.238131	0.040919	0.00948502	0.138551	0.662223	3.18974	4	2.046627
2802000	-96.8436	-124.3064	27.46279	10	0.2678711	0.0174018	0.0080186	0.057291	0.0495304	0.118117	0.0371146	0.290914	0.0729605	0.0783698	0.00937207	0.179763	0.00305129	0.0798662	0.537689	3.37939	5	0.9188532
2803000	-103.0264	-121.8176	18.79115	2	0.6525116	0.1059	0.0037627	0.0291128	0.00336422	0.0681297	0.0694741	0.296514	0.0216184	0.407281	0.0700406	0.192754	0.0640885	0.340235	0.905914	2.68976	4	1.267953
2804000	-94.49768	-121.2077	26.71006	10	1.291861	0.0508648	0.0662104	0.0761315	0.000958102	0.00380427	0.0469445	0.294701	0.147889	0.132446	0.225751	0.395997	0.191307	0.549799	1.03544	2.22346	5	1.441698
2805000	-89.08656	-120.8925	31.80595	10	0.2607196	0.0153976	0.0110698	0.0447864	0.00371683	0.0247837	0.0151296	0.405482	0.0557445	0.251787	0.0267357	0.0830832	0.00264944	0.0745333	0.523553	3.39926	5	0.9377158
2806000	-87.29735	-121.3651	34.06775	10	0.06368707	0.00176371	0.0353077	0.00529052	0.014031	0.0271678	0.0292426	0.258842	0.0613748	0.250421	0.0012083	0.0812756	1.95509e-10	2.08401e-05	0.0182307	3.98175	5	0.7659258
2807000	-97.91705	-120.838	22.92096	10	0.8140277	0.0732656	0.00635487	0.0102817	0.0259096	0.0411292	0.162629	0.185185	0.224867	0.12721	0.242953	0.182655	0.09854	0.412721	0.960767	2.52797	5	1.282441
2808000	-96.76277	-123.8149	27.0521	10	0.5621656	0.0371469	0.018524	0.0376995	0.132923	0.0946957	0.0382611	0.468376	0.00638201	0.333315	0.120129	0.0690313	0.0454108	0.290576	0.860717	2.8033	5	1.356484
2809000	-95.97249	-125.2793	29.30683	10	0.06494991	0.0715157	0.059686	0.0661423	0.0401018	0.0399818	0.0104057	0.174475	0.0041582	0.203166	0.244212	0.231413	2.98456e-10	2.57461e-05	0.0199029	3.98007	5	1.145259
2810000	-98.32024	-123.8239	25.50363	10	2.078404	0.0346677	0.0621478	0.0171898	0.0961541	0.0531201	0.0425663	0.16411	0.0816244	0.168289	0.336109	0.0668526	0.302458	0.6631	1.07183	1.96261	5	1.122831
2811000	-94.4333	-125.9639	31.53055	10	0.2919697	0.0447664	0.0167858	0.00509506	0.204365	0.0725422	0.0575916	0.210412	0.258969	0.124496	0.00400535	0.0358788	0.00466655	0.0982643	0.582067	3.315	5	1.034907
2812000	-97.54152	-120.3078	22.76632	10	0.7843315	0.0828995	0.041032	0.0235367	0.0144756	0.0159965	0.0585775	0.365179	0.199345	0.168149	0.150355	0.0449778	0.0922205	0.400748	0.952517	2.55451	5	1.164523
2813000	-92.26117	-121.0188	28.75764	10	0.2731204	0.0841274	0.0192052	0.0445499	0.00717171	0.0136106	0.0794451	0.472059	0.321013	0.0905718	0.02132	0.0681938	0.00336862	0.0838237	0.547776	3.36503	5	1.221268
2814000	-93.37852	-124.5554	31.17687	10	0.8123819	0.0264856	0.0291296	0.0251322	0.0815024	0.0817121	0.0276672	0.197364	0.00423481	0.158846	0.0497432	0.134664	0.0981907	0.412072	0.960328	2.52941	5	0.8164813
2815000	-99.0973	-122.0183	22.92103	10	0.1461108	0.0252436	0.0226357	0.0991181	0.0166656	0.032045	0.0744461	0.178132	0.291979	0.254282	0.664865	0.0324966	4.15274e-05	0.00952492	0.230065	3.76037	5	1.691909
2816000	-109.1548	-123.7239	14.56913	2	2.207963	0.062574	0.0465685	0.0267183	0.204525	0.0524049	0.00327503	0.351996	0.155485	0.21904	0.0602852	0.0960863	0.316897	0.67545	1.07442	1.93324	4	1.278958
2817000	-90.55764	-120.1746	29.61696	10	0.2377092	0.0625983	0.00151514	0.0165785	0.0123966	0.0167756	0.0406121	0.259626	0.0650864	0.228116	0.195351	0.158119	0.00158758	0.0579687	0.47484	3.4656	5	1.056774
2818000	-94.8302	-120.4701	25.63994	10	0.198455	0.0437475	0.00441602	0.00296947	0.160276	0.0304268	0.0472198	0.257831	0.16713	0.0978483	0.30128	0.183296	0.000503399	0.032889	0.379614	3.58699	5	1.296441
2819000	-99.3048	-129.0318	29.72698	10	0.07417273	0.0689968	0.0332313	0.028555	0.222399	0.0878556	0.0163176	0.198988	0.0726402	0.147885	0.00737716	0.007239	4.23475e-09	9.69056e-05	0.0345062	3.9654	5	0.8914853
2820000	-92.56468	-124.8667	32.30203	10	0.9969649	0.0286245	0.0499832	0.0729606	0.124063	0.0968634	0.0377557	0.220499	0.050277	0.187763	0.0855303	0.121589	0.136348	0.475838	0.999495	2.38832	5	1.075909
2821000	-99.49533	-124.5245	25.02913	10	1.882827	0.0366581	0.036429	0.00490214	0.127731	0.016943	0.0413525	0.132692	0.373009	0.132648	0.128163	0.0344291	0.278875	0.641946	1.06676	2.01242	5	1.064956
2822000	-110.7901	-123.0756	12.28555	1	1.257479	0.0263637	0.0442058	0.0689685	0.186147	0.00332965	0.120074	0.309028	0.469943	0.0602344	0.149362	0.0784974	0.185315	0.54249	1.03232	2.23987	3	1.516153
2823000	-97.19914	-125.8257	28.62653	10	1.382643	0.0773843	0.00998645	0.08285	0.123782	0.151575	0.0143236	0.159103	0.159723	0.048114	0.319811	0.118437	0.206611	0.567781	1.04272	2.18289	5	1.265089
2824000	-92.67521	-122.9325	30.25731	10	1.224143	0.0385722	0.0429438	0.0765934	0.134314	0.0330694	0.00938861	0.204897	0.126346	0.0123807	0.108066	0.22034	0.179401	0.535118	1.02908	2.2564	5	1.006911
2825000	-103.1718	-123.2333	20.0615	10	2.485527	0.0523425	0.0586227	0.0504258	0.103649	0.115271	0.22973	0.616936	0.29108	0.128259	0.00101659	0.0781207	0.34508	0.698373	1.07846	1.87809	5	1.725453
2826000	-97.67974	-123.4929	25.81315	10	1.528258	0.0608797	0.122068	0.0420901	0.0684939	0.0303568	0.0307107	0.172703	0.0310746	0.375389	0.0855704	0.263302	0.229655	0.593193	1.05204	2.12511	5	1.282638
2827000	-92.00262	-120.5945	28.59184	10	0.1206375	0.0161254	0.0256428	0.0535762	0.00315589	0.0137405	0.00395258	0.255841	0.182098	0.0197769	0.00460069	0.360186	5.62276e-06	0.00351572	0.152819	3.84366	5	0.9386955
2828000	-95.17907	-124.7924	29.61334	10	1.109167	0.036467	0.017644	0.033294	0.0648911	0.00268231	0.205637	0.153418	0.274199	0.249643	0.19303	0.0110441	0.158207	0.507273	1.01597	2.31855	5	1.241949
2829000	-93.6294	-123.1121	29.4827	10	0.4860341	0.0268443	0.0122344	0.00196572	0.00216484	0.138893	0.0789992	0.0906631	0.0425705	0.0804129	0.130238	0.161798	0.0308293	0.242701	0.809834	2.91664	5	0.7667836
2830000	-96.50902	-122.6851	26.17604	10	0.3806388	0.00593594	0.089125	0.0323011	0.193929	0.00434133	0.0570038	0.273789	0.0807461	0.123379	0.19897	0.228585	0.0140232	0.167151	0.70945	3.10938	5	1.288104
2831000	-92.97985	-124.2751	31.29529	10	0.1431015	0.0601676	0.0455389	0.0243187	0.108319	0.00549578	0.0980523	0.285186	0.217654	0.309939	0.0595132	0.00219696	3.40315e-05	0.00862596	0.220932	3.77041	5	1.216381
2832000	-91.47717	-126.0885	34.61136	10	0.5004004	0.0294157	0.0136259	0.0114786	0.158692	0.028535	0.069909	0.076844	0.0136415	0.0468515	0.209969	0.0353511	0.033462	0.252177	0.82056	2.8938	5	0.6943136
2833000	-96.88714	-121.1032	24.2161	10	0.2437553	0.0542681	0.0256671	0.00858174	0.0939839	0.0208221	0.0072315	0.227781	0.17388	0.140773	0.0757288	0.661933	0.00183339	0.0622187	0.48813	3.44782	5	1.49065
2834000	-98.65574	-125.5963	26.94058	10	0.5506424	0.0619601	0.0627619	0.078286	0.111824	0.102089	0.0194445	0.163019	0.00752715	0.0437218	0.10664	0.381257	0.0431156	0.283697	0.853886	2.8193	5	1.13853
2835000	-109.2079	-122.6926	13.4847	1	0.3732043	0.259894	0.00995683	0.0160373	0.0161308	0.00459835	0.0362198	0.232984	0.0663937	0.211371	0.156299	0.474781	0.0130461	0.161474	0.700576	3.1249	3	1.484666
2836000	-96.14325	-124.0248	27.88155	10	0.2083142	0.00779367	0.0259572	0.00733319	0.173526	0.124834	0.0298416	0.254429	0.0191672	0.467477	0.0532869	0.127086	0.000699721	0.0387054	0.405006	3.55559	5	1.290731
2837000	-99.10685	-123.3466	24.23972	10	0.1137859	0.0593186	0.0195345	0.0120546	0.0798536	0.100032	0.00111533	0.0350649	0.0271544	0.0473929	0.172816	0.799309	2.81774e-06	0.00249062	0.13256	3.86495	5	1.353645
2838000	-86.82521	-119.3943	32.56913	10	0.5002939	0.0365345	0.0203523	0.0032776	0.0214692	0.115656	0.0120118	0.170608	0.0726897	0.0916029	0.172603	0.171001	0.0334422	0.252108	0.820482	2.89397	5	0.8878059
2839000	-105.1056	-123.5058	18.40021	2	0.9501372	0.0768055	0.00786665	0.019806	0.0606387	0.14599	0.00521514	0.252752	0.212772	0.152412	0.0462852	0.183414	0.126901	0.461234	0.99122	2.42065	4	1.163957
2840000	-96.84101	-122.4521	25.61104	10	0.2176184	0.0287876	0.0281782	0.0099111	0.0515044	0.0795845	0.170008	0.220171	0.0282324	0.355119	0.0424584	0.188179	0.00092891	0.0445175	0.42806	3.52649	5	1.202133
2841000	-103.0117	-121.403	18.3913	10	1.18717	0.0473912	0.0280051	0.0118743	0.200706	0.0533211	0.0192021	0.3841	0.281173	0.320533	0.161237	0.225169	0.17272	0.52659	1.02521	2.27548	5	1.732711
2842000	-98.57511	-124.1901	25.61504	10	0.1776235	0.0778763	0.0141087	0.144927	0.124703	0.0524674	0.00232267	0.115659	0.236531	0.0203835	0.000841488	0.22426	0.000222521	0.0219451	0.3228	3.65503	5	1.014081
2843000	-103.0402	-123.2109	20.17072	10	1.790242	0.238047	0.0331908	0.0584119	0.0515283	0.0483863	0.101723	0.257552	0.240739	0.090183	0.614466	0.244632	0.266882	0.630678	1.06373	2.03871	5	1.978858
2844000	-99.94432	-123.4132	23.46884	10	0.0666667	0.0829269	0.0305749	0.0128683	0.156297	0.0505473	0.00964601	0.469023	3.0287e-06	0.0145495	0.0203477	0.94191	5.16973e-10	3.38799e-05	0.0223056	3.97766	5	1.788693
2845000	-93.69083	-119.5038	25.81293	10	0.4888662	0.0176681	0.0282622	0.0217682	0.0510515	0.0556892	0.0665896	0.455985	0.141994	0.374758	0.190691	0.107661	0.0313432	0.244585	0.811995	2.91208	5	1.512117
2846000	-100.5426	-122.4707	21.92809	10	0.7817807	0.0241273	0.00353898	0.0864816	0.085447	0.0354968	0.0452071	0.143885	0.19666	0.0113906	0.306718	0.363162	0.0916763	0.399694	0.951776	2.55685	5	1.302114
2847000	-100.5521	-126.8194	26.26733	10	1.058558	0.0442664	0.128261	0.0122891	0.159441	0.142509	0.0342017	0.271504	0.28932	0.138513	0.0478718	0.157625	0.148488	0.493672	1.00906	2.34878	5	1.425804
2848000	-94.01328	-120.6514	26.63815	10	1.118135	0.0429734	0.0402245	0.0011974	0.0269667	0.0611471	0.0603571	0.113042	0.337425	0.230144	0.468412	0.198751	0.159904	0.509592	1.01711	2.31339	5	1.58064
2849000	-100.9995	-125.7625	24.76303	10	2.125288	0.0106187	0.0690727	0.0146523	0.122176	0.215129	0.0438771	0.0150159	0.0674174	0.114501	0.691528	0.119751	0.307785	0.667708	1.07283	1.95168	5	1.483739
2850000	-89.68986	-119.899	30.20911	10	0.4324559	0.0496903	0.0397791	0.00427137	0.0606327	0.0102186	0.051039	0.120485	0.329852	0.175888	0.117901	0.158155	0.0216615	0.205558	0.764142	3.00864	5	1.117913
2851000	-95.76156	-123.0099	27.24833	10	0.164817	0.0807774	0.0045172	0.0877792	0.00120912	0.0249297	0.0447073	0.483251	0.0341475	0.0982385	0.372415	0.0384283	0.000121563	0.0162529	0.285932	3.69769	5	1.2704
2852000	-107.5684	-125.6626	18.09421	1	2.033551	0.0905562	0.00796036	0.0330861	0.0121903	0.0222596	0.029467	0.286888	0.109759	0.0958842	0.105445	0.0641836	0.297247	0.658535	1.07081	1.97341	3	0.8576798
2853000	-95.10181	-126.8168	31.715	10	0.5395917	0.00189266	0.0458012	0.00307936	0.124675	0.0422553	0.00894859	0.175709	0.0677174	0.0204935	0.101128	0.388254	0.0409401	0.276979	0.847068	2.83501	5	0.9799553
2854000	-90.70259	-120.8238	30.12116	10	0.1045833	0.0169292	0.00191494	0.0543129	0.0771381	0.0148698	0.0441361	0.370808	0.258653	0.00291252	0.0868403	0.0517523	9.65927e-07	0.00145959	0.106283	3.89226	5	0.9802675
2855000	-93.53742	-121.5339	27.99649	10	0.2221476	0.0673695	0.00901242	0.0539791	0.0619894	0.0734753	0.0369699	0.218608	0.174121	0.0893658	0.212856	0.281473	0.00105714	0.0474494	0.438962	3.51253	5	1.27922
2856000	-93.09997	-123.8368	30.73684	10	1.68557	0.0925565	0.0231734	0.0580281	0.0437686	0.00661852	0.148498	0.178171	0.186333	0.0652103	0.0559076	0.115736	0.252619	0.616788	1.05969	2.07091	5	0.9740005
2857000	-94.90588	-126.4613	31.55544	10	0.308954	0.0302708	0.043647	0.0110232	0.140845	0.0893924	0.0806444	0.133531	0.263862	0.0974015	0.0209594	0.125125	0.00604972	0.111476	0.610538	3.27194	5	1.036702
2858000	-101.0296	-122.6285	21.59892	10	2.607149	0.0267814	0.0148288	0.0545509	0.185436	0.0513207	0.0898047	0.497888	0.124437	0.127279	0.186831	0.254102	0.356385	0.707162	1.07975	1.85671	5	1.61326
2859000	-97.8925	-125.2713	27.37879	10	1.044533	0.0946191	0.0184236	0.0848173	0.0698031	0.0368436	0.0726722	0.129475	0.109664	0.0480282	0.430598	0.206596	0.145753	0.48974	1.007	2.3575	5	1.301541
2860000	-89.63632	-121.2971	31.66077	10	0.2718789	0.0183593	0.0137358	0.0442559	0.0602499	0.03998	0.0304164	0.119448	0.0142348	0.18662	0.262671	0.11476	0.00329185	0.0828847	0.545412	3.36841	5	0.9047304
2861000	-91.98618	-122.2906	30.30437	10	0.1531745	0.0166022	0.028004	0.00184168	0.021808	0.0606675	0.0394483	0.377273	0.0185396	0.212762	0.14926	0.106574	6.42534e-05	0.0118364	0.25138	3.73672	5	1.03278
2862000	-101.4206	-126.8125	25.39185	10	0.5678374	0.0179759	0.045761	0.0868537	0.209195	0.01195	0.0580889	0.195524	0.0600602	0.433414	0.00189246	0.0208025	0.0465498	0.293914	0.863979	2.79556	5	1.141517
2863000	-96.89987	-123.6019	26.70201	10	2.155156	0.130643	0.03677	0.0142914	0.159765	0.0286502	0.0123944	0.225512	0.146099	0.14763	0.236707	0.171407	0.311118	0.67056	1.07343	1.94489	5	1.309868
2864000	-111.4822	-125.113	13.6308	1	1.491614	0.0504837	0.00340951	0.177277	0.0510801	0.0479377	0.0667531	0.273104	0.319234	0.210263	0.121123	0.0375507	0.224024	0.587155	1.04993	2.1389	3	1.358214
2865000	-97.52298	-127.14	29.61706	10	0.402582	0.0412627	0.0900672	0.156567	0.0188826	0.0868918	0.138377	0.0790194	0.0229736	0.0979591	0.443883	0.123115	0.0170887	0.183682	0.73406	3.06517	5	1.298998
2866000	-101.5929	-126.8624	25.26952	10	0.6587337	0.0996881	0.140389	0.0142498	0.0611152	0.0812772	0.106743	0.0797192	0.0401244	0.251394	0.0440154	0.151125	0.0654052	0.343391	0.908561	2.68264	5	1.069841
2867000	-91.58771	-121.1066	29.51887	10	0.1836479	0.0445633	0.0128581	0.040702	0.0141293	0.0753316	0.030019	0.0618266	0.453647	0.491542	0.0273016	0.144989	0.000287205	0.0249065	0.339655	3.63515	5	1.39691
2868000	-97.10826	-123.8549	26.74664	10	1.891401	0.033427	0.0629965	0.00172372	0.12353	0.0339622	0.108076	0.316631	0.207554	0.109893	0.0701123	0.0434753	0.279957	0.642945	1.06702	2.01008	5	1.111381
2869000	-112.2662	-125.8759	13.60973	2	0.8209071	0.0196089	0.143415	0.0552197	0.0933966	0.0204798	0.0292784	0.421576	0.229466	0.090971	0.295687	0.0810688	0.0999992	0.415417	0.962584	2.522	4	1.480167
2870000	-92.53486	-121.1945	28.65966	10	1.715129	0.0263232	0.0374536	0.0771304	0.0332425	0.0174534	0.0805519	0.314482	0.0592436	0.203051	0.235917	0.0835507	0.256726	0.620844	1.0609	2.06153	5	1.168399
2871000	-110.177	-123.6533	13.47632	1	3.83566	0.0253331	0.0661855	0.0600715	0.00709351	0.0409313	0.0886066	0.194283	0.32107	0.0758164	0.106519	0.153348	0.4451	0.769327	1.08439	1.70118	3	1.139258
2872000	-91.43618	-123.0205	31.58435	10	0.7230627	0.0615338	0.0151675	0.00827304	0.135179	0.0411748	0.0808117	0.147792	0.120034	0.152073	0.140435	0.171318	0.0791197	0.374211	0.933124	2.61355	5	1.073792
2873000	-107.0999	-124.2746	17.17469	2	0.3531421	0.0798302	0.00281937	0.0213501	0.00677605	0.052918	0.0237139	0.0830286	0.109137	0.0614344	0.546906	0.329331	0.0105749	0.145997	0.675156	3.16827	4	1.317245
2874000	-110.0686	-125.541	15.47237	2	1.914915	0.0470463	0.0369777	0.061361	0.235989	0.122789	0.0100582	0.0366188	0.0523063	0.33119	0.493579	0.015633	0.282902	0.64565	1.06771	2.00374	4	1.443548
2875000	-101.2097	-128.9733	27.76367	10	0.6985348	0.192253	0.0581412	0.0195336	0.0777401	0.230803	0.136545	0.069192	0.200035	0.487063	0.0455476	0.0730251	0.0738753	0.362838	0.924324	2.63896	5	1.589878
2876000	-92.40884	-124.1237	31.71487	10	0.6147268	0.0854923	0.0157971	0.0174812	0.0330021	0.132642	0.0702116	0.0916281	0.130841	0.0822054	0.25092	0.0682846	0.056159	0.32036	0.88865	2.73483	5	0.9785047
2877000	-94.42522	-123.1806	28.75541	10	0.3869743	0.0582311	0.0108235	0.0898678	0.00717471	0.0396157	0.0614433	0.0950958	0.0591955	0.00554981	0.179166	0.271227	0.014881	0.17196	0.716792	3.09637	5	0.8773902
2878000	-89.46754	-122.1317	32.66412	10	0.4486558	0.0689679	0.00304097	0.0307722	0.0681661	0.0715934	0.00186011	0.170479	0.274212	0.210454	0.150839	0.0272075	0.0243136	0.217082	0.778989	2.97962	5	1.077592
2879000	-94.34777	-125.7522	31.40441	10	1.080278	0.0206287	0.038194	0.0841991	0.0959095	0.050854	0.0534866	0.253702	0.135914	0.206171	0.00359421	0.0441414	0.152688	0.499619	1.01212	2.33557	5	0.9867942
2880000	-94.02488	-121.7552	27.73034	10	3.009022	0.0764586	0.00673295	0.0046452	0.0955116	0.11761	0.0694687	0.342715	0.105861	0.227391	0.110791	0.101507	0.389959	0.732026	1.08256	1.79545	5	1.258692
2881000	-96.23776	-123.2099	26.97211	10	0.1091523	0.0802093	0.0212467	0.0608492	0.00337618	0.00966294	0.0383267	0.140276	0.0991544	0.0562461	0.215113	0.00355414	1.68114e-06	0.00192471	0.119167	3.87891	5	0.7280145
2882000	-107.2253	-122.0944	14.86918	10	2.241606	0.0816281	0.0808811	0.0123513	0.290732	0.0052142	0.118237	0.566567	0.477627	0.181276	0.232107	0.201564	0.320505	0.67847	1.07501	1.92602	5	2.248186
2883000	-101.0706	-123.1949	22.12431	10	0.2723699	0.0992418	0.0522856	0.0476615	0.136125	0.129663	0.0993228	0.491408	0.0774875	0.467509	0.295787	0.0437849	0.00332209	0.0832559	0.546349	3.36707	5	1.940276
2884000	-104.9219	-125.5248	20.60288	2	0.7460172	0.012207	0.0455709	0.0771926	0.00879318	0.0545451	0.0861036	0.173689	0.0261715	0.186327	0.205239	0.0321786	0.0840323	0.384457	0.940796	2.59071	4	0.9080177
2885000	-102.0808	-123.8162	21.73539	2	0.781846	0.024872	0.0372579	0.0525633	0.0481119	0.00297662	0.0991893	0.21392	0.0514013	0.0898174	0.114062	0.192269	0.0916903	0.399721	0.951795	2.55679	4	0.9264397
2886000	-90.73819	-120.5688	29.83058	10	0.2007888	0.0630032	0.00579143	0.0417086	0.0557265	0.0540521	0.068612	0.465927	0.20008	0.114902	0.170225	0.0377227	0.000545804	0.0342318	0.385713	3.57951	5	1.277751
2887000	-95.42938	-121.9211	26.49168	10	0.5732561	0.00771274	0.0543747	0.0368711	0.1249	0.038222	0.0224112	0.313192	0.339618	0.0989532	0.362442	0.0611155	0.0476432	0.297075	0.867036	2.78824	5	1.459813
2888000	-93.67052	-123.3035	29.63298	10	0.2744293	0.0919767	0.108476	0.00112805	0.014172	0.0449056	0.0914836	0.418482	0.0371674	0.116174	0.188496	0.214813	0.00345072	0.0848155	0.550254	3.36148	5	1.327274
2889000	-95.8498	-121.8369	25.98713	10	0.7440009	0.0700375	0.024022	0.00741342	0.235681	0.137656	0.0702994	0.257199	0.137747	0.107015	0.0975237	0.331384	0.0836008	0.383572	0.940143	2.59268	5	1.475978
2890000	-92.3732	-121.7969	29.42366	10	0.2080755	0.022716	0.0308496	0.0884921	0.00607209	0.073489	0.0910246	0.023717	0.389204	0.294954	0.0474993	0.159838	0.000694422	0.0385603	0.404403	3.55634	5	1.227856
2891000	-98.00915	-126.835	28.82584	10	0.1068825	0.103009	0.0126498	0.122282	0.107181	0.0177622	0.00370237	0.256231	0.236911	0.0143633	0.00043706	0.0810699	1.28418e-06	0.00168257	0.112722	3.88559	5	0.9555977
2892000	-103.6259	-128.5277	24.90177	2	0.2196772	0.0176742	0.0122487	0.0108869	0.0953995	0.0438014	0.0185183	0.135751	0.0194085	0.0508151	0.068769	0.007113	0.0009858	0.0458423	0.433042	3.52013	4	0.480386
2893000	-93.99512	-123.7587	29.76358	10	0.263163	0.0527617	0.00794952	0.0502334	0.294312	0.00456449	0.0565926	0.352522	0.142804	0.0445625	0.0186512	0.224668	0.00278281	0.0763472	0.528435	3.39244	5	1.249621
2894000	-102.8697	-125.5889	22.71922	10	0.6858573	0.161269	0.106362	0.020737	0.0506159	0.19538	0.158389	0.367307	0.0147374	0.304834	0.0834192	0.361056	0.0711703	0.35678	0.919513	2.65254	5	1.824106
2895000	-93.14557	-124.1436	30.99803	10	0.9830471	0.113005	0.0214029	0.030211	0.0580959	0.0930785	0.10068	0.0697857	0.122199	0.143331	0.0710415	0.215664	0.133559	0.471596	0.997133	2.39771	5	1.038495
2896000	-101.4607	-122.5274	21.06666	10	0.5693797	0.0260787	0.105651	0.105145	0.118962	0.00738091	0.0831401	0.477077	0.160205	0.557983	0.0249872	0.166516	0.0468605	0.294817	0.864855	2.79347	5	1.833124
2897000	-101.3359	-125.0971	23.76116	10	1.85335	0.080935	0.0305763	0.0118693	0.11719	0.0886329	4.23933e-05	0.229404	0.159764	0.0131685	0.531177	0.219522	0.275117	0.638455	1.06585	2.02058	5	1.482281
2898000	-98.40617	-120.8704	22.46421	10	0.5475451	0.0167496	0.00870934	0.0239619	0.016328	0.0301796	0.108911	0.120804	0.10959	0.0807611	0.249128	0.164689	0.0425032	0.281826	0.852002	2.82367	5	0.9298124
2899000	-97.04459	-119.289	22.2444	10	0.3814834	0.058532	0.039446	0.0579779	0.0214381	0.0690661	0.00160279	0.194195	0.297267	0.126046	0.0829783	0.617849	0.0141362	0.167794	0.71044	3.10763	5	1.566398
2900000	-105.2751	-126.016	20.74086	1	0.373716	0.0485285	0.00394843	3.96631e-05	0.0839309	0.0159247	0.0254169	0.155847	0.230312	0.0199419	0.151021	0.0240878	0.0131123	0.161866	0.701196	3.12383	3	0.7589985
2901000	-113.5874	-128.6738	15.08645	1	0.7417129	0.122985	0.0338172	0.00855539	0.0286325	0.10048	0.182214	0.247276	0.163451	0.0693571	0.267747	0.0631242	0.0831112	0.382564	0.939397	2.59493	3	1.28764
2902000	-91.39826	-121.3507	29.95244	10	0.6397262	0.0613541	0.0241252	0.0350272	0.0334438	0.0265245	0.0284548	0.202257	0.0707839	0.0115783	0.153113	0.18424	0.0613914	0.333647	0.900307	2.70465	5	0.8309024
2903000	-104.4879	-126.2933	21.80532	2	0.06775605	0.0325046	0.0871441	0.00867211	0.199989	0.00145937	0.0283657	0.164134	0.0990364	0.0520346	0.0171342	0.276786	7.22077e-10	4.00369e-05	0.0239067	3.97605	4	0.9672604
2904000	-105.2819	-127.9801	22.69818	10	2.656219	0.218826	0.154847	0.00394412	0.0643391	0.130686	0.100678	0.2269	0.233587	0.214503	0.0447133	0.100167	0.360784	0.710523	1.0802	1.84849	5	1.493189
2905000	-107.2237	-125.0408	17.8171	2	0.7759544	0.0447186	0.000513081	0.0640635	0.0744683	0.0928592	0.0846794	0.169741	0.0423542	0.165655	0.219995	0.0743842	0.0904328	0.39727	0.950063	2.56223	4	1.033432
2906000	-89.08433	-122.9356	33.85124	10	0.2053222	0.099215	0.030347	0.064929	0.0377296	0.0445693	0.0132312	0.1451	0.0670392	0.164662	0.0687155	0.0484177	0.000635302	0.0369012	0.397405	3.56506	5	0.7839557
2907000	-97.68519	-120.3025	22.61727	10	1.762126	0.113241	0.0308507	0.0224205	0.0253411	0.10836	0.0943194	0.397005	0.347938	0.241433	0.0979406	0.117316	0.263126	0.627074	1.06271	2.04709	5	1.596166
2908000	-112.8567	-126.8229	13.96613	1	0.7399067	0.0389803	0.117435	0.0893409	0.0260348	0.171442	0.0210294	0.272471	0.0995084	0.429999	0.0548561	0.0787553	0.0827246	0.381766	0.938804	2.5967	3	1.399853
2909000	-97.98649	-120.448	22.46154	10	0.5871426	0.0951296	0.000529752	0.116882	0.01983	0.0134617	0.128771	0.233093	0.249289	0.0827346	0.413128	0.217839	0.0504675	0.305049	0.874615	2.76987	5	1.570687
2910000	-101.1869	-128.1376	26.9507	10	0.2099791	0.189382	0.0413017	0.112419	0.135848	0.0160713	0.000624879	0.291148	0.268688	0.00916599	0.16813	0.253527	0.000737474	0.0397235	0.409197	3.55034	5	1.486306
2911000	-91.06806	-124.9382	33.87013	10	0.1652618	0.0724822	0.0118112	0.00888087	0.0638882	0.0577292	0.113052	0.137371	0.151758	0.0279089	0.0692699	0.0668078	0.000124338	0.0164362	0.287234	3.69621	5	0.7809596
2912000	-92.31174	-124.609	32.2973	10	0.07571095	0.0261913	0.00873418	0.013271	0.0651779	0.0123772	0.000617495	0.143045	0.0706752	0.0944095	0.00286236	0.29002	6.18914e-09	0.000117137	0.0373321	3.96255	5	0.7273806
2913000	-90.80492	-122.8545	32.04956	10	0.09065934	0.0221254	0.0113552	0.0445839	0.022878	0.00912648	0.0104267	0.0443002	0.0836209	0.0347166	0.0515398	0.1817	1.26404e-07	0.000528686	0.069777	3.92969	5	0.5163731
2914000	-98.00681	-125.5044	27.49759	10	1.943417	0.0750304	0.0186968	0.021187	0.0940895	0.160779	0.0656866	0.159076	0.387639	0.0519358	0.112451	0.11858	0.286426	0.648859	1.06851	1.99621	5	1.265151
2915000	-103.5735	-122.6832	19.10973	2	0.1647095	0.0676314	0.0296606	0.037631	0.000878887	0.0141483	0.0471934	0.311403	0.42588	0.0743411	0.000614862	0.201665	0.0001209	0.0162087	0.285617	3.69805	4	1.211048
2916000	-87.12039	-124.0153	36.8949	10	0.1059113	0.0299597	0.0202344	0.0731567	0.0250435	0.0487313	0.0296326	0.133759	0.00736299	0.139443	0.0671712	0.064633	1.14035e-06	0.0015857	0.109991	3.88842	5	0.6391266
2917000	-103.5343	-123.4439	19.90958	1	0.2238815	0.0268248	0.0346344	0.00901259	0.125009	0.0275925	0.0823736	0.200915	0.0364784	0.0335876	0.241926	0.038756	0.00110925	0.0485883	0.44308	3.50722	3	0.8571099
2918000	-94.84617	-126.3189	31.47273	10	1.040512	0.108396	0.012877	0.00649923	0.019183	0.0572603	0.00918285	0.071621	0.03893	0.18945	0.172015	0.0830254	0.144966	0.488599	1.0064	2.36003	5	0.7684393
2919000	-104.5055	-126.929	22.42347	10	0.6312299	0.0394611	0.00825461	0.115798	0.0601569	0.00247129	0.178142	0.34957	0.0981194	0.27907	0.0264798	0.268217	0.0596065	0.329193	0.896452	2.71475	5	1.425741
2920000	-96.73441	-122.19	25.45558	10	0.4938437	0.0200624	0.0135748	0.0384998	0.00651456	0.11101	0.178391	0.288616	0.333366	0.414105	0.0692329	0.0743505	0.0322524	0.247878	0.815737	2.90413	5	1.547723
2921000	-94.10978	-122.5158	28.40607	10	0.6919194	0.0880162	0.0345039	0.038237	0.0277057	0.192607	0.00658635	0.323952	0.262489	0.0321936	0.117019	0.206341	0.0724631	0.359692	0.921837	2.64601	5	1.329651
2922000	-90.79674	-122.8843	32.08755	10	0.383376	0.0144204	0.0425815	0.097353	0.0496001	0.063389	0.0450948	0.194576	0.00414357	0.26557	0.0350321	0.153334	0.014391	0.169233	0.712646	3.10373	5	0.9650944
2923000	-108.1722	-124.4769	16.30471	2	3.516117	0.067656	0.0319402	0.0251788	0.0137232	0.0535747	0.0510669	0.270613	0.100705	0.143152	0.17074	0.108838	0.425629	0.756617	1.0841	1.73365	4	1.037187
2924000	-94.80874	-121.8453	27.0366	10	0.5996671	0.0830238	0.012197	0.0557901	0.148616	0.00515313	0.0959269	0.220161	0.102196	0.0962273	0.207082	0.156729	0.0530394	0.312087	0.881149	2.75372	5	1.183102
2925000	-88.3011	-120.1551	31.85399	10	0.06998198	0.048082	0.00203659	0.0218288	0.0380522	0.0136803	0.0223675	0.34522	0.159443	0.0590434	0.301819	0.0263604	1.38374e-09	5.54134e-05	0.0273604	3.97258	5	1.037933
2926000	-106.6045	-123.5828	16.97827	2	1.091958	0.060198	0.0167704	0.143779	0.0225792	0.00586042	0.0413639	0.328371	0.0122344	0.0233595	0.308104	0.318598	0.154928	0.502748	1.01371	2.32861	4	1.281217
2927000	-104.0683	-126.3928	22.32446	10	1.150209	0.213151	0.0047557	0.101191	0.103749	0.229642	0.114061	0.188385	0.21516	0.0646514	0.0630398	0.472572	0.165914	0.517672	1.02103	2.29539	5	1.770357
2928000	-99.94229	-119.8217	19.87944	10	1.28091	0.106212	0.00772973	0.000717092	0.0549063	0.0873416	0.0880763	0.505486	0.230827	0.404775	0.158694	0.142764	0.18941	0.547502	1.03447	2.22862	5	1.787529
2929000	-101.7287	-125.4547	23.72598	10	0.4781585	0.0136941	0.010288	0.170318	0.449544	0.0671805	0.0617614	0.22423	0.0646246	0.12103	0.0297227	0.455265	0.0294145	0.237418	0.803701	2.92947	5	1.667659
2930000	-90.53955	-122.6418	32.10221	10	0.4663725	0.0461471	0.0362491	0.00386276	0.095894	0.0924427	0.00384421	0.0874461	0.142504	0.0809632	0.076854	0.074839	0.0273375	0.229397	0.794169	2.9491	5	0.7410458
2931000	-91.98981	-120.242	28.25221	10	0.639353	0.0564725	0.00481374	0.076054	0.0857426	0.0428051	0.0279155	0.189621	0.18596	0.0518678	0.199584	0.283891	0.0613129	0.333453	0.90014	2.70509	5	1.204727
2932000	-94.25451	-124.4888	30.23433	10	1.578741	0.0745609	0.0576427	0.0153909	0.0414799	0.0179245	0.00577922	0.278562	0.0762962	0.157312	0.0198262	0.125266	0.237234	0.601159	1.05473	2.10688	5	0.8700394
2933000	-101.0546	-123.4884	22.4338	10	0.7881405	0.0813087	0.0475203	0.0181389	0.328814	0.0712335	0.0589823	0.473384	0.164323	0.412641	0.0612854	0.258447	0.0930327	0.402315	0.953614	2.55104	5	1.976079
2934000	-96.27281	-123.8828	27.60997	10	0.06331775	0.0632647	0.00674438	0.00208356	0.0946116	0.0757296	0.0299238	0.190305	0.0717545	0.112506	0.277565	0.0551585	1.72208e-10	1.95594e-05	0.017757	3.98222	5	0.9796467
2935000	-94.21632	-121.9695	27.75318	10	0.344048	0.0369858	0.00593519	0.0538399	0.0749191	0.0254215	0.125075	0.197838	0.0469973	0.0185499	0.391247	0.0557156	0.00953766	0.138921	0.662878	3.18866	5	1.032524
2936000	-110.9783	-127.166	16.1877	2	1.135681	0.0795417	0.0191222	0.0732347	0.110245	0.267248	0.139621	0.242084	0.451493	0.0238105	0.00864825	0.0874768	0.163204	0.514052	1.01929	2.30345	4	1.502525
2937000	-100.1588	-118.5502	18.39145	10	1.278135	0.136393	0.000880322	0.0352896	0.0247505	0.0765796	0.0168165	0.281533	0.250739	0.684587	0.154584	0.326121	0.188928	0.546916	1.03422	2.22994	5	1.988272
2938000	-97.81377	-122.8376	25.02382	10	1.602924	0.0199246	0.0118744	0.0291703	0.055552	0.0742083	0.0668812	0.44419	0.112812	0.317595	0.112146	0.257898	0.240793	0.604837	1.05593	2.09843	5	1.502252
2939000	-117.2559	-130.2113	12.95544	2	2.715028	0.224391	0.0349973	0.138522	0.00122732	0.0039685	0.0324716	0.284906	0.0375974	0.0749426	0.396606	0.172932	0.365939	0.71442	1.08069	1.83895	4	1.402561
2940000	-96.89105	-124.423	27.53199	10	0.3526192	0.0542641	0.000196607	0.00627283	0.139448	0.00419739	0.148983	0.291884	0.136144	0.119444	0.0605722	0.331554	0.0105138	0.145591	0.674464	3.16943	5	1.29296
2941000	-91.28311	-122.8199	31.5368	10	0.04982792	0.0285467	0.0252637	0.0277235	0.00885641	0.0137398	0.0200655	0.0791793	0.235957	0.0768084	0.0417581	0.0683673	4.6004e-13	1.01209e-06	0.00519515	3.9948	5	0.6262663
2942000	-88.51221	-120.5457	32.03348	10	0.6653478	0.0196764	0.0120928	0.000638782	0.0226786	0.0659577	0.0503038	0.338819	0.0829672	0.0872984	0.134924	0.158762	0.0668075	0.346711	0.911318	2.67516	5	0.9741186
2943000	-114.1548	-126.0833	11.9285	2	3.196727	0.0927459	0.0470424	0.0890429	0.15612	0.0205591	0.0416054	0.139719	0.480591	0.0588083	0.144774	0.287139	0.403931	0.74187	1.08333	1.77087	4	1.558145
2944000	-92.98654	-122.8844	29.89781	10	0.9846545	0.0491634	0.00371147	0.00638992	0.0495861	0.0349013	0.00884003	0.301957	0.0869313	0.135552	0.219133	0.0983774	0.133882	0.47209	0.99741	2.39662	5	0.9945434
2945000	-101.39	-127.5776	26.18761	10	0.2631004	0.0305981	0.0130553	0.0645943	0.0807581	0.00305529	0.131664	0.561501	0.0237164	0.184197	0.0462404	0.20996	0.00277935	0.0763006	0.52831	3.39261	5	1.349339
2946000	-88.85126	-124.1949	35.3436	10	0.277051	0.0161906	0.00991869	0.0965429	0.0128938	0.0314157	0.100018	0.142941	0.151659	0.024109	0.10106	0.084817	0.00361876	0.0868078	0.555173	3.3544	5	0.7715669
2947000	-83.9734	-119.174	35.20059	10	0.2155139	0.0280159	0.00283856	0.0243245	0.0328707	0.00302316	0.0466149	0.242453	0.0254178	0.0444293	0.0953966	0.346253	0.000873118	0.0431773	0.422923	3.53303	5	0.8916378
2948000	-91.88925	-122.3878	30.49857	10	0.1008341	0.0122426	0.03824	0.00404046	0.114216	0.0825754	0.0243572	0.160419	0.276265	0.0398253	0.0169268	0.0584731	5.90415e-07	0.00114154	0.0960006	3.90286	5	0.8275809
2949000	-94.48188	-122.3664	27.88453	10	1.098588	0.0332595	0.00763901	0.0557295	0.0173795	0.0767962	0.00454966	0.459362	0.12406	0.00659163	0.280757	0.234339	0.156194	0.504503	1.01459	2.32471	5	1.300463
2950000	-101.097	-125.6356	24.5386	10	1.872552	0.362747	0.141777	0.101307	0.00542205	0.071167	0.0229915	0.150353	0.301856	0.22169	0.103448	0.104033	0.277571	0.640739	1.06645	2.01524	5	1.586792
2951000	-94.009	-123.4611	29.45215	10	0.7552375	0.0186153	0.0395736	0.0114579	0.0786023	0.0110726	0.242151	0.12989	0.109147	0.160532	0.0904784	0.395171	0.086005	0.388468	0.943736	2.58179	5	1.286692
2952000	-96.90982	-122.8341	25.92429	10	1.592942	0.10973	0.0464644	0.0839472	0.0754377	0.151361	0.0371745	0.231661	0.388716	0.0697755	0.0449889	0.137433	0.239329	0.603329	1.05544	2.1019	5	1.37669
2953000	-94.95281	-124.9146	29.96178	10	0.3456306	0.0150151	0.00420173	0.0585478	0.21492	0.0177882	0.0885557	0.176965	0.0515063	0.00787348	0.281135	0.0644154	0.00971433	0.140154	0.66505	3.18508	5	0.9809228
2954000	-90.50536	-120.4809	29.97554	10	0.350187	0.0466428	0.000781175	0.0695944	0.0607788	0.0239692	0.0696839	0.212341	0.121259	0.334998	0.19694	0.0643097	0.010232	0.143701	0.67122	3.17485	5	1.201299
2955000	-113.2774	-124.8769	11.59947	1	0.5926651	0.0897024	0.0841002	0.0632037	0.00596597	0.157866	0.00696274	0.209616	0.12828	0.427138	0.439139	0.0392689	0.0515988	0.30817	0.87753	2.7627	3	1.651243
2956000	-95.63656	-121.7139	26.07734	10	0.2192104	0.0488539	0.0103633	0.121197	0.0563066	0.0146321	0.0497723	0.0750976	0.105406	0.351554	0.387154	0.14292	0.000972696	0.0455407	0.431916	3.52157	5	1.363257
2957000	-108.311	-124.2631	15.95215	10	1.391018	0.0333884	0.0211572	0.0658166	0.532075	0.108928	0.00349415	0.478791	0.152587	0.043311	0.557423	0.267635	0.207985	0.569351	1.04332	2.17934	5	2.264606
2958000	-96.58469	-121.8576	25.27289	10	2.680194	0.0467054	0.047532	0.0154085	0.0266624	0.00463003	0.180256	0.144797	0.195835	0.22557	0.256927	0.0737847	0.362901	0.712128	1.08041	1.84456	5	1.218108
2959000	-106.6323	-123.323	16.69071	2	0.8274581	0.0307733	0.014434	0.14505	0.105973	0.0697264	0.178375	0.238423	0.388068	0.286296	0.145939	0.00163593	0.101387	0.417958	0.964282	2.51637	4	1.604693
2960000	-97.03652	-121.9002	24.86373	10	0.7748645	0.177265	0.00775766	0.026087	0.206479	0.068161	0.0788336	0.061001	0.130923	0.508857	0.232855	0.175345	0.0902	0.396814	0.949739	2.56325	5	1.673565
2961000	-89.83798	-122.1129	32.27492	10	0.1985203	0.0238916	0.0443194	0.0484531	0.0223863	0.00828937	0.0116392	0.0641873	0.46555	0.00114803	0.189677	0.312944	0.000504551	0.0329262	0.379785	3.58678	5	1.192486
2962000	-94.26847	-127.1355	32.86707	10	0.03044541	0.0127025	0.00643355	0.0577602	0.0523932	0.0127371	0.0788444	0.536335	0.108008	0.0387205	0.0269267	0.0209675	9.37441e-21	1.44713e-10	0.00013196	3.99987	5	0.9518291
2963000	-92.82897	-122.186	29.35708	10	0.7982265	0.0287254	0.0232567	0.0868563	0.0310168	0.0613436	0.00331624	0.207138	0.0524175	0.194157	0.245345	0.0693124	0.0951813	0.406419	0.956462	2.54194	5	1.002885
2964000	-93.61696	-121.644	28.02704	10	0.913878	0.0479013	0.0340952	0.104758	0.089915	0.0349022	0.0964443	0.415802	0.0135836	0.173126	0.380177	0.0142203	0.119466	0.449242	0.984123	2.44717	5	1.404925
2965000	-90.95047	-121.4029	30.45241	10	0.2071303	0.0444804	0.050988	0.00230095	0.0919255	0.0145023	0.0954906	0.371523	0.0960769	0.0780452	0.187518	0.0778803	0.000673711	0.0379876	0.40201	3.55933	5	1.110731
2966000	-98.14664	-124.6454	26.49872	10	0.1457277	0.015697	0.0951976	0.0890624	0.0936077	0.138018	0.0103647	0.12462	0.236914	0.00282082	0.140843	0.378506	4.05066e-05	0.00940761	0.228904	3.76165	5	1.32565
2967000	-98.85521	-127.5591	28.70391	10	2.699929	0.009293	0.024536	0.00748691	0.359334	0.0579087	0.00235964	0.127778	0.174136	0.0492805	0.537054	0.0405865	0.364628	0.713433	1.08057	1.84137	5	1.389754
2968000	-101.932	-127.7061	25.77414	10	0.124183	0.178271	0.0711324	0.0203425	0.308882	0.0706201	0.0236603	0.119926	0.037054	0.00380749	0.318528	0.0622167	7.80181e-06	0.00413967	0.163457	3.8324	5	1.21444
2969000	-95.05411	-121.7783	26.72418	10	1.638362	0.0353294	0.0519681	0.0247158	0.0589135	0.0155472	0.0875927	0.459174	0.171766	0.0836563	0.0767051	0.230355	0.245927	0.610076	1.05761	2.08639	5	1.295723
2970000	-109.2497	-125.556	16.30636	2	0.7832237	0.0538563	0.0466269	0.0801604	0.146215	0.119067	0.0232148	0.197186	0.14522	0.281979	0.121783	0.334782	0.0919842	0.400291	0.952196	2.55553	4	1.550091
2971000	-86.06618	-120.2083	34.1421	10	0.5790231	0.046105	0.0279655	0.0446996	0.00135569	0.0645435	0.0453744	0.220613	0.133991	0.0433628	0.162121	0.112997	0.0488124	0.300409	0.870228	2.78055	5	0.9031286
2972000	-101.8789	-131.0902	29.21122	10	0.2654085	0.00271638	0.0167619	0.298687	0.358361	0.0801804	0.0505052	0.157215	0.0499674	0.222816	2.80192e-05	0.0704267	0.00290897	0.0780218	0.532873	3.3862	5	1.307664
2973000	-101.9902	-127.0578	25.06763	10	1.850917	0.0174926	0.0253973	0.0410361	0.218548	0.0317474	0.00809978	0.145479	0.00571189	0.477405	0.0522747	0.078964	0.274805	0.638163	1.06577	2.02126	5	1.102156
2974000	-101.4318	-126.4866	25.05478	10	0.4426394	0.0727902	0.126282	0.0308305	0.211705	0.131064	0.098155	0.0772049	0.133307	0.235305	0.259537	0.118031	0.0233155	0.212831	0.773587	2.99027	5	1.494211
2975000	-89.80332	-125.891	36.08771	10	0.212995	0.0546884	0.0195649	0.0341254	0.0404578	0.0437099	0.0810426	0.0786461	0.111924	0.144918	0.00130251	0.139823	0.000809423	0.0415925	0.416715	3.54088	5	0.7502029
2976000	-96.54716	-122.6765	26.12938	10	1.09535	0.0271639	0.059117	0.0441857	0.0318707	0.163092	0.0457259	0.212585	0.110908	0.194804	0.195036	0.265596	0.155576	0.503648	1.01416	2.32661	5	1.350086
2977000	-93.66082	-124.3973	30.73643	10	0.04225589	0.0312242	0.0437198	0.00422649	0.0329243	0.0617155	0.00695731	0.354739	0.0274278	0.116981	0.108207	0.0325093	3.14907e-15	8.37894e-08	0.00184781	3.99815	5	0.8206315
2978000	-86.78045	-119.8806	33.10013	10	0.2576648	0.0227358	0.0202443	0.00701703	0.0126669	0.0712768	0.0240208	0.101961	0.266599	0.0964625	0.274616	0.0326214	0.00248839	0.0722785	0.517373	3.40786	5	0.9302207
2979000	-110.3568	-130.5707	20.2139	2	0.171105	0.0173478	0.0745353	0.0166252	0.0439796	0.0399362	0.0933644	0.0434357	0.300089	0.00526692	0.112154	0.232016	0.000165442	0.0189422	0.304201	3.67669	4	0.9787493
2980000	-115.58	-130.7998	15.21973	10	0.2833561	0.101057	0.0956488	0.175502	0.185285	0.213274	0.181508	0.26997	0.465205	0.0411653	0.0512282	0.164067	0.00404253	0.091627	0.566763	3.33757	5	1.943911
2981000	-89.39244	-123.2203	33.82785	10	0.529819	0.100563	0.00842527	0.0466295	0.106333	0.0178328	0.00494055	0.14607	0.132815	0.0847612	0.0499069	0.167065	0.0390388	0.270937	0.840809	2.84922	5	0.8653434
2982000	-91.33221	-120.3179	28.9857	10	0.6901979	0.0311208	0.0279339	0.0328077	0.104432	0.0635604	0.0619838	0.300789	0.301946	0.122046	0.106963	0.119288	0.0720959	0.358868	0.921181	2.64785	5	1.27287
2983000	-109.6095	-126.8078	17.19828	1	0.7483659	0.0694192	0.0143429	0.0789899	0.0538373	0.0863408	0.020661	0.255527	0.128259	0.0435034	0.0754634	0.249447	0.0845349	0.385484	0.941553	2.58843	3	1.075791
2984000	-103.9525	-123.2467	19.29419	2	1.399606	0.0879852	0.0889897	0.0167617	0.0263977	0.0270739	0.0426627	0.383963	0.0887872	0.018758	0.211237	0.209443	0.209389	0.570946	1.04394	2.17573	4	1.202059
2985000	-95.06836	-121.006	25.93764	10	1.12431	0.0496015	0.0269962	0.0409955	0.113963	0.088031	0.0973957	0.388034	0.22817	0.436354	0.0812399	0.0232283	0.161069	0.511173	1.01789	2.30987	5	1.574008
2986000	-90.61882	-121.2442	30.6254	10	0.1099195	0.0598948	0.00325509	0.0350644	0.0044359	0.0644331	0.00743897	0.191919	0.0377038	0.0741813	0.0447593	0.120596	1.83676e-06	0.00201166	0.121364	3.87662	5	0.6436818
2987000	-111.9227	-126.3065	14.38381	10	0.5074999	0.00186738	0.0250981	0.0965803	0.0967306	0.169756	0.043226	0.207885	0.204826	0.0894466	0.0427653	0.723437	0.0347861	0.256784	0.82565	2.88278	5	1.701619
2988000	-109.1142	-123.6096	14.4954	2	1.172058	0.0814838	0.000592405	0.0352699	0.0878382	0.0833005	0.00144642	0.358085	0.102544	0.150723	0.155238	0.139078	0.169953	0.522993	1.02354	2.28351	4	1.1956
2989000	-110.4117	-127.2857	16.87401	2	0.944987	0.0390928	0.0273017	0.00253368	0.0754452	0.403238	0.193023	0.233483	0.148583	0.0960077	0.238364	0.0623917	0.125851	0.459568	0.990251	2.42433	4	1.519464
2990000	-97.14472	-123.6249	26.48015	10	0.2107542	0.0300897	0.00413463	0.112393	0.170647	0.0741234	0.115446	0.0611991	0.31293	0.0941382	0.0544111	0.434908	0.000755524	0.0402008	0.411138	3.54791	5	1.46442
2991000	-103.5155	-124.7179	21.20246	10	1.909693	0.0639684	0.0181247	0.0725328	0.147135	0.0228142	0.0729115	0.0762426	0.196653	0.085227	0.205629	0.105013	0.282251	0.645054	1.06756	2.00514	5	1.066252
2992000	-88.34753	-122.547	34.19948	10	0.17216	0.0510512	0.0157829	0.0132271	0.0570886	0.0381919	0.0455538	0.222745	0.106768	0.0089633	0.228614	0.0866286	0.000173838	0.0194136	0.307236	3.67318	5	0.8746154
2993000	-100.7281	-132.8127	32.08467	10	0.4738231	0.045174	0.0731118	0.0178119	0.0156142	0.325201	0.0614414	0.0391703	0.226035	0.0264672	0.00860605	0.120792	0.0286447	0.234484	0.800245	2.93663	5	0.9594249
2994000	-89.74188	-123.5042	33.76237	10	0.2988723	0.0118802	0.0611323	0.0233625	0.0377147	0.00398505	0.0141004	0.20055	0.245309	0.101206	0.0678187	0.106854	0.00520428	0.103618	0.593904	3.29727	5	0.8739132
2995000	-97.10511	-123.3128	26.2077	10	0.2611825	0.0411001	0.002993	0.0823152	0.0765654	0.012046	0.00720623	0.310847	0.213378	0.0290619	0.14088	0.0854317	0.0026744	0.0748763	0.524482	3.39797	5	1.001825
2996000	-92.65201	-121.7002	29.04823	10	0.3096457	0.055481	0.0340601	0.0832248	0.0574927	0.0469974	0.0654208	0.442742	0.528445	0.0708672	0.02198	0.138011	0.00611032	0.112017	0.611652	3.27022	5	1.544722
2997000	-92.10234	-122.8288	30.72645	10	0.9668053	0.0882686	0.026881	0.0676609	0.03328	0.0260793	0.0190404	0.101983	0.155786	0.0802397	0.378056	0.159553	0.130284	0.466542	0.994274	2.4089	5	1.136829
2998000	-108.9001	-127.3366	18.43645	2	2.13106	0.190434	0.126637	0.117485	0.00924129	0.0401282	0.0430427	0.256768	0.0230324	0.155327	0.108581	0.00919924	0.308433	0.668264	1.07295	1.95036	4	1.079876
2999000	-93.59079	-121.7259	28.13506	10	0.3628076	0.0694224	0.0465749	0.00395396	0.0106474	0.0764838	0.0601326	0.418548	0.270894	0.0937244	0.275101	0.0352834	0.0117346	0.153479	0.68768	3.14711	5	1.360767
3000000	-104.2826	-122.4908	18.2082	2	0.3764691	0.0293241	0.0242506	0.0526649	0.00835814	0.0156576	0.0315385	0.123367	0.49755	0.152154	0.348689	0.0268761	0.0134712	0.163972	0.704508	3.11805	4	1.31043
