state	power	likelihood
25100	1	-75.4732
25200	1	-76.2849
25300	1	-82.312
25400	1	-78.7063
25500	1	-76.6973
25600	1	-76.3712
25700	1	-81.8079
25800	1	-79.8266
25900	1	-81.5704
26000	1	-85.6174
26100	1	-80.1887
26200	1	-77.3172
26300	1	-78.3633
26400	1	-77.7853
26500	1	-77.1917
26600	1	-83.8939
26700	1	-77.5717
26800	1	-78.2197
26900	1	-81.2633
27000	1	-77.431
27100	1	-79.6397
27200	1	-75.6743
27300	1	-83.0204
27400	1	-82.366
27500	1	-80.6692
27600	1	-76.9416
27700	1	-80.108
27800	1	-79.1517
27900	1	-76.9512
28000	1	-74.3734
28100	1	-76.1629
28200	1	-82.114
28300	1	-71.4691
28400	1	-78.4666
28500	1	-74.9906
28600	1	-81.0028
28700	1	-81.1436
28800	1	-82.5679
28900	1	-78.0803
29000	1	-77.1935
29100	1	-76.743
29200	1	-75.1358
29300	1	-73.888
29400	1	-81.1245
29500	1	-82.6075
29600	1	-73.6711
29700	1	-74.5575
29800	1	-81.4921
29900	1	-78.6473
30000	1	-77.1889
30100	1	-78.2137
30200	1	-81.1991
30300	1	-75.9465
30400	1	-81.0039
30500	1	-79.7779
30600	1	-88.5376
30700	1	-81.3601
30800	1	-74.5002
30900	1	-78.2528
31000	1	-82.8725
31100	1	-77.2736
31200	1	-78.5698
31300	1	-78.1142
31400	1	-81.0432
31500	1	-76.6698
31600	1	-81.9018
31700	1	-75.6646
31800	1	-78.0016
31900	1	-79.6968
32000	1	-77.944
32100	1	-75.8055
32200	1	-76.7555
32300	1	-75.7031
32400	1	-76.8631
32500	1	-79.0093
32600	1	-79.0536
32700	1	-82.0118
32800	1	-75.1961
32900	1	-81.0963
33000	1	-73.3187
33100	1	-75.255
33200	1	-81.6547
33300	1	-80.2098
33400	1	-79.456
33500	1	-78.0814
33600	1	-76.6212
33700	1	-79.0872
33800	1	-79.7785
33900	1	-75.0363
34000	1	-79.4732
34100	1	-79.692
34200	1	-77.3566
34300	1	-78.1974
34400	1	-82.0133
34500	1	-76.5987
34600	1	-74.5195
34700	1	-79.6632
34800	1	-77.5898
34900	1	-78.0738
35000	1	-76.1753
35100	1	-81.5629
35200	1	-80.2736
35300	1	-77.9354
35400	1	-82.7159
35500	1	-79.0923
35600	1	-76.8863
35700	1	-81.6028
35800	1	-80.9248
35900	1	-77.601
36000	1	-82.3192
36100	1	-81.7308
36200	1	-78.4791
36300	1	-74.4233
36400	1	-86.9103
36500	1	-79.5473
36600	1	-76.6358
36700	1	-82.993
36800	1	-80.6009
36900	1	-78.9553
37000	1	-85.4188
37100	1	-74.6537
37200	1	-77.7612
37300	1	-77.38
37400	1	-78.6338
37500	1	-79.7753
37600	1	-77.9784
37700	1	-77.0571
37800	1	-77.0373
37900	1	-73.0987
38000	1	-75.41
38100	1	-81.214
38200	1	-75.0472
38300	1	-83.3943
38400	1	-77.2371
38500	1	-76.6895
38600	1	-77.2231
38700	1	-84.7755
38800	1	-78.7947
38900	1	-77.191
39000	1	-73.2733
39100	1	-79.7884
39200	1	-80.9507
39300	1	-77.3023
39400	1	-83.2692
39500	1	-80.3705
39600	1	-75.9897
39700	1	-81.9387
39800	1	-78.4652
39900	1	-78.203
40000	1	-81.7672
40100	1	-78.0741
40200	1	-78.5546
40300	1	-77.2885
40400	1	-81.7688
40500	1	-84.6026
40600	1	-80.1665
40700	1	-85.0964
40800	1	-74.7902
40900	1	-75.8161
41000	1	-78.6543
41100	1	-74.1407
41200	1	-77.5472
41300	1	-79.2348
41400	1	-75.6632
41500	1	-75.8404
41600	1	-75.5707
41700	1	-79.1944
41800	1	-73.3435
41900	1	-78.1247
42000	1	-78.5823
42100	1	-79.8327
42200	1	-77.2697
42300	1	-78.097
42400	1	-74.3227
42500	1	-83.5141
42600	1	-81.8289
42700	1	-78.4499
42800	1	-75.1487
42900	1	-77.2034
43000	1	-78.4622
43100	1	-77.5897
43200	1	-76.2724
43300	1	-73.9174
43400	1	-79.4657
43500	1	-85.132
43600	1	-75.2061
43700	1	-78.3018
43800	1	-78.5888
43900	1	-81.1711
44000	1	-86.4219
44100	1	-78.9967
44200	1	-76.6448
44300	1	-80.579
44400	1	-77.0279
44500	1	-78.0124
44600	1	-77.925
44700	1	-74.2962
44800	1	-74.8831
44900	1	-76.7415
45000	1	-77.04
45100	1	-82.093
45200	1	-75.0217
45300	1	-87.9238
45400	1	-81.0724
45500	1	-77.4009
45600	1	-79.1456
45700	1	-77.3801
45800	1	-81.0744
45900	1	-76.9853
46000	1	-74.5391
46100	1	-84.763
46200	1	-76.8823
46300	1	-75.9323
46400	1	-80.9575
46500	1	-73.2531
46600	1	-81.9415
46700	1	-76.4909
46800	1	-73.0956
46900	1	-77.9825
47000	1	-78.8972
47100	1	-79.8486
47200	1	-76.7041
47300	1	-80.6695
47400	1	-79.4106
47500	1	-76.9856
47600	1	-84.2421
47700	1	-81.8592
47800	1	-75.3721
47900	1	-75.6452
48000	1	-82.3798
48100	1	-74.5597
48200	1	-76.4513
48300	1	-76.7194
48400	1	-77.7461
48500	1	-79.9561
48600	1	-76.8878
48700	1	-75.6512
48800	1	-75.9741
48900	1	-80.868
49000	1	-81.5571
49100	1	-82.4823
49200	1	-78.0947
49300	1	-80.4838
49400	1	-81.8246
49500	1	-76.2225
49600	1	-75.3289
49700	1	-77.4314
49800	1	-84.9269
49900	1	-77.0303
50000	1	-76.7932
50100	1	-79.6225
50200	1	-76.2903
50300	1	-81.9822
50400	1	-81.7631
50500	1	-77.6091
50600	1	-73.5455
50700	1	-88.5438
50800	1	-76.4645
50900	1	-76.676
51000	1	-81.4045
51100	1	-81.9686
51200	1	-77.0413
51300	1	-75.3441
51400	1	-80.4213
51500	1	-78.2016
51600	1	-80.0482
51700	1	-85.7732
51800	1	-85.7165
51900	1	-80.7851
52000	1	-78.7466
52100	1	-76.7846
52200	1	-84.4316
52300	1	-77.5093
52400	1	-77.3214
52500	1	-77.1771
52600	1	-81.126
52700	1	-79.0121
52800	1	-81.7856
52900	1	-79.7986
53000	1	-78.0794
53100	1	-75.0743
53200	1	-80.6937
53300	1	-75.9083
53400	1	-78.0837
53500	1	-80.112
53600	1	-79.1318
53700	1	-77.8518
53800	1	-83.8
53900	1	-83.4939
54000	1	-76.8961
54100	1	-77.1828
54200	1	-78.6071
54300	1	-78.1456
54400	1	-79.9643
54500	1	-78.5973
54600	1	-76.8883
54700	1	-87.3134
54800	1	-82.8779
54900	1	-76.1445
55000	1	-78.2086
55100	1	-84.5915
55200	1	-79.2159
55300	1	-75.1651
55400	1	-78.0608
55500	1	-73.87
55600	1	-77.5973
55700	1	-81.7388
55800	1	-78.9066
55900	1	-80.3829
56000	1	-85.3771
56100	1	-78.1898
56200	1	-79.6999
56300	1	-78.4523
56400	1	-75.1085
56500	1	-78.4442
56600	1	-79.0557
56700	1	-80.5667
56800	1	-78.4656
56900	1	-78.2443
57000	1	-77.4132
57100	1	-75.5548
57200	1	-79.3548
57300	1	-75.9152
57400	1	-80.3317
57500	1	-85.4792
57600	1	-79.3173
57700	1	-75.1108
57800	1	-82.5057
57900	1	-78.3504
58000	1	-74.469
58100	1	-77.167
58200	1	-73.8172
58300	1	-80.1589
58400	1	-77.6947
58500	1	-76.1261
58600	1	-73.1336
58700	1	-85.0046
58800	1	-78.9451
58900	1	-80.7981
59000	1	-77.016
59100	1	-75.8022
59200	1	-74.3198
59300	1	-76.4436
59400	1	-79.6848
59500	1	-79.2002
59600	1	-79.6146
59700	1	-81.4119
59800	1	-81.2228
59900	1	-75.9327
60000	1	-80.6808
60100	1	-82.4778
60200	1	-80.0434
60300	1	-76.4784
60400	1	-82.825
60500	1	-79.5526
60600	1	-76.2733
60700	1	-77.5454
60800	1	-81.6143
60900	1	-82.2206
61000	1	-77.7793
61100	1	-80.0623
61200	1	-75.4452
61300	1	-75.3483
61400	1	-78.2031
61500	1	-75.734
61600	1	-80.0026
61700	1	-80.0904
61800	1	-76.7305
61900	1	-77.9564
62000	1	-75.8138
62100	1	-80.7323
62200	1	-75.7369
62300	1	-76.3423
62400	1	-80.068
62500	1	-76.6491
62600	1	-81.0537
62700	1	-77.2365
62800	1	-87.2638
62900	1	-77.7292
63000	1	-81.0368
63100	1	-78.3136
63200	1	-73.6909
63300	1	-77.8009
63400	1	-77.4352
63500	1	-79.0497
63600	1	-76.5476
63700	1	-75.4043
63800	1	-79.3935
63900	1	-74.0884
64000	1	-79.7221
64100	1	-79.7456
64200	1	-77.6363
64300	1	-82.446
64400	1	-84.9756
64500	1	-77.6003
64600	1	-78.1111
64700	1	-79.8387
64800	1	-81.332
64900	1	-78.3121
65000	1	-83.4463
65100	1	-76.1261
65200	1	-79.4964
65300	1	-75.072
65400	1	-78.0669
65500	1	-82.1795
65600	1	-77.429
65700	1	-76.008
65800	1	-75.2033
65900	1	-77.5232
66000	1	-79.3585
66100	1	-85.68
66200	1	-76.0695
66300	1	-75.6224
66400	1	-82.1698
66500	1	-80.2076
66600	1	-77.91
66700	1	-75.1573
66800	1	-83.5289
66900	1	-80.5989
67000	1	-75.2182
67100	1	-76.4088
67200	1	-79.4203
67300	1	-80.3108
67400	1	-81.1775
67500	1	-77.0655
67600	1	-77.8291
67700	1	-78.2596
67800	1	-75.5411
67900	1	-77.0406
68000	1	-76.6578
68100	1	-77.3919
68200	1	-79.8809
68300	1	-76.7535
68400	1	-74.9843
68500	1	-77.6921
68600	1	-82.4304
68700	1	-77.05
68800	1	-80.9747
68900	1	-84.1132
69000	1	-82.7279
69100	1	-82.4165
69200	1	-75.4477
69300	1	-75.4947
69400	1	-81.708
69500	1	-77.3194
69600	1	-76.2339
69700	1	-75.9883
69800	1	-78.6828
69900	1	-76.1984
70000	1	-77.0643
70100	1	-79.5485
70200	1	-78.9651
70300	1	-78.3661
70400	1	-76.8533
70500	1	-79.797
70600	1	-78.5439
70700	1	-77.9805
70800	1	-78.7733
70900	1	-77.8845
71000	1	-77.0661
71100	1	-82.8717
71200	1	-80.0462
71300	1	-75.816
71400	1	-81.6447
71500	1	-79.3167
71600	1	-74.795
71700	1	-83.8567
71800	1	-75.5128
71900	1	-78.9151
72000	1	-76.8777
72100	1	-81.0094
72200	1	-85.2267
72300	1	-80.307
72400	1	-76.461
72500	1	-76.3235
72600	1	-77.0477
72700	1	-77.7318
72800	1	-77.94
72900	1	-77.6991
73000	1	-76.8592
73100	1	-75.3897
73200	1	-81.3996
73300	1	-75.0281
73400	1	-82.7351
73500	1	-84.6888
73600	1	-77.6137
73700	1	-77.4749
73800	1	-81.4627
73900	1	-79.8477
74000	1	-77.4775
74100	1	-74.9676
74200	1	-81.4585
74300	1	-75.8478
74400	1	-83.8874
74500	1	-77.0322
74600	1	-78.4602
74700	1	-79.2964
74800	1	-80.9406
74900	1	-82.3553
75000	1	-75.3124
75100	1	-72.8597
75200	1	-75.5146
75300	1	-75.4335
75400	1	-79.3399
75500	1	-78.6378
75600	1	-78.9102
75700	1	-78.4751
75800	1	-79.8594
75900	1	-75.0243
76000	1	-80.6896
76100	1	-75.7176
76200	1	-78.0572
76300	1	-77.0946
76400	1	-79.9591
76500	1	-79.2486
76600	1	-76.8881
76700	1	-79.1977
76800	1	-79.4562
76900	1	-80.8209
77000	1	-74.3224
77100	1	-76.4252
77200	1	-82.3069
77300	1	-77.6885
77400	1	-82.414
77500	1	-79.2043
77600	1	-75.7362
77700	1	-80.8924
77800	1	-75.6255
77900	1	-77.4978
78000	1	-76.2343
78100	1	-85.1975
78200	1	-78.0164
78300	1	-79.5157
78400	1	-80.8243
78500	1	-79.8522
78600	1	-83.0712
78700	1	-78.2855
78800	1	-78.1574
78900	1	-78.1562
79000	1	-82.1217
79100	1	-75.6997
79200	1	-76.5757
79300	1	-76.2645
79400	1	-73.9605
79500	1	-76.7299
79600	1	-75.5829
79700	1	-76.3239
79800	1	-77.1874
79900	1	-77.9999
80000	1	-77.7208
80100	1	-78.7155
80200	1	-77.5298
80300	1	-78.4165
80400	1	-76.7335
80500	1	-74.9319
80600	1	-73.93
80700	1	-77.1078
80800	1	-78.4786
80900	1	-77.6092
81000	1	-78.9173
81100	1	-74.3653
81200	1	-74.8047
81300	1	-77.9769
81400	1	-78.5967
81500	1	-73.7573
81600	1	-72.6535
81700	1	-77.5475
81800	1	-80.8164
81900	1	-76.9872
82000	1	-79.5809
82100	1	-77.757
82200	1	-76.5616
82300	1	-80.9448
82400	1	-78.5595
82500	1	-74.3438
82600	1	-84.5768
82700	1	-76.2779
82800	1	-71.355
82900	1	-77.4243
83000	1	-74.4709
83100	1	-75.8144
83200	1	-74.6453
83300	1	-82.4231
83400	1	-78.5048
83500	1	-74.1125
83600	1	-78.6749
83700	1	-82.9453
83800	1	-75.7672
83900	1	-74.3264
84000	1	-78.259
84100	1	-81.3338
84200	1	-79.951
84300	1	-81.3387
84400	1	-77.1092
84500	1	-81.4609
84600	1	-81.9914
84700	1	-77.7366
84800	1	-77.4767
84900	1	-79.2247
85000	1	-78.2703
85100	1	-79.3111
85200	1	-84.2493
85300	1	-82.6061
85400	1	-80.6743
85500	1	-80.889
85600	1	-81.6852
85700	1	-79.6399
85800	1	-76.0429
85900	1	-79.7653
86000	1	-74.423
86100	1	-77.6954
86200	1	-79.1934
86300	1	-82.7478
86400	1	-76.9578
86500	1	-74.093
86600	1	-78.6018
86700	1	-76.9073
86800	1	-79.1605
86900	1	-79.3422
87000	1	-81.8851
87100	1	-80.106
87200	1	-77.8176
87300	1	-74.5047
87400	1	-76.6238
87500	1	-77.4377
87600	1	-78.6204
87700	1	-79.3586
87800	1	-79.201
87900	1	-81.6185
88000	1	-81.0056
88100	1	-78.5999
88200	1	-75.8926
88300	1	-83.1307
88400	1	-81.0589
88500	1	-76.9693
88600	1	-77.4947
88700	1	-76.279
88800	1	-76.6013
88900	1	-74.2056
89000	1	-74.8717
89100	1	-80.7813
89200	1	-79.0777
89300	1	-77.5136
89400	1	-78.9007
89500	1	-87.1805
89600	1	-77.5174
89700	1	-79.4298
89800	1	-78.3564
89900	1	-77.4853
90000	1	-76.6898
90100	1	-78.1891
90200	1	-75.2711
90300	1	-81.9025
90400	1	-77.6183
90500	1	-78.6269
90600	1	-77.3668
90700	1	-77.729
90800	1	-77.9177
90900	1	-75.1004
91000	1	-77.3715
91100	1	-80.916
91200	1	-79.4871
91300	1	-78.4906
91400	1	-78.2216
91500	1	-77.2822
91600	1	-79.8682
91700	1	-72.9643
91800	1	-77.5086
91900	1	-79.7532
92000	1	-84.0796
92100	1	-78.3425
92200	1	-80.7023
92300	1	-78.7839
92400	1	-84.6576
92500	1	-84.1861
92600	1	-75.3428
92700	1	-79.9193
92800	1	-78.305
92900	1	-85.3339
93000	1	-76.2513
93100	1	-75.2274
93200	1	-72.7301
93300	1	-80.9047
93400	1	-79.0268
93500	1	-76.9452
93600	1	-78.7603
93700	1	-77.1037
93800	1	-89.7663
93900	1	-75.668
94000	1	-79.2581
94100	1	-78.9272
94200	1	-75.3743
94300	1	-83.6909
94400	1	-78.9059
94500	1	-77.7626
94600	1	-77.7214
94700	1	-80.5943
94800	1	-76.5638
94900	1	-77.3365
95000	1	-76.0809
95100	1	-83.1115
95200	1	-85.2279
95300	1	-72.6076
95400	1	-76.1199
95500	1	-77.6003
95600	1	-77.887
95700	1	-81.439
95800	1	-86.9113
95900	1	-77.2972
96000	1	-81.9473
96100	1	-78.2439
96200	1	-79.1715
96300	1	-88.4323
96400	1	-80.8137
96500	1	-77.1079
96600	1	-79.3182
96700	1	-77.7718
96800	1	-79.0955
96900	1	-77.1221
97000	1	-80.2395
97100	1	-75.8651
97200	1	-82.192
97300	1	-81.8721
97400	1	-78.1124
97500	1	-77.6032
97600	1	-77.3268
97700	1	-77.7103
97800	1	-81.2159
97900	1	-82.4866
98000	1	-77.7491
98100	1	-76.7516
98200	1	-76.1961
98300	1	-81.3667
98400	1	-75.8517
98500	1	-81.6085
98600	1	-85.5092
98700	1	-81.3672
98800	1	-75.3872
98900	1	-78.186
99000	1	-77.1217
99100	1	-80.3121
99200	1	-81.7866
99300	1	-75.9846
99400	1	-75.397
99500	1	-75.9199
99600	1	-80.8079
99700	1	-77.5729
99800	1	-78.0274
99900	1	-77.202
100000	1	-77.0187
25100	0.59049	-83.9057
25200	0.59049	-81.768
25300	0.59049	-79.2918
25400	0.59049	-82.5505
25500	0.59049	-79.7217
25600	0.59049	-87.8682
25700	0.59049	-81.8676
25800	0.59049	-88.0209
25900	0.59049	-88.1713
26000	0.59049	-76.7988
26100	0.59049	-87.4833
26200	0.59049	-78.118
26300	0.59049	-83.6238
26400	0.59049	-78.7563
26500	0.59049	-80.0572
26600	0.59049	-86.1329
26700	0.59049	-86.1702
26800	0.59049	-89.2071
26900	0.59049	-87.5855
27000	0.59049	-79.4713
27100	0.59049	-85.0944
27200	0.59049	-91.7247
27300	0.59049	-80.5807
27400	0.59049	-88.7232
27500	0.59049	-81.8681
27600	0.59049	-87.7832
27700	0.59049	-89.4185
27800	0.59049	-82.6963
27900	0.59049	-80.069
28000	0.59049	-86.2555
28100	0.59049	-95.5602
28200	0.59049	-89.0964
28300	0.59049	-85.4108
28400	0.59049	-83.4819
28500	0.59049	-79.8947
28600	0.59049	-81.2041
28700	0.59049	-97.5683
28800	0.59049	-83.498
28900	0.59049	-81.9575
29000	0.59049	-89.0849
29100	0.59049	-84.9816
29200	0.59049	-81.1803
29300	0.59049	-83.4329
29400	0.59049	-86.6516
29500	0.59049	-107.614
29600	0.59049	-91.4653
29700	0.59049	-85.6344
29800	0.59049	-83.6457
29900	0.59049	-81.8501
30000	0.59049	-81.9601
30100	0.59049	-78.9996
30200	0.59049	-78.5602
30300	0.59049	-85.8535
30400	0.59049	-78.8533
30500	0.59049	-82.6406
30600	0.59049	-79.2148
30700	0.59049	-88.9717
30800	0.59049	-82.8293
30900	0.59049	-86.0416
31000	0.59049	-79.9888
31100	0.59049	-86.3788
31200	0.59049	-87.4264
31300	0.59049	-80.9852
31400	0.59049	-87.0536
31500	0.59049	-89.3843
31600	0.59049	-82.1873
31700	0.59049	-91.9836
31800	0.59049	-94.1138
31900	0.59049	-87.6269
32000	0.59049	-86.6769
32100	0.59049	-87.6187
32200	0.59049	-85.4911
32300	0.59049	-84.9831
32400	0.59049	-78.539
32500	0.59049	-86.0509
32600	0.59049	-86.8228
32700	0.59049	-81.8526
32800	0.59049	-84.8658
32900	0.59049	-81.5389
33000	0.59049	-89.066
33100	0.59049	-93.2206
33200	0.59049	-88.1032
33300	0.59049	-82.9572
33400	0.59049	-94.2691
33500	0.59049	-86.586
33600	0.59049	-82.2804
33700	0.59049	-88.5911
33800	0.59049	-75.5973
33900	0.59049	-85.1391
34000	0.59049	-84.4741
34100	0.59049	-85.5538
34200	0.59049	-79.3269
34300	0.59049	-78.1592
34400	0.59049	-89.2479
34500	0.59049	-79.9531
34600	0.59049	-85.0535
34700	0.59049	-79.9498
34800	0.59049	-90.8986
34900	0.59049	-85.1352
35000	0.59049	-85.6119
35100	0.59049	-79.4329
35200	0.59049	-82.1345
35300	0.59049	-82.1311
35400	0.59049	-85.3317
35500	0.59049	-83.1086
35600	0.59049	-92.9705
35700	0.59049	-85.5972
35800	0.59049	-97.6259
35900	0.59049	-84.9387
36000	0.59049	-77.2355
36100	0.59049	-85.3309
36200	0.59049	-83.0119
36300	0.59049	-94.6339
36400	0.59049	-78.2922
36500	0.59049	-88.658
36600	0.59049	-82.2397
36700	0.59049	-84.425
36800	0.59049	-81.5385
36900	0.59049	-79.1621
37000	0.59049	-85.2885
37100	0.59049	-80.058
37200	0.59049	-80.4545
37300	0.59049	-86.6934
37400	0.59049	-85.8383
37500	0.59049	-80.0288
37600	0.59049	-83.7033
37700	0.59049	-87.4009
37800	0.59049	-89.2727
37900	0.59049	-77.3504
38000	0.59049	-83.0088
38100	0.59049	-95.9672
38200	0.59049	-80.8772
38300	0.59049	-83.6985
38400	0.59049	-80.8403
38500	0.59049	-77.5748
38600	0.59049	-90.8445
38700	0.59049	-91.3638
38800	0.59049	-82.785
38900	0.59049	-87.9081
39000	0.59049	-83.2626
39100	0.59049	-92.5504
39200	0.59049	-85.5994
39300	0.59049	-78.6902
39400	0.59049	-80.9265
39500	0.59049	-85.5714
39600	0.59049	-86.5473
39700	0.59049	-83.4952
39800	0.59049	-82.0205
39900	0.59049	-82.3056
40000	0.59049	-81.5003
40100	0.59049	-87.9638
40200	0.59049	-87.2217
40300	0.59049	-74.4869
40400	0.59049	-88.9266
40500	0.59049	-84.3265
40600	0.59049	-86.2987
40700	0.59049	-82.1717
40800	0.59049	-86.6562
40900	0.59049	-86.3888
41000	0.59049	-77.7724
41100	0.59049	-90.1017
41200	0.59049	-88.5852
41300	0.59049	-80.0108
41400	0.59049	-89.6958
41500	0.59049	-79.3189
41600	0.59049	-88.9106
41700	0.59049	-78.9906
41800	0.59049	-94.9686
41900	0.59049	-89.8961
42000	0.59049	-85.1522
42100	0.59049	-79.8468
42200	0.59049	-77.9624
42300	0.59049	-81.8014
42400	0.59049	-85.6499
42500	0.59049	-79.4595
42600	0.59049	-84.0701
42700	0.59049	-85.1299
42800	0.59049	-86.5788
42900	0.59049	-85.2221
43000	0.59049	-80.0877
43100	0.59049	-78.3349
43200	0.59049	-80.9084
43300	0.59049	-79.1731
43400	0.59049	-81.0032
43500	0.59049	-80.1638
43600	0.59049	-76.8783
43700	0.59049	-81.1916
43800	0.59049	-96.2679
43900	0.59049	-79.5257
44000	0.59049	-92.4995
44100	0.59049	-89.2723
44200	0.59049	-85.1957
44300	0.59049	-84.5144
44400	0.59049	-85.5955
44500	0.59049	-77.4076
44600	0.59049	-86.9883
44700	0.59049	-85.4708
44800	0.59049	-83.2611
44900	0.59049	-89.6464
45000	0.59049	-90.2127
45100	0.59049	-81.7955
45200	0.59049	-79.0344
45300	0.59049	-84.5338
45400	0.59049	-82.3616
45500	0.59049	-85.3651
45600	0.59049	-77.975
45700	0.59049	-82.3575
45800	0.59049	-78.3458
45900	0.59049	-80.1604
46000	0.59049	-81.266
46100	0.59049	-86.7591
46200	0.59049	-75.8573
46300	0.59049	-85.5707
46400	0.59049	-80.363
46500	0.59049	-87.3014
46600	0.59049	-91.6261
46700	0.59049	-83.7211
46800	0.59049	-80.8542
46900	0.59049	-84.7434
47000	0.59049	-78.6761
47100	0.59049	-85.0013
47200	0.59049	-76.2236
47300	0.59049	-80.6452
47400	0.59049	-81.5277
47500	0.59049	-82.6075
47600	0.59049	-78.8086
47700	0.59049	-82.5486
47800	0.59049	-78.7658
47900	0.59049	-90.0629
48000	0.59049	-82.9844
48100	0.59049	-84.8238
48200	0.59049	-92.2118
48300	0.59049	-87.018
48400	0.59049	-84.8543
48500	0.59049	-86.5028
48600	0.59049	-79.4771
48700	0.59049	-90.485
48800	0.59049	-82.6359
48900	0.59049	-83.4879
49000	0.59049	-79.0028
49100	0.59049	-84.7021
49200	0.59049	-87.003
49300	0.59049	-88.1049
49400	0.59049	-84.6095
49500	0.59049	-84.9876
49600	0.59049	-84.8002
49700	0.59049	-79.0922
49800	0.59049	-78.4427
49900	0.59049	-85.4207
50000	0.59049	-79.3525
50100	0.59049	-83.0599
50200	0.59049	-81.0003
50300	0.59049	-85.7
50400	0.59049	-78.6637
50500	0.59049	-79.1535
50600	0.59049	-99.8056
50700	0.59049	-82.9547
50800	0.59049	-87.6737
50900	0.59049	-91.9444
51000	0.59049	-77.8278
51100	0.59049	-77.7561
51200	0.59049	-89.6707
51300	0.59049	-85.2241
51400	0.59049	-81.7516
51500	0.59049	-86.045
51600	0.59049	-81.0222
51700	0.59049	-81.5306
51800	0.59049	-89.8437
51900	0.59049	-83.2276
52000	0.59049	-78.2021
52100	0.59049	-80.9473
52200	0.59049	-82.5223
52300	0.59049	-77.0207
52400	0.59049	-84.8315
52500	0.59049	-82.8577
52600	0.59049	-86.3671
52700	0.59049	-96.436
52800	0.59049	-73.9282
52900	0.59049	-78.843
53000	0.59049	-85.0134
53100	0.59049	-81.9795
53200	0.59049	-80.2035
53300	0.59049	-90.1073
53400	0.59049	-90.1751
53500	0.59049	-84.8537
53600	0.59049	-89.8936
53700	0.59049	-87.5722
53800	0.59049	-88.2063
53900	0.59049	-80.116
54000	0.59049	-84.7255
54100	0.59049	-80.9004
54200	0.59049	-86.0471
54300	0.59049	-79.7376
54400	0.59049	-78.044
54500	0.59049	-82.1756
54600	0.59049	-92.8258
54700	0.59049	-80.4757
54800	0.59049	-84.8151
54900	0.59049	-87.2801
55000	0.59049	-87.0866
55100	0.59049	-80.7956
55200	0.59049	-82.9362
55300	0.59049	-88.0922
55400	0.59049	-81.5785
55500	0.59049	-80.606
55600	0.59049	-81.7921
55700	0.59049	-80.9806
55800	0.59049	-81.6794
55900	0.59049	-81.3901
56000	0.59049	-90.1867
56100	0.59049	-86.1004
56200	0.59049	-84.0022
56300	0.59049	-84.0671
56400	0.59049	-88.075
56500	0.59049	-85.9705
56600	0.59049	-82.7215
56700	0.59049	-80.6437
56800	0.59049	-82.9076
56900	0.59049	-84.4352
57000	0.59049	-83.1035
57100	0.59049	-81.8189
57200	0.59049	-84.5237
57300	0.59049	-86.636
57400	0.59049	-79.8171
57500	0.59049	-85.8466
57600	0.59049	-84.8977
57700	0.59049	-79.3274
57800	0.59049	-86.816
57900	0.59049	-83.3244
58000	0.59049	-78.2268
58100	0.59049	-86.6258
58200	0.59049	-88.8956
58300	0.59049	-83.522
58400	0.59049	-83.0497
58500	0.59049	-82.2753
58600	0.59049	-82.1702
58700	0.59049	-84.7609
58800	0.59049	-94.4889
58900	0.59049	-90.8736
59000	0.59049	-77.4258
59100	0.59049	-75.9763
59200	0.59049	-83.9474
59300	0.59049	-85.4445
59400	0.59049	-78.7302
59500	0.59049	-84.8201
59600	0.59049	-81.6702
59700	0.59049	-91.1566
59800	0.59049	-82.1077
59900	0.59049	-96.938
60000	0.59049	-83.3193
60100	0.59049	-87.0634
60200	0.59049	-81.1022
60300	0.59049	-77.2519
60400	0.59049	-84.7821
60500	0.59049	-83.8401
60600	0.59049	-96.4189
60700	0.59049	-86.2936
60800	0.59049	-79.2205
60900	0.59049	-82.681
61000	0.59049	-81.6548
61100	0.59049	-78.0479
61200	0.59049	-86.9983
61300	0.59049	-84.9503
61400	0.59049	-84.1695
61500	0.59049	-81.4273
61600	0.59049	-84.2639
61700	0.59049	-85.1332
61800	0.59049	-85.8523
61900	0.59049	-83.9502
62000	0.59049	-84.3729
62100	0.59049	-86.4195
62200	0.59049	-83.4667
62300	0.59049	-91.9687
62400	0.59049	-89.1325
62500	0.59049	-83.8646
62600	0.59049	-86.1345
62700	0.59049	-76.7351
62800	0.59049	-89.7319
62900	0.59049	-89.1022
63000	0.59049	-87.5769
63100	0.59049	-81.0008
63200	0.59049	-83.2261
63300	0.59049	-86.5104
63400	0.59049	-81.4211
63500	0.59049	-89.2033
63600	0.59049	-94.8738
63700	0.59049	-84.9359
63800	0.59049	-82.4362
63900	0.59049	-78.3807
64000	0.59049	-81.9806
64100	0.59049	-78.8507
64200	0.59049	-92.4134
64300	0.59049	-78.2284
64400	0.59049	-83.4568
64500	0.59049	-80.3287
64600	0.59049	-86.8622
64700	0.59049	-75.9681
64800	0.59049	-86.3524
64900	0.59049	-79.0004
65000	0.59049	-79.5658
65100	0.59049	-81.338
65200	0.59049	-86.7835
65300	0.59049	-83.5824
65400	0.59049	-84.7146
65500	0.59049	-88.2185
65600	0.59049	-80.5208
65700	0.59049	-89.5057
65800	0.59049	-78.0334
65900	0.59049	-84.7085
66000	0.59049	-81.1165
66100	0.59049	-82.7948
66200	0.59049	-81.2515
66300	0.59049	-76.1963
66400	0.59049	-90.0559
66500	0.59049	-81.086
66600	0.59049	-81.0157
66700	0.59049	-78.5073
66800	0.59049	-82.501
66900	0.59049	-82.69
67000	0.59049	-87.4377
67100	0.59049	-88.5654
67200	0.59049	-80.4292
67300	0.59049	-89.4324
67400	0.59049	-86.2431
67500	0.59049	-86.8971
67600	0.59049	-83.6332
67700	0.59049	-78.3752
67800	0.59049	-89.4459
67900	0.59049	-82.8728
68000	0.59049	-83.9225
68100	0.59049	-86.5192
68200	0.59049	-86.0862
68300	0.59049	-86.4816
68400	0.59049	-80.5157
68500	0.59049	-80.8734
68600	0.59049	-84.5251
68700	0.59049	-82.7482
68800	0.59049	-87.1284
68900	0.59049	-79.6142
69000	0.59049	-90.1182
69100	0.59049	-80.3503
69200	0.59049	-75.4441
69300	0.59049	-84.9471
69400	0.59049	-88.9937
69500	0.59049	-84.8263
69600	0.59049	-83.6829
69700	0.59049	-79.2522
69800	0.59049	-81.3849
69900	0.59049	-88.2484
70000	0.59049	-85.4406
70100	0.59049	-83.7762
70200	0.59049	-81.1512
70300	0.59049	-77.5199
70400	0.59049	-78.1234
70500	0.59049	-99.2943
70600	0.59049	-82.0038
70700	0.59049	-81.1264
70800	0.59049	-85.2804
70900	0.59049	-82.9414
71000	0.59049	-83.1911
71100	0.59049	-81.684
71200	0.59049	-80.859
71300	0.59049	-77.084
71400	0.59049	-84.7002
71500	0.59049	-85.999
71600	0.59049	-81.4932
71700	0.59049	-87.8929
71800	0.59049	-85.9833
71900	0.59049	-80.3876
72000	0.59049	-86.0322
72100	0.59049	-81.769
72200	0.59049	-85.2613
72300	0.59049	-86.8832
72400	0.59049	-90.1351
72500	0.59049	-88.0074
72600	0.59049	-92.0209
72700	0.59049	-82.899
72800	0.59049	-85.4118
72900	0.59049	-85.0383
73000	0.59049	-87.2673
73100	0.59049	-81.9346
73200	0.59049	-78.6673
73300	0.59049	-83.5465
73400	0.59049	-86.1274
73500	0.59049	-81.8512
73600	0.59049	-76.6771
73700	0.59049	-88.4194
73800	0.59049	-85.3219
73900	0.59049	-76.4594
74000	0.59049	-83.873
74100	0.59049	-82.2011
74200	0.59049	-88.7116
74300	0.59049	-84.8277
74400	0.59049	-84.0604
74500	0.59049	-80.5912
74600	0.59049	-87.8799
74700	0.59049	-88.8856
74800	0.59049	-87.8632
74900	0.59049	-83.3267
75000	0.59049	-79.7004
75100	0.59049	-80.315
75200	0.59049	-98.6506
75300	0.59049	-80.5635
75400	0.59049	-87.385
75500	0.59049	-81.847
75600	0.59049	-77.323
75700	0.59049	-90.8821
75800	0.59049	-84.7728
75900	0.59049	-86.5264
76000	0.59049	-88.6238
76100	0.59049	-80.3214
76200	0.59049	-89.0242
76300	0.59049	-77.7523
76400	0.59049	-91.5003
76500	0.59049	-81.6357
76600	0.59049	-89.8322
76700	0.59049	-82.722
76800	0.59049	-79.9216
76900	0.59049	-81.6286
77000	0.59049	-78.4882
77100	0.59049	-80.7722
77200	0.59049	-83.6715
77300	0.59049	-83.3564
77400	0.59049	-86.6108
77500	0.59049	-76.3738
77600	0.59049	-81.8502
77700	0.59049	-79.3267
77800	0.59049	-79.9829
77900	0.59049	-98.4361
78000	0.59049	-81.9894
78100	0.59049	-85.9853
78200	0.59049	-76.8789
78300	0.59049	-80.3543
78400	0.59049	-82.019
78500	0.59049	-84.9679
78600	0.59049	-84.6533
78700	0.59049	-79.8153
78800	0.59049	-84.7905
78900	0.59049	-78.6138
79000	0.59049	-94.2472
79100	0.59049	-82.0736
79200	0.59049	-80.959
79300	0.59049	-88.824
79400	0.59049	-77.0442
79500	0.59049	-82.4545
79600	0.59049	-96.2787
79700	0.59049	-80.445
79800	0.59049	-84.9133
79900	0.59049	-84.1197
80000	0.59049	-78.2239
80100	0.59049	-87.5835
80200	0.59049	-85.8308
80300	0.59049	-85.1592
80400	0.59049	-79.0367
80500	0.59049	-78.5587
80600	0.59049	-86.9448
80700	0.59049	-87.253
80800	0.59049	-86.7229
80900	0.59049	-85.2129
81000	0.59049	-79.1359
81100	0.59049	-86.2383
81200	0.59049	-88.4432
81300	0.59049	-80.2103
81400	0.59049	-76.355
81500	0.59049	-96.1388
81600	0.59049	-84.348
81700	0.59049	-80.6731
81800	0.59049	-84.348
81900	0.59049	-79.4462
82000	0.59049	-78.8283
82100	0.59049	-80.474
82200	0.59049	-79.7315
82300	0.59049	-81.0292
82400	0.59049	-86.3307
82500	0.59049	-89.0386
82600	0.59049	-95.5515
82700	0.59049	-79.1261
82800	0.59049	-80.8921
82900	0.59049	-95.8977
83000	0.59049	-87.2375
83100	0.59049	-81.6975
83200	0.59049	-78.5905
83300	0.59049	-88.0805
83400	0.59049	-87.3726
83500	0.59049	-83.22
83600	0.59049	-87.7665
83700	0.59049	-77.6828
83800	0.59049	-78.7443
83900	0.59049	-81.4921
84000	0.59049	-90.465
84100	0.59049	-84.2997
84200	0.59049	-86.0196
84300	0.59049	-87.0823
84400	0.59049	-84.2937
84500	0.59049	-81.6732
84600	0.59049	-80.1969
84700	0.59049	-81.7505
84800	0.59049	-84.5208
84900	0.59049	-84.5912
85000	0.59049	-86.623
85100	0.59049	-79.1642
85200	0.59049	-83.7518
85300	0.59049	-84.0897
85400	0.59049	-84.8814
85500	0.59049	-84.1696
85600	0.59049	-80.4553
85700	0.59049	-90.7042
85800	0.59049	-84.1373
85900	0.59049	-91.9197
86000	0.59049	-82.6558
86100	0.59049	-77.9256
86200	0.59049	-81.9051
86300	0.59049	-76.6482
86400	0.59049	-79.0617
86500	0.59049	-89.469
86600	0.59049	-85.0972
86700	0.59049	-90.531
86800	0.59049	-81.2275
86900	0.59049	-84.8875
87000	0.59049	-86.4634
87100	0.59049	-79.5625
87200	0.59049	-82.5214
87300	0.59049	-76.8492
87400	0.59049	-74.1808
87500	0.59049	-82.5731
87600	0.59049	-89.0541
87700	0.59049	-81.971
87800	0.59049	-95.7871
87900	0.59049	-88.5104
88000	0.59049	-94.1271
88100	0.59049	-77.944
88200	0.59049	-83.7162
88300	0.59049	-78.0244
88400	0.59049	-81.776
88500	0.59049	-82.236
88600	0.59049	-83.2611
88700	0.59049	-82.9856
88800	0.59049	-90.9717
88900	0.59049	-82.683
89000	0.59049	-88.8861
89100	0.59049	-82.7048
89200	0.59049	-89.0674
89300	0.59049	-80.0186
89400	0.59049	-83.4773
89500	0.59049	-77.92
89600	0.59049	-83.1562
89700	0.59049	-79.2688
89800	0.59049	-79.5285
89900	0.59049	-81.4313
90000	0.59049	-82.9389
90100	0.59049	-82.3203
90200	0.59049	-92.8896
90300	0.59049	-83.1349
90400	0.59049	-86.565
90500	0.59049	-79.3239
90600	0.59049	-83.5248
90700	0.59049	-84.1873
90800	0.59049	-93.4387
90900	0.59049	-91.2803
91000	0.59049	-80.0446
91100	0.59049	-84.5169
91200	0.59049	-78.8091
91300	0.59049	-83.7593
91400	0.59049	-86.34
91500	0.59049	-87.5929
91600	0.59049	-86.8208
91700	0.59049	-85.4419
91800	0.59049	-78.9774
91900	0.59049	-83.4803
92000	0.59049	-88.8143
92100	0.59049	-77.0661
92200	0.59049	-90.7017
92300	0.59049	-95.242
92400	0.59049	-78.8888
92500	0.59049	-82.892
92600	0.59049	-93.0927
92700	0.59049	-77.3225
92800	0.59049	-85.7321
92900	0.59049	-87.3529
93000	0.59049	-86.6844
93100	0.59049	-78.9068
93200	0.59049	-80.5308
93300	0.59049	-81.3937
93400	0.59049	-79.4808
93500	0.59049	-87.534
93600	0.59049	-87.0215
93700	0.59049	-91.6411
93800	0.59049	-89.5446
93900	0.59049	-84.734
94000	0.59049	-83.9872
94100	0.59049	-82.2605
94200	0.59049	-83.1929
94300	0.59049	-94.4899
94400	0.59049	-86.9229
94500	0.59049	-80.2234
94600	0.59049	-84.5681
94700	0.59049	-83.2895
94800	0.59049	-91.784
94900	0.59049	-81.4748
95000	0.59049	-87.4235
95100	0.59049	-87.4866
95200	0.59049	-91.508
95300	0.59049	-90.2362
95400	0.59049	-74.9367
95500	0.59049	-87.4591
95600	0.59049	-79.2089
95700	0.59049	-86.7596
95800	0.59049	-86.0332
95900	0.59049	-78.8556
96000	0.59049	-75.6202
96100	0.59049	-86.8545
96200	0.59049	-92.819
96300	0.59049	-82.5738
96400	0.59049	-87.0652
96500	0.59049	-89.9088
96600	0.59049	-83.1259
96700	0.59049	-81.9444
96800	0.59049	-86.1309
96900	0.59049	-87.458
97000	0.59049	-86.4436
97100	0.59049	-86.038
97200	0.59049	-78.2588
97300	0.59049	-87.0567
97400	0.59049	-80.4053
97500	0.59049	-95.0276
97600	0.59049	-80.7533
97700	0.59049	-81.05
97800	0.59049	-80.0417
97900	0.59049	-88.514
98000	0.59049	-88.2716
98100	0.59049	-83.8817
98200	0.59049	-76.5762
98300	0.59049	-81.5735
98400	0.59049	-82.7869
98500	0.59049	-80.9511
98600	0.59049	-84.3909
98700	0.59049	-83.7524
98800	0.59049	-81.1757
98900	0.59049	-83.2545
99000	0.59049	-83.4646
99100	0.59049	-86.0157
99200	0.59049	-85.0422
99300	0.59049	-80.5517
99400	0.59049	-84.2281
99500	0.59049	-86.172
99600	0.59049	-91.1895
99700	0.59049	-82.4573
99800	0.59049	-77.5042
99900	0.59049	-81.933
100000	0.59049	-88.3876
25100	0.32768	-89.8441
25200	0.32768	-93.5591
25300	0.32768	-112.006
25400	0.32768	-112.89
25500	0.32768	-94.483
25600	0.32768	-98.7029
25700	0.32768	-88.2329
25800	0.32768	-96.1763
25900	0.32768	-87.3628
26000	0.32768	-90.1943
26100	0.32768	-89.4796
26200	0.32768	-83.7456
26300	0.32768	-94.292
26400	0.32768	-82.0813
26500	0.32768	-110.183
26600	0.32768	-98.467
26700	0.32768	-93.598
26800	0.32768	-102.391
26900	0.32768	-100.69
27000	0.32768	-92.7852
27100	0.32768	-90.4956
27200	0.32768	-90.7257
27300	0.32768	-98.5883
27400	0.32768	-94.4754
27500	0.32768	-94.7914
27600	0.32768	-107.309
27700	0.32768	-83.9303
27800	0.32768	-99.7657
27900	0.32768	-94.4773
28000	0.32768	-92.177
28100	0.32768	-100.263
28200	0.32768	-86.3978
28300	0.32768	-107.565
28400	0.32768	-94.6056
28500	0.32768	-89.7073
28600	0.32768	-88.919
28700	0.32768	-89.9225
28800	0.32768	-106.916
28900	0.32768	-93.996
29000	0.32768	-94.7506
29100	0.32768	-97.4303
29200	0.32768	-106.892
29300	0.32768	-86.1615
29400	0.32768	-88.7417
29500	0.32768	-94.6117
29600	0.32768	-83.2359
29700	0.32768	-92.9056
29800	0.32768	-93.7753
29900	0.32768	-80.954
30000	0.32768	-91.5917
30100	0.32768	-91.0052
30200	0.32768	-82.7129
30300	0.32768	-98.3462
30400	0.32768	-88.5513
30500	0.32768	-88.3308
30600	0.32768	-92.4345
30700	0.32768	-100.064
30800	0.32768	-106.616
30900	0.32768	-85.5932
31000	0.32768	-99.1651
31100	0.32768	-91.9375
31200	0.32768	-92.9273
31300	0.32768	-95.0756
31400	0.32768	-94.294
31500	0.32768	-98.5577
31600	0.32768	-87.7206
31700	0.32768	-97.266
31800	0.32768	-79.1289
31900	0.32768	-120.89
32000	0.32768	-104.028
32100	0.32768	-110.288
32200	0.32768	-100.704
32300	0.32768	-100.584
32400	0.32768	-97.2095
32500	0.32768	-96.5212
32600	0.32768	-118.025
32700	0.32768	-88.6084
32800	0.32768	-91.4562
32900	0.32768	-90.7349
33000	0.32768	-96.7101
33100	0.32768	-88.3802
33200	0.32768	-106.103
33300	0.32768	-94.6497
33400	0.32768	-99.758
33500	0.32768	-81.3705
33600	0.32768	-83.4908
33700	0.32768	-101.887
33800	0.32768	-93.1281
33900	0.32768	-106.675
34000	0.32768	-93.2654
34100	0.32768	-95.3812
34200	0.32768	-80.179
34300	0.32768	-85.4259
34400	0.32768	-105.037
34500	0.32768	-91.7814
34600	0.32768	-113.379
34700	0.32768	-84.7469
34800	0.32768	-93.0496
34900	0.32768	-82.9589
35000	0.32768	-86.0275
35100	0.32768	-88.8953
35200	0.32768	-87.6455
35300	0.32768	-103.649
35400	0.32768	-88.1571
35500	0.32768	-94.1863
35600	0.32768	-94.6849
35700	0.32768	-101.347
35800	0.32768	-94.6236
35900	0.32768	-86.7945
36000	0.32768	-91.8687
36100	0.32768	-95.9342
36200	0.32768	-95.9825
36300	0.32768	-89.7587
36400	0.32768	-111.717
36500	0.32768	-124.272
36600	0.32768	-84.6866
36700	0.32768	-96.8019
36800	0.32768	-83.4613
36900	0.32768	-92.2337
37000	0.32768	-86.5091
37100	0.32768	-100.083
37200	0.32768	-89.9958
37300	0.32768	-94.8734
37400	0.32768	-79.9029
37500	0.32768	-98.3043
37600	0.32768	-93.2491
37700	0.32768	-95.5074
37800	0.32768	-99.8155
37900	0.32768	-87.473
38000	0.32768	-101.743
38100	0.32768	-92.4136
38200	0.32768	-90.1192
38300	0.32768	-83.951
38400	0.32768	-98.5402
38500	0.32768	-90.6305
38600	0.32768	-97.1149
38700	0.32768	-83.5738
38800	0.32768	-99.1703
38900	0.32768	-88.3572
39000	0.32768	-78.0568
39100	0.32768	-87.4052
39200	0.32768	-99.0246
39300	0.32768	-106.033
39400	0.32768	-82.5413
39500	0.32768	-95.1533
39600	0.32768	-90.8813
39700	0.32768	-89.586
39800	0.32768	-92.179
39900	0.32768	-92.9614
40000	0.32768	-91.5563
40100	0.32768	-104.536
40200	0.32768	-87.1216
40300	0.32768	-99.5755
40400	0.32768	-104.636
40500	0.32768	-91.9595
40600	0.32768	-89.6219
40700	0.32768	-100.445
40800	0.32768	-102.071
40900	0.32768	-93.7527
41000	0.32768	-82.1596
41100	0.32768	-83.7994
41200	0.32768	-99.2604
41300	0.32768	-84.89
41400	0.32768	-111.27
41500	0.32768	-97.2797
41600	0.32768	-94.9376
41700	0.32768	-96.369
41800	0.32768	-94.2749
41900	0.32768	-96.2222
42000	0.32768	-93.8039
42100	0.32768	-97.5932
42200	0.32768	-84.696
42300	0.32768	-90.4681
42400	0.32768	-83.3559
42500	0.32768	-92.8453
42600	0.32768	-112.996
42700	0.32768	-90.5412
42800	0.32768	-91.6082
42900	0.32768	-101.917
43000	0.32768	-96.4509
43100	0.32768	-105.651
43200	0.32768	-95.5951
43300	0.32768	-101.393
43400	0.32768	-112.615
43500	0.32768	-85.2042
43600	0.32768	-85.6655
43700	0.32768	-92.9757
43800	0.32768	-93.245
43900	0.32768	-89.6801
44000	0.32768	-85.48
44100	0.32768	-92.2106
44200	0.32768	-82.7015
44300	0.32768	-98.9745
44400	0.32768	-94.6203
44500	0.32768	-87.7099
44600	0.32768	-98.9262
44700	0.32768	-81.3588
44800	0.32768	-86.7926
44900	0.32768	-93.573
45000	0.32768	-87.3026
45100	0.32768	-83.3772
45200	0.32768	-95.2729
45300	0.32768	-108.121
45400	0.32768	-97.9606
45500	0.32768	-77.588
45600	0.32768	-87.9316
45700	0.32768	-91.2274
45800	0.32768	-93.3147
45900	0.32768	-95.9353
46000	0.32768	-92.5592
46100	0.32768	-97.5648
46200	0.32768	-97.3926
46300	0.32768	-91.781
46400	0.32768	-95.6887
46500	0.32768	-95.2081
46600	0.32768	-90.3965
46700	0.32768	-92.0643
46800	0.32768	-90.8432
46900	0.32768	-90.1874
47000	0.32768	-95.1575
47100	0.32768	-89.9362
47200	0.32768	-106.628
47300	0.32768	-85.0016
47400	0.32768	-86.9136
47500	0.32768	-92.6201
47600	0.32768	-82.1058
47700	0.32768	-79.9899
47800	0.32768	-99.2029
47900	0.32768	-100.7
48000	0.32768	-89.5686
48100	0.32768	-87.633
48200	0.32768	-102.6
48300	0.32768	-90.3578
48400	0.32768	-90.4432
48500	0.32768	-95.5305
48600	0.32768	-93.8381
48700	0.32768	-110.881
48800	0.32768	-82.0214
48900	0.32768	-96.3637
49000	0.32768	-89.9264
49100	0.32768	-82.5003
49200	0.32768	-86.583
49300	0.32768	-101.743
49400	0.32768	-105.837
49500	0.32768	-94.1637
49600	0.32768	-91.6286
49700	0.32768	-84.8769
49800	0.32768	-96.9477
49900	0.32768	-94.1814
50000	0.32768	-101.292
50100	0.32768	-104.139
50200	0.32768	-96.0043
50300	0.32768	-104.267
50400	0.32768	-88.7286
50500	0.32768	-91.4282
50600	0.32768	-88.9192
50700	0.32768	-92.6891
50800	0.32768	-100.844
50900	0.32768	-82.3602
51000	0.32768	-82.1064
51100	0.32768	-81.8073
51200	0.32768	-103.163
51300	0.32768	-87.1863
51400	0.32768	-88.9616
51500	0.32768	-98.2979
51600	0.32768	-86.5716
51700	0.32768	-84.738
51800	0.32768	-94.5649
51900	0.32768	-91.874
52000	0.32768	-122.273
52100	0.32768	-94.1348
52200	0.32768	-91.1898
52300	0.32768	-98.7877
52400	0.32768	-96.9395
52500	0.32768	-114.058
52600	0.32768	-85.9087
52700	0.32768	-89.6018
52800	0.32768	-95.0672
52900	0.32768	-106.789
53000	0.32768	-95.0939
53100	0.32768	-93.8444
53200	0.32768	-105.079
53300	0.32768	-79.9973
53400	0.32768	-84.6334
53500	0.32768	-120.374
53600	0.32768	-87.9401
53700	0.32768	-88.8314
53800	0.32768	-91.7161
53900	0.32768	-92.2933
54000	0.32768	-94.6256
54100	0.32768	-98.9345
54200	0.32768	-86.834
54300	0.32768	-90.9275
54400	0.32768	-85.403
54500	0.32768	-103.771
54600	0.32768	-92.0466
54700	0.32768	-95.2337
54800	0.32768	-93.8367
54900	0.32768	-103.121
55000	0.32768	-92.5874
55100	0.32768	-92.544
55200	0.32768	-91.9027
55300	0.32768	-83.4222
55400	0.32768	-90.1282
55500	0.32768	-87.8382
55600	0.32768	-85.457
55700	0.32768	-87.0211
55800	0.32768	-84.2591
55900	0.32768	-91.7911
56000	0.32768	-94.0114
56100	0.32768	-93.1685
56200	0.32768	-97.2885
56300	0.32768	-106.556
56400	0.32768	-107.76
56500	0.32768	-86.6824
56600	0.32768	-100.709
56700	0.32768	-86.097
56800	0.32768	-86.8616
56900	0.32768	-85.6778
57000	0.32768	-89.2245
57100	0.32768	-93.3055
57200	0.32768	-88.5077
57300	0.32768	-99.3129
57400	0.32768	-106.502
57500	0.32768	-98.2901
57600	0.32768	-98.5648
57700	0.32768	-87.3054
57800	0.32768	-86.639
57900	0.32768	-88.5933
58000	0.32768	-89.5054
58100	0.32768	-111.263
58200	0.32768	-91.0143
58300	0.32768	-98.8034
58400	0.32768	-88.4832
58500	0.32768	-98.6765
58600	0.32768	-92.2964
58700	0.32768	-95.2367
58800	0.32768	-90.2438
58900	0.32768	-82.1151
59000	0.32768	-96.7093
59100	0.32768	-98.9472
59200	0.32768	-106.485
59300	0.32768	-90.9102
59400	0.32768	-96.1609
59500	0.32768	-93.5893
59600	0.32768	-87.3557
59700	0.32768	-103.533
59800	0.32768	-97.4587
59900	0.32768	-97.7192
60000	0.32768	-96.1226
60100	0.32768	-85.7355
60200	0.32768	-90.9312
60300	0.32768	-81.4258
60400	0.32768	-92.1694
60500	0.32768	-83.2213
60600	0.32768	-87.3601
60700	0.32768	-88.4013
60800	0.32768	-87.8522
60900	0.32768	-101.68
61000	0.32768	-110.075
61100	0.32768	-92.5467
61200	0.32768	-89.8473
61300	0.32768	-88.1899
61400	0.32768	-90.1328
61500	0.32768	-91.4438
61600	0.32768	-80.4508
61700	0.32768	-101.331
61800	0.32768	-89.1933
61900	0.32768	-86.9125
62000	0.32768	-107.923
62100	0.32768	-98.7121
62200	0.32768	-89.5087
62300	0.32768	-87.2113
62400	0.32768	-95.5854
62500	0.32768	-92.0299
62600	0.32768	-90.8198
62700	0.32768	-96.3307
62800	0.32768	-92.9583
62900	0.32768	-93.2066
63000	0.32768	-88.1041
63100	0.32768	-101.281
63200	0.32768	-93.6415
63300	0.32768	-113.46
63400	0.32768	-86.5649
63500	0.32768	-78.7705
63600	0.32768	-99.8941
63700	0.32768	-89.3525
63800	0.32768	-87.7083
63900	0.32768	-95.251
64000	0.32768	-101.452
64100	0.32768	-87.474
64200	0.32768	-101.613
64300	0.32768	-104.198
64400	0.32768	-83.5164
64500	0.32768	-110.94
64600	0.32768	-90.7417
64700	0.32768	-98.6966
64800	0.32768	-101.388
64900	0.32768	-93.4858
65000	0.32768	-87.6378
65100	0.32768	-106.786
65200	0.32768	-90.6119
65300	0.32768	-86.8193
65400	0.32768	-80.988
65500	0.32768	-86.25
65600	0.32768	-88.6856
65700	0.32768	-89.6568
65800	0.32768	-87.9776
65900	0.32768	-85.7526
66000	0.32768	-96.1175
66100	0.32768	-84.0115
66200	0.32768	-86.3254
66300	0.32768	-95.9873
66400	0.32768	-92.5055
66500	0.32768	-91.6522
66600	0.32768	-117.655
66700	0.32768	-84.4317
66800	0.32768	-80.0424
66900	0.32768	-91.2673
67000	0.32768	-96.4625
67100	0.32768	-97.6779
67200	0.32768	-103.353
67300	0.32768	-95.4132
67400	0.32768	-94.3135
67500	0.32768	-86.2158
67600	0.32768	-95.5721
67700	0.32768	-113.877
67800	0.32768	-91.5884
67900	0.32768	-91.959
68000	0.32768	-89.1388
68100	0.32768	-93.4825
68200	0.32768	-95.6963
68300	0.32768	-89.1884
68400	0.32768	-90.9601
68500	0.32768	-88.2872
68600	0.32768	-91.6664
68700	0.32768	-90.8981
68800	0.32768	-100.164
68900	0.32768	-104.727
69000	0.32768	-95.0039
69100	0.32768	-86.0918
69200	0.32768	-87.2573
69300	0.32768	-89.2354
69400	0.32768	-95.2691
69500	0.32768	-90.1312
69600	0.32768	-92.2147
69700	0.32768	-93.3538
69800	0.32768	-92.0128
69900	0.32768	-100.84
70000	0.32768	-97.0598
70100	0.32768	-87.0662
70200	0.32768	-96.0294
70300	0.32768	-87.592
70400	0.32768	-90.5829
70500	0.32768	-117.19
70600	0.32768	-86.0335
70700	0.32768	-84.7285
70800	0.32768	-86.8742
70900	0.32768	-94.6801
71000	0.32768	-104.986
71100	0.32768	-89.4549
71200	0.32768	-103.293
71300	0.32768	-87.1097
71400	0.32768	-91.9214
71500	0.32768	-106.334
71600	0.32768	-97.6815
71700	0.32768	-98.1737
71800	0.32768	-93.0156
71900	0.32768	-96.5504
72000	0.32768	-87.7882
72100	0.32768	-82.4024
72200	0.32768	-95.0044
72300	0.32768	-94.0983
72400	0.32768	-81.4167
72500	0.32768	-91.5324
72600	0.32768	-97.0916
72700	0.32768	-85.1999
72800	0.32768	-102.255
72900	0.32768	-105.119
73000	0.32768	-82.8827
73100	0.32768	-99.8479
73200	0.32768	-99.0228
73300	0.32768	-94.7374
73400	0.32768	-89.0772
73500	0.32768	-92.2455
73600	0.32768	-88.7573
73700	0.32768	-77.0168
73800	0.32768	-87.2503
73900	0.32768	-96.1325
74000	0.32768	-87.7814
74100	0.32768	-98.7874
74200	0.32768	-85.6286
74300	0.32768	-97.9928
74400	0.32768	-85.0616
74500	0.32768	-105.137
74600	0.32768	-93.6381
74700	0.32768	-97.4973
74800	0.32768	-88.6968
74900	0.32768	-110.323
75000	0.32768	-93.6916
75100	0.32768	-96.7065
75200	0.32768	-94.8514
75300	0.32768	-99.0425
75400	0.32768	-98.4632
75500	0.32768	-93.4259
75600	0.32768	-96.238
75700	0.32768	-118.369
75800	0.32768	-82.6784
75900	0.32768	-90.2057
76000	0.32768	-98.3547
76100	0.32768	-88.0543
76200	0.32768	-91.208
76300	0.32768	-88.4963
76400	0.32768	-89.5744
76500	0.32768	-91.7897
76600	0.32768	-85.9164
76700	0.32768	-88.4757
76800	0.32768	-108.445
76900	0.32768	-87.239
77000	0.32768	-98.9733
77100	0.32768	-81.199
77200	0.32768	-95.3812
77300	0.32768	-104.468
77400	0.32768	-94.6208
77500	0.32768	-96.9545
77600	0.32768	-90.7616
77700	0.32768	-95.9999
77800	0.32768	-99.1259
77900	0.32768	-82.572
78000	0.32768	-105.471
78100	0.32768	-93.3262
78200	0.32768	-114.888
78300	0.32768	-85.4707
78400	0.32768	-87.2513
78500	0.32768	-118.928
78600	0.32768	-111.438
78700	0.32768	-87.4478
78800	0.32768	-99.0785
78900	0.32768	-84.5444
79000	0.32768	-82.4525
79100	0.32768	-99.5105
79200	0.32768	-91.7389
79300	0.32768	-97.3078
79400	0.32768	-98.3738
79500	0.32768	-88.6777
79600	0.32768	-83.3473
79700	0.32768	-106.039
79800	0.32768	-84.0581
79900	0.32768	-94.441
80000	0.32768	-101.747
80100	0.32768	-78.1028
80200	0.32768	-85.7762
80300	0.32768	-101.972
80400	0.32768	-94.8974
80500	0.32768	-99.3953
80600	0.32768	-93.81
80700	0.32768	-97.2331
80800	0.32768	-90.594
80900	0.32768	-89.0878
81000	0.32768	-89.0378
81100	0.32768	-89.6894
81200	0.32768	-90.3266
81300	0.32768	-104.788
81400	0.32768	-97.4012
81500	0.32768	-88.0929
81600	0.32768	-90.1298
81700	0.32768	-94.782
81800	0.32768	-102.054
81900	0.32768	-79.8445
82000	0.32768	-83.0743
82100	0.32768	-91.5615
82200	0.32768	-109.678
82300	0.32768	-93.9324
82400	0.32768	-99.0627
82500	0.32768	-92.6575
82600	0.32768	-93.785
82700	0.32768	-82.1853
82800	0.32768	-98.6537
82900	0.32768	-111.299
83000	0.32768	-90.467
83100	0.32768	-90.1373
83200	0.32768	-82.1419
83300	0.32768	-103.533
83400	0.32768	-105.382
83500	0.32768	-87.2853
83600	0.32768	-109.919
83700	0.32768	-97.5115
83800	0.32768	-96.6348
83900	0.32768	-101.633
84000	0.32768	-88.6597
84100	0.32768	-86.7894
84200	0.32768	-91.9653
84300	0.32768	-110.34
84400	0.32768	-98.958
84500	0.32768	-91.8755
84600	0.32768	-115.742
84700	0.32768	-85.7099
84800	0.32768	-102.944
84900	0.32768	-82.6665
85000	0.32768	-102.78
85100	0.32768	-84.9719
85200	0.32768	-86.704
85300	0.32768	-109.379
85400	0.32768	-99.0094
85500	0.32768	-89.5652
85600	0.32768	-86.6591
85700	0.32768	-91.4626
85800	0.32768	-86.5428
85900	0.32768	-85.7721
86000	0.32768	-85.989
86100	0.32768	-103.136
86200	0.32768	-97.4916
86300	0.32768	-88.9218
86400	0.32768	-106.032
86500	0.32768	-86.6312
86600	0.32768	-86.8611
86700	0.32768	-92.0861
86800	0.32768	-90.1389
86900	0.32768	-105.244
87000	0.32768	-103.38
87100	0.32768	-97.9237
87200	0.32768	-92.9355
87300	0.32768	-99.7231
87400	0.32768	-83.0586
87500	0.32768	-95.3047
87600	0.32768	-87.7194
87700	0.32768	-94.8733
87800	0.32768	-91.669
87900	0.32768	-103.428
88000	0.32768	-87.6667
88100	0.32768	-97.7465
88200	0.32768	-98.5599
88300	0.32768	-90.7292
88400	0.32768	-87.7868
88500	0.32768	-95.0848
88600	0.32768	-87.7261
88700	0.32768	-92.9684
88800	0.32768	-101.599
88900	0.32768	-83.8719
89000	0.32768	-84.5391
89100	0.32768	-117.052
89200	0.32768	-84.8691
89300	0.32768	-93.1983
89400	0.32768	-95.4496
89500	0.32768	-87.3275
89600	0.32768	-102.208
89700	0.32768	-93.9908
89800	0.32768	-96.0645
89900	0.32768	-87.4982
90000	0.32768	-97.8556
90100	0.32768	-88.1643
90200	0.32768	-95.5258
90300	0.32768	-108.465
90400	0.32768	-95.7363
90500	0.32768	-104.543
90600	0.32768	-92.8447
90700	0.32768	-86.8772
90800	0.32768	-83.8971
90900	0.32768	-102.614
91000	0.32768	-92.8586
91100	0.32768	-92.8501
91200	0.32768	-99.2222
91300	0.32768	-93.0904
91400	0.32768	-113.106
91500	0.32768	-94.555
91600	0.32768	-96.9759
91700	0.32768	-95.0352
91800	0.32768	-90.1457
91900	0.32768	-100.08
92000	0.32768	-96.9842
92100	0.32768	-100.768
92200	0.32768	-94.5443
92300	0.32768	-92.7031
92400	0.32768	-97.9903
92500	0.32768	-94.7193
92600	0.32768	-99.7091
92700	0.32768	-100.787
92800	0.32768	-83.1946
92900	0.32768	-96.7169
93000	0.32768	-90.5233
93100	0.32768	-81.575
93200	0.32768	-91.476
93300	0.32768	-104.142
93400	0.32768	-98.5795
93500	0.32768	-84.9337
93600	0.32768	-91.252
93700	0.32768	-96.627
93800	0.32768	-100.423
93900	0.32768	-89.473
94000	0.32768	-95.2129
94100	0.32768	-89.7536
94200	0.32768	-82.3919
94300	0.32768	-85.8758
94400	0.32768	-83.7266
94500	0.32768	-93.3951
94600	0.32768	-92.3547
94700	0.32768	-109.868
94800	0.32768	-82.4265
94900	0.32768	-97.8979
95000	0.32768	-83.7028
95100	0.32768	-92.2293
95200	0.32768	-83.521
95300	0.32768	-95.2401
95400	0.32768	-91.2353
95500	0.32768	-106.915
95600	0.32768	-87.3234
95700	0.32768	-100.147
95800	0.32768	-100.262
95900	0.32768	-88.5601
96000	0.32768	-92.605
96100	0.32768	-80.5718
96200	0.32768	-90.1994
96300	0.32768	-86.5477
96400	0.32768	-94.3949
96500	0.32768	-92.6293
96600	0.32768	-95.7961
96700	0.32768	-107.398
96800	0.32768	-96.2747
96900	0.32768	-100.018
97000	0.32768	-95.8803
97100	0.32768	-85.3063
97200	0.32768	-92.3831
97300	0.32768	-100.213
97400	0.32768	-90.8523
97500	0.32768	-91.8012
97600	0.32768	-84.5795
97700	0.32768	-81.7305
97800	0.32768	-94.1202
97900	0.32768	-88.6196
98000	0.32768	-96.1668
98100	0.32768	-89.63
98200	0.32768	-86.1692
98300	0.32768	-88.3714
98400	0.32768	-86.9963
98500	0.32768	-112.534
98600	0.32768	-89.0674
98700	0.32768	-87.1336
98800	0.32768	-95.5968
98900	0.32768	-96.6128
99000	0.32768	-93.7843
99100	0.32768	-94.116
99200	0.32768	-87.4027
99300	0.32768	-103.7
99400	0.32768	-110.626
99500	0.32768	-83.2626
99600	0.32768	-89.9696
99700	0.32768	-94.5131
99800	0.32768	-90.8909
99900	0.32768	-84.1873
100000	0.32768	-100.999
25100	0.16807	-100.415
25200	0.16807	-124.562
25300	0.16807	-93.2271
25400	0.16807	-132.793
25500	0.16807	-118.497
25600	0.16807	-112.073
25700	0.16807	-100.478
25800	0.16807	-107.254
25900	0.16807	-122.632
26000	0.16807	-121.361
26100	0.16807	-126.036
26200	0.16807	-112.738
26300	0.16807	-96.0714
26400	0.16807	-123.186
26500	0.16807	-126.541
26600	0.16807	-100.459
26700	0.16807	-124.934
26800	0.16807	-108.1
26900	0.16807	-93.8566
27000	0.16807	-115.578
27100	0.16807	-116.707
27200	0.16807	-119.64
27300	0.16807	-93.7933
27400	0.16807	-109.67
27500	0.16807	-121.418
27600	0.16807	-98.6101
27700	0.16807	-119.167
27800	0.16807	-127.447
27900	0.16807	-122.067
28000	0.16807	-107.031
28100	0.16807	-90.8387
28200	0.16807	-110.754
28300	0.16807	-118.914
28400	0.16807	-108.049
28500	0.16807	-122.006
28600	0.16807	-106.007
28700	0.16807	-100.14
28800	0.16807	-89.3127
28900	0.16807	-112.129
29000	0.16807	-100.856
29100	0.16807	-99.1079
29200	0.16807	-107.389
29300	0.16807	-103.672
29400	0.16807	-126.334
29500	0.16807	-96.9369
29600	0.16807	-121.921
29700	0.16807	-112.076
29800	0.16807	-99.4024
29900	0.16807	-117.947
30000	0.16807	-102.895
30100	0.16807	-129.006
30200	0.16807	-108.93
30300	0.16807	-130.665
30400	0.16807	-124.13
30500	0.16807	-102.709
30600	0.16807	-111.59
30700	0.16807	-109.754
30800	0.16807	-105.243
30900	0.16807	-88.2601
31000	0.16807	-129.856
31100	0.16807	-101.242
31200	0.16807	-109.687
31300	0.16807	-86.5867
31400	0.16807	-108.494
31500	0.16807	-102.754
31600	0.16807	-118.004
31700	0.16807	-97.4789
31800	0.16807	-121.4
31900	0.16807	-119.789
32000	0.16807	-105.986
32100	0.16807	-108.597
32200	0.16807	-118.403
32300	0.16807	-139.183
32400	0.16807	-95.7033
32500	0.16807	-124.92
32600	0.16807	-131.094
32700	0.16807	-141.756
32800	0.16807	-111.36
32900	0.16807	-132.552
33000	0.16807	-119.697
33100	0.16807	-119.664
33200	0.16807	-113.589
33300	0.16807	-122.005
33400	0.16807	-102.762
33500	0.16807	-114.36
33600	0.16807	-115.008
33700	0.16807	-100.832
33800	0.16807	-107.48
33900	0.16807	-120.664
34000	0.16807	-148.34
34100	0.16807	-134.006
34200	0.16807	-102.097
34300	0.16807	-109.837
34400	0.16807	-106.581
34500	0.16807	-108.416
34600	0.16807	-125.994
34700	0.16807	-92.2609
34800	0.16807	-100.271
34900	0.16807	-92.174
35000	0.16807	-93.1061
35100	0.16807	-117.619
35200	0.16807	-103.25
35300	0.16807	-127.555
35400	0.16807	-137.747
35500	0.16807	-103.785
35600	0.16807	-106.39
35700	0.16807	-109.384
35800	0.16807	-93.9359
35900	0.16807	-88.8472
36000	0.16807	-120.479
36100	0.16807	-114.839
36200	0.16807	-127.706
36300	0.16807	-110.224
36400	0.16807	-107.696
36500	0.16807	-104.824
36600	0.16807	-118.121
36700	0.16807	-104.759
36800	0.16807	-117.113
36900	0.16807	-118.401
37000	0.16807	-120.854
37100	0.16807	-115.691
37200	0.16807	-103.348
37300	0.16807	-109.073
37400	0.16807	-115.98
37500	0.16807	-114.831
37600	0.16807	-111.116
37700	0.16807	-95.3646
37800	0.16807	-96.8931
37900	0.16807	-94.7866
38000	0.16807	-95.0702
38100	0.16807	-100.939
38200	0.16807	-130.008
38300	0.16807	-111.175
38400	0.16807	-107.512
38500	0.16807	-110.698
38600	0.16807	-117.795
38700	0.16807	-126.358
38800	0.16807	-119.137
38900	0.16807	-109.957
39000	0.16807	-119.143
39100	0.16807	-123.222
39200	0.16807	-102.815
39300	0.16807	-118.175
39400	0.16807	-104.913
39500	0.16807	-115.738
39600	0.16807	-109.51
39700	0.16807	-119.68
39800	0.16807	-101.401
39900	0.16807	-121.414
40000	0.16807	-109.232
40100	0.16807	-92.1541
40200	0.16807	-99.2007
40300	0.16807	-116.973
40400	0.16807	-137.273
40500	0.16807	-99.6763
40600	0.16807	-89.4962
40700	0.16807	-109.344
40800	0.16807	-92.8021
40900	0.16807	-107.183
41000	0.16807	-97.0523
41100	0.16807	-108.283
41200	0.16807	-110.721
41300	0.16807	-94.7476
41400	0.16807	-114.268
41500	0.16807	-110.365
41600	0.16807	-121.854
41700	0.16807	-112.185
41800	0.16807	-149.732
41900	0.16807	-136.731
42000	0.16807	-106.95
42100	0.16807	-110.436
42200	0.16807	-119.511
42300	0.16807	-111.316
42400	0.16807	-114.542
42500	0.16807	-105.052
42600	0.16807	-110.661
42700	0.16807	-118.939
42800	0.16807	-107.802
42900	0.16807	-102.494
43000	0.16807	-110.372
43100	0.16807	-147.34
43200	0.16807	-128.126
43300	0.16807	-95.8585
43400	0.16807	-93.4032
43500	0.16807	-117.828
43600	0.16807	-116.927
43700	0.16807	-107.787
43800	0.16807	-118.905
43900	0.16807	-90.8134
44000	0.16807	-117.371
44100	0.16807	-138.424
44200	0.16807	-129.46
44300	0.16807	-103.906
44400	0.16807	-93.156
44500	0.16807	-111.401
44600	0.16807	-120.487
44700	0.16807	-94.0525
44800	0.16807	-110.063
44900	0.16807	-99.4248
45000	0.16807	-118.994
45100	0.16807	-103.563
45200	0.16807	-108.026
45300	0.16807	-125.735
45400	0.16807	-108.017
45500	0.16807	-102.014
45600	0.16807	-101.091
45700	0.16807	-102.922
45800	0.16807	-106.984
45900	0.16807	-119.518
46000	0.16807	-113.043
46100	0.16807	-98.6648
46200	0.16807	-88.3345
46300	0.16807	-101.257
46400	0.16807	-113.509
46500	0.16807	-124.585
46600	0.16807	-138.067
46700	0.16807	-130.434
46800	0.16807	-122.545
46900	0.16807	-81.9619
47000	0.16807	-102.582
47100	0.16807	-99.8261
47200	0.16807	-125.21
47300	0.16807	-115.007
47400	0.16807	-114.835
47500	0.16807	-124.163
47600	0.16807	-114.624
47700	0.16807	-111.789
47800	0.16807	-99.4006
47900	0.16807	-96.5594
48000	0.16807	-140.057
48100	0.16807	-127.477
48200	0.16807	-133.255
48300	0.16807	-86.742
48400	0.16807	-122.584
48500	0.16807	-87.3851
48600	0.16807	-103.548
48700	0.16807	-121.119
48800	0.16807	-99.4251
48900	0.16807	-121.981
49000	0.16807	-92.8468
49100	0.16807	-116.848
49200	0.16807	-117.835
49300	0.16807	-97.8494
49400	0.16807	-141.968
49500	0.16807	-113.17
49600	0.16807	-117.461
49700	0.16807	-93.5395
49800	0.16807	-101.196
49900	0.16807	-120.803
50000	0.16807	-119.735
50100	0.16807	-104.06
50200	0.16807	-123.676
50300	0.16807	-103.419
50400	0.16807	-110.812
50500	0.16807	-110.998
50600	0.16807	-120.671
50700	0.16807	-112.985
50800	0.16807	-112.791
50900	0.16807	-115.419
51000	0.16807	-122.115
51100	0.16807	-118.295
51200	0.16807	-111.099
51300	0.16807	-118.411
51400	0.16807	-120.321
51500	0.16807	-90.2841
51600	0.16807	-127.81
51700	0.16807	-108.809
51800	0.16807	-123.701
51900	0.16807	-98.7274
52000	0.16807	-121.781
52100	0.16807	-127.262
52200	0.16807	-130.569
52300	0.16807	-129.549
52400	0.16807	-111.336
52500	0.16807	-102.146
52600	0.16807	-130.889
52700	0.16807	-100.416
52800	0.16807	-117.891
52900	0.16807	-126.787
53000	0.16807	-102.548
53100	0.16807	-122.861
53200	0.16807	-114.191
53300	0.16807	-118.7
53400	0.16807	-94.2662
53500	0.16807	-109.082
53600	0.16807	-109.753
53700	0.16807	-91.285
53800	0.16807	-103.06
53900	0.16807	-109.529
54000	0.16807	-102.833
54100	0.16807	-92.3954
54200	0.16807	-107.836
54300	0.16807	-100.767
54400	0.16807	-118.161
54500	0.16807	-96.0052
54600	0.16807	-122.066
54700	0.16807	-109.585
54800	0.16807	-118.29
54900	0.16807	-100.944
55000	0.16807	-108.618
55100	0.16807	-90.633
55200	0.16807	-129.231
55300	0.16807	-123.013
55400	0.16807	-99.2125
55500	0.16807	-101.435
55600	0.16807	-111.958
55700	0.16807	-108.424
55800	0.16807	-126.643
55900	0.16807	-89.286
56000	0.16807	-124.645
56100	0.16807	-93.2443
56200	0.16807	-130.555
56300	0.16807	-132.553
56400	0.16807	-111.991
56500	0.16807	-99.1127
56600	0.16807	-127.555
56700	0.16807	-89.4111
56800	0.16807	-133.083
56900	0.16807	-98.0442
57000	0.16807	-94.7099
57100	0.16807	-101.978
57200	0.16807	-127.739
57300	0.16807	-103.202
57400	0.16807	-104.587
57500	0.16807	-132.845
57600	0.16807	-96.2226
57700	0.16807	-119.331
57800	0.16807	-131.791
57900	0.16807	-105.933
58000	0.16807	-135.055
58100	0.16807	-113.237
58200	0.16807	-127.471
58300	0.16807	-118.943
58400	0.16807	-117.611
58500	0.16807	-146.571
58600	0.16807	-118.431
58700	0.16807	-112.376
58800	0.16807	-132.491
58900	0.16807	-114.149
59000	0.16807	-106.498
59100	0.16807	-130.805
59200	0.16807	-95.1946
59300	0.16807	-119.251
59400	0.16807	-100.836
59500	0.16807	-109.124
59600	0.16807	-95.0048
59700	0.16807	-122.354
59800	0.16807	-122.226
59900	0.16807	-104.916
60000	0.16807	-105.095
60100	0.16807	-124.553
60200	0.16807	-91.9028
60300	0.16807	-117.988
60400	0.16807	-105.864
60500	0.16807	-137.435
60600	0.16807	-100.344
60700	0.16807	-115.087
60800	0.16807	-100.28
60900	0.16807	-107.785
61000	0.16807	-90.8984
61100	0.16807	-122.733
61200	0.16807	-121.572
61300	0.16807	-93.414
61400	0.16807	-116.748
61500	0.16807	-135.833
61600	0.16807	-133.737
61700	0.16807	-128.937
61800	0.16807	-90.0783
61900	0.16807	-108.914
62000	0.16807	-110.678
62100	0.16807	-111.833
62200	0.16807	-124.146
62300	0.16807	-99.1735
62400	0.16807	-102.978
62500	0.16807	-117.721
62600	0.16807	-119.389
62700	0.16807	-100.724
62800	0.16807	-137.95
62900	0.16807	-122.678
63000	0.16807	-125.115
63100	0.16807	-129.151
63200	0.16807	-124.257
63300	0.16807	-93.7659
63400	0.16807	-112.901
63500	0.16807	-116.538
63600	0.16807	-89.0259
63700	0.16807	-102.552
63800	0.16807	-108.257
63900	0.16807	-130.275
64000	0.16807	-103.437
64100	0.16807	-126.115
64200	0.16807	-96.4916
64300	0.16807	-108.915
64400	0.16807	-132.673
64500	0.16807	-105.24
64600	0.16807	-145.29
64700	0.16807	-117.753
64800	0.16807	-124.476
64900	0.16807	-102.739
65000	0.16807	-103.626
65100	0.16807	-96.1804
65200	0.16807	-133.217
65300	0.16807	-105.35
65400	0.16807	-109.567
65500	0.16807	-100.331
65600	0.16807	-147.287
65700	0.16807	-100.172
65800	0.16807	-103.837
65900	0.16807	-117.738
66000	0.16807	-107.059
66100	0.16807	-148.261
66200	0.16807	-122.753
66300	0.16807	-123.895
66400	0.16807	-127.184
66500	0.16807	-120.475
66600	0.16807	-119.501
66700	0.16807	-117.033
66800	0.16807	-93.6224
66900	0.16807	-103.71
67000	0.16807	-93.4137
67100	0.16807	-117.549
67200	0.16807	-107.353
67300	0.16807	-130.652
67400	0.16807	-111.853
67500	0.16807	-94.6765
67600	0.16807	-118.226
67700	0.16807	-111.575
67800	0.16807	-98.4186
67900	0.16807	-95.6525
68000	0.16807	-122.418
68100	0.16807	-99.1323
68200	0.16807	-114.078
68300	0.16807	-102.349
68400	0.16807	-124.718
68500	0.16807	-119.517
68600	0.16807	-105.323
68700	0.16807	-105.599
68800	0.16807	-127.296
68900	0.16807	-113.829
69000	0.16807	-124.225
69100	0.16807	-133.84
69200	0.16807	-112.383
69300	0.16807	-115.912
69400	0.16807	-120.649
69500	0.16807	-101.265
69600	0.16807	-109.894
69700	0.16807	-120.706
69800	0.16807	-106.799
69900	0.16807	-113.333
70000	0.16807	-106.611
70100	0.16807	-109.756
70200	0.16807	-112.415
70300	0.16807	-104.722
70400	0.16807	-118.581
70500	0.16807	-121.872
70600	0.16807	-131.702
70700	0.16807	-101.315
70800	0.16807	-99.1222
70900	0.16807	-114.912
71000	0.16807	-114.657
71100	0.16807	-111.328
71200	0.16807	-132.228
71300	0.16807	-118.962
71400	0.16807	-122.477
71500	0.16807	-116.349
71600	0.16807	-120.562
71700	0.16807	-121.59
71800	0.16807	-111.243
71900	0.16807	-123.263
72000	0.16807	-116.22
72100	0.16807	-90.9432
72200	0.16807	-119.252
72300	0.16807	-122.601
72400	0.16807	-107.687
72500	0.16807	-117.85
72600	0.16807	-117.429
72700	0.16807	-125.951
72800	0.16807	-119.801
72900	0.16807	-96.9497
73000	0.16807	-129.17
73100	0.16807	-117.353
73200	0.16807	-111.832
73300	0.16807	-98.6185
73400	0.16807	-116.173
73500	0.16807	-91.6615
73600	0.16807	-126.507
73700	0.16807	-107.145
73800	0.16807	-118.351
73900	0.16807	-116.795
74000	0.16807	-117.041
74100	0.16807	-84.6893
74200	0.16807	-120.848
74300	0.16807	-110.694
74400	0.16807	-126.651
74500	0.16807	-101.694
74600	0.16807	-125.03
74700	0.16807	-98.4191
74800	0.16807	-114.818
74900	0.16807	-98.6515
75000	0.16807	-106.936
75100	0.16807	-99.5914
75200	0.16807	-120.348
75300	0.16807	-112.541
75400	0.16807	-89.1564
75500	0.16807	-120.954
75600	0.16807	-91.0551
75700	0.16807	-102.397
75800	0.16807	-96.0693
75900	0.16807	-133.202
76000	0.16807	-141.798
76100	0.16807	-97.393
76200	0.16807	-101.433
76300	0.16807	-122.927
76400	0.16807	-93.4708
76500	0.16807	-119.786
76600	0.16807	-135.308
76700	0.16807	-118.615
76800	0.16807	-121.367
76900	0.16807	-131.341
77000	0.16807	-99.2799
77100	0.16807	-120.806
77200	0.16807	-132.757
77300	0.16807	-86.6418
77400	0.16807	-92.7925
77500	0.16807	-113.118
77600	0.16807	-112.79
77700	0.16807	-108.718
77800	0.16807	-109.187
77900	0.16807	-116.078
78000	0.16807	-115.638
78100	0.16807	-115.712
78200	0.16807	-119.036
78300	0.16807	-119.512
78400	0.16807	-85.7129
78500	0.16807	-131.107
78600	0.16807	-122.562
78700	0.16807	-120.222
78800	0.16807	-104.504
78900	0.16807	-103.367
79000	0.16807	-124.085
79100	0.16807	-117.369
79200	0.16807	-117.475
79300	0.16807	-128.03
79400	0.16807	-105.918
79500	0.16807	-90.7612
79600	0.16807	-111.792
79700	0.16807	-108.519
79800	0.16807	-108.609
79900	0.16807	-93.4286
80000	0.16807	-102.506
80100	0.16807	-106.848
80200	0.16807	-106.293
80300	0.16807	-112.572
80400	0.16807	-110.532
80500	0.16807	-119.418
80600	0.16807	-97.0471
80700	0.16807	-119.197
80800	0.16807	-109.512
80900	0.16807	-119.503
81000	0.16807	-108.271
81100	0.16807	-136.692
81200	0.16807	-95.2693
81300	0.16807	-114.74
81400	0.16807	-93.0317
81500	0.16807	-102.297
81600	0.16807	-119.208
81700	0.16807	-133.241
81800	0.16807	-109.329
81900	0.16807	-126.784
82000	0.16807	-124.464
82100	0.16807	-96.7445
82200	0.16807	-119.289
82300	0.16807	-131.817
82400	0.16807	-119.812
82500	0.16807	-137.956
82600	0.16807	-123.002
82700	0.16807	-117.687
82800	0.16807	-108.609
82900	0.16807	-134.291
83000	0.16807	-109.098
83100	0.16807	-96.7373
83200	0.16807	-128.814
83300	0.16807	-110.927
83400	0.16807	-118.309
83500	0.16807	-99.0325
83600	0.16807	-96.6133
83700	0.16807	-105.882
83800	0.16807	-106.412
83900	0.16807	-99.711
84000	0.16807	-122.432
84100	0.16807	-104.454
84200	0.16807	-101.447
84300	0.16807	-128.174
84400	0.16807	-124.117
84500	0.16807	-120.619
84600	0.16807	-125.534
84700	0.16807	-115.272
84800	0.16807	-124.497
84900	0.16807	-117.602
85000	0.16807	-114.094
85100	0.16807	-100.492
85200	0.16807	-115.069
85300	0.16807	-115.426
85400	0.16807	-102.13
85500	0.16807	-121.969
85600	0.16807	-110.773
85700	0.16807	-107.941
85800	0.16807	-123.111
85900	0.16807	-124.891
86000	0.16807	-103.128
86100	0.16807	-124.524
86200	0.16807	-109.342
86300	0.16807	-103.871
86400	0.16807	-122.415
86500	0.16807	-118.074
86600	0.16807	-123.992
86700	0.16807	-101.39
86800	0.16807	-103.683
86900	0.16807	-110.683
87000	0.16807	-118.847
87100	0.16807	-128.802
87200	0.16807	-111.139
87300	0.16807	-95.2728
87400	0.16807	-130.355
87500	0.16807	-111.48
87600	0.16807	-130.067
87700	0.16807	-100.415
87800	0.16807	-116.119
87900	0.16807	-122.788
88000	0.16807	-149.124
88100	0.16807	-133.232
88200	0.16807	-116.256
88300	0.16807	-91.1894
88400	0.16807	-103.492
88500	0.16807	-121.751
88600	0.16807	-128.123
88700	0.16807	-89.0412
88800	0.16807	-113.33
88900	0.16807	-135.464
89000	0.16807	-93.7916
89100	0.16807	-122.469
89200	0.16807	-123.239
89300	0.16807	-116.295
89400	0.16807	-123.082
89500	0.16807	-128.388
89600	0.16807	-116.305
89700	0.16807	-122.131
89800	0.16807	-100.479
89900	0.16807	-103.403
90000	0.16807	-121.347
90100	0.16807	-117.023
90200	0.16807	-99.0172
90300	0.16807	-121.517
90400	0.16807	-98.859
90500	0.16807	-139.059
90600	0.16807	-122.684
90700	0.16807	-94.6654
90800	0.16807	-97.75
90900	0.16807	-121.458
91000	0.16807	-102.71
91100	0.16807	-118.804
91200	0.16807	-113.496
91300	0.16807	-117.359
91400	0.16807	-118.445
91500	0.16807	-107.451
91600	0.16807	-128.809
91700	0.16807	-113.456
91800	0.16807	-113.503
91900	0.16807	-121.215
92000	0.16807	-112.982
92100	0.16807	-119.771
92200	0.16807	-98.3627
92300	0.16807	-109.127
92400	0.16807	-88.1619
92500	0.16807	-100.121
92600	0.16807	-113.897
92700	0.16807	-123.062
92800	0.16807	-111.83
92900	0.16807	-110.482
93000	0.16807	-116.729
93100	0.16807	-106.655
93200	0.16807	-92.381
93300	0.16807	-112.756
93400	0.16807	-105.543
93500	0.16807	-109.231
93600	0.16807	-121.98
93700	0.16807	-108.289
93800	0.16807	-79.7368
93900	0.16807	-122.489
94000	0.16807	-109.108
94100	0.16807	-113.97
94200	0.16807	-107.698
94300	0.16807	-134.734
94400	0.16807	-118.246
94500	0.16807	-104.117
94600	0.16807	-96.9064
94700	0.16807	-122.394
94800	0.16807	-136.615
94900	0.16807	-119.043
95000	0.16807	-124.528
95100	0.16807	-121.969
95200	0.16807	-118.864
95300	0.16807	-131.195
95400	0.16807	-102.308
95500	0.16807	-120.358
95600	0.16807	-110.885
95700	0.16807	-128.582
95800	0.16807	-104.967
95900	0.16807	-111.268
96000	0.16807	-109.993
96100	0.16807	-117.824
96200	0.16807	-115.291
96300	0.16807	-115.42
96400	0.16807	-105.895
96500	0.16807	-118.182
96600	0.16807	-128.739
96700	0.16807	-115.971
96800	0.16807	-131.182
96900	0.16807	-117.713
97000	0.16807	-137.491
97100	0.16807	-100.744
97200	0.16807	-117.876
97300	0.16807	-110.062
97400	0.16807	-123.953
97500	0.16807	-92.9
97600	0.16807	-130.857
97700	0.16807	-124.876
97800	0.16807	-121.371
97900	0.16807	-85.9556
98000	0.16807	-104.228
98100	0.16807	-110.859
98200	0.16807	-106.363
98300	0.16807	-109.58
98400	0.16807	-123.364
98500	0.16807	-128.056
98600	0.16807	-123.594
98700	0.16807	-94.477
98800	0.16807	-113.469
98900	0.16807	-124.957
99000	0.16807	-101.946
99100	0.16807	-116.166
99200	0.16807	-121.773
99300	0.16807	-118.563
99400	0.16807	-115.731
99500	0.16807	-132.912
99600	0.16807	-101.122
99700	0.16807	-126.128
99800	0.16807	-109.676
99900	0.16807	-103.049
100000	0.16807	-128.158
25100	0.07776	-123.341
25200	0.07776	-122.127
25300	0.07776	-142.246
25400	0.07776	-125.606
25500	0.07776	-117.967
25600	0.07776	-125.407
25700	0.07776	-122.449
25800	0.07776	-123.767
25900	0.07776	-131.656
26000	0.07776	-135.659
26100	0.07776	-118.087
26200	0.07776	-152.437
26300	0.07776	-116.736
26400	0.07776	-122.905
26500	0.07776	-129.993
26600	0.07776	-151.449
26700	0.07776	-126.572
26800	0.07776	-122.606
26900	0.07776	-136.249
27000	0.07776	-134.218
27100	0.07776	-118.356
27200	0.07776	-134.382
27300	0.07776	-122.886
27400	0.07776	-120.003
27500	0.07776	-125.722
27600	0.07776	-123.252
27700	0.07776	-137.192
27800	0.07776	-118.227
27900	0.07776	-133.397
28000	0.07776	-120.786
28100	0.07776	-118.503
28200	0.07776	-176.694
28300	0.07776	-117.778
28400	0.07776	-151.435
28500	0.07776	-134.498
28600	0.07776	-115.83
28700	0.07776	-147.908
28800	0.07776	-126.596
28900	0.07776	-115.906
29000	0.07776	-118.482
29100	0.07776	-120.234
29200	0.07776	-117.166
29300	0.07776	-140.301
29400	0.07776	-136.486
29500	0.07776	-137.906
29600	0.07776	-122.542
29700	0.07776	-126.255
29800	0.07776	-136.518
29900	0.07776	-124.487
30000	0.07776	-107.848
30100	0.07776	-128.237
30200	0.07776	-128.721
30300	0.07776	-129.914
30400	0.07776	-119.862
30500	0.07776	-163.294
30600	0.07776	-117.168
30700	0.07776	-129.265
30800	0.07776	-132.104
30900	0.07776	-136.16
31000	0.07776	-141.163
31100	0.07776	-133.252
31200	0.07776	-120.827
31300	0.07776	-148.594
31400	0.07776	-123.881
31500	0.07776	-119.214
31600	0.07776	-142.659
31700	0.07776	-113.924
31800	0.07776	-110.742
31900	0.07776	-124.391
32000	0.07776	-104.291
32100	0.07776	-123.814
32200	0.07776	-139.284
32300	0.07776	-138.71
32400	0.07776	-142.254
32500	0.07776	-122.88
32600	0.07776	-134.744
32700	0.07776	-107.181
32800	0.07776	-126.091
32900	0.07776	-141.016
33000	0.07776	-102.468
33100	0.07776	-155.351
33200	0.07776	-143.318
33300	0.07776	-137.434
33400	0.07776	-107.067
33500	0.07776	-130.591
33600	0.07776	-121.333
33700	0.07776	-137.161
33800	0.07776	-132.996
33900	0.07776	-122.575
34000	0.07776	-116.793
34100	0.07776	-120.864
34200	0.07776	-148.181
34300	0.07776	-145.46
34400	0.07776	-124.708
34500	0.07776	-108.443
34600	0.07776	-134.263
34700	0.07776	-134.072
34800	0.07776	-108.747
34900	0.07776	-117.388
35000	0.07776	-135.187
35100	0.07776	-132.513
35200	0.07776	-115.138
35300	0.07776	-111.018
35400	0.07776	-121.263
35500	0.07776	-143.394
35600	0.07776	-131.417
35700	0.07776	-133.437
35800	0.07776	-130.513
35900	0.07776	-121.558
36000	0.07776	-134.472
36100	0.07776	-122.873
36200	0.07776	-141.173
36300	0.07776	-117.714
36400	0.07776	-127.441
36500	0.07776	-139.934
36600	0.07776	-136.778
36700	0.07776	-119.074
36800	0.07776	-115.111
36900	0.07776	-134.568
37000	0.07776	-129.348
37100	0.07776	-140.955
37200	0.07776	-116.622
37300	0.07776	-130.845
37400	0.07776	-138.79
37500	0.07776	-135.746
37600	0.07776	-117.362
37700	0.07776	-132.587
37800	0.07776	-137.199
37900	0.07776	-125.172
38000	0.07776	-122.836
38100	0.07776	-123.484
38200	0.07776	-149.274
38300	0.07776	-119.566
38400	0.07776	-116.893
38500	0.07776	-140.171
38600	0.07776	-131.893
38700	0.07776	-136.573
38800	0.07776	-121.563
38900	0.07776	-131.187
39000	0.07776	-141.128
39100	0.07776	-114.314
39200	0.07776	-126.696
39300	0.07776	-136.215
39400	0.07776	-138.077
39500	0.07776	-119.643
39600	0.07776	-112.842
39700	0.07776	-135.616
39800	0.07776	-148.643
39900	0.07776	-141.396
40000	0.07776	-102.805
40100	0.07776	-107.964
40200	0.07776	-144.914
40300	0.07776	-97.7647
40400	0.07776	-125.711
40500	0.07776	-127.466
40600	0.07776	-157.726
40700	0.07776	-108.569
40800	0.07776	-128.021
40900	0.07776	-122.035
41000	0.07776	-128.497
41100	0.07776	-128.64
41200	0.07776	-136.955
41300	0.07776	-144.508
41400	0.07776	-165.102
41500	0.07776	-131.801
41600	0.07776	-123.958
41700	0.07776	-144.037
41800	0.07776	-140.744
41900	0.07776	-130.205
42000	0.07776	-136.364
42100	0.07776	-136.371
42200	0.07776	-141.843
42300	0.07776	-105.952
42400	0.07776	-107.626
42500	0.07776	-123.171
42600	0.07776	-125.234
42700	0.07776	-143.692
42800	0.07776	-120.321
42900	0.07776	-119.44
43000	0.07776	-128.874
43100	0.07776	-99.7223
43200	0.07776	-125.285
43300	0.07776	-136.604
43400	0.07776	-101.665
43500	0.07776	-127.039
43600	0.07776	-126.408
43700	0.07776	-127.135
43800	0.07776	-129.058
43900	0.07776	-128.514
44000	0.07776	-120.84
44100	0.07776	-110.883
44200	0.07776	-122.501
44300	0.07776	-134.437
44400	0.07776	-113.476
44500	0.07776	-108.312
44600	0.07776	-133.014
44700	0.07776	-139.513
44800	0.07776	-131.641
44900	0.07776	-126.162
45000	0.07776	-123.643
45100	0.07776	-152.62
45200	0.07776	-124.583
45300	0.07776	-117.461
45400	0.07776	-128.588
45500	0.07776	-122.703
45600	0.07776	-119.179
45700	0.07776	-99.9566
45800	0.07776	-131.914
45900	0.07776	-124.583
46000	0.07776	-131.504
46100	0.07776	-119.785
46200	0.07776	-133.572
46300	0.07776	-117.071
46400	0.07776	-134.577
46500	0.07776	-126.667
46600	0.07776	-117.367
46700	0.07776	-115.615
46800	0.07776	-134.545
46900	0.07776	-130.724
47000	0.07776	-158.209
47100	0.07776	-151.365
47200	0.07776	-140.66
47300	0.07776	-129.431
47400	0.07776	-115.851
47500	0.07776	-131.44
47600	0.07776	-119.016
47700	0.07776	-120.649
47800	0.07776	-144.434
47900	0.07776	-148.583
48000	0.07776	-138.959
48100	0.07776	-111.018
48200	0.07776	-125.912
48300	0.07776	-129.381
48400	0.07776	-109.068
48500	0.07776	-124.68
48600	0.07776	-134.778
48700	0.07776	-143.785
48800	0.07776	-121.341
48900	0.07776	-154.039
49000	0.07776	-120.479
49100	0.07776	-118.019
49200	0.07776	-132.951
49300	0.07776	-115.165
49400	0.07776	-102.871
49500	0.07776	-127.981
49600	0.07776	-120.838
49700	0.07776	-112.202
49800	0.07776	-129.864
49900	0.07776	-134.926
50000	0.07776	-110.527
50100	0.07776	-132.497
50200	0.07776	-109.713
50300	0.07776	-127.813
50400	0.07776	-111.208
50500	0.07776	-135.032
50600	0.07776	-117.247
50700	0.07776	-146.997
50800	0.07776	-138.113
50900	0.07776	-148.192
51000	0.07776	-141.756
51100	0.07776	-136.322
51200	0.07776	-95.9128
51300	0.07776	-139.369
51400	0.07776	-142.781
51500	0.07776	-131.824
51600	0.07776	-120.626
51700	0.07776	-122.655
51800	0.07776	-106.443
51900	0.07776	-136.871
52000	0.07776	-128.541
52100	0.07776	-125.08
52200	0.07776	-121.455
52300	0.07776	-161.687
52400	0.07776	-112.299
52500	0.07776	-118.912
52600	0.07776	-117.339
52700	0.07776	-139.116
52800	0.07776	-124.04
52900	0.07776	-138.412
53000	0.07776	-122.17
53100	0.07776	-133.358
53200	0.07776	-123.051
53300	0.07776	-149.145
53400	0.07776	-139.642
53500	0.07776	-112.614
53600	0.07776	-130.651
53700	0.07776	-125.481
53800	0.07776	-126.628
53900	0.07776	-126.633
54000	0.07776	-110.16
54100	0.07776	-110.364
54200	0.07776	-123.763
54300	0.07776	-134.595
54400	0.07776	-113.405
54500	0.07776	-112.865
54600	0.07776	-107.194
54700	0.07776	-117.673
54800	0.07776	-135.026
54900	0.07776	-125.785
55000	0.07776	-132.922
55100	0.07776	-141.236
55200	0.07776	-137.401
55300	0.07776	-123.085
55400	0.07776	-123.317
55500	0.07776	-146.796
55600	0.07776	-131.829
55700	0.07776	-161.825
55800	0.07776	-120.729
55900	0.07776	-109.85
56000	0.07776	-124.444
56100	0.07776	-99.1413
56200	0.07776	-138.284
56300	0.07776	-137.568
56400	0.07776	-122.318
56500	0.07776	-121.386
56600	0.07776	-117.191
56700	0.07776	-117.268
56800	0.07776	-137.456
56900	0.07776	-139.665
57000	0.07776	-126.573
57100	0.07776	-131.149
57200	0.07776	-133.308
57300	0.07776	-115.432
57400	0.07776	-134.522
57500	0.07776	-117.9
57600	0.07776	-122.171
57700	0.07776	-133.82
57800	0.07776	-132.283
57900	0.07776	-121.509
58000	0.07776	-140.505
58100	0.07776	-146.879
58200	0.07776	-99.5082
58300	0.07776	-130.126
58400	0.07776	-119.218
58500	0.07776	-134.35
58600	0.07776	-122.741
58700	0.07776	-129.422
58800	0.07776	-135.549
58900	0.07776	-104.275
59000	0.07776	-121.92
59100	0.07776	-137.527
59200	0.07776	-119.397
59300	0.07776	-129.496
59400	0.07776	-124.184
59500	0.07776	-112.4
59600	0.07776	-134.372
59700	0.07776	-138.126
59800	0.07776	-132.706
59900	0.07776	-110.95
60000	0.07776	-108.669
60100	0.07776	-122.38
60200	0.07776	-125.279
60300	0.07776	-149.51
60400	0.07776	-113.796
60500	0.07776	-125.401
60600	0.07776	-130.915
60700	0.07776	-115.242
60800	0.07776	-129.497
60900	0.07776	-147.434
61000	0.07776	-114.848
61100	0.07776	-146.581
61200	0.07776	-142.347
61300	0.07776	-102.384
61400	0.07776	-130.927
61500	0.07776	-130.547
61600	0.07776	-115.891
61700	0.07776	-128.115
61800	0.07776	-119.419
61900	0.07776	-132.375
62000	0.07776	-139.007
62100	0.07776	-150.652
62200	0.07776	-125.32
62300	0.07776	-100.752
62400	0.07776	-128.162
62500	0.07776	-130.054
62600	0.07776	-113.635
62700	0.07776	-129.277
62800	0.07776	-140.508
62900	0.07776	-144.471
63000	0.07776	-110.182
63100	0.07776	-122.308
63200	0.07776	-123.838
63300	0.07776	-118.179
63400	0.07776	-139.852
63500	0.07776	-127.909
63600	0.07776	-120.133
63700	0.07776	-136.791
63800	0.07776	-139.385
63900	0.07776	-142.542
64000	0.07776	-137.489
64100	0.07776	-149.123
64200	0.07776	-124.909
64300	0.07776	-144.093
64400	0.07776	-122.152
64500	0.07776	-140.039
64600	0.07776	-132.665
64700	0.07776	-122.49
64800	0.07776	-140.673
64900	0.07776	-119.295
65000	0.07776	-128.411
65100	0.07776	-90.3954
65200	0.07776	-148.238
65300	0.07776	-129.68
65400	0.07776	-100.514
65500	0.07776	-142.46
65600	0.07776	-120.453
65700	0.07776	-115.466
65800	0.07776	-128.389
65900	0.07776	-107.723
66000	0.07776	-118.857
66100	0.07776	-126.937
66200	0.07776	-115.877
66300	0.07776	-150.582
66400	0.07776	-140.368
66500	0.07776	-127.847
66600	0.07776	-148.831
66700	0.07776	-116.158
66800	0.07776	-122.89
66900	0.07776	-127.654
67000	0.07776	-120.081
67100	0.07776	-118.933
67200	0.07776	-134.392
67300	0.07776	-115.128
67400	0.07776	-124.504
67500	0.07776	-131.808
67600	0.07776	-108.499
67700	0.07776	-135.835
67800	0.07776	-131.557
67900	0.07776	-121.504
68000	0.07776	-118.943
68100	0.07776	-129.682
68200	0.07776	-117.367
68300	0.07776	-133.758
68400	0.07776	-126.074
68500	0.07776	-103.874
68600	0.07776	-125.995
68700	0.07776	-106.229
68800	0.07776	-150.182
68900	0.07776	-129.511
69000	0.07776	-126.568
69100	0.07776	-116.252
69200	0.07776	-115.913
69300	0.07776	-117.738
69400	0.07776	-118.381
69500	0.07776	-128.576
69600	0.07776	-140.66
69700	0.07776	-113.578
69800	0.07776	-119.668
69900	0.07776	-100.707
70000	0.07776	-152.269
70100	0.07776	-140.435
70200	0.07776	-107.999
70300	0.07776	-130.126
70400	0.07776	-123.701
70500	0.07776	-126.75
70600	0.07776	-142.951
70700	0.07776	-138.915
70800	0.07776	-141.586
70900	0.07776	-127.798
71000	0.07776	-131.154
71100	0.07776	-127.158
71200	0.07776	-113.593
71300	0.07776	-113.801
71400	0.07776	-122.497
71500	0.07776	-143.256
71600	0.07776	-121.248
71700	0.07776	-152.663
71800	0.07776	-138.809
71900	0.07776	-129.657
72000	0.07776	-128.111
72100	0.07776	-138.564
72200	0.07776	-102.218
72300	0.07776	-156.384
72400	0.07776	-124.103
72500	0.07776	-128.489
72600	0.07776	-119.885
72700	0.07776	-120.682
72800	0.07776	-127.585
72900	0.07776	-119.067
73000	0.07776	-129.348
73100	0.07776	-135.855
73200	0.07776	-131.731
73300	0.07776	-130.491
73400	0.07776	-121.491
73500	0.07776	-123.528
73600	0.07776	-132.067
73700	0.07776	-114.249
73800	0.07776	-138.077
73900	0.07776	-134.075
74000	0.07776	-119.277
74100	0.07776	-152.025
74200	0.07776	-127.03
74300	0.07776	-106.672
74400	0.07776	-129.449
74500	0.07776	-110.493
74600	0.07776	-131.084
74700	0.07776	-117.628
74800	0.07776	-121.049
74900	0.07776	-152.614
75000	0.07776	-154.894
75100	0.07776	-147.357
75200	0.07776	-119.679
75300	0.07776	-108.009
75400	0.07776	-149.11
75500	0.07776	-130.491
75600	0.07776	-125.669
75700	0.07776	-103.424
75800	0.07776	-146.232
75900	0.07776	-135.261
76000	0.07776	-169.125
76100	0.07776	-103.684
76200	0.07776	-132.119
76300	0.07776	-127.606
76400	0.07776	-130.401
76500	0.07776	-162.977
76600	0.07776	-131.705
76700	0.07776	-119.834
76800	0.07776	-134.027
76900	0.07776	-110.198
77000	0.07776	-132.397
77100	0.07776	-117.176
77200	0.07776	-137.031
77300	0.07776	-119.224
77400	0.07776	-112.577
77500	0.07776	-113.141
77600	0.07776	-130.342
77700	0.07776	-118.66
77800	0.07776	-119.087
77900	0.07776	-128.323
78000	0.07776	-125.701
78100	0.07776	-121.964
78200	0.07776	-137.313
78300	0.07776	-138.949
78400	0.07776	-136.185
78500	0.07776	-146.712
78600	0.07776	-95.3573
78700	0.07776	-119.642
78800	0.07776	-120.121
78900	0.07776	-114.352
79000	0.07776	-120.208
79100	0.07776	-141.59
79200	0.07776	-120.965
79300	0.07776	-106.269
79400	0.07776	-126.558
79500	0.07776	-121.216
79600	0.07776	-118.502
79700	0.07776	-121.277
79800	0.07776	-129.909
79900	0.07776	-150.675
80000	0.07776	-117.359
80100	0.07776	-120.218
80200	0.07776	-131.699
80300	0.07776	-127.406
80400	0.07776	-121.802
80500	0.07776	-113.356
80600	0.07776	-110.456
80700	0.07776	-144.203
80800	0.07776	-112.858
80900	0.07776	-109.494
81000	0.07776	-128.439
81100	0.07776	-134.033
81200	0.07776	-121.314
81300	0.07776	-135.8
81400	0.07776	-96.6369
81500	0.07776	-112.656
81600	0.07776	-125.357
81700	0.07776	-133.703
81800	0.07776	-126.773
81900	0.07776	-130.298
82000	0.07776	-115.546
82100	0.07776	-104.271
82200	0.07776	-119.651
82300	0.07776	-132.717
82400	0.07776	-156.46
82500	0.07776	-117.309
82600	0.07776	-118.265
82700	0.07776	-136.18
82800	0.07776	-129.116
82900	0.07776	-162.148
83000	0.07776	-120.712
83100	0.07776	-122.671
83200	0.07776	-125.512
83300	0.07776	-123.622
83400	0.07776	-140.3
83500	0.07776	-120.182
83600	0.07776	-130.587
83700	0.07776	-125.773
83800	0.07776	-120.164
83900	0.07776	-126.627
84000	0.07776	-149.003
84100	0.07776	-123.091
84200	0.07776	-127.857
84300	0.07776	-124.268
84400	0.07776	-122.07
84500	0.07776	-152.238
84600	0.07776	-100.282
84700	0.07776	-125.725
84800	0.07776	-140.665
84900	0.07776	-131.354
85000	0.07776	-122.802
85100	0.07776	-125.884
85200	0.07776	-117.223
85300	0.07776	-126.163
85400	0.07776	-112.415
85500	0.07776	-134.949
85600	0.07776	-121.141
85700	0.07776	-124.345
85800	0.07776	-119.965
85900	0.07776	-133.766
86000	0.07776	-125.189
86100	0.07776	-125.26
86200	0.07776	-123.057
86300	0.07776	-134.067
86400	0.07776	-117.228
86500	0.07776	-129.311
86600	0.07776	-137.641
86700	0.07776	-120.114
86800	0.07776	-136.665
86900	0.07776	-113.89
87000	0.07776	-124.869
87100	0.07776	-119.799
87200	0.07776	-116.139
87300	0.07776	-142.056
87400	0.07776	-129.7
87500	0.07776	-128.254
87600	0.07776	-130.64
87700	0.07776	-131.496
87800	0.07776	-129.129
87900	0.07776	-113.376
88000	0.07776	-101.684
88100	0.07776	-124.482
88200	0.07776	-137.136
88300	0.07776	-128.288
88400	0.07776	-122.626
88500	0.07776	-125.784
88600	0.07776	-105.453
88700	0.07776	-133.31
88800	0.07776	-130.606
88900	0.07776	-129.849
89000	0.07776	-110.325
89100	0.07776	-137.101
89200	0.07776	-130.535
89300	0.07776	-124.407
89400	0.07776	-149.9
89500	0.07776	-148.423
89600	0.07776	-116.762
89700	0.07776	-134.867
89800	0.07776	-146.062
89900	0.07776	-127.224
90000	0.07776	-94.6311
90100	0.07776	-122.395
90200	0.07776	-125.996
90300	0.07776	-130.442
90400	0.07776	-141.738
90500	0.07776	-123.412
90600	0.07776	-147.269
90700	0.07776	-130.125
90800	0.07776	-127.657
90900	0.07776	-111.37
91000	0.07776	-129.297
91100	0.07776	-116.204
91200	0.07776	-124.899
91300	0.07776	-114.979
91400	0.07776	-147.936
91500	0.07776	-130.726
91600	0.07776	-124.073
91700	0.07776	-122.216
91800	0.07776	-110.857
91900	0.07776	-131.581
92000	0.07776	-153.728
92100	0.07776	-155.527
92200	0.07776	-116.054
92300	0.07776	-150.709
92400	0.07776	-132.897
92500	0.07776	-136.709
92600	0.07776	-143.562
92700	0.07776	-117.332
92800	0.07776	-123.636
92900	0.07776	-129.925
93000	0.07776	-135.277
93100	0.07776	-155.64
93200	0.07776	-137.445
93300	0.07776	-135.599
93400	0.07776	-121.877
93500	0.07776	-108.169
93600	0.07776	-121.968
93700	0.07776	-120.152
93800	0.07776	-155.512
93900	0.07776	-105.664
94000	0.07776	-133.613
94100	0.07776	-116.248
94200	0.07776	-116.844
94300	0.07776	-119.713
94400	0.07776	-112.847
94500	0.07776	-128.689
94600	0.07776	-139.787
94700	0.07776	-126.535
94800	0.07776	-119.245
94900	0.07776	-166.314
95000	0.07776	-104.133
95100	0.07776	-124.393
95200	0.07776	-135.035
95300	0.07776	-119.04
95400	0.07776	-124.408
95500	0.07776	-127.624
95600	0.07776	-127.108
95700	0.07776	-116.057
95800	0.07776	-141.539
95900	0.07776	-120.908
96000	0.07776	-134.648
96100	0.07776	-158.213
96200	0.07776	-132.82
96300	0.07776	-123.327
96400	0.07776	-112.927
96500	0.07776	-138.61
96600	0.07776	-130.972
96700	0.07776	-126.077
96800	0.07776	-121.304
96900	0.07776	-133.243
97000	0.07776	-125.692
97100	0.07776	-117.035
97200	0.07776	-124.642
97300	0.07776	-123.374
97400	0.07776	-130.722
97500	0.07776	-114.197
97600	0.07776	-123.809
97700	0.07776	-122.717
97800	0.07776	-137.969
97900	0.07776	-104.687
98000	0.07776	-145.607
98100	0.07776	-108.977
98200	0.07776	-121.03
98300	0.07776	-119.744
98400	0.07776	-124.218
98500	0.07776	-140.9
98600	0.07776	-121.01
98700	0.07776	-124.642
98800	0.07776	-135.788
98900	0.07776	-126.452
99000	0.07776	-123.343
99100	0.07776	-128.97
99200	0.07776	-128.693
99300	0.07776	-140.602
99400	0.07776	-161.26
99500	0.07776	-111.045
99600	0.07776	-123.324
99700	0.07776	-133.061
99800	0.07776	-137.928
99900	0.07776	-121.483
100000	0.07776	-121.843
25100	0.03125	-149.484
25200	0.03125	-132.889
25300	0.03125	-128.336
25400	0.03125	-127.007
25500	0.03125	-121.546
25600	0.03125	-114.525
25700	0.03125	-147.819
25800	0.03125	-138.619
25900	0.03125	-158.631
26000	0.03125	-129.218
26100	0.03125	-117.01
26200	0.03125	-116.092
26300	0.03125	-124.638
26400	0.03125	-145.176
26500	0.03125	-134.299
26600	0.03125	-120.673
26700	0.03125	-137.028
26800	0.03125	-129.043
26900	0.03125	-132.898
27000	0.03125	-115.619
27100	0.03125	-130.604
27200	0.03125	-133.924
27300	0.03125	-151.501
27400	0.03125	-125.059
27500	0.03125	-163.537
27600	0.03125	-128.157
27700	0.03125	-146.533
27800	0.03125	-130.344
27900	0.03125	-131.934
28000	0.03125	-134.006
28100	0.03125	-131.278
28200	0.03125	-128.698
28300	0.03125	-151.317
28400	0.03125	-121.029
28500	0.03125	-120.436
28600	0.03125	-152.294
28700	0.03125	-129.042
28800	0.03125	-130.771
28900	0.03125	-136.279
29000	0.03125	-162.716
29100	0.03125	-99.8974
29200	0.03125	-124.987
29300	0.03125	-165.129
29400	0.03125	-130.114
29500	0.03125	-149.163
29600	0.03125	-151.547
29700	0.03125	-119.403
29800	0.03125	-114.771
29900	0.03125	-129.311
30000	0.03125	-138.802
30100	0.03125	-152.881
30200	0.03125	-123.24
30300	0.03125	-127.909
30400	0.03125	-117.016
30500	0.03125	-127.28
30600	0.03125	-115.839
30700	0.03125	-132.095
30800	0.03125	-131.266
30900	0.03125	-133.84
31000	0.03125	-122.006
31100	0.03125	-147.03
31200	0.03125	-129.874
31300	0.03125	-123.714
31400	0.03125	-121.651
31500	0.03125	-123.43
31600	0.03125	-134.499
31700	0.03125	-139.56
31800	0.03125	-123.337
31900	0.03125	-129.228
32000	0.03125	-138.967
32100	0.03125	-133.053
32200	0.03125	-150.132
32300	0.03125	-131.507
32400	0.03125	-134.852
32500	0.03125	-121.121
32600	0.03125	-124.998
32700	0.03125	-135.271
32800	0.03125	-137.277
32900	0.03125	-144.698
33000	0.03125	-123.836
33100	0.03125	-151.128
33200	0.03125	-127.938
33300	0.03125	-152.077
33400	0.03125	-150.424
33500	0.03125	-128.018
33600	0.03125	-142.207
33700	0.03125	-127.276
33800	0.03125	-134.781
33900	0.03125	-120.627
34000	0.03125	-118.467
34100	0.03125	-144.461
34200	0.03125	-124.48
34300	0.03125	-133.733
34400	0.03125	-122.066
34500	0.03125	-158.872
34600	0.03125	-126.644
34700	0.03125	-124.837
34800	0.03125	-109.356
34900	0.03125	-126.13
35000	0.03125	-136.539
35100	0.03125	-145.794
35200	0.03125	-130.61
35300	0.03125	-136.648
35400	0.03125	-143.538
35500	0.03125	-131.418
35600	0.03125	-146.852
35700	0.03125	-147.502
35800	0.03125	-118.782
35900	0.03125	-113.415
36000	0.03125	-147.781
36100	0.03125	-161.03
36200	0.03125	-121.993
36300	0.03125	-148.388
36400	0.03125	-126.172
36500	0.03125	-117.308
36600	0.03125	-113.913
36700	0.03125	-140.195
36800	0.03125	-123.112
36900	0.03125	-148.039
37000	0.03125	-134.97
37100	0.03125	-116.692
37200	0.03125	-139.147
37300	0.03125	-141.326
37400	0.03125	-144.397
37500	0.03125	-143.001
37600	0.03125	-141.903
37700	0.03125	-149.838
37800	0.03125	-164.589
37900	0.03125	-127.179
38000	0.03125	-144.239
38100	0.03125	-101.824
38200	0.03125	-141.569
38300	0.03125	-128.073
38400	0.03125	-123.128
38500	0.03125	-135.186
38600	0.03125	-125.801
38700	0.03125	-181.904
38800	0.03125	-138.831
38900	0.03125	-134.784
39000	0.03125	-124.632
39100	0.03125	-136.11
39200	0.03125	-127.201
39300	0.03125	-109.814
39400	0.03125	-181.187
39500	0.03125	-129.346
39600	0.03125	-136.803
39700	0.03125	-135.97
39800	0.03125	-183.457
39900	0.03125	-118.762
40000	0.03125	-169.381
40100	0.03125	-158.543
40200	0.03125	-154.221
40300	0.03125	-124.207
40400	0.03125	-124.409
40500	0.03125	-131.878
40600	0.03125	-116.299
40700	0.03125	-131.991
40800	0.03125	-133.091
40900	0.03125	-124.862
41000	0.03125	-145.37
41100	0.03125	-132.995
41200	0.03125	-107.056
41300	0.03125	-135.941
41400	0.03125	-136.386
41500	0.03125	-137.461
41600	0.03125	-137.088
41700	0.03125	-130.145
41800	0.03125	-135.253
41900	0.03125	-124.572
42000	0.03125	-131.246
42100	0.03125	-138.847
42200	0.03125	-139.695
42300	0.03125	-161.003
42400	0.03125	-132.938
42500	0.03125	-166.325
42600	0.03125	-127.293
42700	0.03125	-138.263
42800	0.03125	-136.327
42900	0.03125	-137.515
43000	0.03125	-129.061
43100	0.03125	-130.168
43200	0.03125	-124.897
43300	0.03125	-106.081
43400	0.03125	-125.906
43500	0.03125	-120.313
43600	0.03125	-138.154
43700	0.03125	-172.707
43800	0.03125	-143.282
43900	0.03125	-132.8
44000	0.03125	-127.302
44100	0.03125	-115.416
44200	0.03125	-164.957
44300	0.03125	-143.913
44400	0.03125	-130.889
44500	0.03125	-131.38
44600	0.03125	-138.053
44700	0.03125	-140.127
44800	0.03125	-105.558
44900	0.03125	-139.293
45000	0.03125	-162.506
45100	0.03125	-143.632
45200	0.03125	-125.77
45300	0.03125	-152.556
45400	0.03125	-168.467
45500	0.03125	-142.628
45600	0.03125	-127.722
45700	0.03125	-141.48
45800	0.03125	-140.051
45900	0.03125	-129.741
46000	0.03125	-118.276
46100	0.03125	-148.158
46200	0.03125	-120.471
46300	0.03125	-150.46
46400	0.03125	-138.997
46500	0.03125	-128.869
46600	0.03125	-121.22
46700	0.03125	-146.789
46800	0.03125	-155.754
46900	0.03125	-145.752
47000	0.03125	-156.374
47100	0.03125	-141.048
47200	0.03125	-146.243
47300	0.03125	-157.959
47400	0.03125	-125.444
47500	0.03125	-116.533
47600	0.03125	-117.141
47700	0.03125	-113.1
47800	0.03125	-134.702
47900	0.03125	-160.213
48000	0.03125	-129.353
48100	0.03125	-132.436
48200	0.03125	-120.606
48300	0.03125	-113.658
48400	0.03125	-130.589
48500	0.03125	-144.345
48600	0.03125	-157.043
48700	0.03125	-158.425
48800	0.03125	-118.497
48900	0.03125	-125.603
49000	0.03125	-115.327
49100	0.03125	-142.109
49200	0.03125	-125.569
49300	0.03125	-148.655
49400	0.03125	-133.73
49500	0.03125	-130.302
49600	0.03125	-136.751
49700	0.03125	-100.403
49800	0.03125	-118.72
49900	0.03125	-129.116
50000	0.03125	-138.422
50100	0.03125	-150.01
50200	0.03125	-142.546
50300	0.03125	-133.277
50400	0.03125	-132.991
50500	0.03125	-117.025
50600	0.03125	-115.773
50700	0.03125	-124.732
50800	0.03125	-137.429
50900	0.03125	-137.63
51000	0.03125	-111.358
51100	0.03125	-138.502
51200	0.03125	-141.999
51300	0.03125	-126.303
51400	0.03125	-100.021
51500	0.03125	-155.781
51600	0.03125	-115.568
51700	0.03125	-136.236
51800	0.03125	-126.53
51900	0.03125	-127.979
52000	0.03125	-128.848
52100	0.03125	-137.643
52200	0.03125	-151.462
52300	0.03125	-146.183
52400	0.03125	-158.784
52500	0.03125	-129.824
52600	0.03125	-135.737
52700	0.03125	-139.75
52800	0.03125	-142.047
52900	0.03125	-146.888
53000	0.03125	-121.946
53100	0.03125	-110.766
53200	0.03125	-139.802
53300	0.03125	-134.909
53400	0.03125	-132.796
53500	0.03125	-162.139
53600	0.03125	-123.842
53700	0.03125	-132.978
53800	0.03125	-139.532
53900	0.03125	-126.482
54000	0.03125	-133.172
54100	0.03125	-119.3
54200	0.03125	-137.765
54300	0.03125	-124.044
54400	0.03125	-136.717
54500	0.03125	-153.107
54600	0.03125	-156.929
54700	0.03125	-140.147
54800	0.03125	-129.758
54900	0.03125	-162.606
55000	0.03125	-108.853
55100	0.03125	-116.085
55200	0.03125	-119.353
55300	0.03125	-156.543
55400	0.03125	-162.085
55500	0.03125	-120.242
55600	0.03125	-149.959
55700	0.03125	-142.034
55800	0.03125	-142.226
55900	0.03125	-132.925
56000	0.03125	-145.092
56100	0.03125	-175.336
56200	0.03125	-139.425
56300	0.03125	-120.077
56400	0.03125	-148.476
56500	0.03125	-119.63
56600	0.03125	-135.268
56700	0.03125	-128.694
56800	0.03125	-137.79
56900	0.03125	-145.359
57000	0.03125	-138.647
57100	0.03125	-137.076
57200	0.03125	-136.395
57300	0.03125	-133.601
57400	0.03125	-137.309
57500	0.03125	-156.14
57600	0.03125	-127.638
57700	0.03125	-122.735
57800	0.03125	-120.732
57900	0.03125	-134.633
58000	0.03125	-128.158
58100	0.03125	-126.602
58200	0.03125	-140.272
58300	0.03125	-135.121
58400	0.03125	-141.246
58500	0.03125	-143.123
58600	0.03125	-137.839
58700	0.03125	-161.65
58800	0.03125	-119.764
58900	0.03125	-140.118
59000	0.03125	-123.958
59100	0.03125	-170.392
59200	0.03125	-149.577
59300	0.03125	-141.673
59400	0.03125	-131.018
59500	0.03125	-168.974
59600	0.03125	-144.555
59700	0.03125	-138.036
59800	0.03125	-148.692
59900	0.03125	-133.23
60000	0.03125	-174.24
60100	0.03125	-178.159
60200	0.03125	-136.266
60300	0.03125	-136.955
60400	0.03125	-125.906
60500	0.03125	-125.545
60600	0.03125	-125.406
60700	0.03125	-146.516
60800	0.03125	-122.714
60900	0.03125	-140.256
61000	0.03125	-120.325
61100	0.03125	-116.369
61200	0.03125	-160.399
61300	0.03125	-155.125
61400	0.03125	-130.457
61500	0.03125	-141.067
61600	0.03125	-135.574
61700	0.03125	-123.937
61800	0.03125	-141.768
61900	0.03125	-169.487
62000	0.03125	-121.097
62100	0.03125	-154.035
62200	0.03125	-122.745
62300	0.03125	-119.058
62400	0.03125	-128.223
62500	0.03125	-166.295
62600	0.03125	-136.39
62700	0.03125	-136.652
62800	0.03125	-150.153
62900	0.03125	-131.614
63000	0.03125	-137.257
63100	0.03125	-131.506
63200	0.03125	-136.691
63300	0.03125	-121.563
63400	0.03125	-135.294
63500	0.03125	-153.368
63600	0.03125	-112.14
63700	0.03125	-138.062
63800	0.03125	-145.635
63900	0.03125	-127.887
64000	0.03125	-148.525
64100	0.03125	-124.196
64200	0.03125	-140.942
64300	0.03125	-125.677
64400	0.03125	-137.422
64500	0.03125	-157.273
64600	0.03125	-133.453
64700	0.03125	-129.573
64800	0.03125	-135.564
64900	0.03125	-137.965
65000	0.03125	-148.21
65100	0.03125	-128.619
65200	0.03125	-147.365
65300	0.03125	-147.325
65400	0.03125	-123.709
65500	0.03125	-143.874
65600	0.03125	-136.598
65700	0.03125	-139.536
65800	0.03125	-127.161
65900	0.03125	-134.925
66000	0.03125	-151.623
66100	0.03125	-137.659
66200	0.03125	-135.182
66300	0.03125	-126.363
66400	0.03125	-120.864
66500	0.03125	-142.799
66600	0.03125	-145.713
66700	0.03125	-157.963
66800	0.03125	-128.317
66900	0.03125	-147.565
67000	0.03125	-118.847
67100	0.03125	-137.205
67200	0.03125	-164.233
67300	0.03125	-148.098
67400	0.03125	-102.706
67500	0.03125	-132.098
67600	0.03125	-116.657
67700	0.03125	-121.133
67800	0.03125	-139.05
67900	0.03125	-140.97
68000	0.03125	-128.214
68100	0.03125	-119.465
68200	0.03125	-124.022
68300	0.03125	-139.894
68400	0.03125	-141.66
68500	0.03125	-145.262
68600	0.03125	-155.921
68700	0.03125	-147.312
68800	0.03125	-131.458
68900	0.03125	-127.137
69000	0.03125	-133.93
69100	0.03125	-150.789
69200	0.03125	-118.204
69300	0.03125	-129.318
69400	0.03125	-132.719
69500	0.03125	-136.796
69600	0.03125	-135.482
69700	0.03125	-131.663
69800	0.03125	-120.439
69900	0.03125	-125.775
70000	0.03125	-125.103
70100	0.03125	-111.3
70200	0.03125	-124.953
70300	0.03125	-139.411
70400	0.03125	-132.966
70500	0.03125	-145.27
70600	0.03125	-131.363
70700	0.03125	-147.018
70800	0.03125	-136.377
70900	0.03125	-124.018
71000	0.03125	-128.529
71100	0.03125	-142.183
71200	0.03125	-121.804
71300	0.03125	-122.132
71400	0.03125	-125.158
71500	0.03125	-156.822
71600	0.03125	-139.844
71700	0.03125	-120.822
71800	0.03125	-126.374
71900	0.03125	-153.634
72000	0.03125	-134.144
72100	0.03125	-133.675
72200	0.03125	-153.392
72300	0.03125	-139.203
72400	0.03125	-160.274
72500	0.03125	-157.619
72600	0.03125	-130.709
72700	0.03125	-136.644
72800	0.03125	-155.385
72900	0.03125	-146.724
73000	0.03125	-138.311
73100	0.03125	-145.04
73200	0.03125	-146.744
73300	0.03125	-146.17
73400	0.03125	-136.614
73500	0.03125	-141.596
73600	0.03125	-138.011
73700	0.03125	-121.661
73800	0.03125	-137.858
73900	0.03125	-151.127
74000	0.03125	-133.723
74100	0.03125	-139.644
74200	0.03125	-129.243
74300	0.03125	-129.025
74400	0.03125	-126.034
74500	0.03125	-125.535
74600	0.03125	-122.388
74700	0.03125	-160.105
74800	0.03125	-135.04
74900	0.03125	-167.346
75000	0.03125	-138.959
75100	0.03125	-101.983
75200	0.03125	-107.646
75300	0.03125	-125.627
75400	0.03125	-138.906
75500	0.03125	-123.863
75600	0.03125	-129.632
75700	0.03125	-127.24
75800	0.03125	-131.121
75900	0.03125	-122.316
76000	0.03125	-132.178
76100	0.03125	-142.618
76200	0.03125	-119.426
76300	0.03125	-152.66
76400	0.03125	-152.208
76500	0.03125	-128.938
76600	0.03125	-132.55
76700	0.03125	-135.977
76800	0.03125	-134.962
76900	0.03125	-120.118
77000	0.03125	-140.478
77100	0.03125	-132.291
77200	0.03125	-145.311
77300	0.03125	-136.675
77400	0.03125	-147.449
77500	0.03125	-158.995
77600	0.03125	-130.535
77700	0.03125	-137.908
77800	0.03125	-128.65
77900	0.03125	-130.328
78000	0.03125	-154.739
78100	0.03125	-118.385
78200	0.03125	-118.509
78300	0.03125	-157.738
78400	0.03125	-154.831
78500	0.03125	-127.802
78600	0.03125	-135.255
78700	0.03125	-158.648
78800	0.03125	-138.245
78900	0.03125	-146.88
79000	0.03125	-143.378
79100	0.03125	-123.038
79200	0.03125	-123.008
79300	0.03125	-141.438
79400	0.03125	-144.331
79500	0.03125	-131.053
79600	0.03125	-122.444
79700	0.03125	-137.395
79800	0.03125	-151.283
79900	0.03125	-123.105
80000	0.03125	-152.752
80100	0.03125	-130.741
80200	0.03125	-148.597
80300	0.03125	-119.948
80400	0.03125	-136.561
80500	0.03125	-159.326
80600	0.03125	-151.309
80700	0.03125	-157.912
80800	0.03125	-132.731
80900	0.03125	-107.177
81000	0.03125	-101.311
81100	0.03125	-126.977
81200	0.03125	-161.79
81300	0.03125	-135.334
81400	0.03125	-127.822
81500	0.03125	-115.726
81600	0.03125	-152.296
81700	0.03125	-127.649
81800	0.03125	-118.229
81900	0.03125	-146.655
82000	0.03125	-128.862
82100	0.03125	-136.005
82200	0.03125	-138.153
82300	0.03125	-122.177
82400	0.03125	-160.216
82500	0.03125	-122.203
82600	0.03125	-136.368
82700	0.03125	-144.084
82800	0.03125	-129.308
82900	0.03125	-117.111
83000	0.03125	-131.016
83100	0.03125	-137.499
83200	0.03125	-122.497
83300	0.03125	-131.334
83400	0.03125	-140.355
83500	0.03125	-136.946
83600	0.03125	-121.863
83700	0.03125	-127.541
83800	0.03125	-129.079
83900	0.03125	-133.108
84000	0.03125	-139.462
84100	0.03125	-146.771
84200	0.03125	-134.716
84300	0.03125	-150.983
84400	0.03125	-135.332
84500	0.03125	-114.116
84600	0.03125	-140.069
84700	0.03125	-130.67
84800	0.03125	-136.552
84900	0.03125	-143.63
85000	0.03125	-130.838
85100	0.03125	-131.591
85200	0.03125	-120.559
85300	0.03125	-124.974
85400	0.03125	-131.288
85500	0.03125	-139.528
85600	0.03125	-136.341
85700	0.03125	-130.268
85800	0.03125	-162.968
85900	0.03125	-159.379
86000	0.03125	-117.618
86100	0.03125	-122.796
86200	0.03125	-126.56
86300	0.03125	-145.128
86400	0.03125	-135.414
86500	0.03125	-147.53
86600	0.03125	-173.772
86700	0.03125	-159.363
86800	0.03125	-144.051
86900	0.03125	-147.133
87000	0.03125	-137.291
87100	0.03125	-133.57
87200	0.03125	-120.152
87300	0.03125	-124.426
87400	0.03125	-137.676
87500	0.03125	-155.67
87600	0.03125	-122.985
87700	0.03125	-140.953
87800	0.03125	-158.075
87900	0.03125	-143.419
88000	0.03125	-170.655
88100	0.03125	-138.089
88200	0.03125	-126.248
88300	0.03125	-131.934
88400	0.03125	-115.9
88500	0.03125	-142.178
88600	0.03125	-146.402
88700	0.03125	-159.866
88800	0.03125	-135.388
88900	0.03125	-130.103
89000	0.03125	-157.71
89100	0.03125	-127.754
89200	0.03125	-133.12
89300	0.03125	-117.24
89400	0.03125	-131.894
89500	0.03125	-126.979
89600	0.03125	-137.998
89700	0.03125	-147.985
89800	0.03125	-135.626
89900	0.03125	-112.736
90000	0.03125	-133.241
90100	0.03125	-136.885
90200	0.03125	-132.582
90300	0.03125	-158.033
90400	0.03125	-122.95
90500	0.03125	-138.463
90600	0.03125	-155.073
90700	0.03125	-134.817
90800	0.03125	-121.369
90900	0.03125	-148.561
91000	0.03125	-123.33
91100	0.03125	-132.616
91200	0.03125	-149.356
91300	0.03125	-122.968
91400	0.03125	-120.069
91500	0.03125	-118.032
91600	0.03125	-128.023
91700	0.03125	-98.0761
91800	0.03125	-119.663
91900	0.03125	-127.157
92000	0.03125	-156.564
92100	0.03125	-126.425
92200	0.03125	-127.434
92300	0.03125	-130.59
92400	0.03125	-126.308
92500	0.03125	-136.074
92600	0.03125	-156.912
92700	0.03125	-142.397
92800	0.03125	-129.604
92900	0.03125	-118.913
93000	0.03125	-119.599
93100	0.03125	-142.549
93200	0.03125	-133.413
93300	0.03125	-123.907
93400	0.03125	-145.534
93500	0.03125	-116.401
93600	0.03125	-137.227
93700	0.03125	-133.376
93800	0.03125	-118.618
93900	0.03125	-134.663
94000	0.03125	-140.224
94100	0.03125	-144.027
94200	0.03125	-125.655
94300	0.03125	-113.643
94400	0.03125	-137.825
94500	0.03125	-120.495
94600	0.03125	-132.208
94700	0.03125	-133.91
94800	0.03125	-132.186
94900	0.03125	-138.489
95000	0.03125	-119.594
95100	0.03125	-122.821
95200	0.03125	-109.924
95300	0.03125	-125.156
95400	0.03125	-101.835
95500	0.03125	-119.742
95600	0.03125	-139.064
95700	0.03125	-137.127
95800	0.03125	-141.447
95900	0.03125	-146.651
96000	0.03125	-116.129
96100	0.03125	-136.124
96200	0.03125	-119.898
96300	0.03125	-150.31
96400	0.03125	-128.078
96500	0.03125	-144.117
96600	0.03125	-123.554
96700	0.03125	-135.763
96800	0.03125	-159.908
96900	0.03125	-140.629
97000	0.03125	-132.758
97100	0.03125	-133.956
97200	0.03125	-152.187
97300	0.03125	-131.237
97400	0.03125	-159.52
97500	0.03125	-130.001
97600	0.03125	-125.758
97700	0.03125	-155.678
97800	0.03125	-144.588
97900	0.03125	-127.942
98000	0.03125	-135.991
98100	0.03125	-128.655
98200	0.03125	-123.782
98300	0.03125	-162.639
98400	0.03125	-137.206
98500	0.03125	-119.755
98600	0.03125	-119.654
98700	0.03125	-131.988
98800	0.03125	-134.559
98900	0.03125	-125.954
99000	0.03125	-140.603
99100	0.03125	-139.292
99200	0.03125	-149.872
99300	0.03125	-123.9
99400	0.03125	-139.964
99500	0.03125	-137.654
99600	0.03125	-142.117
99700	0.03125	-165.413
99800	0.03125	-142.422
99900	0.03125	-139.977
100000	0.03125	-147.056
25100	0.01024	-132.818
25200	0.01024	-131.45
25300	0.01024	-125.155
25400	0.01024	-131.511
25500	0.01024	-132.912
25600	0.01024	-132.994
25700	0.01024	-146.358
25800	0.01024	-141.001
25900	0.01024	-141.85
26000	0.01024	-135.7
26100	0.01024	-126.119
26200	0.01024	-128.947
26300	0.01024	-136.521
26400	0.01024	-143.642
26500	0.01024	-123.257
26600	0.01024	-152.455
26700	0.01024	-131.194
26800	0.01024	-138.157
26900	0.01024	-125.699
27000	0.01024	-138.704
27100	0.01024	-140.371
27200	0.01024	-140.272
27300	0.01024	-122.996
27400	0.01024	-133.973
27500	0.01024	-137.803
27600	0.01024	-136.477
27700	0.01024	-124.908
27800	0.01024	-132.099
27900	0.01024	-131.134
28000	0.01024	-195.993
28100	0.01024	-138.579
28200	0.01024	-152.764
28300	0.01024	-120.586
28400	0.01024	-131.391
28500	0.01024	-126.248
28600	0.01024	-165.621
28700	0.01024	-141.992
28800	0.01024	-172.408
28900	0.01024	-139.026
29000	0.01024	-121.855
29100	0.01024	-129.954
29200	0.01024	-155.853
29300	0.01024	-128.858
29400	0.01024	-142.459
29500	0.01024	-120.626
29600	0.01024	-151.906
29700	0.01024	-130.958
29800	0.01024	-144.389
29900	0.01024	-145.553
30000	0.01024	-154.334
30100	0.01024	-113.651
30200	0.01024	-168.823
30300	0.01024	-127.775
30400	0.01024	-150.47
30500	0.01024	-137.635
30600	0.01024	-124.958
30700	0.01024	-127.293
30800	0.01024	-124.374
30900	0.01024	-133.193
31000	0.01024	-132.658
31100	0.01024	-177.101
31200	0.01024	-135.038
31300	0.01024	-114.978
31400	0.01024	-127.767
31500	0.01024	-131.383
31600	0.01024	-131.509
31700	0.01024	-144.85
31800	0.01024	-135.313
31900	0.01024	-110.673
32000	0.01024	-145.39
32100	0.01024	-108.104
32200	0.01024	-134.875
32300	0.01024	-160.008
32400	0.01024	-128.155
32500	0.01024	-140.02
32600	0.01024	-138.571
32700	0.01024	-132.874
32800	0.01024	-137.389
32900	0.01024	-151.638
33000	0.01024	-136.742
33100	0.01024	-132.854
33200	0.01024	-141.502
33300	0.01024	-145.38
33400	0.01024	-137.648
33500	0.01024	-130.519
33600	0.01024	-164.678
33700	0.01024	-118.373
33800	0.01024	-129.998
33900	0.01024	-114.359
34000	0.01024	-150.497
34100	0.01024	-140.176
34200	0.01024	-148.801
34300	0.01024	-147.909
34400	0.01024	-129.958
34500	0.01024	-160.221
34600	0.01024	-151.481
34700	0.01024	-159.704
34800	0.01024	-163.4
34900	0.01024	-124.485
35000	0.01024	-123.955
35100	0.01024	-126.641
35200	0.01024	-139.168
35300	0.01024	-149.881
35400	0.01024	-133.471
35500	0.01024	-140.47
35600	0.01024	-154.817
35700	0.01024	-142.865
35800	0.01024	-163.061
35900	0.01024	-135.301
36000	0.01024	-148.723
36100	0.01024	-151.893
36200	0.01024	-145.391
36300	0.01024	-142.881
36400	0.01024	-131.28
36500	0.01024	-143.198
36600	0.01024	-122.197
36700	0.01024	-163.192
36800	0.01024	-124.875
36900	0.01024	-123.256
37000	0.01024	-129.335
37100	0.01024	-148.56
37200	0.01024	-129.76
37300	0.01024	-128.719
37400	0.01024	-142.957
37500	0.01024	-165.058
37600	0.01024	-126.092
37700	0.01024	-125.546
37800	0.01024	-164.338
37900	0.01024	-145.902
38000	0.01024	-151.995
38100	0.01024	-132.118
38200	0.01024	-107.504
38300	0.01024	-156.259
38400	0.01024	-150.002
38500	0.01024	-126.134
38600	0.01024	-134.683
38700	0.01024	-136.069
38800	0.01024	-130.262
38900	0.01024	-164.877
39000	0.01024	-123.954
39100	0.01024	-139.295
39200	0.01024	-137.253
39300	0.01024	-130.359
39400	0.01024	-122.177
39500	0.01024	-121.368
39600	0.01024	-130.242
39700	0.01024	-157.312
39800	0.01024	-140.378
39900	0.01024	-123.475
40000	0.01024	-148.929
40100	0.01024	-177.676
40200	0.01024	-142.58
40300	0.01024	-120.431
40400	0.01024	-113.984
40500	0.01024	-149.354
40600	0.01024	-131.075
40700	0.01024	-137.667
40800	0.01024	-145.658
40900	0.01024	-155.866
41000	0.01024	-158.949
41100	0.01024	-144.708
41200	0.01024	-145.854
41300	0.01024	-145.58
41400	0.01024	-136.946
41500	0.01024	-131.307
41600	0.01024	-178.82
41700	0.01024	-153.595
41800	0.01024	-137.123
41900	0.01024	-136.73
42000	0.01024	-142.863
42100	0.01024	-125.791
42200	0.01024	-127.527
42300	0.01024	-166.39
42400	0.01024	-140.681
42500	0.01024	-139.165
42600	0.01024	-155.451
42700	0.01024	-152.047
42800	0.01024	-148.225
42900	0.01024	-119.6
43000	0.01024	-162.934
43100	0.01024	-114.72
43200	0.01024	-142.748
43300	0.01024	-116.397
43400	0.01024	-151.553
43500	0.01024	-141.735
43600	0.01024	-124.929
43700	0.01024	-149.702
43800	0.01024	-119.642
43900	0.01024	-155.53
44000	0.01024	-119.483
44100	0.01024	-144.698
44200	0.01024	-155.242
44300	0.01024	-124.078
44400	0.01024	-123.332
44500	0.01024	-116.428
44600	0.01024	-136.612
44700	0.01024	-129.798
44800	0.01024	-156.151
44900	0.01024	-125.96
45000	0.01024	-120.094
45100	0.01024	-124.828
45200	0.01024	-131.563
45300	0.01024	-123.43
45400	0.01024	-137.011
45500	0.01024	-120.728
45600	0.01024	-143.191
45700	0.01024	-147.718
45800	0.01024	-135.457
45900	0.01024	-159.695
46000	0.01024	-152.861
46100	0.01024	-187.442
46200	0.01024	-148.787
46300	0.01024	-127.196
46400	0.01024	-164.697
46500	0.01024	-140.678
46600	0.01024	-148.428
46700	0.01024	-138.218
46800	0.01024	-143.383
46900	0.01024	-123.018
47000	0.01024	-146.079
47100	0.01024	-125.242
47200	0.01024	-164.908
47300	0.01024	-153.354
47400	0.01024	-181.759
47500	0.01024	-152.145
47600	0.01024	-156.97
47700	0.01024	-113.165
47800	0.01024	-164.642
47900	0.01024	-139.213
48000	0.01024	-141.915
48100	0.01024	-136.461
48200	0.01024	-132.158
48300	0.01024	-133.885
48400	0.01024	-108.579
48500	0.01024	-141.57
48600	0.01024	-151.566
48700	0.01024	-131.879
48800	0.01024	-154.809
48900	0.01024	-129.67
49000	0.01024	-154.015
49100	0.01024	-137.204
49200	0.01024	-145.099
49300	0.01024	-127.924
49400	0.01024	-121.625
49500	0.01024	-170.072
49600	0.01024	-139.647
49700	0.01024	-140.38
49800	0.01024	-148.815
49900	0.01024	-146.943
50000	0.01024	-139.619
50100	0.01024	-150.565
50200	0.01024	-157.715
50300	0.01024	-126.907
50400	0.01024	-150.987
50500	0.01024	-136.911
50600	0.01024	-149.62
50700	0.01024	-151.924
50800	0.01024	-119.347
50900	0.01024	-172.788
51000	0.01024	-151.482
51100	0.01024	-131.586
51200	0.01024	-125.07
51300	0.01024	-135.775
51400	0.01024	-136.771
51500	0.01024	-176.582
51600	0.01024	-173.585
51700	0.01024	-127.426
51800	0.01024	-160.629
51900	0.01024	-128.433
52000	0.01024	-178.074
52100	0.01024	-121.641
52200	0.01024	-150.325
52300	0.01024	-141.271
52400	0.01024	-138.528
52500	0.01024	-128.423
52600	0.01024	-122.12
52700	0.01024	-103.121
52800	0.01024	-145.649
52900	0.01024	-125.096
53000	0.01024	-124.89
53100	0.01024	-110.863
53200	0.01024	-130.451
53300	0.01024	-149.142
53400	0.01024	-135.844
53500	0.01024	-140.226
53600	0.01024	-183.432
53700	0.01024	-129.187
53800	0.01024	-116.49
53900	0.01024	-142.257
54000	0.01024	-159.013
54100	0.01024	-131.149
54200	0.01024	-140.806
54300	0.01024	-134.737
54400	0.01024	-139.389
54500	0.01024	-129.393
54600	0.01024	-152.04
54700	0.01024	-116.008
54800	0.01024	-173.273
54900	0.01024	-155.647
55000	0.01024	-131.75
55100	0.01024	-158.174
55200	0.01024	-145.615
55300	0.01024	-128.72
55400	0.01024	-125.08
55500	0.01024	-149.793
55600	0.01024	-129.657
55700	0.01024	-126.592
55800	0.01024	-148.657
55900	0.01024	-155.969
56000	0.01024	-118.899
56100	0.01024	-115.089
56200	0.01024	-144.305
56300	0.01024	-157.293
56400	0.01024	-143.686
56500	0.01024	-116.489
56600	0.01024	-161.042
56700	0.01024	-162.43
56800	0.01024	-142.911
56900	0.01024	-139.565
57000	0.01024	-110.642
57100	0.01024	-127.715
57200	0.01024	-123.123
57300	0.01024	-149.703
57400	0.01024	-137.624
57500	0.01024	-155.456
57600	0.01024	-147.017
57700	0.01024	-130.586
57800	0.01024	-141.635
57900	0.01024	-157.181
58000	0.01024	-133.579
58100	0.01024	-138.092
58200	0.01024	-135.67
58300	0.01024	-147.459
58400	0.01024	-164.23
58500	0.01024	-158.464
58600	0.01024	-134.82
58700	0.01024	-149.303
58800	0.01024	-127.93
58900	0.01024	-154.8
59000	0.01024	-146.208
59100	0.01024	-116.604
59200	0.01024	-125.281
59300	0.01024	-151.928
59400	0.01024	-128.536
59500	0.01024	-144.818
59600	0.01024	-116.618
59700	0.01024	-173.896
59800	0.01024	-144.259
59900	0.01024	-161.757
60000	0.01024	-147.378
60100	0.01024	-129.877
60200	0.01024	-155.449
60300	0.01024	-137.87
60400	0.01024	-149.177
60500	0.01024	-125.959
60600	0.01024	-134.52
60700	0.01024	-169.825
60800	0.01024	-143.307
60900	0.01024	-172.824
61000	0.01024	-155.321
61100	0.01024	-121.97
61200	0.01024	-139.47
61300	0.01024	-130.473
61400	0.01024	-133.023
61500	0.01024	-157.454
61600	0.01024	-107.967
61700	0.01024	-139.69
61800	0.01024	-155.38
61900	0.01024	-117.379
62000	0.01024	-122.769
62100	0.01024	-178.252
62200	0.01024	-138.688
62300	0.01024	-113.037
62400	0.01024	-144.694
62500	0.01024	-120.628
62600	0.01024	-130.714
62700	0.01024	-147.681
62800	0.01024	-149.609
62900	0.01024	-165.56
63000	0.01024	-157.923
63100	0.01024	-150.983
63200	0.01024	-127.187
63300	0.01024	-112.468
63400	0.01024	-131.295
63500	0.01024	-135.171
63600	0.01024	-121.596
63700	0.01024	-135.427
63800	0.01024	-143.304
63900	0.01024	-167.332
64000	0.01024	-124.697
64100	0.01024	-152.124
64200	0.01024	-138.865
64300	0.01024	-153.647
64400	0.01024	-121.901
64500	0.01024	-139.381
64600	0.01024	-132.956
64700	0.01024	-150.295
64800	0.01024	-119.524
64900	0.01024	-138.188
65000	0.01024	-136.669
65100	0.01024	-161.223
65200	0.01024	-112.214
65300	0.01024	-143.252
65400	0.01024	-136.336
65500	0.01024	-133.712
65600	0.01024	-129.179
65700	0.01024	-140.433
65800	0.01024	-137.487
65900	0.01024	-146.897
66000	0.01024	-135.552
66100	0.01024	-128
66200	0.01024	-172.028
66300	0.01024	-136.556
66400	0.01024	-138.836
66500	0.01024	-150.731
66600	0.01024	-146.34
66700	0.01024	-132.574
66800	0.01024	-134.875
66900	0.01024	-145.603
67000	0.01024	-132.485
67100	0.01024	-140.547
67200	0.01024	-124.836
67300	0.01024	-152.06
67400	0.01024	-165.379
67500	0.01024	-135.432
67600	0.01024	-132.472
67700	0.01024	-129.406
67800	0.01024	-117.149
67900	0.01024	-169.08
68000	0.01024	-147.57
68100	0.01024	-136.12
68200	0.01024	-162.081
68300	0.01024	-134.033
68400	0.01024	-160.544
68500	0.01024	-123.752
68600	0.01024	-142.791
68700	0.01024	-141.272
68800	0.01024	-138.304
68900	0.01024	-120.045
69000	0.01024	-138.848
69100	0.01024	-156.027
69200	0.01024	-127.34
69300	0.01024	-157.704
69400	0.01024	-145.277
69500	0.01024	-135.361
69600	0.01024	-143.756
69700	0.01024	-128.499
69800	0.01024	-147.507
69900	0.01024	-147.037
70000	0.01024	-124.899
70100	0.01024	-149.565
70200	0.01024	-157.301
70300	0.01024	-151.245
70400	0.01024	-209.258
70500	0.01024	-142.687
70600	0.01024	-127.85
70700	0.01024	-122.386
70800	0.01024	-139.699
70900	0.01024	-119.98
71000	0.01024	-170.56
71100	0.01024	-148.449
71200	0.01024	-139.367
71300	0.01024	-130.162
71400	0.01024	-130.952
71500	0.01024	-148.756
71600	0.01024	-120.625
71700	0.01024	-131.258
71800	0.01024	-128.326
71900	0.01024	-163.771
72000	0.01024	-123.127
72100	0.01024	-132.257
72200	0.01024	-124.962
72300	0.01024	-128.894
72400	0.01024	-141.575
72500	0.01024	-150.351
72600	0.01024	-127.702
72700	0.01024	-183.988
72800	0.01024	-129.259
72900	0.01024	-143.291
73000	0.01024	-130.081
73100	0.01024	-130.947
73200	0.01024	-152.324
73300	0.01024	-130.574
73400	0.01024	-138.628
73500	0.01024	-137.814
73600	0.01024	-145.97
73700	0.01024	-144.007
73800	0.01024	-113.461
73900	0.01024	-116.18
74000	0.01024	-154.273
74100	0.01024	-129.156
74200	0.01024	-159.501
74300	0.01024	-136.946
74400	0.01024	-141.213
74500	0.01024	-125.866
74600	0.01024	-108.582
74700	0.01024	-143.866
74800	0.01024	-137.554
74900	0.01024	-127.232
75000	0.01024	-145.602
75100	0.01024	-146.042
75200	0.01024	-138.202
75300	0.01024	-147.337
75400	0.01024	-145.396
75500	0.01024	-145.29
75600	0.01024	-142.175
75700	0.01024	-149.5
75800	0.01024	-140.222
75900	0.01024	-141.528
76000	0.01024	-142.754
76100	0.01024	-123.992
76200	0.01024	-131.387
76300	0.01024	-116.458
76400	0.01024	-162.807
76500	0.01024	-140.031
76600	0.01024	-125.341
76700	0.01024	-134.969
76800	0.01024	-155.375
76900	0.01024	-129.411
77000	0.01024	-120.489
77100	0.01024	-137.79
77200	0.01024	-131.537
77300	0.01024	-121.626
77400	0.01024	-138.216
77500	0.01024	-145.705
77600	0.01024	-115.987
77700	0.01024	-139.687
77800	0.01024	-116.319
77900	0.01024	-158.137
78000	0.01024	-123.626
78100	0.01024	-133.469
78200	0.01024	-125.864
78300	0.01024	-153.102
78400	0.01024	-155.484
78500	0.01024	-131.091
78600	0.01024	-122.742
78700	0.01024	-153.226
78800	0.01024	-156.719
78900	0.01024	-130.852
79000	0.01024	-138.043
79100	0.01024	-132.535
79200	0.01024	-166.127
79300	0.01024	-155.283
79400	0.01024	-144.539
79500	0.01024	-159.334
79600	0.01024	-122.341
79700	0.01024	-154.468
79800	0.01024	-163.943
79900	0.01024	-153.313
80000	0.01024	-138.653
80100	0.01024	-141.075
80200	0.01024	-145.995
80300	0.01024	-160.376
80400	0.01024	-131.233
80500	0.01024	-128.198
80600	0.01024	-123.44
80700	0.01024	-125.476
80800	0.01024	-126.936
80900	0.01024	-159.274
81000	0.01024	-149.191
81100	0.01024	-131.983
81200	0.01024	-166.472
81300	0.01024	-126.922
81400	0.01024	-115.324
81500	0.01024	-135.649
81600	0.01024	-131.193
81700	0.01024	-144.008
81800	0.01024	-143.018
81900	0.01024	-142.173
82000	0.01024	-143.429
82100	0.01024	-127.082
82200	0.01024	-123.779
82300	0.01024	-134.926
82400	0.01024	-170.987
82500	0.01024	-159.736
82600	0.01024	-139.07
82700	0.01024	-144.461
82800	0.01024	-127.448
82900	0.01024	-168.52
83000	0.01024	-133.79
83100	0.01024	-146.851
83200	0.01024	-144.285
83300	0.01024	-169.26
83400	0.01024	-122.713
83500	0.01024	-131.603
83600	0.01024	-143.724
83700	0.01024	-131.122
83800	0.01024	-153.009
83900	0.01024	-138.479
84000	0.01024	-120.655
84100	0.01024	-120.132
84200	0.01024	-146.258
84300	0.01024	-123.485
84400	0.01024	-150.366
84500	0.01024	-160.301
84600	0.01024	-141.22
84700	0.01024	-119.307
84800	0.01024	-152.024
84900	0.01024	-170.789
85000	0.01024	-145.534
85100	0.01024	-131.22
85200	0.01024	-177.377
85300	0.01024	-130.053
85400	0.01024	-124.738
85500	0.01024	-172.935
85600	0.01024	-118.603
85700	0.01024	-128.82
85800	0.01024	-143.28
85900	0.01024	-141.565
86000	0.01024	-119.885
86100	0.01024	-118.408
86200	0.01024	-140.063
86300	0.01024	-131.086
86400	0.01024	-131.208
86500	0.01024	-124.456
86600	0.01024	-130.062
86700	0.01024	-141.406
86800	0.01024	-139.36
86900	0.01024	-146.265
87000	0.01024	-143.865
87100	0.01024	-149.116
87200	0.01024	-116.969
87300	0.01024	-133.709
87400	0.01024	-152.452
87500	0.01024	-155.228
87600	0.01024	-134.154
87700	0.01024	-158.054
87800	0.01024	-148.536
87900	0.01024	-120.676
88000	0.01024	-127.593
88100	0.01024	-155.265
88200	0.01024	-126.254
88300	0.01024	-141.945
88400	0.01024	-136.876
88500	0.01024	-141.175
88600	0.01024	-146.463
88700	0.01024	-165.144
88800	0.01024	-117.162
88900	0.01024	-120.451
89000	0.01024	-141.647
89100	0.01024	-113.014
89200	0.01024	-137.326
89300	0.01024	-137.581
89400	0.01024	-147.232
89500	0.01024	-173.365
89600	0.01024	-129.369
89700	0.01024	-150.969
89800	0.01024	-137.508
89900	0.01024	-142.07
90000	0.01024	-146.965
90100	0.01024	-122.807
90200	0.01024	-167.792
90300	0.01024	-143.438
90400	0.01024	-129.49
90500	0.01024	-129.269
90600	0.01024	-146.546
90700	0.01024	-129.731
90800	0.01024	-137.617
90900	0.01024	-133.786
91000	0.01024	-127.304
91100	0.01024	-131.385
91200	0.01024	-121.908
91300	0.01024	-143.992
91400	0.01024	-157.974
91500	0.01024	-134.42
91600	0.01024	-145.95
91700	0.01024	-134.772
91800	0.01024	-146.281
91900	0.01024	-125.811
92000	0.01024	-117.456
92100	0.01024	-155.742
92200	0.01024	-153.287
92300	0.01024	-138.604
92400	0.01024	-125.585
92500	0.01024	-130.946
92600	0.01024	-143.782
92700	0.01024	-145.988
92800	0.01024	-150.89
92900	0.01024	-109.693
93000	0.01024	-108.001
93100	0.01024	-156.51
93200	0.01024	-133.713
93300	0.01024	-133.566
93400	0.01024	-155.2
93500	0.01024	-122.454
93600	0.01024	-141.02
93700	0.01024	-127.473
93800	0.01024	-165.869
93900	0.01024	-152.791
94000	0.01024	-143.084
94100	0.01024	-130.872
94200	0.01024	-143.136
94300	0.01024	-119.281
94400	0.01024	-130.228
94500	0.01024	-128.949
94600	0.01024	-142.768
94700	0.01024	-125.921
94800	0.01024	-130.16
94900	0.01024	-142.206
95000	0.01024	-139.932
95100	0.01024	-135.147
95200	0.01024	-157.838
95300	0.01024	-137.669
95400	0.01024	-147.884
95500	0.01024	-150.036
95600	0.01024	-126.821
95700	0.01024	-137.577
95800	0.01024	-127.917
95900	0.01024	-155.306
96000	0.01024	-130.977
96100	0.01024	-119.151
96200	0.01024	-130.512
96300	0.01024	-153.012
96400	0.01024	-121.956
96500	0.01024	-144.969
96600	0.01024	-137.479
96700	0.01024	-132.049
96800	0.01024	-123.847
96900	0.01024	-132.753
97000	0.01024	-138.069
97100	0.01024	-158.936
97200	0.01024	-129.804
97300	0.01024	-126.136
97400	0.01024	-131.556
97500	0.01024	-152.135
97600	0.01024	-151.918
97700	0.01024	-124.245
97800	0.01024	-142.242
97900	0.01024	-140.036
98000	0.01024	-204.803
98100	0.01024	-128.558
98200	0.01024	-137.863
98300	0.01024	-121.857
98400	0.01024	-135.481
98500	0.01024	-150.175
98600	0.01024	-124.382
98700	0.01024	-138.751
98800	0.01024	-169.603
98900	0.01024	-133.54
99000	0.01024	-115.72
99100	0.01024	-165.395
99200	0.01024	-130.089
99300	0.01024	-177.204
99400	0.01024	-130.115
99500	0.01024	-117.53
99600	0.01024	-131.079
99700	0.01024	-123.385
99800	0.01024	-185.346
99900	0.01024	-174.555
100000	0.01024	-122.082
25100	0.00243	-146.673
25200	0.00243	-145.204
25300	0.00243	-128.838
25400	0.00243	-118.826
25500	0.00243	-134.542
25600	0.00243	-154.943
25700	0.00243	-154.227
25800	0.00243	-127.188
25900	0.00243	-155.558
26000	0.00243	-147.741
26100	0.00243	-146.977
26200	0.00243	-121.092
26300	0.00243	-150.078
26400	0.00243	-126.088
26500	0.00243	-139.428
26600	0.00243	-160.987
26700	0.00243	-120.227
26800	0.00243	-152.224
26900	0.00243	-131.083
27000	0.00243	-155.38
27100	0.00243	-145.155
27200	0.00243	-126.682
27300	0.00243	-148.072
27400	0.00243	-133.706
27500	0.00243	-147.809
27600	0.00243	-135.195
27700	0.00243	-144.509
27800	0.00243	-143.283
27900	0.00243	-123.236
28000	0.00243	-131.605
28100	0.00243	-121.741
28200	0.00243	-145.69
28300	0.00243	-150.204
28400	0.00243	-140.071
28500	0.00243	-130.478
28600	0.00243	-137.728
28700	0.00243	-112.618
28800	0.00243	-162.57
28900	0.00243	-158.462
29000	0.00243	-170.388
29100	0.00243	-149.071
29200	0.00243	-137.406
29300	0.00243	-151.145
29400	0.00243	-151.013
29500	0.00243	-148.088
29600	0.00243	-149.602
29700	0.00243	-140.393
29800	0.00243	-138.551
29900	0.00243	-165.643
30000	0.00243	-131.218
30100	0.00243	-135.835
30200	0.00243	-121.289
30300	0.00243	-148.642
30400	0.00243	-170.118
30500	0.00243	-139.533
30600	0.00243	-138.589
30700	0.00243	-144.581
30800	0.00243	-138.422
30900	0.00243	-155.772
31000	0.00243	-128.891
31100	0.00243	-117.78
31200	0.00243	-137.981
31300	0.00243	-147.886
31400	0.00243	-136
31500	0.00243	-131.907
31600	0.00243	-136.955
31700	0.00243	-132.985
31800	0.00243	-147.258
31900	0.00243	-152.45
32000	0.00243	-168.523
32100	0.00243	-166.883
32200	0.00243	-134.564
32300	0.00243	-135.218
32400	0.00243	-149.683
32500	0.00243	-117.226
32600	0.00243	-158.825
32700	0.00243	-152.01
32800	0.00243	-129.102
32900	0.00243	-146.154
33000	0.00243	-153.54
33100	0.00243	-167.511
33200	0.00243	-134.692
33300	0.00243	-122.549
33400	0.00243	-136.756
33500	0.00243	-143.1
33600	0.00243	-150.975
33700	0.00243	-147.102
33800	0.00243	-129.007
33900	0.00243	-158.8
34000	0.00243	-122.642
34100	0.00243	-127.774
34200	0.00243	-122.031
34300	0.00243	-150.089
34400	0.00243	-141.781
34500	0.00243	-133.75
34600	0.00243	-128.021
34700	0.00243	-144.819
34800	0.00243	-147.727
34900	0.00243	-124.965
35000	0.00243	-137.025
35100	0.00243	-141.314
35200	0.00243	-161.386
35300	0.00243	-123.045
35400	0.00243	-164.19
35500	0.00243	-151.297
35600	0.00243	-120.955
35700	0.00243	-147.485
35800	0.00243	-118.694
35900	0.00243	-149.752
36000	0.00243	-135.424
36100	0.00243	-147.66
36200	0.00243	-133.848
36300	0.00243	-132.197
36400	0.00243	-163.354
36500	0.00243	-180.225
36600	0.00243	-136.451
36700	0.00243	-135.853
36800	0.00243	-146.447
36900	0.00243	-169.913
37000	0.00243	-135.357
37100	0.00243	-140.42
37200	0.00243	-129.869
37300	0.00243	-120.315
37400	0.00243	-136.066
37500	0.00243	-170.081
37600	0.00243	-147.05
37700	0.00243	-134.115
37800	0.00243	-131.302
37900	0.00243	-120.833
38000	0.00243	-144.941
38100	0.00243	-119.282
38200	0.00243	-97.2151
38300	0.00243	-118.508
38400	0.00243	-139.977
38500	0.00243	-138.612
38600	0.00243	-128.88
38700	0.00243	-133.585
38800	0.00243	-129.595
38900	0.00243	-154.285
39000	0.00243	-136.08
39100	0.00243	-164.895
39200	0.00243	-162.735
39300	0.00243	-145.882
39400	0.00243	-140.815
39500	0.00243	-136.786
39600	0.00243	-151.365
39700	0.00243	-163.353
39800	0.00243	-130.612
39900	0.00243	-146.91
40000	0.00243	-163.288
40100	0.00243	-131.014
40200	0.00243	-132.722
40300	0.00243	-136.732
40400	0.00243	-135.365
40500	0.00243	-139.878
40600	0.00243	-133.986
40700	0.00243	-169.493
40800	0.00243	-122.67
40900	0.00243	-138.227
41000	0.00243	-140.717
41100	0.00243	-155.833
41200	0.00243	-143.433
41300	0.00243	-125.032
41400	0.00243	-117.455
41500	0.00243	-139.203
41600	0.00243	-134.886
41700	0.00243	-146.883
41800	0.00243	-133.733
41900	0.00243	-131.183
42000	0.00243	-164.295
42100	0.00243	-145.38
42200	0.00243	-130.494
42300	0.00243	-151.113
42400	0.00243	-134.746
42500	0.00243	-155.708
42600	0.00243	-141.989
42700	0.00243	-123.01
42800	0.00243	-136.684
42900	0.00243	-174.607
43000	0.00243	-140.746
43100	0.00243	-137.625
43200	0.00243	-126.685
43300	0.00243	-155.435
43400	0.00243	-129.416
43500	0.00243	-119.709
43600	0.00243	-166.659
43700	0.00243	-138.961
43800	0.00243	-159.043
43900	0.00243	-150.267
44000	0.00243	-135.989
44100	0.00243	-122.414
44200	0.00243	-158.565
44300	0.00243	-152.862
44400	0.00243	-160.364
44500	0.00243	-136.904
44600	0.00243	-148.553
44700	0.00243	-141.645
44800	0.00243	-124.949
44900	0.00243	-132.727
45000	0.00243	-129.429
45100	0.00243	-133.57
45200	0.00243	-148.219
45300	0.00243	-199.352
45400	0.00243	-145.132
45500	0.00243	-133.755
45600	0.00243	-130.541
45700	0.00243	-126.003
45800	0.00243	-137.619
45900	0.00243	-151.744
46000	0.00243	-149.584
46100	0.00243	-143.59
46200	0.00243	-143.279
46300	0.00243	-146.4
46400	0.00243	-155.14
46500	0.00243	-159.978
46600	0.00243	-165.054
46700	0.00243	-133.867
46800	0.00243	-150.132
46900	0.00243	-148.056
47000	0.00243	-142.955
47100	0.00243	-127.244
47200	0.00243	-162.822
47300	0.00243	-134.784
47400	0.00243	-130.072
47500	0.00243	-128.801
47600	0.00243	-160.892
47700	0.00243	-148.143
47800	0.00243	-144.248
47900	0.00243	-143.779
48000	0.00243	-133.65
48100	0.00243	-152.19
48200	0.00243	-134.466
48300	0.00243	-138.435
48400	0.00243	-153.209
48500	0.00243	-131.743
48600	0.00243	-156.637
48700	0.00243	-145.79
48800	0.00243	-133.292
48900	0.00243	-130.184
49000	0.00243	-144.738
49100	0.00243	-139.759
49200	0.00243	-126.178
49300	0.00243	-162.5
49400	0.00243	-143.702
49500	0.00243	-134.985
49600	0.00243	-152.813
49700	0.00243	-131.642
49800	0.00243	-141.412
49900	0.00243	-131.598
50000	0.00243	-140.812
50100	0.00243	-160.374
50200	0.00243	-148.675
50300	0.00243	-127.869
50400	0.00243	-137.792
50500	0.00243	-141.004
50600	0.00243	-138.096
50700	0.00243	-124.313
50800	0.00243	-148.666
50900	0.00243	-157.814
51000	0.00243	-166.137
51100	0.00243	-152.958
51200	0.00243	-127.428
51300	0.00243	-140.967
51400	0.00243	-124.185
51500	0.00243	-127.61
51600	0.00243	-139.957
51700	0.00243	-143.891
51800	0.00243	-153.017
51900	0.00243	-140.144
52000	0.00243	-175.117
52100	0.00243	-151.756
52200	0.00243	-131.282
52300	0.00243	-152.755
52400	0.00243	-147.694
52500	0.00243	-128.462
52600	0.00243	-158.013
52700	0.00243	-141.966
52800	0.00243	-154.424
52900	0.00243	-163.569
53000	0.00243	-141.387
53100	0.00243	-131.292
53200	0.00243	-153.346
53300	0.00243	-127.042
53400	0.00243	-132.87
53500	0.00243	-150.838
53600	0.00243	-140.395
53700	0.00243	-134.231
53800	0.00243	-164.136
53900	0.00243	-132.331
54000	0.00243	-152.078
54100	0.00243	-143.117
54200	0.00243	-163.324
54300	0.00243	-152.745
54400	0.00243	-166.732
54500	0.00243	-131.082
54600	0.00243	-166.484
54700	0.00243	-121.441
54800	0.00243	-137.722
54900	0.00243	-162.802
55000	0.00243	-137.472
55100	0.00243	-139.546
55200	0.00243	-142.841
55300	0.00243	-103.361
55400	0.00243	-152.197
55500	0.00243	-111.566
55600	0.00243	-156.007
55700	0.00243	-133.949
55800	0.00243	-127.339
55900	0.00243	-139.772
56000	0.00243	-162.714
56100	0.00243	-143.494
56200	0.00243	-133.393
56300	0.00243	-145.509
56400	0.00243	-142.734
56500	0.00243	-172.648
56600	0.00243	-162.721
56700	0.00243	-134.825
56800	0.00243	-129.856
56900	0.00243	-156.429
57000	0.00243	-146.374
57100	0.00243	-177.358
57200	0.00243	-142.929
57300	0.00243	-143.556
57400	0.00243	-142.493
57500	0.00243	-112.915
57600	0.00243	-158.911
57700	0.00243	-139.418
57800	0.00243	-139.855
57900	0.00243	-150.799
58000	0.00243	-135.093
58100	0.00243	-120.104
58200	0.00243	-155.457
58300	0.00243	-147.085
58400	0.00243	-126.482
58500	0.00243	-149.659
58600	0.00243	-140.933
58700	0.00243	-160.399
58800	0.00243	-140.698
58900	0.00243	-136.072
59000	0.00243	-131.529
59100	0.00243	-164.316
59200	0.00243	-148.758
59300	0.00243	-144.404
59400	0.00243	-149.476
59500	0.00243	-118.345
59600	0.00243	-134.735
59700	0.00243	-156.271
59800	0.00243	-131.851
59900	0.00243	-119.948
60000	0.00243	-158.181
60100	0.00243	-116.552
60200	0.00243	-157.859
60300	0.00243	-163.117
60400	0.00243	-122.623
60500	0.00243	-158.199
60600	0.00243	-150.007
60700	0.00243	-132.629
60800	0.00243	-143.125
60900	0.00243	-142.53
61000	0.00243	-133.043
61100	0.00243	-143.66
61200	0.00243	-172.094
61300	0.00243	-132.149
61400	0.00243	-133.726
61500	0.00243	-143.151
61600	0.00243	-157.43
61700	0.00243	-126.724
61800	0.00243	-147.261
61900	0.00243	-125.368
62000	0.00243	-142.904
62100	0.00243	-138.848
62200	0.00243	-196.571
62300	0.00243	-138.256
62400	0.00243	-129.525
62500	0.00243	-125.182
62600	0.00243	-132.461
62700	0.00243	-138.613
62800	0.00243	-193.483
62900	0.00243	-133.292
63000	0.00243	-171.612
63100	0.00243	-141.357
63200	0.00243	-127.732
63300	0.00243	-115.395
63400	0.00243	-128.475
63500	0.00243	-188.487
63600	0.00243	-136.815
63700	0.00243	-141.933
63800	0.00243	-121.837
63900	0.00243	-129.352
64000	0.00243	-134.31
64100	0.00243	-144.838
64200	0.00243	-154.423
64300	0.00243	-159.265
64400	0.00243	-146.754
64500	0.00243	-167.053
64600	0.00243	-142.328
64700	0.00243	-121.286
64800	0.00243	-125.588
64900	0.00243	-148.628
65000	0.00243	-132.038
65100	0.00243	-154.174
65200	0.00243	-155.767
65300	0.00243	-137.186
65400	0.00243	-149.059
65500	0.00243	-149.865
65600	0.00243	-123.157
65700	0.00243	-123.087
65800	0.00243	-147.016
65900	0.00243	-125.264
66000	0.00243	-143.575
66100	0.00243	-144.606
66200	0.00243	-145.455
66300	0.00243	-143.722
66400	0.00243	-158.337
66500	0.00243	-178.077
66600	0.00243	-129.34
66700	0.00243	-177.527
66800	0.00243	-145.01
66900	0.00243	-135.628
67000	0.00243	-155.448
67100	0.00243	-143.18
67200	0.00243	-162.51
67300	0.00243	-123.614
67400	0.00243	-128.943
67500	0.00243	-136.587
67600	0.00243	-160.387
67700	0.00243	-133.697
67800	0.00243	-143.203
67900	0.00243	-144.279
68000	0.00243	-143.699
68100	0.00243	-145.435
68200	0.00243	-166.895
68300	0.00243	-123.704
68400	0.00243	-187.85
68500	0.00243	-131.961
68600	0.00243	-144.369
68700	0.00243	-134.721
68800	0.00243	-162.098
68900	0.00243	-140.078
69000	0.00243	-137.819
69100	0.00243	-156.458
69200	0.00243	-148.802
69300	0.00243	-140.51
69400	0.00243	-141.2
69500	0.00243	-147.734
69600	0.00243	-129.797
69700	0.00243	-138.777
69800	0.00243	-134.692
69900	0.00243	-151.365
70000	0.00243	-140.942
70100	0.00243	-122.394
70200	0.00243	-149.194
70300	0.00243	-152.217
70400	0.00243	-160.102
70500	0.00243	-133.956
70600	0.00243	-130.228
70700	0.00243	-158.681
70800	0.00243	-153.417
70900	0.00243	-126.604
71000	0.00243	-142.91
71100	0.00243	-158.602
71200	0.00243	-139.31
71300	0.00243	-146.545
71400	0.00243	-144.735
71500	0.00243	-129.191
71600	0.00243	-153.376
71700	0.00243	-157.982
71800	0.00243	-122.173
71900	0.00243	-139.312
72000	0.00243	-128.658
72100	0.00243	-134.802
72200	0.00243	-167.122
72300	0.00243	-140.312
72400	0.00243	-135.616
72500	0.00243	-142.699
72600	0.00243	-160.432
72700	0.00243	-113.885
72800	0.00243	-158.333
72900	0.00243	-132.625
73000	0.00243	-137.863
73100	0.00243	-180.62
73200	0.00243	-130.588
73300	0.00243	-149.678
73400	0.00243	-137.331
73500	0.00243	-156.311
73600	0.00243	-141.993
73700	0.00243	-163.838
73800	0.00243	-122.988
73900	0.00243	-135.796
74000	0.00243	-128.675
74100	0.00243	-141.814
74200	0.00243	-160.018
74300	0.00243	-138.658
74400	0.00243	-152.784
74500	0.00243	-139.33
74600	0.00243	-137.366
74700	0.00243	-149.253
74800	0.00243	-139.008
74900	0.00243	-145.672
75000	0.00243	-118.182
75100	0.00243	-131.893
75200	0.00243	-137.081
75300	0.00243	-161.756
75400	0.00243	-148.618
75500	0.00243	-156.082
75600	0.00243	-141.838
75700	0.00243	-136.638
75800	0.00243	-148.775
75900	0.00243	-127.469
76000	0.00243	-140.994
76100	0.00243	-132.657
76200	0.00243	-134.037
76300	0.00243	-147.42
76400	0.00243	-125.218
76500	0.00243	-132.858
76600	0.00243	-163.658
76700	0.00243	-144.463
76800	0.00243	-135.559
76900	0.00243	-111.732
77000	0.00243	-174.942
77100	0.00243	-135.802
77200	0.00243	-125.972
77300	0.00243	-193.443
77400	0.00243	-127.886
77500	0.00243	-138.175
77600	0.00243	-138.3
77700	0.00243	-113.808
77800	0.00243	-145.741
77900	0.00243	-152.061
78000	0.00243	-162.142
78100	0.00243	-146.121
78200	0.00243	-154.896
78300	0.00243	-149.596
78400	0.00243	-149.345
78500	0.00243	-148.653
78600	0.00243	-130.776
78700	0.00243	-117.651
78800	0.00243	-157.505
78900	0.00243	-178.422
79000	0.00243	-187.688
79100	0.00243	-129.45
79200	0.00243	-147.231
79300	0.00243	-165.561
79400	0.00243	-155.708
79500	0.00243	-124.274
79600	0.00243	-149.559
79700	0.00243	-143.21
79800	0.00243	-154.296
79900	0.00243	-124.182
80000	0.00243	-130.25
80100	0.00243	-144.232
80200	0.00243	-118.467
80300	0.00243	-153.737
80400	0.00243	-175.225
80500	0.00243	-132.953
80600	0.00243	-156.526
80700	0.00243	-152.039
80800	0.00243	-138.89
80900	0.00243	-114.632
81000	0.00243	-130.93
81100	0.00243	-125.627
81200	0.00243	-128.48
81300	0.00243	-144.025
81400	0.00243	-166.479
81500	0.00243	-146.127
81600	0.00243	-140.428
81700	0.00243	-143.563
81800	0.00243	-174.019
81900	0.00243	-137.298
82000	0.00243	-133.775
82100	0.00243	-147.044
82200	0.00243	-115.687
82300	0.00243	-140.115
82400	0.00243	-123.312
82500	0.00243	-131.153
82600	0.00243	-166.249
82700	0.00243	-131.597
82800	0.00243	-162.385
82900	0.00243	-124.083
83000	0.00243	-120.249
83100	0.00243	-153.939
83200	0.00243	-140.067
83300	0.00243	-145.916
83400	0.00243	-151.694
83500	0.00243	-146.684
83600	0.00243	-157.84
83700	0.00243	-126.631
83800	0.00243	-146.779
83900	0.00243	-130.993
84000	0.00243	-134.561
84100	0.00243	-142.269
84200	0.00243	-142.702
84300	0.00243	-113.739
84400	0.00243	-140.725
84500	0.00243	-127.556
84600	0.00243	-165.746
84700	0.00243	-114.064
84800	0.00243	-127.319
84900	0.00243	-138.699
85000	0.00243	-118.21
85100	0.00243	-163.391
85200	0.00243	-142.602
85300	0.00243	-131.613
85400	0.00243	-152.087
85500	0.00243	-158.613
85600	0.00243	-130.362
85700	0.00243	-147.195
85800	0.00243	-118.705
85900	0.00243	-129.601
86000	0.00243	-132.599
86100	0.00243	-137.547
86200	0.00243	-131.485
86300	0.00243	-127.424
86400	0.00243	-138.713
86500	0.00243	-126.401
86600	0.00243	-131.69
86700	0.00243	-145.463
86800	0.00243	-121.817
86900	0.00243	-120.066
87000	0.00243	-155.176
87100	0.00243	-153.214
87200	0.00243	-141.498
87300	0.00243	-143.065
87400	0.00243	-153.072
87500	0.00243	-124.648
87600	0.00243	-136.905
87700	0.00243	-176.114
87800	0.00243	-142.399
87900	0.00243	-152.714
88000	0.00243	-150.629
88100	0.00243	-131.257
88200	0.00243	-129.212
88300	0.00243	-133.752
88400	0.00243	-118.563
88500	0.00243	-130.464
88600	0.00243	-149.944
88700	0.00243	-127.552
88800	0.00243	-149.208
88900	0.00243	-135.127
89000	0.00243	-124.983
89100	0.00243	-148.626
89200	0.00243	-154.399
89300	0.00243	-104.496
89400	0.00243	-145.599
89500	0.00243	-157.58
89600	0.00243	-132.702
89700	0.00243	-153.956
89800	0.00243	-122.252
89900	0.00243	-144.312
90000	0.00243	-185.934
90100	0.00243	-128.618
90200	0.00243	-158.863
90300	0.00243	-174.002
90400	0.00243	-134.11
90500	0.00243	-112.427
90600	0.00243	-137.273
90700	0.00243	-137.137
90800	0.00243	-143.735
90900	0.00243	-146.499
91000	0.00243	-137.533
91100	0.00243	-151.751
91200	0.00243	-127.6
91300	0.00243	-153.075
91400	0.00243	-172.534
91500	0.00243	-124.254
91600	0.00243	-161.534
91700	0.00243	-142.634
91800	0.00243	-116.88
91900	0.00243	-141.802
92000	0.00243	-135.607
92100	0.00243	-130.629
92200	0.00243	-134.167
92300	0.00243	-117.923
92400	0.00243	-149.562
92500	0.00243	-132.035
92600	0.00243	-136.36
92700	0.00243	-127.283
92800	0.00243	-137.729
92900	0.00243	-140.326
93000	0.00243	-153.697
93100	0.00243	-167.029
93200	0.00243	-136.93
93300	0.00243	-135.386
93400	0.00243	-135.46
93500	0.00243	-174.486
93600	0.00243	-145.71
93700	0.00243	-147.116
93800	0.00243	-134.661
93900	0.00243	-140.358
94000	0.00243	-150.974
94100	0.00243	-134.749
94200	0.00243	-140.966
94300	0.00243	-143.784
94400	0.00243	-150.834
94500	0.00243	-167.615
94600	0.00243	-150.051
94700	0.00243	-129.32
94800	0.00243	-150.891
94900	0.00243	-153.454
95000	0.00243	-145.95
95100	0.00243	-127.416
95200	0.00243	-149.156
95300	0.00243	-125.336
95400	0.00243	-126.699
95500	0.00243	-133.885
95600	0.00243	-129.189
95700	0.00243	-134.333
95800	0.00243	-136.128
95900	0.00243	-142.154
96000	0.00243	-158.843
96100	0.00243	-129.534
96200	0.00243	-116.628
96300	0.00243	-140.918
96400	0.00243	-129.754
96500	0.00243	-169.288
96600	0.00243	-136.886
96700	0.00243	-124.368
96800	0.00243	-139.422
96900	0.00243	-164.226
97000	0.00243	-137.789
97100	0.00243	-138.156
97200	0.00243	-153.867
97300	0.00243	-131.108
97400	0.00243	-134.761
97500	0.00243	-145.488
97600	0.00243	-142.428
97700	0.00243	-128.94
97800	0.00243	-144.129
97900	0.00243	-124.663
98000	0.00243	-150.222
98100	0.00243	-135.555
98200	0.00243	-131.897
98300	0.00243	-145.333
98400	0.00243	-147.87
98500	0.00243	-112.467
98600	0.00243	-138.664
98700	0.00243	-176.73
98800	0.00243	-134.664
98900	0.00243	-148.066
99000	0.00243	-165.471
99100	0.00243	-152.661
99200	0.00243	-150.243
99300	0.00243	-168.528
99400	0.00243	-120.684
99500	0.00243	-135.39
99600	0.00243	-141.614
99700	0.00243	-153.839
99800	0.00243	-128.813
99900	0.00243	-146.474
100000	0.00243	-174.779
25100	0.00032	-134.563
25200	0.00032	-136.01
25300	0.00032	-161.735
25400	0.00032	-155.009
25500	0.00032	-145.738
25600	0.00032	-133.257
25700	0.00032	-141.719
25800	0.00032	-137.469
25900	0.00032	-147.19
26000	0.00032	-146.733
26100	0.00032	-125.706
26200	0.00032	-154.368
26300	0.00032	-166.303
26400	0.00032	-143.996
26500	0.00032	-135.695
26600	0.00032	-150.215
26700	0.00032	-115.858
26800	0.00032	-133.355
26900	0.00032	-137.989
27000	0.00032	-130.526
27100	0.00032	-128.427
27200	0.00032	-141.179
27300	0.00032	-160.857
27400	0.00032	-141.656
27500	0.00032	-173.647
27600	0.00032	-154.437
27700	0.00032	-124.442
27800	0.00032	-177.262
27900	0.00032	-146.331
28000	0.00032	-133.429
28100	0.00032	-118.975
28200	0.00032	-118.192
28300	0.00032	-128.851
28400	0.00032	-132.139
28500	0.00032	-139.936
28600	0.00032	-188.062
28700	0.00032	-150.338
28800	0.00032	-143.234
28900	0.00032	-149.968
29000	0.00032	-146.304
29100	0.00032	-124.588
29200	0.00032	-156.407
29300	0.00032	-156.168
29400	0.00032	-153.547
29500	0.00032	-150.91
29600	0.00032	-143.014
29700	0.00032	-141.484
29800	0.00032	-147.183
29900	0.00032	-134.944
30000	0.00032	-134.653
30100	0.00032	-148.595
30200	0.00032	-126.739
30300	0.00032	-134.541
30400	0.00032	-122.721
30500	0.00032	-144.688
30600	0.00032	-124.804
30700	0.00032	-138.429
30800	0.00032	-145.919
30900	0.00032	-167.927
31000	0.00032	-154.406
31100	0.00032	-153.426
31200	0.00032	-150.429
31300	0.00032	-128.813
31400	0.00032	-157.697
31500	0.00032	-124.676
31600	0.00032	-163.673
31700	0.00032	-148.122
31800	0.00032	-146.699
31900	0.00032	-158.425
32000	0.00032	-138.121
32100	0.00032	-157.549
32200	0.00032	-165.23
32300	0.00032	-153.674
32400	0.00032	-126.7
32500	0.00032	-149.511
32600	0.00032	-156.606
32700	0.00032	-143.705
32800	0.00032	-120.997
32900	0.00032	-137.263
33000	0.00032	-121.713
33100	0.00032	-154.383
33200	0.00032	-115.661
33300	0.00032	-141.474
33400	0.00032	-157.401
33500	0.00032	-124.195
33600	0.00032	-148.257
33700	0.00032	-164.982
33800	0.00032	-134.887
33900	0.00032	-174.854
34000	0.00032	-137.32
34100	0.00032	-125.885
34200	0.00032	-142.083
34300	0.00032	-140.691
34400	0.00032	-153.511
34500	0.00032	-132.082
34600	0.00032	-127.35
34700	0.00032	-140.124
34800	0.00032	-131.289
34900	0.00032	-136.932
35000	0.00032	-141.94
35100	0.00032	-130.05
35200	0.00032	-126.51
35300	0.00032	-176.396
35400	0.00032	-128.552
35500	0.00032	-158.404
35600	0.00032	-124.554
35700	0.00032	-113.008
35800	0.00032	-149.304
35900	0.00032	-144.146
36000	0.00032	-146.397
36100	0.00032	-148.646
36200	0.00032	-156.78
36300	0.00032	-162.152
36400	0.00032	-123.163
36500	0.00032	-127.001
36600	0.00032	-153.173
36700	0.00032	-104.275
36800	0.00032	-146.462
36900	0.00032	-135.9
37000	0.00032	-147.845
37100	0.00032	-147.861
37200	0.00032	-129.237
37300	0.00032	-154.646
37400	0.00032	-155.808
37500	0.00032	-117.062
37600	0.00032	-138.958
37700	0.00032	-165.074
37800	0.00032	-135.261
37900	0.00032	-148.103
38000	0.00032	-141.707
38100	0.00032	-145.837
38200	0.00032	-132.051
38300	0.00032	-117.974
38400	0.00032	-127.518
38500	0.00032	-139.189
38600	0.00032	-139.003
38700	0.00032	-157.678
38800	0.00032	-131.239
38900	0.00032	-147.984
39000	0.00032	-141.273
39100	0.00032	-152.717
39200	0.00032	-139.942
39300	0.00032	-142.632
39400	0.00032	-139.492
39500	0.00032	-135.529
39600	0.00032	-130.421
39700	0.00032	-170.539
39800	0.00032	-150.829
39900	0.00032	-143.56
40000	0.00032	-122.922
40100	0.00032	-162.049
40200	0.00032	-128.263
40300	0.00032	-114.974
40400	0.00032	-128.563
40500	0.00032	-172.071
40600	0.00032	-124.678
40700	0.00032	-135.497
40800	0.00032	-144.582
40900	0.00032	-150.725
41000	0.00032	-126.965
41100	0.00032	-154.4
41200	0.00032	-153.22
41300	0.00032	-120.369
41400	0.00032	-150.772
41500	0.00032	-148.494
41600	0.00032	-126.465
41700	0.00032	-158.282
41800	0.00032	-117.269
41900	0.00032	-174.621
42000	0.00032	-147.983
42100	0.00032	-138.11
42200	0.00032	-120.22
42300	0.00032	-130.099
42400	0.00032	-139.187
42500	0.00032	-120.392
42600	0.00032	-129.24
42700	0.00032	-122.646
42800	0.00032	-147.494
42900	0.00032	-127.502
43000	0.00032	-122.244
43100	0.00032	-154.569
43200	0.00032	-151.799
43300	0.00032	-148.831
43400	0.00032	-139.695
43500	0.00032	-131.653
43600	0.00032	-141.394
43700	0.00032	-149.327
43800	0.00032	-118.752
43900	0.00032	-169.502
44000	0.00032	-150.511
44100	0.00032	-153.121
44200	0.00032	-159.709
44300	0.00032	-142.466
44400	0.00032	-172.708
44500	0.00032	-108.043
44600	0.00032	-150.461
44700	0.00032	-135.364
44800	0.00032	-151.948
44900	0.00032	-119.647
45000	0.00032	-145.406
45100	0.00032	-134.008
45200	0.00032	-147.961
45300	0.00032	-141.258
45400	0.00032	-154.528
45500	0.00032	-140.069
45600	0.00032	-138.657
45700	0.00032	-146.389
45800	0.00032	-142.981
45900	0.00032	-138.02
46000	0.00032	-135.408
46100	0.00032	-150.96
46200	0.00032	-153.39
46300	0.00032	-139.88
46400	0.00032	-129.587
46500	0.00032	-141.421
46600	0.00032	-156.248
46700	0.00032	-126.83
46800	0.00032	-139.32
46900	0.00032	-132.753
47000	0.00032	-140.392
47100	0.00032	-126.632
47200	0.00032	-136.322
47300	0.00032	-151.774
47400	0.00032	-157.878
47500	0.00032	-140.192
47600	0.00032	-156.188
47700	0.00032	-123.118
47800	0.00032	-147.177
47900	0.00032	-160.98
48000	0.00032	-122.215
48100	0.00032	-130.865
48200	0.00032	-147.401
48300	0.00032	-151.251
48400	0.00032	-154.794
48500	0.00032	-129.445
48600	0.00032	-139.813
48700	0.00032	-193.092
48800	0.00032	-163.035
48900	0.00032	-140.095
49000	0.00032	-162.984
49100	0.00032	-145.56
49200	0.00032	-127.252
49300	0.00032	-131.609
49400	0.00032	-162.426
49500	0.00032	-168.645
49600	0.00032	-135.011
49700	0.00032	-129.58
49800	0.00032	-147.791
49900	0.00032	-137.256
50000	0.00032	-144.703
50100	0.00032	-164.877
50200	0.00032	-147.781
50300	0.00032	-170.563
50400	0.00032	-123.54
50500	0.00032	-114.317
50600	0.00032	-140.665
50700	0.00032	-151.668
50800	0.00032	-135.11
50900	0.00032	-138.51
51000	0.00032	-133.418
51100	0.00032	-156.962
51200	0.00032	-154.257
51300	0.00032	-135.556
51400	0.00032	-150.899
51500	0.00032	-138.692
51600	0.00032	-142.677
51700	0.00032	-179.906
51800	0.00032	-141.916
51900	0.00032	-145.845
52000	0.00032	-156.354
52100	0.00032	-140.077
52200	0.00032	-173.854
52300	0.00032	-137.981
52400	0.00032	-159.905
52500	0.00032	-142.451
52600	0.00032	-128.753
52700	0.00032	-115.244
52800	0.00032	-152.772
52900	0.00032	-138.971
53000	0.00032	-150.153
53100	0.00032	-134.077
53200	0.00032	-127.191
53300	0.00032	-156.432
53400	0.00032	-137.865
53500	0.00032	-138.423
53600	0.00032	-159.132
53700	0.00032	-179.929
53800	0.00032	-129.739
53900	0.00032	-143.123
54000	0.00032	-151.559
54100	0.00032	-132.426
54200	0.00032	-129.471
54300	0.00032	-143.951
54400	0.00032	-134.068
54500	0.00032	-147.655
54600	0.00032	-152.831
54700	0.00032	-145.697
54800	0.00032	-133.619
54900	0.00032	-127.083
55000	0.00032	-137.319
55100	0.00032	-133.314
55200	0.00032	-150.945
55300	0.00032	-143.891
55400	0.00032	-150.095
55500	0.00032	-131.649
55600	0.00032	-132.972
55700	0.00032	-142.252
55800	0.00032	-123.333
55900	0.00032	-145.444
56000	0.00032	-138.027
56100	0.00032	-137.342
56200	0.00032	-121.467
56300	0.00032	-130.978
56400	0.00032	-173.971
56500	0.00032	-136.764
56600	0.00032	-154.117
56700	0.00032	-150.463
56800	0.00032	-159.365
56900	0.00032	-123.639
57000	0.00032	-130.425
57100	0.00032	-139.254
57200	0.00032	-148.888
57300	0.00032	-139.034
57400	0.00032	-155.365
57500	0.00032	-124.246
57600	0.00032	-142.438
57700	0.00032	-140.704
57800	0.00032	-106.191
57900	0.00032	-153.763
58000	0.00032	-122.708
58100	0.00032	-143.623
58200	0.00032	-201.377
58300	0.00032	-138.042
58400	0.00032	-133.307
58500	0.00032	-177.604
58600	0.00032	-154.19
58700	0.00032	-142.503
58800	0.00032	-137.181
58900	0.00032	-113.619
59000	0.00032	-126.468
59100	0.00032	-122.459
59200	0.00032	-151.102
59300	0.00032	-126.495
59400	0.00032	-144.905
59500	0.00032	-149.477
59600	0.00032	-157.435
59700	0.00032	-121.937
59800	0.00032	-126.435
59900	0.00032	-167.316
60000	0.00032	-142.666
60100	0.00032	-146.407
60200	0.00032	-122.543
60300	0.00032	-119.369
60400	0.00032	-121.83
60500	0.00032	-151.632
60600	0.00032	-125
60700	0.00032	-161.536
60800	0.00032	-120.925
60900	0.00032	-169.671
61000	0.00032	-162.363
61100	0.00032	-127.708
61200	0.00032	-148.44
61300	0.00032	-147.487
61400	0.00032	-147.416
61500	0.00032	-137.791
61600	0.00032	-135.947
61700	0.00032	-131.603
61800	0.00032	-179.752
61900	0.00032	-177.007
62000	0.00032	-180.158
62100	0.00032	-141.857
62200	0.00032	-140.193
62300	0.00032	-115.899
62400	0.00032	-136.556
62500	0.00032	-141.172
62600	0.00032	-151.193
62700	0.00032	-138.819
62800	0.00032	-123.609
62900	0.00032	-130.515
63000	0.00032	-146.223
63100	0.00032	-144.055
63200	0.00032	-139.309
63300	0.00032	-130.073
63400	0.00032	-126.79
63500	0.00032	-135.454
63600	0.00032	-129.332
63700	0.00032	-150.538
63800	0.00032	-138.717
63900	0.00032	-144.641
64000	0.00032	-135.123
64100	0.00032	-134.969
64200	0.00032	-137.342
64300	0.00032	-151.243
64400	0.00032	-158.806
64500	0.00032	-134.099
64600	0.00032	-112.42
64700	0.00032	-145.482
64800	0.00032	-128.679
64900	0.00032	-127.44
65000	0.00032	-135.539
65100	0.00032	-137.551
65200	0.00032	-123.803
65300	0.00032	-113.405
65400	0.00032	-163.497
65500	0.00032	-143.298
65600	0.00032	-140.722
65700	0.00032	-151.365
65800	0.00032	-134.367
65900	0.00032	-126.655
66000	0.00032	-120.375
66100	0.00032	-142.808
66200	0.00032	-146.55
66300	0.00032	-159.73
66400	0.00032	-134.445
66500	0.00032	-133.364
66600	0.00032	-133.574
66700	0.00032	-140.046
66800	0.00032	-141.83
66900	0.00032	-131.733
67000	0.00032	-128.729
67100	0.00032	-158.313
67200	0.00032	-147.593
67300	0.00032	-136.623
67400	0.00032	-144.163
67500	0.00032	-167.161
67600	0.00032	-147.116
67700	0.00032	-165.404
67800	0.00032	-145.679
67900	0.00032	-162.587
68000	0.00032	-149.422
68100	0.00032	-135.204
68200	0.00032	-114.005
68300	0.00032	-132.098
68400	0.00032	-128.728
68500	0.00032	-142.27
68600	0.00032	-191.051
68700	0.00032	-108.778
68800	0.00032	-128.736
68900	0.00032	-141.711
69000	0.00032	-138.892
69100	0.00032	-173.601
69200	0.00032	-122.89
69300	0.00032	-152.13
69400	0.00032	-138.568
69500	0.00032	-142.267
69600	0.00032	-127.246
69700	0.00032	-119.957
69800	0.00032	-129.426
69900	0.00032	-143.828
70000	0.00032	-163.438
70100	0.00032	-130.77
70200	0.00032	-142.133
70300	0.00032	-166.671
70400	0.00032	-138.755
70500	0.00032	-174.407
70600	0.00032	-130.423
70700	0.00032	-133.494
70800	0.00032	-149.455
70900	0.00032	-134.014
71000	0.00032	-132.082
71100	0.00032	-147.404
71200	0.00032	-168.807
71300	0.00032	-128.003
71400	0.00032	-141.785
71500	0.00032	-146.943
71600	0.00032	-155.805
71700	0.00032	-122.537
71800	0.00032	-181.639
71900	0.00032	-143.915
72000	0.00032	-182.023
72100	0.00032	-155.012
72200	0.00032	-145.115
72300	0.00032	-132.926
72400	0.00032	-152.589
72500	0.00032	-140.086
72600	0.00032	-115.498
72700	0.00032	-129.119
72800	0.00032	-137.154
72900	0.00032	-124.335
73000	0.00032	-133.674
73100	0.00032	-115.544
73200	0.00032	-117.379
73300	0.00032	-127.523
73400	0.00032	-156.712
73500	0.00032	-129.732
73600	0.00032	-135.643
73700	0.00032	-155.84
73800	0.00032	-135.542
73900	0.00032	-120.321
74000	0.00032	-151.547
74100	0.00032	-157.179
74200	0.00032	-160.502
74300	0.00032	-145.106
74400	0.00032	-149.268
74500	0.00032	-147.367
74600	0.00032	-149.05
74700	0.00032	-122.596
74800	0.00032	-120.637
74900	0.00032	-135.318
75000	0.00032	-125.974
75100	0.00032	-145.111
75200	0.00032	-139.582
75300	0.00032	-133.699
75400	0.00032	-164.443
75500	0.00032	-170.065
75600	0.00032	-146.778
75700	0.00032	-158.891
75800	0.00032	-124.519
75900	0.00032	-162.324
76000	0.00032	-106.737
76100	0.00032	-125.488
76200	0.00032	-155.024
76300	0.00032	-126.726
76400	0.00032	-168.312
76500	0.00032	-184.202
76600	0.00032	-129.417
76700	0.00032	-168.28
76800	0.00032	-120.139
76900	0.00032	-160.069
77000	0.00032	-134.012
77100	0.00032	-128.245
77200	0.00032	-142.206
77300	0.00032	-137.754
77400	0.00032	-147.506
77500	0.00032	-133.088
77600	0.00032	-150.486
77700	0.00032	-127.473
77800	0.00032	-159.784
77900	0.00032	-129.039
78000	0.00032	-127.677
78100	0.00032	-165.242
78200	0.00032	-147.719
78300	0.00032	-131.878
78400	0.00032	-125.989
78500	0.00032	-131.603
78600	0.00032	-159.569
78700	0.00032	-160.035
78800	0.00032	-143.058
78900	0.00032	-155.678
79000	0.00032	-106.989
79100	0.00032	-136.616
79200	0.00032	-148.467
79300	0.00032	-140.401
79400	0.00032	-134.311
79500	0.00032	-148.283
79600	0.00032	-122.37
79700	0.00032	-158.559
79800	0.00032	-155.701
79900	0.00032	-163.242
80000	0.00032	-146.549
80100	0.00032	-139.563
80200	0.00032	-161.454
80300	0.00032	-159.947
80400	0.00032	-144.55
80500	0.00032	-176.43
80600	0.00032	-143.534
80700	0.00032	-148.781
80800	0.00032	-140.418
80900	0.00032	-126.843
81000	0.00032	-153.397
81100	0.00032	-153.495
81200	0.00032	-142.468
81300	0.00032	-132.636
81400	0.00032	-125.371
81500	0.00032	-123.844
81600	0.00032	-128.19
81700	0.00032	-231.516
81800	0.00032	-120.698
81900	0.00032	-147.807
82000	0.00032	-135.854
82100	0.00032	-152.294
82200	0.00032	-164.489
82300	0.00032	-130.47
82400	0.00032	-162.426
82500	0.00032	-169.989
82600	0.00032	-167.377
82700	0.00032	-124.415
82800	0.00032	-139.864
82900	0.00032	-131.569
83000	0.00032	-150.973
83100	0.00032	-137.203
83200	0.00032	-139.276
83300	0.00032	-158.751
83400	0.00032	-151.33
83500	0.00032	-149.438
83600	0.00032	-114.779
83700	0.00032	-167.022
83800	0.00032	-167.636
83900	0.00032	-145.741
84000	0.00032	-152.261
84100	0.00032	-140.788
84200	0.00032	-143.04
84300	0.00032	-129.017
84400	0.00032	-141.682
84500	0.00032	-187.304
84600	0.00032	-144.577
84700	0.00032	-139.032
84800	0.00032	-150.631
84900	0.00032	-132.71
85000	0.00032	-158.821
85100	0.00032	-152.72
85200	0.00032	-138.55
85300	0.00032	-120.289
85400	0.00032	-137.802
85500	0.00032	-154.034
85600	0.00032	-139.592
85700	0.00032	-154.451
85800	0.00032	-140.184
85900	0.00032	-149.275
86000	0.00032	-144.217
86100	0.00032	-132.602
86200	0.00032	-163.257
86300	0.00032	-142.611
86400	0.00032	-156.665
86500	0.00032	-118.81
86600	0.00032	-156.514
86700	0.00032	-160.558
86800	0.00032	-134.773
86900	0.00032	-139.068
87000	0.00032	-158.52
87100	0.00032	-139.697
87200	0.00032	-122.85
87300	0.00032	-172.802
87400	0.00032	-131.233
87500	0.00032	-157.824
87600	0.00032	-145.335
87700	0.00032	-159.055
87800	0.00032	-132.609
87900	0.00032	-145.203
88000	0.00032	-118.079
88100	0.00032	-150.266
88200	0.00032	-168.124
88300	0.00032	-125.684
88400	0.00032	-202.897
88500	0.00032	-132.546
88600	0.00032	-133.679
88700	0.00032	-140.593
88800	0.00032	-151.794
88900	0.00032	-145.89
89000	0.00032	-138.973
89100	0.00032	-125.593
89200	0.00032	-140.979
89300	0.00032	-152.029
89400	0.00032	-118.132
89500	0.00032	-169.943
89600	0.00032	-149.397
89700	0.00032	-133.016
89800	0.00032	-167.858
89900	0.00032	-124.286
90000	0.00032	-153.431
90100	0.00032	-152.536
90200	0.00032	-138.413
90300	0.00032	-157.611
90400	0.00032	-117.671
90500	0.00032	-131.661
90600	0.00032	-140.472
90700	0.00032	-155.856
90800	0.00032	-146.278
90900	0.00032	-152.531
91000	0.00032	-123.936
91100	0.00032	-144.667
91200	0.00032	-144.47
91300	0.00032	-149.516
91400	0.00032	-113.086
91500	0.00032	-134.646
91600	0.00032	-134.594
91700	0.00032	-123.715
91800	0.00032	-143.439
91900	0.00032	-168.086
92000	0.00032	-136.912
92100	0.00032	-140.002
92200	0.00032	-164.559
92300	0.00032	-133.269
92400	0.00032	-148.756
92500	0.00032	-179.956
92600	0.00032	-153.786
92700	0.00032	-149.592
92800	0.00032	-157.839
92900	0.00032	-125.935
93000	0.00032	-148.565
93100	0.00032	-139.057
93200	0.00032	-152.953
93300	0.00032	-167.957
93400	0.00032	-143.122
93500	0.00032	-133.015
93600	0.00032	-135.313
93700	0.00032	-151.206
93800	0.00032	-127.164
93900	0.00032	-124.8
94000	0.00032	-161.732
94100	0.00032	-124.744
94200	0.00032	-113.181
94300	0.00032	-174.324
94400	0.00032	-144.144
94500	0.00032	-148.298
94600	0.00032	-127.275
94700	0.00032	-164.741
94800	0.00032	-175.239
94900	0.00032	-164.951
95000	0.00032	-144.525
95100	0.00032	-168.331
95200	0.00032	-150.13
95300	0.00032	-159.185
95400	0.00032	-129.736
95500	0.00032	-126.984
95600	0.00032	-138.09
95700	0.00032	-140.861
95800	0.00032	-138.449
95900	0.00032	-143.682
96000	0.00032	-157.769
96100	0.00032	-137.333
96200	0.00032	-169.817
96300	0.00032	-143.192
96400	0.00032	-154.975
96500	0.00032	-163.367
96600	0.00032	-140.943
96700	0.00032	-130.956
96800	0.00032	-149.096
96900	0.00032	-129.631
97000	0.00032	-149.426
97100	0.00032	-151.003
97200	0.00032	-138.717
97300	0.00032	-140.991
97400	0.00032	-193.61
97500	0.00032	-114.059
97600	0.00032	-131.554
97700	0.00032	-139.807
97800	0.00032	-134.335
97900	0.00032	-128.815
98000	0.00032	-146.683
98100	0.00032	-137.312
98200	0.00032	-135.591
98300	0.00032	-122.54
98400	0.00032	-127.605
98500	0.00032	-159.894
98600	0.00032	-149.512
98700	0.00032	-139.716
98800	0.00032	-153.801
98900	0.00032	-177.591
99000	0.00032	-143.519
99100	0.00032	-118.177
99200	0.00032	-163.772
99300	0.00032	-157.457
99400	0.00032	-157.362
99500	0.00032	-149.941
99600	0.00032	-152.647
99700	0.00032	-161.928
99800	0.00032	-160.412
99900	0.00032	-123.388
100000	0.00032	-138.455
25100	1e-05	-131.993
25200	1e-05	-148.49
25300	1e-05	-130.659
25400	1e-05	-153.939
25500	1e-05	-139.746
25600	1e-05	-122.28
25700	1e-05	-134.028
25800	1e-05	-146.559
25900	1e-05	-129.811
26000	1e-05	-120.346
26100	1e-05	-140.986
26200	1e-05	-164.699
26300	1e-05	-130.998
26400	1e-05	-141.549
26500	1e-05	-155.981
26600	1e-05	-135.157
26700	1e-05	-138.679
26800	1e-05	-135.242
26900	1e-05	-152.293
27000	1e-05	-134.129
27100	1e-05	-154.429
27200	1e-05	-149.134
27300	1e-05	-152.353
27400	1e-05	-157.757
27500	1e-05	-124.353
27600	1e-05	-143.895
27700	1e-05	-179.108
27800	1e-05	-136.766
27900	1e-05	-119.013
28000	1e-05	-151.694
28100	1e-05	-152.348
28200	1e-05	-117.136
28300	1e-05	-142.941
28400	1e-05	-151.878
28500	1e-05	-142.739
28600	1e-05	-119.879
28700	1e-05	-126.646
28800	1e-05	-165.106
28900	1e-05	-152.909
29000	1e-05	-133.44
29100	1e-05	-111.801
29200	1e-05	-137.169
29300	1e-05	-144.908
29400	1e-05	-153.531
29500	1e-05	-154.198
29600	1e-05	-122.752
29700	1e-05	-149.074
29800	1e-05	-117.623
29900	1e-05	-152.946
30000	1e-05	-131.752
30100	1e-05	-156.224
30200	1e-05	-149.34
30300	1e-05	-140.957
30400	1e-05	-152.557
30500	1e-05	-119.276
30600	1e-05	-151.765
30700	1e-05	-144.614
30800	1e-05	-127.372
30900	1e-05	-143.966
31000	1e-05	-131.467
31100	1e-05	-119.025
31200	1e-05	-130.812
31300	1e-05	-142.134
31400	1e-05	-149.649
31500	1e-05	-154.524
31600	1e-05	-145.899
31700	1e-05	-149.42
31800	1e-05	-129.396
31900	1e-05	-145.42
32000	1e-05	-162.866
32100	1e-05	-138.448
32200	1e-05	-141.517
32300	1e-05	-166.874
32400	1e-05	-138.708
32500	1e-05	-121.852
32600	1e-05	-136.528
32700	1e-05	-131.24
32800	1e-05	-206.826
32900	1e-05	-130.421
33000	1e-05	-154.439
33100	1e-05	-138.097
33200	1e-05	-152.716
33300	1e-05	-134.09
33400	1e-05	-134.132
33500	1e-05	-120.48
33600	1e-05	-127.621
33700	1e-05	-140.675
33800	1e-05	-174.339
33900	1e-05	-137.633
34000	1e-05	-146.065
34100	1e-05	-153.061
34200	1e-05	-125.158
34300	1e-05	-121.699
34400	1e-05	-143.204
34500	1e-05	-127.954
34600	1e-05	-153.72
34700	1e-05	-163.214
34800	1e-05	-128.162
34900	1e-05	-129.584
35000	1e-05	-151.062
35100	1e-05	-159.731
35200	1e-05	-149.879
35300	1e-05	-153.187
35400	1e-05	-150.741
35500	1e-05	-114.983
35600	1e-05	-121.151
35700	1e-05	-142.031
35800	1e-05	-140.766
35900	1e-05	-114.997
36000	1e-05	-158.041
36100	1e-05	-135.021
36200	1e-05	-125.946
36300	1e-05	-161.829
36400	1e-05	-139.157
36500	1e-05	-149.187
36600	1e-05	-186.55
36700	1e-05	-134.437
36800	1e-05	-155.126
36900	1e-05	-152.137
37000	1e-05	-143.811
37100	1e-05	-147.929
37200	1e-05	-154.462
37300	1e-05	-144.713
37400	1e-05	-135.184
37500	1e-05	-127.03
37600	1e-05	-135.574
37700	1e-05	-167.475
37800	1e-05	-131.058
37900	1e-05	-152.701
38000	1e-05	-124.789
38100	1e-05	-140.598
38200	1e-05	-162.233
38300	1e-05	-144.589
38400	1e-05	-135.707
38500	1e-05	-144.814
38600	1e-05	-166.442
38700	1e-05	-155.972
38800	1e-05	-139.584
38900	1e-05	-148.935
39000	1e-05	-137.325
39100	1e-05	-126.623
39200	1e-05	-147.453
39300	1e-05	-126.567
39400	1e-05	-123.45
39500	1e-05	-127.375
39600	1e-05	-146.126
39700	1e-05	-164.448
39800	1e-05	-124.021
39900	1e-05	-133.361
40000	1e-05	-115.605
40100	1e-05	-124.343
40200	1e-05	-166.18
40300	1e-05	-145.891
40400	1e-05	-128.143
40500	1e-05	-131.723
40600	1e-05	-127.349
40700	1e-05	-121.726
40800	1e-05	-146.114
40900	1e-05	-151.486
41000	1e-05	-143.783
41100	1e-05	-140.566
41200	1e-05	-144.451
41300	1e-05	-157.937
41400	1e-05	-134.576
41500	1e-05	-128.12
41600	1e-05	-145.516
41700	1e-05	-129.727
41800	1e-05	-118.409
41900	1e-05	-126.254
42000	1e-05	-146.914
42100	1e-05	-131.757
42200	1e-05	-151.008
42300	1e-05	-145.92
42400	1e-05	-145.97
42500	1e-05	-144.867
42600	1e-05	-134.908
42700	1e-05	-154.003
42800	1e-05	-165.677
42900	1e-05	-95.8991
43000	1e-05	-133.361
43100	1e-05	-114.426
43200	1e-05	-128.065
43300	1e-05	-153.295
43400	1e-05	-124.706
43500	1e-05	-151.828
43600	1e-05	-138.052
43700	1e-05	-123.792
43800	1e-05	-114.746
43900	1e-05	-143.839
44000	1e-05	-165.116
44100	1e-05	-142.632
44200	1e-05	-138.366
44300	1e-05	-148.215
44400	1e-05	-138.873
44500	1e-05	-133.98
44600	1e-05	-151.693
44700	1e-05	-137.158
44800	1e-05	-131.85
44900	1e-05	-129.009
45000	1e-05	-163.573
45100	1e-05	-129.734
45200	1e-05	-146.538
45300	1e-05	-122.051
45400	1e-05	-141.203
45500	1e-05	-170.225
45600	1e-05	-126.869
45700	1e-05	-132.741
45800	1e-05	-115.871
45900	1e-05	-123.521
46000	1e-05	-132.712
46100	1e-05	-140.958
46200	1e-05	-153.025
46300	1e-05	-146.377
46400	1e-05	-124.875
46500	1e-05	-148.232
46600	1e-05	-138.64
46700	1e-05	-162.267
46800	1e-05	-125.559
46900	1e-05	-156.928
47000	1e-05	-134.757
47100	1e-05	-136.831
47200	1e-05	-142.358
47300	1e-05	-115.317
47400	1e-05	-156.811
47500	1e-05	-135.609
47600	1e-05	-119.489
47700	1e-05	-134.824
47800	1e-05	-131.975
47900	1e-05	-144.203
48000	1e-05	-130.942
48100	1e-05	-159.216
48200	1e-05	-135.686
48300	1e-05	-149.74
48400	1e-05	-150.691
48500	1e-05	-125.231
48600	1e-05	-143.152
48700	1e-05	-155.163
48800	1e-05	-136.934
48900	1e-05	-160.282
49000	1e-05	-137.907
49100	1e-05	-126.121
49200	1e-05	-131.144
49300	1e-05	-132.241
49400	1e-05	-149.776
49500	1e-05	-121.674
49600	1e-05	-124.876
49700	1e-05	-145.479
49800	1e-05	-141.083
49900	1e-05	-119.82
50000	1e-05	-155.95
50100	1e-05	-136.668
50200	1e-05	-152.755
50300	1e-05	-156.441
50400	1e-05	-145.175
50500	1e-05	-177.01
50600	1e-05	-149.672
50700	1e-05	-162.307
50800	1e-05	-136.639
50900	1e-05	-146.672
51000	1e-05	-159.889
51100	1e-05	-132.459
51200	1e-05	-124.908
51300	1e-05	-148.024
51400	1e-05	-154.364
51500	1e-05	-124.181
51600	1e-05	-132.465
51700	1e-05	-139.31
51800	1e-05	-127.944
51900	1e-05	-135.151
52000	1e-05	-142.207
52100	1e-05	-163.28
52200	1e-05	-141.229
52300	1e-05	-141.983
52400	1e-05	-136.686
52500	1e-05	-125.035
52600	1e-05	-130.025
52700	1e-05	-125.818
52800	1e-05	-193.929
52900	1e-05	-137.518
53000	1e-05	-153.194
53100	1e-05	-139.562
53200	1e-05	-155.054
53300	1e-05	-139.571
53400	1e-05	-134.16
53500	1e-05	-153.063
53600	1e-05	-179.473
53700	1e-05	-124.628
53800	1e-05	-128.916
53900	1e-05	-120.604
54000	1e-05	-149.298
54100	1e-05	-163.954
54200	1e-05	-120.961
54300	1e-05	-164.761
54400	1e-05	-147.838
54500	1e-05	-142.709
54600	1e-05	-139.949
54700	1e-05	-132.342
54800	1e-05	-148.221
54900	1e-05	-121.193
55000	1e-05	-150.867
55100	1e-05	-130.964
55200	1e-05	-136.517
55300	1e-05	-161.003
55400	1e-05	-138.35
55500	1e-05	-152.915
55600	1e-05	-144.519
55700	1e-05	-139.361
55800	1e-05	-153.5
55900	1e-05	-119.783
56000	1e-05	-143.844
56100	1e-05	-161.996
56200	1e-05	-151.008
56300	1e-05	-142.715
56400	1e-05	-149.545
56500	1e-05	-120.005
56600	1e-05	-133.738
56700	1e-05	-138.132
56800	1e-05	-160.733
56900	1e-05	-128.766
57000	1e-05	-133.597
57100	1e-05	-149.759
57200	1e-05	-170.399
57300	1e-05	-167.643
57400	1e-05	-162.035
57500	1e-05	-139.923
57600	1e-05	-131.104
57700	1e-05	-149.41
57800	1e-05	-168.043
57900	1e-05	-122.47
58000	1e-05	-150.737
58100	1e-05	-172.461
58200	1e-05	-130.583
58300	1e-05	-154.989
58400	1e-05	-140.537
58500	1e-05	-183.673
58600	1e-05	-132.953
58700	1e-05	-159.881
58800	1e-05	-145.549
58900	1e-05	-147.998
59000	1e-05	-123.473
59100	1e-05	-137.853
59200	1e-05	-129.129
59300	1e-05	-123.046
59400	1e-05	-158.464
59500	1e-05	-142.621
59600	1e-05	-136.114
59700	1e-05	-153.732
59800	1e-05	-135.372
59900	1e-05	-126.208
60000	1e-05	-144.99
60100	1e-05	-142.939
60200	1e-05	-140.94
60300	1e-05	-147.218
60400	1e-05	-150.108
60500	1e-05	-150.864
60600	1e-05	-126.615
60700	1e-05	-151.979
60800	1e-05	-167.7
60900	1e-05	-125.509
61000	1e-05	-120.479
61100	1e-05	-127.153
61200	1e-05	-148.439
61300	1e-05	-159.656
61400	1e-05	-115.619
61500	1e-05	-128.933
61600	1e-05	-141.66
61700	1e-05	-126.699
61800	1e-05	-151.967
61900	1e-05	-142.159
62000	1e-05	-131.435
62100	1e-05	-133.03
62200	1e-05	-122.815
62300	1e-05	-132.474
62400	1e-05	-142.546
62500	1e-05	-142.893
62600	1e-05	-161.621
62700	1e-05	-127.981
62800	1e-05	-114.841
62900	1e-05	-151.323
63000	1e-05	-141.803
63100	1e-05	-147.926
63200	1e-05	-136.393
63300	1e-05	-138.078
63400	1e-05	-146.289
63500	1e-05	-144.02
63600	1e-05	-123.732
63700	1e-05	-124.62
63800	1e-05	-146.58
63900	1e-05	-175.322
64000	1e-05	-141.659
64100	1e-05	-138.67
64200	1e-05	-179.598
64300	1e-05	-134.947
64400	1e-05	-151.918
64500	1e-05	-120.77
64600	1e-05	-141.361
64700	1e-05	-138.996
64800	1e-05	-194.739
64900	1e-05	-138.231
65000	1e-05	-161.249
65100	1e-05	-137.197
65200	1e-05	-143.445
65300	1e-05	-132.249
65400	1e-05	-154.061
65500	1e-05	-141.638
65600	1e-05	-152.237
65700	1e-05	-123.175
65800	1e-05	-120.14
65900	1e-05	-148.057
66000	1e-05	-139.87
66100	1e-05	-142.343
66200	1e-05	-139.015
66300	1e-05	-149.828
66400	1e-05	-131.999
66500	1e-05	-147.911
66600	1e-05	-150.497
66700	1e-05	-174.308
66800	1e-05	-119.505
66900	1e-05	-128.53
67000	1e-05	-131.705
67100	1e-05	-139.93
67200	1e-05	-145.877
67300	1e-05	-122.455
67400	1e-05	-132.791
67500	1e-05	-154.172
67600	1e-05	-154.428
67700	1e-05	-173.813
67800	1e-05	-133.239
67900	1e-05	-133.816
68000	1e-05	-191.712
68100	1e-05	-156.536
68200	1e-05	-176.071
68300	1e-05	-131.623
68400	1e-05	-155.84
68500	1e-05	-140.323
68600	1e-05	-158.899
68700	1e-05	-137.558
68800	1e-05	-132.487
68900	1e-05	-129.921
69000	1e-05	-136.351
69100	1e-05	-143.075
69200	1e-05	-137.2
69300	1e-05	-122.589
69400	1e-05	-124.741
69500	1e-05	-135.859
69600	1e-05	-136.894
69700	1e-05	-140.196
69800	1e-05	-132.732
69900	1e-05	-149.254
70000	1e-05	-158.917
70100	1e-05	-174.294
70200	1e-05	-148.047
70300	1e-05	-134.922
70400	1e-05	-160.652
70500	1e-05	-124.751
70600	1e-05	-149.88
70700	1e-05	-143.322
70800	1e-05	-148.322
70900	1e-05	-152.331
71000	1e-05	-149.97
71100	1e-05	-126.236
71200	1e-05	-161.853
71300	1e-05	-153.023
71400	1e-05	-132.498
71500	1e-05	-123.575
71600	1e-05	-155.108
71700	1e-05	-168.746
71800	1e-05	-123.094
71900	1e-05	-126.893
72000	1e-05	-136.871
72100	1e-05	-114.433
72200	1e-05	-139.832
72300	1e-05	-140.789
72400	1e-05	-133.785
72500	1e-05	-166.054
72600	1e-05	-163.472
72700	1e-05	-136.738
72800	1e-05	-140.396
72900	1e-05	-137.68
73000	1e-05	-124.893
73100	1e-05	-173.592
73200	1e-05	-139.175
73300	1e-05	-142.192
73400	1e-05	-145.415
73500	1e-05	-143.579
73600	1e-05	-114.835
73700	1e-05	-131.401
73800	1e-05	-141.665
73900	1e-05	-146.212
74000	1e-05	-125.218
74100	1e-05	-143.448
74200	1e-05	-135.245
74300	1e-05	-120.918
74400	1e-05	-139.397
74500	1e-05	-119.578
74600	1e-05	-146.431
74700	1e-05	-129.43
74800	1e-05	-141.382
74900	1e-05	-130.21
75000	1e-05	-132.984
75100	1e-05	-138.368
75200	1e-05	-156.048
75300	1e-05	-130.588
75400	1e-05	-146.704
75500	1e-05	-187.183
75600	1e-05	-141.437
75700	1e-05	-141.266
75800	1e-05	-134.455
75900	1e-05	-129.252
76000	1e-05	-156.949
76100	1e-05	-154.871
76200	1e-05	-137.915
76300	1e-05	-190.484
76400	1e-05	-133.803
76500	1e-05	-143.933
76600	1e-05	-138.122
76700	1e-05	-144.735
76800	1e-05	-135.312
76900	1e-05	-149.52
77000	1e-05	-134.93
77100	1e-05	-127.107
77200	1e-05	-144.849
77300	1e-05	-125.84
77400	1e-05	-151.728
77500	1e-05	-127.866
77600	1e-05	-123.895
77700	1e-05	-140.316
77800	1e-05	-132.81
77900	1e-05	-140.916
78000	1e-05	-153.3
78100	1e-05	-133.411
78200	1e-05	-150
78300	1e-05	-128.046
78400	1e-05	-148.023
78500	1e-05	-157.304
78600	1e-05	-157.738
78700	1e-05	-141.732
78800	1e-05	-138.394
78900	1e-05	-145.327
79000	1e-05	-118.767
79100	1e-05	-117.07
79200	1e-05	-123.778
79300	1e-05	-153.717
79400	1e-05	-115.435
79500	1e-05	-154.487
79600	1e-05	-145.395
79700	1e-05	-129.208
79800	1e-05	-155.079
79900	1e-05	-153.395
80000	1e-05	-127.194
80100	1e-05	-126.821
80200	1e-05	-134.073
80300	1e-05	-134.368
80400	1e-05	-144.596
80500	1e-05	-111.375
80600	1e-05	-161.93
80700	1e-05	-118.374
80800	1e-05	-145.778
80900	1e-05	-164.978
81000	1e-05	-159.397
81100	1e-05	-127.644
81200	1e-05	-126.6
81300	1e-05	-131.103
81400	1e-05	-134.038
81500	1e-05	-112.29
81600	1e-05	-127.48
81700	1e-05	-131.484
81800	1e-05	-155.704
81900	1e-05	-138.363
82000	1e-05	-161.865
82100	1e-05	-135.814
82200	1e-05	-146.152
82300	1e-05	-123.446
82400	1e-05	-135.589
82500	1e-05	-140.863
82600	1e-05	-147.867
82700	1e-05	-131.619
82800	1e-05	-151.072
82900	1e-05	-150.393
83000	1e-05	-127.99
83100	1e-05	-148.134
83200	1e-05	-133.734
83300	1e-05	-155.737
83400	1e-05	-128.819
83500	1e-05	-158.447
83600	1e-05	-106.333
83700	1e-05	-149.141
83800	1e-05	-134.284
83900	1e-05	-158.58
84000	1e-05	-166.582
84100	1e-05	-141.42
84200	1e-05	-139.754
84300	1e-05	-155.508
84400	1e-05	-121.514
84500	1e-05	-155.015
84600	1e-05	-149.641
84700	1e-05	-165.294
84800	1e-05	-122.952
84900	1e-05	-152.568
85000	1e-05	-148.719
85100	1e-05	-137.632
85200	1e-05	-135.255
85300	1e-05	-128.78
85400	1e-05	-150.608
85500	1e-05	-135.769
85600	1e-05	-124.164
85700	1e-05	-153.261
85800	1e-05	-151.318
85900	1e-05	-147.735
86000	1e-05	-120.12
86100	1e-05	-139.271
86200	1e-05	-158.548
86300	1e-05	-129.134
86400	1e-05	-145.398
86500	1e-05	-132.856
86600	1e-05	-142.723
86700	1e-05	-153.286
86800	1e-05	-117.39
86900	1e-05	-136.117
87000	1e-05	-122.386
87100	1e-05	-126.646
87200	1e-05	-140.375
87300	1e-05	-130.739
87400	1e-05	-144.367
87500	1e-05	-146.906
87600	1e-05	-142.325
87700	1e-05	-153.259
87800	1e-05	-187.617
87900	1e-05	-154.956
88000	1e-05	-151.825
88100	1e-05	-134.306
88200	1e-05	-138.367
88300	1e-05	-130.456
88400	1e-05	-162.402
88500	1e-05	-140.502
88600	1e-05	-155.566
88700	1e-05	-160.897
88800	1e-05	-128.434
88900	1e-05	-145.025
89000	1e-05	-160.29
89100	1e-05	-194.482
89200	1e-05	-140.842
89300	1e-05	-158.133
89400	1e-05	-132.112
89500	1e-05	-170.451
89600	1e-05	-129.141
89700	1e-05	-163.63
89800	1e-05	-132.383
89900	1e-05	-123.695
90000	1e-05	-148.038
90100	1e-05	-128.88
90200	1e-05	-138.978
90300	1e-05	-155.885
90400	1e-05	-148.643
90500	1e-05	-153.444
90600	1e-05	-173.679
90700	1e-05	-162.232
90800	1e-05	-146.215
90900	1e-05	-139.584
91000	1e-05	-161.569
91100	1e-05	-141.338
91200	1e-05	-116.909
91300	1e-05	-157.123
91400	1e-05	-177.976
91500	1e-05	-142.552
91600	1e-05	-141.908
91700	1e-05	-149.392
91800	1e-05	-124.97
91900	1e-05	-126.949
92000	1e-05	-128.398
92100	1e-05	-165.354
92200	1e-05	-131.417
92300	1e-05	-157.459
92400	1e-05	-143.652
92500	1e-05	-164.208
92600	1e-05	-139.056
92700	1e-05	-136.406
92800	1e-05	-136.387
92900	1e-05	-156.79
93000	1e-05	-132.26
93100	1e-05	-132.993
93200	1e-05	-127.096
93300	1e-05	-163.988
93400	1e-05	-131.146
93500	1e-05	-136.014
93600	1e-05	-125.578
93700	1e-05	-155.293
93800	1e-05	-129.56
93900	1e-05	-136.044
94000	1e-05	-148.666
94100	1e-05	-118.395
94200	1e-05	-156.204
94300	1e-05	-139.033
94400	1e-05	-133.42
94500	1e-05	-128.915
94600	1e-05	-163.911
94700	1e-05	-126.816
94800	1e-05	-132.158
94900	1e-05	-136.268
95000	1e-05	-141.886
95100	1e-05	-138.519
95200	1e-05	-128.636
95300	1e-05	-104.683
95400	1e-05	-149.604
95500	1e-05	-141.186
95600	1e-05	-158.284
95700	1e-05	-139.164
95800	1e-05	-176.322
95900	1e-05	-151.294
96000	1e-05	-133.961
96100	1e-05	-131.511
96200	1e-05	-159.531
96300	1e-05	-134.077
96400	1e-05	-97.5811
96500	1e-05	-131.852
96600	1e-05	-127.915
96700	1e-05	-142.636
96800	1e-05	-127.966
96900	1e-05	-144.725
97000	1e-05	-160.171
97100	1e-05	-134.272
97200	1e-05	-141.256
97300	1e-05	-126.394
97400	1e-05	-150.952
97500	1e-05	-134.413
97600	1e-05	-163.381
97700	1e-05	-185.995
97800	1e-05	-152.357
97900	1e-05	-164.469
98000	1e-05	-151.824
98100	1e-05	-130.398
98200	1e-05	-152.407
98300	1e-05	-132.084
98400	1e-05	-153.084
98500	1e-05	-126.533
98600	1e-05	-165.609
98700	1e-05	-138.229
98800	1e-05	-121.337
98900	1e-05	-132.069
99000	1e-05	-153.122
99100	1e-05	-155.481
99200	1e-05	-150.209
99300	1e-05	-126.268
99400	1e-05	-142.284
99500	1e-05	-147.882
99600	1e-05	-153.154
99700	1e-05	-128.365
99800	1e-05	-138.741
99900	1e-05	-125.342
100000	1e-05	-160.682
25100	1.16658e-302	-159.813
25200	1.16658e-302	-170.325
25300	1.16658e-302	-143.324
25400	1.16658e-302	-145.539
25500	1.16658e-302	-145.515
25600	1.16658e-302	-179.636
25700	1.16658e-302	-143.119
25800	1.16658e-302	-126.193
25900	1.16658e-302	-180.071
26000	1.16658e-302	-130.646
26100	1.16658e-302	-142.024
26200	1.16658e-302	-128.409
26300	1.16658e-302	-161.529
26400	1.16658e-302	-126.984
26500	1.16658e-302	-111.941
26600	1.16658e-302	-138.043
26700	1.16658e-302	-153.681
26800	1.16658e-302	-130.537
26900	1.16658e-302	-155.574
27000	1.16658e-302	-139.246
27100	1.16658e-302	-145.157
27200	1.16658e-302	-124.606
27300	1.16658e-302	-154.032
27400	1.16658e-302	-179.423
27500	1.16658e-302	-145.436
27600	1.16658e-302	-124.028
27700	1.16658e-302	-122.189
27800	1.16658e-302	-155.972
27900	1.16658e-302	-132.607
28000	1.16658e-302	-132.406
28100	1.16658e-302	-115.336
28200	1.16658e-302	-143.553
28300	1.16658e-302	-138.683
28400	1.16658e-302	-167.349
28500	1.16658e-302	-136.231
28600	1.16658e-302	-130.049
28700	1.16658e-302	-179.05
28800	1.16658e-302	-125.609
28900	1.16658e-302	-172.39
29000	1.16658e-302	-146.895
29100	1.16658e-302	-136.223
29200	1.16658e-302	-134.751
29300	1.16658e-302	-150.441
29400	1.16658e-302	-160.315
29500	1.16658e-302	-153.03
29600	1.16658e-302	-142.695
29700	1.16658e-302	-153.789
29800	1.16658e-302	-149.019
29900	1.16658e-302	-150.249
30000	1.16658e-302	-127.017
30100	1.16658e-302	-129.409
30200	1.16658e-302	-149.455
30300	1.16658e-302	-134.004
30400	1.16658e-302	-136.269
30500	1.16658e-302	-148.075
30600	1.16658e-302	-139.103
30700	1.16658e-302	-142.301
30800	1.16658e-302	-133.005
30900	1.16658e-302	-123.936
31000	1.16658e-302	-135.006
31100	1.16658e-302	-133.454
31200	1.16658e-302	-135.622
31300	1.16658e-302	-133.855
31400	1.16658e-302	-151.04
31500	1.16658e-302	-146.611
31600	1.16658e-302	-170.609
31700	1.16658e-302	-143.909
31800	1.16658e-302	-140.971
31900	1.16658e-302	-120.092
32000	1.16658e-302	-139.241
32100	1.16658e-302	-140.158
32200	1.16658e-302	-154.832
32300	1.16658e-302	-136.869
32400	1.16658e-302	-150.809
32500	1.16658e-302	-156.079
32600	1.16658e-302	-122.175
32700	1.16658e-302	-127.375
32800	1.16658e-302	-125.662
32900	1.16658e-302	-129.578
33000	1.16658e-302	-142.821
33100	1.16658e-302	-152.034
33200	1.16658e-302	-137.397
33300	1.16658e-302	-146.953
33400	1.16658e-302	-124.218
33500	1.16658e-302	-135.777
33600	1.16658e-302	-149.767
33700	1.16658e-302	-149.112
33800	1.16658e-302	-157.578
33900	1.16658e-302	-130.046
34000	1.16658e-302	-144.173
34100	1.16658e-302	-165.576
34200	1.16658e-302	-158.964
34300	1.16658e-302	-167.862
34400	1.16658e-302	-146.623
34500	1.16658e-302	-148.268
34600	1.16658e-302	-102.086
34700	1.16658e-302	-131.933
34800	1.16658e-302	-145.276
34900	1.16658e-302	-126.036
35000	1.16658e-302	-143.975
35100	1.16658e-302	-174.238
35200	1.16658e-302	-141.838
35300	1.16658e-302	-125.881
35400	1.16658e-302	-132.83
35500	1.16658e-302	-149.561
35600	1.16658e-302	-138.593
35700	1.16658e-302	-117.13
35800	1.16658e-302	-148.892
35900	1.16658e-302	-131.912
36000	1.16658e-302	-136.451
36100	1.16658e-302	-141.215
36200	1.16658e-302	-122.133
36300	1.16658e-302	-198.482
36400	1.16658e-302	-139.638
36500	1.16658e-302	-134.715
36600	1.16658e-302	-145.865
36700	1.16658e-302	-190.753
36800	1.16658e-302	-158.78
36900	1.16658e-302	-148.129
37000	1.16658e-302	-145.532
37100	1.16658e-302	-142.654
37200	1.16658e-302	-138.71
37300	1.16658e-302	-148.879
37400	1.16658e-302	-122.369
37500	1.16658e-302	-134.275
37600	1.16658e-302	-148.467
37700	1.16658e-302	-126.258
37800	1.16658e-302	-145.372
37900	1.16658e-302	-157.92
38000	1.16658e-302	-136.516
38100	1.16658e-302	-113.276
38200	1.16658e-302	-163.329
38300	1.16658e-302	-160.437
38400	1.16658e-302	-121.705
38500	1.16658e-302	-144.553
38600	1.16658e-302	-141.569
38700	1.16658e-302	-136.384
38800	1.16658e-302	-121.749
38900	1.16658e-302	-144.956
39000	1.16658e-302	-128.503
39100	1.16658e-302	-131.698
39200	1.16658e-302	-131.734
39300	1.16658e-302	-155.509
39400	1.16658e-302	-138.083
39500	1.16658e-302	-127.375
39600	1.16658e-302	-161.132
39700	1.16658e-302	-164.762
39800	1.16658e-302	-152.391
39900	1.16658e-302	-166.758
40000	1.16658e-302	-135.516
40100	1.16658e-302	-147.791
40200	1.16658e-302	-142.308
40300	1.16658e-302	-126.883
40400	1.16658e-302	-133.95
40500	1.16658e-302	-136.499
40600	1.16658e-302	-135.162
40700	1.16658e-302	-147.075
40800	1.16658e-302	-146.508
40900	1.16658e-302	-162.136
41000	1.16658e-302	-135.457
41100	1.16658e-302	-153.537
41200	1.16658e-302	-135.998
41300	1.16658e-302	-140.1
41400	1.16658e-302	-131.151
41500	1.16658e-302	-133.744
41600	1.16658e-302	-145.464
41700	1.16658e-302	-144.866
41800	1.16658e-302	-146.284
41900	1.16658e-302	-131.038
42000	1.16658e-302	-155.009
42100	1.16658e-302	-168.375
42200	1.16658e-302	-123.662
42300	1.16658e-302	-121.183
42400	1.16658e-302	-135.024
42500	1.16658e-302	-134.492
42600	1.16658e-302	-120.046
42700	1.16658e-302	-126.486
42800	1.16658e-302	-139.901
42900	1.16658e-302	-124.941
43000	1.16658e-302	-133.448
43100	1.16658e-302	-117.638
43200	1.16658e-302	-128.563
43300	1.16658e-302	-144.633
43400	1.16658e-302	-128.416
43500	1.16658e-302	-152.721
43600	1.16658e-302	-168.927
43700	1.16658e-302	-130.623
43800	1.16658e-302	-135.202
43900	1.16658e-302	-133.238
44000	1.16658e-302	-151.488
44100	1.16658e-302	-155.771
44200	1.16658e-302	-156.821
44300	1.16658e-302	-168.34
44400	1.16658e-302	-135.638
44500	1.16658e-302	-133.83
44600	1.16658e-302	-141.816
44700	1.16658e-302	-129.852
44800	1.16658e-302	-147.316
44900	1.16658e-302	-145.961
45000	1.16658e-302	-158.288
45100	1.16658e-302	-137.739
45200	1.16658e-302	-184.88
45300	1.16658e-302	-140.109
45400	1.16658e-302	-149.536
45500	1.16658e-302	-153.444
45600	1.16658e-302	-140.061
45700	1.16658e-302	-117.452
45800	1.16658e-302	-155.644
45900	1.16658e-302	-172.919
46000	1.16658e-302	-131.499
46100	1.16658e-302	-155.453
46200	1.16658e-302	-160.387
46300	1.16658e-302	-131.209
46400	1.16658e-302	-177.963
46500	1.16658e-302	-124.453
46600	1.16658e-302	-167.322
46700	1.16658e-302	-145.997
46800	1.16658e-302	-153.003
46900	1.16658e-302	-135.962
47000	1.16658e-302	-145.787
47100	1.16658e-302	-104.462
47200	1.16658e-302	-141.724
47300	1.16658e-302	-143.103
47400	1.16658e-302	-127.09
47500	1.16658e-302	-158.182
47600	1.16658e-302	-165.801
47700	1.16658e-302	-177.456
47800	1.16658e-302	-118.852
47900	1.16658e-302	-129.46
48000	1.16658e-302	-120.688
48100	1.16658e-302	-160.264
48200	1.16658e-302	-127.57
48300	1.16658e-302	-156.062
48400	1.16658e-302	-152.815
48500	1.16658e-302	-143.498
48600	1.16658e-302	-128.393
48700	1.16658e-302	-155.104
48800	1.16658e-302	-127.734
48900	1.16658e-302	-143.922
49000	1.16658e-302	-161.698
49100	1.16658e-302	-121.816
49200	1.16658e-302	-145.285
49300	1.16658e-302	-184.744
49400	1.16658e-302	-165.585
49500	1.16658e-302	-135.49
49600	1.16658e-302	-136.558
49700	1.16658e-302	-135.268
49800	1.16658e-302	-137.441
49900	1.16658e-302	-122.953
50000	1.16658e-302	-129.053
50100	1.16658e-302	-160.846
50200	1.16658e-302	-138.01
50300	1.16658e-302	-149.371
50400	1.16658e-302	-144.133
50500	1.16658e-302	-129.343
50600	1.16658e-302	-160.731
50700	1.16658e-302	-152.515
50800	1.16658e-302	-122.067
50900	1.16658e-302	-143.084
51000	1.16658e-302	-123.633
51100	1.16658e-302	-137.609
51200	1.16658e-302	-152.407
51300	1.16658e-302	-148.415
51400	1.16658e-302	-153.077
51500	1.16658e-302	-119.075
51600	1.16658e-302	-150.995
51700	1.16658e-302	-124.241
51800	1.16658e-302	-176.321
51900	1.16658e-302	-157.381
52000	1.16658e-302	-144.049
52100	1.16658e-302	-148.296
52200	1.16658e-302	-140.627
52300	1.16658e-302	-135.138
52400	1.16658e-302	-159.078
52500	1.16658e-302	-146.218
52600	1.16658e-302	-124.589
52700	1.16658e-302	-124.322
52800	1.16658e-302	-147.23
52900	1.16658e-302	-152.113
53000	1.16658e-302	-138.325
53100	1.16658e-302	-128.276
53200	1.16658e-302	-157.627
53300	1.16658e-302	-128.763
53400	1.16658e-302	-140.604
53500	1.16658e-302	-129.214
53600	1.16658e-302	-128.491
53700	1.16658e-302	-137.508
53800	1.16658e-302	-157.709
53900	1.16658e-302	-159.364
54000	1.16658e-302	-133.122
54100	1.16658e-302	-137.554
54200	1.16658e-302	-127.326
54300	1.16658e-302	-179.454
54400	1.16658e-302	-126.201
54500	1.16658e-302	-135.516
54600	1.16658e-302	-129.484
54700	1.16658e-302	-109.206
54800	1.16658e-302	-122.22
54900	1.16658e-302	-119.608
55000	1.16658e-302	-155.039
55100	1.16658e-302	-137.704
55200	1.16658e-302	-156.081
55300	1.16658e-302	-158.118
55400	1.16658e-302	-165.844
55500	1.16658e-302	-142.806
55600	1.16658e-302	-132.029
55700	1.16658e-302	-172.399
55800	1.16658e-302	-125.286
55900	1.16658e-302	-158.966
56000	1.16658e-302	-137.73
56100	1.16658e-302	-167.521
56200	1.16658e-302	-139.051
56300	1.16658e-302	-129.684
56400	1.16658e-302	-130.866
56500	1.16658e-302	-126.022
56600	1.16658e-302	-147.947
56700	1.16658e-302	-129.197
56800	1.16658e-302	-121.274
56900	1.16658e-302	-137.068
57000	1.16658e-302	-133.371
57100	1.16658e-302	-153.414
57200	1.16658e-302	-141.648
57300	1.16658e-302	-144.552
57400	1.16658e-302	-119.819
57500	1.16658e-302	-130.301
57600	1.16658e-302	-162.841
57700	1.16658e-302	-161.97
57800	1.16658e-302	-123.071
57900	1.16658e-302	-149.458
58000	1.16658e-302	-146.967
58100	1.16658e-302	-135.367
58200	1.16658e-302	-151.551
58300	1.16658e-302	-159.131
58400	1.16658e-302	-147.929
58500	1.16658e-302	-155.917
58600	1.16658e-302	-161.321
58700	1.16658e-302	-144.888
58800	1.16658e-302	-148.603
58900	1.16658e-302	-138.931
59000	1.16658e-302	-126.603
59100	1.16658e-302	-150.059
59200	1.16658e-302	-136.071
59300	1.16658e-302	-118.473
59400	1.16658e-302	-155.873
59500	1.16658e-302	-138.158
59600	1.16658e-302	-138.087
59700	1.16658e-302	-152.399
59800	1.16658e-302	-160.333
59900	1.16658e-302	-157.877
60000	1.16658e-302	-122.585
60100	1.16658e-302	-155.774
60200	1.16658e-302	-136.265
60300	1.16658e-302	-162.301
60400	1.16658e-302	-143.09
60500	1.16658e-302	-122.39
60600	1.16658e-302	-117.183
60700	1.16658e-302	-164.871
60800	1.16658e-302	-139.856
60900	1.16658e-302	-124.484
61000	1.16658e-302	-171.463
61100	1.16658e-302	-130.21
61200	1.16658e-302	-138.677
61300	1.16658e-302	-156.847
61400	1.16658e-302	-184.975
61500	1.16658e-302	-128.657
61600	1.16658e-302	-138.759
61700	1.16658e-302	-132.559
61800	1.16658e-302	-145.948
61900	1.16658e-302	-132.238
62000	1.16658e-302	-117.536
62100	1.16658e-302	-146.008
62200	1.16658e-302	-132.011
62300	1.16658e-302	-141.469
62400	1.16658e-302	-136.519
62500	1.16658e-302	-134.956
62600	1.16658e-302	-144.069
62700	1.16658e-302	-116.856
62800	1.16658e-302	-138.249
62900	1.16658e-302	-148.413
63000	1.16658e-302	-149.63
63100	1.16658e-302	-140.774
63200	1.16658e-302	-131.262
63300	1.16658e-302	-139.037
63400	1.16658e-302	-184.291
63500	1.16658e-302	-163.851
63600	1.16658e-302	-128.329
63700	1.16658e-302	-144.651
63800	1.16658e-302	-136.87
63900	1.16658e-302	-140.143
64000	1.16658e-302	-127.206
64100	1.16658e-302	-125.208
64200	1.16658e-302	-145.287
64300	1.16658e-302	-121.404
64400	1.16658e-302	-153.258
64500	1.16658e-302	-132.459
64600	1.16658e-302	-123.529
64700	1.16658e-302	-129.309
64800	1.16658e-302	-160.757
64900	1.16658e-302	-159.532
65000	1.16658e-302	-126.038
65100	1.16658e-302	-157.766
65200	1.16658e-302	-157.907
65300	1.16658e-302	-131.012
65400	1.16658e-302	-126.403
65500	1.16658e-302	-124.542
65600	1.16658e-302	-132.815
65700	1.16658e-302	-127.141
65800	1.16658e-302	-128.986
65900	1.16658e-302	-128.352
66000	1.16658e-302	-146.038
66100	1.16658e-302	-169.091
66200	1.16658e-302	-136.152
66300	1.16658e-302	-164.918
66400	1.16658e-302	-145.31
66500	1.16658e-302	-143.139
66600	1.16658e-302	-139.61
66700	1.16658e-302	-154.703
66800	1.16658e-302	-171.517
66900	1.16658e-302	-124.016
67000	1.16658e-302	-116.285
67100	1.16658e-302	-135.073
67200	1.16658e-302	-127.957
67300	1.16658e-302	-137.721
67400	1.16658e-302	-158.749
67500	1.16658e-302	-109.662
67600	1.16658e-302	-149.882
67700	1.16658e-302	-145.22
67800	1.16658e-302	-145.623
67900	1.16658e-302	-141.643
68000	1.16658e-302	-140.581
68100	1.16658e-302	-168.687
68200	1.16658e-302	-124.718
68300	1.16658e-302	-160.335
68400	1.16658e-302	-151.768
68500	1.16658e-302	-153.4
68600	1.16658e-302	-163.685
68700	1.16658e-302	-127.8
68800	1.16658e-302	-146.037
68900	1.16658e-302	-151.256
69000	1.16658e-302	-147.243
69100	1.16658e-302	-150.544
69200	1.16658e-302	-166.831
69300	1.16658e-302	-129.246
69400	1.16658e-302	-160.911
69500	1.16658e-302	-144.536
69600	1.16658e-302	-144.116
69700	1.16658e-302	-132.114
69800	1.16658e-302	-118.333
69900	1.16658e-302	-129.282
70000	1.16658e-302	-152.71
70100	1.16658e-302	-149.118
70200	1.16658e-302	-145.165
70300	1.16658e-302	-137.41
70400	1.16658e-302	-146.289
70500	1.16658e-302	-137.534
70600	1.16658e-302	-137.832
70700	1.16658e-302	-146.003
70800	1.16658e-302	-124.1
70900	1.16658e-302	-141.727
71000	1.16658e-302	-150.279
71100	1.16658e-302	-149.71
71200	1.16658e-302	-138.559
71300	1.16658e-302	-153.671
71400	1.16658e-302	-123.86
71500	1.16658e-302	-142.073
71600	1.16658e-302	-151.438
71700	1.16658e-302	-124.557
71800	1.16658e-302	-153.721
71900	1.16658e-302	-129.917
72000	1.16658e-302	-136.833
72100	1.16658e-302	-108.157
72200	1.16658e-302	-141.156
72300	1.16658e-302	-132.835
72400	1.16658e-302	-146.827
72500	1.16658e-302	-127.633
72600	1.16658e-302	-135.699
72700	1.16658e-302	-122.914
72800	1.16658e-302	-126.182
72900	1.16658e-302	-151.955
73000	1.16658e-302	-123.209
73100	1.16658e-302	-129.413
73200	1.16658e-302	-138.345
73300	1.16658e-302	-152.717
73400	1.16658e-302	-132.408
73500	1.16658e-302	-132.978
73600	1.16658e-302	-136.327
73700	1.16658e-302	-133.296
73800	1.16658e-302	-139.488
73900	1.16658e-302	-154.62
74000	1.16658e-302	-135.447
74100	1.16658e-302	-130.955
74200	1.16658e-302	-140.425
74300	1.16658e-302	-128.878
74400	1.16658e-302	-135.749
74500	1.16658e-302	-132.944
74600	1.16658e-302	-139.168
74700	1.16658e-302	-134.34
74800	1.16658e-302	-138.55
74900	1.16658e-302	-127.169
75000	1.16658e-302	-134.609
75100	1.16658e-302	-152.26
75200	1.16658e-302	-154.447
75300	1.16658e-302	-142.562
75400	1.16658e-302	-144.808
75500	1.16658e-302	-145.422
75600	1.16658e-302	-143.142
75700	1.16658e-302	-142.559
75800	1.16658e-302	-148.435
75900	1.16658e-302	-158.129
76000	1.16658e-302	-142.824
76100	1.16658e-302	-163.698
76200	1.16658e-302	-123.475
76300	1.16658e-302	-149.826
76400	1.16658e-302	-161.023
76500	1.16658e-302	-151.229
76600	1.16658e-302	-131.461
76700	1.16658e-302	-126.369
76800	1.16658e-302	-169.267
76900	1.16658e-302	-131.997
77000	1.16658e-302	-125.04
77100	1.16658e-302	-125.89
77200	1.16658e-302	-116.025
77300	1.16658e-302	-154.373
77400	1.16658e-302	-141.639
77500	1.16658e-302	-137.615
77600	1.16658e-302	-129.882
77700	1.16658e-302	-131.893
77800	1.16658e-302	-123.808
77900	1.16658e-302	-129.308
78000	1.16658e-302	-130.309
78100	1.16658e-302	-147.05
78200	1.16658e-302	-163.609
78300	1.16658e-302	-157.073
78400	1.16658e-302	-136.671
78500	1.16658e-302	-168.311
78600	1.16658e-302	-130.999
78700	1.16658e-302	-171.179
78800	1.16658e-302	-126.638
78900	1.16658e-302	-137.729
79000	1.16658e-302	-127.181
79100	1.16658e-302	-172.872
79200	1.16658e-302	-148.188
79300	1.16658e-302	-154.863
79400	1.16658e-302	-129.257
79500	1.16658e-302	-123.534
79600	1.16658e-302	-156.643
79700	1.16658e-302	-167.871
79800	1.16658e-302	-166.108
79900	1.16658e-302	-139.077
80000	1.16658e-302	-162.275
80100	1.16658e-302	-123.506
80200	1.16658e-302	-153.842
80300	1.16658e-302	-158.906
80400	1.16658e-302	-133.449
80500	1.16658e-302	-154.2
80600	1.16658e-302	-138.888
80700	1.16658e-302	-142.779
80800	1.16658e-302	-116.007
80900	1.16658e-302	-171.485
81000	1.16658e-302	-136.875
81100	1.16658e-302	-144.435
81200	1.16658e-302	-144.4
81300	1.16658e-302	-168.937
81400	1.16658e-302	-130.86
81500	1.16658e-302	-133.562
81600	1.16658e-302	-142.968
81700	1.16658e-302	-131.565
81800	1.16658e-302	-140.569
81900	1.16658e-302	-162.599
82000	1.16658e-302	-147.859
82100	1.16658e-302	-147.81
82200	1.16658e-302	-125.691
82300	1.16658e-302	-151.269
82400	1.16658e-302	-144.667
82500	1.16658e-302	-132.374
82600	1.16658e-302	-149.401
82700	1.16658e-302	-151.398
82800	1.16658e-302	-138.692
82900	1.16658e-302	-123.621
83000	1.16658e-302	-118.494
83100	1.16658e-302	-137.585
83200	1.16658e-302	-135.121
83300	1.16658e-302	-93.3905
83400	1.16658e-302	-195.567
83500	1.16658e-302	-126.564
83600	1.16658e-302	-159.133
83700	1.16658e-302	-148.758
83800	1.16658e-302	-142.469
83900	1.16658e-302	-147.586
84000	1.16658e-302	-123.953
84100	1.16658e-302	-150.122
84200	1.16658e-302	-172.571
84300	1.16658e-302	-136.694
84400	1.16658e-302	-162.816
84500	1.16658e-302	-145.641
84600	1.16658e-302	-170.444
84700	1.16658e-302	-131.478
84800	1.16658e-302	-122.388
84900	1.16658e-302	-163.457
85000	1.16658e-302	-140.899
85100	1.16658e-302	-153.746
85200	1.16658e-302	-131.328
85300	1.16658e-302	-129.851
85400	1.16658e-302	-118.362
85500	1.16658e-302	-148.169
85600	1.16658e-302	-134.462
85700	1.16658e-302	-135.055
85800	1.16658e-302	-126.779
85900	1.16658e-302	-128.241
86000	1.16658e-302	-134.616
86100	1.16658e-302	-152.56
86200	1.16658e-302	-137.367
86300	1.16658e-302	-145.344
86400	1.16658e-302	-157.743
86500	1.16658e-302	-177.503
86600	1.16658e-302	-144.913
86700	1.16658e-302	-135.981
86800	1.16658e-302	-161.806
86900	1.16658e-302	-102.23
87000	1.16658e-302	-133.249
87100	1.16658e-302	-123.702
87200	1.16658e-302	-149.751
87300	1.16658e-302	-139.685
87400	1.16658e-302	-146.302
87500	1.16658e-302	-137.074
87600	1.16658e-302	-134.831
87700	1.16658e-302	-132.064
87800	1.16658e-302	-145.142
87900	1.16658e-302	-137.151
88000	1.16658e-302	-134.641
88100	1.16658e-302	-160.795
88200	1.16658e-302	-157.557
88300	1.16658e-302	-163.68
88400	1.16658e-302	-138.107
88500	1.16658e-302	-141.465
88600	1.16658e-302	-148.51
88700	1.16658e-302	-128.849
88800	1.16658e-302	-136.004
88900	1.16658e-302	-156.888
89000	1.16658e-302	-129.291
89100	1.16658e-302	-133.316
89200	1.16658e-302	-140.213
89300	1.16658e-302	-143.231
89400	1.16658e-302	-160.936
89500	1.16658e-302	-124.131
89600	1.16658e-302	-117.253
89700	1.16658e-302	-135.719
89800	1.16658e-302	-151.31
89900	1.16658e-302	-130.92
90000	1.16658e-302	-133.939
90100	1.16658e-302	-133.056
90200	1.16658e-302	-168.398
90300	1.16658e-302	-126.097
90400	1.16658e-302	-149.456
90500	1.16658e-302	-165.49
90600	1.16658e-302	-132.209
90700	1.16658e-302	-138.004
90800	1.16658e-302	-188.138
90900	1.16658e-302	-141.031
91000	1.16658e-302	-161.047
91100	1.16658e-302	-155.239
91200	1.16658e-302	-128.907
91300	1.16658e-302	-145.323
91400	1.16658e-302	-143.251
91500	1.16658e-302	-132.554
91600	1.16658e-302	-141.795
91700	1.16658e-302	-154.915
91800	1.16658e-302	-132.324
91900	1.16658e-302	-153.057
92000	1.16658e-302	-166.292
92100	1.16658e-302	-144.506
92200	1.16658e-302	-137.292
92300	1.16658e-302	-187.095
92400	1.16658e-302	-144.743
92500	1.16658e-302	-142.889
92600	1.16658e-302	-150.351
92700	1.16658e-302	-153.021
92800	1.16658e-302	-176.181
92900	1.16658e-302	-142.633
93000	1.16658e-302	-129.234
93100	1.16658e-302	-165.833
93200	1.16658e-302	-176.901
93300	1.16658e-302	-133.354
93400	1.16658e-302	-159.413
93500	1.16658e-302	-138.678
93600	1.16658e-302	-130.201
93700	1.16658e-302	-181.968
93800	1.16658e-302	-145.108
93900	1.16658e-302	-153.238
94000	1.16658e-302	-161.798
94100	1.16658e-302	-130.099
94200	1.16658e-302	-138.412
94300	1.16658e-302	-153.027
94400	1.16658e-302	-126.639
94500	1.16658e-302	-124.112
94600	1.16658e-302	-149.77
94700	1.16658e-302	-156.349
94800	1.16658e-302	-155.514
94900	1.16658e-302	-150.258
95000	1.16658e-302	-150.805
95100	1.16658e-302	-127.122
95200	1.16658e-302	-137.866
95300	1.16658e-302	-145.716
95400	1.16658e-302	-156.958
95500	1.16658e-302	-133.412
95600	1.16658e-302	-136.82
95700	1.16658e-302	-175.69
95800	1.16658e-302	-164.605
95900	1.16658e-302	-147.587
96000	1.16658e-302	-157.118
96100	1.16658e-302	-130.055
96200	1.16658e-302	-137.548
96300	1.16658e-302	-151.262
96400	1.16658e-302	-156.491
96500	1.16658e-302	-142.363
96600	1.16658e-302	-174.366
96700	1.16658e-302	-133.436
96800	1.16658e-302	-127.524
96900	1.16658e-302	-121.404
97000	1.16658e-302	-160.464
97100	1.16658e-302	-130.181
97200	1.16658e-302	-146.161
97300	1.16658e-302	-137.726
97400	1.16658e-302	-162.42
97500	1.16658e-302	-159.729
97600	1.16658e-302	-126.628
97700	1.16658e-302	-159.077
97800	1.16658e-302	-139.756
97900	1.16658e-302	-144.305
98000	1.16658e-302	-153.053
98100	1.16658e-302	-159.718
98200	1.16658e-302	-150.936
98300	1.16658e-302	-150.519
98400	1.16658e-302	-139.744
98500	1.16658e-302	-154.895
98600	1.16658e-302	-148.059
98700	1.16658e-302	-163.122
98800	1.16658e-302	-139.71
98900	1.16658e-302	-124.093
99000	1.16658e-302	-158.613
99100	1.16658e-302	-164.844
99200	1.16658e-302	-141.438
99300	1.16658e-302	-159.963
99400	1.16658e-302	-137.332
99500	1.16658e-302	-140.256
99600	1.16658e-302	-135.896
99700	1.16658e-302	-130.4
99800	1.16658e-302	-137.058
99900	1.16658e-302	-127.643
100000	1.16658e-302	-122.428
